"sample_id","PCD_type","score","n_genes","projected_PCD_cluster"
"GSM1672281","Apoptosis",0.0235244162582936,154,"PCD_C2"
"GSM1672282","Apoptosis",-0.0851343213060559,154,"PCD_C1"
"GSM1672283","Apoptosis",-0.165482924362479,154,"PCD_C1"
"GSM1672284","Apoptosis",-0.144216749591695,154,"PCD_C1"
"GSM1672285","Apoptosis",0.0647839830232697,154,"PCD_C1"
"GSM1672286","Apoptosis",0.0406850776674755,154,"PCD_C2"
"GSM1672287","Apoptosis",-0.0136106243334792,154,"PCD_C1"
"GSM1672288","Apoptosis",-0.0991440247655862,154,"PCD_C1"
"GSM1672289","Apoptosis",0.0733267371873635,154,"PCD_C1"
"GSM1672290","Apoptosis",0.00641151959718819,154,"PCD_C1"
"GSM1672291","Apoptosis",-0.145518210047447,154,"PCD_C1"
"GSM1672292","Apoptosis",0.069898463765193,154,"PCD_C1"
"GSM1672293","Apoptosis",0.0254619511597099,154,"PCD_C2"
"GSM1672294","Apoptosis",0.202078246318178,154,"PCD_C2"
"GSM1672295","Apoptosis",0.0660962094680242,154,"PCD_C2"
"GSM1672296","Apoptosis",0.150947609444609,154,"PCD_C2"
"GSM1672297","Apoptosis",-0.00223359242780274,154,"PCD_C2"
"GSM1672298","Apoptosis",-0.105403114834006,154,"PCD_C1"
"GSM1672299","Apoptosis",0.403692468742377,154,"PCD_C1"
"GSM1672300","Apoptosis",-0.215957830386949,154,"PCD_C1"
"GSM1672301","Apoptosis",-0.242147143273201,154,"PCD_C1"
"GSM1672302","Apoptosis",0.0617397565739965,154,"PCD_C1"
"GSM1672303","Apoptosis",-0.0349296260406641,154,"PCD_C2"
"GSM1672304","Apoptosis",0.236092215183112,154,"PCD_C1"
"GSM1672305","Apoptosis",-0.1810660541071,154,"PCD_C2"
"GSM1672306","Apoptosis",-0.0243573137752565,154,"PCD_C1"
"GSM1672307","Apoptosis",-0.135892117615519,154,"PCD_C2"
"GSM1672308","Apoptosis",-0.119483855083703,154,"PCD_C2"
"GSM1672309","Apoptosis",-0.12345759217131,154,"PCD_C2"
"GSM1672310","Apoptosis",0.0986281466096919,154,"PCD_C1"
"GSM1672311","Apoptosis",0.0301087792541218,154,"PCD_C1"
"GSM1672312","Apoptosis",0.0256598989694279,154,"PCD_C1"
"GSM1672313","Apoptosis",0.170942568857056,154,"PCD_C2"
"GSM1672314","Apoptosis",-0.0662941240121551,154,"PCD_C1"
"GSM1672315","Apoptosis",0.0308127401551065,154,"PCD_C2"
"GSM1672316","Apoptosis",-0.112047288529146,154,"PCD_C1"
"GSM1672317","Apoptosis",0.16588612940958,154,"PCD_C1"
"GSM1672318","Apoptosis",0.0863897535833172,154,"PCD_C2"
"GSM1672319","Apoptosis",0.0700103393583306,154,"PCD_C1"
"GSM1672320","Apoptosis",-0.026788065028255,154,"PCD_C2"
"GSM1672321","Apoptosis",-0.0745124530755725,154,"PCD_C1"
"GSM1672322","Apoptosis",-0.15404595474213,154,"PCD_C1"
"GSM1672323","Apoptosis",-0.0695187720901924,154,"PCD_C1"
"GSM1672324","Apoptosis",0.205806381548288,154,"PCD_C2"
"GSM1672325","Apoptosis",-0.0224065971949043,154,"PCD_C1"
"GSM1672326","Apoptosis",-0.0280268990683624,154,"PCD_C1"
"GSM1672327","Apoptosis",0.00499924047082144,154,"PCD_C1"
"GSM1672328","Apoptosis",-0.254405552102793,154,"PCD_C1"
"GSM1672329","Apoptosis",-0.0892084875195015,154,"PCD_C1"
"GSM1672330","Apoptosis",-0.129549961678839,154,"PCD_C1"
"GSM1672331","Apoptosis",0.128924494426178,154,"PCD_C1"
"GSM1672332","Apoptosis",-0.0235216622210299,154,"PCD_C2"
"GSM1672333","Apoptosis",-0.325679948896398,154,"PCD_C1"
"GSM1672334","Apoptosis",-0.0353875899360117,154,"PCD_C1"
"GSM1672335","Apoptosis",-0.0666429414686345,154,"PCD_C1"
"GSM1672336","Apoptosis",0.128662956935203,154,"PCD_C2"
"GSM1672337","Apoptosis",-0.205655848843017,154,"PCD_C2"
"GSM1672338","Apoptosis",0.145775245992082,154,"PCD_C2"
"GSM1672339","Apoptosis",0.139182258884459,154,"PCD_C2"
"GSM1672340","Apoptosis",0.0346193929734068,154,"PCD_C2"
"GSM1672341","Apoptosis",0.32840053075647,154,"PCD_C1"
"GSM1672342","Apoptosis",0.185128839831155,154,"PCD_C1"
"GSM1672343","Apoptosis",-0.0776011074837609,154,"PCD_C2"
"GSM1672344","Apoptosis",-0.14117681195746,154,"PCD_C1"
"GSM1672345","Apoptosis",0.0114820513746771,154,"PCD_C2"
"GSM1672346","Apoptosis",0.0443289452734361,154,"PCD_C2"
"GSM1672347","Apoptosis",-0.212796993000005,154,"PCD_C1"
"GSM1672348","Apoptosis",-0.0472063033784412,154,"PCD_C1"
"GSM1672349","Apoptosis",0.0303977198498199,154,"PCD_C2"
"GSM1672350","Apoptosis",0.141082133127622,154,"PCD_C2"
"GSM1672351","Apoptosis",0.020282661147576,154,"PCD_C1"
"GSM1672352","Apoptosis",-0.115092085433342,154,"PCD_C2"
"GSM1672353","Apoptosis",0.193292886203225,154,"PCD_C2"
"GSM1672354","Apoptosis",-0.237561705310488,154,"PCD_C1"
"GSM1672355","Apoptosis",0.0652469472718649,154,"PCD_C2"
"GSM1672356","Apoptosis",0.0602827980403862,154,"PCD_C2"
"GSM1672357","Apoptosis",-0.136854843379292,154,"PCD_C1"
"GSM1672358","Apoptosis",-0.0457219155180364,154,"PCD_C1"
"GSM1672359","Apoptosis",-0.204259834318187,154,"PCD_C1"
"GSM1672360","Apoptosis",-0.270782413711993,154,"PCD_C1"
"GSM1672361","Apoptosis",-0.130339344056418,154,"PCD_C2"
"GSM1672362","Apoptosis",0.0517517909958436,154,"PCD_C2"
"GSM1672363","Apoptosis",-0.135618241269284,154,"PCD_C2"
"GSM1672364","Apoptosis",0.0437043334133705,154,"PCD_C1"
"GSM1672365","Apoptosis",-0.174604301769057,154,"PCD_C2"
"GSM1672366","Apoptosis",-0.318554251904041,154,"PCD_C2"
"GSM1672367","Apoptosis",-0.135713688676218,154,"PCD_C1"
"GSM1672368","Apoptosis",0.00103935606888568,154,"PCD_C2"
"GSM1672369","Apoptosis",-0.0780538139378807,154,"PCD_C2"
"GSM1672370","Apoptosis",0.0978184145199971,154,"PCD_C2"
"GSM1672371","Apoptosis",-0.119509472230584,154,"PCD_C1"
"GSM1672372","Apoptosis",-0.221125222947304,154,"PCD_C1"
"GSM1672373","Apoptosis",-0.232394229023722,154,"PCD_C1"
"GSM1672374","Apoptosis",-0.0143790032901008,154,"PCD_C2"
"GSM1672375","Apoptosis",-0.0372719263050254,154,"PCD_C2"
"GSM1672376","Apoptosis",-0.028921173848845,154,"PCD_C2"
"GSM1672377","Apoptosis",-0.0371853239004521,154,"PCD_C2"
"GSM1672378","Apoptosis",-0.131464611188441,154,"PCD_C1"
"GSM1672379","Apoptosis",-0.166836154739108,154,"PCD_C1"
"GSM1672380","Apoptosis",0.0629711295162346,154,"PCD_C2"
"GSM1672381","Apoptosis",-0.109051254635768,154,"PCD_C1"
"GSM1672382","Apoptosis",-0.191812424045643,154,"PCD_C1"
"GSM1672383","Apoptosis",0.0395191369708083,154,"PCD_C1"
"GSM1672384","Apoptosis",-0.34916562166145,154,"PCD_C1"
"GSM1672385","Apoptosis",0.171520986507059,154,"PCD_C2"
"GSM1672386","Apoptosis",-0.147764244595818,154,"PCD_C1"
"GSM1672387","Apoptosis",-0.0838672807119693,154,"PCD_C1"
"GSM1672388","Apoptosis",0.0597423639012151,154,"PCD_C1"
"GSM1672389","Apoptosis",0.266940212376264,154,"PCD_C1"
"GSM1672390","Apoptosis",0.0832606986441169,154,"PCD_C1"
"GSM1672391","Apoptosis",-0.243579615173525,154,"PCD_C1"
"GSM1672392","Apoptosis",0.0216042406863809,154,"PCD_C1"
"GSM1672393","Apoptosis",0.0523100488119351,154,"PCD_C2"
"GSM1672394","Apoptosis",-0.117073664476736,154,"PCD_C1"
"GSM1672395","Apoptosis",0.00752509545090116,154,"PCD_C2"
"GSM1672396","Apoptosis",-0.0705560761290139,154,"PCD_C1"
"GSM1672397","Apoptosis",0.00886945148318258,154,"PCD_C2"
"GSM1672398","Apoptosis",-0.229409665619881,154,"PCD_C1"
"GSM1672399","Apoptosis",0.133976214593815,154,"PCD_C1"
"GSM1672400","Apoptosis",-0.147448582395691,154,"PCD_C1"
"GSM1672401","Apoptosis",0.1832444794146,154,"PCD_C1"
"GSM1672402","Apoptosis",0.146685375335956,154,"PCD_C2"
"GSM1672403","Apoptosis",-0.0904877464848043,154,"PCD_C1"
"GSM1672404","Apoptosis",0.0454887642214295,154,"PCD_C1"
"GSM1672405","Apoptosis",-0.151752654552841,154,"PCD_C1"
"GSM1672406","Apoptosis",-0.159695403944243,154,"PCD_C1"
"GSM1672407","Apoptosis",0.160877340631056,154,"PCD_C1"
"GSM1672408","Apoptosis",0.272263381255135,154,"PCD_C2"
"GSM1672409","Apoptosis",-0.0352844493415668,154,"PCD_C1"
"GSM1672410","Apoptosis",-0.0407483646202449,154,"PCD_C2"
"GSM1672411","Apoptosis",0.259848301174242,154,"PCD_C2"
"GSM1672412","Apoptosis",0.00824194035134475,154,"PCD_C1"
"GSM1672413","Apoptosis",-0.0699898169987466,154,"PCD_C1"
"GSM1672414","Apoptosis",0.144553394332242,154,"PCD_C1"
"GSM1672415","Apoptosis",0.0343856220135931,154,"PCD_C1"
"GSM1672416","Apoptosis",0.114169328784405,154,"PCD_C1"
"GSM1672417","Apoptosis",0.174985899528522,154,"PCD_C1"
"GSM1672418","Apoptosis",0.10985720900953,154,"PCD_C2"
"GSM1672419","Apoptosis",-0.179934458686061,154,"PCD_C1"
"GSM1672420","Apoptosis",-0.00827082758821938,154,"PCD_C1"
"GSM1672421","Apoptosis",0.0139806004860514,154,"PCD_C2"
"GSM1672422","Apoptosis",0.387310116711898,154,"PCD_C2"
"GSM1672423","Apoptosis",-0.194408557792093,154,"PCD_C1"
"GSM1672424","Apoptosis",-0.0977606834040417,154,"PCD_C1"
"GSM1672425","Apoptosis",0.0469168255266447,154,"PCD_C1"
"GSM1672426","Apoptosis",0.0101412139209459,154,"PCD_C1"
"GSM1672427","Apoptosis",-0.175615986771501,154,"PCD_C1"
"GSM1672428","Apoptosis",-0.202327458513782,154,"PCD_C1"
"GSM1672429","Apoptosis",-0.188062386263246,154,"PCD_C1"
"GSM1672430","Apoptosis",-0.0760561520840717,154,"PCD_C1"
"GSM1672431","Apoptosis",0.0889768674803439,154,"PCD_C2"
"GSM1672432","Apoptosis",0.335563274164854,154,"PCD_C2"
"GSM1672433","Apoptosis",0.0254979821163452,154,"PCD_C2"
"GSM1672434","Apoptosis",0.269571867612097,154,"PCD_C2"
"GSM1672435","Apoptosis",0.238123178159422,154,"PCD_C2"
"GSM1672436","Apoptosis",0.102674741580075,154,"PCD_C2"
"GSM1672437","Apoptosis",-0.0471708632079039,154,"PCD_C2"
"GSM1672438","Apoptosis",0.14307869425643,154,"PCD_C1"
"GSM1672439","Apoptosis",0.17672971264546,154,"PCD_C2"
"GSM1672440","Apoptosis",0.00813282097390049,154,"PCD_C2"
"GSM1672441","Apoptosis",0.0478517604240187,154,"PCD_C2"
"GSM1672442","Apoptosis",-0.0155113837339508,154,"PCD_C1"
"GSM1672443","Apoptosis",-0.245972291430926,154,"PCD_C2"
"GSM1672444","Apoptosis",0.0296874983938981,154,"PCD_C2"
"GSM1672445","Apoptosis",0.00441212429122412,154,"PCD_C2"
"GSM1672446","Apoptosis",-0.237074004394579,154,"PCD_C2"
"GSM1672447","Apoptosis",-0.0841350233939699,154,"PCD_C1"
"GSM1672448","Apoptosis",-0.188999761134577,154,"PCD_C1"
"GSM1672449","Apoptosis",0.040878673784916,154,"PCD_C1"
"GSM1672450","Apoptosis",0.252067684980902,154,"PCD_C1"
"GSM1672451","Apoptosis",-0.0306966109632432,154,"PCD_C1"
"GSM1672452","Apoptosis",0.151723491366958,154,"PCD_C2"
"GSM1672453","Apoptosis",0.0836612628511084,154,"PCD_C1"
"GSM1672454","Apoptosis",0.138816942433021,154,"PCD_C2"
"GSM1672455","Apoptosis",-0.206148490333192,154,"PCD_C2"
"GSM1672456","Apoptosis",0.0424996100138929,154,"PCD_C1"
"GSM1672457","Apoptosis",0.152003164635913,154,"PCD_C2"
"GSM1672458","Apoptosis",-0.0230743727632282,154,"PCD_C1"
"GSM1672459","Apoptosis",-0.02786400922964,154,"PCD_C2"
"GSM1672460","Apoptosis",-0.138570311945089,154,"PCD_C1"
"GSM1672461","Apoptosis",0.0266098922293584,154,"PCD_C1"
"GSM1672462","Apoptosis",-0.136865718461886,154,"PCD_C1"
"GSM1672463","Apoptosis",0.272868915810784,154,"PCD_C1"
"GSM1672464","Apoptosis",-0.0565967490453482,154,"PCD_C1"
"GSM1672465","Apoptosis",-0.19917410556283,154,"PCD_C1"
"GSM1672466","Apoptosis",-0.234733783243585,154,"PCD_C1"
"GSM1672467","Apoptosis",0.0634986284606722,154,"PCD_C2"
"GSM1672468","Apoptosis",-0.0697351227127319,154,"PCD_C1"
"GSM1672469","Apoptosis",-0.105684334358828,154,"PCD_C1"
"GSM1672470","Apoptosis",-0.093139787983036,154,"PCD_C1"
"GSM1672471","Apoptosis",-0.0141305329137768,154,"PCD_C1"
"GSM1672472","Apoptosis",-0.109208044732809,154,"PCD_C2"
"GSM1672473","Apoptosis",0.125822153729858,154,"PCD_C2"
"GSM1672474","Apoptosis",-0.122073562039245,154,"PCD_C1"
"GSM1672475","Apoptosis",0.16101915311545,154,"PCD_C2"
"GSM1672476","Apoptosis",-0.146374240125848,154,"PCD_C1"
"GSM1672477","Apoptosis",0.310070109588982,154,"PCD_C2"
"GSM1672478","Apoptosis",0.133282273645843,154,"PCD_C2"
"GSM1672479","Apoptosis",0.333060378632128,154,"PCD_C1"
"GSM1672480","Apoptosis",-0.0478891416680541,154,"PCD_C1"
"GSM1672481","Apoptosis",-0.0975689340239982,154,"PCD_C1"
"GSM1672482","Apoptosis",0.0506980681124392,154,"PCD_C1"
"GSM1672483","Apoptosis",0.0122974114403453,154,"PCD_C1"
"GSM1672484","Apoptosis",-0.0182925411058165,154,"PCD_C1"
"GSM1672485","Apoptosis",-0.0510347935202566,154,"PCD_C1"
"GSM1672486","Apoptosis",0.0574859944246987,154,"PCD_C1"
"GSM1672487","Apoptosis",0.0903113739406132,154,"PCD_C1"
"GSM1672488","Apoptosis",-0.0454133346661081,154,"PCD_C1"
"GSM1672489","Apoptosis",0.0131458857517001,154,"PCD_C2"
"GSM1672490","Apoptosis",-0.157906854100556,154,"PCD_C1"
"GSM1672491","Apoptosis",0.0427427711947424,154,"PCD_C1"
"GSM1672492","Apoptosis",0.218273805360163,154,"PCD_C2"
"GSM1672493","Apoptosis",0.0891306327258855,154,"PCD_C1"
"GSM1672494","Apoptosis",-0.0365723809700706,154,"PCD_C2"
"GSM1672495","Apoptosis",-0.0385952141567692,154,"PCD_C1"
"GSM1672496","Apoptosis",-0.0326357441802708,154,"PCD_C1"
"GSM1672497","Apoptosis",-0.0417774610262308,154,"PCD_C1"
"GSM1672498","Apoptosis",-0.194897381482657,154,"PCD_C1"
"GSM1672499","Apoptosis",-0.184886784493054,154,"PCD_C1"
"GSM1672500","Apoptosis",0.0964269585274578,154,"PCD_C2"
"GSM1672501","Apoptosis",-0.304255660214272,154,"PCD_C1"
"GSM1672502","Apoptosis",-0.0192018683787901,154,"PCD_C2"
"GSM1672503","Apoptosis",0.0970313954136458,154,"PCD_C1"
"GSM1672504","Apoptosis",0.114033367491222,154,"PCD_C1"
"GSM1672505","Apoptosis",-0.103165275579401,154,"PCD_C1"
"GSM1672506","Apoptosis",0.0858631206682158,154,"PCD_C2"
"GSM1672507","Apoptosis",0.00514021988479984,154,"PCD_C1"
"GSM1672508","Apoptosis",-0.0585292148548608,154,"PCD_C1"
"GSM1672509","Apoptosis",0.0724511353281468,154,"PCD_C1"
"GSM1672510","Apoptosis",0.385000746058725,154,"PCD_C1"
"GSM1672511","Apoptosis",-0.0765444775210769,154,"PCD_C1"
"GSM1672512","Apoptosis",0.0847848805554365,154,"PCD_C1"
"GSM1672513","Apoptosis",0.0231730461199506,154,"PCD_C2"
"GSM1672514","Apoptosis",0.000955694364081908,154,"PCD_C1"
"GSM1672515","Apoptosis",-0.0820673399933912,154,"PCD_C1"
"GSM1672516","Apoptosis",-0.139207939732636,154,"PCD_C2"
"GSM1672517","Apoptosis",0.0374440847933866,154,"PCD_C1"
"GSM1672518","Apoptosis",-0.000466056224409022,154,"PCD_C1"
"GSM1672519","Apoptosis",-0.0883012723069152,154,"PCD_C1"
"GSM1672520","Apoptosis",-0.337174907049951,154,"PCD_C1"
"GSM1672521","Apoptosis",-0.0595016175541276,154,"PCD_C1"
"GSM1672522","Apoptosis",-0.0535064710831256,154,"PCD_C1"
"GSM1672523","Apoptosis",-0.0168466013281577,154,"PCD_C1"
"GSM1672524","Apoptosis",-0.148204003332076,154,"PCD_C2"
"GSM1672525","Apoptosis",0.0781793544929329,154,"PCD_C1"
"GSM1672526","Apoptosis",-0.28975576559382,154,"PCD_C1"
"GSM1672527","Apoptosis",-0.351674091869245,154,"PCD_C1"
"GSM1672528","Apoptosis",-0.0376668183832302,154,"PCD_C1"
"GSM1672529","Apoptosis",-0.225266026719988,154,"PCD_C1"
"GSM1672530","Apoptosis",0.0800446666257822,154,"PCD_C2"
"GSM1672531","Apoptosis",0.104739190822615,154,"PCD_C1"
"GSM1672532","Apoptosis",0.000772533513898241,154,"PCD_C1"
"GSM1672533","Apoptosis",0.0700078824816708,154,"PCD_C1"
"GSM1672534","Apoptosis",0.223074698008584,154,"PCD_C1"
"GSM1672535","Apoptosis",-0.197911238861287,154,"PCD_C1"
"GSM1672536","Apoptosis",-0.0745693325851619,154,"PCD_C1"
"GSM1672537","Apoptosis",0.057373941159402,154,"PCD_C2"
"GSM1672538","Apoptosis",-0.0519142457689495,154,"PCD_C2"
"GSM1672539","Apoptosis",0.0452661926487218,154,"PCD_C2"
"GSM1672540","Apoptosis",0.282679941885823,154,"PCD_C1"
"GSM1672541","Apoptosis",-0.113492086144793,154,"PCD_C2"
"GSM1672542","Apoptosis",-0.0560039278123257,154,"PCD_C1"
"GSM1672543","Apoptosis",0.213151820490073,154,"PCD_C1"
"GSM1672544","Apoptosis",0.10668944932672,154,"PCD_C2"
"GSM1672545","Apoptosis",-0.109186640680373,154,"PCD_C1"
"GSM1672546","Apoptosis",0.422707079087724,154,"PCD_C2"
"GSM1672547","Apoptosis",0.367122515389253,154,"PCD_C2"
"GSM1672548","Apoptosis",-0.121599864168995,154,"PCD_C1"
"GSM1672549","Apoptosis",0.317790614233171,154,"PCD_C1"
"GSM1672550","Apoptosis",0.292757006893777,154,"PCD_C2"
"GSM1672551","Apoptosis",0.247529451995277,154,"PCD_C1"
"GSM1672552","Apoptosis",-0.0840664041708186,154,"PCD_C1"
"GSM1672553","Apoptosis",-0.0951207463444329,154,"PCD_C1"
"GSM1672554","Apoptosis",0.246826996688909,154,"PCD_C1"
"GSM1672555","Apoptosis",0.13892864618534,154,"PCD_C2"
"GSM1672556","Apoptosis",0.237380642374826,154,"PCD_C2"
"GSM1672557","Apoptosis",0.171061926855976,154,"PCD_C2"
"GSM1672558","Apoptosis",0.151424179953838,154,"PCD_C1"
"GSM1672559","Apoptosis",0.0506443722824704,154,"PCD_C1"
"GSM1672560","Apoptosis",0.152292149349889,154,"PCD_C2"
"GSM1672561","Apoptosis",0.260004701550937,154,"PCD_C2"
"GSM1672562","Apoptosis",0.156117441020207,154,"PCD_C2"
"GSM1672563","Apoptosis",0.0378596130362203,154,"PCD_C2"
"GSM1672564","Apoptosis",0.179439213907807,154,"PCD_C2"
"GSM1672565","Apoptosis",0.166012752641568,154,"PCD_C2"
"GSM1672566","Apoptosis",0.0403326499521034,154,"PCD_C2"
"GSM1672567","Apoptosis",-0.0073662396692575,154,"PCD_C2"
"GSM1672568","Apoptosis",-0.251557611813787,154,"PCD_C2"
"GSM1672569","Apoptosis",0.203686758009178,154,"PCD_C2"
"GSM1672570","Apoptosis",-0.0249433152785105,154,"PCD_C1"
"GSM1672571","Apoptosis",-0.0718373924278555,154,"PCD_C1"
"GSM1672572","Apoptosis",0.00172298482658981,154,"PCD_C1"
"GSM1672573","Apoptosis",0.173188920095216,154,"PCD_C2"
"GSM1672574","Apoptosis",-0.0208233232244952,154,"PCD_C1"
"GSM1672575","Apoptosis",-0.0089144447048492,154,"PCD_C1"
"GSM1672576","Apoptosis",0.128851073198489,154,"PCD_C1"
"GSM1672577","Apoptosis",0.0813875266759837,154,"PCD_C1"
"GSM1672578","Apoptosis",0.0653173380026826,154,"PCD_C2"
"GSM1672579","Apoptosis",-0.0317021959231703,154,"PCD_C2"
"GSM1672580","Apoptosis",-0.214886351307305,154,"PCD_C1"
"GSM1672581","Apoptosis",-0.0330858728806319,154,"PCD_C1"
"GSM1672582","Apoptosis",-0.220103567256918,154,"PCD_C2"
"GSM1672583","Apoptosis",-0.470897447999081,154,"PCD_C1"
"GSM1672584","Apoptosis",-0.114512322640477,154,"PCD_C2"
"GSM1672585","Apoptosis",0.151236230596177,154,"PCD_C2"
"GSM1672586","Apoptosis",-0.2026500795833,154,"PCD_C2"
"GSM1672587","Apoptosis",-0.273984518606404,154,"PCD_C1"
"GSM1672588","Apoptosis",-0.157311602215515,154,"PCD_C1"
"GSM1672589","Apoptosis",0.0071805243391632,154,"PCD_C1"
"GSM1672590","Apoptosis",-0.0378008399878573,154,"PCD_C2"
"GSM1672591","Apoptosis",0.0314586234584101,154,"PCD_C1"
"GSM1672592","Apoptosis",0.162576286018831,154,"PCD_C1"
"GSM1672593","Apoptosis",0.0482417783457355,154,"PCD_C1"
"GSM1672594","Apoptosis",-0.0567050532206985,154,"PCD_C1"
"GSM1672595","Apoptosis",-0.200664125674341,154,"PCD_C1"
"GSM1672596","Apoptosis",0.0261064043759694,154,"PCD_C1"
"GSM1672597","Apoptosis",-0.182923257049842,154,"PCD_C1"
"GSM1672598","Apoptosis",-0.159436254914545,154,"PCD_C1"
"GSM1672599","Apoptosis",0.183296830142864,154,"PCD_C2"
"GSM1672600","Apoptosis",0.0379778771928176,154,"PCD_C1"
"GSM1672601","Apoptosis",-0.00697063382742334,154,"PCD_C1"
"GSM1672602","Apoptosis",0.0530926117842255,154,"PCD_C2"
"GSM1672603","Apoptosis",0.0141347588995703,154,"PCD_C2"
"GSM1672604","Apoptosis",-0.0576736756382955,154,"PCD_C1"
"GSM1672605","Apoptosis",0.0338598475596886,154,"PCD_C1"
"GSM1672606","Apoptosis",0.123897152925129,154,"PCD_C1"
"GSM1672607","Apoptosis",0.180847661550465,154,"PCD_C1"
"GSM1672608","Apoptosis",0.0272622953741916,154,"PCD_C1"
"GSM1672609","Apoptosis",-0.187778203770999,154,"PCD_C2"
"GSM1672610","Apoptosis",0.0581178318810395,154,"PCD_C2"
"GSM1672611","Apoptosis",0.126932974521616,154,"PCD_C1"
"GSM1672612","Apoptosis",-0.0642367787153956,154,"PCD_C1"
"GSM1672613","Apoptosis",0.224308855564886,154,"PCD_C2"
"GSM1672614","Apoptosis",0.0842662223354351,154,"PCD_C2"
"GSM1672615","Apoptosis",-0.0570428089331227,154,"PCD_C1"
"GSM1672616","Apoptosis",0.0601261952160963,154,"PCD_C1"
"GSM1672617","Apoptosis",0.0456981064281018,154,"PCD_C1"
"GSM1672618","Apoptosis",-0.0739082672701067,154,"PCD_C1"
"GSM1672619","Apoptosis",0.0107830334808375,154,"PCD_C1"
"GSM1672620","Apoptosis",-0.0168306270580425,154,"PCD_C2"
"GSM1672621","Apoptosis",0.0944599901551497,154,"PCD_C2"
"GSM1672622","Apoptosis",0.0087829758733837,154,"PCD_C2"
"GSM1672623","Apoptosis",0.0455030988288393,154,"PCD_C2"
"GSM1672624","Apoptosis",-0.138872236774524,154,"PCD_C1"
"GSM1672625","Apoptosis",0.219655808299899,154,"PCD_C1"
"GSM1672626","Apoptosis",-0.0186037819392998,154,"PCD_C2"
"GSM1672627","Apoptosis",0.209217857867226,154,"PCD_C2"
"GSM1672628","Apoptosis",0.0413674444876296,154,"PCD_C1"
"GSM1672629","Apoptosis",-0.0807129294437686,154,"PCD_C2"
"GSM1672630","Apoptosis",0.115352581883802,154,"PCD_C1"
"GSM1672631","Apoptosis",0.201780437942273,154,"PCD_C1"
"GSM1672632","Apoptosis",0.149616980941998,154,"PCD_C2"
"GSM1672633","Apoptosis",0.0645915372385357,154,"PCD_C2"
"GSM1672634","Apoptosis",0.192482072025204,154,"PCD_C2"
"GSM1672635","Apoptosis",0.0602098185882184,154,"PCD_C2"
"GSM1672636","Apoptosis",0.0640640606043227,154,"PCD_C2"
"GSM1672637","Apoptosis",0.0337033785862467,154,"PCD_C1"
"GSM1672638","Apoptosis",0.112104201336765,154,"PCD_C2"
"GSM1672639","Apoptosis",-0.0575989943402381,154,"PCD_C1"
"GSM1672640","Apoptosis",0.0741420479017914,154,"PCD_C2"
"GSM1672641","Apoptosis",-0.156275609703887,154,"PCD_C1"
"GSM1672642","Apoptosis",-0.0472073358611993,154,"PCD_C2"
"GSM1672643","Apoptosis",-0.155190988921472,154,"PCD_C1"
"GSM1672644","Apoptosis",0.0220647605548165,154,"PCD_C2"
"GSM1672645","Apoptosis",-0.048353119854561,154,"PCD_C1"
"GSM1672646","Apoptosis",0.159100846192032,154,"PCD_C2"
"GSM1672647","Apoptosis",-0.152139269908406,154,"PCD_C1"
"GSM1672648","Apoptosis",0.0514914506414244,154,"PCD_C2"
"GSM1672649","Apoptosis",0.261667511085099,154,"PCD_C2"
"GSM1672650","Apoptosis",-0.0355607879322236,154,"PCD_C1"
"GSM1672651","Apoptosis",0.177977711039101,154,"PCD_C2"
"GSM1672652","Apoptosis",-0.0708007151272887,154,"PCD_C2"
"GSM1672653","Apoptosis",-0.31357300956916,154,"PCD_C1"
"GSM1672654","Apoptosis",-0.0260687833887238,154,"PCD_C2"
"GSM1672655","Apoptosis",-0.0518576532194939,154,"PCD_C1"
"GSM1672656","Apoptosis",-0.149229643155244,154,"PCD_C1"
"GSM1672657","Apoptosis",0.0149848983749928,154,"PCD_C1"
"GSM1672658","Apoptosis",0.0153678070607863,154,"PCD_C1"
"GSM1672659","Apoptosis",0.0919841231016731,154,"PCD_C1"
"GSM1672660","Apoptosis",0.0685532649051446,154,"PCD_C2"
"GSM1672661","Apoptosis",-0.264586181090506,154,"PCD_C1"
"GSM1672662","Apoptosis",0.002574870901014,154,"PCD_C1"
"GSM1672663","Apoptosis",-0.268472389555187,154,"PCD_C2"
"GSM1672664","Apoptosis",0.111004103821137,154,"PCD_C2"
"GSM1672665","Apoptosis",-0.059063908891924,154,"PCD_C1"
"GSM1672666","Apoptosis",-0.0955988000928622,154,"PCD_C2"
"GSM1672667","Apoptosis",0.0222103963643938,154,"PCD_C2"
"GSM1672668","Apoptosis",-0.00738073187818652,154,"PCD_C2"
"GSM1672669","Apoptosis",0.148235415819983,154,"PCD_C1"
"GSM1672670","Apoptosis",-0.0126482594112565,154,"PCD_C2"
"GSM1672671","Apoptosis",0.0669645190773324,154,"PCD_C2"
"GSM1672672","Apoptosis",0.0892680987427958,154,"PCD_C2"
"GSM1672673","Apoptosis",0.0562795757618147,154,"PCD_C2"
"GSM1672674","Apoptosis",0.114089579504855,154,"PCD_C2"
"GSM1672675","Apoptosis",0.0139086059459942,154,"PCD_C2"
"GSM1672676","Apoptosis",0.0876386647878606,154,"PCD_C2"
"GSM1672677","Apoptosis",-0.216074212572978,154,"PCD_C1"
"GSM1672678","Apoptosis",0.152237684797794,154,"PCD_C2"
"GSM1672679","Apoptosis",0.0416347851487698,154,"PCD_C2"
"GSM1672680","Apoptosis",0.206906958105506,154,"PCD_C2"
"GSM1672681","Apoptosis",-0.101313198078731,154,"PCD_C1"
"GSM1672682","Apoptosis",0.0818746188332072,154,"PCD_C2"
"GSM1672683","Apoptosis",-0.106397243564956,154,"PCD_C2"
"GSM1672684","Apoptosis",-0.0933589560871223,154,"PCD_C2"
"GSM1672685","Apoptosis",0.280521852076946,154,"PCD_C2"
"GSM1672686","Apoptosis",-0.214671160366892,154,"PCD_C1"
"GSM1672687","Apoptosis",-0.0289598431930027,154,"PCD_C1"
"GSM1672688","Apoptosis",0.0191248340396553,154,"PCD_C2"
"GSM1672689","Apoptosis",-0.0925284234825339,154,"PCD_C1"
"GSM1672690","Apoptosis",-0.0162143870798242,154,"PCD_C1"
"GSM1672691","Apoptosis",-0.24567139588865,154,"PCD_C1"
"GSM1672692","Apoptosis",-0.178351474414433,154,"PCD_C1"
"GSM1672693","Apoptosis",0.156502860772204,154,"PCD_C2"
"GSM1672694","Apoptosis",0.0201345760009523,154,"PCD_C2"
"GSM1672695","Apoptosis",-0.240481289598586,154,"PCD_C1"
"GSM1672696","Apoptosis",-0.109583013418696,154,"PCD_C2"
"GSM1672697","Apoptosis",0.141835276221154,154,"PCD_C2"
"GSM1672698","Apoptosis",-0.0850562121968475,154,"PCD_C1"
"GSM1672699","Apoptosis",0.23739140872475,154,"PCD_C1"
"GSM1672700","Apoptosis",-0.0967406137596605,154,"PCD_C1"
"GSM1672701","Apoptosis",0.43244293920555,154,"PCD_C1"
"GSM1672702","Apoptosis",-0.109501009064555,154,"PCD_C1"
"GSM1672703","Apoptosis",0.0151026344917276,154,"PCD_C2"
"GSM1672704","Apoptosis",-0.073572931801978,154,"PCD_C1"
"GSM1672705","Apoptosis",-0.0767918549671907,154,"PCD_C1"
"GSM1672706","Apoptosis",-0.00586430516285928,154,"PCD_C2"
"GSM1672707","Apoptosis",-0.0994591493794592,154,"PCD_C2"
"GSM1672708","Apoptosis",-0.180449341879264,154,"PCD_C2"
"GSM1672709","Apoptosis",-0.10767215898964,154,"PCD_C2"
"GSM1672710","Apoptosis",-0.207886923020844,154,"PCD_C1"
"GSM1672711","Apoptosis",-0.218886325376578,154,"PCD_C1"
"GSM1672712","Apoptosis",0.0816219499875398,154,"PCD_C2"
"GSM1672713","Apoptosis",-0.0821478330990334,154,"PCD_C2"
"GSM1672714","Apoptosis",-0.0913096074320938,154,"PCD_C2"
"GSM1672715","Apoptosis",0.00311403487405601,154,"PCD_C2"
"GSM1672716","Apoptosis",-0.00858793222249282,154,"PCD_C2"
"GSM1672717","Apoptosis",0.13306657176735,154,"PCD_C2"
"GSM1672718","Apoptosis",0.244026505192534,154,"PCD_C1"
"GSM1672719","Apoptosis",-0.0295337823182294,154,"PCD_C1"
"GSM1672720","Apoptosis",0.29782382095418,154,"PCD_C2"
"GSM1672721","Apoptosis",-0.0400316320161819,154,"PCD_C1"
"GSM1672722","Apoptosis",-0.0679302464799793,154,"PCD_C1"
"GSM1672723","Apoptosis",0.177166005567753,154,"PCD_C2"
"GSM1672281","Cuproptosis",-0.349577265882727,12,"PCD_C2"
"GSM1672282","Cuproptosis",0.24765596265829,12,"PCD_C1"
"GSM1672283","Cuproptosis",-0.260619488166627,12,"PCD_C1"
"GSM1672284","Cuproptosis",-0.370399201150154,12,"PCD_C1"
"GSM1672285","Cuproptosis",-0.331379849887591,12,"PCD_C1"
"GSM1672286","Cuproptosis",-0.214772134487959,12,"PCD_C2"
"GSM1672287","Cuproptosis",-0.461272965207671,12,"PCD_C1"
"GSM1672288","Cuproptosis",0.0706716701453021,12,"PCD_C1"
"GSM1672289","Cuproptosis",-0.0806989679720686,12,"PCD_C1"
"GSM1672290","Cuproptosis",0.241626556156008,12,"PCD_C1"
"GSM1672291","Cuproptosis",0.326164299993432,12,"PCD_C1"
"GSM1672292","Cuproptosis",-0.207997621763641,12,"PCD_C1"
"GSM1672293","Cuproptosis",0.0935365302602671,12,"PCD_C2"
"GSM1672294","Cuproptosis",0.371875741024249,12,"PCD_C2"
"GSM1672295","Cuproptosis",0.2638865929291,12,"PCD_C2"
"GSM1672296","Cuproptosis",0.302948478887763,12,"PCD_C2"
"GSM1672297","Cuproptosis",0.151661141749098,12,"PCD_C2"
"GSM1672298","Cuproptosis",-0.154868773393393,12,"PCD_C1"
"GSM1672299","Cuproptosis",0.172880064333608,12,"PCD_C1"
"GSM1672300","Cuproptosis",0.219555127821181,12,"PCD_C1"
"GSM1672301","Cuproptosis",0.383777741800832,12,"PCD_C1"
"GSM1672302","Cuproptosis",0.844008190649534,12,"PCD_C1"
"GSM1672303","Cuproptosis",0.657335431729718,12,"PCD_C2"
"GSM1672304","Cuproptosis",0.156455620701746,12,"PCD_C1"
"GSM1672305","Cuproptosis",0.173025337223059,12,"PCD_C2"
"GSM1672306","Cuproptosis",0.0331153826419856,12,"PCD_C1"
"GSM1672307","Cuproptosis",-0.139242517762038,12,"PCD_C2"
"GSM1672308","Cuproptosis",-0.119851568889545,12,"PCD_C2"
"GSM1672309","Cuproptosis",0.333799364675539,12,"PCD_C2"
"GSM1672310","Cuproptosis",-0.175075657267302,12,"PCD_C1"
"GSM1672311","Cuproptosis",0.0654541159677011,12,"PCD_C1"
"GSM1672312","Cuproptosis",-0.0193720940846128,12,"PCD_C1"
"GSM1672313","Cuproptosis",0.221359600704265,12,"PCD_C2"
"GSM1672314","Cuproptosis",-0.0124664979159661,12,"PCD_C1"
"GSM1672315","Cuproptosis",0.215142262508419,12,"PCD_C2"
"GSM1672316","Cuproptosis",0.145491205757328,12,"PCD_C1"
"GSM1672317","Cuproptosis",0.39885106173188,12,"PCD_C1"
"GSM1672318","Cuproptosis",-0.112133969052216,12,"PCD_C2"
"GSM1672319","Cuproptosis",-0.115118266744002,12,"PCD_C1"
"GSM1672320","Cuproptosis",-0.0321019097313139,12,"PCD_C2"
"GSM1672321","Cuproptosis",-0.276496237372831,12,"PCD_C1"
"GSM1672322","Cuproptosis",0.102279669688765,12,"PCD_C1"
"GSM1672323","Cuproptosis",0.144275861472778,12,"PCD_C1"
"GSM1672324","Cuproptosis",0.421035799079865,12,"PCD_C2"
"GSM1672325","Cuproptosis",0.118337729433917,12,"PCD_C1"
"GSM1672326","Cuproptosis",-0.00942497256461152,12,"PCD_C1"
"GSM1672327","Cuproptosis",0.121471403248039,12,"PCD_C1"
"GSM1672328","Cuproptosis",0.286769772752995,12,"PCD_C1"
"GSM1672329","Cuproptosis",-0.0659340247410432,12,"PCD_C1"
"GSM1672330","Cuproptosis",-0.10835119029838,12,"PCD_C1"
"GSM1672331","Cuproptosis",-0.23140101173069,12,"PCD_C1"
"GSM1672332","Cuproptosis",0.182022935223541,12,"PCD_C2"
"GSM1672333","Cuproptosis",0.0115694407683391,12,"PCD_C1"
"GSM1672334","Cuproptosis",-0.171427482159449,12,"PCD_C1"
"GSM1672335","Cuproptosis",-0.302843034423815,12,"PCD_C1"
"GSM1672336","Cuproptosis",0.321527944956784,12,"PCD_C2"
"GSM1672337","Cuproptosis",0.125293160743276,12,"PCD_C2"
"GSM1672338","Cuproptosis",1.02359145151519,12,"PCD_C2"
"GSM1672339","Cuproptosis",0.271180671049604,12,"PCD_C2"
"GSM1672340","Cuproptosis",0.442801188230129,12,"PCD_C2"
"GSM1672341","Cuproptosis",-0.131832814199987,12,"PCD_C1"
"GSM1672342","Cuproptosis",-0.22981182015701,12,"PCD_C1"
"GSM1672343","Cuproptosis",0.0415020190130016,12,"PCD_C2"
"GSM1672344","Cuproptosis",0.446348336193412,12,"PCD_C1"
"GSM1672345","Cuproptosis",-0.176314582504987,12,"PCD_C2"
"GSM1672346","Cuproptosis",0.720313014880125,12,"PCD_C2"
"GSM1672347","Cuproptosis",0.459827215674627,12,"PCD_C1"
"GSM1672348","Cuproptosis",0.08371267975064,12,"PCD_C1"
"GSM1672349","Cuproptosis",0.196817968407991,12,"PCD_C2"
"GSM1672350","Cuproptosis",-0.201765500797693,12,"PCD_C2"
"GSM1672351","Cuproptosis",-0.0986981538226874,12,"PCD_C1"
"GSM1672352","Cuproptosis",-0.103987088054016,12,"PCD_C2"
"GSM1672353","Cuproptosis",0.332393333188094,12,"PCD_C2"
"GSM1672354","Cuproptosis",0.115785158755857,12,"PCD_C1"
"GSM1672355","Cuproptosis",-0.171816493140825,12,"PCD_C2"
"GSM1672356","Cuproptosis",-0.334746199826671,12,"PCD_C2"
"GSM1672357","Cuproptosis",0.0220797633764554,12,"PCD_C1"
"GSM1672358","Cuproptosis",0.524682596575957,12,"PCD_C1"
"GSM1672359","Cuproptosis",0.0363441955626855,12,"PCD_C1"
"GSM1672360","Cuproptosis",-0.368337831958148,12,"PCD_C1"
"GSM1672361","Cuproptosis",0.0563179439795696,12,"PCD_C2"
"GSM1672362","Cuproptosis",0.360028883380499,12,"PCD_C2"
"GSM1672363","Cuproptosis",0.0390209462714931,12,"PCD_C2"
"GSM1672364","Cuproptosis",0.420570077396926,12,"PCD_C1"
"GSM1672365","Cuproptosis",-0.310375380841464,12,"PCD_C2"
"GSM1672366","Cuproptosis",0.255711991959416,12,"PCD_C2"
"GSM1672367","Cuproptosis",-0.300411196133899,12,"PCD_C1"
"GSM1672368","Cuproptosis",0.0708374931323268,12,"PCD_C2"
"GSM1672369","Cuproptosis",-0.132431197661866,12,"PCD_C2"
"GSM1672370","Cuproptosis",0.0213225634333018,12,"PCD_C2"
"GSM1672371","Cuproptosis",-0.0753939989354385,12,"PCD_C1"
"GSM1672372","Cuproptosis",0.141544015574216,12,"PCD_C1"
"GSM1672373","Cuproptosis",0.0480878250660969,12,"PCD_C1"
"GSM1672374","Cuproptosis",-0.0745010171282818,12,"PCD_C2"
"GSM1672375","Cuproptosis",-0.0226751567695075,12,"PCD_C2"
"GSM1672376","Cuproptosis",0.0752071816456414,12,"PCD_C2"
"GSM1672377","Cuproptosis",-0.191428624478986,12,"PCD_C2"
"GSM1672378","Cuproptosis",-0.0435546052922577,12,"PCD_C1"
"GSM1672379","Cuproptosis",-0.341012400188498,12,"PCD_C1"
"GSM1672380","Cuproptosis",0.457703503661009,12,"PCD_C2"
"GSM1672381","Cuproptosis",-0.249397162109038,12,"PCD_C1"
"GSM1672382","Cuproptosis",0.107196290489051,12,"PCD_C1"
"GSM1672383","Cuproptosis",-0.2033064935505,12,"PCD_C1"
"GSM1672384","Cuproptosis",0.174798283707641,12,"PCD_C1"
"GSM1672385","Cuproptosis",0.0984962042108158,12,"PCD_C2"
"GSM1672386","Cuproptosis",-0.0151250753590814,12,"PCD_C1"
"GSM1672387","Cuproptosis",0.0892644084073793,12,"PCD_C1"
"GSM1672388","Cuproptosis",0.0872202231424722,12,"PCD_C1"
"GSM1672389","Cuproptosis",-0.0859587463297865,12,"PCD_C1"
"GSM1672390","Cuproptosis",-0.037753357277,12,"PCD_C1"
"GSM1672391","Cuproptosis",-0.274195781144565,12,"PCD_C1"
"GSM1672392","Cuproptosis",0.103708951707405,12,"PCD_C1"
"GSM1672393","Cuproptosis",0.627460802240227,12,"PCD_C2"
"GSM1672394","Cuproptosis",0.441362588622311,12,"PCD_C1"
"GSM1672395","Cuproptosis",-0.140366520053559,12,"PCD_C2"
"GSM1672396","Cuproptosis",-0.00022938261622529,12,"PCD_C1"
"GSM1672397","Cuproptosis",0.00176167339336883,12,"PCD_C2"
"GSM1672398","Cuproptosis",0.279557986767371,12,"PCD_C1"
"GSM1672399","Cuproptosis",-0.242202910549958,12,"PCD_C1"
"GSM1672400","Cuproptosis",0.396725103717079,12,"PCD_C1"
"GSM1672401","Cuproptosis",-0.270186202173319,12,"PCD_C1"
"GSM1672402","Cuproptosis",-0.127566691512976,12,"PCD_C2"
"GSM1672403","Cuproptosis",0.344196919302951,12,"PCD_C1"
"GSM1672404","Cuproptosis",0.263394259508688,12,"PCD_C1"
"GSM1672405","Cuproptosis",0.531257670773658,12,"PCD_C1"
"GSM1672406","Cuproptosis",0.0422005427698085,12,"PCD_C1"
"GSM1672407","Cuproptosis",-0.0390414509699787,12,"PCD_C1"
"GSM1672408","Cuproptosis",0.0486797110742466,12,"PCD_C2"
"GSM1672409","Cuproptosis",0.262091250798423,12,"PCD_C1"
"GSM1672410","Cuproptosis",-0.0965449920542851,12,"PCD_C2"
"GSM1672411","Cuproptosis",0.547402141223904,12,"PCD_C2"
"GSM1672412","Cuproptosis",-0.354376651335867,12,"PCD_C1"
"GSM1672413","Cuproptosis",-0.0486454060750705,12,"PCD_C1"
"GSM1672414","Cuproptosis",-0.0553836065724044,12,"PCD_C1"
"GSM1672415","Cuproptosis",0.388766541818113,12,"PCD_C1"
"GSM1672416","Cuproptosis",-0.36836716256598,12,"PCD_C1"
"GSM1672417","Cuproptosis",-0.364401345592586,12,"PCD_C1"
"GSM1672418","Cuproptosis",0.174102934382179,12,"PCD_C2"
"GSM1672419","Cuproptosis",-0.127499997253983,12,"PCD_C1"
"GSM1672420","Cuproptosis",-0.219743678151437,12,"PCD_C1"
"GSM1672421","Cuproptosis",0.381375566281604,12,"PCD_C2"
"GSM1672422","Cuproptosis",-0.25126289275,12,"PCD_C2"
"GSM1672423","Cuproptosis",-0.164238465994971,12,"PCD_C1"
"GSM1672424","Cuproptosis",-0.190157494897963,12,"PCD_C1"
"GSM1672425","Cuproptosis",0.0894682275022944,12,"PCD_C1"
"GSM1672426","Cuproptosis",-0.214203181230992,12,"PCD_C1"
"GSM1672427","Cuproptosis",-0.418390951534459,12,"PCD_C1"
"GSM1672428","Cuproptosis",-0.281920087639626,12,"PCD_C1"
"GSM1672429","Cuproptosis",-0.102873121487584,12,"PCD_C1"
"GSM1672430","Cuproptosis",-0.174964079919003,12,"PCD_C1"
"GSM1672431","Cuproptosis",0.470041386970679,12,"PCD_C2"
"GSM1672432","Cuproptosis",0.503121056224752,12,"PCD_C2"
"GSM1672433","Cuproptosis",-1.02366593914331,12,"PCD_C2"
"GSM1672434","Cuproptosis",-0.103451868412398,12,"PCD_C2"
"GSM1672435","Cuproptosis",-0.0565302688957897,12,"PCD_C2"
"GSM1672436","Cuproptosis",0.00627198930828615,12,"PCD_C2"
"GSM1672437","Cuproptosis",-0.0725784569232407,12,"PCD_C2"
"GSM1672438","Cuproptosis",0.27474475134225,12,"PCD_C1"
"GSM1672439","Cuproptosis",0.146321139800182,12,"PCD_C2"
"GSM1672440","Cuproptosis",0.41705260737598,12,"PCD_C2"
"GSM1672441","Cuproptosis",-0.415392213731523,12,"PCD_C2"
"GSM1672442","Cuproptosis",-0.209424378176247,12,"PCD_C1"
"GSM1672443","Cuproptosis",-0.378364296078121,12,"PCD_C2"
"GSM1672444","Cuproptosis",0.974618473627276,12,"PCD_C2"
"GSM1672445","Cuproptosis",-0.211480829648354,12,"PCD_C2"
"GSM1672446","Cuproptosis",-0.0644564559429111,12,"PCD_C2"
"GSM1672447","Cuproptosis",-0.183178008815086,12,"PCD_C1"
"GSM1672448","Cuproptosis",-0.260517352855944,12,"PCD_C1"
"GSM1672449","Cuproptosis",-0.177123795046614,12,"PCD_C1"
"GSM1672450","Cuproptosis",-0.0236432022680863,12,"PCD_C1"
"GSM1672451","Cuproptosis",-0.238923778085621,12,"PCD_C1"
"GSM1672452","Cuproptosis",0.0203123629312423,12,"PCD_C2"
"GSM1672453","Cuproptosis",-0.336923543638959,12,"PCD_C1"
"GSM1672454","Cuproptosis",-0.0858668471337502,12,"PCD_C2"
"GSM1672455","Cuproptosis",-0.38478844882181,12,"PCD_C2"
"GSM1672456","Cuproptosis",-0.176642298554037,12,"PCD_C1"
"GSM1672457","Cuproptosis",0.239987369496415,12,"PCD_C2"
"GSM1672458","Cuproptosis",-0.219306080214665,12,"PCD_C1"
"GSM1672459","Cuproptosis",0.0578556133084149,12,"PCD_C2"
"GSM1672460","Cuproptosis",-0.048940822419858,12,"PCD_C1"
"GSM1672461","Cuproptosis",-0.311202954488944,12,"PCD_C1"
"GSM1672462","Cuproptosis",-0.114902755658249,12,"PCD_C1"
"GSM1672463","Cuproptosis",0.415080285398305,12,"PCD_C1"
"GSM1672464","Cuproptosis",-0.24021606940472,12,"PCD_C1"
"GSM1672465","Cuproptosis",-0.518567789729464,12,"PCD_C1"
"GSM1672466","Cuproptosis",0.0633012638149912,12,"PCD_C1"
"GSM1672467","Cuproptosis",-0.455026064609112,12,"PCD_C2"
"GSM1672468","Cuproptosis",-0.160550738124013,12,"PCD_C1"
"GSM1672469","Cuproptosis",-0.174340931136856,12,"PCD_C1"
"GSM1672470","Cuproptosis",-0.599118054583016,12,"PCD_C1"
"GSM1672471","Cuproptosis",-0.327075208704658,12,"PCD_C1"
"GSM1672472","Cuproptosis",-0.00228315623757671,12,"PCD_C2"
"GSM1672473","Cuproptosis",0.247227240548705,12,"PCD_C2"
"GSM1672474","Cuproptosis",0.596897909403406,12,"PCD_C1"
"GSM1672475","Cuproptosis",0.273999169322121,12,"PCD_C2"
"GSM1672476","Cuproptosis",0.0948991885804176,12,"PCD_C1"
"GSM1672477","Cuproptosis",-0.38166622284252,12,"PCD_C2"
"GSM1672478","Cuproptosis",-0.105085920755299,12,"PCD_C2"
"GSM1672479","Cuproptosis",-0.00160997614887196,12,"PCD_C1"
"GSM1672480","Cuproptosis",-0.151283107136461,12,"PCD_C1"
"GSM1672481","Cuproptosis",0.039559091489875,12,"PCD_C1"
"GSM1672482","Cuproptosis",-0.135688872971735,12,"PCD_C1"
"GSM1672483","Cuproptosis",-0.204393428487909,12,"PCD_C1"
"GSM1672484","Cuproptosis",-0.0897374450096383,12,"PCD_C1"
"GSM1672485","Cuproptosis",-0.0476518811721983,12,"PCD_C1"
"GSM1672486","Cuproptosis",-0.151722799833672,12,"PCD_C1"
"GSM1672487","Cuproptosis",-0.0163162187133564,12,"PCD_C1"
"GSM1672488","Cuproptosis",-0.181942926939131,12,"PCD_C1"
"GSM1672489","Cuproptosis",-0.310978587973344,12,"PCD_C2"
"GSM1672490","Cuproptosis",0.127168668361054,12,"PCD_C1"
"GSM1672491","Cuproptosis",0.0854393877982618,12,"PCD_C1"
"GSM1672492","Cuproptosis",0.256030290609526,12,"PCD_C2"
"GSM1672493","Cuproptosis",0.159489001497216,12,"PCD_C1"
"GSM1672494","Cuproptosis",-0.223083027513854,12,"PCD_C2"
"GSM1672495","Cuproptosis",0.0545802590869384,12,"PCD_C1"
"GSM1672496","Cuproptosis",0.0173482252923682,12,"PCD_C1"
"GSM1672497","Cuproptosis",-0.0727725987248901,12,"PCD_C1"
"GSM1672498","Cuproptosis",-0.0360168420591008,12,"PCD_C1"
"GSM1672499","Cuproptosis",-0.227169432185544,12,"PCD_C1"
"GSM1672500","Cuproptosis",0.00606270236379584,12,"PCD_C2"
"GSM1672501","Cuproptosis",0.350156266862298,12,"PCD_C1"
"GSM1672502","Cuproptosis",-0.696398585941111,12,"PCD_C2"
"GSM1672503","Cuproptosis",-0.192015754674008,12,"PCD_C1"
"GSM1672504","Cuproptosis",0.21511878236096,12,"PCD_C1"
"GSM1672505","Cuproptosis",0.329647590749533,12,"PCD_C1"
"GSM1672506","Cuproptosis",-0.113887971769942,12,"PCD_C2"
"GSM1672507","Cuproptosis",0.0135730590526105,12,"PCD_C1"
"GSM1672508","Cuproptosis",0.221572798946307,12,"PCD_C1"
"GSM1672509","Cuproptosis",-0.0478866442422692,12,"PCD_C1"
"GSM1672510","Cuproptosis",0.133502553881371,12,"PCD_C1"
"GSM1672511","Cuproptosis",-0.139191482074784,12,"PCD_C1"
"GSM1672512","Cuproptosis",-0.155486402760113,12,"PCD_C1"
"GSM1672513","Cuproptosis",-0.132644643756748,12,"PCD_C2"
"GSM1672514","Cuproptosis",-0.144081047030044,12,"PCD_C1"
"GSM1672515","Cuproptosis",-0.31318182234817,12,"PCD_C1"
"GSM1672516","Cuproptosis",-0.0220198115300293,12,"PCD_C2"
"GSM1672517","Cuproptosis",0.00277196733183941,12,"PCD_C1"
"GSM1672518","Cuproptosis",-0.500235723128545,12,"PCD_C1"
"GSM1672519","Cuproptosis",-0.336562146816861,12,"PCD_C1"
"GSM1672520","Cuproptosis",-0.246770045849731,12,"PCD_C1"
"GSM1672521","Cuproptosis",-0.264794004337375,12,"PCD_C1"
"GSM1672522","Cuproptosis",-0.0504162965441947,12,"PCD_C1"
"GSM1672523","Cuproptosis",0.381658191621097,12,"PCD_C1"
"GSM1672524","Cuproptosis",-0.545775634950139,12,"PCD_C2"
"GSM1672525","Cuproptosis",-0.213475810215178,12,"PCD_C1"
"GSM1672526","Cuproptosis",-0.885346114266778,12,"PCD_C1"
"GSM1672527","Cuproptosis",-0.465959839209142,12,"PCD_C1"
"GSM1672528","Cuproptosis",-0.204890833370846,12,"PCD_C1"
"GSM1672529","Cuproptosis",-0.938235012686219,12,"PCD_C1"
"GSM1672530","Cuproptosis",-0.454219527840564,12,"PCD_C2"
"GSM1672531","Cuproptosis",-0.219711306178453,12,"PCD_C1"
"GSM1672532","Cuproptosis",-0.386894156916235,12,"PCD_C1"
"GSM1672533","Cuproptosis",-0.219853473293701,12,"PCD_C1"
"GSM1672534","Cuproptosis",-0.509788966543906,12,"PCD_C1"
"GSM1672535","Cuproptosis",-0.675005873291382,12,"PCD_C1"
"GSM1672536","Cuproptosis",-0.726630108422102,12,"PCD_C1"
"GSM1672537","Cuproptosis",-0.688903807050225,12,"PCD_C2"
"GSM1672538","Cuproptosis",-0.259924878484183,12,"PCD_C2"
"GSM1672539","Cuproptosis",-0.469569087848521,12,"PCD_C2"
"GSM1672540","Cuproptosis",-0.55664699852386,12,"PCD_C1"
"GSM1672541","Cuproptosis",0.468345682188027,12,"PCD_C2"
"GSM1672542","Cuproptosis",-0.356037357069889,12,"PCD_C1"
"GSM1672543","Cuproptosis",-0.0260585789012835,12,"PCD_C1"
"GSM1672544","Cuproptosis",-0.159043298673924,12,"PCD_C2"
"GSM1672545","Cuproptosis",-0.0111352490864094,12,"PCD_C1"
"GSM1672546","Cuproptosis",0.221302523636135,12,"PCD_C2"
"GSM1672547","Cuproptosis",-0.308743779420514,12,"PCD_C2"
"GSM1672548","Cuproptosis",-0.384292931253565,12,"PCD_C1"
"GSM1672549","Cuproptosis",-0.337941976311105,12,"PCD_C1"
"GSM1672550","Cuproptosis",-0.0375989630434266,12,"PCD_C2"
"GSM1672551","Cuproptosis",0.238715036701605,12,"PCD_C1"
"GSM1672552","Cuproptosis",-0.0193766224606401,12,"PCD_C1"
"GSM1672553","Cuproptosis",-0.0994431894545355,12,"PCD_C1"
"GSM1672554","Cuproptosis",0.23398534331674,12,"PCD_C1"
"GSM1672555","Cuproptosis",-0.998965345437019,12,"PCD_C2"
"GSM1672556","Cuproptosis",-0.267105170420994,12,"PCD_C2"
"GSM1672557","Cuproptosis",0.270959284967825,12,"PCD_C2"
"GSM1672558","Cuproptosis",-0.145594850431307,12,"PCD_C1"
"GSM1672559","Cuproptosis",-0.829894989667667,12,"PCD_C1"
"GSM1672560","Cuproptosis",-0.285256589646209,12,"PCD_C2"
"GSM1672561","Cuproptosis",0.432767947773238,12,"PCD_C2"
"GSM1672562","Cuproptosis",-0.161359160941379,12,"PCD_C2"
"GSM1672563","Cuproptosis",-0.232813609602949,12,"PCD_C2"
"GSM1672564","Cuproptosis",-0.189598370585992,12,"PCD_C2"
"GSM1672565","Cuproptosis",-0.439706035396272,12,"PCD_C2"
"GSM1672566","Cuproptosis",-0.154199455899993,12,"PCD_C2"
"GSM1672567","Cuproptosis",0.0493996243180201,12,"PCD_C2"
"GSM1672568","Cuproptosis",-1.42966468046472,12,"PCD_C2"
"GSM1672569","Cuproptosis",0.178450673281865,12,"PCD_C2"
"GSM1672570","Cuproptosis",-0.29454284190412,12,"PCD_C1"
"GSM1672571","Cuproptosis",-0.768040871491371,12,"PCD_C1"
"GSM1672572","Cuproptosis",-0.206890127536645,12,"PCD_C1"
"GSM1672573","Cuproptosis",-0.436301038669719,12,"PCD_C2"
"GSM1672574","Cuproptosis",0.0673252051654817,12,"PCD_C1"
"GSM1672575","Cuproptosis",-0.0457090148620027,12,"PCD_C1"
"GSM1672576","Cuproptosis",-0.524966988442106,12,"PCD_C1"
"GSM1672577","Cuproptosis",-0.252774163334515,12,"PCD_C1"
"GSM1672578","Cuproptosis",-0.32514998565332,12,"PCD_C2"
"GSM1672579","Cuproptosis",-0.588611007630881,12,"PCD_C2"
"GSM1672580","Cuproptosis",-0.802541779896675,12,"PCD_C1"
"GSM1672581","Cuproptosis",-0.316471607922881,12,"PCD_C1"
"GSM1672582","Cuproptosis",-0.552473937942478,12,"PCD_C2"
"GSM1672583","Cuproptosis",-1.09589930764083,12,"PCD_C1"
"GSM1672584","Cuproptosis",0.137564685382962,12,"PCD_C2"
"GSM1672585","Cuproptosis",0.259425561726814,12,"PCD_C2"
"GSM1672586","Cuproptosis",-0.283306049954651,12,"PCD_C2"
"GSM1672587","Cuproptosis",-0.428993393650731,12,"PCD_C1"
"GSM1672588","Cuproptosis",-0.333844342128603,12,"PCD_C1"
"GSM1672589","Cuproptosis",-0.429755578578335,12,"PCD_C1"
"GSM1672590","Cuproptosis",-0.175429629258362,12,"PCD_C2"
"GSM1672591","Cuproptosis",-0.237841588708442,12,"PCD_C1"
"GSM1672592","Cuproptosis",-0.0656636801081947,12,"PCD_C1"
"GSM1672593","Cuproptosis",-0.183002993670267,12,"PCD_C1"
"GSM1672594","Cuproptosis",-0.208498847463624,12,"PCD_C1"
"GSM1672595","Cuproptosis",-0.111650378695662,12,"PCD_C1"
"GSM1672596","Cuproptosis",-0.751971918184687,12,"PCD_C1"
"GSM1672597","Cuproptosis",-0.63444635755826,12,"PCD_C1"
"GSM1672598","Cuproptosis",0.0582791447636508,12,"PCD_C1"
"GSM1672599","Cuproptosis",-0.633423526238002,12,"PCD_C2"
"GSM1672600","Cuproptosis",0.214918055868793,12,"PCD_C1"
"GSM1672601","Cuproptosis",-0.414773370015288,12,"PCD_C1"
"GSM1672602","Cuproptosis",-0.98970752233758,12,"PCD_C2"
"GSM1672603","Cuproptosis",0.034122284810193,12,"PCD_C2"
"GSM1672604","Cuproptosis",0.203344882689647,12,"PCD_C1"
"GSM1672605","Cuproptosis",-0.0300549377464207,12,"PCD_C1"
"GSM1672606","Cuproptosis",-0.100510852895711,12,"PCD_C1"
"GSM1672607","Cuproptosis",-0.307372530187843,12,"PCD_C1"
"GSM1672608","Cuproptosis",0.247948168277335,12,"PCD_C1"
"GSM1672609","Cuproptosis",-0.00614159254327353,12,"PCD_C2"
"GSM1672610","Cuproptosis",0.599184080756179,12,"PCD_C2"
"GSM1672611","Cuproptosis",0.236454567641672,12,"PCD_C1"
"GSM1672612","Cuproptosis",0.273701136462227,12,"PCD_C1"
"GSM1672613","Cuproptosis",0.357567249813471,12,"PCD_C2"
"GSM1672614","Cuproptosis",-0.127453270968128,12,"PCD_C2"
"GSM1672615","Cuproptosis",0.149891880536175,12,"PCD_C1"
"GSM1672616","Cuproptosis",0.361714414445622,12,"PCD_C1"
"GSM1672617","Cuproptosis",0.323477367999422,12,"PCD_C1"
"GSM1672618","Cuproptosis",0.272878891234395,12,"PCD_C1"
"GSM1672619","Cuproptosis",0.259062680851967,12,"PCD_C1"
"GSM1672620","Cuproptosis",0.193360629791668,12,"PCD_C2"
"GSM1672621","Cuproptosis",-0.328580628864947,12,"PCD_C2"
"GSM1672622","Cuproptosis",0.990289329019101,12,"PCD_C2"
"GSM1672623","Cuproptosis",0.500472435178766,12,"PCD_C2"
"GSM1672624","Cuproptosis",0.22736971116341,12,"PCD_C1"
"GSM1672625","Cuproptosis",0.219514788921085,12,"PCD_C1"
"GSM1672626","Cuproptosis",0.0429105973877488,12,"PCD_C2"
"GSM1672627","Cuproptosis",0.170353230209808,12,"PCD_C2"
"GSM1672628","Cuproptosis",0.0868778728895894,12,"PCD_C1"
"GSM1672629","Cuproptosis",0.355901099537534,12,"PCD_C2"
"GSM1672630","Cuproptosis",0.0436089346902809,12,"PCD_C1"
"GSM1672631","Cuproptosis",-0.0455423745593981,12,"PCD_C1"
"GSM1672632","Cuproptosis",0.0401665679510621,12,"PCD_C2"
"GSM1672633","Cuproptosis",0.250848544075416,12,"PCD_C2"
"GSM1672634","Cuproptosis",0.112797076077134,12,"PCD_C2"
"GSM1672635","Cuproptosis",0.638033049699874,12,"PCD_C2"
"GSM1672636","Cuproptosis",0.230437849612035,12,"PCD_C2"
"GSM1672637","Cuproptosis",0.454959815621877,12,"PCD_C1"
"GSM1672638","Cuproptosis",0.0743437443968566,12,"PCD_C2"
"GSM1672639","Cuproptosis",0.0519800946077959,12,"PCD_C1"
"GSM1672640","Cuproptosis",0.00217079929784423,12,"PCD_C2"
"GSM1672641","Cuproptosis",0.297646831340687,12,"PCD_C1"
"GSM1672642","Cuproptosis",0.14904503322183,12,"PCD_C2"
"GSM1672643","Cuproptosis",-0.0461381955749749,12,"PCD_C1"
"GSM1672644","Cuproptosis",0.807724151347943,12,"PCD_C2"
"GSM1672645","Cuproptosis",0.188117608969926,12,"PCD_C1"
"GSM1672646","Cuproptosis",0.304325261645106,12,"PCD_C2"
"GSM1672647","Cuproptosis",0.143316802758854,12,"PCD_C1"
"GSM1672648","Cuproptosis",0.842501775297411,12,"PCD_C2"
"GSM1672649","Cuproptosis",0.676157903145282,12,"PCD_C2"
"GSM1672650","Cuproptosis",0.362381904955863,12,"PCD_C1"
"GSM1672651","Cuproptosis",-0.0636576295068079,12,"PCD_C2"
"GSM1672652","Cuproptosis",0.187114173066245,12,"PCD_C2"
"GSM1672653","Cuproptosis",0.153885399639777,12,"PCD_C1"
"GSM1672654","Cuproptosis",0.0522086620367639,12,"PCD_C2"
"GSM1672655","Cuproptosis",0.118765628612857,12,"PCD_C1"
"GSM1672656","Cuproptosis",0.775516193922476,12,"PCD_C1"
"GSM1672657","Cuproptosis",0.37626344139535,12,"PCD_C1"
"GSM1672658","Cuproptosis",0.451095434156625,12,"PCD_C1"
"GSM1672659","Cuproptosis",0.191061688658183,12,"PCD_C1"
"GSM1672660","Cuproptosis",0.466506273830493,12,"PCD_C2"
"GSM1672661","Cuproptosis",0.714566947457242,12,"PCD_C1"
"GSM1672662","Cuproptosis",0.627212960730102,12,"PCD_C1"
"GSM1672663","Cuproptosis",-0.0378093361745454,12,"PCD_C2"
"GSM1672664","Cuproptosis",0.660318520247402,12,"PCD_C2"
"GSM1672665","Cuproptosis",-0.0606399827721371,12,"PCD_C1"
"GSM1672666","Cuproptosis",-0.158727494416038,12,"PCD_C2"
"GSM1672667","Cuproptosis",0.412610785546807,12,"PCD_C2"
"GSM1672668","Cuproptosis",0.0795034121869526,12,"PCD_C2"
"GSM1672669","Cuproptosis",0.0381555543815023,12,"PCD_C1"
"GSM1672670","Cuproptosis",0.00956922482320498,12,"PCD_C2"
"GSM1672671","Cuproptosis",-0.0111026984789534,12,"PCD_C2"
"GSM1672672","Cuproptosis",0.567450319708251,12,"PCD_C2"
"GSM1672673","Cuproptosis",0.309524098244094,12,"PCD_C2"
"GSM1672674","Cuproptosis",0.507554051936834,12,"PCD_C2"
"GSM1672675","Cuproptosis",-0.0912942950258889,12,"PCD_C2"
"GSM1672676","Cuproptosis",0.515692255743033,12,"PCD_C2"
"GSM1672677","Cuproptosis",-0.0259497702053805,12,"PCD_C1"
"GSM1672678","Cuproptosis",0.22522989422572,12,"PCD_C2"
"GSM1672679","Cuproptosis",-0.047755808212078,12,"PCD_C2"
"GSM1672680","Cuproptosis",-0.092647270734296,12,"PCD_C2"
"GSM1672681","Cuproptosis",0.0849527451371372,12,"PCD_C1"
"GSM1672682","Cuproptosis",0.00245733635139,12,"PCD_C2"
"GSM1672683","Cuproptosis",0.926455423132482,12,"PCD_C2"
"GSM1672684","Cuproptosis",0.0613053191180487,12,"PCD_C2"
"GSM1672685","Cuproptosis",0.100595887981365,12,"PCD_C2"
"GSM1672686","Cuproptosis",0.517206670009333,12,"PCD_C1"
"GSM1672687","Cuproptosis",-0.284668013173315,12,"PCD_C1"
"GSM1672688","Cuproptosis",0.200991627536675,12,"PCD_C2"
"GSM1672689","Cuproptosis",0.43542826230941,12,"PCD_C1"
"GSM1672690","Cuproptosis",0.493026497264753,12,"PCD_C1"
"GSM1672691","Cuproptosis",0.0833415961316721,12,"PCD_C1"
"GSM1672692","Cuproptosis",-0.175022456918773,12,"PCD_C1"
"GSM1672693","Cuproptosis",0.125402640885314,12,"PCD_C2"
"GSM1672694","Cuproptosis",0.181631198031041,12,"PCD_C2"
"GSM1672695","Cuproptosis",0.00216733343821604,12,"PCD_C1"
"GSM1672696","Cuproptosis",0.013414180984433,12,"PCD_C2"
"GSM1672697","Cuproptosis",-0.42413960954672,12,"PCD_C2"
"GSM1672698","Cuproptosis",0.424234657452084,12,"PCD_C1"
"GSM1672699","Cuproptosis",0.125772731509937,12,"PCD_C1"
"GSM1672700","Cuproptosis",-0.0433127910361473,12,"PCD_C1"
"GSM1672701","Cuproptosis",0.502171311556645,12,"PCD_C1"
"GSM1672702","Cuproptosis",0.22229150140587,12,"PCD_C1"
"GSM1672703","Cuproptosis",-0.227393098127952,12,"PCD_C2"
"GSM1672704","Cuproptosis",-0.477796327382969,12,"PCD_C1"
"GSM1672705","Cuproptosis",-0.231674347617586,12,"PCD_C1"
"GSM1672706","Cuproptosis",0.106003102428188,12,"PCD_C2"
"GSM1672707","Cuproptosis",0.293728706547835,12,"PCD_C2"
"GSM1672708","Cuproptosis",0.15483518653772,12,"PCD_C2"
"GSM1672709","Cuproptosis",-0.0612655770305127,12,"PCD_C2"
"GSM1672710","Cuproptosis",0.224736327391524,12,"PCD_C1"
"GSM1672711","Cuproptosis",0.146500985926866,12,"PCD_C1"
"GSM1672712","Cuproptosis",0.526836363962377,12,"PCD_C2"
"GSM1672713","Cuproptosis",-0.302443845828178,12,"PCD_C2"
"GSM1672714","Cuproptosis",0.45751314078014,12,"PCD_C2"
"GSM1672715","Cuproptosis",0.49349396001753,12,"PCD_C2"
"GSM1672716","Cuproptosis",-0.0633003960552592,12,"PCD_C2"
"GSM1672717","Cuproptosis",0.311388061444975,12,"PCD_C2"
"GSM1672718","Cuproptosis",0.376473470981512,12,"PCD_C1"
"GSM1672719","Cuproptosis",-0.430251061778391,12,"PCD_C1"
"GSM1672720","Cuproptosis",0.11938989995411,12,"PCD_C2"
"GSM1672721","Cuproptosis",0.312298146478023,12,"PCD_C1"
"GSM1672722","Cuproptosis",0.149323386632391,12,"PCD_C1"
"GSM1672723","Cuproptosis",0.21932306711816,12,"PCD_C2"
"GSM1672281","Ferroptosis",0.138343898363714,84,"PCD_C2"
"GSM1672282","Ferroptosis",0.0933888688425801,84,"PCD_C1"
"GSM1672283","Ferroptosis",-0.10643109770946,84,"PCD_C1"
"GSM1672284","Ferroptosis",-0.118699900326483,84,"PCD_C1"
"GSM1672285","Ferroptosis",-0.338980087837168,84,"PCD_C1"
"GSM1672286","Ferroptosis",0.289955512456867,84,"PCD_C2"
"GSM1672287","Ferroptosis",-0.0555873118645131,84,"PCD_C1"
"GSM1672288","Ferroptosis",-0.177498182098692,84,"PCD_C1"
"GSM1672289","Ferroptosis",-0.0139781548078033,84,"PCD_C1"
"GSM1672290","Ferroptosis",-0.0959860263390032,84,"PCD_C1"
"GSM1672291","Ferroptosis",0.0962102028833886,84,"PCD_C1"
"GSM1672292","Ferroptosis",0.0757433704574472,84,"PCD_C1"
"GSM1672293","Ferroptosis",0.138390472330054,84,"PCD_C2"
"GSM1672294","Ferroptosis",0.124710482608533,84,"PCD_C2"
"GSM1672295","Ferroptosis",-0.242735988213238,84,"PCD_C2"
"GSM1672296","Ferroptosis",-0.0223521930208599,84,"PCD_C2"
"GSM1672297","Ferroptosis",0.0724863240030554,84,"PCD_C2"
"GSM1672298","Ferroptosis",0.0990587766979847,84,"PCD_C1"
"GSM1672299","Ferroptosis",-0.0709450074410911,84,"PCD_C1"
"GSM1672300","Ferroptosis",-0.225826691690909,84,"PCD_C1"
"GSM1672301","Ferroptosis",-0.146234193778523,84,"PCD_C1"
"GSM1672302","Ferroptosis",0.184606944888576,84,"PCD_C1"
"GSM1672303","Ferroptosis",0.342298643000774,84,"PCD_C2"
"GSM1672304","Ferroptosis",-0.193974243936608,84,"PCD_C1"
"GSM1672305","Ferroptosis",-0.193170563611959,84,"PCD_C2"
"GSM1672306","Ferroptosis",0.0504150335125029,84,"PCD_C1"
"GSM1672307","Ferroptosis",-0.119370744046361,84,"PCD_C2"
"GSM1672308","Ferroptosis",-0.171734807713641,84,"PCD_C2"
"GSM1672309","Ferroptosis",-0.00565248377495753,84,"PCD_C2"
"GSM1672310","Ferroptosis",-0.187214525367868,84,"PCD_C1"
"GSM1672311","Ferroptosis",0.119487031896691,84,"PCD_C1"
"GSM1672312","Ferroptosis",-0.0627874328876164,84,"PCD_C1"
"GSM1672313","Ferroptosis",-0.167046009372555,84,"PCD_C2"
"GSM1672314","Ferroptosis",0.072437350309146,84,"PCD_C1"
"GSM1672315","Ferroptosis",0.430904762623022,84,"PCD_C2"
"GSM1672316","Ferroptosis",-0.160920501387216,84,"PCD_C1"
"GSM1672317","Ferroptosis",-0.115288469255688,84,"PCD_C1"
"GSM1672318","Ferroptosis",0.0738648908508887,84,"PCD_C2"
"GSM1672319","Ferroptosis",-0.0845187590741507,84,"PCD_C1"
"GSM1672320","Ferroptosis",0.167226956016096,84,"PCD_C2"
"GSM1672321","Ferroptosis",-0.192634481087372,84,"PCD_C1"
"GSM1672322","Ferroptosis",-0.0524770039155237,84,"PCD_C1"
"GSM1672323","Ferroptosis",-0.109181680714019,84,"PCD_C1"
"GSM1672324","Ferroptosis",0.246198216207328,84,"PCD_C2"
"GSM1672325","Ferroptosis",-0.0461614149809425,84,"PCD_C1"
"GSM1672326","Ferroptosis",-0.0948593672499977,84,"PCD_C1"
"GSM1672327","Ferroptosis",0.0364517614966039,84,"PCD_C1"
"GSM1672328","Ferroptosis",0.00681440982140361,84,"PCD_C1"
"GSM1672329","Ferroptosis",-0.0830127897078858,84,"PCD_C1"
"GSM1672330","Ferroptosis",-0.078188832113546,84,"PCD_C1"
"GSM1672331","Ferroptosis",-0.0495009248245503,84,"PCD_C1"
"GSM1672332","Ferroptosis",-0.109975587195644,84,"PCD_C2"
"GSM1672333","Ferroptosis",0.0212937546444418,84,"PCD_C1"
"GSM1672334","Ferroptosis",0.0880680987639973,84,"PCD_C1"
"GSM1672335","Ferroptosis",0.0691489147924012,84,"PCD_C1"
"GSM1672336","Ferroptosis",-0.0229413260172449,84,"PCD_C2"
"GSM1672337","Ferroptosis",0.270731193838439,84,"PCD_C2"
"GSM1672338","Ferroptosis",0.453424492225952,84,"PCD_C2"
"GSM1672339","Ferroptosis",0.173924148317164,84,"PCD_C2"
"GSM1672340","Ferroptosis",-0.154826572095373,84,"PCD_C2"
"GSM1672341","Ferroptosis",0.00746196581757706,84,"PCD_C1"
"GSM1672342","Ferroptosis",-0.0309575864164849,84,"PCD_C1"
"GSM1672343","Ferroptosis",0.0571308601030169,84,"PCD_C2"
"GSM1672344","Ferroptosis",0.0970842836319276,84,"PCD_C1"
"GSM1672345","Ferroptosis",0.145958420303746,84,"PCD_C2"
"GSM1672346","Ferroptosis",-0.278600082059274,84,"PCD_C2"
"GSM1672347","Ferroptosis",-0.0470083007055574,84,"PCD_C1"
"GSM1672348","Ferroptosis",-0.0195618019648598,84,"PCD_C1"
"GSM1672349","Ferroptosis",0.259853858145219,84,"PCD_C2"
"GSM1672350","Ferroptosis",0.116713285708755,84,"PCD_C2"
"GSM1672351","Ferroptosis",-0.0859521883342019,84,"PCD_C1"
"GSM1672352","Ferroptosis",0.211108680855234,84,"PCD_C2"
"GSM1672353","Ferroptosis",-0.110001747332232,84,"PCD_C2"
"GSM1672354","Ferroptosis",-0.0684934201299087,84,"PCD_C1"
"GSM1672355","Ferroptosis",-0.0964418920078712,84,"PCD_C2"
"GSM1672356","Ferroptosis",-0.0713140529833422,84,"PCD_C2"
"GSM1672357","Ferroptosis",-0.0726099358460219,84,"PCD_C1"
"GSM1672358","Ferroptosis",-0.159306816236701,84,"PCD_C1"
"GSM1672359","Ferroptosis",-0.304309306049215,84,"PCD_C1"
"GSM1672360","Ferroptosis",0.0152064375559277,84,"PCD_C1"
"GSM1672361","Ferroptosis",0.033008948182631,84,"PCD_C2"
"GSM1672362","Ferroptosis",0.158681450867368,84,"PCD_C2"
"GSM1672363","Ferroptosis",0.0805669566087636,84,"PCD_C2"
"GSM1672364","Ferroptosis",-0.0341647084655328,84,"PCD_C1"
"GSM1672365","Ferroptosis",-0.0703573585535966,84,"PCD_C2"
"GSM1672366","Ferroptosis",0.32383048307615,84,"PCD_C2"
"GSM1672367","Ferroptosis",0.00143294229844101,84,"PCD_C1"
"GSM1672368","Ferroptosis",0.102544831135223,84,"PCD_C2"
"GSM1672369","Ferroptosis",0.0925833196859935,84,"PCD_C2"
"GSM1672370","Ferroptosis",0.183210486482345,84,"PCD_C2"
"GSM1672371","Ferroptosis",-0.0800702451915949,84,"PCD_C1"
"GSM1672372","Ferroptosis",0.028566625451287,84,"PCD_C1"
"GSM1672373","Ferroptosis",-0.168957001058334,84,"PCD_C1"
"GSM1672374","Ferroptosis",0.140698042211505,84,"PCD_C2"
"GSM1672375","Ferroptosis",0.0855246553867043,84,"PCD_C2"
"GSM1672376","Ferroptosis",0.0469465045584034,84,"PCD_C2"
"GSM1672377","Ferroptosis",-0.0242088823077214,84,"PCD_C2"
"GSM1672378","Ferroptosis",-0.0634600933689367,84,"PCD_C1"
"GSM1672379","Ferroptosis",0.110604758626232,84,"PCD_C1"
"GSM1672380","Ferroptosis",0.312633210412774,84,"PCD_C2"
"GSM1672381","Ferroptosis",-0.171584716066364,84,"PCD_C1"
"GSM1672382","Ferroptosis",-0.0930298652351657,84,"PCD_C1"
"GSM1672383","Ferroptosis",-0.0795164658387993,84,"PCD_C1"
"GSM1672384","Ferroptosis",0.186288684502314,84,"PCD_C1"
"GSM1672385","Ferroptosis",-0.0376158569710634,84,"PCD_C2"
"GSM1672386","Ferroptosis",-0.252315229289854,84,"PCD_C1"
"GSM1672387","Ferroptosis",-0.0527125303424303,84,"PCD_C1"
"GSM1672388","Ferroptosis",0.0130975149582531,84,"PCD_C1"
"GSM1672389","Ferroptosis",-0.01984903305086,84,"PCD_C1"
"GSM1672390","Ferroptosis",0.160882675618931,84,"PCD_C1"
"GSM1672391","Ferroptosis",-0.120224174464283,84,"PCD_C1"
"GSM1672392","Ferroptosis",0.288003000562852,84,"PCD_C1"
"GSM1672393","Ferroptosis",0.199384103352634,84,"PCD_C2"
"GSM1672394","Ferroptosis",-0.0478243984516276,84,"PCD_C1"
"GSM1672395","Ferroptosis",0.35990894960517,84,"PCD_C2"
"GSM1672396","Ferroptosis",-0.0311010194323551,84,"PCD_C1"
"GSM1672397","Ferroptosis",0.0613373720793138,84,"PCD_C2"
"GSM1672398","Ferroptosis",-0.24445165782357,84,"PCD_C1"
"GSM1672399","Ferroptosis",-0.0576032669124891,84,"PCD_C1"
"GSM1672400","Ferroptosis",-0.0585888148352156,84,"PCD_C1"
"GSM1672401","Ferroptosis",0.00661466327225694,84,"PCD_C1"
"GSM1672402","Ferroptosis",0.120971167513636,84,"PCD_C2"
"GSM1672403","Ferroptosis",0.00350485495215315,84,"PCD_C1"
"GSM1672404","Ferroptosis",-0.138699559573322,84,"PCD_C1"
"GSM1672405","Ferroptosis",0.0491092268875241,84,"PCD_C1"
"GSM1672406","Ferroptosis",-0.141005487460134,84,"PCD_C1"
"GSM1672407","Ferroptosis",-0.0356106638675067,84,"PCD_C1"
"GSM1672408","Ferroptosis",0.149968922357529,84,"PCD_C2"
"GSM1672409","Ferroptosis",-0.0102684719396847,84,"PCD_C1"
"GSM1672410","Ferroptosis",0.157542769281276,84,"PCD_C2"
"GSM1672411","Ferroptosis",0.222049941029364,84,"PCD_C2"
"GSM1672412","Ferroptosis",0.000511062808790488,84,"PCD_C1"
"GSM1672413","Ferroptosis",-0.207694614290927,84,"PCD_C1"
"GSM1672414","Ferroptosis",0.116131209602035,84,"PCD_C1"
"GSM1672415","Ferroptosis",0.173990039106724,84,"PCD_C1"
"GSM1672416","Ferroptosis",0.0252140328341688,84,"PCD_C1"
"GSM1672417","Ferroptosis",-0.0930765872465172,84,"PCD_C1"
"GSM1672418","Ferroptosis",0.182357072004366,84,"PCD_C2"
"GSM1672419","Ferroptosis",-0.0531225675660862,84,"PCD_C1"
"GSM1672420","Ferroptosis",0.0802279035080448,84,"PCD_C1"
"GSM1672421","Ferroptosis",0.191836204257921,84,"PCD_C2"
"GSM1672422","Ferroptosis",0.34361264562131,84,"PCD_C2"
"GSM1672423","Ferroptosis",-0.390334192774386,84,"PCD_C1"
"GSM1672424","Ferroptosis",-0.0597200454361848,84,"PCD_C1"
"GSM1672425","Ferroptosis",0.00790273884451709,84,"PCD_C1"
"GSM1672426","Ferroptosis",-0.388797237808896,84,"PCD_C1"
"GSM1672427","Ferroptosis",-0.0969958748706013,84,"PCD_C1"
"GSM1672428","Ferroptosis",0.00146433751317432,84,"PCD_C1"
"GSM1672429","Ferroptosis",-0.0201993904459302,84,"PCD_C1"
"GSM1672430","Ferroptosis",-0.011292504690874,84,"PCD_C1"
"GSM1672431","Ferroptosis",-0.0197622766999337,84,"PCD_C2"
"GSM1672432","Ferroptosis",0.268700592566217,84,"PCD_C2"
"GSM1672433","Ferroptosis",0.129690033628513,84,"PCD_C2"
"GSM1672434","Ferroptosis",-0.0263826252596074,84,"PCD_C2"
"GSM1672435","Ferroptosis",0.171296212321663,84,"PCD_C2"
"GSM1672436","Ferroptosis",0.0174292995022829,84,"PCD_C2"
"GSM1672437","Ferroptosis",-0.176707174733687,84,"PCD_C2"
"GSM1672438","Ferroptosis",0.10961796168602,84,"PCD_C1"
"GSM1672439","Ferroptosis",0.0569109383042324,84,"PCD_C2"
"GSM1672440","Ferroptosis",0.00564928938157805,84,"PCD_C2"
"GSM1672441","Ferroptosis",-0.0577900891304672,84,"PCD_C2"
"GSM1672442","Ferroptosis",-0.122844038147858,84,"PCD_C1"
"GSM1672443","Ferroptosis",-0.174173066648084,84,"PCD_C2"
"GSM1672444","Ferroptosis",0.0961025212410849,84,"PCD_C2"
"GSM1672445","Ferroptosis",0.28272669564385,84,"PCD_C2"
"GSM1672446","Ferroptosis",-0.284056160843694,84,"PCD_C2"
"GSM1672447","Ferroptosis",0.00148130248790636,84,"PCD_C1"
"GSM1672448","Ferroptosis",-0.16587967829151,84,"PCD_C1"
"GSM1672449","Ferroptosis",-0.0968868354545216,84,"PCD_C1"
"GSM1672450","Ferroptosis",0.196382837936485,84,"PCD_C1"
"GSM1672451","Ferroptosis",-0.000607111105664402,84,"PCD_C1"
"GSM1672452","Ferroptosis",-0.014000432612735,84,"PCD_C2"
"GSM1672453","Ferroptosis",-0.209021170031003,84,"PCD_C1"
"GSM1672454","Ferroptosis",0.0957892161881606,84,"PCD_C2"
"GSM1672455","Ferroptosis",-0.146758998093975,84,"PCD_C2"
"GSM1672456","Ferroptosis",-0.121310937569365,84,"PCD_C1"
"GSM1672457","Ferroptosis",0.271419653028075,84,"PCD_C2"
"GSM1672458","Ferroptosis",-0.0920734326549401,84,"PCD_C1"
"GSM1672459","Ferroptosis",0.0707200454761003,84,"PCD_C2"
"GSM1672460","Ferroptosis",-0.0424507013037649,84,"PCD_C1"
"GSM1672461","Ferroptosis",-0.0384470471415902,84,"PCD_C1"
"GSM1672462","Ferroptosis",-0.101054002727881,84,"PCD_C1"
"GSM1672463","Ferroptosis",0.0317245601651868,84,"PCD_C1"
"GSM1672464","Ferroptosis",-0.211674193207158,84,"PCD_C1"
"GSM1672465","Ferroptosis",-0.188938397479945,84,"PCD_C1"
"GSM1672466","Ferroptosis",-0.13600197480589,84,"PCD_C1"
"GSM1672467","Ferroptosis",-0.227421019468921,84,"PCD_C2"
"GSM1672468","Ferroptosis",-0.158758348556323,84,"PCD_C1"
"GSM1672469","Ferroptosis",-0.151735026580406,84,"PCD_C1"
"GSM1672470","Ferroptosis",-0.00487714267599189,84,"PCD_C1"
"GSM1672471","Ferroptosis",0.113577031982347,84,"PCD_C1"
"GSM1672472","Ferroptosis",-0.139736388390989,84,"PCD_C2"
"GSM1672473","Ferroptosis",0.108029200700203,84,"PCD_C2"
"GSM1672474","Ferroptosis",0.163537632158499,84,"PCD_C1"
"GSM1672475","Ferroptosis",-0.0122461855486329,84,"PCD_C2"
"GSM1672476","Ferroptosis",0.0364024990505961,84,"PCD_C1"
"GSM1672477","Ferroptosis",-0.229935663236705,84,"PCD_C2"
"GSM1672478","Ferroptosis",0.0421262241819439,84,"PCD_C2"
"GSM1672479","Ferroptosis",0.00875821340023738,84,"PCD_C1"
"GSM1672480","Ferroptosis",-0.525998422001474,84,"PCD_C1"
"GSM1672481","Ferroptosis",0.0568676822079427,84,"PCD_C1"
"GSM1672482","Ferroptosis",0.184734608812974,84,"PCD_C1"
"GSM1672483","Ferroptosis",-0.156969114593104,84,"PCD_C1"
"GSM1672484","Ferroptosis",-0.219669761909971,84,"PCD_C1"
"GSM1672485","Ferroptosis",-0.267208158204292,84,"PCD_C1"
"GSM1672486","Ferroptosis",-0.0699534985080573,84,"PCD_C1"
"GSM1672487","Ferroptosis",0.000780427758242613,84,"PCD_C1"
"GSM1672488","Ferroptosis",-0.0553524096132287,84,"PCD_C1"
"GSM1672489","Ferroptosis",0.285130941263888,84,"PCD_C2"
"GSM1672490","Ferroptosis",-0.0839052607243375,84,"PCD_C1"
"GSM1672491","Ferroptosis",0.102127333306175,84,"PCD_C1"
"GSM1672492","Ferroptosis",0.420115275388066,84,"PCD_C2"
"GSM1672493","Ferroptosis",0.0966105282363707,84,"PCD_C1"
"GSM1672494","Ferroptosis",0.351485741573212,84,"PCD_C2"
"GSM1672495","Ferroptosis",0.0878700127625975,84,"PCD_C1"
"GSM1672496","Ferroptosis",0.0583010440488593,84,"PCD_C1"
"GSM1672497","Ferroptosis",0.0814494733226405,84,"PCD_C1"
"GSM1672498","Ferroptosis",-0.277538292248953,84,"PCD_C1"
"GSM1672499","Ferroptosis",-0.100332741326302,84,"PCD_C1"
"GSM1672500","Ferroptosis",0.387552201579833,84,"PCD_C2"
"GSM1672501","Ferroptosis",-0.237492700085777,84,"PCD_C1"
"GSM1672502","Ferroptosis",0.168725482619691,84,"PCD_C2"
"GSM1672503","Ferroptosis",-0.177176898085033,84,"PCD_C1"
"GSM1672504","Ferroptosis",-0.161874750684955,84,"PCD_C1"
"GSM1672505","Ferroptosis",0.352348324565851,84,"PCD_C1"
"GSM1672506","Ferroptosis",-0.0114563806958773,84,"PCD_C2"
"GSM1672507","Ferroptosis",0.0644323855524949,84,"PCD_C1"
"GSM1672508","Ferroptosis",-0.00832259294411325,84,"PCD_C1"
"GSM1672509","Ferroptosis",0.0407487389780593,84,"PCD_C1"
"GSM1672510","Ferroptosis",0.0761643053488606,84,"PCD_C1"
"GSM1672511","Ferroptosis",-0.118113895789148,84,"PCD_C1"
"GSM1672512","Ferroptosis",-0.121101793803163,84,"PCD_C1"
"GSM1672513","Ferroptosis",-0.211622414819927,84,"PCD_C2"
"GSM1672514","Ferroptosis",-0.0854970832224162,84,"PCD_C1"
"GSM1672515","Ferroptosis",-0.252129055608999,84,"PCD_C1"
"GSM1672516","Ferroptosis",-0.251730244001145,84,"PCD_C2"
"GSM1672517","Ferroptosis",0.045532356246456,84,"PCD_C1"
"GSM1672518","Ferroptosis",-0.125980516214747,84,"PCD_C1"
"GSM1672519","Ferroptosis",-0.0925568556612617,84,"PCD_C1"
"GSM1672520","Ferroptosis",-0.377103888600629,84,"PCD_C1"
"GSM1672521","Ferroptosis",-0.199464734299516,84,"PCD_C1"
"GSM1672522","Ferroptosis",-0.281187462703644,84,"PCD_C1"
"GSM1672523","Ferroptosis",0.239173745103398,84,"PCD_C1"
"GSM1672524","Ferroptosis",-0.0808475484035089,84,"PCD_C2"
"GSM1672525","Ferroptosis",0.108144890075468,84,"PCD_C1"
"GSM1672526","Ferroptosis",-0.493584312618762,84,"PCD_C1"
"GSM1672527","Ferroptosis",0.0108651489464699,84,"PCD_C1"
"GSM1672528","Ferroptosis",0.116040544146692,84,"PCD_C1"
"GSM1672529","Ferroptosis",-0.26399171108382,84,"PCD_C1"
"GSM1672530","Ferroptosis",0.0946073005970138,84,"PCD_C2"
"GSM1672531","Ferroptosis",0.0505534425791634,84,"PCD_C1"
"GSM1672532","Ferroptosis",-0.111068056069314,84,"PCD_C1"
"GSM1672533","Ferroptosis",0.0183741830447256,84,"PCD_C1"
"GSM1672534","Ferroptosis",-0.00862488056612806,84,"PCD_C1"
"GSM1672535","Ferroptosis",-0.217259583616718,84,"PCD_C1"
"GSM1672536","Ferroptosis",0.113989518060892,84,"PCD_C1"
"GSM1672537","Ferroptosis",-0.164516218423207,84,"PCD_C2"
"GSM1672538","Ferroptosis",0.190109181672858,84,"PCD_C2"
"GSM1672539","Ferroptosis",-0.327480569534952,84,"PCD_C2"
"GSM1672540","Ferroptosis",-0.0888324477476545,84,"PCD_C1"
"GSM1672541","Ferroptosis",0.101095751011141,84,"PCD_C2"
"GSM1672542","Ferroptosis",-0.143639176760137,84,"PCD_C1"
"GSM1672543","Ferroptosis",0.0625538471784964,84,"PCD_C1"
"GSM1672544","Ferroptosis",0.152503829834168,84,"PCD_C2"
"GSM1672545","Ferroptosis",-0.21124326163942,84,"PCD_C1"
"GSM1672546","Ferroptosis",0.480093605886093,84,"PCD_C2"
"GSM1672547","Ferroptosis",0.279302273457285,84,"PCD_C2"
"GSM1672548","Ferroptosis",-0.0447374115700095,84,"PCD_C1"
"GSM1672549","Ferroptosis",0.177561687128506,84,"PCD_C1"
"GSM1672550","Ferroptosis",0.145074741460265,84,"PCD_C2"
"GSM1672551","Ferroptosis",-0.00414168445147106,84,"PCD_C1"
"GSM1672552","Ferroptosis",-0.0333627256279107,84,"PCD_C1"
"GSM1672553","Ferroptosis",0.153966955423015,84,"PCD_C1"
"GSM1672554","Ferroptosis",-0.0348189432026322,84,"PCD_C1"
"GSM1672555","Ferroptosis",0.00289740447027508,84,"PCD_C2"
"GSM1672556","Ferroptosis",-0.274391141024943,84,"PCD_C2"
"GSM1672557","Ferroptosis",-0.164933886039326,84,"PCD_C2"
"GSM1672558","Ferroptosis",-0.00116588512537238,84,"PCD_C1"
"GSM1672559","Ferroptosis",0.00086691550528241,84,"PCD_C1"
"GSM1672560","Ferroptosis",-0.132901837403279,84,"PCD_C2"
"GSM1672561","Ferroptosis",0.204871545098329,84,"PCD_C2"
"GSM1672562","Ferroptosis",0.097110555165716,84,"PCD_C2"
"GSM1672563","Ferroptosis",0.137627218944991,84,"PCD_C2"
"GSM1672564","Ferroptosis",0.269737746353403,84,"PCD_C2"
"GSM1672565","Ferroptosis",0.0103729962178098,84,"PCD_C2"
"GSM1672566","Ferroptosis",0.205081318298987,84,"PCD_C2"
"GSM1672567","Ferroptosis",-0.0166811731111508,84,"PCD_C2"
"GSM1672568","Ferroptosis",-0.198479148541898,84,"PCD_C2"
"GSM1672569","Ferroptosis",0.249911528755161,84,"PCD_C2"
"GSM1672570","Ferroptosis",-0.124337725723458,84,"PCD_C1"
"GSM1672571","Ferroptosis",-0.198756116167757,84,"PCD_C1"
"GSM1672572","Ferroptosis",0.111963650047579,84,"PCD_C1"
"GSM1672573","Ferroptosis",0.0603443009234587,84,"PCD_C2"
"GSM1672574","Ferroptosis",0.0847502261605958,84,"PCD_C1"
"GSM1672575","Ferroptosis",-0.105381068506052,84,"PCD_C1"
"GSM1672576","Ferroptosis",-0.270648775130255,84,"PCD_C1"
"GSM1672577","Ferroptosis",-0.201619206353017,84,"PCD_C1"
"GSM1672578","Ferroptosis",-0.0624760228664013,84,"PCD_C2"
"GSM1672579","Ferroptosis",-0.130980528611136,84,"PCD_C2"
"GSM1672580","Ferroptosis",0.0202777665603427,84,"PCD_C1"
"GSM1672581","Ferroptosis",-0.0602300756812008,84,"PCD_C1"
"GSM1672582","Ferroptosis",0.0761658409286975,84,"PCD_C2"
"GSM1672583","Ferroptosis",-0.270896304700739,84,"PCD_C1"
"GSM1672584","Ferroptosis",0.0970279467033258,84,"PCD_C2"
"GSM1672585","Ferroptosis",-0.237335869272143,84,"PCD_C2"
"GSM1672586","Ferroptosis",-0.229606169551758,84,"PCD_C2"
"GSM1672587","Ferroptosis",-0.177213553148333,84,"PCD_C1"
"GSM1672588","Ferroptosis",-0.131827653105079,84,"PCD_C1"
"GSM1672589","Ferroptosis",-0.23974099701273,84,"PCD_C1"
"GSM1672590","Ferroptosis",0.319343313456186,84,"PCD_C2"
"GSM1672591","Ferroptosis",-0.122606531740629,84,"PCD_C1"
"GSM1672592","Ferroptosis",0.135486844096432,84,"PCD_C1"
"GSM1672593","Ferroptosis",-0.272239639536772,84,"PCD_C1"
"GSM1672594","Ferroptosis",0.174387897614111,84,"PCD_C1"
"GSM1672595","Ferroptosis",-0.126870083533904,84,"PCD_C1"
"GSM1672596","Ferroptosis",-0.118894556303892,84,"PCD_C1"
"GSM1672597","Ferroptosis",0.0122697916703425,84,"PCD_C1"
"GSM1672598","Ferroptosis",-0.224044860251007,84,"PCD_C1"
"GSM1672599","Ferroptosis",-0.210300188029824,84,"PCD_C2"
"GSM1672600","Ferroptosis",0.0704762268637821,84,"PCD_C1"
"GSM1672601","Ferroptosis",-0.0880912583597535,84,"PCD_C1"
"GSM1672602","Ferroptosis",0.197735351128827,84,"PCD_C2"
"GSM1672603","Ferroptosis",0.0504738844454449,84,"PCD_C2"
"GSM1672604","Ferroptosis",-0.03352369570683,84,"PCD_C1"
"GSM1672605","Ferroptosis",0.0187188446579941,84,"PCD_C1"
"GSM1672606","Ferroptosis",0.11820187651309,84,"PCD_C1"
"GSM1672607","Ferroptosis",0.102302727076328,84,"PCD_C1"
"GSM1672608","Ferroptosis",-0.0622290435770378,84,"PCD_C1"
"GSM1672609","Ferroptosis",-0.121725579436593,84,"PCD_C2"
"GSM1672610","Ferroptosis",0.499288808095247,84,"PCD_C2"
"GSM1672611","Ferroptosis",-0.110827902111484,84,"PCD_C1"
"GSM1672612","Ferroptosis",0.0295731957585417,84,"PCD_C1"
"GSM1672613","Ferroptosis",-0.237072000475931,84,"PCD_C2"
"GSM1672614","Ferroptosis",-0.176196056046751,84,"PCD_C2"
"GSM1672615","Ferroptosis",-0.0795318950854213,84,"PCD_C1"
"GSM1672616","Ferroptosis",0.0413858945445521,84,"PCD_C1"
"GSM1672617","Ferroptosis",0.146665568186096,84,"PCD_C1"
"GSM1672618","Ferroptosis",0.0829101190876868,84,"PCD_C1"
"GSM1672619","Ferroptosis",0.0781102716039577,84,"PCD_C1"
"GSM1672620","Ferroptosis",-0.0186248408976807,84,"PCD_C2"
"GSM1672621","Ferroptosis",0.342118752311498,84,"PCD_C2"
"GSM1672622","Ferroptosis",0.365822163750117,84,"PCD_C2"
"GSM1672623","Ferroptosis",0.225300746498622,84,"PCD_C2"
"GSM1672624","Ferroptosis",-0.10766734182206,84,"PCD_C1"
"GSM1672625","Ferroptosis",0.0128535902782016,84,"PCD_C1"
"GSM1672626","Ferroptosis",-0.00164899393531049,84,"PCD_C2"
"GSM1672627","Ferroptosis",0.184157164526494,84,"PCD_C2"
"GSM1672628","Ferroptosis",-0.0617247480968677,84,"PCD_C1"
"GSM1672629","Ferroptosis",0.161112277440164,84,"PCD_C2"
"GSM1672630","Ferroptosis",0.211214266183513,84,"PCD_C1"
"GSM1672631","Ferroptosis",-0.0882974499459804,84,"PCD_C1"
"GSM1672632","Ferroptosis",-0.00734524254782731,84,"PCD_C2"
"GSM1672633","Ferroptosis",0.0423437664640079,84,"PCD_C2"
"GSM1672634","Ferroptosis",0.520225067621757,84,"PCD_C2"
"GSM1672635","Ferroptosis",-0.0064732293189301,84,"PCD_C2"
"GSM1672636","Ferroptosis",-0.055986214540545,84,"PCD_C2"
"GSM1672637","Ferroptosis",0.0957810931294762,84,"PCD_C1"
"GSM1672638","Ferroptosis",-0.035340945537156,84,"PCD_C2"
"GSM1672639","Ferroptosis",-0.0116532178569955,84,"PCD_C1"
"GSM1672640","Ferroptosis",0.055028504949976,84,"PCD_C2"
"GSM1672641","Ferroptosis",0.0869195586090581,84,"PCD_C1"
"GSM1672642","Ferroptosis",0.197375281254298,84,"PCD_C2"
"GSM1672643","Ferroptosis",0.0945428221872096,84,"PCD_C1"
"GSM1672644","Ferroptosis",0.105442971290735,84,"PCD_C2"
"GSM1672645","Ferroptosis",-0.120865132478549,84,"PCD_C1"
"GSM1672646","Ferroptosis",0.120190384061473,84,"PCD_C2"
"GSM1672647","Ferroptosis",0.0056499796867219,84,"PCD_C1"
"GSM1672648","Ferroptosis",0.298442553322711,84,"PCD_C2"
"GSM1672649","Ferroptosis",-0.327723295770037,84,"PCD_C2"
"GSM1672650","Ferroptosis",-0.125013401930368,84,"PCD_C1"
"GSM1672651","Ferroptosis",0.150624407531648,84,"PCD_C2"
"GSM1672652","Ferroptosis",0.279876088214167,84,"PCD_C2"
"GSM1672653","Ferroptosis",-0.267211110955659,84,"PCD_C1"
"GSM1672654","Ferroptosis",0.0248847495959333,84,"PCD_C2"
"GSM1672655","Ferroptosis",-0.0192303452151917,84,"PCD_C1"
"GSM1672656","Ferroptosis",-0.239311249748413,84,"PCD_C1"
"GSM1672657","Ferroptosis",0.0933034419314286,84,"PCD_C1"
"GSM1672658","Ferroptosis",0.263187925361845,84,"PCD_C1"
"GSM1672659","Ferroptosis",0.181905938942087,84,"PCD_C1"
"GSM1672660","Ferroptosis",0.407765894916627,84,"PCD_C2"
"GSM1672661","Ferroptosis",-0.00404469236863602,84,"PCD_C1"
"GSM1672662","Ferroptosis",0.205854319140863,84,"PCD_C1"
"GSM1672663","Ferroptosis",-0.167533092263752,84,"PCD_C2"
"GSM1672664","Ferroptosis",-0.042619856501816,84,"PCD_C2"
"GSM1672665","Ferroptosis",-0.106393464606746,84,"PCD_C1"
"GSM1672666","Ferroptosis",-0.145868232522923,84,"PCD_C2"
"GSM1672667","Ferroptosis",0.0397275483515996,84,"PCD_C2"
"GSM1672668","Ferroptosis",0.287942680623024,84,"PCD_C2"
"GSM1672669","Ferroptosis",0.0476684030809579,84,"PCD_C1"
"GSM1672670","Ferroptosis",0.1992398254746,84,"PCD_C2"
"GSM1672671","Ferroptosis",0.301488783759745,84,"PCD_C2"
"GSM1672672","Ferroptosis",-0.00744420410687031,84,"PCD_C2"
"GSM1672673","Ferroptosis",-0.0327360862060613,84,"PCD_C2"
"GSM1672674","Ferroptosis",0.258887739429261,84,"PCD_C2"
"GSM1672675","Ferroptosis",0.274662455305497,84,"PCD_C2"
"GSM1672676","Ferroptosis",0.168025064650946,84,"PCD_C2"
"GSM1672677","Ferroptosis",-0.0337143026034173,84,"PCD_C1"
"GSM1672678","Ferroptosis",0.311694957437621,84,"PCD_C2"
"GSM1672679","Ferroptosis",-0.137243324928392,84,"PCD_C2"
"GSM1672680","Ferroptosis",0.131305047924974,84,"PCD_C2"
"GSM1672681","Ferroptosis",-0.111879254872018,84,"PCD_C1"
"GSM1672682","Ferroptosis",0.172542406831628,84,"PCD_C2"
"GSM1672683","Ferroptosis",0.00536740997779,84,"PCD_C2"
"GSM1672684","Ferroptosis",-0.217398278529614,84,"PCD_C2"
"GSM1672685","Ferroptosis",0.250357225420337,84,"PCD_C2"
"GSM1672686","Ferroptosis",0.12039976102259,84,"PCD_C1"
"GSM1672687","Ferroptosis",-0.14381915934475,84,"PCD_C1"
"GSM1672688","Ferroptosis",-0.301127301837747,84,"PCD_C2"
"GSM1672689","Ferroptosis",0.258327473464469,84,"PCD_C1"
"GSM1672690","Ferroptosis",-0.176473182050573,84,"PCD_C1"
"GSM1672691","Ferroptosis",-0.173456482503941,84,"PCD_C1"
"GSM1672692","Ferroptosis",-0.0294223923212269,84,"PCD_C1"
"GSM1672693","Ferroptosis",0.0485558997217701,84,"PCD_C2"
"GSM1672694","Ferroptosis",0.29504686697983,84,"PCD_C2"
"GSM1672695","Ferroptosis",0.376020061152226,84,"PCD_C1"
"GSM1672696","Ferroptosis",0.172941220299789,84,"PCD_C2"
"GSM1672697","Ferroptosis",-0.20623729515515,84,"PCD_C2"
"GSM1672698","Ferroptosis",0.0296120952596269,84,"PCD_C1"
"GSM1672699","Ferroptosis",-0.0763798930817268,84,"PCD_C1"
"GSM1672700","Ferroptosis",-0.130224632830384,84,"PCD_C1"
"GSM1672701","Ferroptosis",0.0822640212399562,84,"PCD_C1"
"GSM1672702","Ferroptosis",0.0843485085765548,84,"PCD_C1"
"GSM1672703","Ferroptosis",0.0938549088333521,84,"PCD_C2"
"GSM1672704","Ferroptosis",-0.0535699243028923,84,"PCD_C1"
"GSM1672705","Ferroptosis",-0.0278344282824405,84,"PCD_C1"
"GSM1672706","Ferroptosis",-0.224219094199635,84,"PCD_C2"
"GSM1672707","Ferroptosis",0.0347381521713755,84,"PCD_C2"
"GSM1672708","Ferroptosis",-0.301533955722955,84,"PCD_C2"
"GSM1672709","Ferroptosis",0.195837742328127,84,"PCD_C2"
"GSM1672710","Ferroptosis",-0.0642103120013552,84,"PCD_C1"
"GSM1672711","Ferroptosis",-0.303611037337121,84,"PCD_C1"
"GSM1672712","Ferroptosis",0.342245710995567,84,"PCD_C2"
"GSM1672713","Ferroptosis",-0.269905823746697,84,"PCD_C2"
"GSM1672714","Ferroptosis",-0.00237225109083865,84,"PCD_C2"
"GSM1672715","Ferroptosis",0.128285296675546,84,"PCD_C2"
"GSM1672716","Ferroptosis",-0.265991154072718,84,"PCD_C2"
"GSM1672717","Ferroptosis",-0.257027727377849,84,"PCD_C2"
"GSM1672718","Ferroptosis",-0.535113170758129,84,"PCD_C1"
"GSM1672719","Ferroptosis",-0.00612880685140513,84,"PCD_C1"
"GSM1672720","Ferroptosis",-0.297241257314372,84,"PCD_C2"
"GSM1672721","Ferroptosis",-0.154110468648514,84,"PCD_C1"
"GSM1672722","Ferroptosis",-0.105674014941994,84,"PCD_C1"
"GSM1672723","Ferroptosis",0.207997688016539,84,"PCD_C2"
"GSM1672281","Necroptosis",0.26197612948353,28,"PCD_C2"
"GSM1672282","Necroptosis",-0.159747258696437,28,"PCD_C1"
"GSM1672283","Necroptosis",0.171041420858272,28,"PCD_C1"
"GSM1672284","Necroptosis",-0.0980453020157571,28,"PCD_C1"
"GSM1672285","Necroptosis",0.228130500938607,28,"PCD_C1"
"GSM1672286","Necroptosis",-0.165276994006297,28,"PCD_C2"
"GSM1672287","Necroptosis",0.0381565530206986,28,"PCD_C1"
"GSM1672288","Necroptosis",-0.071427485251153,28,"PCD_C1"
"GSM1672289","Necroptosis",0.309687324567249,28,"PCD_C1"
"GSM1672290","Necroptosis",-0.083554803001605,28,"PCD_C1"
"GSM1672291","Necroptosis",-0.0723893201958476,28,"PCD_C1"
"GSM1672292","Necroptosis",0.116131679368106,28,"PCD_C1"
"GSM1672293","Necroptosis",-0.150182596054502,28,"PCD_C2"
"GSM1672294","Necroptosis",0.31457157015429,28,"PCD_C2"
"GSM1672295","Necroptosis",-0.34581033368197,28,"PCD_C2"
"GSM1672296","Necroptosis",-0.131383673084897,28,"PCD_C2"
"GSM1672297","Necroptosis",-0.0839735124988788,28,"PCD_C2"
"GSM1672298","Necroptosis",0.0964090835582946,28,"PCD_C1"
"GSM1672299","Necroptosis",0.278875671942893,28,"PCD_C1"
"GSM1672300","Necroptosis",-0.126876671032719,28,"PCD_C1"
"GSM1672301","Necroptosis",-0.172654504713468,28,"PCD_C1"
"GSM1672302","Necroptosis",0.163609774199094,28,"PCD_C1"
"GSM1672303","Necroptosis",0.172876772289692,28,"PCD_C2"
"GSM1672304","Necroptosis",0.348472532758214,28,"PCD_C1"
"GSM1672305","Necroptosis",-0.233673200346292,28,"PCD_C2"
"GSM1672306","Necroptosis",-0.000896375839558168,28,"PCD_C1"
"GSM1672307","Necroptosis",-0.28766891339376,28,"PCD_C2"
"GSM1672308","Necroptosis",0.0966296491956545,28,"PCD_C2"
"GSM1672309","Necroptosis",-0.279990461823365,28,"PCD_C2"
"GSM1672310","Necroptosis",-0.136159954625547,28,"PCD_C1"
"GSM1672311","Necroptosis",0.47507854302474,28,"PCD_C1"
"GSM1672312","Necroptosis",-0.00583976324525938,28,"PCD_C1"
"GSM1672313","Necroptosis",0.0063303410720004,28,"PCD_C2"
"GSM1672314","Necroptosis",-0.1522584887463,28,"PCD_C1"
"GSM1672315","Necroptosis",-0.812155409246738,28,"PCD_C2"
"GSM1672316","Necroptosis",0.171321978181046,28,"PCD_C1"
"GSM1672317","Necroptosis",0.366778635594995,28,"PCD_C1"
"GSM1672318","Necroptosis",-0.429894801972458,28,"PCD_C2"
"GSM1672319","Necroptosis",0.0891524700583966,28,"PCD_C1"
"GSM1672320","Necroptosis",0.00575577626854089,28,"PCD_C2"
"GSM1672321","Necroptosis",0.0548329160416362,28,"PCD_C1"
"GSM1672322","Necroptosis",-0.0912605162469955,28,"PCD_C1"
"GSM1672323","Necroptosis",0.0133108394633517,28,"PCD_C1"
"GSM1672324","Necroptosis",0.238243618185198,28,"PCD_C2"
"GSM1672325","Necroptosis",0.0533129570138342,28,"PCD_C1"
"GSM1672326","Necroptosis",0.14723152365553,28,"PCD_C1"
"GSM1672327","Necroptosis",-0.0625208915309143,28,"PCD_C1"
"GSM1672328","Necroptosis",-0.192871365122043,28,"PCD_C1"
"GSM1672329","Necroptosis",0.230220638342776,28,"PCD_C1"
"GSM1672330","Necroptosis",0.106020607277367,28,"PCD_C1"
"GSM1672331","Necroptosis",0.0463314380172325,28,"PCD_C1"
"GSM1672332","Necroptosis",-0.0790728159178105,28,"PCD_C2"
"GSM1672333","Necroptosis",-0.236329695274568,28,"PCD_C1"
"GSM1672334","Necroptosis",0.077533499340167,28,"PCD_C1"
"GSM1672335","Necroptosis",-0.262031195857565,28,"PCD_C1"
"GSM1672336","Necroptosis",0.0786247981201924,28,"PCD_C2"
"GSM1672337","Necroptosis",-0.304706954515052,28,"PCD_C2"
"GSM1672338","Necroptosis",0.279543453193933,28,"PCD_C2"
"GSM1672339","Necroptosis",0.00640492960155209,28,"PCD_C2"
"GSM1672340","Necroptosis",0.187963348595635,28,"PCD_C2"
"GSM1672341","Necroptosis",0.103273641497741,28,"PCD_C1"
"GSM1672342","Necroptosis",0.199691768376258,28,"PCD_C1"
"GSM1672343","Necroptosis",0.37735192853846,28,"PCD_C2"
"GSM1672344","Necroptosis",-0.091975592093541,28,"PCD_C1"
"GSM1672345","Necroptosis",-0.233123175661561,28,"PCD_C2"
"GSM1672346","Necroptosis",-0.787127331811414,28,"PCD_C2"
"GSM1672347","Necroptosis",-0.353847790585707,28,"PCD_C1"
"GSM1672348","Necroptosis",0.291662917315554,28,"PCD_C1"
"GSM1672349","Necroptosis",-0.141860255964323,28,"PCD_C2"
"GSM1672350","Necroptosis",-0.115222377110351,28,"PCD_C2"
"GSM1672351","Necroptosis",0.146286513268673,28,"PCD_C1"
"GSM1672352","Necroptosis",-0.177344667902551,28,"PCD_C2"
"GSM1672353","Necroptosis",-0.16284607449035,28,"PCD_C2"
"GSM1672354","Necroptosis",-0.066532355753716,28,"PCD_C1"
"GSM1672355","Necroptosis",0.129895626641849,28,"PCD_C2"
"GSM1672356","Necroptosis",0.0564744339156542,28,"PCD_C2"
"GSM1672357","Necroptosis",-0.398362715619056,28,"PCD_C1"
"GSM1672358","Necroptosis",-0.0181659392711674,28,"PCD_C1"
"GSM1672359","Necroptosis",-0.119687380668786,28,"PCD_C1"
"GSM1672360","Necroptosis",-0.131923499113091,28,"PCD_C1"
"GSM1672361","Necroptosis",-0.0978461702918221,28,"PCD_C2"
"GSM1672362","Necroptosis",-0.465829237199972,28,"PCD_C2"
"GSM1672363","Necroptosis",-0.238751768154363,28,"PCD_C2"
"GSM1672364","Necroptosis",0.0442848544951361,28,"PCD_C1"
"GSM1672365","Necroptosis",-0.169051137966266,28,"PCD_C2"
"GSM1672366","Necroptosis",-0.344039317058513,28,"PCD_C2"
"GSM1672367","Necroptosis",0.0493879683998369,28,"PCD_C1"
"GSM1672368","Necroptosis",-0.0404034608929701,28,"PCD_C2"
"GSM1672369","Necroptosis",-0.144566865245371,28,"PCD_C2"
"GSM1672370","Necroptosis",0.0737552849779798,28,"PCD_C2"
"GSM1672371","Necroptosis",-0.0417035540121572,28,"PCD_C1"
"GSM1672372","Necroptosis",-0.180144770252074,28,"PCD_C1"
"GSM1672373","Necroptosis",-0.0782399651334306,28,"PCD_C1"
"GSM1672374","Necroptosis",0.0494956261267859,28,"PCD_C2"
"GSM1672375","Necroptosis",-0.0292397191886117,28,"PCD_C2"
"GSM1672376","Necroptosis",0.0989990783173952,28,"PCD_C2"
"GSM1672377","Necroptosis",-0.646927048134016,28,"PCD_C2"
"GSM1672378","Necroptosis",-0.318927768915275,28,"PCD_C1"
"GSM1672379","Necroptosis",0.177545965440288,28,"PCD_C1"
"GSM1672380","Necroptosis",-0.275333105031054,28,"PCD_C2"
"GSM1672381","Necroptosis",-0.086139971045876,28,"PCD_C1"
"GSM1672382","Necroptosis",-0.0788603592393806,28,"PCD_C1"
"GSM1672383","Necroptosis",0.264644763125577,28,"PCD_C1"
"GSM1672384","Necroptosis",-0.139356062230486,28,"PCD_C1"
"GSM1672385","Necroptosis",0.195397386184382,28,"PCD_C2"
"GSM1672386","Necroptosis",-0.339259033635151,28,"PCD_C1"
"GSM1672387","Necroptosis",-0.348747364423122,28,"PCD_C1"
"GSM1672388","Necroptosis",0.079200775398647,28,"PCD_C1"
"GSM1672389","Necroptosis",0.21277261680498,28,"PCD_C1"
"GSM1672390","Necroptosis",0.370644154751209,28,"PCD_C1"
"GSM1672391","Necroptosis",-0.139339634572256,28,"PCD_C1"
"GSM1672392","Necroptosis",0.0904383406630962,28,"PCD_C1"
"GSM1672393","Necroptosis",-0.239499801273532,28,"PCD_C2"
"GSM1672394","Necroptosis",-0.183340813032268,28,"PCD_C1"
"GSM1672395","Necroptosis",-0.0562332054318283,28,"PCD_C2"
"GSM1672396","Necroptosis",-0.0878341432445415,28,"PCD_C1"
"GSM1672397","Necroptosis",-0.0251175282965917,28,"PCD_C2"
"GSM1672398","Necroptosis",-0.310074548268329,28,"PCD_C1"
"GSM1672399","Necroptosis",0.455307871093855,28,"PCD_C1"
"GSM1672400","Necroptosis",0.141078951049144,28,"PCD_C1"
"GSM1672401","Necroptosis",0.300927975241959,28,"PCD_C1"
"GSM1672402","Necroptosis",-0.0346726911490753,28,"PCD_C2"
"GSM1672403","Necroptosis",-0.0325763328586613,28,"PCD_C1"
"GSM1672404","Necroptosis",0.426486298691117,28,"PCD_C1"
"GSM1672405","Necroptosis",0.0802959969161284,28,"PCD_C1"
"GSM1672406","Necroptosis",-0.247305197332123,28,"PCD_C1"
"GSM1672407","Necroptosis",0.404726811591856,28,"PCD_C1"
"GSM1672408","Necroptosis",-0.350657757589808,28,"PCD_C2"
"GSM1672409","Necroptosis",-0.269986050718383,28,"PCD_C1"
"GSM1672410","Necroptosis",-0.0952209200319095,28,"PCD_C2"
"GSM1672411","Necroptosis",0.0512580745053767,28,"PCD_C2"
"GSM1672412","Necroptosis",-0.00449717377590954,28,"PCD_C1"
"GSM1672413","Necroptosis",0.0865544056277399,28,"PCD_C1"
"GSM1672414","Necroptosis",0.187670012261932,28,"PCD_C1"
"GSM1672415","Necroptosis",0.0568143778754739,28,"PCD_C1"
"GSM1672416","Necroptosis",0.222688325890806,28,"PCD_C1"
"GSM1672417","Necroptosis",0.327071406142164,28,"PCD_C1"
"GSM1672418","Necroptosis",-0.0464012156722847,28,"PCD_C2"
"GSM1672419","Necroptosis",-0.113944991579721,28,"PCD_C1"
"GSM1672420","Necroptosis",0.02146523888516,28,"PCD_C1"
"GSM1672421","Necroptosis",-0.0132143759939609,28,"PCD_C2"
"GSM1672422","Necroptosis",0.623347029368343,28,"PCD_C2"
"GSM1672423","Necroptosis",0.0433017618737362,28,"PCD_C1"
"GSM1672424","Necroptosis",0.345275010430169,28,"PCD_C1"
"GSM1672425","Necroptosis",0.251768728009465,28,"PCD_C1"
"GSM1672426","Necroptosis",-0.0695395873222031,28,"PCD_C1"
"GSM1672427","Necroptosis",0.219218427710668,28,"PCD_C1"
"GSM1672428","Necroptosis",-0.00120160576328304,28,"PCD_C1"
"GSM1672429","Necroptosis",0.0302370742638148,28,"PCD_C1"
"GSM1672430","Necroptosis",0.0678029907285607,28,"PCD_C1"
"GSM1672431","Necroptosis",0.443510320373081,28,"PCD_C2"
"GSM1672432","Necroptosis",-0.332124645627988,28,"PCD_C2"
"GSM1672433","Necroptosis",0.207116555355657,28,"PCD_C2"
"GSM1672434","Necroptosis",0.396316775748782,28,"PCD_C2"
"GSM1672435","Necroptosis",0.3412746713333,28,"PCD_C2"
"GSM1672436","Necroptosis",0.21731230387887,28,"PCD_C2"
"GSM1672437","Necroptosis",0.0505463441117669,28,"PCD_C2"
"GSM1672438","Necroptosis",0.0502486926954567,28,"PCD_C1"
"GSM1672439","Necroptosis",0.422761986122865,28,"PCD_C2"
"GSM1672440","Necroptosis",0.0808017332450632,28,"PCD_C2"
"GSM1672441","Necroptosis",-0.00342751658835038,28,"PCD_C2"
"GSM1672442","Necroptosis",0.318171283988269,28,"PCD_C1"
"GSM1672443","Necroptosis",0.151076600652837,28,"PCD_C2"
"GSM1672444","Necroptosis",-0.0756401320086205,28,"PCD_C2"
"GSM1672445","Necroptosis",-0.129638506418537,28,"PCD_C2"
"GSM1672446","Necroptosis",0.03965503095852,28,"PCD_C2"
"GSM1672447","Necroptosis",-0.0501726694192149,28,"PCD_C1"
"GSM1672448","Necroptosis",-0.122698035317992,28,"PCD_C1"
"GSM1672449","Necroptosis",0.483529101466417,28,"PCD_C1"
"GSM1672450","Necroptosis",0.304857724748304,28,"PCD_C1"
"GSM1672451","Necroptosis",0.267937727596055,28,"PCD_C1"
"GSM1672452","Necroptosis",0.307238349087528,28,"PCD_C2"
"GSM1672453","Necroptosis",0.158934937783773,28,"PCD_C1"
"GSM1672454","Necroptosis",0.0657818942429943,28,"PCD_C2"
"GSM1672455","Necroptosis",-0.456012592713104,28,"PCD_C2"
"GSM1672456","Necroptosis",0.125850231775059,28,"PCD_C1"
"GSM1672457","Necroptosis",0.0911678606062266,28,"PCD_C2"
"GSM1672458","Necroptosis",0.398739019493619,28,"PCD_C1"
"GSM1672459","Necroptosis",0.113021423423537,28,"PCD_C2"
"GSM1672460","Necroptosis",-0.0925709660173328,28,"PCD_C1"
"GSM1672461","Necroptosis",0.169654067547336,28,"PCD_C1"
"GSM1672462","Necroptosis",0.0556921408542798,28,"PCD_C1"
"GSM1672463","Necroptosis",0.31340138544003,28,"PCD_C1"
"GSM1672464","Necroptosis",0.159766645556928,28,"PCD_C1"
"GSM1672465","Necroptosis",0.229967079310274,28,"PCD_C1"
"GSM1672466","Necroptosis",-0.259046198368546,28,"PCD_C1"
"GSM1672467","Necroptosis",-0.275136775117427,28,"PCD_C2"
"GSM1672468","Necroptosis",0.206565296887096,28,"PCD_C1"
"GSM1672469","Necroptosis",0.309890328566609,28,"PCD_C1"
"GSM1672470","Necroptosis",0.141568591942895,28,"PCD_C1"
"GSM1672471","Necroptosis",-0.114069715924914,28,"PCD_C1"
"GSM1672472","Necroptosis",0.0142815552286849,28,"PCD_C2"
"GSM1672473","Necroptosis",0.402301321760565,28,"PCD_C2"
"GSM1672474","Necroptosis",0.236752941278256,28,"PCD_C1"
"GSM1672475","Necroptosis",-0.112204133964404,28,"PCD_C2"
"GSM1672476","Necroptosis",0.22680186704799,28,"PCD_C1"
"GSM1672477","Necroptosis",-0.247276293912496,28,"PCD_C2"
"GSM1672478","Necroptosis",0.198049816145318,28,"PCD_C2"
"GSM1672479","Necroptosis",0.672135256655704,28,"PCD_C1"
"GSM1672480","Necroptosis",-0.072295180142156,28,"PCD_C1"
"GSM1672481","Necroptosis",0.0129474068652632,28,"PCD_C1"
"GSM1672482","Necroptosis",0.449705031276825,28,"PCD_C1"
"GSM1672483","Necroptosis",0.304462597051538,28,"PCD_C1"
"GSM1672484","Necroptosis",0.156431179593444,28,"PCD_C1"
"GSM1672485","Necroptosis",0.0673117398395647,28,"PCD_C1"
"GSM1672486","Necroptosis",0.0856022310764473,28,"PCD_C1"
"GSM1672487","Necroptosis",0.36962050576485,28,"PCD_C1"
"GSM1672488","Necroptosis",-0.20205569257197,28,"PCD_C1"
"GSM1672489","Necroptosis",-0.138211834696892,28,"PCD_C2"
"GSM1672490","Necroptosis",0.0219903546240248,28,"PCD_C1"
"GSM1672491","Necroptosis",0.211410624500712,28,"PCD_C1"
"GSM1672492","Necroptosis",-0.130369931038192,28,"PCD_C2"
"GSM1672493","Necroptosis",0.156145756387453,28,"PCD_C1"
"GSM1672494","Necroptosis",-0.151211665841392,28,"PCD_C2"
"GSM1672495","Necroptosis",0.21824738787744,28,"PCD_C1"
"GSM1672496","Necroptosis",0.092250169737646,28,"PCD_C1"
"GSM1672497","Necroptosis",0.166514233248744,28,"PCD_C1"
"GSM1672498","Necroptosis",-0.0323048448333945,28,"PCD_C1"
"GSM1672499","Necroptosis",0.297903076495027,28,"PCD_C1"
"GSM1672500","Necroptosis",0.0931734404086559,28,"PCD_C2"
"GSM1672501","Necroptosis",-0.0190847824182537,28,"PCD_C1"
"GSM1672502","Necroptosis",0.0984496567430233,28,"PCD_C2"
"GSM1672503","Necroptosis",0.256690634890286,28,"PCD_C1"
"GSM1672504","Necroptosis",-0.121425870648129,28,"PCD_C1"
"GSM1672505","Necroptosis",0.151782984862325,28,"PCD_C1"
"GSM1672506","Necroptosis",0.306317533057805,28,"PCD_C2"
"GSM1672507","Necroptosis",0.0347787388780381,28,"PCD_C1"
"GSM1672508","Necroptosis",0.290350930701736,28,"PCD_C1"
"GSM1672509","Necroptosis",0.274229924821891,28,"PCD_C1"
"GSM1672510","Necroptosis",0.34533169505564,28,"PCD_C1"
"GSM1672511","Necroptosis",0.215953416847992,28,"PCD_C1"
"GSM1672512","Necroptosis",0.0489011819375907,28,"PCD_C1"
"GSM1672513","Necroptosis",0.445749538252522,28,"PCD_C2"
"GSM1672514","Necroptosis",0.301860370904909,28,"PCD_C1"
"GSM1672515","Necroptosis",0.0202004431727289,28,"PCD_C1"
"GSM1672516","Necroptosis",-0.0691506268321279,28,"PCD_C2"
"GSM1672517","Necroptosis",0.143564884770236,28,"PCD_C1"
"GSM1672518","Necroptosis",-0.29779336414386,28,"PCD_C1"
"GSM1672519","Necroptosis",-0.00701862261260897,28,"PCD_C1"
"GSM1672520","Necroptosis",0.00106250929110905,28,"PCD_C1"
"GSM1672521","Necroptosis",0.149438123847276,28,"PCD_C1"
"GSM1672522","Necroptosis",0.33142313596795,28,"PCD_C1"
"GSM1672523","Necroptosis",0.106528272814284,28,"PCD_C1"
"GSM1672524","Necroptosis",-0.294304061367132,28,"PCD_C2"
"GSM1672525","Necroptosis",0.434308927627933,28,"PCD_C1"
"GSM1672526","Necroptosis",-0.426365846763734,28,"PCD_C1"
"GSM1672527","Necroptosis",-0.487886400247833,28,"PCD_C1"
"GSM1672528","Necroptosis",0.133660923627999,28,"PCD_C1"
"GSM1672529","Necroptosis",-0.182630374943008,28,"PCD_C1"
"GSM1672530","Necroptosis",-0.796091876056374,28,"PCD_C2"
"GSM1672531","Necroptosis",0.265940392990304,28,"PCD_C1"
"GSM1672532","Necroptosis",0.187752664254623,28,"PCD_C1"
"GSM1672533","Necroptosis",0.106961504225792,28,"PCD_C1"
"GSM1672534","Necroptosis",0.359904029636041,28,"PCD_C1"
"GSM1672535","Necroptosis",-0.243930839262676,28,"PCD_C1"
"GSM1672536","Necroptosis",-0.0642173221218218,28,"PCD_C1"
"GSM1672537","Necroptosis",0.222128834056836,28,"PCD_C2"
"GSM1672538","Necroptosis",-0.358340943479504,28,"PCD_C2"
"GSM1672539","Necroptosis",0.0238620494828607,28,"PCD_C2"
"GSM1672540","Necroptosis",0.294180718259253,28,"PCD_C1"
"GSM1672541","Necroptosis",-0.714875132273083,28,"PCD_C2"
"GSM1672542","Necroptosis",0.107061415821448,28,"PCD_C1"
"GSM1672543","Necroptosis",0.2110569369949,28,"PCD_C1"
"GSM1672544","Necroptosis",0.0878239114954266,28,"PCD_C2"
"GSM1672545","Necroptosis",-0.152004496247856,28,"PCD_C1"
"GSM1672546","Necroptosis",0.31755686273422,28,"PCD_C2"
"GSM1672547","Necroptosis",0.324898112485825,28,"PCD_C2"
"GSM1672548","Necroptosis",-0.134018337663853,28,"PCD_C1"
"GSM1672549","Necroptosis",0.525446569933534,28,"PCD_C1"
"GSM1672550","Necroptosis",-0.200250622455977,28,"PCD_C2"
"GSM1672551","Necroptosis",0.428021208652331,28,"PCD_C1"
"GSM1672552","Necroptosis",0.0268018657252853,28,"PCD_C1"
"GSM1672553","Necroptosis",0.171207030357653,28,"PCD_C1"
"GSM1672554","Necroptosis",0.757152560597738,28,"PCD_C1"
"GSM1672555","Necroptosis",-0.217798611076437,28,"PCD_C2"
"GSM1672556","Necroptosis",-0.247789640496695,28,"PCD_C2"
"GSM1672557","Necroptosis",-0.266013643122814,28,"PCD_C2"
"GSM1672558","Necroptosis",0.0599970176318196,28,"PCD_C1"
"GSM1672559","Necroptosis",-0.118969397581528,28,"PCD_C1"
"GSM1672560","Necroptosis",0.136401093353981,28,"PCD_C2"
"GSM1672561","Necroptosis",0.172713053171648,28,"PCD_C2"
"GSM1672562","Necroptosis",0.278691456555943,28,"PCD_C2"
"GSM1672563","Necroptosis",-0.0375812617995757,28,"PCD_C2"
"GSM1672564","Necroptosis",0.0979086974124245,28,"PCD_C2"
"GSM1672565","Necroptosis",0.22226106764234,28,"PCD_C2"
"GSM1672566","Necroptosis",0.0601717703806509,28,"PCD_C2"
"GSM1672567","Necroptosis",-0.0227182173778251,28,"PCD_C2"
"GSM1672568","Necroptosis",-0.329824418907675,28,"PCD_C2"
"GSM1672569","Necroptosis",0.179495414622998,28,"PCD_C2"
"GSM1672570","Necroptosis",0.113376541983673,28,"PCD_C1"
"GSM1672571","Necroptosis",0.0860796452552994,28,"PCD_C1"
"GSM1672572","Necroptosis",0.421078291322215,28,"PCD_C1"
"GSM1672573","Necroptosis",0.0433254814907662,28,"PCD_C2"
"GSM1672574","Necroptosis",0.218475582931739,28,"PCD_C1"
"GSM1672575","Necroptosis",0.14765546085218,28,"PCD_C1"
"GSM1672576","Necroptosis",0.00878057190997227,28,"PCD_C1"
"GSM1672577","Necroptosis",0.0158531799261042,28,"PCD_C1"
"GSM1672578","Necroptosis",0.363673753267407,28,"PCD_C2"
"GSM1672579","Necroptosis",0.155508020164042,28,"PCD_C2"
"GSM1672580","Necroptosis",-0.307694269287388,28,"PCD_C1"
"GSM1672581","Necroptosis",-0.0733912565956773,28,"PCD_C1"
"GSM1672582","Necroptosis",-0.250712541631598,28,"PCD_C2"
"GSM1672583","Necroptosis",-0.576408891664324,28,"PCD_C1"
"GSM1672584","Necroptosis",-0.347538325264844,28,"PCD_C2"
"GSM1672585","Necroptosis",-0.66216357067676,28,"PCD_C2"
"GSM1672586","Necroptosis",-0.268577496290082,28,"PCD_C2"
"GSM1672587","Necroptosis",-0.159110941439339,28,"PCD_C1"
"GSM1672588","Necroptosis",-0.0273810461385768,28,"PCD_C1"
"GSM1672589","Necroptosis",-0.786101152103683,28,"PCD_C1"
"GSM1672590","Necroptosis",-0.296760410368399,28,"PCD_C2"
"GSM1672591","Necroptosis",-0.0225142643884345,28,"PCD_C1"
"GSM1672592","Necroptosis",0.168137312155657,28,"PCD_C1"
"GSM1672593","Necroptosis",-0.398668409991669,28,"PCD_C1"
"GSM1672594","Necroptosis",0.18374205611813,28,"PCD_C1"
"GSM1672595","Necroptosis",-0.36969766929456,28,"PCD_C1"
"GSM1672596","Necroptosis",-0.367281545988785,28,"PCD_C1"
"GSM1672597","Necroptosis",-0.0846044223502892,28,"PCD_C1"
"GSM1672598","Necroptosis",-0.176426070857731,28,"PCD_C1"
"GSM1672599","Necroptosis",-0.112627042174239,28,"PCD_C2"
"GSM1672600","Necroptosis",0.214561069444766,28,"PCD_C1"
"GSM1672601","Necroptosis",0.0104252434915722,28,"PCD_C1"
"GSM1672602","Necroptosis",-0.352577335577758,28,"PCD_C2"
"GSM1672603","Necroptosis",-0.0392148884442849,28,"PCD_C2"
"GSM1672604","Necroptosis",-0.11847287747496,28,"PCD_C1"
"GSM1672605","Necroptosis",0.205580826359654,28,"PCD_C1"
"GSM1672606","Necroptosis",-0.209532379944915,28,"PCD_C1"
"GSM1672607","Necroptosis",0.289955279517384,28,"PCD_C1"
"GSM1672608","Necroptosis",-0.272276271099272,28,"PCD_C1"
"GSM1672609","Necroptosis",-0.0819912088808418,28,"PCD_C2"
"GSM1672610","Necroptosis",-0.00995035301764815,28,"PCD_C2"
"GSM1672611","Necroptosis",0.244848621380623,28,"PCD_C1"
"GSM1672612","Necroptosis",0.256188226442945,28,"PCD_C1"
"GSM1672613","Necroptosis",0.175564853597125,28,"PCD_C2"
"GSM1672614","Necroptosis",-0.112665658697606,28,"PCD_C2"
"GSM1672615","Necroptosis",-0.00544117171711467,28,"PCD_C1"
"GSM1672616","Necroptosis",0.015114905503495,28,"PCD_C1"
"GSM1672617","Necroptosis",0.357170417814445,28,"PCD_C1"
"GSM1672618","Necroptosis",0.215509872213251,28,"PCD_C1"
"GSM1672619","Necroptosis",0.287097058772867,28,"PCD_C1"
"GSM1672620","Necroptosis",0.0884569902251264,28,"PCD_C2"
"GSM1672621","Necroptosis",0.0041871007858325,28,"PCD_C2"
"GSM1672622","Necroptosis",-0.116471352912832,28,"PCD_C2"
"GSM1672623","Necroptosis",0.267415092150557,28,"PCD_C2"
"GSM1672624","Necroptosis",0.298389825974789,28,"PCD_C1"
"GSM1672625","Necroptosis",0.170690911456416,28,"PCD_C1"
"GSM1672626","Necroptosis",-0.00748735453593783,28,"PCD_C2"
"GSM1672627","Necroptosis",-0.181404850422123,28,"PCD_C2"
"GSM1672628","Necroptosis",0.0761475380686786,28,"PCD_C1"
"GSM1672629","Necroptosis",0.18620548050518,28,"PCD_C2"
"GSM1672630","Necroptosis",0.0561342171889049,28,"PCD_C1"
"GSM1672631","Necroptosis",-0.3129585145347,28,"PCD_C1"
"GSM1672632","Necroptosis",0.144991877514133,28,"PCD_C2"
"GSM1672633","Necroptosis",0.26439620706845,28,"PCD_C2"
"GSM1672634","Necroptosis",-0.268492051977477,28,"PCD_C2"
"GSM1672635","Necroptosis",-0.137545258237009,28,"PCD_C2"
"GSM1672636","Necroptosis",0.465272270161994,28,"PCD_C2"
"GSM1672637","Necroptosis",-0.0431523061477608,28,"PCD_C1"
"GSM1672638","Necroptosis",0.0499575482737914,28,"PCD_C2"
"GSM1672639","Necroptosis",0.287747831922159,28,"PCD_C1"
"GSM1672640","Necroptosis",-0.0290158914972499,28,"PCD_C2"
"GSM1672641","Necroptosis",-0.0763871867843618,28,"PCD_C1"
"GSM1672642","Necroptosis",0.0127629150611172,28,"PCD_C2"
"GSM1672643","Necroptosis",0.19383005013364,28,"PCD_C1"
"GSM1672644","Necroptosis",0.207249082205772,28,"PCD_C2"
"GSM1672645","Necroptosis",-0.248864011814322,28,"PCD_C1"
"GSM1672646","Necroptosis",-0.160168060495199,28,"PCD_C2"
"GSM1672647","Necroptosis",0.105677196482928,28,"PCD_C1"
"GSM1672648","Necroptosis",-0.172323577474715,28,"PCD_C2"
"GSM1672649","Necroptosis",-0.529170531962473,28,"PCD_C2"
"GSM1672650","Necroptosis",0.263495889622614,28,"PCD_C1"
"GSM1672651","Necroptosis",-0.0236428059189768,28,"PCD_C2"
"GSM1672652","Necroptosis",-0.114805228291628,28,"PCD_C2"
"GSM1672653","Necroptosis",-0.404319152626722,28,"PCD_C1"
"GSM1672654","Necroptosis",0.0220155640905633,28,"PCD_C2"
"GSM1672655","Necroptosis",0.112474933789337,28,"PCD_C1"
"GSM1672656","Necroptosis",-0.406350776438274,28,"PCD_C1"
"GSM1672657","Necroptosis",-0.263184042596447,28,"PCD_C1"
"GSM1672658","Necroptosis",0.0692772209858748,28,"PCD_C1"
"GSM1672659","Necroptosis",0.359669734689652,28,"PCD_C1"
"GSM1672660","Necroptosis",0.124773760275976,28,"PCD_C2"
"GSM1672661","Necroptosis",-0.345179109808505,28,"PCD_C1"
"GSM1672662","Necroptosis",-0.0580161675117598,28,"PCD_C1"
"GSM1672663","Necroptosis",-0.447830445021893,28,"PCD_C2"
"GSM1672664","Necroptosis",-0.150172207784318,28,"PCD_C2"
"GSM1672665","Necroptosis",0.13302204333177,28,"PCD_C1"
"GSM1672666","Necroptosis",-0.242692257745372,28,"PCD_C2"
"GSM1672667","Necroptosis",0.0235371471129552,28,"PCD_C2"
"GSM1672668","Necroptosis",-0.0762434489971221,28,"PCD_C2"
"GSM1672669","Necroptosis",0.416613445888889,28,"PCD_C1"
"GSM1672670","Necroptosis",-0.354585314153882,28,"PCD_C2"
"GSM1672671","Necroptosis",0.0743331142895765,28,"PCD_C2"
"GSM1672672","Necroptosis",-0.214966376941924,28,"PCD_C2"
"GSM1672673","Necroptosis",0.199308333795067,28,"PCD_C2"
"GSM1672674","Necroptosis",0.161252660617248,28,"PCD_C2"
"GSM1672675","Necroptosis",-0.366795491993345,28,"PCD_C2"
"GSM1672676","Necroptosis",-0.507793568877579,28,"PCD_C2"
"GSM1672677","Necroptosis",-0.130363509627722,28,"PCD_C1"
"GSM1672678","Necroptosis",-0.00209115476263411,28,"PCD_C2"
"GSM1672679","Necroptosis",-0.416721660655069,28,"PCD_C2"
"GSM1672680","Necroptosis",0.06340788509635,28,"PCD_C2"
"GSM1672681","Necroptosis",-0.236189963554931,28,"PCD_C1"
"GSM1672682","Necroptosis",-0.0789986378270018,28,"PCD_C2"
"GSM1672683","Necroptosis",-0.163713299941652,28,"PCD_C2"
"GSM1672684","Necroptosis",-0.24089252796571,28,"PCD_C2"
"GSM1672685","Necroptosis",-0.200956054480486,28,"PCD_C2"
"GSM1672686","Necroptosis",-0.21222293077256,28,"PCD_C1"
"GSM1672687","Necroptosis",-0.315935125837681,28,"PCD_C1"
"GSM1672688","Necroptosis",-0.691515985468145,28,"PCD_C2"
"GSM1672689","Necroptosis",-0.280162796798236,28,"PCD_C1"
"GSM1672690","Necroptosis",-0.328898423595494,28,"PCD_C1"
"GSM1672691","Necroptosis",-0.201194952170181,28,"PCD_C1"
"GSM1672692","Necroptosis",0.373734703227888,28,"PCD_C1"
"GSM1672693","Necroptosis",0.1397310787682,28,"PCD_C2"
"GSM1672694","Necroptosis",-0.136496199052569,28,"PCD_C2"
"GSM1672695","Necroptosis",-0.121733833513765,28,"PCD_C1"
"GSM1672696","Necroptosis",-0.179288640126037,28,"PCD_C2"
"GSM1672697","Necroptosis",-0.113939611096863,28,"PCD_C2"
"GSM1672698","Necroptosis",0.0582545770079656,28,"PCD_C1"
"GSM1672699","Necroptosis",0.297220932985346,28,"PCD_C1"
"GSM1672700","Necroptosis",-0.0374010125682923,28,"PCD_C1"
"GSM1672701","Necroptosis",0.267408111052631,28,"PCD_C1"
"GSM1672702","Necroptosis",0.079476850016332,28,"PCD_C1"
"GSM1672703","Necroptosis",0.0720857802365771,28,"PCD_C2"
"GSM1672704","Necroptosis",-0.0666236380179629,28,"PCD_C1"
"GSM1672705","Necroptosis",-0.0501985848224954,28,"PCD_C1"
"GSM1672706","Necroptosis",-0.220482793734928,28,"PCD_C2"
"GSM1672707","Necroptosis",-0.259473900375869,28,"PCD_C2"
"GSM1672708","Necroptosis",-0.211901795172146,28,"PCD_C2"
"GSM1672709","Necroptosis",-0.264712287609689,28,"PCD_C2"
"GSM1672710","Necroptosis",-0.359811920453248,28,"PCD_C1"
"GSM1672711","Necroptosis",-0.0878586258905317,28,"PCD_C1"
"GSM1672712","Necroptosis",-0.167824827007606,28,"PCD_C2"
"GSM1672713","Necroptosis",-0.267357295327369,28,"PCD_C2"
"GSM1672714","Necroptosis",0.0273398959470024,28,"PCD_C2"
"GSM1672715","Necroptosis",-0.285449333311579,28,"PCD_C2"
"GSM1672716","Necroptosis",-0.0351120845851593,28,"PCD_C2"
"GSM1672717","Necroptosis",-0.289692746900804,28,"PCD_C2"
"GSM1672718","Necroptosis",-0.130552499761456,28,"PCD_C1"
"GSM1672719","Necroptosis",-0.0179114613848003,28,"PCD_C1"
"GSM1672720","Necroptosis",-0.435491451690638,28,"PCD_C2"
"GSM1672721","Necroptosis",-0.408964435738431,28,"PCD_C1"
"GSM1672722","Necroptosis",-0.0479727971591458,28,"PCD_C1"
"GSM1672723","Necroptosis",-0.129927799922341,28,"PCD_C2"
"GSM1672281","Pyroptosis",0.36718133588452,24,"PCD_C2"
"GSM1672282","Pyroptosis",0.0339842932619831,24,"PCD_C1"
"GSM1672283","Pyroptosis",-0.00181317114140632,24,"PCD_C1"
"GSM1672284","Pyroptosis",-0.157795113743217,24,"PCD_C1"
"GSM1672285","Pyroptosis",0.405350128161033,24,"PCD_C1"
"GSM1672286","Pyroptosis",-0.296317748743357,24,"PCD_C2"
"GSM1672287","Pyroptosis",-0.0557479520083492,24,"PCD_C1"
"GSM1672288","Pyroptosis",0.10401279310555,24,"PCD_C1"
"GSM1672289","Pyroptosis",0.0111706156718851,24,"PCD_C1"
"GSM1672290","Pyroptosis",-0.139522941579272,24,"PCD_C1"
"GSM1672291","Pyroptosis",0.197047269626841,24,"PCD_C1"
"GSM1672292","Pyroptosis",0.478739132087035,24,"PCD_C1"
"GSM1672293","Pyroptosis",0.196232156906478,24,"PCD_C2"
"GSM1672294","Pyroptosis",0.510167312959659,24,"PCD_C2"
"GSM1672295","Pyroptosis",-0.0236696691934111,24,"PCD_C2"
"GSM1672296","Pyroptosis",-0.129470787391154,24,"PCD_C2"
"GSM1672297","Pyroptosis",-0.218917467168177,24,"PCD_C2"
"GSM1672298","Pyroptosis",0.0215975815582718,24,"PCD_C1"
"GSM1672299","Pyroptosis",0.483646019409901,24,"PCD_C1"
"GSM1672300","Pyroptosis",-0.145801463616787,24,"PCD_C1"
"GSM1672301","Pyroptosis",0.0686779282083216,24,"PCD_C1"
"GSM1672302","Pyroptosis",0.556087126052613,24,"PCD_C1"
"GSM1672303","Pyroptosis",-0.0534254985493718,24,"PCD_C2"
"GSM1672304","Pyroptosis",0.095723732774286,24,"PCD_C1"
"GSM1672305","Pyroptosis",-0.316602886373031,24,"PCD_C2"
"GSM1672306","Pyroptosis",0.172695416182614,24,"PCD_C1"
"GSM1672307","Pyroptosis",-0.856671147513202,24,"PCD_C2"
"GSM1672308","Pyroptosis",-0.124258604794396,24,"PCD_C2"
"GSM1672309","Pyroptosis",-0.263332540785973,24,"PCD_C2"
"GSM1672310","Pyroptosis",-0.13794122938637,24,"PCD_C1"
"GSM1672311","Pyroptosis",0.408423733219996,24,"PCD_C1"
"GSM1672312","Pyroptosis",0.393425550134165,24,"PCD_C1"
"GSM1672313","Pyroptosis",-0.394536884196036,24,"PCD_C2"
"GSM1672314","Pyroptosis",0.392118845760106,24,"PCD_C1"
"GSM1672315","Pyroptosis",-0.961277064653976,24,"PCD_C2"
"GSM1672316","Pyroptosis",0.226932742786936,24,"PCD_C1"
"GSM1672317","Pyroptosis",-0.0795147819300187,24,"PCD_C1"
"GSM1672318","Pyroptosis",-0.29686845343049,24,"PCD_C2"
"GSM1672319","Pyroptosis",0.236116980365634,24,"PCD_C1"
"GSM1672320","Pyroptosis",-0.06855440711159,24,"PCD_C2"
"GSM1672321","Pyroptosis",0.00613253265605996,24,"PCD_C1"
"GSM1672322","Pyroptosis",-0.0337589378724949,24,"PCD_C1"
"GSM1672323","Pyroptosis",0.187257969899334,24,"PCD_C1"
"GSM1672324","Pyroptosis",-0.135752027735712,24,"PCD_C2"
"GSM1672325","Pyroptosis",-0.0198454137964428,24,"PCD_C1"
"GSM1672326","Pyroptosis",-0.14281025140995,24,"PCD_C1"
"GSM1672327","Pyroptosis",0.216837334131707,24,"PCD_C1"
"GSM1672328","Pyroptosis",-0.232204676786777,24,"PCD_C1"
"GSM1672329","Pyroptosis",-0.295973053880892,24,"PCD_C1"
"GSM1672330","Pyroptosis",0.262228273314254,24,"PCD_C1"
"GSM1672331","Pyroptosis",-0.423370622744794,24,"PCD_C1"
"GSM1672332","Pyroptosis",0.0738518142270508,24,"PCD_C2"
"GSM1672333","Pyroptosis",-0.197455210383886,24,"PCD_C1"
"GSM1672334","Pyroptosis",0.0760371854818189,24,"PCD_C1"
"GSM1672335","Pyroptosis",0.0800547194305588,24,"PCD_C1"
"GSM1672336","Pyroptosis",-0.221451149588513,24,"PCD_C2"
"GSM1672337","Pyroptosis",-0.0842550840014205,24,"PCD_C2"
"GSM1672338","Pyroptosis",0.600463492217026,24,"PCD_C2"
"GSM1672339","Pyroptosis",0.0635900000792226,24,"PCD_C2"
"GSM1672340","Pyroptosis",0.0125608537138198,24,"PCD_C2"
"GSM1672341","Pyroptosis",0.56914384519385,24,"PCD_C1"
"GSM1672342","Pyroptosis",0.14922952683487,24,"PCD_C1"
"GSM1672343","Pyroptosis",-0.150651621831447,24,"PCD_C2"
"GSM1672344","Pyroptosis",0.0389516920649677,24,"PCD_C1"
"GSM1672345","Pyroptosis",-0.0132582848101726,24,"PCD_C2"
"GSM1672346","Pyroptosis",-0.725456447057966,24,"PCD_C2"
"GSM1672347","Pyroptosis",0.0923849266157085,24,"PCD_C1"
"GSM1672348","Pyroptosis",0.553893113381753,24,"PCD_C1"
"GSM1672349","Pyroptosis",-0.143549302094839,24,"PCD_C2"
"GSM1672350","Pyroptosis",0.248973310244789,24,"PCD_C2"
"GSM1672351","Pyroptosis",0.00160711475346887,24,"PCD_C1"
"GSM1672352","Pyroptosis",-0.221938209303752,24,"PCD_C2"
"GSM1672353","Pyroptosis",0.0563662754027405,24,"PCD_C2"
"GSM1672354","Pyroptosis",-0.54956769683212,24,"PCD_C1"
"GSM1672355","Pyroptosis",0.179763903970436,24,"PCD_C2"
"GSM1672356","Pyroptosis",-0.0991822408793023,24,"PCD_C2"
"GSM1672357","Pyroptosis",-0.353142764131937,24,"PCD_C1"
"GSM1672358","Pyroptosis",-0.124690029329973,24,"PCD_C1"
"GSM1672359","Pyroptosis",-0.177445863837328,24,"PCD_C1"
"GSM1672360","Pyroptosis",-0.18942590058142,24,"PCD_C1"
"GSM1672361","Pyroptosis",-0.40912543319112,24,"PCD_C2"
"GSM1672362","Pyroptosis",-0.325507193767899,24,"PCD_C2"
"GSM1672363","Pyroptosis",-0.377622239885933,24,"PCD_C2"
"GSM1672364","Pyroptosis",0.0738822457645694,24,"PCD_C1"
"GSM1672365","Pyroptosis",-0.183206777008076,24,"PCD_C2"
"GSM1672366","Pyroptosis",-0.458911893414076,24,"PCD_C2"
"GSM1672367","Pyroptosis",0.203938551576335,24,"PCD_C1"
"GSM1672368","Pyroptosis",-0.0460651173347492,24,"PCD_C2"
"GSM1672369","Pyroptosis",-0.0102268209794003,24,"PCD_C2"
"GSM1672370","Pyroptosis",-0.123216530721831,24,"PCD_C2"
"GSM1672371","Pyroptosis",-0.326230940693566,24,"PCD_C1"
"GSM1672372","Pyroptosis",0.310206566505319,24,"PCD_C1"
"GSM1672373","Pyroptosis",-0.235764452782491,24,"PCD_C1"
"GSM1672374","Pyroptosis",-0.0420076535473299,24,"PCD_C2"
"GSM1672375","Pyroptosis",0.00940430835791627,24,"PCD_C2"
"GSM1672376","Pyroptosis",0.177047726375877,24,"PCD_C2"
"GSM1672377","Pyroptosis",-0.740642537100867,24,"PCD_C2"
"GSM1672378","Pyroptosis",0.0271493802813823,24,"PCD_C1"
"GSM1672379","Pyroptosis",0.211628144889933,24,"PCD_C1"
"GSM1672380","Pyroptosis",0.158868460266409,24,"PCD_C2"
"GSM1672381","Pyroptosis",-0.156378721441606,24,"PCD_C1"
"GSM1672382","Pyroptosis",-0.264585938969127,24,"PCD_C1"
"GSM1672383","Pyroptosis",0.0780924277437571,24,"PCD_C1"
"GSM1672384","Pyroptosis",-0.303987752633177,24,"PCD_C1"
"GSM1672385","Pyroptosis",-0.03910846708864,24,"PCD_C2"
"GSM1672386","Pyroptosis",-0.0715104275445528,24,"PCD_C1"
"GSM1672387","Pyroptosis",0.0585598207439569,24,"PCD_C1"
"GSM1672388","Pyroptosis",-0.00650040731907096,24,"PCD_C1"
"GSM1672389","Pyroptosis",0.386662085818445,24,"PCD_C1"
"GSM1672390","Pyroptosis",-0.0658789307768307,24,"PCD_C1"
"GSM1672391","Pyroptosis",-0.157645931383642,24,"PCD_C1"
"GSM1672392","Pyroptosis",0.0326572507112368,24,"PCD_C1"
"GSM1672393","Pyroptosis",-0.411515180122926,24,"PCD_C2"
"GSM1672394","Pyroptosis",-0.0599920388669873,24,"PCD_C1"
"GSM1672395","Pyroptosis",0.106417585595233,24,"PCD_C2"
"GSM1672396","Pyroptosis",-0.111318432829467,24,"PCD_C1"
"GSM1672397","Pyroptosis",0.263890246016433,24,"PCD_C2"
"GSM1672398","Pyroptosis",-0.455166033670482,24,"PCD_C1"
"GSM1672399","Pyroptosis",0.254810740399131,24,"PCD_C1"
"GSM1672400","Pyroptosis",0.386892703938651,24,"PCD_C1"
"GSM1672401","Pyroptosis",0.354521759108434,24,"PCD_C1"
"GSM1672402","Pyroptosis",0.287407735905257,24,"PCD_C2"
"GSM1672403","Pyroptosis",0.304904086530612,24,"PCD_C1"
"GSM1672404","Pyroptosis",0.547790742909512,24,"PCD_C1"
"GSM1672405","Pyroptosis",0.221755346536268,24,"PCD_C1"
"GSM1672406","Pyroptosis",0.193171760876936,24,"PCD_C1"
"GSM1672407","Pyroptosis",0.183250029745135,24,"PCD_C1"
"GSM1672408","Pyroptosis",0.138450020340743,24,"PCD_C2"
"GSM1672409","Pyroptosis",0.142896467239176,24,"PCD_C1"
"GSM1672410","Pyroptosis",0.135712640505834,24,"PCD_C2"
"GSM1672411","Pyroptosis",0.507271347137596,24,"PCD_C2"
"GSM1672412","Pyroptosis",0.503210381982575,24,"PCD_C1"
"GSM1672413","Pyroptosis",0.0728739988750435,24,"PCD_C1"
"GSM1672414","Pyroptosis",0.3903332367736,24,"PCD_C1"
"GSM1672415","Pyroptosis",0.307336174716186,24,"PCD_C1"
"GSM1672416","Pyroptosis",0.552786232460327,24,"PCD_C1"
"GSM1672417","Pyroptosis",0.357386700863325,24,"PCD_C1"
"GSM1672418","Pyroptosis",0.321523203182957,24,"PCD_C2"
"GSM1672419","Pyroptosis",0.293390881768826,24,"PCD_C1"
"GSM1672420","Pyroptosis",-0.0321097176917026,24,"PCD_C1"
"GSM1672421","Pyroptosis",0.158989680207976,24,"PCD_C2"
"GSM1672422","Pyroptosis",0.0780504706873232,24,"PCD_C2"
"GSM1672423","Pyroptosis",0.374990748852893,24,"PCD_C1"
"GSM1672424","Pyroptosis",0.268626622225947,24,"PCD_C1"
"GSM1672425","Pyroptosis",0.427205743481776,24,"PCD_C1"
"GSM1672426","Pyroptosis",0.146530340714397,24,"PCD_C1"
"GSM1672427","Pyroptosis",0.244269905884817,24,"PCD_C1"
"GSM1672428","Pyroptosis",-0.0317261133870882,24,"PCD_C1"
"GSM1672429","Pyroptosis",0.0903306190385091,24,"PCD_C1"
"GSM1672430","Pyroptosis",0.0337875860866251,24,"PCD_C1"
"GSM1672431","Pyroptosis",-0.320804115896485,24,"PCD_C2"
"GSM1672432","Pyroptosis",-0.0830214131349794,24,"PCD_C2"
"GSM1672433","Pyroptosis",-0.399284687705442,24,"PCD_C2"
"GSM1672434","Pyroptosis",0.287373616957736,24,"PCD_C2"
"GSM1672435","Pyroptosis",-0.186606827443887,24,"PCD_C2"
"GSM1672436","Pyroptosis",-0.114835030877426,24,"PCD_C2"
"GSM1672437","Pyroptosis",0.184276543395787,24,"PCD_C2"
"GSM1672438","Pyroptosis",-0.00684749286971008,24,"PCD_C1"
"GSM1672439","Pyroptosis",0.429826658394001,24,"PCD_C2"
"GSM1672440","Pyroptosis",0.284891156034854,24,"PCD_C2"
"GSM1672441","Pyroptosis",-0.258656332013256,24,"PCD_C2"
"GSM1672442","Pyroptosis",0.360177464250666,24,"PCD_C1"
"GSM1672443","Pyroptosis",-0.313275431509014,24,"PCD_C2"
"GSM1672444","Pyroptosis",0.192436818153884,24,"PCD_C2"
"GSM1672445","Pyroptosis",-0.333987819165525,24,"PCD_C2"
"GSM1672446","Pyroptosis",0.12261041508843,24,"PCD_C2"
"GSM1672447","Pyroptosis",-0.00653756177055205,24,"PCD_C1"
"GSM1672448","Pyroptosis",-0.196986951418408,24,"PCD_C1"
"GSM1672449","Pyroptosis",0.348678583647766,24,"PCD_C1"
"GSM1672450","Pyroptosis",0.321853374485631,24,"PCD_C1"
"GSM1672451","Pyroptosis",0.057354696467285,24,"PCD_C1"
"GSM1672452","Pyroptosis",-0.488239266857164,24,"PCD_C2"
"GSM1672453","Pyroptosis",0.0380880024633197,24,"PCD_C1"
"GSM1672454","Pyroptosis",0.0274070671440555,24,"PCD_C2"
"GSM1672455","Pyroptosis",-0.703656781024624,24,"PCD_C2"
"GSM1672456","Pyroptosis",0.0892141550123491,24,"PCD_C1"
"GSM1672457","Pyroptosis",-0.0628171863371892,24,"PCD_C2"
"GSM1672458","Pyroptosis",0.335550023555897,24,"PCD_C1"
"GSM1672459","Pyroptosis",-0.256204777797258,24,"PCD_C2"
"GSM1672460","Pyroptosis",0.0699998969581016,24,"PCD_C1"
"GSM1672461","Pyroptosis",-0.114361098983151,24,"PCD_C1"
"GSM1672462","Pyroptosis",-0.0475852278873324,24,"PCD_C1"
"GSM1672463","Pyroptosis",0.407930946464784,24,"PCD_C1"
"GSM1672464","Pyroptosis",-0.0934722843656196,24,"PCD_C1"
"GSM1672465","Pyroptosis",0.104796004971989,24,"PCD_C1"
"GSM1672466","Pyroptosis",-0.168352212134766,24,"PCD_C1"
"GSM1672467","Pyroptosis",0.0271539275547148,24,"PCD_C2"
"GSM1672468","Pyroptosis",0.0421232678058674,24,"PCD_C1"
"GSM1672469","Pyroptosis",0.0677921023917104,24,"PCD_C1"
"GSM1672470","Pyroptosis",0.173966826165168,24,"PCD_C1"
"GSM1672471","Pyroptosis",0.0289236503436738,24,"PCD_C1"
"GSM1672472","Pyroptosis",-0.192343074695989,24,"PCD_C2"
"GSM1672473","Pyroptosis",0.378234257924203,24,"PCD_C2"
"GSM1672474","Pyroptosis",-0.136842243344351,24,"PCD_C1"
"GSM1672475","Pyroptosis",0.187310767821474,24,"PCD_C2"
"GSM1672476","Pyroptosis",0.0920324482186822,24,"PCD_C1"
"GSM1672477","Pyroptosis",-0.176693864683257,24,"PCD_C2"
"GSM1672478","Pyroptosis",0.0877450758238198,24,"PCD_C2"
"GSM1672479","Pyroptosis",0.769375266085264,24,"PCD_C1"
"GSM1672480","Pyroptosis",-0.0151667490511399,24,"PCD_C1"
"GSM1672481","Pyroptosis",0.176002968154064,24,"PCD_C1"
"GSM1672482","Pyroptosis",0.334364584287619,24,"PCD_C1"
"GSM1672483","Pyroptosis",-0.0162715823730335,24,"PCD_C1"
"GSM1672484","Pyroptosis",-0.0609722405038315,24,"PCD_C1"
"GSM1672485","Pyroptosis",0.105844104116383,24,"PCD_C1"
"GSM1672486","Pyroptosis",-0.0942753457499132,24,"PCD_C1"
"GSM1672487","Pyroptosis",0.135634025042388,24,"PCD_C1"
"GSM1672488","Pyroptosis",-0.167930750122455,24,"PCD_C1"
"GSM1672489","Pyroptosis",-0.14993571937701,24,"PCD_C2"
"GSM1672490","Pyroptosis",0.065240181980888,24,"PCD_C1"
"GSM1672491","Pyroptosis",-0.215296092931467,24,"PCD_C1"
"GSM1672492","Pyroptosis",0.157831924878238,24,"PCD_C2"
"GSM1672493","Pyroptosis",-0.180831777515981,24,"PCD_C1"
"GSM1672494","Pyroptosis",-0.122766568079416,24,"PCD_C2"
"GSM1672495","Pyroptosis",-0.132393135949277,24,"PCD_C1"
"GSM1672496","Pyroptosis",-0.0811075995409428,24,"PCD_C1"
"GSM1672497","Pyroptosis",0.0964193001198057,24,"PCD_C1"
"GSM1672498","Pyroptosis",0.187855500927592,24,"PCD_C1"
"GSM1672499","Pyroptosis",-0.516882177387197,24,"PCD_C1"
"GSM1672500","Pyroptosis",0.098108874178765,24,"PCD_C2"
"GSM1672501","Pyroptosis",-0.551028203808983,24,"PCD_C1"
"GSM1672502","Pyroptosis",-0.100061357273397,24,"PCD_C2"
"GSM1672503","Pyroptosis",0.115070219177218,24,"PCD_C1"
"GSM1672504","Pyroptosis",0.0615924298499118,24,"PCD_C1"
"GSM1672505","Pyroptosis",-0.0723878728460715,24,"PCD_C1"
"GSM1672506","Pyroptosis",-0.0152424562607749,24,"PCD_C2"
"GSM1672507","Pyroptosis",0.126227136730271,24,"PCD_C1"
"GSM1672508","Pyroptosis",0.151447639899927,24,"PCD_C1"
"GSM1672509","Pyroptosis",0.149091956947284,24,"PCD_C1"
"GSM1672510","Pyroptosis",0.743711984024777,24,"PCD_C1"
"GSM1672511","Pyroptosis",0.164344172392838,24,"PCD_C1"
"GSM1672512","Pyroptosis",-0.0412756789621816,24,"PCD_C1"
"GSM1672513","Pyroptosis",0.20851179993969,24,"PCD_C2"
"GSM1672514","Pyroptosis",0.174612060844017,24,"PCD_C1"
"GSM1672515","Pyroptosis",0.0446413274121399,24,"PCD_C1"
"GSM1672516","Pyroptosis",0.0607916325241783,24,"PCD_C2"
"GSM1672517","Pyroptosis",-0.0292238937346518,24,"PCD_C1"
"GSM1672518","Pyroptosis",0.118382536394376,24,"PCD_C1"
"GSM1672519","Pyroptosis",-0.307568431103973,24,"PCD_C1"
"GSM1672520","Pyroptosis",-0.142476014678219,24,"PCD_C1"
"GSM1672521","Pyroptosis",0.0971674381127522,24,"PCD_C1"
"GSM1672522","Pyroptosis",-0.0916282498415541,24,"PCD_C1"
"GSM1672523","Pyroptosis",0.184473317479426,24,"PCD_C1"
"GSM1672524","Pyroptosis",-0.432790517223723,24,"PCD_C2"
"GSM1672525","Pyroptosis",-0.0721145537988462,24,"PCD_C1"
"GSM1672526","Pyroptosis",-0.313474528391054,24,"PCD_C1"
"GSM1672527","Pyroptosis",-0.267823958898601,24,"PCD_C1"
"GSM1672528","Pyroptosis",0.234560377069693,24,"PCD_C1"
"GSM1672529","Pyroptosis",-0.343122356874431,24,"PCD_C1"
"GSM1672530","Pyroptosis",-0.0197582997549088,24,"PCD_C2"
"GSM1672531","Pyroptosis",0.357555872422034,24,"PCD_C1"
"GSM1672532","Pyroptosis",-0.0149752836443011,24,"PCD_C1"
"GSM1672533","Pyroptosis",0.365561099400348,24,"PCD_C1"
"GSM1672534","Pyroptosis",0.26315583435743,24,"PCD_C1"
"GSM1672535","Pyroptosis",-0.335690866215318,24,"PCD_C1"
"GSM1672536","Pyroptosis",-0.240199985798299,24,"PCD_C1"
"GSM1672537","Pyroptosis",-0.290751059032673,24,"PCD_C2"
"GSM1672538","Pyroptosis",-0.149219128337275,24,"PCD_C2"
"GSM1672539","Pyroptosis",0.285676948798904,24,"PCD_C2"
"GSM1672540","Pyroptosis",-0.305739708496537,24,"PCD_C1"
"GSM1672541","Pyroptosis",-0.0843729120614304,24,"PCD_C2"
"GSM1672542","Pyroptosis",0.295350571166656,24,"PCD_C1"
"GSM1672543","Pyroptosis",0.305879546668958,24,"PCD_C1"
"GSM1672544","Pyroptosis",-0.0043012080863939,24,"PCD_C2"
"GSM1672545","Pyroptosis",-0.0751664969128326,24,"PCD_C1"
"GSM1672546","Pyroptosis",0.101526446266195,24,"PCD_C2"
"GSM1672547","Pyroptosis",0.168911592345776,24,"PCD_C2"
"GSM1672548","Pyroptosis",0.291312185979855,24,"PCD_C1"
"GSM1672549","Pyroptosis",0.169174434291394,24,"PCD_C1"
"GSM1672550","Pyroptosis",-0.0586153545847895,24,"PCD_C2"
"GSM1672551","Pyroptosis",0.8727812307799,24,"PCD_C1"
"GSM1672552","Pyroptosis",0.251422203520422,24,"PCD_C1"
"GSM1672553","Pyroptosis",-0.292103006946181,24,"PCD_C1"
"GSM1672554","Pyroptosis",0.436420960663523,24,"PCD_C1"
"GSM1672555","Pyroptosis",-0.416726975135998,24,"PCD_C2"
"GSM1672556","Pyroptosis",-0.190960437599422,24,"PCD_C2"
"GSM1672557","Pyroptosis",-0.597682652291449,24,"PCD_C2"
"GSM1672558","Pyroptosis",0.245440285065258,24,"PCD_C1"
"GSM1672559","Pyroptosis",0.122855420034349,24,"PCD_C1"
"GSM1672560","Pyroptosis",-0.245106066254765,24,"PCD_C2"
"GSM1672561","Pyroptosis",-0.0921926726112568,24,"PCD_C2"
"GSM1672562","Pyroptosis",-0.019002121022491,24,"PCD_C2"
"GSM1672563","Pyroptosis",-0.215682847009755,24,"PCD_C2"
"GSM1672564","Pyroptosis",0.155818909543556,24,"PCD_C2"
"GSM1672565","Pyroptosis",-0.0728962691601629,24,"PCD_C2"
"GSM1672566","Pyroptosis",-0.00824150755604408,24,"PCD_C2"
"GSM1672567","Pyroptosis",-0.290493099636473,24,"PCD_C2"
"GSM1672568","Pyroptosis",-0.522079985059073,24,"PCD_C2"
"GSM1672569","Pyroptosis",-0.188661385300184,24,"PCD_C2"
"GSM1672570","Pyroptosis",0.179906110174703,24,"PCD_C1"
"GSM1672571","Pyroptosis",0.0705673710725579,24,"PCD_C1"
"GSM1672572","Pyroptosis",0.206763172214314,24,"PCD_C1"
"GSM1672573","Pyroptosis",-0.0563939624179235,24,"PCD_C2"
"GSM1672574","Pyroptosis",-0.197733507934122,24,"PCD_C1"
"GSM1672575","Pyroptosis",0.18652013153234,24,"PCD_C1"
"GSM1672576","Pyroptosis",0.113060375076831,24,"PCD_C1"
"GSM1672577","Pyroptosis",-0.080925902916016,24,"PCD_C1"
"GSM1672578","Pyroptosis",0.493438894957032,24,"PCD_C2"
"GSM1672579","Pyroptosis",0.176071325218083,24,"PCD_C2"
"GSM1672580","Pyroptosis",-0.25721706935467,24,"PCD_C1"
"GSM1672581","Pyroptosis",0.0900230558621373,24,"PCD_C1"
"GSM1672582","Pyroptosis",0.00625480593891269,24,"PCD_C2"
"GSM1672583","Pyroptosis",-0.048510748909604,24,"PCD_C1"
"GSM1672584","Pyroptosis",-0.612740884305212,24,"PCD_C2"
"GSM1672585","Pyroptosis",-0.519013085753573,24,"PCD_C2"
"GSM1672586","Pyroptosis",-0.0181478515046043,24,"PCD_C2"
"GSM1672587","Pyroptosis",-0.245571829348366,24,"PCD_C1"
"GSM1672588","Pyroptosis",0.20610397064126,24,"PCD_C1"
"GSM1672589","Pyroptosis",0.183579915277107,24,"PCD_C1"
"GSM1672590","Pyroptosis",-0.226003199849312,24,"PCD_C2"
"GSM1672591","Pyroptosis",0.135634966724235,24,"PCD_C1"
"GSM1672592","Pyroptosis",0.600610347781742,24,"PCD_C1"
"GSM1672593","Pyroptosis",-0.0378978026282793,24,"PCD_C1"
"GSM1672594","Pyroptosis",-0.273029692779998,24,"PCD_C1"
"GSM1672595","Pyroptosis",-0.126743066378183,24,"PCD_C1"
"GSM1672596","Pyroptosis",-0.252078345300266,24,"PCD_C1"
"GSM1672597","Pyroptosis",-0.232221154126054,24,"PCD_C1"
"GSM1672598","Pyroptosis",-0.0391492088281045,24,"PCD_C1"
"GSM1672599","Pyroptosis",0.293148926484652,24,"PCD_C2"
"GSM1672600","Pyroptosis",-0.0215621302588446,24,"PCD_C1"
"GSM1672601","Pyroptosis",0.301670538726625,24,"PCD_C1"
"GSM1672602","Pyroptosis",-0.164126513467936,24,"PCD_C2"
"GSM1672603","Pyroptosis",0.238498983678999,24,"PCD_C2"
"GSM1672604","Pyroptosis",0.153826732663484,24,"PCD_C1"
"GSM1672605","Pyroptosis",-0.0860334199473302,24,"PCD_C1"
"GSM1672606","Pyroptosis",0.0196812990793893,24,"PCD_C1"
"GSM1672607","Pyroptosis",0.719953830277918,24,"PCD_C1"
"GSM1672608","Pyroptosis",-0.231368403303871,24,"PCD_C1"
"GSM1672609","Pyroptosis",-0.221283307366477,24,"PCD_C2"
"GSM1672610","Pyroptosis",-0.0821678450313869,24,"PCD_C2"
"GSM1672611","Pyroptosis",-0.104852097048402,24,"PCD_C1"
"GSM1672612","Pyroptosis",-0.0926436289694249,24,"PCD_C1"
"GSM1672613","Pyroptosis",0.181353746746307,24,"PCD_C2"
"GSM1672614","Pyroptosis",-0.261763806277354,24,"PCD_C2"
"GSM1672615","Pyroptosis",-0.121451144455327,24,"PCD_C1"
"GSM1672616","Pyroptosis",-0.285205959367546,24,"PCD_C1"
"GSM1672617","Pyroptosis",0.47237980437832,24,"PCD_C1"
"GSM1672618","Pyroptosis",0.0290092144548262,24,"PCD_C1"
"GSM1672619","Pyroptosis",-0.172303325710456,24,"PCD_C1"
"GSM1672620","Pyroptosis",-0.182448275100566,24,"PCD_C2"
"GSM1672621","Pyroptosis",0.0448407427350698,24,"PCD_C2"
"GSM1672622","Pyroptosis",-0.512133169460552,24,"PCD_C2"
"GSM1672623","Pyroptosis",-0.325197649050038,24,"PCD_C2"
"GSM1672624","Pyroptosis",-0.354384106303146,24,"PCD_C1"
"GSM1672625","Pyroptosis",0.471004906828842,24,"PCD_C1"
"GSM1672626","Pyroptosis",0.127748891280339,24,"PCD_C2"
"GSM1672627","Pyroptosis",-0.331086006611551,24,"PCD_C2"
"GSM1672628","Pyroptosis",0.363071677618463,24,"PCD_C1"
"GSM1672629","Pyroptosis",-0.40707198162267,24,"PCD_C2"
"GSM1672630","Pyroptosis",0.0613214714277828,24,"PCD_C1"
"GSM1672631","Pyroptosis",0.123437210265505,24,"PCD_C1"
"GSM1672632","Pyroptosis",-0.13522682986838,24,"PCD_C2"
"GSM1672633","Pyroptosis",0.298045160687382,24,"PCD_C2"
"GSM1672634","Pyroptosis",-0.343022213705428,24,"PCD_C2"
"GSM1672635","Pyroptosis",-0.055223895698567,24,"PCD_C2"
"GSM1672636","Pyroptosis",0.272139799339639,24,"PCD_C2"
"GSM1672637","Pyroptosis",-0.0872275208161006,24,"PCD_C1"
"GSM1672638","Pyroptosis",-0.00907694227478655,24,"PCD_C2"
"GSM1672639","Pyroptosis",0.0156567287404348,24,"PCD_C1"
"GSM1672640","Pyroptosis",0.138299314867591,24,"PCD_C2"
"GSM1672641","Pyroptosis",0.151608064230927,24,"PCD_C1"
"GSM1672642","Pyroptosis",-0.318087479660261,24,"PCD_C2"
"GSM1672643","Pyroptosis",-0.0226344137416039,24,"PCD_C1"
"GSM1672644","Pyroptosis",-0.192760284462783,24,"PCD_C2"
"GSM1672645","Pyroptosis",-0.152171680039609,24,"PCD_C1"
"GSM1672646","Pyroptosis",0.324621761157845,24,"PCD_C2"
"GSM1672647","Pyroptosis",0.122423382581469,24,"PCD_C1"
"GSM1672648","Pyroptosis",0.219539761592092,24,"PCD_C2"
"GSM1672649","Pyroptosis",-0.765825588908374,24,"PCD_C2"
"GSM1672650","Pyroptosis",-0.442689567537951,24,"PCD_C1"
"GSM1672651","Pyroptosis",0.236740204907222,24,"PCD_C2"
"GSM1672652","Pyroptosis",-0.226172250383182,24,"PCD_C2"
"GSM1672653","Pyroptosis",0.073679081679759,24,"PCD_C1"
"GSM1672654","Pyroptosis",0.0195999873588653,24,"PCD_C2"
"GSM1672655","Pyroptosis",0.210648738957676,24,"PCD_C1"
"GSM1672656","Pyroptosis",0.0394786845166947,24,"PCD_C1"
"GSM1672657","Pyroptosis",-0.395879088423637,24,"PCD_C1"
"GSM1672658","Pyroptosis",-0.0056798887415492,24,"PCD_C1"
"GSM1672659","Pyroptosis",0.328092137386183,24,"PCD_C1"
"GSM1672660","Pyroptosis",-0.412124809519467,24,"PCD_C2"
"GSM1672661","Pyroptosis",0.00177284621020151,24,"PCD_C1"
"GSM1672662","Pyroptosis",0.00610703383134947,24,"PCD_C1"
"GSM1672663","Pyroptosis",-0.136785362186147,24,"PCD_C2"
"GSM1672664","Pyroptosis",-0.0486747112308831,24,"PCD_C2"
"GSM1672665","Pyroptosis",0.181291918027778,24,"PCD_C1"
"GSM1672666","Pyroptosis",0.0539447309135845,24,"PCD_C2"
"GSM1672667","Pyroptosis",-0.293845725095545,24,"PCD_C2"
"GSM1672668","Pyroptosis",0.0408836122604985,24,"PCD_C2"
"GSM1672669","Pyroptosis",0.231791567169314,24,"PCD_C1"
"GSM1672670","Pyroptosis",-0.36895893430271,24,"PCD_C2"
"GSM1672671","Pyroptosis",0.185703499180818,24,"PCD_C2"
"GSM1672672","Pyroptosis",-0.101870819793966,24,"PCD_C2"
"GSM1672673","Pyroptosis",-0.292631759264422,24,"PCD_C2"
"GSM1672674","Pyroptosis",-0.161773294652782,24,"PCD_C2"
"GSM1672675","Pyroptosis",-0.528564862954013,24,"PCD_C2"
"GSM1672676","Pyroptosis",-0.730948759755959,24,"PCD_C2"
"GSM1672677","Pyroptosis",-0.24207190566024,24,"PCD_C1"
"GSM1672678","Pyroptosis",0.167949772378426,24,"PCD_C2"
"GSM1672679","Pyroptosis",-0.442376054027555,24,"PCD_C2"
"GSM1672680","Pyroptosis",0.22468548066578,24,"PCD_C2"
"GSM1672681","Pyroptosis",0.0424842025570601,24,"PCD_C1"
"GSM1672682","Pyroptosis",0.0749297922132929,24,"PCD_C2"
"GSM1672683","Pyroptosis",0.036452535542291,24,"PCD_C2"
"GSM1672684","Pyroptosis",0.0107861095091361,24,"PCD_C2"
"GSM1672685","Pyroptosis",-0.463589402884503,24,"PCD_C2"
"GSM1672686","Pyroptosis",-0.0382805696666524,24,"PCD_C1"
"GSM1672687","Pyroptosis",-0.461181530775553,24,"PCD_C1"
"GSM1672688","Pyroptosis",-0.603206167231754,24,"PCD_C2"
"GSM1672689","Pyroptosis",-0.234874033746574,24,"PCD_C1"
"GSM1672690","Pyroptosis",-0.130310569444176,24,"PCD_C1"
"GSM1672691","Pyroptosis",-0.318672624442887,24,"PCD_C1"
"GSM1672692","Pyroptosis",0.116342179740326,24,"PCD_C1"
"GSM1672693","Pyroptosis",0.278328365264248,24,"PCD_C2"
"GSM1672694","Pyroptosis",0.164280531365045,24,"PCD_C2"
"GSM1672695","Pyroptosis",0.0710085035921877,24,"PCD_C1"
"GSM1672696","Pyroptosis",-0.219463673149458,24,"PCD_C2"
"GSM1672697","Pyroptosis",-0.425959616000439,24,"PCD_C2"
"GSM1672698","Pyroptosis",0.0326263660869685,24,"PCD_C1"
"GSM1672699","Pyroptosis",0.50458664791965,24,"PCD_C1"
"GSM1672700","Pyroptosis",0.0370620509364647,24,"PCD_C1"
"GSM1672701","Pyroptosis",0.412120615850366,24,"PCD_C1"
"GSM1672702","Pyroptosis",0.141877163707606,24,"PCD_C1"
"GSM1672703","Pyroptosis",0.0671122584891072,24,"PCD_C2"
"GSM1672704","Pyroptosis",0.111319622337106,24,"PCD_C1"
"GSM1672705","Pyroptosis",0.198164334296359,24,"PCD_C1"
"GSM1672706","Pyroptosis",0.267909066215162,24,"PCD_C2"
"GSM1672707","Pyroptosis",-0.30654945971215,24,"PCD_C2"
"GSM1672708","Pyroptosis",0.0482469245657934,24,"PCD_C2"
"GSM1672709","Pyroptosis",-0.112337814289257,24,"PCD_C2"
"GSM1672710","Pyroptosis",-0.233143835624114,24,"PCD_C1"
"GSM1672711","Pyroptosis",-0.266465905263981,24,"PCD_C1"
"GSM1672712","Pyroptosis",0.166830652884427,24,"PCD_C2"
"GSM1672713","Pyroptosis",-0.192240921544671,24,"PCD_C2"
"GSM1672714","Pyroptosis",0.145631923223741,24,"PCD_C2"
"GSM1672715","Pyroptosis",-0.0295380195255749,24,"PCD_C2"
"GSM1672716","Pyroptosis",-0.0622660842376434,24,"PCD_C2"
"GSM1672717","Pyroptosis",0.20739007111015,24,"PCD_C2"
"GSM1672718","Pyroptosis",-0.125716743368027,24,"PCD_C1"
"GSM1672719","Pyroptosis",0.199879460680717,24,"PCD_C1"
"GSM1672720","Pyroptosis",-0.14284771342475,24,"PCD_C2"
"GSM1672721","Pyroptosis",0.123609423295581,24,"PCD_C1"
"GSM1672722","Pyroptosis",0.166003879726258,24,"PCD_C1"
"GSM1672723","Pyroptosis",0.264080814187504,24,"PCD_C2"
