"patient_id","PCD_type","n_genes","score","PCD_cluster"
"TCGA-05-4244","Apoptosis",166,0.287325596548227,"PCD_C1"
"TCGA-05-4245","Apoptosis",166,-1.93065294687185,"PCD_C2"
"TCGA-05-4249","Apoptosis",166,0.325098526836424,"PCD_C1"
"TCGA-05-4250","Apoptosis",166,0.66003507279218,"PCD_C2"
"TCGA-05-4382","Apoptosis",166,-0.0421318416967821,"PCD_C1"
"TCGA-05-4384","Apoptosis",166,0.249442049086458,"PCD_C2"
"TCGA-05-4389","Apoptosis",166,0.0782251080193409,"PCD_C2"
"TCGA-05-4390","Apoptosis",166,-0.018207640648242,"PCD_C2"
"TCGA-05-4395","Apoptosis",166,0.0880293446625871,"PCD_C2"
"TCGA-05-4396","Apoptosis",166,0.168904006180268,"PCD_C2"
"TCGA-05-4397","Apoptosis",166,0.645379246534073,"PCD_C2"
"TCGA-05-4398","Apoptosis",166,0.247325359788259,"PCD_C1"
"TCGA-05-4402","Apoptosis",166,0.194096698503634,"PCD_C1"
"TCGA-05-4403","Apoptosis",166,-0.103786143414265,"PCD_C2"
"TCGA-05-4405","Apoptosis",166,0.123971774001655,"PCD_C1"
"TCGA-05-4410","Apoptosis",166,-0.418783456876751,"PCD_C1"
"TCGA-05-4415","Apoptosis",166,0.542706257611148,"PCD_C1"
"TCGA-05-4417","Apoptosis",166,-0.233709989604958,"PCD_C1"
"TCGA-05-4418","Apoptosis",166,-0.303856985123936,"PCD_C2"
"TCGA-05-4420","Apoptosis",166,-0.254192691640221,"PCD_C2"
"TCGA-05-4422","Apoptosis",166,-0.233643202256992,"PCD_C2"
"TCGA-05-4424","Apoptosis",166,0.587443196897674,"PCD_C1"
"TCGA-05-4425","Apoptosis",166,0.290214898597412,"PCD_C1"
"TCGA-05-4426","Apoptosis",166,0.17937209325077,"PCD_C1"
"TCGA-05-4427","Apoptosis",166,0.637000813732389,"PCD_C1"
"TCGA-05-4430","Apoptosis",166,0.163252873619863,"PCD_C1"
"TCGA-05-4432","Apoptosis",166,0.072086135085424,"PCD_C2"
"TCGA-05-4433","Apoptosis",166,0.228828347546564,"PCD_C2"
"TCGA-05-4434","Apoptosis",166,0.489990080477311,"PCD_C2"
"TCGA-05-5420","Apoptosis",166,-0.929761605364204,"PCD_C1"
"TCGA-05-5423","Apoptosis",166,-0.0450387596537366,"PCD_C1"
"TCGA-05-5425","Apoptosis",166,0.174227275902803,"PCD_C1"
"TCGA-05-5428","Apoptosis",166,-0.169982329197335,"PCD_C2"
"TCGA-05-5429","Apoptosis",166,0.0669296756888985,"PCD_C2"
"TCGA-05-5715","Apoptosis",166,0.0944335390293698,"PCD_C1"
"TCGA-35-3615","Apoptosis",166,-0.314575835462683,"PCD_C2"
"TCGA-35-4122","Apoptosis",166,-0.313762546250512,"PCD_C1"
"TCGA-35-4123","Apoptosis",166,0.157291122900451,"PCD_C1"
"TCGA-35-5375","Apoptosis",166,-0.311456490607695,"PCD_C2"
"TCGA-38-4625","Apoptosis",166,0.459327814946285,"PCD_C1"
"TCGA-38-4626","Apoptosis",166,-0.0411586909114696,"PCD_C1"
"TCGA-38-4627","Apoptosis",166,0.0339746955984449,"PCD_C1"
"TCGA-38-4628","Apoptosis",166,-0.0102220833929135,"PCD_C1"
"TCGA-38-4629","Apoptosis",166,0.00935378310162627,"PCD_C1"
"TCGA-38-4630","Apoptosis",166,0.595020430767363,"PCD_C2"
"TCGA-38-4631","Apoptosis",166,-0.136833478992097,"PCD_C2"
"TCGA-38-4632","Apoptosis",166,0.0634895062850099,"PCD_C1"
"TCGA-38-6178","Apoptosis",166,0.568648142863527,"PCD_C1"
"TCGA-38-7271","Apoptosis",166,-0.470707508380105,"PCD_C1"
"TCGA-38-A44F","Apoptosis",166,-0.373017200798873,"PCD_C1"
"TCGA-44-2655","Apoptosis",166,0.167179737692542,"PCD_C2"
"TCGA-44-2656","Apoptosis",166,-0.0702680316182364,"PCD_C1"
"TCGA-44-2657","Apoptosis",166,-0.717244533135117,"PCD_C1"
"TCGA-44-2659","Apoptosis",166,-0.530255575176871,"PCD_C1"
"TCGA-44-2661","Apoptosis",166,-0.517972333854795,"PCD_C1"
"TCGA-44-2662","Apoptosis",166,0.505688400767175,"PCD_C1"
"TCGA-44-2665","Apoptosis",166,0.196750098820667,"PCD_C1"
"TCGA-44-2666","Apoptosis",166,0.010189858425952,"PCD_C1"
"TCGA-44-2668","Apoptosis",166,0.7259761721614,"PCD_C1"
"TCGA-44-3396","Apoptosis",166,-0.183477244321452,"PCD_C1"
"TCGA-44-3398","Apoptosis",166,-0.0121187341251238,"PCD_C1"
"TCGA-44-3917","Apoptosis",166,-1.31656349770083,"PCD_C2"
"TCGA-44-3918","Apoptosis",166,-0.219158742272442,"PCD_C1"
"TCGA-44-3919","Apoptosis",166,0.135568829144034,"PCD_C1"
"TCGA-44-4112","Apoptosis",166,0.268686207961495,"PCD_C1"
"TCGA-44-5643","Apoptosis",166,0.809885313420637,"PCD_C2"
"TCGA-44-5644","Apoptosis",166,-0.0313283555516076,"PCD_C2"
"TCGA-44-5645","Apoptosis",166,0.0272723316912343,"PCD_C2"
"TCGA-44-6145","Apoptosis",166,-0.0362498019418775,"PCD_C2"
"TCGA-44-6146","Apoptosis",166,0.162816259669893,"PCD_C2"
"TCGA-44-6147","Apoptosis",166,0.0552193551530688,"PCD_C1"
"TCGA-44-6148","Apoptosis",166,-0.167756671206636,"PCD_C1"
"TCGA-44-6774","Apoptosis",166,-0.0567885286992719,"PCD_C1"
"TCGA-44-6775","Apoptosis",166,0.267719845869754,"PCD_C1"
"TCGA-44-6776","Apoptosis",166,-0.0452966634323732,"PCD_C2"
"TCGA-44-6777","Apoptosis",166,-0.238197162255759,"PCD_C1"
"TCGA-44-6778","Apoptosis",166,0.0614841294307642,"PCD_C1"
"TCGA-44-6779","Apoptosis",166,0.357190315660819,"PCD_C2"
"TCGA-44-7659","Apoptosis",166,-0.0723594666083006,"PCD_C1"
"TCGA-44-7660","Apoptosis",166,0.038880513537891,"PCD_C2"
"TCGA-44-7661","Apoptosis",166,0.7921187385943,"PCD_C1"
"TCGA-44-7662","Apoptosis",166,0.199380110796724,"PCD_C1"
"TCGA-44-7667","Apoptosis",166,0.355064121962865,"PCD_C2"
"TCGA-44-7669","Apoptosis",166,0.822670888036521,"PCD_C2"
"TCGA-44-7670","Apoptosis",166,0.562741776667053,"PCD_C2"
"TCGA-44-7671","Apoptosis",166,0.0758972758802149,"PCD_C2"
"TCGA-44-7672","Apoptosis",166,-0.619678611534886,"PCD_C1"
"TCGA-44-8117","Apoptosis",166,0.21543930951722,"PCD_C1"
"TCGA-44-8119","Apoptosis",166,0.032932899523128,"PCD_C2"
"TCGA-44-8120","Apoptosis",166,0.416340353563156,"PCD_C1"
"TCGA-44-A479","Apoptosis",166,-0.430155617525487,"PCD_C1"
"TCGA-44-A47A","Apoptosis",166,0.335199818717995,"PCD_C1"
"TCGA-44-A47B","Apoptosis",166,0.343358600571332,"PCD_C1"
"TCGA-44-A47G","Apoptosis",166,-0.321567971066606,"PCD_C1"
"TCGA-44-A4SS","Apoptosis",166,0.396026227955463,"PCD_C2"
"TCGA-44-A4SU","Apoptosis",166,-0.471647541344519,"PCD_C2"
"TCGA-49-4486","Apoptosis",166,-0.653961082997657,"PCD_C2"
"TCGA-49-4487","Apoptosis",166,-0.258613941133681,"PCD_C2"
"TCGA-49-4488","Apoptosis",166,0.21333221455913,"PCD_C2"
"TCGA-49-4490","Apoptosis",166,-0.0421501290954536,"PCD_C1"
"TCGA-49-4494","Apoptosis",166,0.0247750537248674,"PCD_C2"
"TCGA-49-4501","Apoptosis",166,0.124140907879327,"PCD_C1"
"TCGA-49-4505","Apoptosis",166,-0.38722569071898,"PCD_C1"
"TCGA-49-4506","Apoptosis",166,-0.850468173120845,"PCD_C2"
"TCGA-49-4507","Apoptosis",166,-0.461371022423868,"PCD_C2"
"TCGA-49-4510","Apoptosis",166,-0.625925266253595,"PCD_C1"
"TCGA-49-4512","Apoptosis",166,-0.645343774894549,"PCD_C1"
"TCGA-49-4514","Apoptosis",166,-1.08544120030213,"PCD_C2"
"TCGA-49-6742","Apoptosis",166,0.136287221425424,"PCD_C2"
"TCGA-49-6743","Apoptosis",166,0.457558893408166,"PCD_C2"
"TCGA-49-6744","Apoptosis",166,-0.100092086862859,"PCD_C1"
"TCGA-49-6745","Apoptosis",166,0.607114866619195,"PCD_C1"
"TCGA-49-6761","Apoptosis",166,-0.0285970608578582,"PCD_C1"
"TCGA-49-6767","Apoptosis",166,0.479366749569419,"PCD_C1"
"TCGA-49-AAQV","Apoptosis",166,0.000720016002315798,"PCD_C2"
"TCGA-49-AAR0","Apoptosis",166,-0.141375927798254,"PCD_C2"
"TCGA-49-AAR2","Apoptosis",166,-1.20610380526869,"PCD_C2"
"TCGA-49-AAR3","Apoptosis",166,-0.274905279385006,"PCD_C2"
"TCGA-49-AAR4","Apoptosis",166,-0.390254917168722,"PCD_C2"
"TCGA-49-AAR9","Apoptosis",166,0.606649390404704,"PCD_C2"
"TCGA-49-AARE","Apoptosis",166,-0.382362990224363,"PCD_C2"
"TCGA-49-AARN","Apoptosis",166,0.0432690120650955,"PCD_C2"
"TCGA-49-AARO","Apoptosis",166,-0.150180376089971,"PCD_C1"
"TCGA-49-AARQ","Apoptosis",166,-0.879113033763353,"PCD_C2"
"TCGA-49-AARR","Apoptosis",166,-0.328999112782383,"PCD_C1"
"TCGA-4B-A93V","Apoptosis",166,-0.585296791207518,"PCD_C2"
"TCGA-50-5044","Apoptosis",166,-0.144274099411971,"PCD_C1"
"TCGA-50-5045","Apoptosis",166,-0.266938537142208,"PCD_C1"
"TCGA-50-5049","Apoptosis",166,-0.542325100184988,"PCD_C1"
"TCGA-50-5051","Apoptosis",166,-0.444662082068144,"PCD_C2"
"TCGA-50-5055","Apoptosis",166,-0.19659035977662,"PCD_C1"
"TCGA-50-5066","Apoptosis",166,-0.715107901492207,"PCD_C2"
"TCGA-50-5068","Apoptosis",166,-0.345853385491502,"PCD_C1"
"TCGA-50-5072","Apoptosis",166,0.49259131792427,"PCD_C2"
"TCGA-50-5930","Apoptosis",166,-0.744084084811107,"PCD_C2"
"TCGA-50-5931","Apoptosis",166,0.840835449304669,"PCD_C2"
"TCGA-50-5932","Apoptosis",166,0.24490075490451,"PCD_C1"
"TCGA-50-5933","Apoptosis",166,0.545903616105823,"PCD_C1"
"TCGA-50-5935","Apoptosis",166,0.188889672195162,"PCD_C1"
"TCGA-50-5936","Apoptosis",166,0.416256620537314,"PCD_C2"
"TCGA-50-5939","Apoptosis",166,0.0261868339645622,"PCD_C2"
"TCGA-50-5941","Apoptosis",166,0.189434931969637,"PCD_C1"
"TCGA-50-5942","Apoptosis",166,-0.316128233073983,"PCD_C1"
"TCGA-50-5944","Apoptosis",166,0.186397423925241,"PCD_C1"
"TCGA-50-5946","Apoptosis",166,0.296521374311632,"PCD_C1"
"TCGA-50-6590","Apoptosis",166,-0.117714227109802,"PCD_C1"
"TCGA-50-6591","Apoptosis",166,0.713841939441079,"PCD_C1"
"TCGA-50-6592","Apoptosis",166,0.602179983141927,"PCD_C2"
"TCGA-50-6593","Apoptosis",166,0.172586283914247,"PCD_C1"
"TCGA-50-6594","Apoptosis",166,0.421404558092525,"PCD_C1"
"TCGA-50-6595","Apoptosis",166,0.661149971080289,"PCD_C1"
"TCGA-50-6597","Apoptosis",166,-0.754523316790884,"PCD_C1"
"TCGA-50-6673","Apoptosis",166,-0.0547618930973292,"PCD_C2"
"TCGA-50-7109","Apoptosis",166,-0.133048557112662,"PCD_C2"
"TCGA-50-8457","Apoptosis",166,-0.551348959031884,"PCD_C1"
"TCGA-50-8459","Apoptosis",166,-0.337123275600042,"PCD_C1"
"TCGA-50-8460","Apoptosis",166,-0.54583729210654,"PCD_C1"
"TCGA-53-7624","Apoptosis",166,0.785670738252583,"PCD_C2"
"TCGA-53-7626","Apoptosis",166,0.1575032552002,"PCD_C1"
"TCGA-53-7813","Apoptosis",166,-0.802306105147375,"PCD_C2"
"TCGA-53-A4EZ","Apoptosis",166,-0.306228751182427,"PCD_C2"
"TCGA-55-1592","Apoptosis",166,0.0376711690916457,"PCD_C1"
"TCGA-55-1594","Apoptosis",166,0.462370349672318,"PCD_C2"
"TCGA-55-1595","Apoptosis",166,0.0331950790858197,"PCD_C1"
"TCGA-55-1596","Apoptosis",166,0.463115366387077,"PCD_C2"
"TCGA-55-5899","Apoptosis",166,0.366143396701692,"PCD_C2"
"TCGA-55-6543","Apoptosis",166,-0.0023256697269289,"PCD_C1"
"TCGA-55-6642","Apoptosis",166,-0.885313722655553,"PCD_C2"
"TCGA-55-6712","Apoptosis",166,0.172416416670036,"PCD_C1"
"TCGA-55-6968","Apoptosis",166,0.00104080433400047,"PCD_C2"
"TCGA-55-6969","Apoptosis",166,-0.450439788829106,"PCD_C2"
"TCGA-55-6970","Apoptosis",166,0.0437289753169216,"PCD_C2"
"TCGA-55-6971","Apoptosis",166,-0.34590603150569,"PCD_C1"
"TCGA-55-6972","Apoptosis",166,-0.401961596609594,"PCD_C2"
"TCGA-55-6975","Apoptosis",166,0.16890872472061,"PCD_C2"
"TCGA-55-6978","Apoptosis",166,0.788375098287607,"PCD_C1"
"TCGA-55-6979","Apoptosis",166,0.00482814994227291,"PCD_C1"
"TCGA-55-6980","Apoptosis",166,0.0239266680726828,"PCD_C1"
"TCGA-55-6981","Apoptosis",166,-0.131891911404528,"PCD_C2"
"TCGA-55-6982","Apoptosis",166,0.0561002538744293,"PCD_C1"
"TCGA-55-6983","Apoptosis",166,0.00253039379171434,"PCD_C2"
"TCGA-55-6984","Apoptosis",166,-0.440277194267526,"PCD_C2"
"TCGA-55-6985","Apoptosis",166,-0.13417450477611,"PCD_C1"
"TCGA-55-6986","Apoptosis",166,0.181522546090343,"PCD_C1"
"TCGA-55-6987","Apoptosis",166,-0.746474638813282,"PCD_C1"
"TCGA-55-7227","Apoptosis",166,0.0693668160024071,"PCD_C1"
"TCGA-55-7281","Apoptosis",166,-0.0323190384349822,"PCD_C1"
"TCGA-55-7283","Apoptosis",166,0.13843141504498,"PCD_C1"
"TCGA-55-7284","Apoptosis",166,0.175330088731368,"PCD_C1"
"TCGA-55-7570","Apoptosis",166,0.413423692707441,"PCD_C2"
"TCGA-55-7573","Apoptosis",166,0.176337341731101,"PCD_C1"
"TCGA-55-7574","Apoptosis",166,-0.098602046465657,"PCD_C1"
"TCGA-55-7576","Apoptosis",166,0.241112276072442,"PCD_C1"
"TCGA-55-7724","Apoptosis",166,-0.294652224595228,"PCD_C2"
"TCGA-55-7725","Apoptosis",166,-0.367948831708312,"PCD_C1"
"TCGA-55-7726","Apoptosis",166,0.0906441646606948,"PCD_C2"
"TCGA-55-7727","Apoptosis",166,0.0872785643159325,"PCD_C1"
"TCGA-55-7728","Apoptosis",166,-0.810516109304786,"PCD_C1"
"TCGA-55-7815","Apoptosis",166,-0.33201066851321,"PCD_C1"
"TCGA-55-7816","Apoptosis",166,0.0541353003611659,"PCD_C1"
"TCGA-55-7903","Apoptosis",166,0.261972123518591,"PCD_C1"
"TCGA-55-7907","Apoptosis",166,0.0966751464733904,"PCD_C2"
"TCGA-55-7910","Apoptosis",166,-0.458726805366551,"PCD_C2"
"TCGA-55-7911","Apoptosis",166,0.379190682328571,"PCD_C1"
"TCGA-55-7913","Apoptosis",166,0.0574772918953403,"PCD_C2"
"TCGA-55-7914","Apoptosis",166,-0.193468244534871,"PCD_C1"
"TCGA-55-7994","Apoptosis",166,0.406334596066733,"PCD_C1"
"TCGA-55-7995","Apoptosis",166,0.519512939569761,"PCD_C2"
"TCGA-55-8085","Apoptosis",166,0.0219973565138542,"PCD_C2"
"TCGA-55-8087","Apoptosis",166,0.328114782042386,"PCD_C1"
"TCGA-55-8089","Apoptosis",166,0.205605910329444,"PCD_C2"
"TCGA-55-8090","Apoptosis",166,0.16989252618816,"PCD_C1"
"TCGA-55-8091","Apoptosis",166,0.0561529479148149,"PCD_C1"
"TCGA-55-8092","Apoptosis",166,-0.57949894862814,"PCD_C2"
"TCGA-55-8094","Apoptosis",166,-0.25722130951921,"PCD_C2"
"TCGA-55-8096","Apoptosis",166,-0.138552985558434,"PCD_C1"
"TCGA-55-8097","Apoptosis",166,0.0754178700768202,"PCD_C1"
"TCGA-55-8203","Apoptosis",166,-0.321860486465979,"PCD_C2"
"TCGA-55-8204","Apoptosis",166,-0.0891687370169455,"PCD_C2"
"TCGA-55-8205","Apoptosis",166,0.682165075280883,"PCD_C1"
"TCGA-55-8206","Apoptosis",166,0.0567117492417357,"PCD_C1"
"TCGA-55-8207","Apoptosis",166,-0.0218168568136023,"PCD_C1"
"TCGA-55-8208","Apoptosis",166,-0.301757296408334,"PCD_C2"
"TCGA-55-8299","Apoptosis",166,0.16235855577984,"PCD_C1"
"TCGA-55-8301","Apoptosis",166,-0.301600994556454,"PCD_C2"
"TCGA-55-8302","Apoptosis",166,0.264477691055817,"PCD_C2"
"TCGA-55-8505","Apoptosis",166,0.219508135911356,"PCD_C2"
"TCGA-55-8506","Apoptosis",166,-0.0932808330015729,"PCD_C1"
"TCGA-55-8507","Apoptosis",166,0.221829365055732,"PCD_C2"
"TCGA-55-8508","Apoptosis",166,-1.06876955886953,"PCD_C2"
"TCGA-55-8510","Apoptosis",166,-0.245482270425254,"PCD_C2"
"TCGA-55-8511","Apoptosis",166,-0.0561133558280419,"PCD_C1"
"TCGA-55-8512","Apoptosis",166,-0.196243268115897,"PCD_C2"
"TCGA-55-8513","Apoptosis",166,-0.156438868418315,"PCD_C1"
"TCGA-55-8514","Apoptosis",166,-0.591735824169165,"PCD_C2"
"TCGA-55-8614","Apoptosis",166,0.257236454308767,"PCD_C2"
"TCGA-55-8615","Apoptosis",166,-0.321313152538781,"PCD_C2"
"TCGA-55-8616","Apoptosis",166,-0.0363168349851333,"PCD_C1"
"TCGA-55-8619","Apoptosis",166,-0.614535885280435,"PCD_C1"
"TCGA-55-8620","Apoptosis",166,0.139567907918553,"PCD_C2"
"TCGA-55-8621","Apoptosis",166,-0.135426697394897,"PCD_C1"
"TCGA-55-A48X","Apoptosis",166,0.206278553856844,"PCD_C2"
"TCGA-55-A48Y","Apoptosis",166,-0.470788227972978,"PCD_C2"
"TCGA-55-A48Z","Apoptosis",166,-0.102045513838538,"PCD_C2"
"TCGA-55-A490","Apoptosis",166,-0.488203297272906,"PCD_C1"
"TCGA-55-A491","Apoptosis",166,-0.328760225421276,"PCD_C2"
"TCGA-55-A492","Apoptosis",166,-0.584465887232784,"PCD_C2"
"TCGA-55-A493","Apoptosis",166,0.590002971270845,"PCD_C1"
"TCGA-55-A494","Apoptosis",166,0.306819196298749,"PCD_C2"
"TCGA-55-A4DF","Apoptosis",166,0.511557416202969,"PCD_C2"
"TCGA-55-A4DG","Apoptosis",166,-0.435929122201296,"PCD_C1"
"TCGA-55-A57B","Apoptosis",166,0.490837468529622,"PCD_C1"
"TCGA-62-8394","Apoptosis",166,0.466808760756395,"PCD_C2"
"TCGA-62-8395","Apoptosis",166,0.297716210735735,"PCD_C2"
"TCGA-62-8397","Apoptosis",166,-1.34503460635137,"PCD_C1"
"TCGA-62-8398","Apoptosis",166,0.380193378313353,"PCD_C2"
"TCGA-62-8399","Apoptosis",166,0.104881028482451,"PCD_C1"
"TCGA-62-8402","Apoptosis",166,0.617338685886392,"PCD_C2"
"TCGA-62-A46O","Apoptosis",166,0.114818786540931,"PCD_C2"
"TCGA-62-A46P","Apoptosis",166,-0.56645979200254,"PCD_C1"
"TCGA-62-A46R","Apoptosis",166,-0.319620440159762,"PCD_C1"
"TCGA-62-A46S","Apoptosis",166,-0.287584295012448,"PCD_C1"
"TCGA-62-A46U","Apoptosis",166,0.453817471675219,"PCD_C1"
"TCGA-62-A46V","Apoptosis",166,0.0824960612054747,"PCD_C1"
"TCGA-62-A46Y","Apoptosis",166,0.0765460548730005,"PCD_C1"
"TCGA-62-A470","Apoptosis",166,-0.337846495492865,"PCD_C2"
"TCGA-62-A471","Apoptosis",166,0.195410150465512,"PCD_C2"
"TCGA-62-A472","Apoptosis",166,0.406504670992477,"PCD_C1"
"TCGA-64-1676","Apoptosis",166,-0.382353193490646,"PCD_C1"
"TCGA-64-1677","Apoptosis",166,-0.222072556390672,"PCD_C2"
"TCGA-64-1678","Apoptosis",166,-0.56091816205616,"PCD_C2"
"TCGA-64-1679","Apoptosis",166,0.329892737786416,"PCD_C1"
"TCGA-64-1680","Apoptosis",166,-0.245430883706869,"PCD_C1"
"TCGA-64-1681","Apoptosis",166,0.00433868661367479,"PCD_C1"
"TCGA-64-5774","Apoptosis",166,0.00131633372762382,"PCD_C2"
"TCGA-64-5775","Apoptosis",166,0.3380577816636,"PCD_C1"
"TCGA-64-5778","Apoptosis",166,-0.0674965631082182,"PCD_C2"
"TCGA-64-5779","Apoptosis",166,-0.6358719165628,"PCD_C2"
"TCGA-64-5781","Apoptosis",166,-0.239808920828613,"PCD_C2"
"TCGA-64-5815","Apoptosis",166,0.0443157926163957,"PCD_C1"
"TCGA-67-3770","Apoptosis",166,-0.249778940059216,"PCD_C1"
"TCGA-67-3771","Apoptosis",166,0.102407699104338,"PCD_C2"
"TCGA-67-3772","Apoptosis",166,-0.257859145974283,"PCD_C1"
"TCGA-67-3773","Apoptosis",166,-0.395702514895339,"PCD_C1"
"TCGA-67-3774","Apoptosis",166,-0.0116334528793844,"PCD_C2"
"TCGA-67-4679","Apoptosis",166,-0.269564411215081,"PCD_C1"
"TCGA-67-6215","Apoptosis",166,0.120302980009027,"PCD_C1"
"TCGA-67-6216","Apoptosis",166,-0.0328278798452983,"PCD_C1"
"TCGA-67-6217","Apoptosis",166,-0.106279789098804,"PCD_C1"
"TCGA-69-7760","Apoptosis",166,-0.479728175936827,"PCD_C2"
"TCGA-69-7761","Apoptosis",166,-0.164998860240551,"PCD_C2"
"TCGA-69-7763","Apoptosis",166,-0.286293683837112,"PCD_C1"
"TCGA-69-7764","Apoptosis",166,-0.0868349708685185,"PCD_C1"
"TCGA-69-7765","Apoptosis",166,-0.364918739070832,"PCD_C1"
"TCGA-69-7973","Apoptosis",166,0.431052225394299,"PCD_C2"
"TCGA-69-7974","Apoptosis",166,0.653797328021257,"PCD_C1"
"TCGA-69-7978","Apoptosis",166,0.0614416860484394,"PCD_C1"
"TCGA-69-7979","Apoptosis",166,0.273896766513101,"PCD_C2"
"TCGA-69-7980","Apoptosis",166,0.387069794286754,"PCD_C1"
"TCGA-69-8253","Apoptosis",166,-0.179852413726021,"PCD_C2"
"TCGA-69-8254","Apoptosis",166,-0.283548428433921,"PCD_C1"
"TCGA-69-8255","Apoptosis",166,-0.41217824282952,"PCD_C2"
"TCGA-69-8453","Apoptosis",166,0.0195984763031689,"PCD_C1"
"TCGA-69-A59K","Apoptosis",166,-0.0661046435706848,"PCD_C2"
"TCGA-71-6725","Apoptosis",166,-0.167309021699093,"PCD_C2"
"TCGA-71-8520","Apoptosis",166,0.496400519496382,"PCD_C1"
"TCGA-73-4658","Apoptosis",166,0.0717123235666316,"PCD_C1"
"TCGA-73-4659","Apoptosis",166,0.0104406872003938,"PCD_C2"
"TCGA-73-4662","Apoptosis",166,0.137680031812066,"PCD_C1"
"TCGA-73-4666","Apoptosis",166,0.540701779786692,"PCD_C2"
"TCGA-73-4668","Apoptosis",166,-0.123236607189827,"PCD_C2"
"TCGA-73-4670","Apoptosis",166,-0.0416919121956009,"PCD_C2"
"TCGA-73-4675","Apoptosis",166,-0.05596230153408,"PCD_C2"
"TCGA-73-4676","Apoptosis",166,0.350503718575658,"PCD_C2"
"TCGA-73-4677","Apoptosis",166,-0.271102514365341,"PCD_C2"
"TCGA-73-7498","Apoptosis",166,0.0266436210709468,"PCD_C2"
"TCGA-73-7499","Apoptosis",166,0.220529900040541,"PCD_C2"
"TCGA-73-A9RS","Apoptosis",166,0.0158668570125083,"PCD_C2"
"TCGA-75-5122","Apoptosis",166,0.125579589021309,"PCD_C1"
"TCGA-75-5125","Apoptosis",166,0.465647067169041,"PCD_C1"
"TCGA-75-5126","Apoptosis",166,0.341691698987818,"PCD_C1"
"TCGA-75-5146","Apoptosis",166,-0.0701681278201721,"PCD_C1"
"TCGA-75-5147","Apoptosis",166,0.430012768057673,"PCD_C2"
"TCGA-75-6203","Apoptosis",166,-0.513875628002323,"PCD_C1"
"TCGA-75-6205","Apoptosis",166,0.435151823539667,"PCD_C1"
"TCGA-75-6206","Apoptosis",166,0.0754495011218081,"PCD_C2"
"TCGA-75-6207","Apoptosis",166,0.726267200839667,"PCD_C1"
"TCGA-75-6211","Apoptosis",166,-0.115435549078542,"PCD_C2"
"TCGA-75-6212","Apoptosis",166,-0.332257851335061,"PCD_C1"
"TCGA-75-6214","Apoptosis",166,0.105779521440158,"PCD_C2"
"TCGA-75-7025","Apoptosis",166,-0.256947505180536,"PCD_C1"
"TCGA-75-7027","Apoptosis",166,0.329706675227009,"PCD_C2"
"TCGA-75-7030","Apoptosis",166,-0.230458984648609,"PCD_C1"
"TCGA-75-7031","Apoptosis",166,-0.213632134213225,"PCD_C2"
"TCGA-78-7143","Apoptosis",166,0.530806822549516,"PCD_C2"
"TCGA-78-7145","Apoptosis",166,0.540746693762448,"PCD_C1"
"TCGA-78-7146","Apoptosis",166,0.778503989916528,"PCD_C2"
"TCGA-78-7147","Apoptosis",166,0.267616639392591,"PCD_C2"
"TCGA-78-7148","Apoptosis",166,0.0102053737746418,"PCD_C2"
"TCGA-78-7149","Apoptosis",166,-0.476993288856665,"PCD_C2"
"TCGA-78-7150","Apoptosis",166,0.450328779329825,"PCD_C2"
"TCGA-78-7152","Apoptosis",166,-0.0443130257307916,"PCD_C2"
"TCGA-78-7153","Apoptosis",166,-0.582047744174449,"PCD_C2"
"TCGA-78-7154","Apoptosis",166,0.285335844217344,"PCD_C2"
"TCGA-78-7155","Apoptosis",166,0.567036713793446,"PCD_C1"
"TCGA-78-7156","Apoptosis",166,-0.014551522803454,"PCD_C2"
"TCGA-78-7158","Apoptosis",166,0.239049316205225,"PCD_C1"
"TCGA-78-7159","Apoptosis",166,-0.243206064170143,"PCD_C2"
"TCGA-78-7160","Apoptosis",166,0.322545697530719,"PCD_C2"
"TCGA-78-7161","Apoptosis",166,-0.326109450398525,"PCD_C1"
"TCGA-78-7162","Apoptosis",166,-0.0590840390452782,"PCD_C2"
"TCGA-78-7163","Apoptosis",166,0.0172981483014701,"PCD_C2"
"TCGA-78-7166","Apoptosis",166,-1.17850044306596,"PCD_C2"
"TCGA-78-7167","Apoptosis",166,0.128534361387586,"PCD_C2"
"TCGA-78-7220","Apoptosis",166,0.635030139039984,"PCD_C2"
"TCGA-78-7535","Apoptosis",166,-0.916216537352733,"PCD_C2"
"TCGA-78-7536","Apoptosis",166,0.440870780373635,"PCD_C2"
"TCGA-78-7537","Apoptosis",166,-0.501739853175211,"PCD_C1"
"TCGA-78-7539","Apoptosis",166,0.163382758981891,"PCD_C1"
"TCGA-78-7540","Apoptosis",166,-0.155845823361918,"PCD_C2"
"TCGA-78-7542","Apoptosis",166,0.640507270507953,"PCD_C2"
"TCGA-78-7633","Apoptosis",166,-0.054170957666081,"PCD_C2"
"TCGA-78-8640","Apoptosis",166,-0.104216550534002,"PCD_C2"
"TCGA-78-8648","Apoptosis",166,-0.728711346815373,"PCD_C1"
"TCGA-78-8655","Apoptosis",166,0.22723500802748,"PCD_C1"
"TCGA-78-8660","Apoptosis",166,0.209950214161108,"PCD_C2"
"TCGA-78-8662","Apoptosis",166,0.0488893418047627,"PCD_C2"
"TCGA-80-5607","Apoptosis",166,0.274381221906591,"PCD_C1"
"TCGA-80-5608","Apoptosis",166,-0.207206437263612,"PCD_C2"
"TCGA-80-5611","Apoptosis",166,0.577197032615182,"PCD_C2"
"TCGA-83-5908","Apoptosis",166,0.953485065855715,"PCD_C1"
"TCGA-86-6562","Apoptosis",166,0.242668108878615,"PCD_C1"
"TCGA-86-6851","Apoptosis",166,-0.416150204177412,"PCD_C1"
"TCGA-86-7701","Apoptosis",166,-0.304717817208257,"PCD_C2"
"TCGA-86-7711","Apoptosis",166,-0.249727189473658,"PCD_C2"
"TCGA-86-7713","Apoptosis",166,0.519148867276637,"PCD_C2"
"TCGA-86-7714","Apoptosis",166,0.0501984269264815,"PCD_C1"
"TCGA-86-7953","Apoptosis",166,0.691018149940925,"PCD_C1"
"TCGA-86-7954","Apoptosis",166,0.805151683723151,"PCD_C1"
"TCGA-86-7955","Apoptosis",166,0.131544149699571,"PCD_C2"
"TCGA-86-8054","Apoptosis",166,0.545816277378932,"PCD_C2"
"TCGA-86-8055","Apoptosis",166,0.442425021436638,"PCD_C1"
"TCGA-86-8056","Apoptosis",166,0.568522903810552,"PCD_C1"
"TCGA-86-8073","Apoptosis",166,0.706037936959094,"PCD_C2"
"TCGA-86-8074","Apoptosis",166,0.703374832892457,"PCD_C1"
"TCGA-86-8075","Apoptosis",166,0.502846812099909,"PCD_C1"
"TCGA-86-8076","Apoptosis",166,-0.436309904625677,"PCD_C1"
"TCGA-86-8278","Apoptosis",166,0.0856165661051519,"PCD_C1"
"TCGA-86-8279","Apoptosis",166,0.270886723224394,"PCD_C2"
"TCGA-86-8280","Apoptosis",166,0.141504531332259,"PCD_C1"
"TCGA-86-8281","Apoptosis",166,0.22810379264626,"PCD_C2"
"TCGA-86-8358","Apoptosis",166,0.733336967045492,"PCD_C2"
"TCGA-86-8359","Apoptosis",166,-0.077076245485038,"PCD_C2"
"TCGA-86-8585","Apoptosis",166,-0.209906528498756,"PCD_C2"
"TCGA-86-8668","Apoptosis",166,-0.0986553401002462,"PCD_C1"
"TCGA-86-8669","Apoptosis",166,-0.0137191296925337,"PCD_C2"
"TCGA-86-8671","Apoptosis",166,-0.116688984931399,"PCD_C1"
"TCGA-86-8672","Apoptosis",166,0.00134757817117366,"PCD_C2"
"TCGA-86-8673","Apoptosis",166,-0.0266020340324235,"PCD_C2"
"TCGA-86-8674","Apoptosis",166,-0.0145618781509929,"PCD_C2"
"TCGA-86-A456","Apoptosis",166,0.0253445492412044,"PCD_C1"
"TCGA-86-A4D0","Apoptosis",166,0.00323883921417256,"PCD_C2"
"TCGA-86-A4JF","Apoptosis",166,-0.0157577661499078,"PCD_C1"
"TCGA-86-A4P7","Apoptosis",166,-0.156668900777726,"PCD_C1"
"TCGA-86-A4P8","Apoptosis",166,-0.00714305125695888,"PCD_C1"
"TCGA-91-6828","Apoptosis",166,0.239139473402203,"PCD_C1"
"TCGA-91-6829","Apoptosis",166,0.644831713850397,"PCD_C1"
"TCGA-91-6830","Apoptosis",166,0.481640828518557,"PCD_C2"
"TCGA-91-6831","Apoptosis",166,0.116017311967757,"PCD_C2"
"TCGA-91-6835","Apoptosis",166,0.712263536900319,"PCD_C1"
"TCGA-91-6836","Apoptosis",166,0.703867137609279,"PCD_C1"
"TCGA-91-6840","Apoptosis",166,0.436548856077207,"PCD_C1"
"TCGA-91-6847","Apoptosis",166,0.604851420321022,"PCD_C2"
"TCGA-91-6848","Apoptosis",166,0.689483564392762,"PCD_C1"
"TCGA-91-6849","Apoptosis",166,-0.403612528683953,"PCD_C2"
"TCGA-91-7771","Apoptosis",166,-0.0364496133315175,"PCD_C1"
"TCGA-91-8496","Apoptosis",166,-0.472448600094458,"PCD_C1"
"TCGA-91-8497","Apoptosis",166,-0.425026626375451,"PCD_C1"
"TCGA-91-8499","Apoptosis",166,0.569688727290198,"PCD_C1"
"TCGA-91-A4BC","Apoptosis",166,-0.976659689641401,"PCD_C2"
"TCGA-91-A4BD","Apoptosis",166,-0.893129071840352,"PCD_C1"
"TCGA-93-7347","Apoptosis",166,-0.0969471705573745,"PCD_C1"
"TCGA-93-7348","Apoptosis",166,-0.401125272294376,"PCD_C1"
"TCGA-93-8067","Apoptosis",166,0.339703489241668,"PCD_C2"
"TCGA-93-A4JN","Apoptosis",166,0.171016123131949,"PCD_C1"
"TCGA-93-A4JO","Apoptosis",166,-0.114922009432657,"PCD_C2"
"TCGA-93-A4JP","Apoptosis",166,0.265807237089055,"PCD_C1"
"TCGA-93-A4JQ","Apoptosis",166,0.249949307929697,"PCD_C2"
"TCGA-95-7039","Apoptosis",166,0.160135574880769,"PCD_C2"
"TCGA-95-7043","Apoptosis",166,-0.345238922468862,"PCD_C2"
"TCGA-95-7562","Apoptosis",166,0.463566596386016,"PCD_C2"
"TCGA-95-7567","Apoptosis",166,-0.00207862968874865,"PCD_C1"
"TCGA-95-7944","Apoptosis",166,-0.270415385729492,"PCD_C1"
"TCGA-95-7947","Apoptosis",166,0.444261595348209,"PCD_C1"
"TCGA-95-7948","Apoptosis",166,0.217607784892006,"PCD_C2"
"TCGA-95-8039","Apoptosis",166,0.184102996678005,"PCD_C1"
"TCGA-95-8494","Apoptosis",166,0.438019958352972,"PCD_C1"
"TCGA-95-A4VK","Apoptosis",166,0.0561566607420507,"PCD_C1"
"TCGA-95-A4VN","Apoptosis",166,0.308169585196585,"PCD_C1"
"TCGA-95-A4VP","Apoptosis",166,-0.757869319445432,"PCD_C1"
"TCGA-97-7546","Apoptosis",166,0.110410056547752,"PCD_C1"
"TCGA-97-7547","Apoptosis",166,-0.0216842244578495,"PCD_C1"
"TCGA-97-7552","Apoptosis",166,-0.0896473667179865,"PCD_C1"
"TCGA-97-7553","Apoptosis",166,0.175310814824718,"PCD_C1"
"TCGA-97-7554","Apoptosis",166,-0.288494657637617,"PCD_C1"
"TCGA-97-7937","Apoptosis",166,-0.222450036067114,"PCD_C2"
"TCGA-97-7938","Apoptosis",166,0.292239734908456,"PCD_C1"
"TCGA-97-7941","Apoptosis",166,-0.049214024198128,"PCD_C1"
"TCGA-97-8171","Apoptosis",166,-0.433028851638519,"PCD_C1"
"TCGA-97-8172","Apoptosis",166,0.132435986014468,"PCD_C1"
"TCGA-97-8174","Apoptosis",166,-0.0805619963861637,"PCD_C1"
"TCGA-97-8175","Apoptosis",166,0.280199042920197,"PCD_C1"
"TCGA-97-8176","Apoptosis",166,0.235727408270848,"PCD_C2"
"TCGA-97-8177","Apoptosis",166,-0.000667514834239008,"PCD_C1"
"TCGA-97-8179","Apoptosis",166,0.0930981512836669,"PCD_C2"
"TCGA-97-8547","Apoptosis",166,-0.0841277685635946,"PCD_C1"
"TCGA-97-8552","Apoptosis",166,-0.404737262407296,"PCD_C1"
"TCGA-97-A4LX","Apoptosis",166,0.144668349970194,"PCD_C1"
"TCGA-97-A4M0","Apoptosis",166,0.106373848838032,"PCD_C1"
"TCGA-97-A4M1","Apoptosis",166,-0.258828710944984,"PCD_C1"
"TCGA-97-A4M2","Apoptosis",166,-0.315936256044529,"PCD_C1"
"TCGA-97-A4M3","Apoptosis",166,-0.220444155594817,"PCD_C2"
"TCGA-97-A4M5","Apoptosis",166,0.0103096043892781,"PCD_C1"
"TCGA-97-A4M6","Apoptosis",166,0.228045397428251,"PCD_C1"
"TCGA-97-A4M7","Apoptosis",166,-0.110732801697901,"PCD_C1"
"TCGA-99-7458","Apoptosis",166,0.279798632465598,"PCD_C1"
"TCGA-99-8025","Apoptosis",166,-0.0747405540785517,"PCD_C2"
"TCGA-99-8028","Apoptosis",166,-0.693565447679848,"PCD_C1"
"TCGA-99-8032","Apoptosis",166,-0.389395212458832,"PCD_C2"
"TCGA-99-8033","Apoptosis",166,0.213625975279838,"PCD_C2"
"TCGA-99-AA5R","Apoptosis",166,-0.423953565228484,"PCD_C1"
"TCGA-J2-8192","Apoptosis",166,0.404828716250924,"PCD_C1"
"TCGA-J2-8194","Apoptosis",166,0.397901175551218,"PCD_C2"
"TCGA-J2-A4AD","Apoptosis",166,0.083218209969798,"PCD_C2"
"TCGA-J2-A4AE","Apoptosis",166,-0.440715057941203,"PCD_C2"
"TCGA-J2-A4AG","Apoptosis",166,0.183787099304877,"PCD_C1"
"TCGA-L4-A4E5","Apoptosis",166,-0.239317489074339,"PCD_C2"
"TCGA-L4-A4E6","Apoptosis",166,-0.424743101053245,"PCD_C1"
"TCGA-L9-A443","Apoptosis",166,0.0912821361556767,"PCD_C1"
"TCGA-L9-A444","Apoptosis",166,-0.638072293692527,"PCD_C1"
"TCGA-L9-A50W","Apoptosis",166,0.00522642392615777,"PCD_C1"
"TCGA-L9-A5IP","Apoptosis",166,0.0716145520632462,"PCD_C2"
"TCGA-L9-A743","Apoptosis",166,-0.0381601590745655,"PCD_C1"
"TCGA-L9-A7SV","Apoptosis",166,-0.0146358657367441,"PCD_C1"
"TCGA-L9-A8F4","Apoptosis",166,-0.137830431372642,"PCD_C2"
"TCGA-MN-A4N1","Apoptosis",166,-0.0818693333456679,"PCD_C2"
"TCGA-MN-A4N4","Apoptosis",166,-0.206965812292847,"PCD_C2"
"TCGA-MN-A4N5","Apoptosis",166,0.266578999618208,"PCD_C1"
"TCGA-MP-A4SV","Apoptosis",166,0.389615084153739,"PCD_C1"
"TCGA-MP-A4SW","Apoptosis",166,-0.0761497371016049,"PCD_C1"
"TCGA-MP-A4SY","Apoptosis",166,0.524475325197243,"PCD_C1"
"TCGA-MP-A4T4","Apoptosis",166,-0.161761782710212,"PCD_C1"
"TCGA-MP-A4T6","Apoptosis",166,0.193452778245556,"PCD_C1"
"TCGA-MP-A4T7","Apoptosis",166,-0.183656740048307,"PCD_C2"
"TCGA-MP-A4T8","Apoptosis",166,0.0385793640076348,"PCD_C2"
"TCGA-MP-A4T9","Apoptosis",166,0.420197856740158,"PCD_C1"
"TCGA-MP-A4TA","Apoptosis",166,0.211765651079284,"PCD_C2"
"TCGA-MP-A4TC","Apoptosis",166,0.233497451055967,"PCD_C1"
"TCGA-MP-A4TD","Apoptosis",166,-0.580083197568456,"PCD_C2"
"TCGA-MP-A4TE","Apoptosis",166,-0.504969184137257,"PCD_C2"
"TCGA-MP-A4TF","Apoptosis",166,0.430814755632593,"PCD_C2"
"TCGA-MP-A4TH","Apoptosis",166,-0.200693387580877,"PCD_C1"
"TCGA-MP-A4TI","Apoptosis",166,0.507958412904607,"PCD_C1"
"TCGA-MP-A4TJ","Apoptosis",166,-0.151606092872247,"PCD_C1"
"TCGA-MP-A4TK","Apoptosis",166,-0.183466910333273,"PCD_C1"
"TCGA-MP-A5C7","Apoptosis",166,-0.0146114797940584,"PCD_C2"
"TCGA-NJ-A4YF","Apoptosis",166,-0.868486481829534,"PCD_C2"
"TCGA-NJ-A4YG","Apoptosis",166,-0.187499597369035,"PCD_C1"
"TCGA-NJ-A4YI","Apoptosis",166,0.269131892966855,"PCD_C1"
"TCGA-NJ-A4YP","Apoptosis",166,0.11865740503669,"PCD_C1"
"TCGA-NJ-A4YQ","Apoptosis",166,-0.620677730579928,"PCD_C2"
"TCGA-NJ-A55A","Apoptosis",166,0.131343771619781,"PCD_C1"
"TCGA-NJ-A55O","Apoptosis",166,-0.348631557448404,"PCD_C1"
"TCGA-NJ-A55R","Apoptosis",166,-0.516798649620641,"PCD_C2"
"TCGA-NJ-A7XG","Apoptosis",166,-0.0778411666572488,"PCD_C1"
"TCGA-O1-A52J","Apoptosis",166,-0.0512223341564522,"PCD_C1"
"TCGA-S2-AA1A","Apoptosis",166,-0.873635149069428,"PCD_C1"
"TCGA-05-4244","Cuproptosis",12,0.128784412537965,"PCD_C1"
"TCGA-05-4245","Cuproptosis",12,-2.38945762951804,"PCD_C2"
"TCGA-05-4249","Cuproptosis",12,0.628906740057946,"PCD_C1"
"TCGA-05-4250","Cuproptosis",12,0.323342487826235,"PCD_C2"
"TCGA-05-4382","Cuproptosis",12,-0.0713860819750256,"PCD_C1"
"TCGA-05-4384","Cuproptosis",12,0.494173687480791,"PCD_C2"
"TCGA-05-4389","Cuproptosis",12,-0.118403159495272,"PCD_C2"
"TCGA-05-4390","Cuproptosis",12,-0.244917488281486,"PCD_C2"
"TCGA-05-4395","Cuproptosis",12,0.205044589513045,"PCD_C2"
"TCGA-05-4396","Cuproptosis",12,0.734957211702066,"PCD_C2"
"TCGA-05-4397","Cuproptosis",12,0.52285096401731,"PCD_C2"
"TCGA-05-4398","Cuproptosis",12,-0.254919193776411,"PCD_C1"
"TCGA-05-4402","Cuproptosis",12,0.0760742939513547,"PCD_C1"
"TCGA-05-4403","Cuproptosis",12,-0.301497557323422,"PCD_C2"
"TCGA-05-4405","Cuproptosis",12,0.192564485084899,"PCD_C1"
"TCGA-05-4410","Cuproptosis",12,0.290616766505219,"PCD_C1"
"TCGA-05-4415","Cuproptosis",12,0.726117901594876,"PCD_C1"
"TCGA-05-4417","Cuproptosis",12,-0.487523132064676,"PCD_C1"
"TCGA-05-4418","Cuproptosis",12,-0.0997187349261421,"PCD_C2"
"TCGA-05-4420","Cuproptosis",12,-0.239063136353811,"PCD_C2"
"TCGA-05-4422","Cuproptosis",12,-0.324239220469083,"PCD_C2"
"TCGA-05-4424","Cuproptosis",12,0.59340756341599,"PCD_C1"
"TCGA-05-4425","Cuproptosis",12,0.300888419852113,"PCD_C1"
"TCGA-05-4426","Cuproptosis",12,0.116769665629369,"PCD_C1"
"TCGA-05-4427","Cuproptosis",12,0.914861581300965,"PCD_C1"
"TCGA-05-4430","Cuproptosis",12,0.0370994208938758,"PCD_C1"
"TCGA-05-4432","Cuproptosis",12,0.356784597840897,"PCD_C2"
"TCGA-05-4433","Cuproptosis",12,0.516601452738013,"PCD_C2"
"TCGA-05-4434","Cuproptosis",12,0.413016549418941,"PCD_C2"
"TCGA-05-5420","Cuproptosis",12,-0.608676900214018,"PCD_C1"
"TCGA-05-5423","Cuproptosis",12,0.946631384766905,"PCD_C1"
"TCGA-05-5425","Cuproptosis",12,0.230844145764551,"PCD_C1"
"TCGA-05-5428","Cuproptosis",12,0.340006156241268,"PCD_C2"
"TCGA-05-5429","Cuproptosis",12,0.175178053130801,"PCD_C2"
"TCGA-05-5715","Cuproptosis",12,0.183129344551375,"PCD_C1"
"TCGA-35-3615","Cuproptosis",12,0.144325681322617,"PCD_C2"
"TCGA-35-4122","Cuproptosis",12,-0.775188104741223,"PCD_C1"
"TCGA-35-4123","Cuproptosis",12,0.0202879903979404,"PCD_C1"
"TCGA-35-5375","Cuproptosis",12,-0.193712289316083,"PCD_C2"
"TCGA-38-4625","Cuproptosis",12,0.488899438731267,"PCD_C1"
"TCGA-38-4626","Cuproptosis",12,0.0583749606278553,"PCD_C1"
"TCGA-38-4627","Cuproptosis",12,-0.226258682465272,"PCD_C1"
"TCGA-38-4628","Cuproptosis",12,-0.0390761777035395,"PCD_C1"
"TCGA-38-4629","Cuproptosis",12,-0.048650230433747,"PCD_C1"
"TCGA-38-4630","Cuproptosis",12,0.892924931684523,"PCD_C2"
"TCGA-38-4631","Cuproptosis",12,-0.158184461757131,"PCD_C2"
"TCGA-38-4632","Cuproptosis",12,0.272315771010817,"PCD_C1"
"TCGA-38-6178","Cuproptosis",12,0.639891646592487,"PCD_C1"
"TCGA-38-7271","Cuproptosis",12,-0.798243787833537,"PCD_C1"
"TCGA-38-A44F","Cuproptosis",12,-0.518328639906156,"PCD_C1"
"TCGA-44-2655","Cuproptosis",12,0.331669170623112,"PCD_C2"
"TCGA-44-2656","Cuproptosis",12,0.158932631249114,"PCD_C1"
"TCGA-44-2657","Cuproptosis",12,-0.557897403340363,"PCD_C1"
"TCGA-44-2659","Cuproptosis",12,-0.612333057732585,"PCD_C1"
"TCGA-44-2661","Cuproptosis",12,-0.56354548287091,"PCD_C1"
"TCGA-44-2662","Cuproptosis",12,0.40704082372161,"PCD_C1"
"TCGA-44-2665","Cuproptosis",12,-0.0455535517786448,"PCD_C1"
"TCGA-44-2666","Cuproptosis",12,0.422547790051235,"PCD_C1"
"TCGA-44-2668","Cuproptosis",12,-0.0805816778821546,"PCD_C1"
"TCGA-44-3396","Cuproptosis",12,-0.635495445098592,"PCD_C1"
"TCGA-44-3398","Cuproptosis",12,-0.0104690961816262,"PCD_C1"
"TCGA-44-3917","Cuproptosis",12,-1.01594259490416,"PCD_C2"
"TCGA-44-3918","Cuproptosis",12,-0.792045559675282,"PCD_C1"
"TCGA-44-3919","Cuproptosis",12,0.0599645946825167,"PCD_C1"
"TCGA-44-4112","Cuproptosis",12,0.0190755681547478,"PCD_C1"
"TCGA-44-5643","Cuproptosis",12,0.84630812628299,"PCD_C2"
"TCGA-44-5644","Cuproptosis",12,0.0804214833120239,"PCD_C2"
"TCGA-44-5645","Cuproptosis",12,0.29772263281401,"PCD_C2"
"TCGA-44-6145","Cuproptosis",12,-0.222471455620123,"PCD_C2"
"TCGA-44-6146","Cuproptosis",12,0.257764719265046,"PCD_C2"
"TCGA-44-6147","Cuproptosis",12,0.0497150489941234,"PCD_C1"
"TCGA-44-6148","Cuproptosis",12,-0.0988299154174308,"PCD_C1"
"TCGA-44-6774","Cuproptosis",12,0.0842507051667926,"PCD_C1"
"TCGA-44-6775","Cuproptosis",12,0.559758458058526,"PCD_C1"
"TCGA-44-6776","Cuproptosis",12,-0.0350678936685813,"PCD_C2"
"TCGA-44-6777","Cuproptosis",12,-0.402256746943185,"PCD_C1"
"TCGA-44-6778","Cuproptosis",12,0.128040626595671,"PCD_C1"
"TCGA-44-6779","Cuproptosis",12,-0.536549846514253,"PCD_C2"
"TCGA-44-7659","Cuproptosis",12,0.492966297352008,"PCD_C1"
"TCGA-44-7660","Cuproptosis",12,0.265135376033777,"PCD_C2"
"TCGA-44-7661","Cuproptosis",12,0.571039588182985,"PCD_C1"
"TCGA-44-7662","Cuproptosis",12,0.217425264296082,"PCD_C1"
"TCGA-44-7667","Cuproptosis",12,-0.0836796960806839,"PCD_C2"
"TCGA-44-7669","Cuproptosis",12,0.826456588634148,"PCD_C2"
"TCGA-44-7670","Cuproptosis",12,0.335236607314785,"PCD_C2"
"TCGA-44-7671","Cuproptosis",12,0.375344598969494,"PCD_C2"
"TCGA-44-7672","Cuproptosis",12,-1.07116859057128,"PCD_C1"
"TCGA-44-8117","Cuproptosis",12,-0.022066584376565,"PCD_C1"
"TCGA-44-8119","Cuproptosis",12,-0.227172372869345,"PCD_C2"
"TCGA-44-8120","Cuproptosis",12,0.577279199589702,"PCD_C1"
"TCGA-44-A479","Cuproptosis",12,-0.146568587654808,"PCD_C1"
"TCGA-44-A47A","Cuproptosis",12,0.279386418476494,"PCD_C1"
"TCGA-44-A47B","Cuproptosis",12,-0.0233756022482524,"PCD_C1"
"TCGA-44-A47G","Cuproptosis",12,-0.313229690383935,"PCD_C1"
"TCGA-44-A4SS","Cuproptosis",12,0.184280327968944,"PCD_C2"
"TCGA-44-A4SU","Cuproptosis",12,-0.385308756262038,"PCD_C2"
"TCGA-49-4486","Cuproptosis",12,-0.331783763349241,"PCD_C2"
"TCGA-49-4487","Cuproptosis",12,-0.673839171510289,"PCD_C2"
"TCGA-49-4488","Cuproptosis",12,0.577443364306325,"PCD_C2"
"TCGA-49-4490","Cuproptosis",12,-0.315295651634117,"PCD_C1"
"TCGA-49-4494","Cuproptosis",12,-0.6823347472905,"PCD_C2"
"TCGA-49-4501","Cuproptosis",12,0.215320256273573,"PCD_C1"
"TCGA-49-4505","Cuproptosis",12,-0.10663983155855,"PCD_C1"
"TCGA-49-4506","Cuproptosis",12,-0.23891897418443,"PCD_C2"
"TCGA-49-4507","Cuproptosis",12,-1.0339431164305,"PCD_C2"
"TCGA-49-4510","Cuproptosis",12,-0.785438783494601,"PCD_C1"
"TCGA-49-4512","Cuproptosis",12,-0.896193931857598,"PCD_C1"
"TCGA-49-4514","Cuproptosis",12,-1.35856187406924,"PCD_C2"
"TCGA-49-6742","Cuproptosis",12,-0.138056065966348,"PCD_C2"
"TCGA-49-6743","Cuproptosis",12,0.302214523252176,"PCD_C2"
"TCGA-49-6744","Cuproptosis",12,-0.127632697073796,"PCD_C1"
"TCGA-49-6745","Cuproptosis",12,0.737550527610395,"PCD_C1"
"TCGA-49-6761","Cuproptosis",12,-0.320677482405993,"PCD_C1"
"TCGA-49-6767","Cuproptosis",12,0.485523462182184,"PCD_C1"
"TCGA-49-AAQV","Cuproptosis",12,-0.146200665554634,"PCD_C2"
"TCGA-49-AAR0","Cuproptosis",12,-0.227080557605513,"PCD_C2"
"TCGA-49-AAR2","Cuproptosis",12,-1.98245002026843,"PCD_C2"
"TCGA-49-AAR3","Cuproptosis",12,-0.450369445580871,"PCD_C2"
"TCGA-49-AAR4","Cuproptosis",12,-0.821631668240053,"PCD_C2"
"TCGA-49-AAR9","Cuproptosis",12,-0.0443286283930152,"PCD_C2"
"TCGA-49-AARE","Cuproptosis",12,-0.802135888921783,"PCD_C2"
"TCGA-49-AARN","Cuproptosis",12,-0.076692419766249,"PCD_C2"
"TCGA-49-AARO","Cuproptosis",12,-0.393597289775617,"PCD_C1"
"TCGA-49-AARQ","Cuproptosis",12,-0.610365269387419,"PCD_C2"
"TCGA-49-AARR","Cuproptosis",12,-0.0845271517580268,"PCD_C1"
"TCGA-4B-A93V","Cuproptosis",12,-0.830435390139462,"PCD_C2"
"TCGA-50-5044","Cuproptosis",12,-1.07950949374838,"PCD_C1"
"TCGA-50-5045","Cuproptosis",12,-0.557761004580122,"PCD_C1"
"TCGA-50-5049","Cuproptosis",12,-0.73304523739631,"PCD_C1"
"TCGA-50-5051","Cuproptosis",12,-0.606725521761386,"PCD_C2"
"TCGA-50-5055","Cuproptosis",12,-0.354005278408184,"PCD_C1"
"TCGA-50-5066","Cuproptosis",12,-0.451857132026446,"PCD_C2"
"TCGA-50-5068","Cuproptosis",12,-0.115824359645743,"PCD_C1"
"TCGA-50-5072","Cuproptosis",12,0.350505193631938,"PCD_C2"
"TCGA-50-5930","Cuproptosis",12,-0.648756881189203,"PCD_C2"
"TCGA-50-5931","Cuproptosis",12,0.362545905776553,"PCD_C2"
"TCGA-50-5932","Cuproptosis",12,0.222242423221465,"PCD_C1"
"TCGA-50-5933","Cuproptosis",12,0.659129940150345,"PCD_C1"
"TCGA-50-5935","Cuproptosis",12,0.0236456215102167,"PCD_C1"
"TCGA-50-5936","Cuproptosis",12,0.222974501974495,"PCD_C2"
"TCGA-50-5939","Cuproptosis",12,0.136919814737358,"PCD_C2"
"TCGA-50-5941","Cuproptosis",12,-0.100065247431518,"PCD_C1"
"TCGA-50-5942","Cuproptosis",12,-0.0201542588998964,"PCD_C1"
"TCGA-50-5944","Cuproptosis",12,0.0514635501433563,"PCD_C1"
"TCGA-50-5946","Cuproptosis",12,0.0744834178380942,"PCD_C1"
"TCGA-50-6590","Cuproptosis",12,-0.258669930392104,"PCD_C1"
"TCGA-50-6591","Cuproptosis",12,0.559637187396953,"PCD_C1"
"TCGA-50-6592","Cuproptosis",12,0.236134444243602,"PCD_C2"
"TCGA-50-6593","Cuproptosis",12,-0.156903897793805,"PCD_C1"
"TCGA-50-6594","Cuproptosis",12,0.637046098984134,"PCD_C1"
"TCGA-50-6595","Cuproptosis",12,0.10609650506524,"PCD_C1"
"TCGA-50-6597","Cuproptosis",12,-0.215377038598974,"PCD_C1"
"TCGA-50-6673","Cuproptosis",12,0.0880883385236473,"PCD_C2"
"TCGA-50-7109","Cuproptosis",12,-0.232295973815578,"PCD_C2"
"TCGA-50-8457","Cuproptosis",12,-0.658801656058148,"PCD_C1"
"TCGA-50-8459","Cuproptosis",12,-0.858435321353084,"PCD_C1"
"TCGA-50-8460","Cuproptosis",12,-0.63372997282104,"PCD_C1"
"TCGA-53-7624","Cuproptosis",12,1.38659656346582,"PCD_C2"
"TCGA-53-7626","Cuproptosis",12,-0.114756760031913,"PCD_C1"
"TCGA-53-7813","Cuproptosis",12,-0.689403953052284,"PCD_C2"
"TCGA-53-A4EZ","Cuproptosis",12,0.149044429928973,"PCD_C2"
"TCGA-55-1592","Cuproptosis",12,0.559109832466899,"PCD_C1"
"TCGA-55-1594","Cuproptosis",12,0.683745693573741,"PCD_C2"
"TCGA-55-1595","Cuproptosis",12,-0.209685518769568,"PCD_C1"
"TCGA-55-1596","Cuproptosis",12,0.599604816860088,"PCD_C2"
"TCGA-55-5899","Cuproptosis",12,0.220159664214426,"PCD_C2"
"TCGA-55-6543","Cuproptosis",12,-0.0257612247549442,"PCD_C1"
"TCGA-55-6642","Cuproptosis",12,-1.10664348636463,"PCD_C2"
"TCGA-55-6712","Cuproptosis",12,-0.114263012245709,"PCD_C1"
"TCGA-55-6968","Cuproptosis",12,0.427964068929605,"PCD_C2"
"TCGA-55-6969","Cuproptosis",12,-0.796781930078984,"PCD_C2"
"TCGA-55-6970","Cuproptosis",12,0.440384576333148,"PCD_C2"
"TCGA-55-6971","Cuproptosis",12,-0.432428808430141,"PCD_C1"
"TCGA-55-6972","Cuproptosis",12,0.164779659037256,"PCD_C2"
"TCGA-55-6975","Cuproptosis",12,-0.110566791237698,"PCD_C2"
"TCGA-55-6978","Cuproptosis",12,0.470286052141232,"PCD_C1"
"TCGA-55-6979","Cuproptosis",12,-0.023533173670156,"PCD_C1"
"TCGA-55-6980","Cuproptosis",12,0.0727151953187013,"PCD_C1"
"TCGA-55-6981","Cuproptosis",12,-0.266029196527214,"PCD_C2"
"TCGA-55-6982","Cuproptosis",12,0.00926614215605541,"PCD_C1"
"TCGA-55-6983","Cuproptosis",12,-0.0125992677704445,"PCD_C2"
"TCGA-55-6984","Cuproptosis",12,-0.741971794663485,"PCD_C2"
"TCGA-55-6985","Cuproptosis",12,-0.396078114987372,"PCD_C1"
"TCGA-55-6986","Cuproptosis",12,0.400193872021426,"PCD_C1"
"TCGA-55-6987","Cuproptosis",12,-0.654858097581968,"PCD_C1"
"TCGA-55-7227","Cuproptosis",12,-0.0655958316041352,"PCD_C1"
"TCGA-55-7281","Cuproptosis",12,-0.629169005962026,"PCD_C1"
"TCGA-55-7283","Cuproptosis",12,0.354864439137613,"PCD_C1"
"TCGA-55-7284","Cuproptosis",12,0.108371184590693,"PCD_C1"
"TCGA-55-7570","Cuproptosis",12,0.99466493620584,"PCD_C2"
"TCGA-55-7573","Cuproptosis",12,0.246129998389515,"PCD_C1"
"TCGA-55-7574","Cuproptosis",12,-0.275517681490061,"PCD_C1"
"TCGA-55-7576","Cuproptosis",12,0.121103960343025,"PCD_C1"
"TCGA-55-7724","Cuproptosis",12,0.0666319854580797,"PCD_C2"
"TCGA-55-7725","Cuproptosis",12,0.265281357805992,"PCD_C1"
"TCGA-55-7726","Cuproptosis",12,-0.213193619006905,"PCD_C2"
"TCGA-55-7727","Cuproptosis",12,0.769955935472438,"PCD_C1"
"TCGA-55-7728","Cuproptosis",12,-1.16961102375777,"PCD_C1"
"TCGA-55-7815","Cuproptosis",12,0.393020542660861,"PCD_C1"
"TCGA-55-7816","Cuproptosis",12,0.505856639033148,"PCD_C1"
"TCGA-55-7903","Cuproptosis",12,0.622704519691541,"PCD_C1"
"TCGA-55-7907","Cuproptosis",12,-0.124905643187117,"PCD_C2"
"TCGA-55-7910","Cuproptosis",12,-0.218170516948414,"PCD_C2"
"TCGA-55-7911","Cuproptosis",12,0.333975882152038,"PCD_C1"
"TCGA-55-7913","Cuproptosis",12,0.647786733664305,"PCD_C2"
"TCGA-55-7914","Cuproptosis",12,-0.0233272636116159,"PCD_C1"
"TCGA-55-7994","Cuproptosis",12,0.531299188207283,"PCD_C1"
"TCGA-55-7995","Cuproptosis",12,0.22355147345562,"PCD_C2"
"TCGA-55-8085","Cuproptosis",12,-0.348737292687826,"PCD_C2"
"TCGA-55-8087","Cuproptosis",12,0.941086664323646,"PCD_C1"
"TCGA-55-8089","Cuproptosis",12,-0.032162505601439,"PCD_C2"
"TCGA-55-8090","Cuproptosis",12,-0.740421815665393,"PCD_C1"
"TCGA-55-8091","Cuproptosis",12,-0.214056568505455,"PCD_C1"
"TCGA-55-8092","Cuproptosis",12,-0.140092657000889,"PCD_C2"
"TCGA-55-8094","Cuproptosis",12,-0.471218194087644,"PCD_C2"
"TCGA-55-8096","Cuproptosis",12,0.225245599561852,"PCD_C1"
"TCGA-55-8097","Cuproptosis",12,0.169421788211448,"PCD_C1"
"TCGA-55-8203","Cuproptosis",12,-0.370644919959904,"PCD_C2"
"TCGA-55-8204","Cuproptosis",12,-0.433756456384721,"PCD_C2"
"TCGA-55-8205","Cuproptosis",12,0.859573831402576,"PCD_C1"
"TCGA-55-8206","Cuproptosis",12,0.47421573340464,"PCD_C1"
"TCGA-55-8207","Cuproptosis",12,-0.185149942449409,"PCD_C1"
"TCGA-55-8208","Cuproptosis",12,-0.399356892482404,"PCD_C2"
"TCGA-55-8299","Cuproptosis",12,0.263895978757709,"PCD_C1"
"TCGA-55-8301","Cuproptosis",12,-0.078004032668205,"PCD_C2"
"TCGA-55-8302","Cuproptosis",12,0.188516396182855,"PCD_C2"
"TCGA-55-8505","Cuproptosis",12,0.476316169893367,"PCD_C2"
"TCGA-55-8506","Cuproptosis",12,-0.231332718672774,"PCD_C1"
"TCGA-55-8507","Cuproptosis",12,0.191845961326832,"PCD_C2"
"TCGA-55-8508","Cuproptosis",12,-0.96688378177006,"PCD_C2"
"TCGA-55-8510","Cuproptosis",12,-0.196328578219522,"PCD_C2"
"TCGA-55-8511","Cuproptosis",12,0.0785704707662763,"PCD_C1"
"TCGA-55-8512","Cuproptosis",12,0.159504508656139,"PCD_C2"
"TCGA-55-8513","Cuproptosis",12,-0.0202130465748471,"PCD_C1"
"TCGA-55-8514","Cuproptosis",12,-0.628893991289026,"PCD_C2"
"TCGA-55-8614","Cuproptosis",12,-0.144427744204803,"PCD_C2"
"TCGA-55-8615","Cuproptosis",12,-0.332604315878485,"PCD_C2"
"TCGA-55-8616","Cuproptosis",12,-0.0667873330615555,"PCD_C1"
"TCGA-55-8619","Cuproptosis",12,-0.660158071040028,"PCD_C1"
"TCGA-55-8620","Cuproptosis",12,0.24247420820479,"PCD_C2"
"TCGA-55-8621","Cuproptosis",12,-0.164170877950989,"PCD_C1"
"TCGA-55-A48X","Cuproptosis",12,0.0561000762045316,"PCD_C2"
"TCGA-55-A48Y","Cuproptosis",12,-0.14217893076544,"PCD_C2"
"TCGA-55-A48Z","Cuproptosis",12,-0.246451915259836,"PCD_C2"
"TCGA-55-A490","Cuproptosis",12,-1.39599486634376,"PCD_C1"
"TCGA-55-A491","Cuproptosis",12,-0.714760542059825,"PCD_C2"
"TCGA-55-A492","Cuproptosis",12,-0.540321504733539,"PCD_C2"
"TCGA-55-A493","Cuproptosis",12,0.369193867825406,"PCD_C1"
"TCGA-55-A494","Cuproptosis",12,0.220809856738623,"PCD_C2"
"TCGA-55-A4DF","Cuproptosis",12,0.638070628493605,"PCD_C2"
"TCGA-55-A4DG","Cuproptosis",12,0.00441805183597494,"PCD_C1"
"TCGA-55-A57B","Cuproptosis",12,0.0141792372446725,"PCD_C1"
"TCGA-62-8394","Cuproptosis",12,0.55387090548104,"PCD_C2"
"TCGA-62-8395","Cuproptosis",12,0.0965363913933835,"PCD_C2"
"TCGA-62-8397","Cuproptosis",12,-0.927960284179286,"PCD_C1"
"TCGA-62-8398","Cuproptosis",12,0.399573339102795,"PCD_C2"
"TCGA-62-8399","Cuproptosis",12,0.264840925223257,"PCD_C1"
"TCGA-62-8402","Cuproptosis",12,0.521940790774548,"PCD_C2"
"TCGA-62-A46O","Cuproptosis",12,0.520538697000039,"PCD_C2"
"TCGA-62-A46P","Cuproptosis",12,-0.703965961590248,"PCD_C1"
"TCGA-62-A46R","Cuproptosis",12,0.181756670134927,"PCD_C1"
"TCGA-62-A46S","Cuproptosis",12,-0.381375799991513,"PCD_C1"
"TCGA-62-A46U","Cuproptosis",12,0.802138958637511,"PCD_C1"
"TCGA-62-A46V","Cuproptosis",12,0.574924139574248,"PCD_C1"
"TCGA-62-A46Y","Cuproptosis",12,0.375890261954421,"PCD_C1"
"TCGA-62-A470","Cuproptosis",12,-0.0576580596375752,"PCD_C2"
"TCGA-62-A471","Cuproptosis",12,0.382738554245061,"PCD_C2"
"TCGA-62-A472","Cuproptosis",12,0.663767890200814,"PCD_C1"
"TCGA-64-1676","Cuproptosis",12,-0.385374254625587,"PCD_C1"
"TCGA-64-1677","Cuproptosis",12,-0.232458698094891,"PCD_C2"
"TCGA-64-1678","Cuproptosis",12,-0.57789961024757,"PCD_C2"
"TCGA-64-1679","Cuproptosis",12,-0.0760771719252071,"PCD_C1"
"TCGA-64-1680","Cuproptosis",12,0.0764125239709521,"PCD_C1"
"TCGA-64-1681","Cuproptosis",12,-0.2085309625992,"PCD_C1"
"TCGA-64-5774","Cuproptosis",12,0.035026701462741,"PCD_C2"
"TCGA-64-5775","Cuproptosis",12,0.228102680951197,"PCD_C1"
"TCGA-64-5778","Cuproptosis",12,0.117404347264809,"PCD_C2"
"TCGA-64-5779","Cuproptosis",12,-0.371848375902545,"PCD_C2"
"TCGA-64-5781","Cuproptosis",12,-0.0354821134847165,"PCD_C2"
"TCGA-64-5815","Cuproptosis",12,-0.542293931909506,"PCD_C1"
"TCGA-67-3770","Cuproptosis",12,-0.162111699712619,"PCD_C1"
"TCGA-67-3771","Cuproptosis",12,0.17678857021501,"PCD_C2"
"TCGA-67-3772","Cuproptosis",12,-0.451640206722566,"PCD_C1"
"TCGA-67-3773","Cuproptosis",12,-0.236236443672158,"PCD_C1"
"TCGA-67-3774","Cuproptosis",12,-0.00460367675233284,"PCD_C2"
"TCGA-67-4679","Cuproptosis",12,-0.0287086707498384,"PCD_C1"
"TCGA-67-6215","Cuproptosis",12,0.250322450830273,"PCD_C1"
"TCGA-67-6216","Cuproptosis",12,-0.0848713740293356,"PCD_C1"
"TCGA-67-6217","Cuproptosis",12,-0.0708260915787052,"PCD_C1"
"TCGA-69-7760","Cuproptosis",12,-0.376494792298486,"PCD_C2"
"TCGA-69-7761","Cuproptosis",12,-0.389969086760966,"PCD_C2"
"TCGA-69-7763","Cuproptosis",12,-0.407864176312359,"PCD_C1"
"TCGA-69-7764","Cuproptosis",12,-0.725831101866796,"PCD_C1"
"TCGA-69-7765","Cuproptosis",12,0.127715541856216,"PCD_C1"
"TCGA-69-7973","Cuproptosis",12,0.4004214424737,"PCD_C2"
"TCGA-69-7974","Cuproptosis",12,0.51462041682466,"PCD_C1"
"TCGA-69-7978","Cuproptosis",12,0.0497961937923872,"PCD_C1"
"TCGA-69-7979","Cuproptosis",12,-0.210605074837282,"PCD_C2"
"TCGA-69-7980","Cuproptosis",12,-0.171403573109978,"PCD_C1"
"TCGA-69-8253","Cuproptosis",12,-0.017476047067373,"PCD_C2"
"TCGA-69-8254","Cuproptosis",12,-0.268152256220268,"PCD_C1"
"TCGA-69-8255","Cuproptosis",12,0.340405741783345,"PCD_C2"
"TCGA-69-8453","Cuproptosis",12,-0.252432978600149,"PCD_C1"
"TCGA-69-A59K","Cuproptosis",12,0.177706075154404,"PCD_C2"
"TCGA-71-6725","Cuproptosis",12,-0.297466578786369,"PCD_C2"
"TCGA-71-8520","Cuproptosis",12,0.341650013069664,"PCD_C1"
"TCGA-73-4658","Cuproptosis",12,-0.0478382513154918,"PCD_C1"
"TCGA-73-4659","Cuproptosis",12,0.148798089752255,"PCD_C2"
"TCGA-73-4662","Cuproptosis",12,0.389026579025023,"PCD_C1"
"TCGA-73-4666","Cuproptosis",12,0.670950914835045,"PCD_C2"
"TCGA-73-4668","Cuproptosis",12,-0.170208544173473,"PCD_C2"
"TCGA-73-4670","Cuproptosis",12,0.107911665270588,"PCD_C2"
"TCGA-73-4675","Cuproptosis",12,-0.478945857115482,"PCD_C2"
"TCGA-73-4676","Cuproptosis",12,0.45123287619712,"PCD_C2"
"TCGA-73-4677","Cuproptosis",12,0.0309360283568784,"PCD_C2"
"TCGA-73-7498","Cuproptosis",12,0.0422401310523137,"PCD_C2"
"TCGA-73-7499","Cuproptosis",12,0.0978109196714156,"PCD_C2"
"TCGA-73-A9RS","Cuproptosis",12,0.239160458635059,"PCD_C2"
"TCGA-75-5122","Cuproptosis",12,0.0111284804381648,"PCD_C1"
"TCGA-75-5125","Cuproptosis",12,0.36986478972245,"PCD_C1"
"TCGA-75-5126","Cuproptosis",12,0.0599578718113042,"PCD_C1"
"TCGA-75-5146","Cuproptosis",12,0.376426002494399,"PCD_C1"
"TCGA-75-5147","Cuproptosis",12,0.541216894027017,"PCD_C2"
"TCGA-75-6203","Cuproptosis",12,-0.473908427333257,"PCD_C1"
"TCGA-75-6205","Cuproptosis",12,0.174977945178579,"PCD_C1"
"TCGA-75-6206","Cuproptosis",12,0.23805119810085,"PCD_C2"
"TCGA-75-6207","Cuproptosis",12,1.12124138487712,"PCD_C1"
"TCGA-75-6211","Cuproptosis",12,0.00361525392874209,"PCD_C2"
"TCGA-75-6212","Cuproptosis",12,0.049139370394648,"PCD_C1"
"TCGA-75-6214","Cuproptosis",12,-0.0818326074479392,"PCD_C2"
"TCGA-75-7025","Cuproptosis",12,-0.297545878464894,"PCD_C1"
"TCGA-75-7027","Cuproptosis",12,0.476865601965533,"PCD_C2"
"TCGA-75-7030","Cuproptosis",12,-0.574708775714423,"PCD_C1"
"TCGA-75-7031","Cuproptosis",12,-0.0437658144710667,"PCD_C2"
"TCGA-78-7143","Cuproptosis",12,0.540708814674195,"PCD_C2"
"TCGA-78-7145","Cuproptosis",12,0.697833594293898,"PCD_C1"
"TCGA-78-7146","Cuproptosis",12,0.926976453313397,"PCD_C2"
"TCGA-78-7147","Cuproptosis",12,0.204212095196237,"PCD_C2"
"TCGA-78-7148","Cuproptosis",12,-0.173816880265978,"PCD_C2"
"TCGA-78-7149","Cuproptosis",12,-0.528827228056915,"PCD_C2"
"TCGA-78-7150","Cuproptosis",12,0.939153654419158,"PCD_C2"
"TCGA-78-7152","Cuproptosis",12,0.155330404668579,"PCD_C2"
"TCGA-78-7153","Cuproptosis",12,-0.566319806479462,"PCD_C2"
"TCGA-78-7154","Cuproptosis",12,0.90277081254555,"PCD_C2"
"TCGA-78-7155","Cuproptosis",12,1.46639304207539,"PCD_C1"
"TCGA-78-7156","Cuproptosis",12,0.225016003429654,"PCD_C2"
"TCGA-78-7158","Cuproptosis",12,0.710459112311072,"PCD_C1"
"TCGA-78-7159","Cuproptosis",12,-0.444507104900292,"PCD_C2"
"TCGA-78-7160","Cuproptosis",12,0.652356185724892,"PCD_C2"
"TCGA-78-7161","Cuproptosis",12,-0.36626018201215,"PCD_C1"
"TCGA-78-7162","Cuproptosis",12,-0.110854421333813,"PCD_C2"
"TCGA-78-7163","Cuproptosis",12,0.91414727220369,"PCD_C2"
"TCGA-78-7166","Cuproptosis",12,-1.27307229957967,"PCD_C2"
"TCGA-78-7167","Cuproptosis",12,0.293849955479096,"PCD_C2"
"TCGA-78-7220","Cuproptosis",12,1.38383738432305,"PCD_C2"
"TCGA-78-7535","Cuproptosis",12,-1.09735739636147,"PCD_C2"
"TCGA-78-7536","Cuproptosis",12,0.832957163452943,"PCD_C2"
"TCGA-78-7537","Cuproptosis",12,-0.541472733642407,"PCD_C1"
"TCGA-78-7539","Cuproptosis",12,0.368994214529674,"PCD_C1"
"TCGA-78-7540","Cuproptosis",12,-0.664871238003596,"PCD_C2"
"TCGA-78-7542","Cuproptosis",12,-0.0802310687867692,"PCD_C2"
"TCGA-78-7633","Cuproptosis",12,-0.00303800719771008,"PCD_C2"
"TCGA-78-8640","Cuproptosis",12,-0.104054072039981,"PCD_C2"
"TCGA-78-8648","Cuproptosis",12,-0.959209912105732,"PCD_C1"
"TCGA-78-8655","Cuproptosis",12,-0.0982097680465893,"PCD_C1"
"TCGA-78-8660","Cuproptosis",12,-0.415133088576065,"PCD_C2"
"TCGA-78-8662","Cuproptosis",12,-0.0230428019552433,"PCD_C2"
"TCGA-80-5607","Cuproptosis",12,0.167685238288087,"PCD_C1"
"TCGA-80-5608","Cuproptosis",12,-0.523648650182643,"PCD_C2"
"TCGA-80-5611","Cuproptosis",12,0.407545312315067,"PCD_C2"
"TCGA-83-5908","Cuproptosis",12,0.7366230321319,"PCD_C1"
"TCGA-86-6562","Cuproptosis",12,0.077655890675195,"PCD_C1"
"TCGA-86-6851","Cuproptosis",12,-0.640882668802065,"PCD_C1"
"TCGA-86-7701","Cuproptosis",12,-0.4856067519838,"PCD_C2"
"TCGA-86-7711","Cuproptosis",12,0.083113130664484,"PCD_C2"
"TCGA-86-7713","Cuproptosis",12,0.536729108182462,"PCD_C2"
"TCGA-86-7714","Cuproptosis",12,0.441693388241737,"PCD_C1"
"TCGA-86-7953","Cuproptosis",12,1.00624982175432,"PCD_C1"
"TCGA-86-7954","Cuproptosis",12,0.90654067908385,"PCD_C1"
"TCGA-86-7955","Cuproptosis",12,0.89660741099909,"PCD_C2"
"TCGA-86-8054","Cuproptosis",12,0.8750315549017,"PCD_C2"
"TCGA-86-8055","Cuproptosis",12,-0.128089029736818,"PCD_C1"
"TCGA-86-8056","Cuproptosis",12,0.971545055155813,"PCD_C1"
"TCGA-86-8073","Cuproptosis",12,0.798971059894775,"PCD_C2"
"TCGA-86-8074","Cuproptosis",12,0.643488436828819,"PCD_C1"
"TCGA-86-8075","Cuproptosis",12,0.425859042566894,"PCD_C1"
"TCGA-86-8076","Cuproptosis",12,-0.172769883759816,"PCD_C1"
"TCGA-86-8278","Cuproptosis",12,-0.0361239894202094,"PCD_C1"
"TCGA-86-8279","Cuproptosis",12,0.415061568125391,"PCD_C2"
"TCGA-86-8280","Cuproptosis",12,0.278570763963029,"PCD_C1"
"TCGA-86-8281","Cuproptosis",12,0.534745571871961,"PCD_C2"
"TCGA-86-8358","Cuproptosis",12,0.410021927648214,"PCD_C2"
"TCGA-86-8359","Cuproptosis",12,-0.032887697835578,"PCD_C2"
"TCGA-86-8585","Cuproptosis",12,-0.26549952887624,"PCD_C2"
"TCGA-86-8668","Cuproptosis",12,-0.383086603823577,"PCD_C1"
"TCGA-86-8669","Cuproptosis",12,-0.26154936558078,"PCD_C2"
"TCGA-86-8671","Cuproptosis",12,-0.338004662784516,"PCD_C1"
"TCGA-86-8672","Cuproptosis",12,0.191778392794039,"PCD_C2"
"TCGA-86-8673","Cuproptosis",12,-0.4927519816915,"PCD_C2"
"TCGA-86-8674","Cuproptosis",12,0.155280474301569,"PCD_C2"
"TCGA-86-A456","Cuproptosis",12,0.296382786623755,"PCD_C1"
"TCGA-86-A4D0","Cuproptosis",12,-0.0180044110853408,"PCD_C2"
"TCGA-86-A4JF","Cuproptosis",12,-0.243642085004427,"PCD_C1"
"TCGA-86-A4P7","Cuproptosis",12,-0.135287782585088,"PCD_C1"
"TCGA-86-A4P8","Cuproptosis",12,0.22158231591252,"PCD_C1"
"TCGA-91-6828","Cuproptosis",12,0.194358414239907,"PCD_C1"
"TCGA-91-6829","Cuproptosis",12,0.759321326801826,"PCD_C1"
"TCGA-91-6830","Cuproptosis",12,0.315861098625614,"PCD_C2"
"TCGA-91-6831","Cuproptosis",12,0.197538199329634,"PCD_C2"
"TCGA-91-6835","Cuproptosis",12,0.526694059524845,"PCD_C1"
"TCGA-91-6836","Cuproptosis",12,0.628695143579075,"PCD_C1"
"TCGA-91-6840","Cuproptosis",12,0.317340981346506,"PCD_C1"
"TCGA-91-6847","Cuproptosis",12,0.609023996458574,"PCD_C2"
"TCGA-91-6848","Cuproptosis",12,0.320806365938945,"PCD_C1"
"TCGA-91-6849","Cuproptosis",12,-0.208592699951053,"PCD_C2"
"TCGA-91-7771","Cuproptosis",12,0.196225465834421,"PCD_C1"
"TCGA-91-8496","Cuproptosis",12,0.144582922244102,"PCD_C1"
"TCGA-91-8497","Cuproptosis",12,-0.118624419727517,"PCD_C1"
"TCGA-91-8499","Cuproptosis",12,0.912776991966848,"PCD_C1"
"TCGA-91-A4BC","Cuproptosis",12,-1.10733398726327,"PCD_C2"
"TCGA-91-A4BD","Cuproptosis",12,-0.637762877067638,"PCD_C1"
"TCGA-93-7347","Cuproptosis",12,-0.31561020430581,"PCD_C1"
"TCGA-93-7348","Cuproptosis",12,-0.316910751319931,"PCD_C1"
"TCGA-93-8067","Cuproptosis",12,0.0179432825841667,"PCD_C2"
"TCGA-93-A4JN","Cuproptosis",12,-0.410437890489646,"PCD_C1"
"TCGA-93-A4JO","Cuproptosis",12,-0.17361524668233,"PCD_C2"
"TCGA-93-A4JP","Cuproptosis",12,0.312242478770546,"PCD_C1"
"TCGA-93-A4JQ","Cuproptosis",12,0.114957784665795,"PCD_C2"
"TCGA-95-7039","Cuproptosis",12,0.167222656776449,"PCD_C2"
"TCGA-95-7043","Cuproptosis",12,-0.279661693128638,"PCD_C2"
"TCGA-95-7562","Cuproptosis",12,0.517093560808797,"PCD_C2"
"TCGA-95-7567","Cuproptosis",12,-0.36830769689436,"PCD_C1"
"TCGA-95-7944","Cuproptosis",12,-0.166607496398309,"PCD_C1"
"TCGA-95-7947","Cuproptosis",12,0.985968030996687,"PCD_C1"
"TCGA-95-7948","Cuproptosis",12,0.272980558069181,"PCD_C2"
"TCGA-95-8039","Cuproptosis",12,-0.35737015356845,"PCD_C1"
"TCGA-95-8494","Cuproptosis",12,0.0336559777327856,"PCD_C1"
"TCGA-95-A4VK","Cuproptosis",12,-0.133723391219912,"PCD_C1"
"TCGA-95-A4VN","Cuproptosis",12,0.0257742692058844,"PCD_C1"
"TCGA-95-A4VP","Cuproptosis",12,-1.20729224404011,"PCD_C1"
"TCGA-97-7546","Cuproptosis",12,0.561809027487451,"PCD_C1"
"TCGA-97-7547","Cuproptosis",12,0.111306239744356,"PCD_C1"
"TCGA-97-7552","Cuproptosis",12,-0.0217567847866369,"PCD_C1"
"TCGA-97-7553","Cuproptosis",12,0.430311789820126,"PCD_C1"
"TCGA-97-7554","Cuproptosis",12,-0.523766009251306,"PCD_C1"
"TCGA-97-7937","Cuproptosis",12,0.232090444984372,"PCD_C2"
"TCGA-97-7938","Cuproptosis",12,0.483233209645915,"PCD_C1"
"TCGA-97-7941","Cuproptosis",12,-0.0218288889410767,"PCD_C1"
"TCGA-97-8171","Cuproptosis",12,0.473378459909724,"PCD_C1"
"TCGA-97-8172","Cuproptosis",12,0.216544730972601,"PCD_C1"
"TCGA-97-8174","Cuproptosis",12,-0.108923895484297,"PCD_C1"
"TCGA-97-8175","Cuproptosis",12,-0.0272718696991008,"PCD_C1"
"TCGA-97-8176","Cuproptosis",12,0.247827584864039,"PCD_C2"
"TCGA-97-8177","Cuproptosis",12,0.0825987460375027,"PCD_C1"
"TCGA-97-8179","Cuproptosis",12,0.0769740237638926,"PCD_C2"
"TCGA-97-8547","Cuproptosis",12,-0.550949273636402,"PCD_C1"
"TCGA-97-8552","Cuproptosis",12,-0.212446197011411,"PCD_C1"
"TCGA-97-A4LX","Cuproptosis",12,0.0405990035453119,"PCD_C1"
"TCGA-97-A4M0","Cuproptosis",12,0.293406426487506,"PCD_C1"
"TCGA-97-A4M1","Cuproptosis",12,0.103570591299333,"PCD_C1"
"TCGA-97-A4M2","Cuproptosis",12,-0.159567648412634,"PCD_C1"
"TCGA-97-A4M3","Cuproptosis",12,0.135636469017791,"PCD_C2"
"TCGA-97-A4M5","Cuproptosis",12,0.222079702679563,"PCD_C1"
"TCGA-97-A4M6","Cuproptosis",12,-0.00956310129861768,"PCD_C1"
"TCGA-97-A4M7","Cuproptosis",12,-0.709690080745482,"PCD_C1"
"TCGA-99-7458","Cuproptosis",12,0.784888239641036,"PCD_C1"
"TCGA-99-8025","Cuproptosis",12,-0.158419150964744,"PCD_C2"
"TCGA-99-8028","Cuproptosis",12,-0.877157979394734,"PCD_C1"
"TCGA-99-8032","Cuproptosis",12,-0.514158584726956,"PCD_C2"
"TCGA-99-8033","Cuproptosis",12,0.160254725160644,"PCD_C2"
"TCGA-99-AA5R","Cuproptosis",12,-0.681406882547506,"PCD_C1"
"TCGA-J2-8192","Cuproptosis",12,0.382223033449059,"PCD_C1"
"TCGA-J2-8194","Cuproptosis",12,0.920552194004689,"PCD_C2"
"TCGA-J2-A4AD","Cuproptosis",12,0.109787090130891,"PCD_C2"
"TCGA-J2-A4AE","Cuproptosis",12,-0.264000961805764,"PCD_C2"
"TCGA-J2-A4AG","Cuproptosis",12,0.0565365299830431,"PCD_C1"
"TCGA-L4-A4E5","Cuproptosis",12,-0.45139247795165,"PCD_C2"
"TCGA-L4-A4E6","Cuproptosis",12,-0.307448318138724,"PCD_C1"
"TCGA-L9-A443","Cuproptosis",12,-0.386936477210259,"PCD_C1"
"TCGA-L9-A444","Cuproptosis",12,-0.797635854913024,"PCD_C1"
"TCGA-L9-A50W","Cuproptosis",12,-0.536867222222575,"PCD_C1"
"TCGA-L9-A5IP","Cuproptosis",12,0.584550439553403,"PCD_C2"
"TCGA-L9-A743","Cuproptosis",12,-0.368687001025887,"PCD_C1"
"TCGA-L9-A7SV","Cuproptosis",12,0.189627284857819,"PCD_C1"
"TCGA-L9-A8F4","Cuproptosis",12,-0.594059575073572,"PCD_C2"
"TCGA-MN-A4N1","Cuproptosis",12,-0.577061259487797,"PCD_C2"
"TCGA-MN-A4N4","Cuproptosis",12,-0.646890675892496,"PCD_C2"
"TCGA-MN-A4N5","Cuproptosis",12,0.43262463807527,"PCD_C1"
"TCGA-MP-A4SV","Cuproptosis",12,0.557155076109421,"PCD_C1"
"TCGA-MP-A4SW","Cuproptosis",12,-0.240845119303479,"PCD_C1"
"TCGA-MP-A4SY","Cuproptosis",12,0.552098793029378,"PCD_C1"
"TCGA-MP-A4T4","Cuproptosis",12,-0.136125237053348,"PCD_C1"
"TCGA-MP-A4T6","Cuproptosis",12,-0.0827561287971552,"PCD_C1"
"TCGA-MP-A4T7","Cuproptosis",12,-0.122198909697934,"PCD_C2"
"TCGA-MP-A4T8","Cuproptosis",12,0.163432109161767,"PCD_C2"
"TCGA-MP-A4T9","Cuproptosis",12,0.363712006571256,"PCD_C1"
"TCGA-MP-A4TA","Cuproptosis",12,0.395789325382835,"PCD_C2"
"TCGA-MP-A4TC","Cuproptosis",12,0.328606478277823,"PCD_C1"
"TCGA-MP-A4TD","Cuproptosis",12,-0.974834020509467,"PCD_C2"
"TCGA-MP-A4TE","Cuproptosis",12,-0.555139240774972,"PCD_C2"
"TCGA-MP-A4TF","Cuproptosis",12,0.230468103202985,"PCD_C2"
"TCGA-MP-A4TH","Cuproptosis",12,-0.436623588919011,"PCD_C1"
"TCGA-MP-A4TI","Cuproptosis",12,-0.103295652962886,"PCD_C1"
"TCGA-MP-A4TJ","Cuproptosis",12,-0.280475135008201,"PCD_C1"
"TCGA-MP-A4TK","Cuproptosis",12,-0.236195904436369,"PCD_C1"
"TCGA-MP-A5C7","Cuproptosis",12,0.373026208632226,"PCD_C2"
"TCGA-NJ-A4YF","Cuproptosis",12,-0.308513057828175,"PCD_C2"
"TCGA-NJ-A4YG","Cuproptosis",12,-0.276933757163221,"PCD_C1"
"TCGA-NJ-A4YI","Cuproptosis",12,0.394199378032661,"PCD_C1"
"TCGA-NJ-A4YP","Cuproptosis",12,0.354562110633075,"PCD_C1"
"TCGA-NJ-A4YQ","Cuproptosis",12,-0.583765494671923,"PCD_C2"
"TCGA-NJ-A55A","Cuproptosis",12,0.435078634562235,"PCD_C1"
"TCGA-NJ-A55O","Cuproptosis",12,-0.0643232493482723,"PCD_C1"
"TCGA-NJ-A55R","Cuproptosis",12,-0.202504007671881,"PCD_C2"
"TCGA-NJ-A7XG","Cuproptosis",12,-0.339944867251403,"PCD_C1"
"TCGA-O1-A52J","Cuproptosis",12,0.367468898829292,"PCD_C1"
"TCGA-S2-AA1A","Cuproptosis",12,-1.16439978256612,"PCD_C1"
"TCGA-05-4244","Ferroptosis",89,0.375992241545092,"PCD_C1"
"TCGA-05-4245","Ferroptosis",89,-1.76184108866321,"PCD_C2"
"TCGA-05-4249","Ferroptosis",89,0.270772694309716,"PCD_C1"
"TCGA-05-4250","Ferroptosis",89,0.180384778786242,"PCD_C2"
"TCGA-05-4382","Ferroptosis",89,-0.0903972507352964,"PCD_C1"
"TCGA-05-4384","Ferroptosis",89,0.445121724995371,"PCD_C2"
"TCGA-05-4389","Ferroptosis",89,0.642383171364334,"PCD_C2"
"TCGA-05-4390","Ferroptosis",89,0.0528237991870082,"PCD_C2"
"TCGA-05-4395","Ferroptosis",89,0.127718810221304,"PCD_C2"
"TCGA-05-4396","Ferroptosis",89,0.284612010091753,"PCD_C2"
"TCGA-05-4397","Ferroptosis",89,0.622691454900778,"PCD_C2"
"TCGA-05-4398","Ferroptosis",89,0.099576778000927,"PCD_C1"
"TCGA-05-4402","Ferroptosis",89,0.122237665591289,"PCD_C1"
"TCGA-05-4403","Ferroptosis",89,0.0871769683475179,"PCD_C2"
"TCGA-05-4405","Ferroptosis",89,0.176416670609321,"PCD_C1"
"TCGA-05-4410","Ferroptosis",89,-0.276848477900612,"PCD_C1"
"TCGA-05-4415","Ferroptosis",89,0.342679132423327,"PCD_C1"
"TCGA-05-4417","Ferroptosis",89,-0.195391452608553,"PCD_C1"
"TCGA-05-4418","Ferroptosis",89,-0.24794127235397,"PCD_C2"
"TCGA-05-4420","Ferroptosis",89,-0.150628097563656,"PCD_C2"
"TCGA-05-4422","Ferroptosis",89,0.0474718660790207,"PCD_C2"
"TCGA-05-4424","Ferroptosis",89,0.548599311582341,"PCD_C1"
"TCGA-05-4425","Ferroptosis",89,0.68320036913234,"PCD_C1"
"TCGA-05-4426","Ferroptosis",89,0.282686230747272,"PCD_C1"
"TCGA-05-4427","Ferroptosis",89,0.162937802729858,"PCD_C1"
"TCGA-05-4430","Ferroptosis",89,0.254932843391957,"PCD_C1"
"TCGA-05-4432","Ferroptosis",89,0.108499172706608,"PCD_C2"
"TCGA-05-4433","Ferroptosis",89,0.236470329586245,"PCD_C2"
"TCGA-05-4434","Ferroptosis",89,0.480076319768505,"PCD_C2"
"TCGA-05-5420","Ferroptosis",89,-0.442765420726317,"PCD_C1"
"TCGA-05-5423","Ferroptosis",89,0.244149970668753,"PCD_C1"
"TCGA-05-5425","Ferroptosis",89,0.219442547351944,"PCD_C1"
"TCGA-05-5428","Ferroptosis",89,0.11400373508152,"PCD_C2"
"TCGA-05-5429","Ferroptosis",89,0.106897325142904,"PCD_C2"
"TCGA-05-5715","Ferroptosis",89,0.262422042521399,"PCD_C1"
"TCGA-35-3615","Ferroptosis",89,0.114523701927654,"PCD_C2"
"TCGA-35-4122","Ferroptosis",89,-0.392531763553998,"PCD_C1"
"TCGA-35-4123","Ferroptosis",89,-0.0488706591555277,"PCD_C1"
"TCGA-35-5375","Ferroptosis",89,-0.0732562614160024,"PCD_C2"
"TCGA-38-4625","Ferroptosis",89,0.25215659569632,"PCD_C1"
"TCGA-38-4626","Ferroptosis",89,0.293357533724217,"PCD_C1"
"TCGA-38-4627","Ferroptosis",89,0.318332571403707,"PCD_C1"
"TCGA-38-4628","Ferroptosis",89,0.257531119179981,"PCD_C1"
"TCGA-38-4629","Ferroptosis",89,-0.0165463504081684,"PCD_C1"
"TCGA-38-4630","Ferroptosis",89,0.015855821975024,"PCD_C2"
"TCGA-38-4631","Ferroptosis",89,-0.0665835349124082,"PCD_C2"
"TCGA-38-4632","Ferroptosis",89,0.285566635705145,"PCD_C1"
"TCGA-38-6178","Ferroptosis",89,0.363780849015857,"PCD_C1"
"TCGA-38-7271","Ferroptosis",89,-0.386678225644461,"PCD_C1"
"TCGA-38-A44F","Ferroptosis",89,-0.403438545801424,"PCD_C1"
"TCGA-44-2655","Ferroptosis",89,0.360092037939421,"PCD_C2"
"TCGA-44-2656","Ferroptosis",89,0.161404228355333,"PCD_C1"
"TCGA-44-2657","Ferroptosis",89,-0.579856936641397,"PCD_C1"
"TCGA-44-2659","Ferroptosis",89,-0.300360995637514,"PCD_C1"
"TCGA-44-2661","Ferroptosis",89,-0.241648911711677,"PCD_C1"
"TCGA-44-2662","Ferroptosis",89,0.593485518367192,"PCD_C1"
"TCGA-44-2665","Ferroptosis",89,0.202868341238816,"PCD_C1"
"TCGA-44-2666","Ferroptosis",89,0.233902551373263,"PCD_C1"
"TCGA-44-2668","Ferroptosis",89,0.283899379108108,"PCD_C1"
"TCGA-44-3396","Ferroptosis",89,-0.349216896454942,"PCD_C1"
"TCGA-44-3398","Ferroptosis",89,0.188743073532097,"PCD_C1"
"TCGA-44-3917","Ferroptosis",89,-1.26306609180161,"PCD_C2"
"TCGA-44-3918","Ferroptosis",89,-0.143374815843783,"PCD_C1"
"TCGA-44-3919","Ferroptosis",89,0.0403900391561623,"PCD_C1"
"TCGA-44-4112","Ferroptosis",89,0.277230773643658,"PCD_C1"
"TCGA-44-5643","Ferroptosis",89,0.511032490267044,"PCD_C2"
"TCGA-44-5644","Ferroptosis",89,-0.245941997748322,"PCD_C2"
"TCGA-44-5645","Ferroptosis",89,-0.24816878135477,"PCD_C2"
"TCGA-44-6145","Ferroptosis",89,0.0770551386125578,"PCD_C2"
"TCGA-44-6146","Ferroptosis",89,0.121035207435288,"PCD_C2"
"TCGA-44-6147","Ferroptosis",89,0.064447472732894,"PCD_C1"
"TCGA-44-6148","Ferroptosis",89,-0.069220676900134,"PCD_C1"
"TCGA-44-6774","Ferroptosis",89,0.0467718158003145,"PCD_C1"
"TCGA-44-6775","Ferroptosis",89,0.212209439229879,"PCD_C1"
"TCGA-44-6776","Ferroptosis",89,0.115549097753912,"PCD_C2"
"TCGA-44-6777","Ferroptosis",89,-0.0283821836051271,"PCD_C1"
"TCGA-44-6778","Ferroptosis",89,0.0095966886957193,"PCD_C1"
"TCGA-44-6779","Ferroptosis",89,0.307690346856621,"PCD_C2"
"TCGA-44-7659","Ferroptosis",89,0.0153622726278842,"PCD_C1"
"TCGA-44-7660","Ferroptosis",89,-0.0118068026729861,"PCD_C2"
"TCGA-44-7661","Ferroptosis",89,0.291956733108491,"PCD_C1"
"TCGA-44-7662","Ferroptosis",89,-0.0924330424488549,"PCD_C1"
"TCGA-44-7667","Ferroptosis",89,0.00318692762548421,"PCD_C2"
"TCGA-44-7669","Ferroptosis",89,0.533941831126933,"PCD_C2"
"TCGA-44-7670","Ferroptosis",89,0.691285622398489,"PCD_C2"
"TCGA-44-7671","Ferroptosis",89,0.361414372904132,"PCD_C2"
"TCGA-44-7672","Ferroptosis",89,-0.628741526735051,"PCD_C1"
"TCGA-44-8117","Ferroptosis",89,-0.00843686308408331,"PCD_C1"
"TCGA-44-8119","Ferroptosis",89,-0.162999705857185,"PCD_C2"
"TCGA-44-8120","Ferroptosis",89,0.289620692283598,"PCD_C1"
"TCGA-44-A479","Ferroptosis",89,-0.390407578148562,"PCD_C1"
"TCGA-44-A47A","Ferroptosis",89,0.455296755156135,"PCD_C1"
"TCGA-44-A47B","Ferroptosis",89,0.331629078504409,"PCD_C1"
"TCGA-44-A47G","Ferroptosis",89,-0.251492377758259,"PCD_C1"
"TCGA-44-A4SS","Ferroptosis",89,0.337314090994997,"PCD_C2"
"TCGA-44-A4SU","Ferroptosis",89,-0.591532680612509,"PCD_C2"
"TCGA-49-4486","Ferroptosis",89,-0.262812437456712,"PCD_C2"
"TCGA-49-4487","Ferroptosis",89,-0.471740822545003,"PCD_C2"
"TCGA-49-4488","Ferroptosis",89,0.299782037567807,"PCD_C2"
"TCGA-49-4490","Ferroptosis",89,-0.356681703185373,"PCD_C1"
"TCGA-49-4494","Ferroptosis",89,0.126349183212335,"PCD_C2"
"TCGA-49-4501","Ferroptosis",89,0.199074759366086,"PCD_C1"
"TCGA-49-4505","Ferroptosis",89,-0.339260343896464,"PCD_C1"
"TCGA-49-4506","Ferroptosis",89,-0.531709003295864,"PCD_C2"
"TCGA-49-4507","Ferroptosis",89,-0.383456534569765,"PCD_C2"
"TCGA-49-4510","Ferroptosis",89,-0.308907057710115,"PCD_C1"
"TCGA-49-4512","Ferroptosis",89,-0.719373677683372,"PCD_C1"
"TCGA-49-4514","Ferroptosis",89,-0.88979101533526,"PCD_C2"
"TCGA-49-6742","Ferroptosis",89,-0.0161703804164028,"PCD_C2"
"TCGA-49-6743","Ferroptosis",89,0.642297644025438,"PCD_C2"
"TCGA-49-6744","Ferroptosis",89,-0.0158543533880204,"PCD_C1"
"TCGA-49-6745","Ferroptosis",89,0.298360107535588,"PCD_C1"
"TCGA-49-6761","Ferroptosis",89,-0.269439536586299,"PCD_C1"
"TCGA-49-6767","Ferroptosis",89,0.150546387283999,"PCD_C1"
"TCGA-49-AAQV","Ferroptosis",89,-0.133515131992231,"PCD_C2"
"TCGA-49-AAR0","Ferroptosis",89,-0.0627046549188433,"PCD_C2"
"TCGA-49-AAR2","Ferroptosis",89,-1.35334622196103,"PCD_C2"
"TCGA-49-AAR3","Ferroptosis",89,-0.474091512426835,"PCD_C2"
"TCGA-49-AAR4","Ferroptosis",89,-0.663943662224966,"PCD_C2"
"TCGA-49-AAR9","Ferroptosis",89,0.300911145897704,"PCD_C2"
"TCGA-49-AARE","Ferroptosis",89,-0.177605099783777,"PCD_C2"
"TCGA-49-AARN","Ferroptosis",89,-0.0733405996182924,"PCD_C2"
"TCGA-49-AARO","Ferroptosis",89,-0.336387395516818,"PCD_C1"
"TCGA-49-AARQ","Ferroptosis",89,-0.854418230272753,"PCD_C2"
"TCGA-49-AARR","Ferroptosis",89,-0.225647619542082,"PCD_C1"
"TCGA-4B-A93V","Ferroptosis",89,-0.392451199337114,"PCD_C2"
"TCGA-50-5044","Ferroptosis",89,-0.705302119391126,"PCD_C1"
"TCGA-50-5045","Ferroptosis",89,-0.310792810184418,"PCD_C1"
"TCGA-50-5049","Ferroptosis",89,-0.498404234333557,"PCD_C1"
"TCGA-50-5051","Ferroptosis",89,-0.163979256728866,"PCD_C2"
"TCGA-50-5055","Ferroptosis",89,-0.270681863738524,"PCD_C1"
"TCGA-50-5066","Ferroptosis",89,-0.434790656923742,"PCD_C2"
"TCGA-50-5068","Ferroptosis",89,-0.0676165377476602,"PCD_C1"
"TCGA-50-5072","Ferroptosis",89,0.442281741803251,"PCD_C2"
"TCGA-50-5930","Ferroptosis",89,-0.483997410564482,"PCD_C2"
"TCGA-50-5931","Ferroptosis",89,0.26733198253901,"PCD_C2"
"TCGA-50-5932","Ferroptosis",89,0.121434013458886,"PCD_C1"
"TCGA-50-5933","Ferroptosis",89,0.418478453533785,"PCD_C1"
"TCGA-50-5935","Ferroptosis",89,0.183423403196111,"PCD_C1"
"TCGA-50-5936","Ferroptosis",89,0.409142701206705,"PCD_C2"
"TCGA-50-5939","Ferroptosis",89,0.238950444340315,"PCD_C2"
"TCGA-50-5941","Ferroptosis",89,0.0596938425502682,"PCD_C1"
"TCGA-50-5942","Ferroptosis",89,-0.111986378479032,"PCD_C1"
"TCGA-50-5944","Ferroptosis",89,0.1862051425999,"PCD_C1"
"TCGA-50-5946","Ferroptosis",89,-0.162211642453059,"PCD_C1"
"TCGA-50-6590","Ferroptosis",89,-0.314874964775293,"PCD_C1"
"TCGA-50-6591","Ferroptosis",89,-0.320039772708145,"PCD_C1"
"TCGA-50-6592","Ferroptosis",89,0.697443147368617,"PCD_C2"
"TCGA-50-6593","Ferroptosis",89,0.216889135386661,"PCD_C1"
"TCGA-50-6594","Ferroptosis",89,0.22177041075957,"PCD_C1"
"TCGA-50-6595","Ferroptosis",89,0.219064315937496,"PCD_C1"
"TCGA-50-6597","Ferroptosis",89,-0.563141714282638,"PCD_C1"
"TCGA-50-6673","Ferroptosis",89,0.0794744418974614,"PCD_C2"
"TCGA-50-7109","Ferroptosis",89,-0.188367496606058,"PCD_C2"
"TCGA-50-8457","Ferroptosis",89,-0.471357130239052,"PCD_C1"
"TCGA-50-8459","Ferroptosis",89,-0.49249301467342,"PCD_C1"
"TCGA-50-8460","Ferroptosis",89,-0.480890615122854,"PCD_C1"
"TCGA-53-7624","Ferroptosis",89,0.657261019279933,"PCD_C2"
"TCGA-53-7626","Ferroptosis",89,0.0945747510766393,"PCD_C1"
"TCGA-53-7813","Ferroptosis",89,-0.981795592206556,"PCD_C2"
"TCGA-53-A4EZ","Ferroptosis",89,-0.0403218416922489,"PCD_C2"
"TCGA-55-1592","Ferroptosis",89,0.237558506751655,"PCD_C1"
"TCGA-55-1594","Ferroptosis",89,0.327626115118603,"PCD_C2"
"TCGA-55-1595","Ferroptosis",89,-0.140712546018978,"PCD_C1"
"TCGA-55-1596","Ferroptosis",89,0.485452819905802,"PCD_C2"
"TCGA-55-5899","Ferroptosis",89,0.445305729378511,"PCD_C2"
"TCGA-55-6543","Ferroptosis",89,0.231289719889075,"PCD_C1"
"TCGA-55-6642","Ferroptosis",89,-0.815724726636569,"PCD_C2"
"TCGA-55-6712","Ferroptosis",89,-0.0107977486994859,"PCD_C1"
"TCGA-55-6968","Ferroptosis",89,-0.00811970720025374,"PCD_C2"
"TCGA-55-6969","Ferroptosis",89,-0.495378411678766,"PCD_C2"
"TCGA-55-6970","Ferroptosis",89,0.238791923770726,"PCD_C2"
"TCGA-55-6971","Ferroptosis",89,-0.35239950788758,"PCD_C1"
"TCGA-55-6972","Ferroptosis",89,-0.220716259497251,"PCD_C2"
"TCGA-55-6975","Ferroptosis",89,0.151004825609854,"PCD_C2"
"TCGA-55-6978","Ferroptosis",89,0.37053240306814,"PCD_C1"
"TCGA-55-6979","Ferroptosis",89,-0.094055850498934,"PCD_C1"
"TCGA-55-6980","Ferroptosis",89,0.027475449479583,"PCD_C1"
"TCGA-55-6981","Ferroptosis",89,0.00606810969001845,"PCD_C2"
"TCGA-55-6982","Ferroptosis",89,0.264208396479779,"PCD_C1"
"TCGA-55-6983","Ferroptosis",89,0.13802498891013,"PCD_C2"
"TCGA-55-6984","Ferroptosis",89,-0.393702838327379,"PCD_C2"
"TCGA-55-6985","Ferroptosis",89,-0.116832077726962,"PCD_C1"
"TCGA-55-6986","Ferroptosis",89,0.253560758595403,"PCD_C1"
"TCGA-55-6987","Ferroptosis",89,-0.481425127975426,"PCD_C1"
"TCGA-55-7227","Ferroptosis",89,-0.0499153355144377,"PCD_C1"
"TCGA-55-7281","Ferroptosis",89,-0.297591163968589,"PCD_C1"
"TCGA-55-7283","Ferroptosis",89,0.113190084567944,"PCD_C1"
"TCGA-55-7284","Ferroptosis",89,0.233586562089704,"PCD_C1"
"TCGA-55-7570","Ferroptosis",89,0.438502273086476,"PCD_C2"
"TCGA-55-7573","Ferroptosis",89,0.231437633457834,"PCD_C1"
"TCGA-55-7574","Ferroptosis",89,-0.190935163315405,"PCD_C1"
"TCGA-55-7576","Ferroptosis",89,0.0616294344154734,"PCD_C1"
"TCGA-55-7724","Ferroptosis",89,-0.25615379813747,"PCD_C2"
"TCGA-55-7725","Ferroptosis",89,-0.475934118005531,"PCD_C1"
"TCGA-55-7726","Ferroptosis",89,-0.290813227779803,"PCD_C2"
"TCGA-55-7727","Ferroptosis",89,0.0368588409557803,"PCD_C1"
"TCGA-55-7728","Ferroptosis",89,-0.748872497516903,"PCD_C1"
"TCGA-55-7815","Ferroptosis",89,-0.00923324813976902,"PCD_C1"
"TCGA-55-7816","Ferroptosis",89,0.0131868615138611,"PCD_C1"
"TCGA-55-7903","Ferroptosis",89,0.0642843994157593,"PCD_C1"
"TCGA-55-7907","Ferroptosis",89,-0.1664962412337,"PCD_C2"
"TCGA-55-7910","Ferroptosis",89,-0.326273265427997,"PCD_C2"
"TCGA-55-7911","Ferroptosis",89,0.125775816930531,"PCD_C1"
"TCGA-55-7913","Ferroptosis",89,0.00704639805538153,"PCD_C2"
"TCGA-55-7914","Ferroptosis",89,-0.0588315915157732,"PCD_C1"
"TCGA-55-7994","Ferroptosis",89,0.478379593990354,"PCD_C1"
"TCGA-55-7995","Ferroptosis",89,0.721548866414625,"PCD_C2"
"TCGA-55-8085","Ferroptosis",89,0.0711215800680767,"PCD_C2"
"TCGA-55-8087","Ferroptosis",89,0.307488003774356,"PCD_C1"
"TCGA-55-8089","Ferroptosis",89,0.0166362417934812,"PCD_C2"
"TCGA-55-8090","Ferroptosis",89,-0.0269638917878905,"PCD_C1"
"TCGA-55-8091","Ferroptosis",89,0.223264583742915,"PCD_C1"
"TCGA-55-8092","Ferroptosis",89,-0.594715683626413,"PCD_C2"
"TCGA-55-8094","Ferroptosis",89,-0.324221983155973,"PCD_C2"
"TCGA-55-8096","Ferroptosis",89,-0.0933510293330346,"PCD_C1"
"TCGA-55-8097","Ferroptosis",89,0.0173845894497,"PCD_C1"
"TCGA-55-8203","Ferroptosis",89,-0.363159468992141,"PCD_C2"
"TCGA-55-8204","Ferroptosis",89,-0.243855486739405,"PCD_C2"
"TCGA-55-8205","Ferroptosis",89,0.394036085341892,"PCD_C1"
"TCGA-55-8206","Ferroptosis",89,0.0753377461915841,"PCD_C1"
"TCGA-55-8207","Ferroptosis",89,-0.061322004535648,"PCD_C1"
"TCGA-55-8208","Ferroptosis",89,-0.139867376586592,"PCD_C2"
"TCGA-55-8299","Ferroptosis",89,0.0579620522486092,"PCD_C1"
"TCGA-55-8301","Ferroptosis",89,-0.328810926040367,"PCD_C2"
"TCGA-55-8302","Ferroptosis",89,0.0692071825874297,"PCD_C2"
"TCGA-55-8505","Ferroptosis",89,0.438071161325592,"PCD_C2"
"TCGA-55-8506","Ferroptosis",89,0.0981720560506423,"PCD_C1"
"TCGA-55-8507","Ferroptosis",89,0.0574576329706368,"PCD_C2"
"TCGA-55-8508","Ferroptosis",89,-1.01605430557571,"PCD_C2"
"TCGA-55-8510","Ferroptosis",89,-0.144140484757522,"PCD_C2"
"TCGA-55-8511","Ferroptosis",89,-0.00290715175318228,"PCD_C1"
"TCGA-55-8512","Ferroptosis",89,0.0665114618598541,"PCD_C2"
"TCGA-55-8513","Ferroptosis",89,0.134603709691603,"PCD_C1"
"TCGA-55-8514","Ferroptosis",89,-0.35154396132069,"PCD_C2"
"TCGA-55-8614","Ferroptosis",89,-0.0834315536602894,"PCD_C2"
"TCGA-55-8615","Ferroptosis",89,-0.342397233427521,"PCD_C2"
"TCGA-55-8616","Ferroptosis",89,-0.0509823951947066,"PCD_C1"
"TCGA-55-8619","Ferroptosis",89,-0.413868291726393,"PCD_C1"
"TCGA-55-8620","Ferroptosis",89,0.203863725273678,"PCD_C2"
"TCGA-55-8621","Ferroptosis",89,-0.0537593947078285,"PCD_C1"
"TCGA-55-A48X","Ferroptosis",89,-0.0585300418908665,"PCD_C2"
"TCGA-55-A48Y","Ferroptosis",89,-0.0936745299638096,"PCD_C2"
"TCGA-55-A48Z","Ferroptosis",89,-0.190161915607089,"PCD_C2"
"TCGA-55-A490","Ferroptosis",89,-0.587752818562256,"PCD_C1"
"TCGA-55-A491","Ferroptosis",89,-0.346224779159162,"PCD_C2"
"TCGA-55-A492","Ferroptosis",89,-0.318562144686,"PCD_C2"
"TCGA-55-A493","Ferroptosis",89,0.0923084125083171,"PCD_C1"
"TCGA-55-A494","Ferroptosis",89,0.134003041498734,"PCD_C2"
"TCGA-55-A4DF","Ferroptosis",89,0.393817986879017,"PCD_C2"
"TCGA-55-A4DG","Ferroptosis",89,-0.340548683309814,"PCD_C1"
"TCGA-55-A57B","Ferroptosis",89,0.20273280541694,"PCD_C1"
"TCGA-62-8394","Ferroptosis",89,0.177233214087116,"PCD_C2"
"TCGA-62-8395","Ferroptosis",89,0.582730256062936,"PCD_C2"
"TCGA-62-8397","Ferroptosis",89,-0.848807501610163,"PCD_C1"
"TCGA-62-8398","Ferroptosis",89,0.420353898326779,"PCD_C2"
"TCGA-62-8399","Ferroptosis",89,-0.112797539974352,"PCD_C1"
"TCGA-62-8402","Ferroptosis",89,0.23913717664583,"PCD_C2"
"TCGA-62-A46O","Ferroptosis",89,0.262137726536235,"PCD_C2"
"TCGA-62-A46P","Ferroptosis",89,-0.406955153102567,"PCD_C1"
"TCGA-62-A46R","Ferroptosis",89,-0.156467995055774,"PCD_C1"
"TCGA-62-A46S","Ferroptosis",89,-0.209120086181598,"PCD_C1"
"TCGA-62-A46U","Ferroptosis",89,0.747105410976254,"PCD_C1"
"TCGA-62-A46V","Ferroptosis",89,0.0182628241528986,"PCD_C1"
"TCGA-62-A46Y","Ferroptosis",89,0.0938789474569238,"PCD_C1"
"TCGA-62-A470","Ferroptosis",89,0.0784851604937415,"PCD_C2"
"TCGA-62-A471","Ferroptosis",89,0.0989344037971624,"PCD_C2"
"TCGA-62-A472","Ferroptosis",89,0.205350298625457,"PCD_C1"
"TCGA-64-1676","Ferroptosis",89,-0.247391864187288,"PCD_C1"
"TCGA-64-1677","Ferroptosis",89,-0.333316176329785,"PCD_C2"
"TCGA-64-1678","Ferroptosis",89,-0.449302865905529,"PCD_C2"
"TCGA-64-1679","Ferroptosis",89,0.136854035901727,"PCD_C1"
"TCGA-64-1680","Ferroptosis",89,-0.0378920020659812,"PCD_C1"
"TCGA-64-1681","Ferroptosis",89,0.0150021519153379,"PCD_C1"
"TCGA-64-5774","Ferroptosis",89,-0.102184913057361,"PCD_C2"
"TCGA-64-5775","Ferroptosis",89,0.203571851171735,"PCD_C1"
"TCGA-64-5778","Ferroptosis",89,-0.272391836813192,"PCD_C2"
"TCGA-64-5779","Ferroptosis",89,-0.980407215204941,"PCD_C2"
"TCGA-64-5781","Ferroptosis",89,-0.207016006880987,"PCD_C2"
"TCGA-64-5815","Ferroptosis",89,0.0488026208120937,"PCD_C1"
"TCGA-67-3770","Ferroptosis",89,0.12978424557949,"PCD_C1"
"TCGA-67-3771","Ferroptosis",89,0.36655299460922,"PCD_C2"
"TCGA-67-3772","Ferroptosis",89,-0.126506459462245,"PCD_C1"
"TCGA-67-3773","Ferroptosis",89,-0.0541305630683101,"PCD_C1"
"TCGA-67-3774","Ferroptosis",89,0.223291015178776,"PCD_C2"
"TCGA-67-4679","Ferroptosis",89,-0.0935508022859008,"PCD_C1"
"TCGA-67-6215","Ferroptosis",89,0.154351050072096,"PCD_C1"
"TCGA-67-6216","Ferroptosis",89,-0.00905671948821959,"PCD_C1"
"TCGA-67-6217","Ferroptosis",89,0.0156206420310749,"PCD_C1"
"TCGA-69-7760","Ferroptosis",89,-0.353199616556092,"PCD_C2"
"TCGA-69-7761","Ferroptosis",89,-0.291035835556239,"PCD_C2"
"TCGA-69-7763","Ferroptosis",89,-0.444136759009312,"PCD_C1"
"TCGA-69-7764","Ferroptosis",89,-0.279631131735249,"PCD_C1"
"TCGA-69-7765","Ferroptosis",89,-0.118858783431128,"PCD_C1"
"TCGA-69-7973","Ferroptosis",89,0.448986818206933,"PCD_C2"
"TCGA-69-7974","Ferroptosis",89,0.393709280707132,"PCD_C1"
"TCGA-69-7978","Ferroptosis",89,0.135639713664399,"PCD_C1"
"TCGA-69-7979","Ferroptosis",89,0.203930642192028,"PCD_C2"
"TCGA-69-7980","Ferroptosis",89,0.0515455332687229,"PCD_C1"
"TCGA-69-8253","Ferroptosis",89,-0.0533330217645087,"PCD_C2"
"TCGA-69-8254","Ferroptosis",89,-0.0118057140451362,"PCD_C1"
"TCGA-69-8255","Ferroptosis",89,0.0109299620711254,"PCD_C2"
"TCGA-69-8453","Ferroptosis",89,0.0690782102704485,"PCD_C1"
"TCGA-69-A59K","Ferroptosis",89,0.00899729655781035,"PCD_C2"
"TCGA-71-6725","Ferroptosis",89,-0.0811026421711607,"PCD_C2"
"TCGA-71-8520","Ferroptosis",89,0.288043525216607,"PCD_C1"
"TCGA-73-4658","Ferroptosis",89,0.126435909696576,"PCD_C1"
"TCGA-73-4659","Ferroptosis",89,0.485556039195131,"PCD_C2"
"TCGA-73-4662","Ferroptosis",89,0.17739713974042,"PCD_C1"
"TCGA-73-4666","Ferroptosis",89,0.750690288972328,"PCD_C2"
"TCGA-73-4668","Ferroptosis",89,-0.10667423697041,"PCD_C2"
"TCGA-73-4670","Ferroptosis",89,0.18837885776225,"PCD_C2"
"TCGA-73-4675","Ferroptosis",89,0.171342809826764,"PCD_C2"
"TCGA-73-4676","Ferroptosis",89,0.472035231345507,"PCD_C2"
"TCGA-73-4677","Ferroptosis",89,0.149956624639362,"PCD_C2"
"TCGA-73-7498","Ferroptosis",89,0.0804774985595244,"PCD_C2"
"TCGA-73-7499","Ferroptosis",89,-0.03957353013006,"PCD_C2"
"TCGA-73-A9RS","Ferroptosis",89,0.0670882719910455,"PCD_C2"
"TCGA-75-5122","Ferroptosis",89,0.274331717912683,"PCD_C1"
"TCGA-75-5125","Ferroptosis",89,0.330613546208343,"PCD_C1"
"TCGA-75-5126","Ferroptosis",89,0.352562256903949,"PCD_C1"
"TCGA-75-5146","Ferroptosis",89,0.218822716183533,"PCD_C1"
"TCGA-75-5147","Ferroptosis",89,0.250627459899261,"PCD_C2"
"TCGA-75-6203","Ferroptosis",89,-0.204566629106301,"PCD_C1"
"TCGA-75-6205","Ferroptosis",89,0.419118513933275,"PCD_C1"
"TCGA-75-6206","Ferroptosis",89,0.280804540433992,"PCD_C2"
"TCGA-75-6207","Ferroptosis",89,0.491994104221498,"PCD_C1"
"TCGA-75-6211","Ferroptosis",89,0.0495309763732368,"PCD_C2"
"TCGA-75-6212","Ferroptosis",89,-0.0690501426188797,"PCD_C1"
"TCGA-75-6214","Ferroptosis",89,-0.347404812698535,"PCD_C2"
"TCGA-75-7025","Ferroptosis",89,-0.249869372733567,"PCD_C1"
"TCGA-75-7027","Ferroptosis",89,0.320516321084952,"PCD_C2"
"TCGA-75-7030","Ferroptosis",89,-0.261289934769611,"PCD_C1"
"TCGA-75-7031","Ferroptosis",89,0.014141377984481,"PCD_C2"
"TCGA-78-7143","Ferroptosis",89,0.366320178913825,"PCD_C2"
"TCGA-78-7145","Ferroptosis",89,0.483338704841573,"PCD_C1"
"TCGA-78-7146","Ferroptosis",89,0.777801555212369,"PCD_C2"
"TCGA-78-7147","Ferroptosis",89,0.115596872636051,"PCD_C2"
"TCGA-78-7148","Ferroptosis",89,0.219342326344,"PCD_C2"
"TCGA-78-7149","Ferroptosis",89,-0.450771550723893,"PCD_C2"
"TCGA-78-7150","Ferroptosis",89,0.565776650790211,"PCD_C2"
"TCGA-78-7152","Ferroptosis",89,0.0819737052245877,"PCD_C2"
"TCGA-78-7153","Ferroptosis",89,-0.290171541022594,"PCD_C2"
"TCGA-78-7154","Ferroptosis",89,0.757077873741813,"PCD_C2"
"TCGA-78-7155","Ferroptosis",89,0.0460756425389962,"PCD_C1"
"TCGA-78-7156","Ferroptosis",89,0.0853273620426137,"PCD_C2"
"TCGA-78-7158","Ferroptosis",89,0.0987342313975289,"PCD_C1"
"TCGA-78-7159","Ferroptosis",89,-0.286575752391613,"PCD_C2"
"TCGA-78-7160","Ferroptosis",89,0.564049719037305,"PCD_C2"
"TCGA-78-7161","Ferroptosis",89,-0.345904707450935,"PCD_C1"
"TCGA-78-7162","Ferroptosis",89,0.161953681368792,"PCD_C2"
"TCGA-78-7163","Ferroptosis",89,0.3835398875361,"PCD_C2"
"TCGA-78-7166","Ferroptosis",89,-1.02098463808562,"PCD_C2"
"TCGA-78-7167","Ferroptosis",89,-0.00725609225797264,"PCD_C2"
"TCGA-78-7220","Ferroptosis",89,0.790580301017727,"PCD_C2"
"TCGA-78-7535","Ferroptosis",89,-0.987465829774486,"PCD_C2"
"TCGA-78-7536","Ferroptosis",89,0.220429081067704,"PCD_C2"
"TCGA-78-7537","Ferroptosis",89,-0.445414355738758,"PCD_C1"
"TCGA-78-7539","Ferroptosis",89,0.206178880187645,"PCD_C1"
"TCGA-78-7540","Ferroptosis",89,-0.38270313523975,"PCD_C2"
"TCGA-78-7542","Ferroptosis",89,0.0604101827124069,"PCD_C2"
"TCGA-78-7633","Ferroptosis",89,0.103717784050241,"PCD_C2"
"TCGA-78-8640","Ferroptosis",89,0.254848361432779,"PCD_C2"
"TCGA-78-8648","Ferroptosis",89,-0.617430482927796,"PCD_C1"
"TCGA-78-8655","Ferroptosis",89,0.0265882227147119,"PCD_C1"
"TCGA-78-8660","Ferroptosis",89,0.328129305557971,"PCD_C2"
"TCGA-78-8662","Ferroptosis",89,-0.0339971297451355,"PCD_C2"
"TCGA-80-5607","Ferroptosis",89,0.110440538200614,"PCD_C1"
"TCGA-80-5608","Ferroptosis",89,-0.220098994143123,"PCD_C2"
"TCGA-80-5611","Ferroptosis",89,0.564558618363468,"PCD_C2"
"TCGA-83-5908","Ferroptosis",89,0.333351238715702,"PCD_C1"
"TCGA-86-6562","Ferroptosis",89,0.185304148014896,"PCD_C1"
"TCGA-86-6851","Ferroptosis",89,-0.407135785783087,"PCD_C1"
"TCGA-86-7701","Ferroptosis",89,-0.3641333413859,"PCD_C2"
"TCGA-86-7711","Ferroptosis",89,0.229053841924099,"PCD_C2"
"TCGA-86-7713","Ferroptosis",89,0.12725373755407,"PCD_C2"
"TCGA-86-7714","Ferroptosis",89,0.19713605387676,"PCD_C1"
"TCGA-86-7953","Ferroptosis",89,0.611447857982697,"PCD_C1"
"TCGA-86-7954","Ferroptosis",89,0.552035010485763,"PCD_C1"
"TCGA-86-7955","Ferroptosis",89,-0.0065788711028768,"PCD_C2"
"TCGA-86-8054","Ferroptosis",89,0.358149392974237,"PCD_C2"
"TCGA-86-8055","Ferroptosis",89,0.311750219210759,"PCD_C1"
"TCGA-86-8056","Ferroptosis",89,0.643461151549005,"PCD_C1"
"TCGA-86-8073","Ferroptosis",89,0.813440784948183,"PCD_C2"
"TCGA-86-8074","Ferroptosis",89,0.418450371477613,"PCD_C1"
"TCGA-86-8075","Ferroptosis",89,0.405776064680793,"PCD_C1"
"TCGA-86-8076","Ferroptosis",89,-0.285013479304585,"PCD_C1"
"TCGA-86-8278","Ferroptosis",89,0.142881892423618,"PCD_C1"
"TCGA-86-8279","Ferroptosis",89,0.323640135514524,"PCD_C2"
"TCGA-86-8280","Ferroptosis",89,0.159898553553318,"PCD_C1"
"TCGA-86-8281","Ferroptosis",89,0.459657618787061,"PCD_C2"
"TCGA-86-8358","Ferroptosis",89,0.326146870803423,"PCD_C2"
"TCGA-86-8359","Ferroptosis",89,-0.0717771764552327,"PCD_C2"
"TCGA-86-8585","Ferroptosis",89,-0.432201856365046,"PCD_C2"
"TCGA-86-8668","Ferroptosis",89,-0.0335393157810046,"PCD_C1"
"TCGA-86-8669","Ferroptosis",89,0.232447079491696,"PCD_C2"
"TCGA-86-8671","Ferroptosis",89,-0.0082290529150589,"PCD_C1"
"TCGA-86-8672","Ferroptosis",89,0.148046123491554,"PCD_C2"
"TCGA-86-8673","Ferroptosis",89,-0.277642761166471,"PCD_C2"
"TCGA-86-8674","Ferroptosis",89,0.129150834277704,"PCD_C2"
"TCGA-86-A456","Ferroptosis",89,0.334442865755146,"PCD_C1"
"TCGA-86-A4D0","Ferroptosis",89,0.233709597353578,"PCD_C2"
"TCGA-86-A4JF","Ferroptosis",89,-0.168068451300473,"PCD_C1"
"TCGA-86-A4P7","Ferroptosis",89,-0.0806915299727538,"PCD_C1"
"TCGA-86-A4P8","Ferroptosis",89,0.0364300545728897,"PCD_C1"
"TCGA-91-6828","Ferroptosis",89,0.352109121700022,"PCD_C1"
"TCGA-91-6829","Ferroptosis",89,0.377496237374356,"PCD_C1"
"TCGA-91-6830","Ferroptosis",89,0.598999550483271,"PCD_C2"
"TCGA-91-6831","Ferroptosis",89,0.0244509563896523,"PCD_C2"
"TCGA-91-6835","Ferroptosis",89,0.60852350054539,"PCD_C1"
"TCGA-91-6836","Ferroptosis",89,0.307506652964431,"PCD_C1"
"TCGA-91-6840","Ferroptosis",89,-0.0679368379162977,"PCD_C1"
"TCGA-91-6847","Ferroptosis",89,-0.182422022045843,"PCD_C2"
"TCGA-91-6848","Ferroptosis",89,0.22712514773884,"PCD_C1"
"TCGA-91-6849","Ferroptosis",89,0.11505398033238,"PCD_C2"
"TCGA-91-7771","Ferroptosis",89,0.0701960187196947,"PCD_C1"
"TCGA-91-8496","Ferroptosis",89,-0.224530172153534,"PCD_C1"
"TCGA-91-8497","Ferroptosis",89,-0.146200157079356,"PCD_C1"
"TCGA-91-8499","Ferroptosis",89,0.171794435373484,"PCD_C1"
"TCGA-91-A4BC","Ferroptosis",89,-1.13075287502364,"PCD_C2"
"TCGA-91-A4BD","Ferroptosis",89,-0.537314238557883,"PCD_C1"
"TCGA-93-7347","Ferroptosis",89,0.180951607293822,"PCD_C1"
"TCGA-93-7348","Ferroptosis",89,-0.262598027784769,"PCD_C1"
"TCGA-93-8067","Ferroptosis",89,0.22736581972324,"PCD_C2"
"TCGA-93-A4JN","Ferroptosis",89,-0.262766399840053,"PCD_C1"
"TCGA-93-A4JO","Ferroptosis",89,-0.0917494239741684,"PCD_C2"
"TCGA-93-A4JP","Ferroptosis",89,0.157730038014629,"PCD_C1"
"TCGA-93-A4JQ","Ferroptosis",89,-0.00375306950206648,"PCD_C2"
"TCGA-95-7039","Ferroptosis",89,0.110273946563237,"PCD_C2"
"TCGA-95-7043","Ferroptosis",89,-0.0463747484486473,"PCD_C2"
"TCGA-95-7562","Ferroptosis",89,0.242508084549612,"PCD_C2"
"TCGA-95-7567","Ferroptosis",89,-0.17666557431462,"PCD_C1"
"TCGA-95-7944","Ferroptosis",89,-0.683877596659001,"PCD_C1"
"TCGA-95-7947","Ferroptosis",89,0.438672427361112,"PCD_C1"
"TCGA-95-7948","Ferroptosis",89,-0.0489338350746113,"PCD_C2"
"TCGA-95-8039","Ferroptosis",89,0.229612064030957,"PCD_C1"
"TCGA-95-8494","Ferroptosis",89,0.079057347676213,"PCD_C1"
"TCGA-95-A4VK","Ferroptosis",89,0.00756505975120061,"PCD_C1"
"TCGA-95-A4VN","Ferroptosis",89,-0.0442362397598163,"PCD_C1"
"TCGA-95-A4VP","Ferroptosis",89,-0.71354957862623,"PCD_C1"
"TCGA-97-7546","Ferroptosis",89,0.141056095302201,"PCD_C1"
"TCGA-97-7547","Ferroptosis",89,0.202277005735278,"PCD_C1"
"TCGA-97-7552","Ferroptosis",89,-0.0759187265457336,"PCD_C1"
"TCGA-97-7553","Ferroptosis",89,0.305584031127517,"PCD_C1"
"TCGA-97-7554","Ferroptosis",89,-0.206531726155509,"PCD_C1"
"TCGA-97-7937","Ferroptosis",89,-0.14945153240559,"PCD_C2"
"TCGA-97-7938","Ferroptosis",89,0.277932757871726,"PCD_C1"
"TCGA-97-7941","Ferroptosis",89,0.162377018415407,"PCD_C1"
"TCGA-97-8171","Ferroptosis",89,-0.490769428104524,"PCD_C1"
"TCGA-97-8172","Ferroptosis",89,0.134268228116767,"PCD_C1"
"TCGA-97-8174","Ferroptosis",89,-0.0525282363723842,"PCD_C1"
"TCGA-97-8175","Ferroptosis",89,0.0521342471419714,"PCD_C1"
"TCGA-97-8176","Ferroptosis",89,0.341043425663825,"PCD_C2"
"TCGA-97-8177","Ferroptosis",89,0.0936505784068233,"PCD_C1"
"TCGA-97-8179","Ferroptosis",89,0.127809789129103,"PCD_C2"
"TCGA-97-8547","Ferroptosis",89,-0.0466344802113219,"PCD_C1"
"TCGA-97-8552","Ferroptosis",89,-0.203235652417975,"PCD_C1"
"TCGA-97-A4LX","Ferroptosis",89,-0.0293702972106749,"PCD_C1"
"TCGA-97-A4M0","Ferroptosis",89,-0.00170928207431303,"PCD_C1"
"TCGA-97-A4M1","Ferroptosis",89,-0.239047628422564,"PCD_C1"
"TCGA-97-A4M2","Ferroptosis",89,-0.101253896989012,"PCD_C1"
"TCGA-97-A4M3","Ferroptosis",89,-0.077058897469852,"PCD_C2"
"TCGA-97-A4M5","Ferroptosis",89,0.00555661778452444,"PCD_C1"
"TCGA-97-A4M6","Ferroptosis",89,0.344688737119788,"PCD_C1"
"TCGA-97-A4M7","Ferroptosis",89,-0.198280337705677,"PCD_C1"
"TCGA-99-7458","Ferroptosis",89,0.229140060810015,"PCD_C1"
"TCGA-99-8025","Ferroptosis",89,-0.123971285536042,"PCD_C2"
"TCGA-99-8028","Ferroptosis",89,-0.578501600078833,"PCD_C1"
"TCGA-99-8032","Ferroptosis",89,-0.41909009627095,"PCD_C2"
"TCGA-99-8033","Ferroptosis",89,0.288182587010054,"PCD_C2"
"TCGA-99-AA5R","Ferroptosis",89,-0.440759464450979,"PCD_C1"
"TCGA-J2-8192","Ferroptosis",89,0.297169166900656,"PCD_C1"
"TCGA-J2-8194","Ferroptosis",89,0.627802746591053,"PCD_C2"
"TCGA-J2-A4AD","Ferroptosis",89,0.0891216411505009,"PCD_C2"
"TCGA-J2-A4AE","Ferroptosis",89,-0.31036905344899,"PCD_C2"
"TCGA-J2-A4AG","Ferroptosis",89,0.0662395398755991,"PCD_C1"
"TCGA-L4-A4E5","Ferroptosis",89,-0.371630713658559,"PCD_C2"
"TCGA-L4-A4E6","Ferroptosis",89,-0.186017234682933,"PCD_C1"
"TCGA-L9-A443","Ferroptosis",89,-0.0758893677091961,"PCD_C1"
"TCGA-L9-A444","Ferroptosis",89,-0.671221774344249,"PCD_C1"
"TCGA-L9-A50W","Ferroptosis",89,0.0177333327139021,"PCD_C1"
"TCGA-L9-A5IP","Ferroptosis",89,0.124000204311858,"PCD_C2"
"TCGA-L9-A743","Ferroptosis",89,-0.0912685262904849,"PCD_C1"
"TCGA-L9-A7SV","Ferroptosis",89,-0.178226737912294,"PCD_C1"
"TCGA-L9-A8F4","Ferroptosis",89,-0.179808347392178,"PCD_C2"
"TCGA-MN-A4N1","Ferroptosis",89,-0.295210941090617,"PCD_C2"
"TCGA-MN-A4N4","Ferroptosis",89,-0.337236553238418,"PCD_C2"
"TCGA-MN-A4N5","Ferroptosis",89,-0.120733289195526,"PCD_C1"
"TCGA-MP-A4SV","Ferroptosis",89,0.233624296192278,"PCD_C1"
"TCGA-MP-A4SW","Ferroptosis",89,0.0595578910511853,"PCD_C1"
"TCGA-MP-A4SY","Ferroptosis",89,0.426647101721285,"PCD_C1"
"TCGA-MP-A4T4","Ferroptosis",89,-0.369217024950307,"PCD_C1"
"TCGA-MP-A4T6","Ferroptosis",89,-0.156518170737089,"PCD_C1"
"TCGA-MP-A4T7","Ferroptosis",89,0.0362962716505372,"PCD_C2"
"TCGA-MP-A4T8","Ferroptosis",89,-0.0808541480592217,"PCD_C2"
"TCGA-MP-A4T9","Ferroptosis",89,0.271004210755857,"PCD_C1"
"TCGA-MP-A4TA","Ferroptosis",89,0.513682617875107,"PCD_C2"
"TCGA-MP-A4TC","Ferroptosis",89,0.325791674985729,"PCD_C1"
"TCGA-MP-A4TD","Ferroptosis",89,-0.355963795662589,"PCD_C2"
"TCGA-MP-A4TE","Ferroptosis",89,-0.174596673011582,"PCD_C2"
"TCGA-MP-A4TF","Ferroptosis",89,-0.149699204794539,"PCD_C2"
"TCGA-MP-A4TH","Ferroptosis",89,-0.221830693019919,"PCD_C1"
"TCGA-MP-A4TI","Ferroptosis",89,0.0353659969503973,"PCD_C1"
"TCGA-MP-A4TJ","Ferroptosis",89,-0.138704262495569,"PCD_C1"
"TCGA-MP-A4TK","Ferroptosis",89,-0.248267300881537,"PCD_C1"
"TCGA-MP-A5C7","Ferroptosis",89,0.106848586641518,"PCD_C2"
"TCGA-NJ-A4YF","Ferroptosis",89,-0.753198643090086,"PCD_C2"
"TCGA-NJ-A4YG","Ferroptosis",89,-0.175195339424007,"PCD_C1"
"TCGA-NJ-A4YI","Ferroptosis",89,0.0138186646433476,"PCD_C1"
"TCGA-NJ-A4YP","Ferroptosis",89,0.0357875154765202,"PCD_C1"
"TCGA-NJ-A4YQ","Ferroptosis",89,-0.340903206378059,"PCD_C2"
"TCGA-NJ-A55A","Ferroptosis",89,0.148280239013947,"PCD_C1"
"TCGA-NJ-A55O","Ferroptosis",89,-0.293878526773435,"PCD_C1"
"TCGA-NJ-A55R","Ferroptosis",89,-0.340621764568606,"PCD_C2"
"TCGA-NJ-A7XG","Ferroptosis",89,-0.0214858900097279,"PCD_C1"
"TCGA-O1-A52J","Ferroptosis",89,0.134243049496346,"PCD_C1"
"TCGA-S2-AA1A","Ferroptosis",89,-0.684066849599037,"PCD_C1"
"TCGA-05-4244","Necroptosis",32,0.725136222305406,"PCD_C1"
"TCGA-05-4245","Necroptosis",32,-2.79887083727436,"PCD_C2"
"TCGA-05-4249","Necroptosis",32,0.401114439120973,"PCD_C1"
"TCGA-05-4250","Necroptosis",32,0.962064812831628,"PCD_C2"
"TCGA-05-4382","Necroptosis",32,-0.238492544756452,"PCD_C1"
"TCGA-05-4384","Necroptosis",32,0.284569060476483,"PCD_C2"
"TCGA-05-4389","Necroptosis",32,0.00999904807826817,"PCD_C2"
"TCGA-05-4390","Necroptosis",32,-0.263910787413772,"PCD_C2"
"TCGA-05-4395","Necroptosis",32,0.436526319777176,"PCD_C2"
"TCGA-05-4396","Necroptosis",32,0.325592226933367,"PCD_C2"
"TCGA-05-4397","Necroptosis",32,0.313613685488551,"PCD_C2"
"TCGA-05-4398","Necroptosis",32,0.474720875015205,"PCD_C1"
"TCGA-05-4402","Necroptosis",32,0.00820252099710071,"PCD_C1"
"TCGA-05-4403","Necroptosis",32,0.0804789255365273,"PCD_C2"
"TCGA-05-4405","Necroptosis",32,0.381100438388224,"PCD_C1"
"TCGA-05-4410","Necroptosis",32,-0.243929128131064,"PCD_C1"
"TCGA-05-4415","Necroptosis",32,0.543969845155788,"PCD_C1"
"TCGA-05-4417","Necroptosis",32,-0.16541476299376,"PCD_C1"
"TCGA-05-4418","Necroptosis",32,-0.278992377161312,"PCD_C2"
"TCGA-05-4420","Necroptosis",32,-0.40997726263176,"PCD_C2"
"TCGA-05-4422","Necroptosis",32,-4.33239468448387e-05,"PCD_C2"
"TCGA-05-4424","Necroptosis",32,0.154482358579837,"PCD_C1"
"TCGA-05-4425","Necroptosis",32,0.542781617931149,"PCD_C1"
"TCGA-05-4426","Necroptosis",32,0.643382111526493,"PCD_C1"
"TCGA-05-4427","Necroptosis",32,0.671650614041505,"PCD_C1"
"TCGA-05-4430","Necroptosis",32,0.0452840004983891,"PCD_C1"
"TCGA-05-4432","Necroptosis",32,-0.280006174240286,"PCD_C2"
"TCGA-05-4433","Necroptosis",32,0.554771939150675,"PCD_C2"
"TCGA-05-4434","Necroptosis",32,0.567533302574044,"PCD_C2"
"TCGA-05-5420","Necroptosis",32,-0.78130281246863,"PCD_C1"
"TCGA-05-5423","Necroptosis",32,0.186238658461783,"PCD_C1"
"TCGA-05-5425","Necroptosis",32,0.353146417725629,"PCD_C1"
"TCGA-05-5428","Necroptosis",32,-0.184150078495193,"PCD_C2"
"TCGA-05-5429","Necroptosis",32,0.297906601516336,"PCD_C2"
"TCGA-05-5715","Necroptosis",32,0.0835500633697868,"PCD_C1"
"TCGA-35-3615","Necroptosis",32,-0.213077262865388,"PCD_C2"
"TCGA-35-4122","Necroptosis",32,-0.496326940807794,"PCD_C1"
"TCGA-35-4123","Necroptosis",32,0.471292891957803,"PCD_C1"
"TCGA-35-5375","Necroptosis",32,-0.924376806254048,"PCD_C2"
"TCGA-38-4625","Necroptosis",32,0.498454644605841,"PCD_C1"
"TCGA-38-4626","Necroptosis",32,0.00621485192107933,"PCD_C1"
"TCGA-38-4627","Necroptosis",32,-0.0185287862679749,"PCD_C1"
"TCGA-38-4628","Necroptosis",32,-0.401547272634739,"PCD_C1"
"TCGA-38-4629","Necroptosis",32,-0.0942991653822455,"PCD_C1"
"TCGA-38-4630","Necroptosis",32,0.115762220999933,"PCD_C2"
"TCGA-38-4631","Necroptosis",32,-0.182375738340393,"PCD_C2"
"TCGA-38-4632","Necroptosis",32,0.215507583517628,"PCD_C1"
"TCGA-38-6178","Necroptosis",32,0.671471422842616,"PCD_C1"
"TCGA-38-7271","Necroptosis",32,-0.367779116826304,"PCD_C1"
"TCGA-38-A44F","Necroptosis",32,-0.102356226492542,"PCD_C1"
"TCGA-44-2655","Necroptosis",32,0.125073321133838,"PCD_C2"
"TCGA-44-2656","Necroptosis",32,-0.0543576070250431,"PCD_C1"
"TCGA-44-2657","Necroptosis",32,-0.659166644738722,"PCD_C1"
"TCGA-44-2659","Necroptosis",32,-0.185349549250968,"PCD_C1"
"TCGA-44-2661","Necroptosis",32,-0.13138919226121,"PCD_C1"
"TCGA-44-2662","Necroptosis",32,0.516209444931667,"PCD_C1"
"TCGA-44-2665","Necroptosis",32,0.428962003588163,"PCD_C1"
"TCGA-44-2666","Necroptosis",32,0.220952039149996,"PCD_C1"
"TCGA-44-2668","Necroptosis",32,0.934493134173257,"PCD_C1"
"TCGA-44-3396","Necroptosis",32,-0.0898300887384662,"PCD_C1"
"TCGA-44-3398","Necroptosis",32,0.151669425975074,"PCD_C1"
"TCGA-44-3917","Necroptosis",32,-2.02275409462463,"PCD_C2"
"TCGA-44-3918","Necroptosis",32,-0.058580593482258,"PCD_C1"
"TCGA-44-3919","Necroptosis",32,0.225385826342254,"PCD_C1"
"TCGA-44-4112","Necroptosis",32,0.419978064966388,"PCD_C1"
"TCGA-44-5643","Necroptosis",32,0.284053564957599,"PCD_C2"
"TCGA-44-5644","Necroptosis",32,-0.278822855012611,"PCD_C2"
"TCGA-44-5645","Necroptosis",32,-0.00106471021913362,"PCD_C2"
"TCGA-44-6145","Necroptosis",32,0.128870927847292,"PCD_C2"
"TCGA-44-6146","Necroptosis",32,0.586937762722299,"PCD_C2"
"TCGA-44-6147","Necroptosis",32,0.174117664973884,"PCD_C1"
"TCGA-44-6148","Necroptosis",32,-0.0664625165225304,"PCD_C1"
"TCGA-44-6774","Necroptosis",32,-0.330803943269927,"PCD_C1"
"TCGA-44-6775","Necroptosis",32,0.142588922527456,"PCD_C1"
"TCGA-44-6776","Necroptosis",32,-0.0864899413768063,"PCD_C2"
"TCGA-44-6777","Necroptosis",32,-0.202100142239517,"PCD_C1"
"TCGA-44-6778","Necroptosis",32,-0.0160627952777852,"PCD_C1"
"TCGA-44-6779","Necroptosis",32,0.639635858032733,"PCD_C2"
"TCGA-44-7659","Necroptosis",32,0.160039970533837,"PCD_C1"
"TCGA-44-7660","Necroptosis",32,-0.595682936002521,"PCD_C2"
"TCGA-44-7661","Necroptosis",32,0.855837070998472,"PCD_C1"
"TCGA-44-7662","Necroptosis",32,0.00702687908820392,"PCD_C1"
"TCGA-44-7667","Necroptosis",32,-0.318467167896574,"PCD_C2"
"TCGA-44-7669","Necroptosis",32,0.25212524329337,"PCD_C2"
"TCGA-44-7670","Necroptosis",32,0.165697368677068,"PCD_C2"
"TCGA-44-7671","Necroptosis",32,-0.00176219097578268,"PCD_C2"
"TCGA-44-7672","Necroptosis",32,-0.726653029462912,"PCD_C1"
"TCGA-44-8117","Necroptosis",32,0.180434726002354,"PCD_C1"
"TCGA-44-8119","Necroptosis",32,-0.32090848754773,"PCD_C2"
"TCGA-44-8120","Necroptosis",32,0.342159987175394,"PCD_C1"
"TCGA-44-A479","Necroptosis",32,-0.570927686956707,"PCD_C1"
"TCGA-44-A47A","Necroptosis",32,0.567303020545422,"PCD_C1"
"TCGA-44-A47B","Necroptosis",32,0.47851969965518,"PCD_C1"
"TCGA-44-A47G","Necroptosis",32,0.0369431622115354,"PCD_C1"
"TCGA-44-A4SS","Necroptosis",32,0.564068621334529,"PCD_C2"
"TCGA-44-A4SU","Necroptosis",32,-0.397117599185892,"PCD_C2"
"TCGA-49-4486","Necroptosis",32,-0.781115121774718,"PCD_C2"
"TCGA-49-4487","Necroptosis",32,-0.662239730832503,"PCD_C2"
"TCGA-49-4488","Necroptosis",32,0.554946028536137,"PCD_C2"
"TCGA-49-4490","Necroptosis",32,-0.0411107804279878,"PCD_C1"
"TCGA-49-4494","Necroptosis",32,-0.0697318769378602,"PCD_C2"
"TCGA-49-4501","Necroptosis",32,0.0968277969032234,"PCD_C1"
"TCGA-49-4505","Necroptosis",32,-0.243544733958402,"PCD_C1"
"TCGA-49-4506","Necroptosis",32,-0.70219583775271,"PCD_C2"
"TCGA-49-4507","Necroptosis",32,-0.416357363003074,"PCD_C2"
"TCGA-49-4510","Necroptosis",32,-0.671932389591672,"PCD_C1"
"TCGA-49-4512","Necroptosis",32,-0.814471167736195,"PCD_C1"
"TCGA-49-4514","Necroptosis",32,-1.60385429107593,"PCD_C2"
"TCGA-49-6742","Necroptosis",32,-0.145714854226899,"PCD_C2"
"TCGA-49-6743","Necroptosis",32,0.17908486347787,"PCD_C2"
"TCGA-49-6744","Necroptosis",32,0.118702960013971,"PCD_C1"
"TCGA-49-6745","Necroptosis",32,0.649037242523066,"PCD_C1"
"TCGA-49-6761","Necroptosis",32,-0.0524756885907367,"PCD_C1"
"TCGA-49-6767","Necroptosis",32,0.503621603929404,"PCD_C1"
"TCGA-49-AAQV","Necroptosis",32,0.122484213116558,"PCD_C2"
"TCGA-49-AAR0","Necroptosis",32,-0.334105556247588,"PCD_C2"
"TCGA-49-AAR2","Necroptosis",32,-1.57680821003924,"PCD_C2"
"TCGA-49-AAR3","Necroptosis",32,-0.297889421449582,"PCD_C2"
"TCGA-49-AAR4","Necroptosis",32,-0.439016967248649,"PCD_C2"
"TCGA-49-AAR9","Necroptosis",32,0.22339498072163,"PCD_C2"
"TCGA-49-AARE","Necroptosis",32,-0.684599759180642,"PCD_C2"
"TCGA-49-AARN","Necroptosis",32,0.17212487388374,"PCD_C2"
"TCGA-49-AARO","Necroptosis",32,-0.0582297126500009,"PCD_C1"
"TCGA-49-AARQ","Necroptosis",32,-1.05519184896993,"PCD_C2"
"TCGA-49-AARR","Necroptosis",32,-0.169629950320986,"PCD_C1"
"TCGA-4B-A93V","Necroptosis",32,-0.791478644057058,"PCD_C2"
"TCGA-50-5044","Necroptosis",32,-0.405255921481926,"PCD_C1"
"TCGA-50-5045","Necroptosis",32,-0.310304298522774,"PCD_C1"
"TCGA-50-5049","Necroptosis",32,-0.579485872567269,"PCD_C1"
"TCGA-50-5051","Necroptosis",32,-0.42839453110057,"PCD_C2"
"TCGA-50-5055","Necroptosis",32,-0.0692633987555329,"PCD_C1"
"TCGA-50-5066","Necroptosis",32,-0.823110471587498,"PCD_C2"
"TCGA-50-5068","Necroptosis",32,-0.151646502110721,"PCD_C1"
"TCGA-50-5072","Necroptosis",32,0.183632490115906,"PCD_C2"
"TCGA-50-5930","Necroptosis",32,-0.996762616470213,"PCD_C2"
"TCGA-50-5931","Necroptosis",32,0.0813103977361402,"PCD_C2"
"TCGA-50-5932","Necroptosis",32,0.294558889913863,"PCD_C1"
"TCGA-50-5933","Necroptosis",32,0.465701372486595,"PCD_C1"
"TCGA-50-5935","Necroptosis",32,0.325409147254346,"PCD_C1"
"TCGA-50-5936","Necroptosis",32,0.440797527457887,"PCD_C2"
"TCGA-50-5939","Necroptosis",32,0.189555880631875,"PCD_C2"
"TCGA-50-5941","Necroptosis",32,0.128284857935747,"PCD_C1"
"TCGA-50-5942","Necroptosis",32,-0.117258726286016,"PCD_C1"
"TCGA-50-5944","Necroptosis",32,0.0686661163431282,"PCD_C1"
"TCGA-50-5946","Necroptosis",32,0.07116633923302,"PCD_C1"
"TCGA-50-6590","Necroptosis",32,-0.291949054038402,"PCD_C1"
"TCGA-50-6591","Necroptosis",32,-0.360774096599689,"PCD_C1"
"TCGA-50-6592","Necroptosis",32,0.455195445701506,"PCD_C2"
"TCGA-50-6593","Necroptosis",32,0.201201733354418,"PCD_C1"
"TCGA-50-6594","Necroptosis",32,0.51290929294962,"PCD_C1"
"TCGA-50-6595","Necroptosis",32,0.388373171153058,"PCD_C1"
"TCGA-50-6597","Necroptosis",32,-0.999476924913833,"PCD_C1"
"TCGA-50-6673","Necroptosis",32,-0.0286483672929823,"PCD_C2"
"TCGA-50-7109","Necroptosis",32,-0.372566165298953,"PCD_C2"
"TCGA-50-8457","Necroptosis",32,-0.0752446305665289,"PCD_C1"
"TCGA-50-8459","Necroptosis",32,-0.346890936861363,"PCD_C1"
"TCGA-50-8460","Necroptosis",32,-0.439491435989558,"PCD_C1"
"TCGA-53-7624","Necroptosis",32,0.595951207964901,"PCD_C2"
"TCGA-53-7626","Necroptosis",32,0.265537122564218,"PCD_C1"
"TCGA-53-7813","Necroptosis",32,-1.12038035959949,"PCD_C2"
"TCGA-53-A4EZ","Necroptosis",32,-0.734876957363378,"PCD_C2"
"TCGA-55-1592","Necroptosis",32,-0.0631564594026787,"PCD_C1"
"TCGA-55-1594","Necroptosis",32,-0.0280979806944729,"PCD_C2"
"TCGA-55-1595","Necroptosis",32,-0.0694375420855049,"PCD_C1"
"TCGA-55-1596","Necroptosis",32,0.239011738332216,"PCD_C2"
"TCGA-55-5899","Necroptosis",32,0.0844449278103228,"PCD_C2"
"TCGA-55-6543","Necroptosis",32,0.196759685638907,"PCD_C1"
"TCGA-55-6642","Necroptosis",32,-1.01985910391234,"PCD_C2"
"TCGA-55-6712","Necroptosis",32,0.328418843013874,"PCD_C1"
"TCGA-55-6968","Necroptosis",32,-0.848911648226887,"PCD_C2"
"TCGA-55-6969","Necroptosis",32,-0.964578623244534,"PCD_C2"
"TCGA-55-6970","Necroptosis",32,0.307299059204743,"PCD_C2"
"TCGA-55-6971","Necroptosis",32,-0.320763899950086,"PCD_C1"
"TCGA-55-6972","Necroptosis",32,-0.482380635136079,"PCD_C2"
"TCGA-55-6975","Necroptosis",32,-0.140934828376717,"PCD_C2"
"TCGA-55-6978","Necroptosis",32,0.774992147079097,"PCD_C1"
"TCGA-55-6979","Necroptosis",32,-0.0301368271059084,"PCD_C1"
"TCGA-55-6980","Necroptosis",32,0.000995277278669818,"PCD_C1"
"TCGA-55-6981","Necroptosis",32,-0.19401477668933,"PCD_C2"
"TCGA-55-6982","Necroptosis",32,0.0182257898674008,"PCD_C1"
"TCGA-55-6983","Necroptosis",32,-0.0287013320584203,"PCD_C2"
"TCGA-55-6984","Necroptosis",32,-0.167282361096279,"PCD_C2"
"TCGA-55-6985","Necroptosis",32,-0.0807390175102124,"PCD_C1"
"TCGA-55-6986","Necroptosis",32,0.276759188980129,"PCD_C1"
"TCGA-55-6987","Necroptosis",32,-0.716026122015741,"PCD_C1"
"TCGA-55-7227","Necroptosis",32,0.245700146663194,"PCD_C1"
"TCGA-55-7281","Necroptosis",32,0.0557059296918082,"PCD_C1"
"TCGA-55-7283","Necroptosis",32,0.433265701716033,"PCD_C1"
"TCGA-55-7284","Necroptosis",32,0.546276012783386,"PCD_C1"
"TCGA-55-7570","Necroptosis",32,-0.50960895649412,"PCD_C2"
"TCGA-55-7573","Necroptosis",32,0.377688455932992,"PCD_C1"
"TCGA-55-7574","Necroptosis",32,0.256410728520245,"PCD_C1"
"TCGA-55-7576","Necroptosis",32,0.18097373258034,"PCD_C1"
"TCGA-55-7724","Necroptosis",32,-0.755449048866806,"PCD_C2"
"TCGA-55-7725","Necroptosis",32,-0.0715951690890114,"PCD_C1"
"TCGA-55-7726","Necroptosis",32,-0.240261054733475,"PCD_C2"
"TCGA-55-7727","Necroptosis",32,0.246303657012657,"PCD_C1"
"TCGA-55-7728","Necroptosis",32,-0.528981199369671,"PCD_C1"
"TCGA-55-7815","Necroptosis",32,-0.229904708969038,"PCD_C1"
"TCGA-55-7816","Necroptosis",32,0.179640634610575,"PCD_C1"
"TCGA-55-7903","Necroptosis",32,0.467546111241891,"PCD_C1"
"TCGA-55-7907","Necroptosis",32,-0.119923556358207,"PCD_C2"
"TCGA-55-7910","Necroptosis",32,-0.62924225826002,"PCD_C2"
"TCGA-55-7911","Necroptosis",32,0.584885970303079,"PCD_C1"
"TCGA-55-7913","Necroptosis",32,0.0410880989491724,"PCD_C2"
"TCGA-55-7914","Necroptosis",32,0.0332119261892298,"PCD_C1"
"TCGA-55-7994","Necroptosis",32,0.64075696056759,"PCD_C1"
"TCGA-55-7995","Necroptosis",32,0.332206307194368,"PCD_C2"
"TCGA-55-8085","Necroptosis",32,-0.0352405406407753,"PCD_C2"
"TCGA-55-8087","Necroptosis",32,0.462495399764065,"PCD_C1"
"TCGA-55-8089","Necroptosis",32,0.30612455401596,"PCD_C2"
"TCGA-55-8090","Necroptosis",32,0.302411953741401,"PCD_C1"
"TCGA-55-8091","Necroptosis",32,0.316359331236164,"PCD_C1"
"TCGA-55-8092","Necroptosis",32,-0.396418831013466,"PCD_C2"
"TCGA-55-8094","Necroptosis",32,-0.738923910747005,"PCD_C2"
"TCGA-55-8096","Necroptosis",32,-0.227697685821621,"PCD_C1"
"TCGA-55-8097","Necroptosis",32,-0.0398419008885471,"PCD_C1"
"TCGA-55-8203","Necroptosis",32,-0.15972528796122,"PCD_C2"
"TCGA-55-8204","Necroptosis",32,-0.339052854790394,"PCD_C2"
"TCGA-55-8205","Necroptosis",32,0.898392920397003,"PCD_C1"
"TCGA-55-8206","Necroptosis",32,0.214180542645959,"PCD_C1"
"TCGA-55-8207","Necroptosis",32,0.297140813894781,"PCD_C1"
"TCGA-55-8208","Necroptosis",32,-0.405170687361965,"PCD_C2"
"TCGA-55-8299","Necroptosis",32,0.24302501037369,"PCD_C1"
"TCGA-55-8301","Necroptosis",32,-0.275964196464555,"PCD_C2"
"TCGA-55-8302","Necroptosis",32,0.367946425059356,"PCD_C2"
"TCGA-55-8505","Necroptosis",32,0.0670074050514597,"PCD_C2"
"TCGA-55-8506","Necroptosis",32,0.100003358920777,"PCD_C1"
"TCGA-55-8507","Necroptosis",32,0.121257244155296,"PCD_C2"
"TCGA-55-8508","Necroptosis",32,-1.13805329132257,"PCD_C2"
"TCGA-55-8510","Necroptosis",32,-0.191317197845521,"PCD_C2"
"TCGA-55-8511","Necroptosis",32,0.312842535670264,"PCD_C1"
"TCGA-55-8512","Necroptosis",32,-0.138547318744897,"PCD_C2"
"TCGA-55-8513","Necroptosis",32,0.220352607894187,"PCD_C1"
"TCGA-55-8514","Necroptosis",32,0.0853392180763659,"PCD_C2"
"TCGA-55-8614","Necroptosis",32,-0.00422236776072438,"PCD_C2"
"TCGA-55-8615","Necroptosis",32,-0.211356656299523,"PCD_C2"
"TCGA-55-8616","Necroptosis",32,0.0662505449688182,"PCD_C1"
"TCGA-55-8619","Necroptosis",32,-0.26132728975483,"PCD_C1"
"TCGA-55-8620","Necroptosis",32,-0.570637301633397,"PCD_C2"
"TCGA-55-8621","Necroptosis",32,0.0144610684373211,"PCD_C1"
"TCGA-55-A48X","Necroptosis",32,0.261363655977815,"PCD_C2"
"TCGA-55-A48Y","Necroptosis",32,-0.496818624635519,"PCD_C2"
"TCGA-55-A48Z","Necroptosis",32,-0.249961057425489,"PCD_C2"
"TCGA-55-A490","Necroptosis",32,-0.624593868292678,"PCD_C1"
"TCGA-55-A491","Necroptosis",32,-0.706539047681607,"PCD_C2"
"TCGA-55-A492","Necroptosis",32,-0.563349249021093,"PCD_C2"
"TCGA-55-A493","Necroptosis",32,0.566680416633155,"PCD_C1"
"TCGA-55-A494","Necroptosis",32,0.400895032037131,"PCD_C2"
"TCGA-55-A4DF","Necroptosis",32,0.0511308169684161,"PCD_C2"
"TCGA-55-A4DG","Necroptosis",32,-0.147146789277103,"PCD_C1"
"TCGA-55-A57B","Necroptosis",32,0.437449570662792,"PCD_C1"
"TCGA-62-8394","Necroptosis",32,0.149436160873323,"PCD_C2"
"TCGA-62-8395","Necroptosis",32,0.227910108195219,"PCD_C2"
"TCGA-62-8397","Necroptosis",32,-1.38604268072786,"PCD_C1"
"TCGA-62-8398","Necroptosis",32,0.454761078280291,"PCD_C2"
"TCGA-62-8399","Necroptosis",32,0.178969851097695,"PCD_C1"
"TCGA-62-8402","Necroptosis",32,0.400658397117353,"PCD_C2"
"TCGA-62-A46O","Necroptosis",32,-0.104309631473513,"PCD_C2"
"TCGA-62-A46P","Necroptosis",32,-0.440836348569969,"PCD_C1"
"TCGA-62-A46R","Necroptosis",32,-0.0556108696251321,"PCD_C1"
"TCGA-62-A46S","Necroptosis",32,-0.228370029613811,"PCD_C1"
"TCGA-62-A46U","Necroptosis",32,0.610608557824615,"PCD_C1"
"TCGA-62-A46V","Necroptosis",32,0.24405957239458,"PCD_C1"
"TCGA-62-A46Y","Necroptosis",32,0.286882029196894,"PCD_C1"
"TCGA-62-A470","Necroptosis",32,-0.370351834230611,"PCD_C2"
"TCGA-62-A471","Necroptosis",32,-0.0913481809830148,"PCD_C2"
"TCGA-62-A472","Necroptosis",32,0.64421886782499,"PCD_C1"
"TCGA-64-1676","Necroptosis",32,-0.298566141608428,"PCD_C1"
"TCGA-64-1677","Necroptosis",32,-0.343897173308371,"PCD_C2"
"TCGA-64-1678","Necroptosis",32,-1.21861148645184,"PCD_C2"
"TCGA-64-1679","Necroptosis",32,0.296887841911997,"PCD_C1"
"TCGA-64-1680","Necroptosis",32,0.194297983621969,"PCD_C1"
"TCGA-64-1681","Necroptosis",32,-0.206390562046158,"PCD_C1"
"TCGA-64-5774","Necroptosis",32,-0.349103918325029,"PCD_C2"
"TCGA-64-5775","Necroptosis",32,0.236111366211923,"PCD_C1"
"TCGA-64-5778","Necroptosis",32,0.104454775813472,"PCD_C2"
"TCGA-64-5779","Necroptosis",32,-0.996639361690487,"PCD_C2"
"TCGA-64-5781","Necroptosis",32,-0.159250528140741,"PCD_C2"
"TCGA-64-5815","Necroptosis",32,0.14248879945136,"PCD_C1"
"TCGA-67-3770","Necroptosis",32,-0.177897194954481,"PCD_C1"
"TCGA-67-3771","Necroptosis",32,-0.347132047662064,"PCD_C2"
"TCGA-67-3772","Necroptosis",32,-0.326150456167407,"PCD_C1"
"TCGA-67-3773","Necroptosis",32,-0.0339307421163513,"PCD_C1"
"TCGA-67-3774","Necroptosis",32,0.306233073360501,"PCD_C2"
"TCGA-67-4679","Necroptosis",32,0.038207238087442,"PCD_C1"
"TCGA-67-6215","Necroptosis",32,0.442005489176685,"PCD_C1"
"TCGA-67-6216","Necroptosis",32,0.327588311403554,"PCD_C1"
"TCGA-67-6217","Necroptosis",32,0.0325159041518412,"PCD_C1"
"TCGA-69-7760","Necroptosis",32,-0.811370002573964,"PCD_C2"
"TCGA-69-7761","Necroptosis",32,0.210340138687529,"PCD_C2"
"TCGA-69-7763","Necroptosis",32,-0.214780843039115,"PCD_C1"
"TCGA-69-7764","Necroptosis",32,-0.0900411786696234,"PCD_C1"
"TCGA-69-7765","Necroptosis",32,-0.123385814942325,"PCD_C1"
"TCGA-69-7973","Necroptosis",32,0.284808388934255,"PCD_C2"
"TCGA-69-7974","Necroptosis",32,0.929690045087203,"PCD_C1"
"TCGA-69-7978","Necroptosis",32,0.447239000749454,"PCD_C1"
"TCGA-69-7979","Necroptosis",32,0.203247533029192,"PCD_C2"
"TCGA-69-7980","Necroptosis",32,0.266006018232241,"PCD_C1"
"TCGA-69-8253","Necroptosis",32,-0.154635425209683,"PCD_C2"
"TCGA-69-8254","Necroptosis",32,0.00700443007895378,"PCD_C1"
"TCGA-69-8255","Necroptosis",32,-0.295487648972257,"PCD_C2"
"TCGA-69-8453","Necroptosis",32,0.223133290932287,"PCD_C1"
"TCGA-69-A59K","Necroptosis",32,-0.159530452605078,"PCD_C2"
"TCGA-71-6725","Necroptosis",32,0.00726507168738623,"PCD_C2"
"TCGA-71-8520","Necroptosis",32,0.519849168419142,"PCD_C1"
"TCGA-73-4658","Necroptosis",32,0.308392727644782,"PCD_C1"
"TCGA-73-4659","Necroptosis",32,0.0289515284449835,"PCD_C2"
"TCGA-73-4662","Necroptosis",32,0.2883204903574,"PCD_C1"
"TCGA-73-4666","Necroptosis",32,0.674158212683446,"PCD_C2"
"TCGA-73-4668","Necroptosis",32,-0.0707290318803682,"PCD_C2"
"TCGA-73-4670","Necroptosis",32,0.17473446051908,"PCD_C2"
"TCGA-73-4675","Necroptosis",32,0.089411371489078,"PCD_C2"
"TCGA-73-4676","Necroptosis",32,0.365240713054261,"PCD_C2"
"TCGA-73-4677","Necroptosis",32,-0.0864389655666142,"PCD_C2"
"TCGA-73-7498","Necroptosis",32,0.10446731687415,"PCD_C2"
"TCGA-73-7499","Necroptosis",32,-0.0551406856260826,"PCD_C2"
"TCGA-73-A9RS","Necroptosis",32,0.074684897829848,"PCD_C2"
"TCGA-75-5122","Necroptosis",32,0.384378375147278,"PCD_C1"
"TCGA-75-5125","Necroptosis",32,0.571624675475622,"PCD_C1"
"TCGA-75-5126","Necroptosis",32,0.612099093228217,"PCD_C1"
"TCGA-75-5146","Necroptosis",32,0.122457765148234,"PCD_C1"
"TCGA-75-5147","Necroptosis",32,0.111232656932356,"PCD_C2"
"TCGA-75-6203","Necroptosis",32,-0.329900039385197,"PCD_C1"
"TCGA-75-6205","Necroptosis",32,0.394842645306222,"PCD_C1"
"TCGA-75-6206","Necroptosis",32,0.183829109537072,"PCD_C2"
"TCGA-75-6207","Necroptosis",32,0.818901933083592,"PCD_C1"
"TCGA-75-6211","Necroptosis",32,-0.300984314471915,"PCD_C2"
"TCGA-75-6212","Necroptosis",32,-0.161160913209985,"PCD_C1"
"TCGA-75-6214","Necroptosis",32,-0.193142314468151,"PCD_C2"
"TCGA-75-7025","Necroptosis",32,-0.00652693392489702,"PCD_C1"
"TCGA-75-7027","Necroptosis",32,0.143901045895181,"PCD_C2"
"TCGA-75-7030","Necroptosis",32,-0.077523142279755,"PCD_C1"
"TCGA-75-7031","Necroptosis",32,-0.205829359069508,"PCD_C2"
"TCGA-78-7143","Necroptosis",32,0.504038098418044,"PCD_C2"
"TCGA-78-7145","Necroptosis",32,0.52321940109245,"PCD_C1"
"TCGA-78-7146","Necroptosis",32,0.793304383268486,"PCD_C2"
"TCGA-78-7147","Necroptosis",32,0.211435726376092,"PCD_C2"
"TCGA-78-7148","Necroptosis",32,0.0667185409319907,"PCD_C2"
"TCGA-78-7149","Necroptosis",32,-0.720921089678443,"PCD_C2"
"TCGA-78-7150","Necroptosis",32,0.304099358945303,"PCD_C2"
"TCGA-78-7152","Necroptosis",32,0.0332257919199934,"PCD_C2"
"TCGA-78-7153","Necroptosis",32,-0.777794599072387,"PCD_C2"
"TCGA-78-7154","Necroptosis",32,0.0403619553597464,"PCD_C2"
"TCGA-78-7155","Necroptosis",32,-0.600654739834442,"PCD_C1"
"TCGA-78-7156","Necroptosis",32,-0.0565674875790052,"PCD_C2"
"TCGA-78-7158","Necroptosis",32,0.165398256661697,"PCD_C1"
"TCGA-78-7159","Necroptosis",32,-0.34446427688535,"PCD_C2"
"TCGA-78-7160","Necroptosis",32,0.575229546882527,"PCD_C2"
"TCGA-78-7161","Necroptosis",32,-0.116586566529152,"PCD_C1"
"TCGA-78-7162","Necroptosis",32,-0.228204097966796,"PCD_C2"
"TCGA-78-7163","Necroptosis",32,0.146787628895613,"PCD_C2"
"TCGA-78-7166","Necroptosis",32,-1.41232807220308,"PCD_C2"
"TCGA-78-7167","Necroptosis",32,0.0275059621935676,"PCD_C2"
"TCGA-78-7220","Necroptosis",32,0.281773293990425,"PCD_C2"
"TCGA-78-7535","Necroptosis",32,-0.974019302007817,"PCD_C2"
"TCGA-78-7536","Necroptosis",32,0.292160257454332,"PCD_C2"
"TCGA-78-7537","Necroptosis",32,-0.64697288597932,"PCD_C1"
"TCGA-78-7539","Necroptosis",32,0.405933669909606,"PCD_C1"
"TCGA-78-7540","Necroptosis",32,-0.0402602685633498,"PCD_C2"
"TCGA-78-7542","Necroptosis",32,0.568595897057479,"PCD_C2"
"TCGA-78-7633","Necroptosis",32,-0.168028900251605,"PCD_C2"
"TCGA-78-8640","Necroptosis",32,-0.233961388018616,"PCD_C2"
"TCGA-78-8648","Necroptosis",32,-0.748382868183457,"PCD_C1"
"TCGA-78-8655","Necroptosis",32,0.492687809032222,"PCD_C1"
"TCGA-78-8660","Necroptosis",32,0.364858584603764,"PCD_C2"
"TCGA-78-8662","Necroptosis",32,-0.132064614381646,"PCD_C2"
"TCGA-80-5607","Necroptosis",32,0.729695571796611,"PCD_C1"
"TCGA-80-5608","Necroptosis",32,-0.133777675451406,"PCD_C2"
"TCGA-80-5611","Necroptosis",32,0.324922227246093,"PCD_C2"
"TCGA-83-5908","Necroptosis",32,1.02904702818334,"PCD_C1"
"TCGA-86-6562","Necroptosis",32,0.238174214919321,"PCD_C1"
"TCGA-86-6851","Necroptosis",32,-0.297413487317613,"PCD_C1"
"TCGA-86-7701","Necroptosis",32,-0.480573220721039,"PCD_C2"
"TCGA-86-7711","Necroptosis",32,-0.272371820106823,"PCD_C2"
"TCGA-86-7713","Necroptosis",32,0.404811424592227,"PCD_C2"
"TCGA-86-7714","Necroptosis",32,0.199096585744429,"PCD_C1"
"TCGA-86-7953","Necroptosis",32,0.578756688910239,"PCD_C1"
"TCGA-86-7954","Necroptosis",32,0.701606710987727,"PCD_C1"
"TCGA-86-7955","Necroptosis",32,-0.11389849543339,"PCD_C2"
"TCGA-86-8054","Necroptosis",32,0.207142485935147,"PCD_C2"
"TCGA-86-8055","Necroptosis",32,0.335661537776675,"PCD_C1"
"TCGA-86-8056","Necroptosis",32,0.874389026647906,"PCD_C1"
"TCGA-86-8073","Necroptosis",32,0.419370385090634,"PCD_C2"
"TCGA-86-8074","Necroptosis",32,0.507935545018774,"PCD_C1"
"TCGA-86-8075","Necroptosis",32,0.265582688003104,"PCD_C1"
"TCGA-86-8076","Necroptosis",32,-0.206218110468137,"PCD_C1"
"TCGA-86-8278","Necroptosis",32,0.407669037373409,"PCD_C1"
"TCGA-86-8279","Necroptosis",32,0.205287456423499,"PCD_C2"
"TCGA-86-8280","Necroptosis",32,0.162943458571278,"PCD_C1"
"TCGA-86-8281","Necroptosis",32,0.154909152207397,"PCD_C2"
"TCGA-86-8358","Necroptosis",32,0.0338917754415086,"PCD_C2"
"TCGA-86-8359","Necroptosis",32,0.17126799813384,"PCD_C2"
"TCGA-86-8585","Necroptosis",32,-0.301507588912293,"PCD_C2"
"TCGA-86-8668","Necroptosis",32,0.144604936793299,"PCD_C1"
"TCGA-86-8669","Necroptosis",32,-0.243817701080556,"PCD_C2"
"TCGA-86-8671","Necroptosis",32,0.276452551958288,"PCD_C1"
"TCGA-86-8672","Necroptosis",32,0.0441563711098323,"PCD_C2"
"TCGA-86-8673","Necroptosis",32,-0.24468443675154,"PCD_C2"
"TCGA-86-8674","Necroptosis",32,-0.0668988109836657,"PCD_C2"
"TCGA-86-A456","Necroptosis",32,0.315218412809059,"PCD_C1"
"TCGA-86-A4D0","Necroptosis",32,-0.380571603800371,"PCD_C2"
"TCGA-86-A4JF","Necroptosis",32,0.130034674353649,"PCD_C1"
"TCGA-86-A4P7","Necroptosis",32,-0.09924754189531,"PCD_C1"
"TCGA-86-A4P8","Necroptosis",32,0.326563294645083,"PCD_C1"
"TCGA-91-6828","Necroptosis",32,0.335699054772702,"PCD_C1"
"TCGA-91-6829","Necroptosis",32,0.187285295739464,"PCD_C1"
"TCGA-91-6830","Necroptosis",32,0.569391985737109,"PCD_C2"
"TCGA-91-6831","Necroptosis",32,-0.449723599940025,"PCD_C2"
"TCGA-91-6835","Necroptosis",32,0.791587362351054,"PCD_C1"
"TCGA-91-6836","Necroptosis",32,0.417047500825629,"PCD_C1"
"TCGA-91-6840","Necroptosis",32,0.0790967375822188,"PCD_C1"
"TCGA-91-6847","Necroptosis",32,-0.0909823428715144,"PCD_C2"
"TCGA-91-6848","Necroptosis",32,0.377511631191522,"PCD_C1"
"TCGA-91-6849","Necroptosis",32,-0.434610361576612,"PCD_C2"
"TCGA-91-7771","Necroptosis",32,0.150339498009276,"PCD_C1"
"TCGA-91-8496","Necroptosis",32,-0.19947434739233,"PCD_C1"
"TCGA-91-8497","Necroptosis",32,-0.138195451722488,"PCD_C1"
"TCGA-91-8499","Necroptosis",32,-0.295691817938108,"PCD_C1"
"TCGA-91-A4BC","Necroptosis",32,-1.07366827148184,"PCD_C2"
"TCGA-91-A4BD","Necroptosis",32,-0.696307159892838,"PCD_C1"
"TCGA-93-7347","Necroptosis",32,0.0713394810256648,"PCD_C1"
"TCGA-93-7348","Necroptosis",32,-0.315012345456644,"PCD_C1"
"TCGA-93-8067","Necroptosis",32,0.305094666776826,"PCD_C2"
"TCGA-93-A4JN","Necroptosis",32,-0.0930002610756562,"PCD_C1"
"TCGA-93-A4JO","Necroptosis",32,0.0169983887267033,"PCD_C2"
"TCGA-93-A4JP","Necroptosis",32,0.113837006150447,"PCD_C1"
"TCGA-93-A4JQ","Necroptosis",32,0.222367991466028,"PCD_C2"
"TCGA-95-7039","Necroptosis",32,0.326776949195515,"PCD_C2"
"TCGA-95-7043","Necroptosis",32,-1.08774066257228,"PCD_C2"
"TCGA-95-7562","Necroptosis",32,-0.0554605201201227,"PCD_C2"
"TCGA-95-7567","Necroptosis",32,0.0834624997561289,"PCD_C1"
"TCGA-95-7944","Necroptosis",32,0.0946621012290258,"PCD_C1"
"TCGA-95-7947","Necroptosis",32,0.306698838433594,"PCD_C1"
"TCGA-95-7948","Necroptosis",32,0.144483168272894,"PCD_C2"
"TCGA-95-8039","Necroptosis",32,0.308001685189278,"PCD_C1"
"TCGA-95-8494","Necroptosis",32,0.580672128386975,"PCD_C1"
"TCGA-95-A4VK","Necroptosis",32,0.278945404845527,"PCD_C1"
"TCGA-95-A4VN","Necroptosis",32,0.443321737644051,"PCD_C1"
"TCGA-95-A4VP","Necroptosis",32,-0.705873724625551,"PCD_C1"
"TCGA-97-7546","Necroptosis",32,0.158440727714307,"PCD_C1"
"TCGA-97-7547","Necroptosis",32,0.42047232629833,"PCD_C1"
"TCGA-97-7552","Necroptosis",32,0.341198798450206,"PCD_C1"
"TCGA-97-7553","Necroptosis",32,0.17851620209472,"PCD_C1"
"TCGA-97-7554","Necroptosis",32,-0.119422775141218,"PCD_C1"
"TCGA-97-7937","Necroptosis",32,-0.178260415662902,"PCD_C2"
"TCGA-97-7938","Necroptosis",32,0.348287388881674,"PCD_C1"
"TCGA-97-7941","Necroptosis",32,0.291192814852275,"PCD_C1"
"TCGA-97-8171","Necroptosis",32,-0.481183306071588,"PCD_C1"
"TCGA-97-8172","Necroptosis",32,0.4648745635731,"PCD_C1"
"TCGA-97-8174","Necroptosis",32,0.0732248307799018,"PCD_C1"
"TCGA-97-8175","Necroptosis",32,0.552332373506232,"PCD_C1"
"TCGA-97-8176","Necroptosis",32,0.371634032756475,"PCD_C2"
"TCGA-97-8177","Necroptosis",32,0.0655686263435862,"PCD_C1"
"TCGA-97-8179","Necroptosis",32,0.0133480251260746,"PCD_C2"
"TCGA-97-8547","Necroptosis",32,-0.0513490773479314,"PCD_C1"
"TCGA-97-8552","Necroptosis",32,-0.276385335822074,"PCD_C1"
"TCGA-97-A4LX","Necroptosis",32,0.412124492070262,"PCD_C1"
"TCGA-97-A4M0","Necroptosis",32,0.65060229207258,"PCD_C1"
"TCGA-97-A4M1","Necroptosis",32,-0.0423862595525929,"PCD_C1"
"TCGA-97-A4M2","Necroptosis",32,-0.182362324353089,"PCD_C1"
"TCGA-97-A4M3","Necroptosis",32,-0.28009245635557,"PCD_C2"
"TCGA-97-A4M5","Necroptosis",32,0.204075777397354,"PCD_C1"
"TCGA-97-A4M6","Necroptosis",32,0.66675515307689,"PCD_C1"
"TCGA-97-A4M7","Necroptosis",32,-0.206469963930208,"PCD_C1"
"TCGA-99-7458","Necroptosis",32,0.630961074443816,"PCD_C1"
"TCGA-99-8025","Necroptosis",32,-0.0113579250091013,"PCD_C2"
"TCGA-99-8028","Necroptosis",32,-0.629057061738306,"PCD_C1"
"TCGA-99-8032","Necroptosis",32,-0.690979259434973,"PCD_C2"
"TCGA-99-8033","Necroptosis",32,0.504623535961121,"PCD_C2"
"TCGA-99-AA5R","Necroptosis",32,-0.188402432157745,"PCD_C1"
"TCGA-J2-8192","Necroptosis",32,0.506360172869694,"PCD_C1"
"TCGA-J2-8194","Necroptosis",32,0.613521898851981,"PCD_C2"
"TCGA-J2-A4AD","Necroptosis",32,-0.15838509404283,"PCD_C2"
"TCGA-J2-A4AE","Necroptosis",32,-0.287191441945217,"PCD_C2"
"TCGA-J2-A4AG","Necroptosis",32,0.513446394706935,"PCD_C1"
"TCGA-L4-A4E5","Necroptosis",32,-0.5437341209007,"PCD_C2"
"TCGA-L4-A4E6","Necroptosis",32,-0.226189188702809,"PCD_C1"
"TCGA-L9-A443","Necroptosis",32,0.151049369668667,"PCD_C1"
"TCGA-L9-A444","Necroptosis",32,-0.479854521420771,"PCD_C1"
"TCGA-L9-A50W","Necroptosis",32,0.017236024650651,"PCD_C1"
"TCGA-L9-A5IP","Necroptosis",32,0.28626600583688,"PCD_C2"
"TCGA-L9-A743","Necroptosis",32,0.150374704028527,"PCD_C1"
"TCGA-L9-A7SV","Necroptosis",32,-0.0653957798921102,"PCD_C1"
"TCGA-L9-A8F4","Necroptosis",32,-0.0482431458322667,"PCD_C2"
"TCGA-MN-A4N1","Necroptosis",32,-0.247766383113839,"PCD_C2"
"TCGA-MN-A4N4","Necroptosis",32,-0.417900667465495,"PCD_C2"
"TCGA-MN-A4N5","Necroptosis",32,0.365898224981151,"PCD_C1"
"TCGA-MP-A4SV","Necroptosis",32,0.432973768887093,"PCD_C1"
"TCGA-MP-A4SW","Necroptosis",32,8.70006823043785e-05,"PCD_C1"
"TCGA-MP-A4SY","Necroptosis",32,0.531990455169516,"PCD_C1"
"TCGA-MP-A4T4","Necroptosis",32,-0.135513090123616,"PCD_C1"
"TCGA-MP-A4T6","Necroptosis",32,0.418067373860257,"PCD_C1"
"TCGA-MP-A4T7","Necroptosis",32,-0.0700549174072948,"PCD_C2"
"TCGA-MP-A4T8","Necroptosis",32,0.0749835483054759,"PCD_C2"
"TCGA-MP-A4T9","Necroptosis",32,0.372670234115677,"PCD_C1"
"TCGA-MP-A4TA","Necroptosis",32,0.142570090695704,"PCD_C2"
"TCGA-MP-A4TC","Necroptosis",32,0.420902880684269,"PCD_C1"
"TCGA-MP-A4TD","Necroptosis",32,-0.535390483467232,"PCD_C2"
"TCGA-MP-A4TE","Necroptosis",32,-0.779599339220579,"PCD_C2"
"TCGA-MP-A4TF","Necroptosis",32,0.25815489945623,"PCD_C2"
"TCGA-MP-A4TH","Necroptosis",32,0.0702936985319076,"PCD_C1"
"TCGA-MP-A4TI","Necroptosis",32,0.69192326217257,"PCD_C1"
"TCGA-MP-A4TJ","Necroptosis",32,-0.037409632259021,"PCD_C1"
"TCGA-MP-A4TK","Necroptosis",32,-0.20949877441295,"PCD_C1"
"TCGA-MP-A5C7","Necroptosis",32,-0.172549045785435,"PCD_C2"
"TCGA-NJ-A4YF","Necroptosis",32,-0.962759600010354,"PCD_C2"
"TCGA-NJ-A4YG","Necroptosis",32,0.109807741080466,"PCD_C1"
"TCGA-NJ-A4YI","Necroptosis",32,0.40858052213734,"PCD_C1"
"TCGA-NJ-A4YP","Necroptosis",32,0.27037963215474,"PCD_C1"
"TCGA-NJ-A4YQ","Necroptosis",32,-0.640748851328125,"PCD_C2"
"TCGA-NJ-A55A","Necroptosis",32,0.401994030837917,"PCD_C1"
"TCGA-NJ-A55O","Necroptosis",32,-0.108256184996907,"PCD_C1"
"TCGA-NJ-A55R","Necroptosis",32,-0.961839876833656,"PCD_C2"
"TCGA-NJ-A7XG","Necroptosis",32,0.416779143660571,"PCD_C1"
"TCGA-O1-A52J","Necroptosis",32,0.267828113541731,"PCD_C1"
"TCGA-S2-AA1A","Necroptosis",32,-0.606935782220381,"PCD_C1"
"TCGA-05-4244","Pyroptosis",27,0.120188924860342,"PCD_C1"
"TCGA-05-4245","Pyroptosis",27,-2.46909627568146,"PCD_C2"
"TCGA-05-4249","Pyroptosis",27,0.380042428407315,"PCD_C1"
"TCGA-05-4250","Pyroptosis",27,0.544781828556097,"PCD_C2"
"TCGA-05-4382","Pyroptosis",27,0.0472221133576135,"PCD_C1"
"TCGA-05-4384","Pyroptosis",27,0.182144782038328,"PCD_C2"
"TCGA-05-4389","Pyroptosis",27,0.233826065562936,"PCD_C2"
"TCGA-05-4390","Pyroptosis",27,-0.225110546027791,"PCD_C2"
"TCGA-05-4395","Pyroptosis",27,0.301739856392896,"PCD_C2"
"TCGA-05-4396","Pyroptosis",27,-0.175448598506001,"PCD_C2"
"TCGA-05-4397","Pyroptosis",27,0.252132399222332,"PCD_C2"
"TCGA-05-4398","Pyroptosis",27,0.515493388019957,"PCD_C1"
"TCGA-05-4402","Pyroptosis",27,0.151483890608972,"PCD_C1"
"TCGA-05-4403","Pyroptosis",27,0.325404359060467,"PCD_C2"
"TCGA-05-4405","Pyroptosis",27,-0.0747404871778509,"PCD_C1"
"TCGA-05-4410","Pyroptosis",27,-0.39365987315247,"PCD_C1"
"TCGA-05-4415","Pyroptosis",27,-0.037387455736007,"PCD_C1"
"TCGA-05-4417","Pyroptosis",27,-0.216456627056948,"PCD_C1"
"TCGA-05-4418","Pyroptosis",27,0.120535857682635,"PCD_C2"
"TCGA-05-4420","Pyroptosis",27,-0.504102549198233,"PCD_C2"
"TCGA-05-4422","Pyroptosis",27,0.0104562953518603,"PCD_C2"
"TCGA-05-4424","Pyroptosis",27,0.395720767434696,"PCD_C1"
"TCGA-05-4425","Pyroptosis",27,0.493788092000207,"PCD_C1"
"TCGA-05-4426","Pyroptosis",27,0.0951672926731487,"PCD_C1"
"TCGA-05-4427","Pyroptosis",27,0.43230414218865,"PCD_C1"
"TCGA-05-4430","Pyroptosis",27,0.108770147881478,"PCD_C1"
"TCGA-05-4432","Pyroptosis",27,-0.0347144587114978,"PCD_C2"
"TCGA-05-4433","Pyroptosis",27,0.367534398234435,"PCD_C2"
"TCGA-05-4434","Pyroptosis",27,0.698269301079937,"PCD_C2"
"TCGA-05-5420","Pyroptosis",27,-0.15048396310201,"PCD_C1"
"TCGA-05-5423","Pyroptosis",27,0.496163428071866,"PCD_C1"
"TCGA-05-5425","Pyroptosis",27,0.309132404626057,"PCD_C1"
"TCGA-05-5428","Pyroptosis",27,0.0603170760186266,"PCD_C2"
"TCGA-05-5429","Pyroptosis",27,0.402178467674955,"PCD_C2"
"TCGA-05-5715","Pyroptosis",27,0.0772398745815431,"PCD_C1"
"TCGA-35-3615","Pyroptosis",27,-0.197540712758592,"PCD_C2"
"TCGA-35-4122","Pyroptosis",27,0.121085515135667,"PCD_C1"
"TCGA-35-4123","Pyroptosis",27,0.680634191232291,"PCD_C1"
"TCGA-35-5375","Pyroptosis",27,-0.0955115659245755,"PCD_C2"
"TCGA-38-4625","Pyroptosis",27,0.293383881139963,"PCD_C1"
"TCGA-38-4626","Pyroptosis",27,0.0580277660063021,"PCD_C1"
"TCGA-38-4627","Pyroptosis",27,0.161628920167772,"PCD_C1"
"TCGA-38-4628","Pyroptosis",27,0.535157385920648,"PCD_C1"
"TCGA-38-4629","Pyroptosis",27,0.0957950988587824,"PCD_C1"
"TCGA-38-4630","Pyroptosis",27,-0.0564159080318435,"PCD_C2"
"TCGA-38-4631","Pyroptosis",27,-0.178851753554869,"PCD_C2"
"TCGA-38-4632","Pyroptosis",27,0.146696031652737,"PCD_C1"
"TCGA-38-6178","Pyroptosis",27,0.221271321285217,"PCD_C1"
"TCGA-38-7271","Pyroptosis",27,-0.287286063215094,"PCD_C1"
"TCGA-38-A44F","Pyroptosis",27,0.20575012067336,"PCD_C1"
"TCGA-44-2655","Pyroptosis",27,0.286093246839353,"PCD_C2"
"TCGA-44-2656","Pyroptosis",27,0.0583816913030128,"PCD_C1"
"TCGA-44-2657","Pyroptosis",27,-0.407856358256926,"PCD_C1"
"TCGA-44-2659","Pyroptosis",27,-0.559273999376409,"PCD_C1"
"TCGA-44-2661","Pyroptosis",27,0.213793229192324,"PCD_C1"
"TCGA-44-2662","Pyroptosis",27,0.6483817410791,"PCD_C1"
"TCGA-44-2665","Pyroptosis",27,0.489442160157545,"PCD_C1"
"TCGA-44-2666","Pyroptosis",27,0.0762358885892456,"PCD_C1"
"TCGA-44-2668","Pyroptosis",27,0.972373772299257,"PCD_C1"
"TCGA-44-3396","Pyroptosis",27,0.166529810335094,"PCD_C1"
"TCGA-44-3398","Pyroptosis",27,0.266670424090289,"PCD_C1"
"TCGA-44-3917","Pyroptosis",27,-1.87797057715324,"PCD_C2"
"TCGA-44-3918","Pyroptosis",27,0.29389558958325,"PCD_C1"
"TCGA-44-3919","Pyroptosis",27,0.258395466752199,"PCD_C1"
"TCGA-44-4112","Pyroptosis",27,0.215682237790072,"PCD_C1"
"TCGA-44-5643","Pyroptosis",27,0.4318312439756,"PCD_C2"
"TCGA-44-5644","Pyroptosis",27,-0.487258123937013,"PCD_C2"
"TCGA-44-5645","Pyroptosis",27,-0.332005064792231,"PCD_C2"
"TCGA-44-6145","Pyroptosis",27,0.019768291504311,"PCD_C2"
"TCGA-44-6146","Pyroptosis",27,0.196593665254308,"PCD_C2"
"TCGA-44-6147","Pyroptosis",27,-0.16507680865817,"PCD_C1"
"TCGA-44-6148","Pyroptosis",27,-0.169978207813451,"PCD_C1"
"TCGA-44-6774","Pyroptosis",27,-0.203741502085948,"PCD_C1"
"TCGA-44-6775","Pyroptosis",27,0.332303586128273,"PCD_C1"
"TCGA-44-6776","Pyroptosis",27,-0.333421513711713,"PCD_C2"
"TCGA-44-6777","Pyroptosis",27,-0.283839297984067,"PCD_C1"
"TCGA-44-6778","Pyroptosis",27,0.176184689064565,"PCD_C1"
"TCGA-44-6779","Pyroptosis",27,0.484337725479961,"PCD_C2"
"TCGA-44-7659","Pyroptosis",27,-0.0384892179910252,"PCD_C1"
"TCGA-44-7660","Pyroptosis",27,-0.0843235074560859,"PCD_C2"
"TCGA-44-7661","Pyroptosis",27,0.834622398934269,"PCD_C1"
"TCGA-44-7662","Pyroptosis",27,0.0829870253544407,"PCD_C1"
"TCGA-44-7667","Pyroptosis",27,-0.214656217799462,"PCD_C2"
"TCGA-44-7669","Pyroptosis",27,0.237040420831334,"PCD_C2"
"TCGA-44-7670","Pyroptosis",27,0.529584300258916,"PCD_C2"
"TCGA-44-7671","Pyroptosis",27,-0.179592695528601,"PCD_C2"
"TCGA-44-7672","Pyroptosis",27,-0.543775488106659,"PCD_C1"
"TCGA-44-8117","Pyroptosis",27,-0.306716143620018,"PCD_C1"
"TCGA-44-8119","Pyroptosis",27,-0.348105801779358,"PCD_C2"
"TCGA-44-8120","Pyroptosis",27,0.122029758001659,"PCD_C1"
"TCGA-44-A479","Pyroptosis",27,-0.390516776199143,"PCD_C1"
"TCGA-44-A47A","Pyroptosis",27,0.77901673450071,"PCD_C1"
"TCGA-44-A47B","Pyroptosis",27,0.316159428660258,"PCD_C1"
"TCGA-44-A47G","Pyroptosis",27,-0.0678663655702878,"PCD_C1"
"TCGA-44-A4SS","Pyroptosis",27,0.588452802029446,"PCD_C2"
"TCGA-44-A4SU","Pyroptosis",27,-0.420868393191531,"PCD_C2"
"TCGA-49-4486","Pyroptosis",27,-0.619273837640756,"PCD_C2"
"TCGA-49-4487","Pyroptosis",27,-0.31522477635866,"PCD_C2"
"TCGA-49-4488","Pyroptosis",27,0.210669119779853,"PCD_C2"
"TCGA-49-4490","Pyroptosis",27,-0.0758195565103428,"PCD_C1"
"TCGA-49-4494","Pyroptosis",27,0.542219790565251,"PCD_C2"
"TCGA-49-4501","Pyroptosis",27,0.212792835116497,"PCD_C1"
"TCGA-49-4505","Pyroptosis",27,-0.00754048309443347,"PCD_C1"
"TCGA-49-4506","Pyroptosis",27,-0.233767350941437,"PCD_C2"
"TCGA-49-4507","Pyroptosis",27,0.174209630898725,"PCD_C2"
"TCGA-49-4510","Pyroptosis",27,-0.571851691927301,"PCD_C1"
"TCGA-49-4512","Pyroptosis",27,-0.492005116164176,"PCD_C1"
"TCGA-49-4514","Pyroptosis",27,-0.686044701948103,"PCD_C2"
"TCGA-49-6742","Pyroptosis",27,0.289542469541712,"PCD_C2"
"TCGA-49-6743","Pyroptosis",27,0.0458401388699245,"PCD_C2"
"TCGA-49-6744","Pyroptosis",27,-0.10091251104803,"PCD_C1"
"TCGA-49-6745","Pyroptosis",27,0.677885911126702,"PCD_C1"
"TCGA-49-6761","Pyroptosis",27,0.253867166236187,"PCD_C1"
"TCGA-49-6767","Pyroptosis",27,0.543144596358836,"PCD_C1"
"TCGA-49-AAQV","Pyroptosis",27,-0.223998305931581,"PCD_C2"
"TCGA-49-AAR0","Pyroptosis",27,-0.0994056170722867,"PCD_C2"
"TCGA-49-AAR2","Pyroptosis",27,-1.27785389037533,"PCD_C2"
"TCGA-49-AAR3","Pyroptosis",27,0.0653338586246391,"PCD_C2"
"TCGA-49-AAR4","Pyroptosis",27,-0.214803921961779,"PCD_C2"
"TCGA-49-AAR9","Pyroptosis",27,0.385092355425067,"PCD_C2"
"TCGA-49-AARE","Pyroptosis",27,-0.698435016558106,"PCD_C2"
"TCGA-49-AARN","Pyroptosis",27,0.175362881535051,"PCD_C2"
"TCGA-49-AARO","Pyroptosis",27,0.273623652772059,"PCD_C1"
"TCGA-49-AARQ","Pyroptosis",27,-0.709200881120866,"PCD_C2"
"TCGA-49-AARR","Pyroptosis",27,-0.250433008998799,"PCD_C1"
"TCGA-4B-A93V","Pyroptosis",27,-0.907640605262676,"PCD_C2"
"TCGA-50-5044","Pyroptosis",27,-0.342486312857711,"PCD_C1"
"TCGA-50-5045","Pyroptosis",27,0.264910279397997,"PCD_C1"
"TCGA-50-5049","Pyroptosis",27,-0.174860185123384,"PCD_C1"
"TCGA-50-5051","Pyroptosis",27,-0.750727975397235,"PCD_C2"
"TCGA-50-5055","Pyroptosis",27,0.46098017192192,"PCD_C1"
"TCGA-50-5066","Pyroptosis",27,-0.348005463137545,"PCD_C2"
"TCGA-50-5068","Pyroptosis",27,0.514307339572134,"PCD_C1"
"TCGA-50-5072","Pyroptosis",27,0.0242669990998846,"PCD_C2"
"TCGA-50-5930","Pyroptosis",27,-0.900499441745382,"PCD_C2"
"TCGA-50-5931","Pyroptosis",27,0.342808974073781,"PCD_C2"
"TCGA-50-5932","Pyroptosis",27,0.025076073905419,"PCD_C1"
"TCGA-50-5933","Pyroptosis",27,0.524832081381582,"PCD_C1"
"TCGA-50-5935","Pyroptosis",27,0.037000334393919,"PCD_C1"
"TCGA-50-5936","Pyroptosis",27,0.395947026984488,"PCD_C2"
"TCGA-50-5939","Pyroptosis",27,0.0918858945610954,"PCD_C2"
"TCGA-50-5941","Pyroptosis",27,0.192700662085761,"PCD_C1"
"TCGA-50-5942","Pyroptosis",27,-0.393346071678643,"PCD_C1"
"TCGA-50-5944","Pyroptosis",27,-0.207668000197981,"PCD_C1"
"TCGA-50-5946","Pyroptosis",27,-0.25997340509805,"PCD_C1"
"TCGA-50-6590","Pyroptosis",27,-0.206296500788063,"PCD_C1"
"TCGA-50-6591","Pyroptosis",27,-0.389687197751945,"PCD_C1"
"TCGA-50-6592","Pyroptosis",27,0.58979962994734,"PCD_C2"
"TCGA-50-6593","Pyroptosis",27,0.277606086579329,"PCD_C1"
"TCGA-50-6594","Pyroptosis",27,0.117051243669396,"PCD_C1"
"TCGA-50-6595","Pyroptosis",27,0.840176466000206,"PCD_C1"
"TCGA-50-6597","Pyroptosis",27,-0.645254641374024,"PCD_C1"
"TCGA-50-6673","Pyroptosis",27,0.111624321973115,"PCD_C2"
"TCGA-50-7109","Pyroptosis",27,-0.0453538388449147,"PCD_C2"
"TCGA-50-8457","Pyroptosis",27,-0.449546924907738,"PCD_C1"
"TCGA-50-8459","Pyroptosis",27,-0.0030583643718542,"PCD_C1"
"TCGA-50-8460","Pyroptosis",27,-0.339061575874732,"PCD_C1"
"TCGA-53-7624","Pyroptosis",27,0.950218772646193,"PCD_C2"
"TCGA-53-7626","Pyroptosis",27,0.317871311192416,"PCD_C1"
"TCGA-53-7813","Pyroptosis",27,-0.879259983451047,"PCD_C2"
"TCGA-53-A4EZ","Pyroptosis",27,-0.320374112011662,"PCD_C2"
"TCGA-55-1592","Pyroptosis",27,0.0426042925998051,"PCD_C1"
"TCGA-55-1594","Pyroptosis",27,-0.0459383107806021,"PCD_C2"
"TCGA-55-1595","Pyroptosis",27,-0.011183898109415,"PCD_C1"
"TCGA-55-1596","Pyroptosis",27,0.159539970198244,"PCD_C2"
"TCGA-55-5899","Pyroptosis",27,-0.149894542024898,"PCD_C2"
"TCGA-55-6543","Pyroptosis",27,0.236615882850339,"PCD_C1"
"TCGA-55-6642","Pyroptosis",27,-1.09610761613945,"PCD_C2"
"TCGA-55-6712","Pyroptosis",27,0.295567960133017,"PCD_C1"
"TCGA-55-6968","Pyroptosis",27,-0.278885975936841,"PCD_C2"
"TCGA-55-6969","Pyroptosis",27,-0.521083109075297,"PCD_C2"
"TCGA-55-6970","Pyroptosis",27,-0.12866867879217,"PCD_C2"
"TCGA-55-6971","Pyroptosis",27,-0.193408050465974,"PCD_C1"
"TCGA-55-6972","Pyroptosis",27,-0.574165652263121,"PCD_C2"
"TCGA-55-6975","Pyroptosis",27,-0.360131413402214,"PCD_C2"
"TCGA-55-6978","Pyroptosis",27,0.930387594074406,"PCD_C1"
"TCGA-55-6979","Pyroptosis",27,0.431633081525354,"PCD_C1"
"TCGA-55-6980","Pyroptosis",27,0.1607297944611,"PCD_C1"
"TCGA-55-6981","Pyroptosis",27,-0.119255026014702,"PCD_C2"
"TCGA-55-6982","Pyroptosis",27,0.0790602532691932,"PCD_C1"
"TCGA-55-6983","Pyroptosis",27,0.0143576609120436,"PCD_C2"
"TCGA-55-6984","Pyroptosis",27,-0.248266512929008,"PCD_C2"
"TCGA-55-6985","Pyroptosis",27,0.132720192637987,"PCD_C1"
"TCGA-55-6986","Pyroptosis",27,0.329263433388998,"PCD_C1"
"TCGA-55-6987","Pyroptosis",27,-0.581384744288324,"PCD_C1"
"TCGA-55-7227","Pyroptosis",27,0.299074716020115,"PCD_C1"
"TCGA-55-7281","Pyroptosis",27,0.484197250870133,"PCD_C1"
"TCGA-55-7283","Pyroptosis",27,0.227234660313966,"PCD_C1"
"TCGA-55-7284","Pyroptosis",27,0.39824001416371,"PCD_C1"
"TCGA-55-7570","Pyroptosis",27,-0.514679002309141,"PCD_C2"
"TCGA-55-7573","Pyroptosis",27,0.171860775534686,"PCD_C1"
"TCGA-55-7574","Pyroptosis",27,-0.183275463151198,"PCD_C1"
"TCGA-55-7576","Pyroptosis",27,-0.0965551551849163,"PCD_C1"
"TCGA-55-7724","Pyroptosis",27,-0.370759137675764,"PCD_C2"
"TCGA-55-7725","Pyroptosis",27,-0.256484880434397,"PCD_C1"
"TCGA-55-7726","Pyroptosis",27,0.140862496753184,"PCD_C2"
"TCGA-55-7727","Pyroptosis",27,-0.0391864087449299,"PCD_C1"
"TCGA-55-7728","Pyroptosis",27,-0.341846076391717,"PCD_C1"
"TCGA-55-7815","Pyroptosis",27,-0.50992093170954,"PCD_C1"
"TCGA-55-7816","Pyroptosis",27,0.0799684786000685,"PCD_C1"
"TCGA-55-7903","Pyroptosis",27,0.144021730301403,"PCD_C1"
"TCGA-55-7907","Pyroptosis",27,0.122873346491276,"PCD_C2"
"TCGA-55-7910","Pyroptosis",27,-0.963457692212855,"PCD_C2"
"TCGA-55-7911","Pyroptosis",27,0.37277320846001,"PCD_C1"
"TCGA-55-7913","Pyroptosis",27,-0.119447584514948,"PCD_C2"
"TCGA-55-7914","Pyroptosis",27,-0.184577153615737,"PCD_C1"
"TCGA-55-7994","Pyroptosis",27,0.524813679591823,"PCD_C1"
"TCGA-55-7995","Pyroptosis",27,0.281044978864811,"PCD_C2"
"TCGA-55-8085","Pyroptosis",27,-0.104536881558042,"PCD_C2"
"TCGA-55-8087","Pyroptosis",27,0.407079438616175,"PCD_C1"
"TCGA-55-8089","Pyroptosis",27,0.546054687509337,"PCD_C2"
"TCGA-55-8090","Pyroptosis",27,0.379264426011177,"PCD_C1"
"TCGA-55-8091","Pyroptosis",27,0.204711934675195,"PCD_C1"
"TCGA-55-8092","Pyroptosis",27,-0.170274659282251,"PCD_C2"
"TCGA-55-8094","Pyroptosis",27,-0.883262936784488,"PCD_C2"
"TCGA-55-8096","Pyroptosis",27,-0.115794689384012,"PCD_C1"
"TCGA-55-8097","Pyroptosis",27,-0.0138650178238047,"PCD_C1"
"TCGA-55-8203","Pyroptosis",27,-0.369500970721607,"PCD_C2"
"TCGA-55-8204","Pyroptosis",27,-0.000613961635705642,"PCD_C2"
"TCGA-55-8205","Pyroptosis",27,0.862843686313768,"PCD_C1"
"TCGA-55-8206","Pyroptosis",27,0.336646174419935,"PCD_C1"
"TCGA-55-8207","Pyroptosis",27,-0.18866875155204,"PCD_C1"
"TCGA-55-8208","Pyroptosis",27,-0.0280836983416206,"PCD_C2"
"TCGA-55-8299","Pyroptosis",27,0.501583976418349,"PCD_C1"
"TCGA-55-8301","Pyroptosis",27,-0.138065513361733,"PCD_C2"
"TCGA-55-8302","Pyroptosis",27,0.260546086575482,"PCD_C2"
"TCGA-55-8505","Pyroptosis",27,0.254226348329731,"PCD_C2"
"TCGA-55-8506","Pyroptosis",27,0.106046896065766,"PCD_C1"
"TCGA-55-8507","Pyroptosis",27,0.107476286572736,"PCD_C2"
"TCGA-55-8508","Pyroptosis",27,-0.95769203737614,"PCD_C2"
"TCGA-55-8510","Pyroptosis",27,-0.0762193840165399,"PCD_C2"
"TCGA-55-8511","Pyroptosis",27,0.0119804569400798,"PCD_C1"
"TCGA-55-8512","Pyroptosis",27,-0.0227098771354488,"PCD_C2"
"TCGA-55-8513","Pyroptosis",27,0.169320261650131,"PCD_C1"
"TCGA-55-8514","Pyroptosis",27,-0.507744112869753,"PCD_C2"
"TCGA-55-8614","Pyroptosis",27,0.304296577190031,"PCD_C2"
"TCGA-55-8615","Pyroptosis",27,-0.657252912368659,"PCD_C2"
"TCGA-55-8616","Pyroptosis",27,-0.340938063653241,"PCD_C1"
"TCGA-55-8619","Pyroptosis",27,-0.273304487651249,"PCD_C1"
"TCGA-55-8620","Pyroptosis",27,-0.183313864932607,"PCD_C2"
"TCGA-55-8621","Pyroptosis",27,0.00463939444932364,"PCD_C1"
"TCGA-55-A48X","Pyroptosis",27,0.232604828265403,"PCD_C2"
"TCGA-55-A48Y","Pyroptosis",27,-0.876490280627987,"PCD_C2"
"TCGA-55-A48Z","Pyroptosis",27,-0.00425022408663253,"PCD_C2"
"TCGA-55-A490","Pyroptosis",27,-0.927205571508939,"PCD_C1"
"TCGA-55-A491","Pyroptosis",27,-0.20417446161658,"PCD_C2"
"TCGA-55-A492","Pyroptosis",27,-0.649438061870151,"PCD_C2"
"TCGA-55-A493","Pyroptosis",27,0.736484287597636,"PCD_C1"
"TCGA-55-A494","Pyroptosis",27,0.0387231812861355,"PCD_C2"
"TCGA-55-A4DF","Pyroptosis",27,0.338836668817507,"PCD_C2"
"TCGA-55-A4DG","Pyroptosis",27,-0.425412780622908,"PCD_C1"
"TCGA-55-A57B","Pyroptosis",27,0.395101705125249,"PCD_C1"
"TCGA-62-8394","Pyroptosis",27,0.143314098528323,"PCD_C2"
"TCGA-62-8395","Pyroptosis",27,-0.0368828769097384,"PCD_C2"
"TCGA-62-8397","Pyroptosis",27,-1.3110174843951,"PCD_C1"
"TCGA-62-8398","Pyroptosis",27,0.507460818686584,"PCD_C2"
"TCGA-62-8399","Pyroptosis",27,-0.301299875072694,"PCD_C1"
"TCGA-62-8402","Pyroptosis",27,1.09170871779348,"PCD_C2"
"TCGA-62-A46O","Pyroptosis",27,-0.395214726799838,"PCD_C2"
"TCGA-62-A46P","Pyroptosis",27,-0.434521945935188,"PCD_C1"
"TCGA-62-A46R","Pyroptosis",27,-0.191747982001107,"PCD_C1"
"TCGA-62-A46S","Pyroptosis",27,-0.358552326872237,"PCD_C1"
"TCGA-62-A46U","Pyroptosis",27,0.581697584730097,"PCD_C1"
"TCGA-62-A46V","Pyroptosis",27,-0.136961697180156,"PCD_C1"
"TCGA-62-A46Y","Pyroptosis",27,0.403218522616373,"PCD_C1"
"TCGA-62-A470","Pyroptosis",27,-0.647067864437492,"PCD_C2"
"TCGA-62-A471","Pyroptosis",27,0.235346831025451,"PCD_C2"
"TCGA-62-A472","Pyroptosis",27,0.245693032305192,"PCD_C1"
"TCGA-64-1676","Pyroptosis",27,0.00657161287899772,"PCD_C1"
"TCGA-64-1677","Pyroptosis",27,-0.123264175854271,"PCD_C2"
"TCGA-64-1678","Pyroptosis",27,-0.926855862021424,"PCD_C2"
"TCGA-64-1679","Pyroptosis",27,0.153893176121564,"PCD_C1"
"TCGA-64-1680","Pyroptosis",27,0.288740788548421,"PCD_C1"
"TCGA-64-1681","Pyroptosis",27,-0.00951112699158029,"PCD_C1"
"TCGA-64-5774","Pyroptosis",27,-0.133577652763368,"PCD_C2"
"TCGA-64-5775","Pyroptosis",27,-0.202826480936032,"PCD_C1"
"TCGA-64-5778","Pyroptosis",27,0.37592422846806,"PCD_C2"
"TCGA-64-5779","Pyroptosis",27,-1.14861628397994,"PCD_C2"
"TCGA-64-5781","Pyroptosis",27,0.584111953443916,"PCD_C2"
"TCGA-64-5815","Pyroptosis",27,0.179211877481392,"PCD_C1"
"TCGA-67-3770","Pyroptosis",27,-0.0149969670220492,"PCD_C1"
"TCGA-67-3771","Pyroptosis",27,-0.229148581175796,"PCD_C2"
"TCGA-67-3772","Pyroptosis",27,-0.0305195098138688,"PCD_C1"
"TCGA-67-3773","Pyroptosis",27,0.204333771933424,"PCD_C1"
"TCGA-67-3774","Pyroptosis",27,-0.0632454996508033,"PCD_C2"
"TCGA-67-4679","Pyroptosis",27,-0.234300857206046,"PCD_C1"
"TCGA-67-6215","Pyroptosis",27,0.188997054670447,"PCD_C1"
"TCGA-67-6216","Pyroptosis",27,0.338524522858141,"PCD_C1"
"TCGA-67-6217","Pyroptosis",27,-0.0676840327105266,"PCD_C1"
"TCGA-69-7760","Pyroptosis",27,-0.874000218972409,"PCD_C2"
"TCGA-69-7761","Pyroptosis",27,0.187805220365622,"PCD_C2"
"TCGA-69-7763","Pyroptosis",27,-0.453204719910664,"PCD_C1"
"TCGA-69-7764","Pyroptosis",27,-0.530582693618984,"PCD_C1"
"TCGA-69-7765","Pyroptosis",27,-0.527320805413063,"PCD_C1"
"TCGA-69-7973","Pyroptosis",27,0.0724279673941331,"PCD_C2"
"TCGA-69-7974","Pyroptosis",27,0.485567211713479,"PCD_C1"
"TCGA-69-7978","Pyroptosis",27,0.224816545802201,"PCD_C1"
"TCGA-69-7979","Pyroptosis",27,-0.0694022267433796,"PCD_C2"
"TCGA-69-7980","Pyroptosis",27,0.457172928755355,"PCD_C1"
"TCGA-69-8253","Pyroptosis",27,-0.205067695463325,"PCD_C2"
"TCGA-69-8254","Pyroptosis",27,-0.06790842089626,"PCD_C1"
"TCGA-69-8255","Pyroptosis",27,-0.414594259592411,"PCD_C2"
"TCGA-69-8453","Pyroptosis",27,0.3026362609855,"PCD_C1"
"TCGA-69-A59K","Pyroptosis",27,-0.372680577672679,"PCD_C2"
"TCGA-71-6725","Pyroptosis",27,-0.378980321033612,"PCD_C2"
"TCGA-71-8520","Pyroptosis",27,0.459650225656744,"PCD_C1"
"TCGA-73-4658","Pyroptosis",27,0.248369864519155,"PCD_C1"
"TCGA-73-4659","Pyroptosis",27,-0.279418104674805,"PCD_C2"
"TCGA-73-4662","Pyroptosis",27,0.149288399180003,"PCD_C1"
"TCGA-73-4666","Pyroptosis",27,0.783044149008613,"PCD_C2"
"TCGA-73-4668","Pyroptosis",27,-0.394904290730159,"PCD_C2"
"TCGA-73-4670","Pyroptosis",27,0.0368834916197151,"PCD_C2"
"TCGA-73-4675","Pyroptosis",27,-0.0579677172716707,"PCD_C2"
"TCGA-73-4676","Pyroptosis",27,0.259943625922971,"PCD_C2"
"TCGA-73-4677","Pyroptosis",27,-0.208202579362721,"PCD_C2"
"TCGA-73-7498","Pyroptosis",27,-0.220778389235535,"PCD_C2"
"TCGA-73-7499","Pyroptosis",27,0.30544668380675,"PCD_C2"
"TCGA-73-A9RS","Pyroptosis",27,-0.437335836585646,"PCD_C2"
"TCGA-75-5122","Pyroptosis",27,0.812491447913072,"PCD_C1"
"TCGA-75-5125","Pyroptosis",27,0.735662645664029,"PCD_C1"
"TCGA-75-5126","Pyroptosis",27,0.630496013661876,"PCD_C1"
"TCGA-75-5146","Pyroptosis",27,0.158860081747072,"PCD_C1"
"TCGA-75-5147","Pyroptosis",27,0.446137924992966,"PCD_C2"
"TCGA-75-6203","Pyroptosis",27,-0.178674952898522,"PCD_C1"
"TCGA-75-6205","Pyroptosis",27,0.526049347439083,"PCD_C1"
"TCGA-75-6206","Pyroptosis",27,-0.210177719818462,"PCD_C2"
"TCGA-75-6207","Pyroptosis",27,0.037358093332934,"PCD_C1"
"TCGA-75-6211","Pyroptosis",27,-0.833870339925063,"PCD_C2"
"TCGA-75-6212","Pyroptosis",27,-0.23159661735522,"PCD_C1"
"TCGA-75-6214","Pyroptosis",27,0.361528538631306,"PCD_C2"
"TCGA-75-7025","Pyroptosis",27,0.00615303102262407,"PCD_C1"
"TCGA-75-7027","Pyroptosis",27,0.0627417760356816,"PCD_C2"
"TCGA-75-7030","Pyroptosis",27,-0.106480943537239,"PCD_C1"
"TCGA-75-7031","Pyroptosis",27,-0.251602346761794,"PCD_C2"
"TCGA-78-7143","Pyroptosis",27,0.745414544837514,"PCD_C2"
"TCGA-78-7145","Pyroptosis",27,0.508134520928083,"PCD_C1"
"TCGA-78-7146","Pyroptosis",27,0.431939860789257,"PCD_C2"
"TCGA-78-7147","Pyroptosis",27,0.158289634470045,"PCD_C2"
"TCGA-78-7148","Pyroptosis",27,-0.10291985688116,"PCD_C2"
"TCGA-78-7149","Pyroptosis",27,-0.649097611550451,"PCD_C2"
"TCGA-78-7150","Pyroptosis",27,0.250454347010939,"PCD_C2"
"TCGA-78-7152","Pyroptosis",27,0.0318827549567503,"PCD_C2"
"TCGA-78-7153","Pyroptosis",27,-0.595685950362029,"PCD_C2"
"TCGA-78-7154","Pyroptosis",27,0.0624698050189214,"PCD_C2"
"TCGA-78-7155","Pyroptosis",27,-0.727139015937648,"PCD_C1"
"TCGA-78-7156","Pyroptosis",27,-0.490486335161546,"PCD_C2"
"TCGA-78-7158","Pyroptosis",27,0.151612353261249,"PCD_C1"
"TCGA-78-7159","Pyroptosis",27,-0.312581903745038,"PCD_C2"
"TCGA-78-7160","Pyroptosis",27,0.231315692954337,"PCD_C2"
"TCGA-78-7161","Pyroptosis",27,-0.717679305143112,"PCD_C1"
"TCGA-78-7162","Pyroptosis",27,-0.297400352017876,"PCD_C2"
"TCGA-78-7163","Pyroptosis",27,0.230110461007877,"PCD_C2"
"TCGA-78-7166","Pyroptosis",27,-0.943863758837471,"PCD_C2"
"TCGA-78-7167","Pyroptosis",27,-0.292659505469963,"PCD_C2"
"TCGA-78-7220","Pyroptosis",27,0.393996971230824,"PCD_C2"
"TCGA-78-7535","Pyroptosis",27,-0.518646262521347,"PCD_C2"
"TCGA-78-7536","Pyroptosis",27,0.173147969566627,"PCD_C2"
"TCGA-78-7537","Pyroptosis",27,-0.655961332577509,"PCD_C1"
"TCGA-78-7539","Pyroptosis",27,0.594498042858714,"PCD_C1"
"TCGA-78-7540","Pyroptosis",27,0.0531873411266726,"PCD_C2"
"TCGA-78-7542","Pyroptosis",27,0.500713773255947,"PCD_C2"
"TCGA-78-7633","Pyroptosis",27,-0.509649130105303,"PCD_C2"
"TCGA-78-8640","Pyroptosis",27,-0.271442380884493,"PCD_C2"
"TCGA-78-8648","Pyroptosis",27,-0.640942562687318,"PCD_C1"
"TCGA-78-8655","Pyroptosis",27,0.712082303033622,"PCD_C1"
"TCGA-78-8660","Pyroptosis",27,0.219791713794496,"PCD_C2"
"TCGA-78-8662","Pyroptosis",27,-0.0878703679913573,"PCD_C2"
"TCGA-80-5607","Pyroptosis",27,0.467594412422657,"PCD_C1"
"TCGA-80-5608","Pyroptosis",27,-0.287096653172586,"PCD_C2"
"TCGA-80-5611","Pyroptosis",27,0.599366037851982,"PCD_C2"
"TCGA-83-5908","Pyroptosis",27,1.0598680037743,"PCD_C1"
"TCGA-86-6562","Pyroptosis",27,0.350781230616757,"PCD_C1"
"TCGA-86-6851","Pyroptosis",27,-0.16583816017478,"PCD_C1"
"TCGA-86-7701","Pyroptosis",27,-0.546577902320243,"PCD_C2"
"TCGA-86-7711","Pyroptosis",27,-0.0975785978350052,"PCD_C2"
"TCGA-86-7713","Pyroptosis",27,-0.341116969684938,"PCD_C2"
"TCGA-86-7714","Pyroptosis",27,0.229767438729177,"PCD_C1"
"TCGA-86-7953","Pyroptosis",27,0.685537906566902,"PCD_C1"
"TCGA-86-7954","Pyroptosis",27,0.634794955639087,"PCD_C1"
"TCGA-86-7955","Pyroptosis",27,-0.166206597484863,"PCD_C2"
"TCGA-86-8054","Pyroptosis",27,0.0946413317388003,"PCD_C2"
"TCGA-86-8055","Pyroptosis",27,0.373673453448837,"PCD_C1"
"TCGA-86-8056","Pyroptosis",27,0.645052777562878,"PCD_C1"
"TCGA-86-8073","Pyroptosis",27,0.213251215793457,"PCD_C2"
"TCGA-86-8074","Pyroptosis",27,0.727814338944402,"PCD_C1"
"TCGA-86-8075","Pyroptosis",27,0.429533258346837,"PCD_C1"
"TCGA-86-8076","Pyroptosis",27,-0.265237009505392,"PCD_C1"
"TCGA-86-8278","Pyroptosis",27,0.457284338804032,"PCD_C1"
"TCGA-86-8279","Pyroptosis",27,0.252430361542697,"PCD_C2"
"TCGA-86-8280","Pyroptosis",27,0.106538253261498,"PCD_C1"
"TCGA-86-8281","Pyroptosis",27,-0.0678851919395591,"PCD_C2"
"TCGA-86-8358","Pyroptosis",27,0.131871519684473,"PCD_C2"
"TCGA-86-8359","Pyroptosis",27,0.0796515892173439,"PCD_C2"
"TCGA-86-8585","Pyroptosis",27,-0.268871789839714,"PCD_C2"
"TCGA-86-8668","Pyroptosis",27,-0.0310278178202531,"PCD_C1"
"TCGA-86-8669","Pyroptosis",27,-0.241352172350565,"PCD_C2"
"TCGA-86-8671","Pyroptosis",27,0.300727129715315,"PCD_C1"
"TCGA-86-8672","Pyroptosis",27,0.156320321867342,"PCD_C2"
"TCGA-86-8673","Pyroptosis",27,-0.129594016978351,"PCD_C2"
"TCGA-86-8674","Pyroptosis",27,-0.243720129119091,"PCD_C2"
"TCGA-86-A456","Pyroptosis",27,0.131001501026289,"PCD_C1"
"TCGA-86-A4D0","Pyroptosis",27,-0.29635168575073,"PCD_C2"
"TCGA-86-A4JF","Pyroptosis",27,0.0225444293248345,"PCD_C1"
"TCGA-86-A4P7","Pyroptosis",27,-0.159440553976833,"PCD_C1"
"TCGA-86-A4P8","Pyroptosis",27,0.247427996014215,"PCD_C1"
"TCGA-91-6828","Pyroptosis",27,0.282836904330422,"PCD_C1"
"TCGA-91-6829","Pyroptosis",27,0.116372709603663,"PCD_C1"
"TCGA-91-6830","Pyroptosis",27,0.553247453231229,"PCD_C2"
"TCGA-91-6831","Pyroptosis",27,-0.225169819823785,"PCD_C2"
"TCGA-91-6835","Pyroptosis",27,0.593388558479743,"PCD_C1"
"TCGA-91-6836","Pyroptosis",27,0.0373727465080251,"PCD_C1"
"TCGA-91-6840","Pyroptosis",27,0.224888821506574,"PCD_C1"
"TCGA-91-6847","Pyroptosis",27,0.286139485407531,"PCD_C2"
"TCGA-91-6848","Pyroptosis",27,0.684148282707187,"PCD_C1"
"TCGA-91-6849","Pyroptosis",27,-0.509168937343519,"PCD_C2"
"TCGA-91-7771","Pyroptosis",27,0.158140837416709,"PCD_C1"
"TCGA-91-8496","Pyroptosis",27,0.0920352700912448,"PCD_C1"
"TCGA-91-8497","Pyroptosis",27,-0.357313546139698,"PCD_C1"
"TCGA-91-8499","Pyroptosis",27,0.342532159878213,"PCD_C1"
"TCGA-91-A4BC","Pyroptosis",27,-0.817919892729762,"PCD_C2"
"TCGA-91-A4BD","Pyroptosis",27,-0.386117160143267,"PCD_C1"
"TCGA-93-7347","Pyroptosis",27,0.31550400630549,"PCD_C1"
"TCGA-93-7348","Pyroptosis",27,-0.0703035293701639,"PCD_C1"
"TCGA-93-8067","Pyroptosis",27,-0.0547532369200081,"PCD_C2"
"TCGA-93-A4JN","Pyroptosis",27,0.196529593534396,"PCD_C1"
"TCGA-93-A4JO","Pyroptosis",27,0.199403716652607,"PCD_C2"
"TCGA-93-A4JP","Pyroptosis",27,0.0954840313249235,"PCD_C1"
"TCGA-93-A4JQ","Pyroptosis",27,0.48215950132263,"PCD_C2"
"TCGA-95-7039","Pyroptosis",27,-0.00242991566974131,"PCD_C2"
"TCGA-95-7043","Pyroptosis",27,-0.648520325559653,"PCD_C2"
"TCGA-95-7562","Pyroptosis",27,0.472283440515815,"PCD_C2"
"TCGA-95-7567","Pyroptosis",27,-0.295581824252645,"PCD_C1"
"TCGA-95-7944","Pyroptosis",27,0.144203220255758,"PCD_C1"
"TCGA-95-7947","Pyroptosis",27,0.377861471094342,"PCD_C1"
"TCGA-95-7948","Pyroptosis",27,0.0304189250849034,"PCD_C2"
"TCGA-95-8039","Pyroptosis",27,0.402523193659706,"PCD_C1"
"TCGA-95-8494","Pyroptosis",27,0.400504066923409,"PCD_C1"
"TCGA-95-A4VK","Pyroptosis",27,-0.0573314848439094,"PCD_C1"
"TCGA-95-A4VN","Pyroptosis",27,0.447362025819581,"PCD_C1"
"TCGA-95-A4VP","Pyroptosis",27,-0.493399902919747,"PCD_C1"
"TCGA-97-7546","Pyroptosis",27,-0.00240738989637633,"PCD_C1"
"TCGA-97-7547","Pyroptosis",27,-0.0361613788492086,"PCD_C1"
"TCGA-97-7552","Pyroptosis",27,0.265078972568082,"PCD_C1"
"TCGA-97-7553","Pyroptosis",27,0.517701080620992,"PCD_C1"
"TCGA-97-7554","Pyroptosis",27,-0.394195463557439,"PCD_C1"
"TCGA-97-7937","Pyroptosis",27,-0.317630258618913,"PCD_C2"
"TCGA-97-7938","Pyroptosis",27,0.0994191226003831,"PCD_C1"
"TCGA-97-7941","Pyroptosis",27,0.112154499786997,"PCD_C1"
"TCGA-97-8171","Pyroptosis",27,-0.441449487615867,"PCD_C1"
"TCGA-97-8172","Pyroptosis",27,0.182184729776256,"PCD_C1"
"TCGA-97-8174","Pyroptosis",27,-0.314830631246705,"PCD_C1"
"TCGA-97-8175","Pyroptosis",27,0.668359868031372,"PCD_C1"
"TCGA-97-8176","Pyroptosis",27,0.0798881947721873,"PCD_C2"
"TCGA-97-8177","Pyroptosis",27,0.38200039733355,"PCD_C1"
"TCGA-97-8179","Pyroptosis",27,-0.0670175834401196,"PCD_C2"
"TCGA-97-8547","Pyroptosis",27,-0.00207298503288462,"PCD_C1"
"TCGA-97-8552","Pyroptosis",27,-0.110016879901324,"PCD_C1"
"TCGA-97-A4LX","Pyroptosis",27,0.376591902398141,"PCD_C1"
"TCGA-97-A4M0","Pyroptosis",27,0.393734546275455,"PCD_C1"
"TCGA-97-A4M1","Pyroptosis",27,0.218200861833745,"PCD_C1"
"TCGA-97-A4M2","Pyroptosis",27,0.00747546101868755,"PCD_C1"
"TCGA-97-A4M3","Pyroptosis",27,-0.428714543367401,"PCD_C2"
"TCGA-97-A4M5","Pyroptosis",27,0.159231217796019,"PCD_C1"
"TCGA-97-A4M6","Pyroptosis",27,0.60095100835184,"PCD_C1"
"TCGA-97-A4M7","Pyroptosis",27,0.0113508091741376,"PCD_C1"
"TCGA-99-7458","Pyroptosis",27,0.085019568183785,"PCD_C1"
"TCGA-99-8025","Pyroptosis",27,-0.354692760935356,"PCD_C2"
"TCGA-99-8028","Pyroptosis",27,-0.24780915190257,"PCD_C1"
"TCGA-99-8032","Pyroptosis",27,-0.826384878376742,"PCD_C2"
"TCGA-99-8033","Pyroptosis",27,0.231522912110604,"PCD_C2"
"TCGA-99-AA5R","Pyroptosis",27,-0.265767032685035,"PCD_C1"
"TCGA-J2-8192","Pyroptosis",27,0.616089516548411,"PCD_C1"
"TCGA-J2-8194","Pyroptosis",27,0.183073518479696,"PCD_C2"
"TCGA-J2-A4AD","Pyroptosis",27,-0.390574475513912,"PCD_C2"
"TCGA-J2-A4AE","Pyroptosis",27,-0.544554902707356,"PCD_C2"
"TCGA-J2-A4AG","Pyroptosis",27,0.484386521679959,"PCD_C1"
"TCGA-L4-A4E5","Pyroptosis",27,-0.556829181498165,"PCD_C2"
"TCGA-L4-A4E6","Pyroptosis",27,-0.140357236653033,"PCD_C1"
"TCGA-L9-A443","Pyroptosis",27,0.0919269891282534,"PCD_C1"
"TCGA-L9-A444","Pyroptosis",27,-0.278975540932272,"PCD_C1"
"TCGA-L9-A50W","Pyroptosis",27,-0.0566181546422891,"PCD_C1"
"TCGA-L9-A5IP","Pyroptosis",27,0.195891955577772,"PCD_C2"
"TCGA-L9-A743","Pyroptosis",27,-0.0381705670969888,"PCD_C1"
"TCGA-L9-A7SV","Pyroptosis",27,-0.498667667370483,"PCD_C1"
"TCGA-L9-A8F4","Pyroptosis",27,-0.337886149120692,"PCD_C2"
"TCGA-MN-A4N1","Pyroptosis",27,-0.167461768820648,"PCD_C2"
"TCGA-MN-A4N4","Pyroptosis",27,-0.115770305236701,"PCD_C2"
"TCGA-MN-A4N5","Pyroptosis",27,0.203091172942832,"PCD_C1"
"TCGA-MP-A4SV","Pyroptosis",27,0.199183546498171,"PCD_C1"
"TCGA-MP-A4SW","Pyroptosis",27,0.0278348084822984,"PCD_C1"
"TCGA-MP-A4SY","Pyroptosis",27,0.39436489348812,"PCD_C1"
"TCGA-MP-A4T4","Pyroptosis",27,-0.110954421617251,"PCD_C1"
"TCGA-MP-A4T6","Pyroptosis",27,0.198284861012253,"PCD_C1"
"TCGA-MP-A4T7","Pyroptosis",27,-0.060320321217853,"PCD_C2"
"TCGA-MP-A4T8","Pyroptosis",27,-0.509373466855504,"PCD_C2"
"TCGA-MP-A4T9","Pyroptosis",27,0.431421370920139,"PCD_C1"
"TCGA-MP-A4TA","Pyroptosis",27,0.260209693068218,"PCD_C2"
"TCGA-MP-A4TC","Pyroptosis",27,0.635168094421563,"PCD_C1"
"TCGA-MP-A4TD","Pyroptosis",27,-0.79943102918799,"PCD_C2"
"TCGA-MP-A4TE","Pyroptosis",27,-0.77550900531012,"PCD_C2"
"TCGA-MP-A4TF","Pyroptosis",27,0.422385324940577,"PCD_C2"
"TCGA-MP-A4TH","Pyroptosis",27,-0.0912581715040515,"PCD_C1"
"TCGA-MP-A4TI","Pyroptosis",27,0.756182190491759,"PCD_C1"
"TCGA-MP-A4TJ","Pyroptosis",27,0.228466423194416,"PCD_C1"
"TCGA-MP-A4TK","Pyroptosis",27,-0.149097915078828,"PCD_C1"
"TCGA-MP-A5C7","Pyroptosis",27,-0.380060371488542,"PCD_C2"
"TCGA-NJ-A4YF","Pyroptosis",27,-1.39829926399724,"PCD_C2"
"TCGA-NJ-A4YG","Pyroptosis",27,0.187632804951243,"PCD_C1"
"TCGA-NJ-A4YI","Pyroptosis",27,0.641931686900904,"PCD_C1"
"TCGA-NJ-A4YP","Pyroptosis",27,0.219264589530767,"PCD_C1"
"TCGA-NJ-A4YQ","Pyroptosis",27,-0.521661925018172,"PCD_C2"
"TCGA-NJ-A55A","Pyroptosis",27,0.232317839525444,"PCD_C1"
"TCGA-NJ-A55O","Pyroptosis",27,-0.165191735386638,"PCD_C1"
"TCGA-NJ-A55R","Pyroptosis",27,-1.01616609618698,"PCD_C2"
"TCGA-NJ-A7XG","Pyroptosis",27,-0.103780566698287,"PCD_C1"
"TCGA-O1-A52J","Pyroptosis",27,-0.235811520013871,"PCD_C1"
"TCGA-S2-AA1A","Pyroptosis",27,-0.712310697408446,"PCD_C1"
