"patient_id","PCD_type","n_genes","score","PCD_cluster"
"TCGA-18-3406","Apoptosis",166,-1.16639105212667,"PCD_C1"
"TCGA-18-3407","Apoptosis",166,-0.255976230223162,"PCD_C2"
"TCGA-18-3408","Apoptosis",166,0.0322177191147107,"PCD_C2"
"TCGA-18-3409","Apoptosis",166,0.0862786672225082,"PCD_C1"
"TCGA-18-3410","Apoptosis",166,0.45617542588455,"PCD_C1"
"TCGA-18-3411","Apoptosis",166,-0.12203528768199,"PCD_C2"
"TCGA-18-3412","Apoptosis",166,-0.020914112472686,"PCD_C2"
"TCGA-18-3414","Apoptosis",166,0.324091687102066,"PCD_C1"
"TCGA-18-3415","Apoptosis",166,-0.0115933107883583,"PCD_C2"
"TCGA-18-3416","Apoptosis",166,0.117877651004273,"PCD_C2"
"TCGA-18-3417","Apoptosis",166,-0.441088829795122,"PCD_C1"
"TCGA-18-3419","Apoptosis",166,-0.185125439537428,"PCD_C1"
"TCGA-18-3421","Apoptosis",166,-0.355696878764698,"PCD_C2"
"TCGA-18-4083","Apoptosis",166,-0.0665442046969928,"PCD_C1"
"TCGA-18-4086","Apoptosis",166,-0.0054228002780978,"PCD_C2"
"TCGA-18-4721","Apoptosis",166,-0.0526419268066407,"PCD_C2"
"TCGA-18-5592","Apoptosis",166,-0.000258812035429057,"PCD_C2"
"TCGA-18-5595","Apoptosis",166,0.537086292148247,"PCD_C2"
"TCGA-21-1070","Apoptosis",166,-0.377578498423356,"PCD_C1"
"TCGA-21-1071","Apoptosis",166,-0.141868161790183,"PCD_C1"
"TCGA-21-1072","Apoptosis",166,0.424449045400597,"PCD_C2"
"TCGA-21-1075","Apoptosis",166,0.182109065910786,"PCD_C2"
"TCGA-21-1076","Apoptosis",166,0.103332369247437,"PCD_C1"
"TCGA-21-1077","Apoptosis",166,-0.0988211546241419,"PCD_C2"
"TCGA-21-1078","Apoptosis",166,0.0346201754654495,"PCD_C2"
"TCGA-21-1079","Apoptosis",166,0.267295809990463,"PCD_C1"
"TCGA-21-1080","Apoptosis",166,0.0100032307019364,"PCD_C1"
"TCGA-21-1081","Apoptosis",166,-0.165189555838481,"PCD_C2"
"TCGA-21-1082","Apoptosis",166,-0.0722501347480231,"PCD_C1"
"TCGA-21-1083","Apoptosis",166,0.186053874580135,"PCD_C2"
"TCGA-21-5782","Apoptosis",166,-0.278568378772919,"PCD_C1"
"TCGA-21-5783","Apoptosis",166,0.570276603979069,"PCD_C1"
"TCGA-21-5784","Apoptosis",166,-0.477061332342661,"PCD_C1"
"TCGA-21-5786","Apoptosis",166,-0.155248916049973,"PCD_C1"
"TCGA-21-5787","Apoptosis",166,-0.203242889697759,"PCD_C1"
"TCGA-21-A5DI","Apoptosis",166,0.169186566380186,"PCD_C1"
"TCGA-22-0940","Apoptosis",166,0.0171999083163894,"PCD_C1"
"TCGA-22-0944","Apoptosis",166,0.00120000753656602,"PCD_C2"
"TCGA-22-1000","Apoptosis",166,-0.441203411843401,"PCD_C1"
"TCGA-22-1002","Apoptosis",166,0.498627997931832,"PCD_C1"
"TCGA-22-1005","Apoptosis",166,-2.07153647451979,"PCD_C1"
"TCGA-22-1011","Apoptosis",166,-0.905282555738466,"PCD_C1"
"TCGA-22-1012","Apoptosis",166,0.0429773950693283,"PCD_C2"
"TCGA-22-1016","Apoptosis",166,-0.063532299958416,"PCD_C1"
"TCGA-22-1017","Apoptosis",166,0.133621982379722,"PCD_C1"
"TCGA-22-4591","Apoptosis",166,0.291822829714382,"PCD_C2"
"TCGA-22-4593","Apoptosis",166,0.185508614308192,"PCD_C1"
"TCGA-22-4594","Apoptosis",166,-0.883355287311582,"PCD_C2"
"TCGA-22-4595","Apoptosis",166,0.1168630798671,"PCD_C1"
"TCGA-22-4596","Apoptosis",166,-0.349576474943118,"PCD_C1"
"TCGA-22-4599","Apoptosis",166,-0.372799381442416,"PCD_C2"
"TCGA-22-4601","Apoptosis",166,0.203154496285026,"PCD_C2"
"TCGA-22-4604","Apoptosis",166,-0.0998290746517983,"PCD_C1"
"TCGA-22-4605","Apoptosis",166,-0.0412325544408571,"PCD_C2"
"TCGA-22-4607","Apoptosis",166,-0.225630344736984,"PCD_C1"
"TCGA-22-4609","Apoptosis",166,-0.147838043845874,"PCD_C1"
"TCGA-22-4613","Apoptosis",166,-0.0940418624851821,"PCD_C1"
"TCGA-22-5471","Apoptosis",166,0.188160230884405,"PCD_C1"
"TCGA-22-5472","Apoptosis",166,0.400501518684105,"PCD_C1"
"TCGA-22-5473","Apoptosis",166,0.137193592537019,"PCD_C2"
"TCGA-22-5474","Apoptosis",166,-0.0741284821537811,"PCD_C2"
"TCGA-22-5477","Apoptosis",166,0.328688572827525,"PCD_C2"
"TCGA-22-5478","Apoptosis",166,0.293600542218371,"PCD_C1"
"TCGA-22-5479","Apoptosis",166,-0.158148287516038,"PCD_C2"
"TCGA-22-5480","Apoptosis",166,0.257909176177452,"PCD_C1"
"TCGA-22-5481","Apoptosis",166,0.0031322505251977,"PCD_C1"
"TCGA-22-5482","Apoptosis",166,0.0688223225374851,"PCD_C2"
"TCGA-22-5483","Apoptosis",166,0.418606775784245,"PCD_C2"
"TCGA-22-5485","Apoptosis",166,0.434400516197548,"PCD_C2"
"TCGA-22-5489","Apoptosis",166,-0.417773076280362,"PCD_C1"
"TCGA-22-5491","Apoptosis",166,0.20633927195761,"PCD_C2"
"TCGA-22-5492","Apoptosis",166,0.0508376108454467,"PCD_C1"
"TCGA-22-A5C4","Apoptosis",166,0.170616066646391,"PCD_C1"
"TCGA-33-4532","Apoptosis",166,0.0814749684167484,"PCD_C2"
"TCGA-33-4533","Apoptosis",166,0.340014785196976,"PCD_C1"
"TCGA-33-4538","Apoptosis",166,0.330767249728173,"PCD_C2"
"TCGA-33-4547","Apoptosis",166,-0.0867065957843676,"PCD_C2"
"TCGA-33-4566","Apoptosis",166,-0.186338190637827,"PCD_C2"
"TCGA-33-4582","Apoptosis",166,-0.24208875427184,"PCD_C1"
"TCGA-33-4583","Apoptosis",166,-0.00472606491997304,"PCD_C2"
"TCGA-33-4586","Apoptosis",166,0.286751738879131,"PCD_C2"
"TCGA-33-4587","Apoptosis",166,0.544888001858307,"PCD_C1"
"TCGA-33-4589","Apoptosis",166,-0.814088855522552,"PCD_C2"
"TCGA-33-6737","Apoptosis",166,-0.414902497393978,"PCD_C2"
"TCGA-33-6738","Apoptosis",166,-0.316342856511047,"PCD_C2"
"TCGA-33-A4WN","Apoptosis",166,0.0452098422450522,"PCD_C2"
"TCGA-33-A5GW","Apoptosis",166,-0.488698967724904,"PCD_C2"
"TCGA-33-AAS8","Apoptosis",166,0.270693279070556,"PCD_C2"
"TCGA-33-AASB","Apoptosis",166,-0.140503656242753,"PCD_C2"
"TCGA-33-AASD","Apoptosis",166,0.203916628332329,"PCD_C2"
"TCGA-33-AASI","Apoptosis",166,-0.512498804767854,"PCD_C1"
"TCGA-33-AASJ","Apoptosis",166,0.263704157157235,"PCD_C2"
"TCGA-33-AASL","Apoptosis",166,-0.653105490928145,"PCD_C2"
"TCGA-34-2596","Apoptosis",166,0.283345788045371,"PCD_C2"
"TCGA-34-2600","Apoptosis",166,0.0685175552665079,"PCD_C1"
"TCGA-34-2608","Apoptosis",166,-0.376604433909085,"PCD_C2"
"TCGA-34-5231","Apoptosis",166,0.0707621546028794,"PCD_C1"
"TCGA-34-5232","Apoptosis",166,-0.116375438731518,"PCD_C1"
"TCGA-34-5234","Apoptosis",166,-0.754981266382044,"PCD_C1"
"TCGA-34-5236","Apoptosis",166,0.00402105921394967,"PCD_C2"
"TCGA-34-5239","Apoptosis",166,0.188685733002018,"PCD_C1"
"TCGA-34-5240","Apoptosis",166,0.155577917015367,"PCD_C2"
"TCGA-34-5241","Apoptosis",166,0.241860029146494,"PCD_C1"
"TCGA-34-5927","Apoptosis",166,0.465639485641513,"PCD_C1"
"TCGA-34-5928","Apoptosis",166,0.254764133177509,"PCD_C1"
"TCGA-34-5929","Apoptosis",166,0.646994763105872,"PCD_C1"
"TCGA-34-7107","Apoptosis",166,0.0415524425465928,"PCD_C2"
"TCGA-34-8454","Apoptosis",166,0.148056887127863,"PCD_C1"
"TCGA-34-8455","Apoptosis",166,0.0755094576631819,"PCD_C1"
"TCGA-34-8456","Apoptosis",166,0.267454439422489,"PCD_C2"
"TCGA-34-A5IX","Apoptosis",166,-0.502324965367719,"PCD_C1"
"TCGA-37-3783","Apoptosis",166,-0.412800920827548,"PCD_C1"
"TCGA-37-3789","Apoptosis",166,0.241146977457521,"PCD_C1"
"TCGA-37-3792","Apoptosis",166,0.379183538773854,"PCD_C1"
"TCGA-37-4129","Apoptosis",166,-0.320078790475232,"PCD_C1"
"TCGA-37-4130","Apoptosis",166,-1.0890795352789,"PCD_C1"
"TCGA-37-4132","Apoptosis",166,-0.566989973633886,"PCD_C2"
"TCGA-37-4133","Apoptosis",166,-0.293682061206787,"PCD_C2"
"TCGA-37-4135","Apoptosis",166,-0.43928310286744,"PCD_C1"
"TCGA-37-4141","Apoptosis",166,0.0751837615762846,"PCD_C1"
"TCGA-37-5819","Apoptosis",166,-0.469524440940495,"PCD_C1"
"TCGA-37-A5EL","Apoptosis",166,0.296736003359173,"PCD_C2"
"TCGA-37-A5EM","Apoptosis",166,0.371639765165575,"PCD_C1"
"TCGA-37-A5EN","Apoptosis",166,0.0579571894264137,"PCD_C2"
"TCGA-39-5011","Apoptosis",166,0.0176371172316991,"PCD_C1"
"TCGA-39-5016","Apoptosis",166,0.367925808725101,"PCD_C2"
"TCGA-39-5019","Apoptosis",166,0.0836913415269185,"PCD_C1"
"TCGA-39-5021","Apoptosis",166,0.0980458466629047,"PCD_C2"
"TCGA-39-5022","Apoptosis",166,-0.730509780382285,"PCD_C2"
"TCGA-39-5024","Apoptosis",166,-0.266768843680595,"PCD_C1"
"TCGA-39-5027","Apoptosis",166,-0.351298668694716,"PCD_C2"
"TCGA-39-5028","Apoptosis",166,-0.541168942548543,"PCD_C1"
"TCGA-39-5029","Apoptosis",166,-0.0361950755912848,"PCD_C2"
"TCGA-39-5030","Apoptosis",166,-0.667292216052742,"PCD_C1"
"TCGA-39-5031","Apoptosis",166,-0.0961784904774258,"PCD_C1"
"TCGA-39-5034","Apoptosis",166,-0.329845432593203,"PCD_C2"
"TCGA-39-5035","Apoptosis",166,-0.408342695080003,"PCD_C1"
"TCGA-39-5036","Apoptosis",166,0.0547286588700377,"PCD_C2"
"TCGA-39-5037","Apoptosis",166,-0.130584991557155,"PCD_C2"
"TCGA-39-5039","Apoptosis",166,-0.235862290716913,"PCD_C1"
"TCGA-39-5040","Apoptosis",166,0.214843501590566,"PCD_C1"
"TCGA-43-2576","Apoptosis",166,-0.906451329537691,"PCD_C1"
"TCGA-43-2578","Apoptosis",166,-0.183069947563587,"PCD_C1"
"TCGA-43-2581","Apoptosis",166,-0.0940468358865908,"PCD_C1"
"TCGA-43-3394","Apoptosis",166,0.140928564489921,"PCD_C2"
"TCGA-43-3920","Apoptosis",166,-0.203245650010776,"PCD_C1"
"TCGA-43-5668","Apoptosis",166,-0.0320270591159525,"PCD_C1"
"TCGA-43-5670","Apoptosis",166,0.25681458904007,"PCD_C1"
"TCGA-43-6143","Apoptosis",166,0.738260801389559,"PCD_C1"
"TCGA-43-6647","Apoptosis",166,-0.344565796446805,"PCD_C1"
"TCGA-43-6770","Apoptosis",166,0.360239940090537,"PCD_C2"
"TCGA-43-6771","Apoptosis",166,-0.199689945638322,"PCD_C1"
"TCGA-43-6773","Apoptosis",166,-1.34422299699958,"PCD_C2"
"TCGA-43-7656","Apoptosis",166,0.204250808011128,"PCD_C1"
"TCGA-43-7657","Apoptosis",166,0.080362712664707,"PCD_C2"
"TCGA-43-7658","Apoptosis",166,0.787619429022291,"PCD_C1"
"TCGA-43-8115","Apoptosis",166,0.271519143264913,"PCD_C1"
"TCGA-43-8116","Apoptosis",166,0.125397649295292,"PCD_C1"
"TCGA-43-8118","Apoptosis",166,0.398969320402,"PCD_C1"
"TCGA-43-A474","Apoptosis",166,0.223114136702146,"PCD_C2"
"TCGA-43-A475","Apoptosis",166,0.171828416739352,"PCD_C2"
"TCGA-43-A56U","Apoptosis",166,-1.23463029266358,"PCD_C1"
"TCGA-43-A56V","Apoptosis",166,-0.117638823814651,"PCD_C1"
"TCGA-46-3765","Apoptosis",166,-0.128602616190017,"PCD_C2"
"TCGA-46-3766","Apoptosis",166,-0.738472133217523,"PCD_C1"
"TCGA-46-3767","Apoptosis",166,-0.138777236614885,"PCD_C1"
"TCGA-46-3768","Apoptosis",166,0.391046938220008,"PCD_C2"
"TCGA-46-3769","Apoptosis",166,0.193868786701049,"PCD_C2"
"TCGA-46-6025","Apoptosis",166,-0.187156467834707,"PCD_C2"
"TCGA-46-6026","Apoptosis",166,-0.00754151123355752,"PCD_C1"
"TCGA-51-4079","Apoptosis",166,-0.132344935007439,"PCD_C2"
"TCGA-51-4080","Apoptosis",166,0.332771767374841,"PCD_C2"
"TCGA-51-4081","Apoptosis",166,0.530386654434672,"PCD_C2"
"TCGA-51-6867","Apoptosis",166,0.474146324388593,"PCD_C2"
"TCGA-52-7622","Apoptosis",166,0.260007624796184,"PCD_C2"
"TCGA-52-7809","Apoptosis",166,0.651905205811564,"PCD_C1"
"TCGA-52-7810","Apoptosis",166,-0.144292552250311,"PCD_C1"
"TCGA-52-7811","Apoptosis",166,0.122036250511672,"PCD_C2"
"TCGA-52-7812","Apoptosis",166,0.436505010279641,"PCD_C1"
"TCGA-56-1622","Apoptosis",166,0.416215474345141,"PCD_C1"
"TCGA-56-5897","Apoptosis",166,-0.349976824064983,"PCD_C2"
"TCGA-56-5898","Apoptosis",166,0.00947512352870922,"PCD_C1"
"TCGA-56-6545","Apoptosis",166,0.110048057932773,"PCD_C1"
"TCGA-56-6546","Apoptosis",166,-0.267356170218425,"PCD_C1"
"TCGA-56-7221","Apoptosis",166,-0.0590874038420125,"PCD_C2"
"TCGA-56-7222","Apoptosis",166,0.224726641224684,"PCD_C1"
"TCGA-56-7223","Apoptosis",166,0.478238261623494,"PCD_C2"
"TCGA-56-7579","Apoptosis",166,-0.0597424827133035,"PCD_C2"
"TCGA-56-7580","Apoptosis",166,-0.0987012351957305,"PCD_C1"
"TCGA-56-7582","Apoptosis",166,0.0775197056341553,"PCD_C2"
"TCGA-56-7730","Apoptosis",166,0.447515871473896,"PCD_C2"
"TCGA-56-7731","Apoptosis",166,-0.354267880746836,"PCD_C1"
"TCGA-56-7822","Apoptosis",166,-0.111117698737787,"PCD_C1"
"TCGA-56-7823","Apoptosis",166,0.218442181795797,"PCD_C2"
"TCGA-56-8082","Apoptosis",166,0.443074485710919,"PCD_C1"
"TCGA-56-8083","Apoptosis",166,0.608369249266795,"PCD_C1"
"TCGA-56-8201","Apoptosis",166,0.333989828110458,"PCD_C1"
"TCGA-56-8304","Apoptosis",166,-0.396310897663096,"PCD_C1"
"TCGA-56-8305","Apoptosis",166,0.0309661162389279,"PCD_C2"
"TCGA-56-8307","Apoptosis",166,0.149989396611045,"PCD_C1"
"TCGA-56-8308","Apoptosis",166,-0.0866554349590257,"PCD_C2"
"TCGA-56-8309","Apoptosis",166,-0.00351977742384457,"PCD_C1"
"TCGA-56-8503","Apoptosis",166,-0.0714628767274418,"PCD_C1"
"TCGA-56-8504","Apoptosis",166,0.33512928390332,"PCD_C2"
"TCGA-56-8622","Apoptosis",166,-0.473801268573939,"PCD_C1"
"TCGA-56-8623","Apoptosis",166,-0.432276775541805,"PCD_C1"
"TCGA-56-8624","Apoptosis",166,-0.445463581244507,"PCD_C1"
"TCGA-56-8625","Apoptosis",166,0.128318736998265,"PCD_C1"
"TCGA-56-8626","Apoptosis",166,0.11865563377921,"PCD_C1"
"TCGA-56-8628","Apoptosis",166,0.0662386657382208,"PCD_C1"
"TCGA-56-8629","Apoptosis",166,0.207535064740396,"PCD_C2"
"TCGA-56-A49D","Apoptosis",166,-0.0768026859108631,"PCD_C1"
"TCGA-56-A4BW","Apoptosis",166,-0.269129423064735,"PCD_C1"
"TCGA-56-A4BX","Apoptosis",166,0.111557253488087,"PCD_C2"
"TCGA-56-A4BY","Apoptosis",166,0.50300983371573,"PCD_C2"
"TCGA-56-A4ZJ","Apoptosis",166,-0.0378002418775189,"PCD_C1"
"TCGA-56-A4ZK","Apoptosis",166,0.176723525770298,"PCD_C2"
"TCGA-56-A5DR","Apoptosis",166,0.0628712691222439,"PCD_C2"
"TCGA-56-A5DS","Apoptosis",166,-0.262314161307495,"PCD_C1"
"TCGA-56-A62T","Apoptosis",166,0.215332615798271,"PCD_C2"
"TCGA-58-8386","Apoptosis",166,0.0494906571139276,"PCD_C1"
"TCGA-58-8387","Apoptosis",166,-0.830975950733267,"PCD_C1"
"TCGA-58-8388","Apoptosis",166,0.414487424170623,"PCD_C1"
"TCGA-58-8390","Apoptosis",166,0.676354297637644,"PCD_C1"
"TCGA-58-8391","Apoptosis",166,-0.0463799643126695,"PCD_C2"
"TCGA-58-8392","Apoptosis",166,0.265367308324577,"PCD_C2"
"TCGA-58-8393","Apoptosis",166,0.376759270724348,"PCD_C2"
"TCGA-58-A46J","Apoptosis",166,-0.187917455128014,"PCD_C1"
"TCGA-58-A46K","Apoptosis",166,0.378813903701265,"PCD_C2"
"TCGA-58-A46L","Apoptosis",166,0.18158186233065,"PCD_C1"
"TCGA-58-A46M","Apoptosis",166,0.109392742424244,"PCD_C2"
"TCGA-58-A46N","Apoptosis",166,0.312100340858234,"PCD_C2"
"TCGA-60-2695","Apoptosis",166,0.571875352353973,"PCD_C1"
"TCGA-60-2696","Apoptosis",166,-0.0753507140076501,"PCD_C1"
"TCGA-60-2697","Apoptosis",166,-0.631878880292868,"PCD_C1"
"TCGA-60-2698","Apoptosis",166,0.227727825205395,"PCD_C1"
"TCGA-60-2703","Apoptosis",166,0.0935120041433315,"PCD_C1"
"TCGA-60-2704","Apoptosis",166,-0.29265219244205,"PCD_C1"
"TCGA-60-2706","Apoptosis",166,0.18178221251169,"PCD_C2"
"TCGA-60-2707","Apoptosis",166,0.0725972069123016,"PCD_C1"
"TCGA-60-2708","Apoptosis",166,0.0131984681232103,"PCD_C1"
"TCGA-60-2709","Apoptosis",166,-0.335164645766931,"PCD_C2"
"TCGA-60-2710","Apoptosis",166,0.511689664824122,"PCD_C2"
"TCGA-60-2711","Apoptosis",166,0.278586558956305,"PCD_C1"
"TCGA-60-2712","Apoptosis",166,-0.911792905778943,"PCD_C1"
"TCGA-60-2713","Apoptosis",166,0.2362474602452,"PCD_C1"
"TCGA-60-2714","Apoptosis",166,-0.423022207432018,"PCD_C1"
"TCGA-60-2715","Apoptosis",166,-0.0928953436651436,"PCD_C1"
"TCGA-60-2716","Apoptosis",166,-0.0117399173848769,"PCD_C1"
"TCGA-60-2719","Apoptosis",166,0.331190274966316,"PCD_C1"
"TCGA-60-2720","Apoptosis",166,-0.599472789559253,"PCD_C1"
"TCGA-60-2721","Apoptosis",166,-0.207949374994516,"PCD_C1"
"TCGA-60-2722","Apoptosis",166,0.34948412386265,"PCD_C2"
"TCGA-60-2723","Apoptosis",166,-0.074903613676098,"PCD_C2"
"TCGA-60-2724","Apoptosis",166,0.215281824277779,"PCD_C1"
"TCGA-60-2725","Apoptosis",166,0.231172627135829,"PCD_C1"
"TCGA-60-2726","Apoptosis",166,-0.432620104921065,"PCD_C1"
"TCGA-63-5128","Apoptosis",166,-0.183881153674339,"PCD_C2"
"TCGA-63-5131","Apoptosis",166,0.315814484978573,"PCD_C1"
"TCGA-63-6202","Apoptosis",166,-0.196370764344132,"PCD_C1"
"TCGA-63-7020","Apoptosis",166,0.137533953172103,"PCD_C1"
"TCGA-63-7021","Apoptosis",166,-0.643200020409998,"PCD_C1"
"TCGA-63-7022","Apoptosis",166,-1.067260993853,"PCD_C1"
"TCGA-63-7023","Apoptosis",166,0.188601738666228,"PCD_C1"
"TCGA-63-A5M9","Apoptosis",166,0.311897387661026,"PCD_C2"
"TCGA-63-A5MB","Apoptosis",166,0.128632903994832,"PCD_C2"
"TCGA-63-A5MG","Apoptosis",166,-1.07862483559054,"PCD_C1"
"TCGA-63-A5MH","Apoptosis",166,0.246966539641872,"PCD_C1"
"TCGA-63-A5MI","Apoptosis",166,-0.0499992130583567,"PCD_C1"
"TCGA-63-A5MJ","Apoptosis",166,0.25901238535566,"PCD_C2"
"TCGA-63-A5ML","Apoptosis",166,0.540455419134607,"PCD_C2"
"TCGA-63-A5MM","Apoptosis",166,0.0545375837528095,"PCD_C1"
"TCGA-63-A5MN","Apoptosis",166,-0.736793629185121,"PCD_C1"
"TCGA-63-A5MP","Apoptosis",166,0.0521539087248769,"PCD_C2"
"TCGA-63-A5MR","Apoptosis",166,-0.0520142243214359,"PCD_C1"
"TCGA-63-A5MS","Apoptosis",166,-0.328532973509249,"PCD_C1"
"TCGA-63-A5MT","Apoptosis",166,0.138318328532806,"PCD_C1"
"TCGA-63-A5MU","Apoptosis",166,0.192144120453576,"PCD_C2"
"TCGA-63-A5MV","Apoptosis",166,0.0207023529321826,"PCD_C1"
"TCGA-63-A5MW","Apoptosis",166,0.183721830764026,"PCD_C1"
"TCGA-63-A5MY","Apoptosis",166,-0.327255142584576,"PCD_C2"
"TCGA-66-2727","Apoptosis",166,0.263086146086974,"PCD_C2"
"TCGA-66-2734","Apoptosis",166,0.251264417605611,"PCD_C1"
"TCGA-66-2737","Apoptosis",166,0.0440036123779102,"PCD_C2"
"TCGA-66-2742","Apoptosis",166,0.0431036335091398,"PCD_C1"
"TCGA-66-2744","Apoptosis",166,-0.072900741898833,"PCD_C1"
"TCGA-66-2753","Apoptosis",166,0.139056807723224,"PCD_C1"
"TCGA-66-2754","Apoptosis",166,0.168169316464333,"PCD_C2"
"TCGA-66-2755","Apoptosis",166,0.391565169598035,"PCD_C1"
"TCGA-66-2756","Apoptosis",166,0.0105440454465002,"PCD_C1"
"TCGA-66-2757","Apoptosis",166,0.39667593310722,"PCD_C1"
"TCGA-66-2758","Apoptosis",166,0.000658399148526628,"PCD_C2"
"TCGA-66-2759","Apoptosis",166,0.0864410214858535,"PCD_C2"
"TCGA-66-2763","Apoptosis",166,-0.140390371331333,"PCD_C1"
"TCGA-66-2765","Apoptosis",166,-0.0819771016302774,"PCD_C1"
"TCGA-66-2766","Apoptosis",166,0.0300188447331072,"PCD_C2"
"TCGA-66-2767","Apoptosis",166,-0.24853432656775,"PCD_C1"
"TCGA-66-2768","Apoptosis",166,0.327370049034183,"PCD_C1"
"TCGA-66-2769","Apoptosis",166,-0.024133546659268,"PCD_C1"
"TCGA-66-2770","Apoptosis",166,0.170605702678858,"PCD_C2"
"TCGA-66-2771","Apoptosis",166,-0.546750088471998,"PCD_C1"
"TCGA-66-2773","Apoptosis",166,0.308078394348398,"PCD_C2"
"TCGA-66-2777","Apoptosis",166,0.320239049791784,"PCD_C2"
"TCGA-66-2778","Apoptosis",166,-0.509741624453902,"PCD_C1"
"TCGA-66-2780","Apoptosis",166,-0.116583708042928,"PCD_C1"
"TCGA-66-2781","Apoptosis",166,-0.318898829326165,"PCD_C2"
"TCGA-66-2782","Apoptosis",166,-0.211686000565392,"PCD_C1"
"TCGA-66-2783","Apoptosis",166,-0.19530836213655,"PCD_C2"
"TCGA-66-2785","Apoptosis",166,-0.359154952853459,"PCD_C1"
"TCGA-66-2786","Apoptosis",166,0.198849648663931,"PCD_C1"
"TCGA-66-2787","Apoptosis",166,0.331427709776509,"PCD_C2"
"TCGA-66-2788","Apoptosis",166,-0.127302996824166,"PCD_C1"
"TCGA-66-2789","Apoptosis",166,0.0414122412473573,"PCD_C1"
"TCGA-66-2790","Apoptosis",166,0.249164992497792,"PCD_C1"
"TCGA-66-2791","Apoptosis",166,0.00523396218060569,"PCD_C2"
"TCGA-66-2792","Apoptosis",166,0.376520604270659,"PCD_C2"
"TCGA-66-2793","Apoptosis",166,0.206098033466642,"PCD_C1"
"TCGA-66-2794","Apoptosis",166,0.212831662123618,"PCD_C2"
"TCGA-66-2795","Apoptosis",166,-0.109885337308191,"PCD_C2"
"TCGA-66-2800","Apoptosis",166,0.213699286088324,"PCD_C2"
"TCGA-68-7755","Apoptosis",166,0.228850414545587,"PCD_C2"
"TCGA-68-7756","Apoptosis",166,0.216092951470352,"PCD_C2"
"TCGA-68-7757","Apoptosis",166,-0.258095183809142,"PCD_C1"
"TCGA-68-8250","Apoptosis",166,0.228245457165827,"PCD_C1"
"TCGA-68-8251","Apoptosis",166,0.375759163864164,"PCD_C1"
"TCGA-68-A59I","Apoptosis",166,-0.308889364124491,"PCD_C1"
"TCGA-68-A59J","Apoptosis",166,0.14590902787588,"PCD_C2"
"TCGA-6A-AB49","Apoptosis",166,-0.0903361149695594,"PCD_C1"
"TCGA-70-6722","Apoptosis",166,0.252492120209748,"PCD_C1"
"TCGA-70-6723","Apoptosis",166,0.638024627757539,"PCD_C2"
"TCGA-77-6842","Apoptosis",166,0.581771669478184,"PCD_C1"
"TCGA-77-6843","Apoptosis",166,0.438225184332478,"PCD_C2"
"TCGA-77-6844","Apoptosis",166,0.0760977557937688,"PCD_C1"
"TCGA-77-6845","Apoptosis",166,0.000989021723704094,"PCD_C2"
"TCGA-77-7138","Apoptosis",166,0.234425341919618,"PCD_C1"
"TCGA-77-7139","Apoptosis",166,0.179674018460645,"PCD_C2"
"TCGA-77-7140","Apoptosis",166,-0.136633141576716,"PCD_C2"
"TCGA-77-7141","Apoptosis",166,0.276115040502398,"PCD_C2"
"TCGA-77-7142","Apoptosis",166,0.250696333827349,"PCD_C1"
"TCGA-77-7335","Apoptosis",166,-0.288469230488648,"PCD_C1"
"TCGA-77-7337","Apoptosis",166,0.354743465200594,"PCD_C1"
"TCGA-77-7338","Apoptosis",166,0.201214427476855,"PCD_C2"
"TCGA-77-7463","Apoptosis",166,-0.0869157587878473,"PCD_C2"
"TCGA-77-7465","Apoptosis",166,0.106254793571421,"PCD_C1"
"TCGA-77-8007","Apoptosis",166,0.211510310040907,"PCD_C1"
"TCGA-77-8008","Apoptosis",166,-0.256774361237233,"PCD_C1"
"TCGA-77-8009","Apoptosis",166,0.408508536790092,"PCD_C2"
"TCGA-77-8128","Apoptosis",166,0.481859483757268,"PCD_C2"
"TCGA-77-8130","Apoptosis",166,-0.371935997190722,"PCD_C1"
"TCGA-77-8131","Apoptosis",166,-0.285186991405028,"PCD_C1"
"TCGA-77-8133","Apoptosis",166,0.402608443240202,"PCD_C1"
"TCGA-77-8136","Apoptosis",166,0.268617291098639,"PCD_C1"
"TCGA-77-8138","Apoptosis",166,0.0160987468097807,"PCD_C2"
"TCGA-77-8139","Apoptosis",166,0.0170577145327332,"PCD_C1"
"TCGA-77-8140","Apoptosis",166,-0.0721888917509568,"PCD_C1"
"TCGA-77-8143","Apoptosis",166,-0.0627228983402806,"PCD_C1"
"TCGA-77-8144","Apoptosis",166,0.257549895927022,"PCD_C1"
"TCGA-77-8145","Apoptosis",166,0.125941316644868,"PCD_C1"
"TCGA-77-8146","Apoptosis",166,-0.0943631968725408,"PCD_C2"
"TCGA-77-8148","Apoptosis",166,0.0715270330682606,"PCD_C2"
"TCGA-77-8150","Apoptosis",166,-0.0406537432532293,"PCD_C2"
"TCGA-77-8153","Apoptosis",166,0.205192714995883,"PCD_C2"
"TCGA-77-8154","Apoptosis",166,0.100943264544579,"PCD_C2"
"TCGA-77-8156","Apoptosis",166,-0.00380674481959097,"PCD_C2"
"TCGA-77-A5FZ","Apoptosis",166,-0.768424793163992,"PCD_C1"
"TCGA-77-A5G1","Apoptosis",166,0.23262619539695,"PCD_C1"
"TCGA-77-A5G3","Apoptosis",166,0.445819384820933,"PCD_C2"
"TCGA-77-A5G6","Apoptosis",166,0.312873702120993,"PCD_C1"
"TCGA-77-A5G7","Apoptosis",166,-0.301828545661054,"PCD_C1"
"TCGA-77-A5G8","Apoptosis",166,-0.677975677483239,"PCD_C2"
"TCGA-77-A5GA","Apoptosis",166,-0.439955861983032,"PCD_C2"
"TCGA-77-A5GB","Apoptosis",166,-0.369697713947382,"PCD_C1"
"TCGA-77-A5GF","Apoptosis",166,0.105170423988425,"PCD_C2"
"TCGA-77-A5GH","Apoptosis",166,0.231548700892641,"PCD_C1"
"TCGA-79-5596","Apoptosis",166,0.156802943684388,"PCD_C2"
"TCGA-85-6175","Apoptosis",166,-0.0254605923223207,"PCD_C1"
"TCGA-85-6560","Apoptosis",166,0.232654095784767,"PCD_C1"
"TCGA-85-6561","Apoptosis",166,-0.432922745351852,"PCD_C2"
"TCGA-85-6798","Apoptosis",166,0.0403832929951,"PCD_C2"
"TCGA-85-7696","Apoptosis",166,0.0741183411091552,"PCD_C2"
"TCGA-85-7697","Apoptosis",166,0.0480431827445862,"PCD_C1"
"TCGA-85-7698","Apoptosis",166,0.446726840001442,"PCD_C2"
"TCGA-85-7699","Apoptosis",166,0.348134240815457,"PCD_C1"
"TCGA-85-7710","Apoptosis",166,0.457510509559051,"PCD_C1"
"TCGA-85-7843","Apoptosis",166,0.147152320561024,"PCD_C2"
"TCGA-85-7844","Apoptosis",166,0.409288233881401,"PCD_C2"
"TCGA-85-7950","Apoptosis",166,0.796398942887745,"PCD_C1"
"TCGA-85-8048","Apoptosis",166,0.0607157947291398,"PCD_C1"
"TCGA-85-8049","Apoptosis",166,-0.48448590432382,"PCD_C2"
"TCGA-85-8052","Apoptosis",166,0.186381531170508,"PCD_C2"
"TCGA-85-8070","Apoptosis",166,0.0630064031295841,"PCD_C2"
"TCGA-85-8071","Apoptosis",166,0.550131446011934,"PCD_C2"
"TCGA-85-8072","Apoptosis",166,0.210294071748776,"PCD_C2"
"TCGA-85-8276","Apoptosis",166,-0.284691389579565,"PCD_C1"
"TCGA-85-8277","Apoptosis",166,0.117093865414075,"PCD_C2"
"TCGA-85-8287","Apoptosis",166,-0.551630075751642,"PCD_C1"
"TCGA-85-8288","Apoptosis",166,0.184815091408515,"PCD_C1"
"TCGA-85-8350","Apoptosis",166,0.152121557654056,"PCD_C1"
"TCGA-85-8351","Apoptosis",166,0.486736723914483,"PCD_C1"
"TCGA-85-8352","Apoptosis",166,0.153512486875407,"PCD_C1"
"TCGA-85-8353","Apoptosis",166,-0.112319439515317,"PCD_C1"
"TCGA-85-8354","Apoptosis",166,-0.148202976556956,"PCD_C2"
"TCGA-85-8355","Apoptosis",166,0.12460077060114,"PCD_C2"
"TCGA-85-8479","Apoptosis",166,-0.223724052534916,"PCD_C1"
"TCGA-85-8481","Apoptosis",166,-0.0842517700486371,"PCD_C1"
"TCGA-85-8580","Apoptosis",166,0.236860736788625,"PCD_C2"
"TCGA-85-8582","Apoptosis",166,0.0279673520280022,"PCD_C1"
"TCGA-85-8584","Apoptosis",166,-0.306856859552287,"PCD_C2"
"TCGA-85-8664","Apoptosis",166,0.389529766479253,"PCD_C1"
"TCGA-85-8666","Apoptosis",166,0.410482550449676,"PCD_C2"
"TCGA-85-A4CL","Apoptosis",166,-0.498613133526767,"PCD_C2"
"TCGA-85-A4CN","Apoptosis",166,0.162437140301862,"PCD_C2"
"TCGA-85-A4JB","Apoptosis",166,0.219083201724265,"PCD_C1"
"TCGA-85-A4JC","Apoptosis",166,-0.469524818150894,"PCD_C1"
"TCGA-85-A4PA","Apoptosis",166,-0.264588449774501,"PCD_C1"
"TCGA-85-A4QQ","Apoptosis",166,-0.243661249444671,"PCD_C1"
"TCGA-85-A4QR","Apoptosis",166,-0.0883525308057775,"PCD_C1"
"TCGA-85-A50M","Apoptosis",166,0.0458594592288368,"PCD_C1"
"TCGA-85-A50Z","Apoptosis",166,-0.731654640325401,"PCD_C1"
"TCGA-85-A510","Apoptosis",166,0.454760556898786,"PCD_C1"
"TCGA-85-A511","Apoptosis",166,0.132898635169326,"PCD_C1"
"TCGA-85-A512","Apoptosis",166,0.089183161776126,"PCD_C2"
"TCGA-85-A513","Apoptosis",166,-1.22781820742357,"PCD_C1"
"TCGA-85-A53L","Apoptosis",166,-0.168957861420973,"PCD_C1"
"TCGA-85-A5B5","Apoptosis",166,0.197861891843734,"PCD_C2"
"TCGA-90-6837","Apoptosis",166,-0.731456285185762,"PCD_C1"
"TCGA-90-7766","Apoptosis",166,-0.194643796495052,"PCD_C1"
"TCGA-90-7767","Apoptosis",166,0.651326956827527,"PCD_C1"
"TCGA-90-7769","Apoptosis",166,0.0337440913768785,"PCD_C2"
"TCGA-90-7964","Apoptosis",166,-0.227912939914721,"PCD_C2"
"TCGA-90-A4ED","Apoptosis",166,-0.667968975454285,"PCD_C1"
"TCGA-90-A4EE","Apoptosis",166,0.323807144435153,"PCD_C1"
"TCGA-90-A59Q","Apoptosis",166,-0.774855172343811,"PCD_C1"
"TCGA-92-7340","Apoptosis",166,-0.0961705708984651,"PCD_C1"
"TCGA-92-7341","Apoptosis",166,0.307167143624037,"PCD_C2"
"TCGA-92-8063","Apoptosis",166,0.461112686741596,"PCD_C2"
"TCGA-92-8064","Apoptosis",166,-0.0922485774081917,"PCD_C2"
"TCGA-92-8065","Apoptosis",166,-0.9096047368978,"PCD_C1"
"TCGA-94-7033","Apoptosis",166,-0.483249872738913,"PCD_C1"
"TCGA-94-7557","Apoptosis",166,0.536121042909871,"PCD_C2"
"TCGA-94-7943","Apoptosis",166,-0.0667953259636502,"PCD_C2"
"TCGA-94-8035","Apoptosis",166,0.252385659683889,"PCD_C1"
"TCGA-94-8490","Apoptosis",166,0.0826950011520072,"PCD_C2"
"TCGA-94-8491","Apoptosis",166,-0.0204053894963972,"PCD_C2"
"TCGA-94-A4VJ","Apoptosis",166,0.0784578834970944,"PCD_C1"
"TCGA-94-A5I4","Apoptosis",166,0.314806922649834,"PCD_C2"
"TCGA-94-A5I6","Apoptosis",166,0.290191314737474,"PCD_C2"
"TCGA-96-7544","Apoptosis",166,-0.11801590445448,"PCD_C1"
"TCGA-96-7545","Apoptosis",166,0.0732206769486781,"PCD_C2"
"TCGA-96-8169","Apoptosis",166,-0.251087101861805,"PCD_C2"
"TCGA-96-8170","Apoptosis",166,-0.274894731711184,"PCD_C1"
"TCGA-96-A4JK","Apoptosis",166,0.110403285071425,"PCD_C2"
"TCGA-96-A4JL","Apoptosis",166,0.252444366579391,"PCD_C1"
"TCGA-98-7454","Apoptosis",166,-0.396170066762672,"PCD_C1"
"TCGA-98-8020","Apoptosis",166,0.17428737074668,"PCD_C1"
"TCGA-98-8021","Apoptosis",166,0.105848707771782,"PCD_C1"
"TCGA-98-8022","Apoptosis",166,-0.162692741355818,"PCD_C1"
"TCGA-98-8023","Apoptosis",166,-0.226463653808887,"PCD_C1"
"TCGA-98-A538","Apoptosis",166,0.122171310195886,"PCD_C1"
"TCGA-98-A539","Apoptosis",166,-0.255346803135883,"PCD_C2"
"TCGA-98-A53A","Apoptosis",166,0.288020852471234,"PCD_C2"
"TCGA-98-A53B","Apoptosis",166,0.163039008535203,"PCD_C1"
"TCGA-98-A53C","Apoptosis",166,-0.613215841339335,"PCD_C1"
"TCGA-98-A53D","Apoptosis",166,-0.286189364598085,"PCD_C1"
"TCGA-98-A53H","Apoptosis",166,-0.280622918653299,"PCD_C1"
"TCGA-98-A53I","Apoptosis",166,-0.0575549405356997,"PCD_C2"
"TCGA-98-A53J","Apoptosis",166,-0.329063513765732,"PCD_C2"
"TCGA-J1-A4AH","Apoptosis",166,0.00230166169699547,"PCD_C2"
"TCGA-L3-A4E7","Apoptosis",166,-0.117438031213286,"PCD_C1"
"TCGA-L3-A524","Apoptosis",166,0.445220919281675,"PCD_C2"
"TCGA-LA-A446","Apoptosis",166,0.277504205310243,"PCD_C2"
"TCGA-LA-A7SW","Apoptosis",166,0.633679019910339,"PCD_C1"
"TCGA-MF-A522","Apoptosis",166,0.0926291727525421,"PCD_C2"
"TCGA-NC-A5HD","Apoptosis",166,0.161205959465139,"PCD_C2"
"TCGA-NC-A5HE","Apoptosis",166,-0.159234782352058,"PCD_C2"
"TCGA-NC-A5HF","Apoptosis",166,-0.0328709795347647,"PCD_C2"
"TCGA-NC-A5HG","Apoptosis",166,0.18158522263859,"PCD_C1"
"TCGA-NC-A5HH","Apoptosis",166,0.356115213402251,"PCD_C1"
"TCGA-NC-A5HI","Apoptosis",166,-0.178543738226609,"PCD_C1"
"TCGA-NC-A5HJ","Apoptosis",166,0.0821503097507163,"PCD_C1"
"TCGA-NC-A5HK","Apoptosis",166,0.479140775576763,"PCD_C1"
"TCGA-NC-A5HL","Apoptosis",166,0.0144660771298358,"PCD_C2"
"TCGA-NC-A5HM","Apoptosis",166,-0.0364236635841093,"PCD_C1"
"TCGA-NC-A5HN","Apoptosis",166,-0.016533961826243,"PCD_C2"
"TCGA-NC-A5HO","Apoptosis",166,-0.125327870229364,"PCD_C2"
"TCGA-NC-A5HP","Apoptosis",166,0.312333556546389,"PCD_C1"
"TCGA-NC-A5HQ","Apoptosis",166,-0.0858100391486292,"PCD_C1"
"TCGA-NC-A5HR","Apoptosis",166,-0.13829291679786,"PCD_C2"
"TCGA-NC-A5HT","Apoptosis",166,0.143996641284224,"PCD_C2"
"TCGA-NK-A5CR","Apoptosis",166,-0.0119075271401834,"PCD_C2"
"TCGA-NK-A5CT","Apoptosis",166,0.0703755373501369,"PCD_C1"
"TCGA-NK-A5CX","Apoptosis",166,-0.0822039364592923,"PCD_C1"
"TCGA-NK-A5D1","Apoptosis",166,0.315040698804644,"PCD_C1"
"TCGA-NK-A7XE","Apoptosis",166,-0.679283333477714,"PCD_C2"
"TCGA-O2-A52N","Apoptosis",166,-0.0351833944834229,"PCD_C1"
"TCGA-O2-A52Q","Apoptosis",166,0.202970536090386,"PCD_C1"
"TCGA-O2-A52S","Apoptosis",166,0.483192558985173,"PCD_C2"
"TCGA-O2-A52V","Apoptosis",166,0.197596780784363,"PCD_C2"
"TCGA-O2-A52W","Apoptosis",166,-0.766378893797895,"PCD_C1"
"TCGA-O2-A5IB","Apoptosis",166,0.70835663597471,"PCD_C1"
"TCGA-XC-AA0X","Apoptosis",166,0.0876494062211017,"PCD_C2"
"TCGA-18-3406","Cuproptosis",12,-0.948064478599964,"PCD_C1"
"TCGA-18-3407","Cuproptosis",12,-0.287562080639562,"PCD_C2"
"TCGA-18-3408","Cuproptosis",12,0.338073361235478,"PCD_C2"
"TCGA-18-3409","Cuproptosis",12,0.491297669233215,"PCD_C1"
"TCGA-18-3410","Cuproptosis",12,0.25372057236501,"PCD_C1"
"TCGA-18-3411","Cuproptosis",12,-0.203253531510995,"PCD_C2"
"TCGA-18-3412","Cuproptosis",12,0.197432071890393,"PCD_C2"
"TCGA-18-3414","Cuproptosis",12,0.101751061164762,"PCD_C1"
"TCGA-18-3415","Cuproptosis",12,-0.120871991487689,"PCD_C2"
"TCGA-18-3416","Cuproptosis",12,0.29073626960869,"PCD_C2"
"TCGA-18-3417","Cuproptosis",12,-0.550972991776299,"PCD_C1"
"TCGA-18-3419","Cuproptosis",12,0.306396057860067,"PCD_C1"
"TCGA-18-3421","Cuproptosis",12,-0.165539136661795,"PCD_C2"
"TCGA-18-4083","Cuproptosis",12,-0.0584440108900127,"PCD_C1"
"TCGA-18-4086","Cuproptosis",12,-0.279220044296216,"PCD_C2"
"TCGA-18-4721","Cuproptosis",12,0.402111566472224,"PCD_C2"
"TCGA-18-5592","Cuproptosis",12,0.0418566269254018,"PCD_C2"
"TCGA-18-5595","Cuproptosis",12,0.657636300282144,"PCD_C2"
"TCGA-21-1070","Cuproptosis",12,-0.635480057806442,"PCD_C1"
"TCGA-21-1071","Cuproptosis",12,-0.433061804219888,"PCD_C1"
"TCGA-21-1072","Cuproptosis",12,1.25358992952329,"PCD_C2"
"TCGA-21-1075","Cuproptosis",12,0.581352606925995,"PCD_C2"
"TCGA-21-1076","Cuproptosis",12,0.294088721856499,"PCD_C1"
"TCGA-21-1077","Cuproptosis",12,-0.0700374192770241,"PCD_C2"
"TCGA-21-1078","Cuproptosis",12,0.343154806161694,"PCD_C2"
"TCGA-21-1079","Cuproptosis",12,-0.0590593771395722,"PCD_C1"
"TCGA-21-1080","Cuproptosis",12,0.506849203504914,"PCD_C1"
"TCGA-21-1081","Cuproptosis",12,0.0538356932252259,"PCD_C2"
"TCGA-21-1082","Cuproptosis",12,-0.536575523359205,"PCD_C1"
"TCGA-21-1083","Cuproptosis",12,0.21764536914539,"PCD_C2"
"TCGA-21-5782","Cuproptosis",12,-0.938834654859415,"PCD_C1"
"TCGA-21-5783","Cuproptosis",12,0.3652281686408,"PCD_C1"
"TCGA-21-5784","Cuproptosis",12,-0.784939619710844,"PCD_C1"
"TCGA-21-5786","Cuproptosis",12,0.0858648209355266,"PCD_C1"
"TCGA-21-5787","Cuproptosis",12,-0.243677178013277,"PCD_C1"
"TCGA-21-A5DI","Cuproptosis",12,0.36810462543459,"PCD_C1"
"TCGA-22-0940","Cuproptosis",12,-0.0321587343338674,"PCD_C1"
"TCGA-22-0944","Cuproptosis",12,0.0663891474601274,"PCD_C2"
"TCGA-22-1000","Cuproptosis",12,-0.555916337709569,"PCD_C1"
"TCGA-22-1002","Cuproptosis",12,0.445755254948255,"PCD_C1"
"TCGA-22-1005","Cuproptosis",12,-2.41971050549765,"PCD_C1"
"TCGA-22-1011","Cuproptosis",12,-1.16995910759496,"PCD_C1"
"TCGA-22-1012","Cuproptosis",12,0.244776104676585,"PCD_C2"
"TCGA-22-1016","Cuproptosis",12,0.135354335481984,"PCD_C1"
"TCGA-22-1017","Cuproptosis",12,0.330504519188503,"PCD_C1"
"TCGA-22-4591","Cuproptosis",12,0.622631020879687,"PCD_C2"
"TCGA-22-4593","Cuproptosis",12,0.166293119635499,"PCD_C1"
"TCGA-22-4594","Cuproptosis",12,-0.541635111078308,"PCD_C2"
"TCGA-22-4595","Cuproptosis",12,0.0809199409838627,"PCD_C1"
"TCGA-22-4596","Cuproptosis",12,-0.000817695207095794,"PCD_C1"
"TCGA-22-4599","Cuproptosis",12,-0.0770381523344532,"PCD_C2"
"TCGA-22-4601","Cuproptosis",12,0.223185285183025,"PCD_C2"
"TCGA-22-4604","Cuproptosis",12,-0.126604073434824,"PCD_C1"
"TCGA-22-4605","Cuproptosis",12,-0.222827056667761,"PCD_C2"
"TCGA-22-4607","Cuproptosis",12,-0.402551267263568,"PCD_C1"
"TCGA-22-4609","Cuproptosis",12,-0.359260275888654,"PCD_C1"
"TCGA-22-4613","Cuproptosis",12,-0.0297514916674351,"PCD_C1"
"TCGA-22-5471","Cuproptosis",12,-0.247252578701693,"PCD_C1"
"TCGA-22-5472","Cuproptosis",12,0.628532580059538,"PCD_C1"
"TCGA-22-5473","Cuproptosis",12,-0.0819692615944551,"PCD_C2"
"TCGA-22-5474","Cuproptosis",12,-0.0644916078913698,"PCD_C2"
"TCGA-22-5477","Cuproptosis",12,0.30283156735134,"PCD_C2"
"TCGA-22-5478","Cuproptosis",12,0.550230914166691,"PCD_C1"
"TCGA-22-5479","Cuproptosis",12,-0.259331661208727,"PCD_C2"
"TCGA-22-5480","Cuproptosis",12,0.313320557568338,"PCD_C1"
"TCGA-22-5481","Cuproptosis",12,-0.609294362259164,"PCD_C1"
"TCGA-22-5482","Cuproptosis",12,-0.125591427500518,"PCD_C2"
"TCGA-22-5483","Cuproptosis",12,0.637930111091847,"PCD_C2"
"TCGA-22-5485","Cuproptosis",12,0.295555290424725,"PCD_C2"
"TCGA-22-5489","Cuproptosis",12,-0.925532286322694,"PCD_C1"
"TCGA-22-5491","Cuproptosis",12,0.712942163589539,"PCD_C2"
"TCGA-22-5492","Cuproptosis",12,0.267360601948638,"PCD_C1"
"TCGA-22-A5C4","Cuproptosis",12,0.949347724501336,"PCD_C1"
"TCGA-33-4532","Cuproptosis",12,0.207555787968021,"PCD_C2"
"TCGA-33-4533","Cuproptosis",12,0.614825488084307,"PCD_C1"
"TCGA-33-4538","Cuproptosis",12,0.795537542733745,"PCD_C2"
"TCGA-33-4547","Cuproptosis",12,0.18436867426858,"PCD_C2"
"TCGA-33-4566","Cuproptosis",12,-0.0101808183976747,"PCD_C2"
"TCGA-33-4582","Cuproptosis",12,0.583898896499743,"PCD_C1"
"TCGA-33-4583","Cuproptosis",12,0.461500376977712,"PCD_C2"
"TCGA-33-4586","Cuproptosis",12,-0.153454603620466,"PCD_C2"
"TCGA-33-4587","Cuproptosis",12,1.31976358616494,"PCD_C1"
"TCGA-33-4589","Cuproptosis",12,-1.05389096805078,"PCD_C2"
"TCGA-33-6737","Cuproptosis",12,-0.231591909379525,"PCD_C2"
"TCGA-33-6738","Cuproptosis",12,-0.382026093046606,"PCD_C2"
"TCGA-33-A4WN","Cuproptosis",12,0.241118744511394,"PCD_C2"
"TCGA-33-A5GW","Cuproptosis",12,0.128257488383115,"PCD_C2"
"TCGA-33-AAS8","Cuproptosis",12,0.0574285672430497,"PCD_C2"
"TCGA-33-AASB","Cuproptosis",12,-0.238829207411475,"PCD_C2"
"TCGA-33-AASD","Cuproptosis",12,0.288732787725915,"PCD_C2"
"TCGA-33-AASI","Cuproptosis",12,-0.905188315253054,"PCD_C1"
"TCGA-33-AASJ","Cuproptosis",12,0.350766812003952,"PCD_C2"
"TCGA-33-AASL","Cuproptosis",12,-0.998021906651036,"PCD_C2"
"TCGA-34-2596","Cuproptosis",12,0.284989493967417,"PCD_C2"
"TCGA-34-2600","Cuproptosis",12,-0.0547984529825253,"PCD_C1"
"TCGA-34-2608","Cuproptosis",12,-0.292391921686045,"PCD_C2"
"TCGA-34-5231","Cuproptosis",12,-0.0793071294291261,"PCD_C1"
"TCGA-34-5232","Cuproptosis",12,-0.576325518125191,"PCD_C1"
"TCGA-34-5234","Cuproptosis",12,-0.28355588999505,"PCD_C1"
"TCGA-34-5236","Cuproptosis",12,-0.0698935124803238,"PCD_C2"
"TCGA-34-5239","Cuproptosis",12,-0.164792346384212,"PCD_C1"
"TCGA-34-5240","Cuproptosis",12,0.261440533260658,"PCD_C2"
"TCGA-34-5241","Cuproptosis",12,0.23901752977763,"PCD_C1"
"TCGA-34-5927","Cuproptosis",12,0.849534133235888,"PCD_C1"
"TCGA-34-5928","Cuproptosis",12,0.094594714294425,"PCD_C1"
"TCGA-34-5929","Cuproptosis",12,0.119399563728188,"PCD_C1"
"TCGA-34-7107","Cuproptosis",12,-0.0384708627298392,"PCD_C2"
"TCGA-34-8454","Cuproptosis",12,-0.1184160086083,"PCD_C1"
"TCGA-34-8455","Cuproptosis",12,0.0451646440349907,"PCD_C1"
"TCGA-34-8456","Cuproptosis",12,0.016240448290202,"PCD_C2"
"TCGA-34-A5IX","Cuproptosis",12,-0.289893007106163,"PCD_C1"
"TCGA-37-3783","Cuproptosis",12,-0.287693686614362,"PCD_C1"
"TCGA-37-3789","Cuproptosis",12,0.211796749329542,"PCD_C1"
"TCGA-37-3792","Cuproptosis",12,0.233425826019556,"PCD_C1"
"TCGA-37-4129","Cuproptosis",12,0.82654373431779,"PCD_C1"
"TCGA-37-4130","Cuproptosis",12,-0.220194837642626,"PCD_C1"
"TCGA-37-4132","Cuproptosis",12,-0.286956734803992,"PCD_C2"
"TCGA-37-4133","Cuproptosis",12,0.109063580689325,"PCD_C2"
"TCGA-37-4135","Cuproptosis",12,0.0371810002572671,"PCD_C1"
"TCGA-37-4141","Cuproptosis",12,0.335224505831644,"PCD_C1"
"TCGA-37-5819","Cuproptosis",12,-0.841822106394626,"PCD_C1"
"TCGA-37-A5EL","Cuproptosis",12,0.785463271702471,"PCD_C2"
"TCGA-37-A5EM","Cuproptosis",12,0.00568977382320117,"PCD_C1"
"TCGA-37-A5EN","Cuproptosis",12,-0.120410807116277,"PCD_C2"
"TCGA-39-5011","Cuproptosis",12,0.947931381358044,"PCD_C1"
"TCGA-39-5016","Cuproptosis",12,0.618205399027087,"PCD_C2"
"TCGA-39-5019","Cuproptosis",12,-0.0776665221319795,"PCD_C1"
"TCGA-39-5021","Cuproptosis",12,-0.0674038930285046,"PCD_C2"
"TCGA-39-5022","Cuproptosis",12,-0.74531965968885,"PCD_C2"
"TCGA-39-5024","Cuproptosis",12,-0.374795347551979,"PCD_C1"
"TCGA-39-5027","Cuproptosis",12,-0.60687594072386,"PCD_C2"
"TCGA-39-5028","Cuproptosis",12,0.134404770581664,"PCD_C1"
"TCGA-39-5029","Cuproptosis",12,-0.167057641349794,"PCD_C2"
"TCGA-39-5030","Cuproptosis",12,-0.816648886442819,"PCD_C1"
"TCGA-39-5031","Cuproptosis",12,-0.190103539207134,"PCD_C1"
"TCGA-39-5034","Cuproptosis",12,-0.247625119307133,"PCD_C2"
"TCGA-39-5035","Cuproptosis",12,-0.338674994485383,"PCD_C1"
"TCGA-39-5036","Cuproptosis",12,0.296829548610835,"PCD_C2"
"TCGA-39-5037","Cuproptosis",12,-0.31679376583391,"PCD_C2"
"TCGA-39-5039","Cuproptosis",12,-0.096143179853404,"PCD_C1"
"TCGA-39-5040","Cuproptosis",12,1.44970277898267,"PCD_C1"
"TCGA-43-2576","Cuproptosis",12,-1.27695687648676,"PCD_C1"
"TCGA-43-2578","Cuproptosis",12,-0.0672881380567761,"PCD_C1"
"TCGA-43-2581","Cuproptosis",12,-0.0609288571191526,"PCD_C1"
"TCGA-43-3394","Cuproptosis",12,0.330231976040068,"PCD_C2"
"TCGA-43-3920","Cuproptosis",12,0.0258409203626483,"PCD_C1"
"TCGA-43-5668","Cuproptosis",12,0.296037542635548,"PCD_C1"
"TCGA-43-5670","Cuproptosis",12,0.0829348139238573,"PCD_C1"
"TCGA-43-6143","Cuproptosis",12,1.08236923004046,"PCD_C1"
"TCGA-43-6647","Cuproptosis",12,-0.783598464604445,"PCD_C1"
"TCGA-43-6770","Cuproptosis",12,0.324687441634573,"PCD_C2"
"TCGA-43-6771","Cuproptosis",12,-1.07735229695766,"PCD_C1"
"TCGA-43-6773","Cuproptosis",12,-1.76126366356645,"PCD_C2"
"TCGA-43-7656","Cuproptosis",12,0.208654618328106,"PCD_C1"
"TCGA-43-7657","Cuproptosis",12,0.0212370130376834,"PCD_C2"
"TCGA-43-7658","Cuproptosis",12,0.535718346512791,"PCD_C1"
"TCGA-43-8115","Cuproptosis",12,0.230979000511987,"PCD_C1"
"TCGA-43-8116","Cuproptosis",12,0.196428121626438,"PCD_C1"
"TCGA-43-8118","Cuproptosis",12,0.399879066671816,"PCD_C1"
"TCGA-43-A474","Cuproptosis",12,0.127524088677488,"PCD_C2"
"TCGA-43-A475","Cuproptosis",12,0.288453113251348,"PCD_C2"
"TCGA-43-A56U","Cuproptosis",12,-1.23037287282747,"PCD_C1"
"TCGA-43-A56V","Cuproptosis",12,0.0651097143851996,"PCD_C1"
"TCGA-46-3765","Cuproptosis",12,0.250537494793622,"PCD_C2"
"TCGA-46-3766","Cuproptosis",12,-0.677744703816631,"PCD_C1"
"TCGA-46-3767","Cuproptosis",12,-0.282583007321041,"PCD_C1"
"TCGA-46-3768","Cuproptosis",12,0.513158684874544,"PCD_C2"
"TCGA-46-3769","Cuproptosis",12,0.272968357013384,"PCD_C2"
"TCGA-46-6025","Cuproptosis",12,-0.614638068226505,"PCD_C2"
"TCGA-46-6026","Cuproptosis",12,-0.232219119914698,"PCD_C1"
"TCGA-51-4079","Cuproptosis",12,-0.201244022293254,"PCD_C2"
"TCGA-51-4080","Cuproptosis",12,0.522730121145069,"PCD_C2"
"TCGA-51-4081","Cuproptosis",12,0.0350013691378807,"PCD_C2"
"TCGA-51-6867","Cuproptosis",12,0.401351366407275,"PCD_C2"
"TCGA-52-7622","Cuproptosis",12,0.322063780381814,"PCD_C2"
"TCGA-52-7809","Cuproptosis",12,0.719391103070116,"PCD_C1"
"TCGA-52-7810","Cuproptosis",12,0.181697463421966,"PCD_C1"
"TCGA-52-7811","Cuproptosis",12,0.651666860828058,"PCD_C2"
"TCGA-52-7812","Cuproptosis",12,0.0291705321371221,"PCD_C1"
"TCGA-56-1622","Cuproptosis",12,0.681472526509696,"PCD_C1"
"TCGA-56-5897","Cuproptosis",12,-0.667653826075851,"PCD_C2"
"TCGA-56-5898","Cuproptosis",12,-0.078727831258867,"PCD_C1"
"TCGA-56-6545","Cuproptosis",12,0.0667308210380791,"PCD_C1"
"TCGA-56-6546","Cuproptosis",12,-0.196099593832459,"PCD_C1"
"TCGA-56-7221","Cuproptosis",12,0.37730843213166,"PCD_C2"
"TCGA-56-7222","Cuproptosis",12,0.590714131711584,"PCD_C1"
"TCGA-56-7223","Cuproptosis",12,0.652517119122364,"PCD_C2"
"TCGA-56-7579","Cuproptosis",12,0.267467935639419,"PCD_C2"
"TCGA-56-7580","Cuproptosis",12,-0.450635322442472,"PCD_C1"
"TCGA-56-7582","Cuproptosis",12,0.0431116362862362,"PCD_C2"
"TCGA-56-7730","Cuproptosis",12,-0.150134559355037,"PCD_C2"
"TCGA-56-7731","Cuproptosis",12,-0.633812769362723,"PCD_C1"
"TCGA-56-7822","Cuproptosis",12,-0.367982621768619,"PCD_C1"
"TCGA-56-7823","Cuproptosis",12,0.0993739818994678,"PCD_C2"
"TCGA-56-8082","Cuproptosis",12,0.570488524887883,"PCD_C1"
"TCGA-56-8083","Cuproptosis",12,0.840775288163598,"PCD_C1"
"TCGA-56-8201","Cuproptosis",12,0.234959819759057,"PCD_C1"
"TCGA-56-8304","Cuproptosis",12,-0.419333823858206,"PCD_C1"
"TCGA-56-8305","Cuproptosis",12,-0.151146837943719,"PCD_C2"
"TCGA-56-8307","Cuproptosis",12,0.391911745397072,"PCD_C1"
"TCGA-56-8308","Cuproptosis",12,-0.700145782363199,"PCD_C2"
"TCGA-56-8309","Cuproptosis",12,-0.268638133215029,"PCD_C1"
"TCGA-56-8503","Cuproptosis",12,-0.271162091880082,"PCD_C1"
"TCGA-56-8504","Cuproptosis",12,0.57809601343879,"PCD_C2"
"TCGA-56-8622","Cuproptosis",12,-0.165396721082686,"PCD_C1"
"TCGA-56-8623","Cuproptosis",12,0.0746462513462862,"PCD_C1"
"TCGA-56-8624","Cuproptosis",12,-0.262522840207848,"PCD_C1"
"TCGA-56-8625","Cuproptosis",12,0.00835112898323652,"PCD_C1"
"TCGA-56-8626","Cuproptosis",12,0.0664322166405325,"PCD_C1"
"TCGA-56-8628","Cuproptosis",12,-0.199078026558278,"PCD_C1"
"TCGA-56-8629","Cuproptosis",12,0.0359677076402611,"PCD_C2"
"TCGA-56-A49D","Cuproptosis",12,0.315004591019125,"PCD_C1"
"TCGA-56-A4BW","Cuproptosis",12,-0.70402503744844,"PCD_C1"
"TCGA-56-A4BX","Cuproptosis",12,-0.118443662171456,"PCD_C2"
"TCGA-56-A4BY","Cuproptosis",12,0.536575988418751,"PCD_C2"
"TCGA-56-A4ZJ","Cuproptosis",12,-0.102929077164177,"PCD_C1"
"TCGA-56-A4ZK","Cuproptosis",12,0.128855890385494,"PCD_C2"
"TCGA-56-A5DR","Cuproptosis",12,0.208390562166001,"PCD_C2"
"TCGA-56-A5DS","Cuproptosis",12,-0.586984482818611,"PCD_C1"
"TCGA-56-A62T","Cuproptosis",12,0.616156185830299,"PCD_C2"
"TCGA-58-8386","Cuproptosis",12,0.102094621440692,"PCD_C1"
"TCGA-58-8387","Cuproptosis",12,-1.21518195219498,"PCD_C1"
"TCGA-58-8388","Cuproptosis",12,0.253224002800534,"PCD_C1"
"TCGA-58-8390","Cuproptosis",12,0.0915721201546486,"PCD_C1"
"TCGA-58-8391","Cuproptosis",12,-0.0499574203956323,"PCD_C2"
"TCGA-58-8392","Cuproptosis",12,-0.0186204734143162,"PCD_C2"
"TCGA-58-8393","Cuproptosis",12,0.451250663144482,"PCD_C2"
"TCGA-58-A46J","Cuproptosis",12,0.199798939363939,"PCD_C1"
"TCGA-58-A46K","Cuproptosis",12,0.357920372865584,"PCD_C2"
"TCGA-58-A46L","Cuproptosis",12,0.251359550582773,"PCD_C1"
"TCGA-58-A46M","Cuproptosis",12,0.319969625762584,"PCD_C2"
"TCGA-58-A46N","Cuproptosis",12,0.109924537439238,"PCD_C2"
"TCGA-60-2695","Cuproptosis",12,0.296683536408479,"PCD_C1"
"TCGA-60-2696","Cuproptosis",12,0.447904067565809,"PCD_C1"
"TCGA-60-2697","Cuproptosis",12,-0.540292334449356,"PCD_C1"
"TCGA-60-2698","Cuproptosis",12,0.264629724173098,"PCD_C1"
"TCGA-60-2703","Cuproptosis",12,0.778659663245843,"PCD_C1"
"TCGA-60-2704","Cuproptosis",12,-0.279893403253838,"PCD_C1"
"TCGA-60-2706","Cuproptosis",12,0.153065258214779,"PCD_C2"
"TCGA-60-2707","Cuproptosis",12,-0.491186755630102,"PCD_C1"
"TCGA-60-2708","Cuproptosis",12,-0.34113524055462,"PCD_C1"
"TCGA-60-2709","Cuproptosis",12,-0.323637309844815,"PCD_C2"
"TCGA-60-2710","Cuproptosis",12,-0.0611860966650008,"PCD_C2"
"TCGA-60-2711","Cuproptosis",12,0.10291872819729,"PCD_C1"
"TCGA-60-2712","Cuproptosis",12,-1.24621136113061,"PCD_C1"
"TCGA-60-2713","Cuproptosis",12,0.314865486183141,"PCD_C1"
"TCGA-60-2714","Cuproptosis",12,0.137454307351012,"PCD_C1"
"TCGA-60-2715","Cuproptosis",12,-0.288756000552502,"PCD_C1"
"TCGA-60-2716","Cuproptosis",12,0.838859798280327,"PCD_C1"
"TCGA-60-2719","Cuproptosis",12,1.22329359934135,"PCD_C1"
"TCGA-60-2720","Cuproptosis",12,-0.857704820544233,"PCD_C1"
"TCGA-60-2721","Cuproptosis",12,-0.462704788727255,"PCD_C1"
"TCGA-60-2722","Cuproptosis",12,-0.0591121447710087,"PCD_C2"
"TCGA-60-2723","Cuproptosis",12,-0.274857647425923,"PCD_C2"
"TCGA-60-2724","Cuproptosis",12,0.371989024979938,"PCD_C1"
"TCGA-60-2725","Cuproptosis",12,0.135213409914123,"PCD_C1"
"TCGA-60-2726","Cuproptosis",12,-0.414322646892415,"PCD_C1"
"TCGA-63-5128","Cuproptosis",12,-0.61390942359191,"PCD_C2"
"TCGA-63-5131","Cuproptosis",12,0.393793608711878,"PCD_C1"
"TCGA-63-6202","Cuproptosis",12,-0.0330612205532756,"PCD_C1"
"TCGA-63-7020","Cuproptosis",12,0.306412759520406,"PCD_C1"
"TCGA-63-7021","Cuproptosis",12,-1.14406334279135,"PCD_C1"
"TCGA-63-7022","Cuproptosis",12,-1.44531985050523,"PCD_C1"
"TCGA-63-7023","Cuproptosis",12,0.165524060758102,"PCD_C1"
"TCGA-63-A5M9","Cuproptosis",12,0.200311070370259,"PCD_C2"
"TCGA-63-A5MB","Cuproptosis",12,0.476290195596448,"PCD_C2"
"TCGA-63-A5MG","Cuproptosis",12,-1.07078349366734,"PCD_C1"
"TCGA-63-A5MH","Cuproptosis",12,0.168002191477418,"PCD_C1"
"TCGA-63-A5MI","Cuproptosis",12,0.390633536495712,"PCD_C1"
"TCGA-63-A5MJ","Cuproptosis",12,0.0972152820862033,"PCD_C2"
"TCGA-63-A5ML","Cuproptosis",12,0.167790759863592,"PCD_C2"
"TCGA-63-A5MM","Cuproptosis",12,-0.370272901619979,"PCD_C1"
"TCGA-63-A5MN","Cuproptosis",12,-0.589954226437933,"PCD_C1"
"TCGA-63-A5MP","Cuproptosis",12,0.432356150135427,"PCD_C2"
"TCGA-63-A5MR","Cuproptosis",12,-0.175139189160689,"PCD_C1"
"TCGA-63-A5MS","Cuproptosis",12,-0.93332433102307,"PCD_C1"
"TCGA-63-A5MT","Cuproptosis",12,-0.181072947264679,"PCD_C1"
"TCGA-63-A5MU","Cuproptosis",12,0.57883253321318,"PCD_C2"
"TCGA-63-A5MV","Cuproptosis",12,0.432702801695568,"PCD_C1"
"TCGA-63-A5MW","Cuproptosis",12,0.621818868248212,"PCD_C1"
"TCGA-63-A5MY","Cuproptosis",12,-0.0214874403440856,"PCD_C2"
"TCGA-66-2727","Cuproptosis",12,0.0426744403841802,"PCD_C2"
"TCGA-66-2734","Cuproptosis",12,0.316357460859979,"PCD_C1"
"TCGA-66-2737","Cuproptosis",12,0.264343078236387,"PCD_C2"
"TCGA-66-2742","Cuproptosis",12,-0.189639691600408,"PCD_C1"
"TCGA-66-2744","Cuproptosis",12,-0.271726846152596,"PCD_C1"
"TCGA-66-2753","Cuproptosis",12,0.536363889322536,"PCD_C1"
"TCGA-66-2754","Cuproptosis",12,0.952153629035049,"PCD_C2"
"TCGA-66-2755","Cuproptosis",12,0.00793610405522147,"PCD_C1"
"TCGA-66-2756","Cuproptosis",12,0.305100251804788,"PCD_C1"
"TCGA-66-2757","Cuproptosis",12,0.710937903627715,"PCD_C1"
"TCGA-66-2758","Cuproptosis",12,0.0961195461784436,"PCD_C2"
"TCGA-66-2759","Cuproptosis",12,0.320265217969312,"PCD_C2"
"TCGA-66-2763","Cuproptosis",12,0.200272147206227,"PCD_C1"
"TCGA-66-2765","Cuproptosis",12,-0.61811276680885,"PCD_C1"
"TCGA-66-2766","Cuproptosis",12,-0.0148263012867712,"PCD_C2"
"TCGA-66-2767","Cuproptosis",12,-0.675281554511816,"PCD_C1"
"TCGA-66-2768","Cuproptosis",12,-0.0619901846468425,"PCD_C1"
"TCGA-66-2769","Cuproptosis",12,0.00229751051849926,"PCD_C1"
"TCGA-66-2770","Cuproptosis",12,-0.171245587336399,"PCD_C2"
"TCGA-66-2771","Cuproptosis",12,-0.273113537064975,"PCD_C1"
"TCGA-66-2773","Cuproptosis",12,0.186573512169247,"PCD_C2"
"TCGA-66-2777","Cuproptosis",12,0.183879167461312,"PCD_C2"
"TCGA-66-2778","Cuproptosis",12,-0.521630689863916,"PCD_C1"
"TCGA-66-2780","Cuproptosis",12,-0.510153543138062,"PCD_C1"
"TCGA-66-2781","Cuproptosis",12,-0.152834519357673,"PCD_C2"
"TCGA-66-2782","Cuproptosis",12,-0.209991525537636,"PCD_C1"
"TCGA-66-2783","Cuproptosis",12,-0.643273889346212,"PCD_C2"
"TCGA-66-2785","Cuproptosis",12,-0.129255906670148,"PCD_C1"
"TCGA-66-2786","Cuproptosis",12,0.612705088407157,"PCD_C1"
"TCGA-66-2787","Cuproptosis",12,0.426522367645663,"PCD_C2"
"TCGA-66-2788","Cuproptosis",12,-0.381372665232584,"PCD_C1"
"TCGA-66-2789","Cuproptosis",12,0.248212188421145,"PCD_C1"
"TCGA-66-2790","Cuproptosis",12,0.538619997141586,"PCD_C1"
"TCGA-66-2791","Cuproptosis",12,0.200540329425873,"PCD_C2"
"TCGA-66-2792","Cuproptosis",12,0.433279857352011,"PCD_C2"
"TCGA-66-2793","Cuproptosis",12,0.727175680326566,"PCD_C1"
"TCGA-66-2794","Cuproptosis",12,-0.0744630107430882,"PCD_C2"
"TCGA-66-2795","Cuproptosis",12,-0.0840653978840767,"PCD_C2"
"TCGA-66-2800","Cuproptosis",12,0.112622390799533,"PCD_C2"
"TCGA-68-7755","Cuproptosis",12,0.478123620942907,"PCD_C2"
"TCGA-68-7756","Cuproptosis",12,0.0243939106374272,"PCD_C2"
"TCGA-68-7757","Cuproptosis",12,-0.103453983061735,"PCD_C1"
"TCGA-68-8250","Cuproptosis",12,0.562488101185069,"PCD_C1"
"TCGA-68-8251","Cuproptosis",12,-0.00640464077599859,"PCD_C1"
"TCGA-68-A59I","Cuproptosis",12,-0.206696491359884,"PCD_C1"
"TCGA-68-A59J","Cuproptosis",12,0.453402643361123,"PCD_C2"
"TCGA-6A-AB49","Cuproptosis",12,-0.187915143199483,"PCD_C1"
"TCGA-70-6722","Cuproptosis",12,-0.0820440493086199,"PCD_C1"
"TCGA-70-6723","Cuproptosis",12,0.624976752853465,"PCD_C2"
"TCGA-77-6842","Cuproptosis",12,0.0524062819440323,"PCD_C1"
"TCGA-77-6843","Cuproptosis",12,1.02872666251707,"PCD_C2"
"TCGA-77-6844","Cuproptosis",12,0.223962959607793,"PCD_C1"
"TCGA-77-6845","Cuproptosis",12,0.35148175459185,"PCD_C2"
"TCGA-77-7138","Cuproptosis",12,0.156879806465892,"PCD_C1"
"TCGA-77-7139","Cuproptosis",12,-0.0586255629027137,"PCD_C2"
"TCGA-77-7140","Cuproptosis",12,0.0820201124295015,"PCD_C2"
"TCGA-77-7141","Cuproptosis",12,0.310061011731389,"PCD_C2"
"TCGA-77-7142","Cuproptosis",12,0.566815732061516,"PCD_C1"
"TCGA-77-7335","Cuproptosis",12,-0.526000571415054,"PCD_C1"
"TCGA-77-7337","Cuproptosis",12,0.635124871022902,"PCD_C1"
"TCGA-77-7338","Cuproptosis",12,0.490781128674869,"PCD_C2"
"TCGA-77-7463","Cuproptosis",12,0.262828634491591,"PCD_C2"
"TCGA-77-7465","Cuproptosis",12,0.238364434524628,"PCD_C1"
"TCGA-77-8007","Cuproptosis",12,0.703040854419007,"PCD_C1"
"TCGA-77-8008","Cuproptosis",12,-0.377054418522348,"PCD_C1"
"TCGA-77-8009","Cuproptosis",12,-0.0541981592046524,"PCD_C2"
"TCGA-77-8128","Cuproptosis",12,0.0781806744781712,"PCD_C2"
"TCGA-77-8130","Cuproptosis",12,-0.637336550347722,"PCD_C1"
"TCGA-77-8131","Cuproptosis",12,-0.514480246495276,"PCD_C1"
"TCGA-77-8133","Cuproptosis",12,0.199212573926676,"PCD_C1"
"TCGA-77-8136","Cuproptosis",12,0.118845294154627,"PCD_C1"
"TCGA-77-8138","Cuproptosis",12,-0.112192594530321,"PCD_C2"
"TCGA-77-8139","Cuproptosis",12,-0.172640355132233,"PCD_C1"
"TCGA-77-8140","Cuproptosis",12,0.256585434702288,"PCD_C1"
"TCGA-77-8143","Cuproptosis",12,-0.0127494054311718,"PCD_C1"
"TCGA-77-8144","Cuproptosis",12,0.726469515495574,"PCD_C1"
"TCGA-77-8145","Cuproptosis",12,-0.177384056328323,"PCD_C1"
"TCGA-77-8146","Cuproptosis",12,-0.134758593690874,"PCD_C2"
"TCGA-77-8148","Cuproptosis",12,-0.536284484939108,"PCD_C2"
"TCGA-77-8150","Cuproptosis",12,-0.381692908757115,"PCD_C2"
"TCGA-77-8153","Cuproptosis",12,-0.336534531168321,"PCD_C2"
"TCGA-77-8154","Cuproptosis",12,0.446471891541731,"PCD_C2"
"TCGA-77-8156","Cuproptosis",12,0.0432118647024823,"PCD_C2"
"TCGA-77-A5FZ","Cuproptosis",12,-0.736355785936487,"PCD_C1"
"TCGA-77-A5G1","Cuproptosis",12,0.101280197619765,"PCD_C1"
"TCGA-77-A5G3","Cuproptosis",12,0.0159126186690567,"PCD_C2"
"TCGA-77-A5G6","Cuproptosis",12,0.102901704921484,"PCD_C1"
"TCGA-77-A5G7","Cuproptosis",12,-0.249104279842342,"PCD_C1"
"TCGA-77-A5G8","Cuproptosis",12,-0.634439583793983,"PCD_C2"
"TCGA-77-A5GA","Cuproptosis",12,-0.742338879079592,"PCD_C2"
"TCGA-77-A5GB","Cuproptosis",12,-0.407180928204664,"PCD_C1"
"TCGA-77-A5GF","Cuproptosis",12,-0.150327006470394,"PCD_C2"
"TCGA-77-A5GH","Cuproptosis",12,0.0207901877733825,"PCD_C1"
"TCGA-79-5596","Cuproptosis",12,-0.156673229793782,"PCD_C2"
"TCGA-85-6175","Cuproptosis",12,0.114061091088113,"PCD_C1"
"TCGA-85-6560","Cuproptosis",12,0.839717418718181,"PCD_C1"
"TCGA-85-6561","Cuproptosis",12,-0.583655946347582,"PCD_C2"
"TCGA-85-6798","Cuproptosis",12,-0.546035372962416,"PCD_C2"
"TCGA-85-7696","Cuproptosis",12,-0.0236545492156942,"PCD_C2"
"TCGA-85-7697","Cuproptosis",12,0.312059809764422,"PCD_C1"
"TCGA-85-7698","Cuproptosis",12,0.383925108098131,"PCD_C2"
"TCGA-85-7699","Cuproptosis",12,-0.0737129724438849,"PCD_C1"
"TCGA-85-7710","Cuproptosis",12,0.345550928920129,"PCD_C1"
"TCGA-85-7843","Cuproptosis",12,0.600663505352334,"PCD_C2"
"TCGA-85-7844","Cuproptosis",12,0.0347736013381686,"PCD_C2"
"TCGA-85-7950","Cuproptosis",12,0.457330832203738,"PCD_C1"
"TCGA-85-8048","Cuproptosis",12,-0.267745522321337,"PCD_C1"
"TCGA-85-8049","Cuproptosis",12,-0.44887095811574,"PCD_C2"
"TCGA-85-8052","Cuproptosis",12,0.167059135247245,"PCD_C2"
"TCGA-85-8070","Cuproptosis",12,0.652234747944168,"PCD_C2"
"TCGA-85-8071","Cuproptosis",12,0.303990720765797,"PCD_C2"
"TCGA-85-8072","Cuproptosis",12,0.115003221986176,"PCD_C2"
"TCGA-85-8276","Cuproptosis",12,-0.0941005952323589,"PCD_C1"
"TCGA-85-8277","Cuproptosis",12,0.511796493556321,"PCD_C2"
"TCGA-85-8287","Cuproptosis",12,-0.624773222329764,"PCD_C1"
"TCGA-85-8288","Cuproptosis",12,0.063402582804699,"PCD_C1"
"TCGA-85-8350","Cuproptosis",12,-0.226017861756152,"PCD_C1"
"TCGA-85-8351","Cuproptosis",12,0.680153540571483,"PCD_C1"
"TCGA-85-8352","Cuproptosis",12,0.4070435667117,"PCD_C1"
"TCGA-85-8353","Cuproptosis",12,-0.460333618577221,"PCD_C1"
"TCGA-85-8354","Cuproptosis",12,-0.232003198108875,"PCD_C2"
"TCGA-85-8355","Cuproptosis",12,0.203668428068131,"PCD_C2"
"TCGA-85-8479","Cuproptosis",12,-0.459957631449604,"PCD_C1"
"TCGA-85-8481","Cuproptosis",12,-0.58898039429071,"PCD_C1"
"TCGA-85-8580","Cuproptosis",12,0.174066593032856,"PCD_C2"
"TCGA-85-8582","Cuproptosis",12,-0.0831891458371162,"PCD_C1"
"TCGA-85-8584","Cuproptosis",12,-0.44269190503169,"PCD_C2"
"TCGA-85-8664","Cuproptosis",12,-0.207689789078134,"PCD_C1"
"TCGA-85-8666","Cuproptosis",12,0.54552109941278,"PCD_C2"
"TCGA-85-A4CL","Cuproptosis",12,-0.881248564001279,"PCD_C2"
"TCGA-85-A4CN","Cuproptosis",12,-0.337396086617608,"PCD_C2"
"TCGA-85-A4JB","Cuproptosis",12,0.590240060721169,"PCD_C1"
"TCGA-85-A4JC","Cuproptosis",12,-0.711924300210453,"PCD_C1"
"TCGA-85-A4PA","Cuproptosis",12,-0.29691697656876,"PCD_C1"
"TCGA-85-A4QQ","Cuproptosis",12,-0.607207139607996,"PCD_C1"
"TCGA-85-A4QR","Cuproptosis",12,0.0290091958611164,"PCD_C1"
"TCGA-85-A50M","Cuproptosis",12,0.189327814227138,"PCD_C1"
"TCGA-85-A50Z","Cuproptosis",12,-0.379562666517948,"PCD_C1"
"TCGA-85-A510","Cuproptosis",12,0.27232936209703,"PCD_C1"
"TCGA-85-A511","Cuproptosis",12,-0.0927196248833536,"PCD_C1"
"TCGA-85-A512","Cuproptosis",12,0.334942197403354,"PCD_C2"
"TCGA-85-A513","Cuproptosis",12,-1.42986305175075,"PCD_C1"
"TCGA-85-A53L","Cuproptosis",12,-0.0863076300041609,"PCD_C1"
"TCGA-85-A5B5","Cuproptosis",12,-0.37072480760524,"PCD_C2"
"TCGA-90-6837","Cuproptosis",12,-1.06379269744546,"PCD_C1"
"TCGA-90-7766","Cuproptosis",12,-0.280224318452701,"PCD_C1"
"TCGA-90-7767","Cuproptosis",12,0.734021836633909,"PCD_C1"
"TCGA-90-7769","Cuproptosis",12,-0.00325472282789845,"PCD_C2"
"TCGA-90-7964","Cuproptosis",12,-0.316070886456672,"PCD_C2"
"TCGA-90-A4ED","Cuproptosis",12,-0.860999492676267,"PCD_C1"
"TCGA-90-A4EE","Cuproptosis",12,0.113288256943539,"PCD_C1"
"TCGA-90-A59Q","Cuproptosis",12,-1.12021015938154,"PCD_C1"
"TCGA-92-7340","Cuproptosis",12,-0.201667722244538,"PCD_C1"
"TCGA-92-7341","Cuproptosis",12,0.0970347272856474,"PCD_C2"
"TCGA-92-8063","Cuproptosis",12,0.454317852746217,"PCD_C2"
"TCGA-92-8064","Cuproptosis",12,-0.559583398342077,"PCD_C2"
"TCGA-92-8065","Cuproptosis",12,-0.552482466146547,"PCD_C1"
"TCGA-94-7033","Cuproptosis",12,-1.00138301707746,"PCD_C1"
"TCGA-94-7557","Cuproptosis",12,0.907944252727826,"PCD_C2"
"TCGA-94-7943","Cuproptosis",12,0.605358816855838,"PCD_C2"
"TCGA-94-8035","Cuproptosis",12,0.188802537213704,"PCD_C1"
"TCGA-94-8490","Cuproptosis",12,0.0563366334260553,"PCD_C2"
"TCGA-94-8491","Cuproptosis",12,-0.508451756822279,"PCD_C2"
"TCGA-94-A4VJ","Cuproptosis",12,-0.545497934185402,"PCD_C1"
"TCGA-94-A5I4","Cuproptosis",12,0.683251701127505,"PCD_C2"
"TCGA-94-A5I6","Cuproptosis",12,0.295170130375521,"PCD_C2"
"TCGA-96-7544","Cuproptosis",12,0.3636645666594,"PCD_C1"
"TCGA-96-7545","Cuproptosis",12,0.514890176560654,"PCD_C2"
"TCGA-96-8169","Cuproptosis",12,-0.267958106616283,"PCD_C2"
"TCGA-96-8170","Cuproptosis",12,-0.298137830990999,"PCD_C1"
"TCGA-96-A4JK","Cuproptosis",12,0.325586645138058,"PCD_C2"
"TCGA-96-A4JL","Cuproptosis",12,0.172872550438121,"PCD_C1"
"TCGA-98-7454","Cuproptosis",12,0.240697570932375,"PCD_C1"
"TCGA-98-8020","Cuproptosis",12,-0.0771446966063048,"PCD_C1"
"TCGA-98-8021","Cuproptosis",12,-0.0570843533091831,"PCD_C1"
"TCGA-98-8022","Cuproptosis",12,-0.393262021598494,"PCD_C1"
"TCGA-98-8023","Cuproptosis",12,-0.564317063999611,"PCD_C1"
"TCGA-98-A538","Cuproptosis",12,0.414435833072133,"PCD_C1"
"TCGA-98-A539","Cuproptosis",12,-0.1740114605818,"PCD_C2"
"TCGA-98-A53A","Cuproptosis",12,0.45579250979872,"PCD_C2"
"TCGA-98-A53B","Cuproptosis",12,0.0966552499806546,"PCD_C1"
"TCGA-98-A53C","Cuproptosis",12,-0.492669299804802,"PCD_C1"
"TCGA-98-A53D","Cuproptosis",12,-0.110229662136826,"PCD_C1"
"TCGA-98-A53H","Cuproptosis",12,0.0464819721334861,"PCD_C1"
"TCGA-98-A53I","Cuproptosis",12,-0.339369868104375,"PCD_C2"
"TCGA-98-A53J","Cuproptosis",12,-0.354139386348959,"PCD_C2"
"TCGA-J1-A4AH","Cuproptosis",12,-0.322587317678882,"PCD_C2"
"TCGA-L3-A4E7","Cuproptosis",12,-0.0447127818599496,"PCD_C1"
"TCGA-L3-A524","Cuproptosis",12,0.323643929768041,"PCD_C2"
"TCGA-LA-A446","Cuproptosis",12,-0.0953887158658147,"PCD_C2"
"TCGA-LA-A7SW","Cuproptosis",12,0.527311184411453,"PCD_C1"
"TCGA-MF-A522","Cuproptosis",12,0.461417213558191,"PCD_C2"
"TCGA-NC-A5HD","Cuproptosis",12,0.377915266779362,"PCD_C2"
"TCGA-NC-A5HE","Cuproptosis",12,-0.249288904720895,"PCD_C2"
"TCGA-NC-A5HF","Cuproptosis",12,-0.190038073277687,"PCD_C2"
"TCGA-NC-A5HG","Cuproptosis",12,0.156630123114721,"PCD_C1"
"TCGA-NC-A5HH","Cuproptosis",12,1.17121509500182,"PCD_C1"
"TCGA-NC-A5HI","Cuproptosis",12,-0.0283240223828765,"PCD_C1"
"TCGA-NC-A5HJ","Cuproptosis",12,0.374527562870272,"PCD_C1"
"TCGA-NC-A5HK","Cuproptosis",12,0.00990375215040274,"PCD_C1"
"TCGA-NC-A5HL","Cuproptosis",12,-0.367260112737411,"PCD_C2"
"TCGA-NC-A5HM","Cuproptosis",12,0.11299333388772,"PCD_C1"
"TCGA-NC-A5HN","Cuproptosis",12,-0.322060225621588,"PCD_C2"
"TCGA-NC-A5HO","Cuproptosis",12,-0.452669856717703,"PCD_C2"
"TCGA-NC-A5HP","Cuproptosis",12,0.251601258305954,"PCD_C1"
"TCGA-NC-A5HQ","Cuproptosis",12,-0.0553016313464583,"PCD_C1"
"TCGA-NC-A5HR","Cuproptosis",12,0.324082997038462,"PCD_C2"
"TCGA-NC-A5HT","Cuproptosis",12,0.656692395210283,"PCD_C2"
"TCGA-NK-A5CR","Cuproptosis",12,0.045998958307226,"PCD_C2"
"TCGA-NK-A5CT","Cuproptosis",12,-0.458428568763653,"PCD_C1"
"TCGA-NK-A5CX","Cuproptosis",12,-0.589012249341323,"PCD_C1"
"TCGA-NK-A5D1","Cuproptosis",12,0.152273619549395,"PCD_C1"
"TCGA-NK-A7XE","Cuproptosis",12,-0.638841292535771,"PCD_C2"
"TCGA-O2-A52N","Cuproptosis",12,-0.106003031613905,"PCD_C1"
"TCGA-O2-A52Q","Cuproptosis",12,0.36243355747565,"PCD_C1"
"TCGA-O2-A52S","Cuproptosis",12,0.372806512201421,"PCD_C2"
"TCGA-O2-A52V","Cuproptosis",12,0.332029772756997,"PCD_C2"
"TCGA-O2-A52W","Cuproptosis",12,-0.825463792102789,"PCD_C1"
"TCGA-O2-A5IB","Cuproptosis",12,0.512198965645476,"PCD_C1"
"TCGA-XC-AA0X","Cuproptosis",12,-0.0993483240489303,"PCD_C2"
"TCGA-18-3406","Ferroptosis",89,-0.976608611837429,"PCD_C1"
"TCGA-18-3407","Ferroptosis",89,-0.0316549700611395,"PCD_C2"
"TCGA-18-3408","Ferroptosis",89,0.307630808041722,"PCD_C2"
"TCGA-18-3409","Ferroptosis",89,0.145934825499514,"PCD_C1"
"TCGA-18-3410","Ferroptosis",89,0.0590788124697922,"PCD_C1"
"TCGA-18-3411","Ferroptosis",89,0.199795235516578,"PCD_C2"
"TCGA-18-3412","Ferroptosis",89,0.455129715611992,"PCD_C2"
"TCGA-18-3414","Ferroptosis",89,0.291559323129121,"PCD_C1"
"TCGA-18-3415","Ferroptosis",89,0.415541295272647,"PCD_C2"
"TCGA-18-3416","Ferroptosis",89,0.247704268047095,"PCD_C2"
"TCGA-18-3417","Ferroptosis",89,-0.332604322131257,"PCD_C1"
"TCGA-18-3419","Ferroptosis",89,-0.128623710438779,"PCD_C1"
"TCGA-18-3421","Ferroptosis",89,-0.0800744790898712,"PCD_C2"
"TCGA-18-4083","Ferroptosis",89,-0.367486346503667,"PCD_C1"
"TCGA-18-4086","Ferroptosis",89,0.136791838759236,"PCD_C2"
"TCGA-18-4721","Ferroptosis",89,0.292754347840659,"PCD_C2"
"TCGA-18-5592","Ferroptosis",89,0.168169562271689,"PCD_C2"
"TCGA-18-5595","Ferroptosis",89,0.569760656800331,"PCD_C2"
"TCGA-21-1070","Ferroptosis",89,-0.668996290824287,"PCD_C1"
"TCGA-21-1071","Ferroptosis",89,0.01634284866349,"PCD_C1"
"TCGA-21-1072","Ferroptosis",89,0.461412118791343,"PCD_C2"
"TCGA-21-1075","Ferroptosis",89,0.539656445286667,"PCD_C2"
"TCGA-21-1076","Ferroptosis",89,0.222275583686822,"PCD_C1"
"TCGA-21-1077","Ferroptosis",89,0.15661953327894,"PCD_C2"
"TCGA-21-1078","Ferroptosis",89,-0.162516122325643,"PCD_C2"
"TCGA-21-1079","Ferroptosis",89,-0.019308781875439,"PCD_C1"
"TCGA-21-1080","Ferroptosis",89,-0.136791193602794,"PCD_C1"
"TCGA-21-1081","Ferroptosis",89,-0.253469788698212,"PCD_C2"
"TCGA-21-1082","Ferroptosis",89,-0.442078434862847,"PCD_C1"
"TCGA-21-1083","Ferroptosis",89,0.25014357805109,"PCD_C2"
"TCGA-21-5782","Ferroptosis",89,-0.140880764256065,"PCD_C1"
"TCGA-21-5783","Ferroptosis",89,-0.019878317757024,"PCD_C1"
"TCGA-21-5784","Ferroptosis",89,-0.405745076269744,"PCD_C1"
"TCGA-21-5786","Ferroptosis",89,-0.243085989137896,"PCD_C1"
"TCGA-21-5787","Ferroptosis",89,-0.41917146502463,"PCD_C1"
"TCGA-21-A5DI","Ferroptosis",89,-0.0165659344184906,"PCD_C1"
"TCGA-22-0940","Ferroptosis",89,0.0452118068938813,"PCD_C1"
"TCGA-22-0944","Ferroptosis",89,0.0793396881928609,"PCD_C2"
"TCGA-22-1000","Ferroptosis",89,-0.291764290821892,"PCD_C1"
"TCGA-22-1002","Ferroptosis",89,0.106411800558942,"PCD_C1"
"TCGA-22-1005","Ferroptosis",89,-1.7560271934318,"PCD_C1"
"TCGA-22-1011","Ferroptosis",89,-0.756085372162288,"PCD_C1"
"TCGA-22-1012","Ferroptosis",89,-0.0322667835543474,"PCD_C2"
"TCGA-22-1016","Ferroptosis",89,-0.32134677854058,"PCD_C1"
"TCGA-22-1017","Ferroptosis",89,0.274443913855078,"PCD_C1"
"TCGA-22-4591","Ferroptosis",89,0.614634387554402,"PCD_C2"
"TCGA-22-4593","Ferroptosis",89,0.117520087334166,"PCD_C1"
"TCGA-22-4594","Ferroptosis",89,-0.382589287078604,"PCD_C2"
"TCGA-22-4595","Ferroptosis",89,-0.162875112914165,"PCD_C1"
"TCGA-22-4596","Ferroptosis",89,0.0981431619696774,"PCD_C1"
"TCGA-22-4599","Ferroptosis",89,-0.105187554286286,"PCD_C2"
"TCGA-22-4601","Ferroptosis",89,0.210684742369611,"PCD_C2"
"TCGA-22-4604","Ferroptosis",89,-0.115608482992245,"PCD_C1"
"TCGA-22-4605","Ferroptosis",89,0.187976540784004,"PCD_C2"
"TCGA-22-4607","Ferroptosis",89,-0.206179613010051,"PCD_C1"
"TCGA-22-4609","Ferroptosis",89,0.0383593209434616,"PCD_C1"
"TCGA-22-4613","Ferroptosis",89,-0.065377019521526,"PCD_C1"
"TCGA-22-5471","Ferroptosis",89,-0.0675472360924173,"PCD_C1"
"TCGA-22-5472","Ferroptosis",89,0.334010154441942,"PCD_C1"
"TCGA-22-5473","Ferroptosis",89,0.431514369955422,"PCD_C2"
"TCGA-22-5474","Ferroptosis",89,0.194090134035314,"PCD_C2"
"TCGA-22-5477","Ferroptosis",89,0.678430821169485,"PCD_C2"
"TCGA-22-5478","Ferroptosis",89,0.156886335481934,"PCD_C1"
"TCGA-22-5479","Ferroptosis",89,-0.0519290305697941,"PCD_C2"
"TCGA-22-5480","Ferroptosis",89,-0.0904574535252934,"PCD_C1"
"TCGA-22-5481","Ferroptosis",89,-0.70564864592853,"PCD_C1"
"TCGA-22-5482","Ferroptosis",89,0.174203167097487,"PCD_C2"
"TCGA-22-5483","Ferroptosis",89,0.558832092015387,"PCD_C2"
"TCGA-22-5485","Ferroptosis",89,0.506236120742457,"PCD_C2"
"TCGA-22-5489","Ferroptosis",89,-0.592094540555562,"PCD_C1"
"TCGA-22-5491","Ferroptosis",89,0.338240397681176,"PCD_C2"
"TCGA-22-5492","Ferroptosis",89,0.139472687793846,"PCD_C1"
"TCGA-22-A5C4","Ferroptosis",89,0.335043569518195,"PCD_C1"
"TCGA-33-4532","Ferroptosis",89,0.357054951511283,"PCD_C2"
"TCGA-33-4533","Ferroptosis",89,0.0432980790944168,"PCD_C1"
"TCGA-33-4538","Ferroptosis",89,0.458022058712858,"PCD_C2"
"TCGA-33-4547","Ferroptosis",89,0.147074546480392,"PCD_C2"
"TCGA-33-4566","Ferroptosis",89,-0.063232824778082,"PCD_C2"
"TCGA-33-4582","Ferroptosis",89,-0.0992333960819612,"PCD_C1"
"TCGA-33-4583","Ferroptosis",89,0.152535702766903,"PCD_C2"
"TCGA-33-4586","Ferroptosis",89,0.453026063209534,"PCD_C2"
"TCGA-33-4587","Ferroptosis",89,-0.0630902011589808,"PCD_C1"
"TCGA-33-4589","Ferroptosis",89,-0.827073744659351,"PCD_C2"
"TCGA-33-6737","Ferroptosis",89,-0.180398751923524,"PCD_C2"
"TCGA-33-6738","Ferroptosis",89,-0.0815844739674768,"PCD_C2"
"TCGA-33-A4WN","Ferroptosis",89,0.110777379524419,"PCD_C2"
"TCGA-33-A5GW","Ferroptosis",89,-0.0835522821589952,"PCD_C2"
"TCGA-33-AAS8","Ferroptosis",89,0.431664244927598,"PCD_C2"
"TCGA-33-AASB","Ferroptosis",89,0.108710176454733,"PCD_C2"
"TCGA-33-AASD","Ferroptosis",89,0.246258963441147,"PCD_C2"
"TCGA-33-AASI","Ferroptosis",89,-0.670545612863929,"PCD_C1"
"TCGA-33-AASJ","Ferroptosis",89,0.000667258653051806,"PCD_C2"
"TCGA-33-AASL","Ferroptosis",89,-0.539256757766233,"PCD_C2"
"TCGA-34-2596","Ferroptosis",89,0.460340818971156,"PCD_C2"
"TCGA-34-2600","Ferroptosis",89,-0.33351688022388,"PCD_C1"
"TCGA-34-2608","Ferroptosis",89,0.0148915999177028,"PCD_C2"
"TCGA-34-5231","Ferroptosis",89,-0.154963033112769,"PCD_C1"
"TCGA-34-5232","Ferroptosis",89,-0.0421674369719264,"PCD_C1"
"TCGA-34-5234","Ferroptosis",89,-0.457157254097231,"PCD_C1"
"TCGA-34-5236","Ferroptosis",89,0.108033902939952,"PCD_C2"
"TCGA-34-5239","Ferroptosis",89,-0.326066106344339,"PCD_C1"
"TCGA-34-5240","Ferroptosis",89,0.420443349558613,"PCD_C2"
"TCGA-34-5241","Ferroptosis",89,0.471335982991462,"PCD_C1"
"TCGA-34-5927","Ferroptosis",89,0.104154060634191,"PCD_C1"
"TCGA-34-5928","Ferroptosis",89,0.0100893335043337,"PCD_C1"
"TCGA-34-5929","Ferroptosis",89,0.101974684552396,"PCD_C1"
"TCGA-34-7107","Ferroptosis",89,0.0991582983536907,"PCD_C2"
"TCGA-34-8454","Ferroptosis",89,-0.130452713037811,"PCD_C1"
"TCGA-34-8455","Ferroptosis",89,0.120125583892628,"PCD_C1"
"TCGA-34-8456","Ferroptosis",89,0.0875770179194188,"PCD_C2"
"TCGA-34-A5IX","Ferroptosis",89,-0.869627832071184,"PCD_C1"
"TCGA-37-3783","Ferroptosis",89,-0.560848116553742,"PCD_C1"
"TCGA-37-3789","Ferroptosis",89,0.175403332407865,"PCD_C1"
"TCGA-37-3792","Ferroptosis",89,0.325433562924784,"PCD_C1"
"TCGA-37-4129","Ferroptosis",89,-0.197489223216167,"PCD_C1"
"TCGA-37-4130","Ferroptosis",89,-0.500819502927545,"PCD_C1"
"TCGA-37-4132","Ferroptosis",89,-0.358021579214299,"PCD_C2"
"TCGA-37-4133","Ferroptosis",89,0.350685063615943,"PCD_C2"
"TCGA-37-4135","Ferroptosis",89,-0.25351415505618,"PCD_C1"
"TCGA-37-4141","Ferroptosis",89,0.0521204901617691,"PCD_C1"
"TCGA-37-5819","Ferroptosis",89,-0.41746177548467,"PCD_C1"
"TCGA-37-A5EL","Ferroptosis",89,0.027898515228917,"PCD_C2"
"TCGA-37-A5EM","Ferroptosis",89,-0.0201854408248976,"PCD_C1"
"TCGA-37-A5EN","Ferroptosis",89,-0.0760571404829682,"PCD_C2"
"TCGA-39-5011","Ferroptosis",89,0.623081755437965,"PCD_C1"
"TCGA-39-5016","Ferroptosis",89,0.61489249771445,"PCD_C2"
"TCGA-39-5019","Ferroptosis",89,0.0847696684212411,"PCD_C1"
"TCGA-39-5021","Ferroptosis",89,0.139891764844648,"PCD_C2"
"TCGA-39-5022","Ferroptosis",89,-0.495572388313331,"PCD_C2"
"TCGA-39-5024","Ferroptosis",89,-0.30828304989449,"PCD_C1"
"TCGA-39-5027","Ferroptosis",89,-0.140279718059687,"PCD_C2"
"TCGA-39-5028","Ferroptosis",89,-0.185282145150258,"PCD_C1"
"TCGA-39-5029","Ferroptosis",89,0.075550115685385,"PCD_C2"
"TCGA-39-5030","Ferroptosis",89,-0.80408069234853,"PCD_C1"
"TCGA-39-5031","Ferroptosis",89,-0.0686191481685328,"PCD_C1"
"TCGA-39-5034","Ferroptosis",89,-0.0401433367004731,"PCD_C2"
"TCGA-39-5035","Ferroptosis",89,-0.611562494346556,"PCD_C1"
"TCGA-39-5036","Ferroptosis",89,0.285506150522268,"PCD_C2"
"TCGA-39-5037","Ferroptosis",89,0.0149918878436064,"PCD_C2"
"TCGA-39-5039","Ferroptosis",89,0.125211747157006,"PCD_C1"
"TCGA-39-5040","Ferroptosis",89,0.0299886219451662,"PCD_C1"
"TCGA-43-2576","Ferroptosis",89,-0.68764696258207,"PCD_C1"
"TCGA-43-2578","Ferroptosis",89,-0.0177410390455664,"PCD_C1"
"TCGA-43-2581","Ferroptosis",89,0.20422377418345,"PCD_C1"
"TCGA-43-3394","Ferroptosis",89,0.310392540157177,"PCD_C2"
"TCGA-43-3920","Ferroptosis",89,-0.157577245870215,"PCD_C1"
"TCGA-43-5668","Ferroptosis",89,0.191350041743315,"PCD_C1"
"TCGA-43-5670","Ferroptosis",89,0.0371168396112004,"PCD_C1"
"TCGA-43-6143","Ferroptosis",89,0.454271942137791,"PCD_C1"
"TCGA-43-6647","Ferroptosis",89,-0.160133244716796,"PCD_C1"
"TCGA-43-6770","Ferroptosis",89,0.420608571691621,"PCD_C2"
"TCGA-43-6771","Ferroptosis",89,-0.402139736791449,"PCD_C1"
"TCGA-43-6773","Ferroptosis",89,-0.936578833704471,"PCD_C2"
"TCGA-43-7656","Ferroptosis",89,-0.180327939602715,"PCD_C1"
"TCGA-43-7657","Ferroptosis",89,0.0544238274390055,"PCD_C2"
"TCGA-43-7658","Ferroptosis",89,0.0806100545198511,"PCD_C1"
"TCGA-43-8115","Ferroptosis",89,0.0785281042199505,"PCD_C1"
"TCGA-43-8116","Ferroptosis",89,-0.246682278481218,"PCD_C1"
"TCGA-43-8118","Ferroptosis",89,0.284397838441646,"PCD_C1"
"TCGA-43-A474","Ferroptosis",89,0.26106798367996,"PCD_C2"
"TCGA-43-A475","Ferroptosis",89,0.226293738080837,"PCD_C2"
"TCGA-43-A56U","Ferroptosis",89,-1.1300700421395,"PCD_C1"
"TCGA-43-A56V","Ferroptosis",89,-0.0792749657453847,"PCD_C1"
"TCGA-46-3765","Ferroptosis",89,0.214087322952783,"PCD_C2"
"TCGA-46-3766","Ferroptosis",89,-0.458909469973989,"PCD_C1"
"TCGA-46-3767","Ferroptosis",89,-0.0348411832445297,"PCD_C1"
"TCGA-46-3768","Ferroptosis",89,0.663858421686243,"PCD_C2"
"TCGA-46-3769","Ferroptosis",89,0.514474183981796,"PCD_C2"
"TCGA-46-6025","Ferroptosis",89,-0.0527083582049528,"PCD_C2"
"TCGA-46-6026","Ferroptosis",89,-0.231470020988943,"PCD_C1"
"TCGA-51-4079","Ferroptosis",89,0.215454318510279,"PCD_C2"
"TCGA-51-4080","Ferroptosis",89,0.311574278744086,"PCD_C2"
"TCGA-51-4081","Ferroptosis",89,0.376562907766553,"PCD_C2"
"TCGA-51-6867","Ferroptosis",89,0.525366358632566,"PCD_C2"
"TCGA-52-7622","Ferroptosis",89,0.494003318695791,"PCD_C2"
"TCGA-52-7809","Ferroptosis",89,0.0333796695940715,"PCD_C1"
"TCGA-52-7810","Ferroptosis",89,0.0753102571974106,"PCD_C1"
"TCGA-52-7811","Ferroptosis",89,0.206652481838211,"PCD_C2"
"TCGA-52-7812","Ferroptosis",89,0.483420949361782,"PCD_C1"
"TCGA-56-1622","Ferroptosis",89,0.500996536605721,"PCD_C1"
"TCGA-56-5897","Ferroptosis",89,-0.117066277649745,"PCD_C2"
"TCGA-56-5898","Ferroptosis",89,0.148262457646613,"PCD_C1"
"TCGA-56-6545","Ferroptosis",89,-0.0126815703245683,"PCD_C1"
"TCGA-56-6546","Ferroptosis",89,-0.348008377789688,"PCD_C1"
"TCGA-56-7221","Ferroptosis",89,-0.0869138364715509,"PCD_C2"
"TCGA-56-7222","Ferroptosis",89,0.0627598524339997,"PCD_C1"
"TCGA-56-7223","Ferroptosis",89,0.230383787694796,"PCD_C2"
"TCGA-56-7579","Ferroptosis",89,0.0317522039543845,"PCD_C2"
"TCGA-56-7580","Ferroptosis",89,-0.401468792883466,"PCD_C1"
"TCGA-56-7582","Ferroptosis",89,0.205098470096439,"PCD_C2"
"TCGA-56-7730","Ferroptosis",89,0.186028198655324,"PCD_C2"
"TCGA-56-7731","Ferroptosis",89,-0.172471989831628,"PCD_C1"
"TCGA-56-7822","Ferroptosis",89,0.0600430540527761,"PCD_C1"
"TCGA-56-7823","Ferroptosis",89,0.147802489193458,"PCD_C2"
"TCGA-56-8082","Ferroptosis",89,0.309976734182305,"PCD_C1"
"TCGA-56-8083","Ferroptosis",89,0.0627596277367472,"PCD_C1"
"TCGA-56-8201","Ferroptosis",89,1.16154718801555e-05,"PCD_C1"
"TCGA-56-8304","Ferroptosis",89,-0.477000157721627,"PCD_C1"
"TCGA-56-8305","Ferroptosis",89,-0.027350325960382,"PCD_C2"
"TCGA-56-8307","Ferroptosis",89,-0.329801802457191,"PCD_C1"
"TCGA-56-8308","Ferroptosis",89,-0.0149515137381668,"PCD_C2"
"TCGA-56-8309","Ferroptosis",89,-0.113807823424509,"PCD_C1"
"TCGA-56-8503","Ferroptosis",89,-0.231683931073982,"PCD_C1"
"TCGA-56-8504","Ferroptosis",89,0.522922684957613,"PCD_C2"
"TCGA-56-8622","Ferroptosis",89,-0.320270630026774,"PCD_C1"
"TCGA-56-8623","Ferroptosis",89,-0.0741607063500309,"PCD_C1"
"TCGA-56-8624","Ferroptosis",89,-0.257140063877715,"PCD_C1"
"TCGA-56-8625","Ferroptosis",89,0.0460964278034026,"PCD_C1"
"TCGA-56-8626","Ferroptosis",89,0.177789366568612,"PCD_C1"
"TCGA-56-8628","Ferroptosis",89,0.10133236273806,"PCD_C1"
"TCGA-56-8629","Ferroptosis",89,0.1939689733987,"PCD_C2"
"TCGA-56-A49D","Ferroptosis",89,-0.151101381945621,"PCD_C1"
"TCGA-56-A4BW","Ferroptosis",89,-0.40529332134932,"PCD_C1"
"TCGA-56-A4BX","Ferroptosis",89,0.10074616497848,"PCD_C2"
"TCGA-56-A4BY","Ferroptosis",89,0.409352651702755,"PCD_C2"
"TCGA-56-A4ZJ","Ferroptosis",89,0.0876791972714598,"PCD_C1"
"TCGA-56-A4ZK","Ferroptosis",89,0.255036276475553,"PCD_C2"
"TCGA-56-A5DR","Ferroptosis",89,0.266011235718993,"PCD_C2"
"TCGA-56-A5DS","Ferroptosis",89,-0.30786773061372,"PCD_C1"
"TCGA-56-A62T","Ferroptosis",89,0.403525031356369,"PCD_C2"
"TCGA-58-8386","Ferroptosis",89,0.0877401465437668,"PCD_C1"
"TCGA-58-8387","Ferroptosis",89,-0.845587163448383,"PCD_C1"
"TCGA-58-8388","Ferroptosis",89,0.0725827744840395,"PCD_C1"
"TCGA-58-8390","Ferroptosis",89,0.220564151150001,"PCD_C1"
"TCGA-58-8391","Ferroptosis",89,0.240526643976215,"PCD_C2"
"TCGA-58-8392","Ferroptosis",89,0.293321706245964,"PCD_C2"
"TCGA-58-8393","Ferroptosis",89,0.404519069517922,"PCD_C2"
"TCGA-58-A46J","Ferroptosis",89,-0.0844092475299139,"PCD_C1"
"TCGA-58-A46K","Ferroptosis",89,0.642552036708908,"PCD_C2"
"TCGA-58-A46L","Ferroptosis",89,-0.0178823744513035,"PCD_C1"
"TCGA-58-A46M","Ferroptosis",89,0.357963856084784,"PCD_C2"
"TCGA-58-A46N","Ferroptosis",89,0.135317558893223,"PCD_C2"
"TCGA-60-2695","Ferroptosis",89,-0.0385945846987155,"PCD_C1"
"TCGA-60-2696","Ferroptosis",89,0.252677970936174,"PCD_C1"
"TCGA-60-2697","Ferroptosis",89,-0.36452079635373,"PCD_C1"
"TCGA-60-2698","Ferroptosis",89,0.378579958512812,"PCD_C1"
"TCGA-60-2703","Ferroptosis",89,-0.0552928838637682,"PCD_C1"
"TCGA-60-2704","Ferroptosis",89,-0.0140831657886623,"PCD_C1"
"TCGA-60-2706","Ferroptosis",89,0.583706214616904,"PCD_C2"
"TCGA-60-2707","Ferroptosis",89,0.197719178218611,"PCD_C1"
"TCGA-60-2708","Ferroptosis",89,-0.0466645454821856,"PCD_C1"
"TCGA-60-2709","Ferroptosis",89,-0.0482021669219296,"PCD_C2"
"TCGA-60-2710","Ferroptosis",89,0.422431071155832,"PCD_C2"
"TCGA-60-2711","Ferroptosis",89,0.0551215174022026,"PCD_C1"
"TCGA-60-2712","Ferroptosis",89,-0.846679529207133,"PCD_C1"
"TCGA-60-2713","Ferroptosis",89,0.194002948558988,"PCD_C1"
"TCGA-60-2714","Ferroptosis",89,0.0264145815154109,"PCD_C1"
"TCGA-60-2715","Ferroptosis",89,-0.0501173232115485,"PCD_C1"
"TCGA-60-2716","Ferroptosis",89,-0.216512279408327,"PCD_C1"
"TCGA-60-2719","Ferroptosis",89,0.360988961425682,"PCD_C1"
"TCGA-60-2720","Ferroptosis",89,-0.689864950476718,"PCD_C1"
"TCGA-60-2721","Ferroptosis",89,-0.318031738152889,"PCD_C1"
"TCGA-60-2722","Ferroptosis",89,0.353297840341896,"PCD_C2"
"TCGA-60-2723","Ferroptosis",89,0.262708498495036,"PCD_C2"
"TCGA-60-2724","Ferroptosis",89,-0.0151421257816672,"PCD_C1"
"TCGA-60-2725","Ferroptosis",89,0.15495013340309,"PCD_C1"
"TCGA-60-2726","Ferroptosis",89,-0.366985632351943,"PCD_C1"
"TCGA-63-5128","Ferroptosis",89,-0.0599378686613475,"PCD_C2"
"TCGA-63-5131","Ferroptosis",89,0.438822739558972,"PCD_C1"
"TCGA-63-6202","Ferroptosis",89,-0.193124905406412,"PCD_C1"
"TCGA-63-7020","Ferroptosis",89,0.162475710648897,"PCD_C1"
"TCGA-63-7021","Ferroptosis",89,-0.603882422798371,"PCD_C1"
"TCGA-63-7022","Ferroptosis",89,-0.898489564089084,"PCD_C1"
"TCGA-63-7023","Ferroptosis",89,-0.0264791667847932,"PCD_C1"
"TCGA-63-A5M9","Ferroptosis",89,0.408268056465698,"PCD_C2"
"TCGA-63-A5MB","Ferroptosis",89,0.180883122474958,"PCD_C2"
"TCGA-63-A5MG","Ferroptosis",89,-0.941141970756616,"PCD_C1"
"TCGA-63-A5MH","Ferroptosis",89,0.0914845810898314,"PCD_C1"
"TCGA-63-A5MI","Ferroptosis",89,-0.104320901863787,"PCD_C1"
"TCGA-63-A5MJ","Ferroptosis",89,0.380558952843852,"PCD_C2"
"TCGA-63-A5ML","Ferroptosis",89,0.580202803125845,"PCD_C2"
"TCGA-63-A5MM","Ferroptosis",89,-0.184525995871687,"PCD_C1"
"TCGA-63-A5MN","Ferroptosis",89,-0.520533769771193,"PCD_C1"
"TCGA-63-A5MP","Ferroptosis",89,0.0484857209233054,"PCD_C2"
"TCGA-63-A5MR","Ferroptosis",89,-0.271545120402433,"PCD_C1"
"TCGA-63-A5MS","Ferroptosis",89,-0.349316201089617,"PCD_C1"
"TCGA-63-A5MT","Ferroptosis",89,-0.0271028612325822,"PCD_C1"
"TCGA-63-A5MU","Ferroptosis",89,0.135731999835687,"PCD_C2"
"TCGA-63-A5MV","Ferroptosis",89,0.00868714192837322,"PCD_C1"
"TCGA-63-A5MW","Ferroptosis",89,-0.216954597123737,"PCD_C1"
"TCGA-63-A5MY","Ferroptosis",89,-0.010353358799236,"PCD_C2"
"TCGA-66-2727","Ferroptosis",89,0.610501564530633,"PCD_C2"
"TCGA-66-2734","Ferroptosis",89,0.240210712056084,"PCD_C1"
"TCGA-66-2737","Ferroptosis",89,0.367911045814047,"PCD_C2"
"TCGA-66-2742","Ferroptosis",89,0.136973922584032,"PCD_C1"
"TCGA-66-2744","Ferroptosis",89,-0.0743910586505667,"PCD_C1"
"TCGA-66-2753","Ferroptosis",89,0.259157032095221,"PCD_C1"
"TCGA-66-2754","Ferroptosis",89,0.354295026781937,"PCD_C2"
"TCGA-66-2755","Ferroptosis",89,0.225582870565584,"PCD_C1"
"TCGA-66-2756","Ferroptosis",89,0.152084626011826,"PCD_C1"
"TCGA-66-2757","Ferroptosis",89,-0.00338172787943779,"PCD_C1"
"TCGA-66-2758","Ferroptosis",89,0.366306748499834,"PCD_C2"
"TCGA-66-2759","Ferroptosis",89,0.347972897784053,"PCD_C2"
"TCGA-66-2763","Ferroptosis",89,0.0580098864649809,"PCD_C1"
"TCGA-66-2765","Ferroptosis",89,-0.276027948929075,"PCD_C1"
"TCGA-66-2766","Ferroptosis",89,0.485934312938765,"PCD_C2"
"TCGA-66-2767","Ferroptosis",89,-0.0745367280102671,"PCD_C1"
"TCGA-66-2768","Ferroptosis",89,0.0980379410834362,"PCD_C1"
"TCGA-66-2769","Ferroptosis",89,0.0439057832611063,"PCD_C1"
"TCGA-66-2770","Ferroptosis",89,0.242401942660758,"PCD_C2"
"TCGA-66-2771","Ferroptosis",89,-0.341118970249373,"PCD_C1"
"TCGA-66-2773","Ferroptosis",89,0.555724176689264,"PCD_C2"
"TCGA-66-2777","Ferroptosis",89,0.611406093989525,"PCD_C2"
"TCGA-66-2778","Ferroptosis",89,-0.19856134876484,"PCD_C1"
"TCGA-66-2780","Ferroptosis",89,-0.116730177682218,"PCD_C1"
"TCGA-66-2781","Ferroptosis",89,0.000627604450507576,"PCD_C2"
"TCGA-66-2782","Ferroptosis",89,-0.157339933997969,"PCD_C1"
"TCGA-66-2783","Ferroptosis",89,0.262885963532977,"PCD_C2"
"TCGA-66-2785","Ferroptosis",89,-0.410118181422047,"PCD_C1"
"TCGA-66-2786","Ferroptosis",89,0.165033244366292,"PCD_C1"
"TCGA-66-2787","Ferroptosis",89,0.29100347054729,"PCD_C2"
"TCGA-66-2788","Ferroptosis",89,0.014779735326532,"PCD_C1"
"TCGA-66-2789","Ferroptosis",89,0.199071374526484,"PCD_C1"
"TCGA-66-2790","Ferroptosis",89,0.0957611824958236,"PCD_C1"
"TCGA-66-2791","Ferroptosis",89,0.193407360536272,"PCD_C2"
"TCGA-66-2792","Ferroptosis",89,0.393923935511365,"PCD_C2"
"TCGA-66-2793","Ferroptosis",89,0.0926888337201581,"PCD_C1"
"TCGA-66-2794","Ferroptosis",89,0.53500049143195,"PCD_C2"
"TCGA-66-2795","Ferroptosis",89,0.123753561745417,"PCD_C2"
"TCGA-66-2800","Ferroptosis",89,0.511912017107351,"PCD_C2"
"TCGA-68-7755","Ferroptosis",89,0.325733022186778,"PCD_C2"
"TCGA-68-7756","Ferroptosis",89,0.336904486289424,"PCD_C2"
"TCGA-68-7757","Ferroptosis",89,-0.211244977304553,"PCD_C1"
"TCGA-68-8250","Ferroptosis",89,0.428338901111866,"PCD_C1"
"TCGA-68-8251","Ferroptosis",89,-0.143663900586294,"PCD_C1"
"TCGA-68-A59I","Ferroptosis",89,-0.185586396129923,"PCD_C1"
"TCGA-68-A59J","Ferroptosis",89,0.255822506003407,"PCD_C2"
"TCGA-6A-AB49","Ferroptosis",89,-0.493944235291246,"PCD_C1"
"TCGA-70-6722","Ferroptosis",89,0.00584226537777962,"PCD_C1"
"TCGA-70-6723","Ferroptosis",89,0.423844922052345,"PCD_C2"
"TCGA-77-6842","Ferroptosis",89,0.269798934981847,"PCD_C1"
"TCGA-77-6843","Ferroptosis",89,0.461898414412662,"PCD_C2"
"TCGA-77-6844","Ferroptosis",89,-0.0450898949917591,"PCD_C1"
"TCGA-77-6845","Ferroptosis",89,0.268012996612699,"PCD_C2"
"TCGA-77-7138","Ferroptosis",89,-0.40718814918977,"PCD_C1"
"TCGA-77-7139","Ferroptosis",89,0.0239349646462443,"PCD_C2"
"TCGA-77-7140","Ferroptosis",89,0.0520905452692103,"PCD_C2"
"TCGA-77-7141","Ferroptosis",89,0.521413251283918,"PCD_C2"
"TCGA-77-7142","Ferroptosis",89,0.241222622250028,"PCD_C1"
"TCGA-77-7335","Ferroptosis",89,-0.337347274198887,"PCD_C1"
"TCGA-77-7337","Ferroptosis",89,0.336809524134145,"PCD_C1"
"TCGA-77-7338","Ferroptosis",89,0.470120448426527,"PCD_C2"
"TCGA-77-7463","Ferroptosis",89,0.0202760213627174,"PCD_C2"
"TCGA-77-7465","Ferroptosis",89,-0.217379806929502,"PCD_C1"
"TCGA-77-8007","Ferroptosis",89,0.262208824275912,"PCD_C1"
"TCGA-77-8008","Ferroptosis",89,-0.257683748219388,"PCD_C1"
"TCGA-77-8009","Ferroptosis",89,0.458873997651771,"PCD_C2"
"TCGA-77-8128","Ferroptosis",89,0.33679764000564,"PCD_C2"
"TCGA-77-8130","Ferroptosis",89,-0.382659881083063,"PCD_C1"
"TCGA-77-8131","Ferroptosis",89,-0.28259430797685,"PCD_C1"
"TCGA-77-8133","Ferroptosis",89,0.215292327876292,"PCD_C1"
"TCGA-77-8136","Ferroptosis",89,-0.137750909700286,"PCD_C1"
"TCGA-77-8138","Ferroptosis",89,0.0537122512196503,"PCD_C2"
"TCGA-77-8139","Ferroptosis",89,-0.516081293999027,"PCD_C1"
"TCGA-77-8140","Ferroptosis",89,-0.176359713969765,"PCD_C1"
"TCGA-77-8143","Ferroptosis",89,-0.0706177019677412,"PCD_C1"
"TCGA-77-8144","Ferroptosis",89,-0.387297804376577,"PCD_C1"
"TCGA-77-8145","Ferroptosis",89,-0.00787836096221636,"PCD_C1"
"TCGA-77-8146","Ferroptosis",89,0.268915211098628,"PCD_C2"
"TCGA-77-8148","Ferroptosis",89,0.0162019985237109,"PCD_C2"
"TCGA-77-8150","Ferroptosis",89,0.144061628013243,"PCD_C2"
"TCGA-77-8153","Ferroptosis",89,0.320701126497361,"PCD_C2"
"TCGA-77-8154","Ferroptosis",89,0.246386981939314,"PCD_C2"
"TCGA-77-8156","Ferroptosis",89,0.22206458830561,"PCD_C2"
"TCGA-77-A5FZ","Ferroptosis",89,-0.544898761146944,"PCD_C1"
"TCGA-77-A5G1","Ferroptosis",89,0.111813194158611,"PCD_C1"
"TCGA-77-A5G3","Ferroptosis",89,0.258213428689371,"PCD_C2"
"TCGA-77-A5G6","Ferroptosis",89,-0.143580207216073,"PCD_C1"
"TCGA-77-A5G7","Ferroptosis",89,-0.524972512203753,"PCD_C1"
"TCGA-77-A5G8","Ferroptosis",89,-0.419319633539667,"PCD_C2"
"TCGA-77-A5GA","Ferroptosis",89,-0.161883784988268,"PCD_C2"
"TCGA-77-A5GB","Ferroptosis",89,-0.575566559753203,"PCD_C1"
"TCGA-77-A5GF","Ferroptosis",89,0.201381369004892,"PCD_C2"
"TCGA-77-A5GH","Ferroptosis",89,-0.222009745814334,"PCD_C1"
"TCGA-79-5596","Ferroptosis",89,0.10653827534239,"PCD_C2"
"TCGA-85-6175","Ferroptosis",89,-0.00287459300976867,"PCD_C1"
"TCGA-85-6560","Ferroptosis",89,0.136470619088411,"PCD_C1"
"TCGA-85-6561","Ferroptosis",89,-0.207945142488365,"PCD_C2"
"TCGA-85-6798","Ferroptosis",89,-0.0193196274775499,"PCD_C2"
"TCGA-85-7696","Ferroptosis",89,0.191106615989993,"PCD_C2"
"TCGA-85-7697","Ferroptosis",89,-0.123220437950297,"PCD_C1"
"TCGA-85-7698","Ferroptosis",89,0.511310858079978,"PCD_C2"
"TCGA-85-7699","Ferroptosis",89,-0.0919012059115033,"PCD_C1"
"TCGA-85-7710","Ferroptosis",89,0.0242083627408139,"PCD_C1"
"TCGA-85-7843","Ferroptosis",89,0.349392967616767,"PCD_C2"
"TCGA-85-7844","Ferroptosis",89,0.375080527751833,"PCD_C2"
"TCGA-85-7950","Ferroptosis",89,0.14591461073843,"PCD_C1"
"TCGA-85-8048","Ferroptosis",89,-0.108954125621201,"PCD_C1"
"TCGA-85-8049","Ferroptosis",89,-0.165550612924827,"PCD_C2"
"TCGA-85-8052","Ferroptosis",89,0.30622457081456,"PCD_C2"
"TCGA-85-8070","Ferroptosis",89,0.34948003994875,"PCD_C2"
"TCGA-85-8071","Ferroptosis",89,0.372862771703871,"PCD_C2"
"TCGA-85-8072","Ferroptosis",89,0.379469663635259,"PCD_C2"
"TCGA-85-8276","Ferroptosis",89,-0.394436648034131,"PCD_C1"
"TCGA-85-8277","Ferroptosis",89,0.323824227917059,"PCD_C2"
"TCGA-85-8287","Ferroptosis",89,-0.561897975578144,"PCD_C1"
"TCGA-85-8288","Ferroptosis",89,-0.064392555462231,"PCD_C1"
"TCGA-85-8350","Ferroptosis",89,-0.0563587703876929,"PCD_C1"
"TCGA-85-8351","Ferroptosis",89,0.25756083592629,"PCD_C1"
"TCGA-85-8352","Ferroptosis",89,-0.18743998449624,"PCD_C1"
"TCGA-85-8353","Ferroptosis",89,-0.0924592328164568,"PCD_C1"
"TCGA-85-8354","Ferroptosis",89,-0.0393835605958554,"PCD_C2"
"TCGA-85-8355","Ferroptosis",89,0.268504518184703,"PCD_C2"
"TCGA-85-8479","Ferroptosis",89,-0.487495538457043,"PCD_C1"
"TCGA-85-8481","Ferroptosis",89,0.0256132906939689,"PCD_C1"
"TCGA-85-8580","Ferroptosis",89,0.131951404257567,"PCD_C2"
"TCGA-85-8582","Ferroptosis",89,-0.0281825425218774,"PCD_C1"
"TCGA-85-8584","Ferroptosis",89,-0.197540264395181,"PCD_C2"
"TCGA-85-8664","Ferroptosis",89,-0.16951369974438,"PCD_C1"
"TCGA-85-8666","Ferroptosis",89,0.395639118502911,"PCD_C2"
"TCGA-85-A4CL","Ferroptosis",89,-0.35509676915238,"PCD_C2"
"TCGA-85-A4CN","Ferroptosis",89,0.231380937900403,"PCD_C2"
"TCGA-85-A4JB","Ferroptosis",89,-0.289314560464365,"PCD_C1"
"TCGA-85-A4JC","Ferroptosis",89,-0.525617107679921,"PCD_C1"
"TCGA-85-A4PA","Ferroptosis",89,-0.648222508951774,"PCD_C1"
"TCGA-85-A4QQ","Ferroptosis",89,-0.412881589910493,"PCD_C1"
"TCGA-85-A4QR","Ferroptosis",89,-0.00568017548620678,"PCD_C1"
"TCGA-85-A50M","Ferroptosis",89,-0.112635162170132,"PCD_C1"
"TCGA-85-A50Z","Ferroptosis",89,-0.361463722458151,"PCD_C1"
"TCGA-85-A510","Ferroptosis",89,-0.0890782734369099,"PCD_C1"
"TCGA-85-A511","Ferroptosis",89,0.0597915817190205,"PCD_C1"
"TCGA-85-A512","Ferroptosis",89,0.0247660767945882,"PCD_C2"
"TCGA-85-A513","Ferroptosis",89,-0.978483529755593,"PCD_C1"
"TCGA-85-A53L","Ferroptosis",89,-0.155661161236263,"PCD_C1"
"TCGA-85-A5B5","Ferroptosis",89,0.12489759055707,"PCD_C2"
"TCGA-90-6837","Ferroptosis",89,-0.689161019765241,"PCD_C1"
"TCGA-90-7766","Ferroptosis",89,-0.326552584729101,"PCD_C1"
"TCGA-90-7767","Ferroptosis",89,0.0471650439694857,"PCD_C1"
"TCGA-90-7769","Ferroptosis",89,0.0605309900617198,"PCD_C2"
"TCGA-90-7964","Ferroptosis",89,0.0462878356833347,"PCD_C2"
"TCGA-90-A4ED","Ferroptosis",89,-0.867374083903323,"PCD_C1"
"TCGA-90-A4EE","Ferroptosis",89,-0.189222555493145,"PCD_C1"
"TCGA-90-A59Q","Ferroptosis",89,-1.03250870455429,"PCD_C1"
"TCGA-92-7340","Ferroptosis",89,-0.136479882311741,"PCD_C1"
"TCGA-92-7341","Ferroptosis",89,0.315948086462016,"PCD_C2"
"TCGA-92-8063","Ferroptosis",89,0.472877015412626,"PCD_C2"
"TCGA-92-8064","Ferroptosis",89,-0.145454359509553,"PCD_C2"
"TCGA-92-8065","Ferroptosis",89,-0.984213119829607,"PCD_C1"
"TCGA-94-7033","Ferroptosis",89,-0.749114222908787,"PCD_C1"
"TCGA-94-7557","Ferroptosis",89,0.600030272936331,"PCD_C2"
"TCGA-94-7943","Ferroptosis",89,0.190512717250407,"PCD_C2"
"TCGA-94-8035","Ferroptosis",89,0.0544078286006993,"PCD_C1"
"TCGA-94-8490","Ferroptosis",89,0.119217947954869,"PCD_C2"
"TCGA-94-8491","Ferroptosis",89,-0.0856617443322035,"PCD_C2"
"TCGA-94-A4VJ","Ferroptosis",89,-0.119273798409981,"PCD_C1"
"TCGA-94-A5I4","Ferroptosis",89,0.320564157792689,"PCD_C2"
"TCGA-94-A5I6","Ferroptosis",89,0.426595903087621,"PCD_C2"
"TCGA-96-7544","Ferroptosis",89,0.10743373287204,"PCD_C1"
"TCGA-96-7545","Ferroptosis",89,0.421369005612379,"PCD_C2"
"TCGA-96-8169","Ferroptosis",89,-0.104229554574498,"PCD_C2"
"TCGA-96-8170","Ferroptosis",89,-0.234759609160742,"PCD_C1"
"TCGA-96-A4JK","Ferroptosis",89,0.165069941667011,"PCD_C2"
"TCGA-96-A4JL","Ferroptosis",89,-0.278991834321818,"PCD_C1"
"TCGA-98-7454","Ferroptosis",89,-0.257788243755422,"PCD_C1"
"TCGA-98-8020","Ferroptosis",89,-0.0456191075350421,"PCD_C1"
"TCGA-98-8021","Ferroptosis",89,0.142460098584931,"PCD_C1"
"TCGA-98-8022","Ferroptosis",89,-0.290029448572834,"PCD_C1"
"TCGA-98-8023","Ferroptosis",89,-0.431473518588489,"PCD_C1"
"TCGA-98-A538","Ferroptosis",89,-0.00979841012403239,"PCD_C1"
"TCGA-98-A539","Ferroptosis",89,-0.0558642035433045,"PCD_C2"
"TCGA-98-A53A","Ferroptosis",89,-0.0572207596434808,"PCD_C2"
"TCGA-98-A53B","Ferroptosis",89,0.254406998528216,"PCD_C1"
"TCGA-98-A53C","Ferroptosis",89,-0.479457819498445,"PCD_C1"
"TCGA-98-A53D","Ferroptosis",89,-0.110017596634843,"PCD_C1"
"TCGA-98-A53H","Ferroptosis",89,-0.0585862547036408,"PCD_C1"
"TCGA-98-A53I","Ferroptosis",89,0.0182431116525341,"PCD_C2"
"TCGA-98-A53J","Ferroptosis",89,-0.129760346514914,"PCD_C2"
"TCGA-J1-A4AH","Ferroptosis",89,-0.0604552934496938,"PCD_C2"
"TCGA-L3-A4E7","Ferroptosis",89,-0.152496305954925,"PCD_C1"
"TCGA-L3-A524","Ferroptosis",89,0.370364521377192,"PCD_C2"
"TCGA-LA-A446","Ferroptosis",89,0.498574704868694,"PCD_C2"
"TCGA-LA-A7SW","Ferroptosis",89,-0.00770819569605943,"PCD_C1"
"TCGA-MF-A522","Ferroptosis",89,-0.0339412438662021,"PCD_C2"
"TCGA-NC-A5HD","Ferroptosis",89,0.0636133991042047,"PCD_C2"
"TCGA-NC-A5HE","Ferroptosis",89,-0.0700810686760367,"PCD_C2"
"TCGA-NC-A5HF","Ferroptosis",89,-0.10767684689919,"PCD_C2"
"TCGA-NC-A5HG","Ferroptosis",89,-0.260713377303962,"PCD_C1"
"TCGA-NC-A5HH","Ferroptosis",89,-0.126966598314006,"PCD_C1"
"TCGA-NC-A5HI","Ferroptosis",89,-0.228879935326224,"PCD_C1"
"TCGA-NC-A5HJ","Ferroptosis",89,0.0322365084366422,"PCD_C1"
"TCGA-NC-A5HK","Ferroptosis",89,0.048213232811413,"PCD_C1"
"TCGA-NC-A5HL","Ferroptosis",89,0.221468864159069,"PCD_C2"
"TCGA-NC-A5HM","Ferroptosis",89,-0.22530768290684,"PCD_C1"
"TCGA-NC-A5HN","Ferroptosis",89,-0.178242077693305,"PCD_C2"
"TCGA-NC-A5HO","Ferroptosis",89,-0.0882865341884929,"PCD_C2"
"TCGA-NC-A5HP","Ferroptosis",89,0.00296951675619826,"PCD_C1"
"TCGA-NC-A5HQ","Ferroptosis",89,-0.148714859822209,"PCD_C1"
"TCGA-NC-A5HR","Ferroptosis",89,-0.0641387642786086,"PCD_C2"
"TCGA-NC-A5HT","Ferroptosis",89,-0.115411857671929,"PCD_C2"
"TCGA-NK-A5CR","Ferroptosis",89,0.27621003008005,"PCD_C2"
"TCGA-NK-A5CT","Ferroptosis",89,-0.235841197401089,"PCD_C1"
"TCGA-NK-A5CX","Ferroptosis",89,-0.263634810356492,"PCD_C1"
"TCGA-NK-A5D1","Ferroptosis",89,-0.0687436671197606,"PCD_C1"
"TCGA-NK-A7XE","Ferroptosis",89,-0.480520504806347,"PCD_C2"
"TCGA-O2-A52N","Ferroptosis",89,-0.237413450608979,"PCD_C1"
"TCGA-O2-A52Q","Ferroptosis",89,0.375874793482452,"PCD_C1"
"TCGA-O2-A52S","Ferroptosis",89,0.592303130728138,"PCD_C2"
"TCGA-O2-A52V","Ferroptosis",89,0.239916518939352,"PCD_C2"
"TCGA-O2-A52W","Ferroptosis",89,-0.752073472845525,"PCD_C1"
"TCGA-O2-A5IB","Ferroptosis",89,0.178599518194824,"PCD_C1"
"TCGA-XC-AA0X","Ferroptosis",89,0.0736654645080139,"PCD_C2"
"TCGA-18-3406","Necroptosis",32,-0.980299713847135,"PCD_C1"
"TCGA-18-3407","Necroptosis",32,-0.17661629832238,"PCD_C2"
"TCGA-18-3408","Necroptosis",32,0.132078534434957,"PCD_C2"
"TCGA-18-3409","Necroptosis",32,0.151036418834404,"PCD_C1"
"TCGA-18-3410","Necroptosis",32,1.0717037887202,"PCD_C1"
"TCGA-18-3411","Necroptosis",32,-0.390659249164727,"PCD_C2"
"TCGA-18-3412","Necroptosis",32,-0.0562578253913551,"PCD_C2"
"TCGA-18-3414","Necroptosis",32,0.4495663495671,"PCD_C1"
"TCGA-18-3415","Necroptosis",32,-0.0797708531813822,"PCD_C2"
"TCGA-18-3416","Necroptosis",32,0.568143619685517,"PCD_C2"
"TCGA-18-3417","Necroptosis",32,-0.571107204199568,"PCD_C1"
"TCGA-18-3419","Necroptosis",32,-0.157384539070854,"PCD_C1"
"TCGA-18-3421","Necroptosis",32,-0.589579677900028,"PCD_C2"
"TCGA-18-4083","Necroptosis",32,-0.43684161568533,"PCD_C1"
"TCGA-18-4086","Necroptosis",32,-0.140979296269054,"PCD_C2"
"TCGA-18-4721","Necroptosis",32,-0.180555980353961,"PCD_C2"
"TCGA-18-5592","Necroptosis",32,-0.192160737632973,"PCD_C2"
"TCGA-18-5595","Necroptosis",32,0.153749105585015,"PCD_C2"
"TCGA-21-1070","Necroptosis",32,-0.469267744521385,"PCD_C1"
"TCGA-21-1071","Necroptosis",32,-0.2146784740287,"PCD_C1"
"TCGA-21-1072","Necroptosis",32,0.432380378537944,"PCD_C2"
"TCGA-21-1075","Necroptosis",32,-0.224259850886801,"PCD_C2"
"TCGA-21-1076","Necroptosis",32,0.201259413630323,"PCD_C1"
"TCGA-21-1077","Necroptosis",32,-0.0406884153765339,"PCD_C2"
"TCGA-21-1078","Necroptosis",32,0.655793523626048,"PCD_C2"
"TCGA-21-1079","Necroptosis",32,0.484575591835447,"PCD_C1"
"TCGA-21-1080","Necroptosis",32,0.303433547439335,"PCD_C1"
"TCGA-21-1081","Necroptosis",32,-0.216977522665905,"PCD_C2"
"TCGA-21-1082","Necroptosis",32,-0.422114011779321,"PCD_C1"
"TCGA-21-1083","Necroptosis",32,0.266061487783905,"PCD_C2"
"TCGA-21-5782","Necroptosis",32,-0.439842249103318,"PCD_C1"
"TCGA-21-5783","Necroptosis",32,0.191609822352311,"PCD_C1"
"TCGA-21-5784","Necroptosis",32,-0.540008478240758,"PCD_C1"
"TCGA-21-5786","Necroptosis",32,-0.402172252877342,"PCD_C1"
"TCGA-21-5787","Necroptosis",32,-0.12836149992869,"PCD_C1"
"TCGA-21-A5DI","Necroptosis",32,0.317288888746282,"PCD_C1"
"TCGA-22-0940","Necroptosis",32,0.196547440383788,"PCD_C1"
"TCGA-22-0944","Necroptosis",32,-0.0206512161516238,"PCD_C2"
"TCGA-22-1000","Necroptosis",32,-0.223706888519957,"PCD_C1"
"TCGA-22-1002","Necroptosis",32,0.582981195950896,"PCD_C1"
"TCGA-22-1005","Necroptosis",32,-1.91035696831852,"PCD_C1"
"TCGA-22-1011","Necroptosis",32,-0.64445261235945,"PCD_C1"
"TCGA-22-1012","Necroptosis",32,-0.361084761942058,"PCD_C2"
"TCGA-22-1016","Necroptosis",32,-0.0275521467839159,"PCD_C1"
"TCGA-22-1017","Necroptosis",32,0.421074251138823,"PCD_C1"
"TCGA-22-4591","Necroptosis",32,0.133664881977495,"PCD_C2"
"TCGA-22-4593","Necroptosis",32,0.127127949819913,"PCD_C1"
"TCGA-22-4594","Necroptosis",32,-0.571848076932325,"PCD_C2"
"TCGA-22-4595","Necroptosis",32,0.0640019986124777,"PCD_C1"
"TCGA-22-4596","Necroptosis",32,0.314518926680455,"PCD_C1"
"TCGA-22-4599","Necroptosis",32,-0.539135265503004,"PCD_C2"
"TCGA-22-4601","Necroptosis",32,0.0835207667950824,"PCD_C2"
"TCGA-22-4604","Necroptosis",32,-0.0697391775701372,"PCD_C1"
"TCGA-22-4605","Necroptosis",32,-0.14362465369303,"PCD_C2"
"TCGA-22-4607","Necroptosis",32,-0.256213174206174,"PCD_C1"
"TCGA-22-4609","Necroptosis",32,0.0133355309055415,"PCD_C1"
"TCGA-22-4613","Necroptosis",32,-0.159113665423564,"PCD_C1"
"TCGA-22-5471","Necroptosis",32,0.275394891363378,"PCD_C1"
"TCGA-22-5472","Necroptosis",32,0.595270037798273,"PCD_C1"
"TCGA-22-5473","Necroptosis",32,0.210234067515017,"PCD_C2"
"TCGA-22-5474","Necroptosis",32,0.207093928409792,"PCD_C2"
"TCGA-22-5477","Necroptosis",32,0.316062521028833,"PCD_C2"
"TCGA-22-5478","Necroptosis",32,-0.0129117336163145,"PCD_C1"
"TCGA-22-5479","Necroptosis",32,-0.229532646212131,"PCD_C2"
"TCGA-22-5480","Necroptosis",32,0.547037507109667,"PCD_C1"
"TCGA-22-5481","Necroptosis",32,-0.556973392761011,"PCD_C1"
"TCGA-22-5482","Necroptosis",32,-0.160512458315372,"PCD_C2"
"TCGA-22-5483","Necroptosis",32,0.27419880387259,"PCD_C2"
"TCGA-22-5485","Necroptosis",32,-0.103071542228561,"PCD_C2"
"TCGA-22-5489","Necroptosis",32,-0.396578412020598,"PCD_C1"
"TCGA-22-5491","Necroptosis",32,0.139311390980421,"PCD_C2"
"TCGA-22-5492","Necroptosis",32,0.139801966520872,"PCD_C1"
"TCGA-22-A5C4","Necroptosis",32,0.0471298629504211,"PCD_C1"
"TCGA-33-4532","Necroptosis",32,-0.149793410436801,"PCD_C2"
"TCGA-33-4533","Necroptosis",32,-0.0168461849307944,"PCD_C1"
"TCGA-33-4538","Necroptosis",32,0.482557643364694,"PCD_C2"
"TCGA-33-4547","Necroptosis",32,-0.0969209080032137,"PCD_C2"
"TCGA-33-4566","Necroptosis",32,0.0085763424205592,"PCD_C2"
"TCGA-33-4582","Necroptosis",32,-0.634193401597298,"PCD_C1"
"TCGA-33-4583","Necroptosis",32,-0.0438901261935805,"PCD_C2"
"TCGA-33-4586","Necroptosis",32,0.0625329667121535,"PCD_C2"
"TCGA-33-4587","Necroptosis",32,-0.233473908701403,"PCD_C1"
"TCGA-33-4589","Necroptosis",32,-0.974009481209608,"PCD_C2"
"TCGA-33-6737","Necroptosis",32,-0.235332505503384,"PCD_C2"
"TCGA-33-6738","Necroptosis",32,-0.719727753514674,"PCD_C2"
"TCGA-33-A4WN","Necroptosis",32,-0.392760897102584,"PCD_C2"
"TCGA-33-A5GW","Necroptosis",32,-0.533736890611301,"PCD_C2"
"TCGA-33-AAS8","Necroptosis",32,0.11336101677502,"PCD_C2"
"TCGA-33-AASB","Necroptosis",32,0.0262679617471119,"PCD_C2"
"TCGA-33-AASD","Necroptosis",32,0.216336888477623,"PCD_C2"
"TCGA-33-AASI","Necroptosis",32,-0.570809097439415,"PCD_C1"
"TCGA-33-AASJ","Necroptosis",32,0.13273716214654,"PCD_C2"
"TCGA-33-AASL","Necroptosis",32,-0.792730146248499,"PCD_C2"
"TCGA-34-2596","Necroptosis",32,0.0829381492303767,"PCD_C2"
"TCGA-34-2600","Necroptosis",32,0.0171142715455521,"PCD_C1"
"TCGA-34-2608","Necroptosis",32,-0.300546319460501,"PCD_C2"
"TCGA-34-5231","Necroptosis",32,0.135357483959032,"PCD_C1"
"TCGA-34-5232","Necroptosis",32,0.0820466847637782,"PCD_C1"
"TCGA-34-5234","Necroptosis",32,-0.497956276652169,"PCD_C1"
"TCGA-34-5236","Necroptosis",32,-0.232382781197522,"PCD_C2"
"TCGA-34-5239","Necroptosis",32,0.365803572920744,"PCD_C1"
"TCGA-34-5240","Necroptosis",32,-0.130084690753658,"PCD_C2"
"TCGA-34-5241","Necroptosis",32,0.28538536556747,"PCD_C1"
"TCGA-34-5927","Necroptosis",32,0.166302286681334,"PCD_C1"
"TCGA-34-5928","Necroptosis",32,0.158614058173105,"PCD_C1"
"TCGA-34-5929","Necroptosis",32,0.515997535178721,"PCD_C1"
"TCGA-34-7107","Necroptosis",32,0.235151907927545,"PCD_C2"
"TCGA-34-8454","Necroptosis",32,0.250881883490572,"PCD_C1"
"TCGA-34-8455","Necroptosis",32,0.21658164893068,"PCD_C1"
"TCGA-34-8456","Necroptosis",32,0.222899318792984,"PCD_C2"
"TCGA-34-A5IX","Necroptosis",32,-0.649055001009515,"PCD_C1"
"TCGA-37-3783","Necroptosis",32,-0.220726496760501,"PCD_C1"
"TCGA-37-3789","Necroptosis",32,0.183218408825505,"PCD_C1"
"TCGA-37-3792","Necroptosis",32,0.725606614757233,"PCD_C1"
"TCGA-37-4129","Necroptosis",32,-0.345004231275013,"PCD_C1"
"TCGA-37-4130","Necroptosis",32,-1.0544491364216,"PCD_C1"
"TCGA-37-4132","Necroptosis",32,-0.811699347443747,"PCD_C2"
"TCGA-37-4133","Necroptosis",32,0.00434192771058585,"PCD_C2"
"TCGA-37-4135","Necroptosis",32,-0.269621556234146,"PCD_C1"
"TCGA-37-4141","Necroptosis",32,-0.0564863555752252,"PCD_C1"
"TCGA-37-5819","Necroptosis",32,-0.880754055111047,"PCD_C1"
"TCGA-37-A5EL","Necroptosis",32,0.758547335936536,"PCD_C2"
"TCGA-37-A5EM","Necroptosis",32,0.158593128020338,"PCD_C1"
"TCGA-37-A5EN","Necroptosis",32,-0.216538997857842,"PCD_C2"
"TCGA-39-5011","Necroptosis",32,0.0511899685705122,"PCD_C1"
"TCGA-39-5016","Necroptosis",32,0.556932286214483,"PCD_C2"
"TCGA-39-5019","Necroptosis",32,-0.0619182396599199,"PCD_C1"
"TCGA-39-5021","Necroptosis",32,-0.177718642177384,"PCD_C2"
"TCGA-39-5022","Necroptosis",32,-0.561094730295234,"PCD_C2"
"TCGA-39-5024","Necroptosis",32,-0.208798209427101,"PCD_C1"
"TCGA-39-5027","Necroptosis",32,-0.763540408485049,"PCD_C2"
"TCGA-39-5028","Necroptosis",32,-0.329671643360328,"PCD_C1"
"TCGA-39-5029","Necroptosis",32,0.0775715248812432,"PCD_C2"
"TCGA-39-5030","Necroptosis",32,-0.375653155374088,"PCD_C1"
"TCGA-39-5031","Necroptosis",32,-0.283276203128882,"PCD_C1"
"TCGA-39-5034","Necroptosis",32,-0.419740463384414,"PCD_C2"
"TCGA-39-5035","Necroptosis",32,-0.296530431754839,"PCD_C1"
"TCGA-39-5036","Necroptosis",32,0.174946339838552,"PCD_C2"
"TCGA-39-5037","Necroptosis",32,-0.689223344136484,"PCD_C2"
"TCGA-39-5039","Necroptosis",32,-0.0206945024475875,"PCD_C1"
"TCGA-39-5040","Necroptosis",32,0.0861895482702354,"PCD_C1"
"TCGA-43-2576","Necroptosis",32,-0.877242309853997,"PCD_C1"
"TCGA-43-2578","Necroptosis",32,-0.407488686492052,"PCD_C1"
"TCGA-43-2581","Necroptosis",32,0.244710239320696,"PCD_C1"
"TCGA-43-3394","Necroptosis",32,0.0666129898878308,"PCD_C2"
"TCGA-43-3920","Necroptosis",32,-0.337235630681148,"PCD_C1"
"TCGA-43-5668","Necroptosis",32,0.0905137776232799,"PCD_C1"
"TCGA-43-5670","Necroptosis",32,0.59560026686693,"PCD_C1"
"TCGA-43-6143","Necroptosis",32,0.449728651163436,"PCD_C1"
"TCGA-43-6647","Necroptosis",32,-0.270417999743849,"PCD_C1"
"TCGA-43-6770","Necroptosis",32,0.311206607463698,"PCD_C2"
"TCGA-43-6771","Necroptosis",32,-0.0842215209591961,"PCD_C1"
"TCGA-43-6773","Necroptosis",32,-1.32713314077958,"PCD_C2"
"TCGA-43-7656","Necroptosis",32,0.103844062265985,"PCD_C1"
"TCGA-43-7657","Necroptosis",32,-0.270512254588829,"PCD_C2"
"TCGA-43-7658","Necroptosis",32,0.254541095894807,"PCD_C1"
"TCGA-43-8115","Necroptosis",32,0.322001142287493,"PCD_C1"
"TCGA-43-8116","Necroptosis",32,0.378288475423218,"PCD_C1"
"TCGA-43-8118","Necroptosis",32,0.451219092983665,"PCD_C1"
"TCGA-43-A474","Necroptosis",32,0.0859655284203397,"PCD_C2"
"TCGA-43-A475","Necroptosis",32,0.326303130951431,"PCD_C2"
"TCGA-43-A56U","Necroptosis",32,-0.86666072206172,"PCD_C1"
"TCGA-43-A56V","Necroptosis",32,-0.149327300423195,"PCD_C1"
"TCGA-46-3765","Necroptosis",32,-0.120992088488557,"PCD_C2"
"TCGA-46-3766","Necroptosis",32,-0.554363835374199,"PCD_C1"
"TCGA-46-3767","Necroptosis",32,0.016224866380058,"PCD_C1"
"TCGA-46-3768","Necroptosis",32,0.248770127158752,"PCD_C2"
"TCGA-46-3769","Necroptosis",32,0.571326044511446,"PCD_C2"
"TCGA-46-6025","Necroptosis",32,-0.50651765691361,"PCD_C2"
"TCGA-46-6026","Necroptosis",32,-0.401669487916366,"PCD_C1"
"TCGA-51-4079","Necroptosis",32,-0.111420273216338,"PCD_C2"
"TCGA-51-4080","Necroptosis",32,-0.0241746346253898,"PCD_C2"
"TCGA-51-4081","Necroptosis",32,0.121037857347875,"PCD_C2"
"TCGA-51-6867","Necroptosis",32,0.547280226702309,"PCD_C2"
"TCGA-52-7622","Necroptosis",32,0.385863368916862,"PCD_C2"
"TCGA-52-7809","Necroptosis",32,0.411596944128395,"PCD_C1"
"TCGA-52-7810","Necroptosis",32,-0.135334201973511,"PCD_C1"
"TCGA-52-7811","Necroptosis",32,0.159303134233915,"PCD_C2"
"TCGA-52-7812","Necroptosis",32,0.676070112003574,"PCD_C1"
"TCGA-56-1622","Necroptosis",32,0.450129081162888,"PCD_C1"
"TCGA-56-5897","Necroptosis",32,-0.182492390188344,"PCD_C2"
"TCGA-56-5898","Necroptosis",32,-0.0578479713498951,"PCD_C1"
"TCGA-56-6545","Necroptosis",32,0.310444008771782,"PCD_C1"
"TCGA-56-6546","Necroptosis",32,-0.400200629761776,"PCD_C1"
"TCGA-56-7221","Necroptosis",32,-0.174537573889687,"PCD_C2"
"TCGA-56-7222","Necroptosis",32,0.312426566034561,"PCD_C1"
"TCGA-56-7223","Necroptosis",32,-0.132817676338818,"PCD_C2"
"TCGA-56-7579","Necroptosis",32,-0.476823752803052,"PCD_C2"
"TCGA-56-7580","Necroptosis",32,-0.118869007133082,"PCD_C1"
"TCGA-56-7582","Necroptosis",32,-0.250381900855442,"PCD_C2"
"TCGA-56-7730","Necroptosis",32,0.158501560389353,"PCD_C2"
"TCGA-56-7731","Necroptosis",32,-0.268727671078359,"PCD_C1"
"TCGA-56-7822","Necroptosis",32,-0.00378842805547267,"PCD_C1"
"TCGA-56-7823","Necroptosis",32,-0.264277273511547,"PCD_C2"
"TCGA-56-8082","Necroptosis",32,0.375378684157428,"PCD_C1"
"TCGA-56-8083","Necroptosis",32,0.372842289000174,"PCD_C1"
"TCGA-56-8201","Necroptosis",32,0.757760245034909,"PCD_C1"
"TCGA-56-8304","Necroptosis",32,-0.52982984749627,"PCD_C1"
"TCGA-56-8305","Necroptosis",32,-0.0105159769793516,"PCD_C2"
"TCGA-56-8307","Necroptosis",32,0.660779183551907,"PCD_C1"
"TCGA-56-8308","Necroptosis",32,0.0240077119709411,"PCD_C2"
"TCGA-56-8309","Necroptosis",32,0.428964688741896,"PCD_C1"
"TCGA-56-8503","Necroptosis",32,0.0170261610681916,"PCD_C1"
"TCGA-56-8504","Necroptosis",32,0.23329899961111,"PCD_C2"
"TCGA-56-8622","Necroptosis",32,-0.420883955293619,"PCD_C1"
"TCGA-56-8623","Necroptosis",32,0.320326571534287,"PCD_C1"
"TCGA-56-8624","Necroptosis",32,-0.326972226516178,"PCD_C1"
"TCGA-56-8625","Necroptosis",32,0.279903523122579,"PCD_C1"
"TCGA-56-8626","Necroptosis",32,0.274364095540141,"PCD_C1"
"TCGA-56-8628","Necroptosis",32,0.337102997727929,"PCD_C1"
"TCGA-56-8629","Necroptosis",32,0.261942569757792,"PCD_C2"
"TCGA-56-A49D","Necroptosis",32,-0.0569926870205609,"PCD_C1"
"TCGA-56-A4BW","Necroptosis",32,-0.108290433366204,"PCD_C1"
"TCGA-56-A4BX","Necroptosis",32,-0.103596778249408,"PCD_C2"
"TCGA-56-A4BY","Necroptosis",32,0.319489663625219,"PCD_C2"
"TCGA-56-A4ZJ","Necroptosis",32,0.236061041396989,"PCD_C1"
"TCGA-56-A4ZK","Necroptosis",32,0.0308089651380176,"PCD_C2"
"TCGA-56-A5DR","Necroptosis",32,-0.0341962245916791,"PCD_C2"
"TCGA-56-A5DS","Necroptosis",32,-0.153492578829656,"PCD_C1"
"TCGA-56-A62T","Necroptosis",32,0.169855080131585,"PCD_C2"
"TCGA-58-8386","Necroptosis",32,0.186069321172054,"PCD_C1"
"TCGA-58-8387","Necroptosis",32,-0.902721574074188,"PCD_C1"
"TCGA-58-8388","Necroptosis",32,0.536071296905145,"PCD_C1"
"TCGA-58-8390","Necroptosis",32,0.639542189251373,"PCD_C1"
"TCGA-58-8391","Necroptosis",32,-0.0723545685487967,"PCD_C2"
"TCGA-58-8392","Necroptosis",32,0.125626603398744,"PCD_C2"
"TCGA-58-8393","Necroptosis",32,0.512774842322802,"PCD_C2"
"TCGA-58-A46J","Necroptosis",32,-0.0100350230149289,"PCD_C1"
"TCGA-58-A46K","Necroptosis",32,0.13883762141174,"PCD_C2"
"TCGA-58-A46L","Necroptosis",32,0.524290918430251,"PCD_C1"
"TCGA-58-A46M","Necroptosis",32,0.313394012802629,"PCD_C2"
"TCGA-58-A46N","Necroptosis",32,-0.109101123665185,"PCD_C2"
"TCGA-60-2695","Necroptosis",32,0.174236088878349,"PCD_C1"
"TCGA-60-2696","Necroptosis",32,0.12831667509117,"PCD_C1"
"TCGA-60-2697","Necroptosis",32,-0.179517851279518,"PCD_C1"
"TCGA-60-2698","Necroptosis",32,0.546237575473562,"PCD_C1"
"TCGA-60-2703","Necroptosis",32,0.122821533497956,"PCD_C1"
"TCGA-60-2704","Necroptosis",32,-0.163127110608544,"PCD_C1"
"TCGA-60-2706","Necroptosis",32,0.0656361234016307,"PCD_C2"
"TCGA-60-2707","Necroptosis",32,0.347132204177527,"PCD_C1"
"TCGA-60-2708","Necroptosis",32,-0.201115420864282,"PCD_C1"
"TCGA-60-2709","Necroptosis",32,-0.306669007060468,"PCD_C2"
"TCGA-60-2710","Necroptosis",32,0.145008710210822,"PCD_C2"
"TCGA-60-2711","Necroptosis",32,0.084025571763836,"PCD_C1"
"TCGA-60-2712","Necroptosis",32,-0.607571313553159,"PCD_C1"
"TCGA-60-2713","Necroptosis",32,0.146411837129127,"PCD_C1"
"TCGA-60-2714","Necroptosis",32,0.103918297953939,"PCD_C1"
"TCGA-60-2715","Necroptosis",32,0.189127291663614,"PCD_C1"
"TCGA-60-2716","Necroptosis",32,0.381713175010777,"PCD_C1"
"TCGA-60-2719","Necroptosis",32,-0.000451583766498297,"PCD_C1"
"TCGA-60-2720","Necroptosis",32,-0.841940408385192,"PCD_C1"
"TCGA-60-2721","Necroptosis",32,-0.0717849744485314,"PCD_C1"
"TCGA-60-2722","Necroptosis",32,-0.0801911865300906,"PCD_C2"
"TCGA-60-2723","Necroptosis",32,-0.274702298062984,"PCD_C2"
"TCGA-60-2724","Necroptosis",32,-0.0326435182900462,"PCD_C1"
"TCGA-60-2725","Necroptosis",32,0.500651542366556,"PCD_C1"
"TCGA-60-2726","Necroptosis",32,-0.437957714332872,"PCD_C1"
"TCGA-63-5128","Necroptosis",32,-0.486602621378631,"PCD_C2"
"TCGA-63-5131","Necroptosis",32,0.252081845076746,"PCD_C1"
"TCGA-63-6202","Necroptosis",32,0.0799095503326966,"PCD_C1"
"TCGA-63-7020","Necroptosis",32,0.207791486203532,"PCD_C1"
"TCGA-63-7021","Necroptosis",32,-0.731620810048868,"PCD_C1"
"TCGA-63-7022","Necroptosis",32,-0.958017856317173,"PCD_C1"
"TCGA-63-7023","Necroptosis",32,0.217881265428024,"PCD_C1"
"TCGA-63-A5M9","Necroptosis",32,0.309366794622654,"PCD_C2"
"TCGA-63-A5MB","Necroptosis",32,-0.0266226982617111,"PCD_C2"
"TCGA-63-A5MG","Necroptosis",32,-0.830092552429698,"PCD_C1"
"TCGA-63-A5MH","Necroptosis",32,-0.00249921133257709,"PCD_C1"
"TCGA-63-A5MI","Necroptosis",32,-0.204905455875127,"PCD_C1"
"TCGA-63-A5MJ","Necroptosis",32,0.127153563783398,"PCD_C2"
"TCGA-63-A5ML","Necroptosis",32,0.399434080168406,"PCD_C2"
"TCGA-63-A5MM","Necroptosis",32,0.512665289114667,"PCD_C1"
"TCGA-63-A5MN","Necroptosis",32,-0.186026253606986,"PCD_C1"
"TCGA-63-A5MP","Necroptosis",32,0.0901777479353784,"PCD_C2"
"TCGA-63-A5MR","Necroptosis",32,0.164105060851176,"PCD_C1"
"TCGA-63-A5MS","Necroptosis",32,-0.267506526896698,"PCD_C1"
"TCGA-63-A5MT","Necroptosis",32,0.640368125096624,"PCD_C1"
"TCGA-63-A5MU","Necroptosis",32,0.256997670223299,"PCD_C2"
"TCGA-63-A5MV","Necroptosis",32,-0.00425720260416589,"PCD_C1"
"TCGA-63-A5MW","Necroptosis",32,0.0907225853425225,"PCD_C1"
"TCGA-63-A5MY","Necroptosis",32,-0.355123646354568,"PCD_C2"
"TCGA-66-2727","Necroptosis",32,-0.0797551046562109,"PCD_C2"
"TCGA-66-2734","Necroptosis",32,0.274263786795456,"PCD_C1"
"TCGA-66-2737","Necroptosis",32,0.0678298985421562,"PCD_C2"
"TCGA-66-2742","Necroptosis",32,0.184731676385162,"PCD_C1"
"TCGA-66-2744","Necroptosis",32,0.16610232754073,"PCD_C1"
"TCGA-66-2753","Necroptosis",32,0.427332039815434,"PCD_C1"
"TCGA-66-2754","Necroptosis",32,-0.193152216349546,"PCD_C2"
"TCGA-66-2755","Necroptosis",32,0.405540605969164,"PCD_C1"
"TCGA-66-2756","Necroptosis",32,-0.219269097431157,"PCD_C1"
"TCGA-66-2757","Necroptosis",32,0.0308876699285513,"PCD_C1"
"TCGA-66-2758","Necroptosis",32,-0.0106481327207493,"PCD_C2"
"TCGA-66-2759","Necroptosis",32,-0.100966260850917,"PCD_C2"
"TCGA-66-2763","Necroptosis",32,-0.117956906395709,"PCD_C1"
"TCGA-66-2765","Necroptosis",32,0.327847850960367,"PCD_C1"
"TCGA-66-2766","Necroptosis",32,0.126445727084483,"PCD_C2"
"TCGA-66-2767","Necroptosis",32,0.0141604294019309,"PCD_C1"
"TCGA-66-2768","Necroptosis",32,0.633678299671841,"PCD_C1"
"TCGA-66-2769","Necroptosis",32,-0.034927281003955,"PCD_C1"
"TCGA-66-2770","Necroptosis",32,0.315241929958258,"PCD_C2"
"TCGA-66-2771","Necroptosis",32,-0.382181569029178,"PCD_C1"
"TCGA-66-2773","Necroptosis",32,0.532977410462355,"PCD_C2"
"TCGA-66-2777","Necroptosis",32,0.19084250494821,"PCD_C2"
"TCGA-66-2778","Necroptosis",32,-0.404516972516663,"PCD_C1"
"TCGA-66-2780","Necroptosis",32,0.103985414541217,"PCD_C1"
"TCGA-66-2781","Necroptosis",32,-0.237277239642104,"PCD_C2"
"TCGA-66-2782","Necroptosis",32,-0.0322594412009698,"PCD_C1"
"TCGA-66-2783","Necroptosis",32,-0.474855400615496,"PCD_C2"
"TCGA-66-2785","Necroptosis",32,0.247813806346048,"PCD_C1"
"TCGA-66-2786","Necroptosis",32,0.29851021867393,"PCD_C1"
"TCGA-66-2787","Necroptosis",32,0.0143967994666311,"PCD_C2"
"TCGA-66-2788","Necroptosis",32,0.0253246431028337,"PCD_C1"
"TCGA-66-2789","Necroptosis",32,0.035384601356741,"PCD_C1"
"TCGA-66-2790","Necroptosis",32,0.318520173859988,"PCD_C1"
"TCGA-66-2791","Necroptosis",32,0.0725025388326348,"PCD_C2"
"TCGA-66-2792","Necroptosis",32,0.0964644806238631,"PCD_C2"
"TCGA-66-2793","Necroptosis",32,0.0535854136116674,"PCD_C1"
"TCGA-66-2794","Necroptosis",32,0.463555479714109,"PCD_C2"
"TCGA-66-2795","Necroptosis",32,-0.302326386531962,"PCD_C2"
"TCGA-66-2800","Necroptosis",32,0.0766245226463293,"PCD_C2"
"TCGA-68-7755","Necroptosis",32,-0.0740965574838032,"PCD_C2"
"TCGA-68-7756","Necroptosis",32,0.236401158701995,"PCD_C2"
"TCGA-68-7757","Necroptosis",32,-0.248973656286806,"PCD_C1"
"TCGA-68-8250","Necroptosis",32,0.369034460850697,"PCD_C1"
"TCGA-68-8251","Necroptosis",32,0.406093307009934,"PCD_C1"
"TCGA-68-A59I","Necroptosis",32,-0.348140945338034,"PCD_C1"
"TCGA-68-A59J","Necroptosis",32,0.317377453535916,"PCD_C2"
"TCGA-6A-AB49","Necroptosis",32,0.143841076430476,"PCD_C1"
"TCGA-70-6722","Necroptosis",32,0.505589416118144,"PCD_C1"
"TCGA-70-6723","Necroptosis",32,0.730833159897283,"PCD_C2"
"TCGA-77-6842","Necroptosis",32,1.00370487038899,"PCD_C1"
"TCGA-77-6843","Necroptosis",32,0.236938060579438,"PCD_C2"
"TCGA-77-6844","Necroptosis",32,0.107816662804962,"PCD_C1"
"TCGA-77-6845","Necroptosis",32,-0.10872508947486,"PCD_C2"
"TCGA-77-7138","Necroptosis",32,-0.0222856861789908,"PCD_C1"
"TCGA-77-7139","Necroptosis",32,-0.294785209658239,"PCD_C2"
"TCGA-77-7140","Necroptosis",32,-0.603041991115599,"PCD_C2"
"TCGA-77-7141","Necroptosis",32,0.0713755987404207,"PCD_C2"
"TCGA-77-7142","Necroptosis",32,0.12896531329563,"PCD_C1"
"TCGA-77-7335","Necroptosis",32,-0.473426444030379,"PCD_C1"
"TCGA-77-7337","Necroptosis",32,0.106844844017516,"PCD_C1"
"TCGA-77-7338","Necroptosis",32,0.143999315522612,"PCD_C2"
"TCGA-77-7463","Necroptosis",32,-0.310604920207964,"PCD_C2"
"TCGA-77-7465","Necroptosis",32,0.115765756478605,"PCD_C1"
"TCGA-77-8007","Necroptosis",32,0.631466380291058,"PCD_C1"
"TCGA-77-8008","Necroptosis",32,-0.112158079729391,"PCD_C1"
"TCGA-77-8009","Necroptosis",32,0.484498640362739,"PCD_C2"
"TCGA-77-8128","Necroptosis",32,-0.109949119514694,"PCD_C2"
"TCGA-77-8130","Necroptosis",32,-0.542290963759807,"PCD_C1"
"TCGA-77-8131","Necroptosis",32,-0.16250542371034,"PCD_C1"
"TCGA-77-8133","Necroptosis",32,0.376569825941814,"PCD_C1"
"TCGA-77-8136","Necroptosis",32,0.201551403055167,"PCD_C1"
"TCGA-77-8138","Necroptosis",32,0.12995319737675,"PCD_C2"
"TCGA-77-8139","Necroptosis",32,-0.498370627167715,"PCD_C1"
"TCGA-77-8140","Necroptosis",32,-0.0275669251027888,"PCD_C1"
"TCGA-77-8143","Necroptosis",32,-0.340263257918645,"PCD_C1"
"TCGA-77-8144","Necroptosis",32,0.200983580719649,"PCD_C1"
"TCGA-77-8145","Necroptosis",32,-0.0847615214745423,"PCD_C1"
"TCGA-77-8146","Necroptosis",32,0.0140882629202414,"PCD_C2"
"TCGA-77-8148","Necroptosis",32,-0.0870642655950439,"PCD_C2"
"TCGA-77-8150","Necroptosis",32,-0.0051835366884907,"PCD_C2"
"TCGA-77-8153","Necroptosis",32,-0.159097860533336,"PCD_C2"
"TCGA-77-8154","Necroptosis",32,0.0273826954807094,"PCD_C2"
"TCGA-77-8156","Necroptosis",32,0.112838647692088,"PCD_C2"
"TCGA-77-A5FZ","Necroptosis",32,-0.170504048077537,"PCD_C1"
"TCGA-77-A5G1","Necroptosis",32,0.260314484494421,"PCD_C1"
"TCGA-77-A5G3","Necroptosis",32,0.22610593223193,"PCD_C2"
"TCGA-77-A5G6","Necroptosis",32,-0.0586613755440601,"PCD_C1"
"TCGA-77-A5G7","Necroptosis",32,-0.198529937269781,"PCD_C1"
"TCGA-77-A5G8","Necroptosis",32,-0.885097285062771,"PCD_C2"
"TCGA-77-A5GA","Necroptosis",32,-0.52037254139869,"PCD_C2"
"TCGA-77-A5GB","Necroptosis",32,-0.355880199109503,"PCD_C1"
"TCGA-77-A5GF","Necroptosis",32,-0.0502683582290237,"PCD_C2"
"TCGA-77-A5GH","Necroptosis",32,0.446958940888857,"PCD_C1"
"TCGA-79-5596","Necroptosis",32,-0.139470814602262,"PCD_C2"
"TCGA-85-6175","Necroptosis",32,0.215032382992695,"PCD_C1"
"TCGA-85-6560","Necroptosis",32,0.117796016445135,"PCD_C1"
"TCGA-85-6561","Necroptosis",32,-0.352981135992419,"PCD_C2"
"TCGA-85-6798","Necroptosis",32,-0.584808333701083,"PCD_C2"
"TCGA-85-7696","Necroptosis",32,0.220503564201012,"PCD_C2"
"TCGA-85-7697","Necroptosis",32,-0.0215623344945997,"PCD_C1"
"TCGA-85-7698","Necroptosis",32,0.368477325638036,"PCD_C2"
"TCGA-85-7699","Necroptosis",32,0.294349414029581,"PCD_C1"
"TCGA-85-7710","Necroptosis",32,0.600461795387642,"PCD_C1"
"TCGA-85-7843","Necroptosis",32,0.108388439475819,"PCD_C2"
"TCGA-85-7844","Necroptosis",32,0.27897312484854,"PCD_C2"
"TCGA-85-7950","Necroptosis",32,1.15159153961752,"PCD_C1"
"TCGA-85-8048","Necroptosis",32,0.341178906302801,"PCD_C1"
"TCGA-85-8049","Necroptosis",32,-0.272070106794859,"PCD_C2"
"TCGA-85-8052","Necroptosis",32,-0.0655925810223398,"PCD_C2"
"TCGA-85-8070","Necroptosis",32,-0.0425097869886619,"PCD_C2"
"TCGA-85-8071","Necroptosis",32,0.551562318765964,"PCD_C2"
"TCGA-85-8072","Necroptosis",32,0.324239489873247,"PCD_C2"
"TCGA-85-8276","Necroptosis",32,-0.470133517996754,"PCD_C1"
"TCGA-85-8277","Necroptosis",32,0.080347990184918,"PCD_C2"
"TCGA-85-8287","Necroptosis",32,-0.253744650885939,"PCD_C1"
"TCGA-85-8288","Necroptosis",32,0.309035619472317,"PCD_C1"
"TCGA-85-8350","Necroptosis",32,0.331974030400725,"PCD_C1"
"TCGA-85-8351","Necroptosis",32,0.660866535870159,"PCD_C1"
"TCGA-85-8352","Necroptosis",32,-0.0217254720162031,"PCD_C1"
"TCGA-85-8353","Necroptosis",32,-0.14858081440326,"PCD_C1"
"TCGA-85-8354","Necroptosis",32,-0.239691170189248,"PCD_C2"
"TCGA-85-8355","Necroptosis",32,0.367447373570031,"PCD_C2"
"TCGA-85-8479","Necroptosis",32,-0.138627211425186,"PCD_C1"
"TCGA-85-8481","Necroptosis",32,0.0477803293442472,"PCD_C1"
"TCGA-85-8580","Necroptosis",32,0.00244560061952576,"PCD_C2"
"TCGA-85-8582","Necroptosis",32,0.109527289076169,"PCD_C1"
"TCGA-85-8584","Necroptosis",32,0.241652690366221,"PCD_C2"
"TCGA-85-8664","Necroptosis",32,0.00118129091124599,"PCD_C1"
"TCGA-85-8666","Necroptosis",32,0.304168082662965,"PCD_C2"
"TCGA-85-A4CL","Necroptosis",32,-0.541249852088615,"PCD_C2"
"TCGA-85-A4CN","Necroptosis",32,-0.230026161361163,"PCD_C2"
"TCGA-85-A4JB","Necroptosis",32,-0.120563010581449,"PCD_C1"
"TCGA-85-A4JC","Necroptosis",32,-0.45774393903268,"PCD_C1"
"TCGA-85-A4PA","Necroptosis",32,0.516882344494005,"PCD_C1"
"TCGA-85-A4QQ","Necroptosis",32,-0.210370618648895,"PCD_C1"
"TCGA-85-A4QR","Necroptosis",32,-0.230385072332108,"PCD_C1"
"TCGA-85-A50M","Necroptosis",32,0.370434558199392,"PCD_C1"
"TCGA-85-A50Z","Necroptosis",32,-0.857604598128264,"PCD_C1"
"TCGA-85-A510","Necroptosis",32,0.18180186413464,"PCD_C1"
"TCGA-85-A511","Necroptosis",32,0.325958158263522,"PCD_C1"
"TCGA-85-A512","Necroptosis",32,0.0568827557639039,"PCD_C2"
"TCGA-85-A513","Necroptosis",32,-0.817086021194383,"PCD_C1"
"TCGA-85-A53L","Necroptosis",32,-0.0629810326770853,"PCD_C1"
"TCGA-85-A5B5","Necroptosis",32,0.0343123682831462,"PCD_C2"
"TCGA-90-6837","Necroptosis",32,-0.641709576075497,"PCD_C1"
"TCGA-90-7766","Necroptosis",32,0.0698843892375906,"PCD_C1"
"TCGA-90-7767","Necroptosis",32,0.745825100592233,"PCD_C1"
"TCGA-90-7769","Necroptosis",32,-0.340033198860192,"PCD_C2"
"TCGA-90-7964","Necroptosis",32,-0.263080411669466,"PCD_C2"
"TCGA-90-A4ED","Necroptosis",32,-0.576008260356599,"PCD_C1"
"TCGA-90-A4EE","Necroptosis",32,0.704345316543551,"PCD_C1"
"TCGA-90-A59Q","Necroptosis",32,-0.182255370328065,"PCD_C1"
"TCGA-92-7340","Necroptosis",32,-0.0672246652718282,"PCD_C1"
"TCGA-92-7341","Necroptosis",32,-0.137597852642556,"PCD_C2"
"TCGA-92-8063","Necroptosis",32,0.130925221335782,"PCD_C2"
"TCGA-92-8064","Necroptosis",32,0.0546900171388186,"PCD_C2"
"TCGA-92-8065","Necroptosis",32,-0.767631135803004,"PCD_C1"
"TCGA-94-7033","Necroptosis",32,-0.606049006168209,"PCD_C1"
"TCGA-94-7557","Necroptosis",32,0.292585203115986,"PCD_C2"
"TCGA-94-7943","Necroptosis",32,0.0468001943110126,"PCD_C2"
"TCGA-94-8035","Necroptosis",32,0.0403975208661409,"PCD_C1"
"TCGA-94-8490","Necroptosis",32,0.205175976238274,"PCD_C2"
"TCGA-94-8491","Necroptosis",32,0.397154243541013,"PCD_C2"
"TCGA-94-A4VJ","Necroptosis",32,0.0714723966834529,"PCD_C1"
"TCGA-94-A5I4","Necroptosis",32,0.468318200702651,"PCD_C2"
"TCGA-94-A5I6","Necroptosis",32,-0.0827463072530323,"PCD_C2"
"TCGA-96-7544","Necroptosis",32,-0.315150169900603,"PCD_C1"
"TCGA-96-7545","Necroptosis",32,0.151460804336268,"PCD_C2"
"TCGA-96-8169","Necroptosis",32,-0.0294922537709822,"PCD_C2"
"TCGA-96-8170","Necroptosis",32,-0.147985076839046,"PCD_C1"
"TCGA-96-A4JK","Necroptosis",32,0.0509205523475437,"PCD_C2"
"TCGA-96-A4JL","Necroptosis",32,0.545344704805039,"PCD_C1"
"TCGA-98-7454","Necroptosis",32,-0.114519528440057,"PCD_C1"
"TCGA-98-8020","Necroptosis",32,0.362765158371303,"PCD_C1"
"TCGA-98-8021","Necroptosis",32,0.216585677295383,"PCD_C1"
"TCGA-98-8022","Necroptosis",32,-0.104911083173201,"PCD_C1"
"TCGA-98-8023","Necroptosis",32,-0.072190566225625,"PCD_C1"
"TCGA-98-A538","Necroptosis",32,0.0190353255251723,"PCD_C1"
"TCGA-98-A539","Necroptosis",32,-0.128968513494172,"PCD_C2"
"TCGA-98-A53A","Necroptosis",32,-0.0108652400250644,"PCD_C2"
"TCGA-98-A53B","Necroptosis",32,0.266084948371942,"PCD_C1"
"TCGA-98-A53C","Necroptosis",32,0.00615421611029716,"PCD_C1"
"TCGA-98-A53D","Necroptosis",32,0.317107391800575,"PCD_C1"
"TCGA-98-A53H","Necroptosis",32,0.182821420997277,"PCD_C1"
"TCGA-98-A53I","Necroptosis",32,-0.150946329609247,"PCD_C2"
"TCGA-98-A53J","Necroptosis",32,-0.507545528239947,"PCD_C2"
"TCGA-J1-A4AH","Necroptosis",32,-0.315989205521222,"PCD_C2"
"TCGA-L3-A4E7","Necroptosis",32,0.108215824630323,"PCD_C1"
"TCGA-L3-A524","Necroptosis",32,0.209344445088244,"PCD_C2"
"TCGA-LA-A446","Necroptosis",32,0.120812353309609,"PCD_C2"
"TCGA-LA-A7SW","Necroptosis",32,0.592115816383941,"PCD_C1"
"TCGA-MF-A522","Necroptosis",32,0.00764711959142543,"PCD_C2"
"TCGA-NC-A5HD","Necroptosis",32,0.196133300774049,"PCD_C2"
"TCGA-NC-A5HE","Necroptosis",32,0.0241772895305233,"PCD_C2"
"TCGA-NC-A5HF","Necroptosis",32,0.312684389221031,"PCD_C2"
"TCGA-NC-A5HG","Necroptosis",32,0.0105765457064006,"PCD_C1"
"TCGA-NC-A5HH","Necroptosis",32,-0.0830587854401575,"PCD_C1"
"TCGA-NC-A5HI","Necroptosis",32,-0.292107552478265,"PCD_C1"
"TCGA-NC-A5HJ","Necroptosis",32,0.202685676196656,"PCD_C1"
"TCGA-NC-A5HK","Necroptosis",32,0.931777394382459,"PCD_C1"
"TCGA-NC-A5HL","Necroptosis",32,0.0900589064324895,"PCD_C2"
"TCGA-NC-A5HM","Necroptosis",32,0.0346650793437572,"PCD_C1"
"TCGA-NC-A5HN","Necroptosis",32,-0.129176922335034,"PCD_C2"
"TCGA-NC-A5HO","Necroptosis",32,0.21830468626892,"PCD_C2"
"TCGA-NC-A5HP","Necroptosis",32,0.146381163660516,"PCD_C1"
"TCGA-NC-A5HQ","Necroptosis",32,0.0393628222295465,"PCD_C1"
"TCGA-NC-A5HR","Necroptosis",32,-0.163702886683098,"PCD_C2"
"TCGA-NC-A5HT","Necroptosis",32,0.241906196667142,"PCD_C2"
"TCGA-NK-A5CR","Necroptosis",32,-0.519007447355885,"PCD_C2"
"TCGA-NK-A5CT","Necroptosis",32,0.331146187183609,"PCD_C1"
"TCGA-NK-A5CX","Necroptosis",32,0.0222373972123446,"PCD_C1"
"TCGA-NK-A5D1","Necroptosis",32,0.056241340201453,"PCD_C1"
"TCGA-NK-A7XE","Necroptosis",32,-0.771874072165375,"PCD_C2"
"TCGA-O2-A52N","Necroptosis",32,0.0917322695879549,"PCD_C1"
"TCGA-O2-A52Q","Necroptosis",32,0.649398789578508,"PCD_C1"
"TCGA-O2-A52S","Necroptosis",32,0.241804539641424,"PCD_C2"
"TCGA-O2-A52V","Necroptosis",32,0.20813483630505,"PCD_C2"
"TCGA-O2-A52W","Necroptosis",32,-0.707801004151089,"PCD_C1"
"TCGA-O2-A5IB","Necroptosis",32,0.14154414984166,"PCD_C1"
"TCGA-XC-AA0X","Necroptosis",32,0.13874453147113,"PCD_C2"
"TCGA-18-3406","Pyroptosis",27,-0.462418038907459,"PCD_C1"
"TCGA-18-3407","Pyroptosis",27,-0.136120038878727,"PCD_C2"
"TCGA-18-3408","Pyroptosis",27,0.332096570876715,"PCD_C2"
"TCGA-18-3409","Pyroptosis",27,0.0293427731507644,"PCD_C1"
"TCGA-18-3410","Pyroptosis",27,0.638077051038103,"PCD_C1"
"TCGA-18-3411","Pyroptosis",27,0.00363355694943098,"PCD_C2"
"TCGA-18-3412","Pyroptosis",27,0.103887914996224,"PCD_C2"
"TCGA-18-3414","Pyroptosis",27,0.65710891381684,"PCD_C1"
"TCGA-18-3415","Pyroptosis",27,0.318178974452637,"PCD_C2"
"TCGA-18-3416","Pyroptosis",27,0.213032131397693,"PCD_C2"
"TCGA-18-3417","Pyroptosis",27,-0.0949472740607208,"PCD_C1"
"TCGA-18-3419","Pyroptosis",27,-0.170337200715004,"PCD_C1"
"TCGA-18-3421","Pyroptosis",27,-0.0708619506733317,"PCD_C2"
"TCGA-18-4083","Pyroptosis",27,-0.670325930561492,"PCD_C1"
"TCGA-18-4086","Pyroptosis",27,0.00303062120650623,"PCD_C2"
"TCGA-18-4721","Pyroptosis",27,-0.0992722709867663,"PCD_C2"
"TCGA-18-5592","Pyroptosis",27,0.0595549336208001,"PCD_C2"
"TCGA-18-5595","Pyroptosis",27,-0.0492398970719515,"PCD_C2"
"TCGA-21-1070","Pyroptosis",27,-0.499707027319174,"PCD_C1"
"TCGA-21-1071","Pyroptosis",27,-0.336308441230932,"PCD_C1"
"TCGA-21-1072","Pyroptosis",27,0.455467479759597,"PCD_C2"
"TCGA-21-1075","Pyroptosis",27,-0.124161259905692,"PCD_C2"
"TCGA-21-1076","Pyroptosis",27,0.25342996680154,"PCD_C1"
"TCGA-21-1077","Pyroptosis",27,-0.278521189784787,"PCD_C2"
"TCGA-21-1078","Pyroptosis",27,0.596579579185643,"PCD_C2"
"TCGA-21-1079","Pyroptosis",27,0.687005658645,"PCD_C1"
"TCGA-21-1080","Pyroptosis",27,-0.382657967486663,"PCD_C1"
"TCGA-21-1081","Pyroptosis",27,-0.271584139432299,"PCD_C2"
"TCGA-21-1082","Pyroptosis",27,-0.775549540625158,"PCD_C1"
"TCGA-21-1083","Pyroptosis",27,0.0843696541245108,"PCD_C2"
"TCGA-21-5782","Pyroptosis",27,-0.37439123179801,"PCD_C1"
"TCGA-21-5783","Pyroptosis",27,0.250857299517906,"PCD_C1"
"TCGA-21-5784","Pyroptosis",27,-0.0074453042190178,"PCD_C1"
"TCGA-21-5786","Pyroptosis",27,-0.509018905369385,"PCD_C1"
"TCGA-21-5787","Pyroptosis",27,0.186412278616335,"PCD_C1"
"TCGA-21-A5DI","Pyroptosis",27,0.456118701515749,"PCD_C1"
"TCGA-22-0940","Pyroptosis",27,0.329150581524348,"PCD_C1"
"TCGA-22-0944","Pyroptosis",27,0.111725272906398,"PCD_C2"
"TCGA-22-1000","Pyroptosis",27,-0.185231954204974,"PCD_C1"
"TCGA-22-1002","Pyroptosis",27,0.0444912663170349,"PCD_C1"
"TCGA-22-1005","Pyroptosis",27,-2.1442831010225,"PCD_C1"
"TCGA-22-1011","Pyroptosis",27,-0.703091542626764,"PCD_C1"
"TCGA-22-1012","Pyroptosis",27,-0.05970242115668,"PCD_C2"
"TCGA-22-1016","Pyroptosis",27,-0.433627928232924,"PCD_C1"
"TCGA-22-1017","Pyroptosis",27,0.0635631921763064,"PCD_C1"
"TCGA-22-4591","Pyroptosis",27,-0.102877173655975,"PCD_C2"
"TCGA-22-4593","Pyroptosis",27,-0.109813863089033,"PCD_C1"
"TCGA-22-4594","Pyroptosis",27,-0.797672519770933,"PCD_C2"
"TCGA-22-4595","Pyroptosis",27,-0.12384359970833,"PCD_C1"
"TCGA-22-4596","Pyroptosis",27,0.269826328504483,"PCD_C1"
"TCGA-22-4599","Pyroptosis",27,-0.0486936525307716,"PCD_C2"
"TCGA-22-4601","Pyroptosis",27,0.00801719001317839,"PCD_C2"
"TCGA-22-4604","Pyroptosis",27,0.0211923267868963,"PCD_C1"
"TCGA-22-4605","Pyroptosis",27,-0.0795615425020237,"PCD_C2"
"TCGA-22-4607","Pyroptosis",27,0.277613354317491,"PCD_C1"
"TCGA-22-4609","Pyroptosis",27,-0.00911215779349489,"PCD_C1"
"TCGA-22-4613","Pyroptosis",27,-0.319375537107222,"PCD_C1"
"TCGA-22-5471","Pyroptosis",27,0.53887270419845,"PCD_C1"
"TCGA-22-5472","Pyroptosis",27,0.610675264049924,"PCD_C1"
"TCGA-22-5473","Pyroptosis",27,0.0226095202790915,"PCD_C2"
"TCGA-22-5474","Pyroptosis",27,0.195477351148746,"PCD_C2"
"TCGA-22-5477","Pyroptosis",27,0.151096932644078,"PCD_C2"
"TCGA-22-5478","Pyroptosis",27,0.013097682005005,"PCD_C1"
"TCGA-22-5479","Pyroptosis",27,-0.252978182588727,"PCD_C2"
"TCGA-22-5480","Pyroptosis",27,0.127454111238341,"PCD_C1"
"TCGA-22-5481","Pyroptosis",27,-0.291917906700726,"PCD_C1"
"TCGA-22-5482","Pyroptosis",27,0.155450410747763,"PCD_C2"
"TCGA-22-5483","Pyroptosis",27,0.122572503340563,"PCD_C2"
"TCGA-22-5485","Pyroptosis",27,0.114539039879976,"PCD_C2"
"TCGA-22-5489","Pyroptosis",27,-0.419281948285885,"PCD_C1"
"TCGA-22-5491","Pyroptosis",27,0.294167860028397,"PCD_C2"
"TCGA-22-5492","Pyroptosis",27,0.0903650127908962,"PCD_C1"
"TCGA-22-A5C4","Pyroptosis",27,0.052543203035987,"PCD_C1"
"TCGA-33-4532","Pyroptosis",27,-0.318471181851498,"PCD_C2"
"TCGA-33-4533","Pyroptosis",27,-0.214576100190402,"PCD_C1"
"TCGA-33-4538","Pyroptosis",27,0.251608046033773,"PCD_C2"
"TCGA-33-4547","Pyroptosis",27,-0.0401690808327402,"PCD_C2"
"TCGA-33-4566","Pyroptosis",27,0.278006611961716,"PCD_C2"
"TCGA-33-4582","Pyroptosis",27,-0.140025832061468,"PCD_C1"
"TCGA-33-4583","Pyroptosis",27,0.268979532231379,"PCD_C2"
"TCGA-33-4586","Pyroptosis",27,0.302737182845034,"PCD_C2"
"TCGA-33-4587","Pyroptosis",27,0.0473673636070739,"PCD_C1"
"TCGA-33-4589","Pyroptosis",27,-0.0669316327853206,"PCD_C2"
"TCGA-33-6737","Pyroptosis",27,-0.205885797024392,"PCD_C2"
"TCGA-33-6738","Pyroptosis",27,-0.643175951614932,"PCD_C2"
"TCGA-33-A4WN","Pyroptosis",27,-0.136585871411566,"PCD_C2"
"TCGA-33-A5GW","Pyroptosis",27,-0.390976645963182,"PCD_C2"
"TCGA-33-AAS8","Pyroptosis",27,0.239276217245021,"PCD_C2"
"TCGA-33-AASB","Pyroptosis",27,-0.645682047911598,"PCD_C2"
"TCGA-33-AASD","Pyroptosis",27,0.361742309174486,"PCD_C2"
"TCGA-33-AASI","Pyroptosis",27,-0.038211156642599,"PCD_C1"
"TCGA-33-AASJ","Pyroptosis",27,0.196151108757317,"PCD_C2"
"TCGA-33-AASL","Pyroptosis",27,-0.358430584577819,"PCD_C2"
"TCGA-34-2596","Pyroptosis",27,-0.0274740542863654,"PCD_C2"
"TCGA-34-2600","Pyroptosis",27,0.0600616370806459,"PCD_C1"
"TCGA-34-2608","Pyroptosis",27,0.000629170582570611,"PCD_C2"
"TCGA-34-5231","Pyroptosis",27,-0.157712225895093,"PCD_C1"
"TCGA-34-5232","Pyroptosis",27,-0.0643762192921917,"PCD_C1"
"TCGA-34-5234","Pyroptosis",27,0.273612799517297,"PCD_C1"
"TCGA-34-5236","Pyroptosis",27,-0.117761759525706,"PCD_C2"
"TCGA-34-5239","Pyroptosis",27,-0.166848358531262,"PCD_C1"
"TCGA-34-5240","Pyroptosis",27,0.0522447609592219,"PCD_C2"
"TCGA-34-5241","Pyroptosis",27,0.749896708951222,"PCD_C1"
"TCGA-34-5927","Pyroptosis",27,-0.22322840291267,"PCD_C1"
"TCGA-34-5928","Pyroptosis",27,0.358451363564174,"PCD_C1"
"TCGA-34-5929","Pyroptosis",27,0.405793219584851,"PCD_C1"
"TCGA-34-7107","Pyroptosis",27,-0.211054890740801,"PCD_C2"
"TCGA-34-8454","Pyroptosis",27,0.372908868668296,"PCD_C1"
"TCGA-34-8455","Pyroptosis",27,-0.00418852436786708,"PCD_C1"
"TCGA-34-8456","Pyroptosis",27,0.323182037367356,"PCD_C2"
"TCGA-34-A5IX","Pyroptosis",27,-0.162313424746228,"PCD_C1"
"TCGA-37-3783","Pyroptosis",27,0.306184223448155,"PCD_C1"
"TCGA-37-3789","Pyroptosis",27,1.07438583689383,"PCD_C1"
"TCGA-37-3792","Pyroptosis",27,1.06990264270549,"PCD_C1"
"TCGA-37-4129","Pyroptosis",27,-0.748968327619726,"PCD_C1"
"TCGA-37-4130","Pyroptosis",27,-0.313403407263488,"PCD_C1"
"TCGA-37-4132","Pyroptosis",27,-0.383654622539242,"PCD_C2"
"TCGA-37-4133","Pyroptosis",27,-0.0331137404505108,"PCD_C2"
"TCGA-37-4135","Pyroptosis",27,-0.00103530656228526,"PCD_C1"
"TCGA-37-4141","Pyroptosis",27,-0.019463234027462,"PCD_C1"
"TCGA-37-5819","Pyroptosis",27,-0.728561570497257,"PCD_C1"
"TCGA-37-A5EL","Pyroptosis",27,0.507577543819562,"PCD_C2"
"TCGA-37-A5EM","Pyroptosis",27,0.557357594397147,"PCD_C1"
"TCGA-37-A5EN","Pyroptosis",27,0.145911459354223,"PCD_C2"
"TCGA-39-5011","Pyroptosis",27,0.662395554129209,"PCD_C1"
"TCGA-39-5016","Pyroptosis",27,0.604832342820471,"PCD_C2"
"TCGA-39-5019","Pyroptosis",27,0.0321814833510878,"PCD_C1"
"TCGA-39-5021","Pyroptosis",27,0.0507787213794846,"PCD_C2"
"TCGA-39-5022","Pyroptosis",27,-0.372027228923124,"PCD_C2"
"TCGA-39-5024","Pyroptosis",27,0.106006074153401,"PCD_C1"
"TCGA-39-5027","Pyroptosis",27,-0.637036388595218,"PCD_C2"
"TCGA-39-5028","Pyroptosis",27,0.0370867780907069,"PCD_C1"
"TCGA-39-5029","Pyroptosis",27,0.117483645627661,"PCD_C2"
"TCGA-39-5030","Pyroptosis",27,-0.518452944952925,"PCD_C1"
"TCGA-39-5031","Pyroptosis",27,0.0817509799710531,"PCD_C1"
"TCGA-39-5034","Pyroptosis",27,-0.430999276965458,"PCD_C2"
"TCGA-39-5035","Pyroptosis",27,0.00328259355581013,"PCD_C1"
"TCGA-39-5036","Pyroptosis",27,-0.146317442708744,"PCD_C2"
"TCGA-39-5037","Pyroptosis",27,-0.0684285226206744,"PCD_C2"
"TCGA-39-5039","Pyroptosis",27,0.22970052298696,"PCD_C1"
"TCGA-39-5040","Pyroptosis",27,-0.27922258201119,"PCD_C1"
"TCGA-43-2576","Pyroptosis",27,-0.731817669618092,"PCD_C1"
"TCGA-43-2578","Pyroptosis",27,-0.491390368317493,"PCD_C1"
"TCGA-43-2581","Pyroptosis",27,-0.200485409693837,"PCD_C1"
"TCGA-43-3394","Pyroptosis",27,0.0105900944136903,"PCD_C2"
"TCGA-43-3920","Pyroptosis",27,0.0246937932977999,"PCD_C1"
"TCGA-43-5668","Pyroptosis",27,0.128501041627224,"PCD_C1"
"TCGA-43-5670","Pyroptosis",27,0.566446134830178,"PCD_C1"
"TCGA-43-6143","Pyroptosis",27,0.357458958932275,"PCD_C1"
"TCGA-43-6647","Pyroptosis",27,-0.195201535832338,"PCD_C1"
"TCGA-43-6770","Pyroptosis",27,-0.0257793516514129,"PCD_C2"
"TCGA-43-6771","Pyroptosis",27,0.150766139145633,"PCD_C1"
"TCGA-43-6773","Pyroptosis",27,-1.34291596595905,"PCD_C2"
"TCGA-43-7656","Pyroptosis",27,0.101762150247148,"PCD_C1"
"TCGA-43-7657","Pyroptosis",27,-0.0298877454837679,"PCD_C2"
"TCGA-43-7658","Pyroptosis",27,0.286003530268796,"PCD_C1"
"TCGA-43-8115","Pyroptosis",27,0.102996047427747,"PCD_C1"
"TCGA-43-8116","Pyroptosis",27,0.0429147343680896,"PCD_C1"
"TCGA-43-8118","Pyroptosis",27,0.303929351383161,"PCD_C1"
"TCGA-43-A474","Pyroptosis",27,-0.395603569817598,"PCD_C2"
"TCGA-43-A475","Pyroptosis",27,0.403695258423907,"PCD_C2"
"TCGA-43-A56U","Pyroptosis",27,-1.02306537474075,"PCD_C1"
"TCGA-43-A56V","Pyroptosis",27,-0.00329977463673566,"PCD_C1"
"TCGA-46-3765","Pyroptosis",27,-0.0479434083731777,"PCD_C2"
"TCGA-46-3766","Pyroptosis",27,-0.284870024609731,"PCD_C1"
"TCGA-46-3767","Pyroptosis",27,0.168217892050589,"PCD_C1"
"TCGA-46-3768","Pyroptosis",27,0.335402417214048,"PCD_C2"
"TCGA-46-3769","Pyroptosis",27,0.45493641748282,"PCD_C2"
"TCGA-46-6025","Pyroptosis",27,-0.516195344566328,"PCD_C2"
"TCGA-46-6026","Pyroptosis",27,-0.822632029501096,"PCD_C1"
"TCGA-51-4079","Pyroptosis",27,-0.174048318499405,"PCD_C2"
"TCGA-51-4080","Pyroptosis",27,0.334945468228778,"PCD_C2"
"TCGA-51-4081","Pyroptosis",27,0.0474951998545133,"PCD_C2"
"TCGA-51-6867","Pyroptosis",27,0.179839421912355,"PCD_C2"
"TCGA-52-7622","Pyroptosis",27,0.338052753588378,"PCD_C2"
"TCGA-52-7809","Pyroptosis",27,0.147330756869652,"PCD_C1"
"TCGA-52-7810","Pyroptosis",27,-0.219918398661657,"PCD_C1"
"TCGA-52-7811","Pyroptosis",27,0.23104844961593,"PCD_C2"
"TCGA-52-7812","Pyroptosis",27,0.674828170954,"PCD_C1"
"TCGA-56-1622","Pyroptosis",27,0.134428482087517,"PCD_C1"
"TCGA-56-5897","Pyroptosis",27,-0.334293784781137,"PCD_C2"
"TCGA-56-5898","Pyroptosis",27,0.132468511641938,"PCD_C1"
"TCGA-56-6545","Pyroptosis",27,0.437732411075745,"PCD_C1"
"TCGA-56-6546","Pyroptosis",27,-0.175566036251982,"PCD_C1"
"TCGA-56-7221","Pyroptosis",27,-0.359128267058953,"PCD_C2"
"TCGA-56-7222","Pyroptosis",27,0.0611720397727606,"PCD_C1"
"TCGA-56-7223","Pyroptosis",27,-0.518079617987257,"PCD_C2"
"TCGA-56-7579","Pyroptosis",27,-0.382452482585051,"PCD_C2"
"TCGA-56-7580","Pyroptosis",27,-0.183209728777996,"PCD_C1"
"TCGA-56-7582","Pyroptosis",27,-0.225017673031067,"PCD_C2"
"TCGA-56-7730","Pyroptosis",27,0.143207640981205,"PCD_C2"
"TCGA-56-7731","Pyroptosis",27,-0.171717250916196,"PCD_C1"
"TCGA-56-7822","Pyroptosis",27,0.075499464764174,"PCD_C1"
"TCGA-56-7823","Pyroptosis",27,-0.122366307076313,"PCD_C2"
"TCGA-56-8082","Pyroptosis",27,0.0384121627003877,"PCD_C1"
"TCGA-56-8083","Pyroptosis",27,-0.301757082235527,"PCD_C1"
"TCGA-56-8201","Pyroptosis",27,0.686787371823007,"PCD_C1"
"TCGA-56-8304","Pyroptosis",27,-0.448479814223033,"PCD_C1"
"TCGA-56-8305","Pyroptosis",27,0.124951911288703,"PCD_C2"
"TCGA-56-8307","Pyroptosis",27,0.0231759724013605,"PCD_C1"
"TCGA-56-8308","Pyroptosis",27,-0.340228279647394,"PCD_C2"
"TCGA-56-8309","Pyroptosis",27,0.139952460462867,"PCD_C1"
"TCGA-56-8503","Pyroptosis",27,0.340304517806912,"PCD_C1"
"TCGA-56-8504","Pyroptosis",27,0.0442335182036623,"PCD_C2"
"TCGA-56-8622","Pyroptosis",27,-0.250244771265586,"PCD_C1"
"TCGA-56-8623","Pyroptosis",27,0.265018796917383,"PCD_C1"
"TCGA-56-8624","Pyroptosis",27,-0.14976758806762,"PCD_C1"
"TCGA-56-8625","Pyroptosis",27,0.380358227525631,"PCD_C1"
"TCGA-56-8626","Pyroptosis",27,0.606945240095421,"PCD_C1"
"TCGA-56-8628","Pyroptosis",27,0.231437903285426,"PCD_C1"
"TCGA-56-8629","Pyroptosis",27,0.23609967381333,"PCD_C2"
"TCGA-56-A49D","Pyroptosis",27,0.221330258033653,"PCD_C1"
"TCGA-56-A4BW","Pyroptosis",27,-0.173836354482529,"PCD_C1"
"TCGA-56-A4BX","Pyroptosis",27,-0.55733881103927,"PCD_C2"
"TCGA-56-A4BY","Pyroptosis",27,0.152681033220527,"PCD_C2"
"TCGA-56-A4ZJ","Pyroptosis",27,0.398196850021997,"PCD_C1"
"TCGA-56-A4ZK","Pyroptosis",27,0.143091628695153,"PCD_C2"
"TCGA-56-A5DR","Pyroptosis",27,0.202284952153747,"PCD_C2"
"TCGA-56-A5DS","Pyroptosis",27,-0.0310054008166173,"PCD_C1"
"TCGA-56-A62T","Pyroptosis",27,0.181240564866305,"PCD_C2"
"TCGA-58-8386","Pyroptosis",27,-0.0492029176491212,"PCD_C1"
"TCGA-58-8387","Pyroptosis",27,-0.814271575530781,"PCD_C1"
"TCGA-58-8388","Pyroptosis",27,0.142986345901634,"PCD_C1"
"TCGA-58-8390","Pyroptosis",27,0.193582135712046,"PCD_C1"
"TCGA-58-8391","Pyroptosis",27,-0.309658052953004,"PCD_C2"
"TCGA-58-8392","Pyroptosis",27,0.133762555618214,"PCD_C2"
"TCGA-58-8393","Pyroptosis",27,0.674574434234951,"PCD_C2"
"TCGA-58-A46J","Pyroptosis",27,-0.232291424038526,"PCD_C1"
"TCGA-58-A46K","Pyroptosis",27,0.392992476101918,"PCD_C2"
"TCGA-58-A46L","Pyroptosis",27,-0.0365920328451843,"PCD_C1"
"TCGA-58-A46M","Pyroptosis",27,0.223490680141041,"PCD_C2"
"TCGA-58-A46N","Pyroptosis",27,0.0872515963090278,"PCD_C2"
"TCGA-60-2695","Pyroptosis",27,0.0772899526865819,"PCD_C1"
"TCGA-60-2696","Pyroptosis",27,0.389583268418487,"PCD_C1"
"TCGA-60-2697","Pyroptosis",27,-0.243563728206106,"PCD_C1"
"TCGA-60-2698","Pyroptosis",27,0.401438438109116,"PCD_C1"
"TCGA-60-2703","Pyroptosis",27,-0.144339878032332,"PCD_C1"
"TCGA-60-2704","Pyroptosis",27,-0.244152977381,"PCD_C1"
"TCGA-60-2706","Pyroptosis",27,0.124765544233591,"PCD_C2"
"TCGA-60-2707","Pyroptosis",27,0.427610309661334,"PCD_C1"
"TCGA-60-2708","Pyroptosis",27,-0.322138088940065,"PCD_C1"
"TCGA-60-2709","Pyroptosis",27,-0.283668043454201,"PCD_C2"
"TCGA-60-2710","Pyroptosis",27,0.312987417213866,"PCD_C2"
"TCGA-60-2711","Pyroptosis",27,0.139693052474133,"PCD_C1"
"TCGA-60-2712","Pyroptosis",27,-0.518735296185596,"PCD_C1"
"TCGA-60-2713","Pyroptosis",27,0.295143550644322,"PCD_C1"
"TCGA-60-2714","Pyroptosis",27,-0.401621417902428,"PCD_C1"
"TCGA-60-2715","Pyroptosis",27,0.255347512985146,"PCD_C1"
"TCGA-60-2716","Pyroptosis",27,-0.0542330515082408,"PCD_C1"
"TCGA-60-2719","Pyroptosis",27,0.0878364659717125,"PCD_C1"
"TCGA-60-2720","Pyroptosis",27,0.0507236042662647,"PCD_C1"
"TCGA-60-2721","Pyroptosis",27,-0.188457726176278,"PCD_C1"
"TCGA-60-2722","Pyroptosis",27,-0.214276159172242,"PCD_C2"
"TCGA-60-2723","Pyroptosis",27,-0.193527756157082,"PCD_C2"
"TCGA-60-2724","Pyroptosis",27,0.314801025921814,"PCD_C1"
"TCGA-60-2725","Pyroptosis",27,0.323162136092058,"PCD_C1"
"TCGA-60-2726","Pyroptosis",27,-0.276840171671851,"PCD_C1"
"TCGA-63-5128","Pyroptosis",27,-0.473089922154635,"PCD_C2"
"TCGA-63-5131","Pyroptosis",27,-0.0670026536589503,"PCD_C1"
"TCGA-63-6202","Pyroptosis",27,-0.0638386313926326,"PCD_C1"
"TCGA-63-7020","Pyroptosis",27,0.347313536395034,"PCD_C1"
"TCGA-63-7021","Pyroptosis",27,-0.366158003166939,"PCD_C1"
"TCGA-63-7022","Pyroptosis",27,-0.731453659960291,"PCD_C1"
"TCGA-63-7023","Pyroptosis",27,-0.239488800162591,"PCD_C1"
"TCGA-63-A5M9","Pyroptosis",27,0.173730740788458,"PCD_C2"
"TCGA-63-A5MB","Pyroptosis",27,0.260975702746071,"PCD_C2"
"TCGA-63-A5MG","Pyroptosis",27,-0.547789333980867,"PCD_C1"
"TCGA-63-A5MH","Pyroptosis",27,-0.035650311315336,"PCD_C1"
"TCGA-63-A5MI","Pyroptosis",27,-0.322160191460898,"PCD_C1"
"TCGA-63-A5MJ","Pyroptosis",27,0.0885788891415863,"PCD_C2"
"TCGA-63-A5ML","Pyroptosis",27,0.33052408471482,"PCD_C2"
"TCGA-63-A5MM","Pyroptosis",27,0.882884994445068,"PCD_C1"
"TCGA-63-A5MN","Pyroptosis",27,-0.342080447119816,"PCD_C1"
"TCGA-63-A5MP","Pyroptosis",27,-0.00292614065373817,"PCD_C2"
"TCGA-63-A5MR","Pyroptosis",27,0.551969104308973,"PCD_C1"
"TCGA-63-A5MS","Pyroptosis",27,-0.553804751358439,"PCD_C1"
"TCGA-63-A5MT","Pyroptosis",27,0.30680892206767,"PCD_C1"
"TCGA-63-A5MU","Pyroptosis",27,-0.0784839573465742,"PCD_C2"
"TCGA-63-A5MV","Pyroptosis",27,0.0184476101529266,"PCD_C1"
"TCGA-63-A5MW","Pyroptosis",27,-0.108806279168464,"PCD_C1"
"TCGA-63-A5MY","Pyroptosis",27,-0.684045572877769,"PCD_C2"
"TCGA-66-2727","Pyroptosis",27,0.128167537258662,"PCD_C2"
"TCGA-66-2734","Pyroptosis",27,0.463830230679981,"PCD_C1"
"TCGA-66-2737","Pyroptosis",27,0.200166313316472,"PCD_C2"
"TCGA-66-2742","Pyroptosis",27,0.041589559080959,"PCD_C1"
"TCGA-66-2744","Pyroptosis",27,0.44980524875452,"PCD_C1"
"TCGA-66-2753","Pyroptosis",27,0.0441299727728399,"PCD_C1"
"TCGA-66-2754","Pyroptosis",27,-0.381748812086666,"PCD_C2"
"TCGA-66-2755","Pyroptosis",27,0.534925925952065,"PCD_C1"
"TCGA-66-2756","Pyroptosis",27,-0.216246762864621,"PCD_C1"
"TCGA-66-2757","Pyroptosis",27,0.234655076617528,"PCD_C1"
"TCGA-66-2758","Pyroptosis",27,0.00397590550027418,"PCD_C2"
"TCGA-66-2759","Pyroptosis",27,0.44825815239227,"PCD_C2"
"TCGA-66-2763","Pyroptosis",27,0.0952838895305369,"PCD_C1"
"TCGA-66-2765","Pyroptosis",27,0.137092903956557,"PCD_C1"
"TCGA-66-2766","Pyroptosis",27,0.0391934263324,"PCD_C2"
"TCGA-66-2767","Pyroptosis",27,0.12840598502535,"PCD_C1"
"TCGA-66-2768","Pyroptosis",27,0.742970164243262,"PCD_C1"
"TCGA-66-2769","Pyroptosis",27,0.369314737285307,"PCD_C1"
"TCGA-66-2770","Pyroptosis",27,0.242938401663712,"PCD_C2"
"TCGA-66-2771","Pyroptosis",27,0.093448817913817,"PCD_C1"
"TCGA-66-2773","Pyroptosis",27,0.378487919111363,"PCD_C2"
"TCGA-66-2777","Pyroptosis",27,0.283839472345611,"PCD_C2"
"TCGA-66-2778","Pyroptosis",27,0.0763523113620658,"PCD_C1"
"TCGA-66-2780","Pyroptosis",27,0.29350655728687,"PCD_C1"
"TCGA-66-2781","Pyroptosis",27,-0.340437339819058,"PCD_C2"
"TCGA-66-2782","Pyroptosis",27,0.101191648862651,"PCD_C1"
"TCGA-66-2783","Pyroptosis",27,-0.482403337146056,"PCD_C2"
"TCGA-66-2785","Pyroptosis",27,-0.0195393257547832,"PCD_C1"
"TCGA-66-2786","Pyroptosis",27,0.378987698491165,"PCD_C1"
"TCGA-66-2787","Pyroptosis",27,-0.030557430290466,"PCD_C2"
"TCGA-66-2788","Pyroptosis",27,0.218636201130936,"PCD_C1"
"TCGA-66-2789","Pyroptosis",27,0.0860647256407461,"PCD_C1"
"TCGA-66-2790","Pyroptosis",27,0.53478151982507,"PCD_C1"
"TCGA-66-2791","Pyroptosis",27,0.29476558005056,"PCD_C2"
"TCGA-66-2792","Pyroptosis",27,0.0408467017905978,"PCD_C2"
"TCGA-66-2793","Pyroptosis",27,0.177221213130369,"PCD_C1"
"TCGA-66-2794","Pyroptosis",27,0.438166598645321,"PCD_C2"
"TCGA-66-2795","Pyroptosis",27,0.093932056351904,"PCD_C2"
"TCGA-66-2800","Pyroptosis",27,0.109732472968013,"PCD_C2"
"TCGA-68-7755","Pyroptosis",27,-0.068985510321921,"PCD_C2"
"TCGA-68-7756","Pyroptosis",27,0.163890860643014,"PCD_C2"
"TCGA-68-7757","Pyroptosis",27,0.0671361704482009,"PCD_C1"
"TCGA-68-8250","Pyroptosis",27,0.311952668278048,"PCD_C1"
"TCGA-68-8251","Pyroptosis",27,0.134938749003603,"PCD_C1"
"TCGA-68-A59I","Pyroptosis",27,-0.414764501710285,"PCD_C1"
"TCGA-68-A59J","Pyroptosis",27,0.325027028009091,"PCD_C2"
"TCGA-6A-AB49","Pyroptosis",27,0.238044551167659,"PCD_C1"
"TCGA-70-6722","Pyroptosis",27,0.487263855956764,"PCD_C1"
"TCGA-70-6723","Pyroptosis",27,-0.0193837638041398,"PCD_C2"
"TCGA-77-6842","Pyroptosis",27,0.633309111977293,"PCD_C1"
"TCGA-77-6843","Pyroptosis",27,-0.14861551305107,"PCD_C2"
"TCGA-77-6844","Pyroptosis",27,0.0184241587569209,"PCD_C1"
"TCGA-77-6845","Pyroptosis",27,-0.56801144338768,"PCD_C2"
"TCGA-77-7138","Pyroptosis",27,0.366983118093568,"PCD_C1"
"TCGA-77-7139","Pyroptosis",27,-0.399941173926568,"PCD_C2"
"TCGA-77-7140","Pyroptosis",27,-0.600585931100401,"PCD_C2"
"TCGA-77-7141","Pyroptosis",27,-0.205898056595533,"PCD_C2"
"TCGA-77-7142","Pyroptosis",27,-0.25334462595897,"PCD_C1"
"TCGA-77-7335","Pyroptosis",27,-0.133092717318473,"PCD_C1"
"TCGA-77-7337","Pyroptosis",27,0.298499348225029,"PCD_C1"
"TCGA-77-7338","Pyroptosis",27,0.206451815377539,"PCD_C2"
"TCGA-77-7463","Pyroptosis",27,-0.586588512124984,"PCD_C2"
"TCGA-77-7465","Pyroptosis",27,-0.0681062703530886,"PCD_C1"
"TCGA-77-8007","Pyroptosis",27,0.303543023923168,"PCD_C1"
"TCGA-77-8008","Pyroptosis",27,0.109028000138952,"PCD_C1"
"TCGA-77-8009","Pyroptosis",27,0.410788321152526,"PCD_C2"
"TCGA-77-8128","Pyroptosis",27,-0.307117235778401,"PCD_C2"
"TCGA-77-8130","Pyroptosis",27,-0.246695653672267,"PCD_C1"
"TCGA-77-8131","Pyroptosis",27,0.101595286350141,"PCD_C1"
"TCGA-77-8133","Pyroptosis",27,0.255316941565643,"PCD_C1"
"TCGA-77-8136","Pyroptosis",27,0.632606612042082,"PCD_C1"
"TCGA-77-8138","Pyroptosis",27,0.266339513084926,"PCD_C2"
"TCGA-77-8139","Pyroptosis",27,-0.314908103961232,"PCD_C1"
"TCGA-77-8140","Pyroptosis",27,-0.309536386210754,"PCD_C1"
"TCGA-77-8143","Pyroptosis",27,-0.234875349024758,"PCD_C1"
"TCGA-77-8144","Pyroptosis",27,0.425694494224958,"PCD_C1"
"TCGA-77-8145","Pyroptosis",27,0.02807042307765,"PCD_C1"
"TCGA-77-8146","Pyroptosis",27,0.0997326416271875,"PCD_C2"
"TCGA-77-8148","Pyroptosis",27,-0.291658689484432,"PCD_C2"
"TCGA-77-8150","Pyroptosis",27,0.0903893664872266,"PCD_C2"
"TCGA-77-8153","Pyroptosis",27,-0.380618145236153,"PCD_C2"
"TCGA-77-8154","Pyroptosis",27,-0.31752266055493,"PCD_C2"
"TCGA-77-8156","Pyroptosis",27,-0.110671638479406,"PCD_C2"
"TCGA-77-A5FZ","Pyroptosis",27,-0.220467219544246,"PCD_C1"
"TCGA-77-A5G1","Pyroptosis",27,0.26478915241553,"PCD_C1"
"TCGA-77-A5G3","Pyroptosis",27,0.219035775080104,"PCD_C2"
"TCGA-77-A5G6","Pyroptosis",27,-0.171329513513254,"PCD_C1"
"TCGA-77-A5G7","Pyroptosis",27,-0.427573311535129,"PCD_C1"
"TCGA-77-A5G8","Pyroptosis",27,-0.784644182285357,"PCD_C2"
"TCGA-77-A5GA","Pyroptosis",27,-0.596804273439963,"PCD_C2"
"TCGA-77-A5GB","Pyroptosis",27,-0.0429704943675557,"PCD_C1"
"TCGA-77-A5GF","Pyroptosis",27,-0.00278425499735359,"PCD_C2"
"TCGA-77-A5GH","Pyroptosis",27,0.195062886941161,"PCD_C1"
"TCGA-79-5596","Pyroptosis",27,-0.161075791616554,"PCD_C2"
"TCGA-85-6175","Pyroptosis",27,0.171201554035467,"PCD_C1"
"TCGA-85-6560","Pyroptosis",27,-0.180049995765524,"PCD_C1"
"TCGA-85-6561","Pyroptosis",27,-0.339249262616151,"PCD_C2"
"TCGA-85-6798","Pyroptosis",27,-0.327147999053768,"PCD_C2"
"TCGA-85-7696","Pyroptosis",27,-0.0750626278790214,"PCD_C2"
"TCGA-85-7697","Pyroptosis",27,0.118993770409217,"PCD_C1"
"TCGA-85-7698","Pyroptosis",27,0.246495858199608,"PCD_C2"
"TCGA-85-7699","Pyroptosis",27,0.2149808143563,"PCD_C1"
"TCGA-85-7710","Pyroptosis",27,0.563179855126076,"PCD_C1"
"TCGA-85-7843","Pyroptosis",27,-0.139412191107554,"PCD_C2"
"TCGA-85-7844","Pyroptosis",27,0.32475356778908,"PCD_C2"
"TCGA-85-7950","Pyroptosis",27,0.485327594756529,"PCD_C1"
"TCGA-85-8048","Pyroptosis",27,0.162073940088901,"PCD_C1"
"TCGA-85-8049","Pyroptosis",27,-0.147150825899475,"PCD_C2"
"TCGA-85-8052","Pyroptosis",27,-0.157438241090566,"PCD_C2"
"TCGA-85-8070","Pyroptosis",27,-0.291273860801869,"PCD_C2"
"TCGA-85-8071","Pyroptosis",27,0.276016827696768,"PCD_C2"
"TCGA-85-8072","Pyroptosis",27,0.2552028830564,"PCD_C2"
"TCGA-85-8276","Pyroptosis",27,-0.326240778814801,"PCD_C1"
"TCGA-85-8277","Pyroptosis",27,-0.0558509019675278,"PCD_C2"
"TCGA-85-8287","Pyroptosis",27,-0.502021330943428,"PCD_C1"
"TCGA-85-8288","Pyroptosis",27,0.00291890325856966,"PCD_C1"
"TCGA-85-8350","Pyroptosis",27,0.104030386672152,"PCD_C1"
"TCGA-85-8351","Pyroptosis",27,0.491609548676662,"PCD_C1"
"TCGA-85-8352","Pyroptosis",27,-0.613627460824309,"PCD_C1"
"TCGA-85-8353","Pyroptosis",27,-0.235670634065548,"PCD_C1"
"TCGA-85-8354","Pyroptosis",27,-0.443003414511809,"PCD_C2"
"TCGA-85-8355","Pyroptosis",27,-0.00877376586286535,"PCD_C2"
"TCGA-85-8479","Pyroptosis",27,-0.336628941730548,"PCD_C1"
"TCGA-85-8481","Pyroptosis",27,-0.121993612597708,"PCD_C1"
"TCGA-85-8580","Pyroptosis",27,-0.053283346525132,"PCD_C2"
"TCGA-85-8582","Pyroptosis",27,0.0950646862447124,"PCD_C1"
"TCGA-85-8584","Pyroptosis",27,0.194352948804935,"PCD_C2"
"TCGA-85-8664","Pyroptosis",27,-0.0416641533777317,"PCD_C1"
"TCGA-85-8666","Pyroptosis",27,0.452799138418556,"PCD_C2"
"TCGA-85-A4CL","Pyroptosis",27,-0.382974671469614,"PCD_C2"
"TCGA-85-A4CN","Pyroptosis",27,-0.161044692802108,"PCD_C2"
"TCGA-85-A4JB","Pyroptosis",27,0.288539675409797,"PCD_C1"
"TCGA-85-A4JC","Pyroptosis",27,-0.34845119230196,"PCD_C1"
"TCGA-85-A4PA","Pyroptosis",27,0.176819919289244,"PCD_C1"
"TCGA-85-A4QQ","Pyroptosis",27,0.0586843797297685,"PCD_C1"
"TCGA-85-A4QR","Pyroptosis",27,-0.604785778300749,"PCD_C1"
"TCGA-85-A50M","Pyroptosis",27,-0.153975222558476,"PCD_C1"
"TCGA-85-A50Z","Pyroptosis",27,-0.435247393912514,"PCD_C1"
"TCGA-85-A510","Pyroptosis",27,0.306565649542625,"PCD_C1"
"TCGA-85-A511","Pyroptosis",27,0.37928756190551,"PCD_C1"
"TCGA-85-A512","Pyroptosis",27,0.0385429337514683,"PCD_C2"
"TCGA-85-A513","Pyroptosis",27,-0.669859954943773,"PCD_C1"
"TCGA-85-A53L","Pyroptosis",27,0.0340295156645124,"PCD_C1"
"TCGA-85-A5B5","Pyroptosis",27,0.107361096059064,"PCD_C2"
"TCGA-90-6837","Pyroptosis",27,-0.640529122941047,"PCD_C1"
"TCGA-90-7766","Pyroptosis",27,-0.187517357093447,"PCD_C1"
"TCGA-90-7767","Pyroptosis",27,0.245369068145961,"PCD_C1"
"TCGA-90-7769","Pyroptosis",27,-0.193281337751399,"PCD_C2"
"TCGA-90-7964","Pyroptosis",27,-0.199610883021574,"PCD_C2"
"TCGA-90-A4ED","Pyroptosis",27,-0.707853712953426,"PCD_C1"
"TCGA-90-A4EE","Pyroptosis",27,0.452740632389482,"PCD_C1"
"TCGA-90-A59Q","Pyroptosis",27,-0.065544740322237,"PCD_C1"
"TCGA-92-7340","Pyroptosis",27,-0.124704188132737,"PCD_C1"
"TCGA-92-7341","Pyroptosis",27,-0.277076934011577,"PCD_C2"
"TCGA-92-8063","Pyroptosis",27,0.255221442477275,"PCD_C2"
"TCGA-92-8064","Pyroptosis",27,0.218865683270481,"PCD_C2"
"TCGA-92-8065","Pyroptosis",27,-0.566954661638054,"PCD_C1"
"TCGA-94-7033","Pyroptosis",27,0.0364513795013563,"PCD_C1"
"TCGA-94-7557","Pyroptosis",27,0.395305541934731,"PCD_C2"
"TCGA-94-7943","Pyroptosis",27,-0.350807705906616,"PCD_C2"
"TCGA-94-8035","Pyroptosis",27,0.137822795527738,"PCD_C1"
"TCGA-94-8490","Pyroptosis",27,-0.0181152898465174,"PCD_C2"
"TCGA-94-8491","Pyroptosis",27,0.287163223310461,"PCD_C2"
"TCGA-94-A4VJ","Pyroptosis",27,0.403902529328501,"PCD_C1"
"TCGA-94-A5I4","Pyroptosis",27,-0.0368074333962511,"PCD_C2"
"TCGA-94-A5I6","Pyroptosis",27,0.0211141338931235,"PCD_C2"
"TCGA-96-7544","Pyroptosis",27,-0.512313985934802,"PCD_C1"
"TCGA-96-7545","Pyroptosis",27,-0.194372776220302,"PCD_C2"
"TCGA-96-8169","Pyroptosis",27,-0.0890151855786406,"PCD_C2"
"TCGA-96-8170","Pyroptosis",27,-0.012214318273605,"PCD_C1"
"TCGA-96-A4JK","Pyroptosis",27,-0.0253253534295611,"PCD_C2"
"TCGA-96-A4JL","Pyroptosis",27,0.347505749776068,"PCD_C1"
"TCGA-98-7454","Pyroptosis",27,-0.0771310600266918,"PCD_C1"
"TCGA-98-8020","Pyroptosis",27,0.448909942498339,"PCD_C1"
"TCGA-98-8021","Pyroptosis",27,0.0478629647707247,"PCD_C1"
"TCGA-98-8022","Pyroptosis",27,0.101402757135471,"PCD_C1"
"TCGA-98-8023","Pyroptosis",27,0.0628470408723906,"PCD_C1"
"TCGA-98-A538","Pyroptosis",27,-0.0407954345341408,"PCD_C1"
"TCGA-98-A539","Pyroptosis",27,-0.381955046750192,"PCD_C2"
"TCGA-98-A53A","Pyroptosis",27,-0.153026007576778,"PCD_C2"
"TCGA-98-A53B","Pyroptosis",27,0.213943472744384,"PCD_C1"
"TCGA-98-A53C","Pyroptosis",27,-0.182455838915582,"PCD_C1"
"TCGA-98-A53D","Pyroptosis",27,-0.0162228131364896,"PCD_C1"
"TCGA-98-A53H","Pyroptosis",27,0.27256015587205,"PCD_C1"
"TCGA-98-A53I","Pyroptosis",27,-0.014375829155822,"PCD_C2"
"TCGA-98-A53J","Pyroptosis",27,-0.0697514081313454,"PCD_C2"
"TCGA-J1-A4AH","Pyroptosis",27,-0.472159836848461,"PCD_C2"
"TCGA-L3-A4E7","Pyroptosis",27,0.23885632429069,"PCD_C1"
"TCGA-L3-A524","Pyroptosis",27,-0.260126593160358,"PCD_C2"
"TCGA-LA-A446","Pyroptosis",27,0.306277553065782,"PCD_C2"
"TCGA-LA-A7SW","Pyroptosis",27,0.544010501624298,"PCD_C1"
"TCGA-MF-A522","Pyroptosis",27,-0.119713918419829,"PCD_C2"
"TCGA-NC-A5HD","Pyroptosis",27,-0.153341670193282,"PCD_C2"
"TCGA-NC-A5HE","Pyroptosis",27,0.336630775230903,"PCD_C2"
"TCGA-NC-A5HF","Pyroptosis",27,0.12970797934873,"PCD_C2"
"TCGA-NC-A5HG","Pyroptosis",27,-0.0355390771776154,"PCD_C1"
"TCGA-NC-A5HH","Pyroptosis",27,0.0510523879592762,"PCD_C1"
"TCGA-NC-A5HI","Pyroptosis",27,-0.757130083243217,"PCD_C1"
"TCGA-NC-A5HJ","Pyroptosis",27,0.0303183473670378,"PCD_C1"
"TCGA-NC-A5HK","Pyroptosis",27,0.589144988729882,"PCD_C1"
"TCGA-NC-A5HL","Pyroptosis",27,-0.040418319269794,"PCD_C2"
"TCGA-NC-A5HM","Pyroptosis",27,0.455647765039528,"PCD_C1"
"TCGA-NC-A5HN","Pyroptosis",27,-0.118386821852148,"PCD_C2"
"TCGA-NC-A5HO","Pyroptosis",27,-0.0104556927556784,"PCD_C2"
"TCGA-NC-A5HP","Pyroptosis",27,0.113152481140071,"PCD_C1"
"TCGA-NC-A5HQ","Pyroptosis",27,0.0674899874924519,"PCD_C1"
"TCGA-NC-A5HR","Pyroptosis",27,-0.291872361246207,"PCD_C2"
"TCGA-NC-A5HT","Pyroptosis",27,-0.117784628350504,"PCD_C2"
"TCGA-NK-A5CR","Pyroptosis",27,-0.162449307230278,"PCD_C2"
"TCGA-NK-A5CT","Pyroptosis",27,0.612940461214221,"PCD_C1"
"TCGA-NK-A5CX","Pyroptosis",27,0.346457650142843,"PCD_C1"
"TCGA-NK-A5D1","Pyroptosis",27,0.0458830185271957,"PCD_C1"
"TCGA-NK-A7XE","Pyroptosis",27,-0.120316606693507,"PCD_C2"
"TCGA-O2-A52N","Pyroptosis",27,0.267172374120448,"PCD_C1"
"TCGA-O2-A52Q","Pyroptosis",27,0.534190959810674,"PCD_C1"
"TCGA-O2-A52S","Pyroptosis",27,0.15174049342965,"PCD_C2"
"TCGA-O2-A52V","Pyroptosis",27,0.109495590831586,"PCD_C2"
"TCGA-O2-A52W","Pyroptosis",27,-0.843813543020316,"PCD_C1"
"TCGA-O2-A5IB","Pyroptosis",27,-0.158566751614042,"PCD_C1"
"TCGA-XC-AA0X","Pyroptosis",27,-0.268034635238256,"PCD_C2"
