"drug_full_name","n","auc_unique_values","auc_SD","spearman_rho","p_value","FDR","drug_name","BRD_ID","association_direction","linear_n","linear_beta","linear_SE","linear_p","linear_FDR"
"(+)-CAMPTOTHECIN (BRD:BRD-K37890730-001-15-1)",45,45,0.194413982824658,-0.146640316205534,0.336440899487884,0.86359161365874,"(+)-CAMPTOTHECIN","BRD-K37890730-001-15-1","Higher MPCDS = greater sensitivity",45,-0.00866305264696815,0.0307966815667964,0.779830901381691,0.986518863295841
"1-AZAKENPAULLONE (BRD:BRD-K03273112-001-01-8)",43,42,0.053745019283202,0.153811303768019,0.324740228980687,0.856650473364682,"1-AZAKENPAULLONE","BRD-K03273112-001-01-8","Higher MPCDS = greater resistance",43,0.0106150344087093,0.00837985793654674,0.212400155236276,0.878423459094401
"1-NAPHTHYL-PP1 (BRD:BRD-K29542628-001-03-9)",42,42,0.0403824335407121,-0.211085001215461,0.179634845277913,0.778462525709525,"1-NAPHTHYL-PP1","BRD-K29542628-001-03-9","Higher MPCDS = greater sensitivity",42,-0.00805736700990798,0.00629906188070113,0.208219496920898,0.878423459094401
"1-PHENYLBIGUANIDE (BRD:BRD-K31491153-003-05-9)",37,36,0.0456498966064316,0.039357477397097,0.817101331910935,0.985785202498155,"1-PHENYLBIGUANIDE","BRD-K31491153-003-05-9","Higher MPCDS = greater resistance",37,0.00154446774745907,0.00770139420742931,0.842216022363966,0.990502452946434
"10-DEACETYLBACCATIN (BRD:BRD-K96631475-001-02-4)",44,44,0.0497496533467906,-0.0432699083861875,0.780330877051099,0.984817233088154,"10-DEACETYLBACCATIN","BRD-K96631475-001-02-4","Higher MPCDS = greater sensitivity",44,0.00214394884252106,0.00791737202068435,0.78787857844381,0.987450523231504
"10-HYDROXYCAMPTOTHECIN (BRD:BRD-K63784565-001-06-2)",43,43,0.114193232132975,-0.0857746904258532,0.584448987229214,0.939293015189809,"10-HYDROXYCAMPTOTHECIN","BRD-K63784565-001-06-2","Higher MPCDS = greater sensitivity",43,-0.00881883073701216,0.0182306173298951,0.631145973947768,0.967891589440667
"AZD4547 (BRD:BRD-K28392481-001-05-1)",39,30,0.0189532599092572,-0.0227617153699309,0.890604188700574,0.991788224600003,"AZD4547","BRD-K28392481-001-05-1","Higher MPCDS = greater sensitivity",39,0.0035854065505452,0.00326995321169135,0.279958444950346,0.926120965655263
"12-O-TETRADECANOYLPHORBOL-13-ACETATE (BRD:BRD-K68552125-001-05-3)",42,32,0.153963440294893,-0.0841338907063465,0.596295098037936,0.943141955314152,"12-O-TETRADECANOYLPHORBOL-13-ACETATE","BRD-K68552125-001-05-3","Higher MPCDS = greater sensitivity",42,-0.00415221123111355,0.0246485579494672,0.867073044060754,0.991567094778153
"TANESPIMYCIN (BRD:BRD-K81473043-001-19-5)",50,50,0.102993539490269,-0.193469387755102,0.178240458904526,0.778462525709525,"TANESPIMYCIN","BRD-K81473043-001-19-5","Higher MPCDS = greater sensitivity",50,-0.0216229369206909,0.0145345262619574,0.143371855315653,0.855343068908636
"2'-MECCPA (BRD:BRD-K63932022-001-01-5)",40,23,0.030308769442961,-0.183097946676247,0.258103510218698,0.820464845078843,"2'-MECCPA","BRD-K63932022-001-01-5","Higher MPCDS = greater sensitivity",40,0.00177327636433073,0.00494591951265336,0.721928607129602,0.986518863295841
"2,3-DCPE (BRD:BRD-K61734568-003-02-1)",41,40,0.0605829764472597,-0.141818023567599,0.376438200431793,0.884852066916281,"2,3-DCPE","BRD-K61734568-003-02-1","Higher MPCDS = greater sensitivity",41,-0.00441607682663235,0.00976973232955047,0.653761440548847,0.975756906432833
"2-METHOXYESTRADIOL (BRD:BRD-K44408410-001-17-6)",49,49,0.0474165811080567,-0.0214285714285714,0.883807391037281,0.989069045957568,"2-METHOXYESTRADIOL","BRD-K44408410-001-17-6","Higher MPCDS = greater sensitivity",49,0.000481125274406254,0.00694107299675712,0.945032412923486,0.991567094778153
"212631-79-3 (BRD:BRD-K05104363-001-10-0)",43,42,0.0655988291461259,-0.201230792607644,0.195679785020951,0.802501065545157,"212631-79-3","BRD-K05104363-001-10-0","Higher MPCDS = greater sensitivity",43,-0.0125368319163027,0.0103183890113377,0.231317349311041,0.902693611872781
"SORAFENIB (BRD:BRD-K23984367-001-07-5)",50,50,0.0599256151074502,0.00657863145258103,0.963834841877668,0.998144120500538,"SORAFENIB","BRD-K23984367-001-07-5","Higher MPCDS = greater resistance",50,0.00297206799050569,0.00863887309137462,0.73232317155143,0.986518863295841
"3'-FLUOROBENZYLSPIPERONE (BRD:BRD-K45662124-050-01-5)",37,33,0.0216012380671623,-0.0626632295092093,0.712541125320404,0.96366499509342,"3'-FLUOROBENZYLSPIPERONE","BRD-K45662124-050-01-5","Higher MPCDS = greater sensitivity",37,0.000263159605533208,0.00378348543869873,0.944943893916598,0.991567094778153
"3-AMINO-BENZAMIDE (BRD:BRD-K08703257-001-13-9)",49,42,0.0255643485608036,-0.27032478733779,0.0603037722661817,0.644986749458964,"3-AMINO-BENZAMIDE","BRD-K08703257-001-13-9","Higher MPCDS = greater sensitivity",49,-0.00628109807685991,0.00360713923512129,0.0881743383588087,0.855343068908636
"3-DEAZANEPLANOCIN-A (BRD:BRD-K77791657-003-01-7)",44,44,0.0844249063256103,-0.161099365750529,0.296165497339456,0.841997266116938,"3-DEAZANEPLANOCIN-A","BRD-K77791657-003-01-7","Higher MPCDS = greater sensitivity",44,-0.00863638509838177,0.0133812698574543,0.522172977272427,0.960295085661133
"4-(4-FLUOROBENZOYL)-1-(4-PHENYLBUTYL)-PIPERIDINE (BRD:BRD-K47337578-034-02-5)",45,39,0.038130296659563,-0.025079240287084,0.870102675766396,0.985785202498155,"4-(4-FLUOROBENZOYL)-1-(4-PHENYLBUTYL)-PIPERIDINE","BRD-K47337578-034-02-5","Higher MPCDS = greater sensitivity",45,-6.38126449481574e-05,0.00604568164539354,0.99162724195731,0.997167058951485
"4-CHLOROPHENYLGUANIDINE (BRD:BRD-K39160765-003-02-9)",39,25,0.0203568506169917,0.0606508031394553,0.713783994307976,0.96366499509342,"4-CHLOROPHENYLGUANIDINE","BRD-K39160765-003-02-9","Higher MPCDS = greater resistance",39,-0.000288449087845639,0.00350092875509953,0.934778991533319,0.991567094778153
"4-HYDROXY-PHENAZONE (BRD:BRD-K49759007-001-11-9)",42,27,0.0286706898806469,0.0853604867327576,0.590931215324052,0.941954200718455,"4-HYDROXY-PHENAZONE","BRD-K49759007-001-11-9","Higher MPCDS = greater resistance",42,0.0024251385867682,0.00458831335957063,0.600040441704762,0.960295085661133
"4-IODO-6-PHENYLPYRIMIDINE (BRD:BRD-K25690923-001-02-4)",34,22,0.0138707645559334,-0.0577008043159685,0.745834984370474,0.968955182496758,"4-IODO-6-PHENYLPYRIMIDINE","BRD-K25690923-001-02-4","Higher MPCDS = greater sensitivity",34,-0.00143344771434515,0.00244943408866732,0.562506978009317,0.960295085661133
"4-METHYLGENISTEIN (BRD:BRD-K73303757-001-21-6)",39,24,0.0312818074499097,-0.436126121280402,0.00551237423673991,0.417374992375077,"4-METHYLGENISTEIN","BRD-K73303757-001-21-6","Higher MPCDS = greater sensitivity",39,-0.00873593481615753,0.00507340409453183,0.0934377782007272,0.855343068908636
"4-METHYLHISTAMINE (BRD:BRD-K70821460-300-02-4)",31,5,0.00270018574532977,0.029756823527916,0.873743351252881,0.985785202498155,"4-METHYLHISTAMINE","BRD-K70821460-300-02-4","Higher MPCDS = greater resistance",31,0.000286422260016409,0.000473400902843999,0.549863866970696,0.960295085661133
"4-PYRIMIDINECARBONITRILE (BRD:BRD-K04552268-001-02-4)",41,37,0.0393833228133119,-0.191630412846997,0.230042661728056,0.816675299909548,"4-PYRIMIDINECARBONITRILE","BRD-K04552268-001-02-4","Higher MPCDS = greater sensitivity",41,-0.0102744091427483,0.00612516086301161,0.101460432307129,0.855343068908636
"4E1RCAT (BRD:BRD-K67173685-001-06-9)",37,36,0.0230392792773487,-0.112856380969989,0.506020695527116,0.931366670797781,"4E1RCAT","BRD-K67173685-001-06-9","Higher MPCDS = greater sensitivity",37,-0.00626364893275759,0.00374219957831098,0.10308779542971,0.855343068908636
"AZACITIDINE (BRD:BRD-K03406345-001-21-1)",49,49,0.0647466946333826,-0.233673469387755,0.106105616627436,0.698790433469257,"AZACITIDINE","BRD-K03406345-001-21-1","Higher MPCDS = greater sensitivity",49,-0.0118523056868059,0.00954182909320465,0.220346691470593,0.887075809400971
"5-HYDROXYMETHYL-TOLTERODINE (BRD:BRD-K24603946-001-02-1)",37,37,0.0481604315712221,0.198672356567093,0.238480110922962,0.817539523837169,"5-HYDROXYMETHYL-TOLTERODINE","BRD-K24603946-001-02-1","Higher MPCDS = greater resistance",37,0.00772887090052608,0.00802394585989675,0.342042468223245,0.928234297362907
"5XE (BRD:BRD-K47557313-001-02-7)",37,20,0.0314670464672087,-0.0892055543690502,0.59955470625082,0.943141955314152,"5XE","BRD-K47557313-001-02-7","Higher MPCDS = greater sensitivity",37,0.0035154983845,0.00573094684232374,0.543562507158002,0.960295085661133
"7-AMINOCEPHALOSPORANIC-ACID (BRD:BRD-K65377893-001-07-4)",29,7,0.030022578038092,NA,NA,NA,"7-AMINOCEPHALOSPORANIC-ACID","BRD-K65377893-001-07-4","Not tested",29,NA,NA,NA,NA
"7-HYDROXYSTAUROSPORINE (BRD:BRD-K45293975-001-02-0)",37,37,0.0665154960660212,-0.0625889046941678,0.71286759759507,0.96366499509342,"7-HYDROXYSTAUROSPORINE","BRD-K45293975-001-02-0","Higher MPCDS = greater sensitivity",37,-0.0075835985776903,0.0111545705244091,0.501062469405547,0.955335614492305
"7-NITROINDAZOLE (BRD:BRD-K04430056-236-02-1)",42,24,0.0153240412024215,0.261201845851606,0.0947527424528742,0.698790433469257,"7-NITROINDAZOLE","BRD-K04430056-236-02-1","Higher MPCDS = greater resistance",42,0.00229134249703215,0.00245277362289143,0.355814290591933,0.928385419996185
"8-BROMO-CGMP (BRD:BRD-A00077618-236-07-6)",42,24,0.0177284186791708,0.0914334041974849,0.564694848219429,0.934667334983883,"8-BROMO-CGMP","BRD-A00077618-236-07-6","Higher MPCDS = greater resistance",42,0.00442986177599476,0.00275146071570934,0.115261758402543,0.855343068908636
"8-HYDROXY-PIPAT (BRD:BRD-A60594020-034-01-1)",43,43,0.0497509663310564,-0.0788281485955905,0.615342603748893,0.943141955314152,"8-HYDROXY-PIPAT","BRD-A60594020-034-01-1","Higher MPCDS = greater sensitivity",43,-0.00431833444697149,0.0080122365346409,0.592824073431868,0.960295085661133
"9-AMINOACRIDINE (BRD:BRD-K00535541-001-06-3)",43,43,0.0339462071602089,-0.192540018121413,0.216095125233865,0.805277260014622,"9-AMINOACRIDINE","BRD-K00535541-001-06-3","Higher MPCDS = greater sensitivity",43,-0.00680988295915436,0.00532964027181941,0.208529385437629,0.878423459094401
"A-1065-5 (BRD:BRD-K87124298-001-03-4)",45,45,0.0505426214912815,0.0853754940711462,0.577104127395896,0.937957046783398,"A-1065-5","BRD-K87124298-001-03-4","Higher MPCDS = greater resistance",45,0.00173874613191156,0.00800931827706814,0.829164666566441,0.990502452946434
"LESTAURTINIB (BRD:BRD-A27376179-001-01-3)",37,37,0.0684510129678546,-0.16927453769559,0.316552276221373,0.846595816135879,"LESTAURTINIB","BRD-A27376179-001-01-3","Higher MPCDS = greater sensitivity",37,-0.00907365763206098,0.0114524606496682,0.433529773342308,0.938640046288849
"A-61603 (BRD:BRD-A83650191-004-02-8)",42,42,0.0496251328063741,-0.109148367231181,0.491405462278322,0.931366670797781,"A-61603","BRD-A83650191-004-02-8","Higher MPCDS = greater sensitivity",42,-0.00554581879136143,0.00784868622152032,0.483915979151381,0.951824355158289
"A-674563 (BRD:BRD-K78177893-001-02-4)",42,42,0.0466052985746829,-0.0566404667368933,0.721630369995765,0.96366499509342,"A-674563","BRD-K78177893-001-02-4","Higher MPCDS = greater sensitivity",42,-0.00173704511956917,0.00741184328200402,0.815900414664753,0.990273286572071
"A-803467 (BRD:BRD-K28570407-001-02-0)",34,19,0.0429099359353637,-0.0464840172939881,0.794054873475036,0.985785202498155,"A-803467","BRD-K28570407-001-02-0","Higher MPCDS = greater sensitivity",34,-0.00733979761039355,0.00736926835150139,0.326722024368808,0.927471102831342
"AB1010 (BRD:BRD-K71035033-001-07-1)",42,17,0.0231083223647865,0.206869498668683,0.188684844332908,0.793683538806061,"AB1010","BRD-K71035033-001-07-1","Higher MPCDS = greater resistance",42,0.00362637582646745,0.003661961411968,0.327988969286293,0.927471102831342
"ABEMACICLIB (BRD:BRD-K33622447-066-01-9)",49,49,0.0823667031582046,-0.196632653061224,0.17568580523796,0.778462525709525,"ABEMACICLIB","BRD-K33622447-066-01-9","Higher MPCDS = greater sensitivity",49,-0.012086474487062,0.0117923344283176,0.310636407230203,0.926120965655263
"ABIRATERONE (BRD:BRD-K50071428-001-03-3)",39,18,0.00742779149548029,-0.076082537618541,0.645268758442903,0.951396615235329,"ABIRATERONE","BRD-K50071428-001-03-3","Higher MPCDS = greater sensitivity",39,0.000122339556559439,0.00124647900371919,0.922344476756759,0.991567094778153
"ABIRATERONE-ACETATE (BRD:BRD-K24048528-001-02-5)",34,25,0.0385725048737316,0.220520871192881,0.210115788736371,0.805277260014622,"ABIRATERONE-ACETATE","BRD-K24048528-001-02-5","Higher MPCDS = greater resistance",34,0.0121886687344992,0.00705057343445349,0.0934927746530989,0.855343068908636
"METHOTREXATE (BRD:BRD-K59456551-001-22-6)",50,50,0.14880472040581,0.0567106842737095,0.695665959372528,0.960459234416529,"METHOTREXATE","BRD-K59456551-001-22-6","Higher MPCDS = greater resistance",50,0.00626897418707661,0.0214590427606158,0.771441092706284,0.986518863295841
"ABT 869 (BRD:BRD-K99749624-001-07-0)",48,38,0.0298989152311529,0.135527179839816,0.358379954430742,0.875935908771118,"ABT 869","BRD-K99749624-001-07-0","Higher MPCDS = greater resistance",48,0.00346316701749156,0.00440127169585331,0.435401474849253,0.938640046288849
"VELIPARIB (BRD:BRD-K12737986-001-01-4)",47,40,0.0531561295118165,0.108728732935366,0.466922409978031,0.927404510852917,"VELIPARIB","BRD-K12737986-001-01-4","Higher MPCDS = greater resistance",47,0.00403856048351081,0.00833627282255085,0.630411743910516,0.967796280630217
"ABT-702 (BRD:BRD-K36021395-300-02-4)",43,42,0.0495400069933869,-0.130932155490302,0.402653762198966,0.894325793234898,"ABT-702","BRD-K36021395-300-02-4","Higher MPCDS = greater sensitivity",43,-0.00634080615308619,0.00781139862667118,0.421630053132972,0.938640046288849
"ABT-737 (BRD:BRD-K56301217-001-07-4)",44,40,0.0421269565988315,-0.0379407710707128,0.806833229105265,0.985785202498155,"ABT-737","BRD-K56301217-001-07-4","Higher MPCDS = greater sensitivity",44,-0.00358510384740045,0.00668727145596467,0.594711637470021,0.960295085661133
"ABT-751 (BRD:BRD-K91623615-001-05-0)",45,45,0.0604850269603425,-0.118050065876153,0.439921396872294,0.916749263539391,"ABT-751","BRD-K91623615-001-05-0","Higher MPCDS = greater sensitivity",45,-0.00503350769262761,0.00955933949530296,0.601209188628466,0.960295085661133
"AC 220 (BRD:BRD-K93918653-001-08-9)",44,42,0.0450313121127027,-0.0349591207307573,0.821757142689772,0.985785202498155,"AC 220","BRD-K93918653-001-08-9","Higher MPCDS = greater sensitivity",44,-0.00401368162386582,0.00718068989485569,0.579160872773621,0.960295085661133
"AC-264613 (BRD:BRD-K81548480-001-01-2)",44,44,0.0661529570872095,-0.108386187455955,0.483725921122159,0.931366670797781,"AC-264613","BRD-K81548480-001-01-2","Higher MPCDS = greater sensitivity",44,-0.00756369316453536,0.0106242347750683,0.480445257802375,0.951824355158289
"ACALABRUTINIB (BRD:BRD-K64034691-001-01-9)",49,44,0.041167590612232,-0.172807422508094,0.235076755693495,0.816675299909548,"ACALABRUTINIB","BRD-K64034691-001-01-9","Higher MPCDS = greater sensitivity",49,-0.00722175556737132,0.00585248187772562,0.223351003573193,0.888978738736049
"ACDPP (BRD:BRD-K68633617-003-02-9)",42,41,0.070706692499586,0.0790081439812239,0.618936908174913,0.943141955314152,"ACDPP","BRD-K68633617-003-02-9","Higher MPCDS = greater resistance",42,0.0169825871944013,0.0111086336812053,0.134190827749981,0.855343068908636
"ACESULFAME-POTASSIUM (BRD:BRD-K50850824-237-04-8)",44,24,0.0148051195426332,-0.0464252150563102,0.764752320427634,0.976279557992724,"ACESULFAME-POTASSIUM","BRD-K50850824-237-04-8","Higher MPCDS = greater sensitivity",44,-0.00185528361945796,0.00237637293802195,0.439345096572221,0.938660146979225
"ACETAZOLAMIDE (BRD:BRD-K43457670-001-27-8)",34,10,0.0075788765844105,-0.165901092285149,0.348399610635695,0.86882050747906,"ACETAZOLAMIDE","BRD-K43457670-001-27-8","Higher MPCDS = greater sensitivity",34,-0.00166863440212248,0.00126891847142109,0.197854224180788,0.873439252662257
"ACETOPHENAZINE (BRD:BRD-K42938903-332-01-1)",40,40,0.0186695382339406,-0.215572232645403,0.181570545644841,0.778462525709525,"ACETOPHENAZINE","BRD-K42938903-332-01-1","Higher MPCDS = greater sensitivity",40,-0.00281626060268756,0.00321073046954524,0.385922407951938,0.928385419996185
"ACETYLCYSTEINE (BRD:BRD-K59058747-001-18-3)",38,13,0.00522159703745171,0.236866289732622,0.152191348212246,0.771344232182843,"ACETYLCYSTEINE","BRD-K59058747-001-18-3","Higher MPCDS = greater resistance",38,0.00144377711280572,0.000816498479463423,0.0854925742583972,0.855343068908636
"ACETYLSALICYLSALICYLIC-ACID (BRD:BRD-K46585355-001-14-3)",41,33,0.0306586237674264,0.133276795708882,0.406136424816667,0.896988422907976,"ACETYLSALICYLSALICYLIC-ACID","BRD-K46585355-001-14-3","Higher MPCDS = greater resistance",41,0.00811766658701842,0.00494759580120257,0.108895381977554,0.855343068908636
"ACIPIMOX (BRD:BRD-K63736853-001-04-8)",41,39,0.0389790814087805,-0.0906081212570254,0.573166666747784,0.934808888381348,"ACIPIMOX","BRD-K63736853-001-04-8","Higher MPCDS = greater sensitivity",41,-0.00199139308158276,0.0061971372167403,0.749668003910455,0.986518863295841
"ACIVICIN (BRD:BRD-K13050541-001-01-9)",40,40,0.0929505489796898,0.024577861163227,0.880340549868452,0.987297812936582,"ACIVICIN","BRD-K13050541-001-01-9","Higher MPCDS = greater resistance",40,0.00431425117849131,0.0154208250183914,0.781172883962896,0.986518863295841
"ACY-1215 (BRD:BRD-K82928847-001-04-7)",44,44,0.0491344122823168,-0.257646229739253,0.0913209123883571,0.687355166352608,"ACY-1215","BRD-K82928847-001-04-7","Higher MPCDS = greater sensitivity",44,-0.0137780213208085,0.00751389664898619,0.0737953845447826,0.855343068908636
"ADAPALENE (BRD:BRD-K33127281-001-05-6)",43,21,0.0141567616941292,0.0183756201091328,0.906894858539944,0.993691679377351,"ADAPALENE","BRD-K33127281-001-05-6","Higher MPCDS = greater resistance",43,0.00211717739808718,0.00222828662653618,0.347610179571599,0.928385419996185
"ADAPREV (BRD:BRD-A73427433-240-01-3)",44,44,0.0604351760653106,-0.0720225510923185,0.642222031023625,0.951396615235329,"ADAPREV","BRD-A73427433-240-01-3","Higher MPCDS = greater sensitivity",44,-0.00268198056186574,0.00957640359684818,0.780805221895196,0.986518863295841
"ADAROTENE (BRD:BRD-K00152668-001-01-5)",42,42,0.0613188808960586,-0.104772708856657,0.509039210281865,0.931366670797781,"ADAROTENE","BRD-K00152668-001-01-5","Higher MPCDS = greater sensitivity",42,-0.00306642586305827,0.00980826442747702,0.756180669887636,0.986518863295841
"ADAVOSERTIB (BRD:BRD-K54256913-001-08-7)",50,50,0.0806451442602087,-0.0749579831932773,0.604907849052258,0.943141955314152,"ADAVOSERTIB","BRD-K54256913-001-08-7","Higher MPCDS = greater sensitivity",50,0.000351244995957301,0.0116400135306539,0.976052087791427,0.997167058951485
"ADEFOVIR-DIPIVOXIL (BRD:BRD-K96159438-001-06-3)",37,37,0.0708777367764455,0.130156472261735,0.44259875489381,0.916749263539391,"ADEFOVIR-DIPIVOXIL","BRD-K96159438-001-06-3","Higher MPCDS = greater resistance",37,0.00617541642651104,0.0118770855882983,0.606376048573249,0.961515057372338
"ADL5859 (BRD:BRD-K39624409-003-02-6)",38,22,0.0213510192657072,0.00263717257100818,0.987462896815881,0.998144120500538,"ADL5859","BRD-K39624409-003-02-6","Higher MPCDS = greater resistance",38,0.0078894838396073,0.00356712778816817,0.0334203631090246,0.855343068908636
"AEE788 (BRD:BRD-K40718343-001-02-6)",44,40,0.071295615158647,-0.154583959455395,0.316385395107761,0.846595816135879,"AEE788","BRD-K40718343-001-02-6","Higher MPCDS = greater sensitivity",44,-0.00895871969254217,0.0112230516380682,0.429220227523653,0.938640046288849
"AEG3482 (BRD:BRD-K77634909-001-03-5)",42,39,0.0494817135581113,-0.0114299620283655,0.942728105279037,0.997422722472926,"AEG3482","BRD-K77634909-001-03-5","Higher MPCDS = greater sensitivity",42,-0.00308100940266954,0.00799074707695721,0.701856561192714,0.981236357395638
"AFATINIB (BRD:BRD-K66175015-001-12-4)",50,50,0.144818974153964,-0.158511404561825,0.271565527153912,0.826000004124565,"AFATINIB","BRD-K66175015-001-12-4","Higher MPCDS = greater sensitivity",50,-0.0174638187347248,0.0207502762583052,0.404175082064285,0.934651126569329
"AFOBAZOLE (BRD:BRD-K37793595-003-01-7)",43,40,0.0195196486779197,0.0801420103987078,0.609446587772193,0.943141955314152,"AFOBAZOLE","BRD-K37793595-003-01-7","Higher MPCDS = greater resistance",43,0.00502995348345936,0.00302278808943373,0.103736092706407,0.855343068908636
"AFURESERTIB (BRD:BRD-K25412176-001-01-9)",45,45,0.0535963513886792,0.080368906455863,0.599715268172903,0.943141955314152,"AFURESERTIB","BRD-K25412176-001-01-9","Higher MPCDS = greater resistance",45,0.00281995836629873,0.00848699740899437,0.741301175323172,0.986518863295841
"RUCAPARIB (BRD:BRD-K88560311-011-06-3)",49,46,0.0813042526712715,-0.0269966837061325,0.853910079329245,0.985785202498155,"RUCAPARIB","BRD-K88560311-011-06-3","Higher MPCDS = greater sensitivity",49,0.00233422208546249,0.011757378549705,0.843484734852463,0.990502452946434
"AG-13736 (BRD:BRD-K29905972-001-06-3)",50,50,0.0584547633743123,0.133829531812725,0.354155092259465,0.872183003566554,"AG-13736","BRD-K29905972-001-06-3","Higher MPCDS = greater resistance",50,0.00974937345315863,0.00831904075802625,0.247007391675997,0.923042513060167
"AG-14361 (BRD:BRD-K00615600-001-12-9)",37,17,0.0373229197052858,0.161264286528482,0.340324103437012,0.8673140628608,"AG-14361","BRD-K00615600-001-12-9","Higher MPCDS = greater resistance",37,0.0111696906349909,0.00592331630353331,0.0676549487588776,0.855343068908636
"AJMALINE (BRD:BRD-A48300215-001-04-8)",40,40,0.0452748809270575,-0.35422138836773,0.0249278639305317,0.497764718062008,"AJMALINE","BRD-A48300215-001-04-8","Higher MPCDS = greater sensitivity",40,-0.0192942994018723,0.00672435093383374,0.00668289458967841,0.601460513071057
"AK-55409 (BRD:BRD-K58772419-001-07-0)",45,45,0.0537026000781698,0.147826086956522,0.332505118335491,0.861164335257386,"AK-55409","BRD-K58772419-001-07-0","Higher MPCDS = greater resistance",45,0.0120093911624577,0.00831544192535537,0.155922369593687,0.855343068908636
"AKBA (BRD:BRD-K54907283-001-01-2)",47,42,0.0369527668763082,-0.0610006968543953,0.683774238101513,0.95899383859975,"AKBA","BRD-K54907283-001-01-2","Higher MPCDS = greater sensitivity",47,-0.00962796175837331,0.00523307351245318,0.0723950490161677,0.855343068908636
"AL-39256 (BRD:BRD-K07691486-001-19-7)",49,46,0.051854952238026,-0.00852258256885468,0.953653838992256,0.998144120500538,"AL-39256","BRD-K07691486-001-19-7","Higher MPCDS = greater sensitivity",49,-0.00649422857749966,0.0075318355162621,0.392935227791547,0.928385419996185
"ALBENDAZOLE (BRD:BRD-K79131256-001-17-9)",43,43,0.0883028383448097,-0.116279069767442,0.457754912432051,0.922634801445087,"ALBENDAZOLE","BRD-K79131256-001-17-9","Higher MPCDS = greater sensitivity",43,-0.00489851308554028,0.0141167493275446,0.730366105639505,0.986518863295841
"ALECTINIB (BRD:BRD-K11267252-001-05-1)",50,45,0.0645584643949812,0.0499819953297528,0.730318046896448,0.965548218053008,"ALECTINIB","BRD-K11267252-001-05-1","Higher MPCDS = greater resistance",50,-0.0048470669090275,0.00929191098417671,0.604317236563253,0.960295085661133
"ALEXIDINE (BRD:BRD-A27883417-300-01-6)",45,45,0.0468750205926808,0.0644268774703557,0.674146459740664,0.958791160070888,"ALEXIDINE","BRD-A27883417-300-01-6","Higher MPCDS = greater resistance",45,0.00145517463490286,0.00742888179989596,0.845626295552968,0.990502452946434
"ALFACALCIDOL (BRD:BRD-K49522529-001-02-9)",41,41,0.0567514328994088,-0.174216027874564,0.275983681607437,0.827291211734369,"ALFACALCIDOL","BRD-K49522529-001-02-9","Higher MPCDS = greater sensitivity",41,-0.00714687599266794,0.0090263530782756,0.433279195907434,0.938640046288849
"ALISERTIB (BRD:BRD-K75295174-001-05-0)",45,45,0.121436315020083,-0.223188405797101,0.140555965019437,0.771344232182843,"ALISERTIB","BRD-K75295174-001-05-0","Higher MPCDS = greater sensitivity",45,-0.0190028099662995,0.019034817006032,0.323709944271866,0.927471102831342
"ALMOREXANT (BRD:BRD-K84810405-003-01-1)",43,25,0.0208436397074867,0.00837205016050928,0.957506930146117,0.998144120500538,"ALMOREXANT","BRD-K84810405-003-01-1","Higher MPCDS = greater resistance",43,-0.000892945728212999,0.00330419414180136,0.788326616658885,0.987450523231504
"ALOGLIPTIN (BRD:BRD-K83003151-057-02-4)",36,15,0.0215099610696169,-0.003661761619215,0.98308992047712,0.998144120500538,"ALOGLIPTIN","BRD-K83003151-057-02-4","Higher MPCDS = greater sensitivity",36,-0.00242271186794393,0.00394174332123352,0.542891071598535,0.960295085661133
"ALPELISIB (BRD:BRD-K54997624-001-06-0)",50,50,0.058613371430982,-0.055078031212485,0.704020745069616,0.96366499509342,"ALPELISIB","BRD-K54997624-001-06-0","Higher MPCDS = greater sensitivity",50,-9.9134144006264e-05,0.00846009934305313,0.990699293768875,0.997167058951485
"ALTRETAMINE (BRD:BRD-K67043667-001-26-4)",14,3,0.0103363470243898,NA,NA,NA,"ALTRETAMINE","BRD-K67043667-001-26-4","Not tested",14,NA,NA,NA,NA
"ALVESPIMYCIN (BRD:BRD-K83988098-001-02-0)",50,50,0.065319500055006,-0.0720768307322929,0.618894895331404,0.943141955314152,"ALVESPIMYCIN","BRD-K83988098-001-02-0","Higher MPCDS = greater sensitivity",50,-0.00340773290688582,0.00941521866876448,0.718986336125006,0.986518863295841
"ALVOCIDIB (BRD:BRD-K87909389-003-03-4)",50,50,0.0698008736064037,-0.225834333733493,0.114807339771894,0.722690564468169,"ALVOCIDIB","BRD-K87909389-003-03-4","Higher MPCDS = greater sensitivity",50,-0.0126532506191084,0.00990796944066911,0.207717936320986,0.878423459094401
"AM-251 (BRD:BRD-K92000912-001-12-6)",42,41,0.0428177822141484,-0.0795753819380122,0.616413554982412,0.943141955314152,"AM-251","BRD-K92000912-001-12-6","Higher MPCDS = greater sensitivity",42,-0.0023914598435742,0.00685645553465441,0.729076651491181,0.986518863295841
"AM-404 (BRD:BRD-K55462201-001-07-3)",26,26,0.0581053891715283,NA,NA,NA,"AM-404","BRD-K55462201-001-07-3","Not tested",26,NA,NA,NA,NA
"AM-580 (BRD:BRD-K06854232-001-19-9)",36,36,0.060296984505387,-0.26023166023166,0.125317204475479,0.751108021955331,"AM-580","BRD-K06854232-001-19-9","Higher MPCDS = greater sensitivity",36,-0.0095390416983608,0.0101807050080219,0.355380931734918,0.928385419996185
"AMBAZONE (BRD:BRD-K11244467-001-08-5)",40,36,0.0301983039410649,0.172957822723825,0.285852926298745,0.836642711118278,"AMBAZONE","BRD-K11244467-001-08-5","Higher MPCDS = greater resistance",40,0.00593987126012433,0.00495189532548705,0.23775380855005,0.910546500829978
"AMFENAC (BRD:BRD-K82122102-323-01-1)",42,42,0.0434924383571414,0.00818410177457256,0.958975545129365,0.998144120500538,"AMFENAC","BRD-K82122102-323-01-1","Higher MPCDS = greater resistance",42,0.00157560692218238,0.00696087288242278,0.822080449667716,0.990502452946434
"MOTESANIB (BRD:BRD-K99616396-001-05-1)",47,40,0.0444939092439558,0.0810828877273861,0.587955406910962,0.940728651057539,"MOTESANIB","BRD-K99616396-001-05-1","Higher MPCDS = greater resistance",47,0.00319842834612504,0.00644977447139391,0.622379997242744,0.963732930591437
"AMG-208 (BRD:BRD-K32285926-001-02-1)",45,38,0.0263039389133735,-0.260603460418933,0.0838084476902344,0.670467581521875,"AMG-208","BRD-K32285926-001-02-1","Higher MPCDS = greater sensitivity",45,-0.00368336048587337,0.00413258045887215,0.377729709410633,0.928385419996185
"AMG-232 (BRD:BRD-K64925568-001-01-8)",45,44,0.0708841179443887,0.0194341052182243,0.899168951742616,0.993691679377351,"AMG-232","BRD-K64925568-001-01-8","Higher MPCDS = greater resistance",45,0.00588442582576024,0.0112030381279682,0.602105615847432,0.960295085661133
"AMG-337 (BRD:BRD-K27061362-001-01-6)",47,45,0.0521732333562065,-0.066612698491012,0.656412829382648,0.951396615235329,"AMG-337","BRD-K27061362-001-01-6","Higher MPCDS = greater sensitivity",47,-0.00618994132672513,0.00764630707696606,0.422468405816659,0.938640046288849
"AMG458 (BRD:BRD-K21782625-001-02-4)",44,38,0.0385034191300235,-0.199266029913188,0.194707101594221,0.802501065545157,"AMG458","BRD-K21782625-001-02-4","Higher MPCDS = greater sensitivity",44,-0.00401121077063393,0.00607540103612382,0.512706000853213,0.960295085661133
"AMG900 (BRD:BRD-K21728777-001-02-3)",42,42,0.162899661017583,-0.373146422494125,0.0149364974369484,0.433282409460274,"AMG900","BRD-K21728777-001-02-3","Higher MPCDS = greater sensitivity",42,-0.0587820877215171,0.0266307564650929,0.0330925770682645,0.855343068908636
"AMINOGLUTETHIMIDE (BRD:BRD-A25234499-001-19-1)",49,45,0.040383819566025,-0.148749381299461,0.307702660878961,0.842377355354233,"AMINOGLUTETHIMIDE","BRD-A25234499-001-19-1","Higher MPCDS = greater sensitivity",49,-0.00832812988408344,0.0057154156664633,0.151728468840902,0.855343068908636
"AMINOPURVALANOL-A (BRD:BRD-K07762753-001-04-4)",44,44,0.0531578751352307,-0.433262861169838,0.00330575516307044,0.417374992375077,"AMINOPURVALANOL-A","BRD-K07762753-001-04-4","Higher MPCDS = greater sensitivity",44,-0.0137803978136845,0.00815857918920705,0.0986182031070504,0.855343068908636
"AMISULPRIDE (BRD:BRD-A60197193-001-14-6)",38,32,0.0326801456919422,-0.0361103669903563,0.829585380700309,0.985785202498155,"AMISULPRIDE","BRD-A60197193-001-14-6","Higher MPCDS = greater sensitivity",38,-0.00244458335995503,0.00536457018404255,0.651349474965615,0.974992977079507
"AMMONIUM-LACTATE (BRD:BRD-M29182745-001-01-4)",35,21,0.0161968196020751,0.037057120005757,0.832619356736919,0.985785202498155,"AMMONIUM-LACTATE","BRD-M29182745-001-01-4","Higher MPCDS = greater resistance",35,-0.00060636313958258,0.00276404081191897,0.827708764434809,0.990502452946434
"AMONAFIDE (BRD:BRD-K56334280-001-05-1)",45,43,0.0520869172024706,-0.269205431247405,0.0737369679796076,0.653331130241485,"AMONAFIDE","BRD-K56334280-001-05-1","Higher MPCDS = greater sensitivity",45,-0.0114338313640648,0.00807239220125965,0.163858909881204,0.855343068908636
"AMOXICILLIN (BRD:BRD-K55044200-001-15-3)",40,27,0.0266310935758669,-0.0149568277273519,0.927015300109047,0.995452671258037,"AMOXICILLIN","BRD-K55044200-001-15-3","Higher MPCDS = greater sensitivity",40,0.00112366796461538,0.00433146509105626,0.796711631150827,0.990107755278081
"AMPROLIUM (BRD:BRD-K90027121-003-01-7)",38,7,0.00479321185764467,0.415227971673528,0.00953232911350724,0.433282409460274,"AMPROLIUM","BRD-K90027121-003-01-7","Higher MPCDS = greater resistance",38,0.00125147495571709,0.000811050712459155,0.131569461366517,0.855343068908636
"AMSACRINE (BRD:BRD-K68346641-001-01-4)",40,40,0.088614101526165,-0.233583489681051,0.146885602887302,0.771344232182843,"AMSACRINE","BRD-K68346641-001-01-4","Higher MPCDS = greater sensitivity",40,-0.00931460826978469,0.0144382536127925,0.522716622387053,0.960295085661133
"AMYGDALIN (BRD:BRD-K03504028-001-07-6)",48,41,0.0462950202759681,-0.158470656278141,0.282020313782305,0.832191089849423,"AMYGDALIN","BRD-K03504028-001-07-6","Higher MPCDS = greater sensitivity",48,-0.00776711716112563,0.00676776992795947,0.257041699817449,0.923042513060167
"ANAGRELIDE (BRD:BRD-K62200014-003-10-5)",50,47,0.122121592325277,0.170172915570084,0.237399923539961,0.817539523837169,"ANAGRELIDE","BRD-K62200014-003-10-5","Higher MPCDS = greater resistance",50,0.0179355136516138,0.0174355961697339,0.30878959340275,0.926120965655263
"ANANDAMIDE (BRD:BRD-K42352790-001-05-3)",48,35,0.0455792188391528,0.0234678853692771,0.874199794159822,0.985785202498155,"ANANDAMIDE","BRD-K42352790-001-05-3","Higher MPCDS = greater resistance",48,-0.0038408937553514,0.00668026410327802,0.568119123016021,0.960295085661133
"ANASTROZOLE (BRD:BRD-K52172416-001-11-4)",40,13,0.0194377521179517,-0.0884055824388095,0.587501545533482,0.940728651057539,"ANASTROZOLE","BRD-K52172416-001-11-4","Higher MPCDS = greater sensitivity",40,0.00395723186197503,0.00318124450451463,0.221145834126758,0.887075809400971
"ANGUIDINE (BRD:BRD-K45724504-001-01-6)",45,45,0.0564415252011957,-0.225691699604743,0.136042593823031,0.768240529824177,"ANGUIDINE","BRD-K45724504-001-01-6","Higher MPCDS = greater sensitivity",45,-0.00824144131239842,0.00886030430908481,0.357484490231475,0.928385419996185
"ANISOMYCIN (BRD:BRD-K91370081-001-25-1)",43,43,0.0586801291630785,-0.369827846572033,0.0146508199917889,0.433282409460274,"ANISOMYCIN","BRD-K91370081-001-25-1","Higher MPCDS = greater sensitivity",43,-0.0212347987826149,0.00888493122399011,0.0215286045033337,0.855343068908636
"ANLOTINIB (BRD:BRD-K36949735-001-01-1)",50,50,0.0613074887266934,-0.0319327731092437,0.825759178813412,0.985785202498155,"ANLOTINIB","BRD-K36949735-001-01-1","Higher MPCDS = greater sensitivity",50,-0.00155845531963014,0.00884611424933563,0.860898436552856,0.990502452946434
"PONATINIB (BRD:BRD-K44227013-001-06-4)",50,50,0.0802046180552041,-0.0744777911164466,0.607229476584579,0.943141955314152,"PONATINIB","BRD-K44227013-001-06-4","Higher MPCDS = greater sensitivity",50,-0.00200577990509785,0.0115729188233003,0.863131337899902,0.990502452946434
"AP1903 (BRD:BRD-K28383148-001-01-4)",37,37,0.05335438943825,-0.233760075865339,0.163776123901309,0.778462525709525,"AP1903","BRD-K28383148-001-01-4","Higher MPCDS = greater sensitivity",37,-0.0137939855301378,0.00869931255029819,0.121815664701069,0.855343068908636
"BRIGATINIB (BRD:BRD-K56981171-001-02-8)",49,49,0.078682128673116,0.068265306122449,0.641168635738228,0.951396615235329,"BRIGATINIB","BRD-K56981171-001-02-8","Higher MPCDS = greater resistance",49,0.000214470507302173,0.0113642180500176,0.98502275785219,0.997167058951485
"APATINIB (BRD:BRD-K25244359-066-03-4)",44,42,0.0377058072695948,0.115026784339911,0.457173581744977,0.922634801445087,"APATINIB","BRD-K25244359-066-03-4","Higher MPCDS = greater resistance",44,0.00321822531148604,0.00595968941623831,0.59204976047745,0.960295085661133
"APHIDICOLIN (BRD:BRD-K85140930-001-12-7)",37,37,0.0769137016183018,-0.137268847795164,0.417847593214842,0.902099751468325,"APHIDICOLIN","BRD-K85140930-001-12-7","Higher MPCDS = greater sensitivity",37,-0.00501406544851857,0.0129555343189341,0.701083901792005,0.981236357395638
"AR 42 (BRD:BRD-K13167095-001-02-9)",42,42,0.0826067467270811,-0.282878210841909,0.0694915594293925,0.653331130241485,"AR 42","BRD-K13167095-001-02-9","Higher MPCDS = greater sensitivity",42,-0.0226712657752404,0.0128645040691708,0.0856572392673143,0.855343068908636
"AR-12 (BRD:BRD-K90497590-001-04-2)",41,41,0.0603807235413479,-0.0493031358885018,0.759515283487169,0.973910960126022,"AR-12","BRD-K90497590-001-04-2","Higher MPCDS = greater sensitivity",41,0.00480968722447085,0.00983351369890744,0.627502141040255,0.9653879092927
"ARCTIGENIN (BRD:BRD-K53523901-001-04-4)",43,43,0.0438304794352068,-0.0918151615826034,0.558164479176034,0.931366670797781,"ARCTIGENIN","BRD-K53523901-001-04-4","Higher MPCDS = greater sensitivity",43,-0.00316699986489669,0.00694886193091586,0.650968753036954,0.974992977079507
"ARCYRIAFLAVIN-A (BRD:BRD-K72726508-001-02-1)",43,41,0.0597088442524025,0.0220510499418873,0.888379931650379,0.990585581456168,"ARCYRIAFLAVIN-A","BRD-K72726508-001-02-1","Higher MPCDS = greater resistance",43,0.00788014829114517,0.00943254853882809,0.408322870895729,0.937775014497368
"ARIPIPRAZOLE (BRD:BRD-K70358946-001-15-7)",13,13,0.0298561835324058,NA,NA,NA,"ARIPIPRAZOLE","BRD-K70358946-001-15-7","Not tested",13,NA,NA,NA,NA
"ARRY-334543 (BRD:BRD-K46386702-001-02-1)",50,47,0.0547373479147383,-0.000624399633759832,0.996566316711323,0.999342267454251,"ARRY-334543","BRD-K46386702-001-02-1","Higher MPCDS = greater sensitivity",50,0.000979072334306753,0.00789939168821364,0.901878176656349,0.991567094778153
"SELUMETINIB (BRD:BRD-K57080016-001-15-9)",49,48,0.129172509058716,-0.244496033141627,0.0904377099591211,0.685422643900707,"SELUMETINIB","BRD-K57080016-001-15-9","Higher MPCDS = greater sensitivity",49,-0.0295475635123579,0.0182207913006358,0.111570707984363,0.855343068908636
"ARTEMISININ (BRD:BRD-K13112821-001-17-4)",43,42,0.0541933491680735,0.0659946389264844,0.674147514258861,0.958791160070888,"ARTEMISININ","BRD-K13112821-001-17-4","Higher MPCDS = greater resistance",43,0.000539730528365599,0.00867605547260972,0.950698517021037,0.991567094778153
"ARTESUNATE (BRD:BRD-K54634444-001-05-9)",43,35,0.0451337036622371,-0.0995155936625757,0.525482391443801,0.931366670797781,"ARTESUNATE","BRD-K54634444-001-05-9","Higher MPCDS = greater sensitivity",43,-0.00174840750847589,0.0071861555138086,0.808984515940508,0.990273286572071
"AS-1949490 (BRD:BRD-K61936403-001-01-7)",41,36,0.0378521527099896,-0.082181120858455,0.609485522670342,0.943141955314152,"AS-1949490","BRD-K61936403-001-01-7","Higher MPCDS = greater sensitivity",41,-0.000351277479221321,0.00658547018268115,0.957732285727095,0.992580507822158
"AS-703026 (BRD:BRD-K89014967-001-04-3)",50,49,0.162903568890013,-0.147326466464229,0.307258631749666,0.842377355354233,"AS-703026","BRD-K89014967-001-04-3","Higher MPCDS = greater sensitivity",50,-0.0216088014300779,0.0233053250611398,0.358459321646297,0.928385419996185
"TIVOZANIB (BRD:BRD-K53414658-001-08-2)",48,48,0.0570513806667679,-0.0299609205384281,0.83980022826266,0.985785202498155,"TIVOZANIB","BRD-K53414658-001-08-2","Higher MPCDS = greater sensitivity",48,-0.00459222410507638,0.00838637354130574,0.586626468786326,0.960295085661133
"ASP-7487 (BRD:BRD-K86118762-001-01-8)",49,49,0.0597158451552694,0.0161224489795918,0.912448410362629,0.993691679377351,"ASP-7487","BRD-K86118762-001-01-8","Higher MPCDS = greater resistance",49,0.00463143401361995,0.00859841408434981,0.592678708788622,0.960295085661133
"ASPIRIN (BRD:BRD-K11433652-001-17-0)",38,25,0.0434000942815144,0.0285117891424815,0.865071767726236,0.985785202498155,"ASPIRIN","BRD-K11433652-001-17-0","Higher MPCDS = greater resistance",38,0.000755932158876749,0.00723491895572272,0.917365347035341,0.991567094778153
"AST-1306 (BRD:BRD-K26838195-075-04-9)",43,43,0.070947832883672,-0.296587133796436,0.0534528489119648,0.594128974011037,"AST-1306","BRD-K26838195-075-04-9","Higher MPCDS = greater sensitivity",43,-0.0191832102185341,0.0109566837691709,0.0874561469373283,0.855343068908636
"ASTEMIZOLE (BRD:BRD-K37249724-001-25-7)",45,36,0.0252023748897323,-0.362383287654728,0.0144322196350502,0.433282409460274,"ASTEMIZOLE","BRD-K37249724-001-25-7","Higher MPCDS = greater sensitivity",45,-0.00497605685428353,0.00392320797269045,0.211492015547855,0.878423459094401
"ASYMMETRICAL-DIMETHYLARGININE (BRD:BRD-K36269323-300-02-6)",42,42,0.0827516008618802,-0.176079734219269,0.264665386444032,0.824429774620239,"ASYMMETRICAL-DIMETHYLARGININE","BRD-K36269323-300-02-6","Higher MPCDS = greater sensitivity",42,-0.0155354582643642,0.0130230661192006,0.239929434497863,0.916441341318098
"AT-7519 (BRD:BRD-K13390322-001-06-3)",50,50,0.0661278702749105,-0.0335654261704682,0.816999827588431,0.985785202498155,"AT-7519","BRD-K13390322-001-06-3","Higher MPCDS = greater sensitivity",50,0.00405334964020886,0.00952678852826511,0.672396667731964,0.975756906432833
"AT-9283 (BRD:BRD-K24576554-001-04-8)",41,41,0.100879281259584,-0.391289198606272,0.0114141878034994,0.433282409460274,"AT-9283","BRD-K24576554-001-04-8","Higher MPCDS = greater sensitivity",41,-0.0304461940893321,0.0160172833671705,0.0647325934438624,0.855343068908636
"AT13387 (BRD:BRD-K58435339-001-03-0)",50,50,0.0843146361026315,-0.0890756302521008,0.538453270052045,0.931366670797781,"AT13387","BRD-K58435339-001-03-0","Higher MPCDS = greater sensitivity",50,-0.00526982668167492,0.0121459756605706,0.666323660769888,0.975756906432833
"AT7867 (BRD:BRD-K12040459-001-06-0)",26,21,0.0422267083161381,NA,NA,NA,"AT7867","BRD-K12040459-001-06-0","Not tested",26,NA,NA,NA,NA
"ATENOLOL-(+/-) (BRD:BRD-A20239487-001-24-9)",37,33,0.0329516093771601,-0.101115665798951,0.55152160440726,0.931366670797781,"ATENOLOL-(+/-)","BRD-A20239487-001-24-9","Higher MPCDS = greater sensitivity",37,-0.000252832698075375,0.00556677023664796,0.964032125903505,0.992580507822158
"ATENOLOL-(-) (BRD:BRD-K44993696-001-12-3)",38,22,0.0132511703990203,-0.148484281715461,0.373633214221058,0.882453994620506,"ATENOLOL-(-)","BRD-K44993696-001-12-3","Higher MPCDS = greater sensitivity",38,-0.00297303500350403,0.00216324740823095,0.177832467327652,0.868867569310976
"ATIPAMEZOLE (BRD:BRD-K39252998-003-01-5)",42,40,0.0507988661822226,-0.292000976361923,0.0606006790964311,0.644986749458964,"ATIPAMEZOLE","BRD-K39252998-003-01-5","Higher MPCDS = greater sensitivity",42,-0.0144644483184093,0.00780737764582145,0.0713190819023385,0.855343068908636
"ATIPRIMOD (BRD:BRD-K38527262-300-01-0)",50,50,0.0514094557411526,0.010516206482593,0.942218356661114,0.997422722472926,"ATIPRIMOD","BRD-K38527262-300-01-0","Higher MPCDS = greater resistance",50,0.0031792465079412,0.00740611308768426,0.66964508020107,0.975756906432833
"ATORVASTATIN (BRD:BRD-K69726342-238-02-4)",44,37,0.0653930560379364,-0.0261522215407386,0.866182950521649,0.985785202498155,"ATORVASTATIN","BRD-K69726342-238-02-4","Higher MPCDS = greater sensitivity",44,0.00305365685324775,0.0104140551249496,0.770794493931343,0.986518863295841
"ATRASENTAN (BRD:BRD-K16295392-003-01-3)",44,33,0.0275086971611379,0.0261991222506284,0.865945153744136,0.985785202498155,"ATRASENTAN","BRD-K16295392-003-01-3","Higher MPCDS = greater resistance",44,0.00123112813429586,0.00415372565164231,0.768391993589044,0.986518863295841
"AURORA-A-INHIBITOR-I (BRD:BRD-K53561341-001-07-5)",42,42,0.0503928175741003,-0.00688761040434325,0.965470196775778,0.998144120500538,"AURORA-A-INHIBITOR-I","BRD-K53561341-001-07-5","Higher MPCDS = greater sensitivity",42,0.000567261418653279,0.00814624408089512,0.944831368939973,0.991567094778153
"AUY (BRD:BRD-K41859756-001-06-8)",50,50,0.075118585815876,-0.0512364945978391,0.723814487381706,0.96366499509342,"AUY","BRD-K41859756-001-06-8","Higher MPCDS = greater sensitivity",50,-0.00197182783979782,0.0108386978672365,0.856407869054124,0.990502452946434
"AV-412 (BRD:BRD-K23190681-001-01-1)",43,43,0.0634563437059082,-0.115826034430686,0.459520878680383,0.923562159101563,"AV-412","BRD-K23190681-001-01-1","Higher MPCDS = greater sensitivity",43,-0.00453429279576244,0.0101347797290995,0.656941679560094,0.975756906432833
"AVANAFIL (BRD:BRD-K65781196-001-03-0)",40,24,0.0310151275773002,0.00351429403942706,0.982829580586326,0.998144120500538,"AVANAFIL","BRD-K65781196-001-03-0","Higher MPCDS = greater resistance",40,-0.0026608982029809,0.00508202874295305,0.603604293689421,0.960295085661133
"AVL-292 (BRD:BRD-K87782578-001-01-4)",50,49,0.0709448937084519,-0.0738072943140547,0.610477613980759,0.943141955314152,"AVL-292","BRD-K87782578-001-01-4","Higher MPCDS = greater sensitivity",50,-0.000356823857063573,0.0102398838494782,0.97234667153425,0.995860033434794
"AVN-944 (BRD:BRD-K62196610-001-01-6)",50,50,0.0706562151022651,-0.148811524609844,0.302353984087973,0.841997266116938,"AVN-944","BRD-K62196610-001-01-6","Higher MPCDS = greater sensitivity",50,-0.00353946615708748,0.0101855421553261,0.729735614123332,0.986518863295841
"AZ 960 (BRD:BRD-K64888243-001-03-7)",43,43,0.0701652069253543,-0.270764119601329,0.0790594404698818,0.664730216534698,"AZ 960","BRD-K64888243-001-03-7","Higher MPCDS = greater sensitivity",43,-0.00694765352431704,0.0111807780939982,0.537781145409767,0.960295085661133
"AZ-10353926 (BRD:BRD-K19540840-001-09-4)",49,47,0.0882899820173671,-0.0313297276863576,0.830781805955214,0.985785202498155,"AZ-10353926","BRD-K19540840-001-09-4","Higher MPCDS = greater sensitivity",49,-0.00698608398981993,0.0127082710146558,0.585109323942577,0.960295085661133
"AZ-628 (BRD:BRD-K05804044-001-18-5)",50,47,0.0816312501099407,-0.226801159277995,0.113220774109875,0.721406702293009,"AZ-628","BRD-K05804044-001-18-5","Higher MPCDS = greater sensitivity",50,-0.0128511664534912,0.0116355315335688,0.274892587953634,0.926120965655263
"AZ20 (BRD:BRD-K42436189-001-01-2)",43,43,0.0435452975763116,-0.173361522198731,0.266244387195006,0.824429774620239,"AZ20","BRD-K42436189-001-01-2","Higher MPCDS = greater sensitivity",43,-0.00206837485387726,0.00696420275785049,0.767965312924452,0.986518863295841
"AZ3146 (BRD:BRD-K59146805-001-03-7)",44,44,0.0507794531325853,-0.190274841437632,0.216033172884739,0.805277260014622,"AZ3146","BRD-K59146805-001-03-7","Higher MPCDS = greater sensitivity",44,-0.00404524005276311,0.0081472464172201,0.622119079511957,0.963732930591437
"AZALOMYCIN-B (BRD:BRD-K96104201-001-01-5)",44,44,0.0524166394007573,-0.22184637068358,0.147811953402374,0.771344232182843,"AZALOMYCIN-B","BRD-K96104201-001-01-5","Higher MPCDS = greater sensitivity",44,-0.0107705233338148,0.0081457506082974,0.193248744468294,0.873439252662257
"AZATHIOPRINE (BRD:BRD-K32821942-001-21-3)",45,42,0.039112013465118,-0.0779571706237321,0.610743528791516,0.943141955314152,"AZATHIOPRINE","BRD-K32821942-001-21-3","Higher MPCDS = greater sensitivity",45,-0.00310832411582413,0.00618320125812717,0.617737012929016,0.962021628449171
"AZD 2171 (BRD:BRD-K86930074-001-05-0)",45,45,0.0585382456736144,-0.0703557312252964,0.646055102064695,0.951396615235329,"AZD 2171","BRD-K86930074-001-05-0","Higher MPCDS = greater sensitivity",45,-0.00660273986177466,0.00922666037432469,0.478096992134654,0.95040999432375
"OSIMERTINIB (BRD:BRD-K42805893-001-04-9)",50,50,0.106724868899737,-0.205570228091237,0.152091566362658,0.771344232182843,"OSIMERTINIB","BRD-K42805893-001-04-9","Higher MPCDS = greater sensitivity",50,-0.0187038227045959,0.0151660013530134,0.223479377376701,0.888978738736049
"AZD-8055 (BRD:BRD-K69932463-001-10-6)",42,42,0.0777829912678518,-0.153067012397699,0.333159436990895,0.861309855057251,"AZD-8055","BRD-K69932463-001-10-6","Higher MPCDS = greater sensitivity",42,-0.00683980438256624,0.0124099404220476,0.584592949252023,0.960295085661133
"AZD1480 (BRD:BRD-K65928735-001-04-3)",43,33,0.061146836886076,-0.368674419664865,0.0149867907058887,0.433282409460274,"AZD1480","BRD-K65928735-001-04-3","Higher MPCDS = greater sensitivity",43,-0.0286059592064185,0.00888273832939629,0.00250682172912421,0.556888073118234
"AZD2461 (BRD:BRD-K85014146-001-02-5)",43,43,0.0501956372267006,-0.144065237088493,0.356694487754367,0.874803073264126,"AZD2461","BRD-K85014146-001-02-5","Higher MPCDS = greater sensitivity",43,-0.00384036227308858,0.00801401150778928,0.63433825900838,0.968599114343309
"AZD2858 (BRD:BRD-K85849709-001-01-5)",42,42,0.0548540566226671,0.0649055992221052,0.682999683916736,0.95899383859975,"AZD2858","BRD-K85849709-001-01-5","Higher MPCDS = greater resistance",42,0.00499039262541133,0.00883278885897934,0.575239250450429,0.960295085661133
"AZD3463 (BRD:BRD-K24593301-001-02-3)",43,43,0.0813442626018243,-0.160827544548475,0.302885127672621,0.841997266116938,"AZD3463","BRD-K24593301-001-02-3","Higher MPCDS = greater sensitivity",43,-0.0147382450198665,0.0128180269004143,0.256886643638651,0.923042513060167
"CAPIVASERTIB (BRD:BRD-K99023089-001-03-7)",43,40,0.0552232054977381,-0.22267544453854,0.151217387888421,0.771344232182843,"CAPIVASERTIB","BRD-K99023089-001-03-7","Higher MPCDS = greater sensitivity",43,-0.0123781913475937,0.00880585245167706,0.167352937332323,0.857609358571336
"AZD5438 (BRD:BRD-K72414522-001-06-7)",42,42,0.0440546149272613,-0.345758042298031,0.0249084388829216,0.497764718062008,"AZD5438","BRD-K72414522-001-06-7","Higher MPCDS = greater sensitivity",42,-0.0117866200366097,0.00680477966133671,0.0909601765217391,0.855343068908636
"AZD7762 (BRD:BRD-K86525559-001-07-8)",44,44,0.0746091403629463,-0.0411557434813249,0.790817226173982,0.985785202498155,"AZD7762","BRD-K86525559-001-07-8","Higher MPCDS = greater sensitivity",44,-0.00381477992082554,0.0118187583060021,0.748468341164375,0.986518863295841
"AZD8330 (BRD:BRD-K37687095-001-06-9)",45,45,0.165920931071005,-0.354281949934124,0.0169525136730946,0.451343939467298,"AZD8330","BRD-K37687095-001-06-9","Higher MPCDS = greater sensitivity",45,-0.0583595598479601,0.024756216405949,0.0230263383942768,0.855343068908636
"AZD8931 (BRD:BRD-K98572433-001-02-9)",50,50,0.17223223748202,-0.128547418967587,0.373639790283409,0.882453994620506,"AZD8931","BRD-K98572433-001-02-9","Higher MPCDS = greater sensitivity",50,-0.023463207933835,0.024627821962466,0.345509432907304,0.928234297362907
"AZD9668 (BRD:BRD-K31476763-001-01-5)",42,42,0.0445049538531615,0.00964265456608054,0.951672212317392,0.998144120500538,"AZD9668","BRD-K31476763-001-01-5","Higher MPCDS = greater resistance",42,0.00142211060508968,0.00712393647932012,0.84278581884304,0.990502452946434
"AZILSARTAN (BRD:BRD-K81074237-001-02-3)",42,42,0.0246659868674309,-0.248359128109553,0.112753143401374,0.721406702293009,"AZILSARTAN","BRD-K81074237-001-02-3","Higher MPCDS = greater sensitivity",42,-0.00655900384658778,0.00381170469817174,0.0930236140471625,0.855343068908636
"AZITHROMYCIN (BRD:BRD-K74501079-001-18-1)",39,39,0.0690399533808094,-0.0589068825910931,0.721680300517252,0.96366499509342,"AZITHROMYCIN","BRD-K74501079-001-18-1","Higher MPCDS = greater sensitivity",39,-0.00525762534017463,0.0111608674545156,0.640351636704743,0.968599114343309
"AZODICARBONAMIDE (BRD:BRD-K87036601-001-01-6)",41,27,0.0231872423830205,-0.0216138982560439,0.893298143962642,0.991788224600003,"AZODICARBONAMIDE","BRD-K87036601-001-01-6","Higher MPCDS = greater sensitivity",41,-0.00010469968265745,0.00396967560177337,0.979092835583533,0.997167058951485
"AZOMYCIN-(2-NITROIMIDAZOLE) (BRD:BRD-K26824830-001-02-0)",39,27,0.0156009171154056,-0.00433155268797204,0.979121325230302,0.998144120500538,"AZOMYCIN-(2-NITROIMIDAZOLE)","BRD-K26824830-001-02-0","Higher MPCDS = greater sensitivity",39,-0.000726859371315898,0.00273796170719142,0.792117447015376,0.990107755278081
"AZTREONAM (BRD:BRD-K62607865-001-09-7)",43,27,0.0393855087185735,-0.0673447172960738,0.667862361256401,0.956861410958919,"AZTREONAM","BRD-K62607865-001-09-7","Higher MPCDS = greater sensitivity",43,-0.00207281122394225,0.00626723995069821,0.742527111540965,0.986518863295841
"BAFETINIB (BRD:BRD-A75975749-001-01-4)",43,43,0.0455786249566339,-0.135155542132286,0.387514812158222,0.887939106143226,"BAFETINIB","BRD-A75975749-001-01-4","Higher MPCDS = greater sensitivity",43,-0.00342095736035826,0.00724898493329194,0.639484321138782,0.968599114343309
"BAICALEIN (BRD:BRD-K72327355-001-14-7)",42,37,0.0375330979632317,0.18054953896295,0.252533822801742,0.820464845078843,"BAICALEIN","BRD-K72327355-001-14-7","Higher MPCDS = greater resistance",42,0.00767867324144821,0.00588704824154338,0.199575548710138,0.873557711192267
"BAICALIN (BRD:BRD-K49962337-001-02-9)",39,39,0.0319774072989613,0.140890688259109,0.392266459285843,0.890952210365322,"BAICALIN","BRD-K49962337-001-02-9","Higher MPCDS = greater resistance",39,0.00498325609101542,0.0051197541714511,0.336705612856921,0.927471102831342
"BALAPIRAVIR (BRD:BRD-K47976015-001-01-2)",45,45,0.0599711858902229,-0.3,0.0452619699349114,0.588939538351176,"BALAPIRAVIR","BRD-K47976015-001-01-2","Higher MPCDS = greater sensitivity",45,-0.0140841973976204,0.00926288593710478,0.135705839652571,0.855343068908636
"BAM7 (BRD:BRD-K07442505-001-03-6)",43,43,0.0554126769949008,0.0299003322259136,0.849047070151775,0.985785202498155,"BAM7","BRD-K07442505-001-03-6","Higher MPCDS = greater resistance",43,0.00189808846436774,0.00886672802967153,0.831554605176393,0.990502452946434
"BAN-ORL-24 (BRD:BRD-K47049295-300-01-5)",37,3,0.000652500763196762,-0.30424762336611,0.0671272305172411,0.653331130241485,"BAN-ORL-24","BRD-K47049295-300-01-5","Higher MPCDS = greater sensitivity",37,-0.000211503518308612,0.000120640060398578,0.0883270988898447,0.855343068908636
"BARASERTIB (BRD:BRD-K31928526-001-02-1)",50,48,0.100863385549542,0.127215099275739,0.378654016546346,0.885988713026722,"BARASERTIB","BRD-K31928526-001-02-1","Higher MPCDS = greater resistance",50,0.0182698550388233,0.0143175554691434,0.208079579074715,0.878423459094401
"BARASERTIB-HQPA (BRD:BRD-K63923597-001-10-0)",42,39,0.124177478805496,-0.246919605236889,0.114922166349021,0.722690564468169,"BARASERTIB-HQPA","BRD-K63923597-001-10-0","Higher MPCDS = greater sensitivity",42,-0.0187878219295146,0.0196639490907163,0.345091673272153,0.928234297362907
"BARDOXOLONE (BRD:BRD-K20545304-001-01-6)",26,26,0.119882284648969,NA,NA,NA,"BARDOXOLONE","BRD-K20545304-001-01-6","Not tested",26,NA,NA,NA,NA
"BARDOXOLONE-METHYL (BRD:BRD-K69694239-001-02-2)",50,50,0.0641486540976237,-0.159951980792317,0.267177122143057,0.824429774620239,"BARDOXOLONE-METHYL","BRD-K69694239-001-02-2","Higher MPCDS = greater sensitivity",50,-0.00729375357729692,0.00919901600409232,0.431747088007734,0.938640046288849
"BARICITINIB (BRD:BRD-K53581288-001-02-9)",44,44,0.0521682648327047,-0.389147286821705,0.00903293407571882,0.433282409460274,"BARICITINIB","BRD-K53581288-001-02-9","Higher MPCDS = greater sensitivity",44,-0.0164905434911167,0.00787318824873578,0.04228576926729,0.855343068908636
"BATIMASTAT (BRD:BRD-K82818427-001-04-8)",49,49,0.0897523875747097,0.185204081632653,0.202657778135938,0.802684493900804,"BATIMASTAT","BRD-K82818427-001-04-8","Higher MPCDS = greater resistance",49,0.0183836916439994,0.0128420450866408,0.158896750105047,0.855343068908636
"BAY-11-7082 (BRD:BRD-K15025317-001-15-1)",43,43,0.0456894004537006,0.0952884324977348,0.543306052188182,0.931366670797781,"BAY-11-7082","BRD-K15025317-001-15-1","Higher MPCDS = greater resistance",43,0.00329353702157836,0.00729685892612139,0.654105972526514,0.975756906432833
"BAY-11-7085 (BRD:BRD-K48684885-001-04-2)",43,43,0.0283691531919989,0.106161280579885,0.498056248713324,0.931366670797781,"BAY-11-7085","BRD-K48684885-001-04-2","Higher MPCDS = greater resistance",43,0.00259485128120921,0.0044907619883256,0.566545895654196,0.960295085661133
"BAY-87-2243 (BRD:BRD-K70463136-001-01-5)",45,45,0.118477455337709,0.0403162055335968,0.792592429069913,0.985785202498155,"BAY-87-2243","BRD-K70463136-001-01-5","Higher MPCDS = greater resistance",45,0.00601383252498534,0.0187626072054845,0.75012497762017,0.986518863295841
"BAY-K-8644-(S)-(-) (BRD:BRD-K14329163-001-03-9)",37,13,0.00918078997656384,-0.0296440411747641,0.861734360033398,0.985785202498155,"BAY-K-8644-(S)-(-)","BRD-K14329163-001-03-9","Higher MPCDS = greater sensitivity",37,0.00162924942493403,0.00148495960331506,0.280059615348713,0.926120965655263
"BECLOMETHASONE-DIPROPIONATE (BRD:BRD-K97810537-001-13-6)",23,22,0.0641075895859077,NA,NA,NA,"BECLOMETHASONE-DIPROPIONATE","BRD-K97810537-001-13-6","Not tested",23,NA,NA,NA,NA
"BEKANAMYCIN (BRD:BRD-K73425385-065-04-8)",42,35,0.0248956118191996,-0.196114648673853,0.213226644737892,0.805277260014622,"BEKANAMYCIN","BRD-K73425385-065-04-8","Higher MPCDS = greater sensitivity",42,-0.00303939447060481,0.00400276438711675,0.452110698135835,0.940351522532128
"BELINOSTAT (BRD:BRD-K17743125-001-08-4)",50,50,0.0776007951314146,-0.298535414165666,0.035216833736793,0.55881405574588,"BELINOSTAT","BRD-K17743125-001-08-4","Higher MPCDS = greater sensitivity",50,-0.0216157530838666,0.01075740309396,0.0501370846068827,0.855343068908636
"BENDAMUSTINE (BRD:BRD-K17068645-003-04-2)",44,42,0.0174380549263395,-0.00394699750185969,0.979713757507894,0.998144120500538,"BENDAMUSTINE","BRD-K17068645-003-04-2","Higher MPCDS = greater sensitivity",44,0.00124245941612674,0.00276477002973764,0.65546108093695,0.975756906432833
"BENDROFLUMETHIAZIDE (BRD:BRD-A80017228-001-25-7)",36,10,0.0277765481075237,-0.158059219403756,0.357211254916185,0.874803073264126,"BENDROFLUMETHIAZIDE","BRD-A80017228-001-25-7","Higher MPCDS = greater sensitivity",36,-0.00292722375561429,0.00494948804648851,0.558151367871261,0.960295085661133
"BENFOTIAMINE (BRD:BRD-K07359318-001-03-9)",40,17,0.0146218244397327,0.156776142488167,0.333999525368397,0.861934259015219,"BENFOTIAMINE","BRD-K07359318-001-03-9","Higher MPCDS = greater resistance",40,0.00276408698390841,0.00238301550094002,0.253320978698345,0.923042513060167
"BENTAZEPAM (BRD:BRD-K89490285-001-08-1)",42,41,0.0469379062016551,-0.0283618978394137,0.858491430528577,0.985785202498155,"BENTAZEPAM","BRD-K89490285-001-08-1","Higher MPCDS = greater sensitivity",42,-0.000498927006798117,0.00760383681660986,0.948011066292369,0.991567094778153
"BENZETHONIUM (BRD:BRD-K72723676-003-17-8)",19,19,0.0650226641426897,NA,NA,NA,"BENZETHONIUM","BRD-K72723676-003-17-8","Not tested",19,NA,NA,NA,NA
"BENZOCAINE (BRD:BRD-K75466013-001-14-4)",30,14,0.0199018617643813,-0.286973050387976,0.124152921942373,0.748034341410115,"BENZOCAINE","BRD-K75466013-001-14-4","Higher MPCDS = greater sensitivity",30,0.000375429747302866,0.00449174990320717,0.933983432317977,0.991567094778153
"BENZOYLSTAUROSPORINE (BRD:BRD-K13646352-001-03-8)",44,44,0.0556005917822917,0.149964763918252,0.331236849974262,0.859563041044693,"BENZOYLSTAUROSPORINE","BRD-K13646352-001-03-8","Higher MPCDS = greater resistance",44,0.00910756102031855,0.00870585365075137,0.3014789392016,0.926120965655263
"BENZYDAMINE (BRD:BRD-K28542495-003-13-5)",42,35,0.0455304219969795,-0.208392141190333,0.185379410358381,0.78283387365416,"BENZYDAMINE","BRD-K28542495-003-13-5","Higher MPCDS = greater sensitivity",42,-0.00786450821980931,0.00719918846318959,0.28118631463888,0.926120965655263
"BENZYLDIMETHYLHEXADECYLAMMONIUM (BRD:BRD-K23403298-003-01-9)",44,42,0.0387558145994442,-0.13335212988426,0.388161419097875,0.887939106143226,"BENZYLDIMETHYLHEXADECYLAMMONIUM","BRD-K23403298-003-01-9","Higher MPCDS = greater sensitivity",44,-0.00964454811082666,0.00596401063922556,0.113338611715,0.855343068908636
"BEPHENIUM-HYDROXYNAPHTHOATE (BRD:BRD-K47878171-086-06-0)",42,9,0.0211419319537314,0.0976653886781057,0.538345698485698,0.931366670797781,"BEPHENIUM-HYDROXYNAPHTHOATE","BRD-K47878171-086-06-0","Higher MPCDS = greater resistance",42,-0.000231662965344018,0.00342375967310764,0.946390743357647,0.991567094778153
"BERBERINE (BRD:BRD-K14796088-003-26-8)",44,44,0.0530924154234866,0.246793516560958,0.10630921140572,0.698790433469257,"BERBERINE","BRD-K14796088-003-26-8","Higher MPCDS = greater resistance",44,0.0127329330318264,0.0081883262537516,0.127447541292802,0.855343068908636
"BERZOSERTIB (BRD:BRD-K04701033-001-03-9)",45,45,0.0831839548764037,-0.211857707509881,0.162380706619522,0.778462525709525,"BERZOSERTIB","BRD-K04701033-001-03-9","Higher MPCDS = greater sensitivity",45,-0.00912821578996308,0.013115434755121,0.490179838392765,0.951824355158289
"BETA-LAPACHONE (BRD:BRD-K28061410-001-06-6)",44,44,0.0518811849489545,0.403100775193798,0.00666640612821303,0.417374992375077,"BETA-LAPACHONE","BRD-K28061410-001-06-6","Higher MPCDS = greater resistance",44,0.0200034012084541,0.00762780092948052,0.012111339033556,0.855343068908636
"BETA-NAPHTHOL (BRD:BRD-K21164796-001-02-8)",33,16,0.0476369436342939,0.233839497256398,0.19027838964243,0.794205452420576,"BETA-NAPHTHOL","BRD-K21164796-001-02-8","Higher MPCDS = greater resistance",33,0.0177726809397526,0.00912571059457713,0.0605763856188107,0.855343068908636
"BETAMETHASONE (BRD:BRD-A02180903-001-04-5)",36,15,0.102884153961642,-0.0606387724142004,0.725351361123325,0.96366499509342,"BETAMETHASONE","BRD-A02180903-001-04-5","Higher MPCDS = greater sensitivity",36,-0.0108666588601949,0.0178967827742704,0.547761997279642,0.960295085661133
"BETAMETHASONE-DIPROPIONATE (BRD:BRD-K58148589-001-03-6)",44,35,0.0928488774716191,-0.374275405742035,0.01231799726147,0.433282409460274,"BETAMETHASONE-DIPROPIONATE","BRD-K58148589-001-03-6","Higher MPCDS = greater sensitivity",44,-0.0233353992049482,0.0143103078116527,0.110437375473432,0.855343068908636
"BETULINIC-ACID (BRD:BRD-K45401373-001-20-9)",37,36,0.0596099767422863,-0.319838777160746,0.0536366434871075,0.594128974011037,"BETULINIC-ACID","BRD-K45401373-001-20-9","Higher MPCDS = greater sensitivity",37,-0.0189445807030383,0.00953918068039228,0.0549123977998025,0.855343068908636
"BEXAROTENE (BRD:BRD-K92441787-001-04-1)",48,44,0.0452118857121076,0.0326925213843183,0.825412594172431,0.985785202498155,"BEXAROTENE","BRD-K92441787-001-04-1","Higher MPCDS = greater resistance",48,0.00382977009966721,0.00657693691633539,0.563206012355298,0.960295085661133
"BEZ235 (BRD:BRD-K12184916-001-19-6)",50,50,0.114221122872501,-0.017046818727491,0.906464719123105,0.993691679377351,"BEZ235","BRD-K12184916-001-19-6","Higher MPCDS = greater sensitivity",50,0.00423078933124234,0.016475085566223,0.798431327307546,0.990107755278081
"BF2.649 (BRD:BRD-K21673112-003-01-3)",44,43,0.0487246505122213,-0.0544769019683502,0.725425593528658,0.96366499509342,"BF2.649","BRD-K21673112-003-01-3","Higher MPCDS = greater sensitivity",44,0.000927322488997313,0.00782480356722576,0.906228066706986,0.991567094778153
"BGT226 (BRD:BRD-K29415052-050-04-8)",41,41,0.0658265610285552,0.0601045296167248,0.708930580258331,0.96366499509342,"BGT226","BRD-K29415052-050-04-8","Higher MPCDS = greater resistance",41,0.00632204563540868,0.010705486373574,0.558233762896868,0.960295085661133
"BHG712 (BRD:BRD-K79259477-001-04-9)",42,42,0.0350185484898965,-0.119520298193015,0.450901500661109,0.921827109867092,"BHG712","BRD-K79259477-001-04-9","Higher MPCDS = greater sensitivity",42,0.00187324483036696,0.00560040634420127,0.739762135011012,0.986518863295841
"BI-2536 (BRD:BRD-K64890080-001-13-8)",44,44,0.157932804845483,-0.0885130373502467,0.567762463304116,0.934808888381348,"BI-2536","BRD-K64890080-001-13-8","Higher MPCDS = greater sensitivity",44,-0.00342114392759557,0.0250434221942332,0.891993005735702,0.991567094778153
"BI-78D3 (BRD:BRD-K73982490-001-02-9)",41,41,0.0529928342578245,0.0803135888501742,0.617665322947392,0.943141955314152,"BI-78D3","BRD-K73982490-001-02-9","Higher MPCDS = greater resistance",41,0.00428710186624506,0.00862950015591566,0.622121818288492,0.963732930591437
"BI-D1870 (BRD:BRD-A81370665-001-03-6)",45,38,0.0181831919706755,-0.0916240810142103,0.549440687934638,0.931366670797781,"BI-D1870","BRD-A81370665-001-03-6","Higher MPCDS = greater sensitivity",45,-0.000990421721411031,0.00287904844826119,0.732515329256671,0.986518863295841
"BIBR-1532 (BRD:BRD-K04623885-001-07-5)",43,43,0.0414934307419026,0.118544246451223,0.448980330655902,0.921827109867092,"BIBR-1532","BRD-K04623885-001-07-5","Higher MPCDS = greater resistance",43,0.007784906188145,0.00648195411255595,0.236639000928557,0.908693763565661
"BIBU-1361 (BRD:BRD-K49294207-300-03-8)",42,41,0.0897553773198965,-0.11044933358606,0.486224178127886,0.931366670797781,"BIBU-1361","BRD-K49294207-300-03-8","Higher MPCDS = greater sensitivity",42,-0.0143826001218046,0.0142959287159588,0.320432915943435,0.927471102831342
"BIBX-1382 (BRD:BRD-K70914287-300-02-8)",45,40,0.0825957541697069,0.0196537641208257,0.898035254679501,0.993691679377351,"BIBX-1382","BRD-K70914287-300-02-8","Higher MPCDS = greater resistance",45,-0.00377950286068528,0.0130831508611548,0.77405890215782,0.986518863295841
"BICALUTAMIDE (BRD:BRD-A29485665-001-12-8)",41,15,0.0188805808756314,0.0591463736450373,0.71337187382562,0.96366499509342,"BICALUTAMIDE","BRD-A29485665-001-12-8","Higher MPCDS = greater resistance",41,0.000681069067301334,0.00317679225962823,0.831360820482607,0.990502452946434
"BIFEMELANE (BRD:BRD-K18779551-003-07-8)",40,32,0.0278958819557898,0.110567809039253,0.497008105203442,0.931366670797781,"BIFEMELANE","BRD-K18779551-003-07-8","Higher MPCDS = greater resistance",40,-0.00107048386361309,0.00482752265278366,0.825699003446172,0.990502452946434
"BIIB-057 (BRD:BRD-K53734668-003-02-0)",44,44,0.0517516238767953,-0.220718816067653,0.149935390369246,0.771344232182843,"BIIB-057","BRD-K53734668-003-02-0","Higher MPCDS = greater sensitivity",44,-0.0119178029688913,0.00801660494862428,0.144579051910336,0.855343068908636
"BIIB021 (BRD:BRD-K51967704-001-03-6)",50,50,0.0701399459306165,-0.0558463385354142,0.700084699839019,0.96366499509342,"BIIB021","BRD-K51967704-001-03-6","Higher MPCDS = greater sensitivity",50,0.00310862776554382,0.0101138811876766,0.759897112187642,0.986518863295841
"BINDARIT (BRD:BRD-K36467523-001-02-8)",40,24,0.027274433442142,-0.0441239140505841,0.786893583938862,0.985785202498155,"BINDARIT","BRD-K36467523-001-02-8","Higher MPCDS = greater sensitivity",40,0.000602073400949648,0.00462932843536515,0.897207905236748,0.991567094778153
"BINIMETINIB (BRD:BRD-K82244583-001-01-3)",41,41,0.128316149670241,-0.310104529616725,0.0484755640540826,0.588939538351176,"BINIMETINIB","BRD-K82244583-001-01-3","Higher MPCDS = greater sensitivity",41,-0.034195580075827,0.0202335371843436,0.0989988463900287,0.855343068908636
"BIRABRESIB (BRD:BRD-K43471985-001-03-0)",37,35,0.118165532214719,-0.342660668870877,0.0378842812285957,0.559390054199228,"BIRABRESIB","BRD-K43471985-001-03-0","Higher MPCDS = greater sensitivity",37,-0.0325329615295286,0.0191736440817911,0.098620757618318,0.855343068908636
"BIRINAPANT (BRD:BRD-K71221037-001-01-6)",44,43,0.122112071381759,0.230170196414789,0.132816747564453,0.762057084325388,"BIRINAPANT","BRD-K71221037-001-01-6","Higher MPCDS = greater resistance",44,0.0378891920267188,0.0186493392236931,0.0485458578005603,0.855343068908636
"BIS(MALTOLATO)OXOVANADIUM(IV) (BRD:BRD-K16180792-001-01-7)",44,36,0.0586229096358257,0.372402508140396,0.0127963164927735,0.433282409460274,"BIS(MALTOLATO)OXOVANADIUM(IV)","BRD-K16180792-001-01-7","Higher MPCDS = greater resistance",44,0.0198526623792086,0.00877878435764088,0.028970709933103,0.855343068908636
"BISACODYL (BRD:BRD-K39987650-001-24-1)",42,40,0.0584435152589669,0.0500040528490997,0.753156258439032,0.973141065499464,"BISACODYL","BRD-K39987650-001-24-1","Higher MPCDS = greater resistance",42,0.00659819358526312,0.00938863417191282,0.486259837918757,0.951824355158289
"BISINDOLYLMALEIMIDE-IX (BRD:BRD-K06543683-066-02-1)",43,43,0.0176808185483176,-0.146179401993355,0.349605870152375,0.86882050747906,"BISINDOLYLMALEIMIDE-IX","BRD-K06543683-066-02-1","Higher MPCDS = greater sensitivity",43,-0.000650049078783177,0.00280836525580132,0.818101920786824,0.990502452946434
"BITOPERTIN (BRD:BRD-K13756951-001-01-4)",44,44,0.0563320442499004,-0.0666666666666667,0.667221205283105,0.956861410958919,"BITOPERTIN","BRD-K13756951-001-01-4","Higher MPCDS = greater sensitivity",44,-0.00931916155023923,0.00890064150421505,0.301078060538616,0.926120965655263
"BIX-01294 (BRD:BRD-K26818574-305-04-3)",45,45,0.0413237302677719,-0.401054018445323,0.00632761115892488,0.417374992375077,"BIX-01294","BRD-K26818574-305-04-3","Higher MPCDS = greater sensitivity",45,-0.0178093206373261,0.00596262247076686,0.00464073394265195,0.556888073118234
"BIX-02188 (BRD:BRD-K20290250-001-02-1)",41,41,0.0607615428632117,-0.125783972125436,0.433261579652831,0.908146542503751,"BIX-02188","BRD-K20290250-001-02-1","Higher MPCDS = greater sensitivity",41,-0.00666897012592985,0.00961390132788368,0.491994155703625,0.952246752974759
"BKM120 (BRD:BRD-K42191735-001-05-3)",41,41,0.0489165923767981,0.145644599303136,0.363562324148335,0.87736999914943,"BKM120","BRD-K42191735-001-05-3","Higher MPCDS = greater resistance",41,0.00817975758365724,0.00788280051341481,0.305814129018807,0.926120965655263
"BLEBBISTATIN-(-) (BRD:BRD-K61295575-001-03-6)",42,25,0.0096597031468226,-0.0532642428086863,0.737615813554764,0.968376310874038,"BLEBBISTATIN-(-)","BRD-K61295575-001-03-6","Higher MPCDS = greater sensitivity",42,-0.000190794729711042,0.00158676032484142,0.904893642733814,0.991567094778153
"BMS-265246 (BRD:BRD-K62814476-001-03-3)",44,44,0.0797102349601443,-0.336856941508104,0.0253566722582306,0.497764718062008,"BMS-265246","BRD-K62814476-001-03-3","Higher MPCDS = greater sensitivity",44,-0.0226499812124193,0.0121497822299448,0.0692888644281407,0.855343068908636
"BMS-345541 (BRD:BRD-K13566078-001-02-3)",43,43,0.0390639188739282,0.0510419812745394,0.74514030577891,0.968955182496758,"BMS-345541","BRD-K13566078-001-02-3","Higher MPCDS = greater resistance",43,0.00468746353302767,0.00621122081078333,0.454756206983431,0.940351522532128
"BMS-387032 (BRD:BRD-K43389698-001-09-9)",45,45,0.0434156331724807,-0.183399209486166,0.227848476520177,0.814418038168095,"BMS-387032","BRD-K43389698-001-09-9","Higher MPCDS = greater sensitivity",45,-0.0121968504089799,0.00662764559184023,0.0726325626787616,0.855343068908636
"BMS-599626 (BRD:BRD-K07106112-003-03-8)",41,31,0.0332881201352282,-0.0668456965314573,0.677959191101349,0.95899383859975,"BMS-599626","BRD-K07106112-003-03-8","Higher MPCDS = greater sensitivity",41,-0.0023298137530211,0.00532893581811095,0.664377363403887,0.975756906432833
"BMS-626529 (BRD:BRD-K97883416-001-01-4)",44,44,0.0940540762964183,-0.0583509513742072,0.706742523201338,0.96366499509342,"BMS-626529","BRD-K97883416-001-01-4","Higher MPCDS = greater sensitivity",44,-0.0026764202382191,0.014911760595021,0.858420911076822,0.990502452946434
"BMS-690514 (BRD:BRD-K76239644-001-02-6)",48,48,0.129089357661298,0.0475466782457664,0.748277549124777,0.970738442107819,"BMS-690514","BRD-K76239644-001-02-6","Higher MPCDS = greater resistance",48,0.00152959020946263,0.0189348847515173,0.935966092634354,0.991567094778153
"BMS-707035 (BRD:BRD-K49555808-001-03-9)",37,23,0.0181155732430355,0,1,1,"BMS-707035","BRD-K49555808-001-03-9","No direction",37,-0.00020723627657994,0.00309641703650185,0.947020074978311,0.991567094778153
"BMS-754807 (BRD:BRD-K13049116-001-04-0)",50,50,0.0897973777076682,-0.00821128451380552,0.954867900476809,0.998144120500538,"BMS-754807","BRD-K13049116-001-04-0","Higher MPCDS = greater sensitivity",50,-0.000165574706870901,0.0129611130149881,0.989860467918354,0.997167058951485
"BMS-986020 (BRD:BRD-K23952234-236-01-8)",44,31,0.0145094060816915,-0.404565792143876,0.00645236382270428,0.417374992375077,"BMS-986020","BRD-K23952234-236-01-8","Higher MPCDS = greater sensitivity",44,-0.00380545484434331,0.00224781808193014,0.0978701772221167,0.855343068908636
"BNC105 (BRD:BRD-K20468903-001-01-6)",44,44,0.129126336626221,-0.103453136011276,0.503960205514949,0.931366670797781,"BNC105","BRD-K20468903-001-01-6","Higher MPCDS = greater sensitivity",44,-0.000141170371600225,0.0204801142391161,0.99453282618538,0.997303112609294
"BNTX (BRD:BRD-A55484088-050-02-5)",43,43,0.0417123628930094,-0.193446088794926,0.21390033705065,0.805277260014622,"BNTX","BRD-A55484088-050-02-5","Higher MPCDS = greater sensitivity",43,-0.0087063960268127,0.00653834788950269,0.190351303118461,0.873439252662257
"BORTEZOMIB (BRD:BRD-K88510285-001-17-8)",50,50,0.0781272645826334,-0.187707082833133,0.191771440300353,0.795823844474086,"BORTEZOMIB","BRD-K88510285-001-17-8","Higher MPCDS = greater sensitivity",50,-0.0158914555826757,0.0110409569997999,0.156550114508555,0.855343068908636
"BOSENTAN (BRD:BRD-K74763371-002-04-0)",43,41,0.0477595648316968,-0.367467154168574,0.0153454186683847,0.433282409460274,"BOSENTAN","BRD-K74763371-002-04-0","Higher MPCDS = greater sensitivity",43,-0.0166932633096211,0.00718823837984916,0.0252604311815863,0.855343068908636
"BOSUTINIB (BRD:BRD-K99964838-001-11-9)",43,42,0.0632791376182542,-0.0914410843706781,0.559776030034588,0.931366670797781,"BOSUTINIB","BRD-K99964838-001-11-9","Higher MPCDS = greater sensitivity",43,-0.00527597798174444,0.0100975555265065,0.604133935056084,0.960295085661133
"BREFELDIN-A (BRD:BRD-K77841042-001-14-1)",42,42,0.067224487124749,-0.026821165221619,0.866106912886762,0.985785202498155,"BREFELDIN-A","BRD-K77841042-001-14-1","Higher MPCDS = greater sensitivity",42,0.00240968391167178,0.010861143315147,0.825549517146581,0.990502452946434
"BREQUINAR (BRD:BRD-K96123349-236-02-8)",50,50,0.0717623081557061,-0.0646818727490996,0.655402549650685,0.951396615235329,"BREQUINAR","BRD-K96123349-236-02-8","Higher MPCDS = greater sensitivity",50,-0.00294044211645994,0.0103492981565522,0.777540521446835,0.986518863295841
"BRILLIANT-GREEN (BRD:BRD-K60348325-065-09-9)",39,39,0.0501869340960204,-0.379352226720648,0.0172297556803121,0.451343939467298,"BRILLIANT-GREEN","BRD-K60348325-065-09-9","Higher MPCDS = greater sensitivity",39,-0.0142739166744629,0.00779172343074937,0.0750207492226511,0.855343068908636
"BRIVARACETAM (BRD:BRD-K00634421-001-01-0)",44,44,0.0875163064766701,0.0696264975334743,0.653359691186878,0.951396615235329,"BRIVARACETAM","BRD-K00634421-001-01-0","Higher MPCDS = greater resistance",44,0.0121928800139812,0.0137524572046955,0.380344858191822,0.928385419996185
"BROMOSPORINE (BRD:BRD-K44665581-001-01-8)",37,28,0.0537610368998308,-0.310902814570198,0.0610745671497203,0.644986749458964,"BROMOSPORINE","BRD-K44665581-001-01-8","Higher MPCDS = greater sensitivity",37,-0.0128667372535792,0.00940767312429071,0.180129075510049,0.868867569310976
"BROXALDINE (BRD:BRD-K36222532-001-01-8)",44,44,0.0641213828020513,-0.00465116279069767,0.976095549052932,0.998144120500538,"BROXALDINE","BRD-K36222532-001-01-8","Higher MPCDS = greater sensitivity",44,0.00631876206633874,0.0101231481370871,0.53587915547622,0.960295085661133
"BROXYQUINOLINE (BRD:BRD-K23301018-001-11-7)",45,45,0.0553559785224373,-0.20197628458498,0.183343265885865,0.778462525709525,"BROXYQUINOLINE","BRD-K23301018-001-11-7","Higher MPCDS = greater sensitivity",45,-0.0123837059324758,0.00857130144908744,0.155765892144806,0.855343068908636
"BRUCEANTIN (BRD:BRD-A36057565-001-01-0)",44,44,0.083170447964967,-0.178435517970402,0.246512336219312,0.819810078881777,"BRUCEANTIN","BRD-A36057565-001-01-0","Higher MPCDS = greater sensitivity",44,-0.014152910356778,0.0130092512493304,0.282838048974799,0.926120965655263
"BTS-54505 (BRD:BRD-A68304895-003-02-2)",37,36,0.0405232490077367,-0.0584434830023158,0.731154533478618,0.965548218053008,"BTS-54505","BRD-A68304895-003-02-2","Higher MPCDS = greater sensitivity",37,-0.0035902854522486,0.0068335166933467,0.6026225346291,0.960295085661133
"BUCLADESINE (BRD:BRD-A94624445-236-17-0)",28,27,0.0556601626581125,NA,NA,NA,"BUCLADESINE","BRD-A94624445-236-17-0","Not tested",28,NA,NA,NA,NA
"BUMETANIDE (BRD:BRD-K38197229-001-29-9)",34,10,0.00850313141686267,-0.0340461316314718,0.848407271185079,0.985785202498155,"BUMETANIDE","BRD-K38197229-001-29-9","Higher MPCDS = greater sensitivity",34,0.000931906365410067,0.0014581317133235,0.527300199440584,0.960295085661133
"BUPHENINE (BRD:BRD-A36267905-003-18-4)",40,35,0.0468525748192857,0.0382429457592132,0.814763302151521,0.985785202498155,"BUPHENINE","BRD-A36267905-003-18-4","Higher MPCDS = greater resistance",40,0.00180343261339337,0.0076699933798523,0.815371642007317,0.990273286572071
"BUSULFAN (BRD:BRD-K23204545-001-16-4)",39,39,0.0572986836943187,-0.147570850202429,0.369976191503336,0.882062443319212,"BUSULFAN","BRD-K23204545-001-16-4","Higher MPCDS = greater sensitivity",39,-0.00981947000007355,0.00988682598647803,0.327069846712179,0.927471102831342
"BUTAMBEN (BRD:BRD-K27217864-001-22-3)",39,39,0.0439977703823875,-0.224898785425101,0.168665396111379,0.778462525709525,"BUTAMBEN","BRD-K27217864-001-22-3","Higher MPCDS = greater sensitivity",39,-0.0096237289660231,0.00695624147066784,0.174812664914706,0.868867569310976
"BUTHIONINE-SULFOXIMINE (BRD:BRD-A47706533-001-02-6)",35,15,0.0221242567215395,-0.0702166087821076,0.688555631442921,0.95899383859975,"BUTHIONINE-SULFOXIMINE","BRD-A47706533-001-02-6","Higher MPCDS = greater sensitivity",35,0.00314919830833139,0.00419937684494143,0.458616096874832,0.940750967948374
"BUTYLSCOPOLAMINE-BROMIDE (BRD:BRD-A53951045-004-01-6)",37,37,0.041072392212576,-0.277619724988146,0.0961887946673737,0.698790433469257,"BUTYLSCOPOLAMINE-BROMIDE","BRD-A53951045-004-01-6","Higher MPCDS = greater sensitivity",37,-0.0139186036885766,0.00636301486209986,0.0354808067413148,0.855343068908636
"BVD-523 (BRD:BRD-K28965160-001-01-1)",44,44,0.0720777746866878,-0.300211416490486,0.0477053311681918,0.588939538351176,"BVD-523","BRD-K28965160-001-01-1","Higher MPCDS = greater sensitivity",44,-0.0186590169568565,0.0111711283662074,0.102299305870453,0.855343068908636
"BVT-948 (BRD:BRD-K68567222-001-01-2)",45,43,0.0670688652007013,0.218342339489452,0.149607376505092,0.771344232182843,"BVT-948","BRD-K68567222-001-01-2","Higher MPCDS = greater resistance",45,0.0199796973289749,0.0101881540805395,0.0563676113952275,0.855343068908636
"BW-180C (BRD:BRD-K57927309-001-01-7)",36,7,0.0105697659090397,0.173258787610488,0.31223964215968,0.843730506870677,"BW-180C","BRD-K57927309-001-01-7","Higher MPCDS = greater resistance",36,0.00162753842875116,0.00183433420515587,0.381170406175537,0.928385419996185
"BX-912 (BRD:BRD-K49669041-001-08-4)",45,45,0.0547026492846502,0.0566534914361001,0.711646406984955,0.96366499509342,"BX-912","BRD-K49669041-001-08-4","Higher MPCDS = greater resistance",45,0.000530475563304602,0.00867291562184314,0.951511519761981,0.991567094778153
"CABAZITAXEL (BRD:BRD-K06858286-001-01-3)",43,43,0.143757988114605,0.00906070673512534,0.954015180963769,0.998144120500538,"CABAZITAXEL","BRD-K06858286-001-01-3","Higher MPCDS = greater resistance",43,0.000246467762727443,0.0230159127819591,0.991507890142296,0.997167058951485
"CABOZANTINIB (BRD:BRD-K51544265-001-04-2)",45,45,0.0557568164406038,-0.203293807641634,0.18044175535233,0.778462525709525,"CABOZANTINIB","BRD-K51544265-001-04-2","Higher MPCDS = greater sensitivity",45,-0.00682805296381644,0.00877889778510422,0.440957173568238,0.939024256784477
"CAFFEIC-ACID (BRD:BRD-K09900591-001-26-7)",45,29,0.034548567537425,-0.0822138720415822,0.591337914895474,0.941954200718455,"CAFFEIC-ACID","BRD-K09900591-001-26-7","Higher MPCDS = greater sensitivity",45,-0.00549979623887739,0.00541320525507642,0.315313976645181,0.927471102831342
"CAFFEIC-ACID-PHENETHYL-ESTER (BRD:BRD-K96188950-001-16-9)",41,28,0.016770628607082,-0.0353771488562774,0.826192374745001,0.985785202498155,"CAFFEIC-ACID-PHENETHYL-ESTER","BRD-K96188950-001-16-9","Higher MPCDS = greater sensitivity",41,0.000813599067861192,0.00275231951751652,0.769100052030326,0.986518863295841
"CAL-101 (BRD:BRD-K60866521-001-07-1)",50,48,0.0502301784527632,0.216635452183034,0.130760928027774,0.759257001451592,"CAL-101","BRD-K60866521-001-07-1","Higher MPCDS = greater resistance",50,0.0119675028273585,0.00704132105188366,0.0956768510891908,0.855343068908636
"CALCITRIOL (BRD:BRD-K27316855-001-13-3)",43,43,0.0540932462642259,-0.00498338870431894,0.974698936425692,0.998144120500538,"CALCITRIOL","BRD-K27316855-001-13-3","Higher MPCDS = greater sensitivity",43,0.00107362921157444,0.00865881496315435,0.901927011429628,0.991567094778153
"CAMYLOFINE-CHLORHYDRATE (BRD:BRD-A91733352-300-04-5)",40,11,0.0199243155357363,0.0991769860093331,0.542614344752982,0.931366670797781,"CAMYLOFINE-CHLORHYDRATE","BRD-A91733352-300-04-5","Higher MPCDS = greater resistance",40,0.00288807045218668,0.00336409492233925,0.396000267235623,0.928730268435337
"CANDESARTAN (BRD:BRD-K84091759-001-07-1)",35,8,0.00794325860552986,0.190820114061354,0.272188773121106,0.826000004124565,"CANDESARTAN","BRD-K84091759-001-07-1","Higher MPCDS = greater resistance",35,0.00170123709415248,0.00139748140764682,0.232101498656755,0.902693611872781
"CANERTINIB (BRD:BRD-K50168500-001-07-9)",49,49,0.141622359560218,-0.206122448979592,0.155340157870156,0.771344232182843,"CANERTINIB","BRD-K50168500-001-07-9","Higher MPCDS = greater sensitivity",49,-0.012795121154521,0.0203649060108499,0.532853638124605,0.960295085661133
"CANRENONE (BRD:BRD-A20644369-001-08-6)",41,28,0.00602490339996319,-0.126931076800915,0.429044842851278,0.906842521355457,"CANRENONE","BRD-A20644369-001-08-6","Higher MPCDS = greater sensitivity",41,-0.00146232042348747,0.000977625293486594,0.142757886092627,0.855343068908636
"CAPECITABINE (BRD:BRD-K61192372-001-08-9)",49,46,0.0457023644576778,-0.0430722137012776,0.768866079355949,0.978472082145673,"CAPECITABINE","BRD-K61192372-001-08-9","Higher MPCDS = greater sensitivity",49,-0.00356312870059984,0.00674897640742945,0.600017270129062,0.960295085661133
"CAPMATINIB (BRD:BRD-K81016934-001-02-0)",50,46,0.0644583080919268,0.0718232127085056,0.620132650416949,0.943431457853355,"CAPMATINIB","BRD-K81016934-001-02-0","Higher MPCDS = greater resistance",50,0.00456189292489108,0.00928042587813143,0.625270302039801,0.964177023995357
"CAPSAICIN (BRD:BRD-K50590187-001-19-9)",32,16,0.0552147374359266,-0.121634073395158,0.507228092672291,0.931366670797781,"CAPSAICIN","BRD-K50590187-001-19-9","Higher MPCDS = greater sensitivity",32,0.00157516132968131,0.010213206090065,0.87846292114507,0.991567094778153
"CAPTAMINE (BRD:BRD-K81645907-001-01-1)",40,40,0.0448270096160276,-0.0679174484052533,0.677111383731827,0.95899383859975,"CAPTAMINE","BRD-K81645907-001-01-1","Higher MPCDS = greater sensitivity",40,-0.00214426066567943,0.00726400032456209,0.769455591773999,0.986518863295841
"CARBACHOL (BRD:BRD-K75037734-003-13-9)",35,15,0.00807207706962609,0.252400242378927,0.143523758965111,0.771344232182843,"CARBACHOL","BRD-K75037734-003-13-9","Higher MPCDS = greater resistance",35,0.0016892868952618,0.00135378716763332,0.220877944500134,0.887075809400971
"CARBOPLATIN (BRD:BRD-K90947825-001-02-7)",41,34,0.0442293082923084,-0.1126952867738,0.482974899197548,0.931366670797781,"CARBOPLATIN","BRD-K90947825-001-02-7","Higher MPCDS = greater sensitivity",41,-0.000451605049523944,0.00704078256894022,0.949185348123897,0.991567094778153
"CARBOXYAMIDOTRIAZOLE (BRD:BRD-K68408772-001-05-4)",44,39,0.0433362673127546,-0.0960311192490095,0.535194571315373,0.931366670797781,"CARBOXYAMIDOTRIAZOLE","BRD-K68408772-001-05-4","Higher MPCDS = greater sensitivity",44,-0.00194705775323324,0.00686679391309449,0.778150734593527,0.986518863295841
"CARBOXYPYRIDINE-DISULFIDE (BRD:BRD-K26530649-001-01-6)",44,40,0.0374492385034264,-0.080818073693377,0.602013064623268,0.943141955314152,"CARBOXYPYRIDINE-DISULFIDE","BRD-K26530649-001-01-6","Higher MPCDS = greater sensitivity",44,-0.00365854074930796,0.00591276091960255,0.539420486841202,0.960295085661133
"CARFILZOMIB (BRD:BRD-K15179879-001-03-2)",50,50,0.0838804100570459,-0.000336134453781513,0.998151533658254,0.9993580915184,"CARFILZOMIB","BRD-K15179879-001-03-2","Higher MPCDS = greater sensitivity",50,6.10287515314449e-05,0.0121070911270607,0.995998976782739,0.998078306588131
"CARIPORIDE (BRD:BRD-K21670884-001-01-9)",43,43,0.0585896457531941,0.0747508305647841,0.633791257318328,0.951396615235329,"CARIPORIDE","BRD-K21670884-001-01-9","Higher MPCDS = greater resistance",43,0.000143583854828423,0.0093802941106984,0.98786152949855,0.997167058951485
"CARMOFUR (BRD:BRD-K11630072-001-13-2)",50,50,0.0710265297777942,-0.0223289315726291,0.877676738045947,0.986615536913476,"CARMOFUR","BRD-K11630072-001-13-2","Higher MPCDS = greater sensitivity",50,0.00431498323576012,0.0102328605197005,0.675141831061732,0.976387639910772
"CARMUSTINE (BRD:BRD-K36234266-001-09-8)",39,30,0.0263682109971882,-0.0666520185496184,0.686839399144588,0.95899383859975,"CARMUSTINE","BRD-K36234266-001-09-8","Higher MPCDS = greater sensitivity",39,-0.00289249583869991,0.00426181648074741,0.50155119760846,0.955335614492305
"CARVEDILOL (BRD:BRD-A10977446-001-12-1)",39,39,0.0482323024076797,-0.200202429149798,0.2217062617923,0.806540649185087,"CARVEDILOL","BRD-A10977446-001-12-1","Higher MPCDS = greater sensitivity",39,-0.00943725072970736,0.0076650494881974,0.226014895949486,0.894124863096868
"CB-10-277 (BRD:BRD-K59929863-001-01-9)",39,27,0.0396684500345996,-0.196569986268445,0.230378743972421,0.816675299909548,"CB-10-277","BRD-K59929863-001-01-9","Higher MPCDS = greater sensitivity",39,-0.00222454566931792,0.00686236448520637,0.747637812312825,0.986518863295841
"CCG-50014 (BRD:BRD-K08893438-001-04-9)",43,43,0.0435042484796257,-0.0572334642102084,0.715451194967746,0.96366499509342,"CCG-50014","BRD-K08893438-001-04-9","Higher MPCDS = greater sensitivity",43,-0.00113095715542059,0.0069628784116683,0.871767760974038,0.991567094778153
"CCMI (BRD:BRD-K16338837-001-02-6)",45,42,0.0416720654715528,0.0328171352245296,0.830541834122603,0.985785202498155,"CCMI","BRD-K16338837-001-02-6","Higher MPCDS = greater resistance",45,0.00236574640001975,0.0065973921632867,0.721657871619015,0.986518863295841
"CCT128930 (BRD:BRD-K76406695-001-02-9)",44,42,0.039414353484257,0.0157879900074388,0.918981266551731,0.993691679377351,"CCT128930","BRD-K76406695-001-02-9","Higher MPCDS = greater resistance",44,-0.00101609331546107,0.00632875801088113,0.873216185079875,0.991567094778153
"CCT129202 (BRD:BRD-K57136142-001-02-4)",41,41,0.0330119454531097,-0.144947735191638,0.365887231958775,0.87736999914943,"CCT129202","BRD-K57136142-001-02-4","Higher MPCDS = greater sensitivity",41,-0.0028876695189685,0.00530022922149236,0.58897963097572,0.960295085661133
"CCT137690 (BRD:BRD-K03289018-001-02-7)",43,43,0.0697984826960549,-0.194050135910601,0.212445775265837,0.805277260014622,"CCT137690","BRD-K03289018-001-02-7","Higher MPCDS = greater sensitivity",43,-0.00983476938439835,0.0111755229904949,0.383973604053013,0.928385419996185
"CD-437 (BRD:BRD-K28907958-001-04-3)",43,43,0.0450321141875854,-0.148444578677137,0.342107213683982,0.8673140628608,"CD-437","BRD-K28907958-001-04-3","Higher MPCDS = greater sensitivity",43,-0.00526078762419401,0.00723140290210293,0.471058730200404,0.944741743020308
"CEBRANOPADOL (BRD:BRD-K48141473-001-01-7)",39,30,0.019786448533012,0.263443889550636,0.1051357647835,0.698790433469257,"CEBRANOPADOL","BRD-K48141473-001-01-7","Higher MPCDS = greater resistance",39,0.00430988974737361,0.00316422560871017,0.181411815652199,0.868867569310976
"CEFDINIR (BRD:BRD-K15766189-001-09-8)",42,25,0.0108650239401799,0.00675299433390635,0.966144676736862,0.998144120500538,"CEFDINIR","BRD-K15766189-001-09-8","Higher MPCDS = greater resistance",42,0.00251621982240616,0.00184612677413161,0.180515125040284,0.868867569310976
"CEFDITOREN-PIVOXIL (BRD:BRD-K72167406-001-02-1)",44,44,0.0385733911767385,-0.228470754052149,0.135782039616995,0.768240529824177,"CEFDITOREN-PIVOXIL","BRD-K72167406-001-02-1","Higher MPCDS = greater sensitivity",44,-0.00785956805071664,0.0060092678459662,0.198018289138219,0.873439252662257
"CEFPIRAMIDE (BRD:BRD-K92872987-001-02-9)",39,35,0.0136680669980682,0.154812642782044,0.346684702271723,0.868219080471793,"CEFPIRAMIDE","BRD-K92872987-001-02-9","Higher MPCDS = greater resistance",39,0.00319452630581015,0.00219552141325771,0.154096071234957,0.855343068908636
"CEP-32496 (BRD:BRD-K20722021-001-02-1)",41,40,0.0688366645644751,-0.0803170870573258,0.617649957693518,0.943141955314152,"CEP-32496","BRD-K20722021-001-02-1","Higher MPCDS = greater sensitivity",41,-0.0114866725246137,0.0110935162701109,0.306841346619328,0.926120965655263
"CEP-33779 (BRD:BRD-K37237504-001-02-7)",41,36,0.0704536523235674,-0.016750292149494,0.91721337854929,0.993691679377351,"CEP-33779","BRD-K37237504-001-02-7","Higher MPCDS = greater sensitivity",41,0.00172786982471406,0.0115057870266774,0.881401350106411,0.991567094778153
"CEP-37440 (BRD:BRD-K72827473-001-01-0)",45,45,0.0583369533684446,-0.30395256916996,0.0423661747548408,0.588939538351176,"CEP-37440","BRD-K72827473-001-01-0","Higher MPCDS = greater sensitivity",45,-0.014134213570772,0.00899487333155936,0.123428451617796,0.855343068908636
"CEPHALOMANNINE (BRD:BRD-K68904758-001-03-5)",44,44,0.0851170344749109,-0.171952078928823,0.264378028444352,0.824429774620239,"CEPHALOMANNINE","BRD-K68904758-001-03-5","Higher MPCDS = greater sensitivity",44,-0.016172039210745,0.0132673812206162,0.229671998993826,0.902693611872781
"CETRIMONIUM (BRD:BRD-K47079459-004-04-6)",44,44,0.0501429394076823,0.133615221987315,0.387217514647596,0.887939106143226,"CETRIMONIUM","BRD-K47079459-004-04-6","Higher MPCDS = greater resistance",44,0.00968102705420369,0.00784598473660647,0.22410674432339,0.889018489877911
"CETYLPYRIDINIUM (BRD:BRD-K87700323-003-05-1)",43,43,0.0543285252253861,-0.181667170039263,0.243654639873356,0.818653908185033,"CETYLPYRIDINIUM","BRD-K87700323-003-05-1","Higher MPCDS = greater sensitivity",43,-0.00643417762957659,0.00863986924026853,0.460695945810675,0.941894498405836
"CGM097 (BRD:BRD-K79584249-001-01-3)",38,26,0.0656943920909553,-0.0280285622137551,0.867338101521342,0.985785202498155,"CGM097","BRD-K79584249-001-01-3","Higher MPCDS = greater sensitivity",38,-0.00216756669338624,0.0118864088980779,0.856325807462493,0.990502452946434
"CGP-37849 (BRD:BRD-A90272038-001-01-7)",36,15,0.0426943403985109,0.362514400302285,0.0297924885448294,0.514197438159133,"CGP-37849","BRD-A90272038-001-01-7","Higher MPCDS = greater resistance",36,0.0188047184593803,0.00710996270957562,0.012281268136271,0.855343068908636
"CGP-52411 (BRD:BRD-K13087974-001-02-5)",43,43,0.033068783646441,-0.264723648444579,0.0862514426480576,0.677991152126094,"CGP-52411","BRD-K13087974-001-02-5","Higher MPCDS = greater sensitivity",43,-0.00850436239381198,0.00512508018597913,0.104674264222313,0.855343068908636
"CGP-54626 (BRD:BRD-A74208568-003-01-5)",28,28,0.0570394341128598,NA,NA,NA,"CGP-54626","BRD-A74208568-003-01-5","Not tested",28,NA,NA,NA,NA
"CGS-15943 (BRD:BRD-K49049886-001-08-7)",44,41,0.115587773022895,0.175044071501659,0.255753316393694,0.820464845078843,"CGS-15943","BRD-K49049886-001-08-7","Higher MPCDS = greater resistance",44,0.0133354948717324,0.0182169907197066,0.468211907572348,0.944741743020308
"CGS-20625 (BRD:BRD-K68103045-001-02-9)",41,39,0.0232633587860891,-0.100365918930859,0.532390663282909,0.931366670797781,"CGS-20625","BRD-K68103045-001-02-9","Higher MPCDS = greater sensitivity",41,0.000979773814194446,0.00376539976326134,0.796074961049049,0.990107755278081
"CH5132799 (BRD:BRD-K28352084-001-02-3)",37,37,0.0495596025471495,-0.129919393077288,0.443437356900332,0.916749263539391,"CH5132799","BRD-K28352084-001-02-3","Higher MPCDS = greater sensitivity",37,-0.00694231436082223,0.00828307632331494,0.407643843837393,0.937711078475793
"CHICAGO-SKY-BLUE-6B (BRD:BRD-K56483981-342-06-4)",35,21,0.00964098495137694,0.303751668708607,0.0760734159710397,0.653331130241485,"CHICAGO-SKY-BLUE-6B","BRD-K56483981-342-06-4","Higher MPCDS = greater resistance",35,0.0034375181530721,0.00163067249626562,0.0427058176794395,0.855343068908636
"CHIDAMIDE (BRD:BRD-K28537285-001-01-8)",44,41,0.0905302661801253,-0.163623556164056,0.288561198599354,0.841150052597308,"CHIDAMIDE","BRD-K28537285-001-01-8","Higher MPCDS = greater sensitivity",44,-0.0111439819256234,0.0142552462343524,0.438748763225708,0.938660146979225
"CHIR-124 (BRD:BRD-K02241333-001-02-7)",42,42,0.0933837471784709,-0.049509764200632,0.755520992278239,0.973910960126022,"CHIR-124","BRD-K02241333-001-02-7","Higher MPCDS = greater sensitivity",42,-0.00171629725870654,0.0148589383263612,0.908621949190725,0.991567094778153
"CHIR-98014 (BRD:BRD-K42973005-001-04-0)",39,28,0.0215108342414149,0.00801154494307057,0.961393489606786,0.998144120500538,"CHIR-98014","BRD-K42973005-001-04-0","Higher MPCDS = greater resistance",39,-0.00188626730598294,0.00349627363198594,0.59276860295075,0.960295085661133
"LADUVIGLUSIB (BRD:BRD-K16189898-003-03-3)",40,35,0.0480601592690554,-0.2789761817177,0.0812903016191599,0.665102467793126,"LADUVIGLUSIB","BRD-K16189898-003-03-3","Higher MPCDS = greater sensitivity",40,-0.0134554874707228,0.00746902059544065,0.0795618679133537,0.855343068908636
"CHLORAMBUCIL (BRD:BRD-K29458283-001-29-9)",45,44,0.0441487551691149,0.22286636594323,0.141144562051283,0.771344232182843,"CHLORAMBUCIL","BRD-K29458283-001-29-9","Higher MPCDS = greater resistance",45,0.0138148809895422,0.00667538167532887,0.0445390956362577,0.855343068908636
"CHLORAMPHENICOL-PALMITATE (BRD:BRD-K96424892-001-02-9)",36,13,0.0161909652884341,-0.077001563688089,0.655331422278737,0.951396615235329,"CHLORAMPHENICOL-PALMITATE","BRD-K96424892-001-02-9","Higher MPCDS = greater sensitivity",36,0.00079878884821575,0.00278068584910551,0.775654332773878,0.986518863295841
"CHLORHEXIDINE (BRD:BRD-K52256627-300-06-6)",40,40,0.0498052363794671,0.199437148217636,0.217279697391384,0.805277260014622,"CHLORHEXIDINE","BRD-K52256627-300-06-6","Higher MPCDS = greater resistance",40,0.0141905792329614,0.00833974844702458,0.0970077690982669,0.855343068908636
"CHLORIDINE (BRD:BRD-K88429204-001-35-1)",43,43,0.0473494905625906,-0.0884929024463908,0.572552434538886,0.934808888381348,"CHLORIDINE","BRD-K88429204-001-35-1","Higher MPCDS = greater sensitivity",43,-0.00233920508428149,0.00757194159976817,0.758938685384771,0.986518863295841
"CHLORINDANOL (BRD:BRD-K01653460-001-01-1)",40,28,0.0236941364806876,0.156542036273947,0.334730903059995,0.862033661931931,"CHLORINDANOL","BRD-K01653460-001-01-1","Higher MPCDS = greater resistance",40,0.00700536933738612,0.00388623426734671,0.0793848766955724,0.855343068908636
"CHLORMIDAZOLE (BRD:BRD-K60443845-001-08-6)",41,41,0.0317460464728816,0.0850174216027875,0.597151966104973,0.943141955314152,"CHLORMIDAZOLE","BRD-K60443845-001-08-6","Higher MPCDS = greater resistance",41,0.00118819293370003,0.00505027883519903,0.815228087393821,0.990273286572071
"CHLOROGENIC-ACID (BRD:BRD-K47114202-001-14-6)",43,43,0.0422738617909608,-0.182573240712776,0.241271260441268,0.818653908185033,"CHLOROGENIC-ACID","BRD-K47114202-001-14-6","Higher MPCDS = greater sensitivity",43,-0.00622967557409527,0.00672645971565612,0.359790470490347,0.928385419996185
"CHLOROPYRAMINE (BRD:BRD-K83257731-003-23-5)",36,36,0.103582280391357,0.00308880308880309,0.985735558807057,0.998144120500538,"CHLOROPYRAMINE","BRD-K83257731-003-23-5","Higher MPCDS = greater resistance",36,0.00794925316853203,0.0176118197713495,0.654596759903451,0.975756906432833
"CHLOROXINE (BRD:BRD-K17075857-001-18-4)",44,44,0.0525506173331823,-0.269485553206483,0.0768950193108069,0.653331130241485,"CHLOROXINE","BRD-K17075857-001-18-4","Higher MPCDS = greater sensitivity",44,-0.00928205661574112,0.00824698108481318,0.266763810713256,0.926120965655263
"CHLORPROPAMIDE (BRD:BRD-K97746869-001-27-0)",38,37,0.0399525330280866,-0.000875417192315402,0.995838125779172,0.999342267454251,"CHLORPROPAMIDE","BRD-K97746869-001-27-0","Higher MPCDS = greater sensitivity",38,0.00580167903388361,0.00650578233967055,0.378436812909943,0.928385419996185
"CHLORPYRIFOS (BRD:BRD-K08303368-001-10-0)",39,37,0.0229765421946462,-0.277384091532901,0.0873337313360635,0.677991152126094,"CHLORPYRIFOS","BRD-K08303368-001-10-0","Higher MPCDS = greater sensitivity",39,-0.00562188101466739,0.00360900176942475,0.127808670496144,0.855343068908636
"CHLORQUINALDOL (BRD:BRD-K90374350-001-09-2)",45,44,0.0468862201942411,0.165222833516293,0.278083335180895,0.827355377397704,"CHLORQUINALDOL","BRD-K90374350-001-09-2","Higher MPCDS = greater resistance",45,0.0092728518909833,0.00729823668970088,0.210716524428806,0.878423459094401
"CHOLECALCIFEROL (BRD:BRD-K62779383-001-05-5)",43,43,0.0504343903332672,-0.223648444578677,0.149392738312911,0.771344232182843,"CHOLECALCIFEROL","BRD-K62779383-001-05-5","Higher MPCDS = greater sensitivity",43,-0.0101695881252029,0.00793075110277261,0.206941100037078,0.878423459094401
"CHROMIUM-PICOLINATE (BRD:BRD-K01029106-001-01-4)",42,34,0.0250341408302285,0.31976605062359,0.0389865350129702,0.561406104186771,"CHROMIUM-PICOLINATE","BRD-K01029106-001-01-4","Higher MPCDS = greater resistance",42,0.00696880837596657,0.00385483986160187,0.0781603146638971,0.855343068908636
"CHROMOCARB (BRD:BRD-K94720315-001-10-4)",43,43,0.041972354881508,0.013591060102688,0.931068737999225,0.996217619309834,"CHROMOCARB","BRD-K94720315-001-10-4","Higher MPCDS = greater resistance",43,-0.00373648904987393,0.00669447415630057,0.579780533782972,0.960295085661133
"CI-844 (BRD:BRD-K83022601-001-01-0)",41,22,0.0135407962019349,0.0113020146398969,0.94408831300736,0.997422722472926,"CI-844","BRD-K83022601-001-01-0","Higher MPCDS = greater resistance",41,0.000744170123898309,0.002268895182184,0.744675227548016,0.986518863295841
"CIBENZOLINE (BRD:BRD-K34251960-036-01-6)",39,4,0.00511974208412032,0.100091339217103,0.544342889716411,0.931366670797781,"CIBENZOLINE","BRD-K34251960-036-01-6","Higher MPCDS = greater resistance",39,0.00124130045109439,0.000905708105942291,0.178779419628305,0.868867569310976
"CICLESONIDE (BRD:BRD-K35245662-001-01-2)",37,31,0.0757991565597306,-0.0941965261260149,0.579206160254176,0.939253232844609,"CICLESONIDE","BRD-K35245662-001-01-2","Higher MPCDS = greater sensitivity",37,-0.015143139263536,0.01335503149939,0.264547623586673,0.926120965655263
"CICLOPIROX (BRD:BRD-K13044802-213-20-7)",43,43,0.0412181319833816,-0.109332527937179,0.485232410259655,0.931366670797781,"CICLOPIROX","BRD-K13044802-213-20-7","Higher MPCDS = greater sensitivity",43,-0.00216137696788731,0.00660157219946057,0.745028711101408,0.986518863295841
"CID-5458317 (BRD:BRD-A08840375-001-01-3)",45,45,0.0376696189336093,-0.0233201581027668,0.879143708927687,0.986887040828547,"CID-5458317","BRD-A08840375-001-01-3","Higher MPCDS = greater sensitivity",45,0.000715359356616792,0.00597165107469492,0.905205433907919,0.991567094778153
"CIDOFOVIR (BRD:BRD-K96153583-001-05-1)",39,29,0.048119323309542,-0.149037082193669,0.365186745738801,0.87736999914943,"CIDOFOVIR","BRD-K96153583-001-05-1","Higher MPCDS = greater sensitivity",39,-0.00292202954309592,0.00829262564870298,0.726563949060746,0.986518863295841
"CILOSTAMIDE (BRD:BRD-K28578425-001-07-0)",42,41,0.043222878986842,0.00388963170369102,0.980496036815483,0.998144120500538,"CILOSTAMIDE","BRD-K28578425-001-07-0","Higher MPCDS = greater resistance",42,0.00456323360524406,0.00744917071776248,0.54361940406153,0.960295085661133
"CIMETIDINE (BRD:BRD-K34157611-001-16-0)",41,32,0.0661189371971829,0.124153285441645,0.439295410096681,0.916749263539391,"CIMETIDINE","BRD-K34157611-001-16-0","Higher MPCDS = greater resistance",41,0.00861447295071917,0.0109694323552128,0.437013220600786,0.938640046288849
"CINACALCET (BRD:BRD-K73838513-003-05-5)",50,50,0.0350169899756505,-0.0933973589435774,0.518844471569314,0.931366670797781,"CINACALCET","BRD-K73838513-003-05-5","Higher MPCDS = greater sensitivity",50,-0.00351180910981066,0.00502878543928819,0.488333353915601,0.951824355158289
"CINALUKAST (BRD:BRD-K53720352-001-03-2)",40,26,0.0373945651679595,0.0325744739564247,0.84184111717053,0.985785202498155,"CINALUKAST","BRD-K53720352-001-03-2","Higher MPCDS = greater resistance",40,0.0019188604556888,0.00623600703378538,0.759985872297683,0.986518863295841
"CINNARAZINE (BRD:BRD-K07220430-001-18-4)",40,18,0.0134330255303137,0.227415377167233,0.158167380913871,0.773567804894853,"CINNARAZINE","BRD-K07220430-001-18-4","Higher MPCDS = greater resistance",40,-0.000197169883701107,0.0022069432048479,0.929280361508898,0.991567094778153
"CINROMIDE (BRD:BRD-K66241279-001-01-8)",44,24,0.0129715625262249,0.0804604209496823,0.603626588075698,0.943141955314152,"CINROMIDE","BRD-K66241279-001-01-8","Higher MPCDS = greater resistance",44,0.00269366807676544,0.00201485204345233,0.188449938368076,0.872565631029033
"CIPROFIBRATE (BRD:BRD-A49358627-001-14-6)",40,40,0.045718026041153,-0.196622889305816,0.223972465037119,0.810352637320229,"CIPROFIBRATE","BRD-A49358627-001-14-6","Higher MPCDS = greater sensitivity",40,-0.0139089292061283,0.00714175517499359,0.058885365609708,0.855343068908636
"CISPLATIN (BRD:BRD-K69172251-001-08-9)",40,40,0.0206665063855392,-0.297748592870544,0.0620433944398105,0.647409333284979,"CISPLATIN","BRD-K69172251-001-08-9","Higher MPCDS = greater sensitivity",40,-0.00262604933491979,0.00332557086951466,0.434629930918568,0.938640046288849
"CL-218872 (BRD:BRD-K00662280-001-09-4)",40,31,0.0248179514217627,-0.0801726111579282,0.622881763587014,0.944157620595052,"CL-218872","BRD-K00662280-001-09-4","Higher MPCDS = greater sensitivity",40,-0.00290237842749053,0.00405486793233601,0.478505031864388,0.95040999432375
"CLADRIBINE (BRD:BRD-K93034159-001-25-8)",32,32,0.0863442274596864,-0.0447214076246334,0.807975352903944,0.985785202498155,"CLADRIBINE","BRD-K93034159-001-25-8","Higher MPCDS = greater sensitivity",32,-0.00149299149787366,0.0151392026592496,0.922097914368761,0.991567094778153
"CLEBOPRIDE (BRD:BRD-K17294426-050-12-3)",31,13,0.0281920446556231,0.0997050624413815,0.593580709901776,0.943141955314152,"CLEBOPRIDE","BRD-K17294426-050-12-3","Higher MPCDS = greater resistance",31,-0.00201483996345289,0.00534875349795129,0.709143753104545,0.984015009810317
"CLENBUTEROL (BRD:BRD-A75726477-003-21-3)",43,39,0.0279832394484644,-0.0273537935126699,0.861772923173971,0.985785202498155,"CLENBUTEROL","BRD-A75726477-003-21-3","Higher MPCDS = greater sensitivity",43,0.00136684777920982,0.00447508492840661,0.761580194068233,0.986518863295841
"CLINDAMYCIN-PHOSPHATE (BRD:BRD-K27771035-001-02-5)",42,31,0.0269521552451748,0.164300518385299,0.298459817620301,0.841997266116938,"CLINDAMYCIN-PHOSPHATE","BRD-K27771035-001-02-5","Higher MPCDS = greater resistance",42,0.00729964450144558,0.00467783355285638,0.126525468633917,0.855343068908636
"CLOBETASOL-PROPIONATE (BRD:BRD-K10799896-001-26-2)",38,18,0.113796453726695,-0.132357315926734,0.428276616194197,0.906842521355457,"CLOBETASOL-PROPIONATE","BRD-K10799896-001-26-2","Higher MPCDS = greater sensitivity",38,-0.0212137324595829,0.019876748826769,0.292957888149756,0.926120965655263
"CLOBUTINOL (BRD:BRD-A43809092-003-02-1)",21,3,0.0216502904836586,NA,NA,NA,"CLOBUTINOL","BRD-A43809092-003-02-1","Not tested",21,NA,NA,NA,NA
"CLOCORTOLONE-PIVALATE (BRD:BRD-K38003476-001-09-1)",33,24,0.100518308029959,-0.163364264898595,0.363669817730341,0.87736999914943,"CLOCORTOLONE-PIVALATE","BRD-K38003476-001-09-1","Higher MPCDS = greater sensitivity",33,-0.0115627185429304,0.0186392332670836,0.539565998732639,0.960295085661133
"CLOFARABINE (BRD:BRD-K34022604-001-06-6)",43,43,0.0649458333185618,-0.173663545756569,0.265399413814349,0.824429774620239,"CLOFARABINE","BRD-K34022604-001-06-6","Higher MPCDS = greater sensitivity",43,-0.0101352151472371,0.0102767762946944,0.329807219075443,0.927471102831342
"CLOFAZIMINE (BRD:BRD-K56614220-001-19-0)",45,44,0.0308494484153953,0.139859679248441,0.35949869589148,0.875935908771118,"CLOFAZIMINE","BRD-K56614220-001-19-0","Higher MPCDS = greater resistance",45,0.00671963039000661,0.00478273967122112,0.167212097342856,0.857609358571336
"CLOFIBRATE (BRD:BRD-K45252063-001-13-6)",35,23,0.0233174433858647,-0.0307664911535033,0.860727630882242,0.985785202498155,"CLOFIBRATE","BRD-K45252063-001-13-6","Higher MPCDS = greater sensitivity",35,-0.00111861070779829,0.00401004983301329,0.782022543419913,0.986518863295841
"CLOFOCTOL (BRD:BRD-K02900412-001-11-3)",36,8,0.0125925354599893,0.108771566432307,0.527730037460693,0.931366670797781,"CLOFOCTOL","BRD-K02900412-001-11-3","Higher MPCDS = greater resistance",36,0.000888876080295736,0.00216546236200496,0.684030236185301,0.977637643723222
"CLOMIFENE (BRD:BRD-K29950728-048-17-4)",43,42,0.0521729189845535,-0.133876996357731,0.392062157496358,0.890952210365322,"CLOMIFENE","BRD-K29950728-048-17-4","Higher MPCDS = greater sensitivity",43,-0.00877867707238039,0.00823970891757208,0.292924139923256,0.926120965655263
"CLONAZEPAM (BRD:BRD-K38183498-001-02-0)",45,45,0.0677661067616581,-0.114756258234519,0.452874857724336,0.922634801445087,"CLONAZEPAM","BRD-K38183498-001-02-0","Higher MPCDS = greater sensitivity",45,-0.00708072141267073,0.0106901526707611,0.51127567552398,0.960295085661133
"CLOPAMIDE (BRD:BRD-A85651701-001-19-7)",41,39,0.0529183897332129,-0.201603069796882,0.206232185405871,0.802684493900804,"CLOPAMIDE","BRD-A85651701-001-19-7","Higher MPCDS = greater sensitivity",41,-0.0069964223917883,0.00842721691009003,0.411469346001916,0.938640046288849
"CLOTRIMAZOLE (BRD:BRD-K15916496-001-27-9)",43,40,0.0192113375227407,0.0742503263166161,0.636071370708266,0.951396615235329,"CLOTRIMAZOLE","BRD-K15916496-001-27-9","Higher MPCDS = greater resistance",43,0.000762132781078575,0.00307347017734247,0.805394271305694,0.990107755278081
"CMPD-1 (BRD:BRD-K54095730-001-03-1)",43,43,0.0380067947281469,-0.039565086076714,0.801119066796961,0.985785202498155,"CMPD-1","BRD-K54095730-001-03-1","Higher MPCDS = greater sensitivity",43,0.000553766571456941,0.006040203007771,0.927398674076865,0.991567094778153
"CNX-2006 (BRD:BRD-K24869513-001-02-1)",41,41,0.0964133651230107,-0.0277003484320558,0.863503219127442,0.985785202498155,"CNX-2006","BRD-K24869513-001-02-1","Higher MPCDS = greater sensitivity",41,-0.00969567874080172,0.0156731111145638,0.539764206590188,0.960295085661133
"CNX-774 (BRD:BRD-K48443249-001-01-0)",42,42,0.0488298177095614,-0.365691597115307,0.0172388310213204,0.451343939467298,"CNX-774","BRD-K48443249-001-01-0","Higher MPCDS = greater sensitivity",42,-0.0145083103265063,0.00747608758592112,0.0593741379113991,0.855343068908636
"COBICISTAT (BRD:BRD-K51040301-001-02-1)",44,44,0.0392470879216108,-0.129809725158562,0.401001697106384,0.894325793234898,"COBICISTAT","BRD-K51040301-001-02-1","Higher MPCDS = greater sensitivity",44,-0.0026724687344706,0.006223846224774,0.669832900310707,0.975756906432833
"COBIMETINIB (BRD:BRD-K03390685-001-01-7)",50,50,0.107475709884124,-0.317743097238896,0.0245393198189663,0.497764718062008,"COBIMETINIB","BRD-K03390685-001-01-7","Higher MPCDS = greater sensitivity",50,-0.0275755381502124,0.0149934832446902,0.0720803317529637,0.855343068908636
"COLCHICINE (BRD:BRD-K00259736-001-16-4)",40,40,0.0794180007152482,0.136210131332083,0.40199280307876,0.894325793234898,"COLCHICINE","BRD-K00259736-001-16-4","Higher MPCDS = greater resistance",40,0.013547344566601,0.0136194679133322,0.326172191740618,0.927471102831342
"COLFORSIN-DAPROATE (BRD:BRD-K19388745-003-01-7)",40,22,0.0280547479291531,-0.0774279081417867,0.634870509187033,0.951396615235329,"COLFORSIN-DAPROATE","BRD-K19388745-003-01-7","Higher MPCDS = greater sensitivity",40,0.00443952616375735,0.00456130585179132,0.336558693152697,0.927471102831342
"COLFOSCERIL-PALMITATE (BRD:BRD-A95886749-001-03-5)",42,27,0.0445348241694914,0.132125362765059,0.404227496192407,0.895519376180102,"COLFOSCERIL-PALMITATE","BRD-A95886749-001-03-5","Higher MPCDS = greater resistance",42,0.00679688473756107,0.00708389485686244,0.343079000541891,0.928234297362907
"COLISTIN-B-SULFATE (BRD:BRD-A36456202-001-01-3)",35,2,0.005046246069403,0.22075157351368,0.202541526099201,0.802684493900804,"COLISTIN-B-SULFATE","BRD-A36456202-001-01-3","Higher MPCDS = greater resistance",35,0.000898423591826817,0.000853137555330359,0.299953600153872,0.926120965655263
"COMBRETASTATIN-A-4 (BRD:BRD-K61195623-001-01-4)",45,45,0.178854565303051,-0.0996047430830039,0.515053947215073,0.931366670797781,"COMBRETASTATIN-A-4","BRD-K61195623-001-01-4","Higher MPCDS = greater sensitivity",45,0.00270996958562651,0.0283549940626299,0.924303794165647,0.991567094778153
"COPANLISIB (BRD:BRD-K24666289-001-04-9)",50,50,0.105983986053673,-0.00379351740696279,0.979141020320992,0.998144120500538,"COPANLISIB","BRD-K24666289-001-04-9","Higher MPCDS = greater sensitivity",50,0.00853156108647789,0.0152478261874526,0.578404237681474,0.960295085661133
"COSTUNOLIDE (BRD:BRD-K26833429-001-02-8)",42,39,0.0344457179153347,0.0266699113995196,0.866855181738157,0.985785202498155,"COSTUNOLIDE","BRD-K26833429-001-02-8","Higher MPCDS = greater resistance",42,-0.00280181905036424,0.00549867721102036,0.613170687892484,0.962021628449171
"CP-673451 (BRD:BRD-K43621685-001-02-5)",44,43,0.0483286380043269,-0.245674618708498,0.107955455341157,0.703051703187163,"CP-673451","BRD-K43621685-001-02-5","Higher MPCDS = greater sensitivity",44,-0.00947009132377998,0.00752460501728476,0.215144084837527,0.878423459094401
"CP-724714 (BRD:BRD-K76908866-001-07-6)",48,45,0.0438222771175648,-0.117161630898062,0.427742988923995,0.906842521355457,"CP-724714","BRD-K76908866-001-07-6","Higher MPCDS = greater sensitivity",48,-0.00574169446331468,0.00632682493583518,0.368863877094599,0.928385419996185
"CP-945,598 (BRD:BRD-K09090949-001-01-9)",42,42,0.029082658282861,-0.153715258082813,0.331091560529272,0.859563041044693,"CP-945,598","BRD-K09090949-001-01-9","Higher MPCDS = greater sensitivity",42,-0.00158290975730612,0.00469497188401569,0.737766580762007,0.986518863295841
"CPI-1189 (BRD:BRD-K11073688-001-01-6)",45,45,0.038564460281862,-0.104084321475626,0.496236942454227,0.931366670797781,"CPI-1189","BRD-K11073688-001-01-6","Higher MPCDS = greater sensitivity",45,-0.00495612520073082,0.00606763637887304,0.418537743478053,0.938640046288849
"CPP (BRD:BRD-K66094457-001-01-5)",43,43,0.0663358177008221,-0.0915131380247659,0.559465448959931,0.931366670797781,"CPP","BRD-K66094457-001-01-5","Higher MPCDS = greater sensitivity",43,-0.00602466910352541,0.0105966568999038,0.57276658593206,0.960295085661133
"CR8-(R) (BRD:BRD-K40331046-305-01-5)",43,43,0.054573459450797,-0.0890969495620658,0.569923873947434,0.934808888381348,"CR8-(R)","BRD-K40331046-305-01-5","Higher MPCDS = greater sensitivity",43,0.0085743454391898,0.00856994953696457,0.322930926400652,0.927471102831342
"IBRUTINIB (BRD:BRD-K70301465-001-05-9)",50,50,0.0975325945529632,-0.0846578631452581,0.558862724698675,0.931366670797781,"IBRUTINIB","BRD-K70301465-001-05-9","Higher MPCDS = greater sensitivity",50,-0.00348131034420904,0.014068646788841,0.80561411100128,0.990107755278081
"CREATINE (BRD:BRD-K19615002-001-02-3)",38,4,0.0106645310871745,0.103176989945514,0.53761216615409,0.931366670797781,"CREATINE","BRD-K19615002-001-02-3","Higher MPCDS = greater resistance",38,-0.00155853156671871,0.00179844040888614,0.391899676027746,0.928385419996185
"CRENOLANIB (BRD:BRD-K22127577-001-03-7)",44,44,0.0715089049645943,-0.100211416490486,0.51748745078374,0.931366670797781,"CRENOLANIB","BRD-K22127577-001-03-7","Higher MPCDS = greater sensitivity",44,-0.00467600947125682,0.0114223723661242,0.684346350606255,0.977637643723222
"CRIZOTINIB (BRD:BRD-K78431006-001-15-1)",50,50,0.066139519936486,-0.0172388955582233,0.905415568273592,0.993691679377351,"CRIZOTINIB","BRD-K78431006-001-15-1","Higher MPCDS = greater sensitivity",50,0.000391078710619737,0.00954625052362503,0.967492345970167,0.992721838877132
"CRIZOTINIB-(S) (BRD:BRD-K40308497-001-01-2)",43,43,0.0487269728298829,-0.306553911205074,0.0455650231594726,0.588939538351176,"CRIZOTINIB-(S)","BRD-K40308497-001-01-2","Higher MPCDS = greater sensitivity",43,-0.0140970841092078,0.00748418732837405,0.0667274556493955,0.855343068908636
"CRYSTAL-VIOLET (BRD:BRD-K60025295-003-06-6)",44,44,0.114524860275733,-0.190979563072586,0.214305403695331,0.805277260014622,"CRYSTAL-VIOLET","BRD-K60025295-003-06-6","Higher MPCDS = greater sensitivity",44,-0.0182766259782194,0.0179974984184145,0.315677694916279,0.927471102831342
"CS-110266 (BRD:BRD-K15519488-050-01-3)",39,26,0.0360821564628354,-0.0991728481743411,0.548061332862324,0.931366670797781,"CS-110266","BRD-K15519488-050-01-3","Higher MPCDS = greater sensitivity",39,-0.00466327499444517,0.00664974918842715,0.487521516254916,0.951824355158289
"CUDC 101 (BRD:BRD-K41278234-001-03-0)",26,26,0.156700408517761,NA,NA,NA,"CUDC 101","BRD-K41278234-001-03-0","Not tested",26,NA,NA,NA,NA
"CUDC-907 (BRD:BRD-K77638923-001-02-0)",44,44,0.0570156982609206,-0.0469344608879493,0.762246442518516,0.974514795521471,"CUDC-907","BRD-K77638923-001-02-0","Higher MPCDS = greater sensitivity",44,-0.00183994566675188,0.00903853604810092,0.839675167004367,0.990502452946434
"CURCUMIN (BRD:BRD-K07572174-001-39-4)",43,43,0.0333340177592807,0.0709755360918152,0.651071352750785,0.951396615235329,"CURCUMIN","BRD-K07572174-001-39-4","Higher MPCDS = greater resistance",43,0.00362599317859048,0.00531573436896646,0.498995889223614,0.955335614492305
"PIDNARULEX (BRD:BRD-K12787259-001-04-3)",44,44,0.0553349920058585,-0.0387596899224806,0.802745932220703,0.985785202498155,"PIDNARULEX","BRD-K12787259-001-04-3","Higher MPCDS = greater sensitivity",44,-0.00157834316246403,0.00877304513216108,0.858089819554628,0.990502452946434
"CX-4945 (BRD:BRD-K81458380-001-04-9)",41,31,0.0577570328975923,-0.316285690430422,0.0439429668907098,0.588939538351176,"CX-4945","BRD-K81458380-001-04-9","Higher MPCDS = greater sensitivity",41,-0.0171644235364398,0.00888002449882528,0.0605298861749258,0.855343068908636
"CYC116 (BRD:BRD-K64866502-001-03-9)",42,42,0.0512302275559502,-0.238635442832834,0.12802268098931,0.755543691084455,"CYC116","BRD-K64866502-001-03-9","Higher MPCDS = greater sensitivity",42,-0.00822783485596814,0.00810074264022027,0.31588200510414,0.927471102831342
"CYCLOCYTIDINE (BRD:BRD-K67536197-003-11-4)",43,43,0.0871659984012684,-0.255058894593778,0.0988045494144066,0.698790433469257,"CYCLOCYTIDINE","BRD-K67536197-003-11-4","Higher MPCDS = greater sensitivity",43,-0.0129347379846861,0.0138084754521493,0.354385464052568,0.928385419996185
"CYCLOHEXIMIDE (BRD:BRD-K36055864-001-19-2)",43,43,0.0646787931576049,-0.372697070371489,0.013842680649605,0.433282409460274,"CYCLOHEXIMIDE","BRD-K36055864-001-19-2","Higher MPCDS = greater sensitivity",43,-0.0186752158493762,0.00993571122291812,0.0672814294281906,0.855343068908636
"CYCLOPHOSPHAMIDE (BRD:BRD-A09722536-002-18-0)",33,32,0.0400278326189556,0.0631737279718808,0.72689294713598,0.964291156323181,"CYCLOPHOSPHAMIDE","BRD-A09722536-002-18-0","Higher MPCDS = greater resistance",33,0.00834549040553337,0.00731637801543048,0.262747922084442,0.926120965655263
"CICLOSPORIN (BRD:BRD-A69815203-001-07-6)",44,36,0.0520759177046591,-0.488044031952903,0.000777518734133711,0.279906744288136,"CICLOSPORIN","BRD-A69815203-001-07-6","Higher MPCDS = greater sensitivity",44,-0.0186153492900011,0.00779271613733037,0.0214726309545853,0.855343068908636
"CYCLOVALONE (BRD:BRD-K59866480-001-07-3)",44,44,0.0516603435639699,-0.120507399577167,0.435868148546402,0.912282171376191,"CYCLOVALONE","BRD-K59866480-001-07-3","Higher MPCDS = greater sensitivity",44,-0.00236963358330123,0.00818544355270897,0.773627989607186,0.986518863295841
"CYCLOVIROBUXIN-D (BRD:BRD-K27799744-001-02-8)",39,31,0.0591874034745265,0.100816545802823,0.541415465309076,0.931366670797781,"CYCLOVIROBUXIN-D","BRD-K27799744-001-02-8","Higher MPCDS = greater resistance",39,0.00503914462708028,0.00975016278472995,0.608352856358431,0.961611540237256
"CYPROHEPTADINE (BRD:BRD-K28143534-001-02-2)",42,34,0.034532710218366,0.0188097676837406,0.905883224117195,0.993691679377351,"CYPROHEPTADINE","BRD-K28143534-001-02-2","Higher MPCDS = greater resistance",42,0.00112779001090248,0.00575616136391543,0.845658927869331,0.990502452946434
"CYPROTERONE-ACETATE (BRD:BRD-K41141507-001-16-2)",37,37,0.0591934750313878,0.0173067804646752,0.919020769939938,0.993691679377351,"CYPROTERONE-ACETATE","BRD-K41141507-001-16-2","Higher MPCDS = greater resistance",37,0.00287287028215459,0.00994552298583415,0.774392049799286,0.986518863295841
"CYROMAZINE (BRD:BRD-K36711084-001-02-0)",38,7,0.0122105482693803,-0.0751512642796422,0.653847797718552,0.951396615235329,"CYROMAZINE","BRD-K36711084-001-02-0","Higher MPCDS = greater sensitivity",38,0.00111795720770118,0.00202681948397344,0.584642569052383,0.960295085661133
"CYT-997 (BRD:BRD-K23363278-001-02-1)",42,42,0.103058890625052,-0.0840288469329876,0.596755442595069,0.943141955314152,"CYT-997","BRD-K23363278-001-02-1","Higher MPCDS = greater sensitivity",42,-0.00227975336759627,0.0166570809946007,0.891824926233691,0.991567094778153
"CYTARABINE (BRD:BRD-K71847383-001-12-5)",41,13,0.01104318422592,0.0840792491335692,0.601219499165452,0.943141955314152,"CYTARABINE","BRD-K71847383-001-12-5","Higher MPCDS = greater resistance",41,0.000269697065236949,0.0017782569544034,0.880234014052663,0.991567094778153
"CYTOCHALASIN-B (BRD:BRD-K47000838-001-01-6)",45,45,0.0599260497465259,-0.431488801054018,0.00308214684637484,0.417374992375077,"CYTOCHALASIN-B","BRD-K47000838-001-01-6","Higher MPCDS = greater sensitivity",45,-0.0240834505513438,0.00876296045113837,0.00872023412139126,0.738655125576671
"CYTOCHLOR (BRD:BRD-K48988407-001-01-2)",42,42,0.0408455104994824,-0.209626448423953,0.182730304227939,0.778462525709525,"CYTOCHLOR","BRD-K48988407-001-01-2","Higher MPCDS = greater sensitivity",42,-0.00652224755712516,0.00652225088193155,0.323322055392298,0.927471102831342
"D-4476 (BRD:BRD-K09132007-001-07-5)",37,17,0.0198797898304415,-0.397260803399432,0.0149066763451192,0.433282409460274,"D-4476","BRD-K09132007-001-07-5","Higher MPCDS = greater sensitivity",37,-0.0100336009841687,0.00289373997082406,0.00141067330406237,0.556888073118234
"D-64131 (BRD:BRD-K26997899-001-02-2)",45,45,0.124038111078183,0.00658761528326746,0.965743025574993,0.998144120500538,"D-64131","BRD-K26997899-001-02-2","Higher MPCDS = greater resistance",45,0.00777938894644012,0.019630854094269,0.69385542395957,0.981236357395638
"D-7193 (BRD:BRD-K32372024-001-01-0)",41,41,0.0561025416757899,-0.193554006968641,0.225309800376376,0.811115281354952,"D-7193","BRD-K32372024-001-01-0","Higher MPCDS = greater sensitivity",41,-0.0103951398988872,0.00877484742915922,0.24332437794307,0.923042513060167
"D-SERINE (BRD:BRD-K71822263-001-03-2)",32,11,0.0249278977034127,0.0613305369426642,0.738795547186181,0.968376310874038,"D-SERINE","BRD-K71822263-001-03-2","Higher MPCDS = greater resistance",32,0.00662500408469075,0.00490093221716288,0.186549068673417,0.872565631029033
"DABRAFENIB (BRD:BRD-K09951645-001-11-8)",50,41,0.0882411448171644,-0.167194283760056,0.245832761665751,0.819442538885837,"DABRAFENIB","BRD-K09951645-001-11-8","Higher MPCDS = greater sensitivity",50,-0.0117123274935355,0.0126238209212847,0.358155599805989,0.928385419996185
"DACARBAZINE (BRD:BRD-K35520305-001-16-9)",49,47,0.0425724011121611,0.0708235537926131,0.62868781853367,0.947806296194272,"DACARBAZINE","BRD-K35520305-001-16-9","Higher MPCDS = greater resistance",49,6.37414593069557e-06,0.00619771795466937,0.999183755488593,0.999604118672881
"DACINOSTAT (BRD:BRD-K56957086-001-06-3)",43,43,0.0749706051360069,-0.302476593174268,0.0486693090720764,0.588939538351176,"DACINOSTAT","BRD-K56957086-001-06-3","Higher MPCDS = greater sensitivity",43,-0.0190917316123164,0.0116267193186784,0.108227675702103,0.855343068908636
"DACLATASVIR (BRD:BRD-K82861010-001-02-5)",40,40,0.0475590049152369,0.14484052532833,0.372543547381191,0.882453994620506,"DACLATASVIR","BRD-K82861010-001-02-5","Higher MPCDS = greater resistance",40,0.00649719079025038,0.00771968191051188,0.405255279091094,0.934651126569329
"DACOMITINIB (BRD:BRD-K57169635-001-04-5)",50,50,0.164643655613478,-0.140840336134454,0.329274318110548,0.858976482027518,"DACOMITINIB","BRD-K57169635-001-04-5","Higher MPCDS = greater sensitivity",50,-0.0218058812048925,0.0235549167189886,0.359208939237561,0.928385419996185
"DALCETRAPIB (BRD:BRD-K18849474-001-04-4)",37,21,0.0139975186731698,0.13021311473134,0.442398526299802,0.916749263539391,"DALCETRAPIB","BRD-K18849474-001-04-4","Higher MPCDS = greater resistance",37,0.000561322831756677,0.00237188459758475,0.814302616289652,0.990273286572071
"DANAZOL (BRD:BRD-A92537424-001-04-7)",42,36,0.0570184749912749,0.23739198876678,0.130081729842937,0.758371218517528,"DANAZOL","BRD-A92537424-001-04-7","Higher MPCDS = greater resistance",42,0.0136154358293449,0.00889675549401095,0.133793133109965,0.855343068908636
"DANUSERTIB (BRD:BRD-K07881437-001-04-6)",44,44,0.126731676220194,-0.15968992248062,0.300467253489577,0.841997266116938,"DANUSERTIB","BRD-K07881437-001-04-6","Higher MPCDS = greater sensitivity",44,-0.0139575687370509,0.0199846050350163,0.488766322687006,0.951824355158289
"DAPIVIRINE (BRD:BRD-K12885236-001-02-7)",44,44,0.0252458280962659,0.0809020436927414,0.601634512089163,0.943141955314152,"DAPIVIRINE","BRD-K12885236-001-02-7","Higher MPCDS = greater resistance",44,0.00294563787211134,0.00397824220426451,0.463154273139299,0.944677270992338
"DARAPLADIB (BRD:BRD-K19085898-001-01-8)",43,42,0.0405675371563403,0.0195567637093358,0.90093907437647,0.993691679377351,"DARAPLADIB","BRD-K19085898-001-01-8","Higher MPCDS = greater resistance",43,0.00109201196589303,0.00649270539242547,0.867260289166723,0.991567094778153
"DARIFENACIN (BRD:BRD-K95773607-004-03-8)",42,42,0.0511169935590253,0.0354104205493882,0.823823551680837,0.985785202498155,"DARIFENACIN","BRD-K95773607-004-03-8","Higher MPCDS = greater resistance",42,0.00234518519274313,0.00817800248517644,0.775770586664501,0.986518863295841
"DASATINIB (BRD:BRD-K49328571-001-15-0)",49,47,0.154211481951712,-0.0840902137249469,0.565660066674385,0.934808888381348,"DASATINIB","BRD-K49328571-001-15-0","Higher MPCDS = greater sensitivity",49,-0.023454514283719,0.0220037376534104,0.29189909672241,0.926120965655263
"DAUNORUBICIN (BRD:BRD-K43389675-001-02-1)",50,50,0.103103179492469,-0.0574789915966387,0.691746567856047,0.95899383859975,"DAUNORUBICIN","BRD-K43389675-001-02-1","Higher MPCDS = greater sensitivity",50,0.00698171506272848,0.0148475034912152,0.640321586644579,0.968599114343309
"DCEBIO (BRD:BRD-K89299012-001-06-0)",41,41,0.0643973595062558,0.157491289198606,0.325408200646167,0.856650473364682,"DCEBIO","BRD-K89299012-001-06-0","Higher MPCDS = greater resistance",41,0.0155327949665921,0.0102215113297798,0.136673327461399,0.855343068908636
"DECITABINE (BRD:BRD-K79254416-001-21-8)",50,50,0.106316258640531,0.0046578631452581,0.974389775587631,0.998144120500538,"DECITABINE","BRD-K79254416-001-21-8","Higher MPCDS = greater resistance",50,0.00565804957712101,0.0153236835529619,0.713575998114156,0.986518863295841
"DEFACTINIB (BRD:BRD-K43578482-001-01-4)",38,38,0.0423526747824312,-0.235364919575446,0.15488312606159,0.771344232182843,"DEFACTINIB","BRD-K43578482-001-01-4","Higher MPCDS = greater sensitivity",38,-0.0105162191498687,0.00672966147384039,0.126880022817447,0.855343068908636
"DEFERASIROX (BRD:BRD-K97010173-001-04-1)",42,39,0.0447257274025441,-0.0408560344843704,0.797260634667142,0.985785202498155,"DEFERASIROX","BRD-K97010173-001-04-1","Higher MPCDS = greater sensitivity",42,-0.00148043336156748,0.00719053454556528,0.837923952048155,0.990502452946434
"DEFLAZACORT (BRD:BRD-K96006502-001-02-6)",43,40,0.0806480880529436,-0.190271182087036,0.221659301826434,0.806540649185087,"DEFLAZACORT","BRD-K96006502-001-02-6","Higher MPCDS = greater sensitivity",43,-0.0180164827160885,0.0126016195908977,0.160380616566275,0.855343068908636
"DEFOROLIMUS (BRD:BRD-K62304154-001-04-2)",42,42,0.111464456104207,-0.0653917834859412,0.680750838779617,0.95899383859975,"DEFOROLIMUS","BRD-K62304154-001-04-2","Higher MPCDS = greater sensitivity",42,-0.000842215265131302,0.0180193715898526,0.962953479868938,0.992580507822158
"DEHYDROCHOLATE-ACID (BRD:BRD-A11551002-001-04-6)",34,6,0.0277946349591098,-0.0433930350048517,0.807483924109817,0.985785202498155,"DEHYDROCHOLATE-ACID","BRD-A11551002-001-04-6","Higher MPCDS = greater sensitivity",34,-0.00106380844834573,0.00523321818138226,0.840203336832985,0.990502452946434
"DELANZOMIB (BRD:BRD-K59325863-001-02-8)",43,43,0.0741195638547587,-0.0602536997885835,0.701114641620785,0.96366499509342,"DELANZOMIB","BRD-K59325863-001-02-8","Higher MPCDS = greater sensitivity",43,0.00155235802408412,0.0118642154761064,0.896538855815212,0.991567094778153
"DEMECARIUM (BRD:BRD-K51471001-303-04-7)",41,25,0.00921486190978909,0.135388195897789,0.398672783757167,0.892828629253998,"DEMECARIUM","BRD-K51471001-303-04-7","Higher MPCDS = greater resistance",41,0.00197105411478582,0.0015163751163423,0.201284293336473,0.875677892460788
"DEOXYCORTICOSTERONE-ACETATE (BRD:BRD-K24556098-001-16-7)",43,43,0.0660048030764822,-0.296738145575355,0.0533256412292188,0.594128974011037,"DEOXYCORTICOSTERONE-ACETATE","BRD-K24556098-001-16-7","Higher MPCDS = greater sensitivity",43,-0.0158938478697358,0.0102718442686525,0.129470711718944,0.855343068908636
"DEQUALINIUM (BRD:BRD-K77685957-300-09-1)",42,42,0.0515964731267572,-0.0934284093671501,0.556195258316744,0.931366670797781,"DEQUALINIUM","BRD-K77685957-300-09-1","Higher MPCDS = greater sensitivity",42,-0.00350677741541779,0.00824456973311683,0.672865700060975,0.975756906432833
"DESONIDE (BRD:BRD-K21528677-001-02-8)",42,37,0.094298449097207,-0.32036385610145,0.0386019356373719,0.561406104186771,"DESONIDE","BRD-K21528677-001-02-8","Higher MPCDS = greater sensitivity",42,-0.0261267782650803,0.0150064096588386,0.0893640474045012,0.855343068908636
"DESOXYCORTONE (BRD:BRD-K98521173-001-19-4)",42,37,0.0213884261515651,-0.0687305435962331,0.665381966470057,0.956861410958919,"DESOXYCORTONE","BRD-K98521173-001-19-4","Higher MPCDS = greater sensitivity",42,-0.000408361887263178,0.003525030653967,0.908353974259413,0.991567094778153
"DEXAMETHASONE-ACETATE (BRD:BRD-K47635719-001-21-1)",31,11,0.0288068300839616,-0.133539208629765,0.473881387171272,0.931366670797781,"DEXAMETHASONE-ACETATE","BRD-K47635719-001-21-1","Higher MPCDS = greater sensitivity",31,-0.00275781831722371,0.00540429597124823,0.613702970472364,0.962021628449171
"DEXRAZOXANE (BRD:BRD-K07265709-003-05-6)",40,40,0.0479436546786686,-0.0236397748592871,0.88487654115091,0.989069045957568,"DEXRAZOXANE","BRD-K07265709-003-05-6","Higher MPCDS = greater sensitivity",40,0.00603013393054364,0.00827060589302867,0.470408103444563,0.944741743020308
"DIANHYDROGALACTITOL (BRD:BRD-K68502831-001-01-2)",41,41,0.0614848180464349,-0.268118466898955,0.090095627806295,0.685422643900707,"DIANHYDROGALACTITOL","BRD-K68502831-001-01-2","Higher MPCDS = greater sensitivity",41,-0.0199249574302369,0.00925357872214902,0.037544421991241,0.855343068908636
"DIAVERIDINE (BRD:BRD-K97464279-001-03-5)",41,24,0.0435013610228514,-0.165228008109786,0.301896777786234,0.841997266116938,"DIAVERIDINE","BRD-K97464279-001-03-5","Higher MPCDS = greater sensitivity",41,0.00317924494482716,0.00719911099391267,0.661205854562085,0.975756906432833
"DIAZOOXONORLEUCINE (BRD:BRD-K38458514-001-01-8)",44,33,0.0196531780784724,-0.145091878116252,0.347366718622848,0.868416796557121,"DIAZOOXONORLEUCINE","BRD-K38458514-001-01-8","Higher MPCDS = greater sensitivity",44,0.000778079804265045,0.00312114760991504,0.804349428980888,0.990107755278081
"YO-01027 (BRD:BRD-K04622161-001-02-3)",35,17,0.0321513958437267,-0.246591895700589,0.153281303366242,0.771344232182843,"YO-01027","BRD-K04622161-001-02-3","Higher MPCDS = greater sensitivity",35,-0.00170291259845141,0.00567526782243241,0.766014577361064,0.986518863295841
"DICHLORISONE-ACETATE (BRD:BRD-K54187111-001-09-2)",32,11,0.0311027736863454,-0.0887620134661103,0.629030303661216,0.947806296194272,"DICHLORISONE-ACETATE","BRD-K54187111-001-09-2","Higher MPCDS = greater sensitivity",32,-0.00354465558518861,0.00538412456593337,0.515332238634854,0.960295085661133
"DICHLOROACETATE (BRD:BRD-M97302542-001-04-4)",49,41,0.0303777514702522,-0.0593656841711551,0.685338075098344,0.95899383859975,"DICHLOROACETATE","BRD-M97302542-001-04-4","Higher MPCDS = greater sensitivity",49,-0.00189636691701767,0.00438877071432962,0.667648187390622,0.975756906432833
"DICHLORVOS (BRD:BRD-K23779958-001-05-8)",41,41,0.0639174798053974,0.14390243902439,0.369391263493762,0.882062443319212,"DICHLORVOS","BRD-K23779958-001-05-8","Higher MPCDS = greater resistance",41,0.00998089702882526,0.0100491456634156,0.326730957017551,0.927471102831342
"DICLAZURIL (BRD:BRD-A06426627-001-03-5)",38,38,0.0623971304611651,-0.158113579166211,0.343078312186853,0.868219080471793,"DICLAZURIL","BRD-A06426627-001-03-5","Higher MPCDS = greater sensitivity",38,-0.0103639558794891,0.0101697627494187,0.314957947386488,0.927471102831342
"DICYCLOVERINE (BRD:BRD-K68507560-003-24-6)",39,36,0.0289979964427963,-0.103189886645075,0.531888087803296,0.931366670797781,"DICYCLOVERINE","BRD-K68507560-003-24-6","Higher MPCDS = greater sensitivity",39,-0.00230524870176517,0.00468649925111735,0.625701926045909,0.964177023995357
"DIENOGEST (BRD:BRD-K50853363-001-02-3)",43,43,0.0493943554112577,-0.0297493204469949,0.849800700628101,0.985785202498155,"DIENOGEST","BRD-K50853363-001-02-3","Higher MPCDS = greater sensitivity",43,-0.00234615253552861,0.00789964337758454,0.767970021965705,0.986518863295841
"DIFLUPREDNATE (BRD:BRD-K33720171-001-01-0)",44,44,0.0869363409360936,-0.264834390415786,0.0823323576259131,0.666059522366937,"DIFLUPREDNATE","BRD-K33720171-001-01-0","Higher MPCDS = greater sensitivity",44,-0.0250346983801361,0.0132364006980468,0.0654871036177697,0.855343068908636
"DIGITOXIGENIN (BRD:BRD-K18518344-001-15-9)",43,43,0.0484163291607444,0.137722742373905,0.378478202260534,0.885988713026722,"DIGITOXIGENIN","BRD-K18518344-001-15-9","Higher MPCDS = greater resistance",43,0.00113876193795021,0.00769326424861693,0.883052058790396,0.991567094778153
"DIGITOXIN (BRD:BRD-A93236127-001-04-5)",33,33,0.0434778671264809,-0.231617647058824,0.194645302124623,0.802501065545157,"DIGITOXIN","BRD-A93236127-001-04-5","Higher MPCDS = greater sensitivity",33,-0.0103774628639419,0.00789501590341691,0.198343496958721,0.873439252662257
"DIGOXIGENIN (BRD:BRD-K18619710-001-14-4)",43,43,0.0489998139515502,0.133947447900936,0.391810777405326,0.890952210365322,"DIGOXIGENIN","BRD-K18619710-001-14-4","Higher MPCDS = greater resistance",43,0.0113384605568321,0.00758407782507358,0.142563139125758,0.855343068908636
"DIGOXIN (BRD:BRD-A94756469-001-04-7)",39,39,0.0581557886564917,-0.22753036437247,0.163605988153089,0.778462525709525,"DIGOXIN","BRD-A94756469-001-04-7","Higher MPCDS = greater sensitivity",39,-0.0107618821986191,0.00926203786923527,0.252702645090399,0.923042513060167
"DIHYDROARTEMISININ (BRD:BRD-K62213621-001-01-6)",39,28,0.0411973646208513,0.211895092532751,0.195322338346647,0.802501065545157,"DIHYDROARTEMISININ","BRD-K62213621-001-01-6","Higher MPCDS = greater resistance",39,0.00477672628085383,0.00706168775337887,0.502975569994125,0.955520871756649
"DIHYDROERGOCRISTINE (BRD:BRD-K97440753-066-18-1)",37,20,0.0205622204236372,-0.239393436866095,0.15356829570485,0.771344232182843,"DIHYDROERGOCRISTINE","BRD-K97440753-066-18-1","Higher MPCDS = greater sensitivity",37,-0.00198526687588741,0.00356436182819918,0.581087791421961,0.960295085661133
"DIHYDROMYRICETIN (BRD:BRD-K01614093-001-02-6)",42,42,0.0497901750553602,-0.106393323069443,0.502471241523937,0.931366670797781,"DIHYDROMYRICETIN","BRD-K01614093-001-02-6","Higher MPCDS = greater sensitivity",42,-0.00391300530559014,0.00794987535689507,0.625261894057965,0.964177023995357
"DIMETHISOQUIN (BRD:BRD-K73391359-003-10-2)",25,22,0.0265302877326345,NA,NA,NA,"DIMETHISOQUIN","BRD-K73391359-003-10-2","Not tested",25,NA,NA,NA,NA
"DINACICLIB (BRD:BRD-K13662825-001-07-5)",50,50,0.0703019176854038,0.0483553421368547,0.738778901178835,0.968376310874038,"DINACICLIB","BRD-K13662825-001-07-5","Higher MPCDS = greater resistance",50,0.000224943643074819,0.0101471558316057,0.982405725689283,0.997167058951485
"DIOSCIN (BRD:BRD-K37723606-001-01-5)",44,44,0.0607442871005195,-0.230162085976039,0.132830783448384,0.762057084325388,"DIOSCIN","BRD-K37723606-001-01-5","Higher MPCDS = greater sensitivity",44,-0.0142957884651238,0.00937843826390839,0.134922795018535,0.855343068908636
"DIPHEMANIL (BRD:BRD-K93441486-067-12-8)",41,25,0.0154497318295325,0.113516404571177,0.479771237263207,0.931366670797781,"DIPHEMANIL","BRD-K93441486-067-12-8","Higher MPCDS = greater resistance",41,0.00198367491161184,0.00252402217279985,0.436664598466388,0.938640046288849
"DIPHENYLENEIODONIUM (BRD:BRD-K65814004-003-02-9)",42,42,0.0777597859156154,-0.051940685519812,0.743912813453048,0.968566411729104,"DIPHENYLENEIODONIUM","BRD-K65814004-003-02-9","Higher MPCDS = greater sensitivity",42,0.00455183064133627,0.0123540180763846,0.71448105875219,0.986518863295841
"DIRITHROMYCIN (BRD:BRD-K52756523-001-24-7)",43,35,0.0194856816622275,0.0816149228513197,0.60286575133033,0.943141955314152,"DIRITHROMYCIN","BRD-K52756523-001-24-7","Higher MPCDS = greater resistance",43,0.00121901913417582,0.00311913525873635,0.697954082020929,0.981236357395638
"DISULFIRAM (BRD:BRD-K32744045-001-31-2)",44,44,0.0578877181872062,0.182100070472164,0.236783639046013,0.817539523837169,"DISULFIRAM","BRD-K32744045-001-31-2","Higher MPCDS = greater resistance",44,0.00633661156573204,0.00912908927746636,0.49143355099724,0.952246752974759
"DMH1 (BRD:BRD-K39381259-001-01-0)",43,36,0.0254456599121855,0.0946073565027938,0.546204641381939,0.931366670797781,"DMH1","BRD-K39381259-001-01-0","Higher MPCDS = greater resistance",43,0.0040659401990248,0.00425597712695889,0.345000872641215,0.928234297362907
"DOCETAXEL (BRD:BRD-K30577245-001-05-0)",50,50,0.10335592653602,0.115486194477791,0.424502849303167,0.906842521355457,"DOCETAXEL","BRD-K30577245-001-05-0","Higher MPCDS = greater resistance",50,0.0121811954763865,0.0148141725686399,0.414991391928279,0.938640046288849
"DOFETILIDE (BRD:BRD-K86887724-001-10-6)",43,42,0.0419325942712498,-0.22388341466479,0.148954538308632,0.771344232182843,"DOFETILIDE","BRD-K86887724-001-10-6","Higher MPCDS = greater sensitivity",43,-0.00669841564157187,0.00664290933098401,0.319197924053267,0.927471102831342
"DOLASTATIN-10 (BRD:BRD-K78567475-001-01-4)",45,45,0.106439356991286,0.12437417654809,0.415635218877808,0.900517117121468,"DOLASTATIN-10","BRD-K78567475-001-01-4","Higher MPCDS = greater resistance",45,0.0177220539843884,0.0166585228467281,0.293337695074554,0.926120965655263
"DOLUTEGRAVIR (BRD:BRD-K36386086-001-01-1)",37,37,0.0291633913834938,0.06733048838312,0.692143200207156,0.95899383859975,"DOLUTEGRAVIR","BRD-K36386086-001-01-1","Higher MPCDS = greater resistance",37,0.000669706083452636,0.00490448295135978,0.892169108136574,0.991567094778153
"DOMIPHEN (BRD:BRD-K30431096-004-01-3)",42,42,0.0494236043531987,-0.12746130783567,0.421163879917984,0.902550713812925,"DOMIPHEN","BRD-K30431096-004-01-3","Higher MPCDS = greater sensitivity",42,-0.00297704069707765,0.00785134765119923,0.706562820930979,0.983522035230681
"DOMPERIDONE (BRD:BRD-K38305202-001-17-4)",41,36,0.0499410007249666,-0.305256626203539,0.0522883323124769,0.592875578976117,"DOMPERIDONE","BRD-K38305202-001-17-4","Higher MPCDS = greater sensitivity",41,-0.0166290536761357,0.00877526448788932,0.0655240080128211,0.855343068908636
"DORZOLAMIDE (BRD:BRD-K71075609-003-01-0)",35,31,0.0343151593599406,0.0653577080405573,0.709134923827565,0.96366499509342,"DORZOLAMIDE","BRD-K71075609-003-01-0","Higher MPCDS = greater resistance",35,0.00458837030006739,0.00592556928694336,0.444245957554798,0.939024256784477
"DOVITINIB (BRD:BRD-K85402309-043-01-9)",50,50,0.075303672088254,-0.0227130852340936,0.875588710609918,0.986395090509017,"DOVITINIB","BRD-K85402309-043-01-9","Higher MPCDS = greater sensitivity",50,-0.00426388542547168,0.0108517109932161,0.696116102522649,0.981236357395638
"DOXERCALCIFEROL (BRD:BRD-K82928892-001-02-5)",40,36,0.0504530995027348,-0.242253627919364,0.132042070835705,0.762057084325388,"DOXERCALCIFEROL","BRD-K82928892-001-02-5","Higher MPCDS = greater sensitivity",40,-0.0152099528656541,0.00840967817122858,0.0784273930647678,0.855343068908636
"DOXIFLURIDINE (BRD:BRD-K58262659-001-09-7)",43,43,0.0468414815035361,-0.104198127453941,0.506080912610511,0.931366670797781,"DOXIFLURIDINE","BRD-K58262659-001-09-7","Higher MPCDS = greater sensitivity",43,-0.000572917226599423,0.00751148610550709,0.939573555869275,0.991567094778153
"DOXORUBICIN (BRD:BRD-K92093830-003-30-8)",45,45,0.061299178098633,-0.00210803689064559,0.989034850232125,0.998144120500538,"DOXORUBICIN","BRD-K92093830-003-30-8","Higher MPCDS = greater sensitivity",45,0.00691517598914879,0.00966181505241068,0.478031645717323,0.95040999432375
"DOXYCYCLINE (BRD:BRD-A08545410-003-07-8)",44,44,0.0419740604534381,-0.368287526427061,0.0139031205818983,0.433282409460274,"DOXYCYCLINE","BRD-A08545410-003-07-8","Higher MPCDS = greater sensitivity",44,-0.0115126661968743,0.00644543504486407,0.0812918098853328,0.855343068908636
"DPI-201106 (BRD:BRD-A64553394-001-04-4)",45,45,0.0483010723644875,0.0417654808959157,0.785309760949457,0.985785202498155,"DPI-201106","BRD-A64553394-001-04-4","Higher MPCDS = greater resistance",45,0.00212173961432549,0.00765146260690796,0.782879662121635,0.986518863295841
"DRONEDARONE (BRD:BRD-K05524748-003-04-4)",39,39,0.0289287643326229,-0.349392712550607,0.0292430543240482,0.514197438159133,"DRONEDARONE","BRD-K05524748-003-04-4","Higher MPCDS = greater sensitivity",39,-0.00665068551342845,0.00456136151169064,0.153263864405588,0.855343068908636
"DROSPIRENONE (BRD:BRD-K04394237-001-03-7)",42,42,0.060066800885333,-0.360667693055668,0.0189536458987905,0.477762936528353,"DROSPIRENONE","BRD-K04394237-001-03-7","Higher MPCDS = greater sensitivity",42,-0.0175736498908602,0.00920967831209425,0.0635646127673107,0.855343068908636
"DU-728 (BRD:BRD-K08859203-001-01-9)",40,38,0.0213543132863267,0.161005820061282,0.32095619381127,0.851154547123809,"DU-728","BRD-K08859203-001-01-9","Higher MPCDS = greater resistance",40,0.00120470335815508,0.00377265940345221,0.751229192469675,0.986518863295841
"DVD-111 (BRD:BRD-K22520627-001-01-7)",41,34,0.0134034535366413,0.0904884575724462,0.573675417633275,0.934808888381348,"DVD-111","BRD-K22520627-001-01-7","Higher MPCDS = greater resistance",41,0.000679629939674306,0.00217338251906388,0.756170029211295,0.986518863295841
"E7449 (BRD:BRD-K05444225-001-01-7)",43,43,0.0419144466714436,-0.117940199335548,0.451311189205764,0.921827109867092,"E7449","BRD-K05444225-001-01-7","Higher MPCDS = greater sensitivity",43,-0.00286186500110866,0.00669568709004042,0.67131056477624,0.975756906432833
"EBASTINE (BRD:BRD-K13314656-001-01-0)",43,43,0.031447379877037,0.19661733615222,0.206340671541522,0.802684493900804,"EBASTINE","BRD-K13314656-001-01-0","Higher MPCDS = greater resistance",43,0.0060732763306256,0.00495325619177811,0.22715010199139,0.896153827034523
"ECAMSULE-TRIETHANOLAMINE (BRD:BRD-A47953250-001-01-7)",40,37,0.0522850992288236,-0.0999530846795665,0.539444700186814,0.931366670797781,"ECAMSULE-TRIETHANOLAMINE","BRD-A47953250-001-01-7","Higher MPCDS = greater sensitivity",40,-0.00483111763854673,0.00904852792831698,0.596512162006835,0.960295085661133
"ECHINOMYCIN (BRD:BRD-A68969091-001-12-7)",43,43,0.0844755036387125,-0.0755058894593778,0.630357818260547,0.948500792366967,"ECHINOMYCIN","BRD-A68969091-001-12-7","Higher MPCDS = greater sensitivity",43,-0.00189718514885458,0.0135214533107011,0.889102699261624,0.991567094778153
"EFONIDIPINE-MONOETHANOLATE (BRD:BRD-M92675308-003-07-1)",45,44,0.048143429767305,0.133667116907719,0.381371830243022,0.887939106143226,"EFONIDIPINE-MONOETHANOLATE","BRD-M92675308-003-07-1","Higher MPCDS = greater resistance",45,-0.00449004862636831,0.00760253330087657,0.55788067281173,0.960295085661133
"EGF816 (BRD:BRD-K22514639-001-04-0)",50,47,0.0991881741225547,-0.122574451181161,0.396429935987532,0.892828629253998,"EGF816","BRD-K22514639-001-04-0","Higher MPCDS = greater sensitivity",50,-0.011926438491387,0.0142127099447096,0.405551211781873,0.934651126569329
"EKB 569 (BRD:BRD-K08799216-001-05-3)",50,50,0.138299293249571,-0.192220888355342,0.181112096341985,0.778462525709525,"EKB 569","BRD-K08799216-001-05-3","Higher MPCDS = greater sensitivity",50,-0.0264334578383053,0.0195937738942126,0.183643009979375,0.86966237797716
"ELACRIDAR (BRD:BRD-K88807631-001-01-3)",44,44,0.0277681593361299,-0.0975334742776603,0.528797092664922,0.931366670797781,"ELACRIDAR","BRD-K88807631-001-01-3","Higher MPCDS = greater sensitivity",44,-0.00269204522233106,0.0043845450685586,0.542536772361419,0.960295085661133
"ELAFIBRANOR (BRD:BRD-K03165895-001-01-9)",50,47,0.0402797006733285,0.0754562942028228,0.602502704407085,0.943141955314152,"ELAFIBRANOR","BRD-K03165895-001-01-9","Higher MPCDS = greater resistance",50,0.000125894992915703,0.00581384560908932,0.982813454546533,0.997167058951485
"ELESCLOMOL (BRD:BRD-K82135108-001-04-3)",50,50,0.0705852227440276,0.146026410564226,0.311593912973949,0.843730506870677,"ELESCLOMOL","BRD-K82135108-001-04-3","Higher MPCDS = greater resistance",50,0.0128752413066816,0.0100171746589698,0.204848821467889,0.878423459094401
"EPIRUBICIN (BRD:BRD-K04548931-003-16-5)",33,33,0.0620007372455667,0.113636363636364,0.528913459946765,0.931366670797781,"EPIRUBICIN","BRD-K04548931-003-16-5","Higher MPCDS = greater resistance",33,0.0167100007320349,0.0111719146708712,0.144839871156936,0.855343068908636
"OXALIPLATIN (BRD:BRD-K78960041-001-05-7)",41,41,0.0726479304314481,0.00923344947735192,0.95430965679068,0.998144120500538,"OXALIPLATIN","BRD-K78960041-001-05-7","Higher MPCDS = greater resistance",41,0.006027611804658,0.0115249552399572,0.603929559296294,0.960295085661133
"ELTROMBOPAG (BRD:BRD-K40496271-396-01-1)",42,42,0.0559618131247336,0.192285876347136,0.222475782314092,0.806965054237512,"ELTROMBOPAG","BRD-K40496271-396-01-1","Higher MPCDS = greater resistance",42,0.0112716382939382,0.0089384572414892,0.214604603883528,0.878423459094401
"EMBELIC ACID (BRD:BRD-K86727142-001-12-4)",42,42,0.051351233453454,0.202009561623855,0.199514185563727,0.802501065545157,"EMBELIC ACID","BRD-K86727142-001-12-4","Higher MPCDS = greater resistance",42,0.0101589622939163,0.0080677972902406,0.215257245278967,0.878423459094401
"EMD-53998 (BRD:BRD-A65248799-001-01-7)",43,36,0.0445224783023571,0.036434058028698,0.816576133800393,0.985785202498155,"EMD-53998","BRD-A65248799-001-01-7","Higher MPCDS = greater resistance",43,0.00344591510701803,0.00717832313965066,0.633746947797847,0.968599114343309
"EMETINE (BRD:BRD-A25687296-300-04-3)",45,45,0.0415639861400219,-0.0765480895915678,0.617226769615537,0.943141955314152,"EMETINE","BRD-A25687296-300-04-3","Higher MPCDS = greater sensitivity",45,-0.00274334914936877,0.00657682016185643,0.678662994001662,0.976387639910772
"ENASIDENIB (BRD:BRD-K70601687-001-01-3)",50,40,0.0332604442161702,-0.232346988147858,0.104441209599056,0.698790433469257,"ENASIDENIB","BRD-K70601687-001-01-3","Higher MPCDS = greater sensitivity",50,-0.00547001048998719,0.00473536371072398,0.253751016613848,0.923042513060167
"ENCORAFENIB (BRD:BRD-A56085258-001-01-8)",39,28,0.0514339039654274,-0.350864583660629,0.0285235609076417,0.514197438159133,"ENCORAFENIB","BRD-A56085258-001-01-8","Higher MPCDS = greater sensitivity",39,-0.0176582765942074,0.00927247237479412,0.0646586972810679,0.855343068908636
"ENDO-IWR-1 (BRD:BRD-K61314889-001-04-4)",45,45,0.0269618226693215,-0.0616600790513834,0.687410224299884,0.95899383859975,"ENDO-IWR-1","BRD-K61314889-001-04-4","Higher MPCDS = greater sensitivity",45,-4.09691826498189e-05,0.0042748850073714,0.992397763410673,0.997245484515959
"ENMD-2076 (BRD:BRD-K68488863-001-04-9)",42,41,0.0646333131741767,-0.263603581918894,0.0916473555136811,0.687355166352608,"ENMD-2076","BRD-K68488863-001-04-9","Higher MPCDS = greater sensitivity",42,-0.015024560138434,0.0100747586362488,0.143725762443802,0.855343068908636
"ENOCITABINE (BRD:BRD-K32007074-001-02-9)",40,35,0.0404535245534687,-0.309326234494668,0.0521073405975774,0.592875578976117,"ENOCITABINE","BRD-K32007074-001-02-9","Higher MPCDS = greater sensitivity",40,-0.0110363056881306,0.00666988489990616,0.106233944653528,0.855343068908636
"ENOXIMONE (BRD:BRD-K21152241-001-07-3)",42,12,0.0401468145877621,0.0277659856656432,0.861435422543243,0.985785202498155,"ENOXIMONE","BRD-K21152241-001-07-3","Higher MPCDS = greater resistance",42,0.00491023425306275,0.00646590100230218,0.452063017662109,0.940351522532128
"ENTINOSTAT (BRD:BRD-K77908580-001-09-6)",43,43,0.0739644798447615,-0.114919963757173,0.463063804771756,0.923562159101563,"ENTINOSTAT","BRD-K77908580-001-09-6","Higher MPCDS = greater sensitivity",43,-0.00850747326218645,0.0117670907075191,0.473791283748341,0.948900484836733
"ENTOSPLETINIB (BRD:BRD-K76719364-001-02-5)",43,33,0.0471076416008832,-0.00913691250718377,0.953628839931118,0.998144120500538,"ENTOSPLETINIB","BRD-K76719364-001-02-5","Higher MPCDS = greater sensitivity",43,0.00815978862203466,0.00745289708601748,0.27997353817591,0.926120965655263
"ENZALUTAMIDE (BRD:BRD-K56851771-001-06-8)",32,16,0.0228015472908615,-0.0202723455658597,0.912309234268702,0.993691679377351,"ENZALUTAMIDE","BRD-K56851771-001-06-8","Higher MPCDS = greater sensitivity",32,-0.000602815112640743,0.00389924446775319,0.878173715264906,0.991567094778153
"EPACADOSTAT (BRD:BRD-K79450420-001-01-8)",49,48,0.0436756661892333,-0.0652567667754886,0.655972632119115,0.951396615235329,"EPACADOSTAT","BRD-K79450420-001-01-8","Higher MPCDS = greater sensitivity",49,-0.00416129066855719,0.00628526250854699,0.511159046285263,0.960295085661133
"EPIANDROSTERONE (BRD:BRD-K42756753-001-01-9)",44,31,0.0148766015781496,0.369252241236133,0.0136365908046702,0.433282409460274,"EPIANDROSTERONE","BRD-K42756753-001-01-9","Higher MPCDS = greater resistance",44,0.00471202197350083,0.0022446900225092,0.0418505036648145,0.855343068908636
"EPINASTINE (BRD:BRD-A98990573-003-01-3)",31,6,0.00860438801239254,0.134716479175463,0.469956430068365,0.931366670797781,"EPINASTINE","BRD-A98990573-003-01-3","Higher MPCDS = greater resistance",31,0.00141972313417461,0.00144620475145361,0.334372663570393,0.927471102831342
"EPINEPHRINE (BRD:BRD-K63126190-003-01-6)",37,37,0.052728454696371,-0.156946420104315,0.353579832452671,0.872183003566554,"EPINEPHRINE","BRD-K63126190-003-01-6","Higher MPCDS = greater sensitivity",37,-0.00392004228411783,0.00929978747919186,0.675953397167084,0.976387639910772
"EPLERENONE (BRD:BRD-K19761926-001-03-6)",42,42,0.0641990393955021,-0.392107608783729,0.0102221876450306,0.433282409460274,"EPLERENONE","BRD-K19761926-001-03-6","Higher MPCDS = greater sensitivity",42,-0.021972952874215,0.00967672233907062,0.0286221229006114,0.855343068908636
"EPOTHILONE-A (BRD:BRD-K71823332-001-03-7)",42,42,0.0826192885877082,-0.210598816951625,0.180662470387525,0.778462525709525,"EPOTHILONE-A","BRD-K71823332-001-03-7","Higher MPCDS = greater sensitivity",42,-0.0132923850513239,0.0130635228268723,0.315021758932322,0.927471102831342
"EPOTHILONE-B (BRD:BRD-K68164687-001-01-6)",43,43,0.115856461290816,-0.0996677740863787,0.524846143628275,0.931366670797781,"EPOTHILONE-B","BRD-K68164687-001-01-6","Higher MPCDS = greater sensitivity",43,-0.00258364569494231,0.0185444648210747,0.88987809871451,0.991567094778153
"EPOTHILONE-D (BRD:BRD-K52762805-001-01-2)",28,28,0.089140380403748,NA,NA,NA,"EPOTHILONE-D","BRD-K52762805-001-01-2","Not tested",28,NA,NA,NA,NA
"EPRINOMECTIN (BRD:BRD-A91366704-001-01-9)",38,36,0.0438346076968954,-0.107146768463761,0.521990329472601,0.931366670797781,"EPRINOMECTIN","BRD-A91366704-001-01-9","Higher MPCDS = greater sensitivity",38,-0.00660494270376907,0.0071128047567987,0.359281744080929,0.928385419996185
"EPROBEMIDE (BRD:BRD-K17979676-001-01-2)",39,37,0.0432380052883527,-0.0141729097863526,0.931757142357421,0.996217619309834,"EPROBEMIDE","BRD-K17979676-001-01-2","Higher MPCDS = greater sensitivity",39,0.00224266858317448,0.00753676951272586,0.767700628341092,0.986518863295841
"EPROSARTAN (BRD:BRD-K67977190-066-02-3)",37,17,0.00580687365537123,-0.21344573859217,0.204635457773904,0.802684493900804,"EPROSARTAN","BRD-K67977190-066-02-3","Higher MPCDS = greater sensitivity",37,-0.000937332070787205,0.00106767563174368,0.385975030671733,0.928385419996185
"EPTIFIBATIDE (BRD:BRD-A90547603-001-02-5)",37,21,0.0371656627294886,0.396875604478088,0.0150131086829997,0.433282409460274,"EPTIFIBATIDE","BRD-A90547603-001-02-5","Higher MPCDS = greater resistance",37,0.013642435380936,0.00572319431913195,0.0226956733088966,0.855343068908636
"EQUOL (BRD:BRD-K54847683-001-04-0)",39,32,0.0375040553322363,-0.135394606475142,0.411177464069928,0.900517117121468,"EQUOL","BRD-K54847683-001-04-0","Higher MPCDS = greater sensitivity",39,-0.00156790261487135,0.00618250882635505,0.801206238625631,0.990107755278081
"ER-27319 (BRD:BRD-K11927976-050-02-9)",44,44,0.0334871111523578,0.00521494009866103,0.973199033581547,0.998144120500538,"ER-27319","BRD-K11927976-050-02-9","Higher MPCDS = greater resistance",44,0.00543176040636305,0.00524468634764935,0.306282927359371,0.926120965655263
"ERASTIN (BRD:BRD-A25004090-001-08-4)",34,34,0.0745919756067925,-0.00901451489686784,0.959645812768278,0.998144120500538,"ERASTIN","BRD-A25004090-001-08-4","Higher MPCDS = greater sensitivity",34,-0.00203228953944299,0.0128286673563221,0.875123101871428,0.991567094778153
"ERCALCITRIOL (BRD:BRD-K84163249-001-01-9)",41,41,0.0580987565103525,0.0217770034843206,0.892497620711811,0.991788224600003,"ERCALCITRIOL","BRD-K84163249-001-01-9","Higher MPCDS = greater resistance",41,0.000162716753796343,0.00949081594958753,0.986408627158954,0.997167058951485
"ERDAFITINIB (BRD:BRD-K84868168-001-01-0)",44,43,0.0426308589860524,0.0217061912111926,0.888775396695396,0.990585581456168,"ERDAFITINIB","BRD-K84868168-001-01-0","Higher MPCDS = greater resistance",44,0.00492071888623405,0.00671871437463468,0.467998242011428,0.944741743020308
"ERLOTINIB (BRD:BRD-K70401845-001-15-7)",50,49,0.125777874359807,0.0154145357676067,0.915386681952373,0.993691679377351,"ERLOTINIB","BRD-K70401845-001-15-7","Higher MPCDS = greater resistance",50,-0.00185184222488948,0.0181525046245033,0.919169120974182,0.991567094778153
"ERTEBEREL (BRD:BRD-K80608265-001-01-6)",43,41,0.0397768813604972,-0.092735237426841,0.554209996480391,0.931366670797781,"ERTEBEREL","BRD-K80608265-001-01-6","Higher MPCDS = greater sensitivity",43,-0.00254306310928238,0.00633477742272158,0.6901775358292,0.98034928902558
"ERYTHRITOL (BRD:BRD-K79315489-001-07-8)",40,35,0.0450675363071137,-0.166220567685622,0.305321416946401,0.842377355354233,"ERYTHRITOL","BRD-K79315489-001-07-8","Higher MPCDS = greater sensitivity",40,-0.00113845905648248,0.00731371661801345,0.877124357516615,0.991567094778153
"ESTRADIOL (BRD:BRD-K18910433-001-36-6)",36,25,0.0259065532750265,-0.308301210774251,0.0673437116497419,0.653331130241485,"ESTRADIOL","BRD-K18910433-001-36-6","Higher MPCDS = greater sensitivity",36,-0.00383595869643185,0.00427144927529186,0.375476695716362,0.928385419996185
"ESTRADIOL-BENZOATE (BRD:BRD-A74765037-001-01-1)",43,15,0.0215478560837717,0.0226680668689706,0.885277187792498,0.989069045957568,"ESTRADIOL-BENZOATE","BRD-A74765037-001-01-1","Higher MPCDS = greater resistance",43,-0.0030335884806975,0.00344472840707979,0.383642335808159,0.928385419996185
"ESTRADIOL-CYPIONATE (BRD:BRD-A91452556-001-04-0)",27,1,0,NA,NA,NA,"ESTRADIOL-CYPIONATE","BRD-A91452556-001-04-0","Not tested",27,NA,NA,NA,NA
"ESTRAMUSTINE (BRD:BRD-A70858459-001-01-7)",50,50,0.0609087383843326,0.0226170468187275,0.876110639417384,0.986395090509017,"ESTRAMUSTINE","BRD-A70858459-001-01-7","Higher MPCDS = greater resistance",50,0.00448520594790977,0.00876755065945814,0.611298258977561,0.962021628449171
"ESTRAMUSTINE-PHOSPHATE (BRD:BRD-K00077635-304-01-2)",40,11,0.0130280702316903,0.0138156995435887,0.932570382520595,0.996217619309834,"ESTRAMUSTINE-PHOSPHATE","BRD-K00077635-304-01-2","Higher MPCDS = greater resistance",40,-0.00135945501977157,0.00228012861356364,0.554564495024844,0.960295085661133
"ESTRONE (BRD:BRD-K81839095-001-30-1)",41,18,0.004573049065509,0.0800717892009329,0.618727774280215,0.943141955314152,"ESTRONE","BRD-K81839095-001-30-1","Higher MPCDS = greater resistance",41,0.000639121435030527,0.000753178221584848,0.401301300136433,0.934651126569329
"ETHACRIDINE-LACTATE-MONOHYDRATE (BRD:BRD-K24715592-406-02-1)",42,41,0.074578915282481,0.102589036184851,0.517957035327959,0.931366670797781,"ETHACRIDINE-LACTATE-MONOHYDRATE","BRD-K24715592-406-02-1","Higher MPCDS = greater resistance",42,0.0149814041473371,0.0126942035963105,0.244900913166326,0.923042513060167
"ETHINYL-ESTRADIOL (BRD:BRD-K48195008-001-19-9)",36,23,0.0204941468250113,-0.126275551445572,0.463034223612613,0.923562159101563,"ETHINYL-ESTRADIOL","BRD-K48195008-001-19-9","Higher MPCDS = greater sensitivity",36,-0.00128110273080339,0.00352473050147884,0.718510639216575,0.986518863295841
"ETOFYLLINE-CLOFIBRATE (BRD:BRD-K49840922-001-05-1)",34,1,0,NA,NA,NA,"ETOFYLLINE-CLOFIBRATE","BRD-K49840922-001-05-1","Not tested",34,NA,NA,NA,NA
"ETOMOXIR (BRD:BRD-K32405725-001-02-8)",42,32,0.0310468330372573,0.304729845153113,0.0497363174438322,0.591903281976185,"ETOMOXIR","BRD-K32405725-001-02-8","Higher MPCDS = greater resistance",42,0.00742059031952562,0.00503943829780391,0.14871044421683,0.855343068908636
"ETOPOSIDE (BRD:BRD-K37798499-001-27-2)",43,43,0.0761702489352967,-0.177287828450619,0.255398454906658,0.820464845078843,"ETOPOSIDE","BRD-K37798499-001-27-2","Higher MPCDS = greater sensitivity",43,-0.00576534140139625,0.0121617261916796,0.637974798861674,0.968599114343309
"ETOPOSIDE-PHOSPHATE (BRD:BRD-K72533376-001-01-2)",44,42,0.0452842947364945,0.0408796169835468,0.792189567098138,0.985785202498155,"ETOPOSIDE-PHOSPHATE","BRD-K72533376-001-01-2","Higher MPCDS = greater resistance",44,0.00337750410598817,0.00716339769862144,0.639727669404756,0.968599114343309
"ETP-46464 (BRD:BRD-K24556407-001-02-3)",43,43,0.0446791525371318,-0.11280579885231,0.471387347422142,0.931366670797781,"ETP-46464","BRD-K24556407-001-02-3","Higher MPCDS = greater sensitivity",43,-0.000757380911159705,0.00721991296545436,0.916965359713695,0.991567094778153
"EVACETRAPIB (BRD:BRD-K16551357-001-03-2)",45,45,0.0355690061864518,-0.030961791831357,0.839993599959797,0.985785202498155,"EVACETRAPIB","BRD-K16551357-001-03-2","Higher MPCDS = greater sensitivity",45,-0.00318940034510242,0.00561857536708588,0.573222818413189,0.960295085661133
"EVEROLIMUS (BRD:BRD-K13514097-001-04-6)",50,50,0.159925432647421,0.149003601440576,0.30172332345075,0.841997266116938,"EVEROLIMUS","BRD-K13514097-001-04-6","Higher MPCDS = greater resistance",50,0.0290756875692248,0.0226985445567926,0.206366001644099,0.878423459094401
"EVODIAMINE (BRD:BRD-A68631409-001-05-4)",44,44,0.0477150420231075,-0.1646229739253,0.285585759310212,0.836642711118278,"EVODIAMINE","BRD-A68631409-001-05-4","Higher MPCDS = greater sensitivity",44,-0.00516740426234343,0.00752573880624149,0.496089080477843,0.955335614492305
"EVP4593 (BRD:BRD-K68395654-001-03-1)",43,43,0.0795567876908787,-0.00226517668378134,0.988498043692887,0.998144120500538,"EVP4593","BRD-K68395654-001-03-1","Higher MPCDS = greater sensitivity",43,0.00301888774956439,0.0128490311358014,0.815416569108604,0.990273286572071
"EX-8678 (BRD:BRD-K07972848-001-02-0)",37,37,0.087615699559417,-0.204362256993836,0.225024304247921,0.811115281354952,"EX-8678","BRD-K07972848-001-02-0","Higher MPCDS = greater sensitivity",37,-0.0164808635913222,0.0145250197492555,0.264231905771252,0.926120965655263
"EXATECAN-MESYLATE (BRD:BRD-K92150287-066-01-2)",42,42,0.152228216116535,-0.133133457580423,0.400619092353786,0.894325793234898,"EXATECAN-MESYLATE","BRD-K92150287-066-01-2","Higher MPCDS = greater sensitivity",42,-0.0127826321128852,0.0242954810011479,0.601701633474812,0.960295085661133
"EXEL-2880 (BRD:BRD-K03449891-001-08-6)",50,50,0.0690669152547331,-0.0422088835534214,0.771018712121791,0.979071380472116,"EXEL-2880","BRD-K03449891-001-08-6","Higher MPCDS = greater sensitivity",50,-0.00356453478224672,0.00995566513200592,0.721882518109585,0.986518863295841
"EXELBINE (BRD:BRD-K69280563-001-01-8)",43,43,0.0772913168696429,0.0181214134702507,0.908177337729838,0.993691679377351,"EXELBINE","BRD-K69280563-001-01-8","Higher MPCDS = greater resistance",43,0.000629151908537564,0.0123741062246571,0.959696550287505,0.992580507822158
"EXEMESTANE (BRD:BRD-K33425534-001-12-5)",37,31,0.0255629473177954,-0.0280686618254287,0.869016963900891,0.985785202498155,"EXEMESTANE","BRD-K33425534-001-12-5","Higher MPCDS = greater sensitivity",37,0.00232499326001995,0.00430981582232502,0.592981945751723,0.960295085661133
"EXISULIND (BRD:BRD-K37708699-001-01-4)",49,41,0.0273975585851804,-0.0294781328298149,0.840648810123889,0.985785202498155,"EXISULIND","BRD-K37708699-001-01-4","Higher MPCDS = greater sensitivity",49,0.00217894422092972,0.00397469242162487,0.586146059720853,0.960295085661133
"FAMCICLOVIR (BRD:BRD-K45033733-001-12-2)",36,17,0.0320455164951128,-0.100511593349282,0.559713945728768,0.931366670797781,"FAMCICLOVIR","BRD-K45033733-001-12-2","Higher MPCDS = greater sensitivity",36,-0.00258904011103551,0.0054645021066622,0.63867627946167,0.968599114343309
"FAMOTIDINE (BRD:BRD-K00673382-001-18-9)",37,24,0.0405033922654646,-0.18280762992322,0.27882275377715,0.827844877194011,"FAMOTIDINE","BRD-K00673382-001-18-9","Higher MPCDS = greater sensitivity",37,-0.0103262998174291,0.00727665400622569,0.164714713115284,0.855343068908636
"PANOBINOSTAT (BRD:BRD-K02130563-001-11-4)",50,50,0.093700978054518,-0.255798319327731,0.0729761948593106,0.653331130241485,"PANOBINOSTAT","BRD-K02130563-001-11-4","Higher MPCDS = greater sensitivity",50,-0.0217004654861237,0.0131568764388142,0.105603515788472,0.855343068908636
"FAVIPIRAVIR (BRD:BRD-K04264130-001-01-4)",37,9,0.00217555292741754,-0.00757095891607862,0.964527941503045,0.998144120500538,"FAVIPIRAVIR","BRD-K04264130-001-01-4","Higher MPCDS = greater sensitivity",37,3.73692921662842e-05,0.000374725026413608,0.921132021215997,0.991567094778153
"FDCYD (BRD:BRD-K18157228-001-01-7)",43,43,0.0979279683552739,-0.169586227725763,0.276956942860447,0.827355377397704,"FDCYD","BRD-K18157228-001-01-7","Higher MPCDS = greater sensitivity",43,-0.0121597767412912,0.0155630315446951,0.439100242499322,0.938660146979225
"FELBAMATE (BRD:BRD-K99107520-001-24-1)",35,3,0.00348587193203231,-0.201883102670638,0.244828039484469,0.819442538885837,"FELBAMATE","BRD-K99107520-001-24-1","Higher MPCDS = greater sensitivity",35,-0.000669048629891986,0.000678412095556856,0.331211982424721,0.927471102831342
"FENACLON (BRD:BRD-K08791496-001-01-0)",37,17,0.0280828990416163,-0.0356616958827213,0.834024498838658,0.985785202498155,"FENACLON","BRD-K08791496-001-01-0","Higher MPCDS = greater sensitivity",37,0.00194296739982662,0.00486274392169112,0.691907122089705,0.98034928902558
"FENBENDAZOLE (BRD:BRD-K51318897-001-15-3)",23,23,0.0575071530254834,NA,NA,NA,"FENBENDAZOLE","BRD-K51318897-001-15-3","Not tested",23,NA,NA,NA,NA
"FENDILINE (BRD:BRD-A71033472-003-23-9)",38,21,0.0218425949943466,0.0277747958054863,0.868528685197155,0.985785202498155,"FENDILINE","BRD-A71033472-003-23-9","Higher MPCDS = greater resistance",38,2.88969691264703e-05,0.00379303049125948,0.99396348676276,0.997303112609294
"FENOFIBRATE (BRD:BRD-K50388907-001-30-4)",42,25,0.0204624707681501,0.0963145816873393,0.544006238023853,0.931366670797781,"FENOFIBRATE","BRD-K50388907-001-30-4","Higher MPCDS = greater resistance",42,0.00301219700355593,0.00332411006601421,0.370274197330731,0.928385419996185
"FENOPROFEN (BRD:BRD-A81129465-001-03-8)",40,40,0.0519727537393403,0.124577861163227,0.443732108810386,0.916749263539391,"FENOPROFEN","BRD-A81129465-001-03-8","Higher MPCDS = greater resistance",40,0.00999201430151077,0.0088814443189832,0.2676265855527,0.926120965655263
"FENRETINIDE (BRD:BRD-K89085489-001-23-2)",42,21,0.0291592762576188,0.103316417240212,0.514977900818835,0.931366670797781,"FENRETINIDE","BRD-K89085489-001-23-2","Higher MPCDS = greater resistance",42,0.00468755255705327,0.00496065798536898,0.350359875334684,0.928385419996185
"FERB-033 (BRD:BRD-K61642990-001-01-0)",42,38,0.08632050677431,0.312951201764769,0.0435961799848261,0.588939538351176,"FERB-033","BRD-K61642990-001-01-0","Higher MPCDS = greater resistance",42,0.027532634038501,0.0130600749775228,0.0413304357131225,0.855343068908636
"FEXINIDAZOLE (BRD:BRD-K37069697-001-01-3)",34,29,0.0664198568827746,-0.16376925956018,0.354715366259792,0.872183003566554,"FEXINIDAZOLE","BRD-K37069697-001-01-3","Higher MPCDS = greater sensitivity",34,-0.00894099838012849,0.0114398507369022,0.440214276441939,0.939024256784477
"FG-4592 (BRD:BRD-K14385366-001-04-4)",41,32,0.0381354711780232,-0.11923979852664,0.457753649418504,0.922634801445087,"FG-4592","BRD-K14385366-001-04-4","Higher MPCDS = greater sensitivity",41,0.00274751539010302,0.00632302564180569,0.666301763393648,0.975756906432833
"FILANESIB (BRD:BRD-K37379014-001-02-0)",50,50,0.0688158106874741,0.0918607442977191,0.525775341566126,0.931366670797781,"FILANESIB","BRD-K37379014-001-02-0","Higher MPCDS = greater resistance",50,0.00787826865783428,0.00986740075062963,0.428563155426605,0.938640046288849
"FILGOTINIB (BRD:BRD-K16803204-001-01-6)",35,31,0.021797541485584,-0.22047707519261,0.203117729487414,0.802684493900804,"FILGOTINIB","BRD-K16803204-001-01-6","Higher MPCDS = greater sensitivity",35,-0.00031656213812084,0.00374480021945704,0.9331428049728,0.991567094778153
"FINAFLOXACIN (BRD:BRD-K98384930-003-01-5)",41,36,0.044737899323398,-0.261199868206172,0.0990351346725629,0.698790433469257,"FINAFLOXACIN","BRD-K98384930-003-01-5","Higher MPCDS = greater sensitivity",41,-0.0131116176546469,0.0069338331897112,0.0660746720434161,0.855343068908636
"FK-3311 (BRD:BRD-K38350380-001-01-8)",43,43,0.0435332534270025,0.130172153427967,0.405413796125531,0.896767843964308,"FK-3311","BRD-K38350380-001-01-8","Higher MPCDS = greater resistance",43,0.00778452687040736,0.00686291203723762,0.263261790998168,0.926120965655263
"FK-866 (BRD:BRD-K58550667-001-08-7)",50,50,0.0840012437905332,0.0449939975990396,0.75635890137537,0.973910960126022,"FK-866","BRD-K58550667-001-08-7","Higher MPCDS = greater resistance",50,0.00209888194302096,0.0121207498160402,0.863250401699844,0.990502452946434
"FK-888 (BRD:BRD-K83508485-001-02-7)",38,8,0.0083828605937598,-0.189159861311433,0.255365782252837,0.820464845078843,"FK-888","BRD-K83508485-001-02-7","Higher MPCDS = greater sensitivity",38,-5.78580746956434e-05,0.00138420924340668,0.966890182171965,0.992721838877132
"FLEROXACIN (BRD:BRD-K61717546-001-05-0)",41,24,0.0434544079375176,-0.126720323575109,0.429817844074671,0.906842521355457,"FLEROXACIN","BRD-K61717546-001-05-0","Higher MPCDS = greater sensitivity",41,-0.00274899367034807,0.00711864605696638,0.701470978343291,0.981236357395638
"FLI-06 (BRD:BRD-A44500574-001-01-8)",45,45,0.0717369436796013,-0.0704874835309618,0.645436165764364,0.951396615235329,"FLI-06","BRD-A44500574-001-01-8","Higher MPCDS = greater sensitivity",45,-0.00969882556640908,0.0112775628151094,0.394552774778112,0.928730268435337
"FLORFENICOL (BRD:BRD-A30886737-001-02-9)",43,43,0.0403752207129552,0.00317124735729387,0.983897776714806,0.998144120500538,"FLORFENICOL","BRD-A30886737-001-02-9","Higher MPCDS = greater resistance",43,-0.00117484664102816,0.00646155008573614,0.856619028268891,0.990502452946434
"FLOXURIDINE (BRD:BRD-A03757454-001-03-4)",50,50,0.136780290640771,-0.158031212484994,0.273038890252287,0.826000004124565,"FLOXURIDINE","BRD-A03757454-001-03-4","Higher MPCDS = greater sensitivity",50,-0.0171993267341477,0.0195858319687907,0.384236162881011,0.928385419996185
"FLUBENDAZOLE (BRD:BRD-K86003836-001-10-5)",45,45,0.0646949958331751,0.0308300395256917,0.840665655615428,0.985785202498155,"FLUBENDAZOLE","BRD-K86003836-001-10-5","Higher MPCDS = greater resistance",45,0.00113996336041109,0.0102561405342973,0.912015113298357,0.991567094778153
"FLUDARA (BRD:BRD-K66788707-001-14-3)",39,39,0.0452146676533262,-0.386032388663968,0.015213596499916,0.433282409460274,"FLUDARA","BRD-K66788707-001-14-3","Higher MPCDS = greater sensitivity",39,-0.0169629286782505,0.0067801007197789,0.0169037565272019,0.855343068908636
"FLUDARABINE-PHOSPHATE (BRD:BRD-K71106091-001-06-1)",44,44,0.043552349506662,-0.0686398872445384,0.657967687026957,0.952023619303781,"FLUDARABINE-PHOSPHATE","BRD-K71106091-001-06-1","Higher MPCDS = greater sensitivity",44,-0.00391921179400868,0.00698203958152024,0.577557202760002,0.960295085661133
"FLUDROXYCORTIDE (BRD:BRD-A49765801-001-04-1)",42,41,0.0496039692319852,-0.124630282505767,0.431636305135223,0.907344563731448,"FLUDROXYCORTIDE","BRD-A49765801-001-04-1","Higher MPCDS = greater sensitivity",42,-0.00683948436270959,0.00789253021379519,0.391342471535274,0.928385419996185
"FLUFENAMIC-ACID (BRD:BRD-K44067360-001-30-3)",42,20,0.0199215781856328,0.0123186441197782,0.938283447395022,0.996980787106147,"FLUFENAMIC-ACID","BRD-K44067360-001-30-3","Higher MPCDS = greater resistance",42,0.00109074399178207,0.00335171813706839,0.746553139598005,0.986518863295841
"FLUMATINIB (BRD:BRD-K68870568-066-01-5)",43,31,0.0241493884654769,-0.0704401561117295,0.653536821829855,0.951396615235329,"FLUMATINIB","BRD-K68870568-066-01-5","Higher MPCDS = greater sensitivity",43,-0.000641506308743957,0.004140320645892,0.877627926572342,0.991567094778153
"FLUMETHASONE (BRD:BRD-K61496577-001-20-2)",43,41,0.0854001262441873,-0.190454616278903,0.221205804016037,0.806540649185087,"FLUMETHASONE","BRD-K61496577-001-20-2","Higher MPCDS = greater sensitivity",43,-0.0101950307144967,0.0136028451726205,0.45784822611368,0.940515614270612
"FLUMETHASONE-PIVALATE (BRD:BRD-A50064262-001-04-7)",39,29,0.0887451451924761,-0.201241005214803,0.219268439366237,0.806540649185087,"FLUMETHASONE-PIVALATE","BRD-A50064262-001-04-7","Higher MPCDS = greater sensitivity",39,-0.0112357971228729,0.0145772970424827,0.445735294701487,0.939024256784477
"FLUOCINOLONE-ACETONIDE (BRD:BRD-K94353609-001-21-6)",39,15,0.0667255381150249,-0.280629159225811,0.0835456898640451,0.670467581521875,"FLUOCINOLONE-ACETONIDE","BRD-K94353609-001-21-6","Higher MPCDS = greater sensitivity",39,-0.00854216314870767,0.0106932297901287,0.429482319420157,0.938640046288849
"FLUOROMETHOLONE (BRD:BRD-A13133631-001-04-0)",39,39,0.0676408503153565,-0.516396761133603,0.000764431098592118,0.279906744288136,"FLUOROMETHOLONE","BRD-A13133631-001-04-0","Higher MPCDS = greater sensitivity",39,-0.0336377197888707,0.00947119930779271,0.0010645210683655,0.556888073118234
"FLUOROMETHYLCHOLINE (BRD:BRD-K51199656-003-01-4)",36,18,0.0122053143996257,0.0172764461795023,0.920338205060852,0.993691679377351,"FLUOROMETHYLCHOLINE","BRD-K51199656-003-01-4","Higher MPCDS = greater resistance",36,0.000743806095061931,0.00209744988551448,0.725061490049576,0.986518863295841
"FLUOROURACIL (BRD:BRD-K24844714-001-24-5)",39,39,0.0504992929148271,-0.333400809716599,0.0380696009107808,0.559390054199228,"FLUOROURACIL","BRD-K24844714-001-24-5","Higher MPCDS = greater sensitivity",39,-0.0133840367613738,0.0078868865351586,0.098095112885542,0.855343068908636
"FLUROXENE (BRD:BRD-K56908511-001-01-2)",41,31,0.0340499248626019,0.0358855844537297,0.823733606787313,0.985785202498155,"FLUROXENE","BRD-K56908511-001-01-2","Higher MPCDS = greater resistance",41,0.00304136893789841,0.00539870942687114,0.576420736378779,0.960295085661133
"FLUTAMIDE (BRD:BRD-K28307902-001-21-7)",41,29,0.0223597113662829,-0.121453182208011,0.449387458379853,0.921827109867092,"FLUTAMIDE","BRD-K28307902-001-21-7","Higher MPCDS = greater sensitivity",41,-8.35310817376704e-05,0.00362595902702182,0.981738256277499,0.997167058951485
"FLUTICASONE-PROPIONATE (BRD:BRD-K62310379-001-10-5)",37,37,0.0913878063652884,-0.175675675675676,0.298324828846895,0.841997266116938,"FLUTICASONE-PROPIONATE","BRD-K62310379-001-10-5","Higher MPCDS = greater sensitivity",37,-0.0189721701577813,0.0150348115815562,0.215335750736336,0.878423459094401
"FLUVASTATIN (BRD:BRD-K66296774-236-11-3)",44,44,0.0710175579106265,0.00267794221282593,0.986235504351855,0.998144120500538,"FLUVASTATIN","BRD-K66296774-236-11-3","Higher MPCDS = greater resistance",44,0.00143402071723888,0.0113097344293046,0.899707541125669,0.991567094778153
"FORMESTANE (BRD:BRD-A26503646-001-16-6)",43,26,0.0185622581889164,0.0767040893678864,0.624925073521792,0.945264817091786,"FORMESTANE","BRD-A26503646-001-16-6","Higher MPCDS = greater resistance",43,0.00146389212891151,0.00294226302923609,0.621466647603468,0.963732930591437
"FORODESINE (BRD:BRD-K16505263-003-02-9)",38,23,0.0183907650634103,-0.124880172216673,0.455046000059614,0.922634801445087,"FORODESINE","BRD-K16505263-003-02-9","Higher MPCDS = greater sensitivity",38,-0.000466434510845668,0.00357968319979171,0.897054069693821,0.991567094778153
"FORSKOLIN (BRD:BRD-K09602097-001-13-6)",42,29,0.0273673042567254,0.0416963787525552,0.79318080206175,0.985785202498155,"FORSKOLIN","BRD-K09602097-001-13-6","Higher MPCDS = greater resistance",42,-0.00120000232473122,0.00438575921033398,0.785789677916895,0.986518863295841
"FOSBRETABULIN (BRD:BRD-K06814349-304-02-7)",50,50,0.0657691992427627,-0.122112845138055,0.398224373939505,0.892828629253998,"FOSBRETABULIN","BRD-K06814349-304-02-7","Higher MPCDS = greater sensitivity",50,-0.00719523077659872,0.00943598632795581,0.449474356071987,0.940351522532128
"FOSCARNET (BRD:BRD-K85146014-314-05-4)",40,37,0.0475625733673315,0.0755513926451184,0.643120520798025,0.951396615235329,"FOSCARNET","BRD-K85146014-314-05-4","Higher MPCDS = greater resistance",40,0.00659061026745175,0.00749992634488628,0.385056240116303,0.928385419996185
"FPH1-(BRD-6125) (BRD:BRD-K61250484-001-02-3)",36,27,0.031463184063053,0.197604875294094,0.247999833843382,0.820464845078843,"FPH1-(BRD-6125)","BRD-K61250484-001-02-3","Higher MPCDS = greater resistance",36,0.00581975149539307,0.00523099755888631,0.273705937550689,0.926120965655263
"FR-122047 (BRD:BRD-K30990140-003-02-4)",31,14,0.0173881747677752,0.0645060122320649,0.730278966703586,0.965548218053008,"FR-122047","BRD-K30990140-003-02-4","Higher MPCDS = greater resistance",31,-0.000411385502664203,0.0034403035772502,0.905641803600089,0.991567094778153
"FR-139317 (BRD:BRD-K19318328-001-01-3)",45,45,0.0375486746901505,0.0708827404479578,0.643580779082436,0.951396615235329,"FR-139317","BRD-K19318328-001-01-3","Higher MPCDS = greater resistance",45,0.0023449351702426,0.00594272189219675,0.695096327624397,0.981236357395638
"FRENTIZOLE (BRD:BRD-K07202345-001-19-4)",45,45,0.0758457856683195,0.0393939393939394,0.797236000752933,0.985785202498155,"FRENTIZOLE","BRD-K07202345-001-19-4","Higher MPCDS = greater resistance",45,0.00620112719550769,0.0119883698617814,0.60762409875613,0.961515057372338
"FRUQUINTINIB (BRD:BRD-K70504253-001-01-3)",48,41,0.0461862760798667,-0.0454793919150448,0.758886275607711,0.973910960126022,"FRUQUINTINIB","BRD-K70504253-001-01-3","Higher MPCDS = greater sensitivity",48,-5.64749467285675e-05,0.00686947039397968,0.993476096528875,0.997303112609294
"FTORAFUR (BRD:BRD-K99383816-001-03-5)",43,40,0.0273940520200762,-0.274869722752967,0.0744454604082288,0.653331130241485,"FTORAFUR","BRD-K99383816-001-03-5","Higher MPCDS = greater sensitivity",43,-0.00497522606679732,0.00432099044668733,0.256234572711659,0.923042513060167
"FUDOSTEINE (BRD:BRD-K54838207-001-03-8)",42,37,0.0477173102446466,-0.172029223641103,0.275987320223803,0.827291211734369,"FUDOSTEINE","BRD-K54838207-001-03-8","Higher MPCDS = greater sensitivity",42,-0.00427183687159949,0.00761203629700873,0.577795251263663,0.960295085661133
"FULVESTRANT (BRD:BRD-A85667082-001-12-7)",42,29,0.0289538721373409,0.0609345099393777,0.701467858515236,0.96366499509342,"FULVESTRANT","BRD-A85667082-001-12-7","Higher MPCDS = greater resistance",42,0.00570140383189478,0.00458729637451702,0.221152927482603,0.887075809400971
"G-1 (BRD:BRD-K62696033-001-01-4)",42,41,0.0448701370446923,0.0956201127157376,0.546927439658693,0.931366670797781,"G-1","BRD-K62696033-001-01-4","Higher MPCDS = greater resistance",42,0.00501926945557238,0.00714201059661434,0.486262447197643,0.951824355158289
"GALETERONE (BRD:BRD-A07986123-001-02-8)",41,41,0.0293739447122847,-0.279965156794425,0.0762524549135518,0.653331130241485,"GALETERONE","BRD-A07986123-001-02-8","Higher MPCDS = greater sensitivity",41,-0.00628105368587782,0.00469185516654067,0.188415476742349,0.872565631029033
"GAMBOGIC-ACID (BRD:BRD-K08542803-001-02-3)",50,50,0.0573273379981788,0.149963985594238,0.298582748649281,0.841997266116938,"GAMBOGIC-ACID","BRD-K08542803-001-02-3","Higher MPCDS = greater resistance",50,0.00808923383504961,0.00819169800509349,0.328353462140913,0.927471102831342
"GAMMA-AMINOBUTYRIC-ACID (BRD:BRD-K77245796-003-01-6)",37,19,0.0185900615722038,0.344154193649465,0.0370014030383904,0.559390054199228,"GAMMA-AMINOBUTYRIC-ACID","BRD-K77245796-003-01-6","Higher MPCDS = greater resistance",37,-0.00216019790966821,0.00345017696017042,0.535303575936984,0.960295085661133
"GANETESPIB (BRD:BRD-K38852836-001-02-1)",50,50,0.0708912221512542,-0.0259783913565426,0.857875719829155,0.985785202498155,"GANETESPIB","BRD-K38852836-001-02-1","Higher MPCDS = greater sensitivity",50,-0.00108196168941928,0.010231074740915,0.916219446113612,0.991567094778153
"GASTRODIN (BRD:BRD-K81613478-001-01-8)",43,43,0.0481192495379247,-0.176381757777107,0.257874708742641,0.820464845078843,"GASTRODIN","BRD-K81613478-001-01-8","Higher MPCDS = greater sensitivity",43,-0.0116633597718516,0.00748555604678226,0.126892365741901,0.855343068908636
"GDC-0152 (BRD:BRD-K68938568-001-01-7)",42,41,0.084638056737997,0.0187998865678399,0.905932444335411,0.993691679377351,"GDC-0152","BRD-K68938568-001-01-7","Higher MPCDS = greater resistance",42,0.0118187338806629,0.0134253843584643,0.383940694771373,0.928385419996185
"GDC-0349 (BRD:BRD-K43187018-001-03-3)",44,44,0.0611714209808566,-0.031430584918957,0.839498608831665,0.985785202498155,"GDC-0349","BRD-K43187018-001-03-3","Higher MPCDS = greater sensitivity",44,0.00159086645174391,0.00969900776378387,0.870499349287075,0.991567094778153
"GDC-0879 (BRD:BRD-K67578145-001-09-7)",42,41,0.015763900611372,-0.0246343341233765,0.876936311703247,0.986553350666153,"GDC-0879","BRD-K67578145-001-09-7","Higher MPCDS = greater sensitivity",42,-7.41626413968303e-05,0.00250869487556272,0.976563189087134,0.997167058951485
"PICTILISIB (BRD:BRD-K52911425-001-09-8)",44,44,0.059880115034083,-0.13446088794926,0.384192640794323,0.887939106143226,"PICTILISIB","BRD-K52911425-001-09-8","Higher MPCDS = greater sensitivity",44,-0.00534263915763875,0.00946145871675692,0.575299241230832,0.960295085661133
"GDC-0980 (BRD:BRD-K23228615-001-02-8)",50,50,0.0848604103965296,0.135078031212485,0.349642151841918,0.86882050747906,"GDC-0980","BRD-K23228615-001-02-8","Higher MPCDS = greater resistance",50,0.0135492512028263,0.0120914114186046,0.268047065299816,0.926120965655263
"GEFITINIB (BRD:BRD-K64052750-001-22-5)",50,48,0.141453219128553,-0.156413581857713,0.278041127437028,0.827355377397704,"GEFITINIB","BRD-K64052750-001-22-5","Higher MPCDS = greater sensitivity",50,-0.0201554786061356,0.0202086872223247,0.323587917632725,0.927471102831342
"GEMCITABINE (BRD:BRD-K15108141-001-06-6)",42,42,0.144936429027294,-0.178996839802285,0.256705021214605,0.820464845078843,"GEMCITABINE","BRD-K15108141-001-06-6","Higher MPCDS = greater sensitivity",42,-0.0241198997897839,0.0228961807980583,0.298458571083192,0.926120965655263
"GENIPIN (BRD:BRD-K28824103-001-02-8)",44,44,0.0507870177939213,0.0272022551092319,0.860861885826806,0.985785202498155,"GENIPIN","BRD-K28824103-001-02-8","Higher MPCDS = greater resistance",44,0.000363758060556753,0.00807132440303086,0.964266747562623,0.992580507822158
"GENISTEIN (BRD:BRD-K43797669-001-28-8)",50,45,0.0396651837861015,-0.062477494162191,0.666446425860832,0.956861410958919,"GENISTEIN","BRD-K43797669-001-28-8","Higher MPCDS = greater sensitivity",50,-0.00109586206159834,0.00572299071568492,0.848954004505855,0.990502452946434
"GENZ-644282 (BRD:BRD-K99475619-001-01-2)",44,44,0.0917258186928085,-0.0931642001409443,0.547506154974781,0.931366670797781,"GENZ-644282","BRD-K99475619-001-01-2","Higher MPCDS = greater sensitivity",44,-0.00352571731135184,0.0145380286058627,0.809560089384603,0.990273286572071
"GESTRINONE (BRD:BRD-K97472745-001-01-8)",37,22,0.0493984312168007,0.114107585350433,0.501285721046311,0.931366670797781,"GESTRINONE","BRD-K97472745-001-01-8","Higher MPCDS = greater resistance",37,0.0110325905818023,0.00804086037872498,0.178773628973524,0.868867569310976
"GGTI-298 (BRD:BRD-K19669037-001-01-1)",44,41,0.0439426986233253,-0.0585830138614091,0.705628633555784,0.96366499509342,"GGTI-298","BRD-K19669037-001-01-1","Higher MPCDS = greater sensitivity",44,-0.000180144018069146,0.00702967187294316,0.97967683478088,0.997167058951485
"GIDAZEPAM (BRD:BRD-K22588750-001-07-0)",38,2,0.000273436432904755,0.0374797429881912,0.823223362258435,0.985785202498155,"GIDAZEPAM","BRD-K22588750-001-07-0","Higher MPCDS = greater resistance",38,1.10771094888717e-05,5.02549745441041e-05,0.826790765051589,0.990502452946434
"GILTERITINIB (BRD:BRD-K72280606-001-01-2)",43,40,0.0595824499044031,0.00800664759873989,0.959359982245929,0.998144120500538,"GILTERITINIB","BRD-K72280606-001-01-2","Higher MPCDS = greater resistance",43,-0.00303956525034236,0.00996680695548044,0.761932730158898,0.986518863295841
"GIMERACIL (BRD:BRD-K35687421-001-02-5)",38,10,0.00468279283905206,-0.055335381075566,0.741423886728296,0.968566411729104,"GIMERACIL","BRD-K35687421-001-02-5","Higher MPCDS = greater sensitivity",38,-0.000220599299880536,0.000773692269528605,0.777182076632171,0.986518863295841
"GINKGOLIDE-A (BRD:BRD-A95121829-001-08-9)",45,44,0.0471398355638242,-0.21364340075492,0.158786712701164,0.773567804894853,"GINKGOLIDE-A","BRD-A95121829-001-08-9","Higher MPCDS = greater sensitivity",45,-0.00891293140466159,0.00734955500452251,0.231858644962159,0.902693611872781
"GIVINOSTAT (BRD:BRD-K13810148-311-03-2)",41,41,0.082787729245743,-0.25,0.114927874488341,0.722690564468169,"GIVINOSTAT","BRD-K13810148-311-03-2","Higher MPCDS = greater sensitivity",41,-0.0133091214552145,0.0133549991937818,0.325119136045462,0.927471102831342
"GLASDEGIB (BRD:BRD-K34341643-001-01-4)",49,35,0.0482141028086825,-0.119577776103317,0.413141206975265,0.900517117121468,"GLASDEGIB","BRD-K34341643-001-01-4","Higher MPCDS = greater sensitivity",49,-0.00634773713220303,0.00691777752424934,0.363514383048077,0.928385419996185
"GOLGICIDE-A (BRD:BRD-A57886255-001-01-1)",41,41,0.0507303725755754,0.0815331010452962,0.612318610970057,0.943141955314152,"GOLGICIDE-A","BRD-A57886255-001-01-1","Higher MPCDS = greater resistance",41,0.00681155614586335,0.0082708840168711,0.415198460543136,0.938640046288849
"GOLVATINIB (BRD:BRD-K69001009-001-02-8)",49,49,0.0663494087343519,-0.172959183673469,0.234659573693634,0.816675299909548,"GOLVATINIB","BRD-K69001009-001-02-8","Higher MPCDS = greater sensitivity",49,-0.0107879398114646,0.00950079312293848,0.261932472717531,0.926120965655263
"GOSSYPOL (BRD:BRD-K19295594-015-14-3)",45,45,0.0278395910574388,0.262714097496706,0.08124307872278,0.665102467793126,"GOSSYPOL","BRD-K19295594-015-14-3","Higher MPCDS = greater resistance",45,0.0116520692990625,0.00404060534010589,0.0061156477443825,0.601460513071057
"GS-39783 (BRD:BRD-K75478907-001-02-3)",36,15,0.0145829882928862,0.465922548428917,0.00418477464625129,0.417374992375077,"GS-39783","BRD-K75478907-001-02-3","Higher MPCDS = greater resistance",36,0.00225927219674156,0.00251239392497487,0.374844018568825,0.928385419996185
"GSK 1904529A (BRD:BRD-K04833372-001-06-2)",42,40,0.0514509836583562,-0.243212581199592,0.120653027527461,0.740216669875986,"GSK 1904529A","BRD-K04833372-001-06-2","Higher MPCDS = greater sensitivity",42,-0.0130108009495607,0.00792545179232955,0.108503486262077,0.855343068908636
"GSK 650394 (BRD:BRD-K14991967-001-02-6)",42,42,0.0399318689227568,-0.0381654647111255,0.810358602760381,0.985785202498155,"GSK 650394","BRD-K14991967-001-02-6","Higher MPCDS = greater sensitivity",42,0.00208263376208977,0.00686129667318936,0.763056528053174,0.986518863295841
"GSK-1070916 (BRD:BRD-K36740062-001-06-6)",41,41,0.126266555408186,-0.256271777003484,0.105806628535733,0.698790433469257,"GSK-1070916","BRD-K36740062-001-06-6","Higher MPCDS = greater sensitivity",41,-0.0216136972041259,0.0203341212468256,0.294352407555505,0.926120965655263
"GSK-2141795 (BRD:BRD-K38332599-001-01-3)",50,50,0.0657118698902396,-0.130180072028812,0.367549811211345,0.879188917183284,"GSK-2141795","BRD-K38332599-001-01-3","Higher MPCDS = greater sensitivity",50,-0.00365246019720708,0.00947002879591231,0.70143312109799,0.981236357395638
"GSK-3-INHIBITOR-IX (BRD:BRD-K04923131-001-15-4)",42,42,0.0640509707101263,-0.0979661291629528,0.537089329792579,0.931366670797781,"GSK-3-INHIBITOR-IX","BRD-K04923131-001-15-4","Higher MPCDS = greater sensitivity",42,0.00999780940532611,0.0102334028474404,0.334451984691261,0.927471102831342
"GSK-J4 (BRD:BRD-K98203492-003-04-1)",42,42,0.0323555251445932,-0.123085649461146,0.437410793918233,0.914182210801533,"GSK-J4","BRD-K98203492-003-04-1","Higher MPCDS = greater sensitivity",42,-0.00378757446480411,0.00519634974658229,0.470314503234289,0.944741743020308
"GSK1292263 (BRD:BRD-K60341624-001-02-2)",45,45,0.0302676454597181,0.231357048748353,0.126227875911938,0.751108021955331,"GSK1292263","BRD-K60341624-001-02-2","Higher MPCDS = greater resistance",45,0.00596298187003606,0.00471209783740912,0.212519966656396,0.878423459094401
"GSK1838705A (BRD:BRD-K06749501-001-02-1)",42,39,0.0704072484232715,-0.069876789137951,0.66013624739404,0.953456565945253,"GSK1838705A","BRD-K06749501-001-02-1","Higher MPCDS = greater sensitivity",42,-0.00604659638010212,0.0111639938995846,0.591087456050172,0.960295085661133
"GSK256066 (BRD:BRD-K37590257-001-02-8)",42,39,0.0515381166444813,0.0345330767665512,0.828122153585306,0.985785202498155,"GSK256066","BRD-K37590257-001-02-8","Higher MPCDS = greater resistance",42,0.00372155202110616,0.00866247574995273,0.669779322693071,0.975756906432833
"GSK2656157 (BRD:BRD-K41104902-001-01-3)",41,41,0.03771089614526,0.0160278745644599,0.920772299440706,0.993691679377351,"GSK2656157","BRD-K41104902-001-01-3","Higher MPCDS = greater resistance",41,0.00158683292009236,0.0061551047871143,0.797910939329709,0.990107755278081
"GSK2830371 (BRD:BRD-K17472821-001-01-2)",38,14,0.014911922651808,0.0826600856241779,0.621747537154746,0.943431457853355,"GSK2830371","BRD-K17472821-001-01-2","Higher MPCDS = greater resistance",38,0.00154730046860486,0.00257276244003142,0.551331625785833,0.960295085661133
"GSK429286A (BRD:BRD-A10523515-001-07-9)",41,23,0.0545712172430679,0.0321245335895773,0.841959670258921,0.985785202498155,"GSK429286A","BRD-A10523515-001-07-9","Higher MPCDS = greater resistance",41,0.00285721847814268,0.00891284708448149,0.750245400972498,0.986518863295841
"GSK461364 (BRD:BRD-K92428232-001-10-6)",44,44,0.145168876337066,-0.132487667371388,0.391272378515978,0.890952210365322,"GSK461364","BRD-K92428232-001-10-6","Higher MPCDS = greater sensitivity",44,-0.0242658092325219,0.0227319089932201,0.291853704625619,0.926120965655263
"MOLIBRESIB (BRD:BRD-K08109215-001-06-4)",50,36,0.0562065370677884,-0.257361453892022,0.0711812079684936,0.653331130241485,"MOLIBRESIB","BRD-K08109215-001-06-4","Higher MPCDS = greater sensitivity",50,-0.0131032146815376,0.0078891811126618,0.103250850309351,0.855343068908636
"GSK923295 (BRD:BRD-K89015388-001-01-7)",41,41,0.0367511304863168,-0.017595818815331,0.913050001475359,0.993691679377351,"GSK923295","BRD-K89015388-001-01-7","Higher MPCDS = greater sensitivity",41,-0.00128380750266726,0.00600004208431852,0.831687994150037,0.990502452946434
"GTP-14564 (BRD:BRD-K16664969-001-03-3)",43,34,0.0655288379327105,0.182049695888986,0.242646487198255,0.818653908185033,"GTP-14564","BRD-K16664969-001-03-3","Higher MPCDS = greater resistance",43,0.0174445825096711,0.0102341139403968,0.0958459706201047,0.855343068908636
"GTPL5238 (BRD:BRD-K92991072-001-04-9)",44,41,0.0363516521269962,-0.223475516174088,0.144783141619164,0.771344232182843,"GTPL5238","BRD-K92991072-001-04-9","Higher MPCDS = greater sensitivity",44,-0.00282228816489263,0.00574909562037848,0.626045498219207,0.964177023995357
"GUANIDINE (BRD:BRD-K76037122-001-02-5)",41,24,0.0225340103441449,0.025671789689785,0.873414958876167,0.985785202498155,"GUANIDINE","BRD-K76037122-001-02-5","Higher MPCDS = greater resistance",41,0.00158352922002481,0.00369645068158288,0.670722662087814,0.975756906432833
"GW-3965 (BRD:BRD-K33818169-003-04-6)",42,30,0.0320745959132253,0.134647867146797,0.395233507325096,0.892686863911184,"GW-3965","BRD-K33818169-003-04-6","Higher MPCDS = greater resistance",42,0.00628108004670842,0.00531416778478479,0.244204634102122,0.923042513060167
"GW-405833 (BRD:BRD-K10705233-001-02-2)",42,40,0.0398982845617454,-0.103492991066937,0.514256001271067,0.931366670797781,"GW-405833","BRD-K10705233-001-02-2","Higher MPCDS = greater sensitivity",42,-0.00333041233416071,0.0063679892910309,0.603864481205276,0.960295085661133
"GW-441756 (BRD:BRD-K41312087-001-02-7)",42,31,0.0470042768688735,0.266701390372943,0.0877588319806151,0.677991152126094,"GW-441756","BRD-K41312087-001-02-7","Higher MPCDS = greater resistance",42,0.0138667179631999,0.00714892013167693,0.0594914018287006,0.855343068908636
"GW-501516 (BRD:BRD-K14880289-001-02-2)",40,19,0.017234787957099,-0.110639612959969,0.496726977952748,0.931366670797781,"GW-501516","BRD-K14880289-001-02-2","Higher MPCDS = greater sensitivity",40,-3.92463909990877e-05,0.00284280132161974,0.989057356523655,0.997167058951485
"GW-583340 (BRD:BRD-K79930101-300-03-7)",45,45,0.0514590797578425,-0.20961791831357,0.166971879183546,0.778462525709525,"GW-583340","BRD-K79930101-300-03-7","Higher MPCDS = greater sensitivity",45,-0.0114787805862158,0.00796901903598423,0.156988981336183,0.855343068908636
"GW-788388 (BRD:BRD-K78086729-001-02-7)",35,24,0.0158219255653917,-0.0434562681055756,0.804234308984328,0.985785202498155,"GW-788388","BRD-K78086729-001-02-7","Higher MPCDS = greater sensitivity",35,0.00113109620743599,0.00279198467216107,0.688001765656929,0.979943167701264
"GW-842166 (BRD:BRD-K26823213-001-02-9)",43,42,0.038676490645773,-0.0934798203558212,0.551019478308397,0.931366670797781,"GW-842166","BRD-K26823213-001-02-9","Higher MPCDS = greater sensitivity",43,-0.00174144468976259,0.00619085930267959,0.779900577782207,0.986518863295841
"GW-843682X (BRD:BRD-K90382497-001-10-7)",44,44,0.0570609924699329,-0.159126145172657,0.302199135341163,0.841997266116938,"GW-843682X","BRD-K90382497-001-10-7","Higher MPCDS = greater sensitivity",44,-0.00419945271099378,0.00902695007742751,0.644182249015313,0.970316358349426
"GX15-070 (BRD:BRD-K15600710-066-05-8)",50,50,0.0716591793539473,-0.00830732292917167,0.954340594792698,0.998144120500538,"GX15-070","BRD-K15600710-066-05-8","Higher MPCDS = greater sensitivity",50,0.00109188264669319,0.010341910866678,0.916356829145394,0.991567094778153
"OLVEREMBATINIB (BRD:BRD-K35329391-334-01-7)",43,43,0.147231459784191,-0.484898822108124,0.000982821847261708,0.283052692011372,"OLVEREMBATINIB","BRD-K35329391-334-01-7","Higher MPCDS = greater sensitivity",43,-0.0662790688464387,0.0211770870588633,0.00321896701912544,0.556888073118234
"HA14-1 (BRD:BRD-K18163608-001-05-6)",42,42,0.0460553277333997,-0.178186532695892,0.258900011564207,0.820464845078843,"HA14-1","BRD-K18163608-001-05-6","Higher MPCDS = greater sensitivity",42,-0.0054688760441588,0.0072782193115036,0.456808524747624,0.940515614270612
"HALCINONIDE (BRD:BRD-A88138582-001-04-8)",31,12,0.0480186453498505,-0.2549958485678,0.166228669812914,0.778462525709525,"HALCINONIDE","BRD-A88138582-001-04-8","Higher MPCDS = greater sensitivity",31,-0.00869838629569135,0.00892819225956243,0.337984278819853,0.927471102831342
"HALOBETASOL-PROPIONATE (BRD:BRD-K65877271-001-01-8)",42,40,0.0726078991604537,-0.420698603467871,0.00553387260451847,0.417374992375077,"HALOBETASOL-PROPIONATE","BRD-K65877271-001-01-8","Higher MPCDS = greater sensitivity",42,-0.0303893297959593,0.0105889945935125,0.00653058292081286,0.601460513071057
"HALOFANTRINE (BRD:BRD-A51964809-003-12-6)",42,39,0.0382262330147689,0.100680942122199,0.525812550110758,0.931366670797781,"HALOFANTRINE","BRD-A51964809-003-12-6","Higher MPCDS = greater resistance",42,0.00268263059878398,0.00616395444923498,0.665747472663019,0.975756906432833
"HALOFUGINONE (BRD:BRD-K54247840-004-01-3)",39,39,0.0589025388026832,-0.431781376518219,0.00605617867229709,0.417374992375077,"HALOFUGINONE","BRD-K54247840-004-01-3","Higher MPCDS = greater sensitivity",39,-0.0205219580662135,0.00893483154631584,0.0273863653849577,0.855343068908636
"HARRINGTONINE (BRD:BRD-K96358241-001-01-9)",45,45,0.05886875160912,-0.211857707509881,0.162380706619522,0.778462525709525,"HARRINGTONINE","BRD-K96358241-001-01-9","Higher MPCDS = greater sensitivity",45,-0.00530109025408908,0.00929876849088148,0.571586743073428,0.960295085661133
"HESPERADIN (BRD:BRD-K58122457-001-02-2)",43,43,0.141841086508986,-0.320144971307762,0.0363575954753921,0.55881405574588,"HESPERADIN","BRD-K58122457-001-02-2","Higher MPCDS = greater sensitivity",43,-0.0346734653394131,0.022053969710835,0.123588105620205,0.855343068908636
"HEXACHLOROPHENE (BRD:BRD-K99792991-001-34-9)",45,45,0.0501099763561833,0.115151515151515,0.451309561728905,0.921827109867092,"HEXACHLOROPHENE","BRD-K99792991-001-34-9","Higher MPCDS = greater resistance",45,0.00825076666248817,0.00784484616298773,0.298792002749627,0.926120965655263
"HEXAMETHYLENEBISACETAMIDE (BRD:BRD-K04710043-001-17-8)",49,37,0.0501371863754731,-0.05644495540669,0.700072893388515,0.96366499509342,"HEXAMETHYLENEBISACETAMIDE","BRD-K04710043-001-17-8","Higher MPCDS = greater sensitivity",49,-0.00425430173982671,0.00727140322659499,0.561297197114165,0.960295085661133
"HEXAMINOLEVULINATE (BRD:BRD-K73753850-003-01-6)",45,45,0.0475775962008552,0.0200263504611331,0.896112733190652,0.993381320857998,"HEXAMINOLEVULINATE","BRD-K73753850-003-01-6","Higher MPCDS = greater resistance",45,0.00330064706917917,0.00752677978891072,0.663204429979143,0.975756906432833
"HEXYLRESORCINOL (BRD:BRD-K99946902-001-07-5)",19,18,0.0426072190431143,NA,NA,NA,"HEXYLRESORCINOL","BRD-K99946902-001-07-5","Not tested",19,NA,NA,NA,NA
"HMN-214 (BRD:BRD-K70511574-001-06-9)",43,43,0.0669603965785867,0.059347629115071,0.705405124457839,0.96366499509342,"HMN-214","BRD-K70511574-001-06-9","Higher MPCDS = greater resistance",43,0.0162454072481557,0.0104159543888002,0.126525438657206,0.855343068908636
"HOMOHARRINGTONINE (BRD:BRD-K76674262-001-03-3)",50,50,0.102917241188397,-0.0311644657863145,0.829888574169317,0.985785202498155,"HOMOHARRINGTONINE","BRD-K76674262-001-03-3","Higher MPCDS = greater sensitivity",50,-0.00367532219157822,0.0148453489774707,0.805520023404744,0.990107755278081
"HOMOQUINOLINIC-ACID (BRD:BRD-K30519779-001-03-1)",42,37,0.0250206178692655,-0.116444309398577,0.462720204046183,0.923562159101563,"HOMOQUINOLINIC-ACID","BRD-K30519779-001-03-1","Higher MPCDS = greater sensitivity",42,-0.00103227792381243,0.00397852207995279,0.796609054480431,0.990107755278081
"HOMOSALATE (BRD:BRD-A34751532-001-06-9)",38,12,0.0127810241488782,-0.00587434122341049,0.972077775339906,0.998144120500538,"HOMOSALATE","BRD-A34751532-001-06-9","Higher MPCDS = greater sensitivity",38,0.00201427263195598,0.00221901943834998,0.370056975947635,0.928385419996185
"HYDROCORTISONE (BRD:BRD-K93568044-001-32-0)",29,11,0.0454813412988973,NA,NA,NA,"HYDROCORTISONE","BRD-K93568044-001-32-0","Not tested",29,NA,NA,NA,NA
"HYDROXYTACRINE-MALEATE-(R,S) (BRD:BRD-A98299281-050-09-6)",39,27,0.0489054437805374,-0.187494352065075,0.253047824509444,0.820464845078843,"HYDROXYTACRINE-MALEATE-(R,S)","BRD-A98299281-050-09-6","Higher MPCDS = greater sensitivity",39,-0.00520999535302687,0.00833964836920723,0.53598468304704,0.960295085661133
"HYDROXYUREA (BRD:BRD-K51747290-001-13-1)",42,42,0.0572367089206703,-0.0559922210517786,0.724690808117252,0.96366499509342,"HYDROXYUREA","BRD-K51747290-001-13-1","Higher MPCDS = greater sensitivity",42,-0.0026654633979957,0.00921201911177082,0.773810874422154,0.986518863295841
"HYODEOXYCHOLIC-ACID (BRD:BRD-K44009692-001-02-3)",40,34,0.0370635509534458,0.109857416330977,0.499793819225408,0.931366670797781,"HYODEOXYCHOLIC-ACID","BRD-K44009692-001-02-3","Higher MPCDS = greater resistance",40,0.00110899779974146,0.00612042334940341,0.857176553586681,0.990502452946434
"HYOSCYAMINE (BRD:BRD-K40530731-001-11-6)",45,45,0.0898750684417592,0.00250329380764163,0.986979046821396,0.998144120500538,"HYOSCYAMINE","BRD-K40530731-001-11-6","Higher MPCDS = greater resistance",45,-0.0027442272516978,0.0142438543432045,0.848131971839394,0.990502452946434
"HYPERICIN (BRD:BRD-K29673530-001-05-4)",36,16,0.0413832443065001,0.178799313761598,0.296775846536332,0.841997266116938,"HYPERICIN","BRD-K29673530-001-05-4","Higher MPCDS = greater resistance",36,0.00717544511057584,0.0070001480129114,0.312581391721806,0.927471102831342
"I-BET151 (BRD:BRD-K36363294-001-04-2)",38,29,0.039152341942478,-0.322985852109262,0.047942618095494,0.588939538351176,"I-BET151","BRD-K36363294-001-04-2","Higher MPCDS = greater sensitivity",38,-0.00697288276913793,0.00657395446171635,0.295898445863935,0.926120965655263
"IBUTILIDE (BRD:BRD-A74391928-051-01-3)",39,39,0.0376296917307526,-0.236437246963563,0.147296203147171,0.771344232182843,"IBUTILIDE","BRD-A74391928-051-01-3","Higher MPCDS = greater sensitivity",39,-0.00917470671433717,0.00591198610327117,0.129203031718252,0.855343068908636
"ICARIIN (BRD:BRD-K65639003-001-09-0)",50,48,0.0548002306043087,-0.220477357785926,0.12390673344533,0.748034341410115,"ICARIIN","BRD-K65639003-001-09-0","Higher MPCDS = greater sensitivity",50,-0.0126088279701237,0.00769751411645511,0.1079533220007,0.855343068908636
"ICG-001 (BRD:BRD-K94455792-001-01-8)",44,44,0.0379542513957529,-0.223819591261452,0.14414936147951,0.771344232182843,"ICG-001","BRD-K94455792-001-01-8","Higher MPCDS = greater sensitivity",44,-0.00746349207128704,0.00590855920908702,0.213496933415107,0.878423459094401
"ICI-162846 (BRD:BRD-K11071038-001-01-7)",42,25,0.022808331392456,-0.249438728208666,0.111146912748906,0.714515867671537,"ICI-162846","BRD-K11071038-001-01-7","Higher MPCDS = greater sensitivity",42,-0.00524991578759831,0.00366505020921161,0.159790872981888,0.855343068908636
"TAMOXIFEN (BRD:BRD-K93754473-048-20-2)",39,24,0.021752899709039,-0.219216833447821,0.17997125481572,0.778462525709525,"TAMOXIFEN","BRD-K93754473-048-20-2","Higher MPCDS = greater sensitivity",39,-0.00499903684724994,0.00349627927058383,0.16116006412283,0.855343068908636
"ICOTINIB (BRD:BRD-K31698212-001-02-9)",50,49,0.0910624946713078,-0.158323129052335,0.272142579245864,0.826000004124565,"ICOTINIB","BRD-K31698212-001-02-9","Higher MPCDS = greater sensitivity",50,-0.012243967075748,0.0130243867466076,0.35188345596809,0.928385419996185
"IDARUBICIN (BRD:BRD-K69650333-003-14-0)",40,40,0.0593037847787787,-0.0607879924953096,0.709438133046332,0.96366499509342,"IDARUBICIN","BRD-K69650333-003-14-0","Higher MPCDS = greater sensitivity",40,-0.000666253276299297,0.00971477518116293,0.945682407155587,0.991567094778153
"IDASANUTLIN (BRD:BRD-K62627508-001-01-5)",49,40,0.12775144069181,0.157552323370273,0.279623567898538,0.828514275254928,"IDASANUTLIN","BRD-K62627508-001-01-5","Higher MPCDS = greater resistance",49,0.0238330119254066,0.0181883609731084,0.196447187601703,0.873439252662257
"IDAZOXAN (BRD:BRD-A18696154-003-22-6)",43,43,0.0453053534335172,-0.321353065539112,0.0356190541711254,0.55881405574588,"IDAZOXAN","BRD-A18696154-003-22-6","Higher MPCDS = greater sensitivity",43,-0.0138619078543645,0.0069228829870047,0.0518931391691069,0.855343068908636
"IDOXURIDINE (BRD:BRD-K76634210-001-14-7)",42,40,0.0615793391017105,-0.187130239916647,0.235361284348932,0.816675299909548,"IDOXURIDINE","BRD-K76634210-001-14-7","Higher MPCDS = greater sensitivity",42,-0.00866182647861741,0.00982893822173369,0.383443215890531,0.928385419996185
"IDRA-21 (BRD:BRD-A14344385-001-03-2)",43,41,0.0477247921558275,-0.195136688526838,0.209846672295154,0.805277260014622,"IDRA-21","BRD-A14344385-001-03-2","Higher MPCDS = greater sensitivity",43,-0.0171147428581956,0.00715808063155351,0.02147795534424,0.855343068908636
"IDRONOXIL (BRD:BRD-K74671368-001-01-8)",45,44,0.044368178331781,0.0984222142238207,0.520080237497121,0.931366670797781,"IDRONOXIL","BRD-K74671368-001-01-8","Higher MPCDS = greater resistance",45,0.00496851225672059,0.00699380360178829,0.481281460668101,0.951824355158289
"IEM1754 (BRD:BRD-K80060353-303-03-9)",40,40,0.04042351028325,0.115009380863039,0.479772742068737,0.931366670797781,"IEM1754","BRD-K80060353-303-03-9","Higher MPCDS = greater resistance",40,0.00863429611767507,0.00636171556439638,0.182715913305181,0.86966237797716
"IFOSFAMIDE (BRD:BRD-A67097164-001-18-7)",35,10,0.0162747343065146,-0.0778359050580448,0.656727941349942,0.951396615235329,"IFOSFAMIDE","BRD-A67097164-001-18-7","Higher MPCDS = greater sensitivity",35,-0.000330499894700262,0.00275887519437892,0.905371775657053,0.991567094778153
"IKK-16 (BRD:BRD-K14618467-001-04-6)",43,43,0.0468785583244449,-0.249622470552703,0.106457746016199,0.698790433469257,"IKK-16","BRD-K14618467-001-04-6","Higher MPCDS = greater sensitivity",43,-0.00810121403850331,0.00746995520682137,0.284476523286352,0.926120965655263
"IKK-2-INHIBITOR-V (BRD:BRD-K74305673-001-06-2)",45,45,0.0462588516339819,0.0757575757575757,0.620876639644388,0.943431457853355,"IKK-2-INHIBITOR-V","BRD-K74305673-001-06-2","Higher MPCDS = greater resistance",45,0.00120920048759134,0.0073321813400659,0.869782263176542,0.991567094778153
"ILOMASTAT (BRD:BRD-K51662849-001-08-8)",44,33,0.0265069516852362,0.0100382506449419,0.948436045005183,0.998144120500538,"ILOMASTAT","BRD-K51662849-001-08-8","Higher MPCDS = greater resistance",44,0.00255645979343781,0.00423379126814809,0.549209115109085,0.960295085661133
"IMATINIB (BRD:BRD-K92723993-001-17-4)",46,41,0.0230701006387326,0.143911181384901,0.339997202766078,0.8673140628608,"IMATINIB","BRD-K92723993-001-17-4","Higher MPCDS = greater resistance",46,0.00209369103437148,0.00368642708680552,0.57295873273452,0.960295085661133
"IMIDAPRIL (BRD:BRD-K34332569-001-01-3)",44,15,0.0135704209599423,0.0829559871834312,0.592407381514306,0.942615060089062,"IMIDAPRIL","BRD-K34332569-001-01-3","Higher MPCDS = greater resistance",44,-0.00188796403309558,0.00213583606627257,0.381757494871602,0.928385419996185
"IMILOXAN (BRD:BRD-A10903566-003-07-7)",36,25,0.0688004129681485,-0.0784194487635058,0.649387997632333,0.951396615235329,"IMILOXAN","BRD-A10903566-003-07-7","Higher MPCDS = greater sensitivity",36,-0.00528580645366131,0.011431779167609,0.646755534404669,0.971144910889179
"IMIQUIMOD (BRD:BRD-K26657438-001-15-2)",47,36,0.0296497126550742,-0.20195419939612,0.173412374733575,0.778462525709525,"IMIQUIMOD","BRD-K26657438-001-15-2","Higher MPCDS = greater sensitivity",47,-0.0102841744721257,0.00424392257046861,0.0194664912700666,0.855343068908636
"INDIBULIN (BRD:BRD-K74057757-001-01-9)",45,45,0.0802517750900415,0.0341238471673254,0.823899070988726,0.985785202498155,"INDIBULIN","BRD-K74057757-001-01-9","Higher MPCDS = greater resistance",45,0.00771969068667436,0.012669618313462,0.545526904819004,0.960295085661133
"INDIPLON (BRD:BRD-K90948141-001-01-4)",41,40,0.0442228992287849,0.290256544549902,0.0656320411338516,0.653331130241485,"INDIPLON","BRD-K90948141-001-01-4","Higher MPCDS = greater resistance",41,0.0103913721619369,0.00702548054177823,0.147146715433168,0.855343068908636
"INDIRUBIN (BRD:BRD-K17894950-001-14-3)",49,44,0.0907350793617583,0.224588370032682,0.120799248208928,0.740216669875986,"INDIRUBIN","BRD-K17894950-001-14-3","Higher MPCDS = greater resistance",49,0.0170494838701849,0.0130647285262056,0.198245798291307,0.873439252662257
"INDISULAM (BRD:BRD-K17610631-001-03-3)",50,50,0.117560064326955,0.0883073229291717,0.54197656831264,0.931366670797781,"INDISULAM","BRD-K17610631-001-03-3","Higher MPCDS = greater resistance",50,0.00992991587324806,0.0169076939434561,0.559753808642592,0.960295085661133
"INDOPROFEN (BRD:BRD-A44090213-001-25-6)",43,42,0.062273124765376,0.0858534375965821,0.584102789641182,0.939293015189809,"INDOPROFEN","BRD-A44090213-001-25-6","Higher MPCDS = greater resistance",43,0.000253814023156314,0.00998672961597407,0.979847143329206,0.997167058951485
"INDOXIMOD (BRD:BRD-K93255255-001-02-1)",50,37,0.0490589391997064,0.00213631188661648,0.98825242152752,0.998144120500538,"INDOXIMOD","BRD-K93255255-001-02-1","Higher MPCDS = greater resistance",50,-0.00609563331806286,0.00702617542042524,0.389951562441686,0.928385419996185
"INGENOL-MEBUTATE (BRD:BRD-K93779381-001-01-9)",43,40,0.169319724107578,-0.193594696184626,0.213541846598181,0.805277260014622,"INGENOL-MEBUTATE","BRD-K93779381-001-01-9","Higher MPCDS = greater sensitivity",43,-0.028701527515805,0.0267814651187263,0.290125677091457,0.926120965655263
"INH1 (BRD:BRD-K70177501-003-01-4)",37,24,0.00983981424422149,0.014137123380729,0.93381550704286,0.996808250661022,"INH1","BRD-K70177501-003-01-4","Higher MPCDS = greater resistance",37,7.4612464190682e-05,0.00179710295201551,0.967118737226569,0.992721838877132
"INIPARIB (BRD:BRD-K11153516-001-05-5)",48,42,0.0540130473728113,-0.00152207177831138,0.991808062649544,0.998743783367373,"INIPARIB","BRD-K11153516-001-05-5","Higher MPCDS = greater sensitivity",48,0.00200082828365014,0.0079235535788247,0.80176680784654,0.990107755278081
"INOSINE (BRD:BRD-K79612754-001-19-1)",42,42,0.0491358972749782,-0.239931934203063,0.125901865605452,0.751108021955331,"INOSINE","BRD-K79612754-001-19-1","Higher MPCDS = greater sensitivity",42,-0.0110146545797505,0.00767399270737367,0.158969093762859,0.855343068908636
"IOBENGUANE (BRD:BRD-K43860855-065-11-9)",19,7,0.0263973426976156,NA,NA,NA,"IOBENGUANE","BRD-K43860855-065-11-9","Not tested",19,NA,NA,NA,NA
"IODIPAMIDE (BRD:BRD-K67261995-001-11-7)",39,39,0.065326439530424,-0.0759109311740891,0.646016270970216,0.951396615235329,"IODIPAMIDE","BRD-K67261995-001-11-7","Higher MPCDS = greater sensitivity",39,-0.00373891001896474,0.0105743197523378,0.725657536107416,0.986518863295841
"IODODEXETIMIDE (BRD:BRD-A46813902-001-01-6)",43,34,0.0147834436870508,-0.384158289822501,0.0109814641040308,0.433282409460274,"IODODEXETIMIDE","BRD-A46813902-001-01-6","Higher MPCDS = greater sensitivity",43,-0.006891227364276,0.00224651859154539,0.0038143705705288,0.556888073118234
"IOWH032 (BRD:BRD-K84892605-001-01-1)",41,37,0.0286656159549145,0.234699304542364,0.139661131249412,0.771344232182843,"IOWH032","BRD-K84892605-001-01-1","Higher MPCDS = greater resistance",41,0.00869411998134409,0.00444526628585335,0.0576776359590848,0.855343068908636
"IPATASERTIB (BRD:BRD-K71480163-001-01-4)",42,39,0.0614989718224876,0.126702345037839,0.42395724042283,0.906842521355457,"IPATASERTIB","BRD-K71480163-001-01-4","Higher MPCDS = greater resistance",42,0.0069588662848363,0.0107114402219479,0.519621133120883,0.960295085661133
"IPRONIAZID (BRD:BRD-K88568253-011-19-9)",33,3,0.00159919350766661,-0.137351417654927,0.445926509239116,0.919962999003334,"IPRONIAZID","BRD-K88568253-011-19-9","Higher MPCDS = greater sensitivity",33,-0.000220778240034337,0.000274198746162009,0.426850975527087,0.938640046288849
"IPSAPIRONE (BRD:BRD-K90574421-001-03-5)",35,25,0.0286513576860633,-0.076254001140171,0.663289533507252,0.95562208689685,"IPSAPIRONE","BRD-K90574421-001-03-5","Higher MPCDS = greater sensitivity",35,-0.00158938089917056,0.00489333798501163,0.747378796456964,0.986518863295841
"IRINOTECAN (BRD:BRD-K08547377-001-04-4)",50,50,0.13961228541761,0.0258823529411765,0.858395746142187,0.985785202498155,"IRINOTECAN","BRD-K08547377-001-04-4","Higher MPCDS = greater resistance",50,0.0140583501921853,0.0200488741524109,0.486561471573962,0.951824355158289
"ISOETHARINE (BRD:BRD-A24587114-066-22-5)",42,15,0.00793460254716325,-0.143518776223497,0.364541605234995,0.87736999914943,"ISOETHARINE","BRD-A24587114-066-22-5","Higher MPCDS = greater sensitivity",42,-0.00166308740863077,0.00125104135367822,0.191260856186971,0.873439252662257
"ISOFLOXYTHEPIN (BRD:BRD-A07704283-001-01-3)",44,44,0.0339708929036574,0.147991543340381,0.337711327179713,0.865310162168659,"ISOFLOXYTHEPIN","BRD-A07704283-001-01-3","Higher MPCDS = greater resistance",44,0.00723400822476027,0.00532129293410063,0.181259984576508,0.868867569310976
"ISOFLUPREDONE-ACETATE (BRD:BRD-K29173907-001-09-2)",36,13,0.0900100537531121,-0.112281164581038,0.514415357266149,0.931366670797781,"ISOFLUPREDONE-ACETATE","BRD-K29173907-001-09-2","Higher MPCDS = greater sensitivity",36,-0.0111883092616871,0.015581170179217,0.477622027951776,0.95040999432375
"ISOMETHEPTENE-MUCATE (BRD:BRD-A64743628-001-01-5)",32,6,0.0189526576922152,0.00289957650718332,0.987433921441317,0.998144120500538,"ISOMETHEPTENE-MUCATE","BRD-A64743628-001-01-5","Higher MPCDS = greater resistance",32,-0.0026471003373497,0.00362250640902954,0.47060856618249,0.944741743020308
"ISOPROPYL-MYRISTATE (BRD:BRD-K13409143-001-01-9)",41,41,0.0452587990212917,-0.0881533101045296,0.583644214135454,0.939293015189809,"ISOPROPYL-MYRISTATE","BRD-K13409143-001-01-9","Higher MPCDS = greater sensitivity",41,-0.00187481278734281,0.00719878821192246,0.795898814681804,0.990107755278081
"ISOXSUPRINE (BRD:BRD-A16700644-003-04-4)",26,20,0.0358320519844431,NA,NA,NA,"ISOXSUPRINE","BRD-A16700644-003-04-4","Not tested",26,NA,NA,NA,NA
"ISPINESIB (BRD:BRD-K64881305-001-03-7)",50,50,0.138376594021888,0.0593997599039616,0.681983200982857,0.95899383859975,"ISPINESIB","BRD-K64881305-001-03-7","Higher MPCDS = greater resistance",50,0.016986581710977,0.0198218828018402,0.395724796297868,0.928730268435337
"ISTRADEFYLLINE (BRD:BRD-K87774949-001-03-9)",37,37,0.0614489569264592,-0.0170697012802276,0.920126498253498,0.993691679377351,"ISTRADEFYLLINE","BRD-K87774949-001-03-9","Higher MPCDS = greater sensitivity",37,0.000489499847972797,0.0103364511533907,0.962498162595225,0.992580507822158
"ITACITINIB (BRD:BRD-K67482377-001-01-8)",49,47,0.0669628633133735,-0.207980407246895,0.151568253612426,0.771344232182843,"ITACITINIB","BRD-K67482377-001-01-8","Higher MPCDS = greater sensitivity",49,-0.0136898719563073,0.00950416710518771,0.156380890657563,0.855343068908636
"ITRACONAZOLE (BRD:BRD-A23067620-300-01-3)",38,9,0.00492976561827152,-0.0314672229264848,0.85123455143093,0.985785202498155,"ITRACONAZOLE","BRD-A23067620-300-01-3","Higher MPCDS = greater sensitivity",38,5.50073809789486e-05,0.000862098894870724,0.94947740879754,0.991567094778153
"IVERMECTIN (BRD:BRD-K85554912-001-06-3)",44,44,0.0673622963744057,-0.0404510218463707,0.794320901083562,0.985785202498155,"IVERMECTIN","BRD-K85554912-001-06-3","Higher MPCDS = greater sensitivity",44,0.000798954921042243,0.0107050987857526,0.94086096787831,0.991567094778153
"IVOSIDENIB (BRD:BRD-K93073858-001-01-1)",50,49,0.0417903273081731,0.164469735215119,0.253722332911174,0.820464845078843,"IVOSIDENIB","BRD-K93073858-001-01-1","Higher MPCDS = greater resistance",50,0.00615360776406848,0.00596616251596282,0.307513973068422,0.926120965655263
"IXABEPILONE (BRD:BRD-K03601870-001-01-2)",45,45,0.050695548768996,-0.0938076416337286,0.539924806191835,0.931366670797781,"IXABEPILONE","BRD-K03601870-001-01-2","Higher MPCDS = greater sensitivity",45,0.00141555034264693,0.00803505410339314,0.860986029095567,0.990502452946434
"IXAZOMIB (BRD:BRD-K78659596-001-03-9)",45,45,0.138690428250684,-0.0872200263504611,0.568872565116224,0.934808888381348,"IXAZOMIB","BRD-K78659596-001-03-9","Higher MPCDS = greater sensitivity",45,-0.00144443048902811,0.0219887403967168,0.947929455703199,0.991567094778153
"IXAZOMIB-CITRATE (BRD:BRD-A66419424-001-02-4)",41,41,0.0661137352827416,0.00714285714285714,0.964647179352232,0.998144120500538,"IXAZOMIB-CITRATE","BRD-A66419424-001-02-4","Higher MPCDS = greater resistance",41,0.00548986797392821,0.0107643203552383,0.61292160319106,0.962021628449171
"JIB04 (BRD:BRD-K76180386-001-01-6)",42,42,0.0698003656244587,-0.143667449963536,0.364039757200948,0.87736999914943,"JIB04","BRD-K76180386-001-01-6","Higher MPCDS = greater sensitivity",42,-0.00525269757212177,0.011147658276612,0.640062809644083,0.968599114343309
"JK-184 (BRD:BRD-K38860038-001-01-2)",43,43,0.0995364581316404,-0.172757475083056,0.267939676751578,0.824429774620239,"JK-184","BRD-K38860038-001-01-2","Higher MPCDS = greater sensitivity",43,-0.00298946692599926,0.0159291479813752,0.852058925010744,0.990502452946434
"JNJ-16259685 (BRD:BRD-K25596805-001-01-8)",37,13,0.0117856139026485,-0.0558676160601324,0.742592394571487,0.968566411729104,"JNJ-16259685","BRD-K25596805-001-01-8","Higher MPCDS = greater sensitivity",37,0.000697553520397292,0.0019969206759393,0.728946156524324,0.986518863295841
"JNJ-26481585 (BRD:BRD-K83837640-001-04-8)",35,35,0.0646330184077032,-0.281232492997199,0.101715874471085,0.698790433469257,"JNJ-26481585","BRD-K83837640-001-04-8","Higher MPCDS = greater sensitivity",35,-0.0164403385297603,0.0106775896765832,0.133167374468352,0.855343068908636
"SERDEMETAN (BRD:BRD-K65924316-001-03-1)",26,26,0.0711477150783714,NA,NA,NA,"SERDEMETAN","BRD-K65924316-001-03-1","Not tested",26,NA,NA,NA,NA
"JNJ-7706621 (BRD:BRD-K11636097-001-03-1)",42,42,0.0653048704193112,-0.277043999675877,0.0756972819240889,0.653331130241485,"JNJ-7706621","BRD-K11636097-001-03-1","Higher MPCDS = greater sensitivity",42,-0.00946997702730999,0.0102844166513919,0.362670861008768,0.928385419996185
"JOSAMYCIN (BRD:BRD-K25837718-001-03-8)",41,38,0.0207504495086906,-0.0803485915055079,0.61751158724214,0.943141955314152,"JOSAMYCIN","BRD-K25837718-001-03-8","Higher MPCDS = greater sensitivity",41,-0.00254892756951213,0.00336867399462129,0.453802877748097,0.940351522532128
"JQ1-(+) (BRD:BRD-K54606188-001-13-1)",44,35,0.0834803299162646,-0.28247869164432,0.0631908257600179,0.653331130241485,"JQ1-(+)","BRD-K54606188-001-13-1","Higher MPCDS = greater sensitivity",44,-0.0229177120409507,0.0127994289524631,0.0805792030225562,0.855343068908636
"JTC-801 (BRD:BRD-K17705806-003-04-4)",42,42,0.0352264047043719,-0.051454501255976,0.746230067631184,0.968955182496758,"JTC-801","BRD-K17705806-003-04-4","Higher MPCDS = greater sensitivity",42,-0.00163942374858087,0.00568896234140117,0.774699842676177,0.986518863295841
"JTE-607 (BRD:BRD-K81405859-300-01-4)",44,44,0.100516282522496,-0.277519379844961,0.0681716224220773,0.653331130241485,"JTE-607","BRD-K81405859-300-01-4","Higher MPCDS = greater sensitivity",44,-0.0236522880096316,0.0156604316517346,0.138448911818855,0.855343068908636
"JZL-184 (BRD:BRD-K45446451-001-05-0)",41,34,0.0323367339488455,-0.190594045901384,0.232620526671171,0.816675299909548,"JZL-184","BRD-K45446451-001-05-0","Higher MPCDS = greater sensitivity",41,-0.00404894120992839,0.00561120640758865,0.474856086536073,0.949712173072146
"K-858 (BRD:BRD-A67748489-001-10-0)",42,42,0.0576579838274228,-0.279474920995057,0.0730607198477551,0.653331130241485,"K-858","BRD-A67748489-001-10-0","Higher MPCDS = greater sensitivity",42,-0.0131087130009484,0.00893873913941405,0.150328865879574,0.855343068908636
"K-RAS(G12C)-INHIBITOR-6 (BRD:BRD-K26305185-001-02-1)",44,40,0.0154766288694185,-0.188716549043174,0.2198878995019,0.806540649185087,"K-RAS(G12C)-INHIBITOR-6","BRD-K26305185-001-02-1","Higher MPCDS = greater sensitivity",44,-0.00301118702914247,0.00241087784568353,0.218581684028744,0.887075809400971
"KD-023 (BRD:BRD-K71164191-001-01-0)",44,44,0.0833659219991722,0.1092318534179,0.480300380849442,0.931366670797781,"KD-023","BRD-K71164191-001-01-0","Higher MPCDS = greater resistance",44,0.0114950109186695,0.013224457559921,0.389665214715284,0.928385419996185
"KD025 (BRD:BRD-K88506063-001-01-8)",44,44,0.0324125019335596,-0.16138125440451,0.295309937220895,0.841997266116938,"KD025","BRD-K88506063-001-01-8","Higher MPCDS = greater sensitivity",44,-0.00432150710371861,0.00514464834274789,0.405664551462382,0.934651126569329
"KENPAULLONE (BRD:BRD-K37312348-001-15-0)",42,40,0.0487704457525003,0.0290947406366723,0.854873556206155,0.985785202498155,"KENPAULLONE","BRD-K37312348-001-15-0","Higher MPCDS = greater resistance",42,0.00550545614639628,0.00783625682621352,0.48639750106409,0.951824355158289
"KETOCONAZOLE (BRD:BRD-A38350138-001-04-9)",32,32,0.0590500206049441,0.167521994134897,0.359434054121267,0.875935908771118,"KETOCONAZOLE","BRD-A38350138-001-04-9","Higher MPCDS = greater resistance",32,0.00292427523604045,0.0103414665725993,0.779293731271984,0.986518863295841
"KETOPROFEN (BRD:BRD-A97739905-001-26-5)",42,41,0.0474384410693842,-0.312061910227378,0.0442290765091309,0.588939538351176,"KETOPROFEN","BRD-A97739905-001-26-5","Higher MPCDS = greater sensitivity",42,-0.0124640796772519,0.00735923004094468,0.0981034137245734,0.855343068908636
"KF-38789 (BRD:BRD-A54927599-001-16-9)",42,42,0.0476060908739775,-0.0203387083704724,0.898271503489038,0.993691679377351,"KF-38789","BRD-A54927599-001-16-9","Higher MPCDS = greater sensitivity",42,-0.000747571436227154,0.0076953148549461,0.923095344676337,0.991567094778153
"KI-16425 (BRD:BRD-A25569250-001-03-3)",45,43,0.0464671368860429,0.0353142709614804,0.817858029277905,0.985785202498155,"KI-16425","BRD-A25569250-001-03-3","Higher MPCDS = greater resistance",45,0.000612641868793028,0.00736693173031599,0.934109410223864,0.991567094778153
"KI-8751 (BRD:BRD-K47150025-001-05-3)",45,45,0.038524717961684,-0.179051383399209,0.239254075629614,0.817539523837169,"KI-8751","BRD-K47150025-001-05-3","Higher MPCDS = greater sensitivity",45,-0.00396172362753765,0.00607827467132672,0.518009177215768,0.960295085661133
"KIFUNENSINE (BRD:BRD-K02898090-001-02-7)",43,38,0.0532185964630598,-0.268249582698634,0.0819940450089319,0.666059522366937,"KIFUNENSINE","BRD-K02898090-001-02-7","Higher MPCDS = greater sensitivity",43,-0.0121434970596792,0.00830666037215617,0.151391969837377,0.855343068908636
"KIN001-167 (BRD:BRD-K63068307-001-08-9)",42,42,0.0472032445298895,-0.164087189044648,0.299096309665164,0.841997266116938,"KIN001-167","BRD-K63068307-001-08-9","Higher MPCDS = greater sensitivity",42,-0.00816699879690494,0.0075210463562311,0.284030417309517,0.926120965655263
"KIN001-201 (BRD:BRD-K52751261-001-06-1)",41,36,0.0184568287745897,-0.234155125673135,0.140608005154662,0.771344232182843,"KIN001-201","BRD-K52751261-001-06-1","Higher MPCDS = greater sensitivity",41,-0.00219509856554862,0.00299015145225808,0.467272844310551,0.944741743020308
"KP-1212 (BRD:BRD-K46690591-001-01-2)",35,35,0.0568062376360925,-0.189915966386555,0.274509717917342,0.826974882428813,"KP-1212","BRD-K46690591-001-01-2","Higher MPCDS = greater sensitivity",35,-0.00794826087150098,0.00961679982414086,0.414458062444061,0.938640046288849
"KPT-185 (BRD:BRD-K71467466-001-02-3)",42,42,0.0848103198339871,0.12503038651649,0.43014750945768,0.906842521355457,"KPT-185","BRD-K71467466-001-02-3","Higher MPCDS = greater resistance",42,0.0162385431763935,0.0134682830734335,0.235021818456637,0.907322838009536
"KPT-276 (BRD:BRD-K75352575-001-01-3)",42,42,0.0679494793004477,0.233449477351916,0.136773672221609,0.769351906246553,"KPT-276","BRD-K75352575-001-01-3","Higher MPCDS = greater resistance",42,0.0206670467403056,0.0103799159100874,0.0533352705398346,0.855343068908636
"KU-0063794 (BRD:BRD-K67566344-001-07-5)",43,43,0.0503026793690743,-0.0996677740863787,0.524846143628275,0.931366670797781,"KU-0063794","BRD-K67566344-001-07-5","Higher MPCDS = greater sensitivity",43,-0.00379018791216519,0.00797319509543568,0.637048821893715,0.968599114343309
"KW-2449 (BRD:BRD-K21718444-001-06-8)",42,42,0.0497804900190957,-0.187261972287497,0.235025851915975,0.816675299909548,"KW-2449","BRD-K21718444-001-06-8","Higher MPCDS = greater sensitivity",42,-0.00498672704237663,0.00800902810339828,0.537056001075434,0.960295085661133
"KW-2478 (BRD:BRD-K41213548-001-02-0)",45,45,0.0567591614254709,-0.0301712779973649,0.844027605257487,0.985785202498155,"KW-2478","BRD-K41213548-001-02-0","Higher MPCDS = greater sensitivity",45,-0.00431238039628874,0.00897529943917922,0.633327286105823,0.968599114343309
"KX2-391 (BRD:BRD-K29968218-001-03-2)",42,42,0.100417813353881,-0.0214731383194231,0.892629600683564,0.991788224600003,"KX2-391","BRD-K29968218-001-03-2","Higher MPCDS = greater sensitivity",42,-0.0065242932519329,0.016048828885982,0.686521894369305,0.979599808715212
"KY02111 (BRD:BRD-K13302470-001-02-7)",32,5,0.00230643401258878,0.242381248472633,0.181354520646363,0.778462525709525,"KY02111","BRD-K13302470-001-02-7","Higher MPCDS = greater resistance",32,0.000585516292280294,0.000428155611605361,0.181617457196253,0.868867569310976
"KYNURENIC-ACID (BRD:BRD-K85872723-001-15-9)",42,37,0.0311937042089792,0.39680325641745,0.00927482358134221,0.433282409460274,"KYNURENIC-ACID","BRD-K85872723-001-15-9","Higher MPCDS = greater resistance",42,0.0136183194785139,0.00447298139551586,0.00410850427769067,0.556888073118234
"L-798,106 (BRD:BRD-K43905307-001-01-2)",43,43,0.0480960778297786,-0.183630323165207,0.238510686874028,0.817539523837169,"L-798,106","BRD-K43905307-001-01-2","Higher MPCDS = greater sensitivity",43,-0.00481629074158702,0.00766345427202326,0.533178409814316,0.960295085661133
"LACITOL (BRD:BRD-K40787673-001-02-1)",37,29,0.0502885740225131,0.0269825452024379,0.874044055976945,0.985785202498155,"LACITOL","BRD-K40787673-001-02-1","Higher MPCDS = greater resistance",37,0.00118848186876011,0.00845702631872631,0.889045439471306,0.991567094778153
"LAFUTIDINE (BRD:BRD-A67516570-001-02-8)",44,33,0.0225261480579542,0.0619381422773008,0.689593109258231,0.95899383859975,"LAFUTIDINE","BRD-A67516570-001-02-8","Higher MPCDS = greater resistance",44,-0.00242420885868121,0.00356045784769101,0.499690543459385,0.955335614492305
"LANATOSIDE-C (BRD:BRD-A64242993-001-05-6)",45,45,0.0714029842319636,-0.01699604743083,0.911765013162657,0.993691679377351,"LANATOSIDE-C","BRD-A64242993-001-05-6","Higher MPCDS = greater sensitivity",45,-0.00824517961930988,0.0112511468756443,0.467638295666554,0.944741743020308
"LANOCONAZOLE (BRD:BRD-A54275602-001-01-0)",37,34,0.036596130236107,0.269481722161073,0.106759649557803,0.698790433469257,"LANOCONAZOLE","BRD-A54275602-001-01-0","Higher MPCDS = greater resistance",37,0.00929126641366593,0.00599320821746001,0.130065940915706,0.855343068908636
"LAPATINIB (BRD:BRD-K19687926-001-04-1)",49,44,0.0594111723491676,0.0434061197198226,0.767124204820514,0.978440084093481,"LAPATINIB","BRD-K19687926-001-04-1","Higher MPCDS = greater resistance",49,0.000870603605015257,0.00863000691056707,0.920074062468629,0.991567094778153
"LAPPACONITE (BRD:BRD-A05906449-004-01-1)",45,45,0.0245128443522147,-0.101185770750988,0.50837209234061,0.931366670797781,"LAPPACONITE","BRD-A05906449-004-01-1","Higher MPCDS = greater sensitivity",45,-0.00534485043161497,0.0038001667075609,0.166768477466404,0.857609358571336
"LAROTRECTINIB (BRD:BRD-K36574127-001-01-3)",49,30,0.0302024720893945,-0.0310199284607196,0.832430947656434,0.985785202498155,"LAROTRECTINIB","BRD-K36574127-001-01-3","Higher MPCDS = greater sensitivity",49,-0.00494865101946099,0.00430936267378938,0.25663582310447,0.923042513060167
"LASALOCID (BRD:BRD-A72711497-236-03-8)",45,45,0.0322103944846975,-0.0945981554677207,0.536499504235646,0.931366670797781,"LASALOCID","BRD-A72711497-236-03-8","Higher MPCDS = greater sensitivity",45,0.00265846579196739,0.00509095189537392,0.604215032619502,0.960295085661133
"LATANOPROST (BRD:BRD-K10961822-001-05-1)",41,36,0.0358370865059929,-0.203707980047232,0.201434985705822,0.802684493900804,"LATANOPROST","BRD-K10961822-001-05-1","Higher MPCDS = greater sensitivity",41,-0.00675530653002607,0.00577062556785874,0.248848317577874,0.923042513060167
"LATREPIRDINE (BRD:BRD-K55703048-001-07-7)",36,32,0.0536678892734243,0.112628959497727,0.513105044200895,0.931366670797781,"LATREPIRDINE","BRD-K55703048-001-07-7","Higher MPCDS = greater resistance",36,0.00537975934127637,0.0088429327260489,0.546986333119529,0.960295085661133
"LB42708 (BRD:BRD-K18834913-001-01-1)",43,43,0.0707263442859741,-0.206584113560858,0.183803651903638,0.778462525709525,"LB42708","BRD-K18834913-001-01-1","Higher MPCDS = greater sensitivity",43,-0.016118125409753,0.0111499179226406,0.155895295014018,0.855343068908636
"LCL-161 (BRD:BRD-K08248804-001-01-8)",41,41,0.0864856848481143,0.0722996515679443,0.653276093648624,0.951396615235329,"LCL-161","BRD-K08248804-001-01-8","Higher MPCDS = greater resistance",41,0.0151282402461378,0.0139188298914033,0.283757403050585,0.926120965655263
"LDN-212854 (BRD:BRD-K59831625-001-01-6)",43,43,0.0491188812438898,-0.0945333736031411,0.546519948720318,0.931366670797781,"LDN-212854","BRD-K59831625-001-01-6","Higher MPCDS = greater sensitivity",43,-0.00464323993415793,0.00790522487419528,0.560180666551224,0.960295085661133
"LDN-57444 (BRD:BRD-K94485812-001-02-9)",43,43,0.0706132092763104,-0.114013893083661,0.466621340886617,0.927404510852917,"LDN-57444","BRD-K94485812-001-02-9","Higher MPCDS = greater sensitivity",43,0.00117000308071488,0.0113035512124181,0.918064799154196,0.991567094778153
"LE-135 (BRD:BRD-K06593056-001-04-8)",42,42,0.0367197198442983,0.176727979904384,0.262882433780666,0.824429774620239,"LE-135","BRD-K06593056-001-04-8","Higher MPCDS = greater resistance",42,0.00672765246999699,0.00578366837223208,0.251634494665329,0.923042513060167
"LENALIDOMIDE (BRD:BRD-A17883755-001-06-1)",44,44,0.045857718516842,0.0575052854122622,0.710806790814055,0.96366499509342,"LENALIDOMIDE","BRD-A17883755-001-06-1","Higher MPCDS = greater resistance",44,0.00513063564264035,0.00724498639892751,0.482755543526952,0.951824355158289
"LENVATINIB (BRD:BRD-K39974922-001-04-3)",49,47,0.051459588824218,0.0714358611741054,0.625715578056274,0.945467400210949,"LENVATINIB","BRD-K39974922-001-04-3","Higher MPCDS = greater resistance",49,0.00144097707324613,0.00745067879269715,0.847477451599672,0.990502452946434
"LERISETRON (BRD:BRD-K62398570-300-01-2)",43,36,0.0110841074621314,-0.170959810750045,0.273027091981419,0.826000004124565,"LERISETRON","BRD-K62398570-300-01-2","Higher MPCDS = greater sensitivity",43,-0.00146086171385873,0.00176808466041621,0.41345057047129,0.938640046288849
"LETROZOLE (BRD:BRD-K88789588-001-14-9)",40,17,0.00808390249591215,0.0769050536800062,0.637164898472986,0.951396615235329,"LETROZOLE","BRD-K88789588-001-14-9","Higher MPCDS = greater resistance",40,0.000483694055159197,0.00135899350193795,0.72386829197272,0.986518863295841
"LEUCOVORIN (BRD:BRD-K01825581-399-02-9)",49,27,0.0308327284961597,0.32132874449564,0.0243660858030079,0.497764718062008,"LEUCOVORIN","BRD-K01825581-399-02-9","Higher MPCDS = greater resistance",49,0.00986069351122658,0.00421350966261377,0.0235672892089962,0.855343068908636
"LEVOBUNOLOL (BRD:BRD-K31812033-003-11-0)",39,38,0.0400668541370939,-0.0703476897505007,0.670431716478513,0.957732530321153,"LEVOBUNOLOL","BRD-K31812033-003-11-0","Higher MPCDS = greater sensitivity",39,-0.000538521200574417,0.00649592287563775,0.934376814694505,0.991567094778153
"LEVOCARNITINE (BRD:BRD-K59647213-001-10-5)",35,22,0.0125789065016377,0.0134611801637493,0.938823574524955,0.996980787106147,"LEVOCARNITINE","BRD-K59647213-001-10-5","Higher MPCDS = greater resistance",35,0.000258053191175178,0.00233656807867518,0.912728489513992,0.991567094778153
"LEVOCETIRIZINE (BRD:BRD-K27184429-300-01-3)",44,43,0.0573011999263934,-0.321716762594461,0.0332071258695625,0.556026293629883,"LEVOCETIRIZINE","BRD-K27184429-300-01-3","Higher MPCDS = greater sensitivity",44,-0.0181315072850519,0.00866640541680916,0.0425072980475558,0.855343068908636
"LEVONORGESTREL (BRD:BRD-K35189033-001-26-1)",13,12,0.0487653431749648,NA,NA,NA,"LEVONORGESTREL","BRD-K35189033-001-26-1","Not tested",13,NA,NA,NA,NA
"LICOCHALCONE-A (BRD:BRD-K26011976-001-01-0)",44,44,0.0483926006615682,-0.288090204369274,0.0579091926294973,0.626986747266738,"LICOCHALCONE-A","BRD-K26011976-001-01-0","Higher MPCDS = greater sensitivity",44,-0.0155868816639367,0.00728876280627685,0.0383387939066434,0.855343068908636
"LIDAMIDINE (BRD:BRD-K68693535-001-03-4)",13,11,0.0281554613300539,NA,NA,NA,"LIDAMIDINE","BRD-K68693535-001-03-4","Not tested",13,NA,NA,NA,NA
"LIDOCAINE (BRD:BRD-K52662033-003-21-2)",34,3,0.00112071501588799,-0.0191029927463338,0.914605056443151,0.993691679377351,"LIDOCAINE","BRD-K52662033-003-21-2","Higher MPCDS = greater sensitivity",34,0.000127950250095147,0.000197577095234463,0.521865270892861,0.960295085661133
"LINALOOL (BRD:BRD-A43082461-001-06-3)",35,9,0.0189082043886631,-0.16258864283933,0.350724958299747,0.869266678057894,"LINALOOL","BRD-A43082461-001-06-3","Higher MPCDS = greater sensitivity",35,-8.66326839576823e-05,0.00318479444690321,0.978462482770929,0.997167058951485
"LITRONESIB (BRD:BRD-K83029223-001-01-3)",50,50,0.112965045093668,0.0377911164465786,0.794433582084773,0.985785202498155,"LITRONESIB","BRD-K83029223-001-01-3","Higher MPCDS = greater resistance",50,0.00635915806527327,0.0162792445320947,0.697799262473554,0.981236357395638
"MG-132 (BRD:BRD-K60230970-001-17-5)",43,43,0.0630213005985859,0.0862277257626095,0.582458558075639,0.939293015189809,"MG-132","BRD-K60230970-001-17-5","Higher MPCDS = greater resistance",43,0.0119647517715508,0.00991530307467639,0.2344659030564,0.907322838009536
"LOMEFLOXACIN (BRD:BRD-A75850590-213-01-0)",38,38,0.0622361694406562,-0.0125834336360652,0.940229709329554,0.997422722472926,"LOMEFLOXACIN","BRD-A75850590-213-01-0","Higher MPCDS = greater sensitivity",38,-0.00271859531553276,0.0102089067396727,0.79153027360971,0.990107755278081
"LOMEGUATRIB (BRD:BRD-K27955832-001-02-9)",49,42,0.0345586241651943,0.137846723408867,0.344895482754756,0.868219080471793,"LOMEGUATRIB","BRD-K27955832-001-02-9","Higher MPCDS = greater resistance",49,0.0071202616589684,0.00495890540202722,0.157666618820885,0.855343068908636
"LOMITAPIDE (BRD:BRD-K92213669-001-01-3)",42,36,0.0468424597403496,-0.06748981959124,0.671077863259753,0.957732530321153,"LOMITAPIDE","BRD-K92213669-001-01-3","Higher MPCDS = greater sensitivity",42,-0.00416981530883707,0.0075744163621682,0.585029088959608,0.960295085661133
"LONAFARNIB (BRD:BRD-K41599323-001-02-3)",44,44,0.0884783763712373,-0.210993657505285,0.169188304220868,0.778462525709525,"LONAFARNIB","BRD-K41599323-001-02-3","Higher MPCDS = greater sensitivity",44,-0.0176173737453197,0.0138977671571965,0.211909388098931,0.878423459094401
"LORAZEPAM (BRD:BRD-A11990600-001-03-4)",40,28,0.0444254060128702,-0.245121920214327,0.127385891757833,0.754879358564933,"LORAZEPAM","BRD-A11990600-001-03-4","Higher MPCDS = greater sensitivity",40,-0.00966519535359118,0.00713335479841788,0.183440628614243,0.86966237797716
"LORLATINIB (BRD:BRD-K99879819-001-02-1)",43,35,0.0477650491893178,0.0458135812288077,0.770500386138975,0.979071380472116,"LORLATINIB","BRD-K99879819-001-02-1","Higher MPCDS = greater resistance",43,0.00137610868102165,0.00768329608305518,0.858738250489509,0.990502452946434
"LOVASTATIN (BRD:BRD-K09416995-001-39-9)",26,21,0.0440569784479676,NA,NA,NA,"LOVASTATIN","BRD-K09416995-001-39-9","Not tested",26,NA,NA,NA,NA
"LOXISTATIN-ACID (BRD:BRD-K21937671-001-09-2)",41,24,0.0222571872999411,-0.139738287850425,0.383548147733281,0.887939106143226,"LOXISTATIN-ACID","BRD-K21937671-001-09-2","Higher MPCDS = greater sensitivity",41,-0.00153017148185335,0.0039286965000066,0.69903560709594,0.981236357395638
"LUCITANIB (BRD:BRD-K31309378-001-01-5)",43,43,0.0409909394266914,-0.0972515856236787,0.534992570525364,0.931366670797781,"LUCITANIB","BRD-K31309378-001-01-5","Higher MPCDS = greater sensitivity",43,-0.00015893322018902,0.0065626854591004,0.980796437888744,0.997167058951485
"LURASIDONE (BRD:BRD-K51143828-003-03-1)",41,19,0.0396592176830237,-0.0652655852698936,0.685174271611411,0.95899383859975,"LURASIDONE","BRD-K51143828-003-03-1","Higher MPCDS = greater sensitivity",41,-0.00584117448869393,0.00639046135534423,0.366309446968983,0.928385419996185
"LY2090314 (BRD:BRD-K78055238-001-01-8)",45,45,0.13743880008801,-0.115942028985507,0.448187846864977,0.921827109867092,"LY2090314","BRD-K78055238-001-01-8","Higher MPCDS = greater sensitivity",45,-0.0103678279379225,0.021733960292495,0.63575384519338,0.968599114343309
"LY2157299 (BRD:BRD-K78118466-001-03-3)",49,30,0.0376276227773622,-0.4053728640923,0.00385811515096673,0.417374992375077,"LY2157299","BRD-K78118466-001-03-3","Higher MPCDS = greater sensitivity",49,-0.0119852506030182,0.00514474583004213,0.0241739258084501,0.855343068908636
"LY2183240 (BRD:BRD-K37865504-001-04-1)",43,43,0.0447209570465489,-0.101328903654485,0.517925954882386,0.931366670797781,"LY2183240","BRD-K37865504-001-04-1","Higher MPCDS = greater sensitivity",43,-0.00565812754745422,0.00705283412794172,0.427034856409368,0.938640046288849
"LY2334737 (BRD:BRD-K04993719-001-01-7)",45,45,0.0290265111028227,-0.013570487483531,0.929498441057939,0.995981689799928,"LY2334737","BRD-K04993719-001-01-7","Higher MPCDS = greater sensitivity",45,0.00468595645792589,0.004546435667047,0.308449858868273,0.926120965655263
"LY2603618 (BRD:BRD-K14109347-001-03-4)",50,50,0.0700123162780798,-0.0938775510204082,0.516687987480827,0.931366670797781,"LY2603618","BRD-K14109347-001-03-4","Higher MPCDS = greater sensitivity",50,-0.00603893489494,0.0100677452125966,0.551440857102875,0.960295085661133
"LY2606368 (BRD:BRD-K20463415-300-01-4)",45,45,0.132122933262487,-0.0891963109354414,0.560113567299221,0.931366670797781,"LY2606368","BRD-K20463415-300-01-4","Higher MPCDS = greater sensitivity",45,-0.0079947329186234,0.0209130369823901,0.704133226052825,0.981560353839369
"LY2608204 (BRD:BRD-K12068470-001-02-5)",44,44,0.0292066094535013,0.0250880902043693,0.871581425259761,0.985785202498155,"LY2608204","BRD-K12068470-001-02-5","Higher MPCDS = greater resistance",44,0.000991728113333368,0.0046297957819995,0.831423329163186,0.990502452946434
"LY2784544 (BRD:BRD-K25630527-001-03-8)",44,44,0.0861406475337345,-0.00549682875264271,0.971750901281796,0.998144120500538,"LY2784544","BRD-K25630527-001-03-8","Higher MPCDS = greater sensitivity",44,0.00198995523140162,0.0137835570326423,0.885897530981811,0.991567094778153
"LY2801653 (BRD:BRD-K18961567-001-01-1)",50,50,0.0572109291271485,0.0943577430972389,0.514536010217166,0.931366670797781,"LY2801653","BRD-K18961567-001-01-1","Higher MPCDS = greater resistance",50,0.000845621779323846,0.00825678425018625,0.918853634670212,0.991567094778153
"LY2874455 (BRD:BRD-K17203476-001-01-9)",41,41,0.0805464845518445,-0.310627177700349,0.0480782735857004,0.588939538351176,"LY2874455","BRD-K17203476-001-01-9","Higher MPCDS = greater sensitivity",41,-0.0177880988521949,0.0128458468798692,0.174004778247344,0.868867569310976
"LY3023414 (BRD:BRD-K82967180-001-01-6)",45,45,0.0587241137319951,-0.0371541501976285,0.808541806963941,0.985785202498155,"LY3023414","BRD-K82967180-001-01-6","Higher MPCDS = greater sensitivity",45,-0.00408320408769374,0.00929006508134193,0.662483162734305,0.975756906432833
"LY303511 (BRD:BRD-K22385716-001-02-5)",39,20,0.0430557858719476,-0.202916473691995,0.215374667090983,0.805277260014622,"LY303511","BRD-K22385716-001-02-5","Higher MPCDS = greater sensitivity",39,-0.00448292425008559,0.0070794785269148,0.530479556993948,0.960295085661133
"LY364947 (BRD:BRD-K06234293-001-04-2)",42,30,0.0191294089556654,0.109807515357956,0.488776752928262,0.931366670797781,"LY364947","BRD-K06234293-001-04-2","Higher MPCDS = greater resistance",42,0.000849866977867922,0.0030629908743377,0.782853543727679,0.986518863295841
"LY456236 (BRD:BRD-K87696786-003-04-4)",42,42,0.0390003930727338,-0.221294870756017,0.159011159895053,0.773567804894853,"LY456236","BRD-K87696786-003-04-4","Higher MPCDS = greater sensitivity",42,-0.00994898159845793,0.00604458816163149,0.107614016691543,0.855343068908636
"M-344 (BRD:BRD-K45528773-001-07-2)",43,43,0.0700061978306771,-0.207943219571127,0.18087214593512,0.778462525709525,"M-344","BRD-K45528773-001-07-2","Higher MPCDS = greater sensitivity",43,-0.0176857370369005,0.0109718276962042,0.1146512178933,0.855343068908636
"TEMOZOLOMIDE (BRD:BRD-K32107296-001-16-9)",40,18,0.0163669613609283,-0.113186571770676,0.486807973515744,0.931366670797781,"TEMOZOLOMIDE","BRD-K32107296-001-16-9","Higher MPCDS = greater sensitivity",40,-0.00122949169294122,0.00287744027481221,0.671582117660539,0.975756906432833
"MAPROTILINE (BRD:BRD-K25433859-003-25-4)",39,26,0.0221090993875952,-0.191091674016181,0.243890643480125,0.818653908185033,"MAPROTILINE","BRD-K25433859-003-25-4","Higher MPCDS = greater sensitivity",39,-0.000752073147029119,0.0038740426832642,0.847134970023174,0.990502452946434
"MARIMASTAT (BRD:BRD-K21396683-001-04-8)",44,44,0.0547326675972713,-0.0439746300211416,0.776843868686886,0.983865585672045,"MARIMASTAT","BRD-K21396683-001-04-8","Higher MPCDS = greater sensitivity",44,-0.00373939058188356,0.00874104566907628,0.670984761033764,0.975756906432833
"MATRINE (BRD:BRD-K25312248-001-01-5)",49,39,0.0303196616000857,0.129093898054318,0.376676609041445,0.884852066916281,"MATRINE","BRD-K25312248-001-01-5","Higher MPCDS = greater resistance",49,0.00706752392050341,0.00425421442435866,0.103310542653463,0.855343068908636
"MAXACALCITOL (BRD:BRD-K81332461-001-01-4)",41,39,0.0621779982434194,0.0304931177307297,0.849891476883605,0.985785202498155,"MAXACALCITOL","BRD-K81332461-001-01-4","Higher MPCDS = greater resistance",41,0.00706519251432129,0.009983647372413,0.483354083191785,0.951824355158289
"MAYTANSINOL-ISOBUTYRATE (BRD:BRD-K15898725-001-01-7)",42,42,0.16021359794656,0.0106150230937525,0.946805455536603,0.998144120500538,"MAYTANSINOL-ISOBUTYRATE","BRD-K15898725-001-01-7","Higher MPCDS = greater resistance",42,0.0157616609936316,0.0255369496817477,0.540593967414805,0.960295085661133
"MEBENDAZOLE (BRD:BRD-K77987382-001-13-2)",37,37,0.0519501611089236,-0.0647226173541963,0.703515468325205,0.96366499509342,"MEBENDAZOLE","BRD-K77987382-001-13-2","Higher MPCDS = greater sensitivity",37,0.00609217967059225,0.00873444419263782,0.490104463703435,0.951824355158289
"MECHLORETHAMINE (BRD:BRD-K12829205-003-02-8)",38,37,0.0355203055623912,0.115226787938515,0.490900201400027,0.931366670797781,"MECHLORETHAMINE","BRD-K12829205-003-02-8","Higher MPCDS = greater resistance",38,0.00650826866346732,0.00586386312604778,0.274403530666245,0.926120965655263
"MECLIZINE (BRD:BRD-A50311610-300-10-4)",38,38,0.0750444973781467,-0.0285589232957654,0.864850765173538,0.985785202498155,"MECLIZINE","BRD-A50311610-300-10-4","Higher MPCDS = greater sensitivity",38,0.0035818455514584,0.0124977779506771,0.776062707050782,0.986518863295841
"MEFEXAMIDE (BRD:BRD-K20655524-003-12-0)",45,45,0.0730511983894568,-0.0831357048748353,0.587171725556951,0.940728651057539,"MEFEXAMIDE","BRD-K20655524-003-12-0","Higher MPCDS = greater sensitivity",45,-0.00535806878095853,0.0115536610157519,0.645162365744063,0.970777227451882
"MEGLITINIDE (BRD:BRD-K51324732-001-01-0)",44,41,0.0424124703979685,0.136834693026468,0.37577652195538,0.884852066916281,"MEGLITINIDE","BRD-K51324732-001-01-0","Higher MPCDS = greater resistance",44,0.00821401436038688,0.00660636069607171,0.220634989769379,0.887075809400971
"MEISOINDIGO (BRD:BRD-K14529030-001-01-9)",50,50,0.107479634317779,0.322160864345738,0.0225124689358431,0.497764718062008,"MEISOINDIGO","BRD-K14529030-001-01-9","Higher MPCDS = greater resistance",50,0.0322100642042751,0.0148003262612124,0.0344844298998738,0.855343068908636
"MEK1-2-INHIBITOR (BRD:BRD-K12244279-001-05-8)",41,41,0.064486532482513,0.113937282229965,0.478133475330242,0.931366670797781,"MEK1-2-INHIBITOR","BRD-K12244279-001-05-8","Higher MPCDS = greater resistance",41,0.00802242426590607,0.0108794764871785,0.465298373047844,0.944741743020308
"MELENGESTROL-ACETATE (BRD:BRD-A42746051-001-02-9)",42,38,0.0578613153517888,-0.160652068073596,0.309465254163617,0.842377355354233,"MELENGESTROL-ACETATE","BRD-A42746051-001-02-9","Higher MPCDS = greater sensitivity",42,-0.00800343611308647,0.00925714455933984,0.392431022615694,0.928385419996185
"MELOXICAM (BRD:BRD-A84174393-236-07-1)",42,42,0.0385352274635085,-0.174945304270318,0.267804803231607,0.824429774620239,"MELOXICAM","BRD-A84174393-236-07-1","Higher MPCDS = greater sensitivity",42,-0.00859591779048629,0.00607162399556548,0.164587673601918,0.855343068908636
"MELPHALAN (BRD:BRD-K87827419-001-16-8)",43,43,0.0531385919707728,0.208396254907883,0.179902446254887,0.778462525709525,"MELPHALAN","BRD-K87827419-001-16-8","Higher MPCDS = greater resistance",43,0.0112295196816745,0.00832487424822399,0.184768762646952,0.86966237797716
"MENADIONE (BRD:BRD-K78126613-001-28-5)",39,39,0.0493524400160917,0.0963562753036437,0.559538466405949,0.931366670797781,"MENADIONE","BRD-K78126613-001-28-5","Higher MPCDS = greater resistance",39,0.00795130387323506,0.00789462130358997,0.320389958135079,0.927471102831342
"MEPAZINE (BRD:BRD-K01825575-001-03-9)",50,38,0.0354949126845945,-0.278022722646719,0.0505917842166332,0.592875578976117,"MEPAZINE","BRD-K01825575-001-03-9","Higher MPCDS = greater sensitivity",50,-0.00994762193038148,0.00491793834772507,0.0486918992795932,0.855343068908636
"MEPHENYTOIN (BRD:BRD-A83937277-001-10-5)",39,23,0.0414348060421951,-0.114548883756623,0.487447720794243,0.931366670797781,"MEPHENYTOIN","BRD-A83937277-001-10-5","Higher MPCDS = greater sensitivity",39,0.00806111521831668,0.00708139554233062,0.26229123977534,0.926120965655263
"MEPIVACAINE (BRD:BRD-A03216249-003-24-3)",43,10,0.0126865627426206,0.103724174893549,0.508028025717296,0.931366670797781,"MEPIVACAINE","BRD-A03216249-003-24-3","Higher MPCDS = greater resistance",43,0.00118871685220772,0.00200780618953546,0.5570696882699,0.960295085661133
"MERCAPTOPURINE (BRD:BRD-K91601245-001-12-0)",43,42,0.043484558202683,0.105410201305918,0.501118669722636,0.931366670797781,"MERCAPTOPURINE","BRD-K91601245-001-12-0","Higher MPCDS = greater resistance",43,0.00544971415860755,0.00690974621461262,0.434824563094334,0.938640046288849
"MERICITABINE (BRD:BRD-K69726595-001-01-2)",40,36,0.0453186338277865,-0.312863987685008,0.0493403432447994,0.591903281976185,"MERICITABINE","BRD-K69726595-001-01-2","Higher MPCDS = greater sensitivity",40,-0.013690186535386,0.00705702979494476,0.0598359703020338,0.855343068908636
"MERIMEPODIB (BRD:BRD-K09372874-001-01-0)",40,40,0.0579500164655737,-0.0303939962476548,0.85230687898467,0.985785202498155,"MERIMEPODIB","BRD-K09372874-001-01-0","Higher MPCDS = greater sensitivity",40,0.00190741250465655,0.0096255193598315,0.843974621768119,0.990502452946434
"MESNA (BRD:BRD-K49954789-001-02-9)",40,36,0.0669513902247838,-0.359248984658716,0.0228078536133594,0.497764718062008,"MESNA","BRD-K49954789-001-02-9","Higher MPCDS = greater sensitivity",40,-0.0270070008192733,0.0108726789591455,0.0175190583664402,0.855343068908636
"MESORIDAZINE (BRD:BRD-A14395271-074-17-8)",42,20,0.0291366330066752,-0.0428050727327546,0.787806480919894,0.985785202498155,"MESORIDAZINE","BRD-A14395271-074-17-8","Higher MPCDS = greater sensitivity",42,0.000925836322712819,0.00484140177293716,0.849310359660888,0.990502452946434
"METARAMINOL (BRD:BRD-K96253961-046-03-1)",42,42,0.0571081928225728,-0.32647273316587,0.034846679718383,0.55881405574588,"METARAMINOL","BRD-K96253961-046-03-1","Higher MPCDS = greater sensitivity",42,-0.0183147014896843,0.00867535197851956,0.0410599237109628,0.855343068908636
"METATINIB (BRD:BRD-K27182532-001-02-3)",44,44,0.0717741941477638,-0.0062015503875969,0.968130973265538,0.998144120500538,"METATINIB","BRD-K27182532-001-02-3","Higher MPCDS = greater sensitivity",44,0.00141089112490221,0.0113816881699897,0.901937126953944,0.991567094778153
"METHACYCLINE (BRD:BRD-A49035384-003-28-9)",44,42,0.0408956274344574,0.0651254587806849,0.67448294802209,0.958791160070888,"METHACYCLINE","BRD-A49035384-003-28-9","Higher MPCDS = greater resistance",44,0.000746493382350607,0.0065129649979979,0.909295282119244,0.991567094778153
"METHIAZOLE (BRD:BRD-K02764365-001-13-6)",42,42,0.0760168138936327,-0.152418766712584,0.335235312973529,0.862033661931931,"METHIAZOLE","BRD-K02764365-001-13-6","Higher MPCDS = greater sensitivity",42,-0.00835374454968699,0.012218044449946,0.49809268752203,0.955335614492305
"METHOCARBAMOL (BRD:BRD-A31521121-001-26-4)",35,18,0.0326367995155928,0.209556072785627,0.226971666191706,0.814418038168095,"METHOCARBAMOL","BRD-A31521121-001-26-4","Higher MPCDS = greater resistance",35,0.00794637815710938,0.00556347084800362,0.16259860775246,0.855343068908636
"METHOXYFLURANE (BRD:BRD-K06152156-001-01-8)",40,40,0.0328109601710477,0.108255159474672,0.506105943308633,0.931366670797781,"METHOXYFLURANE","BRD-K06152156-001-01-8","Higher MPCDS = greater resistance",40,0.00211764848199154,0.00531185335505307,0.692371685374316,0.98034928902558
"METHSCOPOLAMINE (BRD:BRD-A03932035-004-04-3)",43,43,0.0368704489498086,0.1626396858955,0.297397255267029,0.841997266116938,"METHSCOPOLAMINE","BRD-A03932035-004-04-3","Higher MPCDS = greater resistance",43,0.00650028261983856,0.00581508619323453,0.270146617395599,0.926120965655263
"METHYLDOPA (BRD:BRD-K48578705-001-17-6)",36,26,0.0324137152917321,0.108888512592417,0.527283681900087,0.931366670797781,"METHYLDOPA","BRD-K48578705-001-17-6","Higher MPCDS = greater resistance",36,0.00616274492395249,0.00552141696119517,0.272183162824131,0.926120965655263
"METHYLPHENIDATE (BRD:BRD-A19585813-003-03-3)",38,15,0.0157610953228308,0.0311164086610857,0.852874839477905,0.985785202498155,"METHYLPHENIDATE","BRD-A19585813-003-03-3","Higher MPCDS = greater resistance",38,0.00411158524836817,0.00290196044299571,0.165128731358751,0.855343068908636
"METHYLPREDNISOLONE (BRD:BRD-K35240538-001-26-2)",37,7,0.0466937207358296,-0.0801459461183292,0.637258004522643,0.951396615235329,"METHYLPREDNISOLONE","BRD-K35240538-001-26-2","Higher MPCDS = greater sensitivity",37,-0.00523362655287191,0.00772363780597827,0.502473033838622,0.955520871756649
"METOPROLOL (BRD:BRD-A03623303-045-09-5)",35,1,0,NA,NA,NA,"METOPROLOL","BRD-A03623303-045-09-5","Not tested",35,NA,NA,NA,NA
"METOXIBUTROPATE (BRD:BRD-A71725768-001-01-3)",34,3,0.000279123397959397,-0.172676071687448,0.328783878389486,0.858976482027518,"METOXIBUTROPATE","BRD-A71725768-001-01-3","Higher MPCDS = greater sensitivity",34,-1.11074573390412e-05,5.59807410814196e-05,0.843975047493804,0.990502452946434
"METRONIDAZOLE (BRD:BRD-K52020312-001-26-8)",40,20,0.0141302899747209,-0.036105550949784,0.824950306854838,0.985785202498155,"METRONIDAZOLE","BRD-K52020312-001-26-8","Higher MPCDS = greater sensitivity",40,-0.000130366898070323,0.00229185181467647,0.95493662855438,0.992580507822158
"METYRAPONE (BRD:BRD-K46862739-001-14-3)",41,7,0.0144167111055886,0.132605042770983,0.408527720812175,0.89993059013665,"METYRAPONE","BRD-K46862739-001-14-3","Higher MPCDS = greater resistance",41,0.00135805387649464,0.00234653219694586,0.566086024928823,0.960295085661133
"MEVASTATIN (BRD:BRD-K94441233-001-13-0)",42,42,0.0861814929327421,-0.0344380520217162,0.828588033107792,0.985785202498155,"MEVASTATIN","BRD-K94441233-001-13-0","Higher MPCDS = greater sensitivity",42,0.00101891942802012,0.0138010564626962,0.94151435546779,0.991567094778153
"MEXENEONE (BRD:BRD-K18613660-001-05-5)",35,16,0.0213323780125385,0.0499940936743046,0.775486447414429,0.983010989680262,"MEXENEONE","BRD-K18613660-001-05-5","Higher MPCDS = greater resistance",35,0.000769995605953301,0.003811731424944,0.84115159792392,0.990502452946434
"MEXILETINE (BRD:BRD-A64092382-003-18-3)",41,41,0.0511029323216915,-0.0304878048780488,0.849917331831048,0.985785202498155,"MEXILETINE","BRD-A64092382-003-18-3","Higher MPCDS = greater sensitivity",41,0.00363562371510256,0.00811455478608411,0.656605370951116,0.975756906432833
"MGCD-265 (BRD:BRD-K56277358-001-07-5)",43,43,0.0503005265006668,-0.0288432497734823,0.85432523633037,0.985785202498155,"MGCD-265","BRD-K56277358-001-07-5","Higher MPCDS = greater sensitivity",43,-0.00092965324691913,0.00812809118657138,0.909498539555248,0.991567094778153
"MIBAMPATOR (BRD:BRD-K42981054-001-01-9)",37,37,0.0471798239028145,-0.169037458511143,0.317240505294114,0.846595816135879,"MIBAMPATOR","BRD-K42981054-001-01-9","Higher MPCDS = greater sensitivity",37,-0.0109844622300977,0.0077446162080631,0.164936155458311,0.855343068908636
"MIBEFRADIL (BRD:BRD-K09549677-300-03-4)",39,36,0.0292397001151758,-0.126379763035382,0.443292834613114,0.916749263539391,"MIBEFRADIL","BRD-K09549677-300-03-4","Higher MPCDS = greater sensitivity",39,-0.00474368666895699,0.00467640783379634,0.316985908920766,0.927471102831342
"MIDODRINE (BRD:BRD-A79981887-003-16-4)",43,43,0.0613880233841533,-0.338719420114769,0.0262957141136782,0.498234583206534,"MIDODRINE","BRD-A79981887-003-16-4","Higher MPCDS = greater sensitivity",43,-0.0217830878777217,0.00922080038184461,0.0229856007738679,0.855343068908636
"MIFEPRISTONE (BRD:BRD-K37270826-001-27-6)",44,44,0.0428712465225215,-0.108527131782946,0.483154112102154,0.931366670797781,"MIFEPRISTONE","BRD-K37270826-001-27-6","Higher MPCDS = greater sensitivity",44,-0.00585956000826284,0.00676854463571356,0.391570542895078,0.928385419996185
"MINOCYCLINE (BRD:BRD-A69651145-003-07-2)",37,30,0.0472622488526964,-0.0593288341695794,0.727236247060399,0.964291156323181,"MINOCYCLINE","BRD-A69651145-003-07-2","Higher MPCDS = greater sensitivity",37,0.00839427334399548,0.00810378701471397,0.307378245248058,0.926120965655263
"MITOMYCIN-C (BRD:BRD-A48237631-001-04-8)",43,43,0.0893797432807307,-0.250226517668378,0.105585706433347,0.698790433469257,"MITOMYCIN-C","BRD-A48237631-001-04-8","Higher MPCDS = greater sensitivity",43,-0.0197743498871339,0.0139726665896728,0.164556094314148,0.855343068908636
"MITOXANTRONE (BRD:BRD-K21680192-300-14-4)",38,38,0.129197820375615,0.0200240726556516,0.905017808894335,0.993691679377351,"MITOXANTRONE","BRD-K21680192-300-14-4","Higher MPCDS = greater resistance",38,0.00589636784314856,0.0215184804623332,0.785639933937416,0.986518863295841
"MK 0457 (BRD:BRD-K59369769-001-22-9)",50,50,0.117620819698815,-0.0372148859543818,0.79750144549691,0.985785202498155,"MK 0457","BRD-K59369769-001-22-9","Higher MPCDS = greater sensitivity",50,0.00500094701908145,0.0169617509387135,0.769390086783931,0.986518863295841
"MK-2206 (BRD:BRD-K68065987-300-09-1)",45,45,0.0770880754618206,0.00579710144927536,0.969851846030362,0.998144120500538,"MK-2206","BRD-K68065987-300-09-1","Higher MPCDS = greater resistance",45,0.00618543625839882,0.0121861265776933,0.614341504467901,0.962021628449171
"VORINOSTAT (BRD:BRD-K81418486-001-44-2)",50,50,0.100670183066126,-0.0128211284513806,0.929582910479933,0.995981689799928,"VORINOSTAT","BRD-K81418486-001-44-2","Higher MPCDS = greater sensitivity",50,-0.00188929421454055,0.0145279302307789,0.897073769412735,0.991567094778153
"MK-0773 (BRD:BRD-K38868394-001-01-3)",33,28,0.0460537153947461,-0.313417924011394,0.075719423956655,0.653331130241485,"MK-0773","BRD-K38868394-001-01-3","Higher MPCDS = greater sensitivity",33,-0.0116932194602857,0.00768634080620346,0.138320756163586,0.855343068908636
"MK-0812 (BRD:BRD-K14175878-001-01-6)",44,33,0.0157679163938068,0.162249455459734,0.292684894126448,0.841997266116938,"MK-0812","BRD-K14175878-001-01-6","Higher MPCDS = greater resistance",44,0.00234714084810469,0.00256501649177603,0.365384727328359,0.928385419996185
"MK-2461 (BRD:BRD-K56405753-001-02-4)",45,44,0.0481566727683207,-0.165815738421256,0.276338245030716,0.827291211734369,"MK-2461","BRD-K56405753-001-02-4","Higher MPCDS = greater sensitivity",45,-0.00853689084321304,0.0075236010919778,0.26279461999498,0.926120965655263
"MK-3207 (BRD:BRD-K66911501-003-01-2)",35,13,0.0124616821181371,-0.0794194478871665,0.650184740163392,0.951396615235329,"MK-3207","BRD-K66911501-003-01-2","Higher MPCDS = greater sensitivity",35,0.00163791562880074,0.00244326184765531,0.507279852251524,0.959898800581071
"MK-5108 (BRD:BRD-K53665955-001-03-0)",44,44,0.0596982983314281,-0.215644820295983,0.159768823002318,0.774636717586997,"MK-5108","BRD-K53665955-001-03-0","Higher MPCDS = greater sensitivity",44,-0.00440635290576302,0.00953060593422007,0.646225867314966,0.971144910889179
"MK-8245 (BRD:BRD-K29656036-001-02-5)",44,44,0.0551343950450178,-0.11599718111346,0.453360705224356,0.922634801445087,"MK-8245","BRD-K29656036-001-02-5","Higher MPCDS = greater sensitivity",44,-0.00157623773356886,0.00874122612799462,0.857766843297696,0.990502452946434
"MK-8745 (BRD:BRD-K25279140-001-01-5)",41,41,0.0929127100739768,-0.382578397212544,0.013561883087608,0.433282409460274,"MK-8745","BRD-K25279140-001-01-5","Higher MPCDS = greater sensitivity",41,-0.0250798479592787,0.0146370207072778,0.0945688947613917,0.855343068908636
"ML133 (BRD:BRD-K33743361-003-02-6)",43,43,0.0385040870316753,-0.0818483841739656,0.601825501876923,0.943141955314152,"ML133","BRD-K33743361-003-02-6","Higher MPCDS = greater sensitivity",43,-0.00513025546288691,0.006171095788044,0.41059929655362,0.938640046288849
"MLN-8054 (BRD:BRD-K83963101-001-06-9)",35,35,0.0988879298777792,-0.177310924369748,0.308206751516598,0.842377355354233,"MLN-8054","BRD-K83963101-001-06-9","Higher MPCDS = greater sensitivity",35,-0.00705523749189311,0.0168685922076647,0.678475921427618,0.976387639910772
"MLN0128 (BRD:BRD-K59317601-001-05-5)",50,50,0.11240549422635,0.0195438175270108,0.892838727326626,0.991788224600003,"MLN0128","BRD-K59317601-001-05-5","Higher MPCDS = greater resistance",50,0.00963248874799028,0.0161646542730259,0.554042922974114,0.960295085661133
"MNS-(3,4-METHYLENEDIOXY-NITROSTYRENE) (BRD:BRD-K42205652-001-02-7)",42,42,0.0391710712151555,-0.0670123976987278,0.673274478356409,0.958791160070888,"MNS-(3,4-METHYLENEDIOXY-NITROSTYRENE)","BRD-K42205652-001-02-7","Higher MPCDS = greater sensitivity",42,-0.00183347873013602,0.00622707689564977,0.769947032697734,0.986518863295841
"MOCETINOSTAT (BRD:BRD-K16485616-001-08-9)",28,28,0.172712199707907,NA,NA,NA,"MOCETINOSTAT","BRD-K16485616-001-08-9","Not tested",28,NA,NA,NA,NA
"MOMELOTINIB (BRD:BRD-K87737963-001-06-0)",50,50,0.0676421556372158,-0.0509483793517407,0.725306443038003,0.96366499509342,"MOMELOTINIB","BRD-K87737963-001-06-0","Higher MPCDS = greater sensitivity",50,-0.00296538070966405,0.00975391773478747,0.762427144186516,0.986518863295841
"MONENSIN (BRD:BRD-A06627858-236-03-0)",45,45,0.0824628909297349,0.0163372859025033,0.915172263548092,0.993691679377351,"MONENSIN","BRD-A06627858-236-03-0","Higher MPCDS = greater resistance",45,0.00491079326787506,0.0130533097184915,0.708610244708594,0.984015009810317
"MONOBENZONE (BRD:BRD-K54262262-001-09-0)",36,36,0.0476581207366998,0.181981981981982,0.288118182989506,0.841150052597308,"MONOBENZONE","BRD-K54262262-001-09-0","Higher MPCDS = greater resistance",36,0.00779623744233508,0.00824876798133699,0.351256292271333,0.928385419996185
"MORIN (BRD:BRD-K11590034-002-03-4)",39,11,0.000654824651626276,-0.364764202937638,0.022422349770046,0.497764718062008,"MORIN","BRD-K11590034-002-03-4","Higher MPCDS = greater sensitivity",39,-0.000285807106856568,9.59031885075761e-05,0.00506714358565959,0.561283597180754
"MOZAVAPTAN (BRD:BRD-A31095847-001-02-3)",45,45,0.0639556300094232,-0.0693017127799736,0.651015074343112,0.951396615235329,"MOZAVAPTAN","BRD-A31095847-001-02-3","Higher MPCDS = greater sensitivity",45,0.000658906620386326,0.0101398869078279,0.948489777108067,0.991567094778153
"MPI-0479605 (BRD:BRD-K45551181-001-02-1)",42,42,0.151071893227333,-0.169273154525565,0.28387004810311,0.835936337972348,"MPI-0479605","BRD-K45551181-001-02-1","Higher MPCDS = greater sensitivity",42,-0.0192478350174199,0.0238487117046968,0.424393202116589,0.938640046288849
"MRS-1220 (BRD:BRD-K37618799-001-03-0)",41,27,0.0650334727493561,0.255972861164553,0.106228428731288,0.698790433469257,"MRS-1220","BRD-K37618799-001-03-0","Higher MPCDS = greater resistance",41,0.0156489679211562,0.0116669597707597,0.187580207035885,0.872565631029033
"MTPG (BRD:BRD-A28329383-001-02-1)",43,36,0.0342028515228468,-0.0843815813803942,0.590588672172797,0.941954200718455,"MTPG","BRD-A28329383-001-02-1","Higher MPCDS = greater sensitivity",43,-0.00227674042969352,0.00551156884701081,0.681697628949703,0.977513598228107
"MUBRITINIB (BRD:BRD-K19061412-001-02-4)",38,38,0.0973959056467407,0.094649305175621,0.571911555444862,0.934808888381348,"MUBRITINIB","BRD-K19061412-001-02-4","Higher MPCDS = greater resistance",38,0.0174788863726,0.0157244887276617,0.273691260761095,0.926120965655263
"MYCOPHENOLATE-MOFETIL (BRD:BRD-K92428153-001-04-4)",35,34,0.0537432095596347,-0.0691925206543089,0.692875372397801,0.95899383859975,"MYCOPHENOLATE-MOFETIL","BRD-K92428153-001-04-4","Higher MPCDS = greater sensitivity",35,0.00188563181012469,0.0091988873117156,0.838843180878582,0.990502452946434
"MYCOPHENOLIC-ACID (BRD:BRD-K63750851-001-20-7)",37,37,0.0553449059756563,-0.160976766239924,0.34119719391455,0.8673140628608,"MYCOPHENOLIC-ACID","BRD-K63750851-001-20-7","Higher MPCDS = greater sensitivity",37,-0.00763270395990809,0.00928040354343438,0.416386883036224,0.938640046288849
"N-ACETYLMANNOSAMINE (BRD:BRD-A92872453-001-01-8)",37,37,0.0613414457850842,-0.310573731626363,0.061363322691582,0.644986749458964,"N-ACETYLMANNOSAMINE","BRD-A92872453-001-01-8","Higher MPCDS = greater sensitivity",37,-0.0164968003204083,0.00997206074473225,0.107008370579058,0.855343068908636
"NADIDE (BRD:BRD-A11132253-001-08-2)",37,28,0.0372090597630421,-0.272354217615402,0.10293237972982,0.698790433469257,"NADIDE","BRD-A11132253-001-08-2","Higher MPCDS = greater sensitivity",37,-0.00909703718110323,0.0060821022091314,0.143693567243672,0.855343068908636
"NADIFLOXACIN (BRD:BRD-A24397426-001-10-4)",16,7,0.0151801798824571,NA,NA,NA,"NADIFLOXACIN","BRD-A24397426-001-10-4","Not tested",16,NA,NA,NA,NA
"NAFCILLIN (BRD:BRD-K18574842-236-17-7)",38,16,0.011901424128515,0.241451084628844,0.14418257868893,0.771344232182843,"NAFCILLIN","BRD-K18574842-236-17-7","Higher MPCDS = greater resistance",38,0.0035628718590057,0.00200509423158807,0.0840340733664778,0.855343068908636
"NAFTIDROFURYL (BRD:BRD-A67862938-034-14-9)",30,3,0.00268039132429456,-0.0961786685459904,0.613149583392133,0.943141955314152,"NAFTIDROFURYL","BRD-A67862938-034-14-9","Higher MPCDS = greater sensitivity",30,-0.000226591362579322,0.000547677931063412,0.6822230320967,0.977513598228107
"NAFTIFINE (BRD:BRD-K74141488-003-11-2)",44,41,0.0205134583421642,0.048995420738483,0.752129704685448,0.97310581738279,"NAFTIFINE","BRD-K74141488-003-11-2","Higher MPCDS = greater resistance",44,0.000432752298463159,0.0032667654334417,0.895244239057715,0.991567094778153
"NALOXONE (BRD:BRD-K67511046-001-02-3)",23,23,0.0305847359610623,NA,NA,NA,"NALOXONE","BRD-K67511046-001-02-3","Not tested",23,NA,NA,NA,NA
"NALTREXONE (BRD:BRD-K88172511-003-20-3)",40,12,0.0128041463836126,-0.029089700924369,0.858579250603223,0.985785202498155,"NALTREXONE","BRD-K88172511-003-20-3","Higher MPCDS = greater sensitivity",40,0.00167877177673237,0.00217613701752845,0.445213629867427,0.939024256784477
"NAN-190 (BRD:BRD-K69195780-004-08-4)",36,16,0.00980708620057162,0.0298957051948653,0.862586726005758,0.985785202498155,"NAN-190","BRD-K69195780-004-08-4","Higher MPCDS = greater resistance",36,0.00297400742022433,0.00169618730963228,0.0885548812455822,0.855343068908636
"NANCHANGMYCIN (BRD:BRD-A73871920-236-03-6)",44,44,0.0722244399243173,-0.0455250176180409,0.769187775686738,0.978472082145673,"NANCHANGMYCIN","BRD-A73871920-236-03-6","Higher MPCDS = greater sensitivity",44,-0.00627401433534697,0.0114142000105139,0.585458663039732,0.960295085661133
"NAPABUCASIN (BRD:BRD-K22064724-001-01-8)",50,50,0.085816629137163,-0.0925330132052821,0.522737455059765,0.931366670797781,"NAPABUCASIN","BRD-K22064724-001-01-8","Higher MPCDS = greater sensitivity",50,-0.00783859789412608,0.0123347833208907,0.528128848352518,0.960295085661133
"NAPROXEN (BRD:BRD-K59197931-001-04-5)",36,22,0.0388746402287336,0.106349371086238,0.537016140685224,0.931366670797781,"NAPROXEN","BRD-K59197931-001-04-5","Higher MPCDS = greater resistance",36,0.00128400640038832,0.00657197572285602,0.846261521075635,0.990502452946434
"NARASIN (BRD:BRD-A25608658-001-01-1)",45,45,0.101494506528348,0.120026350461133,0.432248868555398,0.907344563731448,"NARASIN","BRD-A25608658-001-01-1","Higher MPCDS = greater resistance",45,0.00913961253092105,0.0160318303585901,0.571582408497607,0.960295085661133
"NARLAPREVIR (BRD:BRD-K38287497-001-01-2)",41,31,0.0155647153204509,-0.226219909840669,0.154958967554856,0.771344232182843,"NARLAPREVIR","BRD-K38287497-001-01-2","Higher MPCDS = greater sensitivity",41,-0.00396889442714272,0.00241836447259273,0.108808068528438,0.855343068908636
"NAVARIXIN (BRD:BRD-K82850175-001-01-1)",41,39,0.0552364720209477,-0.0278794219252386,0.862629216389502,0.985785202498155,"NAVARIXIN","BRD-K82850175-001-01-1","Higher MPCDS = greater sensitivity",41,0.000687116530176009,0.00902260602150034,0.939685119989658,0.991567094778153
"NAVITOCLAX (BRD:BRD-K82746043-001-19-3)",50,50,0.13742099624242,-0.00235294117647059,0.987061273589664,0.998144120500538,"NAVITOCLAX","BRD-K82746043-001-19-3","Higher MPCDS = greater sensitivity",50,-0.00580979841986126,0.0198172780519192,0.770657245527684,0.986518863295841
"NEFIRACETAM (BRD:BRD-K65678996-001-05-5)",41,28,0.0488914437469791,-0.202396401873728,0.204414867122627,0.802684493900804,"NEFIRACETAM","BRD-K65678996-001-05-5","Higher MPCDS = greater sensitivity",41,-0.012803607905491,0.00757338406261311,0.0988906382065922,0.855343068908636
"NELARABINE (BRD:BRD-K84466663-001-05-4)",29,4,0.00165083535675332,NA,NA,NA,"NELARABINE","BRD-K84466663-001-05-4","Not tested",29,NA,NA,NA,NA
"NEMONAPRIDE (BRD:BRD-M80207679-001-01-5)",40,17,0.0220960920545729,0.163873440830537,0.312297472334771,0.843730506870677,"NEMONAPRIDE","BRD-M80207679-001-01-5","Higher MPCDS = greater resistance",40,0.00171520125961623,0.00378500915751848,0.653013172445398,0.975756906432833
"NEMORUBICIN (BRD:BRD-K51911221-001-01-2)",42,42,0.0602570450836216,-0.0561542824730573,0.723925299632848,0.96366499509342,"NEMORUBICIN","BRD-K51911221-001-01-2","Higher MPCDS = greater sensitivity",42,0.00175310555401648,0.00973749034492801,0.858032762873546,0.990502452946434
"NERATINIB (BRD:BRD-K85606544-001-09-1)",50,50,0.0747018918636632,-0.209411764705882,0.144413658749542,0.771344232182843,"NERATINIB","BRD-K85606544-001-09-1","Higher MPCDS = greater sensitivity",50,-0.0118206707840882,0.0106464434497949,0.272404055839168,0.926120965655263
"NEXTURASTAT-A (BRD:BRD-K70402238-001-02-8)",42,38,0.036989693411129,-0.128862259550199,0.416035064689811,0.900517117121468,"NEXTURASTAT-A","BRD-K70402238-001-02-8","Higher MPCDS = greater sensitivity",42,-0.0060775277580059,0.00580770742534262,0.301631754148729,0.926120965655263
"NH125 (BRD:BRD-K31086665-005-04-6)",43,43,0.0457020908810576,-0.343853820598007,0.0239648980207926,0.497764718062008,"NH125","BRD-K31086665-005-04-6","Higher MPCDS = greater sensitivity",43,-0.0102398444787542,0.00708569439273924,0.156017907560507,0.855343068908636
"NIACIN (BRD:BRD-K60237333-001-27-1)",29,24,0.0343963664115018,NA,NA,NA,"NIACIN","BRD-K60237333-001-27-1","Not tested",29,NA,NA,NA,NA
"NICLOSAMIDE (BRD:BRD-K35960502-001-20-0)",44,44,0.0440246826562903,-0.0109936575052854,0.943535922053948,0.997422722472926,"NICLOSAMIDE","BRD-K35960502-001-20-0","Higher MPCDS = greater sensitivity",44,0.00605129534891109,0.00693420550645327,0.387803181843368,0.928385419996185
"NICORANDIL (BRD:BRD-K97752965-001-16-4)",37,11,0.00642575653060405,0.187640900435723,0.266089124194062,0.824429774620239,"NICORANDIL","BRD-K97752965-001-16-4","Higher MPCDS = greater resistance",37,0.00117830051326015,0.00122626477547354,0.343201201866872,0.928234297362907
"NICOTINE (BRD:BRD-A93695607-322-02-5)",39,30,0.0336816624410475,-0.266403933253452,0.10114224265519,0.698790433469257,"NICOTINE","BRD-A93695607-322-02-5","Higher MPCDS = greater sensitivity",39,-0.0077126793279129,0.0053119846859208,0.15494601428666,0.855343068908636
"NILOTINIB (BRD:BRD-K81528515-001-13-8)",43,42,0.0389236498562544,-0.159700985502877,0.306329255865952,0.842377355354233,"NILOTINIB","BRD-K81528515-001-13-8","Higher MPCDS = greater sensitivity",43,-0.00634848040581995,0.00616298649847194,0.309002660933052,0.926120965655263
"NILUTAMIDE (BRD:BRD-K23566484-001-15-1)",43,19,0.0198685014543588,0.43089208516219,0.00391986581165695,0.417374992375077,"NILUTAMIDE","BRD-K23566484-001-15-1","Higher MPCDS = greater resistance",43,0.00763523037112351,0.00293884648903658,0.012965979959984,0.855343068908636
"NIMORAZOLE (BRD:BRD-K79145628-001-05-5)",43,31,0.0515815429900622,-0.0707464176600414,0.652126014224487,0.951396615235329,"NIMORAZOLE","BRD-K79145628-001-05-5","Higher MPCDS = greater sensitivity",43,-0.00233614159405383,0.00836940930800044,0.781549331381239,0.986518863295841
"NINTEDANIB (BRD:BRD-K49075727-001-08-5)",43,31,0.0454955127009523,-0.210095422141941,0.176298606864458,0.778462525709525,"NINTEDANIB","BRD-K49075727-001-08-5","Higher MPCDS = greater sensitivity",43,-0.00536540871994661,0.00720956018178731,0.460995194687066,0.941894498405836
"NIRAPARIB (BRD:BRD-K54955827-001-02-2)",50,50,0.0863952115855334,-0.154189675870348,0.285016182828025,0.836642711118278,"NIRAPARIB","BRD-K54955827-001-02-2","Higher MPCDS = greater sensitivity",50,-0.00855440159271844,0.012408796273796,0.493902174072167,0.954656551226739
"NIRIDAZOLE (BRD:BRD-K53123955-001-10-5)",37,4,0.0039960259634028,0.258884762154816,0.121815814338914,0.743282934949306,"NIRIDAZOLE","BRD-K53123955-001-10-5","Higher MPCDS = greater resistance",37,0.000733451939163681,0.000669381191568173,0.280685567202357,0.926120965655263
"NISOXETINE (BRD:BRD-A95696066-003-13-8)",41,23,0.008319227919904,0.0152362073596281,0.924674121196064,0.994421758418471,"NISOXETINE","BRD-A95696066-003-13-8","Higher MPCDS = greater resistance",41,0.000696425949127255,0.00137441620418457,0.615213567372771,0.962021628449171
"NITARSONE (BRD:BRD-K56707426-001-02-0)",37,34,0.0654641395184882,0.0379551721353625,0.823513395348752,0.985785202498155,"NITARSONE","BRD-K56707426-001-02-0","Higher MPCDS = greater resistance",37,0.00392767734737714,0.0107779269879793,0.717737983527509,0.986518863295841
"NITHIAMIDE (BRD:BRD-K39467894-001-06-7)",42,19,0.0305668877974888,0.219462239822585,0.162579954741692,0.778462525709525,"NITHIAMIDE","BRD-K39467894-001-06-7","Higher MPCDS = greater resistance",42,0.00717882605536697,0.00483154265828517,0.14516516089138,0.855343068908636
"NITISINONE (BRD:BRD-K01109406-001-03-7)",43,32,0.0231365515976698,0.212439187867929,0.171413060686589,0.778462525709525,"NITISINONE","BRD-K01109406-001-03-7","Higher MPCDS = greater resistance",43,0.0068632513859396,0.00353070326637746,0.0587948816301425,0.855343068908636
"NITROCARAMIPHEN (BRD:BRD-K28453807-003-11-2)",36,13,0.0223356642136561,0.350801944531194,0.0359306311011561,0.55881405574588,"NITROCARAMIPHEN","BRD-K28453807-003-11-2","Higher MPCDS = greater resistance",36,0.00126018162432742,0.00380075013919194,0.742255683625206,0.986518863295841
"NIZATIDINE (BRD:BRD-K73589491-001-11-2)",41,7,0.0251159744487984,0.0495852189848762,0.758180534296916,0.973910960126022,"NIZATIDINE","BRD-K73589491-001-11-2","Higher MPCDS = greater resistance",41,0.0059154713638116,0.0039700997721905,0.144266456243854,0.855343068908636
"NIZOFENONE (BRD:BRD-K84011460-051-01-7)",41,28,0.0234516476221418,-0.235462480704218,0.138341155835618,0.771344232182843,"NIZOFENONE","BRD-K84011460-051-01-7","Higher MPCDS = greater sensitivity",41,-0.00491187796271013,0.00372553670724778,0.195048866581508,0.873439252662257
"NMS-1286937 (BRD:BRD-K83699324-001-01-1)",38,38,0.0701866284687629,-0.10340299813984,0.536716783346052,0.931366670797781,"NMS-1286937","BRD-K83699324-001-01-1","Higher MPCDS = greater sensitivity",38,-0.00290290729589839,0.0115142333375837,0.802386267228401,0.990107755278081
"NMS-873 (BRD:BRD-K26253904-001-01-5)",43,43,0.0640902921401995,-0.000906070673512534,0.995399088584357,0.999342267454251,"NMS-873","BRD-K26253904-001-01-5","Higher MPCDS = greater sensitivity",43,0.00567706531063327,0.0102226097112069,0.581677024591976,0.960295085661133
"NMS-E973 (BRD:BRD-K58770988-001-01-8)",45,45,0.0775203269271628,0.0974967061923583,0.524031016583113,0.931366670797781,"NMS-E973","BRD-K58770988-001-01-8","Higher MPCDS = greater resistance",45,0.00644508487136392,0.0122517532796392,0.601553452729221,0.960295085661133
"NOBILETIN (BRD:BRD-K06753942-001-14-5)",44,40,0.0544203607919579,-0.455289252848553,0.00190052146834771,0.417374992375077,"NOBILETIN","BRD-K06753942-001-14-5","Higher MPCDS = greater sensitivity",44,-0.02451748743582,0.00775811132960643,0.00292195091747202,0.556888073118234
"NOCODAZOLE (BRD:BRD-K12539581-001-23-7)",43,43,0.0728244471873163,-0.135004530353368,0.388050290446852,0.887939106143226,"NOCODAZOLE","BRD-K12539581-001-23-7","Higher MPCDS = greater sensitivity",43,-0.00672386114706831,0.0117226833933023,0.569387230843236,0.960295085661133
"NOMEGESTROL-ACETATE (BRD:BRD-K27351809-001-09-5)",37,21,0.0160957295885513,-0.0987823628996372,0.560787678463386,0.931412061115658,"NOMEGESTROL-ACETATE","BRD-K27351809-001-09-5","Higher MPCDS = greater sensitivity",37,0.000576067844502628,0.00270582990776724,0.832641120944711,0.990502452946434
"NONOXYNOL-9 (BRD:BRD-K88625236-001-04-2)",43,43,0.0447676150033859,-0.0619148293566898,0.693272629154403,0.95899383859975,"NONOXYNOL-9","BRD-K88625236-001-04-2","Higher MPCDS = greater sensitivity",43,-0.0022825414672562,0.00717057551205044,0.751857659838646,0.986518863295841
"NOREPINEPHRINE (BRD:BRD-K87349682-347-03-8)",44,44,0.0605514290047709,-0.252995066948555,0.0975302993873446,0.698790433469257,"NOREPINEPHRINE","BRD-K87349682-347-03-8","Higher MPCDS = greater sensitivity",44,-0.0133333813214332,0.00940086869756535,0.163476994303306,0.855343068908636
"NORETHINDRONE (BRD:BRD-K92073408-001-15-7)",38,18,0.0201846269191634,-0.0133197298892724,0.93673919464697,0.996980787106147,"NORETHINDRONE","BRD-K92073408-001-15-7","Higher MPCDS = greater sensitivity",38,0.00311918672212717,0.0032872875852504,0.349016760446582,0.928385419996185
"NORETHINDRONE-ACETATE (BRD:BRD-A09349126-001-10-7)",36,11,0.0474658855560733,0.0365082165784843,0.832583753428266,0.985785202498155,"NORETHINDRONE-ACETATE","BRD-A09349126-001-10-7","Higher MPCDS = greater resistance",36,-0.00298256034108381,0.007934000712804,0.709310819571603,0.984015009810317
"NORETYNODREL (BRD:BRD-A00758722-001-04-9)",38,38,0.0484683386138652,-0.258124521282416,0.117657687295805,0.73663943350417,"NORETYNODREL","BRD-A00758722-001-04-9","Higher MPCDS = greater sensitivity",38,-0.0131763006692021,0.00777692003788591,0.0988473860082405,0.855343068908636
"NORFLOXACIN (BRD:BRD-K11196887-001-22-0)",44,43,0.0498580605638922,-0.197681384244789,0.198353287163921,0.802501065545157,"NORFLOXACIN","BRD-K11196887-001-22-0","Higher MPCDS = greater sensitivity",44,-0.00764045725471616,0.00783568627955291,0.335101220247908,0.927471102831342
"NORGESTREL (BRD:BRD-A14886633-001-01-6)",41,26,0.0435858422407649,0.204314213042827,0.200067973979661,0.802501065545157,"NORGESTREL","BRD-A14886633-001-01-6","Higher MPCDS = greater resistance",41,0.0122228690532636,0.006973607297117,0.0875067600687806,0.855343068908636
"NOVOBIOCIN (BRD:BRD-K85307935-236-09-5)",41,39,0.0584485864218803,-0.261195334162079,0.0990412081298172,0.698790433469257,"NOVOBIOCIN","BRD-K85307935-236-09-5","Higher MPCDS = greater sensitivity",41,-0.0129036677404788,0.00907249781572342,0.162893050411656,0.855343068908636
"NSC-23766 (BRD:BRD-A80213327-305-08-3)",40,34,0.0441427903951484,0.095560903246809,0.557499056093158,0.931366670797781,"NSC-23766","BRD-A80213327-305-08-3","Higher MPCDS = greater resistance",40,0.00476340633081425,0.00744544655534781,0.526157926028975,0.960295085661133
"NSC-319726 (BRD:BRD-K99170882-001-04-3)",43,43,0.122442201032791,-0.0919661733615222,0.557514525896189,0.931366670797781,"NSC-319726","BRD-K99170882-001-04-3","Higher MPCDS = greater sensitivity",43,-0.0005483634012539,0.0196025547489643,0.977818549011993,0.997167058951485
"NSC-3852 (BRD:BRD-K13169950-001-14-4)",42,42,0.0366185628998164,-0.154363503767928,0.329031688071171,0.858976482027518,"NSC-3852","BRD-K13169950-001-14-4","Higher MPCDS = greater sensitivity",42,-0.00309549342407143,0.00580701660107877,0.596940888570372,0.960295085661133
"NSC-632839 (BRD:BRD-K81197548-003-01-4)",45,45,0.0567059413877584,0.0913043478260869,0.550840738655962,0.931366670797781,"NSC-632839","BRD-K81197548-003-01-4","Higher MPCDS = greater resistance",45,0.0045486211699535,0.00896412360372605,0.614449385234378,0.962021628449171
"NSC-663284 (BRD:BRD-K03109492-001-02-2)",42,42,0.0580288945629523,-0.108824244388623,0.492700750088964,0.931366670797781,"NSC-663284","BRD-K03109492-001-02-2","Higher MPCDS = greater sensitivity",42,-0.00855171173961964,0.00919445619606188,0.357901746180598,0.928385419996185
"NSC-697923 (BRD:BRD-K20605374-001-05-4)",42,42,0.0445856326376358,0.133781703265538,0.398308611316935,0.892828629253998,"NSC-697923","BRD-K20605374-001-05-4","Higher MPCDS = greater resistance",42,0.00763998121111589,0.0071059760595367,0.288750808222029,0.926120965655263
"NU-6027 (BRD:BRD-K03294269-001-08-0)",39,35,0.0543593157251132,0.0826748144699922,0.616818873481539,0.943141955314152,"NU-6027","BRD-K03294269-001-08-0","Higher MPCDS = greater resistance",39,0.0104456413526028,0.00898594647022007,0.252499182504036,0.923042513060167
"REBEMADLIN (BRD:BRD-A12230535-001-06-7)",44,36,0.044141870040309,-0.0123143360730576,0.936765808100565,0.996980787106147,"REBEMADLIN","BRD-A12230535-001-06-7","Higher MPCDS = greater sensitivity",44,0.000933034799397112,0.00705857355412688,0.895469509761943,0.991567094778153
"NVP-AEW541 (BRD:BRD-K24696047-001-02-3)",40,37,0.0657645034305709,-0.0396058232251428,0.808283263202822,0.985785202498155,"NVP-AEW541","BRD-K24696047-001-02-3","Higher MPCDS = greater sensitivity",40,0.00205937678728194,0.0106698100343357,0.847979286456443,0.990502452946434
"NVP-BVU972 (BRD:BRD-K77943374-001-02-8)",43,37,0.0417333123315168,0.183263123167123,0.239467186807448,0.817539523837169,"NVP-BVU972","BRD-K77943374-001-02-8","Higher MPCDS = greater resistance",43,0.00524779324975898,0.00662021607874797,0.432520374399533,0.938640046288849
"NVP-TAE 684 (BRD:BRD-K50140147-001-10-1)",42,42,0.0667030998111483,-0.196985657564217,0.211160395385438,0.805277260014622,"NVP-TAE 684","BRD-K50140147-001-10-1","Higher MPCDS = greater sensitivity",42,-0.00966373011907182,0.0105048214562605,0.363122649997761,0.928385419996185
"NVP-TAE226 (BRD:BRD-K21025364-001-05-6)",43,43,0.0844962600928403,-0.210057384475989,0.176378711311474,0.778462525709525,"NVP-TAE226","BRD-K21025364-001-05-6","Higher MPCDS = greater sensitivity",43,-0.013480884047232,0.0133631899511068,0.318983860970916,0.927471102831342
"O6-BENZYLGUANINE (BRD:BRD-K92041145-001-09-5)",46,42,0.0548296127020141,0.0683122623125752,0.65192239154889,0.951396615235329,"O6-BENZYLGUANINE","BRD-K92041145-001-09-5","Higher MPCDS = greater resistance",46,0.00490599332161872,0.00823069109477005,0.55418870751278,0.960295085661133
"OBIDOXIME (BRD:BRD-K33588785-001-01-9)",45,38,0.0247529905359121,-0.150152513442898,0.324867041678938,0.856650473364682,"OBIDOXIME","BRD-K33588785-001-01-9","Higher MPCDS = greater sensitivity",45,-0.000396407588544589,0.00392420605831243,0.92000731532435,0.991567094778153
"OCTENIDINE (BRD:BRD-K04568635-300-01-4)",27,27,0.0717391174051506,NA,NA,NA,"OCTENIDINE","BRD-K04568635-300-01-4","Not tested",27,NA,NA,NA,NA
"OCTOPAMINE (BRD:BRD-A14240607-003-26-1)",28,7,0.00913103303963797,NA,NA,NA,"OCTOPAMINE","BRD-A14240607-003-26-1","Not tested",28,NA,NA,NA,NA
"ODANACATIB (BRD:BRD-K22822991-001-02-3)",47,33,0.0239354684390749,-0.033149763325641,0.824933295531668,0.985785202498155,"ODANACATIB","BRD-K22822991-001-02-3","Higher MPCDS = greater sensitivity",47,-0.00212232130244878,0.00347485087724837,0.544427166268882,0.960295085661133
"OLAPARIB (BRD:BRD-K02113016-001-19-6)",49,49,0.0818598658830567,-0.245918367346939,0.0885201688725595,0.678026825406839,"OLAPARIB","BRD-K02113016-001-19-6","Higher MPCDS = greater sensitivity",49,-0.0131599474777659,0.0125020136440852,0.297894166087833,0.926120965655263
"OLDA (BRD:BRD-K95523387-001-09-6)",35,30,0.0328457061661317,-0.0550370211625311,0.753508533355488,0.973141065499464,"OLDA","BRD-K95523387-001-09-6","Higher MPCDS = greater sensitivity",35,-0.00819198985267696,0.00551402955313072,0.146859865164308,0.855343068908636
"OLEANOLIC-ACID (BRD:BRD-K90647725-001-07-3)",35,16,0.0288638816753947,0.268912329949986,0.118273851817513,0.737224423349828,"OLEANOLIC-ACID","BRD-K90647725-001-07-3","Higher MPCDS = greater resistance",35,0.00451316762927554,0.00518008196290949,0.389909935024283,0.928385419996185
"OLEOYLETHANOLAMIDE (BRD:BRD-K66956375-001-11-3)",41,21,0.0541790149454127,0.112522748412604,0.483649488953522,0.931366670797781,"OLEOYLETHANOLAMIDE","BRD-K66956375-001-11-3","Higher MPCDS = greater resistance",41,-0.000462529279255438,0.00905576309713645,0.95952592096296,0.992580507822158
"OLIGOMYCIN-A (BRD:BRD-A81541225-001-06-8)",45,45,0.169683800979936,0.00553359683794466,0.971221629620347,0.998144120500538,"OLIGOMYCIN-A","BRD-A81541225-001-06-8","Higher MPCDS = greater resistance",45,0.015021452703346,0.026806248428757,0.578134327415215,0.960295085661133
"OLTIPRAZ (BRD:BRD-K86972824-001-01-4)",49,40,0.040906637674248,-0.108672675729544,0.457314423245312,0.922634801445087,"OLTIPRAZ","BRD-K86972824-001-01-4","Higher MPCDS = greater sensitivity",49,-0.00145627233505179,0.00593868193587584,0.807355133553675,0.990273286572071
"OMEPRAZOLE (BRD:BRD-A55962179-001-22-1)",37,37,0.0414519932185585,-0.231152204836415,0.168663704717313,0.778462525709525,"OMEPRAZOLE","BRD-A55962179-001-22-1","Higher MPCDS = greater sensitivity",37,-0.00374721494643365,0.00694411839966957,0.59287299278785,0.960295085661133
"ONC201 (BRD:BRD-K58529924-001-01-5)",50,50,0.0466539657459452,0.0894597839135654,0.536695803057077,0.931366670797781,"ONC201","BRD-K58529924-001-01-5","Higher MPCDS = greater resistance",50,0.00734535661522119,0.0066499346112372,0.274849813607996,0.926120965655263
"ONCRASIN-1 (BRD:BRD-K43449605-001-01-0)",45,45,0.0915628907970193,-0.0130434782608696,0.932229876294362,0.996217619309834,"ONCRASIN-1","BRD-K43449605-001-01-0","Higher MPCDS = greater sensitivity",45,0.00158188929744234,0.014515606349676,0.913726506632491,0.991567094778153
"ONX-0914 (BRD:BRD-K60446698-001-01-2)",43,43,0.0574949186170055,0.192086982784657,0.217198353340726,0.805277260014622,"ONX-0914","BRD-K60446698-001-01-2","Higher MPCDS = greater resistance",43,0.0115488353448426,0.00902638307683657,0.207930863233967,0.878423459094401
"OPROZOMIB (BRD:BRD-A36331462-001-02-1)",37,37,0.0704854046273612,-0.0990990990990991,0.5595256302772,0.931366670797781,"OPROZOMIB","BRD-A36331462-001-02-1","Higher MPCDS = greater sensitivity",37,0.0017358751981203,0.0118944956207202,0.884806551257695,0.991567094778153
"ORANTINIB (BRD:BRD-K55966568-001-05-4)",40,13,0.0134853221359527,0.150196918855464,0.354930027840278,0.872183003566554,"ORANTINIB","BRD-K55966568-001-05-4","Higher MPCDS = greater resistance",40,0.00247143896546107,0.00225350199543229,0.279669646565806,0.926120965655263
"ORIDONIN (BRD:BRD-K23925186-001-02-8)",43,43,0.0485331636209398,0.135155542132286,0.387514812158222,0.887939106143226,"ORIDONIN","BRD-K23925186-001-02-8","Higher MPCDS = greater resistance",43,0.00871285647999374,0.00766344884640977,0.262166098366937,0.926120965655263
"ORNITHINE (BRD:BRD-A13561534-003-02-0)",31,20,0.00957411061190237,-0.22679707339724,0.219850550554828,0.806540649185087,"ORNITHINE","BRD-A13561534-003-02-0","Higher MPCDS = greater sensitivity",31,-0.00225772863082426,0.00196038241004635,0.258860178082742,0.926120965655263
"OROTIC-ACID (BRD:BRD-K32572029-001-04-4)",41,40,0.0392688695367005,-0.127618798849222,0.426527823334878,0.906842521355457,"OROTIC-ACID","BRD-K32572029-001-04-4","Higher MPCDS = greater sensitivity",41,-0.00540989794143032,0.00635609243313028,0.399889822068343,0.933986913657504
"OSELTAMIVIR-PHOSPHATE (BRD:BRD-K76011241-001-01-8)",37,8,0.00424517285882996,-0.150538721113828,0.373817317165631,0.882453994620506,"OSELTAMIVIR-PHOSPHATE","BRD-K76011241-001-01-8","Higher MPCDS = greater sensitivity",37,0.000676089524240485,0.000826077737380998,0.418647420255,0.938640046288849
"OSI 930 OSI930 (BRD:BRD-K25340465-001-11-1)",42,42,0.052180101704975,-0.118547929665343,0.454619698640171,0.922634801445087,"OSI 930 OSI930","BRD-K25340465-001-11-1","Higher MPCDS = greater sensitivity",42,-0.00123985776796889,0.00835436210209966,0.88276609823318,0.991567094778153
"OSI-420 (BRD:BRD-K73309154-003-02-8)",42,42,0.100347523675605,-0.254031277854307,0.104507635634572,0.698790433469257,"OSI-420","BRD-K73309154-003-02-8","Higher MPCDS = greater sensitivity",42,-0.0146203251745118,0.0160571005217261,0.368002342574601,0.928385419996185
"OTS167 (BRD:BRD-K53417444-003-03-1)",45,45,0.0529006161719938,-0.143741765480896,0.346182786284101,0.868219080471793,"OTS167","BRD-K53417444-003-03-1","Higher MPCDS = greater sensitivity",45,-0.0108388842711903,0.00822309417127402,0.194448025497426,0.873439252662257
"OUABAIN (BRD:BRD-K33277808-331-01-3)",42,42,0.0454660377571972,-0.051940685519812,0.743912813453048,0.968566411729104,"OUABAIN","BRD-K33277808-331-01-3","Higher MPCDS = greater sensitivity",42,-0.00606877894645785,0.00721988800700447,0.405588829127668,0.934651126569329
"OXAZEPAM (BRD:BRD-A50049929-001-01-9)",40,40,0.0556127935669754,-0.113883677298311,0.484111156451587,0.931366670797781,"OXAZEPAM","BRD-A50049929-001-01-9","Higher MPCDS = greater sensitivity",40,-0.00671548181941783,0.00959883382162314,0.488429061597055,0.951824355158289
"OXCARBAZEPINE (BRD:BRD-K04196797-001-24-4)",34,10,0.0109695965868914,0.259183556986407,0.138823558935066,0.771344232182843,"OXCARBAZEPINE","BRD-K04196797-001-24-4","Higher MPCDS = greater resistance",34,0.00275051681791978,0.0018812827633448,0.153481453538664,0.855343068908636
"OXIBENDAZOLE (BRD:BRD-K52075715-001-06-7)",43,43,0.0564926876417844,0.0294472968891574,0.851308357442236,0.985785202498155,"OXIBENDAZOLE","BRD-K52075715-001-06-7","Higher MPCDS = greater resistance",43,0.00321969004213897,0.00904582866300347,0.72371725884636,0.986518863295841
"OXIPEROMIDE (BRD:BRD-K78096648-001-05-7)",45,45,0.0564409766294288,-0.0952569169960474,0.533653165843318,0.931366670797781,"OXIPEROMIDE","BRD-K78096648-001-05-7","Higher MPCDS = greater sensitivity",45,-0.00466058297648592,0.00892064245452292,0.604039023451699,0.960295085661133
"OXIRACETAM (BRD:BRD-K50677762-001-01-5)",45,45,0.0571037166801299,-0.00895915678524374,0.953422247701454,0.998144120500538,"OXIRACETAM","BRD-K50677762-001-01-5","Higher MPCDS = greater sensitivity",45,0.00256308549900532,0.00904554944952916,0.778265864178454,0.986518863295841
"OXONIC-ACID (BRD:BRD-K31468676-237-01-8)",33,5,0.00135974066577115,0.0595323523016818,0.742085455110909,0.968566411729104,"OXONIC-ACID","BRD-K31468676-237-01-8","Higher MPCDS = greater resistance",33,-0.000152650237984688,0.000233379874273469,0.517880434618063,0.960295085661133
"OXPRENOLOL (BRD:BRD-A43671941-003-11-9)",45,45,0.0450533297667663,-0.323847167325428,0.0299948505592827,0.514197438159133,"OXPRENOLOL","BRD-A43671941-003-11-9","Higher MPCDS = greater sensitivity",45,-0.0132705824958437,0.0068506971171577,0.0593187330088818,0.855343068908636
"OXYMATRINE (BRD:BRD-A57833392-001-01-7)",35,8,0.00604389449729317,-0.190018348876222,0.274246257148716,0.826974882428813,"OXYMATRINE","BRD-A57833392-001-01-7","Higher MPCDS = greater sensitivity",35,-0.00131676411804837,0.0010123519176953,0.202371899183649,0.877757635013419
"OXYMETAZOLINE (BRD:BRD-K16195444-003-26-0)",43,25,0.0362966539454521,-0.097463300925174,0.534099711767039,0.931366670797781,"OXYMETAZOLINE","BRD-K16195444-003-26-0","Higher MPCDS = greater sensitivity",43,0.00630354002372746,0.0059756963882811,0.297664761980345,0.926120965655263
"OXYPHENCYCLIMINE (BRD:BRD-A58193911-003-18-7)",41,41,0.0585028958459309,-0.126829268292683,0.42941815934888,0.906842521355457,"OXYPHENCYCLIMINE","BRD-A58193911-003-18-7","Higher MPCDS = greater sensitivity",41,-0.0075133756031774,0.00923542532288519,0.420848560878602,0.938640046288849
"OXYQUINOLINE (BRD:BRD-K66808046-065-03-7)",45,45,0.0360367780816212,0.086429512516469,0.572393747602258,0.934808888381348,"OXYQUINOLINE","BRD-K66808046-065-03-7","Higher MPCDS = greater resistance",45,0.00195815423890927,0.00570594636393697,0.733136890880329,0.986518863295841
"P 22077 (BRD:BRD-K97714174-001-01-3)",45,40,0.0393750331619845,0.0429349008142871,0.779446532542958,0.984817233088154,"P 22077","BRD-K97714174-001-01-3","Higher MPCDS = greater resistance",45,0.00153736245256016,0.00623864309555136,0.806525275653603,0.990107755278081
"P276-00 (BRD:BRD-K51791723-003-01-7)",50,50,0.0685569472598357,-0.185882352941176,0.196204897045119,0.802501065545157,"P276-00","BRD-K51791723-003-01-7","Higher MPCDS = greater sensitivity",50,-0.00915454025286473,0.00980672538187716,0.355236131983827,0.928385419996185
"P5091 (BRD:BRD-K13606314-001-01-3)",43,43,0.0422346477438393,0.00166112956810631,0.991565102013431,0.998743783367373,"P5091","BRD-K13606314-001-01-3","Higher MPCDS = greater resistance",43,0.00178042222930637,0.0068201440919356,0.795358128112812,0.990107755278081
"PACLITAXEL (BRD:BRD-K62008436-001-23-9)",50,50,0.0983977343939318,-0.0111884753901561,0.938531425198125,0.996980787106147,"PACLITAXEL","BRD-K62008436-001-23-9","Higher MPCDS = greater sensitivity",50,0.000866022850440975,0.0142019395229734,0.951628975682922,0.991567094778153
"PACRITINIB (BRD:BRD-K19034817-001-01-4)",44,44,0.0302470943350419,-0.373361522198731,0.0125494522189987,0.433282409460274,"PACRITINIB","BRD-K19034817-001-01-4","Higher MPCDS = greater sensitivity",44,-0.00649452295578873,0.0046915151245477,0.173574386032154,0.868867569310976
"PALBOCICLIB (BRD:BRD-K51313569-001-07-8)",50,50,0.086162004608949,-0.232845138055222,0.10367897324465,0.698790433469257,"PALBOCICLIB","BRD-K51313569-001-07-8","Higher MPCDS = greater sensitivity",50,-0.0160532879916364,0.0122186529048914,0.195146798915733,0.873439252662257
"PALIPERIDONE (BRD:BRD-A99888680-001-03-8)",44,43,0.0333174967695977,0.0865428662576119,0.576445702392396,0.937945549655424,"PALIPERIDONE","BRD-A99888680-001-03-8","Higher MPCDS = greater resistance",44,0.00253687928397915,0.00528062057955381,0.633426606846652,0.968599114343309
"PALMATINE-CHLORIDE (BRD:BRD-K58466253-003-14-0)",44,37,0.0346872387324138,-0.197343250112817,0.199137504087136,0.802501065545157,"PALMATINE-CHLORIDE","BRD-K58466253-003-14-0","Higher MPCDS = greater sensitivity",44,-0.00572713191682792,0.00543014192441354,0.297595458373699,0.926120965655263
"PALMITOYLETHANOLAMIDE (BRD:BRD-K68095457-001-10-1)",36,14,0.0116808838395928,0.0437008144750105,0.800212556800302,0.985785202498155,"PALMITOYLETHANOLAMIDE","BRD-K68095457-001-10-1","Higher MPCDS = greater resistance",36,0.00111841325519389,0.00193782582621928,0.567641413602106,0.960295085661133
"PALOMID-529 (BRD:BRD-A50998626-001-02-1)",41,30,0.0397844474898209,0.166900461189355,0.29696093241797,0.841997266116938,"PALOMID-529","BRD-A50998626-001-02-1","Higher MPCDS = greater resistance",41,0.00875494841629801,0.00630847297149402,0.173073985752521,0.868867569310976
"PAPAVERINE (BRD:BRD-K15567136-003-27-2)",40,40,0.0416521889477938,-0.00825515947467167,0.959679778920516,0.998144120500538,"PAPAVERINE","BRD-K15567136-003-27-2","Higher MPCDS = greater sensitivity",40,-0.000169207552019436,0.00723531724590619,0.981464482018378,0.997167058951485
"PARACHLOROPHENOL (BRD:BRD-K40992116-001-09-7)",35,3,0.000400273828142094,-0.0626533766908876,0.720678218779941,0.96366499509342,"PARACHLOROPHENOL","BRD-K40992116-001-09-7","Higher MPCDS = greater sensitivity",35,-3.2413334182908e-05,7.33171984607886e-05,0.661302710580445,0.975756906432833
"PARBENDAZOLE (BRD:BRD-K02407574-001-09-7)",45,45,0.0801202533407447,-0.0310935441370224,0.839321656804434,0.985785202498155,"PARBENDAZOLE","BRD-K02407574-001-09-7","Higher MPCDS = greater sensitivity",45,0.00213929096877333,0.012699151489696,0.867011809947411,0.991567094778153
"PARDOPRUNOX (BRD:BRD-K11851476-003-01-7)",45,45,0.0846091009202754,0.0703557312252964,0.646055102064695,0.951396615235329,"PARDOPRUNOX","BRD-K11851476-003-01-7","Higher MPCDS = greater resistance",45,0.010695518413689,0.0133155398157542,0.426256330708121,0.938640046288849
"PARICALCITOL (BRD:BRD-K60585088-001-01-5)",37,31,0.0789882115090108,-0.284968278532742,0.0873491756833955,0.677991152126094,"PARICALCITOL","BRD-K60585088-001-01-5","Higher MPCDS = greater sensitivity",37,-0.00620643536500526,0.0132457103656523,0.642288082972739,0.970316358349426
"PARTHENOLIDE (BRD:BRD-K98548675-001-05-9)",37,37,0.0405602988140643,-0.190611664295875,0.258455492715126,0.820464845078843,"PARTHENOLIDE","BRD-K98548675-001-05-9","Higher MPCDS = greater sensitivity",37,-0.0117992246499925,0.00654975377085608,0.0802481765621418,0.855343068908636
"PARTHENOLIDE-(-) (BRD:BRD-K34851558-001-02-3)",44,44,0.041661416580558,0.416067653276956,0.0049690694166842,0.417374992375077,"PARTHENOLIDE-(-)","BRD-K34851558-001-02-3","Higher MPCDS = greater resistance",44,0.0151208584275375,0.006182085735943,0.0187191825959294,0.855343068908636
"PAZOPANIB (BRD:BRD-K74514084-003-09-2)",50,50,0.0577643435477587,0.243985594237695,0.0877265625044976,0.677991152126094,"PAZOPANIB","BRD-K74514084-003-09-2","Higher MPCDS = greater resistance",50,0.0129931320923566,0.00812390749569605,0.116300913919438,0.855343068908636
"PCI-24781 (BRD:BRD-K12867552-001-04-7)",42,42,0.0550451202651439,-0.187586095130054,0.234201918700954,0.816675299909548,"PCI-24781","BRD-K12867552-001-04-7","Higher MPCDS = greater sensitivity",42,-0.00805923177895951,0.00880714281983829,0.36563386085732,0.928385419996185
"PD 0325901 (BRD:BRD-K49865102-001-08-4)",44,44,0.153835109617311,-0.278505990133897,0.0671567258011695,0.653331130241485,"PD 0325901","BRD-K49865102-001-08-4","Higher MPCDS = greater sensitivity",44,-0.0392042297528357,0.0236372588711348,0.104651894039494,0.855343068908636
"PD 173074 (BRD:BRD-K97764662-001-17-3)",42,39,0.0494609799949337,-0.137159544340386,0.386394817024659,0.887939106143226,"PD 173074","BRD-K97764662-001-17-3","Higher MPCDS = greater sensitivity",42,-0.005954707218811,0.00781488131127133,0.450547449566102,0.940351522532128
"PD-153035 (BRD:BRD-K26603252-003-04-9)",43,43,0.0715727282988873,-0.281636967683479,0.0673053777626745,0.653331130241485,"PD-153035","BRD-K26603252-003-04-9","Higher MPCDS = greater sensitivity",43,-0.0129744558377761,0.0112783646025444,0.256651156680397,0.923042513060167
"PD-168393 (BRD:BRD-K17702546-001-03-2)",43,43,0.105407132168366,-0.0273331319842948,0.861876321238334,0.985785202498155,"PD-168393","BRD-K17702546-001-03-2","Higher MPCDS = greater sensitivity",43,-0.000220489213448343,0.0167534356591425,0.989563309370026,0.997167058951485
"PD-198306 (BRD:BRD-K88677950-001-03-9)",45,45,0.045288012478494,-0.137944664031621,0.366180117700561,0.87736999914943,"PD-198306","BRD-K88677950-001-03-9","Higher MPCDS = greater sensitivity",45,-0.00550675156178371,0.00713129493991371,0.444222384972212,0.939024256784477
"PD-318088 (BRD:BRD-A57798112-001-03-7)",44,44,0.112013937925631,-0.201409443269908,0.189850985390504,0.794205452420576,"PD-318088","BRD-A57798112-001-03-7","Higher MPCDS = greater sensitivity",44,-0.0201009995397157,0.0174931644206337,0.257025979172795,0.923042513060167
"PD-407824 (BRD:BRD-K82823804-001-04-1)",39,39,0.0563001991123994,0.20668016194332,0.206802741136943,0.802684493900804,"PD-407824","BRD-K82823804-001-04-1","Higher MPCDS = greater resistance",39,0.015213976127333,0.0090209466171478,0.100111910170995,0.855343068908636
"PD-98059 (BRD:BRD-K62810658-001-12-2)",40,31,0.0187067108083785,-0.0643839011775343,0.693066356156701,0.95899383859975,"PD-98059","BRD-K62810658-001-12-2","Higher MPCDS = greater sensitivity",40,-0.000327292934607509,0.00341706005001517,0.924197040612952,0.991567094778153
"PEMETREXED (BRD:BRD-K32842773-380-01-3)",50,50,0.0659975539641894,0.0138775510204082,0.923797216812492,0.994421758418471,"PEMETREXED","BRD-K32842773-380-01-3","Higher MPCDS = greater resistance",50,0.00353186868094915,0.00951227609556529,0.712051064906371,0.986518863295841
"PENFLURIDOL (BRD:BRD-K15409150-001-05-8)",42,42,0.0711242871059569,-0.225184344866704,0.151626506020835,0.771344232182843,"PENFLURIDOL","BRD-K15409150-001-05-8","Higher MPCDS = greater sensitivity",42,-0.0192634188267634,0.0109758064613076,0.0869027696516006,0.855343068908636
"PENICILLAMINE-(D) (BRD:BRD-K17518951-001-03-0)",39,34,0.0491494836862733,-0.00101394329454783,0.995112149419653,0.999342267454251,"PENICILLAMINE-(D)","BRD-K17518951-001-03-0","Higher MPCDS = greater sensitivity",39,-0.00367050324094278,0.00788036627702637,0.644104553186234,0.970316358349426
"PENTAGASTRIN (BRD:BRD-K78789465-001-01-6)",38,37,0.10692273634291,-0.046834819788874,0.780077491717364,0.984817233088154,"PENTAGASTRIN","BRD-K78789465-001-01-6","Higher MPCDS = greater sensitivity",38,-0.00658748862984898,0.0177931853324049,0.713383937951424,0.986518863295841
"PENTAMIDINE (BRD:BRD-K13183738-317-10-2)",40,40,0.0523675579790336,0.0272045028142589,0.867660256250168,0.985785202498155,"PENTAMIDINE","BRD-K13183738-317-10-2","Higher MPCDS = greater resistance",40,0.00861107156121066,0.00898883334778538,0.344131330790641,0.928234297362907
"PENTOSTATIN (BRD:BRD-K91543828-001-02-0)",43,19,0.00618765539063039,-0.0867511430252259,0.580162704863477,0.939293015189809,"PENTOSTATIN","BRD-K91543828-001-02-0","Higher MPCDS = greater sensitivity",43,-0.00134638920295703,0.0010565474419074,0.209722518053382,0.878423459094401
"PEPSTATIN (BRD:BRD-K13571841-001-14-4)",43,43,0.034744125341483,-0.175173663545757,0.261201242120183,0.824429774620239,"PEPSTATIN","BRD-K13571841-001-14-4","Higher MPCDS = greater sensitivity",43,-0.00640724563401305,0.00547186299197612,0.248381937218299,0.923042513060167
"PERUVOSIDE (BRD:BRD-A72716251-001-01-5)",42,42,0.0314944504559943,-0.0919698565756422,0.562403429732824,0.933019514764132,"PERUVOSIDE","BRD-A72716251-001-01-5","Higher MPCDS = greater sensitivity",42,-0.0030166210054013,0.00502124456640185,0.551381376353857,0.960295085661133
"PETCM (BRD:BRD-A93477898-001-04-2)",42,40,0.0443855707812175,0.112083638720105,0.479755823226608,0.931366670797781,"PETCM","BRD-A93477898-001-04-2","Higher MPCDS = greater resistance",42,0.00554284608783747,0.00705413167724385,0.436638808701373,0.938640046288849
"PEVONEDISTAT (BRD:BRD-K67844266-003-01-9)",50,50,0.112608497116856,0.106266506602641,0.462646654855773,0.923562159101563,"PEVONEDISTAT","BRD-K67844266-003-01-9","Higher MPCDS = greater resistance",50,0.0147483141233501,0.0161136334960983,0.364625593782979,0.928385419996185
"PEXIDARTINIB (BRD:BRD-K54519451-001-02-9)",50,42,0.0556860226414451,0.065735887227685,0.650147462615332,0.951396615235329,"PEXIDARTINIB","BRD-K54519451-001-02-9","Higher MPCDS = greater resistance",50,0.00529200297091187,0.00800120801059049,0.511518049584008,0.960295085661133
"PF-00562271 (BRD:BRD-K99545815-001-06-3)",44,44,0.0382076655265133,-0.11261451726568,0.466726607210501,0.927404510852917,"PF-00562271","BRD-K99545815-001-06-3","Higher MPCDS = greater sensitivity",44,-0.00165614710875986,0.00605454889558083,0.785780649713856,0.986518863295841
"PF-03758309 (BRD:BRD-K37764012-001-04-1)",43,43,0.116736646589481,-0.276200543642404,0.0729961991176886,0.653331130241485,"PF-03758309","BRD-K37764012-001-04-1","Higher MPCDS = greater sensitivity",43,-0.0354772897059953,0.0182348440612924,0.0585834862949422,0.855343068908636
"PF-03814735 (BRD:BRD-K68747584-001-02-0)",42,42,0.0899835744902094,-0.311238959565675,0.0448213838683662,0.588939538351176,"PF-03814735","BRD-K68747584-001-02-0","Higher MPCDS = greater sensitivity",42,-0.0147220463766699,0.0142216600611604,0.306800685780887,0.926120965655263
"PF-04136309 (BRD:BRD-K94420399-001-01-9)",41,34,0.0294685706431145,0.0589267829988684,0.714391054133495,0.96366499509342,"PF-04136309","BRD-K94420399-001-01-9","Higher MPCDS = greater resistance",41,0.00267734807779797,0.00516776742492749,0.607325113940122,0.961515057372338
"PF-04217903 (BRD:BRD-K73319509-001-08-0)",42,22,0.0343366113196203,-0.0385436511336691,0.808514376464422,0.985785202498155,"PF-04217903","BRD-K73319509-001-08-0","Higher MPCDS = greater sensitivity",42,-0.00344705780429876,0.0054731759857809,0.532400594115843,0.960295085661133
"PF-04457845 (BRD:BRD-K86816506-001-01-8)",45,45,0.0399379325862942,0.181422924901186,0.232985618918906,0.816675299909548,"PF-04457845","BRD-K86816506-001-01-8","Higher MPCDS = greater resistance",45,0.00598782432321891,0.00626611221712923,0.344621908243923,0.928234297362907
"PF-04691502 (BRD:BRD-K07310275-001-02-5)",42,42,0.0515072669649964,-0.0736569159711531,0.642951433792703,0.951396615235329,"PF-04691502","BRD-K07310275-001-02-5","Higher MPCDS = greater sensitivity",42,-0.00340672389726092,0.00823130151535447,0.681177020141235,0.977513598228107
"GEDATOLISIB (BRD:BRD-K07955840-001-02-3)",45,45,0.0407818269088242,-0.0862977602108037,0.572981580647696,0.934808888381348,"GEDATOLISIB","BRD-K07955840-001-02-3","Higher MPCDS = greater sensitivity",45,-0.000449493136637239,0.0064657353602566,0.944898599613865,0.991567094778153
"PF-3845 (BRD:BRD-K68997413-001-05-1)",43,39,0.027180711965856,0.127550285771787,0.415018569152505,0.900517117121468,"PF-3845","BRD-K68997413-001-05-1","Higher MPCDS = greater resistance",43,0.00363803378332421,0.00431432464839618,0.403984128640103,0.934651126569329
"PF-477736 (BRD:BRD-K03063480-001-06-6)",42,42,0.107493756664501,-0.0647435378008265,0.683749901967492,0.95899383859975,"PF-477736","BRD-K03063480-001-06-6","Higher MPCDS = greater sensitivity",42,0.000226439091702747,0.0172151261425446,0.989570719161652,0.997167058951485
"PF-4981517 (BRD:BRD-K78318619-001-02-7)",43,38,0.0556821682827173,-0.136090543646432,0.384209023482815,0.887939106143226,"PF-4981517","BRD-K78318619-001-02-7","Higher MPCDS = greater sensitivity",43,-0.00340971728969765,0.00889890954127886,0.703579731732996,0.981560353839369
"PF-573228 (BRD:BRD-K79239947-001-06-8)",44,43,0.0504097780958914,-0.0720955636657468,0.641883842811168,0.951396615235329,"PF-573228","BRD-K79239947-001-06-8","Higher MPCDS = greater sensitivity",44,-0.0048104236461243,0.00796072995662257,0.54891517640747,0.960295085661133
"PFI-1 (BRD:BRD-K13094524-001-07-5)",43,43,0.0506966847872752,-0.39323467230444,0.00908985350853382,0.433282409460274,"PFI-1","BRD-K13094524-001-07-5","Higher MPCDS = greater sensitivity",43,-0.0145132034670626,0.00773240677040055,0.067655966753222,0.855343068908636
"PFK-015 (BRD:BRD-K95573441-001-01-2)",35,35,0.0501894228988834,0.00952380952380952,0.956697334123692,0.998144120500538,"PFK-015","BRD-K95573441-001-01-2","Higher MPCDS = greater resistance",35,-0.000910739212453049,0.0085826561849246,0.91613441622458,0.991567094778153
"PHA 665752 (BRD:BRD-K95435023-001-08-5)",42,42,0.04616955268394,-0.287902114901548,0.0644760617541256,0.653331130241485,"PHA 665752","BRD-K95435023-001-08-5","Higher MPCDS = greater sensitivity",42,-0.00674395271020526,0.0072697984613257,0.359144378978228,0.928385419996185
"PHA 793887 (BRD:BRD-K64800655-001-07-4)",45,45,0.135009442210487,-0.0957839262187088,0.531381407564598,0.931366670797781,"PHA 793887","BRD-K64800655-001-07-4","Higher MPCDS = greater sensitivity",45,-0.0127589979141483,0.0213175982502189,0.55263332136787,0.960295085661133
"PHA-680632 (BRD:BRD-K09443272-001-03-3)",41,41,0.072794432497873,0.0656794425087108,0.683281822140381,0.95899383859975,"PHA-680632","BRD-K09443272-001-03-3","Higher MPCDS = greater resistance",41,0.00366013400631813,0.01187704462027,0.759593920637561,0.986518863295841
"PHA-767491 (BRD:BRD-K50000283-001-04-4)",43,43,0.0561527573896984,0.0591966173361522,0.706121086971382,0.96366499509342,"PHA-767491","BRD-K50000283-001-04-4","Higher MPCDS = greater resistance",43,0.00213133761170333,0.00906909768078689,0.815370023880926,0.990273286572071
"PHA-848125 (BRD:BRD-K60997853-001-02-3)",49,49,0.0805940360789939,-0.146938775510204,0.313694319799958,0.84591726687629,"PHA-848125","BRD-K60997853-001-02-3","Higher MPCDS = greater sensitivity",49,-0.00886009372710979,0.0115684371217369,0.447574108100899,0.940351522532128
"PHENAZONE (BRD:BRD-K46937689-001-15-0)",35,19,0.0460849058359581,-0.0601224027574613,0.731536879094327,0.965548218053008,"PHENAZONE","BRD-K46937689-001-15-0","Higher MPCDS = greater sensitivity",35,-0.00147000969422069,0.00777405190162555,0.851179038179611,0.990502452946434
"PHENELZINE (BRD:BRD-K87024524-065-17-7)",38,15,0.0185674948368533,0.0457891867289147,0.784870435707953,0.985785202498155,"PHENELZINE","BRD-K87024524-065-17-7","Higher MPCDS = greater resistance",38,0.00368014274580852,0.00317230429748896,0.253650198015378,0.923042513060167
"PHENIRAMINE (BRD:BRD-A23072235-050-18-5)",40,39,0.0514150697795221,-0.406960927320445,0.00915759840173,0.433282409460274,"PHENIRAMINE","BRD-A23072235-050-18-5","Higher MPCDS = greater sensitivity",40,-0.0152842285681229,0.007840209717819,0.0586482006422073,0.855343068908636
"PHENYLBUTAZONE (BRD:BRD-K10843433-001-22-7)",40,40,0.0631119001682606,0.0876172607879925,0.590850347853048,0.941954200718455,"PHENYLBUTAZONE","BRD-K10843433-001-22-7","Higher MPCDS = greater resistance",40,0.00746455796786511,0.0108960393348921,0.497457127175842,0.955335614492305
"PHENYLMERCURIC-ACETATE (BRD:BRD-K74193284-001-04-8)",41,41,0.0435304395157665,0.0787456445993032,0.624568342584446,0.945264817091786,"PHENYLMERCURIC-ACETATE","BRD-K74193284-001-04-8","Higher MPCDS = greater resistance",41,0.00277473770356329,0.0069156380581061,0.690443323133425,0.98034928902558
"PHLORIZIN (BRD:BRD-K24601397-001-01-1)",38,20,0.0563803424793572,0.118011404520608,0.480411047755415,0.931366670797781,"PHLORIZIN","BRD-K24601397-001-01-1","Higher MPCDS = greater resistance",38,0.00765432669835794,0.00940776888315832,0.421212999161266,0.938640046288849
"PI 103 (BRD:BRD-K67868012-001-07-6)",43,43,0.0329473777885503,0.0149501661129568,0.924194709700156,0.994421758418471,"PI 103","BRD-K67868012-001-07-6","Higher MPCDS = greater resistance",43,-0.000405908973528779,0.00532445777113785,0.939603090933435,0.991567094778153
"PI-828 (BRD:BRD-K97365803-001-02-1)",42,37,0.0462773482470105,0.0796852347243222,0.615925378082585,0.943141955314152,"PI-828","BRD-K97365803-001-02-1","Higher MPCDS = greater resistance",42,0.00819983482000653,0.00730556695677505,0.268380868649664,0.926120965655263
"PI3K-IN-2 (BRD:BRD-K62374002-001-01-5)",45,45,0.0836497557920799,0.0811594202898551,0.596119470290938,0.943141955314152,"PI3K-IN-2","BRD-K62374002-001-01-5","Higher MPCDS = greater resistance",45,0.00980010691033917,0.0131784849586597,0.461135848177857,0.941894498405836
"PIBENZIMOL (BRD:BRD-K17026858-001-01-2)",43,38,0.037866387300481,-0.22885893089875,0.139896067066182,0.771344232182843,"PIBENZIMOL","BRD-K17026858-001-01-2","Higher MPCDS = greater sensitivity",43,-0.0103846357680563,0.00612671290504442,0.0976632031632421,0.855343068908636
"PIK-75 (BRD:BRD-K49371609-003-03-8)",42,42,0.0281519064719699,-0.311401020986954,0.0447042364517274,0.588939538351176,"PIK-75","BRD-K49371609-003-03-8","Higher MPCDS = greater sensitivity",42,-0.00708586016744627,0.00436711324237433,0.112542159491762,0.855343068908636
"PILARALISIB (BRD:BRD-K49456274-001-01-9)",45,43,0.0475187875218741,-0.178811439159436,0.239894626193316,0.817539523837169,"PILARALISIB","BRD-K49456274-001-01-9","Higher MPCDS = greater sensitivity",45,-0.00721967016364461,0.00745338854322723,0.338140506240593,0.927471102831342
"PILOCARPINE (BRD:BRD-K85090592-008-22-7)",35,10,0.0266939940332347,-0.197779758754048,0.254752892281397,0.820464845078843,"PILOCARPINE","BRD-K85090592-008-22-7","Higher MPCDS = greater sensitivity",35,-0.00340594277203807,0.00452949981955113,0.45741306209153,0.940515614270612
"PINDOLOL (BRD:BRD-A97701745-001-16-0)",43,40,0.033898465253105,0.00921519817968176,0.953231965336159,0.998144120500538,"PINDOLOL","BRD-A97701745-001-16-0","Higher MPCDS = greater resistance",43,0.000323322980259287,0.00542697801761256,0.952782000129841,0.992050672586385
"PINOMETOSTAT (BRD:BRD-K26531771-001-02-2)",44,43,0.080248834685453,-0.09027802253746,0.560035182608962,0.931366670797781,"PINOMETOSTAT","BRD-K26531771-001-02-2","Higher MPCDS = greater sensitivity",44,-0.00553751072297132,0.0127067474722008,0.665218684407505,0.975756906432833
"PIPERACETAZINE (BRD:BRD-K16277217-001-10-9)",40,36,0.0500666089641709,-0.123004749059832,0.449553301295442,0.921827109867092,"PIPERACETAZINE","BRD-K16277217-001-10-9","Higher MPCDS = greater sensitivity",40,-0.00704496752233651,0.00862161619849786,0.41894882379825,0.938640046288849
"PIPERAZINE (BRD:BRD-K13249881-001-02-3)",37,13,0.0420130333674086,-0.000285038857449655,0.998664092843734,0.9993580915184,"PIPERAZINE","BRD-K13249881-001-02-3","Higher MPCDS = greater sensitivity",37,0.00355355013476137,0.00706168989861426,0.61796528216353,0.962021628449171
"PIPERINE (BRD:BRD-K59522102-001-14-6)",43,36,0.0347424437459224,-0.0171187050197209,0.913238245462921,0.993691679377351,"PIPERINE","BRD-K59522102-001-14-6","Higher MPCDS = greater sensitivity",43,0.000412028154762275,0.0056343240546119,0.942059679179931,0.991567094778153
"PIRENPERONE (BRD:BRD-K25224017-001-25-0)",43,43,0.0690023041833858,0.194654183026276,0.210998106657029,0.805277260014622,"PIRENPERONE","BRD-K25224017-001-25-0","Higher MPCDS = greater resistance",43,0.0121182551544886,0.0108027392305683,0.268484662672879,0.926120965655263
"PIRETANIDE (BRD:BRD-K87990216-001-10-2)",43,35,0.0364208867291149,0.387746733843816,0.0101968072187745,0.433282409460274,"PIRETANIDE","BRD-K87990216-001-10-2","Higher MPCDS = greater resistance",43,0.0161123742753141,0.00529005829829087,0.00404564522715218,0.556888073118234
"PIROXICAM (BRD:BRD-A57382968-001-29-0)",43,16,0.0166310923208643,0.0166816482590733,0.915445247178136,0.993691679377351,"PIROXICAM","BRD-A57382968-001-29-0","Higher MPCDS = greater resistance",43,0.000692159472593714,0.00268003310909323,0.797494266663905,0.990107755278081
"PITAVASTATIN (BRD:BRD-K75958547-238-01-0)",37,37,0.0934380459253601,-0.0521574205784732,0.759162520547309,0.973910960126022,"PITAVASTATIN","BRD-K75958547-238-01-0","Higher MPCDS = greater sensitivity",37,0.000753568398088913,0.0158181449056081,0.962274364001169,0.992580507822158
"PJ-34 (BRD:BRD-K11853856-001-01-7)",42,39,0.0404451921679985,0.0579604457466763,0.715411885176755,0.96366499509342,"PJ-34","BRD-K11853856-001-01-7","Higher MPCDS = greater resistance",42,0.00571246940449073,0.00658946037896862,0.391162085099952,0.928385419996185
"PKI-179 (BRD:BRD-A28467416-002-01-0)",43,43,0.0584357129664278,-0.0815463606161281,0.60317139669058,0.943141955314152,"PKI-179","BRD-A28467416-002-01-0","Higher MPCDS = greater sensitivity",43,-0.00223438933562562,0.00934916598048372,0.812301311074599,0.990273286572071
"PLERIXAFOR (BRD:BRD-K33240821-400-02-5)",50,44,0.0396359221913171,-0.024474706030717,0.866024551707575,0.985785202498155,"PLERIXAFOR","BRD-K33240821-400-02-5","Higher MPCDS = greater sensitivity",50,0.000257142803781975,0.00572083219021827,0.964334839931152,0.992580507822158
"PLINABULIN (BRD:BRD-K99498722-001-02-6)",44,44,0.0755225600071218,-0.00211416490486258,0.989133097190463,0.998144120500538,"PLINABULIN","BRD-K99498722-001-02-6","Higher MPCDS = greater sensitivity",44,0.00363955515691248,0.0119651085958621,0.762492247161281,0.986518863295841
"PLX 4720 (BRD:BRD-K16478699-001-09-2)",43,43,0.0424324878054113,-0.147236484445787,0.346094084169384,0.868219080471793,"PLX 4720","BRD-K16478699-001-09-2","Higher MPCDS = greater sensitivity",43,-0.0104933557496987,0.00654211048367143,0.116397145318461,0.855343068908636
"PODOPHYLLOTOXIN (BRD:BRD-K47869605-001-32-0)",43,43,0.104121403666523,0.0622168529145273,0.691850173098312,0.95899383859975,"PODOPHYLLOTOXIN","BRD-K47869605-001-32-0","Higher MPCDS = greater resistance",43,0.00947332927798791,0.0166323899781806,0.572076290896604,0.960295085661133
"POLYDATIN (BRD:BRD-K43236057-001-07-1)",42,42,0.0367210789765528,-0.272506279880075,0.0808181369871563,0.665102467793126,"POLYDATIN","BRD-K43236057-001-07-1","Higher MPCDS = greater sensitivity",42,-0.0122126559845662,0.00555483469305288,0.033754996344258,0.855343068908636
"POMALIDOMIDE (BRD:BRD-A12994259-001-02-1)",30,11,0.0158223268938959,0.0469268671050642,0.805494168307134,0.985785202498155,"POMALIDOMIDE","BRD-A12994259-001-02-1","Higher MPCDS = greater resistance",30,0.00267257347221436,0.0030591509013208,0.389749883957336,0.928385419996185
"POSACONAZOLE (BRD:BRD-K06222852-001-03-2)",42,38,0.0332470404301238,-0.0175979297183091,0.911922219362991,0.993691679377351,"POSACONAZOLE","BRD-K06222852-001-03-2","Higher MPCDS = greater sensitivity",42,0.002969680228947,0.0053129602701962,0.579311817152862,0.960295085661133
"POZIOTINIB (BRD:BRD-K50010139-001-01-5)",50,50,0.191623720299669,-0.0606482593037215,0.675664427585321,0.95899383859975,"POZIOTINIB","BRD-K50010139-001-01-5","Higher MPCDS = greater sensitivity",50,-0.0162105168350897,0.0275593561417236,0.559153114976435,0.960295085661133
"PP-1 (BRD:BRD-K47598052-001-15-8)",43,43,0.0583260274137079,-0.347780126849894,0.0223011756579509,0.497764718062008,"PP-1","BRD-K47598052-001-15-8","Higher MPCDS = greater sensitivity",43,-0.0184578439430834,0.0088820511293881,0.0440002779487669,0.855343068908636
"PP-121 (BRD:BRD-K81801188-001-02-8)",43,43,0.0467360737481125,-0.226064633041377,0.144931743356148,0.771344232182843,"PP-121","BRD-K81801188-001-02-8","Higher MPCDS = greater sensitivity",43,-0.00963706743546658,0.00740184803715657,0.200190308814895,0.873557711192267
"PP-2 (BRD:BRD-K95785537-001-23-1)",42,42,0.0532488555814979,-0.211247062636739,0.179293234090754,0.778462525709525,"PP-2","BRD-K95785537-001-23-1","Higher MPCDS = greater sensitivity",42,-0.0146809722049897,0.00815008875283978,0.0791931763926581,0.855343068908636
"PP242 (BRD:BRD-K87112191-001-04-5)",45,45,0.0512437532693,-0.136627140974967,0.370819997516785,0.882453994620506,"PP242","BRD-K87112191-001-04-5","Higher MPCDS = greater sensitivity",45,-0.00357893623051716,0.00810652104507581,0.661071541678989,0.975756906432833
"PPT (BRD:BRD-K00312224-001-09-5)",43,43,0.0443956951012324,-0.129266082754455,0.408718476353729,0.89993059013665,"PPT","BRD-K00312224-001-09-5","Higher MPCDS = greater sensitivity",43,-0.00369840734134112,0.00708433370318073,0.604441755842444,0.960295085661133
"PQ-401 (BRD:BRD-K67537649-001-04-5)",43,39,0.0319748350347951,-0.164878390731065,0.290706519988757,0.841997266116938,"PQ-401","BRD-K67537649-001-04-5","Higher MPCDS = greater sensitivity",43,-0.002566607639359,0.00510351891958077,0.617718946717423,0.962021628449171
"PR-619 (BRD:BRD-K54395039-001-01-7)",41,41,0.0392175600201047,0.159407665505227,0.319480596722342,0.848804537417292,"PR-619","BRD-K54395039-001-01-7","Higher MPCDS = greater resistance",41,0.00317006243607464,0.00638632969873605,0.62241085100697,0.963732930591437
"PRACTOLOL (BRD:BRD-A41304429-001-14-8)",33,33,0.0640589040712233,-0.101604278074866,0.573689534985355,0.934808888381348,"PRACTOLOL","BRD-A41304429-001-14-8","Higher MPCDS = greater sensitivity",33,-0.0016812741828525,0.0119482070114141,0.889006647104259,0.991567094778153
"PRALATREXATE (BRD:BRD-A74914197-001-02-9)",49,49,0.105873957762795,0.0564285714285714,0.700155864152457,0.96366499509342,"PRALATREXATE","BRD-A74914197-001-02-9","Higher MPCDS = greater resistance",49,0.012228728560151,0.0153401568433059,0.429360634997815,0.938640046288849
"PRANIDIPINE (BRD:BRD-A68083442-001-01-6)",43,40,0.0264723695587606,-0.114963374012095,0.462893727902057,0.923562159101563,"PRANIDIPINE","BRD-A68083442-001-01-6","Higher MPCDS = greater sensitivity",43,-0.000460033549462767,0.00421178467783957,0.913556621414565,0.991567094778153
"PRAZOSIN (BRD:BRD-K49111258-003-29-7)",41,33,0.0367223244311417,0.305258153640711,0.0522870941607321,0.592875578976117,"PRAZOSIN","BRD-K49111258-003-29-7","Higher MPCDS = greater resistance",41,0.0107249705775373,0.00573555985071247,0.0690168191767459,0.855343068908636
"PREDNISOLONE (BRD:BRD-A27887842-001-04-0)",38,35,0.0395467439975078,-0.357017789422335,0.0277805615088545,0.514197438159133,"PREDNISOLONE","BRD-A27887842-001-04-0","Higher MPCDS = greater sensitivity",38,-0.00948703089575705,0.00649853662251637,0.152997496810225,0.855343068908636
"PREDNISOLONE-ACETATE (BRD:BRD-A01643550-001-04-9)",32,14,0.033032690650264,-0.369695819717645,0.0372934264230466,0.559390054199228,"PREDNISOLONE-ACETATE","BRD-A01643550-001-04-9","Higher MPCDS = greater sensitivity",32,-0.00830806518450412,0.0061209262076106,0.184803255320147,0.86966237797716
"PREDNISOLONE-HEMISUCCINATE (BRD:BRD-A78391468-001-02-8)",44,44,0.0523237677620462,-0.294996476391825,0.0519007154605912,0.592875578976117,"PREDNISOLONE-HEMISUCCINATE","BRD-A78391468-001-02-8","Higher MPCDS = greater sensitivity",44,-0.0148737734036568,0.00797516127117759,0.0691765578324622,0.855343068908636
"PREDNISOLONE-TEBUTATE (BRD:BRD-A53151380-001-01-2)",32,13,0.0512804409608989,0.056063453147272,0.760545353074909,0.974364153405577,"PREDNISOLONE-TEBUTATE","BRD-A53151380-001-01-2","Higher MPCDS = greater resistance",32,-0.00448030267784125,0.00919218998878727,0.629515440194377,0.96745169037343
"PRIMAQUINE (BRD:BRD-A55913614-316-09-6)",45,43,0.042179264199332,-0.0948741607920369,0.535306060290661,0.931366670797781,"PRIMAQUINE","BRD-A55913614-316-09-6","Higher MPCDS = greater sensitivity",45,-0.0012548133459336,0.00668492892902067,0.851988687505796,0.990502452946434
"PROFLAVINE-HEMISULFATE (BRD:BRD-K68408467-065-01-8)",37,37,0.0670352931002562,0.142010431484116,0.401789958542775,0.894325793234898,"PROFLAVINE-HEMISULFATE","BRD-K68408467-065-01-8","Higher MPCDS = greater resistance",37,0.0116806110775405,0.0111421486823249,0.301673670771581,0.926120965655263
"PROPOXYCAINE (BRD:BRD-K18250272-003-11-0)",36,23,0.0377100430462107,-0.0681781863897311,0.692774521453117,0.95899383859975,"PROPOXYCAINE","BRD-K18250272-003-11-0","Higher MPCDS = greater sensitivity",36,-0.000855561347867638,0.00635573708165651,0.893712027613997,0.991567094778153
"PROPRANOLOL (BRD:BRD-A10070317-003-28-3)",22,20,0.025979120883076,NA,NA,NA,"PROPRANOLOL","BRD-A10070317-003-28-3","Not tested",22,NA,NA,NA,NA
"PROSCILLARIDIN-A (BRD:BRD-A11815689-001-01-1)",37,37,0.0652847144391008,-0.0566619250829777,0.739059420590672,0.968376310874038,"PROSCILLARIDIN-A","BRD-A11815689-001-01-1","Higher MPCDS = greater sensitivity",37,-0.00396886732131877,0.0110320414971059,0.721189705561913,0.986518863295841
"PROTIRELIN (BRD:BRD-A16997652-001-02-3)",39,7,0.0011632404251391,0.0689851833038582,0.676463808388265,0.95899383859975,"PROTIRELIN","BRD-A16997652-001-02-3","Higher MPCDS = greater resistance",39,3.04621869867101e-05,0.000215135746830369,0.888167932997639,0.991567094778153
"PRT062070 (BRD:BRD-K25835157-001-01-4)",44,44,0.0501408178610949,-0.235517970401691,0.123800733542406,0.748034341410115,"PRT062070","BRD-K25835157-001-01-4","Higher MPCDS = greater sensitivity",44,-0.0111882063884932,0.00776295598863738,0.156934337631406,0.855343068908636
"PSB-1115 (BRD:BRD-K49027941-001-01-1)",41,31,0.0335005864963091,-0.336163489662145,0.0316419782330234,0.536052337124161,"PSB-1115","BRD-K49027941-001-01-1","Higher MPCDS = greater sensitivity",41,-0.00428495087450972,0.00566873051698226,0.45425529533709,0.940351522532128
"PSI-7976 (BRD:BRD-K05674516-001-01-7)",43,37,0.044151464912892,0.152694047296142,0.328309370928918,0.858976482027518,"PSI-7976","BRD-K05674516-001-01-7","Higher MPCDS = greater resistance",43,0.00369089626779526,0.0070780159582307,0.604852529649061,0.960295085661133
"PTC-209 (BRD:BRD-K83834509-001-01-1)",43,43,0.0486933798847269,-0.346874056176382,0.0226762670801876,0.497764718062008,"PTC-209","BRD-K83834509-001-01-1","Higher MPCDS = greater sensitivity",43,-0.0184247306679828,0.00724544128743615,0.0148624644952084,0.855343068908636
"PTEROSTILBENE (BRD:BRD-K53097745-001-01-5)",43,39,0.0600513795791332,-0.036119097511205,0.818134925350959,0.985785202498155,"PTEROSTILBENE","BRD-K53097745-001-01-5","Higher MPCDS = greater sensitivity",43,-0.00195963117793131,0.0096077407500961,0.839390846479594,0.990502452946434
"PU-H71 (BRD:BRD-K36529613-001-02-6)",43,43,0.0395537218601329,-0.11159770462096,0.476179080481233,0.931366670797781,"PU-H71","BRD-K36529613-001-02-6","Higher MPCDS = greater sensitivity",43,-0.00220160567770816,0.00632328978137445,0.729490858152021,0.986518863295841
"PUROMYCIN (BRD:BRD-A28970875-300-04-9)",43,43,0.0764193748353664,-0.151766837813349,0.331289922069309,0.859563041044693,"PUROMYCIN","BRD-A28970875-300-04-9","Higher MPCDS = greater sensitivity",43,-0.0122194008703092,0.0120848344204387,0.317882028532832,0.927471102831342
"PYRITHIONE-ZINC (BRD:BRD-K16136380-001-01-7)",41,41,0.0817800358114054,0.0879790940766551,0.584391043724671,0.939293015189809,"PYRITHIONE-ZINC","BRD-K16136380-001-01-7","Higher MPCDS = greater resistance",41,0.00545048293193724,0.0129898131793039,0.677082563323681,0.976387639910772
"PYRITINOL (BRD:BRD-K82181219-001-04-3)",24,11,0.0193461522075803,NA,NA,NA,"PYRITINOL","BRD-K82181219-001-04-3","Not tested",24,NA,NA,NA,NA
"PYROXAMIDE (BRD:BRD-K11663430-001-02-3)",41,41,0.0541181109684206,-0.0543554006968641,0.735716894748607,0.968376310874038,"PYROXAMIDE","BRD-K11663430-001-02-3","Higher MPCDS = greater sensitivity",41,-0.00555257686910739,0.00879575994627458,0.531540966969099,0.960295085661133
"QUINETHAZONE (BRD:BRD-A59303141-001-10-4)",35,7,0.00333307781418091,-0.341615877610894,0.0445892552790302,0.588939538351176,"QUINETHAZONE","BRD-A59303141-001-10-4","Higher MPCDS = greater sensitivity",35,-0.000207571531696132,0.000619489449731124,0.739693927968277,0.986518863295841
"QUINIDINE (BRD:BRD-K59632282-052-03-1)",38,11,0.00855751181607313,-0.175845677303188,0.290953950499251,0.841997266116938,"QUINIDINE","BRD-K59632282-052-03-1","Higher MPCDS = greater sensitivity",38,-0.000225726170724409,0.00148039072136176,0.879661783532967,0.991567094778153
"R306465 (BRD:BRD-K86687746-001-01-3)",37,37,0.0676814701011898,-0.0244191559981034,0.885927662168991,0.989069045957568,"R306465","BRD-K86687746-001-01-3","Higher MPCDS = greater sensitivity",37,-0.000504779893704379,0.0114244842723961,0.965008827049321,0.992580507822158
"R406 (BRD:BRD-K20285085-074-04-5)",44,44,0.0705582510210523,-0.442424242424242,0.00263753538655123,0.417374992375077,"R406","BRD-K20285085-074-04-5","Higher MPCDS = greater sensitivity",44,-0.0322997251416074,0.010019818532971,0.00245035724575335,0.556888073118234
"R547 (BRD:BRD-K52233191-001-02-4)",41,41,0.0705987579251071,-0.348432055749129,0.0255795757892976,0.497764718062008,"R547","BRD-K52233191-001-02-4","Higher MPCDS = greater sensitivity",41,-0.0226827541245276,0.011140022323047,0.0485672051717941,0.855343068908636
"RABEPRAZOLE (BRD:BRD-A39390670-236-10-7)",32,31,0.0358426337649944,-0.256438457680448,0.156559317583072,0.773567804894853,"RABEPRAZOLE","BRD-A39390670-236-10-7","Higher MPCDS = greater sensitivity",32,-0.0049115174152179,0.00622120885584068,0.436027400470779,0.938640046288849
"RACECADOTRIL (BRD:BRD-A08187463-001-12-9)",37,30,0.0407900764086771,-0.197047975334306,0.242419131129638,0.818653908185033,"RACECADOTRIL","BRD-A08187463-001-12-9","Higher MPCDS = greater sensitivity",37,-0.00727054226699589,0.00659554400722945,0.277835807147041,0.926120965655263
"RACLOPRIDE (BRD:BRD-K04111260-001-10-0)",42,41,0.0526686877375585,-0.0550220818084626,0.729278843116222,0.965548218053008,"RACLOPRIDE","BRD-K04111260-001-10-0","Higher MPCDS = greater sensitivity",42,0.000288756413766007,0.00850436862110719,0.973082790136274,0.995905627431581
"RADEZOLID (BRD:BRD-K84683831-001-01-0)",41,41,0.0701089597294673,-0.186236933797909,0.243673503237073,0.818653908185033,"RADEZOLID","BRD-K84683831-001-01-0","Higher MPCDS = greater sensitivity",41,-0.0156440622885213,0.0113630494114285,0.176442516444557,0.868867569310976
"RAF265 (BRD:BRD-K93123848-001-04-1)",42,41,0.0734667846035029,-0.335318666455697,0.0299452176825139,0.514197438159133,"RAF265","BRD-K93123848-001-04-1","Higher MPCDS = greater sensitivity",42,-0.0290023373242914,0.0118654644754377,0.0190177628127364,0.855343068908636
"RALOXIFENE (BRD:BRD-K63828191-003-32-1)",35,16,0.0146930734326427,0.120637921692344,0.489998343471926,0.931366670797781,"RALOXIFENE","BRD-K63828191-003-32-1","Higher MPCDS = greater resistance",35,3.18309421780048e-06,0.00249786293839001,0.998990906931366,0.999604118672881
"RALTITREXED (BRD:BRD-K89839824-001-05-3)",44,44,0.11121990442697,-0.0517265680056378,0.738786421648423,0.968376310874038,"RALTITREXED","BRD-K89839824-001-05-3","Higher MPCDS = greater sensitivity",44,-0.00334667609776738,0.0177079262246828,0.851008541090149,0.990502452946434
"RAMATROBAN (BRD:BRD-K08586861-001-01-1)",39,31,0.0435214171439523,-0.276787243931386,0.0880446843385969,0.677991152126094,"RAMATROBAN","BRD-K08586861-001-01-1","Higher MPCDS = greater sensitivity",39,-0.0109985051909,0.00682107166390961,0.115366675634545,0.855343068908636
"RAMIFENAZONE (BRD:BRD-K85333151-003-13-4)",37,25,0.033509449489181,-0.0998546628256605,0.556520389681185,0.931366670797781,"RAMIFENAZONE","BRD-K85333151-003-13-4","Higher MPCDS = greater sensitivity",37,-0.00232341573085777,0.00558049684822587,0.679699270373656,0.976813322692679
"RANITIDINE (BRD:BRD-K70505054-003-12-4)",29,23,0.0578793204140766,NA,NA,NA,"RANITIDINE","BRD-K70505054-003-12-4","Not tested",29,NA,NA,NA,NA
"REGORAFENIB (BRD:BRD-K16730910-001-10-7)",49,49,0.0703528675577146,0.0271428571428571,0.853127759162837,0.985785202498155,"REGORAFENIB","BRD-K16730910-001-10-7","Higher MPCDS = greater resistance",49,0.00142901797982057,0.010188100046922,0.889051242967619,0.991567094778153
"REMOXIPRIDE (BRD:BRD-K54094468-003-11-1)",36,16,0.0214467835020196,0.412215781244584,0.0124824209788693,0.433282409460274,"REMOXIPRIDE","BRD-K54094468-003-11-1","Higher MPCDS = greater resistance",36,0.00680897998416626,0.00362664438180444,0.0690522463028781,0.855343068908636
"REPAGLINIDE (BRD:BRD-K82846253-001-15-4)",42,9,0.0106802400943307,-0.0404377275156321,0.799293490976082,0.985785202498155,"REPAGLINIDE","BRD-K82846253-001-15-4","Higher MPCDS = greater sensitivity",42,0.00141550952457598,0.00170913797380742,0.412471171028496,0.938640046288849
"REPSOX (BRD:BRD-K80480517-001-02-4)",43,43,0.0746284078922379,-0.163998791905769,0.293323621462948,0.841997266116938,"REPSOX","BRD-K80480517-001-02-4","Higher MPCDS = greater sensitivity",43,-0.00880833543578092,0.011982466073051,0.466461587085202,0.944741743020308
"RESATORVID (BRD:BRD-K61567297-001-01-9)",44,30,0.0627794936316378,-0.201766258693402,0.18905100959061,0.793683538806061,"RESATORVID","BRD-K61567297-001-01-9","Higher MPCDS = greater sensitivity",44,-0.00538034049540584,0.0100952595347043,0.596872188893367,0.960295085661133
"RESIQUIMOD (BRD:BRD-K76210423-001-01-6)",48,40,0.0259226600889369,0.153562135257689,0.297382978067565,0.841997266116938,"RESIQUIMOD","BRD-K76210423-001-01-6","Higher MPCDS = greater resistance",48,0.00424773083191272,0.00369997257665928,0.256885934387008,0.923042513060167
"RESMINOSTAT (BRD:BRD-K28822270-001-03-7)",50,50,0.0756413341936559,-0.237454981992797,0.0968269045249527,0.698790433469257,"RESMINOSTAT","BRD-K28822270-001-03-7","Higher MPCDS = greater sensitivity",50,-0.0178879463153675,0.0106082051725842,0.0982405634580624,0.855343068908636
"RG108 (BRD:BRD-K89391146-001-08-0)",36,10,0.00222426237978386,-0.140797934201204,0.412749050682356,0.900517117121468,"RG108","BRD-K89391146-001-08-0","Higher MPCDS = greater sensitivity",36,-0.000400403737492702,0.000361285207418912,0.275521190332319,0.926120965655263
"RG2833 (BRD:BRD-K02389548-001-02-5)",40,34,0.0382417795639716,-0.0600077325506537,0.713007942766039,0.96366499509342,"RG2833","BRD-K02389548-001-02-5","Higher MPCDS = greater sensitivity",40,0.00065333322242424,0.00618574438534315,0.916440089813489,0.991567094778153
"RGFP966 (BRD:BRD-K61688984-001-02-9)",37,26,0.0398937635455263,0.229022354313068,0.172732361861555,0.778462525709525,"RGFP966","BRD-K61688984-001-02-9","Higher MPCDS = greater resistance",37,0.0116623968496889,0.00632011900177421,0.0734710828354153,0.855343068908636
"RHEOCHRYSIDIN (BRD:BRD-K67772619-001-05-1)",44,42,0.0650178832626415,-0.0936002264726727,0.545625031576559,0.931366670797781,"RHEOCHRYSIDIN","BRD-K67772619-001-05-1","Higher MPCDS = greater sensitivity",44,0.00233254277056577,0.0103059002067417,0.822042043447373,0.990502452946434
"RI-1 (BRD:BRD-K79555887-001-01-0)",42,35,0.0270609513226166,0.0979760164394661,0.537048048946912,0.931366670797781,"RI-1","BRD-K79555887-001-01-0","Higher MPCDS = greater resistance",42,0.002587828839922,0.00435477127682941,0.555690357418296,0.960295085661133
"RIBAVIRIN (BRD:BRD-K60369935-001-18-3)",39,22,0.0188447544296399,-0.131194720549907,0.425971622657811,0.906842521355457,"RIBAVIRIN","BRD-K60369935-001-18-3","Higher MPCDS = greater sensitivity",39,-0.00287280219163969,0.00306892431509091,0.355294701611472,0.928385419996185
"RIBITOL (BRD:BRD-K49313711-001-05-4)",44,41,0.0396169898935678,-0.0119844914036577,0.938456276483341,0.996980787106147,"RIBITOL","BRD-K49313711-001-05-4","Higher MPCDS = greater sensitivity",44,-0.000502145578327661,0.00629351261447023,0.936784989121629,0.991567094778153
"RIBOCICLIB (BRD:BRD-K36788280-001-01-2)",50,49,0.0695175451711163,-0.114000336175384,0.43052691559149,0.906842521355457,"RIBOCICLIB","BRD-K36788280-001-01-2","Higher MPCDS = greater sensitivity",50,-0.00620860816990142,0.0099938963364425,0.537380967330289,0.960295085661133
"RIBOFLAVIN (BRD:BRD-K70246307-001-04-1)",41,17,0.012237180783162,0.0473424217139757,0.768811742210975,0.978472082145673,"RIBOFLAVIN","BRD-K70246307-001-04-1","Higher MPCDS = greater resistance",41,0.00281174546477796,0.00194068181600764,0.155374458928768,0.855343068908636
"RIFAMPIN (BRD:BRD-K01507359-001-22-9)",44,44,0.0413689083999467,-0.00197322057787174,0.98985751842514,0.998175648832074,"RIFAMPIN","BRD-K01507359-001-22-9","Higher MPCDS = greater sensitivity",44,-0.000615279991877921,0.00657402527577603,0.925877862311068,0.991567094778153
"RIGOSERTIB (BRD:BRD-K55187425-236-05-2)",50,50,0.111719617902356,0.0742857142857143,0.608159204924274,0.943141955314152,"RIGOSERTIB","BRD-K55187425-236-05-2","Higher MPCDS = greater resistance",50,0.0142791490399928,0.0159930837440634,0.376401232769897,0.928385419996185
"RILUZOLE (BRD:BRD-K21283037-001-21-5)",40,39,0.0527026344349289,-0.00534734275179007,0.973876070325975,0.998144120500538,"RILUZOLE","BRD-K21283037-001-21-5","Higher MPCDS = greater sensitivity",40,0.00293952437671054,0.00914250619751006,0.7495761556025,0.986518863295841
"RIMEXOLONE (BRD:BRD-K31627533-001-09-5)",41,31,0.0619815803100053,-0.0825016622980355,0.608086215844942,0.943141955314152,"RIMEXOLONE","BRD-K31627533-001-09-5","Higher MPCDS = greater sensitivity",41,-0.00466788519982784,0.0101556910720415,0.648332093031892,0.972498139547838
"RIOCIGUAT (BRD:BRD-K84783599-001-01-0)",39,24,0.049769267876091,0.00451020279342407,0.978260407652946,0.998144120500538,"RIOCIGUAT","BRD-K84783599-001-01-0","Higher MPCDS = greater resistance",39,0.00619981370094277,0.00863820428944592,0.47743717353262,0.95040999432375
"RITA (BRD:BRD-K00317371-001-06-1)",45,45,0.200317329576857,0.010935441370224,0.943163008469302,0.997422722472926,"RITA","BRD-K00317371-001-06-1","Higher MPCDS = greater resistance",45,0.0214513649915306,0.0315920833948893,0.500769669360394,0.955335614492305
"RITODRINE (BRD:BRD-K14003026-003-09-0)",40,19,0.021960250586153,0.190049474443773,0.240152235127169,0.817539523837169,"RITODRINE","BRD-K14003026-003-09-0","Higher MPCDS = greater resistance",40,0.00557674645374644,0.00383509201977494,0.154118863300283,0.855343068908636
"RKI-1447 (BRD:BRD-K19333160-001-01-3)",43,43,0.0582176380259359,-0.214436726064633,0.167326881557142,0.778462525709525,"RKI-1447","BRD-K19333160-001-01-3","Higher MPCDS = greater sensitivity",43,-0.00993660547421163,0.00912208859328126,0.282387051694102,0.926120965655263
"RN-1734 (BRD:BRD-K95581532-001-01-5)",41,41,0.0566906686123318,-0.327700348432056,0.0364781397500783,0.55881405574588,"RN-1734","BRD-K95581532-001-01-5","Higher MPCDS = greater sensitivity",41,-0.0162784531325119,0.0088864174066118,0.0746213370024909,0.855343068908636
"RO-04-5595 (BRD:BRD-A63546914-003-02-0)",43,37,0.0488650636115124,0.0314770682235852,0.841186359426219,0.985785202498155,"RO-04-5595","BRD-A63546914-003-02-0","Higher MPCDS = greater resistance",43,0.00316751591625856,0.00780774025724969,0.68708042139053,0.979599808715212
"RO-10-5824 (BRD:BRD-K79684402-300-02-8)",37,26,0.0215102786355832,0.228178143423025,0.17436432449703,0.778462525709525,"RO-10-5824","BRD-K79684402-300-02-8","Higher MPCDS = greater resistance",37,0.0052149171147232,0.00351178251466464,0.146501640412021,0.855343068908636
"RO-106-9920 (BRD:BRD-A53134341-001-03-2)",43,43,0.0465719278111855,-0.295379039565086,0.0544793162271389,0.59431981338697,"RO-106-9920","BRD-A53134341-001-03-2","Higher MPCDS = greater sensitivity",43,-0.0100284439718093,0.0073620361983763,0.18057717529177,0.868867569310976
"RO-4987655 (BRD:BRD-K64538373-001-01-4)",44,44,0.17929804016277,-0.275264270613108,0.0705370276921314,0.653331130241485,"RO-4987655","BRD-K64538373-001-01-4","Higher MPCDS = greater sensitivity",44,-0.0430573797829784,0.0276506269860616,0.126928677065885,0.855343068908636
"RO-90-7501 (BRD:BRD-K58299615-001-03-5)",41,35,0.0249868840174228,0.0759694900826519,0.636868315177419,0.951396615235329,"RO-90-7501","BRD-K58299615-001-03-5","Higher MPCDS = greater resistance",41,0.00389145617287403,0.0039534785761816,0.331029554568401,0.927471102831342
"RO-9187 (BRD:BRD-K57284066-001-01-6)",43,43,0.0450984291281659,-0.0474176985804893,0.762693176772706,0.974514795521471,"RO-9187","BRD-K57284066-001-01-6","Higher MPCDS = greater sensitivity",43,-0.00173369232226984,0.00728361300645494,0.813046184522016,0.990273286572071
"ROCILETINIB (BRD:BRD-K33610132-001-02-9)",49,49,0.088759737663477,-0.0940816326530612,0.520224854233986,0.931366670797781,"ROCILETINIB","BRD-K33610132-001-02-9","Higher MPCDS = greater sensitivity",49,-0.0117286401135536,0.0127051304020693,0.360648264335755,0.928385419996185
"ROMIDEPSIN (BRD:BRD-K61397605-001-03-4)",43,43,0.0606832776839029,-0.0949864089398973,0.544590522921713,0.931366670797781,"ROMIDEPSIN","BRD-K61397605-001-03-4","Higher MPCDS = greater sensitivity",43,-0.00342108203806134,0.00970056423005241,0.726143699487108,0.986518863295841
"ROQUINIMEX (BRD:BRD-K03384561-001-02-7)",41,18,0.0222676682180641,0.277134112258703,0.0793983314194222,0.664730216534698,"ROQUINIMEX","BRD-K03384561-001-02-7","Higher MPCDS = greater resistance",41,0.00871181206259188,0.00359371927994689,0.0200795225813838,0.855343068908636
"RS-16566 (BRD:BRD-K80725821-300-02-9)",43,43,0.0436178394211391,-0.409996979764422,0.00632393810252843,0.417374992375077,"RS-16566","BRD-K80725821-300-02-9","Higher MPCDS = greater sensitivity",43,-0.0159326271654929,0.00652496060918287,0.0190158453578993,0.855343068908636
"RS-17053 (BRD:BRD-K76840893-003-02-5)",43,43,0.0450376906670563,0.127151917849592,0.416489166668679,0.900517117121468,"RS-17053","BRD-K76840893-003-02-5","Higher MPCDS = greater resistance",43,0.00365472697593964,0.00725641424048089,0.617199620633405,0.962021628449171
"RS-504393 (BRD:BRD-K87510569-001-02-8)",43,43,0.0465932050648644,-0.0721836303231652,0.645521495819765,0.951396615235329,"RS-504393","BRD-K87510569-001-02-8","Higher MPCDS = greater sensitivity",43,-0.00606559822740995,0.00747040295603142,0.421509216617168,0.938640046288849
"RS-67506 (BRD:BRD-K50018155-003-02-1)",35,31,0.0130055963886545,-0.0182328370070224,0.917202700251357,0.993691679377351,"RS-67506","BRD-K50018155-003-02-1","Higher MPCDS = greater sensitivity",35,-0.00120892609571814,0.00221375942637981,0.58867287952651,0.960295085661133
"RU-58841 (BRD:BRD-K62762455-001-01-3)",34,31,0.0629789437928195,0.071712559184298,0.68692512912803,0.95899383859975,"RU-58841","BRD-K62762455-001-01-3","Higher MPCDS = greater resistance",34,0.00451630502644164,0.0108040620598451,0.678725019132419,0.976387639910772
"RUBITECAN (BRD:BRD-K79821389-001-03-5)",45,45,0.123539630563662,0.0308300395256917,0.840665655615428,0.985785202498155,"RUBITECAN","BRD-K79821389-001-03-5","Higher MPCDS = greater resistance",45,0.00909959124047118,0.0195384163286966,0.643760523704164,0.970316358349426
"RUCINOL (BRD:BRD-K61036791-001-01-6)",38,5,0.00408288419579412,0.250773325643357,0.128859633498196,0.757379070356742,"RUCINOL","BRD-K61036791-001-01-6","Higher MPCDS = greater resistance",38,0.000543337581295026,0.000713648720449498,0.451405932457328,0.940351522532128
"RUTIN (BRD:BRD-K20482099-001-09-4)",44,44,0.07076455072156,0.000704721634954193,0.996377603119203,0.999342267454251,"RUTIN","BRD-K20482099-001-09-4","Higher MPCDS = greater resistance",44,0.00285293948385062,0.0112629992994113,0.801270708450328,0.990107755278081
"RUXOLITINIB (BRD:BRD-K53972329-001-07-0)",50,44,0.0589212250205792,-0.380103243954455,0.00647356959487821,0.417374992375077,"RUXOLITINIB","BRD-K53972329-001-07-0","Higher MPCDS = greater sensitivity",50,-0.017243019850386,0.00813222630490995,0.039172893744605,0.855343068908636
"RYUVIDINE (BRD:BRD-K06426971-001-02-7)",44,44,0.0611560928051576,0.127272727272727,0.410346793068895,0.900517117121468,"RYUVIDINE","BRD-K06426971-001-02-7","Higher MPCDS = greater resistance",44,0.013132357132087,0.00948565652899489,0.173534519905304,0.868867569310976
"S-111 (BRD:BRD-K60005752-001-01-9)",47,35,0.0263934666000304,-0.0372815285765633,0.803520666873532,0.985785202498155,"S-111","BRD-K60005752-001-01-9","Higher MPCDS = greater sensitivity",47,0.00230747615271891,0.00393381653920381,0.560420779731083,0.960295085661133
"S-METHYLCYSTEINE (BRD:BRD-K63123526-001-01-2)",35,18,0.0244617547700073,0.0293770195493869,0.866960182249807,0.985785202498155,"S-METHYLCYSTEINE","BRD-K63123526-001-01-2","Higher MPCDS = greater resistance",35,0.000490096621317019,0.00476259009695822,0.918660802124552,0.991567094778153
"S26948 (BRD:BRD-K48826825-001-01-8)",34,7,0.0025991393024103,0.0291961004832044,0.869803527328592,0.985785202498155,"S26948","BRD-K48826825-001-01-8","Higher MPCDS = greater resistance",34,0.000324554503525777,0.000465232081727484,0.490453938560729,0.951824355158289
"SALIDROSIDE (BRD:BRD-K66030860-001-03-6)",39,16,0.0146085681089669,-0.0243820029898694,0.882868957969337,0.989069045957568,"SALIDROSIDE","BRD-K66030860-001-03-6","Higher MPCDS = greater sensitivity",39,0.0022082667643361,0.00239094632634553,0.361681356489877,0.928385419996185
"SALINOMYCIN (BRD:BRD-A28301258-001-03-0)",42,42,0.0707171716906441,-0.0300623936471923,0.850100982813292,0.985785202498155,"SALINOMYCIN","BRD-A28301258-001-03-0","Higher MPCDS = greater sensitivity",42,-0.00287705091118884,0.0114577036852515,0.803020832511016,0.990107755278081
"SALVIANOLIC-ACID-B (BRD:BRD-K18898553-001-01-1)",41,27,0.0329229149641689,-0.0214352709977295,0.894174969434742,0.991996884426832,"SALVIANOLIC-ACID-B","BRD-K18898553-001-01-1","Higher MPCDS = greater sensitivity",41,-0.000508410189849536,0.00564491733129431,0.9286964327823,0.991567094778153
"SALVINORIN-A (BRD:BRD-K19284129-001-02-6)",44,39,0.0416357292896209,-0.369659833758678,0.0135252956894805,0.433282409460274,"SALVINORIN-A","BRD-K19284129-001-02-6","Higher MPCDS = greater sensitivity",44,-0.013606860617836,0.00634043028904149,0.037693260825084,0.855343068908636
"SAR131675 (BRD:BRD-K38904395-001-02-3)",42,42,0.0469842733359093,-0.0334656834940442,0.833358588323051,0.985785202498155,"SAR131675","BRD-K38904395-001-02-3","Higher MPCDS = greater sensitivity",42,0.00425337543552737,0.00744693640425663,0.57108807895671,0.960295085661133
"SAR245409 (BRD:BRD-K56291712-001-01-0)",45,45,0.0541443844497996,-0.183267457180501,0.228188510486461,0.814418038168095,"SAR245409","BRD-K56291712-001-01-0","Higher MPCDS = greater sensitivity",45,-0.011553342747726,0.00840203755746934,0.176234135820414,0.868867569310976
"SARAFLOXACIN (BRD:BRD-K08525451-003-05-2)",37,36,0.0832651678015006,-0.297907652707545,0.0733230002052333,0.653331130241485,"SARAFLOXACIN","BRD-K08525451-003-05-2","Higher MPCDS = greater sensitivity",37,-0.0269560917244966,0.0133221684168484,0.0507208544295439,0.855343068908636
"SATRAPLATIN (BRD:BRD-K42497885-001-01-1)",43,42,0.0432316105228121,-0.0937818553165831,0.549727751338733,0.931366670797781,"SATRAPLATIN","BRD-K42497885-001-01-1","Higher MPCDS = greater sensitivity",43,-0.00208799609656912,0.00691378258803028,0.764175034395853,0.986518863295841
"SAVOLITINIB (BRD:BRD-K98028353-001-02-8)",50,49,0.0605910894289036,-0.0160388004560145,0.9119732084782,0.993691679377351,"SAVOLITINIB","BRD-K98028353-001-02-8","Higher MPCDS = greater sensitivity",50,-0.00269270197542002,0.00873693008901124,0.759265419478614,0.986518863295841
"SAXAGLIPTIN (BRD:BRD-A81513827-001-03-6)",45,45,0.0583752605122103,-0.271146245059288,0.0716023390296907,0.653331130241485,"SAXAGLIPTIN","BRD-A81513827-001-03-6","Higher MPCDS = greater sensitivity",45,-0.00983892538351963,0.00913317186645444,0.28736477902607,0.926120965655263
"SB-200646 (BRD:BRD-K77677632-003-02-6)",42,42,0.0516624802802741,0.0256867352726683,0.871721829122142,0.985785202498155,"SB-200646","BRD-K77677632-003-02-6","Higher MPCDS = greater resistance",42,0.00365679680144871,0.00833195996548453,0.663104386870246,0.975756906432833
"SB-205384 (BRD:BRD-A22707317-001-10-8)",43,43,0.0551745143240067,0.171700392630625,0.270923584016252,0.826000004124565,"SB-205384","BRD-A22707317-001-10-8","Higher MPCDS = greater resistance",43,0.0106529078253838,0.00861020798948428,0.223036893185233,0.888978738736049
"SB-216641 (BRD:BRD-K30867024-003-03-3)",42,40,0.0450438872170992,-0.18032255687074,0.253140738707392,0.820464845078843,"SB-216641","BRD-K30867024-003-03-3","Higher MPCDS = greater sensitivity",42,-0.00641484716431078,0.00743306566975595,0.393274379303939,0.928385419996185
"SB-218078 (BRD:BRD-A06352508-001-03-7)",43,42,0.0742950946682466,-0.339109752195471,0.026112135301331,0.498234583206534,"SB-218078","BRD-A06352508-001-03-7","Higher MPCDS = greater sensitivity",43,-0.0245878693320709,0.0113122501486402,0.0355672310826716,0.855343068908636
"SB-218795 (BRD:BRD-K61097567-001-08-5)",41,41,0.054352993123938,-0.143031358885017,0.372326546963299,0.882453994620506,"SB-218795","BRD-K61097567-001-08-5","Higher MPCDS = greater sensitivity",41,-0.00773916213416328,0.00900037667574165,0.395115273294435,0.928730268435337
"SB-225002 (BRD:BRD-K61323504-001-04-0)",37,37,0.0486632075605111,0.105500237079184,0.534306767399343,0.931366670797781,"SB-225002","BRD-K61323504-001-04-0","Higher MPCDS = greater resistance",37,0.00596275769379664,0.00815240523698533,0.46939717892629,0.944741743020308
"SB-228357 (BRD:BRD-K15424032-001-03-6)",43,38,0.0550757201651857,0.00453635145488106,0.976967943309236,0.998144120500538,"SB-228357","BRD-K15424032-001-03-6","Higher MPCDS = greater resistance",43,0.00175506272181637,0.00880613576902625,0.843013216471817,0.990502452946434
"SB-2343 (BRD:BRD-K98795921-001-01-7)",45,45,0.0546132976706347,-0.047167325428195,0.758329225780367,0.973910960126022,"SB-2343","BRD-K98795921-001-01-7","Higher MPCDS = greater sensitivity",45,-0.00118907206058877,0.00865722703783285,0.891395101837488,0.991567094778153
"SB-239063 (BRD:BRD-K82091397-001-03-0)",45,45,0.0621061773845054,-0.156258234519104,0.305349634326873,0.842377355354233,"SB-239063","BRD-K82091397-001-03-0","Higher MPCDS = greater sensitivity",45,-0.00956639199565828,0.00973848253730602,0.331432934830795,0.927471102831342
"SB-242235 (BRD:BRD-K19412355-001-01-0)",37,25,0.0257893481239971,0.0567135706339917,0.738829889910465,0.968376310874038,"SB-242235","BRD-K19412355-001-01-0","Higher MPCDS = greater resistance",37,0.00218194846454392,0.00430563419538305,0.61549703024291,0.962021628449171
"SB-366791 (BRD:BRD-K61536336-001-01-7)",41,40,0.0430730301766224,-0.213859488856545,0.179396953469348,0.778462525709525,"SB-366791","BRD-K61536336-001-01-7","Higher MPCDS = greater sensitivity",41,-0.0109171140851818,0.0068298099466383,0.118014247564396,0.855343068908636
"SB-431542 (BRD:BRD-K67298865-001-09-0)",43,43,0.0694159568248101,-0.127755964965267,0.414260451091969,0.900517117121468,"SB-431542","BRD-K67298865-001-09-0","Higher MPCDS = greater sensitivity",43,-0.0155301075322797,0.010953442299284,0.163796542064018,0.855343068908636
"SB-505124 (BRD:BRD-K40109029-001-02-9)",43,42,0.0385705606410659,-0.133272926436207,0.394221419785106,0.892686863911184,"SB-505124","BRD-K40109029-001-02-9","Higher MPCDS = greater sensitivity",43,-0.0026300774307922,0.00622008610535345,0.674624363651436,0.976387639910772
"SB-525334 (BRD:BRD-K37720887-001-07-8)",41,40,0.044267301799823,-0.372490091385168,0.0164687170069415,0.451343939467298,"SB-525334","BRD-K37720887-001-07-8","Higher MPCDS = greater sensitivity",41,-0.00954591991563065,0.00694697947685097,0.177253391852499,0.868867569310976
"SB-590885 (BRD:BRD-K78809024-001-05-7)",42,32,0.0292087131910313,-0.233923286016382,0.135956197852364,0.768240529824177,"SB-590885","BRD-K78809024-001-05-7","Higher MPCDS = greater sensitivity",42,-0.00542583364083408,0.00468966542020481,0.254144678482598,0.923042513060167
"SB-657510 (BRD:BRD-K95292280-001-01-3)",42,40,0.0471810242841631,-0.209984604427905,0.181966697432292,0.778462525709525,"SB-657510","BRD-K95292280-001-01-3","Higher MPCDS = greater sensitivity",42,-0.00654929177022023,0.00743680314588095,0.383763010784856,0.928385419996185
"SB-743921 (BRD:BRD-K68532323-003-02-8)",44,44,0.176572363214271,-0.0372093023255814,0.810488361755715,0.985785202498155,"SB-743921","BRD-K68532323-003-02-8","Higher MPCDS = greater sensitivity",44,0.0055797989137477,0.0279920808190956,0.842962693337165,0.990502452946434
"SB-939 (BRD:BRD-K86797399-001-05-1)",44,44,0.0763522401529062,-0.129245947850599,0.403067666534339,0.894325793234898,"SB-939","BRD-K86797399-001-05-1","Higher MPCDS = greater sensitivity",44,-0.010941064993141,0.0121031457424273,0.371159322767631,0.928385419996185
"SC-12267 (BRD:BRD-K40797222-001-01-8)",45,40,0.0160556226721317,-0.0873867028862218,0.568131414934001,0.934808888381348,"SC-12267","BRD-K40797222-001-01-8","Higher MPCDS = greater sensitivity",45,0.000961988371845943,0.00254144353564642,0.706906462822052,0.983522035230681
"SC-144 (BRD:BRD-K55305701-001-01-2)",43,40,0.0771500636254343,-0.153636992602235,0.325295469283662,0.856650473364682,"SC-144","BRD-K55305701-001-01-2","Higher MPCDS = greater sensitivity",43,-0.00672893790414944,0.0123070962360238,0.587512222777226,0.960295085661133
"SCH-58261 (BRD:BRD-K81225797-001-02-3)",39,33,0.0334123424467736,0.092976420973883,0.573456640434509,0.934808888381348,"SCH-58261","BRD-K81225797-001-02-3","Higher MPCDS = greater resistance",39,0.00132230309651529,0.00535465484791446,0.806316182182719,0.990107755278081
"SCH-900776 (BRD:BRD-K75009076-001-02-1)",50,50,0.101179624483472,0.00792316926770708,0.956449931416379,0.998144120500538,"SCH-900776","BRD-K75009076-001-02-1","Higher MPCDS = greater resistance",50,0.00311392097014156,0.0145971029565859,0.831977292721458,0.990502452946434
"SCLAREOL (BRD:BRD-A23127772-001-02-3)",40,18,0.0278140813980469,-0.0425231319359446,0.7944552823477,0.985785202498155,"SCLAREOL","BRD-A23127772-001-02-3","Higher MPCDS = greater sensitivity",40,0.00249981959235143,0.00464119625181444,0.593293745462733,0.960295085661133
"SCRIPTAID (BRD:BRD-K22503835-001-11-0)",43,43,0.0466802918105133,-0.0749018423437028,0.63310395887199,0.951396615235329,"SCRIPTAID","BRD-K22503835-001-11-0","Higher MPCDS = greater sensitivity",43,-0.00883322546897698,0.00729001505109919,0.232568979170001,0.902693611872781
"SCS (BRD:BRD-K78496197-001-03-9)",28,26,0.0545889928219474,NA,NA,NA,"SCS","BRD-K78496197-001-03-9","Not tested",28,NA,NA,NA,NA
"SDZ-WAG-994 (BRD:BRD-K39558284-001-01-2)",44,43,0.0348599232385007,0.0612424680601505,0.692907273782562,0.95899383859975,"SDZ-WAG-994","BRD-K39558284-001-01-2","Higher MPCDS = greater resistance",44,0.00201173068952116,0.00552024893854753,0.717367236831254,0.986518863295841
"SE-METHYLSELENOCYSTEINE (BRD:BRD-K74227499-001-01-1)",34,15,0.00868887883785147,0.119302843877394,0.501561193386273,0.931366670797781,"SE-METHYLSELENOCYSTEINE","BRD-K74227499-001-01-1","Higher MPCDS = greater resistance",34,0.00030676272432843,0.00149204036281661,0.838406162327848,0.990502452946434
"SECNIDAZOLE (BRD:BRD-A70083328-001-23-5)",43,42,0.0417153568558825,-0.430248801605387,0.00397978965679329,0.417374992375077,"SECNIDAZOLE","BRD-A70083328-001-23-5","Higher MPCDS = greater sensitivity",43,-0.0143550745261489,0.00629119669144076,0.0277640526578026,0.855343068908636
"SECURININE (BRD:BRD-K49071277-001-04-7)",43,39,0.0267487654002392,-0.0989874848110429,0.527693292728721,0.931366670797781,"SECURININE","BRD-K49071277-001-04-7","Higher MPCDS = greater sensitivity",43,0.00167033156846208,0.00427457917008498,0.697998295661735,0.981236357395638
"SELAMECTIN (BRD:BRD-A58564983-001-04-6)",30,19,0.0496777964745488,-0.0188520916086277,0.921234994422752,0.993691679377351,"SELAMECTIN","BRD-A58564983-001-04-6","Higher MPCDS = greater sensitivity",30,-0.00274664669405887,0.00929565217640506,0.769810027497286,0.986518863295841
"SELINEXOR (BRD:BRD-K21361524-001-01-1)",45,45,0.0799346319478191,0.027931488801054,0.855478407347439,0.985785202498155,"SELINEXOR","BRD-K21361524-001-01-1","Higher MPCDS = greater resistance",45,0.00789658844603882,0.0126165709548074,0.534695235676934,0.960295085661133
"SEMAXANIB (BRD:BRD-K63504947-001-14-7)",48,46,0.108832141526865,0.147432418630232,0.317312945840474,0.846595816135879,"SEMAXANIB","BRD-K63504947-001-14-7","Higher MPCDS = greater resistance",48,0.0173097597324587,0.0157328572516099,0.276956464425553,0.926120965655263
"SEPANTRONIUM BROMIDE (BRD:BRD-K76703230-004-04-1)",44,44,0.111972427966637,0.173784355179704,0.259244100354773,0.820464845078843,"SEPANTRONIUM BROMIDE","BRD-K76703230-004-04-1","Higher MPCDS = greater resistance",44,0.0242381724855215,0.0175268038592095,0.173997902064746,0.868867569310976
"SERTINDOLE (BRD:BRD-K69116396-001-04-1)",45,45,0.0464316562403378,0.113438735177866,0.45811380766197,0.922634801445087,"SERTINDOLE","BRD-K69116396-001-04-1","Higher MPCDS = greater resistance",45,0.00637259731733285,0.00729747433575138,0.387371777269724,0.928385419996185
"SEVELAMER (BRD:BRD-U45393375-000-01-6)",37,7,0.00443050513465157,-0.274786100977129,0.0997745116309528,0.698790433469257,"SEVELAMER","BRD-U45393375-000-01-6","Higher MPCDS = greater sensitivity",37,-0.00123083804019298,0.000834459110573142,0.149148659945796,0.855343068908636
"SEVOFLURANE (BRD:BRD-K05638300-001-01-2)",41,41,0.0447466407021667,-0.0531358885017422,0.741440005314343,0.968566411729104,"SEVOFLURANE","BRD-K05638300-001-01-2","Higher MPCDS = greater sensitivity",41,0.000465711862205098,0.0071231211141337,0.948205199621963,0.991567094778153
"SGI-1027 (BRD:BRD-K61228301-001-01-2)",43,43,0.0515255290339608,0.112956810631229,0.470790186732551,0.931366670797781,"SGI-1027","BRD-K61228301-001-01-2","Higher MPCDS = greater resistance",43,0.000149234197953188,0.00818946446397664,0.985549581715573,0.997167058951485
"SGI-1776 (BRD:BRD-K80700417-001-04-2)",41,40,0.057111205140533,-0.355851736040321,0.0224061354531567,0.497764718062008,"SGI-1776","BRD-K80700417-001-04-2","Higher MPCDS = greater sensitivity",41,-0.0145172677305387,0.00887540908284629,0.10995456207132,0.855343068908636
"SIB-1757 (BRD:BRD-K98157055-001-10-9)",35,13,0.0245863822372196,-0.103245282253316,0.555053038070993,0.931366670797781,"SIB-1757","BRD-K98157055-001-10-9","Higher MPCDS = greater sensitivity",35,0.000884976712214521,0.00423083655735689,0.835599101820067,0.990502452946434
"SID-7969543 (BRD:BRD-A43885598-001-08-1)",42,41,0.0177574764208237,-0.346339289616155,0.0246501322025715,0.497764718062008,"SID-7969543","BRD-A43885598-001-08-1","Higher MPCDS = greater sensitivity",42,-0.0052099085144192,0.00270326161052735,0.0610694919150098,0.855343068908636
"SIMVASTATIN (BRD:BRD-K22134346-001-24-9)",44,44,0.0521809749372149,-0.0666666666666667,0.667221205283105,0.956861410958919,"SIMVASTATIN","BRD-K22134346-001-24-9","Higher MPCDS = greater sensitivity",44,-0.00551797185021104,0.0082678227698045,0.508165230245401,0.960295085661133
"SKEPINONE-L (BRD:BRD-K83607951-001-02-2)",42,32,0.0181035767074679,-0.202853433277401,0.197603139721866,0.802501065545157,"SKEPINONE-L","BRD-K83607951-001-02-2","Higher MPCDS = greater sensitivity",42,-0.00403988522960878,0.00282805416040674,0.160909521102444,0.855343068908636
"SKF-96365 (BRD:BRD-A72703248-003-04-9)",42,42,0.0360440923635946,-0.0151527428895551,0.924121971262928,0.994421758418471,"SKF-96365","BRD-A72703248-003-04-9","Higher MPCDS = greater sensitivity",42,-0.00593174455279444,0.00569735618260187,0.304062909502088,0.926120965655263
"SKI-II (BRD:BRD-K20755323-001-05-9)",45,44,0.0602036819108825,-0.157515069751777,0.301427235326691,0.841997266116938,"SKI-II","BRD-K20755323-001-05-9","Higher MPCDS = greater sensitivity",45,-0.00590837168385214,0.00950288093867373,0.537392054363132,0.960295085661133
"SMI-4A (BRD:BRD-K70159787-001-01-1)",42,39,0.0475395493485573,-0.226977969357613,0.148307042876395,0.771344232182843,"SMI-4A","BRD-K70159787-001-01-1","Higher MPCDS = greater sensitivity",42,-0.0109276379305616,0.00757407147459324,0.156871075863831,0.855343068908636
"SN38 (BRD:BRD-K89561498-001-01-7)",43,43,0.160324754194948,-0.0332225913621262,0.832501948214325,0.985785202498155,"SN38","BRD-K89561498-001-01-7","Higher MPCDS = greater sensitivity",43,-0.00470466092674418,0.0259492349139306,0.857023480144037,0.990502452946434
"SNS-314 (BRD:BRD-K71512533-066-02-8)",42,41,0.170188201966737,-0.158826627900717,0.315067180965676,0.846595816135879,"SNS-314","BRD-K71512533-066-02-8","Higher MPCDS = greater sensitivity",42,-0.020876499816385,0.0270550833668288,0.444868752037507,0.939024256784477
"SNX 2112 (BRD:BRD-K71281111-001-04-3)",44,44,0.0685049804039021,0.00493305144467935,0.974647251038158,0.998144120500538,"SNX 2112","BRD-K71281111-001-04-3","Higher MPCDS = greater resistance",44,0.000881815372620769,0.0108644033107224,0.935695842825887,0.991567094778153
"SNX-5422 (BRD:BRD-K73197500-001-02-2)",37,37,0.0474076628494882,-0.0704125177809388,0.678788512073424,0.95899383859975,"SNX-5422","BRD-K73197500-001-02-2","Higher MPCDS = greater sensitivity",37,-0.0046359431976724,0.00796407429719972,0.564225773572459,0.960295085661133
"SOBETIROME (BRD:BRD-K85406984-001-01-0)",40,14,0.0183364620838405,-0.29395654934632,0.0656064039700912,0.653331130241485,"SOBETIROME","BRD-K85406984-001-01-0","Higher MPCDS = greater sensitivity",40,-0.00253311368897738,0.00299139558379186,0.402408254198333,0.934651126569329
"SODIUM-GLUCOHEPTONATE (BRD:BRD-K35952844-236-01-6)",39,21,0.00596968969373409,0.0553132186231972,0.738041236706483,0.968376310874038,"SODIUM-GLUCOHEPTONATE","BRD-K35952844-236-01-6","Higher MPCDS = greater resistance",39,0.000210082272472779,0.00104794918731323,0.842210966604129,0.990502452946434
"SODIUM-STIBOGLUCONATE (BRD:BRD-A60786380-412-01-5)",41,41,0.0496982079151386,0.000522648083623693,0.997412398694476,0.9993580915184,"SODIUM-STIBOGLUCONATE","BRD-A60786380-412-01-5","Higher MPCDS = greater resistance",41,-0.00116922936316508,0.00790956835666654,0.883242769806535,0.991567094778153
"SODIUM-TANSHINONE-II-A-SULFONATE (BRD:BRD-K84798689-236-02-9)",32,4,0.00207220966821849,0.0355096331578467,0.84700475755907,0.985785202498155,"SODIUM-TANSHINONE-II-A-SULFONATE","BRD-K84798689-236-02-9","Higher MPCDS = greater resistance",32,0.00017253427253125,0.000388238486871592,0.659940869127809,0.975756906432833
"SONIDEGIB (BRD:BRD-K19796430-001-05-6)",49,44,0.0349910044509228,-0.123324446027496,0.398549312677806,0.892828629253998,"SONIDEGIB","BRD-K19796430-001-05-6","Higher MPCDS = greater sensitivity",49,-0.00636108445643522,0.00500879711624455,0.210342540357312,0.878423459094401
"SPARFLOXACIN (BRD:BRD-K07612980-001-05-3)",42,40,0.0427283982056628,-0.0488694390081153,0.758587657988074,0.973910960126022,"SPARFLOXACIN","BRD-K07612980-001-05-3","Higher MPCDS = greater sensitivity",42,0.000351461543298573,0.00684274252796737,0.959292172300251,0.992580507822158
"SPERMIDINE (BRD:BRD-K40438880-305-06-6)",41,41,0.0461562609347126,-0.0646341463414634,0.688065317372981,0.95899383859975,"SPERMIDINE","BRD-K40438880-305-06-6","Higher MPCDS = greater sensitivity",41,-0.00170486895105554,0.00749591017294236,0.821269834419781,0.990502452946434
"SPERMINE (BRD:BRD-K18375018-376-02-3)",44,44,0.0382768890802229,0.172374911909796,0.263187323798683,0.824429774620239,"SPERMINE","BRD-K18375018-376-02-3","Higher MPCDS = greater resistance",44,0.00587554371328395,0.00600284119014409,0.333286438619763,0.927471102831342
"SPIRADOLINE (BRD:BRD-K28192623-066-08-1)",44,44,0.0689781473064231,0.0558139534883721,0.718959043134336,0.96366499509342,"SPIRADOLINE","BRD-K28192623-066-08-1","Higher MPCDS = greater resistance",44,0.00717081364510001,0.0108842046791333,0.513602438892548,0.960295085661133
"SPIRONOLACTONE (BRD:BRD-K90027355-001-13-3)",39,39,0.0319677313398176,-0.183198380566802,0.264280678402804,0.824429774620239,"SPIRONOLACTONE","BRD-K90027355-001-13-3","Higher MPCDS = greater sensitivity",39,-0.00829470223837296,0.00500072578295866,0.10563125362509,0.855343068908636
"SR-27897 (BRD:BRD-K35629949-001-02-0)",45,33,0.00783854368121361,-0.406350762886589,0.00560906657773229,0.417374992375077,"SR-27897","BRD-K35629949-001-02-0","Higher MPCDS = greater sensitivity",45,-0.00217526336537688,0.00119773966490112,0.0763248390992264,0.855343068908636
"SR-33805 (BRD:BRD-K43002771-034-01-6)",37,37,0.111433052171842,0.144144144144144,0.394681229298821,0.892686863911184,"SR-33805","BRD-K43002771-034-01-6","Higher MPCDS = greater resistance",37,0.0170825246698775,0.0185872369888995,0.364362294024157,0.928385419996185
"SR-57227A (BRD:BRD-K09397065-003-06-1)",41,34,0.0328295774531001,-0.287901923464797,0.0679520180703023,0.653331130241485,"SR-57227A","BRD-K09397065-003-06-1","Higher MPCDS = greater sensitivity",41,-0.00648153633685192,0.00532065072377394,0.230472218446564,0.902693611872781
"SRT1720 (BRD:BRD-K95926480-003-03-6)",42,42,0.0178716055183385,0.237501012883883,0.129900213036668,0.758371218517528,"SRT1720","BRD-K95926480-003-03-6","Higher MPCDS = greater resistance",42,0.00117240074442759,0.00285613464076256,0.68364069762918,0.977637643723222
"STA-5326 (BRD:BRD-K41783120-001-02-8)",41,32,0.145406328899375,0.33973252383749,0.0297674027113785,0.514197438159133,"STA-5326","BRD-K41783120-001-02-8","Higher MPCDS = greater resistance",41,0.031262728562932,0.0237370044250353,0.195509614135973,0.873439252662257
"STATTIC (BRD:BRD-K17061841-001-03-5)",41,41,0.0378214797182651,-0.358885017421603,0.0212070856412749,0.497764718062008,"STATTIC","BRD-K17061841-001-03-5","Higher MPCDS = greater sensitivity",41,-0.00551602710121875,0.00611494947079898,0.372564636822804,0.928385419996185
"STEMREGENIN-1 (BRD:BRD-K36739687-001-03-0)",33,21,0.0252132928632157,-0.382815068452446,0.0278895111424117,0.514197438159133,"STEMREGENIN-1","BRD-K36739687-001-03-0","Higher MPCDS = greater sensitivity",33,-0.00507778734801698,0.00491862198058718,0.309890867898346,0.926120965655263
"STF-118804 (BRD:BRD-K39171998-001-01-1)",43,43,0.0331915937454472,-0.179099969797644,0.250493825000194,0.820464845078843,"STF-118804","BRD-K39171998-001-01-1","Higher MPCDS = greater sensitivity",43,-0.00229911731700863,0.00530189685195777,0.666822715699106,0.975756906432833
"STREPTOZOTOCIN (BRD:BRD-K34411947-001-12-5)",19,16,0.00341596902846687,NA,NA,NA,"STREPTOZOTOCIN","BRD-K34411947-001-12-5","Not tested",19,NA,NA,NA,NA
"SUNITINIB (BRD:BRD-K42828737-001-03-3)",50,50,0.0525546685442185,-0.204321728691477,0.154650537809158,0.771344232182843,"SUNITINIB","BRD-K42828737-001-03-3","Higher MPCDS = greater sensitivity",50,-0.00713877601770507,0.00751530530368099,0.346922375593797,0.928385419996185
"SU014813 (BRD:BRD-K75911534-001-01-6)",44,42,0.0594911342868351,-0.156752186502428,0.30956183583206,0.842377355354233,"SU014813","BRD-K75911534-001-01-6","Higher MPCDS = greater sensitivity",44,-0.00723036397214085,0.00955304762054735,0.453356045974399,0.940351522532128
"SU3327 (BRD:BRD-K32730239-001-01-0)",43,43,0.0517724816469528,0.0682573240712776,0.663626449233924,0.95562208689685,"SU3327","BRD-K32730239-001-01-0","Higher MPCDS = greater resistance",43,0.00850879440391685,0.00812074239803183,0.300875225926339,0.926120965655263
"SUFENTANIL (BRD:BRD-K21547160-001-01-4)",35,8,0.0271903109694177,-0.0420926722194164,0.810263574280219,0.985785202498155,"SUFENTANIL","BRD-K21547160-001-01-4","Higher MPCDS = greater sensitivity",35,0.000845626030797788,0.00486704475242492,0.863127095254057,0.990502452946434
"SULCONAZOLE (BRD:BRD-A70649075-008-30-8)",43,43,0.0479890623989209,0.110540622168529,0.480392836074595,0.931366670797781,"SULCONAZOLE","BRD-A70649075-008-30-8","Higher MPCDS = greater resistance",43,0.00575644952060369,0.00763036832918445,0.454912703568949,0.940351522532128
"SULFABENZAMIDE (BRD:BRD-K59983611-001-21-9)",36,36,0.0383588605384084,-0.193822393822394,0.257351119697623,0.820464845078843,"SULFABENZAMIDE","BRD-K59983611-001-21-9","Higher MPCDS = greater sensitivity",36,-0.00166391416848673,0.00659750839267936,0.802402243434976,0.990107755278081
"SULFAMETHAZINE (BRD:BRD-K11640013-236-10-1)",37,5,0.000311046619987114,-0.115213340438621,0.497119939996265,0.931366670797781,"SULFAMETHAZINE","BRD-K11640013-236-10-1","Higher MPCDS = greater sensitivity",37,-5.00840832820842e-05,5.20482138504134e-05,0.342518782912592,0.928234297362907
"SULFANILAMIDE (BRD:BRD-K02594908-001-16-4)",40,40,0.0499376672487587,-0.240337711069418,0.135221981368264,0.768240529824177,"SULFANILAMIDE","BRD-K02594908-001-16-4","Higher MPCDS = greater sensitivity",40,-0.00906819231137325,0.00854899174865168,0.295507114098568,0.926120965655263
"SULFASALAZINE (BRD:BRD-K10670311-001-15-5)",22,8,0.00592637966612587,NA,NA,NA,"SULFASALAZINE","BRD-K10670311-001-15-5","Not tested",22,NA,NA,NA,NA
"SULMAZOLE (BRD:BRD-A22081593-001-11-1)",37,16,0.024737827960404,-0.00533447432159764,0.975002529621525,0.998144120500538,"SULMAZOLE","BRD-A22081593-001-11-1","Higher MPCDS = greater sensitivity",37,0.00116687131623044,0.00461816854621926,0.802001532458608,0.990107755278081
"SUXIBUZONE (BRD:BRD-K78815826-001-14-6)",43,43,0.0380744422930271,-0.092117185140441,0.556864927557071,0.931366670797781,"SUXIBUZONE","BRD-K78815826-001-14-6","Higher MPCDS = greater sensitivity",43,-0.00325150827020543,0.00607460774352352,0.595360079777204,0.960295085661133
"TACALCITOL (BRD:BRD-K73237276-001-01-0)",45,39,0.0505802923262208,-0.112460593287345,0.462024365311812,0.923562159101563,"TACALCITOL","BRD-K73237276-001-01-0","Higher MPCDS = greater sensitivity",45,0.000417935441727175,0.00801942578251613,0.958678114701584,0.992580507822158
"TACEDINALINE (BRD:BRD-K52313696-001-12-3)",50,47,0.0700280056378243,-0.0511527392272478,0.72424809581714,0.96366499509342,"TACEDINALINE","BRD-K52313696-001-12-3","Higher MPCDS = greater sensitivity",50,-0.00294144703369731,0.0100987514316531,0.772101049233301,0.986518863295841
"TACROLIMUS (BRD:BRD-K69608737-001-10-2)",44,43,0.0288365619109316,-0.218400930400928,0.154370761830175,0.771344232182843,"TACROLIMUS","BRD-K69608737-001-10-2","Higher MPCDS = greater sensitivity",44,-0.00179176310103073,0.00459063778789683,0.698281337464829,0.981236357395638
"TAGATOSE (BRD:BRD-A73556557-001-06-4)",40,22,0.022179771168643,0.214614278721209,0.18356589110262,0.778462525709525,"TAGATOSE","BRD-A73556557-001-06-4","Higher MPCDS = greater resistance",40,-0.00242687704749574,0.00392977786821434,0.540548261757448,0.960295085661133
"TAK-285 (BRD:BRD-K80343549-001-02-6)",43,43,0.0441047600150387,-0.24146783449109,0.118775045984139,0.737224423349828,"TAK-285","BRD-K80343549-001-02-6","Higher MPCDS = greater sensitivity",43,-0.00809373436306239,0.00694720397644829,0.250738668428711,0.923042513060167
"TAK-632 (BRD:BRD-K31866293-001-01-6)",41,41,0.0532996110969196,-0.32822299651568,0.0361629144711025,0.55881405574588,"TAK-632","BRD-K31866293-001-01-6","Higher MPCDS = greater sensitivity",41,-0.0154476676869434,0.00834811185411991,0.0718363314136719,0.855343068908636
"TAK-733 (BRD:BRD-K26667523-001-02-5)",44,44,0.127104565060039,-0.13446088794926,0.384192640794323,0.887939106143226,"TAK-733","BRD-K26667523-001-02-5","Higher MPCDS = greater sensitivity",44,-0.01646207763656,0.0201841206330332,0.419332947656575,0.938640046288849
"TAK-901 (BRD:BRD-K01683783-001-02-6)",45,45,0.0707571103931979,-0.210013175230567,0.166154909798078,0.778462525709525,"TAK-901","BRD-K01683783-001-02-6","Higher MPCDS = greater sensitivity",45,-0.0110744165733445,0.0110909392065313,0.323618067774728,0.927471102831342
"TALAZOPARIB (BRD:BRD-K95142244-001-01-5)",50,50,0.132938939407341,-0.277695078031212,0.0508756521831439,0.592875578976117,"TALAZOPARIB","BRD-K95142244-001-01-5","Higher MPCDS = greater sensitivity",50,-0.0207425647978536,0.0189530712200971,0.279233694833494,0.926120965655263
"TALMAPIMOD (BRD:BRD-K17555800-003-02-3)",50,27,0.041208321977645,-0.052134875801042,0.719168915962602,0.96366499509342,"TALMAPIMOD","BRD-K17555800-003-02-3","Higher MPCDS = greater sensitivity",50,0.00160261263833274,0.00594340922252105,0.78858895952516,0.987450523231504
"TALTIRELIN (BRD:BRD-K93869735-001-01-1)",39,38,0.0464734245205231,0.0203451591940297,0.90215915367658,0.993691679377351,"TALTIRELIN","BRD-K93869735-001-01-1","Higher MPCDS = greater resistance",39,0.00241272343950141,0.00752485447219027,0.750291795318156,0.986518863295841
"TALTOBULIN (BRD:BRD-K87512222-019-01-7)",37,37,0.126832057268718,0.122095779990517,0.471593253553398,0.931366670797781,"TALTOBULIN","BRD-K87512222-019-01-7","Higher MPCDS = greater resistance",37,0.0189566208110265,0.0211684316232905,0.376630344509752,0.928385419996185
"TAME (BRD:BRD-K72231366-001-02-3)",44,23,0.011580650847159,-0.190131834833832,0.216384959156652,0.805277260014622,"TAME","BRD-K72231366-001-02-3","Higher MPCDS = greater sensitivity",44,-0.00133721573342614,0.00191710574233341,0.489322199631865,0.951824355158289
"TAMIBAROTENE (BRD:BRD-K36627727-001-05-4)",48,43,0.0716183536686554,-0.184391466816953,0.209617567843455,0.805277260014622,"TAMIBAROTENE","BRD-K36627727-001-05-4","Higher MPCDS = greater sensitivity",48,-0.021503069418442,0.0100114886967315,0.0370277135868568,0.855343068908636
"TANAPROGET (BRD:BRD-K99604664-001-01-1)",44,44,0.0546469857853274,0.0921775898520085,0.551774007219115,0.931366670797781,"TANAPROGET","BRD-K99604664-001-01-1","Higher MPCDS = greater resistance",44,0.00831471056478599,0.00857181963865168,0.337597056141653,0.927471102831342
"TANDUTINIB (BRD:BRD-K89162000-001-06-4)",42,25,0.0311426732686405,-0.144260841458074,0.362040906991248,0.87736999914943,"TANDUTINIB","BRD-K89162000-001-06-4","Higher MPCDS = greater sensitivity",42,-0.000854190835990178,0.00498568119545647,0.864829024250151,0.991523722070236
"TANSHINONE-I (BRD:BRD-K34073885-001-09-3)",42,42,0.0863960088470559,-0.0880803824649542,0.579114019467562,0.939253232844609,"TANSHINONE-I","BRD-K34073885-001-09-3","Higher MPCDS = greater sensitivity",42,-0.0079317910769051,0.0137793973595631,0.568091907623972,0.960295085661133
"TAS-103 (BRD:BRD-K09426783-300-01-0)",41,41,0.118137060175416,-0.051219512195122,0.750461190110236,0.971820246185917,"TAS-103","BRD-K09426783-300-01-0","Higher MPCDS = greater sensitivity",41,0.000205466410076905,0.0192985144283825,0.991559562346092,0.997167058951485
"TASELISIB (BRD:BRD-K44844162-001-01-6)",44,44,0.0765583507392464,-0.144326990838619,0.349941593290177,0.86882050747906,"TASELISIB","BRD-K44844162-001-01-6","Higher MPCDS = greater sensitivity",44,-0.00986975644864575,0.0120466799011546,0.417244425318438,0.938640046288849
"TASISULAM (BRD:BRD-K42495768-001-01-7)",50,42,0.0395257685376951,-0.00303396402589315,0.983316826268322,0.998144120500538,"TASISULAM","BRD-K42495768-001-01-7","Higher MPCDS = greater sensitivity",50,0.00459594174673765,0.00566635482834873,0.421315865856132,0.938640046288849
"TAURINE (BRD:BRD-K51474575-001-10-4)",43,34,0.022030317574272,0.158495686821546,0.310041665512322,0.842377355354233,"TAURINE","BRD-K51474575-001-10-4","Higher MPCDS = greater resistance",43,0.0065395366531532,0.00337599785659028,0.059648036253825,0.855343068908636
"TAZEMETOSTAT (BRD:BRD-K11215326-001-03-7)",45,44,0.0529562210762028,-0.032543891450179,0.831932382506442,0.985785202498155,"TAZEMETOSTAT","BRD-K11215326-001-03-7","Higher MPCDS = greater sensitivity",45,0.000138518771056683,0.00839636413463996,0.986913830893756,0.997167058951485
"TC1 (BRD:BRD-A13964793-001-02-6)",40,24,0.0444873692946543,0.0378762802027138,0.816508775350211,0.985785202498155,"TC1","BRD-A13964793-001-02-6","Higher MPCDS = greater resistance",40,-0.0071551227616207,0.00718437603645205,0.325584906258223,0.927471102831342
"TECASTEMIZOLE (BRD:BRD-K48195801-001-01-6)",42,30,0.0206606418883338,0.200943640464035,0.201946601410194,0.802684493900804,"TECASTEMIZOLE","BRD-K48195801-001-01-6","Higher MPCDS = greater resistance",42,0.00787426496564574,0.0032274152089319,0.0192225310472773,0.855343068908636
"TEDIZOLID (BRD:BRD-K59436580-001-01-7)",45,45,0.0495413983184371,0.0328063241106719,0.830596842613601,0.985785202498155,"TEDIZOLID","BRD-K59436580-001-01-7","Higher MPCDS = greater resistance",45,0.00049615348242986,0.00785459441384764,0.949926014520334,0.991567094778153
"TEDIZOLID-PHOSPHATE (BRD:BRD-K89121095-001-01-7)",45,45,0.0590680474475594,0.159947299077734,0.293928939623669,0.841997266116938,"TEDIZOLID-PHOSPHATE","BRD-K89121095-001-01-7","Higher MPCDS = greater resistance",45,0.0085403730762399,0.00927444163096675,0.36226618311211,0.928385419996185
"TELATINIB (BRD:BRD-K84564571-001-02-4)",42,42,0.0449886849999849,-0.280771412365286,0.0716844063785022,0.653331130241485,"TELATINIB","BRD-K84564571-001-02-4","Higher MPCDS = greater sensitivity",42,-0.0113252157019385,0.00707168507845167,0.117138101313818,0.855343068908636
"TELOTRISTAT-ETHYL (BRD:BRD-K94559059-091-01-6)",26,19,0.0736399555589324,NA,NA,NA,"TELOTRISTAT-ETHYL","BRD-K94559059-091-01-6","Not tested",26,NA,NA,NA,NA
"TEMAZEPAM (BRD:BRD-A93093700-001-02-9)",42,34,0.0757267618545446,0.151210989561499,0.339124295610746,0.8673140628608,"TEMAZEPAM","BRD-A93093700-001-02-9","Higher MPCDS = greater resistance",42,0.00393773772676196,0.012585271554471,0.755993889733865,0.986518863295841
"TEMOCAPRIL (BRD:BRD-K10784860-003-02-3)",42,31,0.0329049610394827,0.0693603984800215,0.662497506161132,0.95562208689685,"TEMOCAPRIL","BRD-K10784860-003-02-3","Higher MPCDS = greater resistance",42,0.00172987068664713,0.00533556874593803,0.747464723390241,0.986518863295841
"TEMOPORFIN (BRD:BRD-K63712959-001-01-8)",48,43,0.0400158021843222,-0.25822411366558,0.0763845081782111,0.653331130241485,"TEMOPORFIN","BRD-K63712959-001-01-8","Higher MPCDS = greater sensitivity",48,-0.0141833396729526,0.00561890093770497,0.0151105724256695,0.855343068908636
"TENIPOSIDE (BRD:BRD-K10362825-001-04-2)",49,49,0.120588006941922,-0.0519387755102041,0.723020320891921,0.96366499509342,"TENIPOSIDE","BRD-K10362825-001-04-2","Higher MPCDS = greater sensitivity",49,0.00168796467015955,0.0175880855826134,0.923950820140462,0.991567094778153
"TENOVIN-6 (BRD:BRD-K13949769-001-01-7)",43,43,0.0412341169721013,-0.209000302023558,0.178615307432201,0.778462525709525,"TENOVIN-6","BRD-K13949769-001-01-7","Higher MPCDS = greater sensitivity",43,-0.00561610802202266,0.00660613707336322,0.400187448421305,0.933986913657504
"TEPOXALIN (BRD:BRD-K89714990-001-01-5)",43,38,0.0276743095380418,0.12588375287295,0.421190333112698,0.902550713812925,"TEPOXALIN","BRD-K89714990-001-01-5","Higher MPCDS = greater resistance",43,0.00558360856498685,0.00438550400486029,0.21012009262708,0.878423459094401
"TEPRENONE (BRD:BRD-K11510141-001-01-8)",43,43,0.0569552592335873,-0.136514648142555,0.382715055091208,0.887939106143226,"TEPRENONE","BRD-K11510141-001-01-8","Higher MPCDS = greater sensitivity",43,-0.00942403453459005,0.00899909236673977,0.301132420556662,0.926120965655263
"TERBUTALINE (BRD:BRD-A50157456-065-20-6)",35,29,0.0472487780577656,-0.309338730347625,0.0705673685233803,0.653331130241485,"TERBUTALINE","BRD-A50157456-065-20-6","Higher MPCDS = greater sensitivity",35,-0.012729526076299,0.00752037645522699,0.0999401673049659,0.855343068908636
"TERCONAZOLE (BRD:BRD-K86204871-001-16-2)",35,10,0.00751849157671868,-0.275251092828215,0.109519833772743,0.707213276380048,"TERCONAZOLE","BRD-K86204871-001-16-2","Higher MPCDS = greater sensitivity",35,-0.00211927501217138,0.00134405759176025,0.124386925951288,0.855343068908636
"TERFENADINE (BRD:BRD-A06352418-001-25-9)",38,38,0.0408368440129547,-0.233614180982602,0.158065520427842,0.773567804894853,"TERFENADINE","BRD-A06352418-001-25-9","Higher MPCDS = greater sensitivity",38,-0.0118076780582508,0.00651804431065168,0.0784074667842771,0.855343068908636
"TERIFLUNOMIDE (BRD:BRD-A42699921-001-03-6)",43,43,0.0446984097247405,-0.257173059498641,0.0959452456532983,0.698790433469257,"TERIFLUNOMIDE","BRD-A42699921-001-03-6","Higher MPCDS = greater sensitivity",43,-0.0119107550176774,0.00692277681343357,0.0928786784969943,0.855343068908636
"TEROXIRONE (BRD:BRD-A39935389-001-05-9)",43,43,0.057721072177303,0.0554213228631833,0.724100117388852,0.96366499509342,"TEROXIRONE","BRD-A39935389-001-05-9","Higher MPCDS = greater resistance",43,0.00966753221334869,0.0093016025465363,0.304737084460419,0.926120965655263
"TETRAHYDROPAPAVERINE (BRD:BRD-A91831168-003-02-5)",42,36,0.0245500810054257,-0.393162715573036,0.0100023963497142,0.433282409460274,"TETRAHYDROPAPAVERINE","BRD-A91831168-003-02-5","Higher MPCDS = greater sensitivity",42,-0.00610354129242735,0.00379447994979988,0.115584305752088,0.855343068908636
"TETRAHYDROURIDINE (BRD:BRD-A86248581-001-01-4)",42,32,0.0374369099877557,0.0255917471244766,0.872192263741175,0.985785202498155,"TETRAHYDROURIDINE","BRD-A86248581-001-01-4","Higher MPCDS = greater resistance",42,0.00169600303290908,0.00611852711001191,0.783060676156022,0.986518863295841
"TETRAMETHYLTHIURAM-MONOSULFIDE (BRD:BRD-K36889451-001-01-1)",42,42,0.0441415708848444,0.0600437565837452,0.705634302700138,0.96366499509342,"TETRAMETHYLTHIURAM-MONOSULFIDE","BRD-K36889451-001-01-1","Higher MPCDS = greater resistance",42,0.00440247819753342,0.00699027092799299,0.532406180952379,0.960295085661133
"TETRANDRINE (BRD:BRD-K08078237-001-19-8)",42,42,0.0492044682597513,-0.127623369256948,0.420568762313001,0.902550713812925,"TETRANDRINE","BRD-K08078237-001-19-8","Higher MPCDS = greater sensitivity",42,-0.00865854677083801,0.00776027845019101,0.271186559973233,0.926120965655263
"TEZACAFTOR (BRD:BRD-K97101532-001-02-8)",41,21,0.0143758552241079,0.196774390318879,0.217536704267839,0.805277260014622,"TEZACAFTOR","BRD-K97101532-001-02-8","Higher MPCDS = greater resistance",41,0.00272913304163683,0.00231550767071148,0.24568574109682,0.923042513060167
"TG-02 (BRD:BRD-K14560436-001-01-4)",43,43,0.0614554308063373,-0.161129568106312,0.301966009227412,0.841997266116938,"TG-02","BRD-K14560436-001-01-4","Higher MPCDS = greater sensitivity",43,-0.0092346831835495,0.00966070338418248,0.344724489860978,0.928234297362907
"TG-100572 (BRD:BRD-K18424115-003-01-3)",43,43,0.0313412038348495,0.0860767139836907,0.583121695833256,0.939293015189809,"TG-100572","BRD-K18424115-003-01-3","Higher MPCDS = greater resistance",43,0.00137442883209255,0.00497676239906144,0.783805416051516,0.986518863295841
"TG-100713 (BRD:BRD-K46392623-001-02-5)",43,43,0.0611912417934208,0.0881908788885533,0.573868789811883,0.934808888381348,"TG-100713","BRD-K46392623-001-02-5","Higher MPCDS = greater resistance",43,0.00107874288257681,0.00988807041054607,0.913659038542269,0.991567094778153
"TG-101209 (BRD:BRD-K39841531-001-02-1)",45,45,0.036466717366067,-0.518577075098814,0.000262939617914981,0.189316524898786,"TG-101209","BRD-K39841531-001-02-1","Higher MPCDS = greater sensitivity",45,-0.0199270016066311,0.0049189523932859,0.000209403518915692,0.301541067238596
"FEDRATINIB (BRD:BRD-K12502280-001-08-0)",44,44,0.0506198410939959,-0.392529950669486,0.00840128192720197,0.433282409460274,"FEDRATINIB","BRD-K12502280-001-08-0","Higher MPCDS = greater sensitivity",44,-0.0194324181566463,0.00744762514893626,0.0125200522832925,0.855343068908636
"TG100-115 (BRD:BRD-K64785675-001-04-0)",43,36,0.0285833421717912,-0.0616576366639505,0.694484764406605,0.959748618757688,"TG100-115","BRD-K64785675-001-04-0","Higher MPCDS = greater sensitivity",43,-0.00309884651197582,0.00456220115138535,0.500800274481918,0.955335614492305
"TH-302 (BRD:BRD-K20958582-001-01-4)",37,37,0.0328058615293786,-0.0848743480322428,0.617459847887429,0.943141955314152,"TH-302","BRD-K20958582-001-01-4","Higher MPCDS = greater sensitivity",37,-0.00121528781928001,0.0055339008271957,0.827452405039547,0.990502452946434
"THEOPHYLLINE (BRD:BRD-K97799481-001-16-0)",39,39,0.0513909469160591,-0.286842105263158,0.0766502628930419,0.653331130241485,"THEOPHYLLINE","BRD-K97799481-001-16-0","Higher MPCDS = greater sensitivity",39,-0.0115725182062523,0.00811254133664263,0.16210898566076,0.855343068908636
"THIAMINE (BRD:BRD-K95785345-300-14-8)",39,30,0.0725098040985977,-0.278448249009738,0.0860771550240612,0.677991152126094,"THIAMINE","BRD-K95785345-300-14-8","Higher MPCDS = greater sensitivity",39,-0.0164873122150877,0.0117518781241329,0.16896755410708,0.862813042248917
"THIOCOLCHICOSIDE (BRD:BRD-K26619122-001-02-1)",43,33,0.021981427083432,0.210453551415466,0.175545693648643,0.778462525709525,"THIOCOLCHICOSIDE","BRD-K26619122-001-02-1","Higher MPCDS = greater resistance",43,0.00672468988797199,0.00336731218254849,0.0524865232614357,0.855343068908636
"THIOGUANINE (BRD:BRD-K49350383-001-14-5)",50,50,0.062306454847737,-0.184921968787515,0.19856728162786,0.802501065545157,"THIOGUANINE","BRD-K49350383-001-14-5","Higher MPCDS = greater sensitivity",50,-0.00721661566658597,0.00893263535909881,0.423137858912148,0.938640046288849
"THIOMERSAL (BRD:BRD-K61443650-236-13-1)",44,44,0.0447333090620245,-0.175757575757576,0.253790162894344,0.820464845078843,"THIOMERSAL","BRD-K61443650-236-13-1","Higher MPCDS = greater sensitivity",44,-0.00349361317861235,0.0070889435446075,0.624702569514894,0.964177023995357
"THIOPROPERAZINE (BRD:BRD-K08619574-334-05-4)",34,28,0.0278176928672307,-0.112476103346804,0.526520719585399,0.931366670797781,"THIOPROPERAZINE","BRD-K08619574-334-05-4","Higher MPCDS = greater sensitivity",34,-0.00174319950792932,0.00477407627912981,0.717410322533841,0.986518863295841
"THIOSTREPTON (BRD:BRD-K58049875-001-04-7)",43,43,0.0699853789433664,0.0116279069767442,0.941006508371541,0.997422722472926,"THIOSTREPTON","BRD-K58049875-001-04-7","Higher MPCDS = greater resistance",43,0.000624588246677841,0.0112043762726689,0.955815703121805,0.992580507822158
"THIOTEPA (BRD:BRD-K09631521-001-12-3)",49,49,0.0470365181884835,0.0723469387755102,0.621303943223938,0.943431457853355,"THIOTEPA","BRD-K09631521-001-12-3","Higher MPCDS = greater resistance",49,0.00525074738965645,0.00683249061190904,0.446036521972626,0.939024256784477
"THIRAM (BRD:BRD-K29254801-001-14-7)",40,40,0.108831507877802,0.166041275797373,0.305850774222831,0.842377355354233,"THIRAM","BRD-K29254801-001-14-7","Higher MPCDS = greater resistance",40,0.0178673190333124,0.0175920238833876,0.316219979622627,0.927471102831342
"THONZONIUM (BRD:BRD-K13387373-004-14-5)",39,39,0.0435479811323929,-0.222267206477733,0.173836400505818,0.778462525709525,"THONZONIUM","BRD-K13387373-004-14-5","Higher MPCDS = greater sensitivity",39,-0.00377278563217419,0.00703366948755455,0.594900023941426,0.960295085661133
"TIAGABINE (BRD:BRD-K60160658-003-11-2)",32,29,0.0256866026301614,-0.157769283028774,0.388473358937661,0.887939106143226,"TIAGABINE","BRD-K60160658-003-11-2","Higher MPCDS = greater sensitivity",32,-0.000798164768681214,0.00453379984899933,0.861439523238342,0.990502452946434
"TIDEGLUSIB (BRD:BRD-K81330143-001-04-8)",41,41,0.0511443985103698,0.00888501742160279,0.956032109635475,0.998144120500538,"TIDEGLUSIB","BRD-K81330143-001-04-8","Higher MPCDS = greater resistance",41,-0.00168318704823281,0.00834613489964994,0.841220906446506,0.990502452946434
"TILETAMINE (BRD:BRD-A30582499-003-05-1)",34,6,0.0331834286184479,0.0815789058091213,0.646481283342183,0.951396615235329,"TILETAMINE","BRD-A30582499-003-05-1","Higher MPCDS = greater resistance",34,-0.00461477650132593,0.00586773708674119,0.437380188235984,0.938640046288849
"TILMICOSIN (BRD:BRD-K26634012-001-04-9)",36,6,0.0112773998595681,0.341561740289434,0.041468118310864,0.585432258506316,"TILMICOSIN","BRD-K26634012-001-04-9","Higher MPCDS = greater resistance",36,0.0028843453429329,0.00192820299887183,0.143912403782716,0.855343068908636
"TILUDRONATE (BRD:BRD-K10845183-304-01-6)",39,31,0.0435027498981115,0.13442206107043,0.414576983221559,0.900517117121468,"TILUDRONATE","BRD-K10845183-304-01-6","Higher MPCDS = greater resistance",39,0.00325505023252405,0.00755890388261629,0.669239548454798,0.975756906432833
"TIOGUANINE (BRD:BRD-K75649340-001-13-1)",44,44,0.0722172507454225,-0.194644115574348,0.205475824268271,0.802684493900804,"TIOGUANINE","BRD-K75649340-001-13-1","Higher MPCDS = greater sensitivity",44,-0.012558874675184,0.0122261698242434,0.310200231315583,0.926120965655263
"TIOTIDINE (BRD:BRD-K15071410-001-01-1)",45,45,0.0211340429318514,-0.181422924901186,0.232985618918906,0.816675299909548,"TIOTIDINE","BRD-K15071410-001-01-1","Higher MPCDS = greater sensitivity",45,-0.00387040443078195,0.00329848313888229,0.247098530590991,0.923042513060167
"TIOXOLONE (BRD:BRD-K41876534-001-13-7)",44,42,0.0425737435059661,-0.278263323881108,0.0674052310207548,0.653331130241485,"TIOXOLONE","BRD-K41876534-001-13-7","Higher MPCDS = greater sensitivity",44,-0.00952217746929206,0.00659062669381718,0.15593221887858,0.855343068908636
"TIPIFARNIB (BRD:BRD-K62965247-001-04-9)",44,44,0.134316018587643,-0.0288935870331219,0.852303912180728,0.985785202498155,"TIPIFARNIB","BRD-K62965247-001-04-9","Higher MPCDS = greater sensitivity",44,-0.00194803520083281,0.0213011163132328,0.927568035976658,0.991567094778153
"TIPIRACIL (BRD:BRD-K11973162-003-01-8)",43,43,0.0422106031748756,-0.180006040471157,0.248065414324221,0.820464845078843,"TIPIRACIL","BRD-K11973162-003-01-8","Higher MPCDS = greater sensitivity",43,-0.00358424812778472,0.0067461765257741,0.598077263964449,0.960295085661133
"TIPRANAVIR (BRD:BRD-A10039652-001-01-2)",37,37,0.0389879428259015,-0.216927453769559,0.197172271457142,0.802501065545157,"TIPRANAVIR","BRD-A10039652-001-01-2","Higher MPCDS = greater sensitivity",37,-0.00846874938313358,0.0064236974739967,0.19594582102279,0.873439252662257
"TIRAPAZAMINE (BRD:BRD-K92968657-001-01-6)",44,40,0.0321437719353397,0.26657270380538,0.0802661168412969,0.665102467793126,"TIRAPAZAMINE","BRD-K92968657-001-01-6","Higher MPCDS = greater resistance",44,0.00982795049970829,0.00486740652363126,0.0498859029890843,0.855343068908636
"TIVANTINIB (BRD:BRD-K33379087-001-07-5)",50,50,0.0914323233976767,-0.0154141656662665,0.915388706117389,0.993691679377351,"TIVANTINIB","BRD-K33379087-001-07-5","Higher MPCDS = greater sensitivity",50,0.00394906849285924,0.0131848039265664,0.765839011417938,0.986518863295841
"TMC-353121 (BRD:BRD-K66097663-001-01-8)",43,43,0.035060213413024,-0.358199939595288,0.0183481842398769,0.471810451882548,"TMC-353121","BRD-K66097663-001-01-8","Higher MPCDS = greater sensitivity",43,-0.0098619231153263,0.00539777775134453,0.0749803478358539,0.855343068908636
"TMS (BRD:BRD-K96233303-001-01-9)",43,41,0.0260691955983958,0.16810149715973,0.281246324436603,0.831611308395706,"TMS","BRD-K96233303-001-01-9","Higher MPCDS = greater resistance",43,0.00789727109944726,0.00395563652490774,0.0525531098001763,0.855343068908636
"TOCERANIB (BRD:BRD-K62040061-011-02-7)",49,46,0.0448467785147803,-0.0290890542769292,0.842725316240727,0.985785202498155,"TOCERANIB","BRD-K62040061-011-02-7","Higher MPCDS = greater sensitivity",49,0.000536584789301035,0.00648752305934011,0.934433174635454,0.991567094778153
"TOFOGLIFLOZIN (BRD:BRD-K96344439-002-02-7)",43,41,0.0381209011937825,0.00468207224793497,0.976228294253164,0.998144120500538,"TOFOGLIFLOZIN","BRD-K96344439-002-02-7","Higher MPCDS = greater resistance",43,-0.000629402534240465,0.00655604200459452,0.923985572802964,0.991567094778153
"TOPOTECAN (BRD:BRD-K55696337-003-24-4)",45,45,0.127625448469321,0.00263504611330698,0.986293796900383,0.998144120500538,"TOPOTECAN","BRD-K55696337-003-24-4","Higher MPCDS = greater resistance",45,0.00321983694033262,0.0202294948571853,0.874283762005739,0.991567094778153
"TORASEMIDE (BRD:BRD-K30480208-001-18-5)",39,35,0.0411362586458982,-0.225532030649758,0.167437776194483,0.778462525709525,"TORASEMIDE","BRD-K30480208-001-18-5","Higher MPCDS = greater sensitivity",39,-0.00362491662275066,0.00664324617976778,0.588578366423084,0.960295085661133
"TORCETRAPIB (BRD:BRD-K55675242-001-03-0)",40,18,0.0149624027826769,0.0127152502357481,0.93793042822051,0.996980787106147,"TORCETRAPIB","BRD-K55675242-001-03-0","Higher MPCDS = greater resistance",40,0.00165085872364522,0.00242948471936767,0.50093340957472,0.955335614492305
"TOREMIFENE (BRD:BRD-K51350053-048-16-5)",44,44,0.0573784203528945,-0.0914728682170543,0.554832084056561,0.931366670797781,"TOREMIFENE","BRD-K51350053-048-16-5","Higher MPCDS = greater sensitivity",44,-0.00881169409975009,0.0090171484338015,0.334058014880722,0.927471102831342
"TORIN-1 (BRD:BRD-K40175214-001-11-6)",43,43,0.0546249308952418,-0.047568710359408,0.761959387742729,0.974514795521471,"TORIN-1","BRD-K40175214-001-11-6","Higher MPCDS = greater sensitivity",43,-0.00074265057080205,0.00882752036262156,0.933363302837171,0.991567094778153
"TORIN-2 (BRD:BRD-K68174511-001-06-6)",43,43,0.0504187010275764,-0.0302023557837511,0.847540208304398,0.985785202498155,"TORIN-2","BRD-K68174511-001-06-6","Higher MPCDS = greater sensitivity",43,-0.00163020759339742,0.0080681201389517,0.840872632465237,0.990502452946434
"TOSEDOSTAT (BRD:BRD-K92241597-001-06-0)",45,45,0.125981217471197,0.0993412384716732,0.516171851326625,0.931366670797781,"TOSEDOSTAT","BRD-K92241597-001-06-0","Higher MPCDS = greater resistance",45,0.0116010585124379,0.0198962546773794,0.562886825446792,0.960295085661133
"TPCA-1 (BRD:BRD-K51575138-001-13-2)",45,45,0.0463762546460533,-0.125164690382082,0.412654153674278,0.900517117121468,"TPCA-1","BRD-K51575138-001-13-2","Higher MPCDS = greater sensitivity",45,-0.0050139346560496,0.00731325176555515,0.496647870072186,0.955335614492305
"TRAMETINIB (BRD:BRD-K12343256-001-14-7)",50,50,0.178188681238895,-0.19327731092437,0.178680100359458,0.778462525709525,"TRAMETINIB","BRD-K12343256-001-14-7","Higher MPCDS = greater sensitivity",50,-0.0284152407185764,0.0253901966877974,0.268648758462925,0.926120965655263
"TRANILAST (BRD:BRD-K17849083-001-32-9)",44,44,0.0620680642778522,-0.225088090204369,0.141830511752938,0.771344232182843,"TRANILAST","BRD-K17849083-001-32-9","Higher MPCDS = greater sensitivity",44,-0.0101704976466177,0.00973876823135944,0.302306009392668,0.926120965655263
"TRANS-4-HYDROXYCROTONIC-ACID (BRD:BRD-K91614056-001-02-2)",36,9,0.0115872828177077,0.0247559640433351,0.886041020336988,0.989069045957568,"TRANS-4-HYDROXYCROTONIC-ACID","BRD-K91614056-001-02-2","Higher MPCDS = greater resistance",36,7.77198924713866e-05,0.00195946828999007,0.96859318307109,0.992721838877132
"TRAPIDIL (BRD:BRD-K95763993-001-19-3)",44,44,0.0225323259747806,-0.301338971106413,0.0468353662639315,0.588939538351176,"TRAPIDIL","BRD-K95763993-001-19-3","Higher MPCDS = greater sensitivity",44,-0.00315532052391572,0.00354778324840824,0.378865855583653,0.928385419996185
"TREMORINE (BRD:BRD-K08619838-300-05-7)",41,41,0.0546694183925303,-0.177700348432056,0.266342756518819,0.824429774620239,"TREMORINE","BRD-K08619838-300-05-7","Higher MPCDS = greater sensitivity",41,-0.00845139265895621,0.00882751240436907,0.344266892772104,0.928234297362907
"TREQUINSIN (BRD:BRD-K84663978-003-02-9)",41,34,0.0240737517485608,-0.0302502476522381,0.851073559951146,0.985785202498155,"TREQUINSIN","BRD-K84663978-003-02-9","Higher MPCDS = greater sensitivity",41,0.000212118111148913,0.00405678741744204,0.958566749471534,0.992580507822158
"TRIAMCINOLONE (BRD:BRD-K77554836-001-11-6)",37,24,0.0545586206299258,-0.270677164039648,0.105153969027574,0.698790433469257,"TRIAMCINOLONE","BRD-K77554836-001-11-6","Higher MPCDS = greater sensitivity",37,-0.00937188768757079,0.00888145900812183,0.298554933934014,0.926120965655263
"TRIAMCINOLONE-ACETONIDE (BRD:BRD-A92439610-001-05-7)",36,19,0.0688498104912425,-0.174705599229286,0.308153502040126,0.842377355354233,"TRIAMCINOLONE-ACETONIDE","BRD-A92439610-001-05-7","Higher MPCDS = greater sensitivity",36,-0.00629373645951939,0.0115406570110432,0.589070589169998,0.960295085661133
"TRIAMTERENE (BRD:BRD-K92049597-001-20-8)",45,34,0.0521101329481755,-0.0416990326629683,0.785643274974899,0.985785202498155,"TRIAMTERENE","BRD-K92049597-001-20-8","Higher MPCDS = greater sensitivity",45,0.000699361560694017,0.0082615521532073,0.932930517210521,0.991567094778153
"TRIAPINE (BRD:BRD-K01669786-001-02-2)",43,43,0.0601270762564885,0.00105708245243129,0.994632280358563,0.999342267454251,"TRIAPINE","BRD-K01669786-001-02-2","Higher MPCDS = greater resistance",43,0.00309179404062419,0.0096305469999132,0.749810631245193,0.986518863295841
"TRICHOSTATIN-A (BRD:BRD-K68202742-001-16-5)",42,42,0.0549103958720525,-0.187748156551333,0.233790691177571,0.816675299909548,"TRICHOSTATIN-A","BRD-K68202742-001-16-5","Higher MPCDS = greater sensitivity",42,-0.00473888033159438,0.00870645005615219,0.589259773288591,0.960295085661133
"TRICIRIBINE (BRD:BRD-K80431395-001-07-3)",44,44,0.0956584367918365,-0.299929527836505,0.047924855080126,0.588939538351176,"TRICIRIBINE","BRD-K80431395-001-07-3","Higher MPCDS = greater sensitivity",44,-0.0237963258780657,0.0147527984310359,0.114233329367056,0.855343068908636
"TRICLABENDAZOLE (BRD:BRD-K81916719-001-13-9)",43,43,0.0689719087979723,-0.112050739957717,0.474379174941231,0.931366670797781,"TRICLABENDAZOLE","BRD-K81916719-001-13-9","Higher MPCDS = greater sensitivity",43,-0.00979437513697267,0.0109548241254696,0.376503169608303,0.928385419996185
"TRIFLURIDINE (BRD:BRD-K03243820-001-23-8)",42,42,0.106404588128872,-0.160683899197796,0.30936813564017,0.842377355354233,"TRIFLURIDINE","BRD-K03243820-001-23-8","Higher MPCDS = greater sensitivity",42,-0.0146086346830367,0.0168834612532669,0.392054397785758,0.928385419996185
"TRIMEBUTINE (BRD:BRD-A92630576-050-24-1)",43,43,0.045264063946306,-0.171398369072788,0.271780140178068,0.826000004124565,"TRIMEBUTINE","BRD-A92630576-050-24-1","Higher MPCDS = greater sensitivity",43,-0.00627382402880299,0.00718032581277418,0.387342527746589,0.928385419996185
"TRIPTOLIDE (BRD:BRD-K39484304-001-16-5)",44,44,0.0758490520410017,-0.277801268498943,0.0678804198763011,0.653331130241485,"TRIPTOLIDE","BRD-K39484304-001-16-5","Higher MPCDS = greater sensitivity",44,-0.022926700131166,0.0114981459933262,0.0526772738105146,0.855343068908636
"TROLOX (BRD:BRD-A17846016-001-13-9)",41,21,0.0153163674871815,0.0280838806354252,0.861631513793932,0.985785202498155,"TROLOX","BRD-A17846016-001-13-9","Higher MPCDS = greater resistance",41,-0.000909713061143435,0.0025031608123172,0.718249503098166,0.986518863295841
"TROMETAMOL (BRD:BRD-K47978074-001-02-4)",32,11,0.00788616647442159,-0.0073596644331197,0.968111764858607,0.998144120500538,"TROMETAMOL","BRD-K47978074-001-02-4","Higher MPCDS = greater sensitivity",32,0.000909181819946942,0.00153223688328708,0.557381785339941,0.960295085661133
"TROPISETRON (BRD:BRD-K50866992-003-10-3)",42,33,0.0233764305527833,-0.0334469376698886,0.833450616146433,0.985785202498155,"TROPISETRON","BRD-K50866992-003-10-3","Higher MPCDS = greater sensitivity",42,0.0031710202093126,0.00371203952131916,0.398052283322866,0.932024858512077
"TROVAFLOXACIN (BRD:BRD-K00494077-066-01-9)",39,39,0.0608178657278752,0.0151821862348178,0.926910076996616,0.995452671258037,"TROVAFLOXACIN","BRD-K00494077-066-01-9","Higher MPCDS = greater resistance",39,-0.000529368888476534,0.00986075589182609,0.957475422807888,0.992580507822158
"TRYPTANTHRIN (BRD:BRD-K76973696-001-12-6)",45,45,0.0591097654706217,-0.133860342555995,0.380677650005439,0.887939106143226,"TRYPTANTHRIN","BRD-K76973696-001-12-6","Higher MPCDS = greater sensitivity",45,-0.00679921748334874,0.00931452296009041,0.469373621231395,0.944741743020308
"TU-2100 (BRD:BRD-K44590731-001-01-7)",37,36,0.0361879067326016,-0.0285697350984951,0.866699439400151,0.985785202498155,"TU-2100","BRD-K44590731-001-01-7","Higher MPCDS = greater sensitivity",37,-0.0010097103409459,0.0061062252204545,0.869614005177889,0.991567094778153
"TUCATINIB (BRD:BRD-K26026438-001-01-0)",48,48,0.0650515226320964,0.184976118106817,0.208151063298244,0.805277260014622,"TUCATINIB","BRD-K26026438-001-01-0","Higher MPCDS = greater resistance",48,0.00793136147254722,0.00952544305165233,0.409344358752032,0.938624007329499
"TW 37 (BRD:BRD-K28360340-001-08-3)",45,45,0.0713268820715101,-0.167193675889328,0.272310453479447,0.826000004124565,"TW 37","BRD-K28360340-001-08-3","Higher MPCDS = greater sensitivity",45,-0.00869739880507717,0.011231075745031,0.442928863418597,0.939024256784477
"TWS-119 (BRD:BRD-K94176593-001-09-4)",45,45,0.052385199221705,-0.129776021080369,0.395509874427316,0.892686863911184,"TWS-119","BRD-K94176593-001-09-4","Higher MPCDS = greater sensitivity",45,-0.00637764507355533,0.00824871399798586,0.443652373244109,0.939024256784477
"TYLOXAPOL (BRD:BRD-U25960968-000-01-9)",35,11,0.0471769188187174,-0.0158075832295086,0.928185447997005,0.995966501576518,"TYLOXAPOL","BRD-U25960968-000-01-9","Higher MPCDS = greater sensitivity",35,0.00504791285122305,0.00800837772884124,0.532820302300552,0.960295085661133
"TYRPHOSTIN-A9 (BRD:BRD-K40255344-001-17-6)",43,43,0.0497302158200286,-0.176985804892782,0.256222098172978,0.820464845078843,"TYRPHOSTIN-A9","BRD-K40255344-001-17-6","Higher MPCDS = greater sensitivity",43,-0.0105286002040363,0.00786722008177681,0.188177702044537,0.872565631029033
"TYRPHOSTIN-AG-1296 (BRD:BRD-K76064317-001-07-3)",43,42,0.0536497944940488,0.0903084532678208,0.564668687614867,0.934667334983883,"TYRPHOSTIN-AG-1296","BRD-K76064317-001-07-3","Higher MPCDS = greater resistance",43,0.000345920914925541,0.00867051596816488,0.968369499955029,0.992721838877132
"TYRPHOSTIN-AG-1478 (BRD:BRD-K68336408-001-10-9)",45,45,0.0619634539392117,-0.174440052700922,0.251768786574424,0.820464845078843,"TYRPHOSTIN-AG-1478","BRD-K68336408-001-10-9","Higher MPCDS = greater sensitivity",45,-0.00659001774041294,0.00977298320425074,0.50372366140709,0.95568125484349
"TYRPHOSTIN-AG-494 (BRD:BRD-K34533029-001-08-5)",43,24,0.0213679183057864,0.0668714749227668,0.670062968389194,0.957732530321153,"TYRPHOSTIN-AG-494","BRD-K34533029-001-08-5","Higher MPCDS = greater resistance",43,0.0028009423303032,0.00353954385601028,0.433306474841837,0.938640046288849
"TYRPHOSTIN-AG-99 (BRD:BRD-K60184833-001-05-6)",45,45,0.0566411391766476,-0.0557312252964427,0.716142639066151,0.96366499509342,"TYRPHOSTIN-AG-99","BRD-K60184833-001-05-6","Higher MPCDS = greater sensitivity",45,-0.00173079280948409,0.00897676760676326,0.848017104084812,0.990502452946434
"U-0126 (BRD:BRD-K18787491-001-08-6)",43,43,0.0414344555243794,0.137571730594986,0.379006282794764,0.885988713026722,"U-0126","BRD-K18787491-001-08-6","Higher MPCDS = greater resistance",43,0.00841259220701333,0.00645323219355462,0.199634312841563,0.873557711192267
"U-18666A (BRD:BRD-K22025381-003-01-9)",43,41,0.0455854668394737,-0.155867695479642,0.318234803604874,0.847057517913159,"U-18666A","BRD-K22025381-003-01-9","Higher MPCDS = greater sensitivity",43,-0.00306269649242129,0.00728263499795354,0.676281429988122,0.976387639910772
"UBENIMEX (BRD:BRD-K59574735-001-11-8)",13,13,0.0430021026472254,NA,NA,NA,"UBENIMEX","BRD-K59574735-001-11-8","Not tested",13,NA,NA,NA,NA
"UH-232-(+) (BRD:BRD-K66715657-050-01-0)",43,19,0.0283002754611901,-0.111513119772232,0.476515534121361,0.931366670797781,"UH-232-(+)","BRD-K66715657-050-01-0","Higher MPCDS = greater sensitivity",43,-0.000869566603954157,0.00453922072090497,0.849026684451618,0.990502452946434
"UK-383367 (BRD:BRD-K06294530-001-01-5)",45,45,0.0690945420472511,0.0919631093544137,0.547957998826883,0.931366670797781,"UK-383367","BRD-K06294530-001-01-5","Higher MPCDS = greater resistance",45,0.00593633095931807,0.0109177088167681,0.589432628869977,0.960295085661133
"ULIPRISTAL (BRD:BRD-K64381438-001-03-8)",30,19,0.028054548940881,0.0986286256109913,0.604092711916619,0.943141955314152,"ULIPRISTAL","BRD-K64381438-001-03-8","Higher MPCDS = greater resistance",30,0.00223682059219242,0.00579929166946111,0.702629533691098,0.981364237163124
"UNBS-5162 (BRD:BRD-K30933884-001-01-0)",44,44,0.056529996534423,0.107963354474982,0.4854434691947,0.931366670797781,"UNBS-5162","BRD-K30933884-001-01-0","Higher MPCDS = greater resistance",44,0.00573242702989861,0.00892222074123971,0.524047767247583,0.960295085661133
"UNC0631 (BRD:BRD-K13060017-001-01-3)",45,45,0.0534017101211763,-0.08300395256917,0.587766371616231,0.940728651057539,"UNC0631","BRD-K13060017-001-01-3","Higher MPCDS = greater sensitivity",45,-0.00477490366081543,0.00843565519715088,0.574310112100264,0.960295085661133
"UNC2250 (BRD:BRD-K01773560-001-02-4)",43,43,0.0826565238406895,-0.0238598610691634,0.879288939849324,0.986887040828547,"UNC2250","BRD-K01773560-001-02-4","Higher MPCDS = greater sensitivity",43,-0.00183414880594406,0.0132300370362762,0.890417131982047,0.991567094778153
"URACIL (BRD:BRD-K80129304-001-08-1)",41,30,0.0306616389512786,0.0512522029339405,0.75030702205307,0.971820246185917,"URACIL","BRD-K80129304-001-08-1","Higher MPCDS = greater resistance",41,0.000509513432275522,0.00494903863777668,0.918528634806405,0.991567094778153
"URIC-ACID (BRD:BRD-K01295354-001-02-8)",38,17,0.0195801604282273,0.0168172484056585,0.920175708694704,0.993691679377351,"URIC-ACID","BRD-K01295354-001-02-8","Higher MPCDS = greater resistance",38,0.000655365569518752,0.0033381615510296,0.845459652186908,0.990502452946434
"URIDINE (BRD:BRD-K13050303-001-17-3)",40,24,0.0242095522409178,0.147990826771428,0.362122310814421,0.87736999914943,"URIDINE","BRD-K13050303-001-17-3","Higher MPCDS = greater resistance",40,0.00413162145966038,0.00420903023352029,0.332501272517698,0.927471102831342
"USNIACIN-(+) (BRD:BRD-A12417644-001-07-6)",41,39,0.0300239656759013,0.0975779767383351,0.543895489515902,0.931366670797781,"USNIACIN-(+)","BRD-A12417644-001-07-6","Higher MPCDS = greater resistance",41,0.00612817033771087,0.00467789625760587,0.197850755167055,0.873439252662257
"VALNEMULIN (BRD:BRD-K33813875-003-01-8)",42,42,0.06074522511626,-0.359857385949275,0.0192432293879476,0.477762936528353,"VALNEMULIN","BRD-K33813875-003-01-8","Higher MPCDS = greater sensitivity",42,-0.0229896005671745,0.0090237535481849,0.0147917464857956,0.855343068908636
"VALRUBICIN (BRD:BRD-K72951360-001-01-4)",43,43,0.0738711360503239,-0.0730897009966777,0.641371519431221,0.951396615235329,"VALRUBICIN","BRD-K72951360-001-01-4","Higher MPCDS = greater sensitivity",43,0.00456164040821984,0.0118051388599628,0.701190150338892,0.981236357395638
"VANDETANIB (BRD:BRD-K77625799-001-07-7)",49,47,0.0809798286912727,0.0148994796163134,0.919066645929305,0.993691679377351,"VANDETANIB","BRD-K77625799-001-07-7","Higher MPCDS = greater resistance",49,-0.00288746620861874,0.0121211231554452,0.812747787916469,0.990273286572071
"VANOXERINE (BRD:BRD-K32501161-300-06-2)",45,45,0.0285991841924696,-0.152437417654809,0.317473431050955,0.846595816135879,"VANOXERINE","BRD-K32501161-300-06-2","Higher MPCDS = greater sensitivity",45,-0.00611453822668929,0.00443758959422872,0.175364162467841,0.868867569310976
"VATALANIB (BRD:BRD-K70163715-300-05-7)",44,44,0.0558206904711218,-0.250317124735729,0.101250057034778,0.698790433469257,"VATALANIB","BRD-K70163715-300-05-7","Higher MPCDS = greater sensitivity",44,-0.0146755848411454,0.00864246317870448,0.0968912012330579,0.855343068908636
"VE 821 (BRD:BRD-K26756394-001-02-2)",41,38,0.0426522340446494,0.14553378287874,0.363931439598082,0.87736999914943,"VE 821","BRD-K26756394-001-02-2","Higher MPCDS = greater resistance",41,0.00550580209617121,0.00680969061255481,0.423693518698905,0.938640046288849
"VELBAN (BRD:BRD-K06519765-065-01-6)",45,45,0.139695297075269,-0.0158102766798419,0.917899149766434,0.993691679377351,"VELBAN","BRD-K06519765-065-01-6","Higher MPCDS = greater sensitivity",45,0.0147348629629715,0.0220348922628672,0.50725733749384,0.959898800581071
"VEMURAFENIB (BRD:BRD-K56343971-001-14-8)",47,32,0.037128617517171,-0.260373180896473,0.0771293695423975,0.653331130241485,"VEMURAFENIB","BRD-K56343971-001-14-8","Higher MPCDS = greater sensitivity",47,-0.0092607294178638,0.00532675295343749,0.0889557050679918,0.855343068908636
"VENETOCLAX (BRD:BRD-K62391742-001-09-7)",49,43,0.0436290483565771,-0.11782149804835,0.420085274236275,0.902550713812925,"VENETOCLAX","BRD-K62391742-001-09-7","Higher MPCDS = greater sensitivity",49,-0.00764235654495147,0.00664850586967951,0.256171998830234,0.923042513060167
"VER-49009 (BRD:BRD-K38548312-001-01-0)",43,43,0.0444656609855011,-0.341739655693144,0.0249028525263481,0.497764718062008,"VER-49009","BRD-K38548312-001-01-0","Higher MPCDS = greater sensitivity",43,-0.0118520714168843,0.00694391052925591,0.0954179624989646,0.855343068908636
"VERUBULIN (BRD:BRD-K42673188-001-01-1)",45,45,0.147691564026857,0.0782608695652174,0.609350022916809,0.943141955314152,"VERUBULIN","BRD-K42673188-001-01-1","Higher MPCDS = greater resistance",45,0.0250817000399572,0.0231025121622099,0.283674235600016,0.926120965655263
"VIDARABINE (BRD:BRD-K72093121-001-16-3)",44,39,0.0246694201132671,-0.063644430244384,0.681488791668949,0.95899383859975,"VIDARABINE","BRD-K72093121-001-16-3","Higher MPCDS = greater sensitivity",44,-0.000366483629882109,0.00394521673538474,0.926430148469677,0.991567094778153
"VINCAMINE (BRD:BRD-K89704198-001-12-3)",44,44,0.0490056913789832,-0.250176180408739,0.10144880823764,0.698790433469257,"VINCAMINE","BRD-K89704198-001-12-3","Higher MPCDS = greater sensitivity",44,-0.0113230453215807,0.00760772948005874,0.144126423451041,0.855343068908636
"VINCRISTINE (BRD:BRD-K12251893-065-04-7)",45,45,0.226243514206926,0.0677206851119894,0.658483003351782,0.952023619303781,"VINCRISTINE","BRD-K12251893-065-04-7","Higher MPCDS = greater resistance",45,0.0390036621750936,0.0353751201866266,0.276345401613295,0.926120965655263
"VINDESINE (BRD:BRD-K59753975-001-02-6)",45,45,0.133178129124639,0.0430830039525692,0.778704829647875,0.984817233088154,"VINDESINE","BRD-K59753975-001-02-6","Higher MPCDS = greater resistance",45,0.0165971565533276,0.0209636097158881,0.43287405165764,0.938640046288849
"VINFLUNINE (BRD:BRD-K64120610-001-01-4)",45,45,0.114600444199172,0.094729907773386,0.535929647690223,0.931366670797781,"VINFLUNINE","BRD-K64120610-001-01-4","Higher MPCDS = greater resistance",45,0.0185684652900369,0.0179482940622461,0.306661089445124,0.926120965655263
"VISMODEGIB (BRD:BRD-K44827188-001-06-0)",47,38,0.0485802541307132,-0.169578152377574,0.254477713291161,0.820464845078843,"VISMODEGIB","BRD-K44827188-001-06-0","Higher MPCDS = greater sensitivity",47,-0.00838960717932765,0.00699068909642446,0.236376089930083,0.908693763565661
"VISTUSERTIB (BRD:BRD-K99113996-001-02-0)",50,50,0.077741588108274,-0.00629051620648259,0.965417734604168,0.998144120500538,"VISTUSERTIB","BRD-K99113996-001-02-0","Higher MPCDS = greater sensitivity",50,0.00186315826450668,0.0112178087236303,0.868784285733634,0.991567094778153
"VLX-600 (BRD:BRD-K89053832-001-01-0)",45,42,0.102774968498705,-0.250477773069151,0.0970057679672917,0.698790433469257,"VLX-600","BRD-K89053832-001-01-0","Higher MPCDS = greater sensitivity",45,-0.0243637048355989,0.015866101262333,0.131966974910394,0.855343068908636
"VOLASERTIB (BRD:BRD-K69776681-001-03-8)",50,50,0.130812010783649,-0.117983193277311,0.41448758716608,0.900517117121468,"VOLASERTIB","BRD-K69776681-001-03-8","Higher MPCDS = greater sensitivity",50,-0.00967735759868845,0.0188293492735679,0.609644508946717,0.962021628449171
"VORELOXIN (BRD:BRD-K23677682-003-01-2)",42,42,0.0915782010155176,-0.124868325095211,0.430750197643842,0.906842521355457,"VORELOXIN","BRD-K23677682-003-01-2","Higher MPCDS = greater sensitivity",42,0.00533368328220986,0.0146420151562123,0.717573188366815,0.986518863295841
"VS-4718 (BRD:BRD-K09877029-001-01-2)",43,43,0.0609924813246501,-0.126396858954998,0.419284616508889,0.902550713812925,"VS-4718","BRD-K09877029-001-01-2","Higher MPCDS = greater sensitivity",43,-0.00144426017711021,0.00976241442903718,0.88311461038904,0.991567094778153
"VTP-27999 (BRD:BRD-K81694556-003-01-9)",35,35,0.0624440341148227,0.0305322128851541,0.861777929786326,0.985785202498155,"VTP-27999","BRD-K81694556-003-01-9","Higher MPCDS = greater resistance",35,0.000472109478544895,0.0106797648134435,0.965006629568901,0.992580507822158
"VU0238429 (BRD:BRD-K24187789-001-01-7)",42,42,0.0715518008006494,-0.111093104286525,0.48367082137419,0.931366670797781,"VU0238429","BRD-K24187789-001-01-7","Higher MPCDS = greater sensitivity",42,-0.00161856813800555,0.0114561882528329,0.88835529141498,0.991567094778153
"VU0361737 (BRD:BRD-K45462423-001-03-7)",39,36,0.0388749024191195,-0.126481028871147,0.442924618638462,0.916749263539391,"VU0361737","BRD-K45462423-001-03-7","Higher MPCDS = greater sensitivity",39,-0.00367903446140978,0.00625778858058623,0.560162248194025,0.960295085661133
"VU0364770 (BRD:BRD-K66527818-001-02-6)",43,43,0.0548435424981866,-0.086529749320447,0.581133300590088,0.939293015189809,"VU0364770","BRD-K66527818-001-02-6","Higher MPCDS = greater sensitivity",43,-0.00308140912422295,0.00885053989448568,0.729500927650172,0.986518863295841
"VX 702 (BRD:BRD-K07736136-001-04-6)",45,37,0.0230257436806886,-0.202117993502686,0.183029597453068,0.778462525709525,"VX 702","BRD-K07736136-001-04-6","Higher MPCDS = greater sensitivity",45,-0.00474384906771668,0.00357841693340196,0.191944533836023,0.873439252662257
"VX-745 (BRD:BRD-K91900765-001-07-6)",49,46,0.0429866426118201,0.025312580563784,0.862933242651426,0.985785202498155,"VX-745","BRD-K91900765-001-07-6","Higher MPCDS = greater resistance",49,0.00206736396627692,0.00621542955193647,0.740901686175699,0.986518863295841
"VX-765 (BRD:BRD-K26712974-001-01-5)",45,45,0.0481612326134736,-0.245191040843215,0.10450496485041,0.698790433469257,"VX-765","BRD-K26712974-001-01-5","Higher MPCDS = greater sensitivity",45,-0.0124662757278073,0.00739569625571283,0.0991151609879863,0.855343068908636
"WARFARIN (BRD:BRD-A24514565-001-09-7)",39,34,0.040646826772599,-0.567098484640602,0.000166986579279287,0.189316524898786,"WARFARIN","BRD-A24514565-001-09-7","Higher MPCDS = greater sensitivity",39,-0.017950766546431,0.00589292936616832,0.00425769642469341,0.556888073118234
"WAY-170523 (BRD:BRD-K36198571-001-02-0)",44,44,0.0643335143965033,0.200704721634954,0.191438017408218,0.795823844474086,"WAY-170523","BRD-K36198571-001-02-0","Higher MPCDS = greater resistance",44,0.00984065902981603,0.0100900227917482,0.335002475388253,0.927471102831342
"WAY-600 (BRD:BRD-K85920262-001-02-1)",45,45,0.0434762235296744,0.214229249011858,0.157620347825359,0.773567804894853,"WAY-600","BRD-K85920262-001-02-1","Higher MPCDS = greater resistance",45,0.00896871268174922,0.00675625642014155,0.191358948261322,0.873439252662257
"WHI-P154 (BRD:BRD-K07487750-001-03-3)",43,43,0.0469865976206841,-0.322712171549381,0.0348029677765938,0.55881405574588,"WHI-P154","BRD-K07487750-001-03-3","Higher MPCDS = greater sensitivity",43,-0.0142444601799419,0.00718619234446836,0.0541865474947524,0.855343068908636
"WP1066 (BRD:BRD-K05445342-001-05-3)",44,44,0.0399167643856965,-0.0787878787878788,0.611196860363261,0.943141955314152,"WP1066","BRD-K05445342-001-05-3","Higher MPCDS = greater sensitivity",44,-0.00184644596106046,0.00638239897723591,0.773772975674405,0.986518863295841
"WP1130 (BRD:BRD-K43644456-001-04-0)",43,43,0.0360225677750112,0.21232256115977,0.17165383551244,0.778462525709525,"WP1130","BRD-K43644456-001-04-0","Higher MPCDS = greater resistance",43,0.00919234363999881,0.00564205815656535,0.110919846138953,0.855343068908636
"WYE-125132 (BRD:BRD-A45498368-001-07-1)",43,43,0.0697249583748074,-0.147236484445787,0.346094084169384,0.868219080471793,"WYE-125132","BRD-A45498368-001-07-1","Higher MPCDS = greater sensitivity",43,-0.00586841510552348,0.0111254213262819,0.600704684434857,0.960295085661133
"WYE-354 (BRD:BRD-K77008974-001-03-2)",43,43,0.0562577843437071,-0.0428873452129266,0.784799652002836,0.985785202498155,"WYE-354","BRD-K77008974-001-03-2","Higher MPCDS = greater sensitivity",43,0.00157319121299395,0.0089382689582677,0.861155498582796,0.990502452946434
"WZ-3146 (BRD:BRD-K73293050-001-03-1)",42,42,0.0544923883218737,-0.030224455068471,0.849302189165595,0.985785202498155,"WZ-3146","BRD-K73293050-001-03-1","Higher MPCDS = greater sensitivity",42,-0.00203934354379381,0.00866611252113748,0.815157972452152,0.990273286572071
"WZ-4002 (BRD:BRD-K72420232-001-12-3)",42,40,0.0773958674906351,-0.117756707925027,0.457657437044319,0.922634801445087,"WZ-4002","BRD-K72420232-001-12-3","Higher MPCDS = greater sensitivity",42,-0.0112762884938378,0.0122660733691626,0.363445747006533,0.928385419996185
"WZ8040 (BRD:BRD-K81728688-001-04-4)",45,45,0.0931075597460747,-0.144137022397892,0.34484424016753,0.868219080471793,"WZ8040","BRD-K81728688-001-04-4","Higher MPCDS = greater sensitivity",45,-0.0214489176563687,0.0143955936620876,0.143532819821981,0.855343068908636
"XANOMELINE (BRD:BRD-K72815923-034-01-2)",42,42,0.0477560777511445,0.189854955027956,0.228489505152715,0.814418038168095,"XANOMELINE","BRD-K72815923-034-01-2","Higher MPCDS = greater resistance",42,0.00578168827318713,0.00766615691000389,0.455156257781176,0.940351522532128
"XBD173 (BRD:BRD-K45875383-001-01-2)",39,33,0.0538371173073102,-0.200163211965608,0.221798678525899,0.806540649185087,"XBD173","BRD-K45875383-001-01-2","Higher MPCDS = greater sensitivity",39,-0.00063456573630305,0.00910099529867166,0.944788129926962,0.991567094778153
"XILOBAM (BRD:BRD-K79633074-001-01-8)",41,41,0.0420801019020803,-0.166724738675958,0.297477083105128,0.841997266116938,"XILOBAM","BRD-K79633074-001-01-8","Higher MPCDS = greater sensitivity",41,-0.0101750843201208,0.00667820488228133,0.135670815584256,0.855343068908636
"XL-647 (BRD:BRD-K03765900-001-01-9)",50,50,0.136223211087483,-0.0699639855942377,0.629238068862309,0.947806296194272,"XL-647","BRD-K03765900-001-01-9","Higher MPCDS = greater sensitivity",50,-0.0121330671944499,0.0195839815067059,0.538490282248107,0.960295085661133
"XL388 (BRD:BRD-K03549949-001-01-0)",41,41,0.0644119596865367,-0.102090592334495,0.525333351360719,0.931366670797781,"XL388","BRD-K03549949-001-01-0","Higher MPCDS = greater sensitivity",41,-0.00563671942808334,0.0104833749050457,0.593851890341297,0.960295085661133
"XL888 (BRD:BRD-A03506276-001-01-5)",42,42,0.049177443724328,0.0577748966858439,0.716284929962434,0.96366499509342,"XL888","BRD-A03506276-001-01-5","Higher MPCDS = greater resistance",42,0.0011620420610463,0.00787364163089386,0.883410659881334,0.991567094778153
"XYLAZINE (BRD:BRD-K21565985-001-22-5)",37,5,0.00896783750546805,0.0558476879225378,0.742681099168846,0.968566411729104,"XYLAZINE","BRD-K21565985-001-22-5","Higher MPCDS = greater resistance",37,0.000978234798500514,0.00148792310310394,0.515192427227552,0.960295085661133
"Y-27632 (BRD:BRD-K44084986-300-08-4)",37,37,0.057302738385196,0.100521574205785,0.553874032467654,0.931366670797781,"Y-27632","BRD-K44084986-300-08-4","Higher MPCDS = greater resistance",37,-0.00490344463237963,0.00963727140819198,0.614084951436435,0.962021628449171
"Y-320 (BRD:BRD-K96259238-001-01-4)",40,29,0.0479392155104889,0.154240749065243,0.341973071239598,0.8673140628608,"Y-320","BRD-K96259238-001-01-4","Higher MPCDS = greater resistance",40,0.0139941117874934,0.0074369515387541,0.0675532176452547,0.855343068908636
"Y-39983 (BRD:BRD-K56751279-300-01-4)",37,28,0.0339956966180269,0.268283868868623,0.108387137574688,0.703051703187163,"Y-39983","BRD-K56751279-300-01-4","Higher MPCDS = greater resistance",37,0.00419104179351773,0.00556379494885859,0.456324888476959,0.940515614270612
"YM 201636 (BRD:BRD-K48488978-001-05-3)",42,42,0.0501636505266566,-0.155173810874321,0.32646810952034,0.857872404578997,"YM 201636","BRD-K48488978-001-05-3","Higher MPCDS = greater sensitivity",42,-0.00067688809277107,0.00803301355025279,0.933267426018388,0.991567094778153
"YM-976 (BRD:BRD-K12932420-001-02-3)",41,38,0.0324200759493321,-0.0689324684174151,0.668474013489356,0.956861410958919,"YM-976","BRD-K12932420-001-02-3","Higher MPCDS = greater sensitivity",41,-0.00122645521397502,0.00524355060360079,0.816287771639617,0.990273286572071
"ZALDARIDE (BRD:BRD-A26032986-050-02-1)",44,42,0.0407783828980282,-0.309698339699491,0.0407793214331645,0.581408147165909,"ZALDARIDE","BRD-A26032986-050-02-1","Higher MPCDS = greater sensitivity",44,-0.0118344073960326,0.00626599357437452,0.0658546885353825,0.855343068908636
"ZALEPLON (BRD:BRD-K92657060-001-05-7)",42,40,0.047348145763656,0.00251235921932268,0.987401455523344,0.998144120500538,"ZALEPLON","BRD-K92657060-001-05-7","Higher MPCDS = greater resistance",42,-3.81333175894438e-06,0.0076377520941984,0.999604118672881,0.999604118672881
"ZARDAVERINE (BRD:BRD-K37561857-001-15-5)",43,43,0.0523864797445752,0.240712775596497,0.119967765784126,0.740216669875986,"ZARDAVERINE","BRD-K37561857-001-15-5","Higher MPCDS = greater resistance",43,0.0086118252905951,0.00827864399549558,0.304321422194244,0.926120965655263
"ZD-4054 (BRD:BRD-K31553034-001-03-0)",49,48,0.0500050967532109,-0.00326538942426214,0.982234422087561,0.998144120500538,"ZD-4054","BRD-K31553034-001-03-0","Higher MPCDS = greater sensitivity",49,0.00291267872215315,0.00722625237432744,0.688725163353261,0.980004185008593
"ZIPRASIDONE (BRD:BRD-K29582115-066-01-2)",43,37,0.0292091423966663,-0.112137055546522,0.474036652469338,0.931366670797781,"ZIPRASIDONE","BRD-K29582115-066-01-2","Higher MPCDS = greater sensitivity",43,-0.00142568880582553,0.00467900707835837,0.762136759514686,0.986518863295841
"ZK-811752 (BRD:BRD-K91825936-001-01-2)",44,44,0.0366437020109088,-0.0443974630021142,0.774753737074327,0.982947472587692,"ZK-811752","BRD-K91825936-001-01-2","Higher MPCDS = greater sensitivity",44,0.000521418413284328,0.00583616895476733,0.929234339734412,0.991567094778153
"ZK-93423 (BRD:BRD-K33882852-003-02-8)",45,45,0.0514057104670638,-0.14163372859025,0.353375494540785,0.872183003566554,"ZK-93423","BRD-K33882852-003-02-8","Higher MPCDS = greater sensitivity",45,-0.00702093033763872,0.00807992184892084,0.389706795280077,0.928385419996185
"ZK-93426 (BRD:BRD-K68392338-003-02-0)",42,41,0.0444138214366828,-0.299258539202728,0.0541959569337443,0.59431981338697,"ZK-93426","BRD-K68392338-003-02-0","Higher MPCDS = greater sensitivity",42,-0.0107668144434461,0.00692661416783441,0.127963518623578,0.855343068908636
"ZLN005 (BRD:BRD-K73073971-001-01-7)",42,34,0.0387247426392617,-0.183130595327847,0.245701065394624,0.819442538885837,"ZLN005","BRD-K73073971-001-01-7","Higher MPCDS = greater sensitivity",42,-0.00527062549088237,0.00610618583657503,0.393194716229191,0.928385419996185
"ZM 447439 (BRD:BRD-K72703948-001-10-1)",43,43,0.0518486661069522,-0.0961945031712474,0.539461376549054,0.931366670797781,"ZM 447439","BRD-K72703948-001-10-1","Higher MPCDS = greater sensitivity",43,0.00153968673045976,0.00823734832298282,0.852648885271391,0.990502452946434
"ZM-306416 (BRD:BRD-K41337261-001-03-0)",42,41,0.0751996567029884,-0.0188809205616668,0.90552880477375,0.993691679377351,"ZM-306416","BRD-K41337261-001-03-0","Higher MPCDS = greater sensitivity",42,-0.00499994562812664,0.0125232779246444,0.691831162785734,0.98034928902558
"ZOLANTIDINE (BRD:BRD-K08996725-332-01-7)",28,26,0.0434347714508459,NA,NA,NA,"ZOLANTIDINE","BRD-K08996725-332-01-7","Not tested",28,NA,NA,NA,NA
"ZOLMITRIPTAN (BRD:BRD-K54314721-001-10-2)",42,40,0.0375763077678898,0.100089149543984,0.528260772857761,0.931366670797781,"ZOLMITRIPTAN","BRD-K54314721-001-10-2","Higher MPCDS = greater resistance",42,0.00454843228231106,0.00597473193815204,0.450956038673135,0.940351522532128
"SIROLIMUS (BRD:BRD-K84937637-001-09-9)",44,44,0.139921953743748,0.195207892882311,0.204140386040144,0.802684493900804,"SIROLIMUS","BRD-K84937637-001-09-9","Higher MPCDS = greater resistance",44,0.0368767963288108,0.0215485742289159,0.0943964007179153,0.855343068908636
"TEMSIROLIMUS (BRD:BRD-K42898655-001-01-8)",50,50,0.142465201210286,0.281920768307323,0.0473121028740255,0.588939538351176,"TEMSIROLIMUS","BRD-K42898655-001-01-8","Higher MPCDS = greater resistance",50,0.0403916590980858,0.0197193049611242,0.0460180647542985,0.855343068908636
