"ID","ProjectID","B_cells_naive_CIBERSORT","B_cells_memory_CIBERSORT","Plasma_cells_CIBERSORT","T_cells_CD8_CIBERSORT","T_cells_CD4_naive_CIBERSORT","T_cells_CD4_memory_resting_CIBERSORT","T_cells_CD4_memory_activated_CIBERSORT","T_cells_follicular_helper_CIBERSORT","T_cells_regulatory_(Tregs)_CIBERSORT","T_cells_gamma_delta_CIBERSORT","NK_cells_resting_CIBERSORT","NK_cells_activated_CIBERSORT","Monocytes_CIBERSORT","Macrophages_M0_CIBERSORT","Macrophages_M1_CIBERSORT","Macrophages_M2_CIBERSORT","Dendritic_cells_resting_CIBERSORT","Dendritic_cells_activated_CIBERSORT","Mast_cells_resting_CIBERSORT","Mast_cells_activated_CIBERSORT","Eosinophils_CIBERSORT","Neutrophils_CIBERSORT","P-value_CIBERSORT","Correlation_CIBERSORT","RMSE_CIBERSORT"
"TCGA-69-A59K","TCGA-LUAD",0.0253555138392597,0,0.295383896095403,0.133326440123873,0,0.032384190296254,0.0703055815885345,0.024215127685525,0.00920671701216214,0,0,0.00952398991780514,0.00700903143181018,0.0339274266040578,0.0721646103630929,0.149615267315421,0.089559916308259,0,0.0406634315238222,0,0,0.00735885989472005,0.04,0.151235691907416,1.00729077021113
"TCGA-99-8032","TCGA-LUAD",0.0292710985459497,0,0.344587765719667,0.0670044686283438,0,0.143744126769189,0,0,0.0948660255853569,0,0,0.0349581315067338,0.00248518122157874,0.108326479133281,0.0224872280246199,0.0711384087725316,0.0137903884512392,0.0160763557633739,0.0385899927531382,0,0,0.0126743491249978,0,0.373452174321731,0.928229015351095
"TCGA-95-7562","TCGA-LUAD",0.0197393273174309,0,0.0423578300106243,0.0412054237923609,0,0.109939694531984,0.0418084961843087,0.00232201584790527,0.0683714285088645,0,0.0269789441701976,0,0,0.230999310909732,0.130586787877142,0.22847581931254,0.0107188546296875,0.000877411737119073,0.0424316557441021,0,0,0.00318699942600041,0,0.479666040648716,0.876610236260495
"TCGA-91-6848","TCGA-LUAD",0.0142723819286733,0,0.0861571225108337,0.0448107933011153,0,0.262703238487623,0.0590053882660781,0,0,0,0.0102471841929275,0.0227888142762251,0.0328548534886601,0.15238231234464,0.137127463451848,0.146398500842961,0.0236152034031238,0,0,0,0,0.00763674350529056,0,0.336472038188212,0.947409630728767
"TCGA-97-7546","TCGA-LUAD",0.0282099521363761,0,0.0192614350450948,0.0796986981178679,0,0.310411008830906,0.0136586351333048,0,0.00974147433957029,0,0,0.0137003161885498,0.0479929691238703,0.0375421463633803,0.0595836633471125,0.12311497092503,0.0736610139668739,0.0424720477073587,0.128893874244353,0,0,0.0120577945303517,0,0.346908460370958,0.938940010069598
"TCGA-49-AARQ","TCGA-LUAD",0.0827369422892109,0,0.074179496069765,0.132815893569159,0,0.0735637466758549,0.0119253646780561,0.0770562362308463,0.0263047484257906,0,0,0.0246243452451081,0.00215521699367955,0.0859143187081906,0.266456768885943,0.08214769394205,0.00112555999044081,0,0.0589936682959047,0,0,0,0,0.354576863471983,0.954511467553987
"TCGA-55-8616","TCGA-LUAD",0.0996923400697407,0,0,0.0548120610236335,0,0.284671340793664,0.000575840743929165,0,0.138499749396318,0,0,0,0.0118386208729561,0.0664945894609745,0.069945248314409,0.141456718787234,0.0244368811494528,0,0.107576609387688,0,0,0,0.01,0.235096553154394,0.989504827207072
"TCGA-64-1681","TCGA-LUAD",0.0284718579783639,0,0.0463916890081284,0.0186208710459733,0,0.190052383867023,0,0.00909977907197129,0.047513990938859,0,0.00539915037648213,0.000371722803899751,0.013099265140477,0.0715312159790969,0.140970097843425,0.0690038067341308,0.208377695847705,0.0416670884631752,0.0899339296259971,0,0,0.0194954552752924,0,0.446065491683135,0.894187238103861
"TCGA-MP-A4T6","TCGA-LUAD",0.0512791509434572,0,0.0278833437839689,0.0399034730736616,0,0.173967758542694,0,0.0335421239318361,0.114432448892283,0,0,0.00769944027087145,0.000669494450158646,0.288220403375623,0.0780532456228824,0.0857205188148087,0.0151717194828333,0.0189054162195063,0.0643085849784131,0,0,0.000242877617002244,0,0.37845058520216,0.928455282618841
"TCGA-78-7156","TCGA-LUAD",0.0721401411183371,0,0.063983682357353,0.120703851352726,0,0.160528998901121,0,0.0489779671080763,0,0.0706684450716951,0,0.0284980123276082,0.00917176302415946,0.0106436258018753,0.148714833776367,0.128703361426416,0.0131367392580342,0.00583048030447293,0.118298098171758,0,0,0,0.11,0.0931289300350972,1.05718870666385
"TCGA-97-A4M1","TCGA-LUAD",0.0149985368167393,0,0,0.0743802747378705,0,0.116496548134862,0,0.0108264120759421,0.00378397026644655,0,0,0.0499744033433996,0.0696706701665236,0.0721166861822433,0.0226015517775091,0.289130461657336,0.0445512492943978,0.010047440705439,0.220665475767907,0,0,0.000756319073384261,0,0.346172601332806,0.942140644754171
"TCGA-55-A4DF","TCGA-LUAD",0.0411710265238473,0,0.0364923204396361,0.113535873723668,0,0.125832271305135,0.0623713065871087,0.0437099288717975,0.0446627221018757,0,0.0170549039158111,0,0.000806666015557946,0.185982454408228,0.190945889108648,0.0464925801935797,0.0359322651453532,0,0.0550097916597536,0,0,0,0,0.404363499206283,0.917178771001736
"TCGA-93-A4JN","TCGA-LUAD",0.0787989065659896,0,0.146475315095671,0.0442761645934916,0,0.125932215506061,0,0.0288833649256009,0.0488025445592191,0,0,0.0326644306300892,0.0271513469787533,0.104421535458728,0.0398234221728528,0.127000532232154,0,0.037724549161895,0.153038614626705,0,0,0.00500705749278998,0,0.327182589581113,0.945116887765823
"TCGA-78-7633","TCGA-LUAD",0.0385048694599645,0,0.00298606953338079,0.0421775749736456,0,0.258935789170605,0,0.0582071249135382,0,0,0,0.0471789622836665,0.0499368808968174,0.0401724522474153,0.0190147183463155,0.24516744833229,0.0165685050605844,0.110246400842248,0.0680805392372954,0,0,0.00282266470223321,0.19,0.0682862379598837,1.0568380274947
"TCGA-05-4426","TCGA-LUAD",0.0224724937580075,0,0,0.0586134556198482,0,0.189254047446855,0,0.00112377856164489,0.0727879501453737,0,0,0.0370241413488775,0.047607832190984,0.249015136878789,0.036757920926125,0.184423235692856,0.0185530066830075,0,0.0437365319499827,0,0.00399797347054043,0.0346324953271087,0.01,0.266534600358749,0.984094858360772
"TCGA-97-A4M5","TCGA-LUAD",0.013302908055258,0.0123289187047953,0,0.0424624994172458,0,0.179852215121753,0,0.0109882453078753,0.00744510775376711,0,0.0623655087503631,0.0116244502612856,0.0145971336865019,0.155731592975898,0.0570253851585905,0.259978958746637,0.00847837041060374,0.0190042864703481,0.134703579083543,0,0,0.0101108400955347,0,0.382441696625188,0.925043265651253
"TCGA-91-6830","TCGA-LUAD",0.0466684329940665,0,0.0532687026922063,0.0882561496450091,0,0.174811585149043,0.0315290060749292,0,0,0,0.0195161890455611,0.00856315726380413,0,0.181953831696208,0.121855827693107,0.151679853622716,0.00623837913665883,0,0.0742729144532005,0,0.00715460864648264,0.0342313618870081,0,0.343344409674935,0.943090215357131
"TCGA-78-7163","TCGA-LUAD",0.0530648831848098,0,0.15530744202508,0.296044753702812,0,0.226270255211973,0.000567068300744432,0.0210385088382958,0.00923112798787242,0.0208622070687473,0,0.0222228523916835,0.00144941941132606,0.0259603189897884,0.0394362507147162,0.0525280157619707,0.0107481787852468,0.0255977205226098,0.0363337356766969,0,0,0.00333726142562616,0.11,0.0922454643873961,1.0659788236439
"TCGA-49-4512","TCGA-LUAD",0.00418427072753183,0.0261307916530799,0,0.0195421240666049,0,0.0199444025630312,0,0,0.102252516559936,0.004424082308717,0,0,0.0383448987175293,0.189438951844696,0.0373108742081245,0.359250865270615,0.0366911651679658,0.0502460777484427,0.112238979163726,0,0,0,0,0.461022618648497,0.887467351487294
"TCGA-86-8073","TCGA-LUAD",0.015563129510517,0,0.00790711848599152,0.0229773549819729,0,0.198484074579515,0,0.0559053153957549,0.00411231155836108,0,0,0.0194776484155033,0.144885054351042,0.085744941325593,0.0827835458319909,0.298459248459922,0,0.00193736314074676,0.0608701437689506,0,0,0.000892750194139758,0,0.317090150867569,0.956065658822399
"TCGA-71-6725","TCGA-LUAD",0,0.0135407454147091,0.0683528388214431,0.00017463998173968,0,0.0339815583328001,0,0.0193179232044518,0.011543719206063,0,0,0.0185321540412193,0.164682205075637,0.0689527402918555,0.0216515085678805,0.341652089585433,0.056689779324966,0.0992780531344512,0.0311986019999673,0,0.0439153193974743,0.00653612361990895,0.03,0.156179805589816,1.0349979187796
"TCGA-05-5425","TCGA-LUAD",0.0234958441229982,0,0.0687268836291616,0.206954047339329,0,0.0627602610565253,0.04557092606909,0.0194911618282225,0.00815336449394801,0.0121888428910383,0,0.0163327530009972,0,0.0726429301541921,0.144863373497168,0.20283912022014,0.0167401048330464,0.0176326299072001,0.0413223204838514,0,0,0.0402854364730917,0,0.416751499454413,0.908785949339067
"TCGA-78-7146","TCGA-LUAD",0.0065108855461329,0,0,0.162481348444195,0,0.152622875581022,0.101753728935227,0.0158969688186393,0,0,0,0.0223965782686358,0.0435350332366697,0.166506358565132,0.0694830416268366,0.0698821358874414,0.0629362808455347,0.112019504212875,0.0110587327363363,0,0,0.00291652729532197,0.02,0.194866902295186,1.01399571915969
"TCGA-62-A471","TCGA-LUAD",0.0190767650912954,0,0.104544982815228,0.0915835059508834,0,0.0707395518279382,0.0417013212581328,0.0455270603698346,0.0036599750602054,0,0.00370049349071885,0.168296881527447,0,0.249391467886284,0.0469870878350198,0,0,0.0563680408618965,0.0808585947963205,0,0,0.0175642712287951,0.03,0.166174116745354,1.03365299480839
"TCGA-91-6828","TCGA-LUAD",0.00399933778174108,0,0.0881621865061168,0.0736819295670828,0,0.260334996586868,0.0130760951547517,0.0138838257456681,0,0,0,0.0479256801621891,0.026914323423804,0,0.0692007465522361,0.255079156562795,0.0875862011099441,0,0.0333757315931675,0,0,0.026779789253635,0,0.41068950653545,0.910973917005036
"TCGA-49-AAR3","TCGA-LUAD",0.0239025604956581,0,0.0554665953944171,0.178157604557454,0,0.00996124383216567,0.106361057728101,0.0387239683106617,0.0285144921957296,0,0,0.0557861386865408,0,0.168418533630591,0.10521282484295,0.140327911816517,0.0361041544751253,0,0.0413044185254158,0,0.0055026382022033,0.00625585730646982,0,0.416769107428699,0.908343601608878
"TCGA-44-6777","TCGA-LUAD",0.000508004332733663,0.00105863524291047,0.0706233258304172,0.0414935980532547,0,0.0851428495856907,0.00616187835900361,0.0190153016095333,0.027242345933853,0,0,0.0369423208598751,0.0162507870037962,0.112710028296739,0.0639536759339259,0.2990890823222,0.108116230540404,0.00660052250826068,0.0843354918724568,0,0,0.0207559217149462,0,0.546398276296528,0.844473798229686
"TCGA-38-6178","TCGA-LUAD",0.0190118318732829,0,0.0906713802912764,0.0472366137045572,0,0.197468014361247,0.00054328530133558,0.0294198975609191,0.0180076037899275,0,0.00822122957770575,0.00418800543275953,0.0162705561470428,0.0623648991401592,0.0764343239925925,0.192361819782737,0.0239385944481115,0.0509879324181038,0.159076557265755,0,0,0.00379745491248713,0.01,0.277245528111872,0.966844605789296
"TCGA-78-7147","TCGA-LUAD",0.0171750415028259,0,0,0.0349729841954098,0,0.146045653544676,0,0.0648337106999883,0.0662305874916722,0.00592838564066567,0,0.0624529119781993,0.0135703929008894,0.0519631786025115,0.223095575735645,0.0838910766647896,0.056628360533135,0.0218807794652883,0.151331361044304,0,0,0,0,0.411399852042874,0.917137602784794
"TCGA-62-A46V","TCGA-LUAD",0.0380722372518439,0,0.0169429362762787,0.00215870726907359,0,0.197491693071259,0,0.00866544964960825,0,0,0,0.028804738090045,0.0500764592538704,0.052041662625104,0,0.22274709550671,0.145283779840655,0.131137229544935,0.106578011620618,0,0,0,0,0.309699059658938,0.955846797803586
"TCGA-50-8457","TCGA-LUAD",0,0.0555395511273729,0.238943585009201,0.119304399765241,0,0.150553799602663,0.00442859971900141,0.0286128475516951,0.0498091097509507,0,0,0.00912081361903654,0.0353628222109364,0.0190576017255543,0.059377812598256,0.0985013494692079,0.0472751493190518,0.00137362492055098,0.0827389336112806,0,0,0,0,0.413391993897432,0.912487429851456
"TCGA-99-7458","TCGA-LUAD",0,0.0167001171971912,0.00898445270281266,0.122156569613995,0,0.211148985871035,0.00461154533106416,0.0615538923702221,0.0409688785988028,0,0,0.051182163849953,0.00125467091145196,0.0688900844512927,0.0610995382096112,0.115182002614766,0.117803024252369,0.0369909529665444,0.0754492566414398,0,0,0.00602386441744909,0,0.371854469203192,0.929045776068528
"TCGA-J2-A4AG","TCGA-LUAD",0.0389727521746188,0.0806072121421087,0.0420285415104254,0.0819581713024217,0,0.206523985599449,0.0517118939983971,0.0114725266273695,0.0477724419790979,0,0,0.0279378944614062,0.0206616593268901,0.0244059519042535,0.0362871912240305,0.105832342057925,0.12814168949262,0.0466805306356244,0.0377706821554479,0,0,0.011234533407915,0.01,0.277542202322955,0.965717819186731
"TCGA-J2-8192","TCGA-LUAD",0.00933410101211747,0,0,0.0536635782022193,0,0.249273858536484,0,0,0.0111986821522066,0,0,0.0271909869547623,0.0134497429703182,0.207388760443711,0.0338127583825366,0.183619597741785,0.0931467894326551,0.0268608400272552,0.0810000999977971,0,0,0.0100602041461524,0,0.500730133438819,0.866308420611354
"TCGA-97-A4M7","TCGA-LUAD",0.0541272733310676,0,0.0247675968087625,0.0720214071870644,0,0.191688826645593,0,0.069594461348536,0.0507626230138593,0,0,0.0389783403737344,0.0294791739849029,0.0161187188651046,0.061164193968387,0.0983054790491337,0.137007800343788,0.0341398956943166,0.100662143033138,0,0,0.0211820663526125,0,0.41804683281641,0.90790622787015
"TCGA-97-8179","TCGA-LUAD",0.0213467650896689,0,0.00949794743984612,0.0460461216280517,0,0.100481644681043,0,0.0851819947941093,0.0233166319054443,0,0,0.0476723324703476,0.046105146634548,0.121032883082024,0.0543903390456096,0.17160739244242,0.154572964393348,0.0149583613137813,0.0725860898807558,0,0.0240115463103955,0.00719183888860641,0.03,0.171098117452962,1.01349045573371
"TCGA-97-A4M6","TCGA-LUAD",0.0183432079410243,0.0296706742099381,0.0045449102095731,0.0412799292971207,0,0.225195962831757,0,0.0434799756380687,0.0598093505361463,0,0,0.0369930685229123,0.0283715595389805,0.090076982276076,0.0968241603347265,0.130618972920453,0.0822028689543909,0.0221214095031389,0.0745011465281634,0,0,0.01596582075753,0,0.384481275166348,0.922783424448551
"TCGA-97-8172","TCGA-LUAD",0.0588120990592014,0.0777419585695737,0.00383832753511234,0.0821533013511155,0,0.250506869579136,0.00662958871669561,0,0.0636146921234009,0,0,0.0104847482048638,0.0179017626774766,0.0655718296221143,0.023482674845146,0.155149696111413,0.0396699144080763,0.0176917570016918,0.124104067758972,0,0,0.00264671243601103,0,0.467585967270762,0.885908864227591
"TCGA-44-3917","TCGA-LUAD",0.0374255731655193,0,0.143036565077561,0.0687849799554529,0,0,0.168764895617173,0.0056965960214324,0,0.0394227381193432,0.00419629792753608,0.0159818094020583,0.0011083352189574,0,0.0766411029564604,0.255165537356869,0.0969110930192857,0,0.0479278817576815,0,0.0146454087092427,0.0242911856954275,0,0.379227182138064,0.924782351375748
"TCGA-05-4398","TCGA-LUAD",0,0,0.140046708761049,0.0437224710147562,0,0.0965798324468733,0.004797293949747,0.0357108095572391,0.00926499052719311,0,0.00448496073116637,0.00496851774820233,0.0371518683686653,0.0976757492057274,0.121741199170404,0.255862594091756,0.122294360680255,0,0,0.0187385869250622,0.000400374476725152,0.00655968234517817,0,0.472599541282147,0.88116298116602
"TCGA-55-8089","TCGA-LUAD",0.0132027754624246,0,0.0217338275031512,0.245128227287834,0,0,0.0562139215780355,0.0226742854315101,0.00215703217469668,0.00981316717582767,0.0510824223982034,0.031869296095838,0,0.115046552237225,0.193499228599957,0.140790302161531,0.0115814290722406,0.00875267420134032,0.0764548586201853,0,0,0,0,0.607013259124841,0.799162358705203
"TCGA-78-7150","TCGA-LUAD",0.101243637415562,0,0.0829586504269482,0.0488468622902812,0,0.117644540347749,0.0272439791626052,0.0666659389167388,0.0255809441185291,0,0,0.0586733712891978,0,0.214178211839632,0.072637332307941,0.0855156478480374,0,0.0672870120454161,0.0281463124006337,0,0,0.0033775595907284,0.03,0.172548740165515,1.01612163373885
"TCGA-MP-A4TJ","TCGA-LUAD",0.0115802459807279,0.0094875043825194,0.0560718990562314,0.15751664897476,0,0.157639657804669,0.0866186281000807,0.0678356387519992,0.0197350465839074,0,0,0.0295925242771355,0,0.125095021233964,0.099722322980059,0.0865666353751181,0.0303920330638286,0.00206145321912083,0.0502285212748883,0,0,0.00985621894099041,0,0.463945951921967,0.885712064999928
"TCGA-62-A46S","TCGA-LUAD",0.0128131538205001,0,0.218580964836893,0.0153947173373661,0,0.293771881828648,0,0.00546947350220142,0.0064143491986289,0,0,0.0446576994256901,0.0289128901953167,0.0031160921577566,0.0819498104995479,0.181212516110281,0.046785348565157,0.0112583581274007,0.0436309475434703,0,0.0020618011446262,0.00396999570651615,0.02,0.217758076521674,0.988283863100108
"TCGA-91-6836","TCGA-LUAD",0.00345041043354869,0,0.116023349752192,0.122799684148896,0,0.147265337000257,0.101080444077152,0.0366547688155685,0,0,0,0.0271538977922836,0.0141270833925145,0.140618628309375,0.036764258997769,0.116046532285398,0.0507373190129176,0.0403763363602618,0,0.0182139977499863,0,0.0286879518718806,0.08,0.119722039914098,1.02992931816505
"TCGA-44-3398","TCGA-LUAD",0,0.0100666388749204,0.0830547609625038,0.00125664010302424,0,0.146912461174804,0.0159708965452796,0,0,0,0.00875230636514318,0.0194812360750893,0.0148754992006995,0.0149887093859849,0.0275954970509845,0.0812776187824051,0.37528829703798,0.0404925006334303,0.104777930692008,0,0.0409225489356171,0.0142864581801258,0.03,0.171369680098566,1.01542743368864
"TCGA-78-7220","TCGA-LUAD",0.110032394120309,0,0.0192258425501848,0.206740562955571,0,0.0525291014585806,0.081266484658141,0.0967156073200235,0,0.00234459113304133,0,0.0137408299898051,0,0.142856819903661,0.0776129555364574,0.0985604802834281,0.0394137311095083,0,0.0484060413450612,0,0.00726766575856174,0.00328689187766633,0.03,0.160625540277652,1.01883835482586
"TCGA-55-A4DG","TCGA-LUAD",0.0791309375492714,0.0369072063977665,0.148783969205255,0.142026635808888,0,0.23647052747705,0.0208826039429559,0.0170039241123255,0,0,0,0,0.00600242066711076,0.0636330479108288,0.0709373903005377,0.121945763867735,0,0.0107640544062774,0.0386605053678573,0,0,0.00685101298614141,0.01,0.261323204153138,0.973980654875355
"TCGA-50-8459","TCGA-LUAD",0.00292914617766272,0.0271922574642162,0.0333768281930447,0.0643069815621041,0,0.131715190167523,0.0194712762403346,0,0.0356418516435366,0,0.000350188160164229,0,0.0729076235342972,0.13999037288972,0.0261645388569972,0.231700713685015,0.120600797331236,0.00641425691109232,0.0753575366820713,0,0,0.0118804405009848,0,0.493163135112934,0.872528459927637
"TCGA-MP-A4T7","TCGA-LUAD",0.00833583722552549,0.00723225709600553,0.0317641248579385,0.0725715606949722,0,0.134330784524435,0.0026643018201002,0.094258819575092,0.0360511239042943,0,0.0101187386416932,0.0315787159119649,0.0251425762544235,0.0823566588092368,0.0194401285324104,0.207252043996174,0,0.178991353649672,0.0421908876334139,0,0,0.0157200868726491,0.01,0.282924460059354,0.969517744967179
"TCGA-44-A4SU","TCGA-LUAD",0.00592474905270574,0.0318754870083072,0.282290910887514,0,0,0.142370586899667,0,0.0799143992098326,0.0321129782449537,0.000731299414928748,0,0.0402251665494081,0.00233095431656841,0.118862997648351,0.120653391698965,0.0074817318725532,0.0795656566553723,0,0.0556596905408734,0,0,0,0,0.378652738628655,0.925220770635837
"TCGA-67-3770","TCGA-LUAD",0.0239661041126145,0,0.0202652963396731,0.0195171014686626,0,0.225304351506439,0.0222704686906182,0.0326346192711032,0,0.0381836839814583,0,0.0207196919888918,0.000484206121642272,0.0123650273704848,0.0539205180341807,0.267913925698099,0.0479274244304191,0.0599865353455665,0.137886655450048,0,0,0.0166543901900984,0,0.406468336956652,0.912819560681805
"TCGA-67-6217","TCGA-LUAD",0.0678942861307163,0,0.107384051540599,0.0494958360845453,0,0.192413387017449,0.0133953661182809,0,0.0377944203535239,0,0,0.011200167837764,0.0132261677193069,0.0186042147824619,0.0778733393435731,0.122153875321165,0.150182937678779,0.0206881179512026,0.117572576163043,0,0,0.000121255957590348,0,0.354498233295094,0.934503359810191
"TCGA-55-7907","TCGA-LUAD",0.0581343127026552,0,0.0568648787370297,0.107404140464528,0,0.156284282333847,0.0189186265467349,0.0508795123788594,0.0275988421589219,0.0534098735780873,0,0.000941487578473517,0,0.133852248059498,0.123053538254745,0.149454946916284,0.023208196812033,0,0.0290339604348323,0,0,0.0109611530434711,0,0.475466269584054,0.87964679954304
"TCGA-44-3396","TCGA-LUAD",0.0203101411997003,0,0.122450462983232,0.0423066431820048,0,0.155529673305508,0.0279857436760077,0.00627987341634166,0.00696478053042803,0,0.0373863043857336,0,0.00433523066063042,0.199884785142365,0.114327571612798,0.158555391813838,0.0360396266096285,0,0.00130796389284081,0.0248802073733897,0,0.041455600215552,0,0.449039184471415,0.892716320348951
"TCGA-05-4403","TCGA-LUAD",0.00687641174463557,0,0.0382842815017801,0.00927639246190707,0,0.0837142974926854,0,0.00765462365532087,0.00939763744112859,0.00250992994955944,0,0.03675135556672,0.0194573049902637,0.300326544379093,0.0856756254882069,0.226525682208261,0.0387493323941297,0,0.128772015226726,0,0.00602856549958258,0,0,0.384780839605774,0.930979933891199
"TCGA-97-7547","TCGA-LUAD",0.0920661394957403,0,0.153314276629741,0.0467672358774095,0,0.125897081314621,0.00563368588413357,0.0195320514234544,0.0579073071545787,0,0.00174189510033091,0,0.0365798308342038,0.130890363959923,0.0492813740581407,0.161136810915673,0.0152666130461246,0,0.103985334305927,0,0,0,0.01,0.289497697022122,0.959831598305569
"TCGA-97-A4M0","TCGA-LUAD",0,0.0173029462535352,0.00215315976146208,0.148903853216865,0,0.21356998431469,0.00780157410285401,0.0155141158839208,0.0751085855932468,0,0,0.0598646936913607,0.0388388172420054,0.00213813440986082,0.0733068802959343,0.104189452839709,0.110799175369489,0.0314972622439139,0.0888609585391436,0,0,0.010150406242009,0,0.357292877613763,0.936431891316609
"TCGA-55-7815","TCGA-LUAD",0.05493964105965,0,0.00420152565598618,0.00389146628265127,0,0.261002925979914,0.0948130507179593,0,0,0.0570907149944024,0,0,0,0.0835036863704705,0.0495573269945307,0.182807297187994,0.126596098404559,0.028392922381398,0.0460156490705133,0,0,0.00718769489997157,0.02,0.216828858521754,0.993015760322278
"TCGA-62-8397","TCGA-LUAD",0.00488831536342004,0,0.0581754310042565,0.0312271378748239,0,0.204567383392647,0,0.0051938163804684,0.026304868100066,0,0.00130053592446543,0.0129161485468378,0.127846983668567,0.018135064842807,0,0.144696727734073,0.185129610881234,0.0216851296108987,0.157932846675436,0,0,0,0.01,0.236389750606694,0.983128924482414
"TCGA-62-A46U","TCGA-LUAD",0,0,0,0.0552854019241539,0,0.12907366975829,0.047048791004635,0.0273437453320499,0.0256171978196888,0,0,0.00960043642229354,0,0.414181285301892,0.117248286921499,0.102211614039486,0.0270332455678754,0,0.0272498166272258,0,0,0.0181065092809106,0,0.601853403189557,0.798907203652171
"TCGA-55-7914","TCGA-LUAD",0.0252301015569811,0,0.220439076545271,0.134025817505516,0,0.157946763553125,0.0432692723247613,0.000296095374921038,0.0431609423127645,0.0318205513711496,0,0.00911208657854986,0,0.042422097032651,0.122485392295846,0.102898203613948,0,0,0.066893599934516,0,0,0,0,0.376079639369246,0.926317615200409
"TCGA-97-A4LX","TCGA-LUAD",0.0664613510696862,0,0.075530311552343,0.0822724949024708,0,0.119932647765081,0.019463022811752,0.0443711867460201,0.0450932914170939,0,0,0.0429152083553108,0.0127628833824375,0.0479865405611276,0.134419042682252,0.146161091288878,0.0728187804816956,0.00894853385791919,0.0784207310363762,0,0,0.00244288208955607,0,0.545512039280842,0.84807858859218
"TCGA-50-5930","TCGA-LUAD",0.0151753781861486,0,0.188146909450927,0.0600373312933641,0,0.108973083976554,0.0773022617078986,0.0279730550597089,0,0,0.0150077688135026,0,0,0.25054132173434,0.0891874830963563,0.1379316158975,0.00922464954545105,0,0.0157639626096834,0,0,0.00473517862856603,0,0.4157071518028,0.909328018627231
"TCGA-L9-A5IP","TCGA-LUAD",0,0,0.186321117627617,0.125853897121313,0,0,0.115619915389125,0.0660327580476568,0.0422427558538405,0,0,0.0854344956628112,0,0.174731148628003,0.0399522566085438,0.00510007027217328,0.00104089604635789,0.0126642538561569,0.0662367469522773,0,0.0281919043681771,0.0505777835659472,0.04,0.147866191117932,1.01938903066482
"TCGA-69-8253","TCGA-LUAD",0.00424730908054056,0.0329020562004552,0.215873080005364,0.0400998240612018,0,0.195809469514335,0,0.022889721797319,0,0,0,0.05604171693444,0.00620927650194601,0.0747860529663237,0,0.0759550567421364,0.0968051905935515,0.0970680951764843,0.0541057688373622,0,0,0.027207381588541,0.05,0.14248480672433,1.01219311379305
"TCGA-50-5055","TCGA-LUAD",0.155192553702858,0.0217834855822711,0.0797144842382491,0.131933842554814,0,0.0657736413053275,0.0321322910444551,0.0394852612044682,0.0769610254014425,0,0,0,0.00195883177350779,0.136253061147318,0.056436234037715,0.0672797021553837,0.0820534778084145,0.019421225588268,0.032260910863222,0,0,0.00135997159228565,0,0.311334306858681,0.952587183274229
"TCGA-95-A4VK","TCGA-LUAD",0.104878858386479,0.027303032860292,0.0651076244373684,0.123461278089023,0,0.177208179528061,0.021273858418762,0.0703265027437728,0.0433390612173897,0,0,0.0439516043496469,0,0.0989834155455659,0.0849630213047068,0.0579068558877828,0,0.0240707232593683,0.0572259839717816,0,0,0,0.01,0.286258824713523,0.967455456722738
"TCGA-NJ-A55O","TCGA-LUAD",0.00158292004041743,0.0194813147563072,0,0.0307826818266797,0,0.225328904617789,0,0.035499471597492,0.0245649877063323,0,0,0.0288556852780372,0.00236575473069019,0.0902997992627667,0.0913611368608366,0.328123328578138,0.0281150799990468,0.00907000448159205,0.0796834298273318,0,0,0.00488550043654227,0,0.345170891572716,0.943590119959475
"TCGA-55-8506","TCGA-LUAD",0.0147923476592913,0,0.067060773144523,0.0439785713795028,0,0.0887467912551853,0.0673037950472402,0.0281608548819471,0.00153194282280398,0,0.0156593705741037,0.0124552127972374,0.00623733478391825,0.329454929871932,0.0629394960707057,0.210571204476977,0.00125263166254607,0,0.0455852487161029,0,0,0.00426949485598329,0,0.446026584792418,0.895976305011755
"TCGA-55-8090","TCGA-LUAD",0,0.0109884612290149,0.0485529285467768,0.0207643441775274,0,0.250697452490161,0.0368282700522713,0.0510566943042917,0.00651332477908275,0,0,0.00665863946788077,0.0570848078902689,0.064077028446973,0.0716677651333375,0.201369013698168,0.116184549266058,0,0.0473281546182748,0,0,0.0102285658999131,0.02,0.209015640734805,0.995336236051725
"TCGA-86-7953","TCGA-LUAD",0.0103057004042398,0,0,0.0466600045695444,0,0.2878879915679,0.0485684218700702,0.0436950562660792,0.0443569572679898,0,0,0.0254071274416869,0.0675585860947019,0.109310101616726,0.056276616338935,0.156056243778387,0.0370863845267239,0.0372225575485856,0,0.00176911025170503,0,0.0278391404567243,0,0.351588892645675,0.939250618366326
"TCGA-05-4249","TCGA-LUAD",0.00515831363360691,0.017292901537106,0.0470856650620227,0.0169272850464782,0,0.0977025871489612,0,0.0340080797363062,0.0324067547773369,0,0,0.0244875744140864,0.00887498821953198,0,0.0375326713799522,0.158465590818426,0.344985237657701,0.0101599573440082,0.135529489828226,0,0,0.0293829033962502,0,0.485030693775072,0.876163299609221
"TCGA-55-7576","TCGA-LUAD",0.0175277650918635,0,0.0112118789068187,0.135418457254028,0,0.0732055147743076,0.047661827013229,0.0229540579978979,0.0561899663532187,0,0,0.0253760022752428,0.0455026432527087,0.115211666038258,0.083161159063938,0.173446045237551,0.0828206174835646,0.0243107565090374,0.082002060915003,0,0,0.00399958183333315,0,0.346261247386783,0.939625581167811
"TCGA-MP-A4SW","TCGA-LUAD",0.0251541181540801,0.0225146979707906,0.110931946972726,0.0700297582518689,0,0.152467631131237,0,0.031517194007815,0.0822373790411465,0,0,0.0370627612369275,0.0148427387712451,0.0957750324644878,0.0298867154885256,0.206048791214903,0.0388370153502492,0.0257986622812308,0.0476472880792723,0,0,0.0092482695834941,0,0.407307236027671,0.913023038371841
"TCGA-55-8505","TCGA-LUAD",0.0492025256498724,0,0.135356506432854,0,0,0.123547440070176,0,0,0.0813001038480027,0,0.00561389263434736,0.00593163093483187,0,0.371499315038219,0.0317331517208137,0.150452570107391,0,0,0.0243923126458484,0.00894110456334817,0,0.0120294463542943,0,0.38155850852577,0.931289162927235
"TCGA-50-6592","TCGA-LUAD",0.0762130955877603,0,0.0701402417890779,0.124113690342592,0,0.117073814536896,0.0572575130716973,0.0242801656699721,0,0,0.0362395740202447,0.0491518881910991,0,0.19695223528097,0.0794775097002085,0.128368282092169,0,0,0.0286825241135493,0,0,0.0120494656037634,0,0.39260594827786,0.919802604832652
"TCGA-55-8511","TCGA-LUAD",0.0308832991329133,0,0.0681239779723618,0.0871142160677643,0,0.165864387726053,0.0511882292338705,0.0443576568398701,0.0132299782532342,0,0,0.0571301957194955,0.0133483752270127,0.10548535626781,0.138484426679767,0.135525912776447,0.010423610596629,0,0.0722571891606944,0,0,0.00658318834607668,0,0.436855836522232,0.89863342786997
"TCGA-69-7978","TCGA-LUAD",0.0165440567316687,0,0.0858858883846806,0.102420940081657,0,0.209349199410912,0.0417564598545732,0.0143811750096069,0.0190319524360876,0,0,0.0339833250357538,0.00858758822767568,0.0492371361708428,0.110328728438672,0.130643623579472,0.113243190207148,0,0.0538156638295007,0,0,0.0107910726017485,0,0.455215273299103,0.890945749895251
"TCGA-50-6595","TCGA-LUAD",0.0116380783220216,0,0.0250636010797634,0.0430858007998649,0,0.125820630562665,0.0200181084492425,0,0.011995031108761,0,0.0192267242817536,0.0422966591818431,0,0.237574685241977,0.186899855906343,0.202583896892005,0,0.0416992171358965,0.0228337170777742,0,0,0.00926399396008938,0,0.56728898894564,0.823000720624763
"TCGA-86-A4JF","TCGA-LUAD",0.01365035523696,0,0.109505384695284,0,0,0.10073652884206,0.016172751108023,0.0630004854728761,0,0.0249194142122042,0,0.104916095583868,0.0135663023576196,0.111882112485003,0.109332327108006,0.141805361080222,0.0278930197738597,0.0294333145362798,0.124170411005823,0,0,0.00901613650191126,0.01,0.284109585524144,0.967679326613116
"TCGA-62-8402","TCGA-LUAD",0.01446955597984,0,0.0139895568431582,0.0203938114036528,0,0.0872784354408015,0.0836275667475414,0.028661517540518,0.0361804479196068,0.0312626090695946,0,0.0558767484890132,0,0.209450532010322,0.258116084172914,0.0611270693331893,0.0154274555794736,0,0.076697902415093,0,0,0.00744070705528231,0,0.647927939488976,0.765256844483597
"TCGA-44-7667","TCGA-LUAD",0.00385350494648261,0,0.121120154222168,0.0249016879420773,0,0.0732673200278775,0.0330110249453535,0,0.00416365263998217,0,0,0.080984410533799,0,0.403289156476522,0.0756214590177505,0.164594583937388,0.00388996251669743,0,0,0.00351854309366491,0,0.00778453970023738,0,0.396393487906012,0.930328780274243
"TCGA-44-8117","TCGA-LUAD",0.0530971435667583,0,0.0354055762694036,0.0261686205214234,0,0.172232088454162,0.0165464096321493,0.0470171124297208,0.0137604150079666,0,0,0.0149991009180048,0,0.314570837161096,0.0794618721250408,0.176917963127223,0,0,0.0466463859358748,0,0,0.00317647485117667,0,0.504790659856072,0.862794098434781
"TCGA-95-A4VN","TCGA-LUAD",0.0124177332169231,0,0.000559082088645329,0.175432372038495,0,0.1140529920781,0.0583090019677175,0.0657223331813055,0.013064868974001,0,0.0104999635020798,0.0223594122219149,0.00110687638631607,0.115798645916325,0.113140162127956,0.179878359655869,0.0411303818518385,0.0123202064328501,0.0498743785874871,0,0,0.0143332297721762,0,0.492203352349642,0.870644430001764
"TCGA-97-8547","TCGA-LUAD",0.00536143668038262,0,0,0,0,0.098332789011423,0,0.0305777809877467,0.0637277876693304,0,0.0182767354940891,0,0,0.485437285936496,0,0.164666265328913,0.0133364819564614,0.0914614532811033,0.0288219836540549,0,0,0,0,0.450796658782849,0.906915397658162
"TCGA-50-6673","TCGA-LUAD",0.0512210628340796,0,0.151767628585515,0.0154867900963108,0,0.205616477616194,0.0104709003867704,0.0376746052944602,0.0243876054657896,0,0,0.0166908496140711,0.00503723418892982,0.15073785595136,0.0340598734122723,0.168925222459178,0.0382133210450806,0.0601547328969607,0.0130165589009598,0.00021544452581588,0,0.0163238367262517,0.01,0.264635879484468,0.972093928483373
"TCGA-80-5607","TCGA-LUAD",0.0208679623890088,0,0.0377018276250105,0.114052284774003,0,0.166732527021645,0,0.0520043733824092,0,0,0,0.0692305083959106,0.0189779160073217,0,0.140050396406011,0.155488191892616,0.0910514826854417,0.0142073555881798,0.119635173832442,0,0,0,0.02,0.203089052195758,1.00705154756187
"TCGA-49-4514","TCGA-LUAD",0.0605653810565592,0,0.0776431426964941,0.221114585507246,0,0.0323159704899524,0.0685934466867739,0.0566110998773013,0.0604573202164034,0,0,0.0524264820100563,0.00660532829208641,0.0681978711970367,0.0982534861009818,0.0926504933699215,0,0.0531303221951809,0.0514350703040067,0,0,0,0.01,0.291822010038519,0.966279639350224
"TCGA-78-8660","TCGA-LUAD",0.0305720536568648,0,0.0715138740982307,0.112181016737522,0,0.145980306568533,0.0444403476816658,0.0513123456037494,0.0256617732253315,0.0318930979826499,0,0.0552104307666293,0,0.116459042485221,0.0933107300317814,0.143105294687221,0.0258724520733916,0,0.0489176994181168,0,0,0.00356953498309101,0,0.348293564774444,0.93961593204743
"TCGA-91-8496","TCGA-LUAD",0.000538168142629484,0.000533563623974757,0,0.0502770209478902,0,0.0965054394898482,0.000204372371567985,0.00375998803745563,0.00256116651895335,0,0,0.0288113837632386,0.0725531632849565,0.117163710271885,0.0110999754930611,0.299404602808702,0.116879853204979,0.00182475159121515,0.151156011245892,0,0.0186806769471016,0.0280461522566494,0,0.446295143961754,0.894419145866522
"TCGA-55-6986","TCGA-LUAD",0.0175599970653171,0.0270360220522672,0.0272230510337386,0.0603039167084653,0,0.174430301223408,0,0.019411908492411,0.0270854829852656,0,0,0.0133996303977229,0.0119885145008937,0,0.019918930580113,0.341884219848434,0.115979181890179,0.0244349537895244,0.110454952688563,0,0,0.00888893674369801,0,0.370977240236267,0.928882110316434
"TCGA-4B-A93V","TCGA-LUAD",0.0340728439546161,0,0.189470894071635,0.0742172030498057,0,0.0404283519187527,0.0341331023278391,0.033009290259226,0.0645197160477708,0,0.00939875370842547,0.0479797490005164,0,0.358311752544441,0.0391452091956615,0.0585868175860011,0,0,0.0167263163353087,0,0,0,0.02,0.206679080037273,1.01057364985189
"TCGA-NJ-A4YI","TCGA-LUAD",0,0.00264887945934129,0.0150180654476905,0.020302942512076,0,0.106392329978399,0,0.0320455697885968,0.0308243440177468,0,0.0222477704440868,0.00731582346781521,0.127436887914389,0.152732112274648,0.0163020727872604,0.246498850553468,0.121466211578298,0.00786280773661304,0.0517812927417963,0,0.0198839315159853,0.0192401077817899,0.01,0.245842111837121,0.990684605344417
"TCGA-86-6851","TCGA-LUAD",0.00972283168066434,0,0.158546925763064,0.145995281545442,0,0.0846248738291895,0.0548331826194872,0.05610284728217,0.0569469076545184,0,0.052096961598964,0.0180442190454231,0.00051778540007761,0.0837981710659363,0.0961246189831351,0.1183136627673,0.0157308467841504,0,0.0486008839804784,0,0,0,0,0.504188298028377,0.868849810419762
"TCGA-38-4628","TCGA-LUAD",0.0100731653125229,0,0.0329753466820574,0.0167178094403322,0,0.0336698014940246,0,0.0165098629631389,0.0215687374957459,0,0,0.0158102082429532,0.075183880203674,0.161158851404491,0.00228469997019409,0.40451812996221,0.0969384513979387,0.0230470672045674,0.072996468389493,0,0,0.016547519836657,0,0.376532607187832,0.936598195211633
"TCGA-44-2659","TCGA-LUAD",0.03748050886766,0,0.1193048747799,0.0889483277421455,0,0.257533458130795,0.0174179776563959,0.0460694426502638,0.0633875020115092,0.0193760910803965,0,0.00126392486577182,0.0136497194649684,0.0288524979046592,0.0890528938297288,0.132685064089999,0.0140771782139138,0.015750965199957,0.0533781285351829,0,0,0.00177144497675359,0,0.374765522358055,0.927071832309882
"TCGA-44-A47G","TCGA-LUAD",0.0245774385673124,0.00342703965311072,0.0791272979218152,0.094965741600204,0,0.161978489356743,0.0215962460667508,0,0.0167592353421777,0,0,0.0345148910900634,0.0161326724447063,0.103760874790652,0.0786865970460865,0.169888403997546,0.07834104820359,0.0162688020206054,0.0972062793147552,0,0,0.00276894258388175,0,0.470372397273122,0.885047140179933
"TCGA-73-A9RS","TCGA-LUAD",0.00387350415649986,0,0.210570315108232,0.0240793883837135,0,0.0878395410592356,0.0108335821437904,0.0912981564791713,0.00844753490373348,0.00676290537650778,0,0.0665662063763521,0,0.0300251073547651,0.119380452387089,0.19025777171876,0.00691663605974615,0.00878800950722023,0.127865791547402,0,0,0.0064950974377809,0.04,0.151382418270513,1.01681499541856
"TCGA-55-8091","TCGA-LUAD",0.00458990083495349,0,0.05263089137992,0.0141080375197709,0,0.206947754924096,0.00357054537511642,0,0.0224770631724716,0,0.019067196989614,0.0348958284275277,0.00402638697591839,0.0617314277088761,0.101404574964287,0.155203262857678,0.184563216508949,0.0449452753314218,0.0687066402877729,0,0,0.0211319967416263,0,0.45104751062329,0.892139776681417
"TCGA-73-4676","TCGA-LUAD",0.00836823904550821,0,0.0102973910205983,0.0274380199486326,0,0.110792677204643,0.00600988248297383,0.001855182076403,0.00567057237367285,0,0,0.0102336500813646,0.10454911230578,0.160890542946938,0,0.307083720111917,0.022862336338395,0.0536244191798261,0.149001958667682,0,0,0.0213222962156661,0,0.347430011572433,0.945171771860496
"TCGA-49-4505","TCGA-LUAD",0.0129609782898047,0,0.0672887836764092,0.0885190606500463,0,0.0637082556898423,0.0208617287094112,0.0479210964043731,0.0522908305408713,0,0,0.0720290756401631,0.0189005192398519,0.00846706674270466,0.078486142799796,0.176127572873031,0.11492415774016,0.0371654034275897,0.124533567804612,0,0,0.0158157597713346,0,0.467849563738511,0.886099072236954
"TCGA-44-6775","TCGA-LUAD",0.00134472211602844,0,0.0453185611980012,0.0147416667910486,0,0.0794433759269602,0.00671622514225037,0.00159270933593913,0.0429149164125495,0,0,0.0313391013250831,0.0158094078788565,0.287641695138005,0.031262665813245,0.218893829933916,0.117879670286172,0.0165279458620647,0.067764100596933,0,0.0127778085280239,0.00803159771492331,0,0.546748840068744,0.838270559243417
"TCGA-44-2662","TCGA-LUAD",0.00676064314420169,0,0.0577589963710387,0.00180851962533913,0,0.103268696207459,0.0417002290184658,0,0.00142619127721871,0,0.00910861843422202,0,0.136140419024161,0.317563017675473,0.0395958121190869,0.157203383310169,0.0143123410342758,0,0.038678180793624,0,0.0136043621555347,0.0610705898097307,0.01,0.272694734577606,0.990566202715207
"TCGA-86-8076","TCGA-LUAD",0.000640805008735155,0.0333821488429722,0.0895617159753936,0.225642908412039,0,0.0356301219095396,0.0528454733852667,0.0421168640245322,0.0407780098351421,0,0,0.019782822630961,0,0.184721258450136,0.0700290591126635,0.0671358718685505,0.0721030336056074,0.00133668011706033,0.0501813046082418,0,0,0.0141119222131594,0,0.440791574329781,0.897351988886363
"TCGA-91-6849","TCGA-LUAD",0.0308816480291209,0.0182025854612416,0.161790610972247,0.0982030124606434,0,0,0.0434117480810205,0.0268625580045336,0.0198370995380099,0.027034763288602,0,0,0,0.373383322713789,0.00866806558237418,0.105238580460436,0.0186694204829715,0.0289705152859734,0.0261536362802436,0,0,0.0126924333587938,0,0.365327777329317,0.937718293453334
"TCGA-L9-A743","TCGA-LUAD",0.0319158717061703,0,0.0925352834642943,0.0146174005901903,0,0.225908833410063,0.0625264553418375,0.0428165842731857,0.0209825458412313,0,0.0325497544767906,0,0.00937573897566729,0.0684909754415297,0.0769781428317142,0.124531016156399,0.0683004728719292,0.0786843066985108,0.0297653171325035,0,0,0.0200213007879836,0,0.434956553488977,0.900856763505052
"TCGA-78-7161","TCGA-LUAD",0.000986438374319188,0,0.215710120196159,0,0,0.312592937103978,0,0,0.0717095357923399,0,0,0.0293563982901068,0.00536556629912408,0.140187300099621,0.0587633544601423,0.0429512313987884,0,0.0578931937043574,0.0402916786484025,0,0,0.024192245632661,0.14,0.0830285150609223,1.04394079359764
"TCGA-73-4658","TCGA-LUAD",0.0123478506537792,0,0.00245488806186996,0.0227316030911721,0,0.182461887745926,0.0250685899344433,0.0411723674409861,0.0115082081106427,0,0,0.00289205763997327,0.0156468282691942,0,0.0977597408194651,0.276762285695598,0.259989622845109,0,0.03449951905151,0,0,0.0147045506403309,0,0.490819817357152,0.871361580062085
"TCGA-05-4432","TCGA-LUAD",0.00959064697490113,0,0.148293943160259,0.101817089145759,0,0.127345225953775,0.00945231022679715,0.0340865433458963,0.00967663317306918,0,0,0.0510761253679823,0,0.206271985834052,0.101618506676458,0.132486000229813,0.00803374228175136,0,0.0318447300728606,0,0,0.0284065175566253,0,0.376602585895373,0.927203923052593
"TCGA-99-8025","TCGA-LUAD",0.0196575815993895,0.0141826910785391,0.115519834192787,0.0278062305142572,0,0.173591647737063,0,0.0216384426514747,0.0537100064223956,0,0,0.0183203928408785,0,0.241474167149419,0.0876204930298656,0.18343656788241,0,0.00490883868151258,0.0380491473879804,0,0,8.39588320279763e-05,0.01,0.251340026836175,0.986176541867651
"TCGA-49-AAQV","TCGA-LUAD",0.0558319751939341,0,0.0506823734416821,0.0471696060860005,0,0.173458861045481,0,0.0420114975088349,0.127667195681195,0,0,0.048709267966579,0.00633761600487319,0.27464225028388,0.0643065073358417,0.0722852947478554,0.0182021773059212,0.00273429064589592,0.0153510673755174,0,0,0.000610019376508651,0,0.376435925640705,0.929330287247331
"TCGA-MP-A4T4","TCGA-LUAD",0.0140486216365248,0,0.0825542797368303,0.205865915538651,0,0.0823504674081186,0.0644961109457497,0.0445745090614253,0.0418499221938651,0,0.0129745736527499,0.0115782648373101,0.0036723427941312,0.106317050474142,0.12953727065401,0.124774106347163,0.0217309409913332,0,0.0528694437755398,0,0,0.000806179952456042,0,0.563510987567607,0.835272828562213
"TCGA-49-4486","TCGA-LUAD",0.00863039359251488,0,0.296455762091707,0.0137775530935062,0,0.153704755965374,0,0.0607352974584364,0,0,0,0.0431028730502225,0.00856459995525584,0,0.0890157315359976,0.161629592036689,0.0528917961129405,0.0247356733050091,0.0781305112880534,0,0.00843951772560116,0.0001859427886928,0.08,0.118180749072983,1.02165140685887
"TCGA-NJ-A4YF","TCGA-LUAD",0.0613973164713315,0,0.12156188151266,0.0425470855398181,0,0.0974224022797783,0,0.0512394082101053,0.0169938484689598,0,0.022392934578551,0,0,0.345883915288385,0.0659636418504233,0.129876566252419,0,0,0,0.038157449960477,0,0.00656354958709175,0,0.321567833952685,0.960179369818152
"TCGA-MP-A4T8","TCGA-LUAD",0.0322372464965492,0,0.0731810700918848,0.0272178161500424,0,0,0,0.0353151502958742,0.111225565476892,0,0,0.025633068292433,0,0.408814647467571,0,0.0806597001595252,0,0.1593029521394,0.0464127834298282,0,0,0,0,0.340720972418556,0.958470037997247
"TCGA-69-7973","TCGA-LUAD",0.0460682729576638,0,0.0751402290977528,0.11879462685081,0,0.190989792836617,0.0599433655730163,0,0.0453872160996015,0,0,0.0214279549905372,0.0152920267398735,0.0431245286236684,0.047242577890183,0.158750447978341,0.0254176382349909,0.0289100778417541,0.109247395985887,0,0,0.0142638482993037,0.02,0.195471035470129,0.997293361984882
"TCGA-80-5608","TCGA-LUAD",0,0,0.0556403576988644,0.145800034717743,0,0.201980400585278,0.00734584355362969,0.0159013432630151,0.0576672987636783,0,0.0677521995505979,0.0113023879107845,0.00338083085060799,0.0465216064963785,0.0865774680507067,0.132884309655798,0.0427683506599193,0.0304319742074391,0.0460277599665241,0,0,0.0480178340690364,0.02,0.224721331273645,0.996069039085029
"TCGA-44-7671","TCGA-LUAD",0,0.00826128296967727,0.130610090474846,0.0311433192132362,0,0.120990914761056,0.000555335668415511,0.0468802936476202,0,0,0.00800220270460999,0.0113421907019785,0,0.136568554811552,0.00713297661254048,0.313937401101007,0.0106962618563096,0.0772196894445817,0.0839102188400297,0,0,0.0127492671925401,0.02,0.210517485960716,0.999189562797546
"TCGA-MP-A4T9","TCGA-LUAD",0,0.0173599867685348,0.021747581814449,0.0893854430573094,0,0.170667962242458,0.0190622104727512,0.00636097577067327,0.00149336265035482,0,0.0542292753711925,0,0.048403217441649,0.112734615476187,0.075989786451523,0.20353129875132,0.0590524741960854,0.0203512118893766,0.0914999886201571,0,0,0.00813060902597821,0.01,0.300451730705933,0.959762019767161
"TCGA-49-6742","TCGA-LUAD",0.0217692989962877,0,0.079308282354023,0.0675731630372391,0,0.110521014089846,0,0.0525821362323431,0,0,0,0.0848645221084302,0.0297165621039377,0.06209955755254,0.0336545510365232,0.260323098403873,0,0.0821227377480494,0.106320542829764,0,0,0.00914453350714366,0.02,0.18856603589092,1.00459831806564
"TCGA-78-7540","TCGA-LUAD",0,0.0289126948675817,0,0.0223940526995631,0,0.101625724172768,0,0.0127996966171631,0.0431536625959458,0,0,0.0883040060388844,0,0.232022298841722,0.00660404789117228,0.313142251137459,0.0697682602542809,0.0169320322076571,0.0640693100330731,0,0,0.000271962642729942,0.03,0.171226568858378,1.03858689486749
"TCGA-05-5423","TCGA-LUAD",0.0280279772991001,0,0.0272308994075339,0,0,0.174200108899278,0.00758202719003891,0.00213250408947582,0.0221083041549982,0.0264029059497304,0,0.0347670488300291,0.014939582821909,0,0.0199580085480927,0.198243411596131,0.2348358622612,0.0377255252359504,0.0680228972512483,0,0.0850698044452304,0.0187531320200534,0,0.48412904689027,0.878129385645537
"TCGA-78-7536","TCGA-LUAD",0.00591151192980181,0,0.11373115078113,0.035797885022534,0,0.130036496292408,0.0434769698992237,0.0237179531288688,0.00893583449087072,0.00611382562408023,0,0.0891148012064169,0.00407143722481996,0.0654294318830422,0.144737831494674,0.252736074984532,0.0358028314911395,0,0.0261144785433043,0,0.0018864034472539,0.0123850825558993,0,0.367397208602264,0.932892677291109
"TCGA-50-6594","TCGA-LUAD",0,0.003717313285852,0.0573914041708565,0,0,0.0851891052016599,0,0.00862261257256603,0.00303826498315258,0,0,0.0511948478316761,0.0172206455121419,0.192970347451417,0,0.305724134434492,0.117194664312425,0.078316109894644,0.0714794046162507,0,0,0.007941145732867,0.01,0.253423626410998,0.994354656490718
"TCGA-86-8281","TCGA-LUAD",0.0179777812596346,0.0200389940355707,0.179774979122039,0.0481802181034819,0,0.126958376046215,0.00790517341261217,0.0442123995302183,0.058257244702872,0,0,0.0547993488119308,0.00836181323778982,0.0621412457162501,0.0429941012976938,0.128634139829766,0.0921955710934548,0.0199849186888414,0.0764424719157829,0,0.011141223195847,0,0.0600000000000001,0.135515724200581,1.01358712985011
"TCGA-44-3918","TCGA-LUAD",0,0,0.127528027434097,0.0633386083742391,0,0.200914275223371,0.0823849059268148,0.00389267192250598,0,0.00923061191162286,0,0.0456248006934852,0,0.0435847609667103,0.0972147253382956,0.227285660294409,0.0284313181633367,0,0.0607105722835743,0,0,0.00985906146753837,0,0.479531716803967,0.880632393936445
"TCGA-44-6148","TCGA-LUAD",0.0749224612714741,0,0.132768072587629,0.0540851422193275,0,0.0818443289608808,0,0.0320756025271016,0,0,0,0.0251380709356372,0.0663733518797972,0.00560577613752819,0.00701893308327001,0.227636569114442,0.0235423460747551,0.0134363137030946,0.253061909191683,0,0,0.00249112231337999,0,0.384055447606906,0.923260075021758
"TCGA-05-4395","TCGA-LUAD",0.00474629950977145,0,0.00813832325493065,0.052118728547586,0,0.155754531760025,0.0710103316157029,0.067818679058935,0,0,0.0445268643742121,0.0687411576481941,0.0595386540453714,0,0.107962357374782,0.183607463823377,0.0317288953876818,0.0628684078542782,0.0786166576157523,0,0,0.00282264812940066,0.02,0.173541615470015,1.02004306294769
"TCGA-91-A4BD","TCGA-LUAD",0.00999105472432305,0,0.0327776702613548,0.0365495872966548,0,0.117757992743552,0,0.00407439331741045,0.00956052769089184,0,0,0.0654995739448268,0.154330925540361,0.0750450807169418,0.022172699604904,0.240432067836031,0.0139072487073097,0.0484739964811275,0.168508449892003,0,0,0.000918731242308916,0,0.390625794062344,0.920330190391436
"TCGA-55-8087","TCGA-LUAD",0.00617754617022997,0,0.0259075747340132,0.0259032663765601,0,0.121612431913444,0,0.00209034655987293,0.0223420307260274,0,0,0.0328668526559798,0.00932875037720174,0.0239761006730721,0.0188938344496487,0.121154175360151,0.434589706224425,0,0.136562836807042,0,0,0.0185945469723325,0,0.380401994051895,0.928243568587826
"TCGA-55-6543","TCGA-LUAD",0.00510899685149947,0,0.0756329519493883,0.0445218921627466,0,0.120626104089943,0.0135545000308968,0,0.00336542687623344,0.00157687345691955,0,0.00635520964702519,0.051086829914887,0.12674385153854,0.063646763403226,0.366073129512969,0.00643724941338361,0.047277274964219,0.0268764130430552,0,0,0.0411165331450683,0,0.334477115570719,0.951258164503181
"TCGA-MP-A4SY","TCGA-LUAD",0.0245700799983997,0,0.0340836420412406,0.00668818369386387,0,0.131777973364784,0,0,0.0319151215982206,0,0,0.00901415443129923,0,0.313330263687709,0.0430783328136417,0.175199483910673,0.178279527963214,0,0.042913366263425,0,0,0.00914987023353043,0,0.360261242813312,0.945202277698616
"TCGA-55-8097","TCGA-LUAD",0,0.0434703333345381,0.0693720660337035,0.0554895072576142,0,0.229256460968141,0.00384248533313238,0.0232021932756748,0.0479179472312041,0,0,0.0247080860652315,0.0114369750417951,0.0128931329803254,0.0301561780640997,0.145249842881455,0.148560815520408,0.0173419617305965,0.135700213149635,0,0,0.00140180113244682,0,0.340109848823821,0.940613432419801
"TCGA-05-4382","TCGA-LUAD",0.00256106129849093,0,0.126090982334963,0.0117998364242947,0,0.100494624058115,0.0444159793555443,0.00521690527848276,0.0340855179529744,0,0.023112510972958,0,0,0.223932903344952,0.0774293391306105,0.299074457631338,0.0178048631469732,0,0,0.0141565740307838,0,0.0198244450395199,0,0.448037920197732,0.893886243785589
"TCGA-44-8119","TCGA-LUAD",0.0699636715931919,0,0.183981710430708,0,0,0.0265082420098966,0.0557149635454477,0.0243003105312951,0.00686847492343977,0.0305851572207073,0,0.0293746027681044,0,0.284293861401271,0.0587854669711262,0.207284645964904,0,0,0.012432544031785,0,0,0.00990634860812232,0.01,0.295410181569216,0.968785074581268
"TCGA-05-5429","TCGA-LUAD",0.0967419300946557,0,0.164537391246473,0,0,0.352453416506869,0,0,0.0269835504044643,0,0,0.021582920049838,0.0172871180426495,0.0408147364798316,0.0190587779762519,0.154518487878429,0.0534998993963501,0.00904896567098689,0,0.0434728062532015,0,0,0.04,0.143329661657689,1.0179199089239
"TCGA-86-8358","TCGA-LUAD",0.00784035976877078,0,0.165906357429038,0.0130220868226122,0,0.0449630458029006,0,0.0705877137779632,0.0054909671423921,0.023760341847209,0,0.119331179444507,0,0.200518437115397,0.105260363024434,0.194560435171734,0.0236947031982606,0,0.00560637095850355,0,0.0194576384962779,0,0,0.3999767554509,0.917828539627946
"TCGA-55-A48Y","TCGA-LUAD",0.0022183365028097,0,0.184169425902377,0.0541269061570711,0,0.130154922868879,0.00438442164696331,0.0342492170967031,0.0287482005908068,0,0,0.0406548605564511,0,0.296775721986204,0.0678928675106616,0.0966670314833189,0.00182345077968682,0.0144290527076731,0.0151129146672269,0,0,0.028592669543168,0,0.322742457541493,0.954313605693997
"TCGA-93-A4JO","TCGA-LUAD",0.0397401939827714,0,0.0415888298678026,0.0920150228506282,0,0.239419828442,0.00155820845623809,0.0334822228215674,0.0424319481594336,0,0.000234208872006519,0.0176558624950958,0.00857715739593899,0.13920702748781,0.109891356729792,0.166618137585404,0.0217587404258257,0,0.0430544113003354,0,0,0.00276684312735003,0,0.505170577266076,0.864571687634414
"TCGA-55-A494","TCGA-LUAD",0.00494692685054942,0,0.127483844690149,0.1545659950592,0,0.109968856345949,0,0.0673681621061941,0.120488972378945,0,0,0.0645517223277961,0.0147127898718068,0.0373485741296777,0,0.0778552450740768,0.160029490829893,0.0606794203357634,0,0,0,0,0.65,0.0139543177310851,1.07767053814354
"TCGA-64-5781","TCGA-LUAD",0,0,0.133406842550188,0.372847532962485,0,0,0.114242910266123,0.0431679501386064,0.0338410534230998,0.0230809490333008,0,0.0874028069829549,0,0.0690004871322583,0.0369456860480308,0.0400782959081848,0.00927778845208253,0.0237118679874685,0.0070212802491165,0,0.00496864907100801,0.00100589979509387,0,0.38866156706624,0.92826682912373
"TCGA-55-A57B","TCGA-LUAD",0.0112562293643194,0,0,0.0345285849117143,0,0.195740959332426,0.000703882581163391,0.0195362874447185,0.0427530056743324,0,0,0.0447713945134253,0.0675921973759941,0.0268670314290925,0.0177315314974042,0.16135255273109,0.188770295835907,0.0692183037669499,0.100162631538757,0,0.00664322868790053,0.0123718833148067,0.01,0.296650072235889,0.960038514430037
"TCGA-44-7660","TCGA-LUAD",0.0208517629367087,0,0.115186485798299,0.0303420232691736,0,0.0726392620172076,0,0.015359263452675,0.00270915722011028,0,0.0287473344185111,0,0,0.0988668415025596,0.193814048062077,0.359987943901544,0.0452627241362724,0,0,0.015844522823354,0.000388630461508007,0,0,0.340203445110902,0.957577970241549
"TCGA-55-6982","TCGA-LUAD",0.0174810416984285,0,0.156634515661841,0,0.00442554551405265,0.0464745554819783,0,0,0.013001782666714,0.0137322635380319,0,0.00711005395120366,0,0.249235120065682,0.215368206019571,0.190669706703799,0.0537914484995787,0.0203341745610587,0,0,0.00671059552349631,0.00503099011456467,0,0.531144637575014,0.847217706524925
"TCGA-55-6984","TCGA-LUAD",0.0749783999391898,0.0365282945128493,0.130838828317384,0.0705300821676342,0,0.269571567925075,0,0.00875533117009443,0.0704445941715195,0,0,0.0490280837085883,0,0.0535553135077051,0.00234397476754271,0.0550133300915303,0.0463075305751726,0.0544712467325221,0,0.0293831028762543,0,0.0482503195369389,0.02,0.194911368728503,1.00198192062743
"TCGA-67-3772","TCGA-LUAD",0.032970673702737,0,0.196644752214311,0.0588944881701841,0,0.107847961267806,0,0.00436294441627282,0.017510867275881,0,0,0.017265125432449,0.0350382547816345,0.0156078613271137,0.0267748606532127,0.156701462048239,0.218988511886238,0.0375148731853651,0.0643613008891557,0,0,0.00951606274940004,0,0.389398951531042,0.92140731261332
"TCGA-55-7570","TCGA-LUAD",0,0,0.520594642428647,0.0764122506062874,0,0.0505688790076887,0.00347210360671763,0.0369115230031282,0.00231480290173574,0,0,0.0628421277647008,0.00615823476772944,0.0742933063086756,0.0433585329950058,0.0739890222350716,0.034405885262819,0.00321356957774618,0.011465119534047,0,0,0,0.01,0.289230284830958,0.963553743605925
"TCGA-75-5126","TCGA-LUAD",0,0.120286916994384,0,0.0122821780811513,0,0.114193965850552,0.0423759279386876,0,0.0159778246204907,0,0.00707313850628408,0.0122294988746188,0.0151011585774803,0.119956082133837,0.0708160857248289,0.262135661540687,0.0278492177610286,0.0208483850914762,0.0562859948913487,0,0.045120814887429,0.0574671485257162,0,0.371134505514014,0.929382749268292
"TCGA-50-5939","TCGA-LUAD",0,0.0168522782702179,0.159999291211709,0.0185714420239993,0,0.186455456312031,0.0199628420969203,0.0135139998004765,0.00769310981236121,0,0,0.0233573439793033,0.00354915537518056,0.207955616692892,0.0749926744283788,0.20952745271091,0.00700091752459054,0,0,0.0268128847050194,0,0.0237555350560113,0,0.376758627579637,0.92754479350824
"TCGA-49-AAR2","TCGA-LUAD",0.0249418995259166,0,0.327070075951577,0.0885730453052718,0,0,0.0166340482014125,0.0355055216556884,0.07559348648596,0,0,0.102527659600068,0.00455165827927505,0.0965738640809003,0.066350856721966,0.0894120030244902,0.00454092734136823,0,0.0677249538261062,0,0,0,0.01,0.292985163102909,0.959963358181449
"TCGA-95-7567","TCGA-LUAD",0.0074557782482113,0,0.200022228613194,0.0291369779280672,0,0.133783755558339,0.0292887171633543,0.0413223071957758,0.0525396103596823,0,0,0.0533279043354888,0,0.0254409297438124,0.105814742892205,0.252516157998825,0.0392458761263045,0.0301050138367402,0,0,0,0,0,0.341086750700987,0.941517912041279
"TCGA-97-8177","TCGA-LUAD",0.0187469612313323,0.0111283931824104,0.081203842642091,0.075674138646164,0,0.109471992175176,0,0.0281784891916495,0.044935335473177,0,0,0.0237680775273175,0.0264877298785211,0.0661287862293179,0.014804541661137,0.214258253755628,0.164274240451461,0.0311688224685445,0.0514841090271908,0.020270580864318,0,0.0180157055945639,0,0.474291474807508,0.883817243136253
"TCGA-64-5778","TCGA-LUAD",0.0458325839830294,0.00165115659978485,0.0672700117396315,0.26835073409533,0,0,0.0546539296213012,0.0479123607988903,0.0731972109102179,0.0702528817122563,0,0,0,0.067350097958854,0.168344473368678,0.0975544903647467,0.00973220869881466,0,0.0278978601484661,0,0,0,0,0.53896261938405,0.843034387293852
"TCGA-64-5815","TCGA-LUAD",0.0156660930127225,0,0.0247017434100861,0.0264990584409691,0,0.113314405957416,0.020488435064159,0.0202727521808597,0.0286886355791606,0,0.020517947542399,0,0.00107024728677972,0.362708592392145,0.00931988369886895,0.145995579332712,0.04956176347081,0.105879799206069,0.0502253389651748,0,0,0.00508972445966879,0,0.586801327349214,0.812130600822238
"TCGA-44-A47A","TCGA-LUAD",0.0115219432912629,0,0,0.0287501473604542,0,0.0791197104606922,0,0.0376197885128755,0.0768472428750286,0,0,0.0202311827511714,0.00522916578386427,0.152982537470752,0.0122381346836509,0.113027400413749,0.267556898717009,0.115946689952312,0.0756195114856892,0,0,0.00330964624148939,0,0.54076454035727,0.84482034118919
"TCGA-49-AARE","TCGA-LUAD",0.0679625608708196,0,0.10644157006438,0.0479460440301932,0,0.129068075429295,0.00538392080677558,0.0312500360286448,0.0910440711716471,0,0.0209777793425862,0,0,0.24747779561982,0.148139749425739,0.0713932409521815,0,0,0.0329151562579187,0,0,0,0,0.465945382657329,0.884003736306086
"TCGA-86-8075","TCGA-LUAD",0.0350496872348655,0,0.0899715941245552,0.0122009384821563,0,0.119436330713977,0.00451481971912156,0.0209835329998122,0.0198529780583146,0,0,0.00935549702991279,0.0113516419578531,0.107538036687608,0.0630344268398271,0.284180228876485,0.0272383009436671,0.0680843187700367,0,0.0762023304376996,0.0139741241879867,0.0370312129361212,0,0.322198265336315,0.952841634604892
"TCGA-99-8028","TCGA-LUAD",0.0154909190371681,0,0.0542321267086112,0.099494642190627,0,0.190259615816192,0.0815663401005657,0,0.025993734620672,0.0401714934215244,0,0.0289270646686645,0,0.154395141856254,0.103533285703887,0.131439478092763,0.0214289612991729,0,0.041949400502781,0,0,0.0111177959811169,0,0.522126688161783,0.856424641996558
"TCGA-44-6774","TCGA-LUAD",0.00215273896687175,0,0.107454685939645,0.0125476171464522,0,0.160593018275027,0.00741012300579974,0.00158912401424338,0.0256363830192153,0,0.000928951640686525,0.019143448487385,0.0218428156672396,0.249115979123145,0.0584645014455181,0.246509532023868,0.0221932242349121,0.0109070815804106,0.0271825318813948,0,0,0.0263282435481859,0,0.499712179225809,0.866262682748736
"TCGA-05-4405","TCGA-LUAD",0,0,0.174467987944485,0,0,0.126013295314405,0.00909157690060502,0,0.0168471575167542,0.0121312582503854,0.0120891661764512,0,0,0.339245548891463,0.0103286972318924,0.211294734052395,0,0.0131580896781606,0.0747841015040837,0,0,0.000548386538919551,0,0.449556140833944,0.894708757550555
"TCGA-55-6970","TCGA-LUAD",0.0289513440090586,0,0.139202530934243,0.0232990210565564,0,0.112142323259237,0.0181469593123038,0.0440596651943492,0.0139645043804817,0,0,0.0281174820111082,0.0174477573625613,0.0900772740826333,0.084675860335434,0.185583226127835,0.000909200005949539,0.0895743771224459,0.119935236664077,0,0,0.00391323814172636,0,0.462093449540629,0.888809735676951
"TCGA-50-6591","TCGA-LUAD",0.0492507041619112,0,0.0115262451120156,0.0377415383289841,0,0.310460302377838,0,0.0171105795224168,0,0,0,0.0124915419770182,0,0.463569385877443,0.0136028668924098,0,0.0115798473181083,0,0,0.072666988431855,0,0,0.08,0.117371527366709,1.09001268707666
"TCGA-86-8279","TCGA-LUAD",0.00173055433259368,0,0.0386429423024754,0.0266444129868947,0,0.077077895396177,0.0057809845321209,0.0164576380844314,0.0215619796012674,0,0,0.0121285563228542,0.000769560209094491,0.291493516288391,0.0398166856686584,0.174853299746463,0.241718540308326,0.0355810764682408,0.0157423577520122,0,0,0,0,0.322162544478654,0.968851928106794
"TCGA-62-A46Y","TCGA-LUAD",0.0354473541722583,0,0.0398019548258929,0.122271846879627,0,0.0797834458792072,0.00185048163707281,0.0437008692457601,0.0256395640590589,0,0.00693326048310383,0.0157415832082946,0.066265355050942,0.0671633896716839,0.069176236764076,0.236141315156746,0.124797169223878,0.00512522022968368,0.0561302870217233,0,0,0.00403066649099125,0.07,0.124070900282448,1.03058695468551
"TCGA-55-6972","TCGA-LUAD",0.101079471606548,0,0.253582478816151,0.245736774970212,0,0,0,0.0245117362074073,0,0,0,0.0966342425709543,0.0244384704265974,0.0372900572141531,0.0386444101448074,0.0529077068992654,0,0.0314600944849796,0.0896909778791834,0,0.00402357877974205,0,0.45,0.0373270194502591,1.0636441102712
"TCGA-MP-A4TD","TCGA-LUAD",0.0155862360753868,0.0804176809616887,0.155797803084943,0.0385056743689785,0,0.151712654255234,0,0.03877014044639,0.0309126800370312,0,0,0.0227799467254498,0,0.264832781097184,0.0175811093810412,0.139537399201668,0,0.0153612930500569,0.0253815520766489,0,0,0.00282304923829974,0,0.430420097492185,0.902764719604177
"TCGA-86-7713","TCGA-LUAD",0.0365913350556695,0,0.198791053484566,0.0324982067139,0,0.189966608863937,0.0319202216434162,0.0395085355718772,0.0110620469777317,0,0.0134737245261321,0.00524209434363957,0.00692268500969622,0.0923396685332373,0.091739164554802,0.0977780490904375,0.012943460473698,0.0809346396184673,0.0350304125120054,0,0,0.0232580930267873,0.07,0.123324794162144,1.02565120250647
"TCGA-75-6203","TCGA-LUAD",0.0163722166672349,0,0,0.0792490662883061,0,0.117189152303117,0.00279689039163771,0,0.00977607871362392,0,0.0252817705193047,0.0185540635700047,0.00940784157525876,0.168008804670091,0.0246332416755594,0.37685031718846,0.0325275065536305,0.00843525287136562,0.0916417790162929,0,0,0.0192760179961125,0,0.370787774412783,0.934942489237603
"TCGA-50-6597","TCGA-LUAD",0.014110032139782,0.00268334055429294,0.178788777685663,0.0591099771863193,0,0.115315269915716,0.00856789867141849,0.0204774188613716,0.141156312019307,0.0178677297667735,0,0.0399247381626069,0,0.0208703345303309,0.138143297607441,0.0733254636667122,0.0940139047084025,0.0373984515489909,0.0382470529748708,0,0,0,0,0.415516658689445,0.908712357774897
"TCGA-50-5072","TCGA-LUAD",0.0511910424536232,0,0.109780583972034,0.00111599051429388,0,0.18986900432385,0.00237347408396678,0.0218487675414883,0.0234121813905527,0,1.07890597561983e-05,0.0147254276385122,0.00406283060335957,0.187934558096096,0.0770856180398039,0.156654765273555,0.00606549000098803,0.0555843216779118,0.0577123548663666,0,0,0.0405728004638421,0.01,0.299820904174547,0.960328989321935
"TCGA-95-7944","TCGA-LUAD",0.0251850552933343,0,0.00962880986994032,0.268152002190908,0,0.0242910562533971,0.136269421832375,0.0447971752386133,0,0,0.0367924928275773,0.0805710307613672,0,0.0600774206902068,0.113720604987917,0.121251097118104,0.0242221282241123,0,0.0470492723366228,0,0,0.00799243237552442,0,0.491109165559097,0.870306823842819
"TCGA-69-8453","TCGA-LUAD",0.0183131139129412,0.00324049723197048,0,0.0974863606862608,0,0.0230793646894388,0,0.064984723713677,0.028306516929481,0,0,0.0371341561684346,0.00577391593663616,0.337441556103875,0.0840728192811653,0.172201804902139,0.0561919374715316,0,0.058275251065957,0,0,0.0134979819064919,0,0.485163446818314,0.874210162719903
"TCGA-50-5049","TCGA-LUAD",0.0165783929723477,0,0.120705822748781,0.179282385695119,0,0.0656561815385878,0.0288157253475836,0.036727076677189,0.0215318454013358,0.0266230881691455,0,0.0237299489900723,0.00487246253570349,0.188114206901386,0.0808266057034448,0.174793482134997,0.0193545750350449,0,0.0123521347708716,0,0,3.60653783909009e-05,0,0.541736743425849,0.846768101296025
"TCGA-55-8614","TCGA-LUAD",0,0,0.112557005810999,0.0373368765656228,0,0.117399713810863,0.0114022841442316,0.0386625540127646,0.0213170749375659,0.0135229837047994,0,0.0797018940811253,0,0.191649663360944,0.110795871011705,0.112886618160143,0.0313184150218032,0.0126153075079377,0.092187974015479,0,0,0.0166457638540168,0.02,0.199517619173841,1.00617687832179
"TCGA-97-7941","TCGA-LUAD",0.0454169541635533,0.0261452107573096,0,0.0498856279421011,0,0.0950905642777823,0.007030183997337,0.0302583755293227,0.0795751534845747,0,0.0122507495064596,0.0117154383019081,0.017129666440904,0.00983710957906182,0.0502465245343685,0.309025884729438,0.0832698673985399,0.00187835001249959,0.166592207942928,0,0,0.00465213140191124,0,0.389578292489502,0.920388334390509
"TCGA-55-8510","TCGA-LUAD",0.00774087720785163,0.00750367009283858,0.0132448521752926,0.124602753185281,0,0.0785793813744346,0.0348963772637421,0.0263326995899462,0.0547287328254592,0,0,0.0294929452134637,0.0221274488478542,0.105564449426334,0.106714663665836,0.212183719926105,0.0670207500860301,0.00164634825301182,0.0984506382029143,0,0,0.00916969266360414,0,0.511167187122797,0.862831325749939
"TCGA-91-6831","TCGA-LUAD",0,0,0.123623399313175,0.111458721111084,0,0.100196410361125,0.0132183507540439,0.00942549780449697,0.0362189673683539,0,0,0.0313027520073491,0.000489731539872166,0.267900419877103,0.0891649862619666,0.1561400976754,0.0068528583047318,0,0.0271204730706206,0,0,0.0268873345506765,0,0.436789311034954,0.899113461802943
"TCGA-NJ-A4YP","TCGA-LUAD",0.00712703563372394,0,0.0676520977876142,0.105523589226844,0,0.150367960924035,0.00987315925652027,0.0471894266383902,0.00845115113466702,0,0,0.0566189457305996,0,0.179662715832728,0.0519286167640444,0.188563462033847,0,0.0492698895677378,0.0595594503705118,0,0,0.0182124990987374,0.01,0.280698818975084,0.970914399356943
"TCGA-49-AAR0","TCGA-LUAD",0.0547964684181957,0,0.0281189288489696,0.087001501172886,0,0.096426636644443,0.0118074530428633,0.0919874568825858,0.119958783809696,0,0.00239830960962689,0.0150943228149127,0.0207602369507202,0.112202422255275,0.0913376898340855,0.18622614115019,0.0338288979751065,0.000281033291389842,0.0477737172990545,0,0,0,0,0.410052258273541,0.911219526075172
"TCGA-NJ-A55R","TCGA-LUAD",0.0539908224123974,0.0873708285630999,0.190094987894265,0.0342228998930641,0,0.061731093282638,0,0.00952520421325128,0.0806940831969085,0,0,0.0405148425144573,0,0.294433175111758,0.0131023993482254,0.0691754980830758,0,0,0.0651441654868595,0,0,0,0.01,0.262068886645582,0.977266761161051
"TCGA-55-8620","TCGA-LUAD",0.0152789844677807,0,0.232379952906089,0.12004093515518,0,0.0068064591674434,0.0219847681687547,0.0361926462525574,0.00897529221539942,0.00343437780787487,0,0.0523806551532186,0,0.168904808572345,0.111642300018546,0.124547569843786,0.0222276821171476,0,0.0714069942045745,0,0,0.00379657394930306,0,0.454551723714971,0.891453771065756
"TCGA-49-AARR","TCGA-LUAD",0.0827752048039582,0,0.0582606024470704,0.128643242918464,0,0.126620195246393,0.0168279700520118,0.017822653602866,0.0435930845156038,0,0.0266365312896762,0.016579826579659,0.00487754749299016,0.0491004528234229,0.0167630168677973,0.253394722883175,0,0.00795486274832967,0.123269506445333,0,0,0.0268805792832501,0.01,0.290052761852899,0.961665984750031
"TCGA-44-2668","TCGA-LUAD",0.00723155172509562,0,0.0162754879021011,0.0951895095707418,0,0.0925909987808466,0.0969113184875684,0,0,0,0,0.0357879228534827,0.017682920117918,0.317238687055242,0.0958543487913526,0.0680025575105348,0,0,0,0.127406572425115,0,0.0298281247800019,0,0.455316471721673,0.892084985857746
"TCGA-86-8056","TCGA-LUAD",0.0163935277471567,0,0.0364390747607232,0.0700274083999767,0,0.209341468023477,0.0186144478255368,0.00761425929302631,0.0046854278998907,0,0,0.019521844404832,0.0555803507111335,0.0867021364394164,0.0535143694246081,0.233887924142373,0.0763719406255377,0.0139297141156124,0.0661191152769692,0,0.016075093899293,0.0151818970104371,0,0.313608203350466,0.953298394391412
"TCGA-78-7539","TCGA-LUAD",0.00199898508714397,0.00301999159495996,0.0300388639285142,0.197975663285186,0,0.143922496609029,0.0482506074509338,0.0349791390661311,0.0471368568878223,0,0,0.0330265210604375,0.00914869465818389,0.0516978888042741,0.064119575785844,0.159420361965864,0.0706780583931734,0.0402984796376477,0.0606371513979417,0,0,0.00365066438691401,0,0.34188937456256,0.942506036772354
"TCGA-55-7728","TCGA-LUAD",0.0136256895817486,0.0393846270454427,0,0.0532302178423911,0,0.0216451216440641,0,0.0356975268047453,0.0663903897968789,0,0,0.0109959366990224,0,0.507392203031367,0.028387859626769,0.191144151903426,0.0151930216573697,0,0.0161968171450127,0,0,0.000716437221762305,0,0.74364875647938,0.678363324462931
"TCGA-05-4396","TCGA-LUAD",0.0304124179275916,0,0.0874123551343405,0.0437541663875154,0,0.233428787665616,0.0209383367282962,0.0331654021948304,0.0343205860157143,0,0.0127953268738057,0.0155395794944848,0,0.120737872654047,0.0927480201030888,0.183012439759159,0.0170753577249273,0.0148705252181016,0.0453491934605554,0,0,0.0144396326579263,0.04,0.145747493839138,1.02343896328747
"TCGA-55-7727","TCGA-LUAD",0.0270252098586794,0.0291100097351822,0.0220196954788137,0.037432997984128,0,0.270726813148211,0.0528000539336956,0,0,0.0201870355833093,0.0018670396695863,0,0,0.0575169168531494,0.12894420534297,0.212895903825116,0.059848507196206,0.0254196642251829,0.0536723025516755,0,0,0.000533644614094411,0,0.402777768381209,0.914952052983682
"TCGA-05-4390","TCGA-LUAD",0.00382858161011728,0,0.193748610813744,0.0337192834130645,0,0.0880232053850526,0.0138748065622841,0.0130307081320395,0.00828042403441282,0,0.031683354037849,0.000175435836041782,0,0.385452586137163,0.0304578552646965,0.176957335340751,0.00407180438402134,0,0.000660974366529959,0,0,0.0160350346822334,0,0.322390308585248,0.966410408158649
"TCGA-64-5774","TCGA-LUAD",0.0869314476197695,0,0.202178521016999,0.0298181617033426,0,0.214673441071546,0.00343949843416563,0.0420300393982433,0.0826404704406421,0,0,0.0238481654519202,0,0.183641262857066,0.0138888456388603,0.0675840959202587,0,0.017309342492381,0,0.0159138176910888,0,0.0161028902637159,0.19,0.0685930746511014,1.04941767588577
"TCGA-S2-AA1A","TCGA-LUAD",0.0521570146212688,0.0346445728876111,0.150281560539944,0.0787049076248714,0,0.219284489406804,0.027943709564306,0.0415509928311083,0.0416049886697127,0,0,0.024817865997172,0,0.0956503568738646,0.0442585013751479,0.0502791516060944,0.0621815613034209,0.00310513795574786,0.0735351887429259,0,0,0,0,0.475608055615302,0.88539154499732
"TCGA-78-8648","TCGA-LUAD",0.00407607168566206,0.00258409124137443,0.0631906598190775,0.151313247943697,0,0.0255076535028866,0.0511605481195161,0.00711743330626751,0.0230977604927142,0,0.0186390650076879,0.000541712011219488,0,0.448313612244944,0.0411462489252232,0.124163165987942,0,0,0.0391487297117876,0,0,0,0,0.66008391180315,0.75888705297316
"TCGA-95-7948","TCGA-LUAD",0.0196525858350069,0,0.151099860245984,0.114456426776533,0,0.152166518097528,0.0166171471059748,0.0331798781869184,0,0.010713163814806,0,0.0279316723671981,0.0555706287672515,0,0.0271846882694809,0.177797712515204,0.0980387044399294,0.067607135618025,0.04798387796016,0,0,0,0.08,0.122490932213861,1.02096365484965
"TCGA-44-7672","TCGA-LUAD",0.0192772288553401,0,0.133005007287482,0.0705628338000982,0,0.174785330871012,0.0431434134413273,0,0.0573064836786121,0,0,0.0641387941194955,0.0166149679574535,0.0925683448372886,0.0459875025321961,0.117603517873695,0.0256745661559125,0.0530556975909656,0.0816956818203675,0,0,0.00458062917875365,0,0.389669672674712,0.920382845988732
"TCGA-05-5420","TCGA-LUAD",0.00138199537599566,0,0.118288378133892,0.0414951580604046,0,0.0903709781263357,0.0487261927310951,0.00537990200700435,0,0.0490004494075095,0,0.0391420889310581,0,0.144610711508622,0.15098532352766,0.187943190171151,0.0556885618928407,0,0.0523808806142977,0,0,0.0146061895121339,0,0.529153701206287,0.851318536801763
"TCGA-MN-A4N1","TCGA-LUAD",0.0491493679667929,0,0.0325932839243749,0,0,0.0753963649444129,0,0.026561669045332,0.102765987030827,0,0.00224209385504121,0,0.0327064991400948,0.370392412539176,0.00855048463811008,0.152027664547529,0.0711395857794349,0.0518180983331204,0.00688892460948498,0,0.017767563646268,0,0.01,0.298683493830712,0.980076063532112
"TCGA-49-6761","TCGA-LUAD",0.0239618606435911,0.00926500856487981,0.0306646193112031,0.220489782419333,0,0.026427643916675,0.0464745444112699,0.0237416809626174,0.0541919741351407,0,0,0.106146036380306,0.00806036458135162,0.113795131284555,0.139904963027664,0.124420453832598,0.0137144488243567,0.0427128714028163,0.0140069674844408,0,0,0.00202164881720211,0,0.438231082173797,0.900623966088132
"TCGA-44-A4SS","TCGA-LUAD",0.0295746257486288,0,0,0.100263784188599,0,0.194910197486388,0.0700940681427497,0.0423888440210528,0,0,0,0.0421092912688309,0.00168754190744686,0.0892441901918692,0.083063586816805,0.204024467900156,0.0109627627672554,0.0107293426445662,0.110024737610177,0,0,0.0109225593054756,0,0.372654806155142,0.928545009228104
"TCGA-91-8499","TCGA-LUAD",0.0241845071831903,0,0.0677400493486746,0.134904507863001,0,0.110541455356615,0.0120659047301906,0.0597970987454601,0.0217334594866301,0.00143310704600083,0.00937196416632242,0.00189815692374936,0.00123398344331744,0.0850603989849442,0.143920329730295,0.15511010188452,0.137019957507187,0,0.0216023225038469,0,0.00911663223802012,0.00326606285803519,0,0.396942409733888,0.917779554520149
"TCGA-83-5908","TCGA-LUAD",0.015314446531471,0,0.0189065887763323,0.360373220977703,0,0,0.179867316163944,0.0470906137206009,0.00556458863757982,0,0.0320711330006184,0,0.0118265234865012,0.0754893688342085,0.105367280596133,0.0723587349529815,0.0595934490394865,0,0.01617673528244,0,0,0,0,0.432188955135133,0.901967851624189
"TCGA-49-AARN","TCGA-LUAD",0,0.127416439665181,0.101798246674857,0.0328952101317585,0,0.174387479909552,0.000993230685477348,0.00619127366535563,0.128861406743808,0,0,0.0590218841524917,0,0.0838126849251947,0.0557189684034348,0.05885689670217,0.0726607885326396,0.020232788044114,0.0771527017639665,0,0,0,0.01,0.272505897669699,0.967505057297773
"TCGA-MP-A4TA","TCGA-LUAD",0.0331150802295523,0,0.0858169712953119,0.164729494392894,0,0.122432798572101,0.0283902296480323,0.0687781164649797,0.064973880750241,0,0.0385607695938284,0.020641780005372,0.0141949340537423,0.0935384275737848,0.0951464102727161,0.118268560449694,0.00161228435848946,0.029252464172111,0.02054779816715,0,0,0,0,0.343635305027154,0.942568407010885
"TCGA-78-8662","TCGA-LUAD",0.0484555709708953,0,0.0303504808519761,0.128636301494249,0,0.0979150566966955,0.0165219220337749,0.165309034498026,0.000468836279175137,0,0,0.0292620725665468,7.94389346663286e-05,0.163588981901122,0.143355564680114,0.137572689379556,0.0280923623612483,0,0.00622166236110524,0.00417002499084969,0,0,0.09,0.100201063815791,1.06065925076255
"TCGA-78-7535","TCGA-LUAD",0,0.039673612173032,0.0272611554530627,0.0455560771969067,0,0.0692687851274195,0,0,0.00817154867189485,0,0.0185493056997052,0.0126083060787631,0.0237341611117713,0.23284576951342,0.0162311005982455,0.264390228164757,0.230909208674486,0,0.0108007415365362,0,0,0,0.01,0.273458288296522,0.992633411041361
"TCGA-44-2666","TCGA-LUAD",0,0,0.0994299958417963,0,0,0.230482952832383,0,0,0.0138079558103647,0.00366916129470361,0,0.0750176365736719,0.00651184456651026,0,0,0.089942269337961,0.0260249134537835,0.107896768804446,0.248002916441801,0,0.0992135850425793,0,0,0.34169615507537,0.942013268517964
"TCGA-86-7711","TCGA-LUAD",0.0088219431911902,0,0.0582176099404184,0.00579193229663357,0,0.196773804528644,0,0,0,0,0.0656720186311858,0,0.0016326465414537,0.30474932925686,0.0395253969901727,0.131085960145803,0,0.00024761694615892,0,0.149971469969305,0.00252986880479929,0.0349804027573746,0.03,0.164695220433882,1.04484302221522
"TCGA-78-7542","TCGA-LUAD",0.00946572381233271,0.000111264676635667,0.0254339167826477,0.079315269738871,0,0.101369591662321,0.0661537003096673,0.0695327905989123,0.0401447062888058,0,0.0280882267787792,0.0266936704507239,0.00290244557811848,0.0913175976748663,0.170473416306866,0.103323557559673,0.00877858386661434,0.125835304243282,0.0506152074186987,0,0.000445026252184355,0,0.03,0.155526434907539,1.04749717706217
"TCGA-78-7166","TCGA-LUAD",0.0565450050625958,0,0.199867945797257,0.0973407309183189,0,0.0937860032972997,0.00915305850092503,0.0786674161077913,0.0706409950323213,0,0.0493823208320369,0,0,0.165413469905803,0.114779830054244,0.0489097158375229,0,0.0155135086538836,0,0,0,0,0.01,0.235983806019267,0.987946156297291
"TCGA-NJ-A55A","TCGA-LUAD",0.0686552181253239,0.0407064305013091,0.0311120367409422,0.0559582887790606,0,0.231849378669792,0.0207464289179605,0.0194730463871897,0.0545047300147244,0,0,0.0307610532185253,0.0104133543277238,0.0268623766323961,0.075183867386361,0.092000012200913,0.0760724629345855,0,0.162957100395493,0,0,0.0027442147676998,0,0.382943811397552,0.923092264548077
"TCGA-L9-A7SV","TCGA-LUAD",0.0527684149356071,0,0.0871276240649697,0.141128088463214,0,0.214632281663352,0.0195252769634012,0.108077373172527,0,0,0,0.0105328247747094,0.00760018880824292,0.0319677065525226,0.102548843206409,0.183106751419928,0.0121145459307378,0,0.0136481119226113,0,0.0152219681217684,0,0.17,0.0740956965533793,1.05845068360548
"TCGA-MP-A4TH","TCGA-LUAD",0.0583312032024689,0.10754511275899,0.0757464481781105,0.118040762310847,0,0.119196725300436,0.00418721663663516,0.0856889317515638,0.0711034714298484,0,0,0.0266497034841338,0.0106296614436863,0.0442322092453742,0.0335894204520837,0.121153498327634,0.0607962455667517,0.021822301660561,0.0412870882508757,0,0,0,0,0.386304260780831,0.921713104480605
"TCGA-73-4662","TCGA-LUAD",0.0493731106472439,0,0.115012990615284,0.0278118145086956,0,0.1704435327096,0.0201100845195934,0.0479933965945033,0.0296439577027361,0.0122849371838286,0,0.00992967228179826,0.0314152891672647,0.0950855014124023,0.0262237427535854,0.137407014422466,0.113480776740125,0.051064528138018,0.0571855533371673,0,0.00119796588726398,0.00433613137842411,0,0.337702991470335,0.941199591910351
"TCGA-44-2661","TCGA-LUAD",0.000996366025285718,0,0.0973336197755417,0.0743477186189178,0,0.120898622111261,0.0224284194918425,0,0.00849957169039997,0.0614062770596202,0,0.0338189209878931,0.0186508602601853,0,0.0705604313965737,0.207103107534186,0.121883599158294,0,0.118178695071914,0,0.0379369873318556,0.00595680348622977,0,0.558519368870713,0.847149787781907
"TCGA-MP-A4TI","TCGA-LUAD",0.00494474551292558,0,0.00255885454516677,0.100776248988574,0,0.0600990637617358,0.0655809481154279,0.0509835916577289,0.084172937839852,0,0.00314911858500519,0.0366162412169721,0.00714231642978303,0.208636168679081,0.125012033259461,0.186798756540749,0.01446438271193,0.0253337948697623,0.0237307972858451,0,0,0,0,0.623588905516077,0.793764148617371
"TCGA-55-8302","TCGA-LUAD",0.0195426118669763,0,0.105471720485709,0.077839234659271,0,0.00996003629312945,0.0179391307570909,0.0676264119842277,0.0231986201614148,0,0,0.0397110819439419,0.0243507007163323,0.0823064418199409,0.177925097676186,0.20870574185404,0.0279102566743085,0,0.117221895324479,0,0,0.000291017782952741,0,0.354980732941682,0.938988512937992
"TCGA-93-7347","TCGA-LUAD",0.0186394193307833,0,0.00189580950486344,0.0950678993534487,0,0.0852757418580888,0.00148363955725766,0.0691339749867862,0.0828136195416668,0.0338168672866468,0,0.0619276033511674,0,0.188207537082627,0.0599533652491427,0.170026611961631,0.0202036742403511,0.00924700821081387,0.0970657924349427,0,0,0.00524143604978314,0,0.570094989147911,0.82990998388483
"TCGA-MP-A5C7","TCGA-LUAD",0.019536860951476,0,0.0749642898223732,0.0469704958111159,0,0.291957381751542,0,0.0520830040126775,0.00335753175913348,0,0.00971027907490311,0.0466524608230918,0.0143096730887725,0.00856682218209813,0.0461385692578716,0.19331018758463,0.094083824179633,0.0433119424327846,0.0404971781451487,0,0.013376878328916,0.00117262079383273,0.12,0.088123032997212,1.04373743925332
"TCGA-55-6969","TCGA-LUAD",0.0070674251166423,0,0.198526143796219,0.0165082871490808,0,0.19898601872142,0.0533618851550957,0.033819501535741,0.0181203254828724,0.0341043490595029,0.0040064165481165,0,0,0.233755767913163,0.0548452508652488,0.139358880144079,0.00273258744366698,0,0,0,0,0.00480716106915235,0,0.471093351067539,0.883885968020591
"TCGA-49-6744","TCGA-LUAD",0.0552726579229141,0,0.105295809017028,0.0819959460104813,0,0.186653959729448,0.0227249636474776,0,0.0384237889027844,0.0484368451324628,0,0,0.0108812978558631,0.0648175982748224,0.04156422877954,0.0966508214538783,0.126524468741557,0.0532996419472425,0.0597968201244477,0,0,0.00766115246005263,0,0.457243366519416,0.892800699596235
"TCGA-38-4632","TCGA-LUAD",0.0235702821308775,0.00177162621924812,0,0,0,0.129199609472217,0.0429680369340895,0.0454935422326828,0.0177607545249787,0.0496169630874455,0,0.00283967757202552,0.00415573283422271,0,0.0726208993819467,0.236831593685466,0.232895230649966,0.0445935564294131,0.0834057653900961,0,0,0.0122767294553244,0,0.324699426487692,0.949788209039024
"TCGA-55-1592","TCGA-LUAD",0.00909319547854427,0,0.0952510571435933,0.0240874489969141,0,0.179166331987269,0,0.0176795969826649,0.00740091995085918,0,0.0180348881148106,0,0.0516384021214893,0.231282451321444,0.071969106746309,0.200881073402475,0.0510282664119227,0,0.0235891741521203,0.00978540505530199,0,0.00911268213428235,0,0.359082522239294,0.93718085577209
"TCGA-55-8204","TCGA-LUAD",0.00940402194640651,0,0.268735106694433,0.0108906247732973,0,0.125213724224747,0.077450194181107,0.00270304708565771,0,0,0,0.038096700880513,0.00530058731396774,0.0458189133803285,0.146648588110764,0.0392736430272633,0.0713883194957129,0,0.127828024180935,0,0,0.0312485047048679,0,0.406024317565325,0.913474171017668
"TCGA-05-4245","TCGA-LUAD",0.0226022588733264,0,0.124426683676864,0.0242058113879354,0,0.0666225592836513,0.0146609435309917,0.0305201823787377,0.000771515228181373,0.0200848519647286,0,0.0454935255497923,0.000481277463900957,0.223834155181372,0.0761461711558982,0.287677268921201,0.00969809571821165,0,0.0521584779564731,0,0,0.000616221728734394,0.02,0.212329619417612,1.0083700047648
"TCGA-93-A4JQ","TCGA-LUAD",0.10577447237298,0.0361540430411746,0,0.0410613639574991,0,0.321027166989489,0.0146770997453259,0.0425977756573004,0.0536305931804571,0,0,0.0239265876042764,0,0.157125146324819,0.0993632058505166,0.0769649769154557,0.00484618824579914,0,0.0206753722207382,0,0,0.00217600789416898,0,0.554389975755246,0.836769290489427
"TCGA-49-4501","TCGA-LUAD",0.0383842451563862,0.0145916125759054,0.0678596002449714,0.0787717881031336,0,0.176401121782562,0,0.0390884245195757,0.0653949223761584,0,0,0.0355048094091408,0.0107259218452631,0.0247679347984137,0.0394572434086431,0.13986517506716,0.0602336710382514,0.0790854316372846,0.116198448855954,0,0,0.0136696491811959,0,0.373588817734255,0.926810010501247
"TCGA-55-8094","TCGA-LUAD",0.0941683509456582,0,0.0684938820911494,0.0844135948460431,0,0.140068562108044,0.020823137092442,0.0798373277861155,0,0,0,0.0420466381066684,0.000707213345643589,0.11299508564736,0,0.102646361299486,0,0.21179676356719,0.0368294138231492,0,0,0.00517366934105041,0.43,0.0435613307237911,1.06799521846318
"TCGA-69-7760","TCGA-LUAD",0.0650407940203376,0,0.0447777298354428,0.00603602172782718,0,0.0807269164006702,0,0.043250437305822,0.00778057345720944,0,0,0.0277445917687466,0.000761359768076695,0.185771539508168,0,0.116555590822873,0,0.371848744674119,0.0473435499920299,0,0,0.00236215071867749,0.02,0.182432162122296,1.04485116405542
"TCGA-MN-A4N4","TCGA-LUAD",0.00353120220342322,0,0.124690368532052,0.00911088716885951,0,0.0419725810138601,0.0126403346880391,0.0162900447159392,0.0408098323433386,0.0100442289151446,0,0.00451073350972034,0,0.502598484924732,0.0399416902761275,0.112838284694822,0,0,0.0746782033104899,0,0,0.00634312370345204,0,0.615088835402044,0.789431260267943
"TCGA-64-5779","TCGA-LUAD",0.0370394249738968,0,0.376927562551472,0.114566093004593,0,0.21674713649633,0.0717328346250003,0,0.0224446575504831,0.0039552714544327,0,0,0,0.067014431164576,0.052237947557317,0.0212148443428863,0.0101468986957819,0.000179153503955092,0.00555420676952119,0,0,0.000239537309754533,0,0.323450841378103,0.949294553074365
"TCGA-44-6146","TCGA-LUAD",0.0129211250137417,0,0.0934373474780603,0.111401501583253,0,0.309876738833122,0.015479751414031,0.0216399359854836,0,0.0397129662232021,0,0.0103873130292943,0.00231495104825594,0.0250374259800331,0.0853349401052309,0.123742184525845,0.0415345888337522,0,0.0714149984645133,0,0,0.0357642314821819,0.33,0.0552946279727829,1.06311694072244
"TCGA-50-5935","TCGA-LUAD",0.00353282071825621,0,0.0723537622198234,0.0440857256965768,0,0.223684517854391,0.0118454816398468,0.00267825898191532,0.10305276285734,0,0,0.00378610361741695,0.0147184421145165,0.12794941656365,0.0413696998857934,0.0667449022762206,0.13644782739705,0.0975317705644144,0.0483992319267024,0,0,0.00181927568608584,0,0.389791254638458,0.920430054893408
"TCGA-55-7911","TCGA-LUAD",0.0199016007722171,0,0.0290564348151003,0.127106944557057,0,0.0355275175430015,0.164954522924017,0.0539697525255466,0.00549117113088059,0,0.0833025047985679,0,0.049119988076692,0.0266970800945893,0.0691976251658958,0.124790164666449,0,0.170311508813816,0.0405731841161701,0,0,0,0,0.392987545672902,0.919797633964267
"TCGA-75-6214","TCGA-LUAD",0.0358497341280351,0,0.00853437202932525,0.0891683375003895,0,0.186131529917401,0.0289673755960024,0.0547146311729912,0.0274226669129661,0,0.00493476050541046,0.00352769604670589,0,0.24579924604428,0.0930137136336365,0.130714158033425,0.0173050602962339,0.023926329358399,0.0159510468463577,0,0,0.0340393419784407,0.03,0.167093306919255,1.03083022330404
"TCGA-73-4666","TCGA-LUAD",0.0110159416759192,0,0.00478224573732634,0.277383919067967,0,0,0.199742601450632,0.0107311031457012,0,0,0.0505752178577353,0,0,0.0536770605910674,0.108405178746024,0.15544552592726,0.0676276191129077,0.00464492943715286,0.0509636653378266,0,0,0.00500499191248072,0,0.411237989795383,0.911315156703745
"TCGA-55-7284","TCGA-LUAD",0.00795294785631185,0,0.01211099040057,0.0826128058519694,0,0.120942468204931,0,0.0124817717881418,0.0181295997405336,0,0.00694724466530567,0.0190762519134193,0,0.3331224778695,0.0857705914313834,0.179008941701282,0.016638825107691,0,0.0890419773117446,0,0,0.0161631061572166,0,0.336881266192438,0.957182852780055
"TCGA-55-7726","TCGA-LUAD",0,0,0.134609611280703,0.0184026061932613,0,0.193550849800312,0.00221625944742667,0,0,0,0,0.0181153210523108,0.00315506279958502,0.109512873659691,0.0723426101032335,0.0923892857133385,0.240653035756858,0.0255646601867188,0.044860347428298,0,0.0206336518908668,0.0239938246873971,0,0.380316283555818,0.924571807011179
"TCGA-67-3773","TCGA-LUAD",0.0557680956858828,0,0.0566569941064745,0.0464672365746165,0,0.18544201868514,0,0.0479563014834107,0,0.0156316399744167,0,0.0736861834645629,0.00327548847700123,0,0.0767632646038266,0.167029926367946,0.141460282813841,0,0.125204253056104,0,0,0.00465831470677653,0.01,0.256890619334886,0.975375670937521
"TCGA-44-6776","TCGA-LUAD",0.069032543454465,0,0.154469554213628,0.0812682152295364,0,0.243998426720739,0,0.020368038050563,0.00396951162329419,0,0.0139054125023373,0.0108380444605227,0.0425915125747234,0,0.00690163155344093,0.101175289847996,0.0360640790538991,0.0840706371897399,0.121915144252746,0,0,0.00943195927236961,0.03,0.166704339498139,1.00493479940299
"TCGA-78-7152","TCGA-LUAD",0.0214393713685278,0.0252007466336072,0.0718011190882407,0.117362351367624,0,0.159269264612437,0.0305258748504741,0.0394568517698064,0.0480646008602619,0,0,0.0790964337873122,0,0.114607786740147,0.097155514334762,0.113063885724397,0.0124952510697299,0,0.0631075885930213,0,0,0.00735335919965094,0,0.333008776628912,0.946978997515561
"TCGA-75-6206","TCGA-LUAD",0.0251541153622773,0,0.0242060460719241,0.0431070451260494,0,0.0668842894213629,0.00841230556775327,0.0587669380404401,0.0176363918025301,0,0,0.0128714638657458,0,0.396561957361437,0.0363912948474815,0.226793046388516,0.00678292451889857,0.0117583530405584,0.0474682857765237,0,0,0.0172055428085023,0,0.37730334715197,0.942612979525888
"TCGA-73-4668","TCGA-LUAD",0,0,0.153410831943784,0.0403554469333731,0,0.141482460894031,0.00387633778157496,0.0136318482920708,0.03255797723514,0,0.00403396876849889,0.012801418857513,0,0.347373679346887,0.0276217486085913,0.123510553387404,0.0164683887278504,0.0176952747820658,0.0649418398850622,0,0,0.000238224556152776,0,0.304335229375647,0.966934739681964
"TCGA-50-5944","TCGA-LUAD",0.00355954338152042,0,0.00993940226638034,0.0378453354374562,0,0.129614123089442,0,0.0076772975862712,0.00817041686585459,0,0,0.0480998678467717,0.0529649783143051,0.0988830120347301,0.022833784952755,0.318610025777378,0.0248335755767178,0.0154851424062544,0.214413236198277,0,0,0.0070702582658858,0,0.326446282882727,0.952827683052796
"TCGA-69-7980","TCGA-LUAD",0.0171338876811211,0,0.0137136078047643,0.1471882990158,0,0.151155456135611,0.0379604329239274,0.0445074737436837,0.0309097993273111,0.0447331278731724,0,0.0200496845926348,0.0413853761628888,0.0462114342248319,0.141912258027989,0.186008014881937,0.0123325409051036,0,0.0589069240943751,0,0,0.00589168260484845,0,0.447900822044435,0.893289533775599
"TCGA-44-2665","TCGA-LUAD",0,0,0.00394981326167235,0.00877747789860114,0,0.25403697957303,0.0126401666318026,0,0,0,0.0098742134421077,0,0.0715575075310945,0.152209302809514,0.0013289588497615,0.140798882385485,0.147009975916937,0.116435188614824,0.0498708450329693,0,0.013612061976331,0.0178986260758701,0.02,0.216585469242393,1.00065580208265
"TCGA-55-8096","TCGA-LUAD",0,0,0.192583656056928,0,0.000999304044073414,0.0703223378621708,0.00787494853129234,0,0.0182870996408854,0,0.0318488264536755,0,0.00398404464846237,0.318663198803593,0.0343362974945478,0.275121516789102,0.0161198505338921,0,0.025073724528933,0,0,0.00478519461244511,0,0.428622503409937,0.907327259107674
"TCGA-L9-A50W","TCGA-LUAD",0.0389263096647033,0,0.137174414597191,0.0291073274006074,0,0.22350616002972,0,0.0105030400617084,0.0434593791928563,0,0,0.0504684133132057,0.00805743557643745,0.0230922336351286,0.0705342075144339,0.047161577302799,0.193117100982671,0,0.119839129154928,0,0,0.00505327157361054,0.01,0.301305718021195,0.95542540384189
"TCGA-55-6980","TCGA-LUAD",0.0242629631516076,0,0.0313825351722767,0.0558366149529051,0,0.222052918345269,0.00025025206234487,0.0384660461875248,0.0374413478672066,0,0,0.0338385814699568,0.103441014096344,0.0391495083516724,0.0440564010568383,0.0671453214176539,0.179055721202189,0.0587546745994285,0.0610812596514638,0,0.002164412919598,0.00162042749572027,0.01,0.287487577379765,0.962798250871496
"TCGA-86-8673","TCGA-LUAD",0.000611697196216126,0,0.163261437708139,0,0,0.0951832419202275,0,0.0250748724532352,0.0654367466697925,0.0157317534777763,0,0.130999366635826,0,0.258756347043873,0.0447239969143024,0.174428188845414,0,0,0.00364135222133014,0,0,0.0221509989138674,0.02,0.19944315716328,1.0158926761483
"TCGA-67-6215","TCGA-LUAD",0,0.0334473175969285,0,0.0279782325352975,0,0.111796810585517,0.00638369448741418,0.0015530342530625,0.00744632297146691,0,0.00955193765810939,0.0241597620279251,0.0280757226040588,0.079387351821827,0.0111774511794484,0.243035005974655,0.214112987404499,0.022527758138084,0.163730713247732,0,0,0.0156358975139749,0.02,0.19619990719391,1.00926140761041
"TCGA-50-5941","TCGA-LUAD",0.0230873921203614,0,0.0531028988575735,0.169842708051637,0,0.0454346916815764,0.0380227401540911,0.0577108654750542,0.0559367075406516,0,0,0.0607223417940159,0.0155727037579661,0.0860949289258007,0.155045077883641,0.146494439134508,0.0301194203854087,0,0.0542755410253774,0,0,0.00853754321233664,0,0.54882595140033,0.840210401670118
"TCGA-64-1679","TCGA-LUAD",0,0.00636027562901104,0.0772147487011735,0.0066843741961967,0,0.0518664480869645,0.00320051519887823,0.01169117326814,0.0231395960348201,0,0,0,0,0.415859003596268,0.0599943043195399,0.110478981382356,0.10956796489502,0.0171177267428718,0.0491612292267729,0.00119416075011729,0,0.0564694979718708,0,0.441183280534496,0.905350235803934
"TCGA-55-7913","TCGA-LUAD",0.0319726025652659,0,0.1218722250521,0.0716118493803718,0,0.0714357593522698,0.0257526281757951,0.0794188272699164,0.0490512206805312,0,0.00869260536905996,0,0,0.343820174572938,0.0344001908672675,0.0708823859883993,0.0522360879796096,0,0,0.015143987019377,0,0.0237094557270989,0.02,0.187941523638322,1.02026933229921
"TCGA-49-4510","TCGA-LUAD",0.0280444836682458,0,0.317290007145498,0.0713538141534305,0,0.111189533352831,0,0.0423454288108995,0.00877881584485454,0,0.0232104108489644,0.0156952946179512,0.0208072195728296,0.0462165359068107,0.0275883236241434,0.197932801049208,0.0293458882774402,0.0181229255032893,0.0315083437881539,0,0,0.0105701738354504,0.02,0.183070420548996,0.997235963900301
"TCGA-49-4506","TCGA-LUAD",0.0242447414424839,0,0.0317798709999196,0.326724625467481,0,0.00944035670048008,0.109860728784535,0.0498430835628509,0,0,0,0.0526274350369669,0,0.0610184099898213,0.109574048174942,0.138505279799687,0.0597729598610845,0,0.0142131963399091,0,0,0.0123952638398387,0.01,0.269756958719194,0.98281476552274
"TCGA-86-8674","TCGA-LUAD",0.0276732119198141,0,0.196938421433825,0.0269418849772653,0,0.0785245381587685,0,0.111148390904183,0.0431070993757636,0,0,0.0329921538886555,0,0.299517906175977,0.0568087223231649,0.0491864467972986,0.0048835550666402,0.0563794964923247,0.0158981724863186,0,0,0,0.03,0.160425230200997,1.02416810091182
"TCGA-49-AAR9","TCGA-LUAD",0,0,0.0511991202041929,0,0,0,0,0.132830056292253,0.0141318389957723,0.0743387676467583,0,0.0661444840780666,0,0.464406036611087,0.092556822670367,0.050886572518838,0,0.0423419371485693,0,0,0.0111643638340953,0,0,0.377054784764952,0.947279622875822
"TCGA-49-6745","TCGA-LUAD",1.89608664577972e-05,0,0.00610351859094117,0.120130653064368,0,0.165836911330348,0.0438265327423109,0.0389992283411272,0.00205590653111451,0,0,0.0134203409243629,0.0602221396141468,0.117213893709851,0.109307432781943,0.127063112242634,0.0463678765565257,0.0689653304546766,0.0773218991024126,0,0,0.00314626314677956,0,0.425741933934864,0.904033661856092
"TCGA-86-8671","TCGA-LUAD",0.0292069389119578,0.00394606084451556,0.0112217309443362,0.107337049400503,0,0.1331535942915,0.0253047025308915,0.0707238948210524,0.0624474978479455,0.0142958880382356,0,0.018067715130522,0,0.188709619297949,0.117455448742379,0.11333323994322,0.0303543177137872,0,0.0653347092027236,0,0,0.00910759233848181,0,0.620816810008356,0.801819024784465
"TCGA-05-4384","TCGA-LUAD",0,0,0.0383716365203912,0.0532284924460617,0,0.173741623881821,0,0.0115213194756426,0,0,0.019701093728889,0.0103393614555597,0.0144583427579234,0.136746418926016,0.0305064857667777,0.391084785228057,0.0538120012684539,0.0223208753573465,0.0211791048426084,0,0,0.0229884583444511,0,0.356374049874252,0.941826420843939
"TCGA-69-7764","TCGA-LUAD",0.0926436688953099,0,0.205424126678286,0.0635295599521594,0,0.34705004823113,0,0,0.0101802225719535,0,0,0.0314664289965701,0.00750409492329353,0.0470394801036084,0.0753691133356248,0.0726618244717806,0.000631707874418852,0.0166965788903521,0.0298031450755134,0,0,0,0.01,0.285253236566528,0.96608268840115
"TCGA-44-3919","TCGA-LUAD",0.00357709907500655,0.0196377154705308,0.0612658410606233,0.112446405907799,0,0.13858802270077,0.00424436402256044,0.0295568901974856,0.043829197095499,0,0,0.0578846857244089,0.00300423061397185,0.0651326212759857,0.137047898769485,0.12015319213777,0.138884261690657,0,0.053767377347512,0,0,0.0109801969099351,0,0.566823495874816,0.833921243464605
"TCGA-MP-A4TF","TCGA-LUAD",0,0,0.244200751467787,0.0650352949002797,0,0.0598221068881413,0.085904477588553,0.00347916359807886,0.000360232599365046,0,0.074884566841879,0.0134682450795412,0,0.223147001250471,0.0780828484068366,0.0629280171545744,0,0.0471334685294112,0.0204095109579354,0,0,0.021144314737146,0.01,0.272302503565555,0.971753906104802
"TCGA-L9-A444","TCGA-LUAD",0.0270988136361914,0,0.111811359631316,0.251327429183725,0,0.128056482612173,0.0800506757709977,0.00146675234133714,0.0445550167370993,0,0.0453010637810462,0.013172004872523,0.00661436937305895,0.0408989338720759,0.0968492390462368,0.0936336328048561,0.0124336649560242,0,0.0445200176873536,0,0,0.00221054369398575,0,0.498913604875846,0.867568600519036
"TCGA-95-8039","TCGA-LUAD",0.00616825186219397,0.00636144053074795,0.0042629786765757,0.039241026373574,0,0.25360879589902,0.0128122529336189,0.034233841178675,0.0582204313073188,0,0,0.0381557621241903,0.044485256709387,0,0.041069179780895,0.126638340195108,0.154253049732937,0.075433190714359,0.0973309043448783,0,0,0.00772529763652133,0,0.3969741644595,0.917028268683211
"TCGA-44-7669","TCGA-LUAD",0.0357776401401082,0,0.0632790967600294,0.0803797573244133,0,0.155566001119566,0.0502967434675883,0.0164501504605363,0,0,0.0237905242168586,0.0154289512500482,0.00743081302465099,0.102034469755406,0.150837116880971,0.203071711282007,0.0172918357368265,0,0.068980620619571,0,0,0.00938456796141965,0,0.3492800485611,0.940392020587685
"TCGA-50-5068","TCGA-LUAD",0,0.0523217973941836,0.164768077060164,0.137549707081428,0,0.0283763497302948,0.000145346834576019,0.0323607285053787,0.0200963770778315,0.0181350548466894,0,0.0464477327715287,0.0040008624744697,0.0160725303323928,0.12512058657658,0.146128319705911,0.191011977217212,0,0.00574057026270208,0.0117239821286578,0,0,0,0.475158949589641,0.881350984051984
"TCGA-05-4402","TCGA-LUAD",0,0,0.115963859188173,0.0494914023795035,0,0.0910445215202526,0,0.0321220289184541,0.0285314081000551,0,0,0.0265520962352482,0,0.095185524420371,0.0507892177391247,0.324119718010885,0.0283978395052258,0.0561643335288453,0.0710009399059923,0,0,0.0306371105478696,0,0.396272520211599,0.917676263448183
"TCGA-75-6205","TCGA-LUAD",0.0223804001361569,0,0.0201435581593515,0.0531762151575784,0,0.238438990790035,0.033787185106043,0.0167558107178648,0.0189949154279068,0,0.0343855172230654,0,0.00315277613670706,0.0578401584835912,0.112094704777923,0.285243445508524,0.0184349318385362,0,0.0711364757990221,0,0,0.0140349147376951,0,0.620801534439495,0.805006045163857
"TCGA-05-4425","TCGA-LUAD",0.00935409209282957,0.00101800869411395,0,0.00985368569203453,0,0.151691067664175,0.0152943326202701,0.0286209835326029,0.0338618387841058,0.0191549443178588,0,0.000633265491375198,0,0.219411677647402,0.0629210500307063,0.245498927223894,0.151966017280525,0,0.0479285032249153,0,0,0.00279160570319113,0,0.642598070965497,0.78209643900851
"TCGA-55-A48X","TCGA-LUAD",0.0322876677372452,0.154892262090526,0.0781224185131122,0.103103155515316,0,0.151883616167807,0.00543970734967586,0.0257041109973868,0.0918593355386683,0,0,0.0367319181461598,0.00914370929645482,0.0779052300508052,0.0467993453153237,0.0720149699012445,0.0367937230449403,0.00230065194277599,0.06744086006356,0,0,0.00757731832899824,0,0.401334019042788,0.91536974906802
"TCGA-55-6971","TCGA-LUAD",0.00190042420115225,0.0157829936343799,0.0618772193068863,0.185373700171041,0,0.105848360808647,0.0820409676476699,0.00916354288126591,0.031504325011921,0,0,0.0450127656969118,0,0.154629757666516,0.107352293297272,0.0994663750135147,0.00184521183894995,0,0.0870938396951767,0,0,0.0111082231286962,0,0.378018671674684,0.926664204089117
"TCGA-50-6593","TCGA-LUAD",0,0.0126364085492937,0.0304335436088411,0.0256943031763679,0,0.0932737386350576,0.00655140590017261,0.0209964926865574,0.0156781463981542,0,0.00259135715036453,0.000161510610612563,0.0713006342910684,0.285342804514624,0.0216537062099924,0.13249089171434,0.131984078159493,0.0366854776837902,0.0904942294590151,0,0,0.0220312712522551,0,0.495990464815361,0.868140884269572
"TCGA-55-7995","TCGA-LUAD",0.0414955540395185,0,0.00957390092716059,0.110025734866185,0,0.0965372757780229,0.0470583534088917,0.0262331156746687,0.05931282849654,0,0.0398740910100949,0,0.0117220536588126,0.323696664909816,0.140845883817333,0.0772636230351753,0,0,0.0163609203777813,0,0,0,0,0.643258878730686,0.776174657912054
"TCGA-64-1680","TCGA-LUAD",0.00627530053293203,0,0.0511853353649846,0.015965597485356,0,0.227413958210846,0,0,0,0,0,0.0548535230339408,0.00442824223847093,0,0.0512800305186413,0.306952709128334,0.0185916015419108,0.0247977891011682,0.230040296187627,0,0,0.00821561665578801,0.02,0.173441999849942,1.01603729580857
"TCGA-99-AA5R","TCGA-LUAD",0.0207851728278273,0.0781771760726938,0.0229058308287527,0.170419059354375,0,0.245025080702047,0,0.0207759044184461,0,0,0,0.0907241013632897,0.0180101085220609,0.127621165665857,0.051145413310774,0.074824944966244,0.0391993795399816,0.000517356680103893,0.0383128958694826,0,0,0.00155640987806437,0,0.414058522778248,0.910588787317816
"TCGA-91-6840","TCGA-LUAD",0.0738129972408257,0,0.0920076569609082,0.051574834734751,0,0.0985789652478936,0,0.0537108562790562,0.0128876302934412,0.00440777095987868,0,0.0863841502697405,0.00465470060602516,0.143710864361285,0.184022465840263,0.0984198113440669,0.00859152625349964,0,0.0872357696083652,0,0,0,0,0.412197400931346,0.912180220363315
"TCGA-69-7974","TCGA-LUAD",0.0199483474162641,0,0.00472546018771559,0.0382012399989973,0,0.098071502342498,0,0.0271601185828852,0.00881417040237344,0,0,0.116920763802988,0.00674482169648376,0.0322380255140362,0.0619066867099515,0.289922421176908,0.14805396498363,0.0298677983801406,0.106634868443355,0,0,0.0107898103617736,0,0.435781568784197,0.8992179872925
"TCGA-55-8513","TCGA-LUAD",0.0112922750791989,0.0459937031649459,0.00047294974486557,0.0265381350807531,0,0.0716578872597805,0,0.0119432733145328,0.0310078705762162,0,0,0.0236221205101021,0.0110605119251572,0.179197351953972,0.0281851522225102,0.381172679337547,0.0714134357482368,0.0244094824243139,0.0730732124755084,0,0,0.00895995918235941,0,0.491107083972348,0.870502835596516
"TCGA-97-A4M2","TCGA-LUAD",0.0112156985713111,0.0146727327048373,0.0446657369420818,0.108998485697461,0,0.0793263043248306,0,0.0710190732614656,0.0190871386354819,0,0.00591012496187723,0.032838248181873,0.0243560544753974,0.200686601700524,0.0437375643721383,0.17545314764604,0.0477674311517932,0.00954091011667897,0.102400456702717,0,0,0.00832429055349223,0,0.440656847954446,0.897156837313809
"TCGA-49-4490","TCGA-LUAD",0.0260566405437211,0,0.0199761889526203,0.0787146662742234,0,0.15889187122051,0,0.0188259750622674,0.171470424140904,0,0,0.0382579021185892,0.0248095836670829,0.20455020155781,0.0836592784433444,0.0663409125926886,0.0230395087903892,0.0178945245107172,0.0675123221251323,0,0,0,0.01,0.234173890320071,0.993628824545909
"TCGA-86-8668","TCGA-LUAD",0.0132092946806832,0.0200958768164331,0.123567679620769,0.0412767275977436,0,0.125842347885058,0,0.0640245024165347,0.0405965640914845,0,0,0.0534243002846978,0.0037553976959165,0.0970842160193282,0.0926854296564935,0.160052816377897,0.0533833267807036,0.00475177770238061,0.102911011751981,0,0,0.00333873062189607,0,0.315835040159357,0.950547597059324
"TCGA-97-8176","TCGA-LUAD",0.039446419291856,0,0.0226270024101226,0.0376923886839292,0,0.0637944832274134,0,0,0.00744713404794849,0,0.00430629615713717,0.0233041749404269,0.00544318926547266,0.264160414850686,0.028417482867113,0.334393550395813,0.017403542738831,0.00106125087514651,0.102914782828387,0,0,0.0475878874197179,0,0.352454279601188,0.95041543225163
"TCGA-91-6847","TCGA-LUAD",0.0741966895000505,0,0.00229882101708543,0.0780508884801117,0,0.159583883048711,0,0.030298084070588,0.0222637307152339,0,0,0.164620793565815,0.00898032312391119,0.181830099690483,0.0771342419824937,0.00117675136771871,0.0906396192582768,0,0.101962972490924,0,0.00696310168859758,0,0.62,0.0169340572224923,1.09952276333239
"TCGA-55-6712","TCGA-LUAD",0.0659535172335221,0,0.0482602673671964,0.159247344142404,0,0.192453327592389,0.031692482169684,0,0.0239338541037381,0.0121634746001504,0.00255503529600717,0,0,0.163510000831755,0.114415835900403,0.135291047399806,0,0,0.0454289718679922,0,0,0.00509484149495241,0,0.550205065963115,0.840801341473694
"TCGA-62-8398","TCGA-LUAD",0.0180247397018272,0,0.0308176326927641,0.0644638855253258,0,0.152715358387512,0.0635095613892721,0.0177595918522617,0.0851851039507168,0,0.0213161365785195,0.0144858278096371,0.00091386452186502,0.163814057049434,0.129629948125689,0.129193532823754,0.0610164507799921,0,0.0271875013708114,0,0,0.0199668074406183,0,0.335033663632281,0.947552640523613
"TCGA-86-A456","TCGA-LUAD",0.0276736747289822,0,0.00693754972989139,0.0561842802093493,0,0.156474157057956,0.000296921488538475,0.0452648841370357,0.0112101328684019,0,0,0.00872885198785464,0,0.149350936265679,0.0795561730769146,0.360427865770159,0,0.0512892509744245,0,0.0384699054685568,0,0.00813541623625625,0,0.31463806130639,0.964596604781696
"TCGA-75-6211","TCGA-LUAD",0.00607054133408724,0,0.261634537838428,0.0441593091209726,0,0.201276008135391,0.00607718444190251,0.00289582329930345,0.100641597039782,0,0,0.056072197181568,0.0089416189590628,0,0.0252330003820328,0.130197354769281,0.0654911963892919,0,0.0820978686760224,0,0,0.00921176243287401,0.01,0.233923324949351,0.980325349032925
"TCGA-55-1596","TCGA-LUAD",0.0793004567656296,0,0.10048607774693,0.00795819763874883,0,0.159836044443198,0,0.0145395759182568,0.0564569812388234,0.00247301152960391,0.0161563734100588,0,0,0.222250940199376,0.146642183839356,0.144685090797341,0,0.0283194781873647,0.0182570804297473,0,0,0.00263850785556497,0,0.340719251680329,0.94780663945381
"TCGA-86-8278","TCGA-LUAD",0.00275444574368938,0,0.152403464079089,0.0182224756746675,0,0.187357311075918,0.00432313172704689,0.025167396302713,0.0120626881625206,0,0.0250709768449653,0.0415222187955,0.010594579802852,0.0839726295789426,0.0644322415502689,0.149320613599165,0.0614620530990815,0.0486034051036125,0.0989990838005872,0,0,0.0137312850593817,0.07,0.131833753762104,1.0194710565872
"TCGA-55-7994","TCGA-LUAD",0.0308052066595487,0,0.00321954701322589,0.222280775867415,0,0,0.0705203613505216,0.0432266726299665,0.0218899588083136,0,0.0509842693501187,0.00786338593089426,0,0.150062686584623,0.137910252730559,0.159401515527208,0.0286054941498315,0.0230660900419544,0.0498045947563065,0,0,0.000359188599514101,0,0.45351688616043,0.890595941708776
"TCGA-38-4625","TCGA-LUAD",0.00991598150234765,0,0.0526220718571452,0.0330221991327116,0,0.0482215576579184,0.0161537542697842,0.0350106108342918,0.0126456897489953,0.00773228107764864,0,0.0476369160764589,0.000527024255899055,0.215359506745832,0.132069445568821,0.282925969351194,0.0107385071062746,0,0.0836825478938526,0,0,0.0117359369208254,0,0.320606365536362,0.962724518919254
"TCGA-91-6835","TCGA-LUAD",0.024493096377657,0.0179758344910122,0,0.119306922948451,0,0.180640093493975,0.0197062058504456,0.0244416176998644,0.0630027412185634,0,0,0.00815892182003491,0,0.226058659409604,0.0871009718342222,0.165520909133253,0.0166350276154752,0,0.0433136550680243,0,0,0.00364534303941756,0,0.579180876325088,0.822570227743089
"TCGA-78-7149","TCGA-LUAD",0,0.00815254352389654,0.313092356696914,0.109624088609406,0,0.0890093144766105,0,0.0391722386132016,0.0371761268633601,0,0,0.0508003785488965,0.00254344329719579,0.0766026602996395,0.0918329760729326,0.0762160781355292,0.0147730012113255,0.0149713280771029,0.0740486004666308,0,0.00114869793482671,0.000836167172531722,0.05,0.139610381651232,1.01793078545563
"TCGA-05-5715","TCGA-LUAD",0,0.0122239991356246,0.012958547733778,0.0330840954844724,0,0.110206121755754,0.00261075406811646,0.00483184388709877,0.0132228703431905,0,0,0.00926554904101329,0.00200362808839798,0.382615943779955,0.0108163221663267,0.298360488474452,0.00498099900033128,0.0321810333847308,0.0651978927987636,0,0,0.00543991085799396,0,0.529760939701818,0.849348850938361
"TCGA-78-7155","TCGA-LUAD",0.0958501294520405,0,0.0149822797475305,0.268671694367369,0,0.0240212901611021,0.0817419574936525,0.0577834290671158,0,0.00956604419873411,0,0.0130587678469872,0.00572951090793118,0.0347852155262425,0.0954886092243572,0.170785720556411,0.123464825396248,0,0,0.00250593772212159,0,0.00156458833215717,0.02,0.195041784859386,1.00834659366404
"TCGA-55-6981","TCGA-LUAD",0.0492201234801576,0,0.0618488455447895,0.00653061554554339,0,0.181612002065171,0,0.0172042066012551,0.0230536611057223,0,0.00553057575007216,0.00607840208289992,0.0134574024210867,0.144933660089381,0,0.122581338144186,0.175413000627707,0.0796647433643843,0.101094180972455,0,0,0.0117772422051888,0,0.311829581412978,0.953914988379335
"TCGA-55-1594","TCGA-LUAD",0.0861910420588408,0,0.127890205759371,0.1055750766219,0,0.151083362786335,0.0115124699380232,0.0219093049201912,0.0107676167803586,0,0,0.0354440439350527,0,0.101524629236134,0.0990194189360869,0.135148417670066,0.0633561394772945,0,0.0302736055518614,0,0,0.0203046663284861,0.01,0.254421029260249,0.97632531610988
"TCGA-38-4627","TCGA-LUAD",0,0,0.0473557667326044,0.0259236811734698,0,0.220080687940349,0.00965000502731045,0,0,0,0,0.0128247870277861,0.118651071386284,0.0776983808611507,0.0516137480924896,0.270307448760502,0.0559429104940973,0.028295804676464,0.0558208783835843,0,0.0216754859451093,0.00415934349879933,0,0.515820815569847,0.861610157701342
"TCGA-05-4415","TCGA-LUAD",0.0222911906029198,0,0.138891461365418,0.127507487782775,0,0.104266127809414,0.0848469925572988,0.0483636763003553,0.00302680521157573,0,0.126951495166304,0.0104318966137612,0,0.0789690405825774,0.0900093174555574,0.0944661723383245,0,0.0158632047332156,0.0359554303142174,0,0,0.0181597011662859,0.01,0.257290406831613,0.979711010357695
"TCGA-55-7283","TCGA-LUAD",0.0104323568014496,0,0,0.10428588956182,0,0.195635011370033,0.00633748684869804,0.0421827076214511,0.0103120850557413,0,0,0.052133079735026,0.024108469746987,0.0445780554961259,0.0663704814404351,0.186845189917392,0.0856468041067688,0.025485093542511,0.138734184901803,0,0,0.00691310385375858,0,0.324113058665597,0.949644963666916
"TCGA-38-7271","TCGA-LUAD",0,0.179308044525358,0,0.177663594045904,0,0.136386655156523,0.0403181825840975,0,0.0741229316060977,0,0,0.0330646768584835,0.00123081306890878,0.0992720080320201,0.0397098436472371,0.135215272913531,0.0240149541839619,0.0198306923306335,0.0335519995053097,0,0,0.00631033154193496,0,0.317706609116366,0.953259573877956
"TCGA-97-8171","TCGA-LUAD",0.0258441929720818,0,0.0577200630633167,0.0134029219356152,0,0.126242441168187,0,0.0375574283591446,0.000189189039620422,0,0.00247178626431811,0.00612183039712138,0,0.316402013229373,0.0215275350882801,0.319905693065194,0.00535470640598953,0.0220091495924859,0.0428246790706125,0,0,0.0024263703486598,0.01,0.244761178146861,1.01115454350434
"TCGA-55-8205","TCGA-LUAD",0.0147994688424665,0,0.0638887023365818,0.15082044526534,0,0.0267125994522473,0.0900313704783963,0.0514971214147778,0,0,0,0.0392212454628405,0.0190631081290189,0.0444118550122615,0.0930403540892559,0.28212241734055,0.102793759822461,0,0.00777960215817712,0,0.00735956144991257,0.00645838874571305,0,0.439621635308199,0.897483141173959
"TCGA-75-5147","TCGA-LUAD",0.0247939810790089,0,0.111562701363616,0.00899711023781987,0,0.197715750404215,0.0132629116019659,0.0265487021982157,0.0604215848388524,0.00882904529937103,0,0,0.0235321135651941,0.0409266646748936,0.0845082678404401,0.188444989682569,0.119920935064418,0.0141357051226629,0.0573041506860461,0,0,0.0190953863407127,0,0.482178061368121,0.881563142937311
"TCGA-J2-8194","TCGA-LUAD",0.0051086284657573,0,0.0597683527185893,0.031804245061108,0,0.197091758820849,0.0480204309110569,0.000600856303890323,0,0,0,0.0213765400770172,0.0701915966120245,0.0318066670359517,0.0896314488610901,0.171130191408724,0.12621079905816,0,0.0767732319830962,0,0,0.0704852526826853,0.02,0.175708274723834,1.00795296351075
"TCGA-44-6147","TCGA-LUAD",0.0890714521326622,0,0.10693541537969,0.00068691841718123,0,0.244619377768675,0.0121185307570553,0,0.0514647652037634,0,0.00338662526062751,0,0.00578045585050583,0.178760144319157,0.0896234754137608,0.129423183505341,0,0.0105305629928175,0.0724961266426582,0,0,0.00510296635610429,0,0.391883026241766,0.919529920925452
"TCGA-86-8280","TCGA-LUAD",0.0332823938619242,0,0.0442163501037326,0.0592582931138404,0,0.234034447548668,0.0158966687843764,0.0542183911051843,0.0538192502695389,0,0.012837071889401,0,0.0123054569762769,0.124192980796641,0.11720641780573,0.0901081530764234,0.0766861253735606,0.0136785963406242,0.0537897255389655,0,0,0.00446967741511303,0,0.540858048921623,0.848280557082993
"TCGA-44-4112","TCGA-LUAD",0.0126630981969157,0,0.178441251931039,0,0,0.200118681752803,0,0,0,0.0291625469609146,0,0.0705107961746657,0.0058783660363193,0.0659852384355071,0.0423711571747301,0.191492946305422,0.0739724982092827,0.0167213072081029,0.0854747266769825,0,0,0.0272073849373148,0,0.362391319226357,0.93151880955439
"TCGA-53-7626","TCGA-LUAD",0.0509928425355833,0,0.0944303579826539,0.0586863723095963,0,0.270025277752023,0,0.0592089058041628,0.0158146554433133,0,0.00175734687744228,0.0263911611999332,0.0217014536513481,0.088497945490129,0.0856154495190575,0.130443810011978,0.0394178432031499,0,0.0278650372655558,0.00914538596738568,0,0.0200061549866881,0,0.343568672516869,0.940365037684142
"TCGA-55-5899","TCGA-LUAD",0.0319945674868339,0,0.0419384208392635,0.109966791184366,0,0.0206807536293436,0.0409385913365587,0.0446054249703026,0.0222492544021984,0.0242417940266566,0.0116869168585353,0,0,0.285032465315855,0.0795336042446439,0.245019273207817,0.00313968174708527,0,0.0389724607505404,0,0,0,0,0.321952614937517,0.960762588657108
"TCGA-38-4626","TCGA-LUAD",0,0,0.00854648057597751,0.0330247050727524,0,0.101870971050538,0.0117709907068958,0.00108911430508585,0,0,0.0229756655696606,0.00594622503702171,0.031205419938153,0.259463754656673,0.0200793542226272,0.285761831526592,0,0.0703534043092415,0.081178935279504,0,0,0.0667331477492774,0.01,0.297080804745286,0.978480364042317
"TCGA-05-4420","TCGA-LUAD",0.000494054165585859,0,0.245303186060656,0.0423938045671985,0,0.165252485482173,0,0,0.0567582659572679,0,0,0.0337063600487248,0,0.0496296261164649,0.0125058461477477,0.146959547972533,0.030534612725096,0,0,0.0216345383014988,0,0.194827672455053,0.02,0.214440763778891,0.996675817141288
"TCGA-O1-A52J","TCGA-LUAD",0.000744511565579411,0,0,0.0232814103486877,0,0.132718972801399,0,0.00552283474764327,0.0460044190871028,0,0,0.0349162955817853,0.212706906367889,0.0467669553200792,0.0107169970149545,0.279081374325389,0.0851698519200912,0.0500654528391343,0.061340819855704,0,0.00619611459366945,0.00476708363089184,0.02,0.223686085213066,0.998537802425048
"TCGA-78-7153","TCGA-LUAD",0.0550156026957376,0,0.227294251858589,0.120578361166695,0,0.158230195240693,0,0.0270811823423488,0.0434897729519135,0,0,0.118132511898354,0.00829715538911393,0.0322698108810885,0.0106990723728321,0.10557234971378,0.0217632771060693,0.0125957981980099,0.0579469408180537,0,0,0.00103371736672262,0.04,0.151701420353726,1.02049509550154
"TCGA-73-7499","TCGA-LUAD",0.0284720555195529,0,0.10241899472111,0.171756445714202,0,0.00520985242158106,0.112520379852976,0.0276159361895376,0.0550945952650055,0.0277116958399579,0,0,0,0.0591357481271937,0.179233096623122,0.0880561521885364,0.0852639743707016,0.0020907645660692,0.0554203086004539,0,0,0,0,0.631601950635547,0.797117852763539
"TCGA-44-5645","TCGA-LUAD",0.035028322178688,0.0217959969972735,0.0111198682742256,0.0289268580419846,0,0.232754089204877,0.0206767948297482,0.020635160041703,0.0425905435302616,0,0,0.0297571429164243,0.0222044370243774,0.0840402603596973,0.0401286299553978,0.106658153598293,0.166082186031636,0.0359784424259455,0.0963767618477184,0,0,0.00524635274174901,0,0.425676183332582,0.904851252635151
"TCGA-38-4629","TCGA-LUAD",0,0,0.111249367519708,0.0351857378451123,0,0.071993522532382,0.0154133683540322,0.0170654223250298,0.0103933984952556,0.00346701388200577,0,0.0873031219997268,0.00184358055994519,0.12422556821097,0.102758488021778,0.294089084963095,0.0433823657686335,0,0.0350229356356196,0,0.0138255062308048,0.0327815176559016,0,0.438128771722878,0.89815684795919
"TCGA-78-7159","TCGA-LUAD",0.0120245766165979,0,0.243037477096899,0.0418794416288778,0,0.227734112437997,0.0205750003902962,0.0193768157073873,0.0180148418527128,0,0,0.0706455670504718,0,0.121867636953744,0.0824991509603775,0.0564617203063328,0,0.0227355708162172,0.0104844800220253,0,0,0.0526636081600633,0.01,0.256323380988016,0.976731717288612
"TCGA-91-7771","TCGA-LUAD",0.0095993997912862,0,0.0786746911836716,0.0684407158261157,0,0.372061183628202,0.00596564606846036,0.0166554171908496,0,0,0,0.0327144456337658,0.0214586393383821,0.0263516408776869,0.0933652946163171,0.163355628310958,0.0340418185391492,0.00565598986993398,0.0716594891252214,0,0,0,0,0.434087192769075,0.900121071565822
"TCGA-55-8207","TCGA-LUAD",0.00202874930440347,0.0162214676994454,0,0.0131750376842179,0,0.184696105066767,0,0,0.00676983114191914,0,0,0.0409413509276645,0.0500582623922696,0.130853874705859,0.000211737168564074,0.274934808787837,0.103435658213314,0.0506457680837802,0.107649007090006,0,0,0.0183783417339519,0,0.34119368089575,0.945021588811213
"TCGA-MP-A4TK","TCGA-LUAD",0.025611077627739,0,0.160252825875974,0.00186496345699033,0,0.114276533907955,0.0141639649513535,0.00166253374941922,0.0405037071594827,0,0.02370450113553,0,0,0.329481527667062,0.0664782404146366,0.181973934674985,0.0319111168548442,0,0.0045112921803923,0,0,0.00360378034363712,0,0.595655642290697,0.810500399167646
"TCGA-44-7659","TCGA-LUAD",0.0118167364473532,0.0583002442062867,0.0976277721931959,0.0673906138817741,0,0.195856805329692,0,0.0318246624289623,0.0363354618852301,0,0,0.0290184450867881,0.00742125831801619,0.0543896343164702,0.0326461837781142,0.171908823127926,0.063171278755068,0.0535576182807556,0.0798643736245829,0,0,0.0088700883397843,0.02,0.217594730740541,0.987320873258519
"TCGA-35-3615","TCGA-LUAD",0.0618052479557242,0,0.122247864328177,0.0131176227619356,0,0.0860922173760488,0.0150129479238891,0.0443037150789216,0.011515159212995,0,0,0.00657736049533277,0,0.139478252467998,0.0390444886983118,0.298935537313309,0.0411533898863468,0.0285364820940114,0.0894013052289676,0,0,0.00277840917803113,0,0.388156322200469,0.921605399004637
"TCGA-86-7701","TCGA-LUAD",0.0691655060698045,0,0.199768915917636,0.0524281735022228,0,0.209157440300529,0.08377134147035,0.0449290170666541,0.0153974463258385,0.0261398947932699,0.018202862565263,0,0,0.0271882463597289,0.0499169541065458,0.0908340935340446,0.0467044363769035,0.0190356163725978,0.0396688236876053,0,0,0.00769123155100589,0,0.360464373333593,0.9325739136523
"TCGA-55-8512","TCGA-LUAD",0.0229118013039199,0,0.0528812193980943,0.100283129666266,0,0.160479005447728,0,0.00764630663752622,0,0,0.0386614181476529,0.0415306569795952,0.0725534758904344,0.107524161038551,0.000754368506092219,0.226536604156929,0,0.0482624530684046,0.0471892256482035,0,0,0.0727861741106024,0.09,0.103184347629628,1.04482971888012
"TCGA-55-A492","TCGA-LUAD",0.0187595270199803,0,0.368799529317552,0.0551081440181324,0,0.0523541782070815,0.010024312091378,0.058999974534132,0.03857164839397,0,0.0198027978382975,0.013785388149326,0.00942790107564508,0.0775603921353445,0.0357568297635254,0.157701060051954,0.0110955231013477,0.0173191473336201,0.053333572019726,0,0,0.00160007494898813,0.02,0.217224500648859,0.985431928385125
"TCGA-97-8175","TCGA-LUAD",0,0.00170798790987594,0.00910909595438204,0.0184202473059342,0,0.0804189745731117,0.0278840059440735,0.0211327223316694,0.0255138986083724,0,0.00606963319787393,0.00545368655046018,0.0578120801809595,0.0677382208963738,0.0497490238038903,0.150048075278428,0.363529805147452,0.0113247338434916,0.0683874822252947,0,0.00531051275334546,0.0303898134950117,0.01,0.282326361407043,0.975141476637476
"TCGA-35-5375","TCGA-LUAD",0.0203049610281276,0,0.177115962602162,0.134774239037405,0,0,0.0401659652526274,0.0389863551642991,0,0.0910088132920043,0,0.00642563993076998,0,0.0354535787512826,0.153385672615984,0.136633021045401,0.0651470404590098,0,0.0871154849689829,0,0,0.0134832658519439,0,0.470391555605271,0.883217490785984
"TCGA-05-4433","TCGA-LUAD",0.00439677475976806,0,0.00120972495997478,0.121665450352231,0,0.110570527286263,0.0162817948954456,0.0204115338326345,0.0190914092536822,0,0,0.0188628183690145,0,0.259912041281427,0.120818471399682,0.179910159334642,0.0293036984368653,0,0.0690507535965051,0,0,0.0285148422418645,0,0.397977494278464,0.921622750996538
"TCGA-55-8301","TCGA-LUAD",0,0.0408132472207673,0.109705410058945,0.123333014746775,0,0.0494330010267135,0.00986892341998901,0.0222280310756181,0.0689623082799404,0,0.0179789949446546,0.0217744180161456,0,0.15097100238788,0.263253540942064,0.070258654688441,0.00414068962990398,0.000309252565583643,0.0469695109965787,0,0,0,0,0.709918738628308,0.721746364331946
"TCGA-75-6212","TCGA-LUAD",0.140555012113995,0,0.0568080879290451,0.0157287643369414,0,0.120238233085734,0,0,0.0218880388176571,0,0,0.0477020317159898,0.007575399265807,0.0418985966270475,0.00692968461711688,0.199183097450316,0.146440048913009,0.0360194056905644,0.156536825406327,0,0,0.00249677403044922,0.03,0.159832578695398,1.01160529126869
"TCGA-97-7552","TCGA-LUAD",0.00504309061163106,0.0639514322361747,0.0619407662847096,0.354071010414831,0,0.0147615179165729,0.00137079391185406,0.0227942558669504,0.0491930501363891,0.0431686377702009,0,0.0306709913035427,0,0.112712654400853,0.0951878669820136,0.0669335913770466,0.0286461541628587,0,0.0452135817738185,0,0,0.00434060485055397,0,0.539129095598796,0.843816691138367
"TCGA-93-8067","TCGA-LUAD",0.0309579138699203,0,0.105422065103005,0.0706239714363505,0,0.107582315606573,0.00387763296285815,0.0639808897086643,0.00191694713514237,0,0,0.0784018577662514,0.000375587687275556,0.120904948644555,0.0733277367356895,0.178804443044503,0.0731608460849421,0.0215220676087954,0.0680074724492481,0,0,0.00113330415622684,0.01,0.271480481450823,0.970461604185195
"TCGA-78-7162","TCGA-LUAD",0.033783825674701,0,0.0307908026393835,0.134531039329838,0,0.292880629044449,0,0.0275393020122271,0,0.0105780294828932,0,0.0227711707112716,0,0.0456045320232877,0.0724483998140192,0.162156231012598,0.0346935564588249,0.0460180600249166,0.0862044217715898,0,0,0,0,0.331353950146813,0.948425038926456
"TCGA-69-8254","TCGA-LUAD",0.00459429994107482,0.0107569637628731,0.119146822462461,0.00225299642612156,0,0.184101344491669,0.00983763613683868,0,0.0104153678687647,0.0125851168976073,0,0.00664283267282644,0.0100316720975648,0.0746370494940925,0.151507625415015,0.183957877164505,0.0826531087386868,0.0186527029936642,0.118226583436235,0,0,0,0.01,0.241609543300755,0.986959147616343
"TCGA-50-5045","TCGA-LUAD",0.0688222839744377,0,0.102019212680968,0.0972393565533815,0,0.0651151652519534,0.0355797300961125,0.0685608937722252,0.0365807548613535,0,0,0.0142607188078966,0.0117311597616381,0.0168572751721432,0.103872541743526,0.14741522970827,0.145975975797561,0.0208150811042086,0.0608721588531115,0,0,0.00428246186121388,0,0.487275293646236,0.879143468071551
"TCGA-97-7554","TCGA-LUAD",0.0148573912747076,0,0.174948861533986,0,0,0.158362212232284,0.00803768521971989,0.00261513058508961,0.0562191854717804,0.0475682123964263,0,0.00278533999700662,0,0.174459179673543,0.0924361398967183,0.203226153019308,0.0208000387016608,1.80806544630877e-05,0.033695193189564,0,0,0.00997119615374225,0,0.411681037401197,0.910800689842178
"TCGA-55-A490","TCGA-LUAD",0,0.00189211187929331,0.0750542796447437,0.0787821142758066,0,0.122493373430314,0.00857169939666057,0,0.108419301976687,0,0,0.00939921948466563,0.0248480226967204,0.206963215518936,0.0320513296574094,0.225142663470042,0.0944943806857653,0.00358853783064067,0.00357501245840094,0,0,0.00472473759391494,0,0.324836176635047,0.953453047826547
"TCGA-MP-A4TE","TCGA-LUAD",0.0584850552828018,0,0.385780229922505,0.0340326253753651,0,0.0815823021062118,0.0162637002158566,0.0193780419576809,0.0658375048798139,0,0,0.0235982584455616,0,0.137833050092212,0.00276016743177885,0.0848158071517592,0,0.00669698347611783,0,0,0,0.0829362736623348,0.1,0.0982598314088509,1.03289997055357
"TCGA-55-8508","TCGA-LUAD",0,0,0.478608118737479,0.0651100923092213,0,0.0141851773748883,0.000242652184081029,0.00797455920868449,0.0549905104629991,0,0,0.0199343687471591,0,0.26779948993241,0.0163299029726734,0.0460418696981544,0,0,0.00470309177377416,0,0,0.024080166598476,0,0.402576172421747,0.917458133539836
"TCGA-05-4430","TCGA-LUAD",0.0225016869275519,0,0.0213130660365814,0.0490395251040168,0,0.0688284288877189,0.0125198336177861,0.0242463705880063,0.0372777743569723,0,0,0.0112425600604129,0.00389590965719454,0.178272825971708,0.0796889949089646,0.194512085247521,0.155792709411296,0.0485248624434691,0.0726853455510937,0,0,0.0196580212297062,0,0.551895879705184,0.838717832390186
"TCGA-50-5942","TCGA-LUAD",0.0615581651296653,0,0.178711746196321,0.0483090529544739,0,0.23276253085734,0.00806688197412745,0,0.0322563540257363,0,0,0.0581401606288111,0.0239519209359326,0,0.0302943903896113,0.0899061637448939,0.0616711180819134,0.00588037112020817,0.167089252860366,0,0,0.00140189110059981,0.01,0.282954680170776,0.962631644153039
"TCGA-44-2657","TCGA-LUAD",0.0913874559935924,0,0.121451479330335,0.205231488050382,0,0.0401574098994845,0.0390197299595858,0.0692839066561462,0.0306401761820219,0.0199183828621954,0,0.0312197995915012,0,0.0464877582764761,0.0664255979116371,0.117970988937129,0.0261809941686591,0.00387050545690956,0.0811130849885375,0,0.0024292824569742,0.00721195927843229,0,0.438640700008072,0.899201115842354
"TCGA-55-7281","TCGA-LUAD",0,0.00112050112823691,0.00309615346901095,0.0566042492305402,0,0.131318822997622,0.0243872029355345,0.0328229858164279,0.0326472802079941,0,0,0.0253482591109476,0.0311897915540759,0.0749716693533738,0.0765129093268003,0.121183773882782,0.288812028020049,0.0338542058213269,0.0627137809424607,0,0,0.00341638620281718,0,0.388529698626053,0.921720053760985
"TCGA-73-4670","TCGA-LUAD",0,0,0.149874008096738,0,0,0.164651788244761,0.00333346212164233,0.0213131317500296,0.0051983163469353,0,0.0220325839078658,0,0,0.23496709956023,0,0.132684360914788,0.00269184012897383,0.154633941497386,0,0.064118226460592,0,0.0445012409700568,0.09,0.100521931141153,1.05355117903906
"TCGA-55-8206","TCGA-LUAD",0,0.010236070037123,0.0257011217081602,0.0204186535174498,0,0.130552344646408,0.0154265707342085,0.0174894023748753,0.0199173489117524,0,0,0.0082370253218142,0.178981503483112,0.00423994274941633,0.00383686400499019,0.152986123632934,0.172214227313831,0.0228431241975551,0.180194681079883,0,0.0367249962864864,0,0,0.524555332580486,0.859841353136228
"TCGA-38-A44F","TCGA-LUAD",0.0546801088196127,0.0214224248077769,0.0922699057796008,0.0383135416443346,0,0.105869211815442,0.0115690811049133,0.05913609909372,0.0589209909451798,0,0,0.0381254728590638,0.00430234229259146,0.0727022384849959,0.134191254564801,0.0909473998155794,0.107456477874426,0.00314217094927099,0.100278706489105,0,0,0.0066725726595863,0,0.437636914472862,0.899198785280975
"TCGA-75-7031","TCGA-LUAD",0.030476351242694,0,0.0869001473884531,0.132687192443274,0,0.209546245846525,0.0617765499966888,0.00295943615027537,0.00493697775290318,0,0.0106787086002288,0.0178975843421051,0.00298910637705901,0.0785778824150376,0.126151428833693,0.156217237196034,0.0258958605879629,0,0.0383611932094688,0,0,0.0139480976175986,0,0.404006274303474,0.914156262289676
"TCGA-55-7724","TCGA-LUAD",0.0237263242672342,0,0.0580131671589842,0.0611744783897291,0,0.108040286341379,0.0341445792104492,3.35585470349304e-05,0,0.0426289657071223,0.000361289408864175,0,0,0.165510727913735,0.112046657421381,0.177535314414303,0.0552592900890168,0.0509894736329341,0.0593695663709617,0,0,0.051166321126872,0,0.526795348160283,0.852843094149996
"TCGA-55-6968","TCGA-LUAD",0.0208280338148094,0,0.121537098625267,0.0942473145355842,0,0.0560617911061867,0.0556415092778987,0.0271119320152437,0.0408656301892517,0,0,0.0298903385233702,0,0.302689437028955,0.112249604430753,0.105089235538017,0.0117817879001471,0,0.0213225474039323,0,0,0.000683739610584138,0,0.504712532745408,0.863388026217342
"TCGA-86-7714","TCGA-LUAD",0.00303826008326464,0.00116637667902009,0,0.0327032991772004,0,0.190957493408674,0,0,0.0217151963282411,0,0.0291960582669739,0.0123904543756164,0.0375452666189017,0,0,0.139597525431233,0.331703030543525,0.0610810189247298,0.122816375116393,0,0,0.0160896450462272,0,0.334480165008607,0.946797177466654
"TCGA-55-8514","TCGA-LUAD",0.0318484124961348,0,0.0321643505085776,0.0324788595283964,0,0.127839891768382,0,0.063652993176998,0.0229598187731811,0,0.00945477689254076,0.00730682349199186,0.108778995132965,0.116555469068494,0.064509861464765,0.260704514046529,0,0.066322041129008,0.0554231925220366,0,0,0,0.02,0.208712543453086,1.00128344150952
"TCGA-64-1678","TCGA-LUAD",0.00425368740899921,0,0.471405546938933,0,0,0.061274487530819,0.154258037422061,0.0276824546455007,0.0039121629451334,0.0466767796654793,0.0124541283010873,5.49123877815666e-05,0,0.0290919854897815,0.00755916236129309,0.0970025776305374,0.0154981468863568,0.0298181445801553,0.0274541001371051,0,0,0.0116036856689762,0.03,0.160787445779424,1.00694057558198
"TCGA-44-2656","TCGA-LUAD",0.0104684053355547,0,0.090777581422705,0.225292622805421,0,0.0276836277284264,0.0798295716883754,0.00323221603306655,0,0.0676873229987754,0,0.00694004206157756,0.012118680952195,0.0510651360815281,0.102943048099953,0.165849312914477,0.042596024032821,0.023424898515715,0.0671224618392974,0,0.0176350774739583,0.00533397001615283,0,0.498610982696816,0.869858678549155
"TCGA-05-4422","TCGA-LUAD",0.0219663510255142,0.00214300614738735,0.144634209925303,0.242260607041176,0,0.110533457970672,0.015228167180462,0.0567205878824142,0.0447149289573537,0,0,0.0331023789195676,0.0445485387633705,0.0432790292345488,0.0646720455479879,0.137588490121752,0.0179612930238889,0,0.0197282880536213,0,0,0.000918620204979687,0,0.328901105439049,0.947729834239403
"TCGA-93-A4JP","TCGA-LUAD",0.0306461696539547,0,0.0117417376368363,0.0355560683395204,0,0.0721495872928715,0,0.0288594785095991,0,0,0.00261861290940553,0.0153501798232308,0.0697555286481032,0.117567982231497,0.086191296818405,0.308249350070328,6.18651255639665e-05,0.0879943671298599,0.129102885654364,0,0,0.00415489015646093,0,0.358754962130179,0.938739649598893
"TCGA-55-6983","TCGA-LUAD",0.0506359214365737,0.115904755675091,0.0246417878495769,0.128405343264279,0,0.136124664859248,0,0.0575236185183024,0.0484528107381234,0,0,0.0484930989119636,0,0.143764644789492,0.0218772972673071,0.087461145031829,0.0610718643940305,0.010430173338878,0.0576603602359205,0,0,0.00755251368938597,0.01,0.292607467246118,0.962765431498035
"TCGA-55-6987","TCGA-LUAD",0.0100845381155537,0.0445737751594259,0.0568420820363158,0.266572195637376,0,0,0.153253292411349,0.0320470852221269,0.000916744909145147,0,0.0312124701599854,0,0.00287293210032472,0.143248634184337,0.136396763622998,0.0655967402380294,0,0,0.0488205768408972,0,0,0.00756216936213642,0,0.483867295073812,0.874926395689209
"TCGA-64-5775","TCGA-LUAD",0.0072167356920632,0,0.00969238534682072,0.0367560974097235,0,0.215525852136381,0,0,0.0180344379390825,0,0,0.0547916613265424,0.0065528468350133,0.256002354678095,0.0336491899825183,0.312962715444101,0,0,0,0.0421393044807458,0,0.00667641872891328,0.04,0.150419472176601,1.05484267669954
"TCGA-J2-A4AE","TCGA-LUAD",0.0670580185872661,0,0.214018023686984,0.0173385269258853,0,0.152247470222859,0.0153182955530405,0.029835994544946,0,0.00235056544132598,0,0.0385676727531753,0.00356008214174679,0.0193649111154382,0.098275290127236,0.116697657895456,0.0475997778657818,0.0430308769755841,0.127411074926964,0,0,0.00732576123631098,0.02,0.203519055107599,0.991807569574994
"TCGA-55-8621","TCGA-LUAD",0.0148403963761777,0,0.0922118224161487,0.0853113084974136,0,0.138560423750998,0,0,0.018329882636393,0,0.00495200506701492,0.0446143677776717,0.0169208744560002,0.133370913960763,0.0921437330224594,0.164581845911667,0.0653691274452543,0,0.114401435341003,0,0,0.014391863341036,0,0.327825802552631,0.947119692775125
"TCGA-75-7025","TCGA-LUAD",0.0190117261408351,0.0634629360292153,0.0386442962327317,0.0896647796899215,0,0.170843236555783,0,0.0274256299931714,0.0536934766959847,0,0.013909591577957,0.0258703959140344,0.0749950534763938,0,0.00121683779481954,0.0683385945740127,0.156897394774519,0.0914932813342011,0.102527481802535,0,0,0.00200528741388426,0,0.352811652563664,0.935358612306321
"TCGA-78-7537","TCGA-LUAD",0.0126821677092253,0,0.23272819714392,0.156986780790026,0,0.0741499614500737,0,0.000160720911467467,0.0647398859210645,0,0,0.0655052566491661,0.000204427432444911,0.0246770011284295,0.0045513104508922,0.196524643124317,0.0608445666587772,0.0385601435500209,0.0676849370801752,0,0,0,0.03,0.157881218918287,1.00948065710698
"TCGA-95-8494","TCGA-LUAD",0,0.00284395897299744,0,0.0207950491466171,0,0.0518595602330261,0.0500916884041084,0.0311954861739108,0.0137947840309552,0,0,0.0433547194531665,0.200990237464034,0.0455178131097261,0,0.0636212060195066,0.215958155059592,0.139483389844255,0.0986516265195487,0,0.0104966136035587,0.0113457119649983,0.01,0.259781268497223,0.979108691548914
"TCGA-55-7903","TCGA-LUAD",0.0743271072719455,0,0.0213983105376486,0.193674716340661,0,0.0311664541413672,0.0618207389955589,0.0216116512998985,0.0464053400234185,0,0.0517438927679328,0.00273800358996687,0.0165644802397094,0.0794974956872341,0.134350070941732,0.110712445042041,0.0550671442305621,0.0745260066789851,0.0167707491454139,0.00361888041860524,0,0.00400651264731904,0,0.391696206597834,0.921681522353786
"TCGA-NJ-A4YQ","TCGA-LUAD",0.0372808913309837,0,0.131110141529247,0.160047217202271,0,0.000208736537725217,0.020366230688595,0.0510295540433653,0.0440864423107248,0.0413987720578424,0,0.0445687236692461,0,0.223768873897842,0.0931383448207624,0.0931779782099613,0.00764964279581604,0,0.0521684509056175,0,0,0,0,0.571599372207257,0.831703068023129
"TCGA-93-7348","TCGA-LUAD",0.0329180788262822,0,0.173426063425753,0.0202330159576204,0,0.211209683017491,0,0,0.0637832561201181,0,0.00580962051454503,0,0,0.250804528521712,0.0726679233908308,0.0948339314531463,0.0334298473927012,0,0,0.0342859727850156,0,0.00659807859478522,0,0.321476045737519,0.95230670638985
"TCGA-86-8054","TCGA-LUAD",0.0665029808461703,0,0.0341648373080976,0.0584571490864448,0,0.246939534694525,0.0471497544654149,0.0177942118134635,0,0,0.0363743269992333,0,0.0130358920513986,0.131962100585197,0.0399957746807143,0.13958094851676,0.088986599782878,1.46275206957946e-05,0.0566148856192582,0,0,0.0224263760297486,0.04,0.144576738445939,1.02050090123849
"TCGA-44-2655","TCGA-LUAD",0.0419062849239169,0.0286297279124511,0.111149544238356,0.0289006753777299,0,0.210808811300012,0,0.0429796750247385,0.00445175543903178,0,0,0.036313173214994,0.00554879162459842,0,0.0212353539090478,0.195709832678412,0.1694741368291,0.0245880018957268,0.0601578258367108,0,0.00771589542301744,0.0104305143721557,0.01,0.287530546217204,0.960633377071071
"TCGA-50-5936","TCGA-LUAD",0.00567197913727678,0,0.0501006985893983,0.0169707520244875,0,0.0949327082300399,0.0134442337810682,0.0481363934503567,0.0293350002590913,0,0,0.00398410367261179,0,0.477292589471826,0.00710100049554793,0.157311824495232,0,0.0562236748810956,0.0301461261608815,0,0,0.00934891535108709,0,0.563751859954212,0.826333722936738
"TCGA-50-7109","TCGA-LUAD",0.0569022009616082,0,0.192499632657955,0.180275396395922,0,0.0318524657824287,0.037345490714255,0.0299208797326284,0.0224077696283597,0,0,0.0461280764767187,0,0.108227234485809,0.122385275621803,0.0904856150645704,0.00542042013028704,0.0121978659763166,0.0567381452237852,0,0,0.00721353114755336,0,0.320751111106506,0.950254809239574
"TCGA-49-4488","TCGA-LUAD",0.0217300532037854,0,0.0955427852497207,0.0686790934245663,0,0.134688164236456,0,0.0150432222852444,0.0628030305679656,0,0,0.0610197351608988,0,0.13933002739448,0.0950141484188633,0.145296336116398,0.135380028000014,0,0.0215218464045886,0,0,0.00395152953701882,0.01,0.236291292564351,0.988148450393406
"TCGA-38-4630","TCGA-LUAD",0.0310932477371911,0,0.02426210218822,0.0941042775805375,0,0.298525855209742,0,0.00215791438104342,0.00516948672327323,0,0.033005015201076,0,0,0.198164452843449,0.0879174521264434,0.178121272239561,0.0255920882169216,0.00234197453663071,0,0.0195448610159116,0,0,0.02,0.211604140358567,1.01049086602171
"TCGA-78-8655","TCGA-LUAD",0.0174605750771307,0,0.0209505051628359,0.135082514208627,0,0.101199910133133,0.022493320588317,0.0144474754485558,0.0529852399432309,0,0.0152294014944498,0.0131270382274982,0.0148065858444958,0.236240625726652,0.0734656733872301,0.169977964634172,0.0331691020898316,0,0.0761896845266527,0,0,0.00317438350718612,0,0.4566051179721,0.888893349934586
"TCGA-75-5125","TCGA-LUAD",0,0,0.0757780568264443,0.137623211489683,0,0.0820389049099011,0.0643648615093321,0.0405542703464058,0.0171953638148307,0,0.0266053469239411,0.0031361574093234,0.0259544043669158,0.0146178610858787,0.139298573823168,0.17027062083168,0.0945727768503627,0.0443810793985237,0.05098416278013,0,0.00199719695351893,0.0106271506799602,0,0.577883789137375,0.829358897685891
"TCGA-78-7167","TCGA-LUAD",0.0369160325038008,0,0.116080882292889,0.127498559332267,0,0.155708169811516,0,0.0400869189470741,0.0504353169053746,0,0,0.0375708290652095,0.0409689026498988,0.0432733567138239,0.0755826212600715,0.147715118025223,0.0481623795814634,0.00198024470220698,0.0780206682091821,0,0,0,0.24,0.0625803104455073,1.04775317075106
"TCGA-86-8585","TCGA-LUAD",0.00593582146554548,0.0368662893215107,0.0165908030521642,0.138421464807103,0,0.0923038664151822,0.0329002932417766,0.0620837029756312,0.0830651331194508,0,0.0366935820144011,0.00445563683264006,0.0177653749576391,0.203440600890195,0.0645420630483398,0.144324156856567,0,0.0315765371728481,0.0290346738290058,0,0,0,0,0.500138506877512,0.86702908359719
"TCGA-44-7670","TCGA-LUAD",0,0.0197106686955623,0.0661259635904167,0.141692071811697,0,0.0483437805472346,0.0517902961785503,0.0646703521476093,0,0,0,0.0440695379745404,0.00274925613812493,0.228908443593273,0.11198881006931,0.0554975355326187,0.118762804947842,0,0.0302903162075841,0,0.0116126267029459,0.00378753586268936,0.02,0.20890510731346,1.00514259969936
"TCGA-97-7938","TCGA-LUAD",0.0275857856391366,0,0.0137210310197329,0.0958636619950793,0,0.0883139152369947,0.00520458814767713,0.121415391396148,0.00635048101549045,0,0,0.027354905424517,0.00986531532753252,0.0687418405424449,0.0937127133941849,0.237573197763222,0.0353991287649191,0.0606643501803312,0.0756024793435685,0.0179667136304661,0,0.0146645011785547,0.03,0.162263676759157,1.02105906802567
"TCGA-62-A472","TCGA-LUAD",0.00938694222179428,0,0.041509495861477,0.202329836359638,0,0.0855825728062859,0.00495865763968583,0.0379892913217588,0.0458252356456416,0,0,0.0664398671076613,0.0105329765253136,0.0338008481125569,0.0969116283422568,0.141746269075809,0.104235055432015,0.0079845819692358,0.108665208672452,0,0,0.0021015329064181,0,0.359161164231666,0.934902255328374
"TCGA-67-6216","TCGA-LUAD",0,0.0709507806627601,0.0481641193144978,0.103047414555,0,0.137006742847766,0.0103488708116472,0.0136161601560266,0.0509906956408075,0,0,0.050276932068013,0.11378260985483,0.00697005539119854,0.0301557444666167,0.0895824048407601,0.141173433183091,0.0316715587768174,0.101008296812491,0,0,0.00125418061767758,0.18,0.0694081355244236,1.04180084696286
"TCGA-44-5643","TCGA-LUAD",0.0527977979521691,0,0.0434629850643897,0.0947448358395785,0,0.174258330284695,0.102647833180319,0.0313666959677962,0.0153251237164684,0,0.0645798075662343,0,0.00848932643467795,0.110094348303891,0.0878843722999815,0.11340196627702,0.0624423904197877,0.0229247199425078,0.0152754167601381,0,0,0.000304049990346203,0,0.44761842455041,0.894036343802809
"TCGA-62-8399","TCGA-LUAD",0.0145190513557261,0,0.104136244755306,0,0,0.258393417816333,0.0451243602583082,0.00928248449109021,0.0185397835393562,0.0171669330744748,0,0.0317281154713618,0.0572278731776794,0.0363602556777729,0.0493089248199177,0.141743877647816,0.00293592653890685,0.0585653488387372,0.0852264407251141,0,0.0310398323069143,0.0387011295051859,0.12,0.0878273025498528,1.03469663030805
"TCGA-50-5946","TCGA-LUAD",0.0577445427011616,0,0.0705681427369381,0.15388434703045,0,0.122937747336745,0.0381140894851499,0.0713808633608167,0.0206510457802347,0,0,0.0296006743952832,0.0131564853451939,0.0883678767949255,0.072202728717376,0.136268578005846,0.0347648602179325,0.034010399179952,0.0501721574839709,0,0,0.00617546142802297,0.14,0.0843558113802829,1.04457967738713
"TCGA-86-7955","TCGA-LUAD",0.117709848581105,0,0.0691500754292437,0.128699510562404,0,0.162541358722183,0.0222461820389447,0.0547580472258153,0.0716615095780412,0,0.044750344262954,0.0329777778446614,0.00380354737044579,0.0842361058093948,0.0679827546858346,0.0425514329964916,0,0.0370235489138523,0.0599079559786293,0,0,0,0.19,0.0682302997848485,1.0601988841435
"TCGA-86-6562","TCGA-LUAD",0.00229139830886845,0,0.116657143808879,0.0419295356629386,0,0.158677911223124,0.00768583621463547,0,0.0504554613432077,0,0,0,0.00060470470896376,0.1889475690667,0.0283848394134287,0.298707402333379,0.0195100711458011,0.0267215136698978,0.031292135073616,0.00092362017201453,0,0.0272108578545469,0,0.386043920381942,0.924095035054874
"TCGA-55-8208","TCGA-LUAD",0.0121064494995357,0.0014439128098585,0.0753750203101386,0.0219104522935782,0,0.163887014441815,0.0165647672567191,0.0471453285450531,0.0307032134127385,0.031274962254185,0,0.0405941854023955,0,0.163971083294752,0.142552855950065,0.172861526755829,0.0152958370032154,0,0.0482639525916827,0,0,0.0160494381784379,0,0.512177558779851,0.860156139543802
"TCGA-97-7553","TCGA-LUAD",0.03882631150516,0,0.0404510930480851,0.0483675640660586,0,0.187261719576109,0.00409036133092234,0,0.0193129076097914,0,0.0180865545076167,0.00549515763777847,0.013384126512256,0.199283045659917,0.0522648478389127,0.202060886391556,0.0720680611879148,0,0.0573073802845213,0,0.00212032346585555,0.0396196593775456,0,0.316175684950825,0.955614450891848
"TCGA-44-6779","TCGA-LUAD",0.00969556593265767,0,0.0117516806275748,0.247905677506969,0,0.090755161754466,0.0377360510730443,0.00857246069541428,0.0414459772687587,0,0.0575618324372648,0.00577792101294038,0,0.079565328189676,0.15633235905899,0.182182399122613,0.00691930205494135,0,0.0487614239524561,0,0,0.0150368593122338,0,0.50120272210003,0.864716092754135
"TCGA-75-5122","TCGA-LUAD",0.0202619075903326,0,0.0108847930565334,0.264832550706875,0,0.105862694931951,0.0353803475924631,0.0201368640827161,0,0.00899755139587356,0,0,0.0371210890427962,0,0.0495587112114092,0.298740951820928,0.0944020893229461,0,0,0.0409998332823923,0.00945588107617793,0.0033647348866048,0,0.505256280046762,0.864446685158275
"TCGA-49-4507","TCGA-LUAD",0.0170875995068838,0,0.0682337822977846,0.366798085452682,0,0,0.0837633627430272,0.0128757503938954,0.0124341606577848,0,0,0.134592877651566,0.00527127905283793,0.0447726070565103,0.0659529538846008,0.102596091925391,0.0187688997945204,0,0.066852549582516,0,0,0,0,0.447542496385309,0.895962505776031
"TCGA-NJ-A4YG","TCGA-LUAD",0,0.0105615830589417,0.0445704411971675,0.0513663833847815,0,0.170634306550934,0.0103694022928988,0.0409744699117727,0.0306539746483648,0,0,0.0425170522249104,0.0459658788428151,0.0668014441891897,0.0372441527170862,0.185152208122145,0.131052698054045,0.037473461476517,0.0786920884179097,0,0,0.0159704549105206,0,0.35421807886048,0.935136032728589
"TCGA-55-8615","TCGA-LUAD",0.0163098583650718,0,0.00851147017404747,0,0,0.0940807222942074,0,0.0799990759426202,0.0902508576629326,0,0,0.0181818806119931,0.0047532168589451,0.494394797455701,0.0135347637693659,0.092927682036924,0,0.0610540850632989,0.0260015897648927,0,0,0,0.03,0.172764672495585,1.06810207168981
"TCGA-50-5066","TCGA-LUAD",0.00208148205233947,0,0.220719768269367,0.19550552821214,0,0.0321103780330233,0.0778805285299869,0.0115432176134494,0,0.0214735100878145,0,0,0,0.0592435628211555,0.0766164328938218,0.243247422362429,0.0379087822845063,0,0.014160788421964,0,0,0.00750859841800302,0,0.515155235569747,0.86637464775484
"TCGA-86-8359","TCGA-LUAD",0,0,0.0875737277692316,0.281766681673592,0,0.103289207686457,0.048242304964814,0.0944115924163434,0.103956819151983,0,0,0.0285357986043771,0,0.107712078366832,0.0544208118850516,0.0284184244696472,0.000995335445983875,0,0,0.0121737632666628,0,0.0485034542990253,0.01,0.285953491865637,0.977333219343213
"TCGA-86-A4D0","TCGA-LUAD",0.0670229201953693,0,0.138597425255333,0.0233711085747337,0,0.0323905128823881,0.16972864190754,0.0464444086089825,0,0.0166052726750037,0,0.109174675378047,0,0.0244920034340282,0.0708720125131314,0.175295513100271,0.0795661296240548,0.000384169955152242,0.0381068672292799,0,0,0.00794833866668445,0.02,0.224646128052263,0.988519806633252
"TCGA-97-8552","TCGA-LUAD",0,0.0649971280536645,0.0223430430380025,0.0511306946040986,0,0.174682731471635,0,0.0173352044036434,0.0187513973613342,0,0.00509111424406888,0.0182430310134452,0.0432069433463814,0.00769579329326893,0.0262294104225278,0.196084023717334,0.172574452452405,0.0220484344466672,0.147453893195622,0,0,0.0121327049359021,0,0.391579510798901,0.919581498948984
"TCGA-69-7763","TCGA-LUAD",0,0.00789243071514914,0.175877085620434,0.0644794167268182,0,0.218663552249028,0.0268440364870055,0.00733766258134911,0,0,0.00308783959973359,0.00398509960293919,0,0.103619903753842,0.0145964626119515,0.234838961863007,0,0.0745763329226129,0.0444654883075242,0,0,0.0197357269586066,0,0.319058161567276,0.949805613582633
"TCGA-73-4675","TCGA-LUAD",0.0201033584716032,0,0.0298613144694736,0.033590261931378,0,0.0678074785471157,0.0151165369372538,0.00642678554004588,0.0392361719545204,0,0,0.0183050963116015,0.0106248345534852,0.263276159141252,0,0.169098899944741,0.172391656524052,0.0545787580578346,0.074518113630892,0,0,0.0250645739847514,0,0.309817784343865,0.965829801717098
"TCGA-50-5931","TCGA-LUAD",0.0785189297503908,0,0.057337112633588,0.0902794223843043,0,0.0467270265001565,0,0.130212996555466,0,0,0,0.0233834503074494,0,0.350613132980049,0.0673558174078444,0.0756249699684768,0,0.0639225654635532,0.0160245760487224,0,0,0,0.07,0.133006093920919,1.05254907315819
"TCGA-67-3774","TCGA-LUAD",0,0.0207376312597187,0.0948978533774436,0.0965656571456938,0,0.193187309747833,0.0170299111374857,0.0264163845675137,0.000483839184898795,0.00181466672764334,0,0.059769935937238,0,0.0895090248447114,0.0922519865173188,0.142701481169911,0.0116908654305904,0.018753852012562,0.0969997987269556,0,0,0.0371898022124818,0.01,0.284497767233162,0.965706803591435
"TCGA-55-8299","TCGA-LUAD",0.0143165666825724,0,0.00167205918058025,0.238847006353794,0,0,0.025824146045475,0.0439788968663286,0.0349633298182387,0,0.0416199790097971,0.0301790580532913,0.00542362908226703,0.0755912142997312,0.14508092475853,0.107191341232039,0,0.152759120292408,0.0767752087133744,0,0,0.00577751961157354,0,0.648394216433244,0.771816261780515
"TCGA-50-5051","TCGA-LUAD",0.0218094455737953,0.0541971081680342,0.1436882811811,0.0857974937295104,0,0.0475544598778658,0,0.0608376817340112,0.0862610544402398,0,0.00237323773891684,0.0133929514669416,0.00721615221149557,0.139187878185829,0,0.0637737506653782,0.139516961020678,0.101417202089574,0.0310865814786213,0,0,0.00188976043800939,0.02,0.206492889081049,0.992366857808547
"TCGA-75-7027","TCGA-LUAD",0.00808158820567172,0,0.184974680535844,0.0186518321331905,0,0.0958478087484785,0.00302600080104943,0.0182112216850555,0,0.00313269045307924,0,0.0198906411527211,0.000625677255341007,0.16876848308307,0.0797499434135516,0.210280258008362,0.0398604973274487,0,0.145365983657582,0,0,0.00353269353955463,0.01,0.269901414154441,0.97278402246854
"TCGA-64-1676","TCGA-LUAD",0,0,0.0763814377537857,0.110804028510867,0,0.073987822926888,0.0291925368544244,0,0.00296214913410462,0.0363966689353968,0,0.0229915282938762,0.0824679043315479,0.0722226382555695,0.0585757253696711,0.306772409367414,0.092360832863163,0,0.0348843174032918,0,0,0,0.01,0.273177057516699,0.973341429520062
"TCGA-05-4397","TCGA-LUAD",0.0222625007235666,0,0.0488690907371718,0.0416487528910424,0,0.07538867963623,0.0424635026101818,0.0160504712243697,0.0232642557788069,0.0047247101157333,0.0144228288030003,0,0,0.0872318662170564,0.126791280481939,0.317197196330377,0.00325061517864879,0.0857239452628295,0.0587437741985297,0,0,0.0319665298105168,0.01,0.260133874011605,0.98747475695373
"TCGA-95-7043","TCGA-LUAD",0.0446730568394705,0,0.152994145681219,0.207011092342301,0,0.0156876513463829,0.0277610555382827,0.029263260216945,0.0889706295166701,0,0,0.0306044776523822,0.00671991257188892,0.0981027568299563,0.0675968721854359,0.143219415167405,0.0329934277045254,0,0.0450853248800097,0,0.0093169215271257,0,0.53,0.0299204087274739,1.06012765869657
"TCGA-86-7954","TCGA-LUAD",0.0248382151646539,0,0,0.0261789430012049,0,0.183545111032958,0,0.0677496929179244,0.0197536952407779,0,0,0.0594813678193463,0.00526045527509277,0.0361579001441088,0.196563953194287,0.195907783662372,0.0106349596138246,0.0750942046845511,0.0961276882672776,0,0,0.00270602998162104,0,0.600715896286717,0.803619668697157
"TCGA-49-6767","TCGA-LUAD",0,0,0.00558392880572202,0.208813157201995,0,0.0590587447352593,0.0585239062664723,0.0117944881282723,0.0391052545451456,0,0.00541610617815555,0.0226729307556257,0,0.371406912167177,0.0893011298340552,0.093690258697067,0.00806118701992737,0,0.0265719956651252,0,0,0,0,0.378646567526278,0.936970752043158
"TCGA-73-7498","TCGA-LUAD",0.000158347236800182,0.00593877416385322,0.146621152576174,0.0657593649837945,0,0.27537410601285,0.00430596310825122,0,0.0466981931686083,0,0,0.0270451649115072,0.059427812863934,0.0150434332583568,0.0302888120204997,0.171125664840267,0.0355528296838715,0.0217222463847164,0.0949381347865162,0,0,0,0.01,0.283255366422959,0.962918310470489
"TCGA-97-7937","TCGA-LUAD",0.00112210588964743,0,0.0872328713481933,0.00719824917597311,0,0.0683777912284239,0,0,0.0677434346165952,0.00952353711105233,0,0.0237301705581806,0,0.316388670802685,0.0405513926977598,0.230005221575225,0.0483711584328138,0.00199224745160512,0.0884237819029943,0,0,0.00933936720885096,0.01,0.236633385435859,1.00627036039563
"TCGA-05-4424","TCGA-LUAD",0.0293404063868254,0,0.0154920698726027,0.0873895021203573,0,0.193058090845879,0.0257955998382013,0.00950421693515507,0.00336477901956096,0,0.00519383057200892,0,0.0664992255176691,0.138937644078892,0.112144077790406,0.209974730524331,0.0255874399260948,0.0118385004890847,0.0572757458786925,0,0,0.00860414020423976,0,0.401516061032907,0.915843863812307
"TCGA-91-6829","TCGA-LUAD",0.107245006175046,0,0.0460371722846522,0.0916736519858906,0,0.0410971013016418,0.0335559362169118,0.00331545592266378,0.0312384316129318,0,0,0.00412052834199208,0,0.191908822067095,0.0209292195061563,0.237702182679774,0.0153051684879412,0.0335092611332863,0.131613585113925,0,0,0.0107484771700919,0,0.314877479713317,0.954649129932456
"TCGA-05-4427","TCGA-LUAD",0.0263610579158619,0,0.0896947798894392,0.0245578517334115,0,0.18478974381317,0,0,0,0,0,0.0834837035057791,0.0282447037334183,0.0921432519124542,0.0744862173021428,0.194607268615884,0.124843638312447,0.00924613848780573,0.0563522700555713,0,0.00390832332876177,0.00728105139385226,0,0.373165384965361,0.927572150223038
"TCGA-55-6978","TCGA-LUAD",0.00559987551229816,0,0.0288492892947977,0.257864124602505,0,0.0999131346510583,0.107175628086427,0.0373669446370305,0.0177698905880535,0,0.0126803874595853,0,0.0221930745701627,0.0742737871787165,0.112146181133835,0.121566815152291,0.0787134605447485,0,0.0238874065884897,0,0,0,0,0.469273924504853,0.882509507173238
"TCGA-97-8174","TCGA-LUAD",0.0156136759137774,0,0.089079118082961,0.0567905864479141,0,0.273385282141917,0.00861424659151145,0.0188824101712854,0,0,0,0.0131989412248601,0.0255958791285905,0,0.0952426234684022,0.244227833219042,0.0243161141384878,0.0161311316832967,0.110295015566842,0,0,0.00862714222111224,0,0.402946583274688,0.914452682190002
"TCGA-05-4410","TCGA-LUAD",0.00536959398719173,0,0.19014641509662,0.101217026245931,0,0.201780301997031,0.0451478275224461,0.00968475567319787,0.0103524938069149,0,0,0.0351938479516055,0.00781668838491624,0.0230403207878077,0.127254414356981,0.172056828712009,0.0232957630813478,0,0.0476437223960002,0,0,0,0,0.463275959570146,0.887325555744858
"TCGA-62-A46O","TCGA-LUAD",0.1246647958832,0,0.273010582691684,0.0546765309745616,0,0.0343504819479362,0.0685766463582065,0.0376945125718359,0.0272318336776896,0,0.0185560173033316,0.0269416900062511,0,0.161638209903343,0.00405976435089634,0.0285241686364951,0,0.0847372308024741,0.0553375348920945,0,0,0,0.28,0.0597292003095289,1.04073915962032
"TCGA-73-4659","TCGA-LUAD",0.00311156368675114,0,0.0566403702812268,0.0405312067269148,0,0.124844811885019,0.00920593304939283,0,0.0284679295053626,0,0.0350285252914382,0,0.0240094481549664,0.0513026189202012,0,0.416571874600915,0.0543742761487443,0,0.114120167757213,0,0.000661628476559763,0.0411296455152959,0,0.316200001583441,0.957025260061966
"TCGA-62-A46R","TCGA-LUAD",0.0287784023189395,0,0.00131330113823419,0.0827111296794363,0,0.209436109202756,0.00957962248893414,0.00225765949015335,0.0425892033481196,0,0,0.0395034870316284,0.0602535890645421,0.0763625732645346,0.0196915211043331,0.145097068293046,0.030891574887121,0.105621999738028,0.145912758950193,0,0,0,0,0.334881211472677,0.944278046902158
"TCGA-67-3771","TCGA-LUAD",0.0124457656070742,0,0.188490158667422,0.0131373528033893,0,0.0826654677975771,0.0256829916191516,0,0.0146874926220107,0.0282361496749852,0,0.0434699970797671,0,0.172453341466852,0.138370990045881,0.180923981038889,0.044129558774687,0,0.0485699342388048,0,0,0.00673681856350907,0,0.585053957182989,0.823351618720389
"TCGA-80-5611","TCGA-LUAD",0,0,0.00643250550890874,0.0193829566174345,0,0.0655246073971417,0.0136453796864233,0.017797913765465,0.0412658914217016,0,0,0.0379927973266674,0.059893692369867,0.3425311274622,0.0805949144832465,0.156090262028513,0.0987288585087907,0,0.060119093423641,0,0,0,0,0.486804091104561,0.873676330223639
"TCGA-55-8092","TCGA-LUAD",0,0.0250436479421742,0.338832813615675,0.259262850932355,0,0,0.0463665263435751,0.0169511455680746,0.0488482018020625,0,0,0.0200622328274412,0.00199642993199657,0.0360586436191139,0.112255142809516,0.060277118432724,0.00522736654473878,0,0.0288178796305533,0,0,0,0,0.52703855731621,0.857295989087327
"TCGA-MP-A4SV","TCGA-LUAD",0.0108039935782729,0,0.0602179864317461,0.189236883099804,0,0.106548418933063,0.0453878022060916,0.0394738026138112,0.0814563304376638,0,0.0394334269433507,0.0126652456695199,0.00709280769974692,0.0885382511324475,0.136325631569628,0.0898751154216738,0.0258968332972838,0.0163428003754484,0.0507046705904496,0,0,0,0,0.500528312324636,0.866025634185142
"TCGA-44-A479","TCGA-LUAD",0.0467156487190049,0,0.166572967843952,0.0984624405664522,0,0.176656079826346,0.0524159207320729,0.0247493882539103,0.0170004081565253,0.00389262976396041,0,0.0411548613752273,0.0051513348881744,0.0430903380865873,0.106943394404,0.115784908793687,0.044010553628651,0,0.0573991249614494,0,0,0,0,0.511899077636713,0.867157939198953
"TCGA-55-6642","TCGA-LUAD",0.00392160478937759,0,0.343919207723245,0.0649873445913726,0,0.113515608464746,0.0877064882216197,0,0.015677343813826,0.0240929783488143,0.00326460307871957,0.00652605759704371,0,0.165245767063808,0.0350382351383817,0.094486810680899,0.00367990801115708,0,0.0379380424769894,0,0,0,0,0.402956422034439,0.917198183937021
"TCGA-50-8460","TCGA-LUAD",0,0.040069673897007,0.0942130590966862,0.0688967643363535,0,0.113353516873407,0,0.0402139853862317,0.0600110301459855,0,0,0.0429971856057342,0.0683030955045022,0.00727021892096457,0,0.0903739227362478,0.13144142996956,0.083997152289136,0.158858965238184,0,0,0,0.5,0.0324269955874701,1.05160047638129
"TCGA-55-A48Z","TCGA-LUAD",0.0543542945902271,0,0.115510169903198,0.0453917118191343,0,0.145525705576634,0,0.0227180604368139,0.0459848435727661,0,0,0.0197014491071158,0,0.251900630587914,0.079608196391765,0.158069049309984,0.0304348179821638,0,0.0308010707222833,0,0,0,0,0.463839931510285,0.885733724647716
"TCGA-78-8640","TCGA-LUAD",0.0417127397317663,0,0.209983467241474,0.0266593271955681,0,0.0309559651922835,0.0331582683370365,0.0451853459400356,0.0056564241680046,0,0,0.0366466337803266,0,0.291167850295146,0.116645769951904,0.150798734213708,0.00608565395272417,0,0,0,0.005343820000023,0,0,0.372050576358352,0.933057046168789
"TCGA-95-7947","TCGA-LUAD",0.00930960973591025,0,0.0558472251862715,0.00950105853483799,0,0.319212624473409,0.00465713877435863,0.052645407616387,0.00718799081912321,0,0.00864062455299873,0.011148390242581,0.0128362118072037,0.131249164639325,0.159911264194855,0.170037919377926,0.0237652674098805,0,0.0240501026349326,0,0,0,0,0.443401107278962,0.895862105585399
"TCGA-L9-A443","TCGA-LUAD",0.0461314670583421,0,0.0528687660652471,0.0265942366328774,0,0.320150740091442,0,0.0473716579002143,0,0,0,0.040507809173391,0.0159385923749026,0.0844720474114089,0.157189040900209,0.137506993736631,0.0370693684940457,0,0.0341992801612894,0,0,0,0.01,0.287858859833366,0.971923002096138
"TCGA-53-7813","TCGA-LUAD",0.00387194040565629,0,0.396293902651772,0.176583672549241,0,0,0.113465892728272,0.023097857194068,0.024910394518963,0.0323960575595035,0,0.0314580740963927,0,0.0444225654332254,0.051583398727976,0.0223836506518817,0,0.0444897542763768,0.0329797961770916,0,0,0.00206304302958075,0,0.394162012919498,0.919386382356298
"TCGA-78-7145","TCGA-LUAD",0,0.00196341271175096,0.0168764068300456,0.0122007890318059,0,0.128222702662699,0.0228883469734437,0.00883415787977409,0.0144482547668347,0,0,0.0116107691183813,0.0228639824150308,0.209199848274331,0.0177228374690077,0.181734823118513,0.185217426267976,0.0679775189523855,0.0887186832842972,0,0.00209579660260952,0.0074242436411146,0.02,0.220716341534797,1.00497406322625
"TCGA-44-8120","TCGA-LUAD",0.0304989580342729,0,0.13156260412014,0.045932724478396,0,0.132442830820552,0.00146238848263924,0,0.019618797843294,0,0,0,0.0162367467481234,0.0602693249026931,0.0130426678969822,0.196245649340167,0.126367513309134,0.0427170624159608,0.159321310982602,0,0.000230787342277795,0.0240506332827647,0.01,0.264324128316677,0.970140231284166
"TCGA-55-6985","TCGA-LUAD",0.0294497119688622,0,0.0889576384240533,0.0175223574690265,0,0.177397675911432,0.0633951853557104,0.0360290361135408,0.0139172847724927,0.0251203357158537,0,0.0453766684414882,0.003488501246355,0.15041945270213,0.112530813900056,0.0782998861117778,0.0423137578642542,0,0.106079584990027,0,0,0.00970210901293986,0,0.389180632087944,0.920491660758127
"TCGA-44-7662","TCGA-LUAD",0.0114225827084741,0,0.139580740289815,0.10611933105631,0,0.0255635679464953,0.0145412358139284,0.0375268946317827,0.0442451644928167,0,0,0.0552067462166107,0,0.241446119285326,0.0598159918761148,0.197730588688094,0.0187137852132864,0,0.0293850067834772,0,0,0.0187022449974687,0,0.481076235230069,0.876866154018312
"TCGA-71-8520","TCGA-LUAD",0,0.000440566809111164,0.0444992218204676,0.00743861231900131,0,0.168703223092916,0,0.0225765033288746,0.038865006173716,0,0.0387869622884342,0,0,0.296901615695409,0.0564191876586829,0.180298997145441,0.0435816783679014,0.0285488087929813,0.0729396165070638,0,0,0,0,0.320325517200428,0.959810783641829
"TCGA-44-6145","TCGA-LUAD",0.0143268343565926,0.013977082532632,0.135881849153085,0.244013824537491,0,0.0548855707533204,0.0654743864906112,0.0125233456154625,0.0143175775392662,0.00654468959493834,0,0.0268404738374882,0,0.0757841045935079,0.102295541538872,0.116722390522212,0.00832663540222299,0.0380434085541101,0.042877929666277,0,0,0.0271643553119106,0,0.470176862566019,0.883273071404903
"TCGA-MN-A4N5","TCGA-LUAD",0.0127076621987358,0,0.00393724748583197,0.0883359375570338,0,0.220515773756881,0.00244125053293638,0.0819327530791254,0.00450367612734179,0,0,0.132805041384155,0.0097783121020701,0.0876834267002948,0.136858543926489,0.124634438369825,0.0129372212923895,0,0.0808138632197062,0,0,0.000114852267184379,0.01,0.277456515545975,0.984830482158881
"TCGA-MP-A4TC","TCGA-LUAD",0.0090323393815257,0,0.0207632486708337,0.107383149920995,0,0.0607255914878715,0.0682841072395565,0.0253286550647826,0.0382979280005301,0,0.0294233247541659,0.0182835591241659,0,0.290180496623172,0.103297997381372,0.149364826055454,0.0231955521724796,0,0,0.0527905953456216,0,0.00364862877747491,0,0.496214891253576,0.867344727023348
"TCGA-99-8033","TCGA-LUAD",0,0,0.070389659869257,0.234167132669088,0,0,0.171503421685385,0.0716636573643953,0.00180023311330244,0,0.0287095129106024,0.0718775309974805,0.00912192919553871,0.0970325231403991,0.0727692712425913,0.0689009742746757,0.0131748807985839,0.060645644419611,0,0.0101174647964975,0,0.0181261635225915,0,0.35241879148185,0.94181486583128
"TCGA-05-4244","TCGA-LUAD",0,0,0.0144806584261631,0.0379581736433635,0,0.14937580163104,0.0195312853975941,0.0349590557915817,0.0186197016891353,0,0.0116390882278542,0.00265470399548521,0.0618071926914179,0.149478276723751,0.0309431197188001,0.202416430854809,0.163777828997715,0.0271741370727286,0.0516904800819665,0,0.0120161700724525,0.011477894984143,0.1,0.098163465015116,1.04958563110249
"TCGA-86-A4P8","TCGA-LUAD",0.0286842085713251,0,0,0.0898175739963346,0,0.273804284151154,0.00640145426351888,0,0,0,0.0262003599481455,0.0311146151423267,0.017834576047614,0.175475734037329,0.0437064427883671,0.192467326958907,0.0180307805346637,0,0.0925956209193706,0,0,0.0038670226409435,0,0.400485655867269,0.916712212587768
"TCGA-69-7765","TCGA-LUAD",0.00316820900390633,0,0.191440536556299,0,0,0.193872693985764,0.0103079237875942,0.0214037926472926,0.00817489118566433,0,0.00569613895100616,0.0180698963984955,0,0.092419825825247,0.083698958226022,0.113279822517896,0.180490773841034,0.00353458470577837,0.0715747773209585,0,0,0.00286717504704342,0,0.368703659064457,0.929299230655859
"TCGA-49-6743","TCGA-LUAD",0,0,0.187466485839157,0.0336593439205646,0,0.180315449019436,0.010784269612158,0.0173518359951353,0,0,0,0.034334947054735,0.00319944876935375,0.198098623914915,0.120307233582763,0.164218845506583,0.00772252940114589,0,0.0326057509943111,0,0,0.00993523638974297,0,0.30205061399584,0.961672406174539
"TCGA-L9-A8F4","TCGA-LUAD",0.0138909693226216,0,0.115641367168427,0.181664206550346,0,0.0403325762609589,0.096144905544152,0.0315888519702717,0.0443472732350563,0,0,0.0545245038963053,0,0.143291355225659,0.0873990033740317,0.15377118870596,0.0130905073557196,0,0.0243132913904916,0,0,0,0,0.547653730325079,0.845374211356969
"TCGA-69-7979","TCGA-LUAD",0.0208199550778019,0,0.11097561173104,0.0728413140464235,0,0.0886972595375825,0.0152557887232383,0.0602312859525478,0,0,0.029745993119125,0.010708135603426,0.0119192383280272,0.186486000986014,0.121477385810287,0.198025542526117,0.0202280964499444,0.00169093841028789,0.0474099580670618,0,0,0.00348749563107613,0.02,0.212908736771087,1.00168048619872
"TCGA-55-7574","TCGA-LUAD",0.0529078047631592,0.071384332145078,0.0723435161445779,0.144791058235848,0,0.270661470556339,0.0563698489700529,0,0,0,0.00937223207110059,0.00606596373689973,0.00963127378631301,0.078887542324728,0.0549536285007554,0.0833053805290096,0.0156035496475727,0.0298844963851245,0.0438379022034424,0,0,0,0,0.407926165805395,0.912412720751536
"TCGA-49-4494","TCGA-LUAD",0.0255732034897705,0,0.0431841579489145,0.0521025743329476,0,0,0.036358611734957,0.0747334782872974,0,0.0742642415841726,0,0.0400771864252491,0,0.100523620942306,0.0817217006923367,0.185435164419835,0.19032820419627,0.0129433794429507,0.07888781809904,0,0.000547827347949411,0.00331883105600383,0,0.416366765481892,0.908327370482491
"TCGA-73-4677","TCGA-LUAD",0.0114200427091023,0,0.170644179137027,0.0747086024131544,0,0.255312538301015,0,0.0173967851125605,0,0,0,0.0493139936013424,0.0309822692598953,0,0.0336119077523834,0.152725044666853,0.0883003203590324,0.0277281711832178,0.0751560468501773,0,0,0.0127000986542387,0.02,0.199294750025181,0.99388806039297
"TCGA-69-8255","TCGA-LUAD",0.0598974910311521,0,0.0943945066835545,0.25866845277946,0,0,0.169065384949424,0.0319586147823032,0,0.0944268710196982,0,0.0685353726916028,0,0.0326592514831961,0.0675605972936066,0.0795893174335761,0.00218090758242282,0.000413597725120204,0.0352549627481639,0,0,0.00539467179671975,0,0.406964429226846,0.915415547327057
"TCGA-55-8085","TCGA-LUAD",0.0454952669247417,0,0.0465735978913261,0.192237067153249,0,0.0274440974829427,0.0468696024397724,0.0397409411204553,0.101972434280093,0,0,0.0287870114887322,0.020399443724361,0.191695081408437,0.101678460231726,0.100927438234089,0.0118721708475872,0.0272832755912521,0.0111197143886093,0,0,0.00590439679262549,0,0.329797092931572,0.950517181696679
"TCGA-L4-A4E6","TCGA-LUAD",0.014362843224376,0,0,0.0334183863165193,0,0.155651935616633,0.00672975209280399,0.0108709865553324,0,0,0.0143218823135427,0.0086148496732927,0.0130214635502595,0.212410741024168,0.0446858945262454,0.363432991653061,0.0474845458467867,0,0.0698175916600292,0,0,0.00517613594695113,0.01,0.260006360324129,0.995467860670756
"TCGA-55-8619","TCGA-LUAD",0.0548131641460509,0.0101072258196053,0.0188279917690404,0.130812817980373,0,0.117902581221226,0,0.0442552390177107,0.0624816078302565,0,0.00945967881580738,0.0238317879752237,0.0320515106586039,0.127268750297222,0.0372249469028734,0.211371531126358,0.0318616546224696,0.00372434507798585,0.0550408497350292,0,0,0.0289643170041648,0,0.332164985439854,0.946130867588336
"TCGA-05-4434","TCGA-LUAD",0.0459912404752569,0,0.0298892340086214,0.00197697077790473,0,0.202123218488554,0.0498155488153136,0,0.0270589045051521,0.0220422151022576,0.0165864035484493,0,0,0.130487285816669,0.180412756229398,0.173887147674076,0.0531919202011095,0,0.0560510604854106,0,0,0.0104860938718272,0,0.484073677614809,0.874283021249329
"TCGA-75-7030","TCGA-LUAD",0.0415918313913244,0,0.144589773245779,0.0908344107490624,0,0.334837396216612,0.0149949723824521,0,0.0131951403555523,0,0,0,0.0180772336064216,0.0770522357814047,0.0664950612104024,0.0749967852948609,0.0646313726348905,0.015368589857032,0.0433351972742054,0,0,0,0,0.398224246091206,0.916894081096326
"TCGA-50-5044","TCGA-LUAD",0,0,0.0715382843449424,0.175729784632817,0,0.0251773146001837,0.0500233798504968,0.0142297966836074,0.0726818796132332,0,0,0.0759085703056484,0.0106879374261278,0.0589882299927116,0.0393339727892857,0.180361744642969,0.0633006110652787,0.0562026269568771,0.0899623456933286,0,0.0129523708576655,0.00292115054482669,0.02,0.193144788632136,1.00235602097614
"TCGA-05-4418","TCGA-LUAD",0.0300630455360332,0,0.164780558289051,0.0154871998233693,0,0.115566343641943,0.0854107049249113,0.00865430819445768,0.016806522246799,0.0388815650508471,0,0.0389763177406298,0,0.108876052425377,0.107810182938316,0.169392824273707,0.00512253230478646,0.00900256994173409,0.0729927418399683,0,0,0.0121765308280691,0,0.376354891880572,0.925881616790343
"TCGA-44-5644","TCGA-LUAD",0.0601211491087433,0,0.206645453552807,0.115154222245582,0,0.0262961091586613,0.0989351490092994,0.0593354302129069,0,0,0,0.0353717782809227,0,0.150364886029946,0.0241265218425676,0.104880264638506,0,0.0526391845053281,0.0144415380590379,0,0,0.0516883133556911,0.29,0.058958986251376,1.04456627450437
"TCGA-91-A4BC","TCGA-LUAD",0.00743952880770168,0,0.116195780764382,0.408241989467216,0,0,0.115242341561128,0.036755206113196,0.00916154742099144,0.049270266785498,0,0.0417087568636884,0,0.0419571415722272,0.0424058745695192,0.0782741813340895,0.00586068540947193,0,0.044797398956045,0,0,0.00268930037484562,0,0.524911378742148,0.850878171521489
"TCGA-95-7039","TCGA-LUAD",0.0364264382702412,0,0.0128875194737141,0.190211990734113,0,0.111296856236608,0.0931557160566879,0.0404528179522724,0.0109150598076562,0.0213067017128345,0,0,0,0.121597394381346,0.0819880578772409,0.186178464527927,0.0171559238231564,0.022782689410342,0.0536443697358607,0,0,0,0.02,0.219781245119291,0.997129848157038
"TCGA-35-4123","TCGA-LUAD",0.0105331590690189,0,0.0191477917276129,0.343254073641371,0,0.0179828375936559,0.0976418101930269,0.0493413383322163,0.0165576387638045,0,0,0.00939407855097989,0.00369642400785776,0.108110192077677,0.0463974794717369,0.205893722411972,0.0411748361416565,0.000211092982100946,0,0.018988590769806,0.011674934265507,0,0,0.466924623223538,0.883510499553903
"TCGA-69-7761","TCGA-LUAD",0,0,0.178801131272118,0.113896222249748,0,0.208284705917095,0.0692984138599337,0,0.000140927005668615,0,0,0.0093625581251914,0,0.12286867912723,0.10305636665092,0.0751272342576671,0.0260909650077493,0.0174635969340681,0.0604172105816173,0,0,0.0151919890109943,0,0.480402995915321,0.880617051129114
"TCGA-62-A470","TCGA-LUAD",0.00238459377542612,0,0.050800310255504,0.0299393218196065,0,0.183853989753209,0,0.0142842907149191,0.00221470408966965,0,0.0398773485196698,0.00440382323705072,0.0170421610862343,0.131724067751015,0.0148892601762393,0.465758703186901,0.00230213033498446,0.0362596328356442,0,0,0,0.00426566246392705,0.02,0.197940287751425,1.02574771126997
"TCGA-78-7158","TCGA-LUAD",0,0.000132803831280168,0.0181919198310738,0.0346465069679694,0,0.226336868437284,0,0.00728879759909988,0.0201805324690198,0,0,0.028990456449683,0.0364827748332617,0.025868234173132,0.0543704154329961,0.261100376611416,0.134425831675593,0.0312391306262087,0.113185710361302,0,0,0.00755964070067984,0.02,0.202429220416865,1.00071180970776
"TCGA-78-7148","TCGA-LUAD",0.0240214011519387,0,0.0570688102081355,0.303350869532333,0,0.0177943017442964,0,0.0373892856698094,0.0856258044312172,0,0,0.0553708885694802,0.00875061870028089,0.0591174268720962,0.073156112837636,0.154924979930609,0.0728651236763982,0.00169305192791793,0.0458963264842254,0,0,0.00297499826362603,0.01,0.229638172540577,0.995646988100256
"TCGA-53-7624","TCGA-LUAD",0.0807669578113403,0,0.043838991575915,0.122404409645637,0,0,0.0335334165935441,0.0581165857620458,0.0598320947890608,0,0.00932052206317361,0.0309277024848825,0,0.199324423402397,0.157845999054914,0.104540918459118,0,0.0952401902947416,0.0043077880632308,0,0,0,0,0.352053846067167,0.947141199807325
"TCGA-53-A4EZ","TCGA-LUAD",0.0735895581700805,0,0.0160116750583326,0.0769147545422492,0,0.191526056472122,0.0288135947948487,0.0176859735212331,0.0293187814625395,0,0,0.0540006066526219,0.0156978381772139,0.0642653557227982,0.0926643217333197,0.0920611199172953,0.168754855125136,0,0.0759899905096329,0,0,0.00270551814057603,0.08,0.108996897514983,1.03673161987371
"TCGA-55-A491","TCGA-LUAD",0.0466193855815758,0,0.16484477956244,0.0571496883912913,0,0.12399018735438,0.024171463052346,0.00362650124724218,0.031189357059752,0,0,0.0468452425955942,0.00285608283466555,0.228851425077988,0.115112097763224,0.103973404938902,0,0,0.0507703845405987,0,0,0,0,0.417620936490697,0.907998271445313
"TCGA-64-1677","TCGA-LUAD",0.0427518679614581,0,0.191870328809333,0.0927026670157803,0,0.132752399516524,0.12265656553512,0.0452875702867642,0.00560234803028845,0.00261257495357604,0,0.0221229621299011,0,0.0867016055418066,0.166038425819563,0.0477419140547372,0.0158834263782992,0.00909265683637841,0.0158559110834018,0,0,0.000326776047068436,0,0.332567248537878,0.947900266977854
"TCGA-75-5146","TCGA-LUAD",0.012784687269526,0,0.195692767670137,0.0627929706549142,0,0.223949391451396,0.0173642620948303,0.0425079350184124,0.0136884478352217,0,0,0.0242938483425586,0.0142671746757117,0,0.0478527146567127,0.207831167895259,0.0283100102953247,0.0227827070819683,0.0786925154299739,0,0,0.00718939962805325,0,0.378430390895527,0.925455449411401
"TCGA-86-8669","TCGA-LUAD",0.00433335992807836,0,0.131692645209422,0.0723635215062647,0,0.273583939690767,0.01239503210592,0,0.0406640721252012,0,0.0012702295968375,0.0230073495290975,0.0478148453575762,0.0884610262847029,0.060934859656889,0.127750151535358,0.0958697344043283,0.0198592330695576,0,0,0,0,0.01,0.292110708854028,0.961786862257068
"TCGA-75-6207","TCGA-LUAD",0,0,0.00920803582795427,0.0208476724469246,0,0.304141693645337,0,0.00506984740224968,0,0,0,0.0106476038493102,0.0557974141921012,0.155549538994285,0.0123821284930422,0.242369100686187,0.0192177487617445,0.101050179682813,0.0228465098691458,0,0,0.0408725261489055,0.01,0.252146821483943,0.989104723759445
"TCGA-49-4487","TCGA-LUAD",0.0668905544509648,0.0284674970715434,0.0129895020777555,0.169999135827659,0,0.077896588502979,0.114946463872349,0,0.0483174145507464,0.0381323890215875,0,0.0213117357023696,0,0.224320670456834,0.0901146186211331,0.0574837187248026,0.00744885435799837,0,0.0416808567612777,0,0,0,0,0.492231483053571,0.870782624292244
"TCGA-55-7227","TCGA-LUAD",0.00760079028011532,0,0,0.049415802325209,0,0.206524580411997,0,0.00144900686562268,0.0438468274712398,0,0.00183057683847799,0.0235981551343552,0.0259687238862962,0.0834873303972531,0.0744749483010372,0.0931060621699608,0.273712218385485,0.0311115016393175,0.0748059744792086,0,0,0.00906750141442479,0,0.499774731547678,0.868080335265872
"TCGA-62-A46P","TCGA-LUAD",0.0628368249230249,0,0.136933347645456,0.0856949445787932,0,0.0714778052271017,0,0.0789886049022935,0.0109102696411,0,0,0.0583637341976422,0.0100654090116118,0.0562894502406675,0.0197209544955536,0.244698634350336,0.00470493785682741,0.0759920011356291,0.0670747066738517,0,0,0.0162483751201114,0.03,0.155833074813711,1.01099552491826
"TCGA-05-5428","TCGA-LUAD",0.0102794468392803,0,0.037394648658037,0.013262093787984,0,0.0702512749579678,0,0,0.00789633990159085,0.000119550841364911,0,0.0285011854422029,0.00471695534832944,0.100588415732233,0.0303505206129077,0.423005277090404,0.129978826524634,0,0.0990601450139909,0,0.00786415119103782,0.0367311680580352,0,0.317519067052567,0.964218751575733
"TCGA-86-8055","TCGA-LUAD",0.00124236510361422,0,0.16939384051724,0.000934775326291826,0,0.17259486493723,0.00813612422965745,0,0.0376580276418646,0,0,0,0.00123485187071136,0.235500373547591,0.0776787125472636,0.200813200206047,0.0436189382945966,0.0087497450387259,0,0.0278669936268954,0,0.0145771871122706,0,0.428201781948717,0.903602369114955
"TCGA-62-8394","TCGA-LUAD",0.00733082727630388,0,0.014832733664049,0.0198280775754985,0,0.192268510588137,0,0.0301582912240549,0.0554300951003893,0,0,0.0109652404085302,0,0.226952323938993,0.0986638174134287,0.157997046274337,0,0.133703188168285,0.0518698483679932,0,0,0,0,0.363913805928548,0.939663971145414
"TCGA-05-4250","TCGA-LUAD",0.0149799093846829,0,0.0335295471390958,0.334555957813206,0,0,0.164325322390298,0.0332766746859003,0,0.0180548238584937,0,0,0.0242789417277526,0.0213294343423508,0.0856602707651264,0.169117419807102,0.0643453036422226,0.0171401189257888,0.00880185236604178,0,0.00611277608083742,0.00449164707110101,0,0.342820897380738,0.943768469379382
"TCGA-55-6975","TCGA-LUAD",0.0720187952765318,0,0.267564438142682,0,0,0.140455524616478,0,0.0308795694750282,0.00830818550756028,0.0229278133749415,0,0.0616282149236495,0,0.0568507976440275,0,0.126199691814246,0,0.149684813390792,0.0470955601675313,0,0.00206856426595322,0.0143180314005789,0,0.393056719903771,0.919712649844596
"TCGA-55-8203","TCGA-LUAD",0,0.0841521915005795,0.154901214260942,0.136255829611744,0,0.0466786612289994,0.0613744325977649,0.025058253835247,0.0724542232989665,0,0.0013654068104062,0.0190207768296673,0.00622340680374186,0.126968417763915,0.0784278178604883,0.0723923282646418,0.0489323788259089,0.00149261275777038,0.0537358256821271,0,0,0.0105662220670894,0,0.396235763740197,0.91806994913452
"TCGA-49-AAR4","TCGA-LUAD",0.0410907625112251,0,0.0934455745715499,0.403151902469345,0,0,0.043779139278733,0.0598850288479521,0.0137291282475488,0.110072478321175,0,3.64670432036592e-05,0,0.0705846076497953,0.0422886545057227,0.0973979325147953,0.00752573612926715,0,0.00511102825505144,0.0102234843379966,0,0.0016780753166388,0,0.533720841993941,0.845284504759224
"TCGA-35-4122","TCGA-LUAD",0.00945669600733919,0,0.13302320740121,0.107464134409521,0,0.0549475158268228,0.0439870425381652,0.0423059804839817,0,0.0506639731745083,0,0.00774970080693308,0.0394309770466535,0.0584782739011112,0.0908988419243093,0.273176724480104,0.0357315274841726,0.00960849172904323,0.0122645210931614,0,0.0133640739172565,0.0174483177757068,0,0.449288955838266,0.893624366991212
"TCGA-05-4417","TCGA-LUAD",0.0346209875794814,0,0.0785793861341615,0.0487837438298215,0,0.193086746755664,0.078813982558985,0.0421074428104216,0.0265112842358803,0,0,0.0456645557609337,0,0.101914119414769,0.0651138776990906,0.131769471796987,0.0484930595378359,0.0230708194025515,0.0628462220531512,0,0,0.0186243004302654,0,0.425678376070584,0.905000186262115
"TCGA-05-4389","TCGA-LUAD",0.0243975126069967,0,0,0.203506892449672,0,0.0034632020558223,0.0217221856582215,0.0600628986846559,0.028494206979921,0.00439482238726559,0,0.0817161996287769,0,0.0819899129262965,0.100544519481435,0.143162809462386,0.115102973736488,0,0.127424632603503,0,0,0.0040172313385597,0,0.402909799767141,0.915165452311559
"TCGA-55-7725","TCGA-LUAD",0.056477363276149,0,0.008720214164493,0.0310459433141098,0,0.206536245229626,0.0346203972248788,0.0464383746002047,0,0.127748777378927,0,0,0,0.121316259746027,0.131129601534252,0.0670508110171841,0.0526774138511541,0.0178809593918989,0.0944126902968686,0,0,0.0039449489742274,0,0.408522785578706,0.912592801549373
"TCGA-95-A4VP","TCGA-LUAD",0.117525288895065,0,0.067562894575127,0.164660945614644,0,0.0581554059206491,0.0301744257879573,0.0722086688538429,0.0864999822905419,0,0,0.0567434173617104,0.0194361765151908,0.0636327744782078,0.0640676939306659,0.10912234043611,0.0090756785960751,0.00757065942585012,0.0598946177142464,0,0,0.0136690296041162,0.01,0.238255469400773,0.984919804816196
"TCGA-38-4631","TCGA-LUAD",0.00179931999389195,0,0.269980898050271,0.141616159154077,0,0.00873829137741941,0.0148327742822724,0.021884804299613,0,0,0.00783153348822336,0.04390712146194,0,0.232946300503247,0.10060381701264,0.0605277673148596,0,0,0,0,0.00838292883775916,0.0869482842237864,0.02,0.209923254646626,1.00366949621821
"TCGA-86-A4P7","TCGA-LUAD",0.00905960247720867,0,0.197619960138326,0.0137467325804361,0,0.0787012185110393,0.0172754396193228,0.0681923476686078,0.0515152295032373,0.00576947782419779,0.00163769524715759,0.0168617959781424,0.000652270805907301,0.149901457282897,0.0329967467845209,0.207554599170969,0.0236395164920619,0.0107701277372241,0.109035728619631,0,0,0.00507005355911317,0,0.321005978659087,0.94873958415843
"TCGA-44-7661","TCGA-LUAD",0.0359477767755184,0,0,0.0276133427106734,0,0.192863399182861,0.10580858494867,0,0.00890830516188093,0,0,0.0236396420552575,0.0386719114089988,0.0805717781701234,0.0712286311044857,0.151834138585178,0.0463918574028953,0.118365353386336,0.0796851726709624,0,0.00745534793506269,0.0110147585010962,0,0.365438699169281,0.931204635748563
"TCGA-49-AARO","TCGA-LUAD",0.0511295337220128,0.00684841651488787,0.038232569541252,0.0377891739084594,0,0.0423192408498601,0.00508865253489735,0.0419175957410424,0.0647164921264953,0,0,0.0351484690602397,0.00626298422774805,0.292247690641888,0.0588991007480447,0.128500653153679,0.131464589384661,0.0477832663154031,0,0,0,0.0116515715294287,0,0.468381705415055,0.882908814904571
"TCGA-86-8074","TCGA-LUAD",0.0235824467531517,0,0.0585235444065886,0.0203090142902961,0,0.1466390673446,0.00953337532179541,0.0390751012752489,0.0586167838265212,0,0,0.0368272070720402,0.00431888090021831,0.146662790198688,0.0734665930332089,0.211966994119972,0.109769048149477,0.0245081808748865,0.0149008651645742,0,0.0101508653243462,0.0111492419443866,0,0.321207668110786,0.952208751206054
"TCGA-55-A493","TCGA-LUAD",0.0820619344917861,0,0.0439980668244329,0.0802438719230003,0,0.169613757138096,0.10676533405241,0.00829778742962839,0.0112009940490579,0,0.00559753884302439,0.066429162422995,0.0109251057890039,0.10351848393972,0.108218805306525,0.159184067576908,0.0309907320166614,0,0.01113266168204,0,0,0.00182169651471083,0,0.445509841568414,0.894502644383633
"TCGA-78-7154","TCGA-LUAD",0.0657552225202504,0,0,0.0365390074348785,0,0.357750520090721,0,0.02336264858779,0,0.00801341773406362,0,0.0350485178624071,0.00709969878111778,0.00795748274464504,0.155500076109709,0.15616499534867,0.0339171405277774,0.0183854842312334,0.0937161385929947,0,0,0.00078964943374164,0,0.313446359589351,0.961790493926304
"TCGA-55-7910","TCGA-LUAD",0,0,0.455858648693684,0,0,0.11307372472521,0.0363026127740332,0.0376122616636881,0.00561965999819098,0.0204801410831389,0,0.0170245969663828,0.00639484841600871,0.120950572596193,0.0324262623483638,0.0606157992062796,0,0.0522143663157796,0.0230678302815045,0,0,0.0183586749315428,0.15,0.0797583675499492,1.03828209617691
"TCGA-55-1595","TCGA-LUAD",0.0281472623325549,0,0.0933630788547074,0.156592742080347,0,0.0634065821024027,0.0110859871251461,0.0566698488885939,0.0472274935270498,0,0,0.0400931057302293,0.0149936677152406,0.0571039059423794,0.108153120884948,0.159216004812252,0.0736826004957161,0.0329281879211623,0.0573364115872699,0,0,0,0,0.432979441924018,0.900837561973168
"TCGA-78-7160","TCGA-LUAD",0.0350898264077789,0,0.0190115550151141,0.200112992598866,0,0.168229533733625,0.0435084010686299,0.00873140031014696,0.0204307394154187,0,0,0.0144818242507356,0.0142170566957943,0.101320349358315,0.0782241497119324,0.171966687306606,0.0226180604666271,0.0656617101526685,0.0287122635768668,0,0,0.0076834499308747,0,0.48834421617447,0.872934201827141
"TCGA-55-6979","TCGA-LUAD",7.93457367800323e-05,0,0.0516039126648127,0.0943631942454297,0,0.119728583109495,0.0477023573681456,0.0392382681620692,0.0534092575277711,0,0,0.0246696767048745,0.0060574753990721,0.1398485270953,0.177805018946102,0.181662158777573,0.0186015523081006,0,0.0358094569033641,0,0,0.00942121505111049,0,0.624157401529988,0.793902379072254
"TCGA-44-6778","TCGA-LUAD",0.0161528338742257,0,0.0517845495550041,0.0449566889761921,0,0.272551421079545,0.0486230949095726,0.0750230072992585,0,0,0.0059907850318404,0.0180451276362891,0.00609104856016298,0.0937425798390047,0.114232534797386,0.167495351712186,0.0472857043878199,0,0.0229488279292767,0,0,0.0150764444122358,0,0.408818484122913,0.912030954237229
"TCGA-L4-A4E5","TCGA-LUAD",0.00128883752615893,0,0.20889474888053,0.0246949210149143,0,0.145009800159896,0.00340887473635523,0.0221465054477642,0.0568867505475581,0,0,0.0918213074376256,0,0.201967942073007,0.0753043545971057,0.139371205718658,0.0135389653401854,0,0.0156657865202416,0,0,0,0.01,0.260456153434482,0.978384395977572
"TCGA-78-7143","TCGA-LUAD",0.0366153355660537,0,0,0.0243887336186906,0,0.183957525151714,0.00432749961251817,0.0542856246715992,0.0376800116927793,0,0,0.0151072492343204,0.0359209416523179,0.0486158390191039,0.00778974587785724,0.137845328273983,0.173870617552432,0.170151061300472,0.0676539081478505,0,0,0.00179057862830823,0,0.443308794820299,0.895876422480888
"TCGA-50-6590","TCGA-LUAD",0.0156120906945328,0,0.0927683374561965,0.0642010453248583,0,0.12688864033648,0.0731314874436468,0.0151045534547371,0.0234538272992068,0,0,0.0526380075037202,0,0.21870683896623,0.125623241184683,0.137119621374352,0.0153783862280702,0,0.0373891618923568,0,0,0.00198476084092847,0,0.444337779000397,0.895071148646497
"TCGA-NJ-A7XG","TCGA-LUAD",0,0.0229718595777022,0.0591506155334005,0.046378077234798,0,0.280773077514981,0,0.0150584066653133,0.0560423127513993,0,0,0.0811124515757573,0.00968287565940527,0,0.00862169407090875,0.0904499601415944,0.0947427910624508,0.0981346648834306,0.134390300772309,0,0,0.0024909125565493,0.14,0.0839229875717684,1.04840763620541
"TCGA-67-4679","TCGA-LUAD",0.0031474016978592,0.010323864373887,0,0.0581631286431165,0,0.197378220676033,0,0,0.0154194560059,0,0,0.0392709831455545,0.0820023995914776,0,0.0208789276227884,0.113991754436486,0.188875157581831,0.0234446922847233,0.224788309623954,0,0.00688976449370348,0.0154259398226864,0,0.407773329110526,0.912446756546658
"TCGA-50-5933","TCGA-LUAD",0,0,0.0246965374454304,0.0216868826225334,0,0.134199005923419,0.0031265352551361,0.00444358199094234,0,0,0,0.0225392544745207,0.00514569900867344,0.293121753041436,0.0770269285190288,0.353128768206575,0.0130140050448619,0,0.0367338898102016,0,0,0.0111371586572417,0,0.473852213891672,0.883648897892212
"TCGA-86-8672","TCGA-LUAD",0,0,0.108219886712256,0.250544897195396,0,0,0.14347226063396,0.0184516288321955,0.021721786221528,0,0.0145115829268349,0.0213346837673615,0.0117855085402232,0.137073178448742,0.0628374477423788,0.181681003852247,0.00675793000366132,0,0.0200543096892005,0,0.000650310994733114,0.000903584439282155,0,0.435556512081296,0.899676071522567
"TCGA-55-7816","TCGA-LUAD",0.0211331022687877,0,0.00241242827183446,0.135784571348288,0,0.0307243968604344,0.0413479507362436,0,0.00650360587423976,0.0212937289785676,0,0,0.0857077855526927,0,0.152774177303616,0.401269572599341,0.0348345069686194,0,0.0577313165054352,0,0,0.00848285673190016,0,0.477186855829593,0.87809201206054
"TCGA-97-A4M3","TCGA-LUAD",0.0591266976327065,0,0.0474283240969818,0.0855357632370211,0,0.183053134112595,0,0.0866671718290742,0.0250505640638691,0,0,0.0526941159227077,0.0399124925453028,0.0100853579674725,0.0282506403290127,0.263566460119048,0.0484878582890788,0.0281510336937025,0.00914232805213329,0.0174557585666762,0.00790863854099675,0.00748366100162125,0.39,0.0470125569345837,1.06213624684723
"TCGA-50-5932","TCGA-LUAD",0,0,0.127716875574091,0.0450564118036063,0,0.169381330076965,0,0.034878178105434,0.00467265802386506,0,0.00912848058062822,0.0261135605975429,0.0325311916327217,0.129827935106192,0.037280253053577,0.291812034498252,0.00128629437165918,0.015483458298338,0.0632387284243774,0,0,0.0115926098527491,0.03,0.172389601408857,1.01317119716283
"TCGA-J2-A4AD","TCGA-LUAD",0.0315375120528905,0,0.0903774359103439,0.0695338011638061,0,0.170057435054067,0.00400213334022809,0.0174030583587376,0.0187299118815418,0,0,0.00905265382820933,0.0396931656821081,0.166375538305687,0,0.208075394974789,0,0.118950426475263,0.0467555115529379,0,0.00945602141939125,0,0.03,0.172109790833585,1.01395799872566
"TCGA-44-A47B","TCGA-LUAD",0.00851300390602832,0,0.0250406714249602,0.145313552670205,0,0.0530649973642084,0.0369513605780793,0.0556321852264036,0.0360593537562264,0.0214240100188799,0,0.0490147456271546,0,0.184970708589041,0.05225778450761,0.147918062151546,0.102324529328637,0,0.0815150348510205,0,0,0,0,0.349788065004825,0.939546032140763
"TCGA-62-8395","TCGA-LUAD",0.00274284825939811,0,0.125625809665963,0.0573368482740003,0,0.141532132626659,0.00252974521911004,0.0337577813698546,0.00543680763632237,0,0,0.0235258232571566,0.0185915864223056,0.123369667778054,0.0333092017828991,0.214979348282475,0.129439488200553,0.01049252979084,0.0773303814344087,0,0,0,0,0.311484082463042,0.953542926364364
"TCGA-55-8507","TCGA-LUAD",0,0,0.056205042300685,0.0859927388353243,0,0.146748818079993,0,0.042788029744795,0,0,0,0.0476009258796396,0.0108934319417204,0.199632848440668,0.0548050471155453,0.255776708667002,0,0.0227030926953251,0.0210675512967063,0.0105357537719665,0,0.0452500112306303,0.01,0.25946655560196,0.986299154467102
"TCGA-55-7573","TCGA-LUAD",0.0242903364111821,0.0804295082650892,0.07097175589919,0.0758604545885137,0,0.157069265603109,0,0.0637263260184948,0.0306091112832026,0,0,0.0545947005318604,0.00981506230890285,0.0344108071072424,0.0713855491982702,0.051937954105708,0.150756876056589,0.026468607957642,0.0914628119713455,0,0,0.00621087269365788,0.02,0.187140769975236,1.00055506822497
"TCGA-91-8497","TCGA-LUAD",0.0300838331017862,0.0667718445881362,0.12127653095793,0.0593415356146561,0,0.149567458634877,0,0.0306546109532726,0.0788697803668038,0,0,0.042048533444105,0.0123764254100566,0.035379237465768,0.0174364282794573,0.151585961209064,0.103127013303976,0.015916332129156,0.0817712366089135,0,0,0.00379323793204194,0,0.38210836095952,0.924063534086138
