"ID","ProjectID","aDC_xCell","Adipocytes_xCell","Astrocytes_xCell","B-cells_xCell","Basophils_xCell","CD4+_memory_T-cells_xCell","CD4+_naive_T-cells_xCell","CD4+_T-cells_xCell","CD4+_Tcm_xCell","CD4+_Tem_xCell","CD8+_naive_T-cells_xCell","CD8+_T-cells_xCell","CD8+_Tcm_xCell","CD8+_Tem_xCell","cDC_xCell","Chondrocytes_xCell","Class-switched_memory_B-cells_xCell","CLP_xCell","CMP_xCell","DC_xCell","Endothelial_cells_xCell","Eosinophils_xCell","Epithelial_cells_xCell","Erythrocytes_xCell","Fibroblasts_xCell","GMP_xCell","Hepatocytes_xCell","HSC_xCell","iDC_xCell","Keratinocytes_xCell","ly_Endothelial_cells_xCell","Macrophages_xCell","Macrophages_M1_xCell","Macrophages_M2_xCell","Mast_cells_xCell","Megakaryocytes_xCell","Melanocytes_xCell","Memory_B-cells_xCell","MEP_xCell","Mesangial_cells_xCell","Monocytes_xCell","MPP_xCell","MSC_xCell","mv_Endothelial_cells_xCell","Myocytes_xCell","naive_B-cells_xCell","Neurons_xCell","Neutrophils_xCell","NK_cells_xCell","NKT_xCell","Osteoblast_xCell","pDC_xCell","Pericytes_xCell","Plasma_cells_xCell","Platelets_xCell","Preadipocytes_xCell","pro_B-cells_xCell","Sebocytes_xCell","Skeletal_muscle_xCell","Smooth_muscle_xCell","Tgd_cells_xCell","Th1_cells_xCell","Th2_cells_xCell","Tregs_xCell","ImmuneScore_xCell","StromaScore_xCell","MicroenvironmentScore_xCell"
"TCGA-69-A59K","TCGA-LUAD",3.91087395718332e-22,0,1.07752362683084e-21,1.00034400139396e-07,7.89530066855185e-07,0,0,0,2.07190778848587e-06,2.76172565787578e-06,0,2.22930508736755e-23,4.94840410077711e-23,0,3.93679325821133e-09,0,1.19501884586702e-07,3.74893044149346e-23,0,1.21002986593997e-23,1.48908772979296e-22,0,3.48128214754786e-08,0,4.47693999247128e-23,0,0,0,8.87687242728606e-23,1.72160260624155e-23,1.56263186725858e-22,0,1.43488193975269e-22,1.26071405520189e-24,0,0,0,1.27283599136399e-24,8.83823700695861e-07,5.85707990505085e-22,3.62748786819252e-23,0,0,2.54420696087337e-22,0,1.47566630265146e-23,0,0,1.61757586058471e-22,8.9094449050865e-07,1.22924563475662e-06,0,0,4.63399667730155e-07,1.76902697945079e-22,2.32682580697884e-21,2.25088165984964e-24,1.99299182633923e-23,0,5.37565882986515e-05,5.84235853070578e-23,0,1.29014068564584e-23,0,6.6689600092931e-08,9.68390864520046e-23,6.66896000929311e-08
"TCGA-99-8032","TCGA-LUAD",1.04514840863337e-22,8.57038948259787e-23,2.43914083551566e-21,5.5408568101533e-29,3.72772703661389e-06,9.84582058302434e-23,2.70591571704145e-23,1.70412054676739e-22,1.24417694919174e-06,8.98547625320174e-08,0,0,0,8.14454550843807e-22,3.338238885325e-24,0,0,0,4.1594730047597e-22,0,2.45968178567954e-22,2.26197677692094e-23,0,2.85429527000295e-23,3.48490942736952e-21,4.81908069333595e-22,0,4.08837444165211e-23,0,0,0,0,3.58875777396564e-22,0,5.51399681586852e-23,6.56096379420108e-24,0,0,2.19930157069825e-06,8.86541091993692e-22,0,0,6.59058773872811e-21,0,0,1.1697428554683e-23,0,4.04380810824769e-21,6.42082055785313e-22,0,0,7.21745184860029e-24,8.03959008619759e-22,4.83315914149974e-07,1.43525393820819e-22,2.28516125493455e-21,5.34399332128578e-26,3.00966435932433e-24,2.67175732983602e-23,6.87573802329534e-05,0,2.2631728433311e-23,1.16554379277758e-22,2.82441835996222e-22,3.28937467336413e-21,1.90829075038172e-21,5.19766542374586e-21
"TCGA-95-7562","TCGA-LUAD",1.23528542230411e-22,4.09693129911585e-24,0,0,3.16421244118431e-06,1.27511887863528e-22,0,0,4.37901902811285e-08,1.13311201547652e-24,1.16688202768124e-23,1.29696147050544e-22,3.21754497202662e-22,1.71029200496855e-22,2.1471281056908e-23,0,6.13146698560654e-08,1.15017990220595e-23,1.73112509883915e-22,0,0,0,0,5.93097090652856e-23,7.4897139550263e-22,0,1.12567550143598e-22,1.20347033240131e-22,0,1.60267050088501e-23,1.09000799673462e-22,7.40880856044523e-23,9.44320327524291e-23,8.72406954545377e-24,0,1.82840831964216e-25,1.69017380367543e-08,9.81736393201536e-24,1.65848624062943e-06,0,6.71244501798993e-23,0,1.6307977974275e-06,0,0,0,1.12679881726179e-26,1.25712915189508e-23,3.75593525959158e-22,0,3.89273717626093e-06,0,0,1.34560866785034e-07,3.23960359470123e-22,0,0,5.53227556543062e-24,2.54723175595552e-22,2.55757436232126e-05,2.52773273976321e-24,1.70627464763567e-24,0,0,4.39382333542002e-22,3.76534163400873e-22,8.15916496942875e-22
"TCGA-91-6848","TCGA-LUAD",0,0,0,0,5.01472236663975e-06,4.15638204241047e-24,1.32278943349435e-22,8.16319984239046e-23,1.90285701594139e-07,2.14959370666876e-06,1.07437002732191e-23,1.17867325500899e-22,0,0,0,0,3.61375829614753e-25,0,0,7.53993049203917e-23,4.00941234743372e-22,0,6.25359874239236e-22,8.74913041814281e-23,1.05090648407329e-22,0,4.66138038028628e-22,7.99418972739808e-23,5.65007586341986e-24,0,0,0,0,0,0,6.29124591653318e-24,0,2.97211988823916e-23,1.22661822344212e-06,6.01755076667571e-22,2.87910404372814e-22,1.96138553668573e-22,8.51885372178067e-22,8.50298350118847e-22,1.98102894716529e-23,0,0,0,6.17277751670564e-23,1.6663656043288e-07,0,1.27996541538286e-22,1.72064327043567e-21,9.70833637051402e-08,0,1.82465724131962e-21,0,7.44890919348184e-23,0,6.5836773879221e-05,0,3.77491416154235e-23,0,4.82400336844344e-23,4.1635787225671e-22,2.53015941575351e-22,6.69373813832061e-22
"TCGA-97-7546","TCGA-LUAD",0,1.30877832432093e-22,7.71761213545678e-22,0,6.66999685649639e-06,0,3.70385383237492e-22,0,1.11069780743407e-06,8.39254743127523e-07,7.3336139169562e-23,2.82540957461891e-22,0,3.00256610558087e-22,1.28564778212658e-23,0,1.13048859668686e-07,3.84950815142883e-23,1.77747320289939e-22,0,7.83067107549381e-22,1.75236750331251e-22,0,5.59005622203258e-23,0,0,0,1.34934710943908e-07,0,0,3.64195332454227e-22,2.98272568728748e-22,0,5.39570868544764e-24,2.19491570128049e-08,0,0,1.00636760128808e-26,4.07263560873e-07,0,0,2.65507930966366e-22,6.73761981545623e-22,5.3122861523173e-22,2.70374886871896e-22,0,0,1.43308061387879e-22,7.68533462352115e-22,0,0,0,1.93380934338307e-21,1.33855206419773e-07,0,3.61681617404754e-22,0,0,1.31575104492474e-21,7.15493221581926e-05,5.97906714853276e-23,0,1.09263206317655e-22,0,1.4632771341871e-08,4.56972469990737e-22,1.46327713418715e-08
"TCGA-49-AARQ","TCGA-LUAD",1.03968299535264e-22,0,0,2.28280257675257e-24,3.90009952245644e-06,1.16611744782873e-22,1.22343125820768e-22,2.05340345244814e-22,2.14608433474698e-06,6.1433160286773e-07,5.10054125993027e-23,0,0,1.08265265592276e-21,0,0,4.6363744398733e-08,7.66066738190633e-24,0,0,1.45032561755582e-22,2.00188010497087e-23,0,0,0,0,0,0,0,3.03518923807118e-23,0,1.77308335027743e-23,0,2.89981558864149e-24,0,1.11896590242793e-23,0,1.86747876585731e-23,9.97510413571639e-07,0,0,0,8.96259761345245e-06,1.02401859132238e-22,1.98642719480007e-23,8.30540739368538e-24,0,4.75280544269376e-23,0,1.82280130110168e-08,3.03317136491561e-07,2.21745231883449e-23,2.14444164421243e-22,2.27823463082275e-07,0,0,1.28358541472747e-08,0,6.61157642359029e-23,8.59077807458942e-06,0,0,1.89546798045839e-23,0,1.95267224533992e-22,7.25162808777908e-23,2.67783505411782e-22
"TCGA-55-8616","TCGA-LUAD",0,1.20887109110903e-22,0,6.6659817764088e-26,4.4720998074297e-06,0,0,3.36089202574759e-24,2.02267624235513e-06,2.0035881619857e-06,8.36289100130088e-23,1.64415479532956e-22,1.81797318468992e-22,0,0,0,1.76638224254022e-07,0,4.48842077681475e-23,0,0,8.03238548830877e-23,1.5758489507764e-19,1.66956448896935e-23,1.32817616046774e-22,0,4.27606321794046e-22,3.65433905727516e-23,2.67740011076229e-22,3.87183223171779e-23,8.05896336651155e-23,1.74917177688435e-23,0,8.26604919679606e-24,2.84114038501224e-08,1.61866221232879e-23,6.27618812303865e-08,0,9.53595080422322e-07,6.94559852441072e-22,6.51287330876879e-23,2.88676636760546e-23,1.57797399256863e-05,0,0,4.59949626230484e-25,0,0,0,7.15624047898806e-08,7.09833252773124e-07,3.29062613463672e-23,1.9812528929287e-21,5.26856839588808e-08,0,6.42327088342995e-22,7.42265132606556e-09,0,3.0801364114774e-22,2.29908320428318e-05,0,1.39191741666391e-23,0,1.59288666815561e-22,1.89409359000818e-08,1.26852362578838e-22,1.89409359000819e-08
"TCGA-64-1681","TCGA-LUAD",1.74036041849055e-22,4.08334958425932e-23,0,9.11271272523348e-25,8.1931614813888e-07,0,0,2.0755417149343e-22,8.42525285269269e-07,2.28781579074299e-06,0,1.07523430979347e-22,0,6.99863642098788e-23,6.7213744014057e-08,0,1.10055455327871e-07,2.18646184659965e-24,2.64538831353989e-23,0,7.66330083197504e-23,2.09080381357422e-23,3.48732632809762e-08,8.24505607268866e-24,8.36986149802389e-22,7.51284143084223e-23,2.0986629530799e-22,4.51054894052266e-07,2.97085472370094e-23,8.11026236468708e-24,3.817417045584e-23,0,8.09975879994171e-23,2.05988077775259e-25,0,1.96052241700689e-26,2.38388910480862e-08,0,1.04470868680553e-06,5.89254845488413e-22,0,0,1.60127322990947e-06,0,0,1.00529093845854e-24,0,4.28132312697529e-24,0,3.76963722974058e-07,0,1.21224300657489e-23,1.55904564077667e-21,8.84985773477921e-08,6.1117298779023e-23,6.75370677321152e-22,8.11882324510345e-23,0,0,3.43274247531564e-05,7.418790034755e-23,0,0,8.68772998707407e-24,2.27452156672012e-22,4.77226326982367e-22,7.04678483654378e-22
"TCGA-MP-A4T6","TCGA-LUAD",4.52102632258647e-23,1.09035253746874e-22,0,1.47948158944014e-08,1.83144303303614e-06,0,0,1.09860879005018e-22,2.47599600917414e-06,3.38315410999393e-06,0,0,2.03774517234157e-23,0,0,0,2.96466415817154e-07,3.18483798953975e-23,0,0,0,0,0,0,4.64881990182288e-22,0,0,1.33964440967475e-22,9.94736756917213e-23,5.6653107441357e-24,0,0,0,0,1.80266323018611e-08,0,4.9406491100585e-27,0,4.96864557616589e-07,0,2.01157384709972e-22,0,1.38907832432497e-05,2.33462391972664e-22,0,0,0,0,8.56733960827571e-22,2.69120597737973e-07,1.0179193969682e-06,2.0238949300658e-23,2.68808579759361e-22,1.83079340864067e-07,0,0,0,0,0,6.30120611587431e-06,7.35746554398191e-23,0,7.95623120646435e-23,0,2.18809654641758e-08,2.86958621964581e-22,2.18809654641761e-08
"TCGA-78-7156","TCGA-LUAD",6.42895517226524e-22,3.32866620376818e-22,9.87308950966821e-21,3.09179608644369e-23,4.31393657376751e-06,9.79581252621503e-23,2.33622228036893e-22,1.40794467832377e-22,5.30647711476851e-07,0,0,6.05893678400685e-23,8.53369273698186e-24,4.45765492071672e-24,2.64850144221575e-23,0,0,0,1.49354510546255e-22,3.283906590747e-22,2.64845818226018e-22,5.77439597992873e-23,6.29719868647957e-23,1.63452857815807e-22,3.13325901193588e-21,5.02529092790829e-22,1.3414351949564e-21,1.61887549877747e-23,0,4.82041560265009e-23,7.39586260933766e-23,0,3.34875982235738e-23,0,4.4202146582505e-25,1.49186237482473e-25,4.52481881150372e-22,0,1.16532348988926e-06,0,1.25621219477821e-22,1.34165979222091e-22,6.70129287626571e-21,0,2.3985889218948e-23,0,0,0,2.36449575976614e-21,4.85227901828824e-22,1.86438514964462e-23,0,0,8.23735491859626e-08,0,1.94092204937668e-21,0,0,8.70379130344912e-22,7.05487189866317e-05,7.2784100152064e-23,1.04719375140345e-21,0,2.08744682184558e-22,2.0726636107471e-21,1.86548572526936e-21,3.93814933601646e-21
"TCGA-97-A4M1","TCGA-LUAD",1.03358461342916e-22,7.92759084649795e-23,0,7.51347309716063e-23,6.2514623408401e-06,0,6.60969503768048e-23,4.64834901877423e-22,1.12450315778185e-06,0,1.01401135390363e-22,5.73377575615083e-22,7.11333987282562e-22,9.11672274688157e-22,0,0,0,5.81241364678798e-23,5.19100762046133e-22,1.4249462555695e-22,5.53215930687615e-22,3.58207396941393e-22,2.10239334932029e-23,7.14634973303637e-23,1.54873851444591e-21,0,0,6.68786250196792e-08,2.44124997459821e-22,6.10087955573805e-23,1.01558360819603e-22,6.27682001221159e-23,1.11328747563192e-22,9.42758822872368e-24,9.07077236608881e-08,0,7.71658756980614e-08,3.53486477036435e-23,1.06029480008104e-06,8.60079298621621e-22,5.54358157142438e-22,2.47789805427127e-22,1.72633877863739e-05,2.19555411690658e-22,6.66528886734558e-23,1.68555434498166e-24,0,3.31294866077502e-23,0,3.17925297859137e-25,0,0,1.87931010840907e-21,3.23553322862859e-09,3.60228499749388e-22,0,7.18314441955683e-25,0,1.04863808198521e-21,1.83117475698753e-05,0,6.44960360896142e-23,9.97164626321679e-23,9.73838265996319e-23,6.04718157739269e-08,1.09061517679925e-21,6.0471815773928e-08
"TCGA-55-A4DF","TCGA-LUAD",5.99456539483365e-23,0,1.84360897068065e-21,1.21669740543623e-07,2.49295653346208e-06,0,0,0,7.49755791338794e-07,2.08523355441045e-06,0,1.30156017033172e-22,0,1.49277899851739e-22,0,0,1.63325511022379e-07,1.73904469707382e-23,6.35793470050151e-23,2.2334565432851e-22,1.58814546657503e-22,2.08897695510833e-23,0,2.77160187328577e-23,6.88849327499025e-22,1.06941586006833e-22,0,0,0,0,7.52132277950236e-23,2.64383747525961e-22,0,0,0,1.27782816190951e-24,3.58010747788803e-22,0,2.87355914004586e-07,0,0,0,7.80399190546071e-22,2.44753126678692e-22,2.59890093916339e-22,1.52663123225401e-24,0,2.65868498308521e-21,5.69431220456468e-22,2.20683431740322e-22,1.8487134132993e-21,1.02281231587425e-23,0,2.69343410433514e-07,0,2.3877503188427e-21,0,1.1641159118077e-25,4.7795009510193e-22,4.2768295834475e-05,4.3054435338128e-23,1.59526091691847e-26,1.13705329074066e-23,9.79698758354521e-23,8.11131603624181e-08,4.23831937078264e-22,8.11131603624185e-08
"TCGA-93-A4JN","TCGA-LUAD",1.1339872114086e-23,0,3.96107469811675e-22,9.11253890528951e-08,3.10740184395732e-06,1.26186453402231e-24,5.67934514698991e-22,0,1.48671374392241e-06,2.15870057819727e-06,0,0,0,0,1.03832542450806e-23,0,2.3390923127381e-07,0,0,2.56071105144135e-21,4.34836845524113e-23,1.25579654921514e-22,1.80775959796468e-23,8.05115311247472e-23,5.000452789686e-06,0,5.57680683175751e-08,0,2.36175127158578e-26,9.39072634910755e-24,0,0,0,0,1.4028628585896e-07,4.06804411431608e-24,0,3.14564616159681e-24,1.26126826186596e-06,6.80058085831773e-23,5.95025961330503e-22,0,7.72251680576484e-22,0,0,9.05610009133203e-24,4.26868267165219e-25,7.79612787386392e-23,5.26692006456306e-22,0,2.83257869289617e-06,7.5075240344031e-24,2.65976238717435e-06,3.95310911432397e-07,0,2.32665646348101e-22,0,1.12605635347391e-23,0,8.41424746732932e-06,0,9.45996717033309e-24,1.5825497859552e-22,0,1.54274449941239e-07,2.500226394843e-06,2.65450084478424e-06
"TCGA-78-7633","TCGA-LUAD",0,6.71352565760636e-22,7.57527842770607e-21,4.3427067084832e-23,3.00089238670688e-06,0,0,0,4.40546503340465e-08,1.35717212740357e-22,1.32559794134371e-22,8.92138239884111e-23,0,2.97444331456891e-22,0,0,1.65701487036822e-24,0,6.28951995098491e-23,0,0,3.3475859588303e-23,0,9.20412115592794e-23,2.98645612091497e-21,1.6432252934906e-22,0,0,1.79777931593608e-24,2.17625018953813e-23,1.74553526594695e-23,0,1.70356897173488e-22,0,0,4.91431388280395e-24,0,9.15606375405862e-24,5.19975976468165e-07,0,4.34195600654406e-23,0,6.12793061076465e-21,0,0,0,0,1.06607541617997e-22,0,3.25680090691938e-22,0,7.29684190932273e-23,0,4.28685518030013e-08,0,1.8191337460836e-21,4.66240320742996e-27,5.46107727501736e-24,8.73188642834212e-22,6.64195088192589e-05,0,1.79354578601469e-21,0,1.23647890250983e-22,2.10762568229989e-22,1.8289043433378e-21,2.03966691156779e-21
"TCGA-05-4426","TCGA-LUAD",0,4.28691834851855e-22,5.2674542703852e-23,4.43507812019817e-23,7.40487935349186e-07,9.44800841281376e-25,5.71989974418803e-23,0,1.12638835410612e-06,1.79540706546545e-06,1.95819339831022e-24,4.08237782138806e-23,0,4.46539502330972e-23,0,0,2.73050320782091e-24,1.96962311066118e-23,1.38654822724516e-22,0,1.32552773902109e-22,3.42499192868599e-23,0,0,1.81415401346772e-21,0,0,0,4.54494274706074e-24,1.72948449881192e-24,1.19320066111568e-22,6.26570130823198e-23,0,2.76246336391763e-24,0,0,0,6.89090414117609e-24,1.12588609546929e-06,1.02283722150738e-21,0,2.41110408574165e-23,9.55373494450573e-21,2.10892808964205e-22,3.3903535049987e-22,0,0,0,2.8768909531772e-23,0,0,1.82601038175069e-24,0,6.16753659212128e-08,5.05985305502774e-23,8.24246184480463e-22,0,2.04470823107974e-23,1.02557158997683e-21,8.5742205216341e-05,0,1.64603112094158e-23,6.57001407731746e-23,4.80708130898923e-23,1.40566934211209e-22,1.18769931111084e-21,1.32826624532205e-21
"TCGA-97-A4M5","TCGA-LUAD",5.46229533134729e-22,4.90589385310087e-23,0,9.38149499504253e-24,5.53331537699772e-06,0,3.4675336448439e-22,1.04933120579429e-22,9.63177899979913e-07,5.0540566025346e-07,0,3.01925987887946e-22,1.45361779247232e-22,1.92906634839754e-21,1.78976038862864e-23,0,4.24971465135905e-24,1.19459319085799e-22,1.07841405831184e-22,0,0,2.3531896492673e-22,1.81593855538737e-19,0,0,0,0,2.55629415497402e-08,1.35848884022332e-23,4.28039179708963e-24,0,3.04837441274973e-22,7.77355741830493e-23,3.22610109961934e-24,7.60741892488369e-08,0,9.1918783397319e-08,0,1.20608142071396e-06,1.23741874062154e-22,5.04167310003712e-22,0,6.31590602977346e-06,2.87237595161386e-22,2.91208509098777e-23,1.01683802797085e-24,0,0,4.20217981472676e-22,0,4.50391901492694e-09,0,1.81226869086092e-21,9.88345626691572e-08,0,0,0,1.03946366005367e-23,0,4.31191163676771e-05,1.18244048443401e-22,0,0,0,5.07161261658925e-08,2.45294692655044e-23,5.07161261658926e-08
"TCGA-91-6830","TCGA-LUAD",2.84799920609365e-23,2.28723679897038e-22,0,0,2.79851448060058e-06,3.71044584925672e-23,0,3.48114625698101e-22,5.81495695199706e-23,4.08530669911344e-07,3.43810683644965e-23,0,7.29367949109363e-23,0,2.47151594020832e-23,0,6.34744575744843e-23,5.69844345290756e-23,1.46637057304801e-23,0,5.27995234975765e-22,0,0,2.49483617120011e-23,0,0,0,4.49889180183699e-08,7.25852161410637e-24,5.793104340712e-23,8.90795632262934e-23,2.10655239339583e-22,2.00484101379743e-22,6.41603364341584e-24,0,8.1556381811499e-24,6.70688079068636e-23,8.54693546779366e-24,2.61337489029023e-07,0,0,0,1.38762176338508e-21,0,9.70333079325918e-22,0,0,0,1.22059529280755e-21,0,5.09117707010943e-21,0,0,5.55015126729339e-08,8.67828675691659e-23,3.56212633914348e-21,6.98050079468084e-27,1.0226281857177e-22,0,9.35422926204121e-05,0,0,0,5.91947375508432e-24,1.18624343856349e-21,3.78359457436401e-22,1.56460289599989e-21
"TCGA-78-7163","TCGA-LUAD",1.8729123375265e-23,5.36338255726823e-23,9.67294284498067e-22,1.94688402476536e-22,4.4971010550442e-06,0,1.28846267872186e-22,3.55511670438699e-22,2.67549700497826e-07,1.05982961232922e-06,4.91355498534406e-23,1.14997305744122e-22,5.00276888365901e-22,0,0,0,7.12850718569152e-08,0,1.32695424652993e-22,8.51117496046439e-24,2.36470029978198e-22,4.65321900046928e-23,3.00334869083221e-21,0,0,2.91766499810265e-22,7.69938211491409e-23,0,9.42784663387819e-24,4.83969515607713e-23,1.02567758251917e-22,0,0,3.22667193366067e-26,1.96136283222117e-22,0,6.17293162678557e-22,0,1.05413656098207e-06,9.2288219221371e-23,2.73185101284272e-22,0,0,0,0,0,0,0,0,1.32836442272477e-07,1.84227125916303e-06,0,0,1.87141279837291e-07,0,2.46182880052501e-21,6.39791672762021e-25,2.98817340471072e-23,0,5.0026523185626e-05,0,0,0,3.35915535755513e-23,7.93041418753936e-22,1.4505192777544e-22,9.38093346529376e-22
"TCGA-49-4512","TCGA-LUAD",0,0,0,3.1464580323014e-08,1.57686414620189e-06,0,3.90663975746956e-22,0,5.25017778394507e-07,3.01540600234057e-07,1.08286231176551e-23,1.12002557015579e-23,1.02923990441205e-22,1.34221379196548e-22,6.57893534073071e-26,0,2.03184348367822e-07,2.64979990070586e-24,3.28883871554116e-22,3.362905366548e-22,0,0,4.03702917413251e-08,0,0,0,2.26996033984594e-22,9.92473662388893e-24,1.81678718985888e-22,0,8.33037798412193e-23,0,4.75884826118514e-22,0,0,0,1.79848924604913e-24,0,2.1029973289046e-06,4.84913039152105e-22,1.82344056480172e-22,1.15053969582874e-22,1.31887337907792e-05,0,0,0,0,0,0,6.46237034926331e-07,1.56891055114986e-06,0,1.96164464987263e-21,3.22592890534021e-08,1.2702802838814e-22,2.14433140712108e-21,6.93434638794167e-24,0,0,4.06492804825928e-05,0,0,0,1.24257144032778e-22,2.09763868820097e-08,0,2.09763868820097e-08
"TCGA-86-8073","TCGA-LUAD",0,0,1.41160725665207e-21,1.50665832629914e-22,2.5723162741441e-06,0,2.09288665628253e-22,2.05590351453505e-23,4.29886671511655e-07,3.38095507763031e-23,0,0,5.43691134439614e-23,3.46893922224196e-22,0,0,1.34318246397283e-23,0,0,1.57020732603408e-22,0,0,0,0,0,0,0,2.16623208444005e-08,6.98828044219097e-24,0,1.70322603279345e-22,1.38492716597133e-22,1.82347069562027e-23,6.1411364255148e-24,1.09548571268822e-25,9.64512276862094e-24,0,1.78103119772897e-23,5.84744911991724e-07,0,0,2.85851177853446e-23,0,0,5.32319608741684e-22,4.52441440315893e-25,0,0,0,0,0,0,0,0,0,1.24893993250848e-21,0,3.33451909707145e-23,4.41704949124965e-22,7.00026117983409e-05,3.0048828932295e-23,1.03347202917251e-21,0,0,3.11231910364717e-22,0,3.11231910364717e-22
"TCGA-71-6725","TCGA-LUAD",1.7745319179739e-22,0,0,4.0370677696611e-24,3.06324797244838e-06,0,3.76036213729617e-23,2.11306833579101e-22,1.16113865882142e-23,1.95758042119413e-22,0,1.92367894084973e-22,2.38698086325695e-22,0,6.82760584615963e-25,3.26254289834738e-22,0,0,0,0,3.13206561387628e-22,0,2.81497716963699e-25,6.91372849569117e-23,1.46641892473558e-21,4.53501383031766e-22,8.37021879499252e-23,1.11654934773422e-23,0,0,0,0,0,2.74514871724828e-24,0,0,6.6907353865463e-22,0,7.22909277035828e-07,1.88145388311887e-22,0,0,1.21830902542506e-05,7.9555695028891e-24,2.72518310426173e-23,1.2440674119888e-24,0,0,1.15381918991346e-22,4.72262070989129e-07,2.24682602719535e-07,0,1.34417232435435e-21,4.81599400104506e-08,0,1.83416671842236e-21,0,8.18155805895714e-24,8.21192227764632e-23,2.81526382108855e-05,0,0,0,5.30778221336524e-23,3.48729142950054e-22,8.89812743061603e-22,1.23854188601166e-21
"TCGA-05-5425","TCGA-LUAD",0,0,1.82204096461964e-21,6.31105005134383e-22,8.33336058547023e-06,0,0,1.99768392015118e-22,5.58149969199165e-08,2.24701750989215e-06,2.11096361249463e-22,0,9.54088361271045e-22,0,2.75253486105636e-23,5.78418477410615e-23,0,0,0,3.52404721361627e-22,3.21814981900389e-22,6.62870032863243e-23,1.84084046665459e-22,4.62808770884792e-22,0,0,0,0,4.14075681434089e-20,0,6.77408252045922e-23,6.46423256442911e-22,0,1.61077466570317e-25,2.55824533729503e-23,0,0,5.0005257770519e-23,1.85686445327409e-06,1.6527151657606e-22,0,3.11746686038605e-22,0,0,0,0,1.37627524242294e-24,9.13486315925442e-23,0,0,0,0,0,2.71662252009576e-07,0,5.34158537348212e-21,0,0,2.84796735993623e-22,7.97651449466407e-05,0,0,0,2.21812372097231e-22,1.34194630880391e-21,1.60907490950194e-22,1.5028537997541e-21
"TCGA-78-7146","TCGA-LUAD",0,0,2.53128312507237e-21,2.39332329635243e-22,1.85023220056557e-06,0,0,0,4.34652419143304e-07,2.64185066131386e-07,0,6.60850430416093e-23,1.25971334633979e-23,1.27135026755832e-22,3.06285203102358e-25,1.47472837754888e-23,0,6.48134026259262e-23,3.72018140028696e-23,1.03659664185365e-22,0,0,0,0,0,0,1.30503162780353e-21,4.80189478200056e-22,9.35852137268005e-23,0,2.02716092013056e-22,0,0,2.0290828167623e-23,1.0753531899328e-23,4.08249838543922e-24,1.23358707578544e-21,0,2.12545335307331e-06,5.00029160748968e-22,0,8.84048432641629e-23,5.31183982265185e-21,0,8.9356160743198e-23,3.7206160182794e-25,0,1.01540820761467e-22,5.0176932657415e-22,2.90688115230737e-22,0,2.74335140093711e-24,0,4.44169876764592e-08,0,4.2482522344849e-22,0,2.3381444364357e-23,1.14065416673756e-21,9.06942170012692e-05,2.47806524912633e-23,3.78021239060525e-08,0,0,6.82093810731442e-22,0,6.82093810731442e-22
"TCGA-62-A471","TCGA-LUAD",0,0,2.01921366270694e-21,0,5.40610669569188e-06,0,4.29628643298427e-22,2.03223091423225e-22,9.22231470796842e-24,0,0,0,0,0,0,0,1.97621414875457e-23,0,0,8.74089838039234e-23,6.40845916415665e-22,0,0,0,1.12327886020928e-21,0,1.04781671625896e-21,0,0,0,1.0358795524032e-22,0,2.76248439409302e-23,7.54196543644047e-24,0,0,0,0,1.36090053849913e-06,1.12115485766746e-22,3.6221708281087e-22,4.62279526226073e-22,1.25187778213046e-05,0,0,4.268161043375e-24,0,7.18666764781884e-23,0,4.46006205403301e-07,0,0,0,1.42737901038491e-07,0,2.74823798249667e-21,0,8.38131116870543e-24,1.52243925770725e-22,2.73325084483349e-05,0,3.49323088112052e-23,0,0,4.83143889677471e-22,8.82062388312472e-22,1.36520627798994e-21
"TCGA-91-6828","TCGA-LUAD",0,0,1.14608583002831e-21,2.48844740133081e-22,6.7839163851557e-06,6.38556029770524e-23,7.41048852491964e-23,0,2.02263618789725e-06,3.876700507492e-07,5.43806352432727e-23,0,2.7130439219514e-22,0,1.22127920161309e-23,0,6.99940952296946e-08,0,8.91806757038595e-23,4.02747160539301e-23,3.00028259593052e-22,0,2.56247577916869e-22,0,1.07323151287961e-21,0,1.41998902693966e-22,2.22235041621562e-08,0,1.70830419071608e-23,3.80680783361978e-23,0,0,3.29039145227886e-22,4.50167189887662e-08,0,8.54306472154469e-23,0,0,0,0,2.42809875546018e-22,4.30004804855878e-21,4.40947481383744e-22,0,6.87239517791641e-26,0,1.11877725208888e-22,0,5.70105178546997e-22,0,0,5.58828777560884e-22,1.19358793869289e-07,0,5.88001267135623e-22,0,0,0,3.46273790795559e-05,5.53317518751157e-23,5.73130612131862e-23,8.70140138450101e-23,0,3.00111459925111e-08,6.86629886236333e-22,3.00111459925118e-08
"TCGA-49-AAR3","TCGA-LUAD",3.1608894513944e-23,0,0,0,5.71919100079908e-06,6.36955340770096e-23,4.0409887497184e-22,3.77130639159382e-24,8.87118393036827e-07,2.51911215819214e-06,0,0,0,5.57041646464621e-22,4.70204009153035e-23,0,1.94107156173951e-07,0,3.84644457616366e-22,0,1.10553966851984e-22,2.99596929313675e-22,0,3.03993348440025e-23,0,0,0,2.48544537804519e-23,0,0,0,0,0,1.00624615586666e-23,4.3639984472959e-24,1.83936959370674e-25,6.51537379653439e-25,0,1.09382534616452e-06,0,0,9.17827010306388e-23,2.07717157589039e-05,0,0,0,0,3.8812802830796e-22,0,2.83446591961657e-07,0,0,1.68330440863157e-21,1.72841327492814e-07,0,3.79588775616553e-22,2.27514136484348e-24,0,0,1.48129639170376e-05,0,0,0,0,4.6390684164035e-22,5.52769834259921e-23,5.19183825066342e-22
"TCGA-44-6777","TCGA-LUAD",0,0,7.86160867531128e-22,7.83559426811778e-26,5.56350281363875e-06,2.08064803315471e-23,0,5.37647276413806e-22,0,3.22225846518851e-06,1.15864832666516e-22,0,2.44487363390235e-22,2.76176380570821e-23,2.72805588232849e-24,0,2.06223774914938e-07,0,7.87905662878072e-23,7.98851174360731e-23,3.49314382597288e-22,0,5.02137931101817e-22,1.60793597801489e-22,6.158791902044e-22,1.24512015657991e-21,0,6.66903702270922e-23,0,3.5706437649074e-24,0,7.3401092841529e-23,8.62473497659579e-23,0,0,4.26457941896838e-24,5.12801694001326e-22,0,6.485165319732e-07,0,7.53717408394866e-22,0,0,8.14636644311723e-22,2.18917427040875e-22,0,6.32054527602302e-25,7.30038499934574e-23,1.31736337676364e-21,0,4.32584312614106e-23,2.69128518004655e-23,8.0682841208787e-21,2.97588546869189e-07,0,2.99123955118669e-21,3.31999528632973e-09,0,2.9049907532941e-21,9.32859639628333e-05,0,1.68291472271252e-23,1.30702978008135e-22,0,1.89006431852404e-21,4.82596786400844e-22,2.37266110492488e-21
"TCGA-38-6178","TCGA-LUAD",2.09368986707804e-22,7.72298909734577e-23,0,3.56373920294989e-22,3.51932312659975e-06,0,2.25325612380702e-22,0,6.41176015593912e-07,8.82684161458351e-08,0,3.95276020795825e-25,0,1.63884778733444e-22,4.6658705930685e-23,0,0,0,2.76614560095237e-23,0,0,0,0,0,0,3.74421480504952e-22,0,0,0,0,2.37449254513567e-23,3.51337453496002e-23,0,0,1.25418946443248e-22,0,1.87544141151143e-22,0,1.02355637339743e-06,2.55058001299811e-22,0,0,5.66384392855472e-22,0,2.4791147261045e-22,0,0,0,0,4.43558764825697e-08,0,3.19219625942029e-23,2.33449143137237e-21,2.75221412434435e-08,4.85900196395703e-22,1.16487390013347e-21,2.76336501922449e-09,8.21728177918986e-24,1.92325825590736e-22,5.76846760956671e-05,1.07095224679135e-23,3.90602420904797e-23,2.52011113023928e-23,0,3.44881258739089e-22,3.86149454867288e-23,3.83496204225818e-22
"TCGA-78-7147","TCGA-LUAD",1.2708134309653e-22,4.1984491272798e-22,0,2.74641817322243e-23,3.56766534117769e-06,0,0,1.08613405341026e-22,9.2596710634477e-07,2.00633332150972e-07,0,0,2.37763745975363e-22,0,0,0,3.69885031388196e-23,1.8651187550747e-22,1.513472380052e-22,1.04987778701285e-22,0,4.05614389923003e-23,1.09118504506447e-22,2.51149468412695e-23,1.45882417693395e-21,0,4.83177095661882e-22,0,1.16660707424214e-23,0,2.78547122059282e-23,0,0,3.23937223566994e-25,0,0,0,7.22870208991938e-23,1.66226624839819e-06,0,2.44001171603857e-22,1.70617372866523e-22,0,7.65646857724775e-22,1.05436528717784e-22,0,0,0,0,0,3.14219327566038e-08,1.8142685571762e-23,2.21229141801725e-21,1.3187257760948e-07,0,1.71877393030531e-21,4.26113449321959e-27,2.14981570778165e-24,4.82388666491466e-22,5.34479057243657e-05,6.11866146006294e-23,0,0,0,3.50418650913795e-22,9.39334544830965e-22,1.28975319574476e-21
"TCGA-62-A46V","TCGA-LUAD",0,2.6114180719626e-22,7.98202229267177e-21,6.48506311182229e-24,2.36718896775142e-07,5.77740821912506e-25,4.72167096590468e-22,0,1.598107810086e-06,3.29157077111586e-07,4.25893790476848e-28,5.197625934221e-24,0,4.69020411539728e-26,3.4687398169836e-08,2.47803406171281e-22,0,0,0,3.27208558649186e-23,3.88937742048322e-22,4.97856027356294e-23,0,1.58357479469726e-23,8.39935286330539e-22,4.17774165781048e-22,2.21708172272323e-22,2.04947403031747e-22,1.81351431382e-23,6.38358809197229e-24,3.07668895273099e-23,5.32812499903612e-24,0,0,6.20562008501633e-24,0,0,0,1.84924719493104e-06,4.14618813996708e-22,0,5.3323185249701e-23,0,5.17919448669576e-22,0,0,0,2.51389904399678e-24,3.58474625131136e-23,1.30286426700583e-22,5.55488603883487e-23,4.30640207334363e-25,0,1.39606268275401e-07,2.26092435167199e-22,1.67309155387167e-21,8.6576885869566e-10,0,5.53649177813688e-22,7.51703478608497e-05,3.1254303245614e-23,0,9.67123434132272e-24,5.10463318720756e-23,9.60561695251694e-23,7.45007417787561e-22,8.4106358731273e-22
"TCGA-50-8457","TCGA-LUAD",0,1.0911046867056e-22,0,0,7.83163790924511e-06,1.3152829914901e-22,4.07537568907691e-22,0,1.90835946703009e-06,3.69342995076686e-06,0,0,0,6.43365149846249e-23,1.35192855253465e-22,0,3.43645250877878e-07,1.7875688705688e-22,4.05119355537154e-22,1.84208722759056e-22,3.22311431850623e-22,2.46855077156365e-22,1.40874467705539e-22,9.91746471444641e-23,0,0,0,2.23322839795244e-07,0,0,1.23479872180563e-22,0,1.41569624031796e-22,6.35814436478005e-24,1.57224938736807e-07,1.17649492593023e-23,2.00586986778257e-22,0,7.62282727642651e-07,0,0,0,0,2.94742614811784e-23,1.96929633034373e-22,0,0,0,1.43664903630587e-21,1.63654434328064e-22,0,0,5.20654999037731e-21,3.38700553065311e-07,2.46354993147751e-22,2.52572223026878e-21,0,1.86847912197143e-23,1.18296194032579e-21,4.48363685396328e-05,0,0,0,3.33713209768308e-22,1.04816625824539e-07,2.15710950260591e-22,1.0481662582454e-07
"TCGA-99-7458","TCGA-LUAD",0,0,1.06497635925885e-21,4.50927050554567e-08,6.429312742028e-07,1.21511124173235e-23,3.90976521566436e-22,6.95075571827953e-08,2.19560246457685e-06,4.06822205675114e-06,0,2.37619572721743e-08,9.68204906934013e-08,0,9.37225285049946e-08,3.36576159244854e-22,2.7042792670665e-07,0,0,9.01270133674479e-23,2.97671015208102e-22,3.13148761932049e-23,0,1.85126362202345e-23,0,5.76176684934375e-23,0,1.82357827574353e-07,0,0,1.76168862871726e-23,0,0,1.87903785184873e-24,0,3.37800883312362e-27,1.02897061722649e-21,0,3.30215076376141e-07,2.34243102153782e-22,0,4.63389401308459e-24,1.07284651207992e-21,0,4.83192153923389e-22,0,0,1.09317435206468e-24,8.44724868766423e-23,9.45817704653938e-22,0,0,8.8682163285751e-23,3.19863905713321e-08,0,0,4.96189737103366e-24,7.20973021792645e-23,1.34903680875868e-21,7.74203384303203e-05,9.03181375342429e-24,1.53782889301135e-24,4.3811242327855e-24,0,9.22414796736176e-08,1.48835507604051e-22,9.22414796736178e-08
"TCGA-J2-A4AG","TCGA-LUAD",1.36922068141813e-22,3.88429247641152e-24,0,5.68480955500348e-08,4.76899349661038e-06,1.31779670779432e-22,1.97041834169741e-22,0,2.36076695635436e-06,2.92435386713111e-06,3.03324874914158e-23,0,0,1.42271290480453e-22,1.43818556219371e-25,0,4.54392068619668e-07,0,0,7.20323302147347e-23,4.1991823701267e-23,2.69630241045166e-22,0,0,0,0,9.87894877027092e-22,1.30664690561065e-07,1.2206605009215e-24,0,0,0,0,1.02031645743323e-24,4.3369900314285e-08,0,3.80261858549153e-23,0,9.87143669341982e-08,0,0,2.71467224040801e-23,0,2.61437904015058e-22,0,1.17149184058803e-23,0,2.31804846267888e-22,0,0,4.69258360765641e-22,7.99313377515462e-24,3.99484405263509e-21,1.22456591110837e-07,3.18067957411783e-23,0,5.02269647634324e-25,0,0,4.10330912057083e-05,3.73500172431533e-23,0,7.32397507137224e-23,1.95291534210095e-22,6.68119972428802e-08,2.29380580888393e-23,6.68119972428803e-08
"TCGA-J2-8192","TCGA-LUAD",0,0,1.19017394942889e-21,3.77844487779189e-08,1.93752816041051e-06,7.64005514216388e-24,3.25884033030758e-22,4.50688331644195e-23,1.42206229829925e-06,2.48897109082307e-06,9.0390333420561e-24,4.83292671863958e-23,7.01853749632522e-24,0,6.99287372593698e-08,0,3.0366706674689e-07,0,0,4.83858587514948e-23,2.5720170458699e-23,1.35137086670945e-23,1.13250118497941e-22,8.45167611643006e-24,8.05646456633242e-22,5.59360444105456e-22,0,9.0877136194161e-23,0,5.21258484578296e-24,0,1.05836631405842e-22,0,2.94468040808667e-25,1.66096333630044e-22,0,3.288166834769e-21,0,3.12325891669535e-07,0,0,5.5208217369969e-24,0,0,1.76908243721681e-21,0,0,1.495570146388e-21,1.19261658567192e-22,4.27890109330832e-22,0,0,7.50628329008783e-21,1.84102029937565e-26,0,4.14111212704889e-21,4.56071357249332e-25,0,0,8.2524435816628e-05,2.9603399925908e-23,4.37238091157398e-23,4.17525829112251e-23,0,2.5189632518614e-08,4.1568331354597e-22,2.51896325186144e-08
"TCGA-97-A4M7","TCGA-LUAD",0,3.41981953184286e-22,1.2095473279385e-21,3.26883166593603e-23,6.62941037202917e-06,2.33690924454017e-22,3.97917588077027e-22,9.80416507254366e-23,2.44996348031164e-06,3.78578041523846e-06,0,3.0163775848143e-22,0,2.47339668863779e-22,0,0,1.64085965325777e-07,5.55007467778751e-23,0,2.29863345550782e-23,0,3.54264089281628e-22,0,0,1.5458023116758e-21,0,0,4.37243216186424e-23,5.86343056908545e-20,0,1.73054173684287e-22,0,4.28512418872053e-23,0,1.14800280122618e-07,0,0,3.94527399957883e-24,9.27623047641528e-07,1.0152150321086e-22,0,3.03298445185242e-22,5.54409520961906e-21,1.02235328970294e-22,3.48428166199156e-23,4.59160073285939e-25,0,1.79380661972967e-22,0,0,1.03481754479153e-21,1.23530287687069e-23,1.00768868264567e-21,3.65019013680682e-07,1.11416971030179e-22,1.48238013631908e-21,7.23756891733004e-25,4.66128448968488e-23,8.50462745187771e-22,4.5304263424162e-05,0,0,0,4.2981094529989e-22,7.65335200817461e-08,9.43892132430044e-22,7.65335200817471e-08
"TCGA-97-8179","TCGA-LUAD",1.8231678949417e-22,2.84113062113945e-22,0,0,5.24744041685851e-06,7.84943946759534e-23,0,0,4.01559880486179e-07,0,1.67822952589529e-22,2.26290834323188e-22,7.76164679714858e-23,1.10470916041514e-21,2.51862538611406e-23,9.40149169516581e-23,1.24151295265077e-22,1.56620578417139e-22,2.42791515547101e-22,8.81304670014965e-23,0,0,5.6504511881883e-22,0,0,0,1.65225103624969e-22,0,0,0,0,2.53606039693122e-22,0,0,0,0,4.75009289721156e-23,0,1.26908762269866e-06,0,0,0,0,2.32044518438103e-22,0,0,0,0,0,8.72009744793959e-23,8.93233005210854e-22,1.91008940174622e-23,4.24002722747737e-21,1.5092026208835e-25,0,1.8330346320722e-21,1.36536523188986e-27,2.36432260724042e-23,0,6.00873534069653e-05,0,6.13515206831519e-21,0,0,3.78684894011871e-22,1.42056531056972e-22,5.20741425068843e-22
"TCGA-97-A4M6","TCGA-LUAD",0,2.82925822540079e-23,0,2.5921262242152e-09,4.40624751104038e-06,1.26647715067283e-22,0,2.50275190426313e-22,2.18751792490182e-06,4.85541431977611e-06,4.86197097388295e-23,0,8.33797792036351e-23,3.82619381319454e-22,0,0,1.99163706355497e-07,0,2.14503054989353e-22,6.76015003079323e-24,0,0,0,0,5.87734205098392e-23,0,2.82668063727143e-22,0,0,3.47582903583124e-23,3.98402258848782e-25,0,0,1.21120811100506e-26,3.23952198924152e-08,5.06366821483169e-24,1.22842159501452e-07,8.13163041191963e-09,5.45189405500524e-08,7.85879855205052e-22,0,2.33053139262092e-22,3.69653176394403e-06,0,0,0,0,0,2.62130958152891e-22,1.03047100566174e-23,0,0,1.67489558265863e-21,9.54258210046827e-08,3.77521268764126e-22,3.00670158831068e-22,0,0,5.59554351289442e-22,3.64121654771148e-05,0,1.66276961499587e-24,6.14038533606751e-23,0,2.33248974110873e-08,4.35330013819236e-23,2.33248974110873e-08
"TCGA-97-8172","TCGA-LUAD",0,2.08886738522541e-22,1.06598161697759e-21,9.71704057094204e-08,3.58741503626563e-06,1.0764827239855e-22,0,0,2.43285971427797e-06,4.30284661016541e-06,0,1.3540719750787e-22,0,0,0,0,5.18151233540271e-07,9.16931885482012e-23,3.6900303531958e-24,0,0,0,0,5.4225071205677e-23,0,0,0,4.30561607795517e-07,0,1.29626410686729e-23,1.81120522948404e-23,6.74277391859601e-22,1.22589161333424e-23,0,1.113116873465e-07,0,0,1.65077782138086e-23,7.1206547479494e-07,0,0,0,6.0022560313281e-21,0,1.09193716268838e-22,0,0,2.24532719354069e-23,2.98199883391941e-22,7.52910021782375e-22,4.41087130743897e-22,0,1.15490614781177e-21,1.71679943226985e-07,0,1.06070943817837e-21,0,0,0,4.50285482252741e-05,0,1.92595307946878e-23,0,4.21722490851884e-22,1.38988062037281e-07,1.0444336926127e-22,1.38988062037281e-07
"TCGA-44-3917","TCGA-LUAD",0,0,2.33212972471032e-21,0,6.35812803469412e-06,0,0,3.08339710977322e-22,4.80578317376171e-23,1.38671565208909e-06,8.02731519804135e-23,0,2.74332197285042e-23,2.5692116049204e-22,0,0,5.08490164735578e-08,0,0,0,1.1129422819511e-22,0,2.04568491803418e-22,6.63074127998682e-23,0,0,2.47670757190434e-21,2.50352775233269e-23,0,1.27726413934182e-23,2.06329576416428e-23,0,0,0,1.25967026271946e-23,0,0,9.26435486046748e-25,6.22567913091464e-07,5.48603104265844e-22,0,0,4.48836379424661e-21,7.56546323976522e-22,4.92300814997869e-22,0,0,0,0,2.55410221768264e-22,0,0,0,2.54466977393624e-07,9.67298376373978e-23,4.30674701559217e-22,1.50551426563545e-09,2.33606372250811e-23,1.39724497231918e-21,8.22196486832614e-05,0,2.06936683481021e-24,0,1.9606503667252e-22,2.13957609069678e-22,5.56471140975549e-23,2.69604723167232e-22
"TCGA-05-4398","TCGA-LUAD",7.44076624736325e-23,3.38273936622063e-23,0,1.75447501868973e-08,2.37600380197467e-06,2.4462938489254e-23,0,0,7.48471290466989e-07,3.42580392388614e-06,0,9.26707892226089e-23,2.61432380776798e-23,5.69320281604331e-22,1.86199096026447e-08,0,1.65210097433646e-07,0,0,0,1.507009074582e-22,1.8168377924413e-23,0,0,2.00450878515526e-21,0,0,0,0,0,0,1.05705400215068e-23,1.10045622055604e-22,0,2.19635196073834e-23,0,1.86836532686282e-23,0,1.05706238667935e-06,0,4.31954019398508e-22,0,1.18470616905084e-05,9.2447955701297e-23,0,3.77556489857503e-24,0,1.88459203254348e-23,1.54363198198536e-21,1.00611219744361e-06,3.63513765167769e-22,2.58370538359349e-23,0,3.29809504137029e-07,2.36585412127354e-22,0,0,1.2221426824618e-23,0,4.85161908491022e-05,0,6.16767211199163e-24,0,0,1.16965001245996e-08,1.09451854313784e-21,1.16965001246007e-08
"TCGA-55-8089","TCGA-LUAD",0,0,3.41223993669936e-21,3.43938964097288e-08,5.73486401876877e-06,1.56527216601621e-22,1.53712483098981e-23,1.43593897796121e-22,6.05719108614257e-07,4.45780611511843e-06,0,0,0,1.21942526577582e-21,0,0,3.55271318518754e-07,1.33961084175188e-22,2.09380611972122e-22,1.50581850920086e-22,0,1.07030216432943e-22,4.19350719698434e-23,0,2.9618105956571e-22,5.28757622094323e-22,8.67401121955552e-22,2.98029405682761e-23,8.90274245506514e-21,0,0,5.20933250117564e-24,2.06649304302962e-22,9.18508945562584e-28,3.06327227702923e-08,0,1.29152404558516e-22,0,6.26497181569398e-08,8.26251490200956e-22,0,0,5.16834489225224e-22,1.83540189194612e-22,2.3110814066959e-22,0,0,0,3.75481234778574e-22,4.8619199766471e-07,0,0,0,1.84285075874709e-07,0,1.79146743022303e-21,3.46211066773727e-23,0,8.08885637194185e-22,4.40399591765141e-05,1.70081307051344e-22,0,0,1.33437249121126e-22,4.33510794533479e-08,1.48090529782855e-22,4.33510794533481e-08
"TCGA-78-7150","TCGA-LUAD",0,8.11356990960231e-22,7.79981515299341e-21,3.51035570263889e-23,5.20721598521678e-07,0,3.35223417563749e-23,6.33271331003004e-23,9.26952482804997e-08,2.37386170151529e-08,1.67194858898078e-24,8.22072925045594e-24,0,0,0,3.92015928845671e-22,5.76975484055606e-25,0,4.13747961511616e-23,0,0,0,0,4.53743297977894e-24,3.07667835205047e-21,1.91530719734506e-22,2.73117032588432e-22,2.32449611814132e-22,1.81532876510835e-23,0,1.96503973163719e-22,0,0,0,0,0,3.47432219810475e-23,4.24927280699281e-24,4.63291499221454e-07,0,6.0565875259044e-23,0,0,9.65874160178896e-23,1.37862605289833e-22,3.40052726305681e-24,0,0,0,1.63969472612198e-22,6.42394506909269e-22,0,0,1.17280784590048e-07,2.38569077899814e-22,3.71275099646089e-21,0,1.02544348663036e-22,0,7.98858142950249e-05,0,2.20374883137811e-08,2.81794979443184e-08,1.42359093015466e-24,1.11478196424126e-22,1.94401767150535e-21,2.05549586792948e-21
"TCGA-MP-A4TJ","TCGA-LUAD",6.05550805262358e-23,8.9608734150288e-23,0,1.02126154444509e-08,8.21542830867891e-06,1.22176463595337e-23,9.68380279876298e-23,8.07783253431474e-22,2.42511486252804e-06,4.32905777714905e-06,0,4.60618538868303e-22,0,8.15285670984631e-22,0,9.0798397123723e-22,3.198656421492e-07,6.85107355300047e-23,0,0,3.51809541666369e-22,0,1.02326216111432e-22,0,1.62699715881329e-21,0,7.74568385424629e-22,0,0,5.31510963998904e-23,4.01989761568556e-23,9.76768982121907e-24,0,5.11232909839628e-24,4.92815430167756e-08,0,1.56526720813632e-25,1.50735386650515e-23,1.35058444868219e-23,0,3.65427598626949e-22,0,4.37112693391193e-06,0,6.64357081982323e-22,5.20180073549544e-25,2.29317810037346e-25,0,0,1.35280379849854e-08,2.5378864108858e-22,0,1.35574599596731e-21,4.2401216630073e-07,3.98498839804018e-22,0,0,0,2.03440535680685e-22,2.91299066243595e-05,4.04274966179749e-24,5.95803473647158e-23,0,0,3.96627723074855e-08,1.03420771731497e-21,3.96627723074865e-08
"TCGA-62-A46S","TCGA-LUAD",0,0,0,0,3.2385422930044e-06,0,0,0,1.40668993418575e-06,1.80490838035819e-06,1.80906855864103e-23,2.7439086174007e-23,1.39168400976648e-22,4.05149281075177e-22,7.40728250280202e-24,0,0,0,0,0,0,5.07537392120776e-23,1.00682729647536e-22,6.03413660006811e-23,1.55228395016022e-21,6.35672285195221e-22,0,8.46865085723869e-08,0,0,9.41569636138022e-23,2.54669145017891e-22,0,0,1.69135859894209e-08,0,1.03824485628864e-21,1.01763344167979e-23,1.39954958240924e-07,2.39682049874894e-22,7.35529415633859e-23,1.15243339368349e-22,3.55814880659017e-21,2.22129993304763e-22,0,1.69029517510211e-25,0,0,0,2.56829334361473e-22,0,0,1.52868054465662e-21,3.03436939019475e-07,0,8.28668796265593e-22,0,9.67661288162831e-24,3.26035463736034e-22,4.71940333661627e-05,0,0,3.10037506218414e-23,0,1.12757239929475e-08,7.76141975080109e-22,1.12757239929483e-08
"TCGA-91-6836","TCGA-LUAD",0,0,3.30169169472016e-21,0,6.09575630804647e-06,2.13914066015636e-22,0,0,8.54579433057196e-07,1.52816957246742e-22,0,2.64687771337005e-22,1.85866721135423e-22,0,7.47217633181433e-24,0,4.38286445343045e-24,0,2.0727204898421e-22,0,0,0,0,0,1.42673917416709e-21,0,4.38765342686905e-22,0,0,5.20227310902007e-23,0,4.57134053622317e-24,0,0,0,0,6.02172952644139e-22,0,1.84002647170498e-06,1.86358903421461e-22,0,2.74116860957203e-22,0,0,5.55142361062603e-22,3.51947736646566e-25,0,1.36154204084896e-22,6.62842337305704e-22,0,4.28207157584737e-22,1.25005894044167e-23,5.62219213843744e-22,2.05366309624352e-07,8.34918591191974e-22,4.73002492322113e-21,2.43218060129598e-09,0,0,6.20179458979392e-05,0,2.66435421525993e-21,0,4.63440227867463e-22,7.12170435509219e-22,7.13369587083547e-22,1.42554002259277e-21
"TCGA-44-3398","TCGA-LUAD",0,2.19475078908137e-22,9.76779171795159e-21,0,2.86155045319378e-06,0,0,0,3.90696755416979e-07,1.5903781402983e-06,0,0,5.74240625692178e-23,3.32267415580933e-22,3.41187829765089e-08,0,3.25272116978261e-08,0,1.09741501190179e-22,1.3802904684359e-24,0,0,0,0,0,0,2.896171585763e-22,0,6.06726526154632e-24,0,0,6.95689554380055e-22,1.91921327895216e-22,7.44456154193962e-25,9.20139603803236e-23,1.27607746691199e-23,6.13115089147476e-22,2.20622812465177e-25,2.33900575707344e-06,0,0,0,1.86429319297279e-21,0,0,3.44988924753871e-24,1.20470377425349e-26,8.80000669831737e-23,0,0,2.62043010609862e-21,0,3.6970256111809e-22,3.02081868729952e-07,7.50825752482171e-22,1.76791883044481e-21,0,0,2.762157971061e-21,0.000101598449578149,1.45514964992525e-23,3.86985984660121e-23,2.25819152304597e-23,0,5.84722581474659e-22,1.09737539454068e-22,6.94460120928727e-22
"TCGA-78-7220","TCGA-LUAD",0,0,0,0,4.48985516795285e-06,1.22034427580489e-22,0,8.46747595490946e-23,0,0,0,0,2.16920257063207e-22,0,0,0,0,2.18974408558731e-23,0,0,4.14080606757575e-22,0,0,0,2.74914203168767e-21,1.77879174944082e-22,3.75724369311782e-22,0,0,0,0,0,4.19346661567526e-23,0,1.44992919133843e-22,0,1.54341875532324e-21,0,9.76186109316699e-07,7.83008117175907e-23,1.24227388096816e-22,0,1.10277613335013e-21,0,0,0,0,0,2.66989265993315e-22,2.82750883803131e-23,0,0,2.26384615996969e-21,1.41708187452561e-08,0,1.30496465291834e-21,0,0,0,5.19549799660179e-05,1.06463857312264e-21,0,5.96780800953099e-22,0,4.13922888515379e-22,1.58161131922262e-21,1.995534207738e-21
"TCGA-55-A4DG","TCGA-LUAD",6.77254083042107e-23,2.13720365396699e-22,3.5756834356743e-21,8.08804508814743e-28,6.5356930484496e-06,0,0,7.54265655429023e-23,2.13640790011616e-06,2.36066586452369e-06,0,5.92373457147049e-23,9.56882557532618e-23,1.42612246413735e-22,0,6.16950655573198e-23,2.38604657353938e-07,5.4490548257649e-23,0,0,0,2.73190194740198e-22,0,0,2.2813151320919e-23,0,8.22058071759263e-22,0,0,0,0,1.15292949952996e-22,1.51005325473227e-22,0,1.2521724710296e-07,0,3.73594743305245e-22,3.1593778075793e-24,5.64060516897654e-07,0,0,0,0,0,0,8.27266376601364e-24,0,2.39370971643373e-23,1.26052664123854e-21,0,0,0,0,3.87848500996165e-07,0,1.96247277943887e-21,0,3.2969218713327e-23,9.09986449296416e-22,4.07979621023812e-05,0,3.77918514595421e-24,1.62816267809448e-22,0,8.34781647353081e-08,1.18266758358809e-22,8.34781647353082e-08
"TCGA-50-8459","TCGA-LUAD",0,0,0,0,6.61393841715438e-06,5.80789535025844e-23,7.54929323732719e-22,0,1.06653263629265e-06,2.50621487971912e-06,0,2.3972135398575e-22,0,6.49361075487168e-22,0,0,2.46717057069446e-07,0,0,0,0,0,0,0,0,0,4.94603748243101e-22,1.94387247067866e-23,0,5.8167739656255e-23,0,1.37672464561934e-22,0,0,1.12560353870338e-12,0,1.3438690086175e-07,1.81905422063192e-23,3.97375188740376e-23,0,4.05379575377775e-23,0,5.82058439619921e-06,4.41909385083546e-22,7.72809921510577e-23,0,0,0,3.03824289681647e-21,0,0,4.48396503578906e-23,1.85616732744413e-21,5.62377555726434e-08,0,5.00243435384622e-23,2.29522473546999e-09,3.06119209632249e-23,0,3.78857091406123e-05,0,0,0,0,7.50402361439701e-13,0,7.50402361439701e-13
"TCGA-MP-A4T7","TCGA-LUAD",0,1.06159682207181e-23,2.14125447093153e-21,1.42912336457214e-23,4.89105223176779e-06,7.33505058048812e-24,0,0,8.30722891765389e-07,1.37386004652546e-06,0,0,1.9534744233616e-22,0,4.10127500869882e-18,0,0,1.14751849388195e-22,0,1.55036083416159e-22,0,3.76827133344246e-22,0,0,1.0558037385496e-22,0,0,0,9.49085033725131e-23,2.08367711838127e-23,0,6.07044316955331e-25,0,3.69016441753608e-24,3.72316876094305e-24,0,0,0,3.52692296967432e-07,0,4.24910311590762e-22,0,1.62164746997235e-05,3.66385723491895e-22,1.12173587149314e-22,5.3270322430623e-24,0,0,8.76548854323531e-22,6.75372548677281e-07,0,5.95682900939185e-23,0,3.51840494243174e-08,2.31720854810539e-22,1.83308572562061e-21,0,1.59469759009868e-23,0,3.38384178292957e-05,3.84482075645406e-23,0,1.4670379363258e-22,0,1.23462921959888e-21,5.80981710378391e-23,1.29272739063672e-21
"TCGA-44-A4SU","TCGA-LUAD",5.78740774401786e-23,0,0,1.76751900907854e-07,7.88112831098526e-07,0,0,0,2.75873153757251e-06,1.41612086539136e-06,2.09541785749583e-24,0,4.22821006552734e-24,0,0,0,4.02150849285412e-07,0,9.41910654131791e-23,0,2.39732869845996e-22,1.85081180005997e-23,5.44125668838075e-24,3.39768529827242e-23,8.20197730875897e-22,3.74373895573769e-24,8.40755071698096e-23,3.91165353498596e-23,0,0,0,0,8.80228027374256e-24,6.81155052485347e-24,1.27169832394233e-26,4.35785540513418e-25,4.03310876794674e-08,0,6.54667849619006e-07,0,0,0,5.35064359480094e-06,0,0,0,0,0,1.54641085799438e-22,1.34119563291662e-07,1.7574705729048e-06,0,5.10226908957177e-22,4.29654086787484e-07,4.67371828430789e-23,1.63053039061317e-23,0,0,1.81014397443436e-23,2.08389686562531e-05,0,0,0,0,1.17834600605236e-07,5.29965300360946e-22,1.17834600605237e-07
"TCGA-67-3770","TCGA-LUAD",0,8.48317365695794e-24,6.10427772115642e-21,4.33579229698314e-24,5.00482028594925e-06,0,4.6759768860018e-22,0,3.70669727782525e-07,1.90664349807466e-06,0,1.46388429363057e-22,4.16603778933261e-22,0,9.32691672766634e-24,0,1.10596761077885e-22,0,0,0,8.5513575315343e-23,0,0,1.11148305205992e-22,0,6.89813588312658e-22,2.79728475400279e-22,0,1.3319167228761e-23,0,5.2648281976964e-23,2.6635144100049e-23,4.98692224870639e-22,0,5.65589743972941e-22,1.01880923837469e-23,0,5.903466864919e-24,1.51532709672539e-06,0,1.77662485699016e-22,1.69736664842873e-22,0,0,2.05426986934684e-23,1.78879776027923e-23,0,0,0,1.87887684830155e-07,0,3.45664808108701e-23,1.71920555427775e-21,5.01016211540263e-08,1.10030178691385e-21,2.66105813492405e-21,0,2.63464837080543e-24,3.19518309091208e-22,6.86318560963114e-05,5.31931759209035e-23,1.93437249552882e-24,1.21592774881208e-22,0,6.13741063621364e-22,4.69983744861504e-23,6.60739438107515e-22
"TCGA-67-6217","TCGA-LUAD",7.75204947475144e-22,0,7.39713009725092e-21,2.50617180688064e-12,4.50201377606773e-06,3.45626524109348e-23,0,3.58292214787322e-22,2.05431992943165e-06,4.24487395475741e-06,2.26555804160336e-23,6.32385951962397e-23,1.50210405928065e-22,2.28883187394432e-23,0,0,2.98513440055493e-07,0,7.61066132440263e-23,0,6.81053071619521e-22,1.56519328991465e-24,0,0,7.82982582862474e-22,9.24891924362935e-22,3.99947354622109e-22,0,0,0,0,0,1.75100787036345e-23,1.00520034466721e-23,0,0,1.17272468560301e-21,2.27125831583043e-24,2.15685719791877e-07,0,6.47918870740855e-22,0,0,5.59047927229699e-23,2.22808253619577e-22,0,0,6.38228911280114e-23,4.36432612990821e-22,6.6342480642579e-23,6.29392203310303e-22,6.215095562236e-24,0,2.92117628050239e-07,3.01623097526348e-23,4.83075254430528e-21,4.79252361938689e-25,0,0,8.04152202516842e-05,1.54334399447733e-22,3.26500686251266e-23,0,9.41454038734524e-23,1.67078120563461e-12,7.32017827240997e-22,1.67078120636663e-12
"TCGA-55-7907","TCGA-LUAD",0,1.12346254333253e-22,4.67229068406699e-21,1.13245212573117e-21,5.33613823102923e-06,4.70284281011299e-23,0,1.09682864808329e-22,4.5512643560837e-07,1.64391195877682e-06,0,2.01095481815711e-24,7.57707903679318e-23,1.57555686425071e-22,0,0,4.91496709497213e-08,1.13896917045225e-22,0,0,2.50984204627271e-22,0,0,8.19618536614175e-23,0,1.02838849938609e-21,0,1.00996707862886e-22,5.92732157930279e-20,0,1.25725427143713e-23,2.51394056587729e-22,0,9.78834784932902e-24,5.82202158064253e-24,1.00675249157912e-23,4.67065097545625e-23,1.28364242786847e-23,7.11527369992728e-07,5.36024430209838e-22,0,0,5.11483057705667e-22,4.36503892923326e-22,6.36856931764355e-22,0,0,1.21549859921349e-22,4.12689122693126e-23,0,7.53692713132893e-22,5.75321264943106e-23,0,9.6040063230162e-08,0,2.27938393224975e-21,2.96651665203161e-25,2.05383552202149e-24,0,4.90130343882375e-05,0,3.13160715010706e-22,1.83244736268277e-22,3.33228386703499e-22,1.10945386381113e-21,1.81665229480262e-22,1.29111909329139e-21
"TCGA-44-3396","TCGA-LUAD",1.71005120607538e-22,0,0,6.32016555636066e-08,3.20309159225118e-06,7.10933074128506e-24,0,0,3.16176960497924e-07,5.74662635945238e-06,0,5.12606030942408e-24,0,6.82979145469729e-23,3.54153262153039e-25,0,1.48243579789669e-07,3.36711871512385e-23,0,4.67427150848643e-24,8.20692333213595e-23,4.65974405903191e-22,0,0,0,0,3.29204905882881e-22,8.19301370141974e-23,6.19967966396897e-23,0,8.93274065803119e-23,0,0,0,2.45955024425603e-24,4.78552212381983e-24,1.6322830292026e-08,0,1.33116165019411e-06,5.58886423983592e-22,0,1.53671956491213e-22,7.79366100681382e-06,0,2.58633038552615e-22,1.11929093125191e-24,3.96590691270018e-25,4.6360083492877e-23,5.67580726197082e-22,4.6296548333955e-07,3.62645373369576e-23,0,1.58312918173202e-21,4.3231637833567e-07,0,0,1.62086877672228e-23,7.54435091978803e-25,0,4.4342533922416e-05,0,2.43701427300888e-23,0,9.23343809751645e-23,4.21344370424051e-08,4.10346166606798e-23,4.21344370424052e-08
"TCGA-05-4403","TCGA-LUAD",0,0,0,0,6.46808723282501e-06,6.95170621464452e-23,0,3.33181671976093e-22,0,1.34142989825762e-23,1.75185507120123e-22,1.04859211648229e-22,4.47613508431353e-22,1.31683484345871e-21,2.52763061450202e-23,0,0,0,1.25043231280207e-22,5.62330202132199e-23,0,0,6.51831219857196e-20,0,0,0,8.26459192006969e-22,1.19411673456551e-07,0,0,0,1.21536118082101e-22,4.21266754172378e-24,0,1.54114821950656e-23,0,3.89595172318193e-09,5.86020576644243e-23,9.04103761899818e-07,0,3.88054386466173e-22,1.60817106499568e-22,2.26321726806671e-06,1.34737490359229e-22,2.94785234379076e-23,5.54473280629988e-24,0,0,0,2.90118217712299e-23,4.70225930664141e-07,0,1.83890981267009e-21,1.6073322145207e-24,2.66243468902355e-22,1.09392484946223e-21,4.79360096949322e-24,8.22103745799973e-24,0,4.14458670692584e-05,0,4.96905658077311e-23,0,1.86194230040019e-23,6.79517260387254e-22,0,6.79517260387254e-22
"TCGA-97-7547","TCGA-LUAD",2.0465972131677e-22,8.96025741574634e-23,0,0,5.56995591000167e-06,1.220864543276e-22,0,3.13535524588662e-22,1.14455695986879e-06,1.24911136764691e-06,1.1178618176954e-22,8.94323148106133e-23,0,1.12388453310727e-22,0,3.12958125611597e-22,6.43204318717319e-08,1.13292677719607e-22,0,1.39112437547918e-23,0,2.78744283026546e-22,5.56282005253603e-23,0,3.92181028471975e-24,1.11982536928354e-21,2.282091188122e-22,2.78900355862438e-23,2.94637886647067e-20,0,1.09304695749385e-22,8.14601460680157e-23,0,1.74413635880981e-24,2.28505903839673e-08,0,0,0,5.83808410004961e-08,1.8038145565991e-22,0,0,0,2.13401693552569e-22,2.36530378869536e-22,0,0,0,1.42488834139559e-21,0,1.70846633540464e-23,0,3.00503958152311e-21,5.43172756984404e-08,0,1.18391239042802e-21,6.35572455219322e-25,2.73231442436487e-23,1.50959807691889e-21,4.61734050250617e-05,9.70412065524685e-23,0,4.51332047830422e-23,0,1.52337269226463e-08,4.67621922210916e-23,1.52337269226463e-08
"TCGA-97-A4M0","TCGA-LUAD",0,6.22528433110495e-23,2.05145412729863e-21,0,5.62340862611524e-06,8.79061066002511e-23,2.74186616496092e-22,0,2.73546943086351e-06,1.68522610980079e-06,0,1.02694704309154e-22,0,1.10696809871438e-21,0,0,1.89186971852645e-07,0,1.82273992272051e-22,0,0,5.25737952357388e-22,0,1.91965232117525e-23,0,0,4.27987173389677e-22,7.98756353785149e-23,2.0835601226728e-22,0,0,0,8.70048813827782e-23,2.53706879697259e-24,1.61790617258321e-07,1.57776041604207e-23,0,5.18756829289401e-23,3.35000190105703e-07,0,9.39060592401364e-22,0,1.10910354414798e-05,1.93959818539966e-22,2.1390839146439e-22,1.88514332976473e-24,0,1.17080970815887e-22,0,1.24227850262414e-07,0,0,0,1.5910564071156e-07,2.97146545224416e-22,1.08033828747605e-21,6.48590080787006e-25,0,0,1.44197475631701e-05,0,0,4.24435439403907e-23,4.31983269601767e-23,1.07860411505549e-07,3.11264216555247e-23,1.07860411505549e-07
"TCGA-55-7815","TCGA-LUAD",0,0,0,0,4.53672133750841e-06,9.15201960259092e-23,3.52650053927339e-22,1.58006632173522e-22,7.39029654554137e-07,2.76036075361025e-06,0,0,1.60669693524923e-22,0,0,0,9.1744161684924e-09,0,0,0,5.20221102735581e-22,2.00117680396854e-22,1.27999748943638e-22,0,1.91502699097038e-21,0,0,1.66221625276541e-23,0,3.59690094708494e-23,0,6.54308327790458e-22,6.80232216601782e-23,0,0,7.94792799112218e-24,0,3.00008782647982e-23,8.67666351643836e-08,6.41102463071974e-22,4.21200061636571e-23,9.3925405559593e-23,3.76261551843864e-21,7.37897163024452e-22,3.23781216576258e-22,3.99287322862155e-09,6.29011119589934e-22,4.92824465890403e-21,1.00264785214968e-21,0,0,4.31526257325232e-24,5.00084330227915e-21,1.42403972500473e-07,0,0,0,0,2.48627106129655e-22,7.54573743225679e-05,0,1.70564208650151e-22,6.84596325723034e-23,0,4.65696343838547e-21,1.21762404685298e-21,5.87458748523845e-21
"TCGA-62-8397","TCGA-LUAD",1.33339848770379e-22,3.71254515765085e-23,0,0,5.81121353021932e-06,1.05858214825951e-22,4.86733829601292e-22,0,1.34223344461157e-06,2.06441952642838e-06,4.13644051437104e-23,1.04670524762924e-22,0,0,0,0,2.20807918927374e-23,6.75025423751781e-23,1.49228272740766e-22,0,0,7.28646098949863e-22,0,0,4.11437892013411e-22,0,9.53612632830223e-22,0,0,8.01761789778186e-23,1.09718160656231e-22,0,0,3.9542686330026e-24,6.01119985969158e-08,1.19725163695435e-23,1.60865758061592e-08,0,1.20825534160223e-07,4.33055114528314e-22,7.85400072262811e-23,0,1.33329922930402e-05,1.42146735731741e-23,0,8.48511015821335e-24,3.46720479936118e-25,0,2.75730637868732e-21,2.55141872165906e-26,1.33502312756118e-22,4.49918892437881e-23,1.51103274819053e-21,2.48091789105955e-07,1.05157635648794e-22,1.64655416026953e-22,0,1.73665847212198e-24,0,1.92951734765233e-05,1.30741291434123e-22,0,1.81292138410447e-22,0,4.00746657312796e-08,2.2428167179496e-22,4.00746657312798e-08
"TCGA-62-A46U","TCGA-LUAD",0,0,1.01460826601865e-21,0,5.27401493581695e-06,6.50938412920137e-24,0,0,1.32826718963804e-06,4.87020964635921e-06,7.13644867285416e-23,0,2.44061627421811e-22,6.76280824859917e-23,0,0,7.85526365771435e-08,0,3.17598782835134e-22,0,0,5.51603392558956e-23,1.20338257976073e-21,0,3.88471790223967e-22,0,4.24903176998199e-22,7.95505810134222e-23,1.37007232397483e-08,4.72913995104962e-24,0,1.91774675152617e-23,3.03152944559584e-23,4.60675304181148e-08,1.47474680229826e-08,0,0,1.84084713629291e-23,0,6.10359553498456e-22,0,3.81010481941202e-22,1.72373679504894e-22,4.60104234015452e-23,2.08595518009551e-24,0,0,1.1771462196309e-22,0,2.59217079100901e-22,0,5.27954836024334e-23,6.09734017858444e-24,0,0,4.71843362025937e-22,0,0,0,1.41494912813537e-05,7.06705152351063e-23,0,0,0,9.8316453486552e-09,1.94235895111984e-22,9.83164534865539e-09
"TCGA-55-7914","TCGA-LUAD",0,1.33329422567504e-22,5.38349572250938e-21,6.70182642032025e-09,4.0302542577207e-06,0,0,0,1.61106971573799e-06,6.97934266121151e-07,0,0,0,1.56546195172052e-22,0,0,1.07101157448273e-07,0,0,3.18578777506525e-22,0,0,0,0,1.10785150271112e-22,6.78939726922965e-22,0,0,3.87578585805284e-24,0,0,0,3.33848946670779e-22,0,5.11518071335814e-08,7.7463790850287e-25,5.66367514486275e-23,1.28487083412697e-24,1.40981028540946e-06,0,1.08400080974174e-22,2.85216912694272e-22,1.26342566131078e-21,0,1.70577594669093e-22,4.97385456381218e-24,0,0,0,0,1.90168031171898e-22,2.56056474780101e-23,0,4.865915116413e-07,0,2.47441627993701e-21,0,0,4.25278372608159e-22,6.38760619901079e-05,0,1.03445038022405e-22,4.42078872384849e-23,3.18803898168592e-23,3.85690890359347e-08,1.22057286419308e-22,3.85690890359348e-08
"TCGA-97-A4LX","TCGA-LUAD",1.69527700069964e-22,0,5.06635968601619e-21,2.35580871864615e-07,2.5638490158163e-06,0,0,0,1.65650748619436e-06,5.90830739586415e-06,5.93370208420274e-23,6.07395111952125e-23,0,0,1.48810088536362e-08,0,5.77647918358207e-07,0,5.79712819321305e-23,0,0,0,0,3.56402641155758e-23,2.66219871916079e-21,0,6.60714850407755e-22,0,0,0,2.14397983563764e-23,5.38236291275086e-26,0,1.89613542521613e-27,2.72061289496105e-08,0,0,0,8.78907577453197e-07,5.0818558024151e-22,0,0,2.30531982477237e-22,6.54716668625458e-23,2.90947453982273e-22,0,0,1.78619524438857e-23,6.73069062818744e-22,1.0861004454552e-06,0,1.99356288829643e-23,0,4.94851958712907e-07,0,2.16645137861659e-21,0,0,8.45568598908681e-23,6.29472638726145e-05,5.68591902523784e-23,0,7.84382106444739e-25,1.72946933841761e-22,1.75191333876151e-07,1.33109935958039e-21,1.75191333876152e-07
"TCGA-50-5930","TCGA-LUAD",0,1.04963295186506e-22,6.10546094054584e-21,0,7.72198990527381e-06,1.37903345922844e-22,0,2.20107968209348e-22,0,1.15091943227393e-06,0,0,0,0,0,0,4.64253654230243e-08,0,0,1.24797488790462e-22,2.58832055897595e-22,0,0,0,1.68051629615246e-21,1.96526735640854e-21,1.16096774628201e-21,7.14537543716817e-23,0,4.02156390150567e-23,8.86015156567317e-23,0,0,0,0,0,0,2.89048120211593e-23,0,3.25369904666818e-22,2.545428757257e-22,2.84554949645669e-22,0,0,0,3.85127907958403e-24,0,3.89963279506287e-22,1.11502551158347e-21,8.62593286399025e-07,0,0,0,5.24988926374801e-07,5.86650561224615e-22,3.08992674990746e-21,1.35923643742072e-24,1.16643405788613e-22,0,8.67972896835135e-05,5.9773420060538e-23,0,5.26919089672779e-23,1.84472781384704e-22,1.40295808254351e-21,1.02215582361828e-21,2.42511390616179e-21
"TCGA-L9-A5IP","TCGA-LUAD",1.71525411504982e-22,2.63966479563118e-22,5.40992791799857e-22,0,4.69543084712384e-06,0,1.14141413910989e-22,0,5.47880681203394e-07,2.231192108281e-08,0,0,0,0,0,4.432871076404e-22,0,0,1.43753837086977e-23,1.33611059369451e-22,0,0,4.07592478850122e-24,0,0,7.45633484027565e-22,8.07921754305877e-22,0,0,3.1174882061293e-24,0,0,0,2.0124886595385e-24,0,0,0,2.16322044724333e-23,1.422542582298e-07,0,3.76091562650338e-22,0,5.31386248943269e-06,7.95082265447305e-23,4.61734300215915e-22,8.24062305268716e-24,0,1.96243733064276e-22,7.51730848407414e-22,8.0553460192748e-07,0,0,0,1.06978623695449e-07,0,2.70028284440975e-21,0,0,3.10048940493855e-23,4.25183472796535e-05,4.79135411768116e-23,2.83988801746001e-23,0,0,9.71784802327653e-22,1.31983239781559e-22,1.10376804210921e-21
"TCGA-69-8253","TCGA-LUAD",0,0,2.60436347332671e-21,0,6.63772994998556e-06,1.17692331788792e-22,1.36759137821723e-22,0,1.30947189373381e-06,1.53412481037133e-07,0,6.39124936894991e-24,0,0,9.37209681492926e-23,2.51124217423047e-22,1.33134916708907e-07,1.08072601082385e-22,0,3.08252552426729e-22,0,4.54221389154738e-23,4.14105710109223e-21,0,0,0,7.30532306101114e-22,0,4.5654853111115e-25,0,0,0,0,3.28889340395466e-24,3.97690767412699e-08,1.44864270757292e-21,2.6964938299851e-22,0,1.12313742598864e-06,0,9.29763918529887e-22,0,0,9.69530882275203e-24,4.10297724233215e-23,0,0,0,0,4.99893776435282e-23,1.52961136680998e-06,0,0,1.37686322537831e-07,0,1.39706972576714e-21,0,0,0,3.64914495106571e-05,0,0,2.1561884028431e-23,0,2.65127178275142e-08,0,2.65127178275142e-08
"TCGA-50-5055","TCGA-LUAD",1.32894595114424e-22,0,0,6.91417677937246e-25,8.58176540791294e-06,0,1.16468079169501e-21,0,9.25464967020003e-07,3.96227060788208e-06,1.39805325661872e-22,1.30455893974058e-22,8.60272814582777e-22,0,0,0,3.19031247744049e-07,0,3.53671742529645e-24,1.51284098351342e-22,0,0,4.20175455674426e-23,0,4.1525182134707e-22,0,0,2.43109884142565e-07,2.9180692068735e-23,0,1.25286327734794e-23,5.25245936200738e-23,2.25498643263534e-22,1.43184197153534e-23,1.30121494424413e-08,9.10884790046631e-24,1.14059415821576e-07,0,1.19321238779795e-06,0,6.52401027194232e-22,8.02995734892208e-22,3.19501229720702e-06,0,2.38099825181338e-25,6.79198501441031e-25,0,1.41884275983725e-22,3.64922413106562e-21,1.09038048895684e-23,0,0,2.8860851094922e-21,3.42815825196641e-07,3.57188534613243e-22,1.02829621909047e-21,0,7.3064933184854e-24,0,4.19560372327061e-05,0,0,4.91315238364376e-23,2.14706950938819e-23,8.67476629496407e-09,2.07625910673535e-22,8.67476629496428e-09
"TCGA-95-A4VK","TCGA-LUAD",4.96209773489049e-23,0,2.42011230970475e-21,2.59559246515895e-27,4.32214654980444e-06,0,0,0,1.99973995988211e-06,1.99663636683406e-06,0,0,0,9.57019747926119e-22,4.40169904078142e-23,0,3.83461362375358e-07,0,4.5938721865955e-23,1.17403453076214e-22,2.82001794669406e-22,0,0,0,0,0,2.87360030267342e-23,1.55593720217535e-23,9.10433096270747e-23,8.54795966671234e-24,0,0,0,2.22859742845638e-23,2.18224399271823e-24,2.45821732597503e-23,2.18388881818132e-24,1.09539574362442e-23,0,0,0,0,8.12385529004708e-06,9.80237091023664e-23,1.23147755302684e-22,3.51483271367178e-23,0,0,0,3.01525969684885e-07,0,2.18110106059735e-23,0,9.33302503566163e-08,1.41631949105356e-22,5.2528142359082e-22,3.91814544505404e-24,9.57263479112983e-24,0,2.39187010360485e-05,7.24742551668542e-23,0,1.58354291532622e-23,4.98603923858589e-23,7.97255284409317e-23,1.41000897334703e-22,2.20726425775635e-22
"TCGA-NJ-A55O","TCGA-LUAD",3.99084122895256e-22,1.75263687330116e-23,2.22751896416523e-21,0,2.0157669487887e-06,3.05394079557347e-24,3.06354225582567e-22,0,9.66282731454093e-07,1.2924433162845e-06,0,0,0,0,2.78891327670545e-24,0,8.03098117208124e-08,6.27319772478329e-23,0,0,0,3.00405513757232e-22,7.17374603269046e-09,0,3.67788227458546e-22,0,0,1.69210762244426e-07,0,0,2.63600144808071e-22,7.48078876011425e-24,1.96827093492859e-22,0,0,4.45489494915414e-24,3.16459361873633e-23,6.41593796917508e-25,2.9238750951636e-07,0,0,2.87735670997168e-23,9.67442408575513e-06,0,3.64883523761621e-22,1.41793667170206e-23,0,8.1794213468022e-23,7.38162160114779e-22,9.27265839698135e-07,0,0,0,6.05823149293701e-08,5.68878753304862e-22,1.54449400780987e-21,8.32681134714089e-23,0,0,3.48038880295481e-05,1.80293131160488e-22,0,0,1.78931775482202e-22,7.51895117400098e-22,1.92657298095779e-22,9.44552415495877e-22
"TCGA-55-8506","TCGA-LUAD",0,5.01392357051889e-23,3.8656060492296e-21,0,3.90963406077067e-06,0,0,0,5.59674456590945e-07,4.81780474915324e-07,8.8886200429693e-23,0,0,0,1.16953067612931e-23,0,4.19739133314205e-08,1.11835655289943e-22,0,5.05076003842347e-23,0,2.63933784640749e-22,1.40982249684568e-26,4.63770964247429e-25,0,1.39673354790855e-21,2.58408262631132e-22,0,0,1.66022360894595e-23,0,3.01859761953771e-23,0,3.11656931997577e-23,3.20958624961767e-24,2.1460221477763e-24,0,3.19910357981935e-23,7.04837533321692e-07,0,7.50536769645696e-22,1.21523782140225e-22,1.88432163809193e-05,0,0,0,0,0,0,9.38184793968642e-07,0,6.82280676160873e-23,0,2.58710350027052e-07,3.86776362149193e-23,2.22877692123984e-21,2.67257283408754e-23,0,0,4.07066789868175e-05,1.06806366691422e-22,1.46812626583486e-23,5.31299745247564e-23,2.03923704685921e-22,7.32249144743783e-22,2.50696178525945e-23,7.57318762596377e-22
"TCGA-55-8090","TCGA-LUAD",8.74959983184179e-23,1.31314107800236e-22,1.20002116363689e-21,0,2.12359226046379e-06,4.69212553694693e-24,0,1.66925630602619e-22,1.70885532700288e-06,7.4832451246165e-07,8.5869197963541e-23,0,1.13337280674749e-22,1.48179455921007e-22,1.05480808209752e-25,9.71678679017147e-23,8.80235398468228e-08,0,1.2446531299859e-22,1.96582251649012e-22,9.48993040097471e-23,0,4.42532171444866e-23,0,6.7851768587276e-22,5.25599549905491e-22,7.4602776794886e-22,5.84014735935484e-24,3.99322961579043e-24,9.34623144397312e-24,5.5249943198751e-23,1.53167931259953e-23,0,5.20717724473005e-24,3.14272388321332e-22,0,4.1375014586554e-22,1.70550284773112e-23,5.6634403166583e-07,1.93250574350978e-22,0,0,2.62843322442713e-21,1.9565265179269e-22,0,3.2639522776571e-24,0,3.12206800955473e-21,0,0,6.21663678129209e-08,2.0968625899641e-23,0,1.30103974318178e-07,2.59673870798394e-22,0,8.89586362893508e-28,2.56854160070457e-23,0,3.71625149166028e-05,0,4.56158808051796e-23,5.59562893225841e-23,1.50153815488794e-22,2.54344338216912e-21,4.52365548841371e-22,2.99580893101049e-21
"TCGA-86-7953","TCGA-LUAD",0,0,0,0,3.34244247773034e-06,2.73721526530418e-23,3.85096076605333e-22,2.81780365182223e-22,8.6370210049773e-07,3.1914233099021e-06,1.62176877732709e-22,5.72608702628265e-24,1.05687693580368e-22,0,1.18758673928626e-23,0,1.04547753389162e-07,0,0,2.19998507811461e-22,3.32133619060705e-22,0,0,0,1.46691281751101e-21,0,1.10232417639447e-21,0,0,0,4.17440179546383e-23,2.23518760160023e-22,0,8.68957620979852e-25,7.93327554255398e-23,0,5.92781787472466e-22,3.76128234130529e-24,6.14190302583161e-07,0,2.55010132858655e-22,7.76325241461583e-23,0,2.87988162649884e-22,0,0,0,1.31585900119622e-21,4.09870368392695e-22,0,4.94004569225587e-22,0,3.19558766296301e-21,4.17468159993097e-08,1.82718352863589e-22,1.79040694683818e-21,0,3.53369448299431e-23,1.0024730823916e-21,6.56244327633587e-05,0,0,2.07027390272192e-23,0,1.8607306520354e-21,8.99523218285859e-22,2.76025387032126e-21
"TCGA-05-4249","TCGA-LUAD",0,0,0,2.56983838527319e-23,4.46162329344413e-06,0,0,2.60840032368062e-22,1.86025830116753e-06,2.10770594330137e-06,0,0,3.14297784165336e-22,0,0,0,2.34026738791687e-07,0,0,0,4.63094022334698e-23,0,0,0,1.55664793384318e-21,1.11353924453733e-22,0,1.55122934214001e-22,0,0,3.77026999666322e-23,0,0,0,8.85160979550946e-08,3.42751440006232e-23,0,3.00726636648701e-23,1.41527170953151e-06,0,6.34329283222329e-22,2.52798450780689e-23,0,1.57968582901317e-22,0,0,0,0,6.56808794323978e-22,0,0,1.07162981154264e-23,2.27933960111703e-21,1.32637737275525e-07,5.79432416160236e-22,1.68413300481188e-21,0,0,4.12918436897838e-22,5.78809026402082e-05,5.3445477240295e-23,0,4.41862935934642e-23,0,5.90107319700641e-08,8.01478668038324e-22,5.90107319700649e-08
"TCGA-55-7576","TCGA-LUAD",0,0,1.40024223874792e-21,7.46984398710032e-08,3.47050437693653e-07,0,1.7513667970935e-22,2.10418089000063e-24,9.3671937639145e-07,1.80719721799896e-06,0,4.39928048860721e-25,1.34768932360327e-26,2.59593265929274e-24,8.08050029312429e-08,0,2.17234404834656e-07,0,0,0,1.44192444720995e-22,2.20692582656828e-23,0,2.00548145314954e-23,0,1.29467874646045e-23,6.24031601065593e-22,0,4.44801948171884e-23,9.1043337188148e-25,0,0,2.80720423777209e-22,0,1.27004042520499e-23,0,0,8.88041180536936e-09,1.01435091515955e-06,1.40092683214961e-22,1.08043771726528e-22,0,0,8.00037795877718e-23,4.59976692547862e-23,3.58819071093071e-24,1.84659317344059e-26,0,3.08750403607714e-23,3.02862483538359e-22,1.29372327833596e-22,0,0,3.19879906356668e-08,8.78181734111722e-24,1.30768614381114e-21,0,2.4775007990888e-24,3.40202389053549e-22,7.68014676346387e-05,1.26167823892402e-23,0,0,6.91460211281753e-23,4.97989599140022e-08,7.20962223604976e-23,4.97989599140023e-08
"TCGA-MP-A4SW","TCGA-LUAD",3.74132365586509e-23,0,0,1.72161283192217e-07,1.5672024084751e-06,0,0,8.14983752991604e-23,1.58066204185881e-06,4.25321605686612e-06,0,4.46009079655352e-23,3.68598188979542e-22,4.86370519220816e-22,0,0,4.50152244717814e-07,2.30550195630583e-23,4.54872820162377e-24,0,0,1.57283940725394e-22,3.99143303474096e-25,0,1.60783816423681e-21,0,0,0,0,0,0,0,0,0,4.24616637289088e-08,0,2.49236170380631e-26,3.03477218030348e-23,3.69346378644389e-07,0,0,0,2.68285555740494e-05,2.54116256107647e-23,7.15741424674968e-24,0,0,2.34702854651489e-23,0,6.42442385128602e-07,4.19541390654199e-23,0,0,4.36109965448128e-07,2.50340850434344e-23,0,0,0,0,2.48599612290653e-06,0,1.25580762394897e-23,0,0,1.43081964614084e-07,8.03919082118407e-22,1.43081964614085e-07
"TCGA-55-8505","TCGA-LUAD",0,1.04299773123119e-23,0,0,2.67365092664367e-06,6.37888123915792e-23,2.56748233621217e-22,0,6.25045356347547e-23,0,2.23326705956073e-24,0,2.79736782550679e-23,0,4.07426817538943e-25,0,0,0,0,2.00009426675617e-23,9.76701014169779e-24,0,1.86417899002625e-08,9.94127666755392e-23,0,6.6718838688559e-22,1.91032571991367e-22,1.06183164120839e-23,0,2.41777236443509e-23,0,1.89237242655572e-23,1.79977543616575e-22,9.44229062084816e-24,0,0,2.37161955994009e-08,0,0,1.05378277256757e-21,2.89052048728564e-22,3.10102550968977e-22,7.63112417392937e-06,1.19691055380621e-21,0,0,0,0,3.13761982759366e-22,3.33378872748072e-07,5.55492664020207e-07,0,1.8659272226674e-21,2.85852282999718e-07,6.89903648136641e-22,2.72399779926245e-22,3.68930904312845e-25,3.35555243936065e-23,0,4.8644756205572e-05,0,0,1.30243991744839e-23,0,4.27825798947366e-22,1.00984937270048e-23,4.37924292674371e-22
"TCGA-50-6592","TCGA-LUAD",2.45622821418862e-23,0,0,0,3.45041417958401e-06,0,2.31529883747047e-22,5.65047731819722e-23,9.10983336116098e-07,7.16157856949041e-07,0,9.12609383494126e-24,0,4.37942312081266e-24,1.24179874647926e-23,0,8.943284100347e-08,1.03835012664717e-22,0,0,2.45720518874689e-22,0,0,4.12876144657989e-23,9.04227697068487e-22,0,0,0,0,0,1.27399483686116e-22,0,0,5.54007225486648e-24,5.16787183912442e-22,0,0,3.57989838456097e-23,4.33481778178045e-07,5.04454064438099e-22,2.90980743130352e-22,2.77058795943888e-22,5.09807222913987e-21,3.29364963409028e-22,3.03386642473699e-22,7.04443810722105e-24,9.00541971511446e-25,3.1151288103451e-21,0,0,0,3.49568705369551e-24,0,1.40604902799854e-07,1.68187087179449e-22,1.41572600727203e-21,0,1.35990143048712e-23,0,6.5953969153732e-05,8.02196295219963e-23,5.23391833732027e-25,0,3.08319046500417e-22,2.65901840293654e-21,5.74974107971588e-22,3.23399251090813e-21
"TCGA-55-8511","TCGA-LUAD",1.0532923466558e-22,5.88149421443893e-23,1.42575185368249e-21,0,5.54961274080979e-06,0,0,0,2.11251879954832e-06,2.7594324150918e-06,0,0,0,1.66107011686228e-22,0,0,4.20705363230523e-07,0,0,1.23565252878468e-22,1.13374737295512e-22,4.59186608548276e-22,0,0,0,0,0,8.53160363763295e-23,3.83797826537818e-22,8.64371994529214e-26,0,0,0,0,1.38018346261155e-25,0,1.62900163843394e-07,1.458526184248e-23,0,1.13332329934333e-21,8.2753409035288e-22,2.36565750121764e-22,2.59536560780464e-05,6.27559554185185e-22,4.43255837959292e-22,0,0,0,1.85430031042967e-21,0,0,1.10716015687932e-23,2.3464356860961e-21,2.33626469932808e-07,0,1.38044395744309e-21,1.68560862910246e-08,0,6.94344674785132e-23,1.044919110831e-05,0,0,0,8.62145629086e-23,2.17648285370371e-21,8.60948397199507e-23,2.26257769342366e-21
"TCGA-69-7978","TCGA-LUAD",3.54839726316935e-23,1.42828730538519e-22,7.05045664527767e-22,7.64588222548387e-10,5.40800112917656e-06,2.48079839071858e-23,0,0,1.85516946254698e-06,4.64548208436782e-06,0,0,1.0558430560932e-22,0,3.17084442451019e-24,0,3.53217692193297e-07,1.08431857693946e-23,0,0,0,3.05416407950255e-22,9.24437888349353e-23,0,7.32144652035367e-22,2.60349209210897e-22,0,0,5.54546355803742e-20,0,2.39979949189678e-23,1.70570544877644e-22,1.30099763352088e-22,3.65663225807745e-27,1.06837067396085e-07,3.26057732177826e-23,6.80465547443348e-22,1.20090814742869e-23,5.04445640463668e-07,1.45771375722508e-21,0,0,0,2.93601013074282e-22,7.49400434750413e-22,0,0,1.03623291508611e-22,0,0,0,5.86251482323871e-23,3.92844631052136e-21,1.5406858073549e-07,0,1.47227937682812e-21,0,6.51978280988214e-24,4.64476103572409e-23,4.63254901651332e-05,0,1.46531938000693e-23,0,0,7.17344370790895e-08,4.37486691286943e-22,7.17344370790899e-08
"TCGA-50-6595","TCGA-LUAD",0,0,0,9.64715023638548e-24,5.85738659090236e-06,0,1.57973629448557e-22,0,2.41370789929321e-23,0,4.13673343493694e-23,0,2.93258818968092e-22,5.74239787003581e-22,1.08986470390455e-18,0,0,6.91800868319376e-23,0,0,0,0,0,6.63153255669939e-23,0,0,2.13493930432189e-22,9.59015319230918e-23,6.47763814431009e-24,0,0,0,0,2.67021155472369e-23,0,2.02989602791897e-24,6.37334833556728e-09,4.08289505625879e-23,2.93472117458109e-07,5.97364267286377e-22,1.0273228224227e-21,0,2.94702807911814e-06,0,2.66115780413579e-22,0,0,2.61507695232242e-23,0,2.58342446143345e-07,0,0,2.05868560036992e-21,1.49995569704487e-24,0,3.67353514842319e-22,1.52580070700006e-26,2.31954386316227e-23,0,6.02820467933937e-05,8.16798730831403e-23,0,3.94380917278479e-23,1.39449464784659e-22,7.0874716145487e-22,0,7.0874716145487e-22
"TCGA-86-A4JF","TCGA-LUAD",0,0,0,0,7.70776436530642e-06,0,5.07477857421287e-22,0,3.3774852587348e-07,1.15975900421616e-07,0,0,0,1.73218932247243e-21,0,0,0,1.69466220759565e-22,0,0,3.82905885403183e-23,0,9.75753337025177e-23,1.06936205626446e-22,1.09980438557183e-21,0,7.47634024798418e-22,0,3.39313607425315e-24,5.94075550773426e-23,5.76338195698e-23,5.33964115402371e-23,0,1.38958430868177e-25,2.98164522951389e-08,3.6592306887656e-23,0,2.59358187991403e-23,1.92064668519024e-06,7.66055335912237e-22,2.83914243731201e-22,1.76239387296221e-22,0,9.28301162973765e-23,0,0,0,3.60396665501318e-24,0,4.12723934800672e-08,0,0,1.8048734311052e-21,3.05898438323148e-07,1.2112479458576e-21,1.93558691968069e-21,0,1.45357370514344e-23,8.18092420038841e-23,4.86496226069797e-05,0,0,1.97164020400922e-22,3.2396257391406e-23,1.98776348634261e-08,5.69047487056076e-22,1.98776348634267e-08
"TCGA-62-8402","TCGA-LUAD",2.46776821887219e-23,0,0,0,6.33142341261695e-06,3.69551619510456e-23,0,0,1.20504823865013e-06,2.31642251309029e-06,0,2.04135074636511e-22,6.42841093148602e-22,0,4.32047916206645e-24,0,0,3.26613306516097e-22,2.62469736825778e-22,1.46790853821396e-22,0,6.93419409658595e-23,5.52087362737517e-23,0,3.89388692266554e-22,0,0,9.26613813690793e-23,2.11876148272183e-18,0,0,0,8.59048460110137e-23,0,2.83530806399229e-08,2.44701006335105e-23,0,0,6.83162834949818e-07,9.00783163292823e-23,0,0,1.41255979182474e-06,4.75256321327702e-23,0,0,0,5.88201819380173e-23,1.09610295197176e-21,6.00297462441355e-23,2.27045204659675e-06,0,1.18531977615909e-06,8.04977321151341e-08,2.18807510105946e-22,0,0,9.21481135596981e-25,0,1.50005296633005e-05,0,5.66201515577135e-23,2.51003661471028e-23,7.25912453999136e-24,1.89020537599497e-08,1.94694346133277e-22,1.89020537599499e-08
"TCGA-44-7667","TCGA-LUAD",0,0,3.99816360391746e-21,5.97427592244033e-23,6.4577442118267e-06,0,0,0,8.22609901200756e-09,1.67043348581145e-22,0,1.55867907220245e-23,4.01635674715193e-22,9.69463300801092e-22,9.09417719376311e-23,1.91841677354915e-22,0,0,0,0,1.09150071660045e-21,0,0,0,0,0,0,0,0,0,0,0,1.18979091923996e-22,0,0,2.03599101840705e-23,1.37469820229401e-24,0,1.0303359684343e-06,0,1.11541542281312e-21,2.53238775397374e-22,1.37839368608993e-05,0,2.68207139688613e-23,1.32449267680589e-23,0,6.23701015525057e-23,3.11710538375356e-21,1.68331553952543e-07,5.88612513618433e-07,0,0,1.0820241280222e-08,0,2.27586116288787e-21,9.21615752297181e-25,3.68007729163108e-24,1.26778203742706e-21,3.56065142882838e-05,1.28877799111855e-22,1.23196444434966e-22,0,0,2.91348030537708e-21,5.45750358300226e-22,3.4592306636773e-21
"TCGA-44-8117","TCGA-LUAD",0,3.39335047351013e-24,9.96814855345362e-23,1.1142933649312e-23,3.42862105662276e-06,0,4.11245263807013e-22,0,9.68452237008563e-07,1.45567828125969e-06,6.04859347200999e-23,0,2.18736854030202e-22,0,0,0,8.62714221541769e-08,0,1.21063976917812e-22,2.97199287955533e-22,2.44238630313158e-23,0,0,4.81968083994236e-24,1.07170800170018e-21,0,3.15203684696876e-22,0,0,3.59481548037166e-23,0,0,2.60612199580198e-23,2.69896902283802e-23,0,0,0,0,8.1768809568651e-07,0,3.40793979330397e-22,0,7.89266433696177e-06,0,0,1.36988982048183e-23,0,0,0,5.67503771771868e-07,2.05133709177503e-06,0,0,1.61853806364211e-07,5.48800704165084e-22,0,5.2563482114407e-23,0,0,4.788619266152e-05,2.86933275860511e-23,6.93588154444942e-24,0,2.29120250679928e-22,4.32757467290161e-22,5.49762607602502e-22,9.82520074892663e-22
"TCGA-95-A4VN","TCGA-LUAD",0,4.40190282196532e-23,1.7572728899172e-21,0,1.00256496026502e-05,2.80452150095097e-22,7.73388168603357e-22,0,1.5286737378184e-06,2.48310444658767e-06,3.32481928575312e-23,4.26924474771524e-22,5.17512436450763e-22,0,0,0,5.99809277633639e-24,0,2.52686214808925e-22,0,0,1.08641439156537e-22,0,0,0,0,7.61614303133617e-22,2.59588520478477e-22,6.2598393904636e-24,1.74123390413452e-23,0,0,0,0,1.41279961121375e-07,1.22344908383202e-19,8.43083807389663e-26,0,6.69337319974462e-07,0,0,0,9.20678756528479e-06,5.72833500128657e-23,0,0,1.63562595624852e-25,0,0,2.40001991037572e-23,0,0,0,3.34469706000463e-26,3.70244036688158e-22,1.39350602382844e-21,8.61974159237744e-09,1.45108020853543e-23,0,1.63960730896647e-05,1.32542386611203e-23,0,0,0,9.41866407475837e-08,2.20095141098266e-23,9.41866407475838e-08
"TCGA-97-8547","TCGA-LUAD",0,0,0,0,2.91228507731718e-06,0,0,0,9.98458991052458e-07,2.11446481680799e-07,9.69427866818082e-23,1.9880600797635e-22,2.84518988271673e-22,0,3.87839095562261e-24,0,2.06008931452783e-23,0,0,9.59552158981412e-23,0,6.32681833333539e-23,2.99961839789261e-27,1.35238248672487e-22,0,0,4.10217551172087e-22,0,4.00391209137779e-23,1.79398023316093e-23,2.44795168984827e-22,0,0,0,4.0598949396203e-23,0,1.81076736475038e-08,2.12489349620323e-23,1.18815652536879e-06,3.24902887483932e-22,7.04587499813807e-26,2.25877294591226e-22,1.0338607719221e-05,6.6007214362399e-22,1.29462799847644e-22,2.83437788798394e-24,3.35822449324114e-25,0,0,4.32526062623169e-07,0,1.29423619726479e-23,2.16199569359684e-21,0,2.47552226817702e-22,0,4.41353279520149e-24,0,0,4.26136111832192e-05,0,0,0,0,2.6579921023602e-22,0,2.6579921023602e-22
"TCGA-50-6673","TCGA-LUAD",4.8376136555344e-22,2.61704812299173e-22,1.37056055160556e-21,1.98615979974684e-22,5.24644567199886e-06,4.39827911266088e-23,1.6888988210171e-22,0,3.10014819958417e-24,1.6712212636456e-07,0,2.85769002386401e-22,0,3.32040861630822e-22,0,0,0,2.60668917819664e-23,3.58417831102343e-23,0,0,2.92380976209018e-22,0,0,4.77740559767821e-22,1.59482886287337e-23,0,0,2.2193078830849e-23,0,1.2113909011422e-23,0,0,0,0,1.9767811021792e-23,0,1.08013953676535e-22,5.36787816041041e-07,5.28146828141255e-22,0,2.36796182490489e-23,7.78158645309802e-21,0,1.21623578996915e-23,0,0,6.80491198391778e-23,0,2.46905469557611e-22,0,0,2.44749415533268e-21,6.09040432530446e-08,0,6.59070115565767e-22,4.97950363626783e-28,6.40957549560649e-24,8.93565523051505e-22,5.96825977608038e-05,1.45436271572593e-22,0,7.35813734079913e-23,5.0681419190801e-24,5.63210052272854e-22,3.69722686033497e-22,9.32932738306351e-22
"TCGA-80-5607","TCGA-LUAD",0,1.51330641100512e-23,0,0,6.85251069085697e-06,0,0,3.60519828393282e-22,1.33672797712328e-06,5.50139116183208e-07,0,3.48142041890714e-23,2.43796096754181e-22,0,0,4.18447197937554e-23,3.23818059078049e-23,7.65850378301811e-23,0,0,0,0,7.62224828048164e-23,3.03289642863467e-22,3.49344732924955e-22,0,0,0,0,1.13895147265648e-22,1.76096669422003e-23,0,0,0,7.42509320995982e-08,8.76007096286554e-23,0,1.33322593087503e-23,1.61810006128924e-06,0,0,1.90551110647411e-22,3.25327661709091e-22,1.05904236544118e-22,4.09474810758154e-23,0,0,1.722542649117e-22,1.61908622691924e-21,0,0,2.51810914101055e-23,1.3855676554962e-21,0,0,7.71867767207709e-22,0,0,2.19958341427188e-22,2.33967670404616e-05,2.29560796315233e-23,0,0,0,4.95006213997336e-08,1.82238898517503e-22,4.95006213997338e-08
"TCGA-49-4514","TCGA-LUAD",0,0,0,0,7.43209830453794e-06,7.19280117254832e-23,0,0,1.03607337616093e-07,6.17092976339156e-07,2.67652148483911e-22,0,0,0,1.58652741694553e-22,3.4820338329537e-22,1.03912573088275e-25,8.00598578562099e-23,2.64889597642453e-22,0,6.33488137958986e-22,0,0,1.98133983600256e-22,0,0,9.3177783740837e-22,1.41741339642334e-22,2.51924968420162e-22,6.17685306029093e-24,1.55084415730376e-23,1.48711637771148e-23,9.70188155432216e-23,1.77548459152627e-23,0,4.89840430194648e-24,3.7041738616439e-21,0,1.70642952633887e-06,0,1.51948152691035e-21,0,1.39127160088851e-05,0,0,1.30091420803999e-24,0,0,3.66126164032607e-22,3.42904030372035e-07,3.00175452331765e-06,1.30298597807176e-23,0,2.33362484109963e-07,0,2.80456692921548e-21,8.07575505111564e-24,0,0,3.55530078185035e-05,1.29416714396645e-22,0,2.01840974444815e-23,1.12447260408741e-22,1.26698590314671e-21,3.16744068979493e-22,1.58372997212621e-21
"TCGA-78-8660","TCGA-LUAD",9.2069126632268e-24,2.35466559491648e-22,0,3.36284315324314e-23,7.8709812760224e-06,1.3761071171323e-22,0,0,1.05667194715582e-06,3.14549493432105e-06,1.98159320835373e-22,1.34383329515433e-22,0,1.37108520310397e-21,6.86080934519954e-24,0,6.74805788713992e-08,0,0,0,0,2.42396574689161e-22,0,1.79398039634497e-23,5.3060737642508e-22,0,0,0,0,0,3.25291243129234e-23,0,0,0,2.52857906839967e-08,8.38785201110581e-24,2.08303718657619e-24,0,1.31661050465749e-06,0,7.53040334870818e-22,9.92005186917109e-23,1.76148952053551e-05,1.09841331945996e-22,3.00423039653583e-22,2.90298488050577e-09,0,1.04358525190244e-22,5.8511892190974e-22,5.76645618038273e-27,2.64490063624908e-22,1.29861533329721e-22,0,1.37170525538234e-07,0,0,1.68684716564218e-08,0,7.706665285985e-24,1.76245307717333e-05,5.44461675409896e-23,0,1.20774718405867e-22,0,1.68571937893324e-08,3.83036967958364e-22,1.68571937893328e-08
"TCGA-91-8496","TCGA-LUAD",0,2.90479682876278e-22,5.04633934280477e-21,0,7.65605432092881e-06,1.81247622478357e-22,8.93573980628654e-23,4.80783920468443e-22,2.31074845775075e-07,1.18043137384777e-06,0,3.6494244195222e-22,0,0,1.26622007765357e-23,0,3.58265372108659e-23,1.4910906157248e-22,1.12789612312278e-22,4.44074594972521e-23,2.23625191324324e-22,5.68609152763889e-23,0,3.71189513398448e-22,0,0,0,3.80203674759902e-08,1.04105217606304e-24,5.87020349449319e-24,0,0,0,3.23123389306521e-24,1.42061980172802e-25,3.8337823929631e-24,4.18954757981365e-22,0,1.95676741414923e-06,2.96473908162116e-22,8.05524143901556e-22,0,4.33462174568745e-22,0,0,4.48794839424213e-24,0,2.67670946292974e-23,2.27361413048764e-21,0,0,0,0,0,0,2.71453704100226e-21,0,3.04620508716536e-23,0,6.391032210842e-05,2.88574479223499e-23,6.70271782932822e-23,1.06196853373269e-23,3.6860856567807e-22,2.70202811212865e-21,2.57052437100301e-22,2.95908054922895e-21
"TCGA-55-6986","TCGA-LUAD",0,0,4.22611673119386e-21,0,5.38655143745093e-06,0,0,0,5.18024229296989e-07,1.23102955044485e-08,7.96420297939821e-24,0,3.82379411513672e-22,0,2.04291173539739e-23,0,1.32292716236128e-23,0,0,0,2.77301267049072e-22,0,2.68601961483405e-20,3.65225002718228e-24,5.76771901781576e-23,5.10680894683374e-22,0,0,2.21138146819674e-24,5.6838625644035e-23,0,3.3831615085972e-23,3.22837968486195e-22,0,2.78330149898161e-24,0,0,0,1.79104691952657e-06,0,3.96051096015633e-22,4.01151314145254e-22,1.80560828732038e-21,2.04283300140331e-23,1.71254657572019e-22,8.05424135008032e-09,1.49055681853036e-25,0,0,0,0,0,0,6.7857130579437e-08,5.3188429084311e-22,1.41493259198993e-22,0,0,0,6.14135049989622e-05,0,5.37071024560028e-23,0,5.03742936091525e-22,2.88444008400391e-22,1.67489228613615e-22,4.55933237014006e-22
"TCGA-4B-A93V","TCGA-LUAD",1.19431587960535e-22,2.18381768917268e-22,0,0,8.93252851104558e-06,8.97878712462539e-23,1.00209611943687e-22,3.25809482224307e-22,1.05670158279741e-06,1.43267069628909e-06,0,1.26122399231515e-22,1.15407796078459e-21,2.41656187578488e-21,3.12266339594899e-23,0,3.52776435998542e-23,1.39223445247856e-22,0,3.68223654819825e-22,1.45216781807969e-22,0,0,0,1.24389883883677e-21,0,5.69447651610824e-22,1.34841915932004e-22,2.41212107606517e-23,3.34233251895064e-23,0,0,0,0,0,0,2.74681891218803e-24,0,4.96653952308214e-07,0,0,0,2.01314334673978e-05,1.04959911182936e-22,0,8.42555481086329e-24,0,0,0,1.48444722273937e-08,9.23671330774057e-22,0,0,3.67684463979289e-07,3.29820038406627e-22,0,0,0,0,1.92373611984406e-05,1.38006004408363e-22,0,1.42155325406581e-22,0,5.46770357517098e-22,8.03748694781004e-22,1.3505190522981e-21
"TCGA-NJ-A4YI","TCGA-LUAD",0,2.19957099769995e-23,0,2.65822320994444e-24,5.06504109439133e-06,2.20061705017589e-22,0,0,3.30430442573182e-07,0,0,0,0,2.5391466754609e-22,3.00827540755442e-23,0,0,1.95567104889838e-22,0,7.89106826789199e-23,2.69325127781619e-22,0,0,9.76426073375251e-23,0,0,1.34339649657986e-22,1.72961356591697e-23,0,0,0,0,1.63021353399033e-22,0,2.83091867382905e-24,2.73459516703434e-23,6.67217800479331e-25,5.18644775132503e-23,8.47935345334197e-08,3.9282739352293e-22,0,1.27234276341933e-22,1.32409985652014e-05,2.565947034373e-23,0,0,0,0,2.61319009643498e-21,1.63663369544941e-07,1.84481079543308e-22,1.06870140910188e-22,1.70472132210897e-21,1.46866527316485e-08,0,4.90542016451881e-22,1.48331872838307e-24,0,0,2.19456699155596e-05,1.86951670477474e-22,0,1.14985452399651e-22,0,1.79839328066512e-21,1.45660418879309e-22,1.94405369954443e-21
"TCGA-86-6851","TCGA-LUAD",2.75914225161389e-23,0,0,1.16308951511992e-07,4.73999987532113e-06,5.3374957086229e-23,4.0983136829296e-24,7.70441339994955e-23,2.06916873735845e-06,5.18747805445882e-06,0,1.11341906516037e-22,0,0,0,0,4.38805815791822e-07,0,1.10870713994646e-22,1.14689791456699e-22,2.4836570244162e-22,0,3.69587445178311e-23,0,4.63635198870492e-22,1.91334930206909e-22,0,1.71574413282886e-22,0,0,2.23735506819915e-23,2.16508720108085e-24,1.49997514767612e-22,0,8.4268259731576e-08,3.00092710004978e-24,0,0,0,0,0,7.4503811458565e-23,8.9598176504966e-07,0,0,0,0,0,0,2.2393223104623e-07,0,0,1.00853658930394e-21,5.48078395461319e-07,0,6.6326739530366e-22,4.21285301184105e-25,3.09072808529926e-24,6.00317676746879e-22,3.16257135484677e-05,4.15765926552615e-23,0,1.65330593017801e-23,0,1.33718140829046e-07,3.56000450656056e-22,1.33718140829046e-07
"TCGA-38-4628","TCGA-LUAD",0,0,0,0,3.56559571320554e-06,8.60469028443115e-23,4.73327740523387e-22,0,0,2.91123232500215e-22,0,3.9637830326031e-22,0,0,0,0,0,0,0,1.21274726317042e-23,1.22959367644899e-23,5.41901031943308e-22,1.53618014673136e-08,3.04037760188294e-23,0,0,3.11465805084495e-22,0,0,0,0,1.07275936425382e-23,0,0,1.85034517934729e-22,7.42292262940157e-24,3.57573729197494e-26,1.68443883286171e-24,1.66624015261613e-06,8.48424593250387e-22,3.64063021304545e-23,0,1.13049522382597e-05,1.19739832738914e-21,0,0,0,5.78283562353744e-23,0,5.69872823065403e-07,2.70564991651972e-06,4.16672917242207e-23,2.49776675775576e-21,4.02547101625511e-08,0,2.83484855503702e-22,9.29121135445545e-24,0,0,5.46390707720391e-05,0,1.71821733526459e-22,0,0,8.26935718518945e-22,6.14796838224494e-24,8.3308368690119e-22
"TCGA-44-2659","TCGA-LUAD",0,0,0,1.08046661717862e-07,4.65879032994284e-07,0,0,4.5990853855395e-08,2.00810391773564e-06,4.44537305323078e-06,1.00999140787265e-08,9.16368146235207e-08,1.09623171800521e-07,0,6.63600355297551e-09,0,1.02263607802045e-07,0,0,0,2.68911492258922e-22,1.7698248710908e-24,0,0,0,0,0,1.88802394280276e-07,0,0,0,1.77897814253639e-22,0,0,3.21327376595279e-23,2.97006422244506e-27,0,4.64862916037538e-09,5.42379457382149e-07,0,2.91314178425253e-22,0,0,2.63524169725471e-22,1.61046576572253e-22,1.20473849825947e-24,0,0,1.02481025192621e-22,1.12338837630754e-22,8.83856758819501e-08,0,3.90057373014595e-21,3.38271523296738e-07,0,5.55163944770523e-23,1.16117425412998e-23,0,4.23602361752318e-22,7.47632552964731e-05,0,0,0,5.49664005270271e-22,1.63782886797852e-07,1.34455746129461e-22,1.63782886797853e-07
"TCGA-44-A47G","TCGA-LUAD",0,0,1.32828054574426e-22,1.32219976659348e-07,3.99060117388951e-06,1.15913113083604e-23,0,1.04264701595833e-22,2.24280746452886e-06,5.14726619514673e-06,1.38173746197347e-23,1.88559690953527e-22,0,0,0,9.05011975776993e-22,4.08533675896607e-07,7.73964880004997e-23,0,0,1.20689097682585e-22,0,0,3.85113757526719e-23,1.7486432432518e-22,1.09576552718667e-22,1.20345362951808e-22,0,2.28598574701594e-08,2.41713243372442e-24,0,0,3.53254875280507e-23,2.20828115907384e-08,1.30924077675553e-07,1.03653371533096e-23,0,0,5.81649395821667e-07,0,0,0,3.25172756689802e-22,5.80050064102367e-23,2.72540256189488e-22,4.20135001217808e-23,0,5.12034120182635e-23,0,0,0,1.1315517283298e-23,1.86423925688887e-21,3.88207236863467e-07,0,9.24308851486426e-22,1.09586659585799e-08,3.15586224156296e-26,1.01282970791706e-22,2.13633241280353e-05,0,1.72664293073894e-23,1.27339351177006e-22,0,1.75429369556601e-07,1.47776711003882e-22,1.75429369556601e-07
"TCGA-73-A9RS","TCGA-LUAD",0,0,1.05130523313856e-21,0,6.6849637747616e-06,2.54111845205192e-22,4.73573758625822e-22,2.59792010267691e-22,1.29652640001989e-06,1.46207869716154e-06,0,1.81717163028614e-22,5.42655112001144e-22,0,0,4.61842165424279e-22,2.20462893312191e-23,0,1.0717615349148e-22,9.70785890146639e-23,0,1.41496543045931e-21,8.28996158114275e-24,0,0,1.44695109824987e-21,0,0,0,2.19152215029805e-23,0,5.83227635704037e-24,0,0,0,4.28098464264063e-23,9.30704759496e-21,3.89774575631567e-23,8.14255301612584e-07,0,4.03572381247008e-22,2.22091018060399e-22,9.66851562166656e-06,0,0,5.22034031816645e-25,0,0,1.06778511107052e-21,8.96780891819492e-07,0,0,1.78245653626272e-21,3.3149390163695e-07,0,3.52034447685879e-21,8.6969793015622e-25,4.91953556026464e-23,0,5.84034086151676e-05,2.03632334276146e-22,1.88179104134548e-23,0,9.12846903357112e-23,2.28716197429657e-21,0,2.28716197429657e-21
"TCGA-55-8091","TCGA-LUAD",0,0,9.13025755940873e-23,0,3.04568806155983e-06,0,0,7.64393816556579e-24,1.08284937707124e-06,2.10586315393516e-06,0,0,1.79597113844239e-23,0,1.82395739054433e-25,0,1.0397038616309e-24,0,8.41448498469807e-24,0,0,8.47888181700681e-23,0,0,0,0,0,3.34672633676982e-23,6.89702496134238e-25,7.81106071060304e-24,0,3.5287236259203e-22,0,3.35923606934881e-24,0,0,1.0134760946603e-21,6.70015314738258e-25,5.04198831391777e-07,0,9.14184328151747e-23,4.11042857117724e-23,0,0,0,6.87051840778398e-25,0,0,0,2.83716175370951e-22,5.22661596063591e-22,0,5.80033255495113e-21,7.90271992654111e-08,1.68029173171128e-22,2.71067535347866e-21,0,0,2.27933195850514e-21,8.18242482023943e-05,0,0,6.40266384540053e-23,2.89808331004576e-22,3.57815701161892e-22,0,3.57815701161892e-22
"TCGA-73-4676","TCGA-LUAD",0,3.49844179718219e-22,1.02656492430867e-20,4.0405496189346e-22,3.34607258600102e-06,0,6.22926581855195e-23,1.00256715740157e-22,2.97404385406599e-23,2.3141950256843e-23,0,2.78876653766754e-22,0,0,9.33954806744975e-25,0,0,0,1.67471930484078e-23,1.10883421011392e-22,0,0,0,1.45916230598321e-23,1.63048692475335e-21,1.98095563422374e-22,0,1.43826453973503e-23,3.79485046046452e-24,0,7.53845523081912e-23,0,0,0,0,0,3.82717661208932e-22,1.49241447669707e-23,2.01371801130111e-06,0,0,0,8.00884696005348e-21,5.31001793880014e-22,0,5.92130233931359e-25,0,0,1.2047667641976e-22,3.51536868290369e-22,0,8.10947602685704e-23,0,0,4.95641039761119e-23,2.48506743972628e-21,0,0,1.40546413963626e-21,9.00510559159305e-05,0,6.71626974624903e-23,2.23269311108065e-22,2.13729103236167e-23,6.76365619221015e-22,9.90165552235784e-22,1.6665311714568e-21
"TCGA-49-4505","TCGA-LUAD",0,2.61905662274132e-23,0,2.14338903323334e-23,3.56408201958189e-06,1.24180690350288e-22,0,2.2921610491247e-23,2.87776949482181e-07,2.60235030207638e-06,3.43820594624351e-23,0,1.06605850623764e-22,3.81712492695339e-22,6.4970951744861e-27,8.28896350944631e-22,1.08860380391924e-07,5.2788827008649e-23,1.91862057504498e-23,1.65007188305996e-23,4.85919006175307e-22,0,0,0,0,1.47086614145381e-22,0,2.20654831433067e-23,1.93415411413192e-22,3.64968342857557e-23,0,2.70520308369598e-22,2.06629305315324e-22,1.99310646361426e-25,0,0,2.50345973653404e-22,0,2.16829707345087e-06,0,4.55245081069941e-22,0,9.08194642169993e-22,0,0,0,0,2.17078326193179e-23,0,9.78839246366724e-23,2.52917389790753e-07,4.78690447379166e-24,2.98826270553526e-21,1.84796681347703e-07,0,8.8269058232471e-22,0,0,0,6.78236093568018e-05,0,2.26724334179262e-22,0,0,5.38886294475358e-22,2.5605478620136e-22,7.94941080676718e-22
"TCGA-44-6775","TCGA-LUAD",3.08985077032214e-22,1.87145637743936e-22,7.97852818204552e-22,2.67285748352408e-08,1.97530875638053e-06,3.46031508524581e-23,0,1.63837735087825e-23,4.29180715962745e-07,1.97406049838751e-06,0,1.32477032848379e-22,0,2.32426274114214e-22,4.83606527281324e-08,1.10725367180839e-23,8.37866377269129e-08,0,9.63959648230648e-24,1.51758838905874e-22,5.58442018187787e-23,0,0,0,6.14187169812318e-22,1.63442076720953e-22,0,4.16015323847053e-23,0,3.74434335754356e-24,7.49653881518447e-23,7.54922547431949e-22,0,0,4.95355211312476e-22,3.85897434754749e-25,0,7.18566626486816e-24,1.0415005495192e-08,0,1.05368196154185e-22,2.30939026311674e-23,7.21825010050742e-21,0,0,1.81709420347723e-24,0,2.85541302935421e-21,6.63618939274568e-23,1.50467176689414e-22,8.73457155769766e-24,0,4.01715207430517e-21,5.29545112250315e-08,2.07772410515285e-22,0,0,2.01367130326334e-23,4.93096798982177e-22,5.87442563126508e-05,0,4.14398625937362e-22,0,5.715989546668e-23,1.78190498901636e-08,4.28588504687516e-22,1.7819049890164e-08
"TCGA-44-2662","TCGA-LUAD",0,0,1.04947037857833e-20,2.05981011247088e-09,2.69933716901726e-06,2.86587622038258e-23,5.65293477643343e-24,1.54767509565695e-22,0,3.58921839883989e-06,0,4.02521072784844e-23,1.32157918186885e-22,0,1.25590845519462e-25,0,9.96616104235548e-08,5.72857603974892e-23,8.3715163374924e-23,1.64445207421941e-22,0,7.7961391610723e-23,0,5.13229605000872e-23,0,0,0,2.75381614804878e-22,0,0,1.3148223078958e-23,4.79559778655039e-22,0,0,0,4.67842981254023e-24,1.79975763787095e-21,0,1.16000915258603e-06,0,3.36846546935418e-22,0,6.45826397188814e-21,2.07578719784349e-22,0,0,0,0,5.39170259836908e-22,5.27695064030614e-22,0,0,0,1.229260515398e-07,2.09280048972009e-22,2.14489187724187e-21,5.12317882554913e-25,0,0,7.10501414693184e-05,0,5.75212667951305e-22,0,1.97095705446398e-22,1.37320674164845e-09,0,1.37320674164845e-09
"TCGA-86-8076","TCGA-LUAD",0,0,7.68177790204284e-21,3.42458484273588e-08,5.65118350554602e-06,0,0,6.94448851568419e-24,1.51733160041519e-06,5.14039203700343e-06,1.7507642293403e-22,2.52838192137778e-22,0,0,0,0,4.50583207324964e-07,4.90174213781787e-23,2.84805158034372e-23,0,0,4.43909020648152e-22,0,0,0,1.02163661449428e-21,0,6.35329760293898e-23,6.06297942945895e-20,0,1.57732344044085e-23,1.66103430928393e-22,0,8.53101915380891e-24,2.08443727709047e-08,0,8.499050327453e-22,1.05151080845281e-22,8.73902595639122e-07,0,3.08436408969695e-22,2.17500044177064e-22,6.68462461299105e-21,4.33876627478715e-22,5.36621105585015e-22,0,0,0,0,0,0,7.99220288348872e-24,0,5.05314866884254e-07,0,4.26014941268372e-21,6.33539553700866e-25,1.50224667568559e-23,0,7.48622853835256e-05,0,1.59901815041616e-22,0,1.58438628434669e-22,3.67268141321765e-08,0,3.67268141321765e-08
"TCGA-91-6849","TCGA-LUAD",4.59851074832423e-23,1.50437649977677e-23,2.44186369424649e-21,2.88587950607344e-23,9.15096202665306e-06,2.4525944642716e-23,1.70268419253547e-22,1.65447799528854e-21,8.06151891098363e-07,4.46140444496807e-07,0,0,1.52846282321409e-21,1.0144028004825e-21,0,2.68275053821072e-22,2.2004203497201e-07,0,3.13048713243142e-22,0,3.66996555330249e-22,0,0,0,3.8986450495445e-22,0,2.82613998973792e-22,0,0,0,0,8.56883218341725e-23,1.68920259867208e-22,0,6.12431987060138e-08,1.37661155852436e-23,0,2.18972472290705e-23,5.39339852981681e-07,0,8.74014346066141e-22,0,6.6428018513101e-06,6.41633922539804e-23,0,1.55400449814708e-24,0,2.58721315570251e-22,0,2.57946237121187e-25,1.27566799028544e-22,1.08497552000563e-23,0,4.53624118863212e-07,2.5624878704531e-22,1.19990260227108e-21,0,1.26533366026063e-23,0,3.06640366698237e-05,8.57375991320381e-23,7.32446249061565e-23,0,2.8248976168855e-23,4.08287991373445e-08,3.85952412641233e-22,4.08287991373448e-08
"TCGA-L9-A743","TCGA-LUAD",2.15328541566535e-22,2.3061865277013e-23,1.91977276167579e-22,1.22293282629856e-07,3.32483593127237e-06,2.86278208993291e-23,0,0,2.55556998351969e-06,5.64966613588962e-06,0,3.25959343110435e-22,0,0,6.66320059060973e-10,5.05071137175776e-22,2.92808752301866e-07,0,0,0,0,0,1.01711105823209e-24,0,8.35343531897407e-23,1.0148601777454e-21,0,0,2.69772467185512e-23,0,0,0,8.55990041779505e-24,0,7.15602815273052e-08,0,5.55592778688705e-08,0,1.26122813786596e-06,0,0,6.74591631630814e-23,7.80870394320657e-06,6.97040355836063e-23,4.25643960051993e-23,0,0,0,0,1.47127236374657e-07,2.09105567271316e-21,1.80163101418824e-23,4.37371695738721e-22,3.33243301925605e-07,2.428446077536e-22,0,3.07621562197385e-26,2.95569019394443e-24,0,1.77757630088631e-05,0,2.57990639336226e-24,0,3.17211314880229e-22,1.29235709438108e-07,5.32981092333768e-23,1.29235709438108e-07
"TCGA-78-7161","TCGA-LUAD",1.10883758341062e-22,0,2.79889543999015e-22,0,6.62179404352433e-06,0,0,1.46749457576953e-22,2.7099073221997e-07,1.13981293229561e-21,9.13846423271209e-23,0,0,7.85393221329354e-22,0,0,0,1.26614885754177e-22,0,0,1.98689594011869e-22,9.84019984094466e-24,1.44175382908671e-23,0,6.57077156814685e-22,0,0,3.27660247485885e-22,0,3.11828332886419e-23,8.58136971449334e-24,2.73013451553035e-22,3.58324877478496e-23,0,1.07584975712445e-27,0,0,8.61679342619453e-23,2.57978535048484e-23,1.53874518916419e-21,2.43966664316482e-22,0,0,0,9.64881612258168e-23,0,0,0,0,1.57719043064321e-21,2.45781065838583e-06,2.12196567815584e-22,3.63857920092276e-21,7.72792967380963e-08,0,1.1295379421631e-21,0,9.30692894300724e-25,1.21461056488279e-21,3.47258946768149e-05,1.21995722030477e-22,2.39556670219397e-22,9.37616084298195e-24,0,4.49047232758114e-22,4.27883375413277e-22,8.76930608171391e-22
"TCGA-73-4658","TCGA-LUAD",6.79737130702472e-22,0,0,5.56041942984061e-23,6.45945006314105e-06,3.02382683907569e-23,6.80617317007584e-22,4.25724713271514e-22,1.58095136494774e-07,3.61787595161903e-06,0,0,0,0,0,0,0,0,2.5071526107762e-23,2.44644215928818e-22,6.57466599408554e-23,1.06544546835658e-22,0,5.82413279937799e-23,0,0,5.42286205276955e-22,1.2611961417768e-07,0,6.07344632662641e-23,0,0,0,0,0,4.01984104823703e-24,0,7.10021156078069e-24,8.76675090366149e-07,0,1.41538516203879e-22,0,1.24501866359233e-21,0,3.75970061235684e-22,0,0,1.33457850389407e-23,0,0,1.38395238466149e-06,0,3.84609216117481e-21,0,0,1.49716568810232e-21,0,0,1.37658489296081e-21,7.35516104170274e-05,1.20019410768865e-22,4.3583477579856e-22,9.71397219645878e-24,1.48545860502551e-22,6.58267981051476e-22,3.28733299704277e-23,6.91141311021904e-22
"TCGA-05-4432","TCGA-LUAD",9.58122032476995e-22,3.82899277959834e-23,0,8.06643579868497e-23,4.0752394990656e-06,0,2.59430777026464e-22,0,4.97953746316387e-07,1.94295929219139e-06,7.52936648847007e-23,0,0,7.80859399090704e-22,0,1.05859268443275e-22,2.74708140427062e-08,0,4.55891961929443e-23,1.91215003845196e-22,2.56624479201034e-23,0,3.65658741045217e-23,7.54391532782937e-23,0,1.34481411515076e-22,9.47635386489428e-22,7.40539977223463e-23,0,1.89987102635515e-23,0,4.14010235778715e-22,3.51095354984614e-23,4.84657395036634e-24,3.34181908356783e-23,0,6.59715589894017e-23,0,3.31187586432795e-07,0,1.36000336658394e-22,1.98840728495136e-22,0,1.94468538149128e-22,1.73672119625873e-22,2.60808900996779e-27,0,0,0,0,5.38637459208616e-07,5.89119975118612e-23,7.38963931320326e-22,3.80296941827729e-07,0,0,0,0,9.55734013602991e-23,5.89088314059491e-05,5.74788665884141e-23,9.07873026426917e-23,0,0,5.70205416736555e-22,3.19761878580434e-23,6.02181604594599e-22
"TCGA-99-8025","TCGA-LUAD",1.8340020627096e-22,0,0,0,1.62796290637443e-06,5.38085624057241e-23,4.23554881883944e-22,2.26018628561282e-22,6.02566656996733e-07,0,1.17322850024892e-22,0,0,4.42224031846881e-24,1.69899411723773e-24,0,1.19421141565361e-07,7.84873081164511e-23,0,2.2278572795119e-22,5.17769347713999e-22,0,4.48353059833487e-08,2.7269169320097e-23,1.40456485925949e-21,0,2.72960390175241e-22,2.77606187679332e-23,0,5.78329756745035e-24,4.70227866655969e-23,5.92611287010664e-24,2.84537134150096e-22,5.39787021050628e-23,0,2.68571561400588e-26,7.54421618872325e-23,9.63230792006041e-24,4.79144117235909e-07,0,2.38022775926904e-22,7.56576646756936e-23,1.5551936616796e-05,4.12671206117062e-22,2.00561972765116e-22,4.33674280696227e-24,0,0,1.98177595205181e-22,9.37727714937535e-07,8.2705176625321e-07,2.89144855218647e-23,0,1.6095421123763e-07,0,0,1.01969844838282e-22,1.80371508550518e-24,0,4.46687952417051e-05,1.15546457965817e-22,3.74754915020595e-22,7.70140720920186e-23,5.21072530562965e-23,5.93953893676442e-22,9.61167103486742e-22,1.55512099716318e-21
"TCGA-49-AAQV","TCGA-LUAD",5.41423420487162e-23,5.09767457144687e-23,0,1.99208828072991e-08,4.77024244999075e-06,8.02264985537199e-23,0,1.62256329661197e-22,2.03491508175384e-06,9.21061730221427e-07,1.34752256630998e-23,1.43047852769615e-23,2.22499235287978e-22,1.56620320887428e-23,0,0,1.59411919834819e-07,2.06677122779201e-22,1.86347466874498e-22,1.11889450310896e-22,1.75081662392479e-22,5.36523338087861e-23,4.62622266890685e-23,0,8.88934885742062e-22,0,9.44959800688991e-23,0,0,0,0,0,4.68638009196936e-23,0,0,0,0,0,2.10197042854976e-06,0,0,1.995372958109e-22,6.89405430578519e-22,0,0,3.41691292454367e-09,1.09681866731121e-26,0,6.38329820615626e-22,2.58515327664119e-23,2.82455716715234e-06,3.22280612022401e-23,3.05814863874525e-22,1.81758520464439e-07,3.86855783801436e-22,0,0,1.42587159218372e-23,0,3.7060514590046e-05,5.5076786866795e-23,0,0,3.61459027917211e-22,1.32805885382e-08,5.57496646924505e-22,1.32805885382006e-08
"TCGA-MP-A4T4","TCGA-LUAD",6.92111814525925e-24,0,0,6.79737973725865e-08,4.03078435328237e-06,1.09552105358542e-22,3.40947381830019e-22,0,2.28736290865719e-06,3.89420206885974e-06,5.29606610215972e-24,1.16990574867951e-22,0,3.41197711214104e-22,0,0,2.05690390764431e-07,9.7391124885892e-24,0,1.13537755551945e-22,5.78310935034973e-22,0,0,5.62165061868441e-23,8.8611597259196e-22,0,2.81763802827834e-22,0,0,0,8.04950157547432e-23,0,0,1.00328234592677e-23,4.72559308651277e-08,4.94548008372421e-25,0,5.88237889866425e-23,4.36802721726237e-07,0,1.91964096122138e-22,0,1.24766903278832e-05,0,1.77504230707126e-22,2.68869388397809e-25,0,0,1.57105574028619e-21,3.94431287345213e-07,4.35667347605379e-07,2.02254988572377e-24,1.56418575617591e-22,4.26680120162595e-07,1.75099316509241e-22,0,0,2.14417176862202e-23,0,2.84385125067779e-05,3.71874942005584e-23,0,0,2.5042031266991e-22,7.68198188251441e-08,7.32213453813467e-22,7.68198188251448e-08
"TCGA-49-4486","TCGA-LUAD",5.74061774163852e-23,1.20715105285864e-22,2.97389482245089e-21,1.79358594771492e-22,2.4292321295134e-06,4.3627826600167e-23,0,3.53458590261803e-22,3.32181925268238e-07,3.60767426367863e-07,0,3.59109533213159e-23,0,0,0,0,1.33800467849161e-25,0,1.99901953903019e-22,0,0,0,2.50187483940291e-22,0,0,0,0,0,2.40821471338463e-23,8.6340533168084e-24,0,0,0,0,5.02830026798523e-22,3.50652546222919e-24,4.21049629458147e-22,4.27638378787004e-24,1.45291876570894e-06,1.36513880456948e-22,3.54330811513422e-23,1.63275535671751e-22,3.74575662976343e-22,5.27259464149965e-22,2.96208810787568e-22,3.81637612153288e-24,0,0,0,1.92807159597541e-23,2.13858104342585e-22,0,0,1.81894407220662e-07,0,3.51292861142452e-21,3.31828279374296e-26,0,0,6.12539637830887e-05,2.15440920618197e-23,0,2.18833896712035e-24,5.36352931364591e-24,7.37994164202985e-22,6.0357552642932e-23,7.98351716845917e-22
"TCGA-NJ-A4YF","TCGA-LUAD",1.85111790940857e-22,1.31316199567586e-22,0,0,5.7985369014413e-06,1.67256505097103e-23,0,0,7.38551126130346e-07,0,1.67263195816667e-22,1.8427123140304e-22,0,0,4.82865277328349e-23,5.9654832246508e-22,0,6.77946942112798e-23,1.64976353137293e-22,0,2.31495851498388e-22,9.32354826798066e-22,0,3.56990731830616e-23,1.91714951545275e-21,1.26810179628226e-22,4.94410552216982e-22,4.00860383904085e-22,0,0,2.08172858204981e-22,8.09632521099533e-25,8.77341312690936e-23,0,0,0,0,0,6.9545997869162e-07,1.12584316680397e-22,0,2.63066633652049e-22,2.07045588853895e-05,0,0,0,0,2.76659960248209e-22,4.6205982496186e-22,5.82643794166491e-07,1.04551351332528e-06,0,2.58675573227177e-21,2.3697921135046e-07,0,2.46875394535322e-21,1.31873038159744e-26,0,0,3.44241915480037e-05,2.21665007104404e-22,0,4.61367749675584e-23,3.43341235463458e-22,1.23743698395485e-21,1.13998078325936e-21,2.37741776721421e-21
"TCGA-MP-A4T8","TCGA-LUAD",0,2.4605212966516e-22,0,1.02504347847407e-23,4.32687278249878e-06,8.25266638090211e-23,3.4894957564292e-25,2.80096808315279e-22,2.35739557532594e-07,3.7726462503764e-22,1.33933406654527e-22,0,3.70677419908989e-23,0,4.56956567739324e-23,0,6.0013132311752e-23,0,0,3.32807081556885e-22,0,6.88202246742577e-22,3.24246180759305e-26,0,2.78418556131634e-22,0,4.01995072738734e-22,0,0,0,0,6.80678239133929e-24,0,0,4.17237036932814e-23,0,3.8615042887245e-24,5.62504327152744e-24,9.08600657928109e-07,7.06335558317632e-22,8.58726691671923e-22,0,5.95447857523018e-06,0,1.88326877235093e-22,0,0,0,0,4.05890842130866e-07,5.28017878455588e-06,3.74822721304973e-23,1.5950290195597e-21,2.66187132303284e-08,0,2.12476472289024e-21,3.59943795417428e-24,0,0,5.06828028287887e-05,6.95578502111958e-24,1.32691966810775e-23,1.76891254493764e-23,0,1.47907583277068e-21,2.62235342898397e-22,1.74131117566908e-21
"TCGA-69-7973","TCGA-LUAD",0,0,0,2.034344241213e-21,5.22087866763278e-06,8.47560542387837e-23,2.14407714792088e-22,3.21759243174236e-22,5.54379647751856e-07,0,0,0,2.46839536686937e-22,0,0,0,1.14110193059676e-07,3.80494033750644e-22,2.14625282842007e-23,0,9.6441916874909e-23,5.06116183252381e-23,2.37618442270149e-22,0,1.78809688245262e-21,1.44975900096289e-21,6.57396887797148e-23,1.59693036123181e-22,0,4.96059065970509e-23,1.48504258522384e-22,3.30380799306788e-22,0,0,0,0,1.83063465589104e-21,0,1.27470203425056e-06,3.81963907191407e-22,0,0,4.76963365346759e-21,0,1.33475282469354e-21,1.66471515005908e-24,0,0,0,0,0,8.20934115733877e-24,3.32697813965809e-21,2.02339249193294e-07,0,1.72413596325957e-21,0,5.17663145139468e-24,3.50835668435439e-22,8.10559022719036e-05,0,0,3.18423020231393e-23,0,1.82473060134617e-21,9.42269399663765e-22,2.76700000100994e-21
"TCGA-80-5608","TCGA-LUAD",0,8.41522536961358e-23,0,0,6.90983443467129e-06,1.49849465812283e-22,0,2.82404460866053e-22,1.78881761506072e-07,0,1.77584850531258e-22,0,3.11395963786244e-22,1.87925411648998e-21,0,0,0,0,5.15598668418517e-22,2.93968588330715e-23,2.81672696957189e-23,0,1.46735698907345e-19,0,9.18029063685129e-22,0,0,0,0,0,0,2.18436981833105e-23,3.43945909331455e-23,0,0,0,9.03456208016521e-25,1.01780673574552e-22,3.63276210615781e-07,0,0,3.28119054242463e-22,1.49890668322001e-05,6.46424793440096e-23,5.47493021972428e-23,0,0,5.41265481470794e-22,0,0,2.03422321000806e-06,0,0,3.76229623233625e-08,0,0,5.74395371849593e-25,8.10163014667958e-24,0,1.16109670956137e-05,3.5895661616536e-24,0,0,4.07801149860029e-22,5.83273666235486e-22,5.15174293538492e-22,1.09844795977398e-21
"TCGA-44-7671","TCGA-LUAD",0,0,5.70380959357551e-21,4.61764006131324e-23,5.09238631509254e-06,2.0964808525425e-22,0,5.82087648753389e-22,0,0,0,0,0,0,2.73259156744037e-23,1.22702060730004e-22,4.17436493502623e-23,1.57495629477021e-22,1.68661843098615e-22,0,1.9781758996633e-22,0,4.43732255345159e-08,1.6873241418863e-22,0,6.71880003437101e-22,4.15779360168721e-22,0,0,8.24676979017265e-24,0,2.93085513554025e-23,0,2.17082276545315e-23,1.62275384938157e-23,1.06194955582908e-24,0,0,9.91327078440844e-07,0,0,3.27657318356318e-22,1.11211630509146e-05,0,0,1.66339241596985e-25,0,0,1.00646754088229e-21,6.99031812824145e-07,0,3.24381943139378e-23,0,7.06414456013403e-25,0,3.16175355900878e-21,0,1.64978814744342e-23,0,6.69141587900862e-05,4.43166816581599e-23,0,2.6771318923227e-23,1.37615574929187e-22,1.12017845339869e-21,9.89087949831652e-23,1.21908724838185e-21
"TCGA-MP-A4T9","TCGA-LUAD",9.12027800590606e-23,0,0,0,3.82397013119595e-06,2.49848452993613e-23,4.6047167818209e-22,1.41562965358802e-22,1.55764892298486e-06,1.23821868306359e-06,3.76710073652237e-23,0,8.63940674459325e-23,0,3.10735604644241e-23,0,0,0,0,0,0,3.25349080554581e-22,0,5.39572370137232e-23,3.38577498748669e-22,0,0,1.05149834649528e-07,1.86860957457198e-24,0,9.55025179703855e-24,0,0,7.78596962050237e-09,2.12645145131162e-08,0,3.652094021998e-08,0,1.10831831705735e-06,0,0,3.10303744124447e-22,0,9.43843612052048e-23,1.07777830145185e-22,1.4548721724073e-24,0,0,1.67452929968665e-22,0,4.27077182276545e-24,0,1.30961519966685e-21,8.61607547184137e-09,2.84636781254153e-22,3.034150766702e-22,0,1.32549067212669e-24,0,2.58479980886501e-05,0,0,1.73725393825878e-22,0,1.41763430087445e-08,1.69288749374334e-22,1.41763430087447e-08
"TCGA-49-6742","TCGA-LUAD",0,0,0,0,3.56929369390955e-06,5.49100471030133e-23,0,3.26405417966823e-22,0,0,0,2.24437038204425e-22,3.86847362073537e-22,5.30432721844931e-22,1.83964948118105e-24,1.29336454406089e-22,0,0,0,1.16860715529694e-22,5.04731306203854e-22,0,0,0,0,0,6.7309149303877e-22,3.12761062421341e-22,0,2.59341975834662e-23,1.01638000415827e-22,3.68332609593455e-22,0,0,4.33239637689373e-22,0,5.88759459596955e-22,4.5715161775355e-24,9.04303415330175e-07,0,5.44263032381535e-22,0,6.73137588234379e-21,0,3.77213332356318e-22,0,0,0,1.95422135903661e-21,0,0,4.07820052025984e-23,0,3.1646942432146e-28,0,7.61392162225918e-22,1.05022792820604e-24,0,0,6.64775802058624e-05,3.87733660152673e-23,0,7.98971303596181e-22,0,2.64517320693461e-21,2.52365653101927e-22,2.89753886003654e-21
"TCGA-78-7540","TCGA-LUAD",2.30802645993278e-23,8.9572462015391e-23,0,0,3.58544677121494e-06,0,0,0,1.73982242718614e-23,2.24358802304669e-23,0,7.79095897234797e-24,1.25312766784656e-22,0,0,0,3.88493408535682e-08,0,1.3960955390032e-22,0,0,0,8.64027408945571e-23,4.94017642810838e-21,0,0,1.54371075404672e-22,1.87704363780443e-07,0,2.97881997746262e-23,0,0,4.57783478739864e-23,1.21357526675178e-08,0,0,2.42258099663098e-22,2.56394949196205e-23,0,0,0,0,5.02304626913376e-22,3.48658523066971e-24,9.60756789217479e-23,2.11231483144441e-26,0,0,0,0,1.66021450813503e-06,0,0,0,0,0,2.37079831922247e-24,6.38297046976267e-24,0,2.35980823508182e-05,6.06809317739177e-23,0,3.74318188744001e-23,1.77397386351471e-22,5.19397264823198e-24,4.47862310076955e-23,4.99802036559275e-23
"TCGA-05-5423","TCGA-LUAD",2.47251834228482e-22,8.1784624089826e-23,6.82623431720987e-21,0,5.34743927615383e-06,1.07703724655518e-22,0,3.20954999353566e-22,5.49585185474714e-07,2.1160929171418e-06,2.56360934222883e-22,0,4.47631417844465e-22,0,7.88566559546642e-24,0,7.50423121496046e-08,1.84920225843667e-22,1.67493619453089e-22,0,4.32922207207146e-22,4.34268645395797e-22,1.9521972981374e-22,0,2.7937276460617e-22,1.92283369649796e-22,1.59885456230455e-22,0,3.4530438851229e-25,4.86842894849209e-23,1.51002908192728e-22,0,2.30093958557871e-22,4.75242941622358e-26,0,2.81493851988844e-23,0,2.1786185433449e-25,2.22431855679907e-06,3.58770409952743e-22,0,0,3.28369556253581e-22,0,0,6.4212952503636e-09,0,2.2125202527243e-22,9.70760768262642e-22,0,0,8.23269680225279e-24,0,1.41649784200371e-07,1.57826700925138e-22,1.69486764151371e-21,9.0948750099491e-09,0,0,7.51324269094564e-05,1.00923219003426e-22,0,7.30189834195531e-23,0,1.29815762552296e-21,3.97039797951571e-22,1.69519742347453e-21
"TCGA-78-7536","TCGA-LUAD",1.59791485413667e-22,1.76239938665744e-22,1.8174627696714e-21,7.11678353227188e-22,9.13111613178967e-06,0,0,3.74891279319341e-22,7.38793164830221e-07,1.04134814576616e-06,0,0,0,0,4.39095227560251e-23,0,0,1.21858290749889e-22,9.61395099089465e-22,1.51699363493582e-22,0,0,7.73656668491724e-22,3.74207714650329e-22,1.50762922180718e-21,4.99243055038998e-22,0,1.97315941178829e-23,2.09806557669142e-19,0,1.01859215941631e-22,0,0,0,0,1.31139304221253e-23,0,1.35915589648781e-23,8.59513172529207e-07,2.68770794234959e-23,0,3.21504869675082e-23,3.03169378159524e-21,0,0,0,0,0,6.87912640435887e-22,0,0,0,0,4.93237059104126e-08,0,2.3157133446328e-21,0,1.93667756930969e-24,2.06057993246842e-21,5.23900149810274e-05,1.01588857615316e-22,2.2562648941031e-22,0,7.98913285647998e-23,1.284121090984e-21,8.4193458023646e-22,2.12605567122046e-21
"TCGA-50-6594","TCGA-LUAD",7.69325912911632e-22,0,2.47836273395867e-21,0,4.69682859393993e-06,4.2784505009518e-23,4.76756876611095e-22,0,5.26127357512606e-07,3.36072504482044e-07,8.94334380774047e-23,5.35947699508226e-22,3.12462372277319e-23,1.86696205287085e-23,2.2884071212397e-23,2.8820583632702e-22,0,0,0,2.96227862804677e-22,5.43758915571576e-22,0,0,8.39971028309816e-23,0,0,2.2314116239856e-21,0,0,0,1.34693214802317e-23,1.31666051112926e-22,0,0,0,2.56538645437093e-24,0,0,1.35078714588904e-06,0,1.04858449345781e-22,1.95421535902995e-22,9.77506193535223e-22,0,0,8.03890311060851e-24,0,0,6.33954613497634e-22,0,0,0,0,1.57316906625011e-08,2.26716011149793e-22,6.04411181212595e-21,2.79733428471371e-27,1.70861741257298e-23,5.31541749108204e-22,9.43463904445772e-05,2.13497759043188e-22,2.24107954706832e-22,1.06881778891938e-22,0,1.13510311751283e-21,2.71879457785788e-22,1.40698257529862e-21
"TCGA-86-8281","TCGA-LUAD",2.233767640953e-22,0,0,2.20985118346914e-28,2.01942797231236e-06,0,3.83752822404676e-23,0,7.69456146672018e-07,0,0,4.94184584816612e-23,0,1.93153133036524e-22,0,2.9990455876318e-22,2.47811136341187e-07,0,0,0,0,0,5.50239247115791e-25,0,2.48970327001605e-21,0,4.78427732656585e-22,8.20068790627862e-08,0,2.32456319233165e-23,0,1.14307065203592e-23,3.37754187695229e-22,1.20787010635241e-23,0,0,4.36926657639544e-22,1.2360281762486e-22,4.69015873862634e-07,0,0,1.60464617995154e-23,7.05062610067904e-21,2.14524559713624e-22,0,2.89573255765283e-23,0,5.41408448457914e-24,0,0,9.46950088619748e-23,0,5.49823201652577e-21,3.63784325597142e-07,5.23717497264492e-22,1.76549927121451e-21,4.62386654667401e-24,2.61504514728561e-23,1.10276293194205e-21,7.51737978896699e-05,3.33741396497602e-23,7.45398261652728e-22,0,2.00698333669866e-23,4.41756469811452e-23,1.24485163500803e-21,1.28902728198917e-21
"TCGA-44-3918","TCGA-LUAD",3.70536170475864e-22,0,1.69362316143516e-21,4.00974133267432e-09,4.54812301045421e-06,4.97605586088183e-24,3.45655036770408e-23,1.02579186732276e-22,3.46861987787882e-07,2.67102531063394e-06,0,0,3.4675468045342e-22,0,0,0,9.74713999949494e-08,5.4206784590171e-23,1.0206276785012e-22,0,2.03328430036092e-22,1.37977226578994e-23,0,1.876895290846e-22,0,1.0316458080753e-21,7.76303475746456e-23,0,6.42638069746966e-24,0,2.6793112259728e-23,2.05454681458119e-22,0,0,0,0,0,0,4.49015612927711e-07,0,2.16285846691062e-22,0,0,1.96686140716579e-22,1.12029747717894e-22,7.42570214526336e-26,0,0,0,0,0,3.63799724730893e-23,0,3.72263093053248e-07,8.66268209731278e-23,1.49648087239531e-21,0,1.72468352188471e-23,7.60583369766548e-22,8.35003733700419e-05,1.74999284162243e-24,0,5.47950249461811e-23,4.66622904365345e-22,2.6731608884499e-09,1.01664215018046e-22,2.67316088845001e-09
"TCGA-44-6148","TCGA-LUAD",0,1.9266757674579e-22,7.8589566285813e-21,0,7.08215800269706e-06,5.43209555835254e-24,0,1.86884140548188e-22,2.85354005320368e-07,1.64878447928018e-22,1.37672213843108e-22,1.73667950300232e-22,2.66015561353783e-22,6.8479723012472e-22,1.05205960408802e-23,0,1.25509860883722e-07,0,2.10244640891504e-22,0,0,0,7.99847989195382e-23,8.21312789580146e-23,0,6.57495365824456e-22,0,4.1397277593737e-24,2.92429743256744e-24,0,9.87233651594426e-23,0,0,3.04485857420753e-23,0,1.80215303246752e-24,1.77741403966935e-21,0,8.08042533555757e-07,0,0,3.99856338646938e-23,2.26635223280479e-21,0,8.60060160392678e-23,0,0,0,0,1.30701396787602e-22,1.05676579116711e-21,1.82707245419164e-22,0,1.49673499755721e-07,0,1.34081439057232e-21,2.23569457983848e-24,0,2.30985440961926e-21,7.87112101898608e-05,0,1.89263749280922e-21,0,0,2.40368060565614e-22,9.63337883728949e-23,3.36701848938509e-22
"TCGA-05-4395","TCGA-LUAD",0,1.19110505511848e-22,1.55332304827124e-21,0,5.20470375310736e-06,3.65708732286905e-23,0,0,1.43250701707211e-23,2.63991756674319e-06,0,6.82324292253695e-23,2.96399054989709e-22,0,5.58738290387058e-23,0,2.13589447611365e-23,0,0,0,9.31963160188816e-22,9.92908039824298e-23,1.88023013639884e-23,0,0,0,0,0,5.49597555042296e-23,0,0,0,6.79724063958634e-23,6.0179481189239e-25,0,1.37366979560344e-24,3.45235294057916e-22,0,1.85058861406487e-06,2.87817084446626e-22,0,0,3.84580612107251e-22,0,2.50961958851736e-22,0,0,0,0,2.57632880769464e-22,2.6741148197206e-22,0,0,1.56820227185214e-08,1.68290303399333e-22,4.58308767953802e-21,0,1.39198823772522e-23,0,7.91829789875665e-05,1.31620353828526e-22,0,5.52136731909213e-22,9.06112012973565e-25,1.11682155471866e-22,5.25536832850332e-22,6.37218988322198e-22
"TCGA-91-A4BD","TCGA-LUAD",0,2.45095217850379e-23,0,1.26675292788296e-22,8.98020204707631e-06,1.28715069042363e-22,0,0,1.06325225628805e-06,0,0,1.85456061278191e-22,0,9.44854348629934e-22,1.08239980950101e-22,4.10996590768361e-22,2.04701385878992e-23,0,0,0,7.79702197681387e-23,0,0,0,1.06361659718951e-21,0,0,1.27386183915063e-22,0,1.21686212642573e-23,0,4.01203293750926e-22,2.73015077848999e-22,8.12637398912726e-27,8.49995429957386e-08,0,7.07032285609416e-22,0,2.19228939397091e-06,4.79140468074047e-22,6.79656899063265e-23,0,1.09116794841407e-21,0,4.77674960999875e-23,0,0,1.65303545010187e-23,1.45673117166344e-21,0,4.36425305728621e-23,0,2.06597756936092e-21,2.29175473579188e-07,0,0,0,0,1.75509449583928e-21,3.71725362016117e-05,0,0,0,0,5.66663619971606e-08,5.83048169371345e-22,5.66663619971612e-08
"TCGA-55-8087","TCGA-LUAD",2.42427626803835e-23,1.72986326689926e-22,1.78344702270428e-21,0,4.88634885644093e-06,1.95257715684617e-23,4.20788299510408e-22,4.21159019885094e-22,1.73495637922524e-06,1.52596470681234e-07,1.81228793165793e-22,4.91589447287234e-23,0,2.01540560086163e-22,0,0,3.84830116258552e-09,2.51873380919017e-22,0,0,0,0,0,2.18637973218923e-22,0,0,0,0,0,0,0,0,0,2.82308408558724e-25,5.21788632350594e-08,6.40724683603596e-26,8.0884434175328e-23,0,1.15843458726313e-06,0,0,3.46928453704998e-22,0,0,2.62029723772952e-22,0,0,0,0,6.77242422574321e-22,5.00736487956868e-22,0,4.44623940017503e-21,4.54204030103298e-08,3.13482945845842e-24,2.40606245298776e-21,0,1.97430423751689e-23,0,5.29650239523396e-05,0,0,1.6502191019451e-22,2.56231104827908e-23,3.47859088233732e-08,8.6493163344963e-23,3.47859088233733e-08
"TCGA-55-6543","TCGA-LUAD",0,0,9.64514558761853e-21,6.01245690690836e-23,7.46450911627591e-06,0,5.12180873961886e-22,0,0,0,4.48057602842538e-22,0,0,0,0,0,0,1.70486412351048e-22,2.56976996617715e-22,0,0,0,3.14710500381313e-22,6.63573821174928e-23,5.01800401155827e-22,4.66888210114614e-22,1.49361501459873e-21,0,0,5.56169218416295e-23,0,2.68039484585963e-22,0,0,1.72582857938152e-22,1.51066104098845e-23,6.6216092708898e-22,0,7.20921819746637e-07,0,1.68183546546035e-21,0,6.28506082679164e-21,4.7733528931111e-22,0,0,0,0,0,0,1.97863826970666e-06,6.7414815375432e-23,0,1.01079502805111e-07,2.71057190030272e-22,1.73397961816324e-21,0,0,0,6.93203968065803e-05,1.96485565034863e-22,0,6.89270564259757e-22,0,1.4550549180357e-21,2.50900200577914e-22,1.70595511861361e-21
"TCGA-MP-A4SY","TCGA-LUAD",0,1.50376466834128e-23,7.07350626546045e-21,0,0,2.47473051831773e-10,0,6.15078022738711e-09,7.62065030456424e-07,4.73001087653594e-07,2.32196117072707e-09,0,1.11901857226163e-08,0,2.70170548674186e-08,0,3.52629054138602e-09,0,7.838693894831e-23,1.46179450537029e-22,2.38447946126226e-22,5.54879546809367e-24,6.44960498154125e-23,0,1.35608912135173e-21,0,0,0,7.98207888924307e-24,0,0,0,8.68612216140505e-23,2.27075951185215e-25,0,1.99050855327108e-10,5.09828446240365e-23,5.39719879924299e-27,8.74914091999763e-07,3.24343714373926e-22,0,0,5.49277633428425e-22,0,2.41073817416949e-23,7.61985509417778e-10,1.88145234009221e-10,0,1.73095197666782e-24,0,4.05173880098119e-22,0,0,1.36158346665033e-08,0,3.18177311653225e-21,0,0,0,7.32571658387165e-05,0,9.22407564357358e-25,3.78002377968312e-25,0,4.10052015159151e-09,8.04787357080686e-22,4.10052015159232e-09
"TCGA-55-8097","TCGA-LUAD",1.17712764087269e-23,0,0,5.28588810591175e-08,8.27344322702987e-07,0,2.86612109331008e-22,0,2.06250466437583e-06,2.67703328312937e-06,0,4.19238514513104e-23,5.94556089120857e-23,3.32176395398111e-23,3.93066736909247e-08,0,2.77455574878282e-07,1.51008755258992e-24,1.57480794934098e-22,4.91762948765638e-23,4.85037403645479e-22,0,5.80992042350962e-08,0,0,0,2.27008787511304e-22,2.01549522590656e-07,1.02389768894657e-22,2.58142149572658e-24,0,0,0,2.35285130096186e-25,2.44202550036445e-09,0,1.42691645625609e-24,0,1.76636845778403e-06,6.83098017514273e-22,1.29503703464509e-22,0,7.61297549631163e-06,0,9.28760798973212e-24,1.94046840535956e-23,0,0,0,6.48737122601135e-07,1.63574342750727e-06,0,3.30208406987381e-21,1.68897498960201e-07,6.96460759121494e-23,1.91709173472051e-22,0,0,1.80296796556186e-23,4.16922394570142e-05,1.25758882216789e-22,3.67867220168548e-24,7.61680286547332e-23,8.21555791721908e-23,3.68672710396548e-08,2.4251870182274e-22,3.6867271039655e-08
"TCGA-05-4382","TCGA-LUAD",1.62821832304733e-22,4.0612782975677e-24,0,7.69203894147187e-08,2.07103822167986e-06,2.59380886381356e-25,1.24149793232949e-22,2.9913713646881e-23,1.5567174887145e-07,1.39297466034873e-06,0,0,0,0,6.49066642347715e-27,0,1.04419611774609e-07,0,0,0,6.22929324688703e-23,0,0,1.58753841277845e-23,1.17788536595429e-21,0,3.05311946773604e-23,5.9439125653489e-23,0,7.87421253113561e-25,1.4744404798364e-22,5.88976981714081e-23,0,2.70981165492513e-08,0,8.40687864200592e-25,2.36863469099557e-22,0,3.21567766262327e-07,5.00675298523422e-22,2.43887257340506e-22,0,3.29186137634762e-22,2.66672712127894e-22,0,0,0,7.19535517636719e-22,4.90865299179578e-22,0,0,1.97446014742755e-23,3.03548345553832e-21,4.0224818790485e-07,0,2.01269965253452e-21,6.6160401383358e-09,2.07499065975753e-24,3.12427604502303e-22,5.52374158117074e-05,0,0,0,0,5.12802596098135e-08,6.22119788360364e-22,5.12802596098141e-08
"TCGA-44-8119","TCGA-LUAD",0,0,5.5600407502813e-23,0,5.89630344094556e-06,5.62959607890427e-23,5.16869414205861e-23,1.5782032838924e-22,4.73294354114168e-07,2.19958302861492e-07,0,0,0,0,0,0,2.91849519298685e-24,0,2.14560834307892e-23,5.95196273791279e-22,0,3.05923085106434e-23,0,0,2.81025171348563e-22,4.53843195704836e-22,1.14950520292795e-22,0,0,0,6.83230766582862e-23,2.91634195780834e-23,0,2.10167375584763e-24,0,0,9.45987696849418e-22,0,2.49614197026082e-07,5.32387935756109e-22,3.20641794159331e-22,0,0,0,9.46571933247169e-23,3.01514699353867e-24,0,2.64749123509069e-22,0,0,2.03371258247124e-06,0,3.54093723559602e-21,2.21869216202339e-07,4.64042062404095e-22,1.54271992436205e-21,6.10654621423113e-27,0,1.05739192264939e-21,4.75734677870489e-05,1.0457346095493e-22,2.79210822538593e-22,0,0,9.3210883195843e-22,1.40512585674282e-22,1.07262141763271e-21
"TCGA-05-5429","TCGA-LUAD",0,1.45794808102539e-23,8.4141749604875e-21,1.30960908349024e-22,2.72289532924332e-06,6.1125839270083e-23,2.09777632283041e-22,1.05209617247674e-22,0,8.90237637634774e-07,0,7.75147389308809e-23,1.555551105461e-22,0,0,0,0,0,9.83765715020412e-23,0,0,0,7.15203498370236e-22,2.75869237838062e-23,9.6558293230238e-22,7.849420459388e-22,0,1.33447505308255e-22,7.29488248087796e-24,5.73052038957614e-24,1.98746937983486e-23,0,0,0,0,0,8.21109094826694e-22,0,1.25235154862274e-06,1.43238838338369e-22,0,5.11963976862351e-23,0,1.86616979089033e-22,0,0,8.20813673107587e-25,6.22882453724692e-22,0,0,0,2.31075304934512e-23,0,6.47101510619729e-08,0,3.7745155140377e-21,0,0,6.64857897188334e-22,7.70761786719316e-05,0,2.73906598355097e-23,9.7007139895027e-24,2.63996562272868e-23,6.24378478834847e-22,4.90081206556317e-22,1.11445968539116e-21
"TCGA-86-8358","TCGA-LUAD",0,0,0,4.08480230488379e-22,2.4492874124597e-06,0,8.54164798653707e-24,2.55480215816812e-24,7.87254355722917e-07,1.25089807280098e-24,0,0,0,0,0,0,0,0,2.00874924379267e-22,0,3.79510262854643e-22,2.56306158865777e-22,0,0,5.56796442465097e-22,0,0,0,2.8342402809867e-24,0,0,0,6.7312449782755e-23,0,2.32952426304624e-22,1.74026830242582e-24,9.2256473967384e-22,8.21222499699791e-24,9.29475422787425e-07,0,0,5.00432695809238e-23,0,2.51478106194263e-22,1.0792983630617e-22,0,0,0,9.44875245646571e-22,4.82322396876944e-22,5.79589647132913e-22,1.1388896475322e-23,1.21958873150331e-21,6.74032352092196e-08,0,0,5.22458881919976e-26,0,0,3.92166640913196e-05,0,2.27963675677198e-08,0,6.1306694239965e-23,1.23011257564235e-21,4.6815335265987e-22,1.69826592830222e-21
"TCGA-55-A48Y","TCGA-LUAD",0,2.95335751035229e-22,8.12680347538848e-21,2.28486593053699e-21,4.10259919636395e-06,3.05647875784888e-22,4.84502537218332e-22,0,4.30704222460047e-07,4.55363158434008e-24,0,0,1.1101180646094e-23,4.5039416604096e-23,0,2.43114339262377e-22,2.51584040532379e-23,1.06697664855707e-23,1.84593386389125e-23,0,0,0,4.4205283892196e-22,0,1.48970472379185e-21,0,0,0,2.26306060446502e-23,0,1.78366525425123e-22,0,0,0,0,0,7.78157676446594e-22,5.12385037998271e-24,1.00605158495395e-06,0,9.67919278633544e-22,0,0,0,0,9.96973916526462e-24,0,0,0,1.98899542793451e-22,2.06760768637792e-22,4.02858434411665e-23,0,4.13436043805595e-07,0,4.38025131973942e-21,0,2.3019781729887e-23,1.53112497558013e-21,9.51961804244891e-05,1.06596671543083e-22,0,1.61441017204568e-21,0,2.16852347278035e-21,8.92520237413541e-22,3.0610437101939e-21
"TCGA-93-A4JO","TCGA-LUAD",1.55240127528719e-24,2.90835949236908e-24,0,1.71897797547456e-25,8.00445673242803e-06,0,2.68838894375477e-22,0,2.03011504717357e-06,2.68914276651204e-06,0,1.76317096980986e-22,6.31512514865654e-22,3.31828109752643e-23,2.03156747247594e-23,0,1.88770553226852e-07,1.28805073706455e-22,5.15170217699815e-23,1.26314160564385e-23,0,4.64436884180785e-22,0,6.94348997706375e-24,9.90724001724736e-22,0,7.56076677588874e-24,1.59768048271697e-23,3.5135651810935e-23,5.942981725879e-23,0,0,0,6.25598447142141e-24,1.40905403779564e-07,3.52733538192565e-23,6.88719472156244e-08,0,2.36051661029082e-07,0,3.77452292361838e-22,4.30017433611521e-23,1.27494549160563e-05,1.38489456388675e-22,0,4.31131194394535e-26,0,0,0,7.67955555603198e-23,0,1.35720427752994e-22,1.69550591824227e-21,1.83174640505904e-07,8.41583761388758e-22,1.01826293978625e-22,3.5047890923703e-09,0,0,1.23781832377899e-05,4.98697269121334e-23,0,8.22901293709694e-23,0,9.39369358530431e-08,4.96816180608552e-22,9.39369358530436e-08
"TCGA-55-A494","TCGA-LUAD",0,2.33182456414573e-22,0,1.11976395733799e-23,2.30679483529664e-06,6.25645088692371e-23,0,0,1.02367932819387e-06,1.18226993286346e-22,2.52256966493274e-23,0,0,0,0,6.3924362429391e-23,2.14754266601007e-24,0,0,5.60754540611344e-23,1.75089064944278e-23,0,0,5.6271697260622e-23,0,2.00087943638092e-22,6.63875775857081e-23,0,0,0,7.86357494557828e-23,0,0,0,0,0,4.13793825369442e-22,0,1.55180194462499e-07,0,8.41956215178845e-23,0,7.38188817780242e-06,4.00108746405525e-23,5.17442935243834e-23,2.64168618382268e-25,0,2.10111785832527e-23,0,1.41317902256335e-07,7.0577081028076e-07,4.55914011812389e-23,0,9.71277735989408e-09,1.08847182896209e-22,0,1.42580971440476e-24,0,0,2.15145375816345e-05,6.47146834290022e-23,0,2.75754095393818e-23,5.21787060373285e-23,1.14986595823768e-22,1.25345681454501e-22,2.40332277278268e-22
"TCGA-64-5781","TCGA-LUAD",2.01222502072753e-22,0,6.5096347530507e-21,0,4.65088939589925e-06,0,0,2.60064616104315e-22,4.32137127345992e-07,1.49788559441994e-06,2.95114942210403e-22,0,0,0,6.90924123945139e-24,0,0,3.06934116856586e-22,0,0,9.56090129903974e-23,0,1.01465722166573e-27,1.1480802093734e-22,0,1.15208247660248e-21,1.17466233686335e-21,3.02228470702777e-22,1.39758973781818e-22,1.8113407523887e-23,1.54880227149089e-22,0,0,0,2.8304519876537e-23,0,5.77573673631376e-23,0,1.21853383744156e-06,1.7213413314212e-22,0,3.9212565303704e-22,3.35875924883718e-22,0,1.86630504813942e-22,0,0,1.62820550810923e-23,1.30838898380009e-21,1.23682059453501e-06,0,2.6702852236986e-23,0,3.60057403933444e-07,6.98952085746957e-22,1.91608202100928e-21,4.65405039193447e-23,0,1.53765581571189e-21,9.00924301606453e-05,1.77946683313777e-22,0,0,1.27711962397341e-26,1.07536011657469e-21,4.78045064951987e-23,1.12316462306989e-21
"TCGA-55-A57B","TCGA-LUAD",0,9.76273172622264e-23,3.79412425296527e-21,0,2.39301997188581e-06,0,2.37716231502858e-22,1.21173497691758e-22,2.03921081586059e-06,2.1073087195156e-06,0,0,0,0,5.16372559760394e-09,0,1.69129165887864e-23,0,5.40598692963502e-23,1.82169490358906e-22,0,0,1.91883040411027e-22,5.03033212793577e-23,2.99406101431979e-22,0,0,1.70488942490844e-10,0,0,0,8.37553245104852e-23,1.55418715630419e-22,1.57225213117711e-25,4.43742076149829e-24,9.32170405515347e-25,1.04764281733318e-22,0,3.78219847897006e-07,2.70473116116114e-22,0,2.4600276377116e-23,1.86403937895165e-21,0,0,3.63434356950159e-25,0,0,7.55172478315632e-22,0,8.31790679105172e-07,1.11319152795788e-23,0,2.68689831209594e-08,0,1.33770254277912e-21,1.54954238487175e-26,4.10048710018123e-25,0,4.62469637326444e-05,7.81018357979161e-24,8.39824309965621e-23,7.83620788905041e-23,5.68459595001572e-23,7.64472141092187e-22,1.98516709347103e-22,9.62988850439289e-22
"TCGA-44-7660","TCGA-LUAD",1.18428749964049e-22,5.58034617346244e-23,0,3.965736397515e-08,1.16814024381579e-06,1.38029441466601e-23,7.03706355948148e-23,0,5.42476655634339e-07,7.36296982193929e-07,1.48208611558013e-23,0,0,9.24234145707605e-23,0,2.44312543674399e-22,5.350181405173e-08,0,0,6.91346874953756e-23,7.68160813471062e-23,0,0,1.10903862209263e-24,3.91149456692355e-22,0,7.39825808729234e-24,1.01606606989062e-22,2.94321292967902e-25,0,2.88084741894044e-23,0,0,3.3346914687746e-26,0,0,3.50920664754979e-22,0,1.12950774326176e-06,0,0,0,3.23525632214726e-21,0,0,0,0,6.11154226040394e-24,8.35472710015504e-23,0,4.75155546647487e-22,0,0,1.9190213667183e-07,0,8.4715860621608e-22,5.04457468446413e-09,2.34656893672993e-23,0,3.05018012830965e-05,1.14372303379695e-23,4.21920174588095e-08,0,3.89613237190637e-23,2.64382426501001e-08,2.61884499887043e-22,2.64382426501004e-08
"TCGA-55-6982","TCGA-LUAD",1.62039373987211e-22,1.83602800167498e-22,4.72496758514674e-21,3.81835885404386e-08,2.7216128635568e-07,0,3.65164156830397e-24,6.96252183392361e-24,3.42113309325127e-07,1.1106783131691e-06,0,0,0,0,2.60711585130186e-08,0,8.37302504963631e-08,0,0,0,2.29327573337216e-22,7.42686851031894e-23,9.35076496394211e-08,7.18854160644034e-25,0,0,4.32197438379759e-22,0,0,0,0,0,1.83229026999405e-22,0,0,0,0,2.03769046781819e-08,2.05737330105393e-07,1.13831119491098e-22,1.30941779327999e-22,1.55099477244713e-23,5.16203918907728e-06,0,0,0,0,0,0,1.29183758505813e-06,1.07075993621521e-22,0,0,1.67104294060694e-07,0,8.56393629188075e-22,6.08139629435843e-25,0,9.79397389853929e-22,6.41596714785458e-05,0,0,0,2.63954934240835e-23,2.54557256936259e-08,2.06465186752357e-22,2.54557256936261e-08
"TCGA-55-6984","TCGA-LUAD",0,7.85341665560287e-23,0,0,4.49271336019337e-06,2.98681326968425e-23,2.40345848788524e-23,5.98670767175216e-23,2.20115596625396e-25,2.43190636889767e-06,0,2.89566440926801e-22,8.91108744557616e-25,1.0778593679738e-22,0,4.47288229372819e-22,1.55681936694243e-07,1.89115408166613e-22,9.51919434558156e-23,0,9.28384534145472e-23,0,1.45049045270835e-23,3.38023631284123e-23,7.1097809142326e-22,0,0,0,0,4.54641059644106e-24,1.98953999752616e-23,0,1.3907286743136e-22,0,3.97641736648475e-08,0,0,4.90432444699835e-24,1.10504115162203e-07,0,7.46915428497796e-22,0,4.87690422746845e-07,0,4.39159844694036e-23,2.16207317298674e-24,0,0,3.26439060212987e-22,2.75023789586745e-26,0,0,9.95093357325818e-22,1.98986265252788e-07,0,3.01272264090682e-22,1.7393000141575e-08,1.40661523798727e-24,1.22331985794249e-22,2.30505879007977e-05,5.35212210133016e-23,5.41204469330233e-24,0,1.28112926030012e-22,2.65094491098993e-08,4.41175355696918e-22,2.65094491098997e-08
"TCGA-67-3772","TCGA-LUAD",0,5.92983669476671e-22,6.96217888888733e-21,7.64290184974824e-22,5.21770593547776e-06,5.83990763287431e-23,3.65388916110141e-22,0,1.89805306468485e-23,1.6806614524188e-06,0,1.54881309896089e-22,0,4.47294175870172e-22,0,0,9.3777135426219e-25,4.97816242479182e-23,2.18200963927645e-22,3.96144561606759e-23,0,0,0,7.44059622071026e-23,0,0,0,1.23484914931817e-07,0,0,0,0,1.14107838219764e-22,0,5.60861338510323e-22,1.37963113886958e-23,0,0,9.92196458751492e-07,0,1.04902561349056e-21,8.58553952781064e-23,0,2.87390316096476e-22,5.69968567135209e-22,0,0,5.53786859743162e-23,0,8.90484215543693e-23,0,6.98635610446733e-23,0,3.29801862759832e-07,0,5.16251179715886e-21,3.78667241877751e-27,0,6.06696170650571e-22,7.98031432022658e-05,0,0,1.96635430228482e-22,4.61863068937114e-22,1.74936772600453e-21,2.96491834738335e-22,2.04585956074286e-21
"TCGA-55-7570","TCGA-LUAD",5.67278467737728e-22,7.44900142450219e-23,0,1.59635544690683e-22,2.72635771268812e-06,0,0,3.61325351736072e-22,3.12284222140305e-07,0,1.23052314915471e-23,7.04117290735334e-23,6.54406919121725e-23,0,0,0,0,1.16268478225193e-22,0,3.41502996757005e-22,7.23734910979195e-23,0,5.3074368574371e-23,0,1.81548184382689e-21,0,0,0,0,7.17846316426922e-25,0,6.07796165981489e-23,0,7.86985324418378e-24,3.55008269935479e-22,0,3.36300156354022e-22,2.40088852802229e-23,2.26169232003774e-06,0,0,3.71049998132801e-22,4.11436006378124e-23,0,2.09624814512523e-22,0,0,5.68742293436424e-24,0,0,0,4.75774070233592e-24,2.3676543603377e-21,2.23037745453134e-07,4.015693481821e-22,2.18203119258346e-21,3.01610033290287e-27,5.93625612422257e-24,6.21131177934518e-22,6.3930257343211e-05,2.39517222942564e-23,3.12471664752983e-08,4.91922685105725e-24,7.00410091311191e-23,9.0290062115019e-22,9.81172674584918e-22,1.88407329573511e-21
"TCGA-75-5126","TCGA-LUAD",0,8.41517872897076e-23,1.00106805736128e-22,0,7.84739690463606e-06,9.21268338143604e-23,0,0,6.07029250676159e-23,1.75708747836496e-06,1.37021211311824e-22,4.56231952546338e-22,0,1.77065028323345e-22,0,0,0,0,0,3.48385911159673e-22,0,3.64352897225191e-22,0,3.39843119457283e-23,0,0,0,0,0,0,2.71160386689477e-22,0,0,2.32964268335331e-25,0,7.3774151352075e-24,0,0,2.01538017961726e-06,0,0,0,0,0,0,7.39293926495757e-24,0,0,1.00542293925605e-21,0,0,0,0,0,0,1.65903931168112e-21,0,0,1.70504627463831e-22,6.69377014629289e-05,3.03223738054816e-24,0,0,1.10232325199191e-23,1.44959580012483e-21,4.20758936448538e-23,1.49167169376969e-21
"TCGA-50-5939","TCGA-LUAD",0,1.62470332414362e-25,4.46365176791365e-21,9.64694515790316e-23,7.02497438256835e-06,1.15957617493462e-23,0,0,7.95002341718231e-24,2.86354948652585e-07,0,0,0,1.96018172290992e-22,0,0,2.09998834595189e-07,5.29356097790598e-23,1.39349838446004e-22,0,0,1.59267956740171e-22,0,0,2.25922608917638e-22,8.14879205589789e-22,0,6.67179005160278e-23,6.0445727361437e-21,2.97014412845803e-23,0,4.25383244803709e-23,0,3.43270984428058e-24,3.03701999018733e-27,0,0,0,5.47680064991267e-07,0,0,4.39414658014675e-22,0,0,3.97340578553936e-22,0,0,0,4.09535051539913e-22,1.6000178798522e-22,0,7.4183017397642e-23,0,2.26595872340214e-07,0,2.82299630901755e-21,9.02609577341308e-09,0,1.13995182545398e-22,6.37120922570298e-05,4.73045462857967e-23,2.53655578870044e-23,0,1.73576679073082e-22,4.71875880906318e-22,1.13042539625026e-22,5.84918420531344e-22
"TCGA-49-AAR2","TCGA-LUAD",0,3.31581764822022e-22,3.31983465141085e-22,7.89655547015266e-23,4.77182753045178e-06,0,0,1.03377019802356e-22,1.54289439389403e-06,1.12000255015181e-06,3.8270579355821e-23,2.89616048174885e-22,3.15788425893553e-22,0,2.1703102311717e-23,0,1.5935480145216e-07,1.42145482653127e-22,1.51761454858876e-22,1.72193050666482e-22,1.03932445234017e-22,0,0,9.95977374459709e-24,3.09067398636645e-23,0,0,1.31815013883441e-23,0,1.68096980371798e-23,2.94378418218858e-24,8.78077211572217e-25,0,0,1.67910087326147e-08,1.04976018934678e-23,1.63237104052144e-22,0,1.06884268702933e-06,0,0,0,1.83188927002153e-05,9.1628852888649e-24,0,0,0,1.22343238988353e-22,2.37366919410534e-22,1.28254597732596e-07,2.59583804647786e-07,2.72653003508842e-23,0,4.7927231367984e-07,0,0,0,0,4.11431972642691e-22,1.3289142482931e-22,0,5.71841904579092e-23,1.59366077177123e-22,0,1.11940058217438e-08,2.33210474959852e-22,1.1194005821744e-08
"TCGA-95-7567","TCGA-LUAD",1.96282552404765e-23,1.03323017154677e-23,0,1.94061382660216e-27,1.71739914255336e-06,0,0,4.42946410639929e-23,9.42789091765508e-07,3.49137467096351e-06,3.42993941873112e-24,4.69573415457395e-23,0,0,8.57856488948559e-25,2.32171998998858e-22,1.4200164034076e-07,0,1.80193493795322e-23,4.40849096189052e-22,0,0,5.48270577243265e-08,4.25221998577789e-24,2.23749533749241e-21,8.1739182709678e-23,8.55676114422292e-22,0,0,0,0,0,0,1.13962308913268e-23,0,0,0,2.42897658117797e-23,1.62424447441551e-06,4.98919304482334e-22,2.13046381344506e-22,0,3.7402787214959e-06,0,0,0,0,9.30265630021005e-23,1.32587948098524e-22,1.35514214200716e-06,0,2.56117144446919e-24,3.9471418067264e-21,4.12563132890409e-07,0,2.26289359567752e-21,0,0,0,7.60781182508738e-05,1.79218768897463e-22,1.93092177333816e-25,2.93716980753549e-23,1.67454020069211e-23,6.47175941238495e-22,1.12391381960394e-21,1.77108976084243e-21
"TCGA-97-8177","TCGA-LUAD",1.5849811292109e-22,1.01587073383138e-22,0,0,3.42499702764555e-06,0,0,0,8.57792703581905e-07,2.59346562566953e-06,2.17851319346511e-23,0,0,0,0,0,1.11324056779362e-07,0,1.51331170371569e-22,0,0,0,0,1.11329116910028e-22,0,7.24640870432483e-22,1.04155805233796e-21,1.7749234507803e-23,0,0,7.32387152229303e-23,0,0,0,0,2.69001079241631e-23,3.26615100834399e-22,1.79935839191779e-08,2.54818257415695e-06,0,0,2.30102418977142e-22,0,4.96075835325274e-22,5.6528519199673e-22,8.13389135478881e-26,0,0,1.165355787987e-22,1.27189589347198e-07,0,0,3.03236807767127e-21,1.45218468533707e-07,4.56869852321893e-23,1.20788044639141e-21,0,3.84208181712588e-23,0,7.51604823097074e-05,2.02822358106941e-23,0,0,1.42718460500583e-22,7.76903858657998e-23,5.0793536691569e-23,1.28483922557369e-22
"TCGA-64-5778","TCGA-LUAD",0,0,0,1.21030802424723e-22,6.26944499118728e-06,0,0,0,1.29766858146798e-06,3.42216852719426e-06,8.36307770757461e-23,0,0,0,2.9829514113961e-23,0,1.44785966172764e-07,8.74349184070212e-23,2.37336427449213e-22,0,2.26365040456776e-22,7.49392630425121e-22,2.3113388934555e-23,1.53383187182209e-23,0,0,3.80397210757545e-22,4.47220426288421e-23,0,1.18275196908995e-23,4.92204357507004e-23,0,7.46390326151886e-23,0,1.63803602834577e-22,2.63210897607506e-24,0,0,9.99529009085806e-07,4.39457274748132e-22,0,2.15509860600806e-22,8.66376190525522e-06,1.74311238782121e-22,0,0,0,0,7.32663436509326e-24,4.07999421473134e-07,0,2.14461937084337e-23,0,2.98515930135447e-07,1.43070890603587e-22,0,6.14604309319346e-24,7.40709940120175e-24,0,2.75480731648288e-05,5.51027705516189e-23,3.51321670425162e-23,0,0,6.94369113366343e-22,1.13182520228388e-22,8.07551633594731e-22
"TCGA-64-5815","TCGA-LUAD",1.28027525995749e-22,1.23675764061513e-22,0,0,2.96522529484124e-06,2.44872498920772e-23,3.06222757849152e-22,1.92195496082149e-22,3.91665713542765e-07,2.26065401123657e-06,3.28074178357857e-23,1.76651977149329e-22,0,1.49345331606433e-22,2.01848341025593e-08,1.81656956497454e-21,1.05767103407208e-08,6.08594996187903e-23,0,1.62329403802367e-22,1.40762524114003e-22,0,4.47828042541237e-23,4.77036226888125e-23,0,0,8.33048086468501e-23,1.51911665068162e-22,1.09989640705405e-23,1.84942735455222e-24,0,0,0,4.34817607148242e-25,6.30043431450188e-22,0,0,4.44626651406282e-24,4.2533714150518e-07,9.86219683806557e-22,0,0,0,0,5.39784811574524e-22,7.03287033109918e-27,0,4.09244803599601e-21,1.18177654509373e-21,0,4.72279950383652e-22,0,3.91184580736435e-21,1.23941894983407e-07,0,2.02945006828691e-21,5.60112853273853e-10,8.08911474687264e-24,0,8.12349963192813e-05,0,2.18348920704915e-22,0,7.03047240266578e-22,4.29029659304918e-21,1.32219144087758e-22,4.42251573713694e-21
"TCGA-44-A47A","TCGA-LUAD",1.6353767484279e-23,3.08837241645077e-23,2.38521315335929e-21,0,3.13989851068815e-06,0,0,0,2.48042699356783e-06,2.90833575849696e-06,0,0,1.21230681221739e-22,2.63089087303356e-22,1.42775260702449e-08,0,1.12814897061161e-07,0,0,1.2473631047549e-23,0,0,2.42367657776694e-09,0,0,0,6.89672020117356e-22,0,8.43380957849765e-24,0,2.37338685818797e-23,3.74820584326429e-24,2.09332050230832e-23,0,1.18321472851973e-07,9.06382378594954e-24,0,0,1.67907269383028e-06,0,1.3179710227026e-22,2.49988530288164e-22,6.23019279554702e-06,0,0,2.56226450230792e-24,0,0,3.13250466231401e-22,3.11813992177266e-07,9.55686518468967e-07,2.1159766785871e-23,0,9.20073680849013e-08,0,7.22491270160035e-22,0,2.31990429643221e-23,0,2.20869757769129e-05,1.46606557001672e-22,0,3.07933019210979e-23,0,7.88809819013159e-08,1.54418620822538e-23,7.8880981901316e-08
"TCGA-49-AARE","TCGA-LUAD",0,2.21426723937237e-24,0,5.18064974550236e-08,1.74373155949385e-06,4.06030474058879e-23,0,0,2.0654311897027e-06,2.40825518829392e-06,1.8128446680996e-23,0,0,2.08827152812117e-22,0,0,1.49920569151031e-07,0,4.51548635471706e-23,0,0,0,1.26842989315822e-26,0,0,0,0,0,0,0,3.51416032774547e-23,5.14061015118133e-24,0,1.28662538804623e-23,1.22073557490559e-23,0,1.4830210492297e-23,1.51113458413897e-08,1.38761115244386e-06,0,0,0,1.13209084996732e-05,0,0,0,0,4.86845172527183e-23,7.55513369183555e-22,1.0743150969261e-06,0,7.76293344581069e-24,1.94995589001751e-21,1.53096159018683e-07,0,4.90438137595503e-22,4.02940276264255e-23,0,5.94234731857704e-22,4.48600159059331e-05,1.02218720795211e-23,0,0,0,3.45376649700163e-08,1.10713361968619e-24,3.45376649700163e-08
"TCGA-86-8075","TCGA-LUAD",4.46893389958424e-23,0,7.85140408539361e-22,2.27852794405341e-29,1.78915993340887e-06,0,0,5.8202467779631e-23,2.85609048066365e-07,8.54310218138144e-08,3.32677948197995e-23,1.63425630347276e-23,8.42571614751138e-23,7.12183959799284e-23,0,0,9.20480022293665e-08,3.10772637625871e-23,0,0,0,0,0,1.82826454270871e-23,7.66847428989025e-22,0,0,0,2.69944749455053e-24,5.1998174967497e-24,0,8.08604951737501e-24,0,1.98593180769706e-24,3.62514361116839e-22,1.49013859273181e-24,3.52632555339294e-22,2.01321702486555e-24,1.39873945604569e-07,0,6.52841786993154e-23,0,0,0,0,6.59008760916555e-25,0,1.74736390415587e-21,0,3.9646229284353e-22,1.40511826642204e-21,1.13501844678969e-23,5.12757119552903e-21,8.26647450384496e-08,1.73558320287519e-22,1.33956917126011e-21,0,0,0,5.74647362875015e-05,4.81187916806574e-23,1.30175029024485e-23,2.36663562969301e-23,0,1.50519569805936e-21,3.83423714494512e-22,1.88861941255387e-21
"TCGA-99-8028","TCGA-LUAD",0,0,0,2.57408399956198e-08,5.40084209163702e-06,7.94626952743773e-23,1.54815075019888e-22,0,1.91093789575185e-06,5.02416706185596e-06,0,0,0,0,4.91451046599241e-24,0,3.08116610110617e-07,4.78101694980019e-23,2.58547806759337e-22,0,0,4.69794319308939e-22,0,0,5.04728575686382e-22,3.49688145595644e-22,3.68599364424827e-22,1.55928503878557e-24,2.72964840036123e-22,0,0,5.34756199642644e-24,0,0,0,1.69972272074452e-23,7.25024000741529e-08,0,1.89961414100307e-07,7.27409522237087e-23,6.65323350059591e-22,8.46636318961411e-23,1.75501484380252e-05,2.35995500006578e-22,7.19649049399234e-22,0,0,3.03950060091661e-22,0,3.65197863326107e-07,2.97026253370531e-21,0,2.76591183548119e-21,4.48954414215246e-07,0,0,0,8.15463666514593e-24,3.57884520944338e-22,2.67834577153461e-05,0,2.52913893037139e-24,0,0,1.71605599970809e-08,2.52364287843191e-22,1.71605599970811e-08
"TCGA-44-6774","TCGA-LUAD",3.24230872461049e-22,0,0,0,3.99614717026021e-06,2.45687391090316e-23,0,8.56326035507431e-23,5.31285376408368e-07,6.80095692300904e-07,4.54578767386792e-23,0,1.19494879973839e-23,0,1.67804337345619e-24,0,5.11946483083009e-23,0,9.00726444028215e-23,0,4.53806509389231e-22,0,0,6.26997505209495e-23,0,0,0,0,1.62636464927366e-23,3.60247371000283e-23,0,1.39442290561949e-22,1.3895656027997e-22,5.3616011929993e-24,2.56811101120709e-22,0,7.60261770923888e-22,0,3.37936297046598e-07,0,3.9723091988253e-22,0,0,0,3.46803214936419e-22,0,2.37791885695682e-25,1.70584709699411e-22,5.45114284568799e-22,0,1.13120224185e-21,0,5.14235586251695e-21,5.10370488432363e-08,7.39259773490188e-23,2.50437021298123e-21,0,0,1.45894795779482e-21,8.96696971499253e-05,0,0,0,6.86581501546683e-23,1.06321060625609e-21,2.26903254694615e-22,1.29011386095071e-21
"TCGA-05-4405","TCGA-LUAD",3.66201567761106e-22,0,0,0,4.01426633075486e-06,0,0,0,7.51031545055672e-08,3.12701314742924e-07,1.10681238663651e-22,0,4.25737703409979e-22,2.25798955483228e-22,0,0,6.0384964154864e-08,5.5497855856617e-23,0,7.7451805591589e-23,1.09036824207428e-22,2.35255186375298e-22,1.29135026766611e-21,1.17389838641557e-22,0,0,3.38694075472011e-22,0,2.92331966480862e-23,0,3.24972556870157e-23,5.90269711067205e-23,1.3921075838869e-22,0,2.09386751461802e-08,0,3.77138952254767e-25,0,2.8764960376295e-07,1.02147277447873e-21,4.46776927748514e-22,1.13950431768054e-22,0,0,3.99019626968626e-23,0,2.03332784477327e-27,5.78809184556962e-23,0,0,0,0,2.65149686322918e-21,1.12720846205364e-07,4.28538484562718e-22,1.42767110180871e-21,0,0,0,5.56710799381115e-05,0,0,0,1.24209302529485e-22,1.39591167641207e-08,5.45184121037142e-23,1.39591167641208e-08
"TCGA-55-6970","TCGA-LUAD",0,0,8.66611170012825e-21,0,3.4216436784526e-06,4.93641819946679e-24,2.07788808060738e-22,0,1.56531584421456e-07,2.63204160043527e-06,0,3.52466345445774e-23,9.30769791669971e-23,0,0,0,2.81315489894131e-07,3.2641138743389e-23,3.7338647283202e-24,0,3.42177754328276e-23,3.19992358293114e-22,5.98328472469811e-22,0,2.31727964594067e-21,0,0,0,0,0,0,2.29959110376149e-22,0,2.60038484563876e-25,1.14768156681493e-24,0,1.9059667718063e-21,1.02926841814344e-23,4.15582614941967e-07,0,1.1992950302289e-22,0,6.09265735708076e-21,2.65716124699275e-23,3.93730699169442e-22,0,0,6.84902961613383e-24,0,6.23687494333005e-22,0,3.66899925036123e-23,0,3.04827763766939e-07,1.51410574784205e-23,2.2340460986501e-21,0,4.35312598308831e-24,0,7.30955161466653e-05,2.20803214820698e-24,4.64383272673583e-22,0,5.27928993210809e-23,4.7541621161312e-22,1.17574871068675e-21,1.65116492229987e-21
"TCGA-50-6591","TCGA-LUAD",0,0,0,7.80075902923195e-23,3.34709901435003e-06,0,8.6717232340686e-23,2.03621740907952e-22,0,1.61571781208921e-22,8.50195149255681e-23,2.56658263256022e-22,0,4.97217217867547e-23,3.29727740962344e-23,1.75366724341605e-22,1.46655313075861e-23,7.9937011513491e-25,0,4.36657210575478e-22,0,0,0,7.9178823806498e-25,0,0,3.94183067485827e-22,0,4.72050169091307e-24,8.53726921991834e-25,0,1.07545100241747e-22,0,5.25798451587264e-24,5.2663172145359e-23,0,0,1.44574415646031e-23,1.03751575472986e-06,0,7.83475344800174e-22,2.52554709065585e-22,3.58250601182081e-07,0,2.63590851454339e-22,1.4695745671094e-24,0,0,0,1.48031274372717e-07,3.85520464649275e-06,5.49721413519084e-23,0,2.86384026580004e-09,0,0,3.56485046804561e-24,0,0,4.43302178931233e-05,7.62557012215927e-23,0,0,0,1.2790856148127e-21,0,1.2790856148127e-21
"TCGA-86-8279","TCGA-LUAD",2.79405851801577e-22,2.76103282571653e-23,6.6727988216755e-22,2.86735097510932e-24,3.91146629017471e-07,0,0,0,8.06455310696929e-07,5.54372970754484e-23,0,0,1.40943388732464e-23,0,2.14093286226073e-08,0,0,0,2.96128570435812e-23,0,0,0,2.96121361901358e-08,0,0,0,3.7025043221588e-22,0,2.3984524391255e-22,0,0,0,1.03460039899768e-22,2.37939957419828e-23,0,0,3.00790338459258e-08,1.9587943530149e-25,1.07604953139534e-06,4.19945451649815e-22,0,0,1.33444067166343e-05,0,0,1.63484011832346e-26,0,1.25453143212096e-22,6.32746359131421e-24,5.42650786654842e-07,3.59831511054599e-06,3.24207506895441e-24,2.10084762937403e-21,3.57892825033358e-08,3.57357622754958e-22,0,0,1.25227545627431e-23,0,3.68248925455047e-05,1.70236439892447e-23,4.30337443000893e-24,0,1.37209962368881e-23,8.97653051856799e-23,1.38051641285826e-23,1.03570469314263e-22
"TCGA-62-A46Y","TCGA-LUAD",1.78153141961602e-22,5.70326087280571e-23,1.59148638099204e-21,0,4.12428967072222e-06,3.07286088121413e-24,7.73729259021817e-23,4.87226783706098e-23,1.04124571935571e-06,1.2074540557164e-06,0,1.05058254654221e-22,4.2020829059879e-23,0,1.91538586768346e-25,0,8.35737131783432e-08,0,1.2385064977724e-22,0,1.97043924070692e-23,0,0,0,9.35270823445742e-22,8.6636187341377e-22,0,6.18969354556228e-08,0,0,2.75542443935161e-23,0,0,0,3.19491950720251e-08,0,1.03944813694632e-21,0,1.40459360218728e-06,8.23859886481985e-23,2.72341067576991e-22,4.83325014079282e-23,3.63779916827894e-21,0,2.54216295354611e-22,8.96620997542083e-25,2.1596258046676e-26,0,0,3.05247743887391e-22,0,0,1.71271208153971e-21,6.61718214463133e-08,3.01913995247031e-22,0,8.55615589684914e-26,3.87890188004045e-25,0,4.02284862304699e-05,1.05755359910675e-23,0,4.56990130897952e-23,5.10360077746658e-24,2.12994633813503e-08,5.06003912290434e-22,2.12994633813509e-08
"TCGA-55-6972","TCGA-LUAD",4.31917281464683e-22,3.83887815578207e-23,6.33850254092056e-21,0,2.30353582587527e-06,5.0636525300096e-23,0,3.94698933050427e-22,4.65359486492088e-07,0,0,0,0,0,2.93426757546751e-24,0,0,0,1.31206595217129e-23,0,0,3.19196763742624e-22,3.03128035399532e-20,0,1.14788076215767e-22,0,3.07765278806239e-22,0,0,7.48113736652476e-25,1.94360677167679e-23,0,1.62575445959427e-22,0,4.40431820461997e-23,2.03678013456927e-24,0,0,1.40205253152127e-06,0,0,0,0,6.70453589205635e-22,9.47766574912774e-24,2.45196551981391e-25,0,0,0,3.93984718215499e-07,5.44625186574547e-22,2.23631986808171e-23,0,9.82401750461974e-08,0,2.79471811796111e-21,0,0,0,6.61449991369051e-05,5.56450588972029e-23,2.41656254499224e-22,0,1.1376976714585e-22,5.05292585892834e-22,7.65884288867938e-23,5.81881014779627e-22
"TCGA-MP-A4TD","TCGA-LUAD",1.81208159811433e-22,4.34230849407207e-23,0,0,7.64097093953283e-06,0,7.01617535646901e-22,0,1.27793395191279e-06,2.33565084406129e-06,3.27729368412004e-22,0,0,0,0,7.6704540563901e-22,8.93660355397277e-08,0,0,0,3.44637079750503e-22,6.29074711543884e-24,4.29321049129957e-24,2.93375167758013e-22,4.09648881202861e-22,0,0,0,0,2.48491130796162e-23,1.14756145426472e-22,8.20981079265537e-23,0,2.36710470613166e-23,0,4.09720424214622e-23,1.23366838187735e-07,0,1.7618272257821e-06,9.37480567318383e-23,0,4.25213202700422e-22,5.40247844975529e-06,4.34698377189195e-23,9.63349509244126e-24,3.07792792921857e-25,6.62456223074568e-26,0,1.12233301262183e-21,0,2.67887564788667e-07,0,0,2.4914865230486e-07,3.10671794067566e-22,2.01459682604002e-22,3.68821405941564e-09,2.57462734381012e-24,1.95265096367013e-22,3.92509330018094e-05,0,0,9.69482385793994e-23,0,8.07147911775882e-22,3.98854522947042e-22,1.20600243472292e-21
"TCGA-86-7713","TCGA-LUAD",0,1.79732630828126e-22,0,0,5.20912140288521e-06,3.44762731662286e-23,0,8.08079502862758e-23,1.24012648120696e-06,0,7.89094254714059e-23,8.97245661399069e-23,9.15964839593576e-23,0,1.26433591629575e-23,1.14556105952195e-21,0,3.45848367592374e-22,1.68572431672445e-22,1.43813166753783e-22,2.12045360444301e-22,8.55114596408569e-24,6.02457242380976e-19,0,1.22527016945526e-21,0,4.21714114013314e-23,9.1076948416848e-23,0,0,0,0,0,4.22905621461114e-24,1.86740478561882e-08,1.95691941718271e-24,0,0,5.98997400197661e-07,0,1.04522501649138e-21,1.11147231435745e-22,7.97207885976883e-07,0,9.59875391328104e-23,0,0,0,0,9.54927975368119e-08,1.72369185274298e-06,0,9.07226840573013e-22,1.71584008002853e-07,0,8.98767904347358e-22,0,4.90113504227329e-24,0,3.15191272456173e-05,2.21769059675423e-22,0,0,0,1.24493652374597e-08,8.08524080363844e-22,1.24493652374605e-08
"TCGA-75-6203","TCGA-LUAD",0,0,5.34578356834584e-23,1.14291131191946e-21,7.29313178787604e-06,0,0,0,0,2.59977287534243e-06,0,0,7.61540617402488e-23,0,0,0,0,0,4.58226393723737e-22,0,1.18690073992585e-22,0,2.92882292236429e-22,0,0,0,7.88394511829967e-23,2.94009712450669e-07,0,1.3989765823079e-23,0,1.71600944799166e-22,0,3.62451178453452e-08,1.39675462435346e-08,1.19110603000645e-23,0,0,1.2508567434996e-07,1.96565198624796e-22,0,2.88061626679553e-22,0,0,2.83147709980376e-22,0,0,7.20941664004089e-23,1.71678750250048e-21,0,0,8.12333505342667e-24,4.25479779495436e-21,2.31963940089803e-09,0,2.18030084863256e-21,0,0,0,4.88311582178217e-05,2.54090915395964e-22,0,0,1.92170219916075e-22,9.31169749569179e-09,5.93450369962927e-23,9.31169749569185e-09
"TCGA-50-6597","TCGA-LUAD",1.31480741369084e-22,8.32033352809133e-23,2.87358823184544e-21,0,4.98430946020081e-06,1.45169627527132e-22,0,2.05675488647187e-23,9.62094784154295e-07,3.45257618890603e-06,1.13340528388557e-23,8.12991491055536e-23,0,7.76896453199643e-22,0,0,1.19096439045897e-07,3.90917614547261e-23,0,1.19248890480498e-22,3.04690895098282e-22,0,0,3.1874525417719e-23,3.78090787592912e-22,0,6.50306356432066e-22,9.28379013058117e-24,4.64095803084596e-24,0,0,2.75255000572127e-23,9.73294427578945e-23,7.49636557691242e-24,8.23620473182022e-23,1.11529915253101e-23,3.65330895417547e-22,2.94161377779351e-09,1.36810080252264e-06,1.02245112796367e-23,0,2.93293171240192e-23,2.44713017671308e-07,2.54685587255785e-22,5.56935954490168e-23,0,0,0,0,4.69186923476372e-07,4.87004781157099e-07,1.58970977479637e-24,0,1.82698042725205e-07,6.76939588324276e-22,0,1.32451903281061e-24,2.43667345084016e-23,0,5.62166707687944e-05,1.3682128635748e-22,0,1.74889302412333e-22,0,2.20668757217457e-22,3.82992508986054e-22,6.03661266203511e-22
"TCGA-50-5072","TCGA-LUAD",0,1.86688533273329e-22,7.07022089092572e-21,0,1.20973728288551e-06,2.56551414649642e-23,0,0,0,3.88020970137435e-07,0,0,1.78788198924631e-22,0,1.38150050873086e-24,3.25530025331951e-22,1.34127526396082e-24,0,5.20530623322917e-23,1.0121814655078e-22,1.50809669746672e-22,0,0,0,1.35645240250721e-21,0,0,3.97176502574772e-22,4.86240400954985e-23,0,0,0,0,1.72761007471795e-23,7.73684040995239e-24,5.32322888979275e-24,4.42789957067172e-22,6.64648999166249e-24,1.21312684877774e-06,0,0,7.35524110964611e-23,0,2.09849455454522e-22,0,0,0,3.39745251331657e-24,0,0,3.68598035589449e-22,1.33487497097545e-23,0,8.13225933681298e-08,9.436547663382e-23,3.28499644193743e-21,1.81384445436841e-26,1.51229071263836e-23,0,6.72042670191865e-05,0,1.1916415155646e-09,9.46111066390719e-10,3.76551784275165e-23,7.49016263160325e-23,8.46975302763604e-22,9.21876929079637e-22
"TCGA-95-7944","TCGA-LUAD",0,0,2.45315678604725e-21,3.0602509778522e-23,6.19176350567125e-06,0,0,0,1.16460802999534e-06,3.66641415274154e-06,0,0,0,0,0,0,6.85099982120509e-08,9.67535713759862e-23,2.5658619873269e-22,2.00436743087938e-22,1.50717597345387e-22,3.08074541620942e-22,0,8.5056206044929e-23,0,0,1.64697639932184e-22,0,1.34176893898009e-22,0,0,0,6.20051900534544e-23,0,1.37008594572115e-25,6.40683666096541e-24,2.92799282188753e-09,0,8.77967471162248e-07,0,0,5.63674325874382e-24,1.42532770652701e-05,0,6.86476134253484e-23,8.40336340637073e-25,0,2.85314696654335e-22,0,3.72282523666115e-07,0,0,0,9.4569873246345e-08,0,5.06291133413258e-22,0,3.58022137394149e-24,0,2.9071233071064e-05,0,0,9.08835635624092e-25,0,5.4971033315754e-22,7.53587986726937e-23,6.25069131830233e-22
"TCGA-69-8453","TCGA-LUAD",3.11023853915087e-23,1.55078791956483e-23,0,3.03579279180052e-24,5.61796068942559e-06,5.22467386004615e-23,0,0,5.67126608763884e-07,3.49574424885666e-06,7.35813941737381e-23,0,2.92502065849367e-22,3.95650055315482e-22,0,0,1.54619718783499e-07,0,0,0,1.19866028623313e-22,2.84590174460332e-22,0,1.00973129578503e-22,2.58776986202342e-22,0,4.39285632749227e-22,1.58607048578863e-07,3.60076753452273e-24,0,0,1.11083943201258e-23,6.22951480179886e-25,4.18139935656594e-08,1.01451545198883e-07,0,5.74546156678492e-08,0,5.61694510915026e-07,0,1.07252793572071e-21,0,6.05188390651062e-06,0,2.08428765400721e-22,0,0,4.80451573848212e-23,1.17591922469037e-21,0,1.91002016833145e-21,4.49545764722051e-23,1.83022165139876e-21,1.93180766847501e-24,0,9.45559455926061e-22,0,0,0,1.74937640397127e-05,1.48453329111398e-22,4.31372071784763e-23,0,1.60931801165252e-22,6.76343634659239e-08,1.97075447010652e-22,6.76343634659241e-08
"TCGA-50-5049","TCGA-LUAD",0,2.25996548638061e-22,0,1.79174684313549e-08,6.50781912294183e-06,0,3.24501236661577e-22,3.59867642654743e-22,5.47785232983953e-07,4.53250410427211e-06,4.29621836423497e-23,0,2.85214447096413e-22,3.09509429823259e-22,2.52400173209885e-23,1.48117502707029e-22,3.67350896744526e-07,0,0,0,1.84609997361728e-23,0,0,0,0,1.01434207486032e-21,7.22057863113172e-22,6.0658563666772e-08,0,5.32694980593253e-23,0,1.23529261388803e-22,2.10696931339683e-23,0,5.91909766135513e-24,8.50843604462076e-24,0,0,7.57919024522781e-07,2.69263496902508e-23,0,0,0,0,6.55111740885644e-22,2.32744166128721e-23,0,0,5.34807096407591e-22,5.2359542651353e-23,3.05752542788845e-22,0,4.04428097145744e-21,4.23122484382017e-07,0,1.94785615804317e-21,0,2.10135037466834e-23,0,6.752199343222e-05,4.09459715901831e-23,0,7.51255087585497e-23,4.03829062267069e-22,1.19449789542373e-08,1.22228774187117e-22,1.19449789542374e-08
"TCGA-55-8614","TCGA-LUAD",0,0,0,1.71751476696483e-23,4.59388434527903e-06,0,3.02212420566878e-23,1.0288787885134e-21,8.14060099872449e-07,0,8.89921412919059e-23,0,8.95866823108338e-23,1.57396995056563e-21,3.66423989333351e-23,0,0,9.76950918520522e-23,4.68890657791537e-22,0,4.59266332327941e-22,2.76772442730428e-22,4.60560774857631e-20,0,1.1591271274058e-21,0,0,1.3425346955597e-22,9.26869001873231e-23,0,6.11647683223864e-23,0,0,8.69953590298404e-24,0,2.50792823401219e-24,2.71279454115324e-08,2.97332576008849e-23,1.37227977837739e-06,0,0,0,7.20332344681764e-06,1.6230157198921e-22,0,0,0,0,3.13172591987615e-22,0,2.79321613323465e-06,0,5.87698359354323e-22,9.15473653355951e-08,0,0,7.29749689638964e-25,3.23160311938977e-24,0,2.83108154144698e-05,1.86679153456143e-22,0,0,2.75932830181721e-22,1.09066598060073e-21,8.09196729866869e-22,1.8998627104676e-21
"TCGA-97-7941","TCGA-LUAD",2.54115641081326e-22,0,2.33928045406178e-21,0,3.29845789739654e-06,0,4.23050005188324e-22,1.08273560616627e-22,1.48767074906664e-06,3.32641840218202e-07,1.33156944913851e-23,0,2.2610360739303e-22,0,4.26933766985067e-24,0,4.74701866928615e-08,1.17543103689892e-22,9.79590854322444e-23,2.48087309271566e-23,2.01145880439767e-22,1.40179938362645e-22,2.54716008716358e-22,1.31698334600503e-23,7.49580543817181e-22,4.30590065865221e-22,3.13543177217641e-22,1.45446817050173e-07,0,5.33726057603238e-25,8.96831561264514e-23,0,0,4.57845737260735e-24,0,0,1.04737261506587e-21,1.92515802946631e-24,8.99316207747158e-07,0,4.38425545111256e-22,0,0,0,0,3.79039832286286e-27,0,1.02871932916529e-22,1.4613029498609e-22,3.51087758916539e-22,9.65888996993925e-22,0,5.13799451082782e-21,5.24020135715071e-09,2.57875182037315e-23,7.15159654415809e-22,3.06980532763614e-25,3.16501728845015e-23,0,5.27272988899835e-05,8.02266127467528e-23,0,0,2.8738161197154e-22,6.40460001946869e-22,4.75363212128474e-22,1.11582321407534e-21
"TCGA-55-8510","TCGA-LUAD",9.50154322335163e-23,6.57553407267559e-23,2.41722962453427e-23,0,4.35908555611196e-06,3.60989991013234e-23,0,1.60235082578825e-22,1.28397407151527e-06,3.77735055353102e-06,0,0,4.85673200076405e-24,5.73320326558965e-22,1.60982499568638e-23,4.39968174273473e-22,2.23461408039498e-07,0,0,0,1.35612626193574e-22,3.24804366992412e-22,0,0,6.70040010804734e-22,0,8.60769171310294e-23,1.75303850124954e-27,6.49559652827734e-23,1.77682255724334e-24,7.98932478287539e-23,2.16330480162982e-23,7.6466179243204e-23,2.02272216778538e-24,2.80733523680019e-08,2.18825346964666e-24,6.86535481009107e-08,0,9.28864922389515e-07,0,0,0,2.31329584247522e-05,4.01553995764031e-22,0,4.61928497307213e-24,0,2.37218155101943e-23,0,2.10491101907765e-07,8.03772738013408e-22,0,0,5.3767897142144e-08,4.86337977216703e-22,0,1.33082762746051e-24,0,0,1.42604893845638e-05,0,1.12428613213834e-23,0,9.4165356331312e-24,1.8715568245335e-08,4.35703988862532e-22,1.87155682453354e-08
"TCGA-91-6831","TCGA-LUAD",0,2.07829908777139e-24,0,1.90503548826161e-24,4.16631279350264e-06,0,0,1.2619134370536e-22,2.2387718644931e-07,5.41659312358024e-07,2.75607701867951e-22,8.46014565988597e-24,0,0,4.67023738204753e-23,0,3.50979765849371e-23,5.23657325880337e-25,0,2.27019440509956e-22,5.39751716894467e-22,2.79712822782068e-22,0,0,7.97607466446709e-22,3.16655728467531e-22,2.24208037433732e-22,6.31153707266106e-23,9.17831485274943e-23,0,0,0,1.04820027705829e-22,1.94657099866558e-24,6.92902197886366e-23,0,1.09450733381063e-24,0,2.68064424790088e-07,0,8.0553248057215e-22,0,1.8618484381537e-06,0,0,0,0,1.07045241161007e-23,8.49793558310361e-23,3.16023613193518e-07,2.21364692326935e-06,6.6491479590478e-23,0,2.6275597255823e-07,0,0,5.53205684191024e-25,1.16058989223141e-23,0,4.76278921984447e-05,9.10194646288908e-23,1.33859420884123e-23,0,1.91412364728635e-22,1.07586357896897e-21,6.69718741214474e-22,1.74558232018344e-21
"TCGA-NJ-A4YP","TCGA-LUAD",0,0,6.2460756001426e-23,0,3.34062461230013e-06,2.70502738056722e-24,0,5.14053372897255e-22,8.15341924298253e-07,1.45776750662088e-23,0,0,0,0,0,0,0,0,0,0,2.59913984005429e-22,2.90489102310953e-22,2.18141761462612e-28,0,0,0,3.01650616615392e-22,2.94734851077975e-22,5.97647018750357e-23,0,0,0,1.22338107795176e-22,1.13498244741683e-23,0,0,0,1.80619004348435e-23,1.77578886277499e-06,6.19576396779524e-22,2.26155658297604e-22,4.04302759421066e-22,7.11706208997063e-06,6.8631906197978e-22,2.33396794764604e-22,0,0,0,0,5.20952631699136e-07,1.26864703093785e-21,0,1.75806785249078e-21,1.4660255580961e-07,1.77697755468497e-22,6.74836096466185e-23,1.98918022636285e-23,6.79048462965296e-23,0,4.64666915547371e-05,0,1.87404412448897e-23,0,0,6.87132089003875e-22,1.29956992002714e-22,8.1708908100659e-22
"TCGA-49-AAR0","TCGA-LUAD",0,0,0,4.29524802136781e-08,3.22468126168042e-06,2.19539704985473e-23,0,3.76796584311479e-23,9.11932130075451e-07,2.46480854227129e-06,8.32393643576038e-23,0,8.45698475759202e-23,0,1.99866774360951e-23,0,1.91685556603407e-07,0,1.70454805748249e-22,2.55227307634875e-22,8.97716897516082e-23,0,5.55216869184479e-23,8.53968970859609e-23,0,0,0,0,0,5.75805377547031e-24,3.34837424616659e-23,0,0,1.54980347870139e-24,2.70793457430897e-23,0,0,1.21681903159545e-08,1.71641188441922e-06,0,0,1.85180661286466e-22,1.57048685408474e-05,0,1.14374545728803e-23,2.21008821081572e-26,0,0,7.0461579837462e-24,1.79097278903113e-07,0,0,1.10897303109018e-21,1.18722120340555e-07,2.55688163005077e-22,0,0,4.27392767669003e-24,0,9.70012460400675e-06,0,0,0,0,2.86349868091189e-08,4.48858448758041e-23,2.8634986809119e-08
"TCGA-NJ-A55R","TCGA-LUAD",0,1.61316499065802e-22,4.09578207137685e-21,1.66461649162443e-07,1.0031696312314e-06,5.27665739220091e-24,0,0,7.54064217511403e-07,8.90792948943472e-07,0,0,1.20718179199111e-22,9.2044409978408e-23,0,1.14271354385151e-22,3.57713851802934e-07,0,1.68042470820239e-22,0,0,3.85433474157978e-23,0,1.07369420876754e-23,4.20296248702742e-22,3.46432950237415e-22,1.79446814982529e-22,0,2.42612426653982e-23,0,5.18785404105279e-23,9.90720406341521e-23,0,8.39639800863004e-26,3.29716467165213e-23,2.06380865822527e-26,0,0,1.34127622045547e-06,6.11251079494094e-24,5.2931070685364e-23,0,0,1.80532373842587e-22,6.10592546074636e-23,0,1.1435731293916e-10,0,1.58700224872351e-22,2.7928181631246e-22,2.64754123533275e-06,0,0,3.74248686295076e-07,0,1.85465996765922e-21,0,0,2.2140340300648e-22,4.21845071491794e-05,2.39466391183244e-23,1.17039076788205e-23,0,3.51577681722252e-23,1.10974432774962e-07,2.90806373884272e-22,1.10974432774963e-07
"TCGA-55-8620","TCGA-LUAD",0,0,0,3.16434804738419e-25,3.9887465360995e-06,0,1.00117061811344e-22,1.12347127187194e-22,4.38816315462352e-07,1.13507600059532e-06,9.08834621890233e-23,5.51177461468935e-23,0,0,9.00973518340915e-23,0,2.21984981554023e-07,0,2.08150330845534e-24,0,0,2.57362058092973e-22,4.91971366686129e-23,0,8.11305627526387e-22,0,6.59582104659307e-22,0,4.36353808550316e-23,1.62491755497228e-24,0,1.2756884993149e-23,1.31819904985613e-22,0,0,1.06090461656778e-23,1.73368453106653e-25,0,1.02460081443521e-06,0,4.4456561105048e-22,1.18752781934374e-22,8.50587959611367e-06,0,0,3.19149710432897e-23,0,0,2.23947376982803e-22,1.895645216252e-07,0,0,0,1.77246461172844e-07,7.3349640209609e-23,0,0,0,4.11580623937907e-22,1.94975576092987e-05,7.15761658212654e-23,4.48429358625134e-24,0,0,7.37608826172153e-22,4.05652813763193e-22,1.14326163993535e-21
"TCGA-49-AARR","TCGA-LUAD",1.89003449971559e-22,0,4.61172705346506e-22,0,5.82557638181871e-06,2.1198147193906e-22,0,0,1.84167454916015e-06,9.48301527476658e-07,6.10437442453271e-23,0,0,6.58685987347143e-22,0,0,1.9220341468968e-07,2.15581150372409e-22,0,0,0,6.86727741474884e-22,2.82277499425365e-22,0,5.27053298852239e-22,2.02811490921508e-21,0,2.75521406569195e-07,0,0,0,0,0,0,3.86164093669484e-08,0,3.73991443024234e-22,0,1.76102570674412e-07,2.13892453446761e-22,0,0,0,4.6529349658154e-22,4.70108585419349e-22,0,0,0,4.06944786826269e-22,2.8202895143967e-22,2.86890591587433e-22,0,4.84909890082275e-21,1.03779500967666e-07,8.18717551285655e-23,1.46293479484465e-21,0,1.03065911073174e-23,4.49337994322125e-22,5.14520220330891e-05,1.57907724866428e-22,2.34347778779037e-23,4.79779706206001e-23,1.23342001376857e-22,2.57442729112997e-08,2.6352664942612e-22,2.57442729112999e-08
"TCGA-44-2668","TCGA-LUAD",1.54859661082636e-22,0,2.36209707523785e-21,1.2941046764855e-22,3.96285210264682e-06,0,0,4.72055503917047e-23,7.44222840683857e-07,4.31658924622527e-06,4.66217186274471e-23,0,5.06071382440828e-23,0,0,0,1.69632520276675e-07,7.01131341157055e-23,8.57872025652833e-23,0,1.5306638550001e-22,0,0,0,1.79613372077559e-21,3.82473450968882e-22,0,2.57339127704514e-22,3.56998085241834e-20,0,1.09969122086498e-22,2.82113586568184e-22,0,9.039568606526e-24,0,0,0,0,4.20413824907227e-07,0,0,1.5943349279836e-23,4.08854980083814e-21,0,4.68201719918042e-22,0,0,3.16540777664937e-23,4.26802124985004e-22,0,3.26268593687371e-23,4.08200002307638e-23,0,7.97643424284042e-08,2.00461480072267e-22,3.03272285434596e-21,0,0,0,6.91188085983252e-05,0,5.19782535676462e-23,0,0,6.11457204906625e-22,9.74600053137801e-22,1.58605725804443e-21
"TCGA-86-8056","TCGA-LUAD",0,2.57323092360157e-22,8.02659615800618e-21,0,2.77992673441022e-06,9.02986605642287e-24,8.78491506206265e-23,3.4228047897778e-23,2.03918891380667e-06,2.64991034575205e-06,0,1.86562050364986e-22,5.42607354118331e-23,3.65238668651898e-23,3.2131027469121e-26,0,1.92701118940452e-07,3.64095890312191e-23,1.76236453549072e-23,0,0,1.16729408403734e-22,0,3.99327347015456e-23,0,0,1.35869763881746e-21,0,1.72126946015951e-24,0,1.50454934974692e-22,7.14069299000975e-22,0,0,0,0,2.40322287990342e-21,2.72517446171044e-23,1.79027320435645e-08,4.91273708239605e-22,0,3.36172377632577e-23,3.11208097998741e-21,3.58343240820717e-23,6.54832725726486e-22,0,0,8.31336184222728e-23,5.91127651958597e-23,5.71285954868417e-22,1.8771978300468e-21,0,0,1.05298744188988e-07,5.28534526248828e-22,1.24830268178084e-21,0,3.56781063363775e-23,0,7.78732202582253e-05,2.56921126154856e-23,1.10726088021826e-22,0,0,7.95890126190404e-22,1.28661546180078e-22,9.24551672370482e-22
"TCGA-78-7539","TCGA-LUAD",0,0,4.37061367679601e-21,2.82296095117264e-24,4.9372241372074e-06,2.45062768237085e-22,2.77800525674653e-22,0,1.59565899090072e-06,4.01150879305037e-06,6.7066435636237e-23,0,1.47560863829867e-22,2.69223423607545e-22,1.51202465467501e-23,1.24598549419898e-22,1.27122395587563e-07,5.45585030339904e-23,0,3.01239412134985e-22,0,0,1.47854247473239e-19,3.81582275513406e-23,0,6.43462713867853e-22,3.19718805061888e-22,1.99220324811761e-22,0,0,0,8.42055088227091e-24,1.02901342463892e-22,0,1.68827705609229e-26,0,6.8173676625653e-23,0,8.15898345669968e-07,0,0,0,5.26403209871174e-06,4.18857301768384e-22,0,6.8481657564744e-24,0,0,2.93995965012788e-22,5.83860020961109e-07,1.07537156533594e-06,1.24701548825384e-22,0,8.25387111520552e-08,0,1.82664671685298e-21,2.52882807311665e-24,0,1.19376604862521e-22,4.73924702139731e-05,2.89006358787511e-22,0,0,2.31031252907946e-22,4.04330514501185e-22,0,4.04330514501185e-22
"TCGA-55-7728","TCGA-LUAD",0,6.39854866122036e-23,8.9408321287488e-22,1.51659341690397e-09,5.77392530664575e-06,5.39480135096653e-23,7.26834469150787e-22,0,1.87008382689292e-06,4.03102176713067e-06,1.12398794043605e-23,0,0,1.28549467351395e-21,0,9.71827514924935e-22,2.81514600853278e-07,0,0,0,0,0,1.14685144253545e-22,0,3.27556431500341e-22,0,2.24315664877195e-08,0,0,6.74153805409606e-24,4.46638640427274e-24,0,0,2.55937257028794e-08,1.32143627354007e-07,0,4.27786143558546e-08,5.06678567530431e-25,1.09508339655365e-07,6.44072519564506e-22,0,0,8.53953147659567e-06,0,0,0,0,1.98200762977068e-22,8.6529229466768e-22,2.68026971763292e-24,0,5.52507427590417e-23,7.35165550367697e-07,9.37201931796554e-08,0,1.38640970921136e-21,5.68466465160768e-09,3.94812191969265e-24,0,0,2.45223179329995e-23,0,2.25449199099219e-22,6.71912102557228e-22,8.91068138472745e-08,1.95770959056272e-22,8.91068138472747e-08
"TCGA-05-4396","TCGA-LUAD",0,2.24138101068751e-22,7.57071103338021e-21,1.63089590075818e-23,1.87460689270063e-06,0,0,6.16991374391779e-23,7.26659469230033e-07,7.32584411750046e-07,1.11749845885509e-22,0,8.79828202947167e-23,2.17995683805835e-22,0,0,0,0,0,1.97176472836897e-22,0,0,0,0,0,0,9.91882764933332e-22,3.30036953987182e-23,0,0,1.0731579425448e-22,0,1.40578837583708e-22,1.79752975291293e-23,1.70422417880875e-22,7.40366768263376e-25,6.26788067514623e-22,0,1.12905636891217e-07,0,6.1597323519527e-24,0,6.02861886688131e-21,2.58107806514992e-22,2.196563718287e-22,0,0,6.91936545309035e-22,0,3.09667251676304e-22,1.31743432304756e-21,0,0,1.07352901755422e-07,5.33598390667134e-24,1.75188707469013e-21,0,0,7.89472168979472e-22,6.63654148032839e-05,0,6.33835251474048e-23,1.20931587225396e-23,0,7.62468843217013e-22,1.12069050534375e-22,8.74537893751389e-22
"TCGA-55-7727","TCGA-LUAD",0,0,2.33787198788317e-21,1.0367558497435e-07,3.1286909204279e-06,0,3.63710740321612e-22,2.09611993277057e-22,1.11051059745198e-06,1.41333969163699e-06,0,0,1.31855161012952e-22,0,0,0,3.20739135163694e-07,0,0,1.85370350177753e-22,0,1.24599154933577e-22,0,1.65130700450572e-23,1.91855748712275e-21,0,0,2.1393364524924e-22,6.09430316982746e-26,2.580241533901e-23,1.27885364846152e-23,9.98585221438183e-23,0,9.4308378554572e-25,1.38494206739841e-22,0,0,3.55953804001697e-09,1.50503892473833e-07,0,3.38417963003042e-22,9.62887118071918e-23,4.35421213816925e-21,5.26485789907828e-22,8.61698693506282e-23,0,0,1.98574749862465e-21,0,0,0,0,0,1.12627177490734e-07,2.29870942429677e-22,3.09915442230817e-21,1.62522507549825e-09,0,0,6.63088415858978e-05,0,2.37937634362114e-22,2.96708138377395e-23,2.64327426157724e-23,6.91170566495685e-08,9.59278743561373e-22,6.91170566495695e-08
"TCGA-05-4390","TCGA-LUAD",1.21524672801559e-22,0,0,3.52204444527962e-24,6.49683111775316e-06,3.71014407987559e-22,0,1.39597198869656e-22,1.1329570182642e-07,0,0,5.5232507555447e-23,0,1.95577855846007e-21,0,1.50775472911258e-22,0,0,0,0,9.34264781739439e-23,9.32557433173981e-23,4.24927344948778e-20,1.08022306676677e-22,0,0,1.45405805019846e-23,1.47520313177471e-23,0,3.72370270288808e-23,1.41039805719272e-22,0,1.52483313538478e-22,0,0,8.26856035276952e-24,8.10079467791763e-26,1.0014377047143e-22,1.24513761129963e-06,0,0,1.18405459069874e-23,1.17355287951062e-05,0,0,0,0,1.57203549542373e-22,1.57640221526811e-22,0,8.43978139491104e-07,0,2.343997618792e-24,1.75034427945153e-07,5.0795888208647e-23,0,1.88207192158884e-09,0,2.86590294418434e-22,2.92985582771824e-05,0,0,4.90393833428028e-23,4.36224633424587e-23,4.04300843504644e-22,4.67132390869719e-23,4.51014082591616e-22
"TCGA-64-5774","TCGA-LUAD",0,4.59116798972373e-22,0,0,6.60136310825623e-06,1.70190229234536e-22,3.4432166616745e-22,0,2.18694821944275e-07,4.93381795270127e-07,0,0,0,0,1.04274398151508e-22,0,1.48035432050843e-22,2.07847774343442e-22,2.02529588617497e-23,1.50065485341211e-22,0,0,6.25594095027478e-23,0,1.60374511495294e-21,0,4.10665719836814e-22,1.63060459571611e-22,0,0,1.81075451814611e-23,0,0,0,1.13336450452413e-22,0,0,0,3.73000286270489e-07,1.94891578815425e-22,7.63747288944981e-22,2.30742844409162e-22,3.06333871914937e-22,0,0,5.243956215087e-25,0,2.22914459566234e-22,0,6.02819661919611e-22,1.76226112330843e-07,1.65786466162361e-22,1.67151507521636e-21,2.66438789947637e-07,1.61182323172056e-22,0,1.21112190719088e-26,0,1.57159956678041e-21,5.61521152118684e-05,1.38096335216182e-22,1.9156709761253e-22,7.37411290245973e-23,0,8.33375789536559e-22,1.03143095696266e-21,1.86480674649922e-21
"TCGA-S2-AA1A","TCGA-LUAD",0,0,4.4429913497257e-23,4.01505913942462e-08,5.76190887194872e-06,5.03108903394731e-23,0,0,2.17201712589595e-06,5.36674473253984e-06,0,3.69357487186089e-22,0,3.55649132092021e-22,8.6734775880603e-24,0,4.02594119744767e-07,2.4578685249046e-23,7.16466703746934e-23,0,0,0,6.88705730662818e-23,1.11985013240977e-22,1.53894742644109e-21,1.05767781037878e-22,5.0585337406672e-22,7.74872374563551e-08,4.58016035551111e-25,0,6.88773765371183e-23,3.73067588657976e-22,0,1.7370313176698e-25,5.04551414247922e-08,1.86190440404088e-23,0,1.77491254881604e-24,6.22945437479507e-07,0,0,0,0,1.07094206372463e-22,0,1.50520714680027e-23,0,0,0,1.13573855893533e-22,0,4.7581523834521e-23,3.92216462471226e-21,5.77526952858551e-07,2.32394787696268e-22,1.89526147504251e-21,0,1.00483905326591e-23,0,5.38510931454574e-05,0,0,0,0,6.04038218793594e-08,7.69473713220544e-22,6.04038218793602e-08
"TCGA-78-8648","TCGA-LUAD",0,1.05662704544042e-22,0,0,9.95852240067467e-06,5.02388355441562e-22,0,1.61557446438623e-21,9.62168249482668e-07,2.98350106972138e-06,0,0,7.68264109835481e-22,6.84935886448252e-22,0,0,1.76625020329997e-09,1.15388120977868e-22,1.26231998579858e-22,5.90686192589088e-23,1.80217125856098e-22,0,0,0,7.82185204359775e-22,0,9.07231679630146e-22,0,0,0,0,0,0,3.64377963177115e-25,6.80432062126338e-08,1.24825605524123e-24,2.01022792316647e-07,7.04971264527044e-23,8.06646526866206e-08,7.08071601342456e-22,2.00499265954342e-21,1.47725652711089e-22,8.8231371162263e-06,3.19353379739751e-22,9.39947197724723e-23,0,0,1.76145585887346e-23,2.28289716489814e-21,0,3.88064583043143e-22,1.02056777327138e-22,3.93341609398824e-21,3.30723285953265e-07,0,2.01576380520849e-21,4.3831615748598e-09,0,2.05600156759278e-22,5.28090915482436e-05,7.64884046297977e-23,0,0,0,4.53621374750932e-08,5.34032517379958e-22,4.53621374750937e-08
"TCGA-95-7948","TCGA-LUAD",0,0,0,0,7.80075492048307e-07,2.05069902064996e-23,0,0,6.63329314321871e-07,0,0,0,9.13032374453278e-23,1.18941859226919e-22,0,0,9.71488086073608e-27,4.66181990550451e-23,3.25908105174311e-23,0,0,1.4927075518122e-22,5.3035543524218e-08,2.17533691135526e-23,0,0,1.99309415049095e-22,7.72707627612362e-24,2.42276327461543e-23,0,0,0,0,3.25852762613794e-24,0,0,4.06414559948181e-24,0,1.78660741861605e-06,5.51864680984386e-22,3.07369711414799e-22,5.45617624106805e-23,8.68134285927748e-06,1.97637050612683e-22,8.14364229880863e-23,0,0,4.36699958697576e-23,0,6.20014384368723e-07,2.37532588741861e-06,6.64385907071675e-24,1.40903170658194e-21,1.51699736496594e-07,0,1.0626876045879e-22,3.30019882099336e-23,1.12252385462088e-23,0,3.59576877642054e-05,0,3.24757246254158e-23,0,2.35569907889522e-23,3.33540308310518e-22,0,3.33540308310518e-22
"TCGA-44-7672","TCGA-LUAD",3.0818612970507e-22,0,1.05040879593266e-21,4.72923076109585e-25,8.01090507979702e-06,0,3.01533195447134e-22,9.56246869434812e-23,3.79292340096912e-07,5.12588166841379e-06,0,1.56476379866162e-22,7.04624353975916e-22,1.24061625898383e-21,5.01511950843168e-23,0,2.83373743075393e-07,0,2.3628934997912e-22,3.62517444482113e-23,0,9.45278288938777e-22,0,0,0,0,9.73488654578556e-22,1.63376584997256e-22,3.08671528147958e-22,1.03656967683242e-23,8.10092170565585e-23,0,1.58227892626466e-22,0,2.00419938145313e-26,0,7.40954191475778e-08,0,6.57915169075682e-07,0,0,0,1.89318762205311e-05,3.78921111355111e-22,0,1.4526776276723e-23,2.67394681539057e-26,2.23355814472414e-22,6.92044150207504e-25,5.06355749327432e-08,0,0,2.51693175508054e-21,3.99503813479723e-07,6.2018046683646e-22,5.50625246616177e-22,0,0,0,3.93816006141437e-05,7.04272682119254e-23,3.77704402744248e-23,2.08552249312581e-22,0,9.72114615926118e-22,0,9.72114615926118e-22
"TCGA-05-5420","TCGA-LUAD",4.70216641730982e-22,4.73553361314351e-22,8.13049790843012e-22,6.04735388059652e-28,6.07115011269006e-06,0,7.10615723865228e-22,7.38590025859494e-25,3.23203813720873e-23,3.75575134508424e-06,1.33059895279774e-22,2.25337532885906e-22,5.72838756297588e-22,0,0,3.85479044700744e-22,1.50533555681065e-07,0,0,2.56450393592059e-22,4.69983673516382e-22,0,0,0,0,1.73994386974403e-22,1.23452353236642e-21,0,3.49766587434338e-24,0,0,6.3162568120026e-23,2.89778823777902e-22,0,2.2961355563993e-23,0,2.05535694498086e-23,0,1.73171224128319e-06,0,0,0,9.63760077639816e-07,2.10290037033255e-22,1.35064264133295e-22,2.00825332550815e-23,0,0,9.29796687852458e-22,9.76626485390458e-07,0,8.7087715025446e-23,0,4.88411771254755e-07,0,3.16816255977405e-21,5.81567344493079e-25,0,0,5.9272102349129e-05,1.38767050913696e-22,3.5400489941457e-23,0,0,9.98965155183794e-22,4.71768517415366e-22,1.47073367259916e-21
"TCGA-MN-A4N1","TCGA-LUAD",0,2.27381641682699e-22,0,0,3.92447734331508e-06,0,0,3.13315517762788e-22,3.75220058736936e-07,7.02970515426246e-23,1.66289468574562e-22,3.8309612023127e-23,0,0,0,0,0,0,1.49022505037658e-22,3.30457868918823e-22,0,0,0,0,0,0,2.91962006428095e-22,0,0,8.31130916140412e-24,9.162635738854e-23,2.74057804661723e-24,0,0,7.9594550891764e-24,0,0,3.73342038135693e-24,9.66155350419066e-07,0,4.71001929240124e-22,0,8.52685144409528e-06,0,0,2.30128350557255e-25,0,1.00807207440422e-22,0,5.44184218908933e-07,2.19025341480007e-06,0,0,0,0,0,0,3.46817597329252e-23,0,4.55554065858174e-05,5.58226820853455e-23,2.19366012799187e-22,1.16219029567897e-22,4.33368309754619e-22,8.43061445680718e-22,1.13690820841349e-22,9.56752266522068e-22
"TCGA-49-6761","TCGA-LUAD",0,0,8.26555499199154e-22,0,6.1470500295906e-06,0,7.25421734885869e-22,0,6.17837453654406e-07,8.88969296880549e-07,2.85513398025323e-22,0,0,0,0,2.96097863621562e-22,1.5663990100231e-07,0,0,0,9.13432232769205e-24,4.55157662782011e-22,2.88949320742437e-25,1.40321938461106e-23,0,4.86940471874599e-24,2.84353494174774e-22,0,0,0,9.6910492342424e-23,7.25194547189351e-24,0,3.60682192775442e-23,1.27909317317283e-23,0,8.32919543180601e-22,3.87386540202312e-24,1.22611491571922e-06,0,2.16222712632612e-21,0,8.66618571796466e-06,6.2601094156303e-22,1.87459320120436e-23,9.72756845330636e-25,0,0,1.61847056697308e-21,4.78943368398959e-07,5.08393954672122e-08,1.76488717144346e-22,0,1.40012835590727e-07,0,2.68255896352875e-21,0,0,7.15611725051968e-22,4.43061903080006e-05,2.7485131576101e-23,4.27558544564464e-23,0,0,2.83726548885656e-21,4.56716116384602e-24,2.8418326500204e-21
"TCGA-44-A4SS","TCGA-LUAD",1.2095262328308e-22,3.26734905838905e-23,1.39573294911183e-21,2.03331859858972e-23,5.12651282922531e-06,0,3.67035469019103e-22,1.39610463516572e-22,1.28917471512874e-06,2.74583063776028e-06,0,0,5.42566091422623e-22,9.38344286705325e-22,2.65122673257176e-18,0,0,2.25054857934234e-22,0,0,0,3.38678002642175e-22,1.59522103023357e-23,0,2.03883127736975e-21,0,1.03171345277909e-21,5.91445473500819e-23,1.74163244256156e-22,3.63857704844659e-23,0,4.51487984440024e-24,6.25423454290221e-23,0,0,0,1.72849103843417e-08,0,3.34658164934373e-19,0,0,6.99167604150953e-23,3.58719352640944e-06,2.21173286448944e-22,2.64662881803293e-23,0,0,3.91091601286865e-23,4.67619549279578e-22,2.4554026463923e-07,0,5.88246908032045e-23,0,2.38050284235687e-08,0,3.91187122740677e-22,0,0,0,3.6833112113091e-05,0,0,1.14082906375301e-22,7.87479126323839e-23,6.73243494264873e-22,1.03575238397682e-21,1.70899587824169e-21
"TCGA-91-8499","TCGA-LUAD",0,1.47269654255637e-22,0,0,3.91958488241884e-06,0,8.43686484416835e-23,5.59954675755568e-22,3.81958401324344e-07,4.54463402116775e-07,7.33998255396637e-23,1.08105545465272e-22,0,0,0,0,0,5.40333222301537e-23,1.10809134858047e-22,2.89878441512007e-23,2.68799418016295e-22,1.98106175789888e-22,4.18487425194443e-23,0,8.921343684704e-22,0,2.82035655295008e-22,1.13492242584199e-22,0,0,0,3.30443447401309e-23,1.60620201251762e-22,0,0,0,1.18239508843496e-22,0,1.48925104757508e-06,0,0,0,0,0,4.85022101838921e-23,2.44552002181645e-24,0,8.02932950599761e-23,0,4.54999598098894e-23,0,4.64642071895938e-23,1.62560239141809e-22,1.69611309308977e-07,0,0,6.0923611147041e-09,2.94385977003262e-24,0,3.78340641893618e-05,0,0,0,2.05336820283589e-22,6.72327920641357e-22,6.54101720371166e-22,1.32642964101252e-21
"TCGA-83-5908","TCGA-LUAD",0,3.1316938130925e-22,0,5.14352201139401e-24,6.62837409097366e-06,0,7.29659960318447e-23,2.36608490951266e-22,9.96854015072483e-07,3.46738208096119e-06,0,1.992980610339e-22,0,8.31819578540424e-22,0,0,4.23300580664754e-08,2.29152069985707e-22,0,0,0,3.89731466791188e-22,0,0,4.80842448829575e-22,0,5.46095081610359e-22,3.17043608791574e-23,0,0,0,4.92944255169514e-23,2.10431476375526e-22,1.3354260822681e-25,6.85100488298071e-08,3.3293006924829e-23,4.86835074899325e-22,7.91767145027839e-23,1.02103944355472e-06,7.74755105485865e-23,0,0,0,8.8731011456548e-23,0,2.41780256680994e-09,0,9.40910931980637e-23,3.21638003266436e-22,1.97806912234456e-22,2.00024499174018e-23,0,1.44497579922033e-21,1.89851817987567e-25,4.5126709129774e-22,1.06983449843243e-21,0,1.62635346125366e-24,7.35007064001476e-22,2.84907128806142e-05,1.51660678907564e-22,1.20116895106352e-22,0,0,4.56733658865389e-08,3.97005915069413e-22,4.56733658865393e-08
"TCGA-49-AARN","TCGA-LUAD",3.97899606435407e-22,0,0,1.64522033861224e-07,0,0,0,2.13935199167482e-09,1.24567565571375e-06,5.85570719446075e-07,3.16980592560566e-08,4.5691478641472e-08,3.18032503320395e-08,0,2.57309350346762e-08,0,2.17346934576362e-07,0,3.49063654452625e-23,0,0,0,0,0,0,1.03697019702975e-23,0,2.52594261605836e-23,1.15947615712909e-24,0,8.89654549386733e-23,4.62000606779607e-24,0,6.12207384427875e-25,0,2.31372682365814e-10,1.78755860297936e-22,7.87978195106095e-08,7.96565524045652e-07,0,4.91447390522818e-23,4.05911160953538e-23,6.89095533596098e-22,0,0,0,2.49400409888838e-10,0,2.19232165742911e-23,5.06975180402313e-24,3.65743306398639e-06,1.86576535385941e-26,0,2.38065369969973e-07,0,0,0,0,0,5.54280478436314e-05,2.10653908972629e-23,3.80048189171296e-08,0,0,1.41568576329581e-07,0,1.41568576329581e-07
"TCGA-MP-A4TA","TCGA-LUAD",2.06120455206136e-22,0,3.40152698584412e-21,1.8347046586613e-26,2.19068372315616e-06,1.79798572322298e-23,1.57180008368486e-22,0,3.18743965810859e-07,1.19935509458327e-06,0,0,0,0,5.76403414494158e-24,0,4.06997492604973e-09,1.38000907460734e-23,6.97009823414385e-23,7.95627266634395e-23,2.72722678092002e-22,2.14575093832079e-22,2.09827395848046e-10,3.28043583093651e-23,1.2998215282991e-22,5.22687316773717e-22,0,0,1.56636352812622e-22,0,0,0,1.87881437182317e-23,0,0,4.02919880338879e-24,0,3.21549537658596e-23,9.44541392932914e-07,0,0,0,7.64405765883361e-06,2.58392993057434e-22,4.8188521154582e-22,3.40858848713047e-24,0,1.58661408584787e-22,0,8.45090807378733e-07,0,2.22589636340367e-23,0,2.99608151656022e-07,0,1.46502571631093e-21,6.12189663068032e-23,0,0,3.19396630516461e-05,0,0,0,0,3.01878384084595e-22,2.01352415460956e-22,5.03230799545551e-22
"TCGA-78-8662","TCGA-LUAD",1.23002265185586e-22,0,0,0,5.36754764621516e-06,0,0,2.89596149398339e-22,1.09079985477324e-07,8.37058192302051e-24,0,2.59970523336481e-22,3.18522840807124e-22,4.20679164806933e-23,0,0,0,7.60655072614806e-23,0,0,3.30674177745997e-22,5.93958940140572e-22,0,3.04164921395316e-23,2.99718706866614e-21,1.25025859613572e-21,0,4.81528393181536e-23,8.72340405646116e-23,1.66982773997333e-23,0,3.75525262866179e-23,0,0,1.803768051819e-23,0,0,0,1.73809935638724e-06,0,4.72644598994769e-22,2.18953859949092e-22,1.25250544387283e-05,0,0,6.08121938757628e-25,0,2.93514808081586e-22,0,7.37697383301307e-07,5.28613760920779e-22,0,0,2.36996627721674e-08,1.33211562447925e-21,0,1.17644533213567e-23,0,1.11189267916029e-21,4.98376484879504e-05,8.52661620604941e-23,0,7.03771696108178e-23,7.27317216746239e-22,1.31018348450437e-21,1.66393062320607e-21,2.97411410771044e-21
"TCGA-78-7535","TCGA-LUAD",0,0,1.13186978754114e-22,5.77509124515573e-23,7.20437752135363e-06,0,0,5.74315965333846e-22,0,0,0,2.0214336428316e-22,4.05353146792763e-22,1.40830809868846e-21,9.53858093030891e-24,0,1.57418836910565e-22,2.05489051072036e-22,5.62406537029672e-22,2.40551310582175e-22,0,5.41256100843059e-22,0,1.58601039087607e-22,1.47690299946859e-21,8.41328836129525e-22,0,0,1.00824827540492e-22,3.120571225582e-24,0,0,0,3.08785689341927e-24,0,5.85683271038076e-24,0,0,9.55882693693878e-07,3.4878769205707e-22,0,6.38194986446701e-23,2.84003091201616e-05,0,0,3.28858078953311e-23,9.72559019746178e-25,0,2.30529006751128e-21,2.88365749481494e-09,1.02817674992642e-21,1.36245548418718e-23,4.34809438858065e-22,0,0,3.93697294875133e-23,1.83409020129986e-24,4.97549237558091e-24,0,0,0,0,9.73027823939213e-22,0,2.61420514733672e-21,7.38451499734294e-22,3.35265664707101e-21
"TCGA-44-2666","TCGA-LUAD",4.16573351089121e-22,0,6.98574172609479e-22,0,2.0171636582528e-06,9.21081637350941e-24,0,0,2.36748308334315e-07,1.35774737653547e-07,0,0,6.6937016898958e-23,4.42341437672354e-22,0,0,2.18365098252203e-25,0,2.12893824927734e-22,0,0,0,0,7.6832915754331e-23,0,1.15134519256509e-22,0,0,0,0,2.9763752175846e-23,0,0,9.92536148278747e-24,1.00401704704238e-08,5.03235789345173e-24,0,0,2.0903932264773e-06,0,0,0,0,0,0,1.2371782475585e-26,0,0,4.24054129312645e-22,3.48285950437323e-22,1.9237667630523e-06,2.20032033756984e-23,0,8.89632758647021e-08,1.2034988145459e-22,9.22275346808119e-22,0,0,2.9654492815004e-22,5.57425466303193e-05,4.17808829799765e-24,0,3.41924626340093e-24,1.10501806497017e-22,6.69344698028282e-09,0,6.69344698028282e-09
"TCGA-86-7711","TCGA-LUAD",0,0,0,0,4.93716873125647e-06,0,2.7058326116445e-22,2.57929203784399e-22,4.40913258834639e-07,1.12695957071795e-22,5.06942409213978e-23,0,0,0,6.29410064025004e-24,0,1.57747728402171e-08,4.36301813667798e-23,0,0,0,2.73832161455003e-23,8.8403030952877e-26,0,4.35091757251759e-22,0,0,0,0,0,1.35051505024138e-22,0,0,1.73454854127253e-23,0,1.87464343938557e-24,3.82159296229585e-26,0,9.93094014971287e-07,1.52139047832602e-22,0,1.73787440627484e-22,4.34886625693837e-07,0,0,0,0,0,0,6.39311885225352e-07,0,7.04293094070369e-23,6.89965096832494e-22,2.37472474959279e-07,6.5493561640845e-23,1.83007067979226e-21,0,0,0,6.6124650861635e-05,0,0,8.89024509541371e-23,2.68032052409098e-22,1.90208279953266e-22,2.1754587862588e-22,4.07754158579146e-22
"TCGA-78-7542","TCGA-LUAD",9.18811492965377e-23,1.03583296659522e-22,1.08455803340337e-21,0,2.47192146011031e-06,0,0,1.09285547084134e-23,7.10953043534149e-07,1.91299471411896e-06,0,6.97056531051691e-23,4.91177337375443e-22,0,2.89357039784586e-24,0,6.99272871118338e-09,1.85020882614217e-22,0,4.08803813311807e-22,0,0,0,0,1.2678064686259e-21,1.6895261040612e-22,6.76116623494548e-22,1.31139279344925e-22,0,0,0,8.39263630891902e-24,6.88888448017113e-23,0,0,3.29971351514522e-24,0,8.6150261278607e-25,1.2582797484292e-06,6.87577706127498e-23,0,0,0,0,3.58228106867174e-22,0,0,0,0,6.02322319390222e-07,0,1.04464104223167e-23,0,7.27925973926486e-08,8.7879024143745e-23,3.11978952115321e-21,0,0,0,5.35043865899393e-05,0,1.47813249428079e-25,0,3.1273446747518e-22,3.31887104956206e-22,6.85694882642711e-22,1.01758198759892e-21
"TCGA-78-7166","TCGA-LUAD",6.30297530897097e-22,3.28158704411675e-22,2.55216753402512e-21,0,5.27691945288096e-06,1.51085267911968e-22,1.05928910829395e-21,4.12374218827509e-22,2.75833792597556e-07,0,0,2.26375849978122e-22,3.10728865767235e-22,0,0,5.40136004374135e-22,1.69817678390523e-08,4.25442220280818e-23,0,0,0,0,0,2.64250844100721e-23,0,5.17228105600367e-22,1.13133294466563e-21,1.10527416204492e-22,0,4.83502111620289e-23,0,0,0,0,0,1.84347525421373e-25,1.29951723162978e-23,0,6.86762597660222e-07,0,0,2.9813087278528e-22,7.01099775073156e-06,0,0,5.70084207799447e-25,0,3.65300691981377e-23,3.0486642117556e-22,1.00161271499247e-06,0,7.92784301219575e-23,0,3.77770621006813e-07,7.88429288256221e-22,3.48916280375529e-21,0,2.21727649128159e-23,0,5.47849866605639e-05,0,4.97716893906219e-24,1.10417766088876e-22,0,6.53431039452885e-22,1.64079352205837e-22,8.17510391658723e-22
"TCGA-NJ-A55A","TCGA-LUAD",2.50973444285005e-23,6.89111573025996e-23,1.34648568779534e-21,0,7.75292801521723e-06,2.29585616914057e-22,0,0,2.25398086509781e-06,2.75309995366997e-06,7.63380691778214e-23,0,0,0,0,0,3.38370916215926e-07,0,8.01804850450086e-23,1.0942964148835e-22,2.06368927915235e-23,0,0,1.05170663795884e-22,0,6.73879545622833e-22,0,1.306069550967e-07,0,0,0,0,1.43344504783553e-22,4.70353464442184e-24,1.28347527689773e-07,0,8.28448684643304e-22,3.6274600464136e-24,5.00893635248494e-07,0,0,0,0,9.48437371766692e-23,5.77937657768502e-23,0,0,0,0,0,2.31423853159123e-24,0,0,1.21566231871515e-07,2.71528720111657e-22,9.40232620900307e-22,0,0,1.72100733059012e-22,4.70696406165471e-05,3.04253818663688e-23,0,0,0,8.55650184598484e-08,4.47740250470616e-23,8.55650184598485e-08
"TCGA-L9-A7SV","TCGA-LUAD",0,0,0,2.07756094971795e-23,3.15909559208871e-06,7.29321420990146e-23,0,1.40363325694736e-22,1.44442388553188e-06,1.76895090080764e-23,0,9.32992628442222e-23,0,0,0,0,0,5.59204976184265e-23,8.56515399096531e-23,1.25479363505476e-22,3.77240233370603e-22,2.86868854835401e-22,0,2.49842742717699e-23,1.06593277557362e-21,0,0,0,0,1.32264492582152e-23,0,0,1.01635148946231e-22,9.13154662520778e-24,1.26949662343619e-08,7.99918745153639e-24,5.74357734425529e-24,3.91662644208266e-25,9.48635703905852e-07,0,0,0,1.36425579705051e-05,0,0,5.2393803158579e-10,0,1.21389208336015e-22,0,3.84530979870191e-07,2.20881909029965e-06,5.73347152590073e-23,0,1.15281329697188e-07,0,0,8.22993059255967e-25,5.57306301388573e-24,0,1.68817144338309e-05,2.32111579802133e-24,9.31020125689096e-23,2.81172100660343e-23,2.96354650420662e-22,8.46331082290846e-09,7.2158650447211e-22,8.46331082290918e-09
"TCGA-MP-A4TH","TCGA-LUAD",1.32113774446375e-22,0,9.87331194377803e-23,4.62952173579705e-08,5.53255009606409e-06,0,0,4.09418238929307e-22,2.3901947387591e-06,5.06425924950087e-06,0,0,0,0,0,0,5.13809121985943e-07,5.25502171181418e-25,5.0102828433473e-24,0,1.7046504610791e-22,5.26287737865033e-22,2.37503293449966e-22,0,0,2.16798425730835e-22,1.97221383919342e-22,3.76925002686399e-07,0,0,1.2971948869929e-23,1.77105487219454e-22,0,3.19310507759615e-27,1.27418821910129e-07,0,0,3.01959783767948e-23,3.4630573847309e-09,2.7965414064906e-22,0,8.38478666293578e-23,0,5.40317887713988e-23,3.42159942766423e-22,0,0,9.8316879568569e-23,8.66045754456732e-22,0,1.93392671216385e-22,1.45190411297279e-23,3.04686914297617e-21,4.23271381307143e-07,3.51241072246468e-23,1.4568973689505e-21,7.58692342892669e-24,0,1.1287147545782e-21,3.51609104406333e-05,3.26100118213087e-22,0,7.62889253905687e-23,0,1.15809359512068e-07,8.52325230539549e-23,1.15809359512068e-07
"TCGA-73-4662","TCGA-LUAD",0,0,0,6.29015814759086e-08,4.17853215214053e-06,4.89734923511864e-23,0,0,1.85112396474907e-06,4.61957529218602e-06,6.82445958909624e-23,0,0,0,0,0,3.64494719368893e-07,9.93549351534721e-23,7.32889607832571e-23,4.43115037516317e-23,3.50744340684926e-22,0,3.3557684277439e-26,0,0,0,3.08836495862052e-22,0,0,0,0,8.8568948044066e-23,3.33558974481563e-22,2.48261864118607e-24,6.22798561583706e-08,3.29433115070401e-24,6.15597732300436e-09,0,8.08257025700739e-07,5.5630098352356e-22,2.04984648286904e-22,3.61464521701684e-22,2.34926089400525e-06,2.92248622460564e-22,1.36516036777936e-22,6.68531611983626e-24,0,0,0,2.85951954865296e-07,9.85567748772386e-07,2.43055434386573e-23,1.43157825442068e-21,3.00954112024026e-07,0,0,0,0,5.15681641464203e-22,4.32895673490059e-05,0,0,0,1.54402445586289e-22,8.34542917561863e-08,1.75372170342463e-22,8.34542917561865e-08
"TCGA-44-2661","TCGA-LUAD",1.24074050192546e-22,0,6.88459485662751e-21,3.66738000818296e-27,6.24025446983041e-06,8.20318788240753e-23,0,0,8.77161572305075e-07,4.01133524255328e-06,2.42519679845434e-23,2.24529671526638e-22,6.03658193049389e-23,2.9663385972414e-22,0,5.10062358310605e-22,1.91233669640997e-07,0,0,0,0,1.68932151915834e-22,7.28389254611949e-24,0,0,6.50143352577368e-23,1.60816559918592e-22,0,2.114810727864e-25,4.70326021533264e-23,1.36493667597496e-22,0,1.56273330525643e-22,0,8.02385709895666e-09,1.38470452089292e-23,1.14262970418692e-21,0,1.45564914427891e-06,0,5.85477845385011e-24,0,9.17531227779228e-22,8.39629395519532e-23,3.01681333905757e-22,7.26759364806233e-24,0,4.36006792773605e-23,0,1.47226516004131e-22,0,7.76324240517849e-24,0,4.37155835491021e-07,4.88109851366175e-22,6.56188397856568e-22,0,1.28273230279657e-23,1.10865494409501e-21,7.15215025847903e-05,0,0,2.97260667302603e-23,0,5.3492380659714e-09,0,5.3492380659714e-09
"TCGA-MP-A4TI","TCGA-LUAD",3.78423170090299e-24,2.48702844823003e-22,0,0,7.61167895276886e-06,1.00994797507807e-22,0,2.12537533419318e-22,1.94484907420506e-06,4.58631334309609e-06,0,0,2.24804757598386e-22,1.61225766370565e-21,0,0,1.4092048323943e-07,3.7383409740978e-23,0,0,1.72042304089911e-23,3.16239465506044e-23,0,3.13826188729407e-23,6.71008462176347e-23,0,4.41878089744452e-22,0,0,8.56051920123347e-23,5.50856114681713e-24,0,8.84580401628339e-23,0,8.64089681916201e-08,6.32740551630644e-23,9.21024672556234e-08,0,9.6598032794261e-07,3.34991925325961e-22,9.91373655938276e-22,1.92915881865948e-23,2.19889076202979e-05,1.71852058363668e-22,2.95975722964184e-22,0,1.87373592847243e-25,2.0885982368257e-22,1.27025676022251e-21,3.32166053549038e-24,0,0,2.34574748132406e-21,0,0,0,2.44535521153979e-08,1.2166736281239e-24,2.35636917326575e-22,8.17619126278986e-06,0,0,1.31416947205778e-22,0,5.76059787944152e-08,1.66503960724814e-22,5.76059787944153e-08
"TCGA-55-8302","TCGA-LUAD",2.50343626168491e-24,0,0,1.78550585196065e-23,3.51431196382232e-06,0,0,1.40307813154989e-22,8.46074719386483e-07,1.34906485211197e-06,0,0,0,4.45257686266455e-22,0,0,6.34502766083279e-08,0,0,0,0,0,0,0,1.9560926224961e-22,0,5.78012989647661e-22,0,0,0,3.10741799485798e-23,1.05431958404966e-23,4.12835240089016e-23,1.81410989527723e-23,1.5774331231956e-08,1.72277004655614e-24,1.73878169848697e-21,0,1.01641890507933e-06,0,9.42944027210742e-23,0,7.28030500308763e-06,0,2.02217577442893e-23,3.13109253186129e-25,0,1.36843722745007e-22,0,2.55357069884739e-07,1.7051470394575e-06,8.35602193711916e-24,0,1.1450537745498e-07,0,0,2.18966833521593e-24,0,1.79693394156098e-22,2.25328305095586e-05,1.47150670865086e-23,4.36385231462269e-24,8.78939986556886e-23,1.28399907807372e-22,1.05162208213042e-08,9.7804631124805e-23,1.05162208213043e-08
"TCGA-93-7347","TCGA-LUAD",1.66161847332921e-22,7.8716923696556e-23,0,1.08360523183472e-07,1.8384893294772e-06,1.24082686080255e-23,0,1.0610047015046e-23,2.1634960210179e-06,5.79177730951165e-06,0,0,3.2133800377846e-24,0,6.27343927730965e-08,0,3.02840641181958e-07,0,1.56272543904966e-23,1.01597527127429e-23,0,0,0,0,0,2.27771801196281e-22,0,1.73609266702572e-07,0,6.53313931148955e-25,0,1.84718065409045e-23,0,1.27044345211292e-08,1.31750405703084e-08,0,1.5007180762268e-22,2.66326446393909e-27,1.20884206036075e-06,0,1.9944002156555e-22,1.10058777772292e-22,0,2.08202311174207e-23,1.82126855520227e-22,7.95482460728934e-24,0,3.07921650252054e-23,2.62184890080834e-22,0,1.97326665637972e-06,0,2.69828878867218e-21,2.75151404809488e-07,0,1.05503058959543e-21,0,1.0075489359843e-23,0,4.18289948875216e-05,8.76764816827742e-24,6.81876035825629e-23,0,4.68089888255974e-22,8.10237091691872e-08,3.9358461848278e-23,8.10237091691872e-08
"TCGA-MP-A5C7","TCGA-LUAD",0,3.29741243324476e-22,7.10968651074363e-21,1.0404886843072e-22,3.63579736946607e-06,2.3046980548914e-22,1.43033739447187e-22,1.83806100338295e-22,1.24820182314059e-06,9.24469420095545e-08,1.97383450406435e-22,8.09968745581976e-23,4.4240750302678e-22,0,2.06877953312417e-23,0,1.78969467105514e-24,0,8.04865922517433e-23,0,1.62939149515321e-22,2.26416422236689e-22,4.47410456163468e-22,0,6.41326612689125e-22,7.80760633531765e-22,1.04297567009868e-21,0,4.77800474542436e-24,0,1.11128716320039e-22,0,0,2.87962646048993e-24,0,3.33221838690235e-24,5.60904412223809e-22,0,1.2443376971874e-06,0,3.42785709754627e-22,0,5.92751178395907e-21,7.66008302865554e-23,1.27947238993487e-22,0,0,4.9130035918689e-23,1.80468052470468e-21,0,8.63169020841817e-22,0,0,1.53784090590516e-07,0,1.88279473206013e-21,0,0,4.10259595040311e-22,6.18091563484024e-05,0,2.52278795106333e-22,1.36874479887116e-24,0,1.86124302396126e-21,5.67003502764461e-22,2.42824652672572e-21
"TCGA-55-6969","TCGA-LUAD",8.9663184388082e-23,4.65701075448207e-23,8.66724996901982e-22,1.91199616907331e-07,1.0646674320877e-06,0,0,0,5.48862691622455e-07,4.69719588886969e-06,9.00893976366938e-24,0,0,0,0,3.26336951818168e-22,4.44301440274606e-07,0,5.21890297804572e-23,0,0,5.52752672224838e-23,4.27676793708627e-23,3.55192927073987e-23,0,4.26774230185495e-23,0,8.93398011676699e-23,0,1.92902577221692e-23,8.75073477247405e-24,5.50121354413256e-23,1.01072513859457e-22,0,0,1.92453268607833e-26,1.44235184917841e-23,5.63146218189573e-24,7.44349113518078e-07,0,5.60156991217662e-23,0,4.19501331581934e-22,0,0,0,0,0,0,2.75782633767344e-24,1.36138307380855e-06,9.7848569984917e-24,1.4932124883815e-21,5.96327993948191e-07,0,2.71553998754671e-22,0,0,2.12436269969171e-22,5.11011065802237e-05,0,3.12276275530477e-08,0,0,1.27466411271554e-07,2.32850537724104e-23,1.27466411271554e-07
"TCGA-49-6744","TCGA-LUAD",4.74424528379179e-22,0,2.74783212115085e-22,1.63921555312705e-24,5.20226905910119e-06,0,4.19066549392082e-22,1.73317225889346e-22,9.72024246127095e-07,5.07392758819326e-06,3.90809585017904e-23,0,0,9.54323684035887e-23,7.27122235060961e-25,0,5.62177590953722e-09,1.82481399688984e-22,8.56804666525122e-23,1.25629807965542e-22,0,0,0,0,0,1.36771881567742e-21,0,4.2839810215129e-24,0,0,1.80192863166103e-22,3.26672424568194e-22,2.76579683766697e-23,1.04212055408346e-24,0,0,1.09715192539722e-21,5.40803129453513e-24,1.54409411079323e-06,1.11151288660479e-22,5.47242964068517e-22,0,0,4.07309918059757e-23,0,4.74261180421529e-09,0,1.40831542049045e-22,1.04157669401523e-22,1.71833375473458e-22,1.3117097573896e-22,5.63048284528286e-23,6.60343751210943e-21,2.17485110388871e-07,4.85676540058595e-22,2.5691006042711e-21,0,0,2.84402843593118e-21,7.93691971344002e-05,0,0,2.46355781085186e-23,9.43901171588595e-23,9.46327232996863e-22,0,9.46327232996863e-22
"TCGA-38-4632","TCGA-LUAD",6.37932783007526e-23,2.04183801580728e-23,1.26663093907957e-21,1.4463007241965e-23,6.83899675567372e-06,4.61145132778451e-23,0,0,1.67214008110092e-07,1.43876052506207e-06,5.08274954460619e-22,1.2330531812211e-25,4.75110992955441e-22,0,3.39600863170516e-24,1.68082759240743e-22,0,0,0,0,0,9.72835941242644e-22,1.45099268231468e-22,0,0,0,8.18563122692971e-22,5.05588149443052e-23,0,0,0,0,1.54630273137297e-22,0,0,0,0,0,2.40531153275288e-06,0,0,0,0,0,0,5.9170242187013e-27,0,0,0,7.69370634374958e-07,1.98413045793594e-22,1.81077828685873e-24,1.62969968616887e-21,9.75689744128214e-08,1.07815861729367e-22,3.6844467495276e-21,0,5.75715995571035e-23,0,7.32159881866922e-05,0,2.37119131061258e-22,0,0,6.58281502535154e-22,1.02091900790364e-23,6.6849069261419e-22
"TCGA-55-1592","TCGA-LUAD",0,3.19811946170874e-22,2.07243234929509e-21,1.43234157480685e-22,2.86084065635892e-06,4.39270638132853e-23,9.89616719862943e-23,0,6.68250103562633e-23,0,5.23538860130539e-23,1.23475237033795e-22,3.40014043230098e-23,4.01043546035383e-22,3.8737866711729e-24,0,0,1.07583088172506e-22,0,2.00357532939451e-22,5.81752452307373e-22,2.56878900436685e-22,0,5.93562961447673e-23,1.15518530691103e-21,0,0,5.55177596520781e-08,0,2.13693513455984e-23,0,7.80417311830229e-23,1.8254208421819e-23,4.02775196247757e-08,1.33736333043402e-24,0,0,7.02941973954207e-23,8.53542312150475e-07,5.2355708845992e-22,0,1.21255584616462e-22,5.45553658567851e-21,0,2.09568446011667e-23,1.37085224221471e-23,0,3.40518634463101e-24,3.22573763086957e-22,0,0,2.19388690220836e-23,0,1.21619957378741e-07,0,7.51400228305481e-22,3.93150068366238e-25,2.42222708736314e-25,8.37738035420105e-22,5.10113392446862e-05,8.7761115423844e-23,0,9.39182941919893e-23,2.01171043113376e-22,7.5286924789044e-22,1.02837485269464e-21,1.78124410058508e-21
"TCGA-55-8204","TCGA-LUAD",0,4.54655019219055e-22,0,9.42728310550332e-23,5.03945883768261e-06,8.44104411428545e-23,0,0,2.12195687495826e-07,2.5899744804344e-07,7.72264724684823e-23,1.63674889312637e-22,0,0,0,0,3.888319142807e-24,2.52966614017486e-23,3.57809039448162e-22,3.01968222129343e-22,0,4.603914483539e-22,3.16637619109874e-23,0,1.10633029972528e-21,0,1.15281700143431e-21,1.32458160100889e-22,0,0,0,0,8.38007465179318e-23,0,0,0,1.69360648854916e-22,0,1.44129321792005e-06,2.1303361619429e-22,0,3.8936831611664e-23,0,0,7.48028270939475e-23,5.33670268430351e-24,0,2.00011969408501e-23,8.84263960830659e-23,2.06722174264102e-22,4.32272920687312e-22,2.14341888064361e-23,1.93685511229669e-21,3.4686480332404e-07,3.1937477008497e-22,1.58844240597822e-21,0,0,7.83558781750777e-22,4.73023647483548e-05,1.24403655070797e-23,1.91487155395239e-22,0,0,7.52489989249887e-22,7.80492659472166e-22,1.53298264872205e-21
"TCGA-05-4245","TCGA-LUAD",0,3.24937341981944e-24,0,0,4.05921411185312e-06,0,6.28356086917903e-23,0,7.84886378417962e-24,1.5791406615525e-06,0,0,6.96414071236411e-23,0,0,1.13559596266339e-22,1.80473650423914e-25,0,0,0,2.52489767269087e-22,0,7.12880853587735e-23,5.99885157231848e-23,1.33352336289476e-21,0,0,0,0,0,2.708582463e-23,0,0,0,2.1577146307724e-23,0,2.12110007481567e-08,0,1.3270570655735e-06,3.12089999198911e-23,2.92979042682588e-22,6.83052981867522e-23,1.05228115293323e-05,1.07047827225448e-23,0,0,0,0,0,7.34035837268846e-09,5.73671164008777e-06,5.44165011027136e-23,4.55590035169032e-22,1.41222356925269e-08,0,0,6.15215713864943e-09,0,0,2.28380605042315e-05,1.06762007268962e-22,0,8.88671903322776e-23,0,2.09704125993541e-22,7.94631251791832e-22,1.00433537778537e-21
"TCGA-93-A4JQ","TCGA-LUAD",0,3.95405352771187e-23,0,2.60716192811809e-07,1.31005782172517e-06,1.06199275876764e-23,0,4.994982019075e-23,2.38617927957243e-06,5.66103591397284e-06,0,0,7.95183857660462e-25,1.31414779835979e-22,4.48202662919577e-25,0,5.80294059299907e-07,0,1.64252261439844e-23,0,2.67593799840862e-22,4.06573749093743e-23,2.99140117254897e-25,5.55709297753168e-24,3.83349814220687e-22,4.8684299655775e-22,2.19249776910047e-22,0,6.08071230812195e-23,0,7.55021871410074e-24,1.74122908485168e-24,0,3.10931027590739e-24,1.08952023259365e-08,1.37731025847606e-24,4.04232248275358e-08,0,3.31143213194492e-07,0,2.80618523589195e-22,0,1.64021200342926e-06,8.21940511180681e-23,6.47327339175899e-23,0,0,5.59305079949695e-23,2.16829006982176e-22,3.19492593446341e-07,0,7.50338122398544e-24,2.21702693495066e-21,1.746681813419e-07,9.25782255069088e-23,0,0,0,0,2.98927514061623e-05,2.08832893521217e-22,2.65552952473474e-23,0,0,1.81074263425164e-07,3.45242074669334e-22,1.81074263425164e-07
"TCGA-49-4501","TCGA-LUAD",0,0,9.28349875475826e-21,1.0382512809084e-07,1.56863954482655e-06,0,0,7.85560327334975e-23,1.90307583321869e-07,2.50668889364418e-06,0,0,0,0,4.30427785797376e-08,0,1.68377828308987e-07,2.59230704817727e-24,0,0,2.87055453494202e-22,4.07229654514378e-23,3.45405978443632e-22,6.59549964212812e-23,0,0,3.64907232682592e-22,0,0,0,0,1.54163301208611e-22,7.8289624246548e-22,0,0,1.43335380850908e-25,0,7.46061198979964e-08,1.55082885002188e-06,0,3.11677882016583e-22,0,0,0,2.01774823408847e-22,0,0,4.79051908687392e-24,2.12278242983231e-22,3.58931556148478e-22,0,6.8770997772011e-24,0,1.49410603284614e-07,3.62025747068102e-23,5.72397251591206e-21,3.20507191993103e-25,3.57999306508855e-23,0,9.99802483646503e-05,0,7.27046747692457e-24,0,2.80924861304322e-22,6.92167520605604e-08,1.43527726747101e-22,6.92167520605605e-08
"TCGA-55-8094","TCGA-LUAD",0,7.8091734242393e-23,0,1.75300881926347e-23,3.41903215986451e-06,0,2.24178756153765e-22,2.73299014363843e-22,5.88973177117523e-08,0,1.44039504361578e-22,0,0,0,4.43385326836203e-23,0,0,1.2929319484017e-22,0,1.92490084638456e-22,0,1.23333998476561e-22,9.26612625557737e-21,5.40727503158438e-25,1.29212878912824e-21,1.5520451200131e-22,1.01933764461674e-21,2.48064512582909e-22,4.9485691141854e-24,0,0,0,0,0,0,0,8.25764892734935e-23,0,9.47251680165353e-07,5.37025264436402e-23,0,0,0,6.70478835066353e-22,0,0,0,4.3958699910856e-23,6.43161132247447e-22,5.65994748061504e-07,0,1.77160313661338e-23,4.24824735004042e-21,7.22568971942371e-08,0,1.95767189138757e-21,1.11227575172594e-23,0,0,5.51210152380944e-05,0,0,8.17605859272778e-23,2.06620766784828e-22,8.62515345219864e-22,6.85110261685314e-22,1.54762560690518e-21
"TCGA-69-7760","TCGA-LUAD",0,0,9.58577275111171e-22,1.93160362093717e-23,1.46617978420444e-06,0,0,3.49792733695303e-23,2.3838339875359e-07,0,0,5.45150143413622e-23,1.46969307473238e-22,2.80298097393822e-22,6.65407230273255e-24,0,6.85489860107926e-24,1.93644925697318e-23,0,7.29512339181172e-23,6.99737170621381e-23,0,0,0,0,0,1.07206982036349e-21,1.81218697230534e-22,2.10617856693389e-23,0,1.98135512039405e-22,0,0,2.06505753567414e-24,0,0,0,1.4601727436015e-23,1.70833953503349e-06,0,0,2.5184318192941e-23,4.63806429122643e-22,0,0,0,0,0,0,0,1.02634723610554e-07,1.28824699031647e-23,0,5.96091079499424e-08,0,1.20481998226241e-21,1.38872808725319e-25,5.15818322373086e-24,4.92203418728305e-22,7.60456085001914e-05,5.23745834478206e-23,0,4.62957992354182e-23,0,1.21174371892254e-22,3.49868585310691e-23,1.56161230423323e-22
"TCGA-MN-A4N4","TCGA-LUAD",3.56236067858185e-23,0,0,0,4.3263387300816e-06,4.15055523851123e-24,0,2.91041898765781e-22,2.73325783518794e-07,1.42303622552483e-22,6.17826618866573e-23,1.33412356409654e-22,0,8.56238345072533e-22,0,6.29435089923042e-22,5.25485954204119e-24,0,0,0,0,3.26738969404546e-22,0,1.55513496655795e-23,0,0,1.26928284787127e-21,4.54745137223555e-23,0,2.40278151265181e-23,0,0,0,6.73008144048461e-24,1.82519819711056e-25,8.1733283680434e-24,1.4121681331444e-07,2.12205195032089e-23,9.82677363947742e-07,4.58528973216084e-22,0,6.07527409828179e-23,2.17914794694388e-05,2.08514215027578e-23,5.13646201614547e-23,3.86762196237184e-24,0,3.80503216778663e-23,6.14759974572959e-23,4.52092602942245e-24,0,2.96657739510641e-24,0,1.36242584698707e-07,1.06862552120471e-22,3.23265617274657e-22,0,1.63450341348337e-24,0,2.3365894556494e-05,0,8.19252912796147e-24,0,0,5.67268042356569e-22,0,5.67268042356569e-22
"TCGA-64-5779","TCGA-LUAD",0,1.16045871375865e-22,6.31891119257141e-22,1.00349721713557e-07,2.91325750749005e-06,1.14887377155506e-23,8.09956916299901e-22,1.98461826915895e-23,1.5116450813861e-06,3.71215106695883e-06,0,0,0,0,1.92831454316479e-23,0,1.49418402808756e-07,1.43449584975261e-23,0,0,3.52095505972576e-22,1.3032496599472e-22,0,0,4.84103780292466e-22,8.95325794826334e-22,3.56389895685029e-22,3.55165288970756e-23,3.33733158804576e-24,8.07010785464298e-24,0,0,0,1.02995782295605e-23,0,5.29101437445077e-24,1.91911796713872e-21,2.86501020635266e-25,3.22906857806081e-07,0,0,0,0,0,0,0,0,0,0,1.25053886276759e-22,0,1.23422686086185e-23,4.19517687645982e-21,5.39120854937248e-07,0,1.5874146952406e-21,1.32181432085638e-08,6.67936939255378e-26,0,5.24849563300737e-05,0,8.67464035259915e-23,0,2.27779199121432e-22,6.68998144757049e-08,4.76122578820453e-22,6.68998144757054e-08
"TCGA-44-6146","TCGA-LUAD",0,1.90077433834501e-22,5.25755592780416e-21,4.14201885550016e-22,2.04440271797585e-06,5.24836393055255e-23,1.60788569467679e-22,4.94430141593639e-23,1.63298300769614e-07,1.58329480006729e-06,0,2.33879915848706e-23,2.40031709875043e-22,4.38667895741036e-22,3.42932258053152e-24,0,0,2.68395590420656e-23,8.10757035191969e-23,0,3.1587994568762e-22,1.28321857973211e-22,1.57043480364881e-22,1.83375580198658e-23,9.17621967421987e-22,5.51822927591123e-22,6.65068541721556e-22,0,7.46036615648326e-24,8.83811888074555e-24,0,0,0,4.96247959149073e-24,0,0,5.96096394649076e-22,0,2.89333228304762e-09,0,0,5.23073192174289e-24,4.50077368410808e-21,1.32922708667882e-22,0,0,0,0,0,0,0,1.78196689061724e-23,2.8144386638927e-22,5.63298371317149e-08,5.48577517596854e-23,1.24568063805572e-21,0,0,1.37827862861067e-22,4.98956947480605e-05,0,8.77889678838612e-23,3.121676995817e-24,0,4.10236499511641e-22,7.11789673472054e-22,1.1220261729837e-21
"TCGA-50-5935","TCGA-LUAD",0,0,0,0,4.79999196950856e-06,0,3.27514898564908e-22,6.89061675213193e-24,1.52234106948551e-06,2.00674689738378e-06,3.95068076501112e-23,4.1211026313832e-22,3.03426431844591e-22,0,2.16182164854266e-23,1.39992437127645e-23,0,0,0,1.57279589240819e-22,3.78583473122975e-22,0,3.75536996302645e-22,0,1.76845703881714e-21,0,7.29687803411259e-22,0,0,0,0,0,2.97433129498436e-22,0,0,3.60181476522211e-25,0,0,2.80367113511295e-07,0,2.67208631694504e-22,0,2.96876793580276e-21,2.18313866085707e-22,2.20562807189418e-22,2.80983809116921e-26,0,0,0,0,1.01859686229705e-07,0,2.24793840236908e-21,1.25127431524004e-07,0,1.06423014725924e-21,0,1.71632072460433e-23,7.47109652353635e-22,5.72185847207559e-05,0,0,0,0,5.62326067217183e-22,1.07352025597006e-21,1.63584632318724e-21
"TCGA-55-7911","TCGA-LUAD",0,0,2.14499220712378e-21,5.78161493724209e-08,3.58230982869277e-06,0,0,1.64740062974126e-22,2.02100030970053e-06,2.81938293503805e-06,2.57691627006529e-23,0,0,0,2.50594653370865e-23,0,6.17111127889801e-08,3.89325533592885e-23,0,5.05013673598045e-23,0,1.09554788935657e-22,0,2.13491420940035e-23,1.26227210476626e-21,0,0,0,0,9.84316726612555e-24,0,6.44916466325186e-23,1.98896112511839e-22,6.94110649440399e-25,0,0,0,0,8.84054423425633e-07,0,4.6210999952141e-23,1.46043400622541e-22,1.75743415743543e-21,2.46444577138608e-22,8.07869476586803e-23,1.83313040611993e-08,9.16569630915111e-26,0,7.95919097958963e-23,0,1.76750267435768e-07,4.14984621222043e-23,0,1.53349954244123e-07,0,2.40690477775056e-21,2.22116845554243e-08,0,7.89254130509668e-22,3.95906075226915e-05,0,2.68233598399303e-25,5.74625288672122e-23,0,3.85440995816143e-08,6.31136052383128e-22,3.85440995816149e-08
"TCGA-75-6214","TCGA-LUAD",2.05788058872043e-24,6.27121503699094e-23,5.16486157452347e-21,4.32321443946866e-25,1.59537852274666e-24,1.24831571826377e-24,1.06220375009658e-22,5.28760829918666e-25,5.12598473396943e-07,1.38665246044391e-07,1.34702724955044e-08,5.62847584638131e-08,1.02697512731997e-08,0,3.90482711092679e-09,0,1.91053834546749e-08,2.72172128939146e-23,6.94938142633531e-23,8.08521377622965e-23,9.8444334167755e-23,3.32919427402181e-23,1.06087156398655e-22,4.4171555595039e-24,5.00368137492355e-22,0,0,0,0,0,5.07001582894099e-23,3.37193028854095e-23,0,0,7.34537246745965e-23,7.60872463182966e-10,1.70515386578615e-23,0,1.22156712822556e-06,1.78349958837425e-22,5.91770714529758e-23,1.61104742419352e-23,8.07682008378184e-22,2.06500866901819e-22,7.86718977895644e-23,0,0,2.03114335880741e-24,5.60661546825445e-26,0,1.45838608937738e-22,0,0,5.59936057151695e-09,9.91505270918352e-23,2.06755347052755e-21,0,6.60208654518325e-24,0,4.79754232802536e-05,1.33957432122348e-23,4.21890820657714e-08,1.1163086009128e-08,0,3.75231723092089e-08,3.30762311015009e-22,3.75231723092093e-08
"TCGA-73-4666","TCGA-LUAD",0,0,7.75301261899391e-22,2.37409322488425e-23,6.95182261235234e-06,0,1.81157407995836e-23,4.85786655931386e-22,6.07256563789709e-07,2.67234152114128e-06,1.90570123072648e-22,8.10783165160755e-23,0,1.89321623474736e-22,0,0,4.97000974584845e-24,0,0,0,3.57740308685084e-22,0,0,6.89929043453775e-23,1.01731075862785e-21,0,1.70006398853183e-21,0,1.32734222036957e-20,5.61933681770982e-23,0,0,0,6.31781431977029e-25,1.77209814091897e-25,1.72277392333975e-23,4.47638129550563e-22,1.19803839443726e-23,2.02469724043082e-06,0,2.27066962723124e-22,5.54781356851558e-22,0,4.46537050740484e-22,0,0,0,0,0,3.15222376509089e-07,0,0,0,5.71285604807626e-24,8.55593624274205e-22,3.31065779724545e-21,0,8.1351965634159e-24,0,5.34523554815532e-05,3.09603381694545e-23,0,2.54567725463355e-23,5.46896688559812e-23,5.45233384822346e-22,6.87525533656466e-22,1.23275891847881e-21
"TCGA-55-7284","TCGA-LUAD",0,2.24946076504365e-22,9.25960880479643e-22,4.73649017838313e-23,1.99080137514321e-06,0,2.39140331646468e-22,0,1.72062843118918e-07,1.77277933188137e-06,3.94806312749969e-23,3.82469234813781e-23,1.25920871158395e-22,0,0,0,0,3.98532379855053e-23,0,5.70822128267891e-23,0,5.05735687417404e-23,3.06829847540654e-22,3.14496327789549e-23,1.33342652632383e-21,0,0,4.95059584701927e-07,0,0,5.70896813023186e-24,2.52659620653966e-22,0,3.37519394208996e-08,4.93657344949281e-24,0,4.78242230502651e-23,0,1.80236006524419e-07,0,5.89162142068084e-24,0,6.34389635847976e-21,1.31103241874479e-22,3.52985456015634e-22,0,0,0,0,0,1.01311644221921e-21,9.68627120523795e-24,2.69047730464767e-21,2.92610547958616e-09,0,6.56309579201703e-23,4.47800546304629e-24,0,3.54016286119843e-22,3.99566476320279e-05,5.09100964391616e-23,0,5.30245776326213e-24,0,3.04503614905253e-22,7.79186301414099e-22,1.08368991631935e-21
"TCGA-55-7726","TCGA-LUAD",1.21119741364322e-22,2.43113521697017e-22,6.40097323953422e-21,6.31330019972559e-22,4.61213455336368e-06,1.42828920179878e-22,0,2.32185637947311e-22,0,0,1.24111274030693e-22,1.86333838041895e-22,0,6.46566508374931e-22,1.25215214708835e-24,2.37297571700137e-23,2.60589583116474e-24,2.53637864851413e-23,1.4101163294721e-22,0,4.28014614742594e-22,0,7.08801720728494e-23,0,6.95716285456794e-22,3.56502974855421e-22,0,0,1.09129843614369e-23,3.11461621296457e-23,2.26200067546748e-23,0,4.01188986281077e-22,0,0,4.37439515346663e-24,8.45429230117693e-22,0,4.25517223894166e-07,0,7.51317679038746e-23,1.1795661095959e-22,0,0,0,3.07111862844912e-25,0,0,0,4.44691747312501e-22,4.77176616610755e-23,0,0,1.28797580359637e-07,5.47748531562664e-22,3.69089562818608e-21,6.07682802038667e-26,7.92480511391616e-26,8.68146711134384e-22,7.08126133903959e-05,0,0,1.15938318504249e-21,4.38874937746936e-23,7.4998750924376e-22,6.83422210948203e-22,1.43340972019196e-21
"TCGA-67-3773","TCGA-LUAD",2.03445389319235e-22,0,5.53104169935566e-21,0,5.54998936095549e-06,1.18366275786124e-24,2.37040784108738e-22,4.59304623279964e-22,4.68247003874816e-07,2.39963911714674e-06,0,2.79990013144258e-22,3.07032425638242e-22,3.27465475019939e-22,0,0,2.51059995526822e-23,1.18047338404588e-22,0,3.7807666776826e-22,0,0,0,4.64579986214884e-24,0,0,0,1.19716290055053e-07,0,6.48487867219911e-23,1.08451914900651e-22,0,0,0,0,0,2.50192614325239e-25,0,1.50971041070183e-06,6.7702250177972e-23,0,0,7.03831018119015e-06,8.7452193827324e-23,0,0,0,0,1.02065316698845e-21,6.69876444575255e-07,0,0,0,1.44268044480779e-07,7.53364982113171e-23,7.2268234442248e-22,2.84499978552161e-23,4.68451257549923e-23,5.14072173406069e-22,5.62508806372091e-05,1.20949833491418e-23,0,0,0,1.42534964745395e-21,0,1.42534964745395e-21
"TCGA-44-6776","TCGA-LUAD",9.40128807030631e-23,2.20112789385056e-22,6.94533679055405e-21,4.26653124240643e-23,6.2495879723999e-06,1.59541941267402e-22,0,4.56805859759616e-22,7.47513689491147e-08,1.28559978543743e-22,0,2.31603593837411e-22,0,0,2.23872061769275e-23,0,2.92327544449191e-23,0,1.17544361943258e-22,1.39236254634218e-22,3.46763148824932e-22,1.07932512402415e-22,0,9.5162996333405e-23,0,0,0,9.65308030835594e-23,2.02143152936939e-23,5.02176482132545e-23,1.33428830781658e-22,0,0,0,2.06554207122782e-27,0,2.59781208372758e-22,2.19803754373381e-23,9.62029304067468e-07,0,0,2.45250369261138e-22,8.25209562581187e-22,0,0,3.60593427848114e-24,0,0,0,0,8.92274672636935e-22,0,0,3.42354148639523e-08,0,3.31912770921941e-21,0,1.15915243561695e-22,0,6.99844885561267e-05,0,0,2.64287983897911e-21,0,6.52163732399864e-22,2.83437969104994e-22,9.35601701504858e-22
"TCGA-78-7152","TCGA-LUAD",0,0,0,0,6.38816436406118e-06,1.62951804593267e-22,2.46323167026528e-22,1.9811044827333e-22,1.12382027724852e-06,3.06663797400942e-07,0,0,0,9.98925044853349e-22,0,0,2.96490780074443e-07,0,0,2.58170474355639e-22,6.44339139232399e-22,0,0,0,0,0,1.42266003164412e-22,0,0,6.39621346981097e-23,0,0,0,0,6.74795821456171e-09,0,1.61566900202002e-08,0,8.72244142589227e-07,2.49835042873869e-22,5.34271486126619e-22,0,1.67424585721496e-05,0,1.00662249797095e-22,0,5.67246907823497e-26,7.75605775142647e-23,0,8.89437281841467e-08,0,0,1.80760618293576e-21,1.100177960218e-07,3.18847069230269e-22,5.72296007460071e-22,0,5.04283824254814e-24,0,2.18478216837104e-05,0,3.08004023570067e-24,4.54622260591902e-23,0,4.49863880970852e-09,3.221695696162e-22,4.49863880970884e-09
"TCGA-75-6206","TCGA-LUAD",1.39754513682326e-22,6.31137352728484e-23,0,0,3.51974311474141e-06,6.05093497646993e-23,2.91484866112907e-22,2.42242519894561e-22,1.20634878791402e-06,2.54798185888169e-07,0,0,4.6316421299929e-22,0,0,0,4.51538237437459e-24,3.29983153632761e-23,0,1.82064520090742e-22,0,1.4840699763166e-22,2.58710704506667e-08,3.97533059989925e-23,1.99677676400362e-22,6.95748269510456e-22,1.1804504358317e-22,6.34182679665287e-08,1.66500943051611e-23,5.49220931608785e-23,0,6.40237213373297e-24,0,1.98735663627153e-24,4.06403960350023e-27,9.27241244662204e-24,1.39670316097449e-25,0,4.41421707155478e-07,5.37639696256631e-22,0,0,1.56376240794122e-06,0,0,3.51129817106445e-24,0,2.15420264589577e-22,0,6.11647684212435e-07,0,0,1.55798489868817e-21,2.48010781319438e-09,0,1.62700396219053e-21,0,0,0,5.96375252429384e-05,0,7.09724645009188e-24,4.64077884567566e-23,0,5.29693825586584e-22,1.31395705836605e-22,6.6108953142319e-22
"TCGA-73-4668","TCGA-LUAD",4.80929615214943e-23,0,0,0,1.51655598318169e-06,0,0,0,3.40231867598705e-07,5.41173171328337e-07,0,5.35658402336186e-24,2.9648908476928e-22,0,1.05873031135112e-24,0,0,0,4.90105978473168e-23,1.89171440280063e-22,4.0022049204596e-23,0,3.69660068016913e-23,2.02322169824292e-23,1.91632698275257e-21,0,4.27080217696726e-23,0,1.99482089094201e-22,0,0,0,0,0,3.32011273735164e-22,5.39272359917049e-27,0,2.8892058909425e-23,1.90402968987226e-06,0,0,7.26613282239858e-23,9.16643521857042e-23,3.16073598438227e-22,0,0,0,0,0,5.91576258848131e-07,0,0,3.51804101217763e-21,3.3917360329157e-07,0,2.18198241063652e-21,8.35329929269194e-24,6.93995987487449e-24,0,8.2669518173795e-05,3.27100702400222e-24,3.23975710383142e-24,0,6.92857056364403e-23,3.51026198692393e-22,9.78174515978585e-22,1.32920071467098e-21
"TCGA-50-5944","TCGA-LUAD",0,1.34443732152459e-22,6.92131725340134e-23,3.39901615507088e-23,3.60686553758081e-06,1.1909442846078e-22,0,1.84898632236111e-22,1.07167624071533e-07,2.16927376048479e-08,0,2.39810994497943e-22,0,1.28018742460319e-22,0,0,0,1.79472165284449e-22,1.27329763016315e-22,0,0,0,0,9.26178016830112e-23,0,0,2.67595181824227e-22,5.00673425492303e-08,2.13691472341914e-24,0,1.66194622000389e-22,0,1.1039971632205e-22,3.80141406752601e-25,1.24538840173025e-23,6.88645226309096e-24,1.03186802204069e-21,0,6.33859297737129e-07,0,4.62690608757605e-23,1.59031842305164e-22,0,1.59335957664878e-22,0,0,0,1.90624730533275e-23,1.39322548170853e-21,1.03280563178994e-22,4.48402807219296e-22,0,6.84372730594597e-21,2.37893807987077e-29,0,2.26656484736495e-22,0,0,0,8.46876909312902e-05,0,3.47199330601597e-22,8.33855958764371e-23,0,1.28647379195979e-21,6.72218660762297e-23,1.35369565803602e-21
"TCGA-69-7980","TCGA-LUAD",0,0,0,0,3.69258493776857e-06,9.59489950928814e-23,0,0,1.03204491583996e-06,2.2346888440863e-06,0,0,0,3.7500811923666e-22,0,0,3.43975177497389e-23,8.01910528936574e-24,0,0,6.75055310049008e-22,1.70542606292015e-22,1.85718153642246e-22,2.43969836980995e-24,0,0,0,0,0,3.32069809372289e-23,0,1.66739170049841e-22,0,9.19790887027455e-25,6.07354782678126e-23,0,0,7.64843889034809e-24,9.62694140465579e-07,4.10077369240527e-22,0,6.80833243950478e-23,0,6.44766793824611e-23,2.8738385208143e-22,0,0,5.43307916149229e-22,1.16815897808384e-21,3.10942533349364e-22,0,0,4.18787809495158e-21,2.09464823195353e-08,0,3.84964156546402e-22,4.19300372385904e-26,0,1.19779255969711e-22,6.07014276995945e-05,5.72560928860164e-23,0,1.02637594529095e-22,0,1.40632276589516e-21,3.37527655024504e-22,1.74385042091966e-21
"TCGA-44-2665","TCGA-LUAD",0,0,1.16191376426132e-20,1.60269845724441e-23,1.01594137848138e-06,0,2.30202659452069e-23,0,6.33093932222564e-08,3.03833609479528e-06,7.22784476298412e-25,2.76970000380422e-23,4.86032001079854e-23,1.82713825568501e-23,7.23961042486592e-08,1.82314748409086e-23,3.44121888678698e-08,0,2.05103057370718e-22,1.33991152519198e-22,0,3.19787894389254e-23,0,0,0,7.5620559595797e-23,1.54185177336669e-22,0,2.62929722179588e-23,1.37678143387178e-24,0,0,0,9.46107195950744e-24,7.67125224853322e-23,0,0,0,8.47092372139688e-07,0,8.0573666450409e-23,0,2.74789080034434e-21,0,6.13341035766519e-22,0,0,0,0,0,0,0,0,4.4417554218903e-08,8.23404472459674e-23,1.28614623298974e-21,0,0,0,0.00010739304312848,1.41556613790214e-23,0,3.32408900737191e-23,0,2.44653410336234e-22,0,2.44653410336234e-22
"TCGA-55-8096","TCGA-LUAD",0,3.89884546801742e-23,9.80723405606494e-23,7.07385369809471e-08,1.70072531470221e-06,1.12730409956334e-23,0,0,3.74734551290079e-07,1.89177412857206e-07,8.2616498821498e-24,0,0,0,1.5777407809271e-24,0,1.85924732144838e-07,4.78516400261054e-24,0,0,2.03232776166657e-22,0,2.61957619125808e-22,0,0,0,0,5.3601640666843e-23,0,6.73235891100995e-24,0,1.7869845581264e-22,1.63212867414051e-22,2.14503823884046e-08,0,2.09820717966116e-26,0,4.42076101590569e-23,1.16569653585769e-06,0,1.93357869050394e-22,6.37045159680261e-23,0,0,2.65556969147002e-22,0,0,0,0,0,1.33456851157439e-22,0,3.94208998613779e-21,2.52564432625263e-07,0,1.90781148232838e-21,4.86627988036552e-25,1.19681976126792e-24,0,6.38595151925309e-05,8.04140024047403e-23,0,0,0,4.7159024653965e-08,1.21110615423415e-22,4.71590246539651e-08
"TCGA-L9-A50W","TCGA-LUAD",0,1.02102479667107e-22,4.49683284979064e-22,0,9.01672728753123e-07,8.29406963462715e-24,1.66797903237219e-22,0,2.39414731548339e-06,2.34735766286008e-06,0,0,0,0,1.83021993824676e-08,0,1.59290576023791e-07,4.9220668707033e-23,4.02910492101094e-24,4.46035260388057e-23,7.75411365374212e-23,0,3.68092451821645e-24,0,8.02759558004937e-23,5.1209975165909e-23,2.627989919325e-22,3.39491038641797e-08,0,0,7.5249447802735e-23,0,0,4.85139850923021e-25,4.40825428469213e-08,1.96005482617489e-28,1.29929204491877e-23,1.78275283353688e-23,1.38543169534091e-06,0,0,0,1.2739640268385e-05,0,0,2.21867403397531e-23,0,0,8.81899468993105e-24,3.77738149666411e-07,5.38827866308322e-06,5.61874056120907e-24,6.71308424002641e-22,2.24728741860806e-07,0,0,0,0,9.54330270427193e-23,1.6126226252902e-05,0,3.78490779636772e-25,0,0,2.93883618979476e-08,1.29959786002511e-22,2.93883618979477e-08
"TCGA-55-6980","TCGA-LUAD",0,0,0,7.17754128162692e-23,4.37033619300267e-06,0,0,3.42385387289481e-22,1.25598604019037e-06,4.0772326745066e-06,1.63844420307309e-22,1.43391759145455e-22,0,0,1.24716195492805e-24,0,6.65469763727546e-24,3.90239471455637e-23,0,0,4.07676720327017e-22,0,0,5.21698092982661e-23,6.56490090533402e-22,7.37603626824386e-22,0,2.61413790260749e-07,0,0,0,1.45475337258129e-22,0,0,0,1.58522093176976e-23,4.84402646964154e-08,7.71308361900608e-23,2.88505851623679e-07,6.53085862740357e-22,0,0,6.47788194591646e-23,5.87887292484158e-22,0,1.89913199536478e-23,0,0,0,8.90711493222249e-08,0,2.40646016043696e-24,1.67155613477213e-21,4.635375244254e-27,0,0,1.44688646227198e-23,0,6.02185744458564e-22,5.1368240891303e-05,0,1.33779533142754e-23,4.27838343160666e-23,0,4.68685264339557e-22,5.32083405430209e-22,1.00076866976977e-21
"TCGA-86-8673","TCGA-LUAD",0,1.48347634347536e-22,0,2.20000003393011e-23,5.71423723125964e-06,8.20669957577796e-23,3.36931568913466e-23,4.41082052648274e-22,1.91355867224279e-07,3.09150324932929e-23,0,0,0,0,0,0,0,1.02813978425897e-22,0,9.1825627280068e-23,0,4.8165510468341e-23,0,0,1.23085394434405e-21,6.85630461808117e-22,0,2.46822907952037e-22,0,0,0,8.03418763039941e-24,1.1147024461604e-22,4.16387523140892e-23,0,0,0,0,9.27605443928778e-08,0,6.45809133231157e-22,5.8633023032791e-22,2.14423029782171e-05,0,1.8996192129422e-22,0,0,0,0,7.13094394806852e-07,4.24975700081251e-22,0,0,2.52813185472636e-07,6.93523279178595e-22,0,0,0,5.99367808707986e-22,3.70244363297998e-05,0,0,4.50731406177969e-23,0,8.37944341065027e-22,6.89600789345792e-22,1.52754513041082e-21
"TCGA-67-6215","TCGA-LUAD",0,0,1.18686620727956e-21,0,1.95616692267614e-06,0,1.04318080410082e-23,8.91287620405673e-24,7.06673299929036e-07,9.9224128506809e-07,4.04017172174323e-24,2.37016583469783e-23,8.86817564701705e-23,0,8.5332022491003e-09,0,4.3792651942437e-24,1.37392318629959e-22,1.61597895964232e-22,0,1.305639687086e-24,1.05333946447078e-22,2.22320456133219e-22,0,0,3.93890789356835e-22,0,6.96838122718249e-23,0,1.57688023561885e-24,0,0,0,0,0,9.16195253168208e-25,7.46061493886018e-22,0,1.33509341137117e-06,0,0,3.42730850064378e-23,0,0,4.14353178213524e-22,0,0,3.60127428010651e-22,3.80264480667611e-22,1.0584727771985e-22,2.02215511890756e-22,0,0,2.58625976899674e-08,0,3.23851650481401e-21,1.77425532742727e-27,0,0,5.19350770622853e-05,2.72802051342246e-23,7.58608601039135e-23,0,0,5.8556025978425e-22,6.52819843543001e-25,5.86213079627793e-22
"TCGA-50-5941","TCGA-LUAD",1.51261368534242e-22,0,0,6.31041725950688e-08,5.29002468209171e-06,1.09599374237385e-22,0,3.42613909971631e-23,5.94760273132239e-07,5.22165380716522e-06,0,2.19494108281897e-22,2.65116925235347e-22,0,2.21998570642552e-24,0,3.2225671465463e-07,0,0,0,0,6.07660067457328e-22,0,1.28328524703587e-22,2.68730878844458e-21,4.44160257310286e-22,6.73268000787077e-22,0,0,0,1.08805569721029e-23,7.84519045182235e-23,0,0,4.387270873114e-08,1.16645695449239e-23,3.30445875138726e-22,1.81987720072949e-26,1.1021257629004e-06,0,0,0,3.02060845928777e-22,0,8.67290303133678e-22,0,0,7.58572190314383e-23,0,9.61238688974102e-08,0,0,2.91109008282532e-21,2.57622200538241e-07,0,1.72525727308648e-21,8.52907734101298e-10,8.60650853296354e-24,0,5.91686386868014e-05,5.75628088315405e-23,0,0,3.74008140401643e-22,7.13179208841399e-08,1.34365439422229e-21,7.13179208841412e-08
"TCGA-64-1679","TCGA-LUAD",0,0,0,1.47734148403996e-22,7.30280959959021e-07,1.99497551424879e-23,4.79006474369124e-23,5.18439578906014e-23,2.02280190846125e-07,4.01830698109518e-07,0,1.75689496701513e-23,0,1.46853362763731e-22,3.81824242668297e-08,0,3.93785156376249e-08,0,1.42847082855402e-23,1.01770497984665e-22,5.04608990078958e-23,0,7.36641584704112e-23,0,0,0,0,1.26838799427334e-22,8.43136143900262e-25,0,5.7509070198712e-23,0,0,0,0,7.6551477495777e-26,2.67139519060782e-22,1.86923934582004e-24,2.94350961983798e-07,0,2.99984049000394e-22,0,2.87100074996033e-23,4.09711281880363e-22,1.5344312489446e-22,0,0,0,0,0,7.3297216566665e-07,1.17057244232222e-24,3.36677308417897e-21,6.97672537810378e-08,0,2.70905301130241e-21,1.21759761432864e-25,0,0,7.69137676477011e-05,0,1.05845294826119e-23,5.73609928432681e-24,9.39685534689041e-23,4.12601068633205e-22,2.52304495039479e-23,4.37831518137153e-22
"TCGA-55-7913","TCGA-LUAD",1.17299632009301e-22,0,2.50972329914481e-21,5.53976087882121e-23,4.17636318461585e-06,4.71540668915662e-23,0,0,8.97766056389903e-07,1.63197165659785e-22,1.61174699409329e-23,7.62998507314107e-23,0,2.29168483764304e-22,4.50706494285285e-23,0,0,4.57543731685057e-23,0,0,1.67485623691688e-22,0,3.91049432918865e-23,4.23533257962289e-23,1.4282147353813e-21,8.38552668095952e-23,0,0,1.5943722129574e-23,0,0,2.77467047926939e-22,5.14996614106572e-23,0,3.48934509145159e-24,0,5.27534346722582e-23,0,1.39241287219498e-06,0,2.03543863001026e-22,4.42400054092221e-23,2.58426041961025e-22,0,3.10498772399853e-22,1.50465654552683e-24,0,2.28661250869908e-21,1.3842380351245e-21,0,7.2612728546992e-22,0,0,1.32268319076856e-07,2.63518452361408e-22,3.58883691101011e-21,0,3.60309272883435e-24,1.63954353622159e-21,5.21441782624123e-05,0,1.49159543095787e-21,0,0,2.85803217290842e-21,7.97850179536496e-22,3.65588235244491e-21
"TCGA-49-4510","TCGA-LUAD",4.1037440049134e-22,0,0,0,4.11590701806907e-06,3.91084111499681e-23,0,1.55759003835258e-22,3.64882648562209e-07,8.51892469252427e-25,2.01269060277411e-22,0,1.02624148703146e-22,2.121587926279e-22,0,1.09884813376758e-23,5.99637941656954e-23,0,0,2.49267811497242e-23,0,0,4.07792856132667e-21,1.1617267499578e-22,0,0,8.41375125281223e-23,3.84710090713436e-08,0,4.71682015286862e-23,0,0,3.58984248393741e-23,8.78551808915182e-25,0,0,1.87920295420698e-22,2.28375122628433e-23,1.16882472365097e-06,5.72184161754597e-22,0,2.30962681355383e-22,0,0,6.86040756132988e-23,1.27953897476088e-23,0,1.46859523322144e-24,0,0,1.02625215167577e-07,1.3039849297849e-22,2.04574890037104e-21,3.28230550999801e-07,5.99141169514236e-22,6.27400262709977e-22,0,0,0,5.44108657615114e-05,6.42007032145235e-24,0,1.04638079523133e-23,1.80245875889261e-22,1.21436253478802e-22,0,1.21436253478802e-22
"TCGA-49-4506","TCGA-LUAD",4.02413259684694e-23,9.14242086308625e-23,6.66410961047686e-21,0,6.10531807773404e-06,0,2.26593546011225e-22,2.07022426691133e-22,1.80238130921513e-07,2.66089084815592e-06,6.47370790584652e-24,3.82815067984184e-22,3.31134806380916e-22,2.11032551138518e-22,8.7987702776984e-23,0,3.94054147108568e-25,0,0,0,0,8.71206935214305e-22,8.82289458976312e-25,0,1.76066642477124e-22,2.37157431842914e-21,8.67834908281933e-22,0,0,0,0,0,0,9.865179262794e-25,0,0,1.00998317739603e-22,1.16927757233419e-24,1.38676756493011e-06,5.22608514251234e-22,0,0,2.66316015706796e-07,2.73416067886526e-23,3.19130664654149e-22,0,0,2.19134299429141e-23,7.69645350759732e-22,1.4801447335865e-06,0,0,0,4.33529439795733e-07,0,2.89823018409979e-21,1.11421733457787e-22,9.84090334897354e-24,0,7.73296660466124e-05,0,0,0,0,1.50173547372818e-21,1.33745425553993e-22,1.63548089928217e-21
"TCGA-86-8674","TCGA-LUAD",1.21100362266844e-22,2.36082082815915e-23,4.35968056521737e-21,0,3.22687113536849e-06,0,1.01779237241626e-22,0,1.55639643890843e-07,0,1.83636366212179e-22,0,2.30419691359729e-22,0,0,0,1.77615778794691e-23,1.43242690567386e-22,0,0,1.87324150663109e-23,2.77787137584095e-22,0,6.64681669273948e-23,1.17212145204341e-22,7.24933181708232e-22,2.01306963251443e-22,2.16679208443075e-22,9.57633588849721e-25,5.67951800532231e-24,0,1.81797708318171e-23,1.01852885865526e-22,3.35616864842218e-23,4.26728519436077e-23,0,1.41667168186721e-23,0,7.72070487134653e-07,0,7.95332261235309e-23,0,1.47672146261856e-05,2.6319000139516e-23,4.53511149968618e-22,0,0,0,6.21597365147609e-23,7.21191406144498e-07,0,0,0,2.82609388350598e-07,0,1.9682742837029e-21,0,0,0,3.4159397314816e-05,0,0,0,0,3.20221815331874e-22,7.97763842761218e-23,3.99998199607996e-22
"TCGA-49-AAR9","TCGA-LUAD",0,0,1.0914781287614e-21,0,1.5510239042774e-06,2.89013785973356e-23,2.96917099351573e-23,0,4.45398186079004e-07,1.46521346916793e-23,0,0,0,0,4.43998333894368e-24,2.83010423891947e-22,2.56576268542756e-24,8.72449831200495e-24,7.81681100317071e-23,0,2.23069139697204e-22,0,7.00153980553133e-08,0,1.73295858140675e-21,0,6.75324772647051e-23,0,0,1.53451144667576e-23,5.59458411867457e-23,6.22198175480965e-24,4.32145243381051e-22,5.63147676988603e-24,5.93022170144809e-23,7.0008655052503e-24,0,1.5874803974685e-23,4.23856148257301e-07,5.36158753500224e-22,0,0,4.09858654712839e-06,0,2.71694224022634e-22,0,0,1.92075979048e-24,0,1.20440992604355e-06,0,3.21053288417777e-23,0,2.51622591818984e-09,2.28205064412779e-22,2.84467104054875e-21,0,8.22231658506829e-24,2.5578464139425e-23,5.44418769718863e-05,0,0,3.82899207622607e-23,8.04355129119195e-23,4.49633057065137e-23,9.78013860551978e-22,1.02297716625849e-21
"TCGA-49-6745","TCGA-LUAD",3.78837595148919e-22,2.25287370576165e-22,5.51932997317709e-21,0,6.90004318881597e-06,0,2.4572374378043e-22,0,2.33780200994761e-07,7.32937447825682e-07,2.31159985469866e-22,0,0,2.60347366167791e-22,0,0,1.27312281883e-23,0,2.50649094508066e-22,5.51118225858397e-23,8.51031262602626e-23,0,9.42968450218722e-23,3.77049222757431e-22,0,8.66498791939078e-22,1.38486990699651e-21,3.7221819954264e-23,0,0,7.62104538752535e-23,0,0,0,5.06142521759729e-27,5.75456023762616e-23,1.68544598122328e-21,3.1364332132311e-23,8.70365713151428e-07,0,9.2930414896096e-22,1.19814268970389e-22,2.67971247199347e-21,0,0,0,0,1.29629013904541e-23,0,0,0,8.0023135868891e-23,0,7.32620157355134e-24,0,1.38301713729149e-21,0,3.21627948789249e-23,3.18106990688276e-22,6.27367785616573e-05,1.05697253830001e-23,0,3.14340536440247e-23,0,6.64922622908314e-22,1.55195248418214e-22,8.20117871326528e-22
"TCGA-86-8671","TCGA-LUAD",0,5.0769849557258e-23,0,8.61615703002837e-27,7.09569813589491e-06,0,0,0,2.09755527557383e-06,5.34985632335491e-06,0,0,1.44313124998345e-22,4.35386078533362e-23,0,1.65891289494252e-21,3.94240682950157e-07,0,0,2.50600335450589e-23,4.33473122850199e-22,0,6.15691659105304e-23,0,3.11337048957649e-06,8.21391479194253e-22,2.91746069994639e-08,3.17340023165715e-07,0,8.72138686296877e-25,1.50293068756129e-23,0,0,0,1.59316683348045e-07,0,1.43902063951402e-07,0,4.07932020185591e-08,1.87925537500171e-22,0,0,1.71494265517291e-05,0,0,1.2326504509416e-23,0,0,7.01004658031073e-22,0,0,3.94310059571998e-23,1.74180539684002e-06,2.22991853451912e-07,4.56404594169639e-23,6.02346917729038e-22,3.23923815241223e-24,0,0,0,0,5.00396071090201e-23,1.85688165425542e-22,0,1.0621112223203e-07,1.55668524478825e-06,1.66289636702028e-06
"TCGA-05-4384","TCGA-LUAD",1.02220864886102e-22,0,4.31692837700289e-21,4.27945413944061e-23,5.27987696415728e-06,0,1.72079168221588e-22,0,4.38641469097434e-07,4.5258450373277e-23,0,0,0,0,1.43198183970712e-23,0,4.30438812847151e-23,0,1.38476000859905e-22,5.76117468411733e-23,9.05378786740494e-23,1.33676385076629e-22,0,0,5.56574708418199e-22,0,0,4.71344080848956e-08,0,2.72913343810267e-23,0,0,1.00778261341605e-22,9.18596319462013e-28,2.14476067143749e-24,1.23195117250056e-23,2.4408122197559e-22,6.20929309941457e-23,2.43623654282585e-07,0,0,0,0,0,0,0,0,0,0,1.17475846082687e-22,0,0,0,0,0,2.57085496110058e-21,0,5.58030594130931e-23,3.73384390420183e-22,5.69434676939239e-05,0,4.74576706219028e-22,0,2.50424817420354e-22,1.57484955989097e-22,3.23556293546124e-22,4.81041249535221e-22
"TCGA-69-7764","TCGA-LUAD",2.87463759355122e-23,7.0786877770276e-23,0,2.80875677525736e-23,4.60494467278815e-06,0,8.28435250876833e-22,3.50958630190797e-22,2.00160684371718e-06,4.14799579022513e-06,0,5.368634751231e-23,0,5.20599850364033e-22,2.72781719528276e-23,3.18054037381278e-22,0,0,0,0,3.27926300223105e-22,0,1.62568907725998e-20,1.03787810907371e-22,1.01433838652291e-21,0,7.05747052444384e-22,1.30192572487458e-07,0,0,4.31772151143515e-23,0,0,0,3.87359334503331e-08,1.33848801145016e-23,4.94299543337971e-23,7.63026045689188e-24,5.61594246154134e-07,0,1.68610614229621e-22,5.02592792226991e-22,3.85485981857567e-22,3.28143524983753e-22,1.63643309694395e-22,2.22712869836598e-26,0,7.77784395943959e-23,0,2.91596233035068e-07,0,2.53847466414111e-23,1.99837039072939e-21,1.96450610414354e-07,0,1.20841452233709e-21,8.676246907145e-24,0,0,4.1509810248501e-05,0,0,5.48423533027814e-23,0,2.58239556335558e-08,7.06525782258147e-22,2.58239556335566e-08
"TCGA-44-3919","TCGA-LUAD",3.53677828058696e-22,0,2.36702121352328e-22,1.32948187872865e-07,1.9850411430745e-06,1.03315911501348e-23,0,1.38853366598611e-22,1.14978657748045e-06,4.42589975105159e-06,1.26515789665312e-23,0,0,1.51318944918859e-22,3.49513236292133e-08,0,3.37144439946285e-07,2.42825782133607e-23,5.3640974439367e-23,0,0,0,1.95111568139894e-22,1.65767493858983e-23,6.41808044499282e-22,2.60698966636698e-22,2.17373811708548e-23,0,2.52984851258381e-24,7.42356633275305e-25,4.46204478990379e-23,1.52353691649542e-22,0,0,1.00161671361057e-24,0,0,3.6602840909273e-24,9.30188059851607e-07,0,0,0,0,8.54618136784484e-24,0,0,0,0,0,0,2.86402591398837e-06,9.52761659411817e-24,3.84826074516894e-21,2.72324915766101e-07,6.42666950676328e-23,2.66255508905462e-22,1.49083508598246e-25,4.03295407840776e-24,0,4.92009774058521e-05,7.25908765145655e-23,0,0,0,8.8632125248577e-08,3.20904022249641e-22,8.86321252485773e-08
"TCGA-MP-A4TF","TCGA-LUAD",8.81573577432886e-23,0,3.03416108784691e-21,8.87158976115396e-25,1.37395540370352e-06,0,1.80455376450228e-22,8.01469260250811e-23,4.69869884940697e-07,1.72906464710728e-08,0,0,1.09397274959129e-22,0,0,0,2.34578514099384e-24,0,0,1.65614340239551e-22,4.23721969904181e-22,2.99212263949066e-23,1.67774105993917e-08,3.80058130292259e-23,1.7752489747784e-21,2.88669546874335e-22,6.70271814731307e-22,1.38663889828519e-22,0,0,0,0,1.14305303188921e-22,0,0,0,4.75090568241551e-22,0,1.00288956085192e-06,0,1.39393752402894e-22,7.56014563492144e-23,2.19639559638289e-22,0,2.33073663513587e-22,5.73420289787263e-24,0,1.48018410603951e-23,0,1.23327803165271e-06,0,2.84542604170621e-23,0,3.98765357254221e-07,0,3.34283014784719e-21,6.25441331686021e-23,0,0,6.42667520908355e-05,7.73393234056161e-23,0,0,3.92270851969198e-23,2.87176830065962e-22,1.09948547234129e-21,1.38666230240725e-21
"TCGA-L9-A444","TCGA-LUAD",0,0,9.62945427606782e-24,0,6.93501801056777e-06,7.6273855902813e-23,5.34579582357469e-22,5.44933478139497e-22,2.35352570239765e-06,4.23399529305199e-06,1.42404072548383e-25,1.56062189654451e-22,0,0,8.45157988000417e-23,0,1.94858937488487e-07,0,0,0,0,0,3.00712313873012e-23,0,1.16317823125289e-21,0,2.6620668146762e-22,1.40284421331202e-23,0,7.05596062320615e-24,1.44438243659109e-22,7.44951419248742e-23,2.61506813661294e-22,0,4.89462866661865e-08,0,4.72134922892871e-08,0,0,0,5.87130560752124e-22,0,2.78345894446052e-05,8.36940074308513e-24,2.16324385755382e-22,6.43019862215428e-25,0,0,2.27462106915899e-21,3.53410440184564e-24,8.38825754179359e-22,0,1.67207333316401e-21,4.30864248293488e-07,0,0,6.73384445715033e-09,5.34751567527867e-24,2.39292571812158e-22,7.74446070425303e-07,1.59828070393302e-22,0,0,0,3.26308577774601e-08,5.81589115626446e-22,3.26308577774607e-08
"TCGA-95-8039","TCGA-LUAD",0,0,1.10381885051702e-21,0,2.00258602439137e-06,1.88984914066652e-23,0,0,1.3221121452872e-06,5.35273250107251e-06,2.3538681758613e-23,1.31195671992464e-22,3.2811067277751e-23,2.98215974822499e-23,6.17285673580055e-08,0,1.6137661785636e-07,0,0,0,6.47750481210225e-23,2.00253568215011e-22,1.23365125587677e-22,6.7060260141554e-24,0,0,0,1.05867215547413e-23,0,0,0,0,0,0,0,0,3.96042361412974e-22,0,2.21653895107311e-06,0,0,0,3.52556337894213e-22,0,0,0,0,6.0456732259487e-23,0,0,0,0,4.36666428463893e-21,6.97165745334363e-08,0,1.400954126168e-21,0,0,5.49251617306125e-22,5.39623384814263e-05,1.56451753179301e-23,0,0,0,2.61270648311308e-22,3.23875240605112e-23,2.93658172371819e-22
"TCGA-44-7669","TCGA-LUAD",3.34730401160747e-22,3.6486789760402e-23,4.56425051391322e-22,0,4.58973321293869e-06,2.32260883098264e-23,0,0,6.58051531969139e-07,5.26799762463619e-07,0,0,1.59657505049695e-22,8.15141132423666e-23,3.37679259804842e-23,0,9.47397767726454e-08,0,0,2.05800116060561e-22,1.10543306038784e-22,0,2.95035556539422e-22,6.3885723315452e-23,7.62766069425239e-22,0,4.84504699453547e-22,2.20491784876825e-23,0,0,2.36166297628004e-23,0,0,0,1.49476669299079e-08,0,0,0,1.07448127949473e-06,0,3.57656683527084e-22,3.14963998119699e-22,3.2239041359736e-21,0,1.54355667062487e-22,5.2790295725357e-27,4.9977696194318e-27,0,8.74514846540906e-22,0,0,4.2013257517315e-23,0,6.28084366130225e-08,3.63981633554344e-22,1.01729617242833e-21,0,0,0,3.35336836389235e-05,0,7.24217141125178e-24,0,0,9.96511128660619e-09,4.54898082612213e-22,9.96511128660665e-09
"TCGA-50-5068","TCGA-LUAD",1.90716943075594e-22,0,5.94751556124267e-21,0,5.86913586154265e-06,3.13624509882282e-22,4.18406111597686e-22,1.42187721962844e-22,5.53411274228343e-07,2.51197427291704e-06,1.54078729322919e-24,3.314561998079e-22,0,1.62935261903895e-22,1.02382791702671e-23,0,6.4120138176292e-08,0,1.97449440166226e-22,0,0,0,1.79575522985712e-21,1.35655318598951e-22,0,0,8.26790033742663e-22,1.39343281430019e-23,0,4.36048482486431e-23,0,0,1.94604039946264e-22,0,0,2.88646541315328e-23,0,1.67594043333993e-25,1.88520689355322e-06,0,0,5.9648569675583e-23,1.25983955496743e-22,4.9414548349567e-22,0,2.1501811567866e-27,0,2.03724935226849e-22,0,4.13650505411315e-07,0,2.04038217874655e-23,0,3.18952177436498e-07,4.23503264731074e-22,1.03552128146467e-21,3.081721031459e-24,0,0,6.08582726093131e-05,0,3.13401200880884e-23,1.16881643604746e-23,2.65506648668127e-22,4.51579237998395e-22,0,4.51579237998395e-22
"TCGA-05-4402","TCGA-LUAD",0,5.94326669246304e-22,7.38190578682866e-21,1.91879872518531e-08,1.56855772455808e-06,5.97991465023483e-24,6.79422928804519e-24,0,5.52549274673851e-26,6.02100442274933e-07,0,2.85670393327256e-24,1.09679739372879e-22,0,0,0,9.6376883798494e-08,2.0595377033432e-23,6.24162849608055e-23,0,3.62655588259628e-22,5.76069888869632e-23,0,0,6.5927220076404e-22,0,7.15281605338673e-22,0,0,1.95487464187107e-23,0,3.60258702271074e-22,3.95609371908669e-23,1.65059225249142e-25,1.16240163788764e-22,2.00540731576093e-24,8.77848612809959e-22,0,5.91474191185001e-07,0,7.26285751061426e-22,0,8.24701172148784e-21,0,1.42181945772397e-22,1.90074878968034e-24,0,6.65361375388454e-22,0,0,1.42659772440562e-06,1.09911176642252e-23,0,1.85658558128921e-07,0,1.5879011972784e-21,0,3.9737776453605e-23,0,6.99957701244004e-05,0,0,3.15796565514969e-23,0,1.27919915012367e-08,8.08127229134986e-22,1.27919915012375e-08
"TCGA-75-6205","TCGA-LUAD",0,1.29091243323176e-22,1.07885091444132e-21,1.44667984767676e-08,5.4209829131817e-06,5.8996723723448e-23,0,0,1.30488443576112e-06,4.63646286654295e-06,1.56552285573275e-22,1.87804855104965e-22,1.87571785823675e-22,0,4.34973226029439e-24,0,1.66144611552906e-07,6.80483773074078e-23,0,1.17732722438998e-22,1.91380690530643e-22,3.20119507201656e-22,0,6.43001587086494e-23,4.2062180572108e-22,0,0,1.01356309930026e-07,0,0,3.66699245214374e-24,5.37132081936305e-24,0,0,1.26161026680124e-07,1.69845073629216e-23,8.48639363969937e-08,1.91032915025715e-24,1.40554878673105e-06,1.20916817916191e-21,0,0,1.33226774241758e-05,0,3.43748023971161e-23,3.14575626919346e-09,0,0,2.19946794252331e-21,6.78644667027362e-08,1.26592110310674e-22,4.71047174886849e-23,0,8.66955546268683e-08,0,0,4.96188021407792e-09,0,0,2.31465976137672e-05,8.76338948184958e-23,6.56751898908589e-24,2.52147165392745e-22,0,9.37518834379296e-08,3.70546869787449e-22,9.37518834379299e-08
"TCGA-05-4425","TCGA-LUAD",3.47524309726824e-22,1.15865269730983e-22,5.52056946020564e-21,0,3.30165864703014e-06,8.92532053501433e-23,3.54790652895147e-22,0,4.80336769547187e-07,3.05190180564132e-06,0,1.23745732812245e-22,0,7.25411677456741e-22,1.17314756655989e-08,0,0,1.05359432266884e-23,1.69864901354601e-22,9.67481539219904e-23,0,0,2.94650469727141e-08,0,0,7.32887205870413e-22,1.01317645916909e-21,0,6.85798626747394e-23,4.78426211578182e-24,3.69736521876126e-23,1.66971659898713e-23,1.61721686771151e-22,0,0,2.2963669229937e-24,0,1.44986551641121e-24,8.10803779110044e-07,0,0,1.23856265375387e-22,4.67094226348499e-06,4.98367173816704e-22,0,0,1.53243378918112e-24,1.22014913841584e-23,0,1.15534541852254e-06,0,0,0,4.2445801876804e-08,5.18109149115787e-22,2.18656008721395e-21,5.4370074491943e-23,0,7.07778090506547e-22,6.02399247123895e-05,6.33811441254405e-23,0,6.20248387026032e-23,0,1.66261696072177e-22,5.79326348654913e-23,2.24194330937668e-22
"TCGA-55-A48X","TCGA-LUAD",0,6.70466316193281e-23,2.40420410669389e-22,1.66098574594422e-07,4.17059467112432e-06,3.83486777509733e-23,0,1.10325633803491e-22,1.51308308714673e-06,4.66736770847674e-06,0,0,5.43861056958431e-24,2.34196468601223e-22,4.80858189267665e-23,0,4.88522194355223e-07,2.38962915651693e-23,1.6687350491257e-23,1.3048345052166e-22,0,0,1.21571344092714e-22,0,3.60863302009203e-23,5.00945597546558e-22,2.59305977701508e-22,3.0577676317135e-08,0,0,3.85636324077753e-23,1.45447973234102e-22,0,0,7.71783401562179e-08,2.35882994494647e-25,0,2.26380301878166e-24,3.05426544333582e-07,0,0,2.10833916999425e-22,3.15404849161484e-21,0,0,0,0,5.13730955213857e-23,0,1.05021277436558e-22,0,2.76159956711099e-23,2.46878687891847e-21,2.91515050139208e-07,3.42876999406376e-23,1.40965356451142e-21,9.58646130673424e-25,7.3922068230874e-24,3.35169767367205e-22,2.88925662459936e-05,4.00352941999437e-23,0,2.66989546235311e-23,1.71463429988348e-22,1.6218460983376e-07,5.15664809101242e-23,1.6218460983376e-07
"TCGA-55-6971","TCGA-LUAD",1.93989221768311e-22,0,0,0,7.15927330369458e-06,0,0,3.82134960871742e-22,1.85304608879604e-06,3.28219088737932e-06,0,1.98933259877912e-22,1.76421688872017e-22,6.89821809236393e-22,3.81869666299936e-23,6.65963319887324e-22,2.30069083874902e-07,6.61718479696633e-23,0,0,3.70060388827791e-22,0,0,2.71029426358264e-22,3.59289434465465e-22,8.09211082181159e-22,9.33135270308985e-22,0,0,0,0,6.31277768701404e-23,1.32481418389866e-22,0,1.30363217123816e-07,3.35950562668978e-23,0,6.9925089372059e-24,7.24863435788707e-08,0,0,0,2.74890824280673e-22,0,2.66452832805958e-22,0,0,8.25956294986554e-23,3.36876846385155e-22,1.11858957841496e-23,5.7104093047894e-22,7.7219136043979e-23,2.50842175543718e-21,4.40026200588207e-07,0,0,0,0,0,3.01227449111295e-05,3.44843152316865e-22,2.72001609398534e-23,0,1.27392373861542e-22,8.69088114158783e-08,3.64674911646628e-22,8.69088114158786e-08
"TCGA-50-6593","TCGA-LUAD",2.2360442627551e-23,0,0,3.5253722202393e-24,2.90486050709137e-06,0,0,1.50585622542435e-22,1.42625154641551e-23,7.23732940317815e-07,8.25915311335386e-23,7.7039277648176e-23,0,5.03646211208624e-22,0,0,0,0,0,2.12691600218755e-22,0,0,1.77520343823763e-08,6.41191385763403e-23,0,0,2.439895277787e-22,0,0,1.17154540711335e-24,5.03753618969911e-23,3.89886966556876e-23,2.05028104539585e-22,5.11761082906687e-25,8.45923912423371e-24,0,6.72236154866738e-09,0,9.1893281052816e-07,5.79080243275866e-22,0,0,1.45147194066316e-05,6.35867249706742e-22,4.63953135746084e-23,6.27140308752597e-25,0,0,5.26520651727302e-22,6.67851108180739e-07,0,1.25612867800462e-23,2.24845287147492e-21,0,0,6.93533726430232e-22,1.09269209566904e-23,2.21277554414755e-23,0,5.02205293167956e-05,1.32472701137989e-22,2.76810015857172e-23,0,4.83185725144054e-23,6.78540306757886e-22,0,6.78540306757886e-22
"TCGA-55-7995","TCGA-LUAD",0,4.91363693862155e-23,8.23630843765577e-22,3.11268156259996e-23,6.30003468841878e-06,6.38208035300628e-23,7.08203907819084e-22,0,1.53017557722372e-06,2.29579426085264e-06,0,3.1972773012762e-23,0,1.58243752396621e-21,0,0,2.88047398023048e-07,0,0,0,0,0,0,0,1.05462908054437e-21,0,4.63484734760397e-22,3.77829488070987e-23,4.02124377981221e-20,0,0,1.13157692124295e-23,8.30301530738936e-23,0,8.91456771149167e-09,1.09953798942828e-23,2.11680423750731e-23,3.81090744757691e-24,1.68095628237076e-07,6.1999887384859e-22,0,0,0,8.03631621070713e-23,0,1.09287091447946e-24,1.27150518389511e-26,0,1.67777738992386e-21,1.02276163385634e-21,1.68220697537648e-22,6.24996321133353e-23,4.55322711385725e-23,7.76261622945353e-09,0,0,0,1.16061224299658e-23,0,3.40522358026292e-05,1.6203601965227e-22,0,1.23387492788807e-23,0,5.94304514099562e-09,5.51882724965294e-22,5.94304514099617e-09
"TCGA-64-1680","TCGA-LUAD",0,5.49321196560276e-23,6.50833512092025e-21,0,5.02486506555322e-06,0,5.90509754752718e-22,0,3.2507175827234e-07,1.88491244644388e-22,0,0,5.95205775388377e-23,1.23264449710117e-22,5.13556925093607e-24,0,0,3.31841903659048e-22,0,3.66195732089024e-22,0,5.43341039408224e-22,1.18053701076408e-20,4.01164912856245e-23,0,7.01197354499382e-22,1.60094332945004e-21,0,0,2.20916654014909e-24,9.46611756461062e-23,6.15145886576931e-23,0,0,0,1.62667624371773e-24,6.81224362686328e-22,1.33223411633638e-23,1.78849984936593e-06,0,4.10371599897707e-22,0,0,3.09074393714899e-22,8.73824096916404e-23,0,0,0,0,0,0,0,0,1.69789633616881e-07,0,3.29461990145716e-21,9.10910710942414e-25,0,0,7.19708423717071e-05,0,1.71092963366861e-21,0,1.54135081061861e-22,9.20948640035099e-22,2.74660598280138e-23,9.48414699863113e-22
"TCGA-99-AA5R","TCGA-LUAD",0,6.74675518572368e-25,1.026802430826e-21,0,6.34758294761534e-06,3.07401132124026e-24,0,0,2.31981979950653e-06,3.95467676060175e-06,0,0,0,6.89012371030805e-22,1.93062652462089e-23,9.30432723365683e-22,2.96232033979836e-07,1.97992768858912e-23,2.20670320811426e-24,1.42943923535357e-22,0,4.36440155310521e-22,0,0,3.69221410646338e-06,0,0,5.02418867152573e-07,0,0,0,5.63714391287021e-24,2.6626919921001e-22,2.42185118670459e-25,1.07723769030569e-07,0,1.34838707554368e-07,0,7.205256513646e-08,9.7233054892425e-23,1.13702640248999e-21,0,9.16196334080477e-06,7.34207928208548e-23,1.14297396608541e-22,9.45937595799713e-24,0,0,0,0,2.49480136898378e-22,0,1.97359200158364e-22,1.6422406302448e-07,0,2.57399089073243e-22,1.81787439448624e-23,0,0,1.42764728524081e-05,5.47817662509346e-23,2.39984873191e-23,0,0,7.18158460203807e-08,1.84610705323169e-06,1.91792289925207e-06
"TCGA-91-6840","TCGA-LUAD",0,1.60691391888768e-22,5.54462886656264e-21,0,2.07447453126933e-06,4.40160390285887e-23,2.23262770124911e-22,0,1.06817555441553e-06,0,3.37870778604199e-23,4.41412662286963e-23,0,3.86321295331148e-23,1.10068200333624e-23,2.50079888238368e-22,3.5225706364744e-24,1.39023620757236e-22,0,0,0,1.56497608176449e-22,0,0,8.75296869784445e-22,4.78337171683937e-22,0,3.95715581429307e-07,7.84668123625779e-24,0,7.23532343209755e-23,1.28762942213862e-22,0,9.91508367876717e-25,0,0,2.84490191153118e-22,1.16879506859851e-23,1.11276514380165e-06,0,0,0,0,0,0,0,0,1.55717840568339e-23,0,1.89713596243273e-22,2.23159716793439e-22,0,0,1.64783770227941e-07,5.45686648980448e-22,2.55163455516684e-21,4.41918601268934e-24,0,0,4.69096318621006e-05,9.36698971410691e-24,0,1.1686925176765e-22,0,2.2998240045056e-22,5.17994130836607e-22,7.47976531287167e-22
"TCGA-69-7974","TCGA-LUAD",0,0,0,0,5.13233076262618e-06,0,3.70733172049099e-22,2.08926699989996e-22,9.13134892799014e-07,1.02793880184065e-06,4.31028050698802e-23,3.17423525019569e-22,0,1.01736822796948e-21,1.31816343442436e-23,0,0,0,0,0,0,2.26946981859694e-22,3.09477690213159e-23,9.81627299286639e-23,7.4952815225811e-22,0,7.83811525144344e-22,0,0,0,0,5.81869012651592e-23,2.72195765266157e-23,1.58718150904955e-26,1.23970605165571e-07,0,0,4.9157111296231e-23,5.48393810788594e-07,0,7.0969448490767e-22,0,1.63809770381596e-22,1.7424154674717e-22,0,1.82953320023156e-08,7.27142546853442e-27,0,0,2.00808262896706e-23,1.61003967229954e-06,0,1.23726648983199e-21,1.26899706671209e-08,1.40355692772919e-22,4.84971368563905e-23,2.56648308160476e-27,0,2.06772544182937e-22,3.65905340882186e-05,0,0,2.6301868890442e-23,0,8.26470701103819e-08,3.74764076129055e-22,8.26470701103823e-08
"TCGA-55-8513","TCGA-LUAD",0,0,4.69912948224967e-22,1.18604687408001e-22,7.54477549337908e-06,1.69641159468029e-23,0,0,9.1843859496198e-07,8.0614693143701e-07,0,5.12972782165583e-22,1.35309473009764e-21,4.61386210417979e-22,4.50828454424464e-24,0,1.67509257693308e-07,1.69281743728033e-22,1.86092405665683e-22,3.89871854723611e-23,1.50651375173948e-22,0,1.96329375083924e-22,0,0,2.17171531782151e-22,5.40809358159193e-22,3.93054260999942e-07,4.07683664007038e-27,9.04600630945321e-23,0,6.12095252903129e-23,0,2.16460893577482e-08,3.81437213374012e-08,2.05307510151555e-23,0,1.98695832661239e-23,0,0,0,0,0,0,9.30738945729241e-23,3.13906338202425e-24,0,2.26980526202596e-23,1.6422537325476e-21,3.07100298572373e-22,2.62217675698452e-21,1.96671754054707e-23,4.53848050944094e-21,1.02290267347369e-07,4.81545656665368e-22,1.99864878717691e-21,1.52503835911336e-24,0,0,3.04083989650689e-05,7.56020367662096e-23,1.1474905850105e-22,4.84603537166989e-23,0,2.54291475582691e-08,7.53256875869741e-23,2.54291475582692e-08
"TCGA-97-A4M2","TCGA-LUAD",0,1.81539476149136e-25,6.07899366325025e-22,0,6.39984174336771e-06,2.40472091614622e-23,0,1.92293763716327e-22,1.88366384305881e-06,2.97792825846101e-06,0,1.72617800936659e-22,2.73546542088917e-22,0,3.1002502471234e-23,8.89468042439998e-22,2.7925403134025e-07,0,0,5.23849739485339e-23,2.74135279932438e-22,9.43640514873185e-23,2.79055603838504e-23,2.10602420061544e-22,4.64742997806175e-07,0,0,0,0,1.09140129306453e-22,5.78403975005065e-23,0,0,1.35924727469571e-08,1.66735532794024e-07,0,1.09187907539873e-07,3.62386396393409e-24,7.85151392392429e-07,0,1.5980266700998e-21,5.34210427383248e-22,9.47703201922197e-06,7.94974512252301e-24,3.39069017572229e-23,0,0,0,2.34656067439084e-21,1.29244556843391e-23,3.70195216843549e-22,0,2.54491026545245e-24,1.97879600913077e-07,3.57422606543516e-22,3.53836465175689e-22,6.05414740270746e-25,0,0,1.52565479779052e-05,5.85012016239174e-23,4.31822729803911e-23,0,3.62575073449325e-22,1.11157021862686e-07,2.32371498903088e-07,3.43528520765773e-07
"TCGA-49-4490","TCGA-LUAD",9.29288764965571e-23,1.7794690940927e-22,8.69862713655659e-22,3.28129160012371e-23,2.24607214786339e-06,0,0,0,5.74006193205349e-07,4.04120535819981e-23,8.17565883592133e-23,2.6292351732665e-22,0,0,1.00271436826754e-23,0,4.22335918809565e-25,0,6.87852244035627e-23,1.88256849088173e-22,3.40400662009172e-24,3.80807071198718e-22,0,2.91592235959268e-23,0,0,5.38142881852881e-22,1.55785085085393e-23,0,5.9945246751365e-24,0,3.34826209573047e-23,0,0,0,0,2.41812367770219e-08,0,9.40010790628071e-07,2.24948002943156e-22,0,2.10305945754211e-23,4.99581397918726e-06,1.05009625196685e-22,2.20992549981792e-23,0,0,4.94964748170624e-25,0,1.95625984637236e-07,2.07097679845532e-06,0,1.50860216953307e-21,0,0,0,3.50975059030117e-24,0,0,3.5843015014648e-05,0,2.22985012264703e-23,0,6.37583277273572e-23,5.99185292880169e-22,9.0675458014681e-23,6.8986075089485e-22
"TCGA-86-8668","TCGA-LUAD",0,0,0,1.21786742050088e-07,1.29407671998644e-06,2.77022549818111e-23,3.67260111062135e-22,3.99492816014285e-23,1.91904545468414e-06,1.55663991491821e-06,0,0,4.8394164728787e-23,0,9.72681230026944e-09,0,3.8384035614999e-07,1.24963724154948e-23,5.75290265071493e-23,0,0,0,2.76582319557759e-08,0,7.94864723592652e-22,0,0,0,0,8.48638874901145e-27,4.31460190482905e-23,0,4.90881724911291e-22,0,1.96131214621405e-27,0,8.4875503716769e-08,0,2.01994915453634e-07,5.88833223482811e-22,1.27073899269717e-23,0,9.70899988284103e-06,0,3.01714915047596e-22,0,0,5.17969587771732e-23,0,5.04965149943815e-07,2.76821768345941e-22,2.1913976054912e-25,2.17529778369298e-21,3.10606450868228e-07,1.94208607748475e-23,1.04637235288516e-21,2.20220330088638e-23,0,1.93187045479632e-22,4.39871420577677e-05,0,1.40651055825137e-23,3.19197072104853e-23,2.40973675626864e-23,8.11911613667252e-08,3.97432361796326e-22,8.11911613667256e-08
"TCGA-97-8176","TCGA-LUAD",0,2.85040672249632e-22,5.34983038140683e-21,0,7.29265557719476e-06,0,1.16938061920683e-21,0,1.32961084159627e-23,0,0,1.05338138688132e-22,0,0,0,0,0,0,2.69309246645122e-22,1.56789096381857e-22,0,0,1.7488323469271e-18,0,1.31496994103061e-22,0,9.88551466189884e-22,2.45945656177882e-22,0,1.04557370189454e-22,3.17547871582557e-23,2.0997343209175e-21,0,0,0,2.6895251556442e-24,0,6.56326202400638e-23,1.01981234645691e-06,9.09767784652708e-22,1.13913271595433e-21,1.2604601125486e-22,1.05453669175566e-07,0,2.26225403986719e-22,1.5142973755793e-24,0,0,9.96138196399021e-22,8.25987610658027e-07,0,0,0,0,7.42955054321626e-22,3.07323803231565e-21,4.69886450959055e-23,0,0,6.21082834027787e-05,1.99464289837729e-22,0,0,0,2.99808831222723e-21,2.08268833176347e-22,3.20635714540357e-21
"TCGA-91-6847","TCGA-LUAD",2.11446704107386e-22,0,4.57006823664321e-22,0,4.39053274278423e-06,2.09149560991966e-24,1.99346505671993e-22,0,0,0,1.15979500050791e-22,1.39936339810574e-23,2.49688631753744e-22,0,1.78404384813559e-23,0,0,0,0,0,0,1.29348295777968e-22,6.82524983709916e-22,1.68495556896357e-22,1.04759724847269e-21,3.37002797292181e-22,0,4.62544420226354e-23,0,0,9.40856495137406e-23,3.18744501033951e-22,0,1.84982172941863e-24,2.14727770627193e-26,1.02710484091247e-24,6.82963517855088e-22,5.5856561823703e-23,1.76105934546398e-06,0,2.86311070239906e-22,1.68717634234437e-22,3.98165137710669e-21,2.13965615016051e-22,3.39667827916616e-23,0,0,0,0,1.60536493660026e-22,1.17127456442396e-06,2.46252292508227e-23,0,0,0,5.17823755738038e-22,0,0,0,3.34959047673733e-05,0,4.22766784645687e-21,0,1.66955835019858e-22,4.98945982539963e-22,5.23798624236346e-22,1.02274460677631e-21
"TCGA-55-6712","TCGA-LUAD",1.87579415114528e-22,5.61543198069557e-23,7.07256776019373e-22,1.43560209869212e-08,5.14410620476293e-06,0,7.63996221049752e-22,0,1.05658338383967e-06,3.75271022782865e-06,1.98834319145975e-24,0,1.25765527058724e-22,6.16866926609085e-22,0,0,2.47193553923471e-07,8.49954088942172e-23,3.05637679994919e-24,0,1.9762120837367e-22,0,6.49389129108334e-21,0,1.10521867883083e-22,0,4.79911319092111e-22,7.19334929238085e-24,1.34463387412538e-25,0,0,7.66030412282403e-23,1.17045049917583e-22,0,7.0457562964857e-08,0,1.40540655422451e-22,7.62485392309304e-25,3.28182048728569e-07,0,0,0,5.00045199779132e-22,4.29714401125759e-22,0,0,0,0,0,0,0,3.35610148153437e-23,1.1746854965625e-21,9.51749086327306e-08,0,1.04374231982635e-21,6.89115896867974e-09,8.22469807169579e-24,0,4.09538933288111e-05,0,7.80482579668154e-24,1.23332827523632e-22,1.0647201980785e-22,5.65423893011855e-08,1.82148698031855e-22,5.65423893011857e-08
"TCGA-62-8398","TCGA-LUAD",7.55474131601786e-22,5.37239972170602e-23,0,7.95750747516537e-24,5.22431174599484e-06,2.11624903177007e-22,0,4.09620353850405e-22,3.44431558071176e-07,1.56851269512181e-06,1.90933101519038e-22,1.86235750787604e-22,2.37054696525837e-22,0,0,2.27701666990969e-22,1.08032680863761e-23,6.79952492041147e-24,0,5.63076780073101e-23,0,1.76381067096617e-22,0,0,1.66811563604628e-21,5.04519043138667e-22,9.69533626687016e-22,0,4.09518250839854e-23,1.76767763177891e-23,0,0,1.16188642242605e-22,3.50315981958681e-24,0,0,0,2.43388636645967e-24,2.07105393160953e-07,9.30855792844927e-23,0,4.53180929154238e-22,1.86180308597557e-06,3.90716587471376e-22,0,0,0,0,0,5.7021783124638e-07,4.39645367018686e-22,0,2.19523560866919e-21,5.96565923453316e-08,5.4427066520001e-22,1.86637422864663e-21,1.47106762603421e-24,0,5.7651134923041e-24,5.26308316777516e-05,0,4.56768497331369e-23,0,0,5.57668238144734e-22,8.6091981663167e-22,1.4185880547764e-21
"TCGA-86-A456","TCGA-LUAD",0,8.05353169813408e-23,7.63170683632586e-22,0,1.1529344588592e-06,0,0,1.30336602713338e-22,2.1248391239457e-06,3.37620380800347e-06,0,3.21681342163439e-23,1.18467010342182e-22,0,0,0,0,0,3.19020208458772e-23,0,1.54667674136075e-23,8.87137013512092e-23,8.72468554986453e-08,2.30674220580275e-24,3.17001328566446e-23,2.6195722725259e-23,0,0,0,4.47284236010143e-24,4.66370576187559e-23,0,0,5.83316491956566e-09,3.88230070486568e-08,0,7.86434568752094e-08,0,7.27536690488624e-07,9.98957270174718e-22,0,4.51434289630064e-23,1.33504679510579e-05,1.61074708419962e-22,0,1.61560747759249e-25,0,0,1.57328418874744e-22,4.56018413781878e-07,0,0,0,1.10181773141288e-07,0,0,2.58667076452627e-24,0,0,2.0279588395922e-05,0,8.37324248663024e-24,0,1.29364590196444e-22,2.58820046991048e-08,6.38511086257965e-23,2.58820046991048e-08
"TCGA-75-6211","TCGA-LUAD",0,0,0,4.32048270571888e-22,2.608796111458e-06,0,2.37491297050953e-22,6.25631232554927e-23,3.27246682568076e-07,2.48146599625302e-06,1.04024476005413e-22,3.20658649300022e-23,1.42035580043458e-23,0,0,0,8.99361230508024e-09,0,0,1.89998921950458e-22,0,0,1.29299425807613e-22,3.86754549969906e-23,1.40258411964005e-21,8.43251011782101e-22,0,0,0,0,0,2.00558291689976e-22,1.58237839591554e-22,0,1.55880066980415e-21,9.79723645821775e-27,0,2.6377801256671e-23,3.44350456339857e-07,2.57606239004825e-23,0,2.05979732209409e-24,0,0,2.06326906791831e-22,1.26823455132075e-23,6.33555745752867e-26,2.28986453980117e-23,0,0,1.72179668233585e-22,0,1.41790757222548e-21,3.24854203939078e-07,0,1.80573676729089e-21,0,3.92849578839601e-23,0,6.72401928703466e-05,2.99232982074563e-23,0,2.74141582653184e-23,0,1.66595585839999e-21,7.01292059820023e-22,2.36724791822001e-21
"TCGA-55-1596","TCGA-LUAD",7.41943752302196e-23,0,3.64438632304539e-21,6.65063917525539e-22,4.669607475638e-06,0,0,1.56216021855032e-22,4.1081880065385e-07,3.57125358737416e-07,3.11824964701038e-23,0,0,3.11222598068593e-22,5.68415073195753e-23,0,1.91786842651383e-22,0,0,4.1786044038219e-23,7.31697614950678e-23,6.51568589677991e-24,4.35219733091888e-22,0,2.00188292291987e-21,0,7.90870551380537e-22,5.93962877600835e-23,0,3.15786718728986e-23,2.98691778536634e-23,2.97170124714951e-22,2.56771184585021e-22,5.57792290917059e-25,0,0,0,0,2.276628842976e-06,0,2.38295582590164e-22,3.0078229821064e-22,8.59970476717476e-21,0,0,0,0,0,1.05232551802825e-21,0,6.80474360886471e-22,0,1.92919112951474e-21,2.34568546396883e-07,3.22685744506303e-22,0,0,1.15867264562829e-23,1.21171652628467e-21,7.1192052032824e-05,9.18111416391462e-25,3.39798122393378e-25,6.18851778921357e-23,7.60839766946989e-23,1.63824859643262e-21,1.03752634220747e-21,2.67577493864009e-21
"TCGA-86-8278","TCGA-LUAD",0,0,6.48955780957385e-22,3.49899040941502e-08,7.17804226741498e-08,0,2.41899284074358e-22,2.97187852984378e-08,7.8330923965112e-07,2.0331759621285e-06,0,1.69640285708183e-25,2.77247025561903e-08,1.85691336338451e-24,2.05854500702104e-08,7.15170654886485e-23,7.60249488432467e-08,0,5.57437182367119e-23,0,0,1.75670911474624e-23,0,0,1.76253920566041e-21,0,3.70996211054213e-22,0,1.09981956044534e-23,2.43333235055219e-23,0,1.50815186528706e-22,2.97026636002127e-23,0,8.15509559558222e-24,0,1.94830068585857e-22,0,1.16379867733062e-06,0,1.19388309183408e-22,0,5.68271077940701e-21,1.70111918501326e-22,0,2.8294294600019e-23,0,0,0,1.03144476171206e-22,1.07431086226881e-22,0,8.20342204887683e-22,3.9272933903809e-07,3.14981170224742e-22,0,0,4.16581525858874e-23,0,7.53651713715927e-05,0,3.42449121428583e-25,1.47799061253014e-23,0,4.31391262617255e-08,8.81269602830206e-22,4.31391262617264e-08
"TCGA-55-7994","TCGA-LUAD",2.36649031388473e-22,8.86068305634825e-23,1.22916810702769e-21,2.57270255678468e-08,4.85157361133273e-06,0,0,0,1.82134865408476e-06,2.03904330898212e-06,0,1.87049234455042e-22,7.6820337794122e-23,7.35526258100253e-23,1.52285955025736e-23,2.38719479129708e-22,3.35474386532191e-07,4.44520206558041e-23,1.51674075874814e-22,3.29993801193809e-24,0,0,2.15913657309726e-22,1.73677695724508e-23,1.03595607923851e-21,2.70247657912323e-22,4.16508556914249e-22,4.34284134849222e-24,0,0,6.71746701484289e-23,1.44712523643925e-23,0,0,8.84379349405474e-08,0,0,0,5.67382591973536e-07,0,0,0,0,5.46940208467539e-22,0,0,0,0,8.41598935188627e-22,0,0,2.15073608318027e-23,5.03850379158088e-22,4.59279216945714e-08,0,1.06769468129614e-21,7.68444642354433e-09,1.68752172273863e-23,0,3.38548140713924e-05,3.60754871821173e-23,1.03360957771326e-22,4.81787239591706e-23,0,7.61099736722635e-08,5.62281454900994e-22,7.61099736722641e-08
"TCGA-38-4625","TCGA-LUAD",1.40683863525595e-23,3.8541729461989e-23,4.55256633204981e-21,6.81250323811698e-24,4.93517437972951e-06,6.00865895031064e-23,0,2.36671184924489e-22,1.89656544611832e-07,5.27848438796224e-07,0,1.1196106186978e-22,4.71130781207533e-23,6.79763930021596e-23,0,0,4.41848966564185e-08,0,5.3207016071468e-24,5.5577502058497e-23,1.81787299876891e-22,0,0,0,0,3.64750510343266e-22,7.97307110141658e-22,2.12890612790191e-23,0,6.65724434678885e-23,6.49834832936118e-23,6.32302679042915e-23,2.09528563438265e-22,0,1.07734723076695e-25,0,1.17015226646117e-23,0,3.470070339403e-06,3.34903673503534e-22,0,1.86364913853245e-22,9.37534634816805e-24,2.33812120720326e-22,1.68173799346893e-22,0,0,0,0,5.87087169878193e-07,0,7.35333399851752e-24,0,1.59277902291417e-07,1.36154548277388e-23,2.14170086697119e-21,8.82162494460047e-24,3.71928462084059e-23,5.87309434218958e-22,5.80716494400426e-05,1.18487318741933e-22,0,7.74200885762836e-23,2.20958358663351e-22,3.16240169812167e-22,1.1016451466944e-22,4.26404684481607e-22
"TCGA-91-6835","TCGA-LUAD",0,0,4.24057610945176e-22,9.2142396069446e-08,5.08357429018254e-06,0,0,3.7938338560441e-22,2.28153026116318e-06,4.79806353886923e-06,5.73800406018909e-23,0,9.64535878751961e-24,4.68906449163674e-22,2.15191007837892e-23,0,4.39558549334666e-07,1.90185323423938e-24,7.02538994347488e-23,5.09605308893034e-23,4.67051219617115e-23,1.24698076291448e-22,0,6.82641090961415e-23,3.49420270194828e-22,2.8644760494842e-23,0,2.30135790895036e-07,6.04513599894085e-08,0,0,1.1881150313901e-22,2.77083223867381e-24,2.8235362009458e-08,1.38605579830489e-07,0,0,6.61127442363301e-25,2.12809057783302e-23,1.43662199535991e-22,7.6951420911174e-23,0,9.74312631944834e-22,1.06793283609117e-22,7.63372967602779e-23,0,4.73136729528869e-25,1.93506692024512e-23,3.07744918945369e-22,0,0,2.28421081662354e-23,0,0,1.88599294402882e-24,0,0,1.8273845945529e-24,2.31854601279145e-22,1.74767175037343e-05,7.09379584259078e-23,1.81829974362423e-23,7.62632290104085e-23,1.27413284627016e-22,1.53831983933291e-07,1.9806269607827e-22,1.53831983933291e-07
"TCGA-78-7149","TCGA-LUAD",1.10536443548931e-22,0,5.72656845100837e-21,1.74058016888803e-23,2.48801893541806e-06,1.0270589859867e-23,3.32399981097871e-22,2.88140307704207e-22,2.58352604737832e-08,0,4.5705329445571e-23,7.21267572804546e-23,0,0,0,1.88908883830276e-21,0,1.30625929815273e-22,2.17886787146852e-22,3.51775773251366e-22,2.47940521286105e-22,0,3.94478796062063e-08,0,0,0,1.7100508855555e-22,1.38484166190885e-07,4.30585122002483e-23,3.86273236773643e-23,0,6.43263760497561e-24,2.96460765461594e-22,0,0,0,3.98053884938855e-23,0,1.929197629418e-06,0,0,0,2.8892047859408e-06,3.8269150429258e-22,0,0,0,0,2.75807739689237e-23,8.69900538589619e-07,1.58040655603149e-07,3.40695340321442e-23,0,1.61181307167128e-07,2.58170291683486e-22,2.2620366717424e-21,7.80773124387357e-23,9.38666417206279e-24,3.89623613530761e-23,6.46592266242541e-05,0,5.32241130173397e-23,0,1.98631979466538e-22,5.08974700999205e-22,1.23970260643053e-22,6.32944961642258e-22
"TCGA-05-5715","TCGA-LUAD",5.01757302709573e-22,2.00218511482491e-22,0,0,5.15399241784929e-06,0,1.85089849898006e-22,7.386061378275e-22,0,0,0,9.20369677055505e-23,7.91035378607152e-23,0,2.14555284764328e-23,0,7.49693729123058e-23,0,4.42188216646915e-23,1.90961507310079e-22,0,0,0,0,1.71935158746117e-21,6.05414629545564e-22,0,6.42508496623471e-24,1.10383220222008e-22,0,7.56836628284329e-23,0,0,0,2.67185755661645e-23,6.37992986546182e-24,0,0,4.1120008515921e-07,2.5488135456636e-22,0,0,9.56023654064519e-06,3.14793817615806e-22,0,4.19301370965997e-24,0,0,6.50003646032858e-23,7.98212349025053e-07,0,0,0,0,7.86426537709545e-23,0,2.03055271225255e-23,0,0,5.92519592451218e-05,0,0,0,1.49174988051177e-22,7.42215702008387e-22,9.59785049471828e-22,1.70200075148022e-21
"TCGA-78-7155","TCGA-LUAD",0,0,0,3.19597828360389e-22,5.7239007956269e-06,0,2.27549966702019e-22,0,4.66811333110135e-07,4.59057218640946e-23,3.64056780307195e-23,0,0,0,3.40249061963568e-23,0,1.68709783476637e-23,2.72198379411417e-22,4.72675562258581e-25,0,0,0,7.78115799026439e-22,3.37528847266199e-22,1.6355764364887e-21,3.5620066148557e-22,0,1.1461313540826e-22,6.71190019975394e-20,0,1.91636517783003e-22,0,0,4.79493798763093e-25,1.81284866921563e-08,0,0,0,1.97072497687905e-06,0,9.00610133238829e-22,5.03497133013759e-22,2.34180039390988e-21,0,0,1.72240189824845e-25,0,0,0,3.51420147150616e-22,1.74021261992905e-06,0,1.30537552434335e-21,5.89673196526972e-08,6.23954363026574e-23,9.27303433223249e-22,0,3.98393993387461e-24,2.14515730994027e-23,4.80970040336632e-05,4.48172170817169e-23,2.56237166669818e-21,3.24653129566469e-21,0,1.20856577947717e-08,8.1778821824435e-22,1.20856577947725e-08
"TCGA-55-6981","TCGA-LUAD",1.05857001988161e-22,0,0,4.62220861242973e-24,2.88321565984902e-06,2.93367741256021e-25,0,3.09757289038536e-22,2.73626090853484e-07,4.47343423281654e-07,0,4.68809377637586e-23,1.36758379028441e-22,0,8.51611328026764e-26,0,1.47336650863417e-07,0,0,1.90159886683291e-22,0,2.69609691110598e-22,0,0,0,8.03269692099362e-22,0,0,0,0,0,0,0,0,0,5.40159072153103e-25,0,3.01952359900695e-24,1.45920808907065e-06,0,2.72657968735914e-22,1.53746357118049e-22,1.0205469326622e-06,4.4812458787386e-22,0,0,0,0,8.76119591920342e-22,6.00651861697185e-07,5.02482008783901e-22,4.12284503782715e-23,0,1.50091643070211e-07,0,0,3.66980316809186e-23,4.40311465959936e-23,0,4.84120759015888e-05,0,1.6344084463241e-23,0,1.45274519315155e-22,1.31320504924325e-21,0,1.31320504924325e-21
"TCGA-55-1594","TCGA-LUAD",4.45637077653612e-23,0,0,1.47621366960867e-08,1.89128444504477e-06,6.90186866050174e-24,0,0,6.69567360308788e-07,6.20224083535284e-07,9.53797706461658e-24,0,6.32037999774909e-23,0,0,0,1.81763569850139e-24,1.31651964157506e-23,0,1.04109662768114e-23,0,0,3.97158505141648e-23,0,1.93662841252367e-21,0,7.25675114201695e-22,0,2.79948847629369e-23,1.12193401273798e-23,2.16507015552686e-22,7.30003570578448e-23,0,0,0,0,5.1102641045534e-22,1.03639509945361e-23,9.16847480863967e-07,0,0,6.33451377733646e-23,6.39456600837049e-21,0,1.54625205955165e-22,0,0,4.71799613402332e-22,0,0,0,1.03583819150526e-24,0,3.03039417295061e-07,0,3.29438577139392e-22,1.58792441977585e-27,0,6.24332148038281e-23,6.92528396284352e-05,1.87913244445558e-23,5.12789256244718e-09,0,0,9.84142446405817e-09,9.68314206261836e-22,9.84142446405914e-09
"TCGA-38-4627","TCGA-LUAD",7.7116725188075e-22,0,0,0,3.46851411270201e-06,8.89066016078814e-24,0,4.37952700094123e-22,0,1.75462111431805e-06,5.22348911881427e-23,4.389705408509e-23,0,4.93122388123447e-22,4.49378820659521e-27,1.43040882219872e-21,0,0,0,1.09057672430927e-22,0,0,0,4.61040745355688e-23,0,0,0,1.11071825295165e-07,0,3.25297536778569e-23,0,0,0,0,5.08616569422862e-23,5.8899784424706e-24,9.93687353983988e-22,0,1.1670922403032e-06,1.26051079721599e-22,2.10511132528364e-22,0,1.40024934648072e-21,0,0,2.29075731086409e-24,0,6.45970852502164e-23,0,0,2.74700193244908e-07,0,5.28532463253143e-21,1.18642455226165e-08,3.09327281500494e-22,2.48149052129483e-21,4.76573755123684e-24,0,0,0.00010731568456341,4.98879078921853e-23,3.62636468029385e-22,5.88385377706793e-23,0,6.11251534220671e-22,0,6.11251534220671e-22
"TCGA-05-4415","TCGA-LUAD",8.43827904831917e-22,0,1.39150580494738e-21,3.17323569742052e-22,4.43864966922213e-06,0,1.16394885792978e-22,0,3.00653630203565e-07,4.84254834423167e-07,0,1.68369377886199e-22,3.36335537393126e-22,0,0,0,3.62353374037386e-24,5.13532688573015e-23,0,1.59365445605504e-22,1.79235682562711e-22,8.57361352141569e-23,0,4.71927679815848e-23,0,1.87881994044023e-21,0,0,0,9.31267565415467e-25,2.01684676960091e-22,1.12589885132234e-22,3.54700184810557e-22,0,0,0,1.09507426160246e-21,1.37718351951582e-23,1.46090862484781e-06,0,0,0,0,0,5.95556538038067e-22,0,0,0,0,0,1.73388684528542e-22,0,0,5.49355020035886e-08,0,6.25623918840444e-21,0,1.20397722198469e-23,0,7.24309652534719e-05,0,8.86889793383968e-25,1.46089638606104e-22,1.07052314355221e-22,5.62256275720097e-22,8.96178412813554e-23,6.51874117001453e-22
"TCGA-55-7283","TCGA-LUAD",2.92708319867095e-22,0,0,9.92257594305224e-23,8.05210902177539e-06,1.82218128735101e-22,1.51941480902756e-22,1.2552418457758e-22,5.86085051213521e-08,0,0,2.50739779001272e-22,0,1.82604044231035e-21,0,0,0,0,0,0,0,0,7.38670637236695e-20,0,0,0,2.59614343539889e-22,1.71408524544274e-25,0,0,1.40256101475336e-23,2.35381108952719e-22,0,3.60862135841455e-24,4.85673595877827e-08,0,6.49266357116399e-23,5.12796701715935e-23,1.63901747538511e-06,0,4.4173449110305e-22,6.92788950921292e-22,3.35764953419124e-23,4.22802864894075e-22,0,0,0,0,0,1.22943830284082e-23,5.58419141480514e-07,1.84050214856779e-22,2.78378649582275e-21,2.7103806822046e-24,4.02764142386999e-22,3.15350734392561e-22,3.79673585349286e-27,0,0,5.54260128163021e-05,1.66096912675794e-22,0,0,0,3.23782397251892e-08,0,3.23782397251892e-08
"TCGA-38-7271","TCGA-LUAD",1.51307271655671e-22,0,1.24869519467986e-21,1.45489585175185e-23,8.2323714852313e-06,2.61991857800378e-23,0,8.10772550286073e-23,6.11278653468844e-07,4.87229038222383e-06,0,1.85463309654736e-22,0,9.73521990830535e-22,0,0,3.03992042894093e-07,0,3.87868901628898e-23,3.11244700942581e-23,0,0,1.35132614798071e-23,3.45672476945492e-23,9.101844517614e-07,0,8.04474642812039e-24,3.96648200780617e-07,0,0,0,6.93423087140313e-23,5.84116898678614e-23,0,1.38867474331037e-07,0,0,2.94365718690087e-24,2.67884297712917e-07,0,0,2.7719800312539e-22,0,0,7.42497976140036e-23,5.31593064840544e-24,0,6.07094028709593e-23,3.17052077009105e-21,5.033510631848e-23,9.00124168403514e-22,0,2.98374291028655e-21,2.47459099913422e-07,6.38213853470878e-22,1.53108931652382e-21,0,2.46292618680144e-23,0,3.73180010654808e-05,1.05313852562877e-22,4.81571591719891e-24,0,3.13588247837753e-23,9.25783162206937e-08,4.550922258807e-07,5.47670542101394e-07
"TCGA-97-8171","TCGA-LUAD",5.33757201378098e-23,4.87864171052617e-23,0,0,1.93262640736641e-06,1.83422908074949e-23,0,3.22487032878194e-23,5.52617685542275e-07,1.23276453857658e-22,0,0,0,0,7.3801202807342e-24,1.7914304418816e-22,9.7297665291208e-09,0,0,1.87768546215888e-22,0,1.81172304263087e-22,1.16109080859536e-09,1.48632005177454e-22,1.03010675731016e-21,0,3.9854352800491e-22,3.98729960679325e-23,3.28002427911073e-22,1.08990787913173e-23,0,0,2.92156830291457e-23,0,4.99522618832398e-26,7.29690763999243e-25,0,0,1.79402711120729e-06,1.81184742081196e-22,1.60381056286895e-22,3.54263851817132e-23,6.94704253226329e-06,0,0,5.06305858482098e-25,0,0,0,5.47043031634763e-07,3.46450177382416e-22,1.00885142354881e-23,1.32246087811943e-21,6.44050108184243e-08,1.39319877140387e-22,1.44129813982658e-21,8.22145098863716e-24,0,0,2.48053475692919e-05,7.36022460201413e-23,2.77990567767107e-23,7.75763861706896e-23,5.34791580351574e-23,3.74413708210381e-22,5.39446587207713e-22,9.13860295418095e-22
"TCGA-55-8205","TCGA-LUAD",0,0,2.38661594439214e-21,7.22514033647609e-23,7.94615287634757e-06,1.60891317941411e-22,6.34200282631706e-23,0,4.29584438409647e-07,3.55278865634253e-06,0,2.36328589124781e-22,0,8.10504906919652e-22,0,1.59203370387611e-22,2.38456328123501e-07,0,0,8.86777150372344e-24,0,0,1.52364952752103e-24,1.92536181801694e-22,0,0,3.33791060278972e-23,3.83368361855077e-23,0,0,1.05748603120444e-22,2.03924208521229e-23,3.65946653231863e-22,0,1.14072272022158e-07,1.1403699216646e-24,0,2.35218535500781e-24,8.26467908819916e-07,0,2.11288932206039e-21,1.47507432981186e-22,0,0,8.82639084460688e-24,0,5.84926671021751e-25,0,4.69177373459418e-22,4.72290194216228e-23,0,2.74228619741877e-23,9.28401081783635e-22,0,4.91847179272698e-22,1.0582413271929e-21,0,0,0,4.13472508842515e-05,2.05460465245976e-22,2.68471641497683e-23,2.27227301012293e-22,0,7.60481813481075e-08,0,7.60481813481075e-08
"TCGA-75-5147","TCGA-LUAD",2.09489531281495e-23,0,9.96795414855874e-22,5.25355616126187e-08,1.63389823688458e-06,3.97397013687328e-24,1.06009285684834e-22,1.09200591015939e-23,2.8396998642786e-24,2.66841149784785e-06,0,0,6.01523128085196e-23,0,1.14001253945654e-25,0,6.53386883589633e-09,1.38716182172881e-22,0,0,1.91849458586155e-24,1.99981636816335e-22,0,0,0,0,6.22485588864503e-22,8.5529931272949e-23,0,0,2.65249187550295e-23,0,0,0,7.58518777708842e-25,0,0,3.21171098262833e-09,2.6173297750513e-06,0,0,0,0,0,1.27876893094993e-22,0,1.41951565219007e-21,3.83557184080479e-24,1.09070467884616e-22,5.29249858604774e-22,0,0,0,3.2618569091794e-07,8.8086470216709e-23,1.16954881059712e-21,0,0,3.22770353015991e-22,6.53967003688869e-05,6.89096476574216e-23,6.20096413678564e-25,1.69781596351059e-23,0,3.5023707741746e-08,9.59247292930777e-25,3.5023707741746e-08
"TCGA-J2-8194","TCGA-LUAD",0,0,7.84050349835583e-21,0,5.39244824564387e-06,0,2.91261960427101e-23,0,3.75704086539064e-07,0,0,3.48032166416176e-22,2.09583315261318e-22,2.81718198666324e-22,0,0,0,6.42766711210261e-23,1.12224625759257e-23,0,0,0,0,0,1.46030890793241e-21,6.77815489217318e-22,6.70973950791949e-22,0,3.67247587624053e-24,2.45607763914451e-23,1.48851987275814e-22,0,1.66996369160778e-22,0,0,1.14475736025127e-23,1.21404589503364e-21,3.37393861050154e-24,2.60083088077859e-07,8.80880467170491e-23,6.03361219683037e-22,4.46494000033283e-23,8.23671444629305e-21,5.01366842838663e-22,3.32222465859878e-22,0,0,4.12922217340028e-23,0,3.90721718839534e-22,0,0,0,2.67578266999778e-25,0,2.13295590160133e-21,2.42841542156202e-26,1.73417091309892e-24,0,7.4810300804038e-05,0,4.43733648257093e-21,0,0,6.61790405222144e-22,7.30154453966204e-22,1.39194485918835e-21
"TCGA-44-6147","TCGA-LUAD",0,0,0,9.4478247366733e-08,2.96832845125664e-06,0,1.10997366853636e-22,0,1.59415552674285e-06,2.80972063683102e-06,0,5.2472095780592e-23,6.28321140839344e-24,0,0,0,3.31492058017897e-07,0,0,0,0,1.04012726305201e-22,0,7.07661666222561e-23,0,0,0,2.15752478942758e-23,0,2.98863375348522e-23,0,1.24182850675256e-21,0,2.26259894269577e-23,0,5.48264699096906e-25,0,1.11049060702552e-26,4.37197897637336e-07,0,0,3.03813311522972e-23,0,3.11107093827855e-22,0,3.01847010185967e-24,0,0,2.43857681539071e-22,0,0,0,0,1.85303073340166e-07,4.63419841519892e-22,1.25308574168154e-21,8.81857928003339e-28,5.70696869740761e-23,4.70503826126767e-22,7.8212184625876e-05,3.55330293548146e-23,2.31406508821784e-22,0,0,6.29854982444898e-08,0,6.29854982444898e-08
"TCGA-86-8280","TCGA-LUAD",5.18241156232826e-24,0,0,5.6521237312885e-25,4.43030757000087e-06,0,5.17531887664679e-22,0,2.3328164405186e-06,3.05179957042538e-06,0,0,0,0,0,0,2.90014222754601e-07,0,0,0,4.88365765726446e-23,6.37976526513162e-23,2.12795924372808e-23,8.8032375273218e-24,8.19628383013658e-22,1.02966998691038e-21,0,4.5711176385441e-08,3.39198587490428e-25,1.37100850968922e-23,7.57493698933814e-23,1.18517149221594e-22,0,2.63877943067979e-24,0,1.77264204886935e-24,9.88037889739086e-22,1.27511242379946e-23,4.64483645922756e-07,0,3.29547288304399e-22,0,0,0,0,4.63437653791958e-23,0,0,4.15040933614592e-23,1.09353967240233e-22,1.0326805551858e-22,0,5.37646664551324e-21,2.08762490123955e-07,2.36589519798118e-22,1.02128637429181e-21,4.5128937574653e-26,0,2.7694743329045e-22,6.06002989864792e-05,0,7.18378410369168e-24,0,3.4483747136393e-22,3.69287597274599e-22,4.34232479793152e-22,8.0352007706775e-22
"TCGA-44-4112","TCGA-LUAD",3.11459185110577e-23,0,8.60164014831536e-21,0,2.10575136419082e-06,0,3.21847502792515e-23,0,2.29740651647028e-08,0,0,0,0,0,0,0,4.67715830458918e-08,0,7.50232071136209e-23,2.19766799526159e-22,3.72279599292871e-22,0,0,0,0,0,1.98457886107484e-22,0,2.772416571861e-23,0,0,5.5667091555065e-22,0,0,0,1.23184649923158e-24,0,0,9.03508492649044e-07,0,7.49266608755406e-22,1.30299741008833e-22,3.16803704718879e-21,0,1.81039419179777e-23,1.14292366005787e-24,0,0,0,2.82693154606797e-22,0,0,0,1.88314781432958e-07,0,1.43494928615892e-21,1.98859881683312e-25,0,0,9.43019769303708e-05,0,0,1.16388247855065e-26,0,1.01713621588814e-21,1.86139799646436e-22,1.20327601553458e-21
"TCGA-53-7626","TCGA-LUAD",2.69432449034245e-23,1.92842700729184e-22,7.98557265797093e-22,6.59737321959831e-22,6.58034390945052e-06,0,4.64407308661341e-24,0,1.16574299334639e-06,3.56012638142176e-06,4.39180946793533e-23,3.30175735938674e-22,1.17624038328869e-22,1.03910616019404e-21,0,0,2.89709236455456e-07,4.18579913742028e-23,0,0,0,0,0,0,0,0,0,4.61182554057721e-07,0,6.65237058743828e-23,1.08214690653699e-23,0,0,1.64140376406501e-27,1.62952636420564e-07,9.5081250103846e-25,0,4.64369769620363e-23,6.55198252457803e-07,0,0,3.20811202651654e-22,3.55523351898806e-21,1.29391018332844e-22,0,1.03410287770241e-23,0,0,8.98681397379808e-22,0,1.63814913044986e-21,6.04449498596163e-23,7.14533203732929e-22,8.94731749931935e-08,0,1.9892529010522e-21,0,1.47562929104142e-23,2.37724811193414e-22,3.5174110505343e-05,0,4.87522833873613e-23,9.8094000554824e-23,3.18874507785677e-22,1.08635090947044e-07,9.64213503645922e-23,1.08635090947044e-07
"TCGA-55-5899","TCGA-LUAD",0,0,0,3.24511865578351e-23,5.44270298846377e-06,0,0,0,1.99412147251523e-07,1.64311867364968e-23,0,0,0,0,0,0,8.2248247776375e-24,3.18532878427664e-22,0,1.26683904830169e-22,0,2.64161593013096e-22,7.08782511841767e-21,7.08100279188856e-24,1.29377143524555e-21,0,0,8.48189281743113e-23,0,6.19956321809543e-24,0,6.39125216265039e-23,0,5.35738056937314e-24,1.67988959425053e-28,1.94483081592532e-23,0,1.55544820141387e-23,2.2993217684876e-06,0,8.23353084312339e-22,1.28520387932958e-22,0,0,1.25958220451381e-22,0,0,0,6.44007195517367e-22,1.20678474371851e-23,1.53592050822276e-06,4.80033837167149e-23,0,6.74088686516566e-08,0,0,0,0,4.16106771318635e-22,4.06200064167184e-05,0,0,2.1285287161398e-24,0,1.30304643589751e-21,6.46885717622777e-22,1.94993215352029e-21
"TCGA-38-4626","TCGA-LUAD",2.94038317078348e-22,0,7.29788422194891e-22,8.7806535081336e-23,4.63617759346244e-06,5.5242550012854e-23,3.04476773873161e-23,0,1.61572299981645e-07,4.27226872454914e-07,4.91830092977716e-23,0,0,9.0379918412837e-22,1.47918284951537e-26,0,5.58730545892912e-23,0,0,0,0,0,0,1.51931796609108e-22,1.60673147566036e-21,1.30558240051572e-22,3.46788519981031e-22,1.7609809639695e-07,6.43292974494414e-25,3.40711308361661e-23,1.40445587612942e-22,0,0,3.71239684750804e-08,2.59523022849856e-08,0,1.2503439014971e-21,5.09486003963768e-23,5.16445127700999e-07,0,4.46594136889105e-22,0,0,4.51352487889198e-22,7.9544249833066e-22,0,0,0,2.50543159753392e-22,5.58953795263566e-23,7.51999861380185e-22,0,6.0054276091131e-21,0,0,1.32195811478606e-21,0,4.15853817433164e-24,0,5.86578065874685e-05,0,0,0,0,1.73015348566576e-08,8.0336573783018e-22,1.73015348566584e-08
"TCGA-05-4420","TCGA-LUAD",3.82849249470056e-22,1.27837314675934e-23,6.47016700794429e-21,0,2.6408365437072e-06,0,0,4.79537282999545e-24,2.92745906276117e-24,5.0851250697042e-07,1.22093541392547e-22,0,0,0,0,0,0,0,0,0,0,5.1445635440658e-23,5.81504619645138e-23,0,2.0716095469627e-22,0,9.23753025720256e-23,0,0,1.95924720511076e-23,9.2439682525547e-23,2.40118284080377e-22,3.31719745341671e-22,0,0,0,4.46797543032952e-22,8.92380282144405e-23,1.20041273263997e-06,4.14215485032273e-22,1.58010531243779e-22,2.23126444157035e-22,1.98219347275279e-21,4.73785122462023e-22,1.6165301029649e-22,2.92337459347856e-23,0,6.11563116774381e-21,2.64115182173742e-22,7.51672630637033e-22,1.13804689666787e-22,0,0,3.78387259586862e-07,1.59573132379238e-22,2.93993001207121e-21,0,0,0,7.5804566229913e-05,8.65256809847676e-23,0,5.66541423387986e-21,1.14423127272234e-22,4.55607744900824e-21,1.09972343081932e-22,4.66604979209017e-21
"TCGA-O1-A52J","TCGA-LUAD",0,0,3.01345204642491e-21,4.2012698787654e-23,6.43311946694754e-06,5.70393237791602e-23,0,0,1.17522731852113e-06,2.75894574597355e-06,3.18732042762978e-23,4.70392929500814e-23,0,1.04243570383956e-21,0,0,6.15173214460162e-23,0,1.45607931673463e-22,0,1.24444947274987e-22,0,0,0,0,0,6.38040751207449e-22,4.35732025436139e-23,0,1.23191622642738e-23,0,0,0,1.3857407749648e-27,2.63865313236715e-08,0,5.96671998117755e-24,3.90916681707896e-23,9.22243685850247e-07,0,1.17086473722579e-21,2.31980375355568e-22,4.70742726048478e-07,4.27716970870499e-22,1.70949930575347e-23,4.45917403582725e-24,0,0,1.55183528579275e-22,2.9793703481468e-07,0,5.36424488349784e-23,0,4.96219947030558e-24,0,1.44044265306308e-21,0,3.59536426241015e-23,9.8428736920112e-22,3.75197158283604e-05,6.90981780097039e-23,7.3384666276855e-23,3.73847434547556e-23,0,1.75910208824486e-08,6.22224736374937e-23,1.75910208824487e-08
"TCGA-78-7153","TCGA-LUAD",1.64651421936513e-22,4.86405702538318e-22,0,3.63714289031366e-22,3.20410274947132e-06,0,0,0,2.96657168153352e-07,2.55015192106009e-07,1.38889632070848e-23,0,1.5808035457209e-22,0,0,0,2.48100679736641e-24,0,0,0,2.93756740634614e-22,2.77732312393717e-22,8.01882715463722e-23,2.48124507227044e-23,1.64262608023016e-21,0,8.39233419515212e-22,3.87685741831495e-23,1.74647160100347e-23,2.84844326396111e-23,7.19125748025427e-23,2.10151262317337e-22,0,0,4.61866214135697e-22,0,0,0,1.77424661965063e-06,0,2.86288758303371e-22,0,2.1049397408009e-22,0,1.94627675613154e-22,0,0,4.28651359491871e-22,0,0,0,0,2.54397617201753e-21,2.06401219666989e-07,2.32041387494475e-22,1.93488110405576e-21,0,0,6.5188106052182e-22,6.20856860467743e-05,0,0,3.04892905455414e-23,8.48224458491212e-23,1.35226946378224e-21,1.21139426170155e-21,2.56366372548379e-21
"TCGA-73-7499","TCGA-LUAD",1.41652717996711e-23,0,1.59540846824993e-21,1.94846697013948e-23,5.15408119118166e-06,1.77853886157843e-23,9.04578368442874e-24,3.27630539328009e-22,7.23361535172496e-07,2.91846497058096e-06,0,6.50451546119214e-23,1.34786401302874e-22,6.34889364885529e-23,3.68535231713732e-23,0,7.04538728929652e-09,0,1.80690326552323e-22,0,0,0,1.7266697564612e-22,1.90007691713022e-22,0,9.21478540024398e-22,0,1.25400176240849e-22,1.62507666356357e-20,0,0,2.01984140768001e-22,0,9.38751505701976e-24,0,2.89485987300443e-23,1.5800095287187e-21,0,2.08030301888495e-06,1.47987292696675e-22,6.05877425217561e-22,1.71439876293481e-23,3.06078029791374e-21,0,3.71735785223203e-22,0,0,1.541798569563e-23,0,5.67490100779092e-23,0,0,0,3.05740905015441e-07,7.5768783265265e-22,3.19221694131017e-22,3.56798442663564e-09,3.12676406209817e-23,1.47023549961028e-21,5.53625692422188e-05,4.87539380266542e-23,2.37925673107734e-23,3.63139130655704e-23,4.76865814918196e-23,8.23626610215011e-22,0,8.23626610215011e-22
"TCGA-44-5645","TCGA-LUAD",0,0,1.29182514407911e-21,8.64870744138447e-08,3.1805016922075e-06,0,5.52780769806646e-22,1.9339133488307e-22,2.00468496444305e-06,5.33681078879713e-06,4.56390161501909e-24,0,0,0,8.22512526618515e-10,0,4.57448670148891e-07,0,0,9.63016151120743e-23,2.15823814702325e-22,6.19677113129245e-22,0,4.27023351320067e-23,0,0,6.42496428808771e-22,8.27904679893466e-09,1.28253442726629e-23,0,2.36038399415209e-23,4.828649352821e-22,0,1.77689278975825e-24,0,0,0,0,3.71718126844924e-07,0,4.2794518266687e-22,7.92516649904909e-23,0,0,0,3.81168309890415e-24,0,8.70647961266321e-23,8.26163751510387e-22,4.09653047473823e-22,0,3.23807233370893e-24,0,7.67108999299544e-08,0,1.12966410673674e-21,0,5.13533769698857e-23,3.13647463332844e-22,7.27508848265878e-05,0,0,0,0,5.76580496092316e-08,1.07911907351162e-22,5.76580496092317e-08
"TCGA-38-4629","TCGA-LUAD",0,0,5.29294771598462e-21,0,6.05758827463361e-06,2.64477407149627e-24,1.72283580713559e-22,4.13025122475865e-22,5.55521668583015e-23,1.52928948854255e-06,0,0,0,0,2.35062448926349e-23,0,0,1.0167519576759e-22,0,0,0,2.09968831622477e-22,0,0,0,0,4.32585963493479e-22,0,1.74770727643016e-22,0,0,0,1.18368912331233e-23,0,0,2.89480617313016e-23,6.1759777017219e-24,0,2.05163815609326e-06,0,6.4033062926873e-22,0,1.28159713987188e-05,2.85870788923994e-22,4.2837693454846e-23,0,0,0,0,7.4230958031587e-07,5.95265901597191e-24,0,0,3.6384613791213e-08,0,1.84155529190465e-22,0,0,0,6.26207734080514e-05,0,0,0,0,8.42216388911381e-22,0,8.42216388911381e-22
"TCGA-78-7159","TCGA-LUAD",0,0,1.98040583645189e-21,7.5330256407173e-23,3.80855097460022e-06,0,0,0,9.74347764991779e-07,5.72033349255729e-08,1.17052095009032e-22,2.77872777964397e-22,2.14766046078407e-22,2.37514518601269e-22,0,0,0,7.48329158605462e-23,8.67328418853435e-23,0,0,3.87934895786145e-22,7.69071064435187e-22,7.32173386241988e-23,2.03461825753557e-21,0,0,0,8.17367867610557e-24,4.88451207386034e-25,1.65238216705224e-23,0,0,5.5730582232986e-24,1.32052518915554e-22,6.72359586645264e-24,0,8.40088374110029e-23,4.07929326435272e-07,0,0,1.37529937874637e-22,3.70266185841116e-21,2.98560285620711e-22,1.31254805053367e-22,4.43312650683568e-25,0,6.34246097796712e-22,6.15953772713535e-22,8.15300076616604e-23,3.41138208388329e-22,0,0,4.69354457268503e-07,0,2.83301060759425e-21,1.1713553119192e-26,2.36471484947616e-23,0,6.70933610251336e-05,1.80683368728972e-23,1.4017483531658e-24,3.88001469320804e-23,3.41239685565485e-23,1.41559354638901e-21,1.01730912876779e-21,2.4329026751568e-21
"TCGA-91-7771","TCGA-LUAD",0,5.36516197936461e-22,1.7552691286358e-21,9.71499788474336e-09,3.23302339420727e-06,0,2.64612826420525e-22,1.12929042797023e-22,1.12064240060943e-06,3.88601097329468e-06,0,0,0,0,0,0,2.06681674897152e-07,9.22453940026624e-24,6.17649988074313e-23,2.69258164603583e-22,1.3472416021331e-22,0,0,5.44512098263186e-23,0,0,0,1.32456220362036e-08,0,0,5.17397227535723e-24,0,0,1.01427742067735e-25,0,0,0,0,4.27487336638673e-07,0,6.23795973372055e-23,4.0263841826111e-23,0,1.35981934534993e-22,5.18388252022472e-22,2.48894313896564e-24,0,1.81411962849606e-23,0,0,1.0625146342133e-21,0,0,2.75696952123429e-07,3.85206042705836e-22,1.50148254520272e-21,0,0,0,8.17968383659725e-05,2.4675439596317e-23,0,1.56250178394457e-23,1.18377008356426e-22,6.47666525649588e-09,3.35620179074886e-22,6.47666525649622e-09
"TCGA-55-8207","TCGA-LUAD",0,1.71404487921551e-22,7.11626201320469e-21,2.07117025113346e-23,2.08716470489775e-06,0,2.43020145795876e-22,0,1.44978969427403e-06,8.71510473029344e-07,0,1.16431914366423e-23,0,3.26109878248469e-22,4.9228588643663e-08,0,1.06208904936347e-08,0,1.13236045880953e-23,8.52482861929763e-23,6.10035776286113e-23,5.25932422561027e-23,3.88191649411189e-23,1.07601366299286e-22,0,0,4.73294262701399e-22,5.40203021886367e-08,6.82803221602451e-24,0,2.51468641064977e-23,1.18704113076241e-22,0,0,1.22628700974196e-22,5.90381152854285e-25,3.87710153591446e-22,1.25154517702057e-23,1.14404921923907e-06,0,4.9358970544496e-22,2.142528590514e-23,1.32718202536385e-21,0,6.59458971559398e-23,3.70370150241498e-25,0,1.84835948200811e-23,0,0,1.41983819839912e-21,0,0,1.76669352800777e-08,0,1.44271270438589e-21,1.45865406355728e-24,3.55605746864719e-24,2.13050520531039e-21,7.95299723379035e-05,3.64885274929154e-23,1.82849023998413e-22,0,1.4685027358452e-22,6.15735024475023e-22,1.16204032775081e-22,7.31939057250104e-22
"TCGA-MP-A4TK","TCGA-LUAD",3.68052674196173e-22,0,0,4.20415277747235e-09,3.26165862628786e-06,0,0,0,1.58226154475735e-06,3.91931592661446e-06,0,4.82211230673817e-23,1.30686786369756e-22,0,3.3323025299394e-18,0,1.84723436426008e-07,0,7.32043514641529e-23,0,0,0,1.79560112864832e-08,6.18494338645031e-23,3.63495830560922e-22,0,4.12475098276583e-22,0,0,5.46220256061604e-24,6.63461657485831e-23,0,0,0,0,0,1.27670839266748e-07,0,1.09012029372621e-06,7.97888407051249e-22,0,3.20677155256497e-22,1.44714136279994e-05,1.32165886408535e-22,1.61676399998653e-23,0,0,0,4.90905793110407e-22,2.67057002673356e-07,5.45538926365955e-22,6.11777500148383e-24,2.67589849553253e-21,2.32156700672068e-07,9.31199173307716e-23,1.16961084812059e-21,2.9232485523439e-25,0,0,4.3731238306485e-05,0,1.86889941952563e-23,2.77023017954736e-23,0,2.80276851831526e-09,1.81747915280461e-22,2.80276851831544e-09
"TCGA-44-7659","TCGA-LUAD",0,0,0,7.96148934775634e-09,4.45149549499423e-06,0,0,0,1.96330385417741e-06,3.96839059306549e-07,0,0,0,0,3.47162386090736e-23,0,2.5470950409426e-07,1.51937391525439e-22,0,8.73620094697742e-23,0,6.64779633178575e-23,2.27326917346438e-22,1.59506668294808e-22,1.1847388594679e-21,5.64711094128934e-22,9.50744079001776e-22,0,1.85857871542327e-20,4.58093864453975e-23,0,3.59767580925554e-22,0,0,1.02200720082181e-07,0,0,1.14705766498489e-23,1.4346682211126e-06,9.36995402801303e-22,0,0,7.50080861285741e-22,0,4.73846635476661e-23,1.50900929710623e-24,0,9.24338499233997e-23,3.09526890765712e-22,7.17150490370729e-22,2.06434928026342e-06,0,2.15697010067911e-21,2.30664428098728e-07,2.4417172276578e-22,0,9.41347352024293e-25,0,3.54503283826466e-22,3.47347202395777e-05,0,3.9544174941262e-22,0,5.49256193921642e-22,7.34414729532925e-08,5.92369429733951e-22,7.34414729532931e-08
"TCGA-35-3615","TCGA-LUAD",0,6.79375949839204e-22,1.15667647129687e-20,3.24419608272189e-22,4.2977951062666e-06,2.18971909142962e-22,1.95444361135521e-22,0,2.82321068739693e-07,2.23467650403378e-24,1.98758386811722e-23,3.17426948807715e-22,1.73643019196637e-22,4.82629405306058e-22,2.5112191519153e-24,2.40604142167384e-22,0,2.03830931527979e-22,3.22245130501489e-22,0,0,0,2.60378744666508e-22,1.28232590999403e-22,9.8444098901036e-22,5.68059125325738e-22,5.49961011528677e-22,0,2.15398719377501e-23,0,2.84793008254598e-22,1.10739116073261e-22,6.39915181032959e-24,0,0,2.46168672332861e-24,0,0,1.91947740139588e-06,1.03898231502994e-21,0,0,0,0,0,0,0,0,0,0,0,0,0,2.48537676486287e-07,1.50580833893721e-23,5.10662167204638e-21,0,0,1.50683715728117e-21,0.000103052141373809,1.05814867605953e-22,3.6242281591816e-22,0,3.06466009879471e-24,5.0172378210211e-22,8.31908469424782e-22,1.33363225152689e-21
"TCGA-86-7701","TCGA-LUAD",0,0,1.46518969308202e-21,4.93351838600237e-23,8.92249747131446e-06,6.87675674435372e-23,1.01368010480988e-22,0,3.29040770147522e-07,3.78215340640854e-06,0,0,0,6.22965965955133e-22,0,0,2.22281574484409e-07,1.94271669858339e-22,2.94565637716284e-23,0,2.56673683324325e-22,0,1.05092008035156e-22,1.0610604188126e-22,0,1.11454206212545e-21,9.66128319769635e-22,2.74180597080227e-23,0,0,0,2.11595081402488e-22,0,1.031209058924e-23,0,3.32891484838106e-24,0,1.21191412086765e-23,2.01815762215028e-07,3.91672436380029e-22,9.68353949084798e-22,0,1.0886246196589e-21,0,5.86530864024863e-23,3.92247719719713e-24,0,8.33863123539359e-23,0,0,9.98430772143155e-24,1.3305278804018e-22,1.52484148949612e-21,4.12324381996529e-07,6.36016616295225e-22,2.42357845726342e-21,1.51797962849827e-09,0,1.41202707693256e-21,6.95820530783001e-05,0,4.28038963506843e-23,4.51894084527307e-23,0,8.75113684467497e-22,1.28336841662162e-22,1.00345052612966e-21
"TCGA-55-8512","TCGA-LUAD",6.1205011869493e-23,5.94768534957366e-23,3.61253573357921e-21,0,5.50725091525184e-06,6.20026166818304e-23,0,0,4.55333065246646e-07,0,3.5187635664539e-23,9.09253138525152e-23,0,1.64782118365485e-22,0,6.03692287045073e-23,0,0,3.86683507942569e-24,0,0,0,0,3.04982174102302e-24,0,2.27271727853492e-22,0,0,5.62095962735337e-22,6.95096120933005e-23,1.404835572068e-23,1.2534689591718e-23,0,0,0,3.20432542005051e-25,3.94040173344936e-22,9.77148259461505e-23,0,3.92830990114787e-22,0,2.73533502211223e-22,0,0,1.42845736547302e-22,0,1.67383523167549e-25,5.83724170366004e-23,1.15397149088117e-21,3.71505219990663e-22,0,1.82373788203503e-22,0,0,0,2.41408944082651e-21,0,4.06171134981023e-24,0,4.06917383740641e-05,5.96677546749602e-24,0,0,0,8.77202607574671e-22,2.97384267478683e-23,9.06941034322539e-22
"TCGA-55-A492","TCGA-LUAD",8.31952172362757e-22,2.3091904118961e-23,2.8979068134987e-21,3.84818687936435e-24,4.88024864515464e-06,0,1.97264666950275e-22,1.08919681878093e-22,9.57168462142411e-07,0,7.39231508066389e-23,7.17038841282574e-23,4.11277799556285e-22,0,3.02713122103618e-23,0,0,1.37844554818141e-22,0,3.56602054873286e-22,0,0,0,0,0,1.43280787866233e-21,0,2.09405724506991e-25,8.91862920940757e-23,0,0,0,0,0,0,0,4.00129770584214e-23,0,1.5617154708524e-06,0,0,3.56089559139714e-22,8.1442013502948e-06,3.31440404727299e-22,5.99753923573146e-23,0,0,3.00351816673143e-23,0,7.43458644755765e-07,5.97507036860128e-22,0,0,3.27863195225907e-07,0,2.07212503687917e-21,2.6387557246725e-23,8.29817420294742e-24,4.51374476625505e-22,4.99386480968103e-05,0,0,8.26569184771472e-23,0,3.8073932628421e-22,1.15459520594805e-23,3.9228527834369e-22
"TCGA-97-8175","TCGA-LUAD",0,0,0,0,1.46591739807202e-06,1.01434610786026e-24,0,0,3.4170703602156e-07,3.10959243960396e-06,9.14228289347022e-23,5.72857355732582e-23,7.93067523260467e-24,8.14298407134439e-24,7.4888304469072e-08,9.92324525846286e-23,4.85686896768746e-08,0,1.21746917599616e-22,1.12259778678845e-22,2.32168322169648e-22,3.27496506266871e-23,0,3.114184118926e-23,8.33935761000609e-22,0,3.70462673948542e-22,0,0,0,0,0,2.31474180922708e-23,4.76899704277642e-25,5.88054105094895e-24,0,4.37286112271916e-23,0,1.28555422441565e-06,0,0,0,5.25813232728004e-07,0,0,3.23254368739709e-09,8.91446179372201e-26,6.74743684563291e-24,0,6.18024738747685e-07,1.61124458142607e-06,0,1.34071340621747e-22,3.20983113761363e-08,0,0,2.98025069502218e-23,0,1.40527166670339e-22,2.9989092182006e-05,0,0,4.58959099238329e-24,0,1.43282095183582e-22,5.33052041585129e-22,6.7633413676871e-22
"TCGA-35-5375","TCGA-LUAD",1.16867055669751e-22,2.42730232265793e-22,8.30467482721403e-21,0,6.19212302781988e-06,2.66810166171839e-22,1.38298751372422e-22,2.63844951506794e-22,9.57359847065879e-23,8.59641382280333e-07,0,0,3.34753707852248e-22,5.43581359938934e-22,3.55285464731396e-23,2.10183729946929e-22,0,1.43354014210942e-22,0,2.56286304613825e-23,0,0,6.62915883606409e-23,0,4.85470999450894e-22,0,0,1.49729643325966e-22,0,0,0,0,1.1530720713806e-22,2.11890923235767e-25,0,1.39973577775697e-24,0,0,1.92925123522008e-06,0,0,0,0,7.92434493671591e-22,0,5.03826827122875e-25,0,0,0,3.39352461084383e-22,0,0,0,2.40004182787315e-07,1.59556128553095e-22,4.0396621962316e-21,0,3.12965678164178e-23,0,7.93291341373047e-05,8.75853551207094e-23,0,5.81475059098405e-24,0,1.92982387978784e-22,3.64100615858344e-22,5.57083003837128e-22
"TCGA-05-4433","TCGA-LUAD",0,1.05966285555329e-22,3.008873978828e-21,0,3.10153975385035e-06,4.30436068430262e-23,0,0,3.63439973648589e-23,3.13372714676261e-06,1.80672329436386e-24,1.02558130499282e-22,0,1.26940774224102e-22,3.89339125440623e-24,0,7.21685765127493e-08,1.21291793553903e-23,8.55102859437658e-24,8.30462212261701e-24,0,1.67710482944782e-22,0,3.72150409077024e-23,2.30138319962189e-22,0,0,1.36649128333269e-07,0,3.6233123110342e-24,0,2.58193199939323e-23,0,5.18913633204955e-08,1.97795494501173e-08,2.48885690268772e-25,0,0,0,0,0,1.24212503324242e-22,0,0,5.98203348170145e-24,7.54866253970994e-25,0,0,2.86549155367045e-23,9.48035390230755e-23,0,1.47394777477866e-23,0,4.8950640402477e-25,0,2.28204608083595e-21,1.65111279678735e-24,0,1.32116202896816e-22,3.32190327294482e-05,0,0,0,0,1.31863663000784e-08,1.68052302758759e-22,1.31863663000786e-08
"TCGA-55-8301","TCGA-LUAD",3.66148156347103e-22,0,0,1.54907276832235e-07,3.77206137358586e-06,1.68583527082632e-23,0,0,1.76274763468613e-06,2.90372804419677e-06,0,1.98766331942921e-22,0,1.37989823011407e-22,0,0,3.15578433934719e-07,1.83855098099548e-23,1.00008660355094e-22,0,1.5769386318753e-22,2.8365921051746e-22,9.73394152153125e-23,1.895135851304e-22,0,4.59136970681874e-23,3.80761341937781e-22,4.14982255106538e-23,1.31541618303609e-20,0,0,1.20333931195814e-22,0,5.3725676845399e-25,0,0,0,0,1.07088577032966e-06,0,0,1.92045253742926e-23,1.46737028414106e-21,1.97999313882238e-22,0,4.37474875409146e-23,0,0,0,8.27511095455516e-24,4.54992901245214e-06,1.31228343627205e-24,0,5.39532965702371e-07,0,0,3.25327736975387e-09,0,0,4.06311642603407e-05,9.94086459764304e-23,0,0,0,1.03271517888157e-07,7.8846931593765e-23,1.03271517888157e-07
"TCGA-75-6212","TCGA-LUAD",0,2.21011968497757e-22,1.52608848324407e-21,1.5390087864066e-07,2.77356918103103e-06,0,3.87547417758753e-24,0,8.54393573127764e-07,3.15303125529165e-06,9.47886283441245e-24,0,7.84172347511265e-23,0,3.59931854461788e-08,0,3.50678414563095e-07,0,1.42704443788164e-24,2.98799003491889e-22,0,1.04291361690382e-22,1.08587677564501e-22,3.28496994497909e-23,0,2.55502838602858e-22,5.52399540727271e-22,0,1.29994113840728e-24,7.21542493178021e-24,0,5.65840352579456e-23,1.66788473333817e-22,0,4.19240883611144e-09,0,4.14199199298914e-22,1.00591535201901e-08,1.69399414350104e-06,9.51269301922994e-22,0,0,5.52154981068345e-21,9.81828496000843e-23,9.6093538382343e-22,0,0,0,6.06997454973652e-22,1.60834879371928e-22,1.24474213488495e-22,4.7602590200711e-24,0,4.05442899670607e-07,2.11992819321656e-22,4.33205298709813e-22,1.0387715181706e-08,1.41524725933362e-23,0,6.58389489265271e-05,0,0,5.90030813569771e-23,4.17566967368988e-22,1.05395524984515e-07,1.10505984248878e-22,1.05395524984515e-07
"TCGA-97-7552","TCGA-LUAD",0,5.74450667715436e-22,5.67639857220646e-22,1.04808884807042e-07,4.50067889173652e-06,1.01511985416112e-22,8.97433357462084e-23,0,9.56234458726593e-07,4.33342357194411e-06,2.35381881845758e-23,3.71773668802618e-23,0,0,1.73466850101668e-25,0,4.44057030061205e-07,0,9.54502036683149e-23,0,1.08766483892175e-22,0,0,2.78858604560438e-23,0,3.19666820196653e-22,0,1.69190619495599e-07,4.43148928669711e-25,8.30836891596836e-24,1.01824173444047e-22,1.41415801168879e-22,4.5230438213034e-24,0,3.71088783622231e-08,1.06949991337202e-23,9.24310101979565e-22,0,0,0,0,1.6619255939576e-22,6.23348010432437e-22,1.49823582616528e-22,9.44461977981099e-22,0,0,0,3.42819623306666e-22,1.28361027002632e-22,0,2.56021176221614e-23,3.96606120087864e-21,3.64300086824582e-07,0,1.19424008090682e-22,2.29246814584319e-26,0,0,4.65906834867776e-05,1.07398672704871e-22,3.8328744027536e-23,0,2.20713281335265e-22,9.46118421128437e-08,3.41608575803806e-22,9.4611842112844e-08
"TCGA-93-8067","TCGA-LUAD",4.76001463441769e-22,0,0,8.12877205039027e-23,3.53859868551261e-06,6.46650937238405e-23,0,0,1.45801522365214e-07,4.35885363631067e-24,0,7.48211602769805e-23,0,3.45929496307778e-22,0,5.46879898441218e-23,2.44072979772981e-24,3.74634809993041e-23,0,1.31696389090862e-22,2.36463345144933e-22,0,0,0,1.90834773214127e-21,7.35980538987688e-22,7.20799929949421e-22,0,4.25592847681958e-24,0,0,0,0,3.21845030772218e-24,0,0,0,0,1.12862567147943e-06,0,0,0,3.65972406066849e-21,2.21815859396848e-22,2.11799127587496e-22,5.04838267978307e-25,0,0,0,0,1.24546739304043e-06,5.03148585505501e-23,2.27796452818002e-21,8.1159317978547e-08,0,2.60299155475309e-21,1.40231036342364e-26,9.37519226447113e-24,7.26772860899053e-22,6.17861538465509e-05,0,0,7.7262672480031e-23,6.30570232199301e-23,1.91870179914497e-22,1.0724055386431e-21,1.2642757185576e-21
"TCGA-78-7162","TCGA-LUAD",7.01871498975502e-22,0,9.31033724625874e-23,0,6.36665412013709e-06,1.24829808086453e-22,0,0,3.40357369463882e-07,1.69594766714229e-06,5.01358052296755e-23,2.86234000131037e-22,0,7.03794176811754e-23,0,0,8.67771983298205e-09,0,3.56570153850138e-22,0,0,0,2.11272894794464e-22,0,1.86799488573379e-22,0,4.15781495285282e-22,2.0255142327231e-07,2.7034608188942e-24,5.27872156519166e-23,0,0,0,4.43834437383993e-25,9.04077041462398e-26,1.62803387716783e-24,0,7.45642266022056e-24,6.57739856753897e-07,0,0,1.54864108114046e-22,0,4.36359263906498e-22,2.54297035436216e-22,2.2382422316477e-24,0,0,4.99557292681864e-22,0,3.5117175861662e-22,0,4.30636610778974e-21,1.01311788906002e-07,0,2.5092887331808e-21,4.01482925504128e-24,0,1.71907599646429e-21,7.31923785063582e-05,0,2.01046228857694e-22,1.1764489565273e-22,0,5.23921133678032e-22,9.33997442866894e-23,6.17320877964721e-22
"TCGA-69-8254","TCGA-LUAD",0,2.72430959554578e-22,1.2092151265341e-21,1.11603006144497e-28,4.02538122480701e-06,1.61563382987069e-22,7.33291346074423e-23,2.91840227661045e-22,1.51755513521631e-06,1.82859445937273e-06,1.14983978126333e-22,0,2.84512002327433e-22,0,6.07024681493367e-24,0,2.72605715678979e-07,0,1.89752865714554e-22,1.06011792077653e-22,0,0,1.21972906531685e-22,2.03899255139005e-23,0,8.87495092365086e-22,0,2.41353951101322e-23,0,2.06567739989737e-23,0,7.47916948673185e-23,0,0,4.91551440395385e-09,1.28104376666917e-23,0,0,1.84042349163019e-08,0,0,9.83376112961691e-23,0,4.4713505618269e-22,0,0,0,0,0,0,2.78709927583495e-22,4.75017200196884e-23,0,3.0276756588201e-07,2.02280527725076e-22,8.63055876439459e-22,8.02178607344517e-25,7.4111938444653e-24,0,3.93434083460619e-05,6.2576244939858e-23,0,5.05500120190613e-23,0,3.27700960263622e-09,1.36215479777289e-22,3.27700960263635e-09
"TCGA-50-5045","TCGA-LUAD",3.23539575600987e-22,1.22302853527651e-23,0,5.08492279330033e-08,4.3056869515759e-06,0,0,6.29287289939703e-23,1.20624629604557e-06,3.82260263583343e-06,0,5.36829824223569e-24,0,9.42835153308976e-22,0,0,2.95154170101225e-07,0,1.9108271900846e-22,0,0,1.23165177088808e-22,5.22309748508365e-09,0,7.14511434589322e-22,0,4.85596365158265e-22,2.34399997971544e-07,0,0,1.61104259207452e-22,9.99606374712246e-24,3.04680962186023e-22,5.77545467249542e-24,0,1.04630573796198e-23,8.35300616607193e-08,0,1.8272030505113e-06,8.46887549880196e-22,4.92458611076022e-22,0,9.01982639758846e-06,0,0,0,0,0,7.4539245546147e-22,3.94837655076159e-07,0,4.82030708053685e-23,2.76267726747243e-21,3.80268603728376e-07,3.48237775714266e-22,1.15054717674934e-21,1.32539268824758e-25,0,0,5.28742349245117e-05,0,1.1059393755697e-23,2.17913237695455e-23,3.04130567245372e-22,3.38994852886699e-08,3.63370859971043e-22,3.38994852886702e-08
"TCGA-97-7554","TCGA-LUAD",1.52468982173314e-22,2.28354553616351e-23,0,1.45420704524575e-08,3.03718446416783e-06,8.21761013004005e-25,0,2.52208655145833e-22,3.68213713302623e-07,2.32513082650619e-06,8.92495832076041e-23,3.98257911287672e-23,1.67168582690187e-22,1.24715597409881e-22,1.22705947366515e-24,0,1.8055338996359e-07,0,1.5288583679478e-22,0,0,1.77079822313022e-22,3.76738800578723e-22,0,8.25200195310468e-22,0,2.4196792683595e-22,1.58041922325282e-09,6.7561517065384e-24,0,1.72532205691774e-22,0,0,0,1.11141388530036e-23,2.17309413221282e-25,2.57799805042667e-22,3.62839630151325e-23,3.26471710992221e-07,0,7.11374947567103e-22,7.9314595678464e-23,0,0,0,8.31075136593255e-24,0,1.13395323082304e-23,5.40073097570061e-22,0,0,0,5.12218665713145e-21,3.02162971379586e-07,2.37388785404301e-22,1.85773556319315e-22,6.91447203986259e-25,1.58427436896175e-23,0,7.21155020003226e-05,4.77724362028456e-23,0,1.14801344356218e-23,0,9.69471363497285e-09,4.24017825336052e-22,9.69471363497328e-09
"TCGA-55-A490","TCGA-LUAD",0,6.95331257064909e-24,0,6.44146529178559e-24,6.72400837853056e-06,0,0,0,6.62924923743615e-07,7.0124030292123e-23,2.78277296702567e-22,0,0,2.27662144146104e-21,0,0,0,1.43678756614134e-22,0,0,9.34557258812815e-23,0,0,5.64637612406479e-23,2.83458371604598e-22,0,1.27865396524268e-22,0,0,0,7.41001017519573e-23,3.77929268680627e-23,0,0,9.65344346419165e-24,0,0,0,4.39302671467435e-07,0,8.15748971378368e-22,2.62890727817327e-22,1.71138531637752e-05,0,5.10463743212564e-23,3.02201394299245e-24,0,0,3.32305080985085e-21,2.02299597256887e-07,4.66197037103666e-22,3.55216431577357e-23,0,1.29631943522233e-07,0,0,0,5.53238726375091e-24,6.56735365346372e-23,3.07105005577524e-05,1.27912789773528e-22,1.74485520526916e-23,2.10216073770692e-23,0,2.79512507790217e-21,1.91933705028264e-22,2.98705878293044e-21
"TCGA-MP-A4TE","TCGA-LUAD",0,1.62440079908693e-22,0,0,5.92517979455838e-06,1.66524307031729e-23,0,0,3.68673546804358e-23,0,2.76909180929492e-22,2.97283820528823e-22,0,9.23726413356043e-22,2.42995424480881e-23,0,0,0,3.42975624899756e-22,0,1.2718198234943e-22,4.9822914136099e-22,4.55662706929524e-20,0,9.72795315361956e-22,0,4.344149897341e-23,1.77021108294769e-22,0,1.67447263963072e-23,0,2.74681979059928e-23,2.19548344893654e-23,0,2.37523824775915e-24,0,0,9.27352947329251e-24,5.81838047174169e-07,0,0,3.99631156367467e-22,1.13304608822098e-05,0,4.10719799493916e-23,0,0,0,1.48209126353987e-21,3.04514722643317e-22,4.51482251575366e-06,0,0,3.96441895268502e-07,0,0,0,5.50196961762601e-24,0,2.07474552860123e-05,2.37443584751492e-24,2.37593367480596e-23,5.05200723251552e-23,1.64904870373357e-22,1.53829844105562e-21,6.3120868881004e-22,2.16950712986566e-21
"TCGA-55-8508","TCGA-LUAD",1.36093362227383e-22,1.62614697900064e-22,2.48964037300661e-22,6.51265706950296e-24,7.90435463805129e-06,2.40578308752752e-22,0,8.05080496759862e-22,2.19377975205771e-07,1.5941698803916e-06,0,0,5.82325882828555e-22,1.65401740068999e-21,0,0,1.14553825871433e-07,3.82039643709558e-23,0,0,0,9.14461366244307e-22,1.49456571242911e-22,0,1.89542484237752e-21,0,0,2.47526665023974e-22,0,6.79397955562629e-23,0,0,0,6.11467298012645e-24,6.16789188590415e-24,6.39126810564265e-23,5.62745359820024e-08,4.20046547395158e-23,1.46103072412436e-22,0,0,0,2.33617317307046e-05,6.8928036448207e-23,1.23691222577775e-22,0,0,2.23054221729629e-23,0,3.08250992995634e-27,0,0,0,5.70907014868034e-07,0,0,0,0,5.23299891374821e-22,1.86402061597695e-05,8.8138091712726e-23,9.26851326339255e-23,0,0,1.16968522275503e-21,1.02901977013879e-21,2.19870499289382e-21
"TCGA-05-4430","TCGA-LUAD",9.68879052802468e-23,7.30221401021937e-23,0,5.49433343514967e-23,6.32446118913958e-06,2.92993960673508e-22,0,1.43319877076912e-22,3.44013678172865e-07,3.35680876502273e-07,0,3.45153588231173e-23,0,2.24612410815999e-22,0,0,7.0833164295624e-23,0,1.40823600750759e-22,2.67688303489861e-22,0,0,0,2.30425996966014e-22,0,5.5310000934697e-22,2.40550298104059e-22,4.46871031599625e-24,0,4.37199383548158e-23,4.36192514911879e-23,1.08646742532156e-22,0,0,9.20036974117834e-22,2.83211199599776e-25,0,0,1.06603116213052e-06,9.92022312950934e-22,0,2.20380348980317e-22,0,0,0,9.94947521621953e-25,0,9.21601704072174e-23,0,0,0,5.71101453046978e-23,3.93100963928989e-21,2.76238674454355e-08,9.96407617821189e-22,1.7985362902282e-21,0,2.60718736043598e-23,0,8.82550142444828e-05,4.94331717003903e-23,1.32042464269553e-22,0,0,1.0808738405324e-21,3.65110700510969e-23,1.11738491058349e-21
"TCGA-50-5942","TCGA-LUAD",0,0,1.8294413486328e-21,0,5.27150594906035e-06,6.56999773354448e-23,2.78180069009544e-23,6.78081789493063e-23,1.72852443404892e-06,1.11063648556549e-06,0,1.61634776550657e-22,0,5.20309947147656e-23,0,0,4.48859203360696e-08,1.19747681420503e-22,0,2.56088868184559e-23,2.2506279682342e-22,0,0,0,0,1.79643313858606e-22,0,3.33082461652195e-08,0,0,1.44776424901658e-23,3.05882244520964e-22,0,0,3.15821404713629e-08,1.21641926406259e-24,0,0,7.863765598282e-07,0,0,0,1.05867036600744e-21,2.73477076745074e-22,0,1.22829729173567e-24,0,2.47468323804846e-23,0,0,0,3.60540288478824e-23,0,1.56927644109158e-07,3.46256441990956e-22,1.21700869382037e-21,0,0,3.33246105503811e-22,6.8014528828831e-05,1.60684203921474e-23,3.18993527797819e-23,5.05970009636777e-23,0,2.10547603142423e-08,1.1253139841171e-22,2.10547603142425e-08
"TCGA-44-2657","TCGA-LUAD",0,0,0,0,7.38937345164183e-06,5.10725393734617e-23,3.39403816110517e-22,4.43320515655281e-22,1.46890480914571e-06,3.99698242724408e-06,0,4.17597951713146e-22,1.37537979550268e-22,2.15808887557599e-22,0,0,3.31841869181808e-07,8.38700323494006e-23,0,9.51878105694071e-23,2.66979838027143e-22,0,8.9030976372195e-23,0,1.88237707038246e-21,0,0,2.3919711960387e-07,0,1.00102369447113e-22,3.51149453193875e-23,0,9.64393733208782e-23,5.83982788456506e-25,1.39835120651047e-07,0,0,8.37242152705152e-24,8.21179310285129e-07,0,0,3.41204696555693e-22,0,0,2.12766245588428e-22,1.89255949509378e-23,0,0,3.50373279073699e-21,2.51225809897107e-22,3.13323644011458e-06,0,3.6282293260621e-21,4.95526865376755e-07,0,7.84219741990742e-22,0,1.2770347354194e-24,0,3.48204523844112e-05,0,5.64680190593292e-23,0,1.48642258991829e-22,9.32234137673674e-08,1.0746784542048e-21,9.32234137673685e-08
"TCGA-55-7281","TCGA-LUAD",0,1.14609673746325e-22,2.79030622308313e-21,2.81729468421193e-24,5.94731423438287e-06,0,0,0,8.0368585310359e-07,7.68330538758718e-07,2.00372233296476e-22,2.1232822735722e-23,1.39189448190345e-24,9.83186921706345e-23,8.63849646816964e-24,0,0,2.65740995528584e-23,1.98678898980634e-22,1.26201008726483e-22,1.58841243852204e-22,1.21802992299726e-23,0,0,0,0,5.25530759145573e-22,0,0,0,4.19294835801425e-23,0,1.93803764597132e-22,3.87536210482766e-24,0,1.17200244869684e-24,0,3.09098446530768e-24,4.09435323644119e-07,0,1.37324402418328e-21,0,1.70291726076676e-05,3.50438931597819e-22,3.85651070374741e-23,3.67056174453799e-24,0,0,2.89048767973716e-21,1.4621472643384e-07,2.91249827749007e-07,0,8.39730490948086e-22,1.97361814004436e-25,0,0,0,0,0,2.07340885567314e-05,0,0,0,3.35618758007547e-22,2.95077541953122e-21,1.36725458799264e-22,3.08750087833048e-21
"TCGA-73-4670","TCGA-LUAD",0,0,9.79142100223634e-21,0,2.05851356199971e-06,0,0,2.2716284472835e-22,1.30879675012812e-07,2.07017050660372e-07,1.02265059587955e-23,6.55658233467455e-23,2.45387469529895e-22,0,0,0,1.22484858672079e-23,0,5.54987694199737e-23,0,2.00246601335696e-22,0,0,3.38366373709159e-23,9.93983900959734e-22,0,1.15401499643887e-21,0,5.2233410931724e-23,0,6.66724400334109e-24,0,1.76803448753462e-22,0,7.51852412867933e-23,1.64373221110229e-23,0,2.71055945151023e-23,1.03184821977976e-06,2.42993029617461e-22,4.03366328585506e-22,4.23559145525878e-23,8.29296451782405e-22,0,0,0,0,2.38953049089315e-22,0,1.05335216989585e-06,0,0,0,2.99153155241274e-07,3.18050735129461e-22,3.96366331303495e-21,3.86251710239327e-23,0,0,0.000103825801837626,8.99629960435981e-23,5.77219237853744e-27,7.93541217557036e-25,1.17038756414258e-22,6.73488858024473e-22,5.97115251147715e-22,1.27060410917219e-21
"TCGA-55-8206","TCGA-LUAD",6.05890941492763e-24,0,1.57238717622061e-21,0,5.32544973948286e-06,0,0,3.32273487950331e-22,1.64053207402978e-06,3.14611665937154e-06,1.33603415846988e-22,3.55734813184254e-22,0,7.25358075274288e-22,0,6.44259567115156e-22,2.0368189067441e-07,0,0,0,2.90708506596189e-22,0,1.70176625596832e-23,1.02441180261116e-22,0,0,3.85978580619081e-22,4.86742920895701e-07,0,0,0,0,3.70061729529363e-23,6.37852636025265e-26,2.00472961835544e-07,5.43341354730067e-24,4.79656649776743e-22,4.84773412421183e-23,6.65528844589871e-07,5.26648813502701e-22,0,0,3.25593386127814e-21,1.38738260563744e-22,0,2.22881363155392e-23,7.94825411957989e-25,0,8.60318204957679e-22,0,8.52909414063794e-22,0,1.20779866527157e-21,1.21393833841051e-07,0,1.31498867566106e-21,0,0,3.14609100703436e-22,2.25747213626054e-05,8.28358987962681e-23,1.3521398644166e-22,5.99019778588316e-23,0,1.33648641223697e-07,1.45354253298094e-22,1.33648641223697e-07
"TCGA-38-A44F","TCGA-LUAD",0,0,9.12521655697107e-22,0,6.5080895241525e-06,0,1.0428374884236e-21,1.91499964537326e-22,1.41791727251151e-06,2.81435179029008e-06,0,5.15171486133428e-22,2.73697530381765e-22,0,0,0,2.26497522992554e-07,6.59752857559451e-23,0,0,0,3.49021066001533e-22,0,0,0,0,1.05183601538396e-22,2.6033778952559e-07,0,9.02111563242457e-23,0,0,1.07123610165779e-22,2.08836614617981e-24,1.02344388501125e-07,0,3.72496239414788e-23,0,5.33323539010437e-07,0,0,0,1.02776438666346e-21,0,3.50132420322548e-22,5.13209397591049e-24,0,0,2.91972203853233e-21,3.49230188095557e-22,0,2.45125623256648e-23,5.35881317382876e-22,2.85797053763342e-07,2.30405962858488e-22,0,1.78862416857396e-24,2.7424671078848e-23,0,3.12200173240636e-05,1.45945543233265e-22,5.3555230809539e-23,2.05467090669378e-23,1.1540828357542e-22,6.82295923340857e-08,0,6.82295923340857e-08
"TCGA-75-7031","TCGA-LUAD",0,2.88009189765762e-23,0,0,6.01147043495841e-06,5.18982178263662e-23,1.18967511802064e-22,0,7.43508981705679e-07,3.53632512289449e-07,2.53893701677411e-22,0,0,2.41798564027161e-22,0,0,4.92368461676411e-23,2.38151920481895e-22,0,9.20464713863025e-23,0,0,0,0,9.68965310348941e-22,0,5.16341542945029e-22,4.59444408248383e-23,0,0,0,1.99685418059979e-22,2.91871781561604e-22,0,1.52959402450896e-27,1.24012436929632e-23,3.20401928128216e-22,7.30838962122492e-23,1.08264728553332e-06,6.70208686439552e-23,1.01128049795648e-21,5.85128081451267e-24,6.96570344842644e-22,0,0,0,0,0,0,5.44513692606088e-23,3.52923597248416e-06,0,3.15718296963021e-22,1.65007127148388e-07,0,0,3.94854887057167e-24,0,0,3.52661784243681e-05,0,0,9.52159123423363e-23,0,8.68675944664523e-22,4.98883114662759e-22,1.36755905932728e-21
"TCGA-55-7724","TCGA-LUAD",0,0,0,1.78794376996999e-23,4.89661517717066e-06,5.59120467993213e-23,2.2500235592097e-23,2.91608933128241e-22,3.78490039609208e-07,9.08412469200401e-08,0,0,1.74065375357597e-22,3.71597222412843e-22,0,0,0,3.25537077757335e-23,1.3320673680552e-23,1.39687778487194e-22,4.75205137830584e-22,0,3.45720778160705e-22,0,1.15944643456672e-21,2.44523547218766e-22,0,1.53249989700945e-07,2.61707330800049e-24,7.27912188992798e-24,2.71437268043148e-23,0,0,1.43476900475324e-25,2.44375074008745e-23,0,3.67448120201188e-22,0,3.57810438265512e-07,0,0,0,1.0561875034306e-21,4.27876136738558e-22,0,3.5913194811823e-27,0,1.39321013182149e-22,3.9211899599995e-23,4.00004696527288e-22,0,3.31725383170905e-23,0,1.12011060942095e-07,2.4277154015271e-22,2.80879650002087e-21,0,0,2.28744920333447e-21,6.50687744314771e-05,0,0,1.21531733366221e-23,0,4.34764379665435e-22,8.1732578619865e-22,1.25209016586409e-21
"TCGA-55-6968","TCGA-LUAD",8.40005747194727e-23,0,7.65431020857651e-22,3.93303425120526e-08,3.97739734145456e-06,1.13604292858067e-22,0,0,6.35812448560807e-07,5.81911473434812e-07,1.13059180039147e-23,1.34010268329034e-22,1.64013386109101e-22,0,1.27972424847759e-24,0,9.49634473045818e-08,0,1.27931873229187e-22,1.57581085677896e-22,0,0,2.90685588862802e-24,2.95798963176651e-22,7.49150979315341e-22,4.99979863481951e-23,4.83532062492e-22,3.64780728512315e-23,0,0,0,0,1.33785469117801e-23,0,1.99583491537225e-25,3.35504446971998e-23,0,2.59205861843662e-23,7.28102878298531e-07,1.05602018730337e-22,0,0,1.17224436368169e-21,1.29883486310235e-22,0,0,0,0,0,0,3.5099158241258e-07,1.14173563356028e-23,1.70538691244885e-22,3.22311030167756e-07,0,9.86249697836222e-22,5.11965689016654e-09,5.80000545974484e-24,4.48942544532313e-22,2.59837509915899e-05,1.51950318847713e-23,0,0,4.6460766741402e-23,2.62202283413686e-08,3.74575489657671e-22,2.6220228341369e-08
"TCGA-86-7714","TCGA-LUAD",0,0,4.65083258625278e-21,6.44644867936481e-22,3.63243391379985e-06,0,1.33348970961548e-22,1.99890056976777e-22,3.73415232150095e-07,0,7.02884492308424e-23,0,9.95081977467142e-23,0,0,0,1.48895236191131e-24,0,0,0,1.36442151601937e-22,0,3.16902677630883e-22,0,8.70206842233108e-23,0,0,0,1.11565586093413e-23,4.29746475549434e-23,0,7.0456036707785e-23,0,0,0,0,8.83422683948051e-22,3.10321914370352e-23,3.38615143595837e-07,4.55667303318172e-23,0,0,4.40236805579e-23,2.3875156836421e-22,0,0,0,9.39501675240553e-22,3.37391833702424e-22,1.91604460249592e-22,1.32836183408204e-22,0,0,1.54793263420953e-24,4.55721663730961e-22,2.94086120782398e-21,0,0,9.5275754489927e-22,5.36056485170255e-05,1.06511375449443e-22,1.52273579418657e-21,0,8.74444744258425e-23,1.46125631370935e-21,1.11731417912624e-22,1.57298773162197e-21
"TCGA-55-8514","TCGA-LUAD",0,0,0,3.01284163929442e-23,4.85623678225922e-06,0,0,0,1.84742051760122e-06,6.9632159715761e-07,0,0,5.39020233142458e-22,1.19852610671149e-21,1.55815606359238e-18,0,1.87057649353276e-25,1.26693705226442e-22,1.82973839030685e-22,0,1.17218952063756e-22,0,0,3.46690695817036e-23,6.6313149260295e-22,0,0,0,6.3423398095933e-23,1.47455633600868e-23,9.73419996686702e-23,1.59607036283618e-23,0,0,0,1.64743570880423e-23,2.84550247568985e-08,0,3.65690609656677e-07,2.10613706196193e-22,0,3.45949090727231e-22,2.53390355019286e-05,0,0,0,0,4.92690149935867e-23,2.12909131507699e-21,1.2999525037971e-07,4.9744265729793e-22,0,6.89231459570017e-22,1.79281823606601e-07,0,3.50098671666103e-22,2.69903333083263e-25,1.3176738957126e-24,0,4.90563780684422e-06,0,0,0,0,1.48296630006125e-21,3.90175222333353e-22,1.87314152239461e-21
"TCGA-64-1678","TCGA-LUAD",0,0,1.72153462770861e-21,9.6613129400873e-22,4.01176359237942e-06,1.07947643686162e-22,1.75679200041194e-22,2.25536653403498e-22,1.44209354464168e-07,0,0,1.34308050332018e-22,2.71478482231505e-22,7.41217202300474e-23,0,1.92181761432915e-22,9.6562959578978e-24,1.83486477658971e-22,0,0,8.12535034931157e-22,3.9257371529232e-22,3.99430239035421e-22,0,0,1.38997425540202e-21,1.71007282152631e-21,0,9.49651700827598e-24,0,0,0,2.51586269845662e-22,5.25875797457984e-25,0,0,0,0,1.48473695066376e-06,0,0,0,5.71755808483746e-22,4.73381301804279e-22,0,0,0,0,0,5.75030485559438e-22,0,2.06399078805449e-23,0,3.80041104791883e-07,2.71228486171921e-22,4.48182267036606e-21,0,0,8.17014100068598e-22,7.00877776584079e-05,1.48533914804093e-22,0,0,1.03782570079866e-22,1.14569980869104e-21,4.06267517465578e-22,1.55196732615662e-21
"TCGA-44-2656","TCGA-LUAD",0,0,1.75558871128699e-21,8.24814603492228e-08,3.73350581397653e-06,0,0,1.49386713593134e-22,9.75096863157084e-07,3.81156840499015e-06,0,1.11709486796372e-22,0,0,4.21472266340465e-27,0,1.84559920996714e-07,0,0,6.55463177131709e-23,2.17569750573237e-22,0,0,0,0,3.2372547862493e-22,9.89679212773395e-23,6.53797369639105e-23,0,0,0,5.75918234394209e-22,0,4.84125958116904e-25,0,5.55868848444437e-24,0,2.58805551007619e-23,9.03705002217533e-07,0,0,0,0,1.5365715801781e-22,0,2.13844025579706e-24,0,9.13568461720836e-24,0,0,0,0,4.88766898277722e-22,2.87084169416133e-07,1.5643773724224e-22,1.48028430213451e-21,0,0,5.30375834511284e-22,7.94894556356533e-05,0,0,1.83562736343087e-23,1.07907502411332e-22,5.49876402328158e-08,1.08784875286618e-22,5.49876402328159e-08
"TCGA-05-4422","TCGA-LUAD",4.38896766341853e-23,8.82888265766247e-23,1.10893409532606e-21,3.71827354342913e-08,3.44577688568503e-06,0,6.2129578167045e-22,0,1.32228581418e-06,3.9853958926391e-06,0,2.29943270670006e-23,1.05032858321264e-22,0,0,0,1.10041278156773e-07,0,0,0,0,2.60989213521363e-22,5.20441326565183e-23,2.63090489337884e-23,0,6.61917741354473e-23,0,0,0,0,8.34266398179379e-23,0,1.55971572444806e-22,1.70968265235094e-25,0,0,0,1.23486235848538e-24,9.82899566563275e-07,0,0,0,2.89239280373528e-22,0,0,0,0,0,6.09699333788252e-22,1.8871926805365e-08,0,2.50043214872672e-23,0,4.5133315815626e-07,0,2.78609357706601e-21,3.7962436430071e-25,0,3.23035477949861e-22,5.00352538866594e-05,0,0,8.08143303883552e-23,0,2.47884902895281e-08,4.41444132883124e-23,2.47884902895281e-08
"TCGA-93-A4JP","TCGA-LUAD",1.43603138057712e-22,0,4.15666387935875e-22,0,2.21974930322853e-06,1.00227115802004e-22,2.06242384741662e-22,0,1.08553854340672e-07,0,1.29927771879194e-22,7.88767629634992e-23,2.16635204760077e-22,1.7386811729284e-22,0,0,3.63191217221874e-23,5.10778400881364e-23,0,0,0,1.5019640884378e-22,1.71137488994746e-22,4.49438032942018e-23,1.36241028927358e-06,0,0,6.59114406709711e-07,0,8.06220564113425e-24,0,0,0,3.60884300370584e-08,7.09379673212288e-08,1.08458606723502e-23,3.12411904531501e-22,0,9.54881213460351e-07,0,0,0,4.57980469226495e-21,0,0,4.67255595257779e-24,0,0,0,1.25446346784144e-23,1.00125378942348e-21,0,5.75519281123082e-22,0,0,1.01974856877438e-21,0,6.18913658107212e-24,0,2.71659669005816e-05,0,6.96469542910113e-22,0,0,4.72919782141527e-08,6.81205144636788e-07,7.2849712285094e-07
"TCGA-55-6983","TCGA-LUAD",0,0,9.6475260384017e-22,1.32300029004967e-07,3.4567669658151e-06,0,0,0,9.88541629040051e-07,3.99063968519788e-06,2.65251645993225e-23,0,0,0,9.20978467151321e-27,0,4.48156192321995e-07,1.23880440009616e-22,2.93487751600789e-22,5.71812800508962e-23,1.31863123333302e-22,6.05419731047187e-23,0,0,4.26207625242048e-22,7.95961488288446e-22,5.81184954636677e-22,3.51175195638936e-23,9.40822538202884e-24,2.66069169134092e-23,7.87897152545849e-23,0,0,5.80322545724905e-24,0,3.77858241148511e-24,1.96100247183258e-21,1.4497742132419e-24,6.75037677143564e-07,6.23813307910878e-22,0,0,0,1.58447470799823e-22,0,0,0,0,1.47377404386143e-21,1.22609489300704e-22,0,3.98106967618084e-23,7.18779829775884e-21,2.81326677833697e-07,1.31217476988155e-23,2.72729564306456e-21,3.52857670268276e-25,1.71523709013461e-23,2.17924737634011e-21,8.07743541313075e-05,0,7.15983970848307e-23,6.43187136450035e-24,0,8.8200019336646e-08,2.79035374287675e-22,8.82000193366463e-08
"TCGA-55-6987","TCGA-LUAD",6.47313779133467e-22,8.77275415535721e-23,6.75943560007522e-22,7.77673766541436e-08,6.34601355809707e-06,0,0,1.7571954903599e-22,1.1056823123731e-06,4.93134986874754e-06,4.92808535671504e-23,8.46084490136251e-23,0,0,7.0078160522806e-24,0,4.25582383833586e-07,1.65249050389384e-22,4.1191641505443e-23,0,0,0,6.86281653889067e-23,1.41483868069901e-22,1.00055671935953e-21,2.20884330361735e-22,0,0,0,3.43443286079038e-24,1.25362729537018e-22,7.32259182705844e-23,3.37856805937446e-23,0,1.52062176228137e-08,9.29610944035185e-24,0,0,1.09023548915929e-06,7.84112030840194e-22,0,1.0654454731787e-22,6.8608546061961e-21,9.29624490008736e-22,1.86016831318597e-21,0,0,1.60321428404305e-22,0,0,0,1.99263973623283e-23,0,4.71466758423513e-07,0,1.65428199909794e-21,0,7.90730946367196e-24,0,6.360867498449e-05,8.91915688121524e-23,3.44975742843049e-22,0,3.04906445290942e-22,6.19823961846385e-08,5.44142130456549e-22,6.19823961846391e-08
"TCGA-64-5775","TCGA-LUAD",0,0,7.92042781344334e-21,0,5.01959470261365e-06,0,5.63278843778196e-22,0,4.56485279672472e-08,2.81272701156915e-22,0,0,1.02698831268406e-22,3.00929259413567e-22,6.90899241657477e-23,0,3.50356993743703e-23,1.95332006419323e-22,5.88594008029963e-23,0,0,2.35041537255279e-22,7.96647273096341e-22,0,6.01683088102386e-22,3.16768552679964e-22,0,0,0,1.2210551842922e-23,1.13725511486844e-22,1.96335149137514e-22,0,0,0,2.58619419128412e-23,0,0,1.21531156228418e-06,0,2.30199285301583e-22,0,8.91885091236101e-22,0,0,1.74223696350834e-24,0,0,0,6.99479401997236e-23,2.86523259195867e-22,5.9475554335134e-23,0,0,3.43918930632018e-22,3.60226783203522e-21,0,0,1.3535844350076e-21,8.15049768053762e-05,0,4.6768417549273e-23,4.93150062661578e-22,0,4.4105064779625e-22,3.00841544051193e-22,7.41892191847443e-22
"TCGA-J2-A4AE","TCGA-LUAD",0,7.7306663678953e-23,8.67325560800217e-22,1.07890726424069e-07,3.44861891191898e-06,2.36154834680952e-23,5.98472670441019e-22,0,2.72029797734743e-06,2.83203597198888e-06,2.84682437390902e-23,4.04300925138731e-23,0,0,1.61008730721407e-23,0,2.74103126527168e-07,0,0,3.03298522211855e-23,0,3.22650552625269e-22,0,0,2.31862823550937e-22,6.82493222738736e-22,0,1.57194940567078e-08,1.68976900465217e-25,0,0,3.91038355329286e-23,4.01772459371765e-23,8.98801526605166e-26,1.00954359359114e-07,1.98259686183398e-24,0,1.03878374482439e-23,2.78582154806521e-07,0,0,1.10738277639951e-22,0,0,0,0,0,0,7.55112250949675e-22,0,1.05230260801509e-21,1.64518134776308e-23,0,3.37468483608787e-07,0,0,3.26445954893332e-26,0,2.82632055213064e-22,2.55144250631648e-05,1.98050301582305e-22,1.90645293641577e-23,2.44605589923937e-23,3.3929736134342e-22,1.39230057188789e-07,1.54584743614945e-22,1.39230057188789e-07
"TCGA-55-8621","TCGA-LUAD",2.08358697460934e-22,0,0,0,6.35913902624482e-06,2.09796809928513e-24,0,5.30007621362257e-22,6.91449994009127e-07,1.74552288434962e-06,0,0,0,2.77860380259921e-23,3.53611525728411e-23,0,1.36672920430343e-23,1.30705600124116e-22,0,0,0,0,0,0,0,0,7.41336154391655e-22,2.33961690799739e-07,2.87092499248706e-19,0,0,0,0,1.17093470825609e-26,1.16959333122901e-07,3.34662660078307e-23,9.31621103074364e-08,1.19321945501852e-22,4.10212951996958e-07,0,1.40118088007151e-22,7.18792505913406e-22,1.1026176102967e-06,1.06210914205957e-22,2.71274555179138e-22,3.83174959186808e-24,0,1.65691627750119e-22,0,0,3.40228499256187e-06,0,1.35815812169769e-21,2.42813738577897e-07,1.60401521907623e-22,0,2.3664407407535e-24,1.75201518554905e-23,2.25068561966186e-22,3.53514080370873e-05,1.28871535014737e-23,0,0,0,7.79728887486013e-08,0,7.79728887486013e-08
"TCGA-75-7025","TCGA-LUAD",0,0,8.04115195786999e-22,1.00922895217381e-07,2.01730460844271e-06,4.068522458085e-24,3.87324192441399e-22,0,2.15515182142224e-06,2.31829878394144e-06,4.15696864268958e-23,5.24558608655858e-23,8.85300014824162e-23,1.69788018960319e-22,2.05179119745138e-08,0,3.54594150992528e-07,2.23881923009386e-23,4.04006178783032e-23,0,0,1.72156116012912e-23,0,5.67532249444607e-23,1.17138502583118e-21,0,5.51468228745021e-22,1.09663137447024e-07,0,0,0,0,0,0,0,1.34705037955309e-24,1.21754830641926e-21,2.50559588163157e-24,2.05817956104138e-07,0,1.06377209636965e-23,0,0,3.55285244526477e-22,3.85077737385791e-22,0,0,3.97815223316805e-23,0,2.29420116164294e-22,1.81561604542723e-21,3.51421322122295e-24,7.8081341697223e-21,1.71746406375996e-07,0,3.77162023668148e-22,2.25760591849473e-25,4.09942955130375e-23,0,6.78787349595403e-05,0,8.29685620471963e-23,0,1.92718203743894e-22,6.72819301449204e-08,5.8569251291559e-22,6.7281930144921e-08
"TCGA-78-7537","TCGA-LUAD",0,0,0,0,1.0438802649923e-06,1.92587073302461e-24,1.73826986600236e-22,0,1.33131837195509e-06,8.58668822338895e-07,2.77823515980504e-24,7.16653916223333e-24,2.50116011840741e-23,0,4.30804442418195e-28,0,2.94625292453278e-25,6.38281418975039e-23,0,1.64679839412221e-22,2.55832553080259e-22,0,0,0,2.17732187570171e-21,0,5.53588259012728e-22,0,3.32456037263048e-23,4.46954647767015e-24,0,6.37215156567017e-23,1.42038175501586e-22,1.3767101279702e-23,0,8.96514335134719e-25,0,2.40663233781503e-23,7.9499008301389e-07,0,3.87416865417116e-22,0,0,5.09178674618138e-23,1.28395454680531e-22,1.85500932470574e-23,0,2.26299373323035e-23,0,2.69143300388088e-22,3.38448425666802e-07,0,4.76682477216025e-21,4.64126441548539e-07,1.6877679189431e-22,2.96359257166887e-21,0,0,0,7.47011563295174e-05,0,0,0,8.49544007618112e-24,4.30409797987051e-22,1.21657721439099e-21,1.64698701237804e-21
"TCGA-95-8494","TCGA-LUAD",7.30215014884444e-23,0,0,0,6.79934007484896e-06,1.56917796959343e-22,3.77581754419268e-23,0,1.73574319226015e-07,0,0,0,0,0,0,6.49495054165502e-23,1.26962712490533e-22,0,2.87961669721175e-22,0,0,4.04107621920585e-22,1.29007464168e-19,0,3.13763509327858e-21,0,0,8.25000444128235e-23,0,0,0,0,7.53724645110368e-23,2.64260126217097e-23,0,0,9.7120637341022e-22,4.09443728169171e-23,1.998340357861e-06,2.47427401103539e-22,0,4.433548265717e-22,1.41286749294753e-05,0,0,0,0,4.38700971579853e-22,0,3.89140825794161e-07,3.42086502153445e-07,0,6.7470070344467e-22,1.89095836231887e-25,0,0,2.54572299110986e-24,5.55939980427447e-24,1.95235570478143e-22,3.39562631576808e-05,3.17135695246904e-23,2.87339655536543e-23,0,2.31399766871971e-22,5.61872395666959e-22,1.56881754663929e-21,2.13068994230625e-21
"TCGA-55-7903","TCGA-LUAD",0,1.43188852267555e-24,3.53875116648791e-21,0,3.52715892013501e-06,1.16777554040101e-22,0,0,1.03679703494546e-06,6.71853215578888e-07,3.11232425439574e-23,0,0,0,2.00173844643753e-23,1.43736826177298e-22,5.73317109626884e-09,2.28708939364924e-22,5.96230544582328e-23,2.12976125074579e-22,0,2.5465564449003e-22,1.07190532178909e-26,0,0,0,5.83452303405293e-22,0,0,1.9830725695867e-23,2.17001403883329e-23,1.00784681994513e-22,0,0,2.15460700729716e-08,0,0,2.58256200763377e-24,2.34809669995029e-06,6.64713125376378e-23,6.62225731707176e-22,3.00134937586884e-22,1.59041443080822e-06,1.38329911679653e-23,2.62782276549686e-22,1.93007169922165e-09,0,0,0,5.36998492771689e-07,2.92188244085162e-06,0,0,4.20677581178239e-08,5.11873002075876e-23,1.45569464753008e-21,3.19335904241792e-24,0,3.93591815110412e-22,3.83948635817662e-05,1.0500313262322e-22,0,0,0,1.43640467153152e-08,7.15944261337776e-25,1.43640467153152e-08
"TCGA-NJ-A4YQ","TCGA-LUAD",0,3.84832699239369e-23,3.27735649628638e-21,0,8.20794730811703e-06,1.37867869107425e-24,1.45761477360735e-21,1.74342552764664e-22,1.66071892889533e-06,5.13703451759616e-06,3.30696879281627e-23,0,0,2.18729940910234e-21,1.60830773599061e-23,9.55350773030434e-23,3.46192367598964e-07,2.46842133006017e-22,8.42578025094458e-23,2.05130764210422e-22,0,1.12371855799731e-21,1.69521215683572e-23,0,0,0,1.20693861642399e-21,8.8346794309098e-23,0,0,0,5.43765590277923e-23,0,5.03761585535698e-24,6.39727041019095e-08,0,0,0,4.28413275370711e-07,0,0,1.95002153927468e-22,9.29742286655952e-06,1.17325422748662e-22,0,5.93103036119421e-24,0,0,0,1.34405184309349e-07,0,0,0,5.10189821294579e-07,4.73731363012249e-22,1.78046128871103e-21,0,0,0,3.70673619260349e-05,0,0,0,2.08198404088658e-22,4.2648469401274e-08,1.92416349619685e-23,4.26484694012741e-08
"TCGA-93-7348","TCGA-LUAD",0,2.65284140950617e-24,5.5000380527892e-22,2.7885752652848e-08,2.81916303697412e-06,3.61657912989797e-23,0,3.70883057180526e-23,2.17849687427766e-06,4.91126767712382e-07,1.75701401351511e-22,7.39115174837488e-25,1.06771336992087e-22,0,0,0,2.29296615836764e-07,1.26475787307789e-23,1.92126687421614e-22,3.99190171385722e-23,3.23020639694353e-22,9.45727396225294e-23,0,0,3.61120872498844e-23,0,0,0,0,1.59589776986244e-23,0,2.73685898063782e-22,0,0,0,0,4.08083391868454e-22,0,1.43912553776892e-07,1.26945368899104e-21,0,0,5.38260159637631e-21,2.99196707986578e-22,0,0,0,0,9.13295816672657e-22,3.2355741568797e-22,0,0,4.14634454644164e-21,3.89226058494828e-07,4.6005269911052e-22,2.17238218838574e-21,8.96187566930352e-27,8.11625002403764e-24,0,6.01853424343465e-05,3.37484234325421e-23,0,0,0,1.85905017685662e-08,1.80892784176872e-22,1.85905017685664e-08
"TCGA-86-8054","TCGA-LUAD",0,0,1.0835757288618e-21,1.23233406539837e-22,2.78557209685097e-06,0,0,1.30033672609831e-22,9.21958491763689e-23,1.92755061191499e-23,1.52994917844603e-22,2.9029952336034e-22,0,4.04117540434194e-22,0,0,0,0,0,0,0,4.07133966401682e-23,0,0,0,3.37848465240907e-23,0,1.39339808755979e-22,7.30395760003316e-24,4.2251791595563e-24,1.12828847486035e-23,3.05396587391588e-22,0,5.07658985925769e-24,0,0,1.43858173321086e-21,0,1.11645295370834e-06,0,0,0,0,3.17607782009411e-22,3.42217128335019e-22,2.29131517772114e-25,0,0,7.11430313351474e-22,0,0,1.130646022436e-24,0,3.36253103766203e-08,0,1.45423326733495e-21,0,0,9.25807139325169e-22,7.5181207085087e-05,0,0,1.43189379923918e-21,6.91837068077006e-23,1.06740459992883e-21,0,1.06740459992883e-21
"TCGA-44-2655","TCGA-LUAD",0,0,1.39327848012875e-21,8.28596988767859e-25,3.80912914514389e-06,0,1.21763062031771e-22,9.76004049503767e-23,5.81094254182699e-08,2.53660407961876e-06,0,0,6.3459474147411e-22,0,0,0,1.68831428643397e-07,0,9.15152764362656e-23,8.75446255745924e-23,0,2.03483168493749e-22,0,3.70036323432422e-23,0,2.41089137389654e-22,1.86570863075353e-22,9.33851271411316e-08,0,3.99594444701806e-23,0,0,0,0,7.55267245120416e-23,5.44460005354739e-24,0,1.20495963000619e-08,1.1466475590127e-06,0,0,0,0,0,2.07800741181503e-22,0,0,0,0,2.03030525549763e-22,4.17631825485367e-22,0,0,1.86615900845476e-07,0,1.39402217227085e-21,0,0,3.5508808417847e-22,8.07489388812133e-05,8.87605113998e-23,0,2.40586533160881e-23,0,3.09989013679685e-22,0,3.09989013679685e-22
"TCGA-50-5936","TCGA-LUAD",3.38363869693121e-22,1.62435598821699e-22,1.03394562765746e-20,6.11733234742358e-23,1.88862792713182e-06,0,0,2.50615097718789e-23,9.61833045124126e-09,5.57162025368506e-07,1.16849836973493e-23,1.13114436681729e-22,3.9491908353515e-23,0,1.20772572252696e-25,0,1.68810286726799e-07,0,2.82040078135043e-23,0,0,0,0,3.14336428615408e-23,1.8371363596718e-21,1.34281693640517e-22,6.53645245554747e-22,0,0,2.48274015322972e-23,2.73093659996426e-22,8.59899700232638e-23,6.15075557562805e-22,2.37103845395423e-24,7.61893274646967e-23,0,4.7247753190096e-22,3.23786443790244e-23,6.4778181997165e-07,3.66323089789866e-22,5.2762818100937e-22,7.33932999265645e-23,0,3.88347174278327e-22,0,7.66547233952967e-24,0,1.32553130451318e-22,0,0,6.4951796483828e-23,0,0,9.28211582511808e-08,0,4.72787329537348e-21,1.94883410757553e-25,1.26542368111674e-23,0,0.000101984157000246,2.79249374823837e-23,3.46921490824669e-24,9.89933473584786e-24,0,6.81139919250995e-22,9.99785979246748e-22,1.68092589849774e-21
"TCGA-50-7109","TCGA-LUAD",9.74986055331073e-22,0,0,5.84448627790034e-23,5.9846200473184e-06,0,2.02800050952764e-22,7.07104272341002e-22,1.07823616634902e-06,6.96709310463698e-07,0,0,0,4.61899908263273e-22,0,0,6.72209490965136e-08,0,0,4.60287378400625e-22,0,0,1.40859390837927e-22,0,2.76009881316607e-21,1.3424285503832e-21,2.19895319203007e-22,0,0,0,0,5.75675671698842e-22,0,4.38837155892084e-25,0,0,3.03185413383803e-21,4.30911319679912e-24,2.99434273707968e-07,0,0,0,5.57635053935415e-21,0,0,0,7.98701942968376e-28,5.40655155376151e-21,0,3.09848584939295e-22,1.96722919326941e-21,1.65703770483705e-23,3.63060043444648e-21,3.32352195828491e-07,0,1.64692012706818e-21,0,6.8305447287741e-24,1.2563992326341e-22,9.4393189369178e-05,0,0,5.90862418878837e-23,1.40624775064097e-23,4.80537582598732e-21,1.38004940658303e-21,6.18542523257035e-21
"TCGA-49-4488","TCGA-LUAD",3.21515890206271e-22,0,4.13315155789117e-21,0,4.33069783311022e-06,0,6.73541891746719e-23,4.79807368269248e-22,1.35075334370962e-23,1.4820505608818e-06,0,0,0,0,1.17476181639079e-24,0,1.00384260232927e-07,0,0,0,5.00725689175938e-22,4.44368202620608e-23,0,1.31064621760997e-22,0,0,3.20313181950086e-22,1.9322695431473e-22,4.89750712890131e-23,5.25614005842512e-23,0,0,0,0,0,0,0,0,1.50000028357331e-06,0,0,0,1.43357655281831e-05,0,7.79016720971621e-23,1.02103823427261e-24,6.03781322003819e-27,7.47326703791023e-23,0,5.99977804884849e-07,1.73804170815373e-06,0,0,1.6938282885513e-07,0,0,0,0,0,4.2969145746696e-05,0,3.21181396159889e-23,0,0,3.99317905940274e-22,2.50362844587969e-22,6.49680750528243e-22
"TCGA-38-4630","TCGA-LUAD",0,2.38702267478084e-22,0,0,1.45220188802443e-06,0,3.46565438956554e-23,0,1.46907280051571e-06,0,0,4.76772769851449e-23,4.52808638106893e-23,0,0,0,1.37026091724993e-23,1.19027568008707e-22,0,0,7.7313753518385e-23,0,0,0,1.33514112746777e-21,4.92213551156952e-22,0,3.98300094617034e-22,5.36285308821255e-24,0,0,0,0,0,0,0,2.41418674468915e-22,0,2.17663420280204e-06,0,1.64553043994783e-22,1.3719409755984e-22,5.075419243759e-22,3.20011134997001e-22,1.09158858649169e-22,7.60051997983428e-24,0,1.45055299508697e-23,2.33528013344224e-23,0,4.22651513092609e-07,0,1.52428911086881e-21,2.17808843668678e-07,4.77101001183979e-22,0,0,0,8.76717862418441e-22,5.36785366539604e-05,0,3.1113272487467e-08,0,0,1.66725768176813e-22,8.25578574232119e-22,9.92304342408932e-22
"TCGA-78-8655","TCGA-LUAD",7.27400290547073e-24,0,0,3.39694965532233e-23,7.73398618129202e-06,1.0640150313611e-23,0,1.01642445519147e-21,8.80981311919229e-07,4.51868274713508e-07,0,0,2.63173106512403e-22,1.53456984854691e-21,0,0,1.6484163315086e-23,1.50805229890621e-22,5.98765587349339e-22,1.23262776852148e-22,0,0,9.31266703320289e-24,1.68607065576537e-23,2.76485913707661e-21,0,0,0,0,4.27311750290725e-23,0,0,0,0,2.82110507416575e-08,0,1.2042812194827e-08,1.90939183065038e-23,1.92627887133359e-07,5.54546822054458e-23,8.15975368811168e-22,0,2.49524291621713e-05,4.57863295409422e-23,0,2.97740764384293e-24,0,2.48975090289197e-22,4.68062842744884e-22,7.38994763138942e-08,0,1.00694245423e-23,6.11282836970963e-22,1.60555301607322e-24,8.28576084553402e-23,0,0,2.19941386952172e-24,8.88934114802459e-22,7.02583173471576e-06,0,1.2122207328742e-22,0,5.89943997825927e-22,1.88073671611068e-08,1.3824295685383e-21,1.88073671611082e-08
"TCGA-75-5125","TCGA-LUAD",6.52995245551973e-23,0,3.71368350895815e-21,2.55032755540073e-08,2.01180391697026e-06,3.76202768384406e-24,0,6.36004144608682e-23,1.25732215542129e-06,2.61240008605728e-06,0,1.54346775978183e-22,4.66837935069302e-24,0,1.71117352180451e-08,0,2.04657006537209e-07,0,0,0,1.28994213157129e-22,2.03877531400788e-22,3.01059185237084e-22,0,1.88559963799049e-21,0,1.27118272878887e-21,0,0,2.99037888264213e-24,3.39708122545673e-22,0,2.23950489102327e-22,2.11427010646373e-24,0,2.36345365917179e-26,5.8456412207657e-22,1.22363872521752e-23,1.4553841531455e-06,0,1.69947955365384e-22,1.94611068744555e-22,0,4.59001341035188e-22,1.66150707044504e-23,7.2100126837124e-25,0,0,0,0,8.15485905240214e-22,0,1.17055215494088e-22,2.00406819605832e-07,1.99784747728998e-22,4.72800398310423e-21,1.04946665424726e-08,0,5.23268540972339e-23,7.34607890330963e-05,4.4388356416187e-23,3.36782030966384e-08,2.03372119341395e-24,3.50274315124223e-22,1.70021837026719e-08,1.00729692557381e-21,1.70021837026729e-08
"TCGA-78-7167","TCGA-LUAD",0,7.3699446795953e-23,7.40715608048143e-21,0,4.66989482694607e-06,0,0,4.08638723184279e-22,6.19927153765921e-07,3.15176509792308e-23,0,1.34361883594793e-22,0,0,3.48492106945583e-23,0,0,1.13606245259674e-22,1.80333220563021e-22,2.84817658737496e-22,0,0,2.89971471819926e-23,1.4256489094961e-22,0,1.093539131645e-21,2.63406047642471e-22,2.8266429695203e-22,0,3.44900789119258e-23,0,0,0,1.3680078139227e-23,1.26773956495626e-26,1.25042973888986e-23,2.18747869882416e-21,2.67224176903018e-23,6.42982328852193e-07,0,3.97484207531514e-22,0,2.26976215985475e-21,0,1.83897227936868e-22,1.29534900819113e-24,0,0,0,0,0,0,0,1.47614534762558e-07,4.10309351400451e-22,1.31885908414982e-21,0,6.40217655731164e-24,0,6.81018464196908e-05,1.03893997212606e-22,0,5.43967867213055e-22,2.08416410067408e-22,8.16876766962488e-22,3.68497233979765e-23,8.53726490360465e-22
"TCGA-86-8585","TCGA-LUAD",1.30435926548176e-22,4.74491741255143e-23,2.54405060942509e-21,0,6.16656103057524e-06,5.92054476207424e-23,0,1.71587668756128e-22,2.52482063601551e-06,1.75672597830034e-06,0,2.19775110646584e-22,0,1.3790548546621e-21,1.0149297973298e-22,0,3.02515869735685e-07,0,0,0,5.28834086314488e-22,0,1.15100657077267e-23,3.09886597676225e-23,0,0,3.28685835165912e-23,1.48671646395986e-22,4.74599916144376e-22,7.62040676025952e-23,0,2.465538875303e-26,0,1.0112895496642e-23,1.65284535224769e-08,4.12629570358971e-24,4.06424385629451e-26,2.98738444716479e-23,1.57193960154548e-07,0,0,0,2.4734441311882e-05,3.19260522967785e-22,0,0,0,0,0,3.33537998630339e-07,0,5.11172987904069e-23,0,2.50782151441435e-07,0,3.80964444440063e-22,7.42669168890828e-24,0,9.6979577332026e-22,9.24290599669776e-06,0,2.81732085425308e-23,1.55747725752089e-22,0,1.10189690149848e-08,2.88141630220001e-22,1.10189690149851e-08
"TCGA-44-7670","TCGA-LUAD",4.18440435190074e-22,0,0,1.82705165343233e-22,2.46875833216231e-06,0,6.64402583427207e-24,7.37815029010122e-23,2.68905981571157e-07,2.74834453847644e-07,0,1.98293919453967e-23,1.12406450278305e-22,3.89124368214029e-22,4.0048031329243e-23,0,0,0,0,1.0812808401848e-22,0,2.42727414014949e-23,0,5.52141651580597e-23,9.35060794102773e-22,4.36611013918906e-22,2.12271723582665e-22,0,0,0,3.16794881861811e-24,1.47600358287527e-22,7.80881961437617e-23,0,0,1.1638480664133e-23,0,0,1.21038147474776e-06,0,0,0,4.08669627349756e-21,0,3.30916122044204e-23,0,0,0,3.78805982493341e-22,0,2.56261523598608e-06,0,0,4.84503406353332e-09,0,7.83962873062673e-22,2.78350220486795e-09,0,0,3.32908473012197e-05,2.98574790752177e-23,0,0,1.05978437334182e-22,6.23415484260323e-22,4.67530397051387e-22,1.09094588131171e-21
"TCGA-97-7938","TCGA-LUAD",0,0,1.53527149195342e-21,1.25285680901202e-22,3.52596823219475e-06,1.83380088175507e-23,0,7.5693619177139e-23,5.48016078237724e-07,1.37587028480762e-22,0,6.18655328585182e-23,5.65778520556247e-23,0,1.39019377977379e-23,0,1.75835218981247e-25,0,0,0,0,0,0,7.68466451411913e-23,0,0,8.51966768279153e-22,1.18650128394339e-07,0,1.05983492660055e-23,1.82658109721473e-22,0,0,5.96514308669979e-24,2.43102378702735e-23,1.5791156321139e-23,0,0,5.2839176297108e-07,0,0,8.01624982302388e-23,0,2.43537665716383e-22,3.62416302026456e-22,4.16129248440028e-09,0,0,2.0291396652818e-21,0,1.27699604130045e-22,0,0,4.98407906913266e-08,0,1.12808989156518e-21,0,3.14512352905822e-23,4.29892942994529e-22,7.02510886429169e-05,7.46897065697203e-23,0,1.33619613440655e-22,2.47632246099451e-22,1.54419649072595e-21,0,1.54419649072595e-21
"TCGA-62-A472","TCGA-LUAD",0,6.23436614723619e-23,4.88986972629104e-21,2.74798531534055e-25,1.80667777001262e-06,0,0,0,1.74611796970933e-06,1.37868094170901e-06,8.71765442306631e-24,0,1.0286112531414e-23,8.43082212970022e-23,2.29176638885469e-27,1.04387763776254e-22,6.36076612424411e-24,0,2.34672276297974e-22,0,0,2.39818510899501e-22,1.47607233675427e-22,0,1.75547722325967e-22,7.95011679240528e-23,0,0,0,0,3.48012916481896e-23,1.08008006031849e-22,2.88505062546821e-23,9.35729379789812e-25,5.64502382457907e-08,0,0,1.48478171701949e-09,2.10519822127082e-06,0,0,2.81375709995752e-22,0,3.43774941453939e-22,2.34195395210007e-23,1.71247493797906e-08,0,4.96643958936175e-23,0,1.47646675373521e-22,6.71635597288857e-07,1.24359711575365e-23,0,7.29081316485029e-08,9.90098055651797e-24,1.76688309143209e-21,1.06055592065477e-08,1.41828681510722e-23,1.9725203076936e-22,3.77746724378586e-05,0,2.26602437281036e-22,0,0,3.76334921638607e-08,1.18945691899164e-22,3.76334921638608e-08
"TCGA-67-6216","TCGA-LUAD",0,2.40912988342636e-23,8.56677147804451e-22,1.27245982894493e-07,2.86843804696118e-06,0,0,0,1.1559977081155e-06,2.710299093236e-06,0,0,0,0,4.05793141189971e-10,0,2.70359270864348e-07,1.25547483837758e-22,1.33197277456035e-22,9.64179873941005e-23,0,7.48123307577631e-25,0,0,0,1.54760864980882e-22,9.11256783116351e-22,2.00317486733101e-23,0,0,0,0,1.39662816958424e-22,0,7.89245451431368e-08,0,0,2.79113676137201e-08,1.19951331279581e-06,2.42983886112138e-22,0,0,1.9648119831675e-21,2.12748157803576e-22,0,0,0,0,0,3.10252120313771e-22,1.75658058423948e-06,0,0,5.85506751457413e-08,0,0,9.06951372744233e-09,6.36107184533169e-25,2.72158573147327e-22,2.78678071847958e-05,1.48047735508466e-22,1.29743402260148e-22,0,0,1.37447018691753e-07,1.20456494171318e-23,1.37447018691753e-07
"TCGA-44-5643","TCGA-LUAD",3.53969748171702e-23,1.29449333614095e-22,0,1.03781105418629e-09,4.03495505056894e-06,0,0,1.70649348863544e-22,1.57347773700986e-06,1.19108445241004e-06,5.06679803233368e-23,1.04342370789962e-22,0,6.67289454599319e-23,2.28183319199564e-24,0,1.69278192504124e-07,2.47642749111112e-22,0,1.23811031261185e-21,0,2.72658395299428e-22,3.92989092123671e-23,0,8.04220193505088e-22,0,0,0,0,0,0,6.3666454103169e-23,1.0015327149956e-23,5.30066365910497e-25,9.90222571761053e-23,0,0,5.87368916002523e-24,2.23864275561551e-06,0,0,0,1.16012388070229e-21,0,0,0,0,0,9.85840560974277e-23,0,2.17971210902368e-06,5.7382258797861e-23,1.04807295530848e-21,6.83657587299712e-08,0,7.6515915344503e-22,1.16005543591184e-08,0,0,2.80797606497721e-05,0,6.37642022195212e-23,2.67627602005427e-23,0,6.9187403612556e-10,4.66834763559591e-22,6.91874036126027e-10
"TCGA-62-8399","TCGA-LUAD",2.86529320863097e-22,0,0,5.14020018486596e-23,6.5332477637976e-06,0,0,0,3.16161465379868e-07,2.28103237911161e-22,0,2.26530968679194e-22,1.19034457861091e-22,2.24242020993209e-21,4.93461264110323e-23,0,0,0,2.22462206934027e-22,0,0,0,5.42472444150898e-23,4.24996231209275e-23,0,0,0,0,1.40893431436181e-23,2.43603318351755e-23,0,0,0,0,1.10324116510975e-08,0,2.28504337577697e-08,0,1.31356491667891e-06,0,0,0,4.75396557123464e-06,2.94295832651565e-22,0,3.38090149951573e-24,0,0,2.85438522648026e-23,3.22740588742183e-24,0,9.88827091915217e-24,0,1.76260160466909e-08,4.62302729025162e-22,0,7.83962339107992e-27,0,0,4.29715192016509e-05,4.4103092920154e-22,3.28437833086007e-23,0,0,7.35494110073186e-09,0,7.35494110073186e-09
"TCGA-50-5946","TCGA-LUAD",0,1.75945015172748e-23,0,2.65271410494502e-22,4.10488168582073e-06,2.79163269884371e-22,0,0,4.77916335534281e-07,5.15902849280013e-23,0,1.86261371429876e-23,0,6.12710120788401e-22,4.19547358669922e-23,0,0,3.21632309403883e-22,5.28758310218288e-23,2.73816340044813e-23,0,2.28959085450272e-22,0,5.0071214429078e-22,9.3686884789065e-22,2.79749257050996e-22,0,0,8.97680048831528e-20,0,1.29159365130612e-22,0,0,0,8.10629479927499e-09,0,5.41424828547578e-22,2.32036652512986e-23,1.46378644156804e-06,0,1.63135880857187e-22,0,0,1.68152735766661e-22,1.24721912910459e-22,2.15145799853567e-25,0,0,0,1.46956536900636e-22,3.01495467977269e-06,1.23370359927241e-22,1.66009209390771e-22,1.35192116941314e-08,0,0,0,0,0,3.33539074689019e-05,1.28591080009508e-22,5.42021866924169e-23,5.28284587441336e-24,9.06498083520729e-23,5.40419653285046e-09,4.77231674703962e-22,5.40419653285094e-09
"TCGA-86-7955","TCGA-LUAD",2.2166842487379e-22,0,0,1.03263313688346e-23,1.70721966234881e-06,0,2.38705377864105e-22,0,3.71405554925094e-07,1.23967919260779e-06,0,0,3.44395116029914e-23,0,6.1405140632254e-26,1.64306371045924e-21,1.67024997829656e-07,8.58900805421481e-23,0,6.86238464979877e-23,0,0,1.12927788352828e-22,1.25319715848889e-22,2.12488047903307e-21,1.08843074299864e-22,3.99705073304606e-22,0,0,0,1.30991982893862e-22,1.65367028400823e-22,0,1.2376366226012e-23,0,0,2.54283384053731e-22,0,2.08063251639079e-06,0,0,0,0,7.23004351876043e-23,0,2.18561270191302e-24,0,0,1.51677694047782e-22,2.17461905056143e-22,2.32320015445775e-06,0,2.59716288151017e-21,1.33420988115685e-07,1.2796970783013e-22,2.09329896293507e-21,0,0,9.62302512599764e-22,6.78630503384622e-05,3.36351363536255e-24,5.88012276153192e-09,5.08494694676812e-24,1.01962126671785e-22,2.63996600210285e-22,1.06244023951654e-21,1.32643683972682e-21
"TCGA-86-6562","TCGA-LUAD",3.34427838976807e-22,2.60055725166357e-23,0,0,4.83034504612558e-06,8.53677114954767e-23,9.45589183228797e-23,7.06359492047096e-23,0,1.6771247448721e-22,3.55041736253547e-25,0,0,4.37339145089204e-22,0,0,1.64385616625004e-24,4.22532389485663e-24,1.47953440388563e-22,1.77820652042594e-23,0,3.86656174231027e-22,0,4.30927691128407e-23,0,1.37739772468862e-22,2.64928350064602e-22,0,0,0,5.77690455011777e-23,3.45108707532548e-22,9.14979288967156e-23,0,4.83917259727549e-24,7.42888502998833e-24,6.19370423109159e-08,0,4.88476658187752e-07,8.89729564947539e-22,8.2322882247031e-22,1.48580203304621e-22,1.00459927435436e-06,3.11858005305679e-22,0,3.29608600701905e-24,0,2.54112060060447e-23,0,4.47403642460942e-08,3.00977863988707e-06,4.26775587609263e-24,5.15642370615998e-22,1.66042581507266e-08,0,4.13005458899242e-22,0,1.16242071773598e-23,7.12510655367454e-23,5.56286729969222e-05,0,0,0,0,1.11577473149745e-21,1.30027862583178e-23,1.12877751775577e-21
"TCGA-55-8208","TCGA-LUAD",8.04446274104489e-23,1.94906522158923e-22,8.14561536801009e-22,1.14800070573527e-07,5.68471477372784e-06,0,4.59366144855281e-22,1.0645709319573e-22,6.92035999759627e-07,4.14874125487732e-06,0,0,6.57173080987402e-24,0,2.73944770143745e-24,1.15628537141819e-23,4.36338101685965e-07,6.48144938824188e-23,0,0,0,6.13483114000982e-23,2.81095022011411e-23,0,1.64207757346467e-21,1.782148666105e-21,5.04335265982664e-22,7.16510197925608e-23,0,0,2.42958841292511e-22,2.3920003060291e-23,0,8.71469774318721e-26,0,1.63075759797361e-23,6.95454250454735e-22,5.18492180504798e-24,4.3014005769821e-07,2.27772122181459e-22,3.9365587280676e-23,0,0,0,7.8636642798708e-22,0,0,6.29657370071153e-23,0,2.16706697258056e-22,3.31828325951786e-22,1.06719144746003e-22,2.52329532427673e-22,4.34026041952953e-07,8.76414158160317e-23,0,0,0,0,5.20805884872041e-05,0,0,0,3.74511222727912e-22,7.65333803823516e-08,9.18492047811794e-22,7.65333803823525e-08
"TCGA-97-7553","TCGA-LUAD",8.38332004951447e-23,2.17359981576282e-22,7.28727834939783e-22,1.47563284590417e-22,9.77607588510615e-06,1.39872908984026e-23,9.02950079206257e-23,6.10781901080737e-22,2.72668453479957e-07,1.34451862996755e-06,0,6.84107876860712e-22,0,1.55382841364927e-21,0,1.20861062430173e-21,4.29779845968462e-08,6.39738719546876e-24,0,0,0,5.41275192282438e-22,4.23429432129917e-23,2.98407997527018e-22,0,0,0,2.92412247675721e-07,3.65939522223947e-26,1.14796179990552e-22,0,4.33185737200201e-23,6.5309937444072e-23,1.14744165747006e-26,1.92218327298668e-07,2.35396049994522e-23,9.91930356460033e-23,0,4.99287759043858e-07,1.69339059369874e-21,0,1.09487884715639e-22,0,4.95040921688115e-23,1.03751033159146e-22,0,0,1.78367946536233e-22,0,0,0,7.39257763762443e-23,4.61183863426037e-21,0,9.04180684773136e-22,5.88452204597542e-22,0,0,0,3.30385808394512e-05,0,2.30050584750874e-23,0,3.25561321063252e-22,1.28145551532446e-07,1.08679990788141e-22,1.28145551532447e-07
"TCGA-44-6779","TCGA-LUAD",8.00020684438635e-23,7.41582854806989e-23,3.96973230744261e-21,0,1.03091311363141e-05,2.13439028769727e-22,0,0,2.25012775445471e-07,3.21582245140507e-06,2.10450851863324e-22,2.38619701711799e-22,0,0,0,0,0,0,0,2.54189295400802e-22,5.83009187767978e-22,9.79108215621449e-22,3.27632677206611e-23,3.67828415551706e-22,0,0,0,5.51419953791818e-24,2.10044529060874e-23,0,1.03913576790449e-22,1.07849795490083e-22,4.3622160665282e-22,1.74709621015613e-23,1.19248449561263e-07,0,1.62323973309113e-24,4.03965059949909e-23,3.38114761266284e-07,0,3.41750611631528e-22,2.89264093772916e-23,1.0346285964388e-07,3.33544531187933e-22,0,8.60621924384175e-24,0,5.93127073252923e-23,1.96155508794215e-23,2.22001132543555e-08,8.7236774457178e-22,0,5.71109523680892e-22,2.29424020689173e-23,0,2.07669784967401e-21,1.62875072932363e-26,0,6.63022135001255e-22,5.23879700862897e-05,0,1.42535553550997e-23,1.2455293771129e-22,0,7.94989663741765e-08,3.28583736624338e-22,7.94989663741769e-08
"TCGA-75-5122","TCGA-LUAD",0,4.84110714784226e-23,2.11291487633068e-21,0,8.92753650483601e-06,1.06239079553267e-23,0,0,6.52955409866591e-07,4.35715336165984e-06,0,8.16718176118474e-23,3.53538072684186e-22,2.5725185008159e-22,1.14021185593174e-23,0,1.33351798846568e-07,0,1.77946801587451e-22,0,1.05281159339089e-22,5.13597073305351e-22,2.83817859362789e-23,0,0,0,0,0,0,0,2.06315841670177e-23,1.98383886911994e-23,0,0,1.05318350155992e-07,2.34842810148872e-23,0,1.59141545970109e-23,1.04536380511609e-06,2.90209612097683e-22,1.27926535003538e-21,0,1.05359078597728e-05,0,0,0,0,2.99720923385561e-23,6.31594775193954e-22,2.49782859669481e-23,0,6.00885795069713e-23,0,9.188993543922e-08,4.87616073576782e-22,1.37792671180116e-21,7.2173029192122e-09,0,0,1.59327775266217e-05,5.08824116353323e-23,0,1.14270867992284e-22,0,7.02122334373294e-08,7.68461154087559e-23,7.02122334373295e-08
"TCGA-49-4507","TCGA-LUAD",1.89520193032565e-22,0,4.48262352671259e-21,9.17340590195914e-24,5.49838607980734e-06,1.73672701615159e-22,0,1.52219787887247e-22,1.32991792020058e-07,2.23437145883645e-06,0,0,4.14125138609602e-22,0,0,0,1.64032167545679e-23,0,4.72286659383309e-23,0,1.67421989231203e-22,2.28553967910748e-22,0,3.28921505115001e-23,0,6.24132736700887e-22,1.38924257853985e-21,0,0,0,0,1.88649205042581e-23,2.12744886538271e-22,0,0,1.02295848190758e-23,0,0,1.78481006715057e-06,0,1.06029763291332e-21,0,7.76984705741894e-06,0,1.26324659087406e-23,0,0,4.609255208261e-23,2.08760012948188e-22,7.7258758410279e-07,0,0,0,2.77666888892072e-07,7.65542944910915e-23,2.01726965760547e-21,0,0,0,4.48145009008816e-05,1.14341232108046e-24,0,0,1.9161237564888e-22,1.14930818676555e-21,8.37109946156016e-23,1.23301918138115e-21
"TCGA-NJ-A4YG","TCGA-LUAD",0,0,3.30223742372462e-21,6.18610762282306e-25,3.59747904348609e-06,0,0,1.68282205676085e-22,1.11445540433708e-06,8.4133223773612e-26,0,7.57359258540907e-23,1.53781179012215e-23,0,2.04853340545749e-25,3.20243133433225e-23,5.4423493958095e-08,0,4.88232652824342e-23,0,0,2.71281348745759e-22,0,1.69693566748548e-23,0,0,2.58624411233092e-22,0,8.43212527592372e-23,0,0,0,4.14088353435262e-22,7.88433811959676e-25,1.20726918159318e-08,2.27723126619352e-23,2.05293184473126e-23,0,1.48870063531493e-06,0,0,0,1.01971342796496e-05,0,0,0,0,0,0,5.32340794215457e-07,1.5331968210688e-22,0,0,2.42408645325384e-08,0,1.50311544810405e-21,2.07829241296676e-23,3.5371987708657e-24,0,2.99536305158587e-05,0,0,1.24195991185004e-22,6.38041074936963e-23,8.04846121062154e-09,0,8.04846121062154e-09
"TCGA-55-8615","TCGA-LUAD",1.16622888306969e-22,0,5.59577140176261e-22,0,6.28578186935272e-06,0,2.59426894813754e-22,0,9.3931002666321e-07,2.50571332389232e-27,1.55517247733721e-22,0,0,2.00685608700472e-21,0,9.4587608074451e-23,0,0,0,0,0,2.83851711611871e-22,2.01311464155656e-19,2.47385570832481e-22,8.54206238997169e-23,0,0,0,0,2.98712120243446e-23,7.41990657544172e-23,0,2.24971489230262e-22,7.08179888900925e-24,4.70128818082606e-24,0,0,1.13554451475652e-23,6.12609235550233e-07,0,0,0,6.73407096587207e-06,2.08425729753528e-23,3.01660213955922e-23,0,0,0,0,1.58507547385208e-24,2.69455217931727e-06,1.48988416677934e-23,3.93549951037699e-23,1.44423427352755e-09,0,0,2.72110799201062e-24,0,2.62550200632377e-22,3.98194700281434e-05,0,0,8.28011882852012e-23,0,1.92368666528465e-22,4.27103119498584e-23,2.35078978478323e-22
"TCGA-50-5066","TCGA-LUAD",5.47136609293173e-23,1.396823477826e-24,7.14981948913397e-21,0,4.6518410603393e-06,0,3.52814755550467e-22,2.75516729158688e-22,1.62954516279411e-07,4.13690819555965e-06,0,1.79817402358378e-22,1.63641944159975e-22,4.49451284353408e-22,2.4023853689121e-24,0,7.45123315388743e-08,0,0,0,7.85230536137308e-22,2.01053815516128e-22,0,4.57332551106948e-23,3.6231200862664e-22,5.90615831238462e-22,3.68650510226518e-22,0,0,0,0,0,1.0724841159266e-22,4.41329624072922e-24,0,0,1.11081013153701e-21,3.08664756940833e-24,1.99468400889204e-06,0,3.53343511389152e-22,0,0,2.12192698570229e-22,0,5.53617958138938e-24,0,7.31356129669112e-23,0,3.40537753900147e-22,2.54165661094482e-22,9.13267189377562e-23,0,4.05382338629286e-07,1.68306544974019e-22,6.70428342861754e-21,1.93774891806966e-08,3.34457069906824e-23,0,7.94668174397228e-05,1.38485173404278e-23,0,7.62169998865424e-23,4.7747244074923e-22,7.21911380926171e-22,5.74469684120887e-22,1.29638106504706e-21
"TCGA-86-8359","TCGA-LUAD",0,0,0,0,7.18594863013918e-06,5.76535518278175e-23,0,0,1.63140519808514e-06,2.70695205751533e-06,2.3622449330751e-22,0,3.51960035512945e-22,7.65837523770104e-22,1.05080728588141e-17,0,2.73500912254275e-23,0,4.39033813785172e-22,0,0,0,0,0,3.07850026009988e-21,0,0,0,1.81201655634821e-24,3.90278818832659e-23,0,0,0,0,0,0,0,0,0,0,0,1.88867143228435e-22,5.22289138667066e-06,0,2.28980292078397e-22,5.57598197170275e-24,0,0,2.15523740810051e-22,2.83481171164136e-07,0,1.79241759761041e-24,2.03305393624566e-21,2.66340004877691e-07,0,1.7216956240803e-21,0,0,0,4.26669679973631e-05,2.79646930912808e-23,5.94380971570242e-23,6.39539724065814e-23,0,1.43682493873367e-22,1.53925013004994e-21,1.68293262392331e-21
"TCGA-86-A4D0","TCGA-LUAD",3.19987440766026e-22,3.22078088858706e-22,0,5.97961233721685e-22,4.0676746134961e-06,1.36407396735917e-22,0,1.06500559012895e-22,2.57280120827482e-07,3.94545185998742e-07,1.05816305270423e-23,0,0,0,1.08161762719861e-24,0,8.24620825249298e-23,4.42103499793716e-24,3.78757787248672e-23,0,0,0,0,5.27694386318477e-21,1.05889960056004e-21,2.24398036882372e-22,0,0,0,2.13554239175815e-23,4.65459222795721e-23,0,0,0,0,0,0,2.43030544919806e-23,1.9473801554351e-06,3.33969995506747e-24,0,8.04173444031926e-23,2.20249658946897e-22,0,0,0,0,0,0,3.22343859266121e-22,2.2405451800197e-06,0,1.28843017463453e-21,1.06257253059948e-07,1.94163531238888e-22,0,0,0,1.03857179812327e-21,3.92285313812655e-05,0,1.75108084769732e-24,6.17532519697858e-23,0,4.69641195156386e-22,6.90488844709373e-22,1.16013003986576e-21
"TCGA-97-8552","TCGA-LUAD",0,1.16333115765136e-22,3.4459566528582e-22,0,7.47014118824352e-06,6.32045339413763e-23,0,5.41341618356322e-22,1.80855414588948e-06,1.45081038079317e-06,0,0,4.9535378514282e-22,7.51174229974278e-22,3.00118844384417e-23,0,1.78739258885858e-07,0,1.15935283244996e-23,6.93904767115905e-23,8.00128512243563e-24,0,1.37078897433696e-23,0,0,0,1.44770250746242e-21,0,0,0,1.21732094821415e-22,1.30539365542105e-22,9.99135556748134e-23,7.27708602369063e-26,3.00615045271197e-08,0,7.95597578557869e-09,0,1.98452590080384e-07,0,1.05111664860609e-21,0,5.75223635943244e-06,0,1.72193314169713e-22,2.43329909564802e-25,0,8.06204827990855e-23,0,4.5683502175389e-09,0,8.03035407250298e-23,0,2.08715990952317e-08,0,3.25923867745913e-22,0,0,8.76709218786233e-22,3.57091348056684e-05,0,3.76291060092866e-23,0,0,2.0041003018081e-08,6.21672004437858e-23,2.00410030180811e-08
"TCGA-69-7763","TCGA-LUAD",3.97460441806577e-22,0,0,0,4.747835662419e-06,0,0,0,6.6982272925087e-07,3.57927551040065e-23,0,1.27224051239234e-22,0,9.80598027816034e-22,0,0,0,0,2.11299052328762e-22,4.78622093595507e-23,3.76671617762644e-22,3.52605771411416e-22,0,6.80421878921666e-24,0,0,0,3.85813228164683e-08,0,0,0,1.0601260294402e-22,0,5.80271997294052e-24,9.114077361811e-24,0,1.28976254241325e-21,5.15576433690076e-24,9.99505087350671e-08,0,0,4.01020133003235e-22,0,6.28888736968934e-22,0,0,2.39630947672662e-25,1.39157635766512e-22,0,1.48157207507937e-22,0,0,3.90592215454934e-21,8.78199033669046e-08,0,1.64399946118043e-21,0,7.3564309789583e-24,1.05262516772228e-21,6.23542689958103e-05,2.37738447391707e-24,0,6.81766554098894e-23,0,5.21317565388363e-22,1.88335808881322e-22,7.09653374269685e-22
"TCGA-73-4675","TCGA-LUAD",3.83683137758721e-23,0,0,2.4117135058923e-24,1.29652321795937e-06,0,3.53923882603274e-22,2.14667197142254e-22,1.31591079039919e-06,3.45006719968716e-07,0,4.06810472786404e-23,1.01149778876323e-22,0,1.09496505634331e-08,0,2.30276433318267e-07,1.35310696537324e-23,0,2.94058119621088e-22,0,1.44632020760739e-22,3.0643227011864e-08,4.35184649138863e-23,2.67012064066659e-21,0,2.07129330698522e-22,0,7.90934409008403e-23,2.34916653502875e-24,0,0,3.78991169805783e-22,7.47679352211117e-25,0,2.50537352302179e-26,3.43850270288302e-23,0,1.48666229451559e-06,0,0,0,5.11497434265157e-23,0,0,0,0,2.34963576326679e-22,5.03806753208338e-22,1.29931550970799e-06,0,0,4.22627603607566e-21,1.78455197374055e-07,4.78454125400137e-22,4.28880384148467e-22,0,1.91938222455808e-23,0,8.48410658269476e-05,1.88412809701255e-22,3.54151429276319e-22,1.12318462615538e-25,0,9.56813618562421e-22,1.33506032033329e-21,2.29187393889572e-21
"TCGA-50-5931","TCGA-LUAD",0,9.19861099636397e-23,6.28286388346689e-21,0,2.38398737177022e-06,0,0,0,0,0,0,0,0,0,2.13879559937961e-25,0,3.59399886798957e-23,3.03028640142598e-23,3.21803269691439e-22,1.36760302885014e-22,7.53490339215821e-23,0,2.040701073703e-08,2.07693086150563e-23,0,0,3.01881866706512e-22,0,0,4.27290767713451e-24,1.17814115339896e-22,0,0,0,0,0,2.12032540864406e-24,0,1.68468695815818e-06,2.34078234818521e-22,0,2.28781662311956e-23,1.01407381360203e-06,0,0,0,0,2.8614952751166e-23,0,7.52806534168319e-07,0,0,0,4.11790102000475e-08,3.12803045075421e-22,3.09495370607185e-22,6.83960116315473e-24,4.59351995754684e-23,0,6.03712153928772e-05,1.33405170783444e-23,7.31895137309624e-23,1.74750381716294e-22,0,1.1025017042412e-22,8.36675719426109e-23,1.93917742366731e-22
"TCGA-67-3774","TCGA-LUAD",3.55499468093737e-23,2.7676237505179e-22,5.73108398908692e-21,0,7.25320211673845e-06,0,0,0,6.86987097701653e-07,2.46576461899001e-06,0,2.51499761866904e-22,0,1.39458009615031e-24,2.12585390887727e-23,0,0,0,0,0,0,8.02084780433894e-22,4.15006417232301e-22,3.92977150163807e-23,0,0,1.06190228928089e-21,0,1.48047322554266e-24,0,1.76636876247781e-22,4.91915554736679e-22,9.96837754167343e-24,2.14920198609245e-21,1.97881029562143e-23,1.66059275422607e-23,0,0,0,0,0,4.52363451752331e-23,0,3.22041361072617e-23,0,5.95929274069444e-25,0,5.92388114330378e-23,0,0,2.86892686510076e-22,5.18148617317744e-23,0,1.86059374741597e-07,5.65422800534411e-22,3.72429020710069e-21,8.01438002706897e-25,0,0,6.59097088819644e-05,0,4.6862991774693e-23,0,0,1.08301800761782e-21,1.38381187525895e-22,1.22139919514371e-21
"TCGA-55-8299","TCGA-LUAD",0,2.37561700955959e-23,0,4.30649442984644e-23,8.12209589067099e-06,1.78316592339505e-22,0,1.28558839752762e-21,9.23251654242283e-07,1.83574032291111e-06,0,0,0,1.45264130471078e-21,0,0,1.27252341147875e-08,3.62757503341114e-23,4.31223571450813e-23,3.75073185546925e-23,9.81792725790603e-24,7.06169065353207e-24,5.69074032412006e-23,1.64480908173816e-22,9.46079634169618e-22,0,1.84604078084061e-22,1.13677625057962e-07,9.04292262194317e-24,1.72423477112611e-22,1.68001246931038e-22,0,1.39872257894272e-22,8.11678949641206e-26,5.64813501933156e-08,4.52628074367483e-24,1.36447314562327e-07,1.312307447446e-23,3.2647803590883e-07,0,5.23876079213943e-22,0,6.96217022199574e-06,3.36755660456404e-22,0,2.47634427823233e-08,1.15307637358421e-24,1.00252239669749e-22,0,0,0,0,2.78781849549029e-21,7.43333056765218e-26,5.75513339957929e-22,1.40577033826318e-21,0,0,0,4.33779838584302e-05,0,3.67682483374094e-23,1.16773033358834e-23,1.24887981800602e-22,3.76542334622118e-08,4.8982686576156e-22,3.76542334622122e-08
"TCGA-50-5051","TCGA-LUAD",0,1.66104478071405e-22,0,0,4.1362964814892e-06,4.8476128231975e-23,1.40267749249129e-22,1.94008471870083e-22,1.87504174845981e-07,3.50202335009734e-07,0,0,0,0,0,0,0,2.56343649090072e-23,1.12042237333866e-22,0,0,1.58822281450019e-22,1.26848199150718e-22,0,8.08470621998139e-22,2.42965463753948e-22,0,0,0,1.57286275424378e-23,0,3.31953946452248e-25,0,2.53091730859608e-24,8.33380332722006e-24,0,0,1.74607441300022e-24,1.80851114894868e-06,2.76042822989178e-22,1.77095529212708e-22,0,0,0,0,0,0,1.06430460889733e-22,1.57440722325082e-23,2.41948925538223e-22,4.66229870151758e-06,4.2990529612618e-23,2.5031351451619e-21,2.5410261266972e-07,1.8326694658973e-22,1.50964512804764e-21,6.90863236276071e-09,5.54646176477106e-24,0,4.00971167422596e-05,0,0,0,2.17852436403757e-23,4.40511048619149e-22,4.87287550034772e-22,9.27798598653921e-22
"TCGA-75-7027","TCGA-LUAD",0,2.6374677579888e-23,8.05970876165479e-21,1.99657121561024e-22,2.24057517325348e-06,0,6.7998301430204e-23,0,9.17437387119852e-07,8.15878097654303e-08,5.89410527270801e-23,8.22011822500032e-23,3.29186965065478e-22,0,2.32407181487315e-24,0,0,0,0,9.29821197415023e-23,0,3.68516935604925e-23,4.71554651139888e-22,0,1.42578180962349e-21,6.23148624944747e-22,6.90160743327366e-22,0,0,0,0,1.00944443218334e-22,1.26856607598797e-23,0,7.11599279667058e-23,0,2.30094936163085e-23,0,9.33849022056983e-07,5.54268304450585e-22,0,0,0,0,0,0,0,0,0,2.82862176102127e-22,4.05381581525011e-23,0,0,1.88615431936507e-07,3.2921118790866e-22,3.93975655359788e-21,2.06615790036238e-28,7.55641849150966e-23,7.1239379159307e-22,9.00559244556607e-05,0,2.74845290356809e-24,3.54572404004468e-25,0,3.89197658865375e-22,7.26078243601689e-22,1.11527590246706e-21
"TCGA-64-1676","TCGA-LUAD",1.09450211319143e-21,0,5.26657541857033e-21,6.55119250396824e-23,6.70369360399557e-06,0,0,0,1.96604322553734e-07,8.65686406162651e-07,0,4.72673987890939e-23,6.64602808177692e-22,1.54415357977802e-22,0,0,0,6.03049197957086e-23,0,0,0,1.48709636864603e-22,0,0,0,0,1.60947574031147e-21,1.87920968546701e-22,0,0,0,1.47588165682265e-23,0,0,0,8.89973622892772e-24,0,0,2.11956450917877e-06,0,0,6.83775381023023e-22,3.72920379026311e-06,0,0,0,0,0,1.14539940868652e-21,8.51774000735083e-07,0,0,0,1.86108980559243e-07,0,2.47331517137861e-21,0,4.20509002447411e-23,4.44244382605261e-22,6.37914420120215e-05,0,0,0,2.83251894696402e-22,9.47764790632086e-22,0,9.47764790632086e-22
"TCGA-05-4397","TCGA-LUAD",3.06954199712726e-22,2.74135393554712e-22,6.49511562655139e-21,1.52479330472861e-22,2.68172640438969e-06,0,4.31199528607347e-23,0,6.76295930652293e-08,1.0152482869984e-06,9.98315000689519e-24,0,1.75199936432614e-22,1.08530439806679e-22,0,0,2.947802982214e-23,3.94344514682299e-24,0,0,0,0,1.52723592200662e-22,0,6.86701312965965e-22,8.38808567754941e-23,9.7540196905582e-22,0,0,2.50686870745625e-24,1.2090693219275e-22,0,1.67844348986564e-22,0,0,4.57785405774519e-24,7.60174184048034e-22,1.70300299663298e-24,1.94255552976023e-06,0,2.86426275646649e-23,1.71846456298339e-22,4.93603703094711e-21,2.84721994953567e-22,0,4.15441436437977e-25,0,0,6.03760302080475e-22,1.43622367543041e-22,0,0,0,8.01625714012763e-08,6.2402509320277e-23,1.60781508696387e-21,0,0,6.95241393933846e-22,5.27265690517688e-05,8.26843967009669e-23,3.68891854681126e-25,0,0,5.23254840078667e-22,4.80418353260339e-22,1.00367319333901e-21
"TCGA-95-7043","TCGA-LUAD",1.20167366314931e-22,0,6.83143829548994e-21,0,3.72254043766613e-06,1.11124532872691e-22,1.27684496577207e-22,9.21869094132699e-22,8.89302195102958e-24,0,1.96979836684717e-22,0,0,0,3.20791833241259e-24,0,1.33094459686573e-23,9.92578546600628e-24,0,8.59386803255556e-24,2.41167078936749e-23,4.18061283605827e-22,2.09795461011915e-09,0,2.70157809450042e-24,1.15007581956328e-22,3.27973273457693e-22,0,0,0,8.04011055479743e-23,2.45830095574785e-24,9.11148175503997e-23,2.90166814152007e-24,0,2.66732850461084e-24,3.91423986413561e-23,0,7.87838145678633e-07,0,0,0,8.81293166898622e-06,0,6.78659531064894e-23,0,0,2.09840310185478e-22,0,1.08748176078399e-06,0,0,0,1.32999300800277e-07,6.76813908197811e-22,3.01357153326071e-21,7.35796729405888e-25,0,0,6.2593209668347e-05,0,1.89324178407048e-22,0,0,1.04054857127487e-21,1.34091429940876e-23,1.05395771426896e-21
"TCGA-86-7954","TCGA-LUAD",5.63048278029746e-22,0,2.60365788446131e-21,0,5.21804282510689e-06,0,0,1.60845819859108e-22,1.44478563703288e-06,3.67597076385668e-06,2.56930793432654e-22,1.28254676432755e-23,0,0,1.77605143121532e-23,0,9.86449359375388e-10,0,0,0,0,0,1.1006273140681e-21,0,1.15556984447646e-21,1.10207647444582e-21,0,5.47220060951835e-23,3.4052671130063e-19,0,0,0,1.72691197480065e-22,0,0,0,4.34439442545152e-22,1.13054173388636e-23,3.02259807647942e-07,0,0,0,3.4878328259412e-21,2.7366939741194e-22,0,2.83918881402365e-08,0,0,0,3.13748132523982e-22,2.56816190727897e-21,7.35333268394852e-23,0,5.65508393528311e-08,0,3.28226941800632e-21,0,5.21785113591192e-24,6.87520539811501e-22,6.40939205557584e-05,0,3.33594529336433e-22,0,0,1.15780858334922e-22,5.77784922238232e-22,6.93565780573155e-22
"TCGA-49-6767","TCGA-LUAD",1.61500508878634e-22,1.95894770059599e-22,8.5882934832392e-22,5.18717328223322e-23,6.74911022136607e-06,0,2.32428774304274e-23,8.36766928341964e-23,1.96329375384821e-07,1.04133443957321e-06,1.48341717821733e-22,9.13572181010981e-23,9.43343333941768e-23,1.88481683755564e-22,0,0,0,0,0,0,1.65356865570952e-22,3.58796143576553e-22,0,0,0,7.91427698999922e-22,4.2935382204577e-22,0,0,0,0,2.57126308794796e-23,0,0,4.10256733421687e-26,0,2.52309779742777e-22,0,1.00446916426374e-06,9.22337910638037e-23,8.07377757976217e-22,0,0,3.70652715455802e-22,2.37902011123913e-22,0,0,1.72133400426842e-23,1.90530451722946e-21,0,0,0,0,0,1.27057831589765e-21,2.51029794120606e-21,4.72066905338067e-26,0,3.74076824356749e-22,4.2147717536312e-05,0,9.29277710361978e-23,2.45840965071765e-23,1.814892110966e-22,2.22756737275691e-21,1.80625817815276e-22,2.40819319057218e-21
"TCGA-73-7498","TCGA-LUAD",1.92204737756455e-22,0,9.0207491855719e-22,3.25926569015517e-23,3.89318852188102e-06,6.30909253349215e-23,4.02596749284201e-22,4.18796294283188e-22,2.25557054968004e-06,2.15930010493766e-06,0,0,0,1.81543023128081e-22,2.81028756583575e-23,0,7.98559320274482e-08,0,1.7188915476981e-23,9.73009086285911e-23,0,0,0,0,1.65778315875588e-21,2.34677079132821e-22,0,3.928418005066e-07,4.03184019830647e-24,5.38032876396619e-23,0,0,0,3.04918906452177e-25,2.3163061139169e-08,1.34652156332227e-26,2.77338379092068e-22,3.14327684628377e-23,7.24088804531191e-07,0,5.34228627585626e-22,0,0,0,0,2.42845783054113e-23,0,0,0,9.61605266250945e-23,1.07193556791573e-21,0,5.24794674688523e-21,1.23871845819614e-07,0,9.57809874683827e-22,0,4.13029278569641e-23,0,5.59574648967057e-05,0,0,0,1.18694367894606e-22,1.54420407594467e-08,8.28891579377942e-22,1.54420407594476e-08
"TCGA-97-7937","TCGA-LUAD",1.99531681945383e-22,0,5.54489001737184e-21,0,1.71839416359151e-06,2.84224218150662e-24,1.15791856288662e-22,1.25541534722951e-22,6.0481995228148e-07,2.70927536033872e-22,0,4.12563180663939e-23,0,0,0,0,1.88644754483395e-08,0,6.56655231122901e-23,2.36300434839765e-23,0,0,2.94266353641066e-24,2.98936150666671e-23,8.1888415520049e-22,0,0,1.14009298007888e-22,0,0,0,0,2.85478569979882e-22,0,3.20467929304487e-22,4.5018771999132e-25,0,5.70752451900954e-24,1.63369521942274e-06,0,0,5.07106769237962e-22,7.91576710291894e-22,0,0,3.84220482423697e-27,0,5.0915849353571e-22,0,4.83102614846073e-23,4.18861365067207e-22,0,0,7.4080323866642e-08,2.54982378060357e-22,2.96129652763083e-21,1.95737075821155e-10,1.06590803268683e-23,0,6.56082398937023e-05,0,0,2.38940349515662e-21,1.06570316516257e-22,6.80036212742346e-22,4.09442077600245e-22,1.08947829034259e-21
"TCGA-05-4424","TCGA-LUAD",0,0,5.18733367270293e-22,0,5.51540695356043e-06,0,0,0,8.97184552053318e-07,9.88750268308867e-25,0,1.07874868291638e-22,0,3.50691374941461e-22,4.23390764880048e-24,0,0,4.0572955726413e-23,3.5237714647641e-22,0,1.16832958626727e-22,0,1.22363839980684e-22,7.34432958242115e-23,6.28336720838276e-22,8.62419363403961e-22,0,1.64089499557093e-22,2.20737656962885e-24,0,2.47001414651762e-24,0,0,0,5.44797569758912e-09,0,0,0,9.0067683489432e-07,6.70982434162949e-22,0,2.24008601192026e-22,0,0,0,0,0,0,0,5.94984483446147e-22,1.14354021190142e-21,3.20900601957164e-23,4.46786982202986e-21,0,0,1.63842345055615e-21,2.75986657496717e-25,1.33603495359731e-23,1.90240197124581e-21,4.84967277186812e-05,0,0,4.34803612707915e-23,0,3.63198379839282e-09,3.72584839732502e-22,3.63198379839319e-09
"TCGA-91-6829","TCGA-LUAD",0,0,4.44126404373436e-23,4.02905408209372e-22,2.64875084747996e-06,0,0,3.18544673145132e-22,3.37116803668182e-24,4.79854593853491e-23,0,0,0,1.38238403556127e-22,8.30360893955169e-24,0,5.07097021027584e-24,0,0,0,0,0,0,0,4.58128914050869e-23,0,0,6.90568064356347e-23,1.27574803651712e-23,0,0,0,0,2.3348044190276e-25,0,2.87249290989029e-24,9.15759405328447e-22,6.12874442580972e-24,7.56382768106798e-07,0,0,0,0,1.01697871339566e-22,2.51445881195273e-22,0,0,0,0,6.77751085062716e-23,5.7078780775693e-22,1.03790317616009e-23,6.43662582595245e-21,0,1.55640411763999e-22,1.00870750245464e-21,0,0,2.14223595168423e-21,8.55473864919394e-05,0,1.25763448405234e-21,0,7.25533684948473e-23,4.80966720903003e-22,2.29064457025434e-23,5.03873166605546e-22
"TCGA-05-4427","TCGA-LUAD",6.17611465000952e-22,0,1.76488696898272e-21,0,5.13123384386701e-06,6.80679129045537e-24,2.36012436533861e-22,1.90594074701022e-22,1.19609361368679e-06,2.65273527050707e-07,0,1.66499155593022e-22,3.24143404567377e-22,0,4.09474669799018e-23,0,0,3.19086069642727e-23,0,1.99824712327993e-22,5.3822150158764e-23,0,4.4605111060496e-22,0,1.23709407882916e-21,1.93596376952032e-22,1.86355162374232e-21,1.86231348483847e-22,0,1.04191226588686e-22,2.52884058961928e-23,0,0,0,1.63306783727487e-26,0,0,7.94779739379835e-24,2.04809974422401e-24,0,0,1.17478852745489e-22,3.45624830988472e-21,0,0,0,0,4.29311872848588e-23,0,0,0,0,0,8.44656827770166e-08,0,2.07973047704882e-22,4.33724323427224e-10,1.47762229028413e-23,7.18279340354159e-22,5.85211286975653e-05,8.9288841785802e-24,7.32717965956882e-23,0,1.7956371201643e-22,3.99910307056846e-22,6.45458114493963e-22,1.04536842155081e-21
"TCGA-55-6978","TCGA-LUAD",7.82782705186134e-23,7.07828831313056e-24,0,0,4.81889448768631e-06,1.14236288340072e-22,0,2.61595605408234e-22,8.91059007135682e-07,3.73796508582877e-06,2.35257975046341e-23,0,5.34340441991139e-22,0,7.19227693183268e-24,0,3.8755868987575e-27,0,3.00311532925492e-24,1.01218898455958e-22,0,3.48459210305198e-22,1.18625693532998e-24,4.90582099328196e-23,6.05845998649903e-22,5.01569291992839e-22,4.8798826752905e-22,1.79899413232991e-08,0,3.56088035843657e-23,2.66609897431007e-22,5.32238094227937e-23,0,6.04659949181917e-24,1.83892902941973e-08,5.80667287531554e-24,4.58074861634512e-08,0,4.1194106012601e-07,7.01380155721443e-22,0,1.60996369934819e-22,8.50003297830777e-07,0,3.70359632749388e-22,0,0,6.12139969689036e-23,2.18548745053986e-21,1.03946355859073e-07,7.90610141857621e-22,2.26288678199986e-23,1.81375454886054e-21,2.334956509551e-24,0,4.46073034408937e-22,2.81203408695052e-24,0,0,4.52493339433708e-05,8.27488647026193e-23,0,0,2.03590189859976e-22,1.22595268628002e-08,3.06462143481517e-22,1.22595268628005e-08
"TCGA-97-8174","TCGA-LUAD",1.04567110989832e-22,0,1.02717598880573e-21,0,5.23361873193531e-06,1.28359977359209e-22,0,0,2.47006136512788e-06,1.81565779610103e-06,0,0,0,0,1.14835546759895e-23,0,8.70595661760358e-08,6.32138517233965e-23,2.51693977665843e-22,0,0,0,1.70426800102258e-22,0,0,7.48443994835889e-22,0,2.15700560776656e-07,5.80584523929862e-24,2.12204041250261e-23,1.29626973350938e-23,1.51529303657896e-22,0,7.06554598486009e-25,3.83845720217251e-08,8.32022408457184e-25,9.89842187991831e-24,1.81274758504064e-23,5.18568453126354e-07,3.86645291131587e-22,0,0,4.5901065616528e-23,0,4.12794626483912e-22,0,0,7.25758043009603e-23,0,0,0,0,3.0636783379584e-21,8.11691556527137e-08,0,1.36799780599731e-21,0,8.83664368447634e-24,3.68211664420345e-22,5.93131972749876e-05,0,2.39168438926342e-23,0,0,2.55897146811502e-08,0,2.55897146811502e-08
"TCGA-05-4410","TCGA-LUAD",3.91577230376542e-23,2.75436548350521e-22,3.71615676948201e-21,6.02417801797025e-08,4.73693937067907e-06,0,0,1.78530608479598e-22,1.40323483856416e-06,3.65678904986333e-06,7.98513685014959e-23,4.19780373914014e-24,0,0,1.46764406110223e-23,0,3.76141651025507e-07,8.69450535648384e-24,0,8.20884303406201e-23,6.63795972949747e-25,1.87641930799296e-22,6.36791431456124e-24,1.10726099675568e-22,8.53771729179644e-22,7.10527463198563e-22,0,0,5.00332912866604e-20,0,2.77358558703433e-23,4.11468853838016e-23,2.38196764523514e-22,0,2.42513526468007e-08,0,1.5139073617856e-22,4.27518383185952e-23,4.60249517493587e-07,0,4.54044781245422e-23,1.17559477381465e-22,4.84045597414496e-22,4.57646696461944e-22,0,0,0,0,8.5969577207866e-22,0,0,0,6.31006423437601e-22,4.62111208300564e-07,0,1.81697940152582e-21,0,6.9473019434292e-24,0,4.29096503243965e-05,4.70801739799162e-23,3.31993887527971e-22,1.26951008948352e-22,5.04812117574012e-22,5.63287552176697e-08,5.64936036751557e-22,5.63287552176703e-08
"TCGA-62-A46O","TCGA-LUAD",0,0,0,0,3.74388468943249e-06,9.75813516699516e-24,0,0,0,0,7.69455495884285e-23,1.43002607403224e-22,0,3.30720799486228e-22,0,4.85187033296682e-23,0,9.62972492235794e-23,0,2.35930341686294e-23,0,0,0,0,5.43391999507909e-21,0,0,0,4.04511908824598e-23,4.87505721320482e-23,1.91454090658191e-22,0,1.12196636563194e-22,3.14164862725959e-24,9.89816357416738e-22,0,0,0,3.59452242237877e-07,6.36385350709018e-22,0,1.31206285995947e-22,3.98913720170281e-21,0,2.36499732371192e-22,0,0,4.20214090465999e-21,7.26192035769527e-22,0,0,1.96841379238519e-23,5.72144947298568e-21,1.81296563975602e-07,1.56092307289668e-23,0,7.1889910767553e-26,1.0349847319294e-22,3.96699307312042e-23,8.4175823550296e-05,1.42618853853818e-22,1.15073099796879e-20,0,0,4.05649662627874e-21,2.71695999753955e-21,6.77345662381829e-21
"TCGA-73-4659","TCGA-LUAD",0,1.14425254380877e-22,0,0,4.61994652703531e-06,1.61822099596563e-22,3.02951955097521e-22,0,0,3.27256477954129e-24,0,2.98015857842025e-22,3.99334760451425e-22,1.87855318382566e-22,3.22991656866086e-24,0,1.9364912091891e-23,1.01004337864476e-22,0,0,8.85776442396797e-22,2.34853348652526e-22,8.68191639850936e-24,2.51114319934151e-22,3.20978783071361e-21,8.40239924087715e-22,1.35959225063473e-22,5.41397597416813e-23,0,0,3.02037080485739e-22,3.22709043706825e-22,0,0,2.03835138252507e-22,9.57439774743612e-24,0,0,1.66729527795387e-06,1.08462960769179e-22,1.12006546303591e-21,1.45424060445536e-22,0,3.8497102945546e-22,3.14919443095297e-22,7.64089287754504e-24,0,0,0,0,0,6.59046807479926e-24,4.90107312894661e-21,1.09491995910402e-07,0,2.15090616520008e-21,8.10690790694806e-26,0,5.33294982090977e-22,8.887821044357e-05,6.33676737602582e-24,1.00768355425421e-22,1.09286104324875e-23,0,1.4529859009932e-21,2.10499476374564e-21,3.55798066473884e-21
"TCGA-62-A46R","TCGA-LUAD",0,0,1.18067648082527e-21,2.91931247821554e-23,4.55142891265022e-06,0,1.10539003683186e-21,0,2.3769602250904e-06,3.96909048471351e-06,0,0,1.03248036719451e-22,0,2.89629192887074e-23,0,8.13100254827566e-08,3.06061869055184e-23,0,0,4.31971514621327e-23,1.11093360849432e-22,0,0,0,0,0,0,4.6992824673097e-20,0,1.17688129118253e-22,7.65533594842397e-23,0,0,7.11690241157715e-08,0,0,0,1.3628421122582e-06,2.35454698799205e-22,1.49383554305269e-22,0,8.41899023833379e-22,0,3.66143753232053e-22,0,0,0,4.50363825830474e-22,0,5.38347253478627e-22,0,0,1.86204170069554e-07,0,2.86359692123461e-21,5.25566569201229e-09,0,0,5.38078731429617e-05,0,0,0,5.43892447413009e-22,4.74460160771816e-08,2.15985757310664e-23,4.74460160771816e-08
"TCGA-67-3771","TCGA-LUAD",3.83774901524531e-22,2.49791245939901e-22,8.46776056272128e-21,0,7.52242122338649e-06,1.34295209591893e-22,0,0,6.14500846245584e-07,1.95553007196268e-24,1.31363212266386e-22,1.98445240883886e-22,6.66092024599125e-23,0,0,0,0,1.64554519951871e-22,0,5.31050656993344e-22,0,0,1.46047095571476e-22,0,0,6.66524189976142e-22,0,0,0,1.04076455779142e-23,0,0,0,3.50906094548236e-21,5.08058790956084e-24,3.0447384099216e-23,0,5.3480789891144e-23,3.54598312720159e-24,0,1.21183703527493e-21,0,2.55847751749233e-21,0,0,8.16650038158456e-27,0,2.18799072384041e-22,0,0,0,5.30733709533444e-23,0,3.40591558907797e-07,0,1.09389316494176e-21,0,0,6.73240670106625e-22,6.21699150586833e-05,2.47594652418154e-22,2.27936107466124e-21,1.83430325884759e-23,0,1.44347506229718e-21,1.2489562296995e-22,1.56837068526713e-21
"TCGA-80-5611","TCGA-LUAD",0,0,6.66248966566188e-22,0,6.45920664152485e-06,3.2370115760273e-23,4.71235679550685e-23,0,0,1.42791196824438e-06,0,1.66374466286899e-22,0,6.78821320823594e-22,1.22666985088612e-22,0,0,0,1.37250586268006e-22,0,0,3.98166974150655e-22,5.17935411551665e-21,8.8215437081351e-24,0,0,0,0,0,0,0,0,1.23116874950731e-22,0,2.3799800022191e-08,3.49246945283897e-23,0,4.20472888334545e-23,1.00598206875435e-06,0,5.99953733907779e-22,0,0,0,0,4.41548493235689e-24,0,0,1.6853419196798e-21,0,0,8.48581162695826e-23,0,0,0,1.88984693243664e-21,1.20852068316286e-09,0,0,3.46630876262475e-05,0,0,8.02258114591928e-24,0,1.58665333481292e-08,0,1.58665333481292e-08
"TCGA-55-8092","TCGA-LUAD",0,0,5.84405434661562e-22,1.24094915707238e-07,2.93360873641259e-06,8.08052692510378e-23,0,0,6.7013400083156e-07,2.96429445341927e-06,0,7.06511014898468e-23,0,2.02925400244493e-22,0,1.99905120129766e-23,3.18082928235388e-07,0,6.01728136152595e-23,1.04829581273864e-22,0,0,0,0,4.14773456731061e-22,4.54738426482257e-22,5.21011358362595e-23,0,1.72559346999138e-24,9.27335967105672e-24,0,0,0,1.56518242941501e-24,0,7.42320333197941e-26,6.58618817213275e-22,3.08824122681615e-24,5.85495121866537e-07,0,0,0,0,3.50011625495282e-23,7.02380660117996e-22,0,4.05499226713783e-26,0,0,1.70071684160702e-22,0,0,5.4398962629459e-21,6.4781434825101e-07,3.33369090636325e-23,2.24652718668981e-21,0,6.7191606177365e-23,0,7.39535152135939e-05,3.17180332603419e-23,1.82170734318223e-22,0,1.84051512905225e-22,8.27299438048255e-08,2.0738672836553e-22,8.27299438048257e-08
"TCGA-MP-A4SV","TCGA-LUAD",1.29268970370252e-22,0,0,1.54413569921771e-07,1.00295559974816e-06,0,0,6.22828886726389e-24,2.78411670616902e-06,3.25440990305037e-06,0,2.18951430942968e-23,3.57966732008787e-09,1.79358757658553e-23,0,0,2.61713778729955e-07,0,0,0,0,0,0,5.734035576247e-23,0,0,1.27578655364791e-22,0,0,7.23448653500655e-24,9.91569980666578e-23,0,0,1.19349634477655e-24,1.1183545807224e-07,0,2.80896213316123e-22,0,2.14203798930077e-06,0,3.40108560090816e-23,0,2.48335318589253e-21,3.55191581399488e-23,0,2.27106685719671e-23,0,0,2.71474513012808e-22,1.23659274184356e-22,2.00348841933532e-06,1.26333107033554e-24,9.98554009869382e-22,2.2546833504154e-07,8.56789828092868e-23,8.57808351093419e-22,0,0,0,2.08187266116104e-05,5.79372544500173e-24,3.94121791822021e-08,1.06609134785035e-23,1.02711253017565e-22,1.77499351996008e-07,0,1.77499351996008e-07
"TCGA-44-A479","TCGA-LUAD",0,0,0,1.48649955973982e-07,3.71466543742915e-06,3.16193102518359e-23,0,9.12433372112511e-23,1.39701964444763e-06,5.2448415930392e-06,6.58271357650044e-23,0,0,0,0,0,3.8834875177319e-07,0,3.56423694245838e-23,0,7.29302936856093e-23,0,3.9242914680419e-22,0,0,0,0,0,1.68089284154597e-24,0,0,4.08204123508424e-22,1.22414119243857e-22,0,3.63742610991143e-24,0,0,0,2.15645674930473e-24,0,1.29571785179826e-22,7.40694483517773e-23,0,0,0,3.27346687725496e-24,0,3.91188946307865e-23,0,0,1.73482602593196e-22,4.25578686297327e-23,0,5.33374025115274e-07,2.80775817316899e-23,7.99125192943401e-22,0,0,2.19948402776213e-22,4.61204573772065e-05,4.08294607180843e-23,0,0,1.52797123514388e-22,9.90999706493217e-08,3.64651468428046e-23,9.90999706493218e-08
"TCGA-55-6642","TCGA-LUAD",0,0,5.18770613305977e-22,4.37930939322011e-23,6.47105988261284e-06,0,0,0,5.67506793120535e-07,4.82954511305681e-07,1.93592750775677e-22,2.45208117113751e-22,0,5.22659361710695e-22,2.44444944390188e-23,0,4.35992741271153e-25,2.27627940840998e-23,3.40646072856523e-22,0,0,2.02574219921318e-22,4.54723394356348e-22,2.49740365055306e-23,4.38598286917383e-22,0,0,0,1.95552499549836e-20,2.78592720156685e-23,1.30042607087721e-22,0,0,0,0,8.70969065291337e-24,0,0,2.86430111195359e-07,0,2.77584520400026e-22,0,0,0,0,0,0,2.83903558609458e-22,8.15593365586649e-22,3.98062339768438e-22,0,5.15119736400692e-23,5.72475786434191e-21,5.02056079196457e-07,0,2.15988429464362e-21,0,0,1.909996745077e-21,6.99994507756795e-05,0,8.63542840553262e-22,1.45448126401813e-22,0,1.2457712503756e-21,2.19299143458692e-22,1.46507039383429e-21
"TCGA-50-8460","TCGA-LUAD",0,0,0,0,4.4510645524554e-06,2.53354310927509e-24,7.69144698618102e-22,2.18740359682754e-22,1.86924127000014e-06,3.65767031121023e-06,0,0,2.95767907594933e-22,1.82763708586264e-22,8.05213406700766e-24,0,2.54714695896249e-07,0,0,0,0,0,0,0,0,0,3.20320208753844e-22,1.48688398156312e-07,1.3442182354029e-23,0,0,0,0,0,1.30592120282548e-07,2.4837578748742e-24,8.53509974506231e-08,5.22717192263468e-24,1.70053570099127e-06,0,0,1.55486444592165e-22,7.87552233949029e-07,1.5329894402356e-22,0,0,0,0,3.37038879312331e-22,5.08554322794976e-23,1.33350929986701e-06,4.55076439461663e-23,1.32325931989043e-21,4.61216755594806e-07,5.77786575715532e-22,2.7181293184438e-23,0,0,0,3.21929018016842e-05,0,0,7.66471584540983e-23,5.78659622205456e-22,8.7061413521699e-08,0,8.7061413521699e-08
"TCGA-55-A48Z","TCGA-LUAD",4.14593520295851e-23,0,0,2.32243652088721e-24,2.48024572596905e-06,0,8.59179275673858e-23,0,1.4764016850265e-06,7.42230429400644e-23,0,0,0,1.68536488073224e-22,4.21519995397278e-23,2.8673639959489e-22,2.91710721482008e-25,5.11018590036047e-23,0,3.51959341707859e-23,1.05367601264236e-22,1.34548272564532e-22,2.77593947403971e-23,3.65663408806512e-23,4.71083857524328e-22,0,0,1.83189485612645e-22,1.92475292505827e-22,3.61874452983973e-23,0,3.46662940562643e-23,0,1.26849926736369e-23,0,5.52476385124109e-24,8.83781930396577e-08,3.12825854889178e-24,8.11682033409632e-07,0,0,0,1.00678072141134e-05,2.39227294285887e-22,5.45459120051523e-23,6.48338128698506e-24,0,0,9.38034692669569e-22,5.43625514287464e-26,1.55937563403779e-22,0,1.18248784076544e-21,2.76531088522428e-07,0,3.53189149754372e-22,5.50836061318685e-26,1.01404666441566e-24,8.05813914143352e-22,1.96502530014178e-05,1.63734127918909e-23,0,0,4.87378975217835e-23,7.63178419988025e-22,2.88225729394282e-22,1.05140414938231e-21
"TCGA-78-8640","TCGA-LUAD",2.59159448074399e-22,0,0,0,5.40683715961531e-06,0,0,0,2.73261446531019e-07,1.44617449597314e-06,0,7.65693763298084e-23,6.24717666765654e-23,1.95076705630187e-22,1.95396650367484e-23,0,2.20533465945658e-23,0,0,3.34878931139331e-22,6.34170887109393e-22,2.65658068057969e-22,0,0,0,0,1.38883728032022e-22,1.07735406016225e-22,4.40854532169161e-24,0,7.40222759673621e-23,4.56179802519417e-23,1.30175969685242e-22,0,0,1.79842135614344e-24,0,0,2.17742936510385e-06,0,0,0,1.13800265171008e-07,0,4.09545503844496e-23,0,0,1.32870335207049e-22,0,4.63678608009847e-07,9.01885486777862e-23,0,7.05950976130768e-22,2.26761509377668e-07,1.95572846432917e-22,0,7.05021665058452e-24,9.23229430956695e-24,0,4.59628377671705e-05,0,0,1.04352843702037e-22,1.02171295657209e-24,5.703964606574e-22,3.17085443554697e-22,8.87481904212097e-22
"TCGA-95-7947","TCGA-LUAD",0,4.3304288882044e-23,4.75169148011005e-22,0,4.80099745129439e-06,0,0,0,4.14354365786614e-07,2.00328108135421e-06,0,0,4.25383645337229e-22,0,1.02180374975586e-24,0,9.82470039459162e-08,2.17689141373737e-23,0,0,5.58227036744251e-22,0,2.8791656809824e-22,1.49030778336331e-23,6.67916281900785e-22,1.41868494155396e-22,0,1.19136171043501e-22,2.13440867688494e-20,1.91301713227138e-23,1.20439917354687e-22,0,4.64827877367401e-23,0,1.54282490771289e-09,0,0,2.78717812267894e-23,2.17315034074645e-07,1.68200915484027e-22,0,0,4.13894219954201e-21,8.02536563193764e-23,5.41301607545056e-23,0,4.37655491068633e-19,6.02300855455576e-23,2.61105908064436e-22,0,0,5.18621547991235e-23,0,9.10431809312798e-08,3.14236548048673e-22,1.07499400710976e-21,4.98813936160193e-09,1.01497595433659e-23,0,3.94405045581433e-05,0,0,3.26090923779323e-23,1.28886548839684e-22,1.02854993847547e-09,6.3472380376354e-22,1.02854993847611e-09
"TCGA-L9-A443","TCGA-LUAD",1.73340826406953e-22,3.08724008550605e-23,4.06653638354603e-21,2.67902335787387e-23,3.19282150824156e-06,6.75854404068203e-24,0,2.93691214254479e-22,1.68136800900397e-06,1.11253032095003e-22,0,0,0,0,0,7.48686975906511e-23,0,0,1.99851144658944e-23,0,2.72778597610582e-22,2.9344282510904e-22,1.33816459686661e-08,0,0,0,6.47527159678223e-22,6.28609346445225e-23,1.43677431282421e-22,0,0,1.05649592235162e-23,0,1.48714801639184e-24,0,0,0,2.50102501008997e-24,6.36936530857523e-07,1.02623909794551e-22,1.08701436467128e-22,0,3.09018408013221e-06,1.44655837835465e-22,2.06287793414087e-22,0,0,1.19788455807285e-22,0,6.19762512808269e-07,9.54534987161504e-07,0,0,6.87646223101319e-08,0,1.91850576787642e-21,0,0,3.78368406321933e-22,4.3696951591155e-05,0,1.74988183179276e-23,1.03648821330041e-22,1.38852818224481e-22,5.68652749626791e-22,1.51825499232821e-22,7.20478248859613e-22
"TCGA-53-7813","TCGA-LUAD",0,0,2.07128061829653e-21,3.25947170277502e-08,3.93324411628283e-06,0,8.20029688137601e-23,9.13944261727932e-23,1.21598789269632e-06,5.66481581671004e-07,0,1.53196235676128e-22,6.17131448441124e-22,6.23183506432973e-22,2.43844152892008e-23,0,1.16956490143951e-07,0,1.58173063028451e-22,0,3.20692206355739e-22,2.52571564232051e-22,6.57173166465898e-23,0,2.05135577326194e-21,0,0,1.62653592857031e-23,0,4.59957568098145e-24,0,0,0,0,0,1.99153719133511e-24,0,0,6.42414858463381e-07,0,3.34424600863753e-22,9.03386686985282e-23,3.84603394471783e-21,0,3.26132422854678e-22,0,0,2.8691485043992e-21,0,5.6753818075226e-23,5.42003726504471e-22,5.74872819980712e-23,0,5.07898253328842e-07,0,2.89383033850899e-21,3.82756510375656e-25,0,0,6.60068956128905e-05,8.11324960918567e-23,0,0,0,2.17298113518359e-08,1.18602398980884e-21,2.17298113518371e-08
"TCGA-78-7145","TCGA-LUAD",2.19325245585372e-22,2.43976296191086e-22,2.00932273889279e-21,0,1.81560761262378e-06,0,1.63914345879601e-23,1.67247064675456e-22,8.23494704218121e-08,0,0,7.17809574871273e-24,0,7.1570910886462e-23,0,0,0,0,0,0,0,0,6.72850264233445e-23,3.39442604306291e-23,0,0,9.96664251278635e-22,0,0,0,2.45414588097342e-22,0,0,0,2.27151433468745e-22,0,4.60130293381041e-23,0,1.36736157496511e-06,7.94825539200451e-22,0,6.67751723695856e-23,5.23068504217014e-21,0,0,1.08273408641677e-25,2.19436353696366e-26,9.21958885998108e-23,0,0,4.73348748146107e-23,2.0388920131282e-23,0,4.9409635770151e-08,9.44173819835296e-23,4.5290711633321e-22,2.4016810455424e-09,1.3867539797435e-23,0,8.33003291456544e-05,0,0,2.72391692176094e-22,0,3.2918165499515e-22,1.21988148095543e-22,4.51169803090692e-22
"TCGA-44-8120","TCGA-LUAD",5.37768866178987e-22,3.31245346111583e-23,0,0,4.57283419510128e-06,4.70448387742744e-23,0,0,1.28232696729748e-06,2.04316151190444e-06,0,0,4.00509190968332e-22,0,6.73939984331425e-24,0,0,5.12795034971034e-23,1.05193417226525e-22,3.70503446954838e-22,5.66819208616368e-22,8.01599921138593e-22,0,0,4.37056919994242e-23,0,4.61690958240542e-22,8.93863955968028e-23,0,0,0,0,0,1.7195388753724e-23,0,0,0,8.0523602189766e-24,9.00231904852066e-07,1.09065486072462e-21,6.55411656006335e-22,1.15789594458747e-22,4.95956585056914e-06,0,9.71258075445848e-23,2.86211782012425e-25,0,1.82880344324547e-23,0,9.4390856591302e-07,1.15627324314605e-22,0,0,3.29959434230913e-08,0,2.43562145413356e-21,3.02713048931006e-23,0,0,8.48787920230739e-05,1.08863281612906e-22,1.21319365314279e-22,0,2.06108084763698e-22,1.23053537235481e-21,3.21824717613475e-22,1.55236008996829e-21
"TCGA-55-6985","TCGA-LUAD",0,5.32457989451777e-24,1.42168134677723e-22,5.12929491031135e-23,7.92385305343438e-06,0,0,0,6.57938750628849e-07,1.93444450189424e-06,7.01762133879635e-23,0,0,6.70883804452099e-23,6.61402691543042e-24,0,9.69503066236388e-08,0,0,1.16477091105994e-22,0,0,1.71785098910633e-22,2.90877348452044e-22,5.10360440599577e-22,0,0,0,1.67432912365278e-08,9.63711908995555e-24,1.38191648382817e-23,0,0,0,8.36083238433188e-08,0,2.80767138499589e-21,5.69427359045951e-23,4.93605926408527e-07,8.67012015750916e-22,2.48096977981052e-21,6.7292140404748e-22,0,9.6577791757836e-23,0,8.6911831336583e-25,0,0,1.88047401785984e-21,0,0,2.05432177648924e-22,5.80382204388955e-23,1.23760855774596e-07,5.5504819757551e-22,0,1.74433185023323e-24,1.8914295513073e-24,0,2.14512860237484e-05,0,0,7.60797299625371e-23,0,5.57388825622155e-08,2.57842510247047e-22,5.57388825622158e-08
"TCGA-44-7662","TCGA-LUAD",2.18009592537599e-24,0,0,3.12094068030887e-23,4.2538662163596e-06,0,0,3.44095293524084e-23,1.05422382577474e-06,1.69803785911785e-06,0,0,0,4.1961475672889e-23,1.02924016223994e-23,0,1.33718193886647e-23,0,3.80021013912794e-22,0,0,0,0,0,2.02409183177282e-21,0,5.85449463680906e-22,4.94274043514881e-24,3.26080773778531e-23,3.8504402526654e-24,6.18784236077024e-23,5.74627751173972e-24,8.84378895204469e-23,1.03551739125294e-23,6.16952863627393e-25,0,4.41235758316525e-08,8.00140230213494e-25,1.69979536059195e-06,4.0755623459103e-23,0,3.31404415114541e-22,1.27684445749077e-05,0,6.64973747903341e-23,4.21808245594837e-24,0,1.15202781294785e-23,1.19258829945824e-21,2.52570484329356e-07,0,0,6.53007032310425e-22,8.74708263485666e-08,1.42957495413245e-22,0,5.68815571744011e-25,0,4.72399188460895e-22,3.53868573586886e-05,2.55867332818699e-24,0,1.29449580428679e-22,7.50212153234922e-23,8.5072716274572e-22,1.01204591588641e-21,1.86277307863213e-21
"TCGA-71-8520","TCGA-LUAD",3.28232350164843e-23,0,6.21657053491984e-22,4.19998781887696e-24,6.2154573609492e-07,1.69512960241021e-23,0,0,1.06746481711557e-06,9.4740265780671e-07,3.93270981743006e-23,8.65282324184435e-23,4.51546302556627e-23,3.51518944004392e-22,0,0,4.6925152370962e-10,1.19352436201977e-23,2.09515389202861e-23,0,0,9.59288158161086e-24,2.46214612154088e-08,2.09814298860385e-24,0,1.74889548830339e-22,2.79348177353958e-22,2.55288278458735e-23,0,3.1625057404464e-24,0,0,0,7.50725301775042e-24,0,0,4.76925545767272e-22,6.24018781233382e-24,3.35581411227807e-07,2.15927662344172e-22,0,4.96926386200013e-23,8.16536780847666e-06,6.15567356963483e-22,9.47599412754321e-23,1.53442244597155e-24,0,0,1.17903077272245e-22,5.09736279655074e-07,5.14994555061715e-07,3.88944614654698e-25,1.8452132299466e-21,7.74315843949346e-08,0,0,0,0,0,3.60042649761579e-05,9.42156515563566e-23,0,1.11045138694515e-23,0,1.45482786060784e-22,0,1.45482786060784e-22
"TCGA-44-6145","TCGA-LUAD",5.74114958353878e-22,1.1074869519791e-23,5.83403342407132e-21,5.13043006958687e-08,6.34610660867709e-06,1.7716560334368e-22,2.02735215408834e-22,4.7407978086714e-23,6.96954324321719e-07,3.26907794237187e-06,1.68086348267209e-23,4.79207628030858e-22,0,3.34861472150697e-23,0,0,3.1412276890501e-07,0,0,0,0,1.38610724314006e-22,1.87434217573026e-22,1.29698267843259e-23,0,7.96248260315206e-22,0,7.86066805586848e-23,2.3408592671075e-19,0,2.87174190400443e-22,0,0,0,4.24161538542758e-08,7.36157707340605e-24,0,0,8.27654925341238e-09,0,0,0,8.12260981367974e-22,1.62046095508185e-22,1.34492617637722e-21,0,0,0,4.17146901407696e-22,1.30045935327592e-22,0,1.01809010730879e-23,0,3.39694956411637e-07,0,3.31598792792481e-21,1.62100831731619e-09,0,3.0684237190531e-22,6.30031359089449e-05,9.13175255444788e-23,1.75419076268678e-22,0,0,6.24803030334304e-08,5.53743475989548e-24,6.24803030334304e-08
"TCGA-MN-A4N5","TCGA-LUAD",0,0,0,0,1.47748044205712e-06,0,7.41559484869925e-22,4.14760225753078e-24,1.63212706255023e-06,2.46135238509243e-06,0,0,5.66835754636852e-23,1.77316902514762e-22,2.77253643879081e-24,0,1.05790496193336e-07,5.03931104355891e-23,0,7.50346051630842e-23,0,0,4.72430116639604e-23,0,1.11516661168967e-21,6.26054908257274e-23,0,0,0,5.75180290671069e-24,3.40727918618176e-23,0,4.5683064333529e-23,0,2.57185036311015e-27,3.59050108069878e-24,0,0,4.39546126174607e-07,0,0,1.14424179440298e-22,1.11447562846873e-05,0,0,3.72043965629027e-24,0,4.09991603425748e-23,2.27926988127988e-22,5.6468624944e-07,0,3.85861348566524e-24,0,1.20498294970811e-07,0,0,1.73700518121013e-23,0,0,1.24317408005164e-05,1.79132451774983e-23,0,3.11156408384891e-23,1.08976488018092e-22,2.32073951827694e-22,5.57583305844835e-22,7.89657257672529e-22
"TCGA-MP-A4TC","TCGA-LUAD",3.97907333935286e-22,1.16570572279057e-23,0,0,2.68954910350054e-06,2.70388337976935e-23,0,0,3.4944781359377e-07,7.48391031246715e-07,2.85811515157595e-23,2.12390791044237e-23,5.33850328739093e-22,7.36816389897708e-22,3.55913553955061e-24,0,3.59204305994271e-23,0,0,1.94299574023265e-23,0,0,1.22042481827381e-08,7.87205486941231e-23,0,4.86386155631403e-22,4.96784217473347e-22,0,0,3.02728954431901e-23,2.21843291490046e-23,0,0,0,0,0,6.18762479988096e-08,0,5.62609415927688e-07,4.87989572871679e-22,2.65538694185076e-22,3.38041930647517e-23,2.41572308620017e-05,3.9810147297842e-23,3.03426143663864e-24,3.00320358395616e-26,0,6.50389266938516e-24,6.12980271591164e-22,4.41010194232828e-07,6.62335785989293e-07,8.12952090377278e-24,2.62975942464132e-21,4.2961019617325e-08,0,0,1.96772733950818e-23,0,0,3.1457960416594e-05,0,0,0,7.09731750856476e-23,6.1712792996825e-22,5.82852861395287e-24,6.22956458582203e-22
"TCGA-99-8033","TCGA-LUAD",3.78009812878283e-22,0,4.14383061770907e-21,0,3.36642311929437e-06,8.41572436633137e-23,0,1.27452091097974e-22,6.54445783321389e-07,1.05589665324545e-06,2.28090965254256e-23,4.14346507132299e-23,7.77951055348862e-23,0,6.67560874210694e-23,0,2.67856896670575e-08,0,1.04011462937986e-22,0,1.13109213077566e-22,0,7.0094970407544e-24,1.63501755350784e-23,2.08987362055072e-22,1.1825691671369e-21,0,2.01522230040743e-22,6.55413851960131e-23,8.04195171076863e-24,4.10940230882392e-23,0,3.01488627118512e-23,1.90656677431419e-23,0,5.08194605018991e-24,2.37597037096621e-24,1.27029568500996e-23,8.2291752739783e-07,0,5.44297198980991e-22,0,7.25918783573916e-06,0,0,3.99158486321184e-24,0,3.02245051902383e-22,9.76483909303509e-22,5.33968587645118e-07,3.1214948174714e-23,2.95689355281026e-23,0,8.99777172014222e-08,3.36312791656553e-22,6.69920275564348e-22,1.42071049642535e-23,2.91710685094555e-23,2.79009578359226e-22,3.4541798684701e-05,6.26649103442952e-23,1.54626778892869e-26,0,0,1.32794193466539e-21,1.61048287566319e-22,1.48899022223171e-21
"TCGA-05-4244","TCGA-LUAD",0,0,2.01624503366297e-21,0,4.65631920311627e-06,1.42011067614508e-24,4.04547733305075e-22,1.20515088629877e-22,1.52831401451304e-06,2.70256830192985e-07,8.90013008365967e-23,1.59675821352215e-22,2.70000569020311e-22,8.05767792156405e-23,0,0,9.82730054645998e-24,0,1.49237377412931e-22,3.07954906382201e-22,0,0,0,2.21156400898371e-23,1.50323569434594e-21,6.79700189341613e-22,1.07210307182065e-21,9.51475987184249e-23,0,1.8760629101963e-24,5.20379977506869e-23,0,0,0,3.68063505113646e-24,1.76867373122877e-23,0,0,1.99605316250606e-06,0,5.46721025960827e-22,0,3.32388248539972e-21,0,0,2.29657698742054e-25,0,0,0,0,7.02072580056386e-22,0,0,1.45552399227035e-08,0,2.53071102861481e-21,6.22467177555191e-27,0,1.32020856879137e-21,5.53166907614542e-05,0,2.64543167032767e-22,3.05772897917489e-23,0,7.59031651584171e-22,7.51617847172972e-22,1.51064949875714e-21
"TCGA-86-A4P8","TCGA-LUAD",1.48884657924452e-23,1.05565690453285e-23,2.86816108209047e-22,6.04590388426493e-24,7.98794063233802e-06,2.69591020222952e-23,4.84177467212776e-22,0,2.39375806800323e-06,3.41161344435648e-06,9.91400253352849e-23,0,1.20154161923724e-22,4.05882030448328e-22,0,4.05760176309741e-22,1.66418022047871e-24,1.01005867696276e-22,5.6845734679147e-24,0,0,2.5871866492532e-22,1.0765470887923e-22,2.12806094653004e-22,5.89520674657141e-06,1.68040871278254e-21,7.45474042700846e-23,4.35228270966252e-07,7.44269652669514e-25,6.7288338025776e-23,3.02532999962938e-24,1.68669178850604e-23,2.71506705655578e-23,4.43825031166516e-09,1.59108900095652e-07,0,1.07432271737921e-07,0,4.49360952586961e-23,0,1.08376306776245e-21,4.38904859668409e-22,4.11781985730649e-06,0,3.22339877521658e-22,0,0,0,1.71913952722816e-21,5.91825931216839e-23,5.42244653463659e-22,7.57702232780108e-23,0,0,0,0,1.31199844370706e-23,0,1.36448442124997e-22,9.22305201161189e-06,0,8.35985971151079e-23,1.22142902337829e-22,0,1.0607260006377e-07,2.9476033732857e-06,3.05367597334947e-06
"TCGA-69-7765","TCGA-LUAD",0,0,1.96207626149693e-21,1.26109315982559e-07,1.25993491959585e-06,1.95371044462306e-23,0,0,9.25761006251944e-07,5.81977053108113e-07,0,1.05607773770566e-23,0,0,3.71633862969293e-08,0,2.68006172026715e-07,8.96408755156427e-25,0,4.49194106210239e-24,0,0,0,4.44175136952377e-24,0,3.26995207980611e-22,0,0,0,0,9.37889689571266e-23,0,1.32176590172757e-22,0,2.01223571957823e-24,0,1.08102157329283e-21,1.67314688493527e-25,5.73507036421177e-07,4.20649647160211e-22,0,0,1.37434377727575e-20,4.90261946958436e-22,2.47099751847574e-22,1.0844187235863e-23,8.99611458654095e-26,1.22825070515792e-23,4.38846082295909e-24,1.23213454622705e-22,0,5.3427829527897e-24,5.90306186425682e-21,3.54048944054455e-07,0,4.56241140683418e-21,1.85293619629004e-25,9.60687371303095e-23,1.31013803272328e-21,9.86969191144925e-05,0,0,1.08088395143553e-23,7.68726067084588e-24,8.40728773217057e-08,0,8.40728773217057e-08
"TCGA-49-6743","TCGA-LUAD",2.6536005745974e-22,1.11974371735492e-22,7.54385259583922e-21,5.79612341930552e-23,2.44279537272174e-06,8.46099049083023e-23,9.50101255088042e-23,0,0,1.39710507994928e-06,1.19147285265247e-22,0,0,4.50306498924638e-24,1.98148929551834e-24,0,2.14979313068762e-08,0,0,1.19839605318226e-23,1.5535651384453e-22,0,5.63270843128774e-23,0,1.32981126173466e-21,4.42128927720369e-22,4.4032518672306e-22,4.50632771555148e-22,0,9.75400650473377e-25,3.09042712929167e-22,0,0,1.22522518143535e-23,4.4446556668019e-22,0,2.43275088557819e-22,1.10283662171076e-25,3.25512333674359e-07,2.12939064933221e-22,2.9797283375468e-22,0,0,3.337331578906e-22,0,0,0,1.84492599272529e-21,0,5.24470546379902e-23,5.68087149126143e-23,0,0,2.69840532961272e-07,2.70467396136423e-22,3.78819161309988e-21,0,0,0,8.77639798753459e-05,0,1.73931133605734e-22,1.74388143299483e-22,6.75145693648342e-23,1.77153972525669e-21,7.98571073657342e-22,2.57011079891403e-21
"TCGA-L9-A8F4","TCGA-LUAD",1.91789900957361e-22,4.89937723204471e-23,0,1.62885189424886e-07,2.26848919217767e-06,0,6.08386616816381e-23,0,2.55635976832246e-06,4.80254144416284e-06,0,0,0,0,0,0,3.71247427308585e-07,0,1.04370815619768e-22,0,0,0,4.71839867503887e-26,0,2.75696234788506e-22,0,1.72682868835861e-22,0,0,1.17069829611749e-23,7.47708479485645e-23,0,0,1.76706016791985e-23,3.09368572354397e-08,0,2.71870198659804e-08,0,1.15780386848089e-06,7.37161476493407e-22,0,7.29101117100008e-23,1.27528240008652e-05,9.76896073789158e-24,5.40466374132415e-23,0,0,0,0,3.65512296419367e-07,7.26475039773374e-23,0,2.01248402559946e-21,4.55177520913352e-07,7.757797906301e-23,4.80039367582115e-23,4.8290858907074e-24,5.704898800062e-24,3.58171815460702e-22,2.24052062034596e-05,1.49912163349247e-22,1.5591030182641e-23,4.20783273031807e-23,8.05840113952419e-23,1.29214697773551e-07,1.62345003554477e-22,1.29214697773551e-07
"TCGA-69-7979","TCGA-LUAD",7.24811331280825e-23,4.51256053846439e-23,1.50906181008589e-22,5.23821853215319e-23,2.90062564817179e-06,0,0,3.60256451111628e-22,6.24488319858129e-07,9.91517867264592e-08,0,4.54321804962789e-22,0,1.30832022777789e-22,5.95448006881084e-24,1.55435945381615e-22,1.44410478569465e-23,0,0,0,6.11492529274166e-22,0,0,0,6.83766857893444e-22,0,6.77785652096446e-22,0,0,0,7.91844813018076e-23,0,4.05685819052843e-23,0,1.89356045650874e-22,2.04197495349684e-25,5.52103491000674e-24,0,9.46973946345688e-07,0,0,2.03716223345448e-22,9.83878183428143e-06,0,0,0,0,0,0,6.69186918813418e-07,0,3.78639628274431e-24,0,4.205154691784e-08,0,0,0,1.60707347303301e-23,0,4.20823972151222e-05,1.74635646615726e-22,0,0,5.33633517068844e-23,7.04210991364549e-22,6.70192496276127e-22,1.37440348764068e-21
"TCGA-55-7574","TCGA-LUAD",0,7.56257044104331e-23,0,2.13789594528863e-08,5.76933554217239e-06,1.41075728257608e-22,1.09483033198104e-21,2.56905981022155e-23,2.44646661724532e-06,4.65965284171724e-06,6.41160154431231e-23,0,5.49476741818737e-22,0,2.14699436740946e-23,0,3.98809530595393e-07,1.07305529571635e-22,1.35008296013495e-22,0,0,2.54981068547601e-22,0,4.61465113546459e-23,2.60877505581943e-22,0,9.50129863285612e-23,4.41101001534427e-07,0,9.1434545763052e-23,6.01109843210033e-23,2.40585193146792e-23,1.79998209552656e-22,0,1.12436298604893e-07,0,9.70904518230899e-08,0,7.0528154179079e-08,0,0,0,1.00193981963152e-05,2.93861637007681e-22,7.87961086752111e-24,6.87412350907389e-25,0,9.06529098631938e-23,0,3.91711729267575e-27,0,0,1.87129687093496e-21,3.62327045608135e-07,2.72747867044154e-22,8.57886226903987e-22,2.79269130233237e-24,0,2.96968696184529e-22,2.5206962803788e-05,0,0,5.17974873439003e-25,8.28238953301784e-23,8.92101720385196e-08,1.68251604996188e-22,8.92101720385198e-08
"TCGA-49-4494","TCGA-LUAD",3.41494045178934e-22,3.37202217144268e-22,2.97800617348113e-21,1.75810912883577e-23,6.05869169778289e-06,2.03645637723344e-22,5.2744468699321e-23,0,1.07861871819885e-22,9.45142188727377e-24,3.87392489190558e-23,0,0,0,0,2.46394390716691e-22,0,8.00096967102568e-23,0,8.01694375467956e-23,3.09832851724777e-22,0,4.12170919428014e-19,0,0,0,1.02102311780332e-21,1.04524260498339e-23,0,3.66068816777858e-23,0,8.98278670270257e-25,0,6.57907325895476e-24,3.8538274384427e-23,0,0,0,1.54367843475007e-06,0,1.08801326212121e-21,2.26812959481292e-23,4.99746639035111e-06,0,1.16809296566721e-22,2.34021914243629e-25,0,1.17346722559524e-22,2.03542675706718e-22,4.70310442262046e-07,1.80888528487362e-06,0,0,5.05143274647656e-08,0,2.13915359175275e-21,1.27355071058711e-24,0,6.32769450521037e-22,5.18873113150685e-05,0,2.31158673038389e-23,0,0,1.03072649485153e-21,3.23517534434523e-22,1.35424402928606e-21
"TCGA-73-4677","TCGA-LUAD",0,2.41701693152114e-22,7.59105937080433e-21,1.86191416970501e-22,7.65094944354369e-06,3.75985556931105e-25,5.98587617070708e-23,0,7.7135790642096e-07,1.12828085415187e-06,1.28117096289765e-22,4.05442593584206e-23,8.8113197185053e-22,1.12052843773931e-22,0,0,0,3.07291931980259e-22,0,0,0,0,1.20397573503383e-22,1.65998750833327e-22,6.42689350017668e-22,4.1515373202829e-22,0,0,0,0,1.98933247810165e-22,1.20769677222866e-22,0,2.90456781010187e-24,1.56448449259463e-24,3.65217853003344e-23,0,0,6.7140335173207e-07,4.85113965344191e-22,0,8.36421481951928e-22,0,9.53440412634781e-23,6.16780255902198e-23,7.38356355694876e-25,0,0,0,0,0,9.05225036889905e-23,0,1.85406054925057e-07,0,3.71555474831035e-21,0,3.69321536898203e-24,3.72123485258313e-22,8.14246588925106e-05,0,0,1.40029807890528e-22,3.49871618588926e-22,2.32713225362922e-22,4.42195521584891e-22,6.74908746947813e-22
"TCGA-69-8255","TCGA-LUAD",1.04277886601954e-22,4.38635372219506e-23,0,5.08655875697576e-08,3.71337967854415e-06,4.62802158306257e-23,0,0,1.51061159185215e-06,2.09444943941673e-06,0,1.93672300132334e-24,8.25636476420712e-23,1.72908488142718e-22,0,1.01734391447465e-21,1.08030767406838e-07,0,7.51803640435742e-23,0,6.36590856244417e-23,0,0,4.62906970676867e-23,1.05030731588996e-21,0,3.07164395762486e-22,2.60689789375051e-22,1.71163905374694e-24,4.38073710323813e-23,5.26558304791118e-23,1.18401623001302e-22,0,0,7.52916274755383e-09,0,0,0,1.87261576421923e-06,0,0,1.80057288127238e-22,1.80029583649689e-06,4.18576454251417e-23,1.24906259266995e-23,0,0,0,0,2.39972919213435e-07,7.29049938432959e-07,0,9.77745879686462e-22,3.94743649745911e-07,0,6.05142655460081e-22,9.04487510749249e-27,0,0,2.71115805471081e-05,0,3.58547242867279e-25,0,3.59938534360397e-22,3.89298335448744e-08,5.78914969368178e-22,3.89298335448749e-08
"TCGA-55-8085","TCGA-LUAD",0,0,1.06808834252484e-21,4.41881392524559e-25,5.51896759935779e-06,0,0,2.67060953536763e-22,1.38705323194264e-06,2.8378641105815e-06,7.36799477818296e-23,9.4428245358838e-23,1.60486653913223e-22,0,5.56600649375054e-23,2.30241918867881e-22,1.34604779151027e-07,1.41107047200964e-23,0,0,0,0,6.77022616493081e-25,2.55281123674551e-24,1.26366098758453e-21,8.44604582544346e-22,7.52848743434554e-22,0,0,0,0,0,0,1.2769427347621e-23,0,3.42861446491931e-23,1.27278800665787e-22,0,5.44580565033315e-07,2.20907392628912e-23,0,0,3.11388420453381e-06,0,7.48467807202109e-23,1.29926167940288e-24,0,0,0,7.1602926163116e-07,0,0,0,3.42484644915329e-07,0,4.38258847963568e-21,7.74961697617838e-24,0,0,5.15438427008897e-05,8.54524592737691e-23,0,1.46912910502011e-22,1.50386661575735e-22,2.4128738685875e-22,6.31830493792265e-22,8.73117880651015e-22
"TCGA-L4-A4E6","TCGA-LUAD",0,9.85219077767052e-24,2.54624763572383e-23,2.32326006412136e-24,5.19375549349661e-06,0,0,9.77529900170175e-23,9.41278017736629e-07,2.70463627631576e-06,0,2.16549001562526e-22,8.96505308254708e-23,7.37449096926812e-22,1.02791252561285e-23,8.90886262848329e-22,2.20921362539217e-24,0,0,1.63483827294069e-23,2.57324845865053e-22,6.26286250236091e-22,0,0,1.44705585543614e-06,0,1.88645886335236e-22,5.81577043302325e-07,0,1.57968072366482e-24,4.2543116376784e-23,0,2.56325003009066e-24,2.98454843124669e-08,1.39319369784625e-07,8.53706320342935e-24,1.1783409503254e-07,3.74037636167053e-24,1.67638861348398e-07,1.17659365738464e-22,9.94232442306901e-22,0,1.1178884196609e-05,0,0,0,0,0,1.29189661376535e-21,0,0,1.28896248763898e-23,0,0,4.53449076824818e-23,0,2.41646273791106e-23,5.91957265179695e-24,0,9.86340604159292e-06,0,9.69740713164566e-25,0,0,9.28795798564189e-08,7.2352792771807e-07,8.16407507574489e-07
"TCGA-55-8619","TCGA-LUAD",0,0,4.69352268276996e-22,0,5.54242961179911e-06,1.12715404313174e-24,4.42207597180576e-22,2.59609817184503e-23,8.70752812528231e-07,3.835187290634e-06,1.05972443732801e-22,3.67734745769365e-22,2.26568063527732e-23,1.8609373518133e-22,0,0,3.05185242778134e-07,9.84362668139192e-23,0,0,0,3.72980561487713e-22,0,1.61326193780159e-23,4.71149509488953e-06,0,3.95882973554712e-08,3.0553094779568e-07,0,9.4120606048393e-24,3.27944584381041e-23,1.58975180483679e-23,4.61040097432455e-23,3.77994755427868e-08,1.69242593706319e-07,0,1.24523499678525e-07,0,2.10930855950516e-07,0,3.76406124080734e-22,0,2.95122043105606e-06,4.72852918250779e-25,0,7.27439729041936e-25,0,5.25527854663163e-23,9.79350233627759e-23,0,0,0,1.84645597939742e-06,1.85861044107672e-07,5.19923405640899e-23,6.93350228086868e-22,1.96989374404789e-24,1.38726791513163e-23,0,1.312375691079e-05,0,0,2.6116230868231e-22,0,1.12828395804214e-07,2.35574754744477e-06,2.46857594324898e-06
"TCGA-05-4434","TCGA-LUAD",1.99848615527537e-23,1.72217461972263e-22,6.48966337102305e-21,3.47147713162107e-08,3.93997889243693e-06,0,0,0,8.18656733186532e-07,1.2901493560189e-06,5.94359903242411e-23,7.27575511858324e-23,5.78582718620585e-23,0,5.30284616462063e-25,0,2.16351041412859e-07,9.4323375770048e-23,2.88916819711256e-22,1.58820452317749e-23,1.03806073904883e-21,0,2.39131825656729e-22,5.18738859915815e-23,0,3.37336010731395e-22,7.69403508709105e-22,6.00095118719173e-23,1.7803720186082e-24,0,0,9.85574979305632e-23,4.99588453397509e-25,0,1.3898501636733e-23,2.19098722276241e-23,1.81446269039979e-21,0,2.13646709145648e-06,3.00707028825381e-22,3.25402668480928e-22,1.78812337704467e-22,2.15319995212577e-21,8.61713897205341e-22,1.14869875571243e-21,9.34292804869779e-25,4.23612663976539e-25,3.95207995735042e-23,0,2.89942381138172e-22,8.3734689657946e-22,8.72292478770754e-23,0,6.05053339927857e-08,0,1.14366119641957e-21,6.8600218299937e-09,2.21266959121339e-23,0,5.31813158546496e-05,1.41216245639348e-24,0,4.19123335102606e-24,1.44691291775586e-22,2.31431808774742e-08,6.05139100510545e-22,2.31431808774748e-08
"TCGA-75-7030","TCGA-LUAD",2.31563672322726e-22,0,0,0,5.2400671510945e-06,0,1.01864283366622e-22,1.10850154735762e-23,1.31010883313518e-06,2.81033743084815e-06,1.2386648942927e-23,9.37970972575672e-23,8.3092688672111e-23,0,0,0,2.17576930659974e-07,0,0,5.27022817141468e-23,0,0,3.20866543229432e-23,4.60498667675952e-23,1.13032682866434e-21,5.32757793014262e-22,4.3867461043161e-22,1.84847515383389e-23,0,5.44401983879156e-24,0,1.96116086937266e-22,0,3.25691830505107e-23,6.64099413463538e-23,9.78179109788202e-23,3.05781580194669e-22,2.28415942710479e-24,0,6.55264554236722e-22,0,0,3.51442862076707e-22,0,0,3.22991642518127e-24,0,6.73432500437491e-23,4.14035506297886e-22,3.0031802607371e-22,0,0,3.33914653112794e-21,2.40458373936217e-07,0,1.60344092743648e-21,8.13850452128371e-25,0,6.82442379535461e-22,5.67698400331019e-05,0,0,1.01812024601502e-22,1.55396772140481e-22,6.0099278604703e-22,5.65163414332171e-22,1.1661562003792e-21
"TCGA-50-5044","TCGA-LUAD",2.51479992552899e-22,5.32881600444586e-23,5.80046041014854e-21,1.94558469412725e-23,5.31851873726149e-06,1.05280114473912e-22,0,0,1.87219366770085e-07,2.95182212323373e-07,0,5.90276171596356e-22,7.50024983658565e-22,0,0,0,2.76935322355238e-23,0,1.85101996797327e-22,0,0,0,1.06598467563228e-26,0,0,1.39016878484057e-21,2.52824664478538e-22,0,0,0,1.26964544949513e-22,5.58169898161901e-23,3.94567906098869e-24,0,1.49274579315927e-23,0,4.81558626108209e-21,3.18843801760874e-23,1.1550534044063e-06,0,0,0,2.06007756375905e-05,0,1.70091995713948e-22,1.43045003601434e-24,0,2.94613334310136e-22,2.39102942712247e-22,9.03571764222048e-07,0,1.43364582801234e-22,0,0,0,2.52455888691357e-21,1.35391146394285e-24,1.04796413818022e-23,9.42332521961743e-24,4.87320620799894e-05,1.48283412832102e-22,0,1.11564283515551e-22,0,8.09461828871863e-22,2.66440800222293e-23,8.36105908894092e-22
"TCGA-05-4418","TCGA-LUAD",3.10752999257452e-22,2.79996666029306e-22,1.01075649198152e-21,3.55812552622449e-08,3.36335995915989e-06,4.02566337590943e-23,5.55245692359328e-22,0,1.61726512031914e-07,2.8615081872097e-06,1.37539588279491e-23,4.35268973642354e-23,1.47384207409073e-23,0,0,2.63254559333748e-22,2.59597143307322e-07,0,0,2.54547392966258e-24,1.36831270998192e-23,3.94081540760234e-22,1.07637547698264e-26,4.58604134180086e-23,0,0,7.86221793322257e-22,0,0,0,5.95349985909575e-23,2.65502413112995e-24,0,0,7.83840476047369e-24,0,0,0,1.30139807395618e-06,0,1.18563860353717e-22,1.4884888639335e-22,2.25215449113143e-06,3.26078675562229e-22,6.80727197547531e-23,2.72211780541902e-23,0,0,7.25970980760856e-22,1.00564258531428e-06,0,6.00722855740664e-23,0,4.66717907658302e-07,1.05973502214132e-23,2.8536516640106e-21,0,0,0,5.55037494833524e-05,9.93524986991658e-23,2.0563935506322e-24,0,0,2.37208368414975e-08,1.46839896564562e-22,2.37208368414976e-08
"TCGA-44-5644","TCGA-LUAD",0,4.16081494524778e-23,0,0,4.16122277184964e-06,0,0,4.26655541376532e-22,2.41468567461027e-07,9.51013389980282e-23,3.88530585328646e-23,7.87952403411791e-24,3.96555974918532e-22,0,1.31047503050072e-23,0,6.04351504417051e-23,0,0,0,1.24435059147318e-22,3.62283869997224e-22,1.0868720789893e-20,1.6452138113082e-23,1.17352300199111e-21,0,1.45576756574814e-23,0,2.24198126795014e-24,0,0,2.38917203134326e-22,0,0,0,8.59953415042111e-24,0,1.44796064857258e-23,4.47121692493445e-07,1.58494621711336e-22,4.34046949255377e-22,0,0,0,0,0,0,0,0,1.0403242836343e-23,3.05457467949096e-06,0,0,2.16840597481879e-07,3.24910036684928e-22,0,0,0,5.83752174389075e-22,3.88603008531483e-05,2.7254978299379e-22,3.95988617263523e-21,0,0,9.79855391865051e-22,6.69783105295454e-22,1.64963849716051e-21
"TCGA-91-A4BC","TCGA-LUAD",0,2.0165783680998e-22,0,2.01633395994283e-25,6.87149674114068e-06,2.53280924707451e-22,1.64378341511763e-22,0,8.8480115352868e-07,4.40009303257169e-06,0,2.93526587574864e-22,0,1.52273052602169e-21,3.11616276939657e-23,7.08647672241246e-22,5.96364890558288e-08,1.04562623822498e-22,0,2.0407362268101e-22,0,1.63212770931e-23,7.05603784478083e-23,4.51085733126214e-23,0,0,0,0,0,0,0,1.03208837473177e-24,1.13282533641063e-22,0,1.16357542812012e-08,1.3270237272699e-23,1.20040863662189e-07,1.74412925562989e-23,6.71818743713268e-07,0,5.76204691267899e-22,0,1.58267515210948e-05,2.22772768964222e-23,0,1.5812450002876e-24,0,0,2.69991194126713e-21,0,0,1.37766119497602e-23,0,5.0752706542393e-07,1.25092462749576e-22,0,8.22912941314465e-09,3.95982998872719e-24,0,1.77318889453696e-05,0,3.19581802416115e-23,3.39208508650182e-23,0,7.75716952080332e-09,1.0082891840499e-22,7.75716952080342e-09
"TCGA-95-7039","TCGA-LUAD",1.39886235096764e-22,0,1.62361493434596e-21,0,2.67602198497365e-06,5.0342572511245e-23,2.68424635670635e-22,0,8.89724752631011e-07,1.41791206343157e-06,0,0,0,0,0,0,5.33652041694717e-26,5.76507418823618e-23,1.51580919507254e-22,2.32628598912594e-22,6.93583210011743e-23,1.9616406413732e-22,0,0,1.92852308098996e-21,1.09659850877778e-23,4.73377224706845e-22,1.08583020063341e-07,0,0,1.98079230372761e-22,7.45758528507916e-24,0,0,0,0,5.57842023808071e-08,0,1.36091822944555e-06,1.56636006133024e-23,1.23961539058614e-21,1.67461167271494e-22,2.62406852311283e-05,0,0,1.73784364497802e-24,0,0,0,4.63620319043943e-07,0,0,3.47316567198254e-21,3.93545679898746e-27,0,0,0,8.44762452289962e-24,0,1.2064105555469e-05,5.33067581238451e-24,0,0,0,1.11724375928075e-21,9.98940700995567e-22,2.11618446027632e-21
"TCGA-35-4123","TCGA-LUAD",2.12545673139226e-23,1.59819031204762e-22,8.94040706102184e-21,0,5.59629855318903e-06,1.01290435898471e-22,0,1.21441348310042e-22,3.54159886588402e-07,3.18252853080693e-06,1.07491911143944e-23,0,2.54262324617372e-22,5.59156046022261e-22,0,0,2.96343768905458e-08,2.25079056038175e-22,0,0,4.83479776695886e-22,1.10985551852625e-21,0,0,6.01753188350831e-23,0,0,1.46728853995185e-22,4.49389739608504e-20,1.1255742782277e-22,4.94160196857632e-23,2.53384922337784e-22,0,0,0,3.29847661132645e-25,3.83918838932863e-22,0,2.30085954080607e-06,7.11330904818665e-22,0,0,6.62401937929838e-22,0,0,1.48516269876027e-08,0,0,5.88224357842189e-22,1.83410314547881e-22,6.95268710949911e-22,1.33154683906573e-23,0,8.31265375813619e-08,3.58135242965042e-22,3.28770070645916e-21,1.17408868889567e-08,0,0,6.81016586013923e-05,8.64374052911984e-23,5.85335193113582e-23,0,0,1.38193743134418e-21,3.51737063367865e-22,1.73367449471204e-21
"TCGA-69-7761","TCGA-LUAD",0,2.88588154012443e-22,7.18572326620727e-22,1.65585915800765e-07,1.73508370043769e-06,1.32619312071741e-23,0,1.23134330232053e-22,1.59463289103348e-06,5.3853471697743e-06,1.70442199352139e-23,1.38439351938044e-24,0,7.3915671135705e-23,7.52414141281769e-09,5.58732873340676e-23,2.37321852486779e-07,7.1686322582342e-24,5.11244777848157e-23,1.33515607660347e-22,0,9.20433177644671e-23,0,4.91397816121152e-23,1.93617241990583e-21,7.01890844248522e-23,3.0893011633733e-23,2.83034577056082e-08,0,1.17325681591763e-23,7.65218535665613e-23,3.46220668577594e-23,8.54701765237499e-23,2.15460709928144e-26,7.47238405546488e-08,5.94662577696964e-25,0,6.62779015890286e-25,1.29484420568403e-07,0,1.30454325389046e-22,1.09866214113134e-22,3.66599359589578e-21,0,0,6.2543476358817e-24,0,0,0,3.17787377282134e-22,1.47139078354798e-21,5.75878037422063e-24,4.25795968573937e-22,3.8064945159403e-07,0,1.01716144738913e-21,0,0,7.65522882714352e-23,3.06532761684085e-05,1.92971799746969e-22,9.98650192779521e-24,7.60734914946609e-23,0,1.60206504236943e-07,1.11238028695914e-21,1.60206504236944e-07
"TCGA-62-A470","TCGA-LUAD",0,2.07360633321304e-22,1.7981056420504e-21,2.14909848897329e-21,3.89688992052286e-06,1.98866720442183e-22,0,0,0,1.97618307101144e-22,7.74685603920566e-23,1.80992773890336e-22,0,0,7.71824744389326e-24,0,0,2.50817571721165e-23,9.29062135515218e-23,3.23399885037838e-22,2.02908187629126e-22,0,0,0,0,4.51218747331581e-22,8.01189114301435e-22,0,0,7.0435434282471e-24,1.1976866080327e-22,0,1.89382516453054e-22,0,6.85588881510057e-23,0,1.01286003828963e-21,0,7.18642400064071e-07,1.08284053697608e-23,4.84602060576962e-22,1.44491630044781e-22,3.71500953520815e-21,4.43005054009358e-22,0,1.46106246686175e-24,0,0,1.51450212961019e-21,0,0,0,0,2.43867625700653e-08,2.52913397687422e-22,5.07011555895309e-22,1.24687518705278e-25,0,0,6.34889535027911e-05,0,2.77595068222127e-21,0,0,3.14743615082641e-21,2.05134410475215e-22,3.35257056130163e-21
"TCGA-78-7158","TCGA-LUAD",0,2.22046841372234e-22,3.98241249212252e-21,1.91989750792782e-23,2.76303915023824e-06,7.26556796861418e-23,7.29379426568017e-23,2.34667338000392e-23,1.21165073339962e-06,5.7300212013386e-07,0,3.98199352832986e-23,0,3.13184199462277e-22,0,0,2.37436904966238e-23,1.24126191690891e-22,2.0325845721949e-22,0,2.05547497297678e-22,1.15018625207743e-22,2.14606603564007e-23,0,1.67834179656438e-22,4.17565320940892e-22,5.44848087794561e-22,0,2.7586373118294e-22,0,7.02922350060855e-23,0,8.95295253051218e-23,0,9.24787454555479e-08,2.06241753831462e-24,0,0,2.58789125812712e-06,0,4.47522399912366e-25,2.51063643743063e-22,3.71079541625169e-21,0,0,0,0,0,2.13238075927449e-22,0,1.36146745928642e-07,0,0,1.3174018079025e-08,2.14775567642269e-22,1.11982225894891e-21,0,3.84016138246595e-23,0,4.04291370327467e-05,0,2.2029879416471e-23,2.40256028505214e-23,3.1169595515106e-22,6.16524969703655e-08,2.97714259163175e-22,6.16524969703658e-08
"TCGA-78-7148","TCGA-LUAD",1.67028086777432e-22,0,0,0,3.86995181827216e-06,7.17049630048007e-23,0,0,1.43268011804201e-23,5.40746480660774e-07,2.27636663681471e-23,1.70610511224914e-22,0,2.48707706680728e-23,0,0,0,2.83330854780256e-23,1.39415197058998e-22,2.84455689793451e-22,5.95373368457896e-22,3.99792523649192e-22,4.28607318050408e-22,6.55851405433951e-23,1.7771606167874e-21,1.00653206560263e-21,0,1.01235638687516e-22,7.73902706541725e-24,0,4.27534189036014e-23,0,0,0,0,0,2.29051371959423e-21,0,2.20464325935339e-07,0,2.67555036943114e-23,2.03658556237015e-23,8.45758295007129e-21,1.24863067883775e-22,0,9.6804743998534e-25,0,2.45246554524079e-21,4.16737360279388e-22,2.7007762125793e-22,8.19305333521063e-22,0,0,1.13519089555002e-07,0,1.11029594366439e-21,0,0,0,7.30944429671997e-05,0,1.25657542294232e-22,3.6222070189935e-23,0,2.50054475592136e-21,1.18626699262265e-21,3.68681174854401e-21
"TCGA-53-7624","TCGA-LUAD",2.47880575470456e-22,6.5822718738231e-23,4.14688483756191e-21,0,1.9364329878218e-06,0,0,0,7.69567316794989e-07,8.37730544892287e-07,0,0,0,4.05786199896106e-22,0,0,0,5.7959210409007e-23,0,2.82138297207587e-22,0,2.15672688848686e-24,7.15317685609094e-22,6.95788917481286e-23,1.81756561129713e-22,0,0,1.59768626522276e-22,0,0,8.07505391567276e-23,0,0,9.37552206772432e-24,4.51860154934938e-22,0,4.32179731182613e-22,1.55165134183688e-23,4.73750866181675e-07,0,0,0,1.72307985619536e-21,0,0,0,2.9299654316129e-25,0,0,0,7.04515880079799e-07,5.63554630034456e-23,0,1.47942561383908e-07,1.72657753704925e-22,1.7597798125417e-21,1.62162438402817e-09,0,0,4.40387498529959e-05,3.79079130715923e-23,2.02052222867346e-08,4.68442607088942e-24,0,4.90770119354008e-22,1.23789639933972e-22,6.14559759287981e-22
"TCGA-53-A4EZ","TCGA-LUAD",2.48014323468641e-23,9.91077166029693e-23,0,0,3.79654006471079e-06,9.30175023307314e-23,1.20455892650647e-22,1.40452194568783e-22,1.09323294837938e-06,1.37347574178359e-22,1.77911177328418e-24,1.5030940812902e-22,2.62702967249404e-22,0,0,2.26105786063976e-22,1.1637557663298e-07,0,0,1.37275497304138e-22,0,1.0087441590722e-22,0,0,8.27603634062857e-22,0,3.59086626816587e-22,0,1.55295210672959e-24,0,0,0,4.05248403427452e-23,0,1.57206581096396e-08,8.08358623011044e-25,2.88381546682693e-23,6.97398687321557e-24,1.73801302914637e-06,0,4.34509557579569e-22,0,1.43578482530436e-06,2.91950456416135e-22,0,0,0,6.15278143798973e-23,6.55096471874494e-22,2.75316439018242e-07,0,0,1.13580876846299e-21,1.34885313566607e-07,0,1.3121643248271e-21,1.08408685789963e-24,8.39738948266738e-24,0,2.8286824201755e-05,0,7.69793028994551e-24,3.81092013467535e-23,0,1.04804387397609e-08,4.63355675332913e-22,1.04804387397613e-08
"TCGA-55-A491","TCGA-LUAD",0,0,0,3.11764147504526e-23,5.82511373111391e-06,1.99068882593975e-22,3.49038369011939e-24,0,1.60334347047048e-07,1.42807590144813e-06,1.42563872813077e-22,0,1.97403213875085e-22,2.07528192951337e-21,1.99891482789257e-23,3.21947368049161e-23,8.28770171167338e-24,3.25999659971854e-23,1.11345187784936e-22,0,4.25079929301208e-22,2.85418204388803e-22,0,3.45325136187843e-23,0,0,0,0,0,0,1.05435137720894e-22,0,1.36570937908814e-22,1.48317262774149e-23,9.62551711635499e-26,0,0,3.30596547860697e-23,9.54765540651853e-07,0,0,1.13526350479141e-22,1.09451483721647e-05,0,1.10989420358064e-22,5.62621785826818e-24,0,0,0,6.02698563297247e-08,3.04905109528323e-07,5.8612572560212e-23,4.71467868883054e-23,3.78537787887133e-07,0,0,0,8.25946118811182e-24,3.32740980047936e-22,2.7202654083677e-05,1.18968639462198e-24,4.50254582564989e-23,0,2.58187559643983e-22,2.11127249540279e-22,2.12539964650604e-22,4.23667214190883e-22
"TCGA-64-1677","TCGA-LUAD",1.80032619129564e-22,0,4.45965280889668e-21,5.3526119075605e-23,6.13099301882055e-06,1.71644152329774e-23,1.35904561095113e-22,1.67107644403304e-22,4.17204956225471e-07,6.90803894575184e-07,0,0,0,0,5.66767188639317e-23,0,3.89262492096747e-08,0,0,1.22569112471628e-22,0,6.31051482024253e-23,4.0584358032652e-22,7.51498228700183e-22,1.96352150565128e-25,0,1.35070516197204e-21,4.34230000359746e-23,4.55536384251699e-21,6.68411958547004e-23,7.41565895964891e-24,7.23183353553804e-23,4.77071705313284e-23,0,0,0,0,0,2.28835412847221e-06,3.06192730107675e-22,9.50667690007095e-22,8.00947915051563e-24,6.11902098943774e-21,1.44573319757339e-23,0,4.75999365051498e-25,0,0,0,0,1.08231650260043e-22,1.65314702672219e-23,2.01718170001048e-21,4.92188487668098e-07,0,0,7.13454433509298e-09,0,0,5.38530677434049e-05,0,0,4.23178241389109e-23,0,9.52862699676958e-22,9.81760752825642e-26,9.52960875752241e-22
"TCGA-75-5146","TCGA-LUAD",3.00293171733968e-22,1.85006885973215e-22,8.55667994777368e-21,0,3.87667789557921e-06,3.37740302750094e-23,3.48316454265917e-22,1.29583724467442e-22,1.90498460967609e-07,3.45075802295692e-06,0,0,2.45053266782181e-22,3.70000291170394e-22,1.05753952424277e-24,2.01780928532592e-22,1.4892873291552e-07,2.04726394699113e-23,1.87102100176422e-22,0,5.07931175618616e-22,1.4417727919734e-22,4.76389778758378e-23,6.42375173374383e-23,0,4.26821931962291e-22,0,9.04214362776757e-08,0,0,0,5.82281174470739e-23,2.07030757774024e-23,2.73297133600558e-24,8.6709794040671e-23,7.89113277827699e-24,0,4.07091951854734e-24,8.38540995200198e-07,0,0,0,0,0,2.76938903266078e-22,0,0,7.35423942102438e-23,2.65628082035081e-22,1.47523468648998e-21,0,0,0,3.78902355666472e-07,5.34684859577782e-23,4.03166023760438e-21,0,2.58392313115899e-23,8.49717512681921e-22,8.67761297887252e-05,0,0,0,2.46816979693242e-22,5.05246260931901e-22,3.46469030795916e-22,8.51715291727817e-22
"TCGA-86-8669","TCGA-LUAD",1.6405064674342e-22,3.16389926444601e-22,5.04832431224969e-22,0,5.7121275691283e-06,6.69488233488282e-23,0,0,1.78189443728644e-06,2.12126026873335e-06,9.4087745376987e-23,0,0,0,0,1.11751960810332e-22,0,0,0,0,0,0,1.59339928780778e-23,0,8.99982480031997e-22,1.63259872746128e-23,0,0,0,1.28300723883768e-23,2.55071446044824e-23,0,0,0,0,0,4.01988315188702e-22,0,6.54235047268786e-07,0,0,5.38385135341625e-23,2.79190764204588e-21,0,1.70912818692928e-22,3.04939017068329e-24,0,0,0,0,6.21371432317492e-08,4.33406053397495e-23,4.25869309076134e-23,3.01655356379094e-07,0,7.38467297295453e-22,4.93148214592715e-10,0,2.80714885982482e-22,4.62154131259329e-05,0,0,1.64207706933719e-22,0,0,6.08186203238299e-22,6.08186203238299e-22
"TCGA-75-6207","TCGA-LUAD",0,1.48784577546913e-22,5.57982519323527e-21,2.9968277950172e-22,3.12934222117402e-06,0,1.02729036990338e-22,1.22217734804168e-22,8.36805872295964e-07,4.78403369671924e-07,0,0,0,0,0,0,4.17418428776439e-08,0,0,5.04441961971394e-24,0,0,3.33469011565299e-23,1.87762984647987e-23,1.04467657360696e-22,5.30001118695657e-22,1.04546487581126e-22,0,0,4.01647192544078e-23,0,0,1.18637733500253e-22,0,0,0,4.48757020533375e-22,1.76728240225394e-23,1.96261253421341e-06,0,6.49433904269083e-22,3.7976263132162e-22,2.00345081882453e-21,1.62871525322105e-22,4.00427514873485e-23,0,0,0,0,0,2.66165296200522e-06,5.09255995339982e-24,0,3.00697457265098e-09,4.06206500087762e-22,2.57372027593703e-21,1.16946859353975e-09,1.30258452862311e-23,0,6.01673386054206e-05,0,0,4.48794854919055e-23,1.84133174012151e-22,7.1758589212979e-22,1.26626117453805e-22,8.44212009583595e-22
"TCGA-49-4487","TCGA-LUAD",0,9.3503366308408e-23,2.87025796852071e-21,1.19248501728789e-07,5.51371259085846e-06,1.63490581389403e-22,0,0,7.97812572370441e-07,3.69429443333561e-06,7.01997555173861e-23,0,0,1.11142348860368e-21,2.80049485330867e-23,2.25908983658792e-22,3.8715626699374e-07,0,0,1.05801210484294e-22,1.5531768058936e-23,0,1.38929187070857e-23,0,1.33109640261869e-22,0,0,3.4448792117671e-23,6.83138660848496e-23,2.70785569994906e-23,7.71928908551535e-23,2.00713122803571e-24,0,0,2.93649221050256e-09,0,2.42153083016803e-25,1.5321559940737e-24,7.00882685194242e-07,0,0,0,3.52801897617198e-06,3.10686504691003e-22,1.73758608101502e-23,9.03614485388396e-24,0,0,0,3.25570525321932e-07,3.30999193285531e-24,3.14894286634101e-23,8.99622849672884e-22,4.06003164293162e-07,1.26083701004212e-22,7.9992150437508e-22,0,3.08785101488029e-24,6.2863494669141e-22,3.52676421643635e-05,1.63014738100643e-22,0,0,0,8.14566626261942e-08,1.21072387314607e-22,8.14566626261943e-08
"TCGA-55-7227","TCGA-LUAD",0,0,8.76144358950305e-22,3.59951637321791e-24,3.42547647335561e-06,5.61831741611927e-23,0,9.73442901051314e-23,1.69071447764824e-06,4.85040228358975e-06,0,3.47542449870188e-23,6.39918617715092e-23,0,3.54480493896835e-27,0,0,9.55289323751041e-23,1.24772626139158e-22,0,5.48724520979251e-23,0,0,3.39490253013941e-23,6.3762818579887e-22,0,2.54171027577878e-22,0,3.84809135664608e-24,0,0,8.36745049826337e-24,3.1183415094281e-24,8.08260205905643e-09,6.04892672485773e-08,9.0852649954637e-24,9.85440948230842e-08,0,5.52974552903887e-07,8.98317517015191e-22,1.35725166663205e-22,0,1.27250711127927e-06,0,0,3.1599715792327e-09,0,0,0,7.27538358270322e-08,1.4433539246829e-22,0,9.7270132042835e-22,4.02071582116217e-09,0,7.19665471004165e-22,0,1.41350791282318e-24,0,3.80915183044518e-05,0,3.51829693212487e-23,0,1.47024410712947e-22,4.03261781657184e-08,3.46250318948397e-22,4.03261781657187e-08
"TCGA-62-A46P","TCGA-LUAD",0,1.96949204675551e-22,0,0,5.80655894981268e-06,8.11585603362034e-23,0,0,6.18865879342833e-07,9.49902385546479e-08,0,0,0,0,7.97711704112397e-18,0,0,1.09001934888114e-22,0,2.15381774499923e-22,0,4.84151985633223e-22,0,0,1.30179713292596e-21,0,0,2.35556222614111e-23,2.27874907137881e-22,0,8.01653940534327e-23,3.46429126011983e-24,0,1.08345159297506e-23,9.75320811602191e-27,0,0,0,1.15746066917331e-06,0,0,4.38193115232985e-22,1.12705636703996e-05,0,1.03955769318156e-22,0,0,0,2.89237127134443e-21,3.04931289744499e-07,0,7.6935359586215e-24,4.67833067562073e-22,1.90118124113938e-07,5.31848046288548e-23,0,0,0,0,3.40913717054216e-05,0,0,0,0,2.39691938396388e-21,7.49373168800756e-22,3.14629255276463e-21
"TCGA-05-5428","TCGA-LUAD",2.48399518238786e-22,8.09037405418356e-23,5.12513119039132e-21,6.8462313093622e-24,4.05421774474914e-06,0,0,5.02225439527487e-22,0,1.47097045924686e-23,0,0,9.24523655336065e-23,0,0,0,1.26165933726049e-23,0,0,0,2.49983719782446e-22,3.71318831080601e-23,5.00851918679271e-08,1.05746638108931e-22,0,1.30794340945501e-21,3.87420056370723e-22,0,7.00864774095685e-23,1.6872400549111e-23,0,0,5.42064645340813e-22,2.34945350375529e-24,0,5.00571898660172e-24,0,1.63873728524423e-23,2.79657370287991e-06,0,0,1.24271390512571e-22,2.52230581063348e-06,9.12802118024263e-23,3.83246203270064e-22,0,0,0,0,1.05844894510645e-06,0,4.30623827219013e-23,0,9.84037393518531e-08,0,1.04482312631863e-21,0,0,9.77704085544314e-23,7.04289792962728e-05,1.18844721345103e-22,0,0,0,3.6413570262994e-22,1.65443730162141e-22,5.29579432792081e-22
"TCGA-86-8055","TCGA-LUAD",0,0,1.33762659177186e-21,5.17439164764139e-08,0,7.2874136921233e-10,0,2.12904576417101e-08,3.00151887807714e-07,1.3506626998498e-06,0,1.10699622354543e-24,1.47262018971084e-08,4.77091359958445e-26,3.85903477170731e-08,0,1.47207478386398e-07,0,2.6367939921443e-24,0,0,0,0,1.15217883195947e-24,0,0,0,0,8.94015560929143e-24,0,7.22021547810257e-23,0,0,1.33403822212203e-23,0,1.44366048112361e-25,2.18449652389876e-21,0,2.04412839563082e-07,3.66095561791833e-22,0,4.18513563716728e-25,1.02395660458915e-20,1.35588962577361e-22,0,3.37093487565097e-24,7.8284586670254e-11,1.58609929865031e-24,0,1.2589017798141e-21,0,0,8.0828900052688e-21,1.66993407317449e-07,0,3.8434211433785e-21,0,0,8.93626653477254e-23,8.66267532023674e-05,0,9.11717643908551e-25,1.33996513186055e-23,2.55914646333108e-23,4.8689582745416e-08,0,4.8689582745416e-08
"TCGA-62-8394","TCGA-LUAD",1.51831850690279e-22,6.41242887744024e-23,0,0,3.08130682762801e-06,0,0,1.06417693388725e-23,7.42934651529416e-07,4.88704233418018e-07,0,0,1.28496703450868e-22,0,3.96968708531658e-23,0,0,0,6.85747097415643e-23,0,0,6.60448573812302e-23,3.72738751604737e-22,1.42267585595443e-22,3.63137204759133e-22,0,1.76522407306666e-22,5.37963259274187e-23,0,2.54124863757738e-23,0,1.23200844233098e-22,4.28210984741554e-23,3.30497570278391e-25,0,1.59960000272423e-24,0,0,1.24386838477495e-06,0,3.95000615282327e-22,7.35646883880067e-23,0,0,1.61865878897685e-22,0,0,0,0,3.11976041998631e-23,1.84805025754801e-22,0,4.83268016043167e-22,2.8576781922244e-08,0,0,4.40357458786537e-26,1.47712369904347e-23,3.69035188973998e-22,3.76662662842429e-05,2.13450886087495e-23,0,0,0,3.96592057490352e-22,2.13630746766767e-22,6.10222804257119e-22
"TCGA-05-4250","TCGA-LUAD",0,2.15322694283754e-22,1.79845950711679e-21,9.373382524609e-23,5.58959452343012e-06,0,2.42832089671498e-22,1.59277221816656e-22,5.40691606986013e-08,1.34452212742239e-06,1.64056782813967e-22,6.2581290294326e-23,0,1.49243896948718e-22,0,0,1.4585331143752e-23,0,1.94738829601958e-22,1.65605352706923e-23,0,0,3.98649891800694e-22,3.35326340777456e-22,0,1.38869914949087e-21,4.10454749595354e-22,0,3.95580420068869e-20,0,1.05960030784949e-22,1.03580191912306e-22,6.92640341970661e-23,4.48277532378627e-25,4.53749025196608e-23,2.32149165468187e-24,1.33371485352609e-21,3.77416210972533e-23,1.50366460670843e-06,0,4.3697997323445e-22,0,3.73349125642015e-21,0,7.97245418924397e-22,0,0,0,0,0,0,0,0,0,1.0863777392539e-22,6.3966013208575e-22,0,0,0,6.99757531042375e-05,0,9.85946837446053e-23,0,0,6.12058626862787e-22,1.07661347141877e-22,7.19719974004664e-22
"TCGA-55-6975","TCGA-LUAD",0,1.90044251919216e-24,1.78393564406844e-21,5.32098201843514e-23,1.66578683167558e-06,0,0,9.444281928179e-23,2.39313045181232e-23,1.61620380816561e-06,3.00251298298533e-23,8.55904622984273e-23,2.13254611934339e-22,0,0,0,0,1.33104858588267e-23,0,0,3.21365229821546e-22,0,0,0,1.9513070942634e-21,1.74488164063528e-22,5.3670873681279e-22,0,5.94478222549943e-23,3.98800922866936e-23,3.62865031149166e-22,1.64837352369185e-22,0,0,0,0,0,0,9.6758038588867e-07,1.97006284877904e-22,1.4061986046191e-22,0,0,0,0,1.20027919077178e-25,0,0,0,7.47009854360833e-23,1.13585784127545e-21,1.43143442901397e-23,3.5624449943871e-21,1.99317996102232e-07,0,2.42359230929253e-21,2.50934739946773e-08,0,8.41720611086865e-22,9.36248153087019e-05,6.01187173029234e-24,4.89124612695675e-23,0,0,3.59133543063776e-22,1.13728638330207e-21,1.49641992636584e-21
"TCGA-55-8203","TCGA-LUAD",0,0,0,7.88576260440561e-08,4.67562196036622e-06,0,0,0,1.18003572111839e-06,4.76529438270023e-06,7.02943368407164e-24,0,1.30111235656362e-22,4.08367856210589e-23,0,0,3.7772077352655e-07,6.36777913337715e-23,0,0,2.33285286665908e-23,0,1.27995485896973e-22,0,1.66337840238728e-21,1.04830437414357e-21,0,0,1.370791906111e-19,2.71791076645872e-23,8.81610266786373e-23,0,0,0,0,0,9.68777396250509e-22,0,2.98827561140643e-07,9.04437161123036e-23,2.07651758701068e-23,1.12848936455754e-22,0,4.20742760251763e-22,0,0,0,0,1.6745272229787e-21,0,0,0,6.569961274617e-22,5.58045106605954e-07,0,1.56657170295651e-21,1.05948895429941e-24,5.88013176389368e-23,1.1737064657865e-21,5.81087857920672e-05,1.14529467209981e-23,3.38748205902194e-22,3.66568029112643e-23,0,5.25717506960385e-08,8.43353465526936e-22,5.25717506960394e-08
"TCGA-49-AAR4","TCGA-LUAD",7.84610906001626e-24,1.27540434639087e-22,0,1.53749644573386e-23,5.2625400844164e-06,0,0,1.85563556158235e-22,2.28069193273652e-06,4.17430735436044e-06,1.01782718081685e-22,2.86916847984763e-24,0,4.50502437598617e-22,1.37312848576082e-23,0,7.72299084935035e-08,1.46246474166617e-22,1.26168861534191e-22,2.1692579331642e-22,9.50278545021437e-23,4.03203750268432e-22,0,1.17967127998875e-22,9.22461687814234e-23,0,4.4683517880205e-22,0,0,3.15877687456854e-23,4.94171058713945e-23,3.02467875141946e-23,0,1.25263268627184e-23,5.21112249415905e-08,2.9821350247033e-23,1.02629646286881e-08,0,3.8233596163023e-07,0,0,3.30274157963172e-22,1.15915928109223e-05,0,0,1.11248256505841e-24,0,0,9.25068789390666e-22,0,1.99688751596377e-06,0,6.66019422283145e-22,3.67719383552726e-07,0,0,0,0,0,7.94847799434113e-06,1.76276548215888e-22,0,0,6.11953927505093e-22,3.47408166277282e-08,1.57407228961327e-22,3.47408166277283e-08
"TCGA-35-4122","TCGA-LUAD",2.1236369188902e-22,1.24323155818767e-22,5.30304522387451e-21,4.94192589254005e-22,5.1424301743179e-06,6.99201275015553e-23,0,0,0,2.55607204730666e-06,0,4.99072722604791e-23,1.98070898309866e-22,0,0,0,0,0,1.17692008891561e-22,1.80464023018527e-22,1.83700538403112e-23,5.60623970378024e-22,0,0,0,3.41078626234968e-22,7.28140273019874e-22,6.09800451605035e-23,0,0,0,5.58245651340278e-23,0,7.21802124946628e-25,4.43442833939547e-21,9.2434760765694e-24,2.42621069762424e-22,0,2.27086524171224e-06,0,6.82586699853015e-22,7.06404915642987e-23,1.90387210542252e-22,1.37765712727556e-22,0,1.70174584202358e-26,0,0,1.17305425977634e-21,3.42889903972458e-07,0,0,0,2.5795076624583e-07,9.5222546250947e-23,1.77499470707076e-21,0,0,0,7.07346833949894e-05,7.97404898194411e-23,0,0,0,5.08738781271326e-21,7.13466048295393e-23,5.1587344175428e-21
"TCGA-05-4417","TCGA-LUAD",0,1.12961961880923e-22,1.09226882901986e-22,0,5.83545125552529e-06,0,4.56416700024375e-22,0,9.57072605839777e-07,3.18515964168291e-06,8.60645635480487e-23,2.0847971833063e-22,1.61436058657805e-23,7.6377658732029e-23,0,0,1.89969237637051e-07,0,1.02400570229824e-22,0,1.59418788534284e-22,4.16764175233571e-23,0,2.87259447056971e-22,0,1.86061854616157e-21,3.32963190111219e-22,0,0,4.14043805913444e-23,0,1.98137781126972e-22,0,0,0,0,4.67093008986103e-22,0,1.62001556372612e-07,0,1.0597139951975e-21,0,7.77101864586292e-21,1.26783540146093e-22,3.21793167629188e-22,0,0,0,2.2671393970153e-22,1.16246684778345e-21,0,2.82166452262375e-23,5.86525958647247e-21,3.61393775171929e-07,4.29899707536311e-22,3.1059716641528e-21,0,0,8.36804717272828e-22,8.53015792915755e-05,0,4.19933881682333e-22,0,0,1.15648123458666e-21,1.36190375207603e-22,1.29267160979426e-21
"TCGA-05-4389","TCGA-LUAD",4.21320810062274e-22,4.02982867472447e-22,1.1988172182646e-21,8.46047577290795e-23,4.01330058598269e-06,1.87627892701081e-24,0,0,6.00702022553743e-07,4.07361139561221e-06,2.06244175729659e-23,0,9.16798463713259e-23,4.94500789981408e-22,2.73998731837965e-27,0,1.3035850669496e-08,3.34336446799438e-23,1.4294921886453e-22,0,5.80786764803612e-23,0,0,0,1.57199718209888e-21,1.14755982899682e-21,3.39789054699379e-22,0,0,0,3.47858133391536e-23,0,0,4.79236792445417e-28,8.68141856001486e-24,0,5.55838729915918e-22,6.68729986601079e-24,1.90537992404062e-06,0,0,1.39375979785276e-22,6.34669904674389e-21,0,0,1.3387911252792e-09,0,0,2.63429500947191e-23,0,4.645257833993e-23,0,0,5.79200046919754e-08,3.85508170846702e-22,8.05730227611169e-22,0,6.60277756523838e-24,6.43421666579612e-22,5.84056475491229e-05,9.2297679638267e-23,1.65603514947485e-22,2.16579510021302e-23,3.68090133673773e-22,7.97527509225423e-23,1.01652936302584e-21,1.09628211394838e-21
"TCGA-55-7725","TCGA-LUAD",0,2.54783505888113e-22,0,3.01320081158757e-08,4.68254208073332e-06,1.50736093278307e-22,5.25406330692273e-22,0,1.45474115041335e-06,1.93672301120422e-06,9.0095163300517e-23,0,0,0,1.23157586197443e-23,1.00916051711235e-22,1.00522034432186e-07,4.74571012765639e-23,0,0,6.03831960757468e-22,1.62155333260226e-22,0,1.71970881474692e-23,0,1.61145298789585e-21,0,0,6.55526485187828e-24,1.44176018305956e-23,0,8.59518670556145e-22,0,0,4.66082005785287e-09,0,6.21640540149194e-23,2.5326424520832e-25,1.3487341061001e-06,2.26361956184646e-22,0,0,5.96613825492322e-21,3.39449378968595e-22,3.62892046968223e-22,1.27474055894889e-08,0,0,7.73191213277598e-23,0,3.44978170386246e-21,0,0,1.46629030549636e-07,5.38033833853704e-23,9.04027252358732e-22,1.40447183927665e-09,0,0,7.01597843619237e-05,0,0,0,3.60495773674296e-22,2.31952187824865e-08,4.29307733322791e-22,2.31952187824869e-08
"TCGA-95-A4VP","TCGA-LUAD",0,0,0,0,6.85086011632913e-06,8.29606112156413e-23,0,2.18361230952158e-23,1.1724780340224e-06,1.30902738473028e-06,2.24517068633397e-23,0,2.49582292554143e-22,2.07089848975259e-21,0,1.24487813574019e-21,4.29589401988205e-08,0,1.33484056499576e-22,2.14525874556671e-22,7.68093930720572e-23,0,4.56214103433703e-23,2.00772787249043e-22,1.05357381655136e-22,0,0,1.16291298910042e-07,2.9068526707075e-22,0,0,3.08751603105903e-23,1.00947185566015e-22,7.45235161233189e-26,0,8.62047542948709e-24,8.14719423791287e-08,1.24969555401388e-24,7.97405924002851e-07,0,4.62603116716717e-22,1.64455424947058e-22,1.69995422067079e-05,0,0,1.69851762853451e-09,0,0,0,0,1.17243477251498e-06,4.13057309853521e-23,0,3.25148546046553e-07,3.35220140227421e-22,0,1.24724998399093e-08,0,7.20813576108639e-22,2.01596791832938e-05,0,5.96786661862525e-23,4.09723111153318e-23,7.67778828290991e-23,4.86560183119462e-22,9.10833873635966e-23,5.77643570483059e-22
"TCGA-38-4631","TCGA-LUAD",2.74767990934033e-22,1.32733980997214e-22,7.69395430673336e-21,2.57639752621614e-22,3.22426535010212e-06,1.34505473581604e-22,9.17896334607001e-23,3.02584776454565e-22,4.07635608335354e-08,9.39440390720195e-07,6.9856627679839e-23,0,3.01249148399004e-22,0,2.85637639354971e-23,0,0,7.36804860463234e-23,0,1.94736254404315e-23,0,0,0,2.23658905143074e-23,2.25365459052963e-23,0,0,4.23455901830148e-22,0,1.69703414958531e-23,0,0,0,0,0,0,7.92236510430202e-22,1.05695466096339e-22,1.30100228758486e-06,0,5.07856893504436e-22,0,2.421753388632e-21,6.44544027761797e-22,0,0,0,0,0,3.86765208543828e-23,5.2489622536852e-22,3.43179290726006e-23,0,2.5879068668535e-07,6.23427839134884e-22,2.65707940596097e-21,5.7401695795848e-27,0,0,6.0189255239787e-05,1.42699471347158e-22,0,0,2.68140757337502e-22,7.25036698680697e-22,7.76352634512554e-23,8.02671962131953e-22
"TCGA-86-A4P7","TCGA-LUAD",0,0,2.48538017138495e-22,1.25728130475036e-08,4.11901021021879e-06,2.91445266266187e-23,3.77921251230888e-22,0,1.6588541318936e-06,3.57204160323237e-06,0,6.47042250660316e-23,8.78858551409792e-23,2.5749042598085e-22,3.09860762502606e-23,7.32188503836083e-22,1.9868239293511e-07,0,1.89089765333133e-23,0,0,0,3.93153164796545e-24,3.66734950634697e-23,5.5118606627363e-22,0,0,1.75162884046364e-07,0,0,4.10036993501023e-23,0,0,0,1.03635213291811e-07,1.54339884321203e-23,1.59067265470817e-07,0,3.28349307983286e-07,0,0,7.14807734067993e-23,1.45578541245514e-05,1.39139139933779e-22,2.08983132904014e-23,3.08914501110925e-24,0,0,0,2.91347829097638e-08,0,4.05760765964727e-23,0,3.14765091575712e-07,5.54076973060239e-23,0,0,0,0,2.52257244686352e-05,0,1.90341107703834e-23,2.27141344126383e-23,0,7.74720175595431e-08,2.75593033136815e-22,7.74720175595434e-08
"TCGA-44-7661","TCGA-LUAD",1.11131540429016e-22,2.18969760979453e-22,1.77947107564428e-21,0,4.28181331990022e-06,1.31224869636319e-22,2.05831302518523e-22,0,8.97250428292045e-07,3.33107596142751e-06,3.83308491130908e-23,0,0,0,6.70249111411733e-25,3.79950455763785e-22,1.04809857899955e-23,2.27875972763259e-22,0,0,9.33070091475103e-23,1.3216737118189e-22,0,0,0,7.14085363432929e-23,0,1.38535975804922e-07,0,2.37726213686584e-24,7.70282019687853e-23,1.25049925991869e-22,0,5.88947325616944e-24,2.62336548924062e-08,0,2.39496990845954e-22,0,9.18257340989642e-07,0,6.77874307596332e-22,0,4.48089406514574e-21,0,0,0,0,0,6.60661299962742e-22,3.44260108423672e-22,8.21823598525837e-23,0,3.37539374895923e-21,5.56160328204683e-24,2.26515979798912e-22,1.22519281297049e-21,0,5.14079064620547e-23,1.02908061821226e-21,4.94068761509129e-05,0,2.81402527368212e-23,0,0,1.74891032616052e-08,1.56138385063482e-22,1.74891032616053e-08
"TCGA-49-AARO","TCGA-LUAD",0,0,0,3.12674773604462e-26,5.26650225892548e-06,1.37519623691659e-22,0,2.74974751284207e-22,2.36099135041188e-06,2.2847842073541e-06,0,2.91331987569029e-22,6.70368590629322e-23,1.5173474384112e-23,0,0,2.37008875115418e-07,1.621327974401e-22,0,0,5.62814552909176e-22,1.21044024391879e-22,6.07808254191337e-24,5.80552017114708e-23,1.5189983374702e-21,0,0,1.08771596539438e-24,0,7.06650130297881e-23,0,0,0,0,0,7.47198566504377e-24,2.81184213706533e-08,0,1.22044853896039e-06,0,0,0,1.44853882136442e-05,0,0,1.18924521749831e-24,2.17220443750839e-26,1.23885400310087e-22,0,3.65667523710576e-08,1.5909920330505e-06,0,1.17633063194681e-21,5.24230088795927e-08,4.01332719067221e-22,0,0,0,0,2.87758979828156e-05,1.00474652408472e-22,3.68126366658563e-23,0,0,5.40844954021709e-22,1.04090644518969e-21,1.5817513992114e-21
"TCGA-86-8074","TCGA-LUAD",2.09615147154225e-23,2.31617279473295e-22,8.55725417691739e-23,0,1.73996649069631e-06,6.54170428877915e-23,0,0,6.21741898012136e-07,7.96798322314078e-07,5.03166668398189e-23,7.91146621708311e-24,1.45392695389009e-22,0,3.50719547120291e-09,0,3.85422873208916e-24,3.33432823467776e-23,0,0,0,5.61461401709605e-24,1.54911539074973e-22,0,0,0,5.74218773036294e-23,3.20733518633741e-22,3.44957480778223e-23,5.18743954247388e-23,0,0,0,0,4.72382298524975e-22,1.09809436537278e-23,4.55007656152474e-22,0,4.97848539986282e-07,0,0,1.11088292156403e-22,0,4.15137308517594e-22,9.24409106219299e-23,0,0,2.85745821324355e-21,0,0,8.3489482836963e-22,0,4.03877965438807e-21,7.363660911545e-08,9.25549583130005e-23,2.34274336603378e-21,0,0,0,6.08814231383245e-05,3.60993194862341e-23,0,0,0,2.22891106133514e-21,1.15808639736648e-22,2.34471970107178e-21
"TCGA-55-A493","TCGA-LUAD",7.34386332890906e-23,0,0,1.57114570113372e-08,4.0376644585477e-06,1.59359068103692e-22,1.24989367240489e-22,6.11399838755618e-23,2.30725152964844e-06,2.5232496111568e-06,0,2.60507463532205e-22,0,1.28514917612424e-22,0,4.84671633539021e-22,4.15870729698775e-07,1.14730509187235e-23,3.15144089258265e-22,2.61897730772224e-23,0,0,1.14691179955383e-19,8.30985903987527e-24,8.92210397671635e-22,2.38752950634605e-22,6.06176628404483e-22,7.21836746921515e-23,0,0,0,1.65814257834572e-23,0,6.68775866323019e-24,1.3125623504452e-26,0,0,9.66481439288981e-23,9.46330773003246e-07,0,1.32761625312674e-22,9.91489816792491e-23,4.62920472860204e-06,1.11363911089163e-22,3.49888503027521e-24,0,0,9.98414684563721e-23,0,2.95139721091284e-07,8.81883399074984e-07,3.76675527492384e-23,1.44912067407244e-21,8.62733812056722e-08,7.84973196382547e-23,1.04767911889148e-21,0,3.72398904251983e-24,0,2.36525375836641e-05,0,8.1311231879297e-24,0,0,1.04743046742252e-08,4.46105198835817e-22,1.04743046742256e-08
"TCGA-78-7154","TCGA-LUAD",6.84472554641798e-22,3.35027323784783e-22,8.51548810489971e-21,5.67562562207423e-22,4.1390215653968e-06,2.44112921052474e-22,0,0,0,0,5.94786638545949e-23,7.34804065568409e-24,0,5.44380479264227e-23,3.73324784615861e-23,0,0,3.84961869478188e-22,0,4.32623664409165e-22,0,3.91292788218005e-23,0,1.73286180377505e-22,1.14415286820633e-21,2.38536434592502e-22,0,0,0,3.45284459080048e-24,0,0,0,0,0,0,1.14465443495351e-21,1.89306562089113e-23,2.13788937928669e-06,0,0,7.5739131182288e-23,6.40773306270633e-21,0,0,9.24272585015648e-25,0,0,1.44086695652415e-21,5.32489240971886e-22,0,0,0,0,1.46137544466977e-22,2.11405687044963e-21,0,2.62530925559892e-23,1.15234187502475e-21,7.14821157884861e-05,0,5.53943185347077e-21,0,1.02609921454506e-22,1.65835366841215e-21,7.39590095995558e-22,2.39794376440771e-21
"TCGA-55-7910","TCGA-LUAD",4.15313925757398e-22,0,7.86288371153092e-22,2.75860768395901e-22,6.34273793869219e-06,0,0,0,8.63345755988201e-07,1.365902302443e-06,0,0,0,8.66766236478566e-22,0,0,4.74140122464458e-27,2.687732808029e-23,0,0,0,0,0,0,3.44063377954264e-21,0,1.07374378916055e-21,0,0,3.12882595344675e-23,0,0,0,5.96002213244968e-24,9.90106482938992e-23,0,0,7.97833398621805e-23,2.63314796654162e-07,0,0,0,2.63769348929058e-21,2.48570198912149e-22,2.01982762880394e-23,3.02501408154184e-24,0,5.25318345655127e-22,0,0,0,1.83103748912821e-22,1.99339377371399e-21,4.39956234951506e-07,1.64262555103125e-22,1.16263764993034e-21,3.33694640230513e-09,0,0,5.36539097097597e-05,1.15636808123792e-22,8.37860946833411e-23,1.92732392533976e-23,1.04435403916816e-23,6.00126508229952e-22,1.72031688977132e-21,2.32044339800127e-21
"TCGA-55-1595","TCGA-LUAD",1.43623955356298e-22,3.51865301471673e-23,6.41767067232498e-21,1.00136299662023e-07,5.50901420705153e-07,2.52137328091584e-24,1.59256342237156e-22,0,1.58675743569977e-06,9.71259827420377e-07,0,5.45633900869341e-08,0,0,0,0,1.679543140906e-07,5.60878132786874e-23,0,1.8718607059152e-22,0,7.43993445630053e-23,2.30151789839067e-24,0,2.71391781473868e-22,0,0,9.54728903326899e-23,8.94559991511875e-24,1.2952673645687e-24,0,2.59393048839292e-23,1.08351441520707e-22,0,2.72632934704477e-23,0,8.1586859472328e-22,1.31800038439524e-23,1.74122957065075e-06,1.97877140101082e-23,0,0,1.99680916912118e-21,0,1.1590879848896e-22,4.29331505715701e-24,0,1.53242178962923e-24,0,2.14348998239617e-07,8.98547210443877e-23,1.98530142076939e-24,0,3.06487659360727e-07,2.22207990864819e-22,2.63144035729138e-21,6.99253329770896e-24,0,0,7.09830032517715e-05,0,2.09648171451987e-08,2.59620100196903e-24,0,1.03133126499305e-07,1.53289155810518e-22,1.03133126499305e-07
"TCGA-78-7160","TCGA-LUAD",0,1.21641458139263e-22,5.97664534049324e-21,0,7.21535986744783e-06,1.15335280322734e-22,1.38917915871252e-23,1.21360215247379e-22,6.19436511750079e-07,1.72065112865852e-06,4.43178533105092e-23,0,0,3.41190060328408e-22,0,0,1.97317571688778e-24,2.73428832072583e-23,6.61381690131225e-23,0,0,0,6.6513469190384e-23,3.86182682306611e-23,0,4.44698424230649e-22,0,1.16232853049412e-07,0,2.17839566974907e-24,3.60043977443406e-23,0,3.69278127013983e-23,1.18601042973769e-24,1.16509837811388e-24,0,1.65720890510226e-21,9.00508194049829e-24,1.01124698661493e-07,0,0,6.44058818553442e-24,1.66035014017969e-21,1.28160035893202e-22,0,5.191061588163e-09,0,6.26432830073583e-23,0,5.12120685261681e-22,7.20546130434113e-22,0,0,0,1.36571456004955e-21,1.47873958365678e-21,0,0,2.33770484064087e-21,6.8101063293675e-05,0,1.79762808094569e-22,1.02007885414623e-22,2.89976601141936e-23,1.23445731088568e-22,6.08207290696313e-23,1.84266460158199e-22
"TCGA-55-6979","TCGA-LUAD",0,8.62536648676506e-23,1.11756754130684e-22,4.31408109504659e-08,4.81470891479914e-06,1.25570050597335e-23,6.0692945140763e-23,1.7054957733438e-22,1.18170533631385e-06,3.03343224551956e-06,2.31703490364509e-23,1.82607360030348e-22,4.00951191615168e-23,1.52376276473715e-22,0,7.6082945672344e-22,1.84744033034653e-07,0,0,1.32387389911033e-22,2.0978276939804e-23,1.30361621692455e-22,0,3.06044611667017e-23,4.27091850780711e-23,6.01737077852283e-22,1.10420920280988e-22,0,2.48451179753235e-23,0,1.96835163600508e-23,4.91217877243121e-23,1.3710696837724e-23,0,2.55838868720857e-08,2.72361789030975e-23,4.30589433308115e-08,2.19236216122971e-24,2.46121137211194e-07,0,5.1058596397128e-22,0,5.22469999294298e-06,6.9166657641951e-23,4.14778727229625e-23,2.57285226930491e-25,0,0,8.98523623326529e-22,0,1.68448624439809e-21,2.89742325818618e-24,0,2.29695922286166e-07,1.1854837623673e-22,0,1.18390213986285e-08,1.84823111661238e-24,0,1.83795306363218e-05,6.35144604333484e-23,3.60542810015969e-24,0,0,4.58164652150358e-08,7.49705634427628e-23,4.58164652150358e-08
"TCGA-44-6778","TCGA-LUAD",1.69381888740643e-22,1.98794540060994e-22,4.11037211337431e-22,5.19229392917866e-09,5.47413410861519e-06,8.1073276172687e-23,0,0,1.32773682696428e-06,3.07685800663736e-06,0,4.91510657558935e-23,1.43501171833868e-22,1.10625080476202e-22,0,0,3.12934224728123e-07,6.80927263290312e-23,0,6.68563880531875e-23,0,8.24620859256789e-22,0,0,0,1.06593529562466e-21,0,2.82763343076298e-07,0,0,0,0,1.6670834711855e-23,1.74387076817832e-08,1.16836262431572e-07,3.53413788257273e-23,3.70903433172707e-23,7.28973508346252e-23,4.56588910672033e-07,4.21600889236355e-22,0,3.12615460250185e-22,1.27135692095094e-21,0,8.37423597887981e-23,0,0,2.76077648056373e-23,0,0,1.93071291577805e-22,0,1.21184169219647e-21,6.32531199931793e-08,1.41420583198354e-22,2.73960068567325e-22,0,5.85348155688698e-24,7.53050076895518e-22,3.18178382107031e-05,6.62081277708771e-23,7.72212582116169e-24,8.36922099086722e-23,1.58330976631596e-22,8.13523709071676e-08,9.93972700304968e-23,8.13523709071677e-08
"TCGA-L4-A4E5","TCGA-LUAD",1.19284204541694e-23,0,0,2.5776604282436e-24,3.13841909207026e-06,8.14162552115468e-24,4.18013753114197e-22,0,2.1915774048758e-06,1.49797097146439e-22,0,0,0,0,1.14263302130108e-23,0,1.76268007533241e-25,9.67700141728619e-23,7.74315836981823e-23,2.81277099300741e-22,2.89413436538855e-22,0,8.7595324451392e-20,6.51110056436744e-23,0,0,2.58056782451906e-22,2.27403405094157e-22,0,1.46019516070377e-23,0,4.56837418440662e-23,1.94824169905964e-22,9.25122821855579e-24,0,0,0,3.87970570802341e-24,9.68139797942733e-07,3.93161244110354e-22,0,2.58522415160982e-22,1.06092936505878e-05,0,1.26351800272851e-22,0,0,5.44200198166918e-23,0,3.83516156089184e-07,1.24474613030869e-06,0,1.2148546797798e-21,1.93703922886918e-07,3.51294182386932e-22,0,0,0,0,2.68740133591054e-05,7.27947462760553e-23,3.17038480817828e-22,0,0,2.55972347593162e-22,1.44706718269428e-22,4.00679065862589e-22
"TCGA-78-7143","TCGA-LUAD",8.30652966045893e-25,1.48120832909308e-23,5.99660669603397e-22,0,2.60235290373395e-06,7.19518248982693e-24,0,2.6546505062359e-23,1.07321629289145e-06,1.69132506964274e-06,0,1.65551894078405e-22,4.67763391030295e-23,5.29406674511392e-22,1.90487326284334e-09,0,2.15943979117414e-07,1.74912252151947e-23,0,6.33841270835775e-23,0,0,0,7.1601037343249e-23,2.38384825391439e-22,1.48402065578106e-23,0,8.91057822349764e-24,0,0,0,3.75826258294593e-23,0,1.18819053192887e-24,4.39903310706694e-08,3.85062893307033e-19,0,2.08981379629785e-24,2.69015886399769e-07,3.19902395418411e-22,4.55163051694983e-22,0,0,1.46929912827879e-22,0,4.14132579769226e-24,0,1.18965862867533e-23,0,2.02292079475798e-24,1.07580915506839e-06,1.78048975122516e-23,5.48066575830289e-22,0,6.69095001750912e-23,0,0,6.7211044631338e-25,0,1.69177060330617e-05,1.4938073639305e-23,0,0,8.60763529600646e-23,2.93268873804468e-08,1.26598454341185e-22,2.93268873804469e-08
"TCGA-50-6590","TCGA-LUAD",2.55242986442181e-22,2.21997677877556e-22,3.97373007064584e-21,0,6.28806628171328e-06,0,0,2.71398709609097e-22,5.43233340277606e-07,1.35454834165967e-06,0,1.71875028338416e-22,0,0,0,0,9.73888739504317e-08,3.96030463774377e-23,0,0,0,5.16381614800025e-22,0,8.14207483811754e-23,0,0,0,2.20954912722385e-23,0,0,0,1.10974544435876e-23,0,0,4.18510408732519e-26,0,5.55330587968075e-25,1.08746696861068e-23,1.1652455394887e-06,0,2.53185044913575e-22,2.52460805484761e-22,6.4588226587401e-06,0,0,2.53878046770543e-24,0,5.81547392376754e-23,8.46268439340868e-22,5.71778687014944e-07,0,2.50776831287292e-23,0,4.07748936216384e-07,3.46598160689239e-24,2.05013706691943e-21,1.04833105042809e-23,4.16742288466157e-23,0,4.53040802673429e-05,4.8413528931177e-23,3.17639807806069e-23,0,0,1.41893525448275e-21,1.10998838938778e-22,1.52993409342152e-21
"TCGA-NJ-A7XG","TCGA-LUAD",2.82337709582661e-22,0,5.89555788927595e-22,0,1.20745300749995e-06,1.4736670064399e-23,0,0,1.26153106617037e-06,4.63679702250244e-07,6.64692008945374e-23,0,0,1.09908347117944e-22,4.21637951475099e-24,1.92466771381239e-22,1.23330725722644e-08,3.75676634603971e-23,0,7.55455997693045e-23,4.32151550457776e-23,0,3.1092469852897e-08,3.77167496022213e-23,0,0,1.87261946354015e-22,4.35487502843782e-25,0,2.51640519029194e-25,0,0,9.20219708031042e-23,4.09130025432301e-24,1.75399722120373e-23,1.33202046222025e-24,0,0,1.33619400155851e-06,0,8.19960764048067e-25,0,1.43637046355226e-05,0,4.28329483879049e-23,0,0,1.06217672607128e-22,1.8564300622739e-23,6.2984448770929e-07,3.57896237335314e-07,6.96924916686168e-24,0,9.23814976771227e-08,0,1.65256159586779e-21,0,4.4303292415999e-24,0,1.57486101704626e-05,7.5168296938187e-23,0,2.71645192305044e-23,0,1.45791670650171e-22,2.16075775228888e-23,1.6739924817306e-22
"TCGA-67-4679","TCGA-LUAD",0,0,2.22305053338496e-21,9.33454703156396e-23,7.96136452062143e-06,0,5.40004136193585e-22,0,1.46571247465429e-06,4.84830337048101e-07,7.91948833499498e-24,1.20313024916353e-22,0,0,0,0,0,1.66920638570889e-22,0,0,2.63101462651139e-22,1.20596841426294e-22,1.40354198841584e-22,4.65537790428181e-22,8.20438646506767e-22,0,0,3.42775129585611e-07,0,0,0,0,0,1.24385238001316e-24,1.75358510785928e-07,3.76472080079528e-23,6.2783271943615e-22,0,1.50314904595789e-06,0,0,5.57619412588252e-22,0,1.48703424887851e-22,1.02728642140062e-22,0,0,0,1.42237256705938e-21,0,0,0,4.96310390421656e-21,0,1.89928238449528e-22,2.13207731037264e-21,5.69333491006912e-24,0,7.59886760645741e-23,4.37243981597505e-05,0,1.62820829097272e-23,5.86061590812457e-23,0,1.16905673857287e-07,5.41770054578953e-22,1.16905673857287e-07
"TCGA-50-5933","TCGA-LUAD",1.44570046457375e-23,0,5.03061969845563e-21,3.52179182530502e-22,3.6228297488606e-06,6.03372768313259e-23,6.18150587799939e-23,0,3.79083154298005e-07,0,0,1.1812837841688e-22,5.71059473661769e-23,0,0,0,3.28585468983961e-23,9.06582971741929e-23,4.18570431438241e-22,0,0,0,1.17008738099675e-23,1.10578495947484e-22,7.00826787544423e-22,8.81384135325964e-22,2.26603205536812e-22,0,0,1.12690086435711e-23,3.95536003642337e-24,2.99639078224367e-22,0,0,0,4.26754663441818e-24,0,1.11823831823682e-23,8.82261852457885e-07,0,3.75179634836975e-22,0,2.28992642204968e-22,2.21507799107838e-22,0,0,0,0,0,0,0,8.3393206423173e-24,0,1.12931248555743e-08,3.68031126879159e-22,2.78327076500515e-21,0,4.00213818990258e-23,0,6.63087616333213e-05,2.24270290805606e-23,0,5.65720531072413e-21,1.01251194837051e-22,7.63417516005816e-22,3.50413393772211e-22,1.11383090977803e-21
"TCGA-86-8672","TCGA-LUAD",0,1.26935787617702e-22,0,1.62471209924576e-23,8.69854076214772e-06,1.18612423298052e-22,0,0,1.18678543983354e-06,4.14508069296669e-07,0,0,0,1.83624677624541e-21,2.61384585404202e-23,0,5.95600839486176e-24,7.69126535787764e-23,0,7.58017687384212e-23,4.36734459213375e-22,0,0,0,0,0,5.59014388385456e-23,1.45635404995574e-22,7.13941767469706e-22,0,0,6.13812122093641e-25,6.82460887093254e-23,0,3.41641840288161e-25,1.58624811020517e-23,3.72508209612549e-08,8.85897934689822e-23,2.99638961530119e-07,3.91245201879275e-22,1.76191187012593e-22,2.53714344737822e-22,2.5157641263123e-05,8.31618493965508e-22,2.98095295955809e-22,4.90190276223761e-24,0,2.9218824752819e-22,3.45679091273495e-21,1.16684614070227e-07,3.61672937920006e-22,0,2.20256104626654e-21,2.49198436959595e-07,9.32266537544597e-22,6.03461951219362e-22,0,1.13959735041747e-23,0,2.70672860723467e-05,0,2.83237428626931e-23,1.7280717509378e-22,0,2.67878312731266e-21,2.81835123415538e-22,2.9606182507282e-21
"TCGA-55-7816","TCGA-LUAD",0,0,1.59575505754002e-21,2.24094811654499e-22,4.83680036615332e-06,0,5.5731038777867e-22,3.12139359653493e-22,1.15366720401977e-06,8.98665480626259e-07,1.97301161425958e-22,0,8.58892450689936e-24,3.62849019851537e-22,5.84945233654691e-24,0,0,0,1.89543240767929e-22,0,5.37243728145111e-23,0,2.26895378353511e-22,0,0,0,0,1.42688378247683e-07,2.29497107109864e-24,0,0,0,8.73723835840525e-23,0,4.80122773612788e-28,0,0,5.72685428149043e-23,3.69414695013383e-07,0,6.7740388711897e-22,0,0,2.2959206669643e-22,4.20490099513411e-22,8.34847107493831e-24,0,0,1.25978410607251e-21,0,0,0,0,0,0,1.15061918361435e-21,4.65335185181529e-24,0,5.33765863861108e-22,8.2004668067758e-05,0,0,2.25986825252633e-23,0,1.64894842974817e-21,2.68621864072556e-23,1.67581061615542e-21
"TCGA-97-A4M3","TCGA-LUAD",3.50596129740832e-22,0,0,0,2.61687531071163e-06,5.41966326774098e-23,3.23487044269442e-22,0,1.21005134333582e-06,1.10396646736551e-22,0,0,0,6.51020639407527e-23,9.39070369124068e-19,0,2.95760181926646e-08,5.14815538514778e-24,4.41496932333097e-23,5.11542372881308e-24,2.36772817535415e-22,1.0882746476698e-22,0,3.74684689615022e-23,6.67063618774453e-22,2.04531822818963e-22,0,6.77134476880793e-08,0,9.91134817616625e-24,0,1.40487447045201e-22,0,0,2.22589804850934e-25,2.55031849208267e-24,7.42084072103918e-08,4.46995594252533e-23,1.26520301063794e-06,4.79011723642294e-22,0,3.32274075279553e-24,9.64161753573364e-07,1.66448088688246e-22,0,1.27734916690808e-23,0,1.45582198620652e-23,4.65955153406002e-22,1.45864122803566e-07,3.76765844941301e-22,0,2.84481544350483e-21,1.55925579562119e-07,5.05396941127335e-22,3.950483261027e-22,2.21622478088826e-24,7.15931965824781e-24,0,4.1680629586412e-05,0,0,0,5.41593664911457e-23,4.90110865742609e-22,4.51918218154934e-22,9.42029083897543e-22
"TCGA-50-5932","TCGA-LUAD",0,2.71579917066405e-22,8.31125961501432e-21,1.2675834420445e-22,7.58945975067407e-06,0,0,0,0,0,0,2.54010797827358e-22,2.77085892279475e-23,0,0,7.70949798418202e-23,0,0,0,0,0,2.58202219739579e-22,0,0,8.13592554814974e-22,1.35192936872189e-21,0,6.16790414939544e-23,3.4061748730324e-27,7.89204799059551e-23,6.75863262840114e-23,4.00271415439714e-22,3.84120814029954e-22,5.94799754421468e-24,0,0,1.1798484341413e-21,2.27085890653277e-23,3.59156568365312e-07,0,0,7.23472257482386e-23,0,9.45865483882906e-23,2.5970133445716e-22,0,0,7.14181201992881e-23,6.58523321720813e-22,0,0,7.24994410928547e-23,0,1.51197634706417e-08,0,2.40785225825597e-21,1.26900024331424e-26,1.15415999965714e-23,0,7.62881292264885e-05,1.57122721614708e-22,0,2.27953542845627e-21,0,1.17945614608747e-21,5.42586235940689e-22,1.72204238202816e-21
"TCGA-J2-A4AD","TCGA-LUAD",2.15015303883471e-22,0,1.66615567523193e-21,0,3.67334646671046e-07,0,8.6859524612802e-25,1.8013272534102e-23,6.7573111403763e-07,7.85758830005803e-07,2.49704517237084e-24,1.44600204265237e-23,0,0,0,0,3.84841633942915e-24,0,0,0,5.3551352895805e-23,0,0,0,0,1.83113640993242e-22,2.28868403149417e-22,0,5.38341356652058e-23,0,3.7252276025647e-23,0,0,1.96326656740801e-23,0,1.48946572805702e-26,0,9.91714490138088e-25,7.55884425090934e-07,8.74412485412763e-23,2.7645560494769e-22,5.38583113396901e-23,0,8.73775660792644e-23,3.77799348578681e-22,0,0,0,6.63705944194823e-23,0,0,0,0,7.03829172660927e-08,0,1.08016910691456e-21,0,8.88316032166732e-23,5.87694220118976e-22,7.83831763771988e-05,2.54149314603815e-23,1.61886430141818e-23,0,0,2.50199661551865e-22,2.67756764479025e-23,2.76975337999768e-22
"TCGA-44-A47B","TCGA-LUAD",4.55944087838588e-23,3.39784714983551e-22,2.1784085165006e-21,0,4.43311903860323e-06,0,0,0,1.8589376947268e-06,3.87873107885822e-07,6.39168658054556e-23,6.41974254253383e-23,2.65510234248524e-22,2.30741056140723e-22,0,0,0,0,0,4.68370033279682e-24,0,0,9.45853760977635e-23,0,0,7.13469606963398e-22,0,0,1.32699841730863e-20,0,0,1.34646559742662e-22,0,1.12257237653092e-25,7.31149659823831e-08,0,5.20517597953561e-22,2.80235465974764e-23,3.265922277614e-07,6.30422557582681e-23,0,4.24057307616656e-23,1.44932436625859e-21,0,1.25473440619945e-24,0,0,1.5135226968784e-24,2.13867667864388e-21,1.03806198231111e-21,1.83272349551637e-06,0,0,1.30226147019812e-08,0,7.51991990684406e-22,0,6.32096208615084e-24,9.30710551222688e-23,2.81787836267607e-05,0,6.46122850093519e-22,0,0,4.87433106549237e-08,1.69892357491776e-22,4.87433106549238e-08
"TCGA-62-8395","TCGA-LUAD",0,0,0,1.41774554415769e-24,2.66790110984527e-06,0,0,0,9.66152227025889e-07,0,0,1.49200341626849e-22,0,0,9.63197715651444e-24,0,1.88053759000078e-08,0,2.24446186610474e-23,2.67227475261893e-22,1.6495846104979e-22,2.90859258761427e-22,0,2.05024962756886e-23,0,0,1.14532486069838e-22,0,5.96822747180343e-23,3.09169188046704e-23,2.29555599245541e-22,1.57065884901093e-23,0,0,0,1.64111456051354e-23,1.49666082712526e-21,2.36680707132541e-23,7.74845640463033e-07,4.74200593126301e-22,0,2.38465725713026e-23,4.88466676887114e-06,3.40949826502448e-22,1.18555690641455e-22,0,0,0,6.55339567972134e-22,5.41383417607732e-07,1.57692661509185e-06,0,1.59299849929992e-21,1.45588936517235e-07,0,0,0,8.10887844263242e-24,0,5.31093800172624e-05,0,5.31768086778076e-23,0,2.68691686048148e-23,9.1983398510438e-22,8.24792305248949e-23,1.00231321562928e-21
"TCGA-55-8507","TCGA-LUAD",1.63329290580969e-24,0,6.98977943532185e-23,0,5.43688131660567e-06,0,4.45819299951843e-23,3.07651244455618e-22,6.95073824586123e-08,1.45138970473313e-23,1.04273087302738e-22,9.32512598579499e-23,6.9689855615761e-22,0,0,7.73510099915076e-22,0,2.34329543219341e-22,3.62331525725393e-22,1.0683649200376e-22,1.33802658710111e-22,6.01891618079429e-24,0,0,8.1607828247633e-23,0,6.59525660416383e-22,6.7657703455636e-23,0,9.47070913773627e-23,4.42148371125275e-23,0,0,0,5.79752139318733e-08,4.67386942314826e-24,7.37015963121875e-08,0,2.04136356169516e-06,0,0,2.24315362392962e-22,1.28164306663302e-05,2.42668698179433e-23,1.10777765297722e-24,9.36512027609668e-24,0,1.0778711246075e-22,2.86675036870944e-21,0,3.38023440301566e-06,5.27936207878006e-23,1.78999712220904e-06,0,0,3.74629093412235e-22,2.30898890584785e-25,0,7.67130962462613e-23,4.41626862089405e-06,1.22752870671274e-22,0,0,0,3.86501426212512e-08,1.07705243478872e-22,3.86501426212513e-08
"TCGA-55-7573","TCGA-LUAD",6.77458161422759e-23,3.1668594297489e-23,6.83674956673976e-21,9.80932806171301e-08,4.21074354640866e-06,0,0,0,2.29758507385774e-06,3.31619879899953e-06,3.23345642773717e-23,0,0,2.63709533771512e-22,0,0,4.91619754885609e-07,4.27878657012997e-23,1.23162260977647e-22,4.5641505362804e-23,4.04624149466619e-22,2.50226736808828e-24,3.01110941848375e-22,4.73500430642874e-23,0,1.45249072751454e-21,2.34957003300062e-22,2.55443039034016e-08,4.08798819175809e-24,0,0,0,0,0,3.14958482045799e-08,0,2.27501825220261e-21,2.05427841338664e-24,9.03655570764682e-08,2.38059505596906e-22,4.63463937852306e-22,0,2.22399984630891e-21,0,3.3498612370009e-22,0,0,0,0,0,0,1.78778988078068e-24,0,1.70731056044383e-07,1.44120469301777e-22,1.14914010962096e-21,4.49769399247154e-25,1.09744347882985e-24,0,6.26522703519199e-05,0,0,0,3.86463103902535e-22,8.6392752547807e-08,2.18146371882054e-22,8.63927525478072e-08
"TCGA-91-8497","TCGA-LUAD",3.57606702102836e-23,0,5.01663508318268e-22,0,6.61872582643669e-06,0,1.7302502866379e-22,0,2.00184537764158e-06,3.49749895707769e-06,0,6.15613031732278e-22,0,0,3.0152767160657e-23,0,4.54872551382296e-07,4.49831063315729e-23,1.62047181731814e-22,3.26606449524272e-24,6.92101620824501e-23,0,0,0,2.5130257287589e-07,0,8.92029843180032e-23,1.85452889487023e-07,4.04618347947638e-08,0,1.82888062005129e-25,0,2.20803562541371e-23,0,1.56457815902874e-07,0,0,0,1.04066982400567e-06,1.84243892579282e-22,9.48450202010682e-22,2.47865006157937e-22,2.61930071666543e-21,1.02948594439534e-22,1.36368586304336e-23,0,0,1.39104017364539e-22,2.31016253292896e-21,0,7.72886545442297e-22,1.96115028532325e-23,8.405188322283e-22,3.47491604971915e-07,0,2.8268692129883e-22,4.41143059082632e-24,0,6.36050137630474e-23,2.51546760674206e-05,7.82864958749353e-23,0,1.35308704253469e-23,0,1.04305210601918e-07,1.25651286437945e-07,2.29956497039863e-07
