"file_name","file_id","patient_id","sample.submitter_id","cases","sample_type","platform","expression_case","expression_sample_id","expression_match","PCD_cluster"
"d486de56-856b-4970-8c67-6913bf4cc72a.methylation_array.sesame.level3betas.txt","44398018-6310-4030-80c0-8b2000a7f7cf","TCGA-05-4384","TCGA-05-4384-01A","TCGA-05-4384-01A-01D-1756-05","Primary Tumor","Illumina Human Methylation 450","TCGA-05-4384-01A-01R-1755-07","TCGA-05-4384-01A",TRUE,"PCD_C2"
"e402ff66-76ef-4431-8283-6a46e5719d51.methylation_array.sesame.level3betas.txt","5b35a8d6-346e-4479-a0f0-950685ae221b","TCGA-05-4390","TCGA-05-4390-01A","TCGA-05-4390-01A-02D-1756-05","Primary Tumor","Illumina Human Methylation 450","TCGA-05-4390-01A-02R-1755-07","TCGA-05-4390-01A",TRUE,"PCD_C2"
"e2822b2f-317d-416a-b384-faa0b7fcc85e.methylation_array.sesame.level3betas.txt","b25c098a-ca6a-4458-9e0a-4399ec49680c","TCGA-05-4396","TCGA-05-4396-01A","TCGA-05-4396-01A-21D-1856-05","Primary Tumor","Illumina Human Methylation 450","TCGA-05-4396-01A-21R-1858-07","TCGA-05-4396-01A",TRUE,"PCD_C2"
"c304a276-af99-431a-b60f-f07ff02434b4.methylation_array.sesame.level3betas.txt","188e5c5b-5662-49fb-8a5c-1806d5550159","TCGA-05-4405","TCGA-05-4405-01A","TCGA-05-4405-01A-21D-1856-05","Primary Tumor","Illumina Human Methylation 450","TCGA-05-4405-01A-21R-1858-07","TCGA-05-4405-01A",TRUE,"PCD_C1"
"f6762fc1-7045-4a39-a7ff-c95dae7407b6.methylation_array.sesame.level3betas.txt","c9c92786-4193-4b3d-a690-6bbbcac6ec1d","TCGA-05-4410","TCGA-05-4410-01A","TCGA-05-4410-01A-21D-1856-05","Primary Tumor","Illumina Human Methylation 450","TCGA-05-4410-01A-21R-1858-07","TCGA-05-4410-01A",TRUE,"PCD_C1"
"a4afcab5-875e-4378-9310-4aa73c1a85d6.methylation_array.sesame.level3betas.txt","d14d7f54-286d-477a-9c7f-fbcf4d71563b","TCGA-05-4415","TCGA-05-4415-01A","TCGA-05-4415-01A-22D-1856-05","Primary Tumor","Illumina Human Methylation 450","TCGA-05-4415-01A-22R-1858-07","TCGA-05-4415-01A",TRUE,"PCD_C1"
"326212ca-759b-4b7e-ac7a-99e535193d5b.methylation_array.sesame.level3betas.txt","425e7c64-dc7b-4cce-bb79-dc953c79e9cc","TCGA-05-4417","TCGA-05-4417-01A","TCGA-05-4417-01A-22D-1856-05","Primary Tumor","Illumina Human Methylation 450","TCGA-05-4417-01A-22R-1858-07","TCGA-05-4417-01A",TRUE,"PCD_C1"
"c760d927-69fb-4c81-94f4-96aa62abe13d.methylation_array.sesame.level3betas.txt","6eac4810-d2d3-4c48-8854-d61cc96cc7d4","TCGA-05-4424","TCGA-05-4424-01A","TCGA-05-4424-01A-22D-1856-05","Primary Tumor","Illumina Human Methylation 450","TCGA-05-4424-01A-22R-1858-07","TCGA-05-4424-01A",TRUE,"PCD_C1"
"e2f5adf9-5d86-46a6-bb81-0b9b94f1505c.methylation_array.sesame.level3betas.txt","45d04cd4-020d-41aa-8cce-210ff947c580","TCGA-05-4425","TCGA-05-4425-01A","TCGA-05-4425-01A-01D-1756-05","Primary Tumor","Illumina Human Methylation 450","TCGA-05-4425-01A-01R-1755-07","TCGA-05-4425-01A",TRUE,"PCD_C1"
"a9590d2f-6d3b-41f8-b0a9-79e01f59db0e.methylation_array.sesame.level3betas.txt","8b6702f4-257e-40b8-9607-8bb4ca5a07dd","TCGA-05-4427","TCGA-05-4427-01A","TCGA-05-4427-01A-21D-1856-05","Primary Tumor","Illumina Human Methylation 450","TCGA-05-4427-01A-21R-1858-07","TCGA-05-4427-01A",TRUE,"PCD_C1"
"11aabaa8-910f-40d6-af86-a021a43add38.methylation_array.sesame.level3betas.txt","b180f2a2-d8a6-4523-bd93-ca4ce5b74119","TCGA-05-4433","TCGA-05-4433-01A","TCGA-05-4433-01A-22D-1856-05","Primary Tumor","Illumina Human Methylation 450","TCGA-05-4433-01A-22R-1858-07","TCGA-05-4433-01A",TRUE,"PCD_C2"
"fcae0136-8e13-41bb-8279-b8e40b738980.methylation_array.sesame.level3betas.txt","0ef47f35-e591-451e-8cf9-864f6acb581b","TCGA-05-5420","TCGA-05-5420-01A","TCGA-05-5420-01A-01D-1626-05","Primary Tumor","Illumina Human Methylation 450","TCGA-05-5420-01A-01R-1628-07","TCGA-05-5420-01A",TRUE,"PCD_C1"
"45a2e8a1-2094-4d06-9804-fcd804b0d173.methylation_array.sesame.level3betas.txt","bd3fdcd8-21bc-46fa-abad-189c23e21f34","TCGA-05-5423","TCGA-05-5423-01A","TCGA-05-5423-01A-01D-1626-05","Primary Tumor","Illumina Human Methylation 450","TCGA-05-5423-01A-01R-1628-07","TCGA-05-5423-01A",TRUE,"PCD_C1"
"b289f086-8331-4d90-a8d0-3b2cc5e598a2.methylation_array.sesame.level3betas.txt","cb8f3bef-9be3-41b9-a6c1-b4f8a2f3758e","TCGA-05-5425","TCGA-05-5425-01A","TCGA-05-5425-01A-02D-1626-05","Primary Tumor","Illumina Human Methylation 450","TCGA-05-5425-01A-02R-1628-07","TCGA-05-5425-01A",TRUE,"PCD_C1"
"0aa70f64-9f66-401f-96f7-0669087f9b57.methylation_array.sesame.level3betas.txt","884c7c7d-a672-4cb2-bf1e-6ae20a0c3712","TCGA-05-5428","TCGA-05-5428-01A","TCGA-05-5428-01A-01D-1626-05","Primary Tumor","Illumina Human Methylation 450","TCGA-05-5428-01A-01R-1628-07","TCGA-05-5428-01A",TRUE,"PCD_C2"
"f3fc32cc-0959-441f-b624-f0e8e27dd8f2.methylation_array.sesame.level3betas.txt","841976a2-28b4-443f-b79e-83dd46e65935","TCGA-05-5429","TCGA-05-5429-01A","TCGA-05-5429-01A-01D-1626-05","Primary Tumor","Illumina Human Methylation 450","TCGA-05-5429-01A-01R-1628-07","TCGA-05-5429-01A",TRUE,"PCD_C2"
"3a29a1a0-476b-4e6f-83da-3d8ee4ebae34.methylation_array.sesame.level3betas.txt","2a2fbe3a-d860-48cf-9159-58a97989ffcb","TCGA-05-5715","TCGA-05-5715-01A","TCGA-05-5715-01A-01D-1626-05","Primary Tumor","Illumina Human Methylation 450","TCGA-05-5715-01A-01R-1628-07","TCGA-05-5715-01A",TRUE,"PCD_C1"
"9ad39f37-2fc7-458b-aceb-542a6405da61.methylation_array.sesame.level3betas.txt","db172586-332b-4a89-bd7f-0041104616fb","TCGA-35-5375","TCGA-35-5375-01A","TCGA-35-5375-01A-01D-1626-05","Primary Tumor","Illumina Human Methylation 450","TCGA-35-5375-01A-01R-1628-07","TCGA-35-5375-01A",TRUE,"PCD_C2"
"604e65e3-1510-49c0-8532-6dd5cd321779.methylation_array.sesame.level3betas.txt","02eee71c-fe4a-40b9-8e5f-a8691e8013e6","TCGA-38-4631","TCGA-38-4631-01A","TCGA-38-4631-01A-01D-1756-05","Primary Tumor","Illumina Human Methylation 450","TCGA-38-4631-01A-01R-1755-07","TCGA-38-4631-01A",TRUE,"PCD_C2"
"0420b983-f96c-414f-a769-a1aa0d9997a3.methylation_array.sesame.level3betas.txt","d0eb067a-0cab-497d-b1c9-b3bef5f376f3","TCGA-38-4632","TCGA-38-4632-01A","TCGA-38-4632-01A-01D-1756-05","Primary Tumor","Illumina Human Methylation 450","TCGA-38-4632-01A-01R-1755-07","TCGA-38-4632-01A",TRUE,"PCD_C1"
"4d3ef394-2249-448e-99c8-7ccc713e3199.methylation_array.sesame.level3betas.txt","7824f6b4-3823-42e4-ba69-da904ea9d34a","TCGA-38-6178","TCGA-38-6178-01A","TCGA-38-6178-01A-11D-1756-05","Primary Tumor","Illumina Human Methylation 450","TCGA-38-6178-01A-11R-1755-07","TCGA-38-6178-01A",TRUE,"PCD_C1"
"b7a9e37e-00ec-47e2-9c31-e2cc81146002.methylation_array.sesame.level3betas.txt","869b1c78-5b77-4a49-8f04-8ad4a2e4f638","TCGA-38-7271","TCGA-38-7271-01A","TCGA-38-7271-01A-11D-2037-05","Primary Tumor","Illumina Human Methylation 450","TCGA-38-7271-01A-11R-2039-07","TCGA-38-7271-01A",TRUE,"PCD_C1"
"cc616472-f1af-428d-b468-0f45c467374e.methylation_array.sesame.level3betas.txt","682bee4f-6a44-4b3b-b282-d6edfc2265de","TCGA-38-A44F","TCGA-38-A44F-01A","TCGA-38-A44F-01A-11D-A24I-05","Primary Tumor","Illumina Human Methylation 450","TCGA-38-A44F-01A-11R-A24H-07","TCGA-38-A44F-01A",TRUE,"PCD_C1"
"2fd9f4a8-cc60-4163-a847-c7e470dc4322.methylation_array.sesame.level3betas.txt","8d5e1a2d-96b2-42ec-9087-3ea11cabd5e6","TCGA-44-2656","TCGA-44-2656-01A","TCGA-44-2656-01A-02D-A276-05","Primary Tumor","Illumina Human Methylation 450","TCGA-44-2656-01A-02R-0946-07","TCGA-44-2656-01A",TRUE,"PCD_C1"
"ab2b4361-b6a3-4cb5-8c9d-98da0e97693c.methylation_array.sesame.level3betas.txt","bfe5caf9-c16b-4a48-9906-7020be48d009","TCGA-44-2665","TCGA-44-2665-01A","TCGA-44-2665-01A-01D-A276-05","Primary Tumor","Illumina Human Methylation 450","TCGA-44-2665-01A-01R-0946-07","TCGA-44-2665-01A",TRUE,"PCD_C1"
"821608cd-3d2e-42e2-9b3d-2932839815c0.methylation_array.sesame.level3betas.txt","8f61503a-ee54-4b4b-99da-97564fd126b0","TCGA-44-2666","TCGA-44-2666-01A","TCGA-44-2666-01A-01D-A276-05","Primary Tumor","Illumina Human Methylation 450","TCGA-44-2666-01A-01R-0946-07","TCGA-44-2666-01A",TRUE,"PCD_C1"
"d5769119-6454-48f2-9b9c-9f22c9761df9.methylation_array.sesame.level3betas.txt","a0f8ac3a-99e2-4da8-942a-9d5e6ca862fa","TCGA-44-2668","TCGA-44-2668-01A","TCGA-44-2668-01A-01D-A276-05","Primary Tumor","Illumina Human Methylation 450","TCGA-44-2668-01A-01R-0946-07","TCGA-44-2668-01A",TRUE,"PCD_C1"
"452b3733-cfdb-4085-b84d-ee586a4df531.methylation_array.sesame.level3betas.txt","867c54a3-b050-4403-8479-f13ec7d3206d","TCGA-44-3917","TCGA-44-3917-01A","TCGA-44-3917-01A-01D-A276-05","Primary Tumor","Illumina Human Methylation 450","TCGA-44-3917-01A-01R-A278-07","TCGA-44-3917-01A",TRUE,"PCD_C2"
"a2298929-4d14-4f3e-b079-3efe2fce3dcb.methylation_array.sesame.level3betas.txt","6068d0a3-cd60-48f8-8e88-0ae39cac8ecd","TCGA-44-3918","TCGA-44-3918-01A","TCGA-44-3918-01A-01D-A276-05","Primary Tumor","Illumina Human Methylation 450","TCGA-44-3918-01A-01R-1107-07","TCGA-44-3918-01A",TRUE,"PCD_C1"
"e97e8e70-b351-4d36-82bc-6bc838981f24.methylation_array.sesame.level3betas.txt","961483a6-864b-4b05-b20c-daccebae9323","TCGA-44-4112","TCGA-44-4112-01A","TCGA-44-4112-01A-01D-A276-05","Primary Tumor","Illumina Human Methylation 450","TCGA-44-4112-01A-01R-1107-07","TCGA-44-4112-01A",TRUE,"PCD_C1"
"a191d61a-8cbf-48a5-96f3-8d96dac1b2aa.methylation_array.sesame.level3betas.txt","6d275a1c-a8e3-40b4-8758-69d85a31f0a7","TCGA-44-5643","TCGA-44-5643-01A","TCGA-44-5643-01A-01D-1626-05","Primary Tumor","Illumina Human Methylation 450","TCGA-44-5643-01A-01R-1628-07","TCGA-44-5643-01A",TRUE,"PCD_C2"
"e1828cf1-3237-48f1-9605-527231455dfc.methylation_array.sesame.level3betas.txt","f3987c5d-f346-4f2f-9f4f-b774327e77b0","TCGA-44-5644","TCGA-44-5644-01A","TCGA-44-5644-01A-21D-2037-05","Primary Tumor","Illumina Human Methylation 450","TCGA-44-5644-01A-21R-2039-07","TCGA-44-5644-01A",TRUE,"PCD_C2"
"5181ca17-d9fd-4863-973f-068d9c82afcc.methylation_array.sesame.level3betas.txt","31cf1f8f-5e24-46ad-9e3d-328350799525","TCGA-44-5645","TCGA-44-5645-01A","TCGA-44-5645-01A-01D-A276-05","Primary Tumor","Illumina Human Methylation 450","TCGA-44-5645-01A-01R-A278-07","TCGA-44-5645-01A",TRUE,"PCD_C2"
"d72ac886-8438-4be1-8465-a25c12154ba1.methylation_array.sesame.level3betas.txt","d03139f8-de7c-4bba-bb55-a9a421cb3df2","TCGA-44-6145","TCGA-44-6145-01A","TCGA-44-6145-01A-11D-1756-05","Primary Tumor","Illumina Human Methylation 450","TCGA-44-6145-01A-11R-1755-07","TCGA-44-6145-01A",TRUE,"PCD_C2"
"2e83e728-752d-46ea-8736-4e40ad13bf52.methylation_array.sesame.level3betas.txt","b81da101-2125-4bff-99e7-45ee3022cee2","TCGA-44-6146","TCGA-44-6146-01A","TCGA-44-6146-01A-11D-A276-05","Primary Tumor","Illumina Human Methylation 450","TCGA-44-6146-01A-11R-1755-07","TCGA-44-6146-01A",TRUE,"PCD_C2"
"79b49b4f-c2a2-465d-ab20-a576917c51ab.methylation_array.sesame.level3betas.txt","a1a335fb-2b78-4554-8101-989d0f4b7632","TCGA-44-6147","TCGA-44-6147-01A","TCGA-44-6147-01A-11D-A276-05","Primary Tumor","Illumina Human Methylation 450","TCGA-44-6147-01A-11R-1755-07","TCGA-44-6147-01A",TRUE,"PCD_C1"
"dc0127ff-f2de-4ddf-aa03-69474b8df3ea.methylation_array.sesame.level3betas.txt","ef4a2952-828a-454a-bec1-120fc7b7821e","TCGA-44-6148","TCGA-44-6148-01A","TCGA-44-6148-01A-11D-1756-05","Primary Tumor","Illumina Human Methylation 450","TCGA-44-6148-01A-11R-1755-07","TCGA-44-6148-01A",TRUE,"PCD_C1"
"1a89004f-c7e7-470a-96d1-19b2da1b8eae.methylation_array.sesame.level3betas.txt","03a635d5-bd6b-489b-ad60-b2d920af9fe6","TCGA-44-6774","TCGA-44-6774-01A","TCGA-44-6774-01A-21D-1856-05","Primary Tumor","Illumina Human Methylation 450","TCGA-44-6774-01A-21R-1858-07","TCGA-44-6774-01A",TRUE,"PCD_C1"
"29c1c650-1e52-41a6-bfd5-7450a39fb28b.methylation_array.sesame.level3betas.txt","abb395e6-40ae-44c9-ad2d-599426fe9bdf","TCGA-44-6775","TCGA-44-6775-01A","TCGA-44-6775-01A-11D-1856-05","Primary Tumor","Illumina Human Methylation 450","TCGA-44-6775-01A-11R-1858-07","TCGA-44-6775-01A",TRUE,"PCD_C1"
"592d3417-3d60-48a6-9b3f-801bfcf225b3.methylation_array.sesame.level3betas.txt","04fc092b-9048-4f3a-af3d-661e8ceae5fd","TCGA-44-6776","TCGA-44-6776-01A","TCGA-44-6776-01A-11D-1856-05","Primary Tumor","Illumina Human Methylation 450","TCGA-44-6776-01A-11R-1858-07","TCGA-44-6776-01A",TRUE,"PCD_C2"
"72942eb5-2eaf-425e-963b-de0da8295081.methylation_array.sesame.level3betas.txt","b1e31090-c4b8-46ee-ab44-e604de639935","TCGA-44-6777","TCGA-44-6777-01A","TCGA-44-6777-01A-11D-1856-05","Primary Tumor","Illumina Human Methylation 450","TCGA-44-6777-01A-11R-1858-07","TCGA-44-6777-01A",TRUE,"PCD_C1"
"e9770623-3d6c-4941-9faf-c4a14d59b0c8.methylation_array.sesame.level3betas.txt","52eb0eb5-8f56-4c09-a7d1-c911b91171a6","TCGA-44-6778","TCGA-44-6778-01A","TCGA-44-6778-01A-11D-1856-05","Primary Tumor","Illumina Human Methylation 450","TCGA-44-6778-01A-11R-1858-07","TCGA-44-6778-01A",TRUE,"PCD_C1"
"36037ea1-1cc4-489f-95ab-35e8dec40614.methylation_array.sesame.level3betas.txt","5d54d5f7-cfbc-4b9c-aca9-15c46934a833","TCGA-44-6779","TCGA-44-6779-01A","TCGA-44-6779-01A-11D-1856-05","Primary Tumor","Illumina Human Methylation 450","TCGA-44-6779-01A-11R-1858-07","TCGA-44-6779-01A",TRUE,"PCD_C2"
"2fdf5392-7272-4c7a-bff3-cc03d76f07fc.methylation_array.sesame.level3betas.txt","efd27951-9336-4eed-a8a1-97efbdb0ca0c","TCGA-44-7659","TCGA-44-7659-01A","TCGA-44-7659-01A-11D-2064-05","Primary Tumor","Illumina Human Methylation 450","TCGA-44-7659-01A-11R-2066-07","TCGA-44-7659-01A",TRUE,"PCD_C1"
"15941496-95a9-4d86-a469-dc1ad8417300.methylation_array.sesame.level3betas.txt","f4486bc2-e6c2-4fe7-ad59-035ab3d6a5f4","TCGA-44-7660","TCGA-44-7660-01A","TCGA-44-7660-01A-11D-2064-05","Primary Tumor","Illumina Human Methylation 450","TCGA-44-7660-01A-11R-2066-07","TCGA-44-7660-01A",TRUE,"PCD_C2"
"7043c480-976d-45fa-8c3f-23cadff96fd3.methylation_array.sesame.level3betas.txt","65192809-7552-4057-b016-9764158be3ee","TCGA-44-7661","TCGA-44-7661-01A","TCGA-44-7661-01A-11D-2064-05","Primary Tumor","Illumina Human Methylation 450","TCGA-44-7661-01A-11R-2066-07","TCGA-44-7661-01A",TRUE,"PCD_C1"
"f1df8f0c-382d-49d7-980a-c16a4765e407.methylation_array.sesame.level3betas.txt","bca42f75-ac65-4add-8450-35b846c991df","TCGA-44-7662","TCGA-44-7662-01A","TCGA-44-7662-01A-11D-2064-05","Primary Tumor","Illumina Human Methylation 450","TCGA-44-7662-01A-11R-2066-07","TCGA-44-7662-01A",TRUE,"PCD_C1"
"dbd3c0d7-00aa-4c8b-8737-369fb359386c.methylation_array.sesame.level3betas.txt","3622f76f-ee9f-4852-8674-78804ceb94d2","TCGA-44-7667","TCGA-44-7667-01A","TCGA-44-7667-01A-31D-2064-05","Primary Tumor","Illumina Human Methylation 450","TCGA-44-7667-01A-31R-2066-07","TCGA-44-7667-01A",TRUE,"PCD_C2"
"7b6c12d3-c4b6-4bc2-bc0e-6a3dec90a73e.methylation_array.sesame.level3betas.txt","0841f02d-67b4-41af-8dbd-c6fe4c7f2ac2","TCGA-44-7669","TCGA-44-7669-01A","TCGA-44-7669-01A-21D-2064-05","Primary Tumor","Illumina Human Methylation 450","TCGA-44-7669-01A-21R-2066-07","TCGA-44-7669-01A",TRUE,"PCD_C2"
"956664cd-65a0-4a89-82be-f4986feb83b1.methylation_array.sesame.level3betas.txt","d789d9bb-5399-44d4-b8c0-2d1d48c8d1bc","TCGA-44-7670","TCGA-44-7670-01A","TCGA-44-7670-01A-11D-2064-05","Primary Tumor","Illumina Human Methylation 450","TCGA-44-7670-01A-11R-2066-07","TCGA-44-7670-01A",TRUE,"PCD_C2"
"dae77e9a-3651-48c0-9de2-8766939a7e80.methylation_array.sesame.level3betas.txt","a552e159-7967-4dde-a94f-314a7b08dea0","TCGA-44-7671","TCGA-44-7671-01A","TCGA-44-7671-01A-11D-2064-05","Primary Tumor","Illumina Human Methylation 450","TCGA-44-7671-01A-11R-2066-07","TCGA-44-7671-01A",TRUE,"PCD_C2"
"209b1087-6004-4489-8d76-ac1e926e1f62.methylation_array.sesame.level3betas.txt","58789c20-751d-4ca4-999e-ec8934f54431","TCGA-44-7672","TCGA-44-7672-01A","TCGA-44-7672-01A-11D-2064-05","Primary Tumor","Illumina Human Methylation 450","TCGA-44-7672-01A-11R-2066-07","TCGA-44-7672-01A",TRUE,"PCD_C1"
"1f481660-4aee-4041-87e6-35c727b95c8e.methylation_array.sesame.level3betas.txt","3c74fca3-f3c0-48a7-b7ea-57b5dd01e165","TCGA-44-8117","TCGA-44-8117-01A","TCGA-44-8117-01A-11D-2239-05","Primary Tumor","Illumina Human Methylation 450","TCGA-44-8117-01A-11R-2241-07","TCGA-44-8117-01A",TRUE,"PCD_C1"
"0300ad91-d4fb-41ce-822f-844a9391b6dd.methylation_array.sesame.level3betas.txt","741e0996-d818-4602-baf9-36e67fe7d11b","TCGA-44-8119","TCGA-44-8119-01A","TCGA-44-8119-01A-11D-2239-05","Primary Tumor","Illumina Human Methylation 450","TCGA-44-8119-01A-11R-2241-07","TCGA-44-8119-01A",TRUE,"PCD_C2"
"6fe7802e-f21b-490e-b7ea-194d03a97112.methylation_array.sesame.level3betas.txt","962febcb-05ba-4559-8258-eac885ce0efe","TCGA-44-8120","TCGA-44-8120-01A","TCGA-44-8120-01A-11D-2239-05","Primary Tumor","Illumina Human Methylation 450","TCGA-44-8120-01A-11R-2241-07","TCGA-44-8120-01A",TRUE,"PCD_C1"
"1ef59d3e-af9e-4a35-8e70-5203add96771.methylation_array.sesame.level3betas.txt","0b93b3dc-1a9b-464c-97ab-ff27111af519","TCGA-44-A479","TCGA-44-A479-01A","TCGA-44-A479-01A-31D-A24I-05","Primary Tumor","Illumina Human Methylation 450","TCGA-44-A479-01A-31R-A24H-07","TCGA-44-A479-01A",TRUE,"PCD_C1"
"4dca0ac4-41a0-45da-9c4b-4dfd7cc21f8d.methylation_array.sesame.level3betas.txt","7ea76d09-04a8-4488-be66-dd23eefdd39b","TCGA-44-A47A","TCGA-44-A47A-01A","TCGA-44-A47A-01A-21D-A24I-05","Primary Tumor","Illumina Human Methylation 450","TCGA-44-A47A-01A-21R-A24H-07","TCGA-44-A47A-01A",TRUE,"PCD_C1"
"e77afbcb-b42f-4b8b-a88b-9f5a59bb3e7b.methylation_array.sesame.level3betas.txt","51364590-a858-461d-942f-3d2ababbe66f","TCGA-44-A47B","TCGA-44-A47B-01A","TCGA-44-A47B-01A-11D-A24I-05","Primary Tumor","Illumina Human Methylation 450","TCGA-44-A47B-01A-11R-A24H-07","TCGA-44-A47B-01A",TRUE,"PCD_C1"
"0457fc1a-2f1c-48cb-90b7-781a2de9c67d.methylation_array.sesame.level3betas.txt","55b401ab-003d-4bc5-8669-7df0cf2a997e","TCGA-44-A47G","TCGA-44-A47G-01A","TCGA-44-A47G-01A-21D-A24I-05","Primary Tumor","Illumina Human Methylation 450","TCGA-44-A47G-01A-21R-A24H-07","TCGA-44-A47G-01A",TRUE,"PCD_C1"
"68c5b441-cc3f-43c3-8fb0-1ecccaf64940.methylation_array.sesame.level3betas.txt","7e15200c-5a79-4144-beb2-08830d4bfcc6","TCGA-44-A4SS","TCGA-44-A4SS-01A","TCGA-44-A4SS-01A-11D-A24U-05","Primary Tumor","Illumina Human Methylation 450","TCGA-44-A4SS-01A-11R-A24X-07","TCGA-44-A4SS-01A",TRUE,"PCD_C2"
"9e8a7758-e057-4c98-b96b-fc6f76ddba03.methylation_array.sesame.level3betas.txt","915b1776-1837-4010-977e-b0b12069cd36","TCGA-44-A4SU","TCGA-44-A4SU-01A","TCGA-44-A4SU-01A-11D-A24U-05","Primary Tumor","Illumina Human Methylation 450","TCGA-44-A4SU-01A-11R-A24X-07","TCGA-44-A4SU-01A",TRUE,"PCD_C2"
"d7e3478b-7126-4e40-af10-39f2bfd5c718.methylation_array.sesame.level3betas.txt","2c0787b2-39fe-4007-95fd-69359ee2f424","TCGA-49-4487","TCGA-49-4487-01A","TCGA-49-4487-01A-21D-1856-05","Primary Tumor","Illumina Human Methylation 450","TCGA-49-4487-01A-21R-1858-07","TCGA-49-4487-01A",TRUE,"PCD_C2"
"dc63556e-8886-42a7-af90-a29255c4e511.methylation_array.sesame.level3betas.txt","0ec7feab-b9ad-475c-b8c0-920e24ec336f","TCGA-49-4488","TCGA-49-4488-01A","TCGA-49-4488-01A-01D-1756-05","Primary Tumor","Illumina Human Methylation 450","TCGA-49-4488-01A-01R-1755-07","TCGA-49-4488-01A",TRUE,"PCD_C2"
"4d6164da-7508-47ca-9f1b-e02d8e1fbc5b.methylation_array.sesame.level3betas.txt","ceee3fee-5a19-4bad-bb16-52c61a16aed4","TCGA-49-4490","TCGA-49-4490-01A","TCGA-49-4490-01A-21D-1856-05","Primary Tumor","Illumina Human Methylation 450","TCGA-49-4490-01A-21R-1858-07","TCGA-49-4490-01A",TRUE,"PCD_C1"
"992137be-5709-4894-b154-a3767813f49a.methylation_array.sesame.level3betas.txt","7d4f5563-437b-429b-ad8e-2d5912bfc2ac","TCGA-49-4512","TCGA-49-4512-01A","TCGA-49-4512-01A-21D-1856-05","Primary Tumor","Illumina Human Methylation 450","TCGA-49-4512-01A-21R-1858-07","TCGA-49-4512-01A",TRUE,"PCD_C1"
"41adfb52-afb5-462f-98a4-018be9613677.methylation_array.sesame.level3betas.txt","ddadc636-be3c-4258-8ae6-c93e591a12a7","TCGA-49-4514","TCGA-49-4514-01A","TCGA-49-4514-01A-21D-1856-05","Primary Tumor","Illumina Human Methylation 450","TCGA-49-4514-01A-21R-1858-07","TCGA-49-4514-01A",TRUE,"PCD_C2"
"604ecb59-277f-4462-a2e0-edf67daf4fc0.methylation_array.sesame.level3betas.txt","6cf91beb-1e1e-4dbd-93a8-8764071742e1","TCGA-49-6742","TCGA-49-6742-01A","TCGA-49-6742-01A-11D-1856-05","Primary Tumor","Illumina Human Methylation 450","TCGA-49-6742-01A-11R-1858-07","TCGA-49-6742-01A",TRUE,"PCD_C2"
"a2616b86-c5a9-47b6-8532-9e98f37fd2a1.methylation_array.sesame.level3betas.txt","dac1a7ec-240e-42fd-be54-0f79511e559c","TCGA-49-6743","TCGA-49-6743-01A","TCGA-49-6743-01A-11D-1856-05","Primary Tumor","Illumina Human Methylation 450","TCGA-49-6743-01A-11R-1858-07","TCGA-49-6743-01A",TRUE,"PCD_C2"
"b586133f-a73f-488e-add6-37345122daf0.methylation_array.sesame.level3betas.txt","f1b024da-112d-4220-b6b1-d622d5ca1781","TCGA-49-6744","TCGA-49-6744-01A","TCGA-49-6744-01A-11D-1856-05","Primary Tumor","Illumina Human Methylation 450","TCGA-49-6744-01A-11R-1858-07","TCGA-49-6744-01A",TRUE,"PCD_C1"
"bc24be36-4669-4a7b-adaa-3fad324d056c.methylation_array.sesame.level3betas.txt","f302ce23-0f9c-4306-9f9d-149fab4258cc","TCGA-49-6745","TCGA-49-6745-01A","TCGA-49-6745-01A-11D-1856-05","Primary Tumor","Illumina Human Methylation 450","TCGA-49-6745-01A-11R-1858-07","TCGA-49-6745-01A",TRUE,"PCD_C1"
"79adda4b-685a-49ca-a768-7aad361d6a2f.methylation_array.sesame.level3betas.txt","671af7d9-0fec-4e4d-a668-c33fa5d5f14f","TCGA-49-6761","TCGA-49-6761-01A","TCGA-49-6761-01A-31D-1947-05","Primary Tumor","Illumina Human Methylation 450","TCGA-49-6761-01A-31R-1949-07","TCGA-49-6761-01A",TRUE,"PCD_C1"
"3e7e77a1-6ae4-46ed-8bcf-042b2451d73e.methylation_array.sesame.level3betas.txt","10fabbc1-d12d-4109-8645-9df8075c2505","TCGA-49-6767","TCGA-49-6767-01A","TCGA-49-6767-01A-11D-1856-05","Primary Tumor","Illumina Human Methylation 450","TCGA-49-6767-01A-11R-1858-07","TCGA-49-6767-01A",TRUE,"PCD_C1"
"3bced54e-d59d-4b03-9259-1234c2dbb06f.methylation_array.sesame.level3betas.txt","1578980e-1413-4ba1-bf6d-38d8ce2abacc","TCGA-49-AAQV","TCGA-49-AAQV-01A","TCGA-49-AAQV-01A-11D-A398-05","Primary Tumor","Illumina Human Methylation 450","TCGA-49-AAQV-01A-11R-A39D-07","TCGA-49-AAQV-01A",TRUE,"PCD_C2"
"32826e20-bca9-438c-9993-023dc91d50d9.methylation_array.sesame.level3betas.txt","239c91a5-3b03-40eb-b229-2434bbd65ecd","TCGA-49-AAR0","TCGA-49-AAR0-01A","TCGA-49-AAR0-01A-21D-A398-05","Primary Tumor","Illumina Human Methylation 450","TCGA-49-AAR0-01A-21R-A39D-07","TCGA-49-AAR0-01A",TRUE,"PCD_C2"
"75473f3f-f0c2-4fdf-9765-89d91cd0bee6.methylation_array.sesame.level3betas.txt","ea0e0b77-9c89-4ef5-8079-e67f9a6b19e8","TCGA-49-AAR2","TCGA-49-AAR2-01A","TCGA-49-AAR2-01A-11D-A398-05","Primary Tumor","Illumina Human Methylation 450","TCGA-49-AAR2-01A-11R-A39D-07","TCGA-49-AAR2-01A",TRUE,"PCD_C2"
"dbdb93df-eb2e-49a6-b5ea-7565f37d36ab.methylation_array.sesame.level3betas.txt","d44cd257-c316-4f60-a0f9-6a536a1e7941","TCGA-49-AAR3","TCGA-49-AAR3-01A","TCGA-49-AAR3-01A-11D-A411-05","Primary Tumor","Illumina Human Methylation 450","TCGA-49-AAR3-01A-11R-A41B-07","TCGA-49-AAR3-01A",TRUE,"PCD_C2"
"62be53ca-e2b3-4534-b62d-483a66b4c55e.methylation_array.sesame.level3betas.txt","66a02230-24eb-48e1-9f07-df4f2d9d553b","TCGA-49-AAR4","TCGA-49-AAR4-01A","TCGA-49-AAR4-01A-12D-A411-05","Primary Tumor","Illumina Human Methylation 450","TCGA-49-AAR4-01A-12R-A41B-07","TCGA-49-AAR4-01A",TRUE,"PCD_C2"
"537e6c8a-a2e5-4cf2-98c4-9d061b3ced67.methylation_array.sesame.level3betas.txt","a36cf415-5b4d-424b-8c7e-a1307d4c981c","TCGA-49-AAR9","TCGA-49-AAR9-01A","TCGA-49-AAR9-01A-21D-A411-05","Primary Tumor","Illumina Human Methylation 450","TCGA-49-AAR9-01A-21R-A41B-07","TCGA-49-AAR9-01A",TRUE,"PCD_C2"
"65dc48db-d8d0-465f-a6cf-590e53eab3e0.methylation_array.sesame.level3betas.txt","2a98ed4b-50de-40e8-96e8-73108b6634ba","TCGA-49-AARE","TCGA-49-AARE-01A","TCGA-49-AARE-01A-11D-A411-05","Primary Tumor","Illumina Human Methylation 450","TCGA-49-AARE-01A-11R-A41B-07","TCGA-49-AARE-01A",TRUE,"PCD_C2"
"4fd07f6c-4f9e-4f99-a530-a61271204b9f.methylation_array.sesame.level3betas.txt","49ca28f1-f867-4a9f-8ae7-1cb6e9e92a8e","TCGA-49-AARN","TCGA-49-AARN-01A","TCGA-49-AARN-01A-21D-A411-05","Primary Tumor","Illumina Human Methylation 450","TCGA-49-AARN-01A-21R-A41B-07","TCGA-49-AARN-01A",TRUE,"PCD_C2"
"3afdd139-6afb-4f8e-9b2b-5e35e3c3f0f0.methylation_array.sesame.level3betas.txt","5fd40f84-d74a-461c-be8c-6996266ae39f","TCGA-49-AARO","TCGA-49-AARO-01A","TCGA-49-AARO-01A-12D-A411-05","Primary Tumor","Illumina Human Methylation 450","TCGA-49-AARO-01A-12R-A41B-07","TCGA-49-AARO-01A",TRUE,"PCD_C1"
"2f225a8a-ac08-4d1b-9db5-04bf33fc2428.methylation_array.sesame.level3betas.txt","9990be1a-cfd2-41fd-82bf-87e7168b2f33","TCGA-49-AARQ","TCGA-49-AARQ-01A","TCGA-49-AARQ-01A-11D-A411-05","Primary Tumor","Illumina Human Methylation 450","TCGA-49-AARQ-01A-11R-A41B-07","TCGA-49-AARQ-01A",TRUE,"PCD_C2"
"d11348fe-c4ba-41ae-92d4-da11eda0bb8a.methylation_array.sesame.level3betas.txt","e7788eeb-8e3c-489f-b9d0-d4a758182304","TCGA-49-AARR","TCGA-49-AARR-01A","TCGA-49-AARR-01A-11D-A411-05","Primary Tumor","Illumina Human Methylation 450","TCGA-49-AARR-01A-11R-A41B-07","TCGA-49-AARR-01A",TRUE,"PCD_C1"
"9c87b459-c836-4e5b-b315-a2d28da69441.methylation_array.sesame.level3betas.txt","14a28413-a0f9-40f1-af30-afb61c05aad1","TCGA-4B-A93V","TCGA-4B-A93V-01A","TCGA-4B-A93V-01A-11D-A398-05","Primary Tumor","Illumina Human Methylation 450","TCGA-4B-A93V-01A-11R-A39D-07","TCGA-4B-A93V-01A",TRUE,"PCD_C2"
"6e036fd2-ef7f-467b-b4f6-2b9cab1b71ff.methylation_array.sesame.level3betas.txt","1f026637-5efe-48e9-8dda-cf61f958ed82","TCGA-50-5044","TCGA-50-5044-01A","TCGA-50-5044-01A-21D-1856-05","Primary Tumor","Illumina Human Methylation 450","TCGA-50-5044-01A-21R-1858-07","TCGA-50-5044-01A",TRUE,"PCD_C1"
"b681064e-0b32-4f74-9c2c-adbc8fe84bf2.methylation_array.sesame.level3betas.txt","694f7130-16b8-4f83-ba68-48349cc2395d","TCGA-50-5045","TCGA-50-5045-01A","TCGA-50-5045-01A-01D-1626-05","Primary Tumor","Illumina Human Methylation 450","TCGA-50-5045-01A-01R-1628-07","TCGA-50-5045-01A",TRUE,"PCD_C1"
"5615db64-d5d8-40d5-b023-70e68b28bce2.methylation_array.sesame.level3betas.txt","79188e6d-3dfa-483d-aa0f-7cb6f7d8ff91","TCGA-50-5049","TCGA-50-5049-01A","TCGA-50-5049-01A-01D-1626-05","Primary Tumor","Illumina Human Methylation 450","TCGA-50-5049-01A-01R-1628-07","TCGA-50-5049-01A",TRUE,"PCD_C1"
"8460ef05-a6c6-47d8-86bd-76c076a4c3c1.methylation_array.sesame.level3betas.txt","ed39e87e-8c90-43ea-b356-764b5aa5a940","TCGA-50-5051","TCGA-50-5051-01A","TCGA-50-5051-01A-21D-1856-05","Primary Tumor","Illumina Human Methylation 450","TCGA-50-5051-01A-21R-1858-07","TCGA-50-5051-01A",TRUE,"PCD_C2"
"5f7cdcb6-85ad-412a-9cf7-fb1083ee6d27.methylation_array.sesame.level3betas.txt","147d78c4-eb89-4888-9c1d-a3a728874448","TCGA-50-5055","TCGA-50-5055-01A","TCGA-50-5055-01A-01D-1626-05","Primary Tumor","Illumina Human Methylation 450","TCGA-50-5055-01A-01R-1628-07","TCGA-50-5055-01A",TRUE,"PCD_C1"
"463d1c05-6a9c-40aa-a831-395ae2841baa.methylation_array.sesame.level3betas.txt","344684ae-a706-4117-941a-5dd51b9dc8fe","TCGA-50-5066","TCGA-50-5066-01A","TCGA-50-5066-01A-01D-1626-05","Primary Tumor","Illumina Human Methylation 450","TCGA-50-5066-01A-01R-1628-07","TCGA-50-5066-01A",TRUE,"PCD_C2"
"3531e822-9aeb-4388-bb3e-46f7421eef4e.methylation_array.sesame.level3betas.txt","e8d21daf-8c95-43bd-843a-445b02834ab4","TCGA-50-5068","TCGA-50-5068-01A","TCGA-50-5068-01A-01D-1626-05","Primary Tumor","Illumina Human Methylation 450","TCGA-50-5068-01A-01R-1628-07","TCGA-50-5068-01A",TRUE,"PCD_C1"
"dd6d9e08-dbc9-4570-bd94-4e61c3907974.methylation_array.sesame.level3betas.txt","6e13476c-4c5d-4750-9e1d-7e93482a849a","TCGA-50-5072","TCGA-50-5072-01A","TCGA-50-5072-01A-21D-1856-05","Primary Tumor","Illumina Human Methylation 450","TCGA-50-5072-01A-21R-1858-07","TCGA-50-5072-01A",TRUE,"PCD_C2"
"0d80dfd8-5798-456e-8078-29f19c22a00b.methylation_array.sesame.level3betas.txt","e71b9305-0bb8-4c70-a423-80593ffb7e82","TCGA-50-5930","TCGA-50-5930-01A","TCGA-50-5930-01A-11D-1756-05","Primary Tumor","Illumina Human Methylation 450","TCGA-50-5930-01A-11R-1755-07","TCGA-50-5930-01A",TRUE,"PCD_C2"
"55bfdce7-4ae6-48a1-894d-80621caa1d06.methylation_array.sesame.level3betas.txt","6ffee11a-6a56-438d-a282-e64db6498e29","TCGA-50-5931","TCGA-50-5931-01A","TCGA-50-5931-01A-11D-1756-05","Primary Tumor","Illumina Human Methylation 450","TCGA-50-5931-01A-11R-1755-07","TCGA-50-5931-01A",TRUE,"PCD_C2"
"e084ff03-8d3e-4ccd-9630-632583445eff.methylation_array.sesame.level3betas.txt","7537435b-e092-441c-b184-bf0d357bda5d","TCGA-50-5932","TCGA-50-5932-01A","TCGA-50-5932-01A-11D-1756-05","Primary Tumor","Illumina Human Methylation 450","TCGA-50-5932-01A-11R-1755-07","TCGA-50-5932-01A",TRUE,"PCD_C1"
"38e4fe20-c970-4eb0-8770-5d18b0b8bb42.methylation_array.sesame.level3betas.txt","b4974f36-432a-47c5-8377-09850fedd50b","TCGA-50-5933","TCGA-50-5933-01A","TCGA-50-5933-01A-11D-1756-05","Primary Tumor","Illumina Human Methylation 450","TCGA-50-5933-01A-11R-1755-07","TCGA-50-5933-01A",TRUE,"PCD_C1"
"536a872f-bb14-43f6-b2b8-4673e55923d8.methylation_array.sesame.level3betas.txt","f099d756-e621-4a0b-9e9e-138a3bd3be50","TCGA-50-5935","TCGA-50-5935-01A","TCGA-50-5935-01A-11D-1756-05","Primary Tumor","Illumina Human Methylation 450","TCGA-50-5935-01A-11R-1755-07","TCGA-50-5935-01A",TRUE,"PCD_C1"
"7af15ac7-cf5a-444c-8289-98fe7c2faba9.methylation_array.sesame.level3betas.txt","df044c46-f98f-4bae-b475-22b26f3609a8","TCGA-50-5936","TCGA-50-5936-01A","TCGA-50-5936-01A-11D-1626-05","Primary Tumor","Illumina Human Methylation 450","TCGA-50-5936-01A-11R-1628-07","TCGA-50-5936-01A",TRUE,"PCD_C2"
"001efc28-eef7-4e3e-b8f9-79d9d5452274.methylation_array.sesame.level3betas.txt","c425a9e6-345b-47e0-a449-f4f9575a9b84","TCGA-50-5939","TCGA-50-5939-01A","TCGA-50-5939-01A-11D-1626-05","Primary Tumor","Illumina Human Methylation 450","TCGA-50-5939-01A-11R-1628-07","TCGA-50-5939-01A",TRUE,"PCD_C2"
"e9dc6a29-c281-41f6-9b2c-c3fa2f6442fb.methylation_array.sesame.level3betas.txt","68386483-e988-485a-a501-9bade5a95e1d","TCGA-50-5941","TCGA-50-5941-01A","TCGA-50-5941-01A-11D-1756-05","Primary Tumor","Illumina Human Methylation 450","TCGA-50-5941-01A-11R-1755-07","TCGA-50-5941-01A",TRUE,"PCD_C1"
"01c14807-9c41-4dea-863d-156625a6ba9a.methylation_array.sesame.level3betas.txt","350d5f3f-8f8f-4366-9e11-588cb067f276","TCGA-50-5942","TCGA-50-5942-01A","TCGA-50-5942-01A-21D-1756-05","Primary Tumor","Illumina Human Methylation 450","TCGA-50-5942-01A-21R-1755-07","TCGA-50-5942-01A",TRUE,"PCD_C1"
"c6e1e4bb-a61a-4cb3-ba9c-b7e0a7c9f094.methylation_array.sesame.level3betas.txt","592ae630-bcfd-462a-aa24-3f195411c1b1","TCGA-50-5944","TCGA-50-5944-01A","TCGA-50-5944-01A-11D-1756-05","Primary Tumor","Illumina Human Methylation 450","TCGA-50-5944-01A-11R-1755-07","TCGA-50-5944-01A",TRUE,"PCD_C1"
"a28ef980-22d9-4a58-a12b-21f3e7038a65.methylation_array.sesame.level3betas.txt","c61f6bd4-3f3d-4a58-8580-bb60d1786bab","TCGA-50-5946","TCGA-50-5946-01A","TCGA-50-5946-01A-11D-1756-05","Primary Tumor","Illumina Human Methylation 450","TCGA-50-5946-01A-11R-1755-07","TCGA-50-5946-01A",TRUE,"PCD_C1"
"3842c6ca-cbc6-4255-8434-1c056ed80ae3.methylation_array.sesame.level3betas.txt","2656960b-8f6a-473f-83c2-39509e95f2f5","TCGA-50-6590","TCGA-50-6590-01A","TCGA-50-6590-01A-12D-1856-05","Primary Tumor","Illumina Human Methylation 450","TCGA-50-6590-01A-12R-1858-07","TCGA-50-6590-01A",TRUE,"PCD_C1"
"55b57af8-90ff-4f08-9743-d9ec61103419.methylation_array.sesame.level3betas.txt","3378f382-da1e-46d2-8451-07a1b04d0c1e","TCGA-50-6591","TCGA-50-6591-01A","TCGA-50-6591-01A-11D-1756-05","Primary Tumor","Illumina Human Methylation 450","TCGA-50-6591-01A-11R-1755-07","TCGA-50-6591-01A",TRUE,"PCD_C1"
"f1770242-9175-4577-b1bc-f6cf47c9d009.methylation_array.sesame.level3betas.txt","ee90a767-c920-402c-95e3-e33b193be5a8","TCGA-50-6592","TCGA-50-6592-01A","TCGA-50-6592-01A-11D-1756-05","Primary Tumor","Illumina Human Methylation 450","TCGA-50-6592-01A-11R-1755-07","TCGA-50-6592-01A",TRUE,"PCD_C2"
"1e11780f-ffe7-4639-b4c6-748ffa303c6e.methylation_array.sesame.level3betas.txt","ac7c1811-dbf5-40a2-97de-18fe4d9fa6ab","TCGA-50-6593","TCGA-50-6593-01A","TCGA-50-6593-01A-11D-1756-05","Primary Tumor","Illumina Human Methylation 450","TCGA-50-6593-01A-11R-1755-07","TCGA-50-6593-01A",TRUE,"PCD_C1"
"b2850e1c-dcf5-42ae-92a4-8f81b4e4b87e.methylation_array.sesame.level3betas.txt","4371ff1c-3810-4669-bc38-93e10322cbfb","TCGA-50-6594","TCGA-50-6594-01A","TCGA-50-6594-01A-11D-1756-05","Primary Tumor","Illumina Human Methylation 450","TCGA-50-6594-01A-11R-1755-07","TCGA-50-6594-01A",TRUE,"PCD_C1"
"5ce7262d-a72d-4bad-a016-d067e3ba2d91.methylation_array.sesame.level3betas.txt","f888ded9-21bd-441f-bf16-4564889b7516","TCGA-50-6595","TCGA-50-6595-01A","TCGA-50-6595-01A-12D-1856-05","Primary Tumor","Illumina Human Methylation 450","TCGA-50-6595-01A-12R-1858-07","TCGA-50-6595-01A",TRUE,"PCD_C1"
"5c3aacfe-60a8-4eb4-89e9-96d255c9fd07.methylation_array.sesame.level3betas.txt","c661bf94-4c1b-431c-bc1f-9c84e7604ac8","TCGA-50-6597","TCGA-50-6597-01A","TCGA-50-6597-01A-11D-1856-05","Primary Tumor","Illumina Human Methylation 450","TCGA-50-6597-01A-11R-1858-07","TCGA-50-6597-01A",TRUE,"PCD_C1"
"8a43ed1d-b4f0-4998-bea0-c7375b7e56fb.methylation_array.sesame.level3betas.txt","6db46103-4c8f-4c80-a2e3-7a0fb59434a5","TCGA-50-6673","TCGA-50-6673-01A","TCGA-50-6673-01A-11D-1947-05","Primary Tumor","Illumina Human Methylation 450","TCGA-50-6673-01A-11R-1949-07","TCGA-50-6673-01A",TRUE,"PCD_C2"
"101f50d2-b447-43a3-93db-a9e4b4a517ac.methylation_array.sesame.level3betas.txt","928858e8-c73e-40f7-8dd5-0b1621333e6c","TCGA-50-7109","TCGA-50-7109-01A","TCGA-50-7109-01A-11D-2037-05","Primary Tumor","Illumina Human Methylation 450","TCGA-50-7109-01A-11R-2039-07","TCGA-50-7109-01A",TRUE,"PCD_C2"
"413eaee8-d2db-481b-b8b4-6aafec44cbe0.methylation_array.sesame.level3betas.txt","5ee18bcb-08da-402d-b95b-6b365c71d449","TCGA-50-8457","TCGA-50-8457-01A","TCGA-50-8457-01A-11D-2324-05","Primary Tumor","Illumina Human Methylation 450","TCGA-50-8457-01A-11R-2326-07","TCGA-50-8457-01A",TRUE,"PCD_C1"
"a4992c3e-487c-401f-aa54-66c72fd1b0c5.methylation_array.sesame.level3betas.txt","2d9f2bcc-d44a-4d89-9900-fceec6790df0","TCGA-50-8459","TCGA-50-8459-01A","TCGA-50-8459-01A-11D-2324-05","Primary Tumor","Illumina Human Methylation 450","TCGA-50-8459-01A-11R-2326-07","TCGA-50-8459-01A",TRUE,"PCD_C1"
"3069f3f4-3a96-4bf1-b20d-e4509200fe98.methylation_array.sesame.level3betas.txt","ad684b05-d880-4699-9a95-eef4b484e8cb","TCGA-50-8460","TCGA-50-8460-01A","TCGA-50-8460-01A-11D-2324-05","Primary Tumor","Illumina Human Methylation 450","TCGA-50-8460-01A-11R-2326-07","TCGA-50-8460-01A",TRUE,"PCD_C1"
"3cc09057-fb71-475f-802a-2ee2343d24bb.methylation_array.sesame.level3betas.txt","7bb06e86-923b-45d2-8a6c-981fbf818767","TCGA-53-7624","TCGA-53-7624-01A","TCGA-53-7624-01A-11D-2064-05","Primary Tumor","Illumina Human Methylation 450","TCGA-53-7624-01A-11R-2066-07","TCGA-53-7624-01A",TRUE,"PCD_C2"
"d867bcb9-451f-477f-be10-1812d9dab8df.methylation_array.sesame.level3betas.txt","134c2020-6036-4192-a47e-1be330445b49","TCGA-53-7626","TCGA-53-7626-01A","TCGA-53-7626-01A-12D-2064-05","Primary Tumor","Illumina Human Methylation 450","TCGA-53-7626-01A-12R-2066-07","TCGA-53-7626-01A",TRUE,"PCD_C1"
"6495ad4d-1237-4180-98e3-11d3e73bd05b.methylation_array.sesame.level3betas.txt","733ba3ef-1879-4dec-aa78-98491f43ec61","TCGA-53-7813","TCGA-53-7813-01A","TCGA-53-7813-01A-11D-2168-05","Primary Tumor","Illumina Human Methylation 450","TCGA-53-7813-01A-11R-2170-07","TCGA-53-7813-01A",TRUE,"PCD_C2"
"87bfc79a-92c3-401c-bf6b-5f6b76a16cce.methylation_array.sesame.level3betas.txt","6266df91-a92e-4cbb-af00-0b575c969ac0","TCGA-53-A4EZ","TCGA-53-A4EZ-01A","TCGA-53-A4EZ-01A-12D-A24U-05","Primary Tumor","Illumina Human Methylation 450","TCGA-53-A4EZ-01A-12R-A24X-07","TCGA-53-A4EZ-01A",TRUE,"PCD_C2"
"68d2eb3b-94bd-4abc-bdb6-8ad6d19890dc.methylation_array.sesame.level3betas.txt","f782aa2c-479b-491e-9d4f-57902ab2530a","TCGA-55-5899","TCGA-55-5899-01A","TCGA-55-5899-01A-11D-1626-05","Primary Tumor","Illumina Human Methylation 450","TCGA-55-5899-01A-11R-1628-07","TCGA-55-5899-01A",TRUE,"PCD_C2"
"3adf4d47-78a0-4f38-86d7-26cea5a7f8fd.methylation_array.sesame.level3betas.txt","3276026d-d3cd-410e-b949-d2fee8896dc5","TCGA-55-6543","TCGA-55-6543-01A","TCGA-55-6543-01A-11D-1756-05","Primary Tumor","Illumina Human Methylation 450","TCGA-55-6543-01A-11R-1755-07","TCGA-55-6543-01A",TRUE,"PCD_C1"
"a75c0087-533c-4449-b11c-74ece2ae9347.methylation_array.sesame.level3betas.txt","960df266-7560-4db2-936f-4135c73d3a6f","TCGA-55-6642","TCGA-55-6642-01A","TCGA-55-6642-01A-11D-1856-05","Primary Tumor","Illumina Human Methylation 450","TCGA-55-6642-01A-11R-1858-07","TCGA-55-6642-01A",TRUE,"PCD_C2"
"f52b9b9a-f1e0-40c0-aea6-5563e25d219e.methylation_array.sesame.level3betas.txt","9f30a452-7427-4d77-a342-9db4eefdfa6c","TCGA-55-6712","TCGA-55-6712-01A","TCGA-55-6712-01A-11D-1856-05","Primary Tumor","Illumina Human Methylation 450","TCGA-55-6712-01A-11R-1858-07","TCGA-55-6712-01A",TRUE,"PCD_C1"
"f4543d5f-c2de-4c88-a342-ec2f2eb7ac3d.methylation_array.sesame.level3betas.txt","f5eb5f84-eccd-4889-89dc-c0cf30fbf098","TCGA-55-6968","TCGA-55-6968-01A","TCGA-55-6968-01A-11D-1947-05","Primary Tumor","Illumina Human Methylation 450","TCGA-55-6968-01A-11R-1949-07","TCGA-55-6968-01A",TRUE,"PCD_C2"
"152d1a5b-3b6d-411c-b596-70a112366122.methylation_array.sesame.level3betas.txt","ba321132-35e2-4f17-a8b6-9c3e5067cae4","TCGA-55-6969","TCGA-55-6969-01A","TCGA-55-6969-01A-11D-1947-05","Primary Tumor","Illumina Human Methylation 450","TCGA-55-6969-01A-11R-1949-07","TCGA-55-6969-01A",TRUE,"PCD_C2"
"06265f48-0df0-4eee-aeeb-9144fb8da3f7.methylation_array.sesame.level3betas.txt","382ee0f9-03dd-48a0-85a7-1e8192e513ca","TCGA-55-6970","TCGA-55-6970-01A","TCGA-55-6970-01A-11D-1947-05","Primary Tumor","Illumina Human Methylation 450","TCGA-55-6970-01A-11R-1949-07","TCGA-55-6970-01A",TRUE,"PCD_C2"
"839155e1-38ea-4be7-a656-66f42b39eed0.methylation_array.sesame.level3betas.txt","dfae4022-04b4-4710-81a1-68c5ac5d98f0","TCGA-55-6971","TCGA-55-6971-01A","TCGA-55-6971-01A-11D-1947-05","Primary Tumor","Illumina Human Methylation 450","TCGA-55-6971-01A-11R-1949-07","TCGA-55-6971-01A",TRUE,"PCD_C1"
"7b572a63-4e49-4278-8161-971ba473801b.methylation_array.sesame.level3betas.txt","bbf5b792-52f3-4116-881d-a67543926250","TCGA-55-6972","TCGA-55-6972-01A","TCGA-55-6972-01A-11D-1947-05","Primary Tumor","Illumina Human Methylation 450","TCGA-55-6972-01A-11R-1949-07","TCGA-55-6972-01A",TRUE,"PCD_C2"
"b038a911-e931-469c-8380-6c58182d8dfe.methylation_array.sesame.level3betas.txt","c5c4fec0-8791-400f-abbd-68fa0e20d9aa","TCGA-55-6975","TCGA-55-6975-01A","TCGA-55-6975-01A-11D-1947-05","Primary Tumor","Illumina Human Methylation 450","TCGA-55-6975-01A-11R-1949-07","TCGA-55-6975-01A",TRUE,"PCD_C2"
"60295882-2636-44a0-abea-b351bedc387d.methylation_array.sesame.level3betas.txt","30253107-9860-43d3-97a5-e5b19bb2d5e3","TCGA-55-6978","TCGA-55-6978-01A","TCGA-55-6978-01A-11D-1947-05","Primary Tumor","Illumina Human Methylation 450","TCGA-55-6978-01A-11R-1949-07","TCGA-55-6978-01A",TRUE,"PCD_C1"
"ea77de23-8036-4273-9feb-f05ba91bd014.methylation_array.sesame.level3betas.txt","e23976ef-e9f4-4de5-9d4b-2ba7525e3bf3","TCGA-55-6979","TCGA-55-6979-01A","TCGA-55-6979-01A-11D-1947-05","Primary Tumor","Illumina Human Methylation 450","TCGA-55-6979-01A-11R-1949-07","TCGA-55-6979-01A",TRUE,"PCD_C1"
"3290e1e3-261e-4e80-8f82-fdd39e272d6e.methylation_array.sesame.level3betas.txt","b06f0f20-d553-4c34-b6c7-6b3081777464","TCGA-55-6980","TCGA-55-6980-01A","TCGA-55-6980-01A-11D-1947-05","Primary Tumor","Illumina Human Methylation 450","TCGA-55-6980-01A-11R-1949-07","TCGA-55-6980-01A",TRUE,"PCD_C1"
"8ef75cb3-7c03-4d4b-a6b8-cad81245657b.methylation_array.sesame.level3betas.txt","b92b3124-331c-4fef-b43e-420d365278e5","TCGA-55-6981","TCGA-55-6981-01A","TCGA-55-6981-01A-11D-1947-05","Primary Tumor","Illumina Human Methylation 450","TCGA-55-6981-01A-11R-1949-07","TCGA-55-6981-01A",TRUE,"PCD_C2"
"54abeafe-df97-465a-96ad-1cf2ecf83124.methylation_array.sesame.level3betas.txt","776b73ea-761c-40b0-9a8c-246f488d8691","TCGA-55-6982","TCGA-55-6982-01A","TCGA-55-6982-01A-11D-1947-05","Primary Tumor","Illumina Human Methylation 450","TCGA-55-6982-01A-11R-1949-07","TCGA-55-6982-01A",TRUE,"PCD_C1"
"f2f75442-737d-40ea-af89-5c9ff99fc081.methylation_array.sesame.level3betas.txt","b918335b-f377-41d8-be7f-a906d04831f0","TCGA-55-6983","TCGA-55-6983-01A","TCGA-55-6983-01A-11D-1947-05","Primary Tumor","Illumina Human Methylation 450","TCGA-55-6983-01A-11R-1949-07","TCGA-55-6983-01A",TRUE,"PCD_C2"
"e5d651fc-e2b7-47e8-be8c-5f22314356b0.methylation_array.sesame.level3betas.txt","af3d5a78-b972-41c7-95a4-392f69fb7d7a","TCGA-55-6984","TCGA-55-6984-01A","TCGA-55-6984-01A-11D-1947-05","Primary Tumor","Illumina Human Methylation 450","TCGA-55-6984-01A-11R-1949-07","TCGA-55-6984-01A",TRUE,"PCD_C2"
"adda282d-c39e-4870-918d-b0c4eadbe84e.methylation_array.sesame.level3betas.txt","0913aa72-3042-476c-ae5a-5cac64b96a43","TCGA-55-6985","TCGA-55-6985-01A","TCGA-55-6985-01A-11D-1947-05","Primary Tumor","Illumina Human Methylation 450","TCGA-55-6985-01A-11R-1949-07","TCGA-55-6985-01A",TRUE,"PCD_C1"
"22becbe6-8c21-40fb-ae14-0eb28a42d0aa.methylation_array.sesame.level3betas.txt","abc2a4aa-95a4-42bf-9b69-dd539e3e5f82","TCGA-55-6986","TCGA-55-6986-01A","TCGA-55-6986-01A-11D-1947-05","Primary Tumor","Illumina Human Methylation 450","TCGA-55-6986-01A-11R-1949-07","TCGA-55-6986-01A",TRUE,"PCD_C1"
"59ded356-91a9-45d8-b2c8-c44f797c725f.methylation_array.sesame.level3betas.txt","4f8e99f9-a32a-4ab9-8f71-642d5db85fe9","TCGA-55-6987","TCGA-55-6987-01A","TCGA-55-6987-01A-11D-1947-05","Primary Tumor","Illumina Human Methylation 450","TCGA-55-6987-01A-11R-1949-07","TCGA-55-6987-01A",TRUE,"PCD_C1"
"25214251-7f00-4670-b2ad-093f9478197c.methylation_array.sesame.level3betas.txt","efa386bb-8ee4-4ddd-b1ee-c8cafc6c9c52","TCGA-55-7227","TCGA-55-7227-01A","TCGA-55-7227-01A-11D-2037-05","Primary Tumor","Illumina Human Methylation 450","TCGA-55-7227-01A-11R-2039-07","TCGA-55-7227-01A",TRUE,"PCD_C1"
"e69785ce-b386-4f91-9192-91383ef57dba.methylation_array.sesame.level3betas.txt","35996aea-8faa-479c-ae18-5d723c80921d","TCGA-55-7281","TCGA-55-7281-01A","TCGA-55-7281-01A-11D-2037-05","Primary Tumor","Illumina Human Methylation 450","TCGA-55-7281-01A-11R-2039-07","TCGA-55-7281-01A",TRUE,"PCD_C1"
"bf028572-783d-4ce6-8f7c-8c9c7ac6d33a.methylation_array.sesame.level3betas.txt","1b25bc22-3fc9-4f08-ab58-368b2b62b176","TCGA-55-7283","TCGA-55-7283-01A","TCGA-55-7283-01A-11D-2037-05","Primary Tumor","Illumina Human Methylation 450","TCGA-55-7283-01A-11R-2039-07","TCGA-55-7283-01A",TRUE,"PCD_C1"
"68ca8547-31f5-4b52-9e20-fb6e791c4f7e.methylation_array.sesame.level3betas.txt","eb55df92-ecb3-4cd6-ad0f-716a229255c5","TCGA-55-7284","TCGA-55-7284-01B","TCGA-55-7284-01B-11D-2239-05","Primary Tumor","Illumina Human Methylation 450","TCGA-55-7284-01B-11R-2241-07","TCGA-55-7284-01B",TRUE,"PCD_C1"
"c7f3b5c1-dc4e-4751-8c6b-fd7105b2507a.methylation_array.sesame.level3betas.txt","a3ba3301-4364-47be-806b-a923175c8669","TCGA-55-7570","TCGA-55-7570-01A","TCGA-55-7570-01A-11D-2037-05","Primary Tumor","Illumina Human Methylation 450","TCGA-55-7570-01A-11R-2039-07","TCGA-55-7570-01A",TRUE,"PCD_C2"
"6fd3fc42-ef21-4111-939c-873b688674f4.methylation_array.sesame.level3betas.txt","44ce81af-84a9-4287-89db-cac043d46715","TCGA-55-7573","TCGA-55-7573-01A","TCGA-55-7573-01A-11D-2037-05","Primary Tumor","Illumina Human Methylation 450","TCGA-55-7573-01A-11R-2039-07","TCGA-55-7573-01A",TRUE,"PCD_C1"
"0f8c4c8c-414d-4c23-97c0-9442d33fd1c9.methylation_array.sesame.level3betas.txt","04e13d09-b1b4-4bff-a06b-b30106322bb3","TCGA-55-7574","TCGA-55-7574-01A","TCGA-55-7574-01A-11D-2037-05","Primary Tumor","Illumina Human Methylation 450","TCGA-55-7574-01A-11R-2039-07","TCGA-55-7574-01A",TRUE,"PCD_C1"
"3bde8891-afff-48b3-8a57-675ddef2d30c.methylation_array.sesame.level3betas.txt","f60f1bdf-26cf-45b0-9052-f2b1dc9deb04","TCGA-55-7576","TCGA-55-7576-01A","TCGA-55-7576-01A-11D-2064-05","Primary Tumor","Illumina Human Methylation 450","TCGA-55-7576-01A-11R-2066-07","TCGA-55-7576-01A",TRUE,"PCD_C1"
"653bf83e-fd57-4946-88bb-3d4c6599286e.methylation_array.sesame.level3betas.txt","7b364375-01ab-4f56-8ce5-b90432835d40","TCGA-55-7724","TCGA-55-7724-01A","TCGA-55-7724-01A-11D-2168-05","Primary Tumor","Illumina Human Methylation 450","TCGA-55-7724-01A-11R-2170-07","TCGA-55-7724-01A",TRUE,"PCD_C2"
"602a1d0d-bf24-42b2-a36b-1ec782ef8058.methylation_array.sesame.level3betas.txt","cdb2e874-1a1e-4dd9-8c31-224902903e13","TCGA-55-7725","TCGA-55-7725-01A","TCGA-55-7725-01A-11D-2168-05","Primary Tumor","Illumina Human Methylation 450","TCGA-55-7725-01A-11R-2170-07","TCGA-55-7725-01A",TRUE,"PCD_C1"
"6783a8bc-8dfb-46be-9738-bb6e1dd468d2.methylation_array.sesame.level3betas.txt","65bcd707-c301-469f-a2f1-1faa097795b8","TCGA-55-7726","TCGA-55-7726-01A","TCGA-55-7726-01A-11D-2168-05","Primary Tumor","Illumina Human Methylation 450","TCGA-55-7726-01A-11R-2170-07","TCGA-55-7726-01A",TRUE,"PCD_C2"
"fb46eff2-33da-4061-bcd9-9b13508bbce8.methylation_array.sesame.level3betas.txt","22ce762e-783e-455a-bb04-fa95a0c4b1d2","TCGA-55-7727","TCGA-55-7727-01A","TCGA-55-7727-01A-11D-2168-05","Primary Tumor","Illumina Human Methylation 450","TCGA-55-7727-01A-11R-2170-07","TCGA-55-7727-01A",TRUE,"PCD_C1"
"6b4752c5-376d-4869-9e4c-697c1fedaba3.methylation_array.sesame.level3betas.txt","8e87cfa9-5b0d-4f1b-b826-fd177f4a6c40","TCGA-55-7728","TCGA-55-7728-01A","TCGA-55-7728-01A-11D-2185-05","Primary Tumor","Illumina Human Methylation 450","TCGA-55-7728-01A-11R-2187-07","TCGA-55-7728-01A",TRUE,"PCD_C1"
"cb68d7a8-f5ce-4d46-984f-7bd09a4e7a91.methylation_array.sesame.level3betas.txt","a26dc0d7-7c7d-4940-8d32-4b5c1effc53e","TCGA-55-7815","TCGA-55-7815-01A","TCGA-55-7815-01A-11D-2168-05","Primary Tumor","Illumina Human Methylation 450","TCGA-55-7815-01A-11R-2170-07","TCGA-55-7815-01A",TRUE,"PCD_C1"
"1136f1bd-75d7-49bf-abec-4782150efba8.methylation_array.sesame.level3betas.txt","828a3f48-e6d5-4672-b492-570289805f22","TCGA-55-7816","TCGA-55-7816-01A","TCGA-55-7816-01A-11D-2168-05","Primary Tumor","Illumina Human Methylation 450","TCGA-55-7816-01A-11R-2170-07","TCGA-55-7816-01A",TRUE,"PCD_C1"
"c7209ad2-1693-4133-a70b-f047deb12bca.methylation_array.sesame.level3betas.txt","d912d421-44ed-46a8-9b39-7ceb8fc697ac","TCGA-55-7903","TCGA-55-7903-01A","TCGA-55-7903-01A-11D-2168-05","Primary Tumor","Illumina Human Methylation 450","TCGA-55-7903-01A-11R-2170-07","TCGA-55-7903-01A",TRUE,"PCD_C1"
"b7a431d1-1218-4385-886b-29e74605381c.methylation_array.sesame.level3betas.txt","2e172f0b-7992-42ba-8349-b65fa12b6126","TCGA-55-7907","TCGA-55-7907-01A","TCGA-55-7907-01A-11D-2168-05","Primary Tumor","Illumina Human Methylation 450","TCGA-55-7907-01A-11R-2170-07","TCGA-55-7907-01A",TRUE,"PCD_C2"
"429d0310-b057-44f6-82db-e60be79a5689.methylation_array.sesame.level3betas.txt","50529755-4486-4a13-98e2-7d9d584ea1d9","TCGA-55-7910","TCGA-55-7910-01A","TCGA-55-7910-01A-11D-2168-05","Primary Tumor","Illumina Human Methylation 450","TCGA-55-7910-01A-11R-2170-07","TCGA-55-7910-01A",TRUE,"PCD_C2"
"1c6d4890-5d48-4372-b14c-b58c0fe526ba.methylation_array.sesame.level3betas.txt","3f54bfca-959f-4f90-93c9-f1690699d9fc","TCGA-55-7911","TCGA-55-7911-01A","TCGA-55-7911-01A-11D-2168-05","Primary Tumor","Illumina Human Methylation 450","TCGA-55-7911-01A-11R-2170-07","TCGA-55-7911-01A",TRUE,"PCD_C1"
"f72dfbb7-105b-4a8f-a5e6-d18732b14f3c.methylation_array.sesame.level3betas.txt","0545a597-63b3-49b1-bd3b-781c4507acd2","TCGA-55-7913","TCGA-55-7913-01B","TCGA-55-7913-01B-11D-2239-05","Primary Tumor","Illumina Human Methylation 450","TCGA-55-7913-01B-11R-2241-07","TCGA-55-7913-01B",TRUE,"PCD_C2"
"03923c8e-5aa1-46ec-bbdc-d279041cc5f2.methylation_array.sesame.level3betas.txt","e80908d4-faf0-4252-9b65-9b388936b2a5","TCGA-55-7914","TCGA-55-7914-01A","TCGA-55-7914-01A-11D-2168-05","Primary Tumor","Illumina Human Methylation 450","TCGA-55-7914-01A-11R-2170-07","TCGA-55-7914-01A",TRUE,"PCD_C1"
"a6914e4d-52f5-45eb-97d3-2318958cf8af.methylation_array.sesame.level3betas.txt","57e07e6a-4aa7-470e-a034-bef2c2d3652d","TCGA-55-7994","TCGA-55-7994-01A","TCGA-55-7994-01A-11D-2185-05","Primary Tumor","Illumina Human Methylation 450","TCGA-55-7994-01A-11R-2187-07","TCGA-55-7994-01A",TRUE,"PCD_C1"
"a9d5eda4-b86a-42bc-b32f-c2d5cc4f38fe.methylation_array.sesame.level3betas.txt","ada7caf4-d45f-4bcc-8eb1-bd247d1222f4","TCGA-55-7995","TCGA-55-7995-01A","TCGA-55-7995-01A-11D-2185-05","Primary Tumor","Illumina Human Methylation 450","TCGA-55-7995-01A-11R-2187-07","TCGA-55-7995-01A",TRUE,"PCD_C2"
"e6df83b3-e9e9-4a0c-8a5c-9fc7f8dca53b.methylation_array.sesame.level3betas.txt","a2e812ab-393e-45aa-82cc-948ac8f8f70c","TCGA-55-8085","TCGA-55-8085-01A","TCGA-55-8085-01A-11D-2239-05","Primary Tumor","Illumina Human Methylation 450","TCGA-55-8085-01A-11R-2241-07","TCGA-55-8085-01A",TRUE,"PCD_C2"
"74cb0974-4ae9-4a3e-b427-53702307beca.methylation_array.sesame.level3betas.txt","d6b1b019-ca00-42cd-aebf-3e137e5f4adf","TCGA-55-8087","TCGA-55-8087-01A","TCGA-55-8087-01A-11D-2239-05","Primary Tumor","Illumina Human Methylation 450","TCGA-55-8087-01A-11R-2241-07","TCGA-55-8087-01A",TRUE,"PCD_C1"
"65a3c8f3-0fa0-4db6-9d93-1611f8351845.methylation_array.sesame.level3betas.txt","309f2a01-dbbd-42dd-87ac-bfd688fda6d4","TCGA-55-8089","TCGA-55-8089-01A","TCGA-55-8089-01A-11D-2239-05","Primary Tumor","Illumina Human Methylation 450","TCGA-55-8089-01A-11R-2241-07","TCGA-55-8089-01A",TRUE,"PCD_C2"
"1ddc7fd3-a8c9-4122-8c93-f9909939be58.methylation_array.sesame.level3betas.txt","8cd4629e-c9ec-4168-9e2f-24a8822deeae","TCGA-55-8090","TCGA-55-8090-01A","TCGA-55-8090-01A-11D-2239-05","Primary Tumor","Illumina Human Methylation 450","TCGA-55-8090-01A-11R-2241-07","TCGA-55-8090-01A",TRUE,"PCD_C1"
"f685f3ac-2a8b-4075-8730-0dfee1cdba12.methylation_array.sesame.level3betas.txt","04f5172a-86c4-47fc-b553-d465adbeb9af","TCGA-55-8091","TCGA-55-8091-01A","TCGA-55-8091-01A-11D-2239-05","Primary Tumor","Illumina Human Methylation 450","TCGA-55-8091-01A-11R-2241-07","TCGA-55-8091-01A",TRUE,"PCD_C1"
"61e28f79-a54f-4c04-aed8-80dfcebb78cf.methylation_array.sesame.level3betas.txt","bbebc7e7-a2ee-4fdd-a100-e19b05095594","TCGA-55-8092","TCGA-55-8092-01A","TCGA-55-8092-01A-11D-2239-05","Primary Tumor","Illumina Human Methylation 450","TCGA-55-8092-01A-11R-2241-07","TCGA-55-8092-01A",TRUE,"PCD_C2"
"cb131cbf-f395-462f-91ed-ff7a82923359.methylation_array.sesame.level3betas.txt","fd6cdb37-c7d5-485f-b2db-57362cdc9a7a","TCGA-55-8094","TCGA-55-8094-01A","TCGA-55-8094-01A-11D-2239-05","Primary Tumor","Illumina Human Methylation 450","TCGA-55-8094-01A-11R-2241-07","TCGA-55-8094-01A",TRUE,"PCD_C2"
"47e349a0-672d-42ef-8397-c0472edd4942.methylation_array.sesame.level3betas.txt","84528f8b-1829-4ea1-9abf-ae1bbf70b45e","TCGA-55-8096","TCGA-55-8096-01A","TCGA-55-8096-01A-11D-2239-05","Primary Tumor","Illumina Human Methylation 450","TCGA-55-8096-01A-11R-2241-07","TCGA-55-8096-01A",TRUE,"PCD_C1"
"df608514-7b26-49ad-bb2f-ded0de4cce30.methylation_array.sesame.level3betas.txt","b0bedc50-f192-4fde-a2d6-2a4696e0408e","TCGA-55-8097","TCGA-55-8097-01A","TCGA-55-8097-01A-11D-2239-05","Primary Tumor","Illumina Human Methylation 450","TCGA-55-8097-01A-11R-2241-07","TCGA-55-8097-01A",TRUE,"PCD_C1"
"ae0f2833-4082-4b82-adae-da1f48dfde7d.methylation_array.sesame.level3betas.txt","d1083c73-7bf0-49cf-8f5a-8bb546b5ca8a","TCGA-55-8203","TCGA-55-8203-01A","TCGA-55-8203-01A-11D-2239-05","Primary Tumor","Illumina Human Methylation 450","TCGA-55-8203-01A-11R-2241-07","TCGA-55-8203-01A",TRUE,"PCD_C2"
"1bfeadb5-7507-4d99-bb33-71816275accc.methylation_array.sesame.level3betas.txt","b2f56684-e2df-4182-88a6-a1571e3e2030","TCGA-55-8204","TCGA-55-8204-01A","TCGA-55-8204-01A-11D-2239-05","Primary Tumor","Illumina Human Methylation 450","TCGA-55-8204-01A-11R-2241-07","TCGA-55-8204-01A",TRUE,"PCD_C2"
"beea8c54-3638-48c2-b1ad-a395e3f960d3.methylation_array.sesame.level3betas.txt","5c4993ce-5eb2-47d7-8de0-95cb0fb922ee","TCGA-55-8205","TCGA-55-8205-01A","TCGA-55-8205-01A-11D-2239-05","Primary Tumor","Illumina Human Methylation 450","TCGA-55-8205-01A-11R-2241-07","TCGA-55-8205-01A",TRUE,"PCD_C1"
"2f7eb5ec-7aea-497f-a31f-3548b38b87b5.methylation_array.sesame.level3betas.txt","8767fbd1-a53f-4899-953b-f1fc247ec1dc","TCGA-55-8206","TCGA-55-8206-01A","TCGA-55-8206-01A-11D-2239-05","Primary Tumor","Illumina Human Methylation 450","TCGA-55-8206-01A-11R-2241-07","TCGA-55-8206-01A",TRUE,"PCD_C1"
"1340fcd8-c3e9-4729-a05c-680c0dff851c.methylation_array.sesame.level3betas.txt","1e399851-bf1b-468f-a560-cd643e88c155","TCGA-55-8207","TCGA-55-8207-01A","TCGA-55-8207-01A-11D-2239-05","Primary Tumor","Illumina Human Methylation 450","TCGA-55-8207-01A-11R-2241-07","TCGA-55-8207-01A",TRUE,"PCD_C1"
"d3e305f3-194e-4cd6-967d-3f585dd68541.methylation_array.sesame.level3betas.txt","6c986318-707c-489e-87af-1e0d08e3294c","TCGA-55-8208","TCGA-55-8208-01A","TCGA-55-8208-01A-11D-2239-05","Primary Tumor","Illumina Human Methylation 450","TCGA-55-8208-01A-11R-2241-07","TCGA-55-8208-01A",TRUE,"PCD_C2"
"8a34da55-5b86-4c17-b9a9-097b3252eb64.methylation_array.sesame.level3betas.txt","43b958a1-d856-4123-85ec-8740995c2a99","TCGA-55-8299","TCGA-55-8299-01A","TCGA-55-8299-01A-11D-2285-05","Primary Tumor","Illumina Human Methylation 450","TCGA-55-8299-01A-11R-2287-07","TCGA-55-8299-01A",TRUE,"PCD_C1"
"f042968a-e711-4daf-b26c-036c45b49f51.methylation_array.sesame.level3betas.txt","f8582f43-9295-46a1-a180-99aff776dedd","TCGA-55-8301","TCGA-55-8301-01A","TCGA-55-8301-01A-11D-2285-05","Primary Tumor","Illumina Human Methylation 450","TCGA-55-8301-01A-11R-2287-07","TCGA-55-8301-01A",TRUE,"PCD_C2"
"b7818e48-5943-4268-84aa-9d08776b95b4.methylation_array.sesame.level3betas.txt","0968ba09-3f57-400f-bb30-def45e6ae860","TCGA-55-8302","TCGA-55-8302-01A","TCGA-55-8302-01A-11D-2324-05","Primary Tumor","Illumina Human Methylation 450","TCGA-55-8302-01A-11R-2326-07","TCGA-55-8302-01A",TRUE,"PCD_C2"
"7a682ebf-cd19-47ef-adc3-38ba36001e99.methylation_array.sesame.level3betas.txt","4bfde15f-2584-40f3-be82-3b7cc8ee53a8","TCGA-55-8505","TCGA-55-8505-01A","TCGA-55-8505-01A-11D-2398-05","Primary Tumor","Illumina Human Methylation 450","TCGA-55-8505-01A-11R-2403-07","TCGA-55-8505-01A",TRUE,"PCD_C2"
"ec026de4-cdcb-4e0e-b2f1-fe4e3fecf0fd.methylation_array.sesame.level3betas.txt","7b26e197-cb01-493f-a485-bcced6628ac5","TCGA-55-8506","TCGA-55-8506-01A","TCGA-55-8506-01A-11D-2398-05","Primary Tumor","Illumina Human Methylation 450","TCGA-55-8506-01A-11R-2403-07","TCGA-55-8506-01A",TRUE,"PCD_C1"
"78bc3ae7-f04d-4ad7-a8a8-f27398e8cdec.methylation_array.sesame.level3betas.txt","9bb253a9-4f01-4633-9d73-a934b5e33c81","TCGA-55-8507","TCGA-55-8507-01A","TCGA-55-8507-01A-11D-2398-05","Primary Tumor","Illumina Human Methylation 450","TCGA-55-8507-01A-11R-2403-07","TCGA-55-8507-01A",TRUE,"PCD_C2"
"acd1c0ea-1c9b-495e-ad5d-9784561d2cf8.methylation_array.sesame.level3betas.txt","ac1b3490-b748-4aed-bc57-74c572251952","TCGA-55-8508","TCGA-55-8508-01A","TCGA-55-8508-01A-11D-2398-05","Primary Tumor","Illumina Human Methylation 450","TCGA-55-8508-01A-11R-2403-07","TCGA-55-8508-01A",TRUE,"PCD_C2"
"ad7c18ca-e7f8-4e0c-9cd4-8ed6421dc54c.methylation_array.sesame.level3betas.txt","d641f087-3eef-4a02-add6-15fd1bcbcaf3","TCGA-55-8510","TCGA-55-8510-01A","TCGA-55-8510-01A-11D-2398-05","Primary Tumor","Illumina Human Methylation 450","TCGA-55-8510-01A-11R-2403-07","TCGA-55-8510-01A",TRUE,"PCD_C2"
"40795d8c-ed2f-4020-8291-1273253f0645.methylation_array.sesame.level3betas.txt","5fa05f88-7da5-46cc-aac3-db8a6766f598","TCGA-55-8511","TCGA-55-8511-01A","TCGA-55-8511-01A-11D-2398-05","Primary Tumor","Illumina Human Methylation 450","TCGA-55-8511-01A-11R-2403-07","TCGA-55-8511-01A",TRUE,"PCD_C1"
"e79afe4a-d19b-4d11-8c08-ebcebb962d9c.methylation_array.sesame.level3betas.txt","034ddf29-0552-44b9-97b4-b9a9a38b6ca0","TCGA-55-8512","TCGA-55-8512-01A","TCGA-55-8512-01A-11D-2398-05","Primary Tumor","Illumina Human Methylation 450","TCGA-55-8512-01A-11R-2403-07","TCGA-55-8512-01A",TRUE,"PCD_C2"
"422f5cda-a7a1-42e9-8f76-7e8b2212786d.methylation_array.sesame.level3betas.txt","799dea03-d322-4b58-b2c6-106c211d63f6","TCGA-55-8513","TCGA-55-8513-01A","TCGA-55-8513-01A-11D-2398-05","Primary Tumor","Illumina Human Methylation 450","TCGA-55-8513-01A-11R-2403-07","TCGA-55-8513-01A",TRUE,"PCD_C1"
"8d564615-8bab-4f73-92c6-80b46f502b09.methylation_array.sesame.level3betas.txt","a38fef4e-8a25-431f-98c0-372ecc3a996c","TCGA-55-8514","TCGA-55-8514-01A","TCGA-55-8514-01A-11D-2398-05","Primary Tumor","Illumina Human Methylation 450","TCGA-55-8514-01A-11R-2403-07","TCGA-55-8514-01A",TRUE,"PCD_C2"
"8fa4cdef-839a-4fc3-a901-b7908992cd71.methylation_array.sesame.level3betas.txt","282d4112-95df-47a4-9242-fc4967b78962","TCGA-55-8614","TCGA-55-8614-01A","TCGA-55-8614-01A-11D-2398-05","Primary Tumor","Illumina Human Methylation 450","TCGA-55-8614-01A-11R-2403-07","TCGA-55-8614-01A",TRUE,"PCD_C2"
"c73e65c5-5f95-4baf-8899-f4d52cc003c1.methylation_array.sesame.level3betas.txt","d51ec44a-29e6-424f-977a-515e4a8dd25e","TCGA-55-8615","TCGA-55-8615-01A","TCGA-55-8615-01A-11D-2398-05","Primary Tumor","Illumina Human Methylation 450","TCGA-55-8615-01A-11R-2403-07","TCGA-55-8615-01A",TRUE,"PCD_C2"
"b8f3ca69-03e4-4fff-95b2-375bce3b611c.methylation_array.sesame.level3betas.txt","3bb26043-9829-45af-baf0-8158a279ff2d","TCGA-55-8616","TCGA-55-8616-01A","TCGA-55-8616-01A-11D-2398-05","Primary Tumor","Illumina Human Methylation 450","TCGA-55-8616-01A-11R-2403-07","TCGA-55-8616-01A",TRUE,"PCD_C1"
"1f049f5d-3a9b-4f8d-8f48-99954481c5dd.methylation_array.sesame.level3betas.txt","fcabcdca-c9bc-4127-a7d6-e91a66bab3de","TCGA-55-8619","TCGA-55-8619-01A","TCGA-55-8619-01A-11D-2398-05","Primary Tumor","Illumina Human Methylation 450","TCGA-55-8619-01A-11R-2403-07","TCGA-55-8619-01A",TRUE,"PCD_C1"
"86b7e055-e61c-4671-83a2-8ab775dee599.methylation_array.sesame.level3betas.txt","488d0307-a23e-473f-81c9-8cc019c2e81d","TCGA-55-8620","TCGA-55-8620-01A","TCGA-55-8620-01A-11D-2398-05","Primary Tumor","Illumina Human Methylation 450","TCGA-55-8620-01A-11R-2403-07","TCGA-55-8620-01A",TRUE,"PCD_C2"
"ff33d9dd-eefa-42b0-9160-f4f0138a793e.methylation_array.sesame.level3betas.txt","533b6356-becd-4033-8ff7-cc8e2a50e350","TCGA-55-8621","TCGA-55-8621-01A","TCGA-55-8621-01A-11D-2398-05","Primary Tumor","Illumina Human Methylation 450","TCGA-55-8621-01A-11R-2403-07","TCGA-55-8621-01A",TRUE,"PCD_C1"
"c8399e58-3bde-4988-b804-ccdfae7c7327.methylation_array.sesame.level3betas.txt","faea0407-fa80-4561-b5d5-8bd9a8312c19","TCGA-55-A48X","TCGA-55-A48X-01A","TCGA-55-A48X-01A-11D-A24I-05","Primary Tumor","Illumina Human Methylation 450","TCGA-55-A48X-01A-11R-A24H-07","TCGA-55-A48X-01A",TRUE,"PCD_C2"
"fde10734-68d0-47f9-a184-ec2837138c6c.methylation_array.sesame.level3betas.txt","4fcc8434-2b4d-4687-8a5b-9f3289a8f8e4","TCGA-55-A48Y","TCGA-55-A48Y-01A","TCGA-55-A48Y-01A-11D-A24I-05","Primary Tumor","Illumina Human Methylation 450","TCGA-55-A48Y-01A-11R-A24H-07","TCGA-55-A48Y-01A",TRUE,"PCD_C2"
"f393eb69-7017-4b72-85b8-b258f4dc071a.methylation_array.sesame.level3betas.txt","cb99c929-7546-4ebc-908a-9da1f76b6615","TCGA-55-A48Z","TCGA-55-A48Z-01A","TCGA-55-A48Z-01A-12D-A24U-05","Primary Tumor","Illumina Human Methylation 450","TCGA-55-A48Z-01A-12R-A24X-07","TCGA-55-A48Z-01A",TRUE,"PCD_C2"
"820c136b-a314-4bdb-9ebe-33181bd65aac.methylation_array.sesame.level3betas.txt","65ce01b5-6057-4292-9b66-6d0c0f261907","TCGA-55-A490","TCGA-55-A490-01A","TCGA-55-A490-01A-11D-A24I-05","Primary Tumor","Illumina Human Methylation 450","TCGA-55-A490-01A-11R-A466-07","TCGA-55-A490-01A",TRUE,"PCD_C1"
"d2b2c8d0-e1e0-4b69-aa53-207f0db6d471.methylation_array.sesame.level3betas.txt","29989738-5991-449f-9ac4-a24ba19b9e72","TCGA-55-A491","TCGA-55-A491-01A","TCGA-55-A491-01A-11D-A24I-05","Primary Tumor","Illumina Human Methylation 450","TCGA-55-A491-01A-11R-A24H-07","TCGA-55-A491-01A",TRUE,"PCD_C2"
"83669722-994b-4a75-8bc4-c43e15460d48.methylation_array.sesame.level3betas.txt","ff28d174-dc2b-4fd8-a1bc-886edc90669f","TCGA-55-A492","TCGA-55-A492-01A","TCGA-55-A492-01A-11D-A24I-05","Primary Tumor","Illumina Human Methylation 450","TCGA-55-A492-01A-11R-A24H-07","TCGA-55-A492-01A",TRUE,"PCD_C2"
"5df6f4aa-ec7a-4d00-8f31-83fd938105ba.methylation_array.sesame.level3betas.txt","414a6798-a32b-4d9b-90d8-e85552181921","TCGA-55-A493","TCGA-55-A493-01A","TCGA-55-A493-01A-11D-A24I-05","Primary Tumor","Illumina Human Methylation 450","TCGA-55-A493-01A-11R-A24H-07","TCGA-55-A493-01A",TRUE,"PCD_C1"
"5ab0a981-f08a-4e96-9f52-14abcdd0b540.methylation_array.sesame.level3betas.txt","8fcf517c-b58d-47f3-aa37-844c5b8ae6ad","TCGA-55-A494","TCGA-55-A494-01A","TCGA-55-A494-01A-11D-A24U-05","Primary Tumor","Illumina Human Methylation 450","TCGA-55-A494-01A-11R-A24X-07","TCGA-55-A494-01A",TRUE,"PCD_C2"
"e4acede6-5ddb-45f1-95f5-03375928323f.methylation_array.sesame.level3betas.txt","677e9730-3d25-4d95-8a5d-d9b8b7b05d15","TCGA-55-A4DF","TCGA-55-A4DF-01A","TCGA-55-A4DF-01A-11D-A24I-05","Primary Tumor","Illumina Human Methylation 450","TCGA-55-A4DF-01A-11R-A24H-07","TCGA-55-A4DF-01A",TRUE,"PCD_C2"
"95ad4734-8a65-48c0-88b7-5a2bb3a7e2d3.methylation_array.sesame.level3betas.txt","11ee1fd4-24ae-41e1-a008-4b046b936d0d","TCGA-55-A4DG","TCGA-55-A4DG-01A","TCGA-55-A4DG-01A-11D-A24I-05","Primary Tumor","Illumina Human Methylation 450","TCGA-55-A4DG-01A-11R-A24H-07","TCGA-55-A4DG-01A",TRUE,"PCD_C1"
"eae0944c-2c04-43d0-9561-b241221ffe9e.methylation_array.sesame.level3betas.txt","9559bba3-1654-4f1e-8913-48e26bc11955","TCGA-55-A57B","TCGA-55-A57B-01A","TCGA-55-A57B-01A-12D-A398-05","Primary Tumor","Illumina Human Methylation 450","TCGA-55-A57B-01A-12R-A39D-07","TCGA-55-A57B-01A",TRUE,"PCD_C1"
"13ae21cb-a81b-4794-9cde-0375a276fffa.methylation_array.sesame.level3betas.txt","09d18aee-6853-4254-9024-45ba7aa7b111","TCGA-62-8394","TCGA-62-8394-01A","TCGA-62-8394-01A-11D-2324-05","Primary Tumor","Illumina Human Methylation 450","TCGA-62-8394-01A-11R-2326-07","TCGA-62-8394-01A",TRUE,"PCD_C2"
"ad25c2a9-321f-4d70-8f64-5493d951261b.methylation_array.sesame.level3betas.txt","33676ff5-8b4c-4b69-a619-073416300d94","TCGA-62-8395","TCGA-62-8395-01A","TCGA-62-8395-01A-11D-2324-05","Primary Tumor","Illumina Human Methylation 450","TCGA-62-8395-01A-11R-2326-07","TCGA-62-8395-01A",TRUE,"PCD_C2"
"639097ee-9965-42ba-bbdb-d385d2f91fbe.methylation_array.sesame.level3betas.txt","02c085f9-c641-427c-9cb6-51720e3f4a3e","TCGA-62-8397","TCGA-62-8397-01A","TCGA-62-8397-01A-11D-2324-05","Primary Tumor","Illumina Human Methylation 450","TCGA-62-8397-01A-11R-2326-07","TCGA-62-8397-01A",TRUE,"PCD_C1"
"84046efd-7e9e-497b-be99-0a551fc1ce67.methylation_array.sesame.level3betas.txt","d47fbff6-6390-4393-ac49-033ddbfd899b","TCGA-62-8398","TCGA-62-8398-01A","TCGA-62-8398-01A-11D-2324-05","Primary Tumor","Illumina Human Methylation 450","TCGA-62-8398-01A-11R-2326-07","TCGA-62-8398-01A",TRUE,"PCD_C2"
"593c3959-c499-41ff-90d5-444b32d92c70.methylation_array.sesame.level3betas.txt","b1f8cdd8-3952-427a-bf6c-fcd83637105e","TCGA-62-8399","TCGA-62-8399-01A","TCGA-62-8399-01A-21D-2324-05","Primary Tumor","Illumina Human Methylation 450","TCGA-62-8399-01A-21R-2326-07","TCGA-62-8399-01A",TRUE,"PCD_C1"
"41df1552-4f17-4107-bf4c-a4d3aeadc1fc.methylation_array.sesame.level3betas.txt","6197af26-7720-47ae-8af5-37a2bf947378","TCGA-62-8402","TCGA-62-8402-01A","TCGA-62-8402-01A-11D-2324-05","Primary Tumor","Illumina Human Methylation 450","TCGA-62-8402-01A-11R-2326-07","TCGA-62-8402-01A",TRUE,"PCD_C2"
"f30069b4-0de2-4c4d-a352-16405e459edd.methylation_array.sesame.level3betas.txt","190549e3-ede8-4fa2-9f14-91efac4798b4","TCGA-62-A46O","TCGA-62-A46O-01A","TCGA-62-A46O-01A-11D-A24I-05","Primary Tumor","Illumina Human Methylation 450","TCGA-62-A46O-01A-11R-A24H-07","TCGA-62-A46O-01A",TRUE,"PCD_C2"
"552ac1ae-7882-454f-9f21-24bcbc9e2e62.methylation_array.sesame.level3betas.txt","e6aa4c27-7c78-461a-a3c8-584ea850af77","TCGA-62-A46P","TCGA-62-A46P-01A","TCGA-62-A46P-01A-11D-A24I-05","Primary Tumor","Illumina Human Methylation 450","TCGA-62-A46P-01A-11R-A24H-07","TCGA-62-A46P-01A",TRUE,"PCD_C1"
"46331eb7-4acc-489c-add8-150153832fcc.methylation_array.sesame.level3betas.txt","08f0f0d0-5309-40ab-aa3b-07e62a5eef2a","TCGA-62-A46R","TCGA-62-A46R-01A","TCGA-62-A46R-01A-11D-A24I-05","Primary Tumor","Illumina Human Methylation 450","TCGA-62-A46R-01A-11R-A24H-07","TCGA-62-A46R-01A",TRUE,"PCD_C1"
"82df3c33-91dc-4cfe-b6e1-ac38dc3e94a3.methylation_array.sesame.level3betas.txt","c01350c9-89ac-40ae-84ac-0fac77712446","TCGA-62-A46S","TCGA-62-A46S-01A","TCGA-62-A46S-01A-11D-A24I-05","Primary Tumor","Illumina Human Methylation 450","TCGA-62-A46S-01A-11R-A24H-07","TCGA-62-A46S-01A",TRUE,"PCD_C1"
"e83d8f5b-e104-458e-b8e8-d058f8e8d8b2.methylation_array.sesame.level3betas.txt","e32c25cd-4ff2-46ba-b228-a6027081117a","TCGA-62-A46U","TCGA-62-A46U-01A","TCGA-62-A46U-01A-11D-A24I-05","Primary Tumor","Illumina Human Methylation 450","TCGA-62-A46U-01A-11R-A24H-07","TCGA-62-A46U-01A",TRUE,"PCD_C1"
"5ee7cb99-d660-4d32-8788-a19c2f4d7c82.methylation_array.sesame.level3betas.txt","122bcacd-c7d2-4b71-a0e3-6dcc93230154","TCGA-62-A46V","TCGA-62-A46V-01A","TCGA-62-A46V-01A-11D-A24I-05","Primary Tumor","Illumina Human Methylation 450","TCGA-62-A46V-01A-11R-A24H-07","TCGA-62-A46V-01A",TRUE,"PCD_C1"
"b31200c2-95ba-4262-9cf9-933a5e1d369a.methylation_array.sesame.level3betas.txt","d6084fc6-61c5-49d3-ad26-16035d47137d","TCGA-62-A46Y","TCGA-62-A46Y-01A","TCGA-62-A46Y-01A-11D-A24I-05","Primary Tumor","Illumina Human Methylation 450","TCGA-62-A46Y-01A-11R-A24H-07","TCGA-62-A46Y-01A",TRUE,"PCD_C1"
"882d482e-0c41-421a-af52-98d0680963ce.methylation_array.sesame.level3betas.txt","8c5bdec3-d1cb-4790-88e1-911962205d94","TCGA-62-A470","TCGA-62-A470-01A","TCGA-62-A470-01A-11D-A24I-05","Primary Tumor","Illumina Human Methylation 450","TCGA-62-A470-01A-11R-A24H-07","TCGA-62-A470-01A",TRUE,"PCD_C2"
"f66a6fe5-68ef-4d4e-890c-dd5bfcda0826.methylation_array.sesame.level3betas.txt","14da0a88-fb70-4df6-8ff5-c94cbe508c77","TCGA-62-A471","TCGA-62-A471-01A","TCGA-62-A471-01A-12D-A24I-05","Primary Tumor","Illumina Human Methylation 450","TCGA-62-A471-01A-12R-A24H-07","TCGA-62-A471-01A",TRUE,"PCD_C2"
"6fc65f22-60a7-4dac-ae24-478d5a32e7ba.methylation_array.sesame.level3betas.txt","54062dc6-e8c5-437b-b078-30dc6fd038f2","TCGA-62-A472","TCGA-62-A472-01A","TCGA-62-A472-01A-11D-A24I-05","Primary Tumor","Illumina Human Methylation 450","TCGA-62-A472-01A-11R-A24H-07","TCGA-62-A472-01A",TRUE,"PCD_C1"
"2c1c9d79-2387-4ba1-bdb8-b2f86dd87f54.methylation_array.sesame.level3betas.txt","266d2f25-bf17-4969-b5ee-c6e35314c63a","TCGA-64-1679","TCGA-64-1679-01A","TCGA-64-1679-01A-21D-2064-05","Primary Tumor","Illumina Human Methylation 450","TCGA-64-1679-01A-21R-2066-07","TCGA-64-1679-01A",TRUE,"PCD_C1"
"ca328e3e-813d-4f13-b864-c7eafe66a611.methylation_array.sesame.level3betas.txt","2d8000c8-134d-4f11-a574-f8a892b6a0ee","TCGA-64-1681","TCGA-64-1681-01A","TCGA-64-1681-01A-11D-2064-05","Primary Tumor","Illumina Human Methylation 450","TCGA-64-1681-01A-11R-2066-07","TCGA-64-1681-01A",TRUE,"PCD_C1"
"76b23bc4-560f-4653-b264-0ea986f497c2.methylation_array.sesame.level3betas.txt","2f36af7c-4d6a-4040-a622-e307157c5e41","TCGA-64-5774","TCGA-64-5774-01A","TCGA-64-5774-01A-01D-1626-05","Primary Tumor","Illumina Human Methylation 450","TCGA-64-5774-01A-01R-1628-07","TCGA-64-5774-01A",TRUE,"PCD_C2"
"35faf022-a0c8-4cf7-8019-7189a7a7886e.methylation_array.sesame.level3betas.txt","e67228c8-76dc-47e5-94dc-7654720406e9","TCGA-64-5775","TCGA-64-5775-01A","TCGA-64-5775-01A-01D-1626-05","Primary Tumor","Illumina Human Methylation 450","TCGA-64-5775-01A-01R-1628-07","TCGA-64-5775-01A",TRUE,"PCD_C1"
"fd3484f0-1f98-4c8f-a1b0-5cad71ffcb0b.methylation_array.sesame.level3betas.txt","51d76613-21ab-4794-a3c5-fd083b01f467","TCGA-64-5778","TCGA-64-5778-01A","TCGA-64-5778-01A-01D-1626-05","Primary Tumor","Illumina Human Methylation 450","TCGA-64-5778-01A-01R-1628-07","TCGA-64-5778-01A",TRUE,"PCD_C2"
"87bc194f-3421-49ca-a9b3-5e6b448030fe.methylation_array.sesame.level3betas.txt","79c71d84-c186-430d-8c5f-07f37970fb85","TCGA-64-5779","TCGA-64-5779-01A","TCGA-64-5779-01A-01D-1626-05","Primary Tumor","Illumina Human Methylation 450","TCGA-64-5779-01A-01R-1628-07","TCGA-64-5779-01A",TRUE,"PCD_C2"
"944920f1-ec4a-4c1c-9711-f804dba58ff6.methylation_array.sesame.level3betas.txt","87e05d70-3968-48cd-85cf-a6a09e693115","TCGA-64-5781","TCGA-64-5781-01A","TCGA-64-5781-01A-01D-1626-05","Primary Tumor","Illumina Human Methylation 450","TCGA-64-5781-01A-01R-1628-07","TCGA-64-5781-01A",TRUE,"PCD_C2"
"8f553d6f-f314-4293-9a70-d3dcb7dae8f7.methylation_array.sesame.level3betas.txt","dd669086-eed6-4ab5-ad5b-49fce7a86a34","TCGA-64-5815","TCGA-64-5815-01A","TCGA-64-5815-01A-01D-1626-05","Primary Tumor","Illumina Human Methylation 450","TCGA-64-5815-01A-01R-1628-07","TCGA-64-5815-01A",TRUE,"PCD_C1"
"a27f851a-3654-4a20-b3bb-2d226d2212fe.methylation_array.sesame.level3betas.txt","8031046b-b353-458a-9333-e888033050e2","TCGA-67-4679","TCGA-67-4679-01B","TCGA-67-4679-01B-01D-1756-05","Primary Tumor","Illumina Human Methylation 450","TCGA-67-4679-01B-01R-1755-07","TCGA-67-4679-01B",TRUE,"PCD_C1"
"5dda0333-2f10-41f6-a1ff-171e7f7144b8.methylation_array.sesame.level3betas.txt","f5635a88-4f2b-4ea8-b09e-8781dc3ca290","TCGA-67-6215","TCGA-67-6215-01A","TCGA-67-6215-01A-11D-1756-05","Primary Tumor","Illumina Human Methylation 450","TCGA-67-6215-01A-11R-1755-07","TCGA-67-6215-01A",TRUE,"PCD_C1"
"f40b4291-efa3-4def-b0a8-f27814e455c0.methylation_array.sesame.level3betas.txt","e81503a9-2c28-477b-adf4-39cac61c5c4a","TCGA-67-6216","TCGA-67-6216-01A","TCGA-67-6216-01A-11D-1756-05","Primary Tumor","Illumina Human Methylation 450","TCGA-67-6216-01A-11R-1755-07","TCGA-67-6216-01A",TRUE,"PCD_C1"
"af7c8efb-d4db-431c-98c0-3734d75712a2.methylation_array.sesame.level3betas.txt","2aa8a738-2ae6-4c7a-83ce-337fd3419e75","TCGA-67-6217","TCGA-67-6217-01A","TCGA-67-6217-01A-11D-1756-05","Primary Tumor","Illumina Human Methylation 450","TCGA-67-6217-01A-11R-1755-07","TCGA-67-6217-01A",TRUE,"PCD_C1"
"9482f806-4880-4938-9c7d-0d9052d1b0c4.methylation_array.sesame.level3betas.txt","6faaf840-cb06-493e-81bc-26041d6b6939","TCGA-69-7760","TCGA-69-7760-01A","TCGA-69-7760-01A-11D-2168-05","Primary Tumor","Illumina Human Methylation 450","TCGA-69-7760-01A-11R-2170-07","TCGA-69-7760-01A",TRUE,"PCD_C2"
"26c9dcc2-ca95-4f34-a2de-7999db201e84.methylation_array.sesame.level3betas.txt","998bc1da-2340-40ea-ad88-9116db3c9e10","TCGA-69-7761","TCGA-69-7761-01A","TCGA-69-7761-01A-11D-2168-05","Primary Tumor","Illumina Human Methylation 450","TCGA-69-7761-01A-11R-2170-07","TCGA-69-7761-01A",TRUE,"PCD_C2"
"843ee035-4b34-4730-8e18-12dc95052f9b.methylation_array.sesame.level3betas.txt","b3315d2a-a740-412d-b3c8-3d043fdc845c","TCGA-69-7763","TCGA-69-7763-01A","TCGA-69-7763-01A-11D-2168-05","Primary Tumor","Illumina Human Methylation 450","TCGA-69-7763-01A-11R-2170-07","TCGA-69-7763-01A",TRUE,"PCD_C1"
"43bb27c6-f768-4f56-a97e-07a72de4bed8.methylation_array.sesame.level3betas.txt","ba35952c-fed9-4a1c-8d9f-0a9ea6d1f1b7","TCGA-69-7764","TCGA-69-7764-01A","TCGA-69-7764-01A-11D-2168-05","Primary Tumor","Illumina Human Methylation 450","TCGA-69-7764-01A-11R-2170-07","TCGA-69-7764-01A",TRUE,"PCD_C1"
"9d47dfb6-8ff8-4771-884f-53433f21ba68.methylation_array.sesame.level3betas.txt","0cb10a2d-1f60-46a8-8f50-d62941ab09f6","TCGA-69-7765","TCGA-69-7765-01A","TCGA-69-7765-01A-11D-2168-05","Primary Tumor","Illumina Human Methylation 450","TCGA-69-7765-01A-11R-2170-07","TCGA-69-7765-01A",TRUE,"PCD_C1"
"281c4a85-5275-41dd-a907-b009c2c27c7b.methylation_array.sesame.level3betas.txt","de9fe3d1-257c-4ce7-8d0b-f06054530973","TCGA-69-7973","TCGA-69-7973-01A","TCGA-69-7973-01A-11D-2185-05","Primary Tumor","Illumina Human Methylation 450","TCGA-69-7973-01A-11R-2187-07","TCGA-69-7973-01A",TRUE,"PCD_C2"
"881464b2-9f78-4564-800a-cf216fcf439c.methylation_array.sesame.level3betas.txt","cb773286-4a34-44ba-89d7-9b0b7b96bf3f","TCGA-69-7974","TCGA-69-7974-01A","TCGA-69-7974-01A-11D-2185-05","Primary Tumor","Illumina Human Methylation 450","TCGA-69-7974-01A-11R-2187-07","TCGA-69-7974-01A",TRUE,"PCD_C1"
"de37fbeb-8626-454f-953d-6a8ea10ff693.methylation_array.sesame.level3betas.txt","03639951-3a42-49d5-ae8f-e26c128223c7","TCGA-69-7978","TCGA-69-7978-01A","TCGA-69-7978-01A-11D-2185-05","Primary Tumor","Illumina Human Methylation 450","TCGA-69-7978-01A-11R-2187-07","TCGA-69-7978-01A",TRUE,"PCD_C1"
"60779cc4-7f75-4928-b93c-c9e3cca67f66.methylation_array.sesame.level3betas.txt","c6459ca1-d0d8-41c5-81df-d9176f25af9f","TCGA-69-7979","TCGA-69-7979-01A","TCGA-69-7979-01A-11D-2185-05","Primary Tumor","Illumina Human Methylation 450","TCGA-69-7979-01A-11R-2187-07","TCGA-69-7979-01A",TRUE,"PCD_C2"
"3aaabbfe-84a6-4c04-bd35-94c0c8cc3557.methylation_array.sesame.level3betas.txt","9bccd373-9b0c-430b-85a6-4ea5e5a74e76","TCGA-69-7980","TCGA-69-7980-01A","TCGA-69-7980-01A-11D-2185-05","Primary Tumor","Illumina Human Methylation 450","TCGA-69-7980-01A-11R-2187-07","TCGA-69-7980-01A",TRUE,"PCD_C1"
"7e9d7d56-dda7-4295-86c9-e350e69e6254.methylation_array.sesame.level3betas.txt","4e2d6887-3537-43ee-9923-baaa04bab13a","TCGA-69-8253","TCGA-69-8253-01A","TCGA-69-8253-01A-11D-2285-05","Primary Tumor","Illumina Human Methylation 450","TCGA-69-8253-01A-11R-2287-07","TCGA-69-8253-01A",TRUE,"PCD_C2"
"f61e09bc-dfc7-4f9c-8f00-c089d41e82f3.methylation_array.sesame.level3betas.txt","dab99eb1-fc24-483f-9d69-b03b7a0c0f41","TCGA-69-8254","TCGA-69-8254-01A","TCGA-69-8254-01A-11D-2285-05","Primary Tumor","Illumina Human Methylation 450","TCGA-69-8254-01A-11R-2287-07","TCGA-69-8254-01A",TRUE,"PCD_C1"
"983e34ce-d2e9-45ea-bd9f-ff7736a2fa99.methylation_array.sesame.level3betas.txt","fcb6a553-c08b-41ca-b486-1c932ec5f671","TCGA-69-8255","TCGA-69-8255-01A","TCGA-69-8255-01A-11D-2285-05","Primary Tumor","Illumina Human Methylation 450","TCGA-69-8255-01A-11R-2287-07","TCGA-69-8255-01A",TRUE,"PCD_C2"
"edd44cdb-1f90-4e36-afc8-1e61dc3be1a4.methylation_array.sesame.level3betas.txt","7380baf3-bd03-4d38-aca3-9ae9ba761ab5","TCGA-69-8453","TCGA-69-8453-01A","TCGA-69-8453-01A-12D-2324-05","Primary Tumor","Illumina Human Methylation 450","TCGA-69-8453-01A-12R-2326-07","TCGA-69-8453-01A",TRUE,"PCD_C1"
"efdcdbea-e7e2-49ad-b5b9-11ed9dd442e4.methylation_array.sesame.level3betas.txt","07562cf0-2060-46b5-8de7-d50b9d7dee5c","TCGA-69-A59K","TCGA-69-A59K-01A","TCGA-69-A59K-01A-11D-A25R-05","Primary Tumor","Illumina Human Methylation 450","TCGA-69-A59K-01A-11R-A262-07","TCGA-69-A59K-01A",TRUE,"PCD_C2"
"3ce157f3-a110-4c43-94c4-a07ebf8d8ba4.methylation_array.sesame.level3betas.txt","2b3686a0-76cb-4704-b290-c863de9d8b63","TCGA-71-6725","TCGA-71-6725-01A","TCGA-71-6725-01A-11D-1856-05","Primary Tumor","Illumina Human Methylation 450","TCGA-71-6725-01A-11R-1858-07","TCGA-71-6725-01A",TRUE,"PCD_C2"
"b8aa7480-42c8-425f-8a8e-5180431b13f0.methylation_array.sesame.level3betas.txt","cae2341b-7583-4f91-b249-b65361969e36","TCGA-71-8520","TCGA-71-8520-01A","TCGA-71-8520-01A-11D-2398-05","Primary Tumor","Illumina Human Methylation 450","TCGA-71-8520-01A-11R-2403-07","TCGA-71-8520-01A",TRUE,"PCD_C1"
"00685208-8382-48e1-838b-fc0b7807f67f.methylation_array.sesame.level3betas.txt","c9894ac2-3a81-482e-be5e-c951a83856dc","TCGA-73-4658","TCGA-73-4658-01A","TCGA-73-4658-01A-01D-1756-05","Primary Tumor","Illumina Human Methylation 450","TCGA-73-4658-01A-01R-1755-07","TCGA-73-4658-01A",TRUE,"PCD_C1"
"30a073c7-708f-4ae6-bd4e-3b3a58067c90.methylation_array.sesame.level3betas.txt","d6244acf-5bb6-4d93-8028-0cf8c7418067","TCGA-73-4676","TCGA-73-4676-01A","TCGA-73-4676-01A-01D-1756-05","Primary Tumor","Illumina Human Methylation 450","TCGA-73-4676-01A-01R-1755-07","TCGA-73-4676-01A",TRUE,"PCD_C2"
"e10fd8a0-cb8d-4dd8-b782-e3be46fa7e5e.methylation_array.sesame.level3betas.txt","244c4877-f7a2-48f5-953b-2651e2c143c6","TCGA-73-7498","TCGA-73-7498-01A","TCGA-73-7498-01A-12D-2185-05","Primary Tumor","Illumina Human Methylation 450","TCGA-73-7498-01A-12R-2187-07","TCGA-73-7498-01A",TRUE,"PCD_C2"
"75159a42-aad4-4988-a607-3e2512273232.methylation_array.sesame.level3betas.txt","e9b7ce2c-36b2-4160-aa42-0946c12e7e00","TCGA-73-7499","TCGA-73-7499-01A","TCGA-73-7499-01A-11D-2185-05","Primary Tumor","Illumina Human Methylation 450","TCGA-73-7499-01A-11R-2187-07","TCGA-73-7499-01A",TRUE,"PCD_C2"
"56ad4c21-0a1a-4c08-8fd8-0c1fc5a22974.methylation_array.sesame.level3betas.txt","6e1efae9-3cad-4af2-a73d-d5c6a03f1855","TCGA-73-A9RS","TCGA-73-A9RS-01A","TCGA-73-A9RS-01A-11D-A411-05","Primary Tumor","Illumina Human Methylation 450","TCGA-73-A9RS-01A-11R-A41B-07","TCGA-73-A9RS-01A",TRUE,"PCD_C2"
"1ede68ab-fc23-44d2-b9f7-99d07568ae7c.methylation_array.sesame.level3betas.txt","aad8d860-667f-45e8-9854-bfffcb4b6c32","TCGA-75-5122","TCGA-75-5122-01A","TCGA-75-5122-01A-01D-1756-05","Primary Tumor","Illumina Human Methylation 450","TCGA-75-5122-01A-01R-1755-07","TCGA-75-5122-01A",TRUE,"PCD_C1"
"936ce92d-75b4-41dd-8792-06899a9ff31b.methylation_array.sesame.level3betas.txt","f9a240b4-fed6-49c8-9de5-1ccc8f2c9dc3","TCGA-75-5125","TCGA-75-5125-01A","TCGA-75-5125-01A-01D-1756-05","Primary Tumor","Illumina Human Methylation 450","TCGA-75-5125-01A-01R-1755-07","TCGA-75-5125-01A",TRUE,"PCD_C1"
"a06e257d-014a-49db-b935-c5bf66ef4407.methylation_array.sesame.level3betas.txt","99bbb50e-b650-4355-8119-e4535b3bb25e","TCGA-75-5126","TCGA-75-5126-01A","TCGA-75-5126-01A-01D-1756-05","Primary Tumor","Illumina Human Methylation 450","TCGA-75-5126-01A-01R-1755-07","TCGA-75-5126-01A",TRUE,"PCD_C1"
"5ea9dff6-ff76-4d66-ac4f-6f231e77330d.methylation_array.sesame.level3betas.txt","61a227ee-8a3d-4f4b-b5a9-41e11d36d878","TCGA-75-5146","TCGA-75-5146-01A","TCGA-75-5146-01A-01D-1626-05","Primary Tumor","Illumina Human Methylation 450","TCGA-75-5146-01A-01R-1628-07","TCGA-75-5146-01A",TRUE,"PCD_C1"
"c3113131-59d9-4d87-85da-27f6c65d1b4e.methylation_array.sesame.level3betas.txt","5df2e0f0-9e18-42f5-bf61-643530af6c01","TCGA-75-5147","TCGA-75-5147-01A","TCGA-75-5147-01A-01D-1626-05","Primary Tumor","Illumina Human Methylation 450","TCGA-75-5147-01A-01R-1628-07","TCGA-75-5147-01A",TRUE,"PCD_C2"
"0af0809d-209c-4b25-9fe1-4301efbbeec3.methylation_array.sesame.level3betas.txt","ad14b665-a96c-4baf-be44-b2ad86fa4386","TCGA-75-6203","TCGA-75-6203-01A","TCGA-75-6203-01A-11D-1756-05","Primary Tumor","Illumina Human Methylation 450","TCGA-75-6203-01A-11R-1755-07","TCGA-75-6203-01A",TRUE,"PCD_C1"
"060bd43d-6e1d-4009-89b3-00228dbb3270.methylation_array.sesame.level3betas.txt","28d583a7-0eb8-4934-967a-7d974c02d391","TCGA-75-6205","TCGA-75-6205-01A","TCGA-75-6205-01A-11D-1756-05","Primary Tumor","Illumina Human Methylation 450","TCGA-75-6205-01A-11R-1755-07","TCGA-75-6205-01A",TRUE,"PCD_C1"
"63b1d970-3bc9-426d-affb-02907c63918c.methylation_array.sesame.level3betas.txt","3f27dd5e-fb74-416a-ad32-2fdb3e682c42","TCGA-75-6206","TCGA-75-6206-01A","TCGA-75-6206-01A-11D-1756-05","Primary Tumor","Illumina Human Methylation 450","TCGA-75-6206-01A-11R-1755-07","TCGA-75-6206-01A",TRUE,"PCD_C2"
"c124a015-f2ab-4eed-a4fe-6bff55f3564b.methylation_array.sesame.level3betas.txt","127a4a5e-64d0-464b-98b4-8f5ad8912e51","TCGA-75-6207","TCGA-75-6207-01A","TCGA-75-6207-01A-11D-1756-05","Primary Tumor","Illumina Human Methylation 450","TCGA-75-6207-01A-11R-1755-07","TCGA-75-6207-01A",TRUE,"PCD_C1"
"7ccd266a-2f60-4fb0-a571-f451de3270b8.methylation_array.sesame.level3betas.txt","cd29c311-08f1-4e59-a38e-ca1478a42e70","TCGA-75-6211","TCGA-75-6211-01A","TCGA-75-6211-01A-11D-1756-05","Primary Tumor","Illumina Human Methylation 450","TCGA-75-6211-01A-11R-1755-07","TCGA-75-6211-01A",TRUE,"PCD_C2"
"7f9e97e7-c154-4828-a8e5-8bb8d8e8cfc6.methylation_array.sesame.level3betas.txt","6661012a-3fc1-4918-a787-76cdd8b9e35c","TCGA-75-6212","TCGA-75-6212-01A","TCGA-75-6212-01A-11D-1756-05","Primary Tumor","Illumina Human Methylation 450","TCGA-75-6212-01A-11R-1755-07","TCGA-75-6212-01A",TRUE,"PCD_C1"
"968a2afe-cd94-4f03-b6c0-39cb2ad75665.methylation_array.sesame.level3betas.txt","6f012636-9128-44cb-8170-c1ff8dca5ef8","TCGA-75-6214","TCGA-75-6214-01A","TCGA-75-6214-01A-41D-1947-05","Primary Tumor","Illumina Human Methylation 450","TCGA-75-6214-01A-41R-1949-07","TCGA-75-6214-01A",TRUE,"PCD_C2"
"449bd162-2abe-4c51-aeef-cad9853851af.methylation_array.sesame.level3betas.txt","a39739fa-8b9d-4dae-b73b-5ef87db09266","TCGA-75-7025","TCGA-75-7025-01A","TCGA-75-7025-01A-12D-1947-05","Primary Tumor","Illumina Human Methylation 450","TCGA-75-7025-01A-12R-1949-07","TCGA-75-7025-01A",TRUE,"PCD_C1"
"41410c91-5bd0-4928-a2b6-de14ffc9b26c.methylation_array.sesame.level3betas.txt","b8fd162b-f3ef-4e03-8141-6511cdbda036","TCGA-75-7027","TCGA-75-7027-01A","TCGA-75-7027-01A-11D-1947-05","Primary Tumor","Illumina Human Methylation 450","TCGA-75-7027-01A-11R-1949-07","TCGA-75-7027-01A",TRUE,"PCD_C2"
"788b7254-8f36-4270-8217-a7cd3d744267.methylation_array.sesame.level3betas.txt","fce05b8f-ce6a-4bf7-b539-2d1faf0225ab","TCGA-75-7030","TCGA-75-7030-01A","TCGA-75-7030-01A-11D-1947-05","Primary Tumor","Illumina Human Methylation 450","TCGA-75-7030-01A-11R-1949-07","TCGA-75-7030-01A",TRUE,"PCD_C1"
"11a47054-8859-4316-97f6-0075d74aed49.methylation_array.sesame.level3betas.txt","8f9a1138-b9f9-49e5-ba2e-9afd76111fd0","TCGA-75-7031","TCGA-75-7031-01A","TCGA-75-7031-01A-11D-1947-05","Primary Tumor","Illumina Human Methylation 450","TCGA-75-7031-01A-11R-1949-07","TCGA-75-7031-01A",TRUE,"PCD_C2"
"211ddb5f-0698-4001-8498-744e0707f73e.methylation_array.sesame.level3betas.txt","1eae5bce-d8eb-49da-95fe-1aac1fedfdbf","TCGA-78-7143","TCGA-78-7143-01A","TCGA-78-7143-01A-11D-2037-05","Primary Tumor","Illumina Human Methylation 450","TCGA-78-7143-01A-11R-2039-07","TCGA-78-7143-01A",TRUE,"PCD_C2"
"86c70ad0-0fec-4bdb-b854-d3ff83f74f25.methylation_array.sesame.level3betas.txt","d8c32ff7-4946-4449-89a4-ec325844ebba","TCGA-78-7145","TCGA-78-7145-01A","TCGA-78-7145-01A-11D-2037-05","Primary Tumor","Illumina Human Methylation 450","TCGA-78-7145-01A-11R-2039-07","TCGA-78-7145-01A",TRUE,"PCD_C1"
"8fd5810b-81f6-46d0-977d-17179c827cbd.methylation_array.sesame.level3betas.txt","d8469371-cc82-4798-b26e-26c56246f81e","TCGA-78-7146","TCGA-78-7146-01A","TCGA-78-7146-01A-11D-2037-05","Primary Tumor","Illumina Human Methylation 450","TCGA-78-7146-01A-11R-2039-07","TCGA-78-7146-01A",TRUE,"PCD_C2"
"fe10eb6e-6393-4b89-b390-2070f79b98a4.methylation_array.sesame.level3betas.txt","493be6d2-a5df-4e6e-ab97-60285ca9f282","TCGA-78-7147","TCGA-78-7147-01A","TCGA-78-7147-01A-11D-2037-05","Primary Tumor","Illumina Human Methylation 450","TCGA-78-7147-01A-11R-2039-07","TCGA-78-7147-01A",TRUE,"PCD_C2"
"8b42c2f3-9a44-4260-ab57-5899de62bee7.methylation_array.sesame.level3betas.txt","c18e914b-9fc9-4dab-8464-8f4c9a6fccf7","TCGA-78-7148","TCGA-78-7148-01A","TCGA-78-7148-01A-11D-2037-05","Primary Tumor","Illumina Human Methylation 450","TCGA-78-7148-01A-11R-2039-07","TCGA-78-7148-01A",TRUE,"PCD_C2"
"41b9b0db-1693-4f9f-813c-ae6510847780.methylation_array.sesame.level3betas.txt","4c0ce279-acf2-4336-abc3-8b4a0051f91d","TCGA-78-7149","TCGA-78-7149-01A","TCGA-78-7149-01A-11D-2037-05","Primary Tumor","Illumina Human Methylation 450","TCGA-78-7149-01A-11R-2039-07","TCGA-78-7149-01A",TRUE,"PCD_C2"
"06f57d72-0c3b-49e6-8512-5ede01a6032b.methylation_array.sesame.level3betas.txt","922404e9-c5d8-4717-87b3-7cad1d4a4dd3","TCGA-78-7150","TCGA-78-7150-01A","TCGA-78-7150-01A-21D-2037-05","Primary Tumor","Illumina Human Methylation 450","TCGA-78-7150-01A-21R-2039-07","TCGA-78-7150-01A",TRUE,"PCD_C2"
"622b6e31-7ab2-424c-a82d-97bf600c2113.methylation_array.sesame.level3betas.txt","88718cb4-5eef-4fa2-81b7-61f5878f2e39","TCGA-78-7152","TCGA-78-7152-01A","TCGA-78-7152-01A-11D-2037-05","Primary Tumor","Illumina Human Methylation 450","TCGA-78-7152-01A-11R-2039-07","TCGA-78-7152-01A",TRUE,"PCD_C2"
"13d96789-4ede-4921-a005-54a9fb4e5c88.methylation_array.sesame.level3betas.txt","c9c69a2a-5686-40b4-b54b-46db6bc8f1a4","TCGA-78-7153","TCGA-78-7153-01A","TCGA-78-7153-01A-11D-2037-05","Primary Tumor","Illumina Human Methylation 450","TCGA-78-7153-01A-11R-2039-07","TCGA-78-7153-01A",TRUE,"PCD_C2"
"463087b5-995c-41b2-b011-4ea6d04f58c9.methylation_array.sesame.level3betas.txt","03d8a2f0-855a-4c00-93f4-f47b75aa5b15","TCGA-78-7154","TCGA-78-7154-01A","TCGA-78-7154-01A-11D-2037-05","Primary Tumor","Illumina Human Methylation 450","TCGA-78-7154-01A-11R-2039-07","TCGA-78-7154-01A",TRUE,"PCD_C2"
"97029674-21ea-4539-badb-4c9a20353e0b.methylation_array.sesame.level3betas.txt","0489c415-a518-4c02-b003-df29ea64d75c","TCGA-78-7155","TCGA-78-7155-01A","TCGA-78-7155-01A-11D-2037-05","Primary Tumor","Illumina Human Methylation 450","TCGA-78-7155-01A-11R-2039-07","TCGA-78-7155-01A",TRUE,"PCD_C1"
"2a2e12ce-a364-4eeb-9b21-176b87575c8f.methylation_array.sesame.level3betas.txt","f47794a1-e72c-48d9-bec8-6c842507bcd6","TCGA-78-7156","TCGA-78-7156-01A","TCGA-78-7156-01A-11D-2037-05","Primary Tumor","Illumina Human Methylation 450","TCGA-78-7156-01A-11R-2039-07","TCGA-78-7156-01A",TRUE,"PCD_C2"
"6604179a-e7f4-4eda-b605-2466ebb57f16.methylation_array.sesame.level3betas.txt","1d192ece-a698-4b6e-be94-b26e69462dda","TCGA-78-7158","TCGA-78-7158-01A","TCGA-78-7158-01A-11D-2037-05","Primary Tumor","Illumina Human Methylation 450","TCGA-78-7158-01A-11R-2039-07","TCGA-78-7158-01A",TRUE,"PCD_C1"
"818eb55b-57b4-4976-a32d-5fa39b3088d7.methylation_array.sesame.level3betas.txt","a678ec77-1954-4d0b-a573-3a490ab74c66","TCGA-78-7159","TCGA-78-7159-01A","TCGA-78-7159-01A-11D-2037-05","Primary Tumor","Illumina Human Methylation 450","TCGA-78-7159-01A-11R-2039-07","TCGA-78-7159-01A",TRUE,"PCD_C2"
"9fbab653-957c-4c4f-83f8-280e4f69a772.methylation_array.sesame.level3betas.txt","9a35ad14-f927-4923-988a-01e9635ca931","TCGA-78-7160","TCGA-78-7160-01A","TCGA-78-7160-01A-11D-2037-05","Primary Tumor","Illumina Human Methylation 450","TCGA-78-7160-01A-11R-2039-07","TCGA-78-7160-01A",TRUE,"PCD_C2"
"4cd68de2-6ee8-4685-9bf2-04c2d1f05197.methylation_array.sesame.level3betas.txt","eae7c88f-9207-45aa-a7e3-beda92491679","TCGA-78-7161","TCGA-78-7161-01A","TCGA-78-7161-01A-11D-2037-05","Primary Tumor","Illumina Human Methylation 450","TCGA-78-7161-01A-11R-2039-07","TCGA-78-7161-01A",TRUE,"PCD_C1"
"3d4d6726-bc9c-4a70-ae51-866baa003438.methylation_array.sesame.level3betas.txt","d82d3b2f-343e-4ce5-b207-1e1642b21dfe","TCGA-78-7162","TCGA-78-7162-01A","TCGA-78-7162-01A-21D-2064-05","Primary Tumor","Illumina Human Methylation 450","TCGA-78-7162-01A-21R-2066-07","TCGA-78-7162-01A",TRUE,"PCD_C2"
"d0320f81-9ee3-4266-b594-fcf5e9b3c7e6.methylation_array.sesame.level3betas.txt","33f60786-8e85-4e9b-9afe-760db2a62782","TCGA-78-7163","TCGA-78-7163-01A","TCGA-78-7163-01A-12D-2064-05","Primary Tumor","Illumina Human Methylation 450","TCGA-78-7163-01A-12R-2066-07","TCGA-78-7163-01A",TRUE,"PCD_C2"
"68bc3bc5-7d7e-416b-b082-2220a3c21ce1.methylation_array.sesame.level3betas.txt","7de2abc1-9ab7-4eaa-addc-ad6bda0aaa6a","TCGA-78-7166","TCGA-78-7166-01A","TCGA-78-7166-01A-12D-2064-05","Primary Tumor","Illumina Human Methylation 450","TCGA-78-7166-01A-12R-2066-07","TCGA-78-7166-01A",TRUE,"PCD_C2"
"f19c62c0-fb42-4198-8ef8-4c00cafa3311.methylation_array.sesame.level3betas.txt","9ef4248b-ee43-4dab-a27b-14443bb7294b","TCGA-78-7167","TCGA-78-7167-01A","TCGA-78-7167-01A-11D-2064-05","Primary Tumor","Illumina Human Methylation 450","TCGA-78-7167-01A-11R-2066-07","TCGA-78-7167-01A",TRUE,"PCD_C2"
"396967fd-32e1-4173-a977-4d8ed7e21bec.methylation_array.sesame.level3betas.txt","cf096460-61b3-4278-a04d-b63624078247","TCGA-78-7220","TCGA-78-7220-01A","TCGA-78-7220-01A-11D-2037-05","Primary Tumor","Illumina Human Methylation 450","TCGA-78-7220-01A-11R-2039-07","TCGA-78-7220-01A",TRUE,"PCD_C2"
"987a3b26-c62a-4fad-a916-4634032d2a52.methylation_array.sesame.level3betas.txt","22c71ffb-80ca-4fba-9ddf-00ff38e52192","TCGA-78-7535","TCGA-78-7535-01A","TCGA-78-7535-01A-11D-2064-05","Primary Tumor","Illumina Human Methylation 450","TCGA-78-7535-01A-11R-2066-07","TCGA-78-7535-01A",TRUE,"PCD_C2"
"9ffe0b80-a7e2-452a-a63b-6e5941901bfb.methylation_array.sesame.level3betas.txt","bb71c8cf-9947-4e36-a6c2-0d5a1977f310","TCGA-78-7536","TCGA-78-7536-01A","TCGA-78-7536-01A-11D-2064-05","Primary Tumor","Illumina Human Methylation 450","TCGA-78-7536-01A-11R-2066-07","TCGA-78-7536-01A",TRUE,"PCD_C2"
"1b415ef1-d3f0-409d-b50e-8cf96ee1ca74.methylation_array.sesame.level3betas.txt","86d8e93e-666f-46b6-bc05-dee4c1825656","TCGA-78-7537","TCGA-78-7537-01A","TCGA-78-7537-01A-11D-2064-05","Primary Tumor","Illumina Human Methylation 450","TCGA-78-7537-01A-11R-2066-07","TCGA-78-7537-01A",TRUE,"PCD_C1"
"fd0ef162-8205-4c3e-b2b4-15a8d4c0b426.methylation_array.sesame.level3betas.txt","a3872e61-35e3-4b1a-8ca1-07484b825cee","TCGA-78-7539","TCGA-78-7539-01A","TCGA-78-7539-01A-11D-2064-05","Primary Tumor","Illumina Human Methylation 450","TCGA-78-7539-01A-11R-2066-07","TCGA-78-7539-01A",TRUE,"PCD_C1"
"5eb2926d-49e4-4f74-95f0-43124bf0cd6a.methylation_array.sesame.level3betas.txt","d21bad03-0dda-4be6-a6f6-ec1491b8537d","TCGA-78-7540","TCGA-78-7540-01A","TCGA-78-7540-01A-11D-2064-05","Primary Tumor","Illumina Human Methylation 450","TCGA-78-7540-01A-11R-2066-07","TCGA-78-7540-01A",TRUE,"PCD_C2"
"90681fc8-34b7-4848-8abf-92bde66ba918.methylation_array.sesame.level3betas.txt","3dd139c0-d70b-4c43-a32c-aab9ad884722","TCGA-78-7542","TCGA-78-7542-01A","TCGA-78-7542-01A-21D-2064-05","Primary Tumor","Illumina Human Methylation 450","TCGA-78-7542-01A-21R-2066-07","TCGA-78-7542-01A",TRUE,"PCD_C2"
"b57a26a8-6fa2-4559-9c21-c2964c569708.methylation_array.sesame.level3betas.txt","ae798e98-44e4-4a6e-b2f1-e00577248a19","TCGA-78-7633","TCGA-78-7633-01A","TCGA-78-7633-01A-11D-2064-05","Primary Tumor","Illumina Human Methylation 450","TCGA-78-7633-01A-11R-2066-07","TCGA-78-7633-01A",TRUE,"PCD_C2"
"25eeab89-90e2-4079-851b-3865cceb334c.methylation_array.sesame.level3betas.txt","ed21d591-7308-47db-8358-879c990a1945","TCGA-78-8640","TCGA-78-8640-01A","TCGA-78-8640-01A-11D-2398-05","Primary Tumor","Illumina Human Methylation 450","TCGA-78-8640-01A-11R-2403-07","TCGA-78-8640-01A",TRUE,"PCD_C2"
"ff1477da-bf27-43b9-b99b-2318d90bf151.methylation_array.sesame.level3betas.txt","9c0c1371-ad61-42e4-9e56-681df2348358","TCGA-78-8648","TCGA-78-8648-01A","TCGA-78-8648-01A-11D-2398-05","Primary Tumor","Illumina Human Methylation 450","TCGA-78-8648-01A-11R-2403-07","TCGA-78-8648-01A",TRUE,"PCD_C1"
"abc05009-30c5-46b4-8832-46f7c1757bff.methylation_array.sesame.level3betas.txt","b6f0730b-81b8-462d-845a-5d72773bb00c","TCGA-78-8655","TCGA-78-8655-01A","TCGA-78-8655-01A-11D-2398-05","Primary Tumor","Illumina Human Methylation 450","TCGA-78-8655-01A-11R-2403-07","TCGA-78-8655-01A",TRUE,"PCD_C1"
"41d09619-10a4-4c74-b238-ddcd9a901134.methylation_array.sesame.level3betas.txt","dc915100-792e-494d-a411-a7e7bc366716","TCGA-78-8660","TCGA-78-8660-01A","TCGA-78-8660-01A-11D-2398-05","Primary Tumor","Illumina Human Methylation 450","TCGA-78-8660-01A-11R-2403-07","TCGA-78-8660-01A",TRUE,"PCD_C2"
"536bfc51-f447-485f-9db6-4ff56fe8951f.methylation_array.sesame.level3betas.txt","ca5e639a-e947-48ae-b218-7b15764e4090","TCGA-78-8662","TCGA-78-8662-01A","TCGA-78-8662-01A-11D-2398-05","Primary Tumor","Illumina Human Methylation 450","TCGA-78-8662-01A-11R-2403-07","TCGA-78-8662-01A",TRUE,"PCD_C2"
"32421e51-c0c5-44b1-a625-2df49c7564b3.methylation_array.sesame.level3betas.txt","534d932e-759e-4b65-b455-5e84620ec466","TCGA-80-5607","TCGA-80-5607-01A","TCGA-80-5607-01A-31D-1947-05","Primary Tumor","Illumina Human Methylation 450","TCGA-80-5607-01A-31R-1949-07","TCGA-80-5607-01A",TRUE,"PCD_C1"
"9d6edfdd-74f5-4dde-be20-32ea00562f9b.methylation_array.sesame.level3betas.txt","ecbf742d-6cd2-48fa-bd0d-e90f2fd2a390","TCGA-80-5608","TCGA-80-5608-01A","TCGA-80-5608-01A-31D-1947-05","Primary Tumor","Illumina Human Methylation 450","TCGA-80-5608-01A-31R-1949-07","TCGA-80-5608-01A",TRUE,"PCD_C2"
"7a1590a8-ddc7-4aac-802f-f8b871204341.methylation_array.sesame.level3betas.txt","33bc12b9-6dc5-4f1c-9bf4-6cdf36234f26","TCGA-80-5611","TCGA-80-5611-01A","TCGA-80-5611-01A-01D-1626-05","Primary Tumor","Illumina Human Methylation 450","TCGA-80-5611-01A-01R-1628-07","TCGA-80-5611-01A",TRUE,"PCD_C2"
"24e795a7-480e-4fb6-a1ef-43e3e66b90ff.methylation_array.sesame.level3betas.txt","8c2d85b1-9998-4a5f-bbe3-d8770d5f2e79","TCGA-83-5908","TCGA-83-5908-01A","TCGA-83-5908-01A-21D-2285-05","Primary Tumor","Illumina Human Methylation 450","TCGA-83-5908-01A-21R-2287-07","TCGA-83-5908-01A",TRUE,"PCD_C1"
"d16dfb3b-8200-4d56-98c1-f51dc533680c.methylation_array.sesame.level3betas.txt","9d373511-ba64-4109-b9af-e60f925204ff","TCGA-86-6562","TCGA-86-6562-01A","TCGA-86-6562-01A-11D-1756-05","Primary Tumor","Illumina Human Methylation 450","TCGA-86-6562-01A-11R-1755-07","TCGA-86-6562-01A",TRUE,"PCD_C1"
"0efc7c98-28eb-46d2-8aa5-2e3ff5d04d09.methylation_array.sesame.level3betas.txt","339bd730-57ec-494f-b219-745cdc8d86d2","TCGA-86-6851","TCGA-86-6851-01A","TCGA-86-6851-01A-11D-1947-05","Primary Tumor","Illumina Human Methylation 450","TCGA-86-6851-01A-11R-1949-07","TCGA-86-6851-01A",TRUE,"PCD_C1"
"821025f9-63e5-4932-9fc4-3d39921f2e2f.methylation_array.sesame.level3betas.txt","4fdaf757-5edf-4681-864f-00638b1e7a87","TCGA-86-7701","TCGA-86-7701-01A","TCGA-86-7701-01A-11D-2168-05","Primary Tumor","Illumina Human Methylation 450","TCGA-86-7701-01A-11R-2170-07","TCGA-86-7701-01A",TRUE,"PCD_C2"
"7d3ff74f-3a5b-4eb5-be90-ea2418722944.methylation_array.sesame.level3betas.txt","681ccf8e-e513-417b-bae2-71ab09067237","TCGA-86-7711","TCGA-86-7711-01A","TCGA-86-7711-01A-11D-2064-05","Primary Tumor","Illumina Human Methylation 450","TCGA-86-7711-01A-11R-2066-07","TCGA-86-7711-01A",TRUE,"PCD_C2"
"be75986f-4acd-4e56-8bd3-c6fc1829fe64.methylation_array.sesame.level3betas.txt","c7264ff7-7b32-4430-ab2e-201a5fb8b691","TCGA-86-7713","TCGA-86-7713-01A","TCGA-86-7713-01A-11D-2064-05","Primary Tumor","Illumina Human Methylation 450","TCGA-86-7713-01A-11R-2066-07","TCGA-86-7713-01A",TRUE,"PCD_C2"
"50f26ba1-db32-4437-89fd-7aa5b3e6512a.methylation_array.sesame.level3betas.txt","93e54ee6-ba44-49a2-8f96-092d149cdca2","TCGA-86-7714","TCGA-86-7714-01A","TCGA-86-7714-01A-12D-2168-05","Primary Tumor","Illumina Human Methylation 450","TCGA-86-7714-01A-12R-2170-07","TCGA-86-7714-01A",TRUE,"PCD_C1"
"32090a9d-c47d-4115-82ca-a72be68a2411.methylation_array.sesame.level3betas.txt","57f95896-e3a3-4458-83ab-9ff52dcb5dc5","TCGA-86-7953","TCGA-86-7953-01A","TCGA-86-7953-01A-11D-2185-05","Primary Tumor","Illumina Human Methylation 450","TCGA-86-7953-01A-11R-2187-07","TCGA-86-7953-01A",TRUE,"PCD_C1"
"53634580-0c4d-4560-9fce-2edf5c586bfa.methylation_array.sesame.level3betas.txt","379f9212-aa2f-426c-b4e5-a4545746cffc","TCGA-86-7954","TCGA-86-7954-01A","TCGA-86-7954-01A-11D-2185-05","Primary Tumor","Illumina Human Methylation 450","TCGA-86-7954-01A-11R-2187-07","TCGA-86-7954-01A",TRUE,"PCD_C1"
"e3b0c13f-fd38-4cd5-83c8-a93e021f4290.methylation_array.sesame.level3betas.txt","60fe2275-e2a2-476d-b5ad-71250de10f53","TCGA-86-7955","TCGA-86-7955-01A","TCGA-86-7955-01A-11D-2185-05","Primary Tumor","Illumina Human Methylation 450","TCGA-86-7955-01A-11R-2187-07","TCGA-86-7955-01A",TRUE,"PCD_C2"
"aa6466a7-cbcc-4a8e-8cc6-f2ec2f9c61a2.methylation_array.sesame.level3betas.txt","b2496625-f7e1-40df-aff1-a78105c25ebe","TCGA-86-8054","TCGA-86-8054-01A","TCGA-86-8054-01A-11D-2239-05","Primary Tumor","Illumina Human Methylation 450","TCGA-86-8054-01A-11R-2241-07","TCGA-86-8054-01A",TRUE,"PCD_C2"
"bdf0290e-e405-4831-9c32-c3018d34c8b9.methylation_array.sesame.level3betas.txt","69a75aac-a1f6-4528-97d4-4952187a7f29","TCGA-86-8055","TCGA-86-8055-01A","TCGA-86-8055-01A-11D-2239-05","Primary Tumor","Illumina Human Methylation 450","TCGA-86-8055-01A-11R-2241-07","TCGA-86-8055-01A",TRUE,"PCD_C1"
"0080cb9c-8ac2-49e4-9e20-c2dcb91b8385.methylation_array.sesame.level3betas.txt","53e50960-fadd-4efe-a663-3fe811d2d9dc","TCGA-86-8056","TCGA-86-8056-01A","TCGA-86-8056-01A-11D-2239-05","Primary Tumor","Illumina Human Methylation 450","TCGA-86-8056-01A-11R-2241-07","TCGA-86-8056-01A",TRUE,"PCD_C1"
"eff97c7d-79b4-45b0-b9f2-1bee7ba85034.methylation_array.sesame.level3betas.txt","6dbef5cb-6bc8-4aba-a205-4fd1cc71d458","TCGA-86-8073","TCGA-86-8073-01A","TCGA-86-8073-01A-11D-2239-05","Primary Tumor","Illumina Human Methylation 450","TCGA-86-8073-01A-11R-2241-07","TCGA-86-8073-01A",TRUE,"PCD_C2"
"8c41a875-9cda-4991-89ec-659986362564.methylation_array.sesame.level3betas.txt","58c52804-9a14-4747-b31f-7b0fbee5a231","TCGA-86-8074","TCGA-86-8074-01A","TCGA-86-8074-01A-11D-2239-05","Primary Tumor","Illumina Human Methylation 450","TCGA-86-8074-01A-11R-2241-07","TCGA-86-8074-01A",TRUE,"PCD_C1"
"b9c6cea9-d006-47f4-87b8-f6c46422e917.methylation_array.sesame.level3betas.txt","cd7afb88-2c22-4209-be1c-55e65fdc7b74","TCGA-86-8075","TCGA-86-8075-01A","TCGA-86-8075-01A-11D-2239-05","Primary Tumor","Illumina Human Methylation 450","TCGA-86-8075-01A-11R-2241-07","TCGA-86-8075-01A",TRUE,"PCD_C1"
"f2e79be4-ff8f-47e8-969f-c29d401cd34a.methylation_array.sesame.level3betas.txt","54a66b64-7a0f-4a5f-93f8-a4d34c952fad","TCGA-86-8076","TCGA-86-8076-01A","TCGA-86-8076-01A-31D-2239-05","Primary Tumor","Illumina Human Methylation 450","TCGA-86-8076-01A-31R-2241-07","TCGA-86-8076-01A",TRUE,"PCD_C1"
"1fc57c52-b7bd-4fec-b974-7cc75086d861.methylation_array.sesame.level3betas.txt","1198cff7-3fb9-43ba-ace1-11ede3ef5816","TCGA-86-8278","TCGA-86-8278-01A","TCGA-86-8278-01A-11D-2285-05","Primary Tumor","Illumina Human Methylation 450","TCGA-86-8278-01A-11R-2287-07","TCGA-86-8278-01A",TRUE,"PCD_C1"
"32103b79-adf4-43dc-ab3f-e0fc40f3fcbe.methylation_array.sesame.level3betas.txt","956771eb-bb33-4c40-9656-7f80183329cc","TCGA-86-8279","TCGA-86-8279-01A","TCGA-86-8279-01A-11D-2285-05","Primary Tumor","Illumina Human Methylation 450","TCGA-86-8279-01A-11R-2287-07","TCGA-86-8279-01A",TRUE,"PCD_C2"
"476a1537-f579-4d5a-b230-6124714c112d.methylation_array.sesame.level3betas.txt","f4ccc723-1b32-4f4f-bf70-a9f904ceb2cf","TCGA-86-8280","TCGA-86-8280-01A","TCGA-86-8280-01A-11D-2285-05","Primary Tumor","Illumina Human Methylation 450","TCGA-86-8280-01A-11R-2287-07","TCGA-86-8280-01A",TRUE,"PCD_C1"
"30f0992c-a6a4-449b-948f-7a8d5b41d4f6.methylation_array.sesame.level3betas.txt","65370464-f75f-404a-ade2-6b707d7f6590","TCGA-86-8281","TCGA-86-8281-01A","TCGA-86-8281-01A-11D-2285-05","Primary Tumor","Illumina Human Methylation 450","TCGA-86-8281-01A-11R-2287-07","TCGA-86-8281-01A",TRUE,"PCD_C2"
"65f87bd8-f813-44f8-8075-a714af5deecd.methylation_array.sesame.level3betas.txt","9c5d808a-ed99-46f6-8ef8-e71416e86eb3","TCGA-86-8358","TCGA-86-8358-01A","TCGA-86-8358-01A-11D-2324-05","Primary Tumor","Illumina Human Methylation 450","TCGA-86-8358-01A-11R-2326-07","TCGA-86-8358-01A",TRUE,"PCD_C2"
"b6485677-717f-4969-90bd-efb484003c94.methylation_array.sesame.level3betas.txt","4115d797-5cc4-4dd2-8195-fb206d1e6113","TCGA-86-8359","TCGA-86-8359-01A","TCGA-86-8359-01A-11D-2324-05","Primary Tumor","Illumina Human Methylation 450","TCGA-86-8359-01A-11R-2326-07","TCGA-86-8359-01A",TRUE,"PCD_C2"
"9fa9be9b-52b9-4ecd-9ecc-e7b2dd6a8c70.methylation_array.sesame.level3betas.txt","9937f5b6-d1e6-4440-997b-2b0ff8324504","TCGA-86-8585","TCGA-86-8585-01A","TCGA-86-8585-01A-11D-2398-05","Primary Tumor","Illumina Human Methylation 450","TCGA-86-8585-01A-11R-2403-07","TCGA-86-8585-01A",TRUE,"PCD_C2"
"4e7ac270-9388-473a-9ed7-8445455d59b4.methylation_array.sesame.level3betas.txt","8249d65e-344c-45f5-bf75-32941fbd9ad5","TCGA-86-8668","TCGA-86-8668-01A","TCGA-86-8668-01A-11D-2398-05","Primary Tumor","Illumina Human Methylation 450","TCGA-86-8668-01A-11R-2403-07","TCGA-86-8668-01A",TRUE,"PCD_C1"
"f11bac58-7e98-4905-8cb3-47af3a7120d1.methylation_array.sesame.level3betas.txt","881a8455-eb48-4271-9713-19fffb890f06","TCGA-86-8669","TCGA-86-8669-01A","TCGA-86-8669-01A-11D-2398-05","Primary Tumor","Illumina Human Methylation 450","TCGA-86-8669-01A-11R-2403-07","TCGA-86-8669-01A",TRUE,"PCD_C2"
"bcf2985f-0b02-447d-8b8b-34eba443ccfa.methylation_array.sesame.level3betas.txt","bc58aa54-0ea1-486e-b7f1-419003c5a06e","TCGA-86-8671","TCGA-86-8671-01A","TCGA-86-8671-01A-11D-2398-05","Primary Tumor","Illumina Human Methylation 450","TCGA-86-8671-01A-11R-2403-07","TCGA-86-8671-01A",TRUE,"PCD_C1"
"88e84cf0-19b4-45dc-b31f-d0350918a6ca.methylation_array.sesame.level3betas.txt","6a8ff129-e259-4f5a-b255-74650ef03c86","TCGA-86-8672","TCGA-86-8672-01A","TCGA-86-8672-01A-21D-2398-05","Primary Tumor","Illumina Human Methylation 450","TCGA-86-8672-01A-21R-2403-07","TCGA-86-8672-01A",TRUE,"PCD_C2"
"ad29629a-c58f-4520-b2f1-bbc86c19148a.methylation_array.sesame.level3betas.txt","4acdc34b-8caa-44f9-bb55-c55942c6d930","TCGA-86-8673","TCGA-86-8673-01A","TCGA-86-8673-01A-11D-2398-05","Primary Tumor","Illumina Human Methylation 450","TCGA-86-8673-01A-11R-2403-07","TCGA-86-8673-01A",TRUE,"PCD_C2"
"e5419571-0fe0-4358-b803-3fd83e5d653b.methylation_array.sesame.level3betas.txt","7433085a-d10e-4597-a999-cc6d800509bd","TCGA-86-8674","TCGA-86-8674-01A","TCGA-86-8674-01A-21D-2398-05","Primary Tumor","Illumina Human Methylation 450","TCGA-86-8674-01A-21R-2403-07","TCGA-86-8674-01A",TRUE,"PCD_C2"
"d3e6cf29-4e10-494b-b60d-5ab42e7b8609.methylation_array.sesame.level3betas.txt","3623efd9-1a4e-4f6a-8935-05f0e6113acf","TCGA-86-A456","TCGA-86-A456-01A","TCGA-86-A456-01A-11D-A24I-05","Primary Tumor","Illumina Human Methylation 450","TCGA-86-A456-01A-11R-A24H-07","TCGA-86-A456-01A",TRUE,"PCD_C1"
"8a4fc09f-ebfa-400a-8ab7-9472ecedbb95.methylation_array.sesame.level3betas.txt","68acb010-b09e-4340-bc84-2cdc7d6057f0","TCGA-86-A4D0","TCGA-86-A4D0-01A","TCGA-86-A4D0-01A-11D-A24I-05","Primary Tumor","Illumina Human Methylation 450","TCGA-86-A4D0-01A-11R-A24H-07","TCGA-86-A4D0-01A",TRUE,"PCD_C2"
"60e3ce65-0ad7-4d3f-bdb0-47fdc5025c09.methylation_array.sesame.level3betas.txt","acfb9be6-8f22-450f-810f-2142ffe9f6b4","TCGA-86-A4JF","TCGA-86-A4JF-01A","TCGA-86-A4JF-01A-11D-A24U-05","Primary Tumor","Illumina Human Methylation 450","TCGA-86-A4JF-01A-11R-A24X-07","TCGA-86-A4JF-01A",TRUE,"PCD_C1"
"f84976b9-e824-43f7-8e41-1d79195cc0f4.methylation_array.sesame.level3betas.txt","3b3fedd0-ee22-4a97-870c-232fdf31d573","TCGA-86-A4P7","TCGA-86-A4P7-01A","TCGA-86-A4P7-01A-11D-A24U-05","Primary Tumor","Illumina Human Methylation 450","TCGA-86-A4P7-01A-11R-A24X-07","TCGA-86-A4P7-01A",TRUE,"PCD_C1"
"ba328702-ec3d-4d17-b4eb-034673eb9bd3.methylation_array.sesame.level3betas.txt","f5f24383-6adf-4004-b98f-a01586e0c417","TCGA-86-A4P8","TCGA-86-A4P8-01A","TCGA-86-A4P8-01A-11D-A24U-05","Primary Tumor","Illumina Human Methylation 450","TCGA-86-A4P8-01A-11R-A24X-07","TCGA-86-A4P8-01A",TRUE,"PCD_C1"
"b27ad486-ea8a-49fb-9131-576fc6a09f0d.methylation_array.sesame.level3betas.txt","98300181-1363-4b84-8215-96f986606a52","TCGA-91-6828","TCGA-91-6828-01A","TCGA-91-6828-01A-11D-1856-05","Primary Tumor","Illumina Human Methylation 450","TCGA-91-6828-01A-11R-1858-07","TCGA-91-6828-01A",TRUE,"PCD_C1"
"0ead614d-50fb-4df2-95fb-37c106da5833.methylation_array.sesame.level3betas.txt","bd992f6e-cdc4-48d6-a861-46609ce92ff9","TCGA-91-6829","TCGA-91-6829-01A","TCGA-91-6829-01A-21D-1856-05","Primary Tumor","Illumina Human Methylation 450","TCGA-91-6829-01A-21R-1858-07","TCGA-91-6829-01A",TRUE,"PCD_C1"
"e65c643c-6eb4-417c-9bc1-cf3133b67ebe.methylation_array.sesame.level3betas.txt","cb1f3843-e3b8-4abe-b8ab-b12ac41a7c5e","TCGA-91-6830","TCGA-91-6830-01A","TCGA-91-6830-01A-11D-1947-05","Primary Tumor","Illumina Human Methylation 450","TCGA-91-6830-01A-11R-1949-07","TCGA-91-6830-01A",TRUE,"PCD_C2"
"5454d044-11f0-4fc8-9571-c6ea75327192.methylation_array.sesame.level3betas.txt","a30a4fc4-df09-4b5f-87f0-6a155f751359","TCGA-91-6831","TCGA-91-6831-01A","TCGA-91-6831-01A-11D-1856-05","Primary Tumor","Illumina Human Methylation 450","TCGA-91-6831-01A-11R-1858-07","TCGA-91-6831-01A",TRUE,"PCD_C2"
"09aec774-ecf2-419b-971a-7b82a7bcc228.methylation_array.sesame.level3betas.txt","c159bded-3212-44c3-bdb5-3027c865edc7","TCGA-91-6835","TCGA-91-6835-01A","TCGA-91-6835-01A-11D-1856-05","Primary Tumor","Illumina Human Methylation 450","TCGA-91-6835-01A-11R-1858-07","TCGA-91-6835-01A",TRUE,"PCD_C1"
"33a57ad0-8d3b-43e6-9b67-ca0a1df7da85.methylation_array.sesame.level3betas.txt","9e2e96e4-8583-4bd7-8071-9ab9011bd3c3","TCGA-91-6836","TCGA-91-6836-01A","TCGA-91-6836-01A-21D-1856-05","Primary Tumor","Illumina Human Methylation 450","TCGA-91-6836-01A-21R-1858-07","TCGA-91-6836-01A",TRUE,"PCD_C1"
"6aac8098-3a0c-41e1-9581-ef184fec875e.methylation_array.sesame.level3betas.txt","533af58d-4219-4946-93db-dc8cb0529524","TCGA-91-6840","TCGA-91-6840-01A","TCGA-91-6840-01A-11D-1947-05","Primary Tumor","Illumina Human Methylation 450","TCGA-91-6840-01A-11R-1949-07","TCGA-91-6840-01A",TRUE,"PCD_C1"
"9b2810ac-ecd7-475a-a6d4-6994a501a388.methylation_array.sesame.level3betas.txt","982615c8-e021-4a72-ac3b-4915cc3701e6","TCGA-91-6847","TCGA-91-6847-01A","TCGA-91-6847-01A-11D-1947-05","Primary Tumor","Illumina Human Methylation 450","TCGA-91-6847-01A-11R-1949-07","TCGA-91-6847-01A",TRUE,"PCD_C2"
"bf6ffed2-bc16-404e-be91-2158ccdcdc20.methylation_array.sesame.level3betas.txt","cbaa1a87-5373-4fa0-b2b5-d14bf3a93046","TCGA-91-6848","TCGA-91-6848-01A","TCGA-91-6848-01A-11D-1947-05","Primary Tumor","Illumina Human Methylation 450","TCGA-91-6848-01A-11R-1949-07","TCGA-91-6848-01A",TRUE,"PCD_C1"
"b5308f46-85c9-4d8b-be53-aafa0fcf80a1.methylation_array.sesame.level3betas.txt","c456435e-5288-4500-ac58-4b0d77d2e3d9","TCGA-91-6849","TCGA-91-6849-01A","TCGA-91-6849-01A-11D-1947-05","Primary Tumor","Illumina Human Methylation 450","TCGA-91-6849-01A-11R-1949-07","TCGA-91-6849-01A",TRUE,"PCD_C2"
"bd22efc4-c3a7-44cb-ab2d-b536e4f6b70e.methylation_array.sesame.level3betas.txt","c4514307-91f1-46d8-9b5a-871e68532a86","TCGA-91-7771","TCGA-91-7771-01A","TCGA-91-7771-01A-11D-2168-05","Primary Tumor","Illumina Human Methylation 450","TCGA-91-7771-01A-11R-2170-07","TCGA-91-7771-01A",TRUE,"PCD_C1"
"583056b5-2740-4818-a407-ddb601069005.methylation_array.sesame.level3betas.txt","d8a68991-428b-4642-ac86-de59942d7a3d","TCGA-91-8496","TCGA-91-8496-01A","TCGA-91-8496-01A-11D-2398-05","Primary Tumor","Illumina Human Methylation 450","TCGA-91-8496-01A-11R-2403-07","TCGA-91-8496-01A",TRUE,"PCD_C1"
"aaa133a2-fa28-4ac3-af6a-85c2e342344f.methylation_array.sesame.level3betas.txt","d4be60da-1a8e-4bf7-b104-8129cd36722e","TCGA-91-8497","TCGA-91-8497-01A","TCGA-91-8497-01A-11D-2398-05","Primary Tumor","Illumina Human Methylation 450","TCGA-91-8497-01A-11R-2403-07","TCGA-91-8497-01A",TRUE,"PCD_C1"
"67ae52b9-292d-4ac7-afa7-b93fb5cc97a8.methylation_array.sesame.level3betas.txt","26fe9119-2dd8-43d6-878d-90a6a99c8295","TCGA-91-8499","TCGA-91-8499-01A","TCGA-91-8499-01A-11D-2398-05","Primary Tumor","Illumina Human Methylation 450","TCGA-91-8499-01A-11R-2403-07","TCGA-91-8499-01A",TRUE,"PCD_C1"
"0bb7c33d-924e-42e6-a7e5-56f5b443785b.methylation_array.sesame.level3betas.txt","12223162-3567-43ab-9d84-639b4af1b385","TCGA-91-A4BC","TCGA-91-A4BC-01A","TCGA-91-A4BC-01A-11D-A24I-05","Primary Tumor","Illumina Human Methylation 450","TCGA-91-A4BC-01A-11R-A24H-07","TCGA-91-A4BC-01A",TRUE,"PCD_C2"
"558ca02b-1429-41a9-9c8b-86e072bf86ed.methylation_array.sesame.level3betas.txt","a09759bf-5949-449b-a192-ddbb3d755e51","TCGA-91-A4BD","TCGA-91-A4BD-01A","TCGA-91-A4BD-01A-11D-A24I-05","Primary Tumor","Illumina Human Methylation 450","TCGA-91-A4BD-01A-11R-A24H-07","TCGA-91-A4BD-01A",TRUE,"PCD_C1"
"af6f4c6e-aefe-4a78-868c-53e83e4796a5.methylation_array.sesame.level3betas.txt","4a93ba1d-b4b2-4ea6-bf55-378e511d700a","TCGA-93-7347","TCGA-93-7347-01A","TCGA-93-7347-01A-11D-2185-05","Primary Tumor","Illumina Human Methylation 450","TCGA-93-7347-01A-11R-2187-07","TCGA-93-7347-01A",TRUE,"PCD_C1"
"aecf84a6-2446-48bd-8ab0-ab5b787f9acf.methylation_array.sesame.level3betas.txt","95765841-e606-4094-816f-59abeccad497","TCGA-93-7348","TCGA-93-7348-01A","TCGA-93-7348-01A-21D-2037-05","Primary Tumor","Illumina Human Methylation 450","TCGA-93-7348-01A-21R-2039-07","TCGA-93-7348-01A",TRUE,"PCD_C1"
"00291abb-0e5d-4deb-9246-ad0fea045aa6.methylation_array.sesame.level3betas.txt","96d8602a-4c5a-466b-8dd4-ddc2ed9ef8f1","TCGA-93-8067","TCGA-93-8067-01A","TCGA-93-8067-01A-11D-2285-05","Primary Tumor","Illumina Human Methylation 450","TCGA-93-8067-01A-11R-2287-07","TCGA-93-8067-01A",TRUE,"PCD_C2"
"a06c8019-c063-450b-92f3-4f39568361e4.methylation_array.sesame.level3betas.txt","99204ca7-9dd0-4422-951e-19da468967e1","TCGA-93-A4JN","TCGA-93-A4JN-01A","TCGA-93-A4JN-01A-11D-A24U-05","Primary Tumor","Illumina Human Methylation 450","TCGA-93-A4JN-01A-11R-A24X-07","TCGA-93-A4JN-01A",TRUE,"PCD_C1"
"b6918638-d225-4fe3-abd6-051d253a4f5a.methylation_array.sesame.level3betas.txt","ecc92694-bba1-4027-82d4-990c60ca4143","TCGA-93-A4JO","TCGA-93-A4JO-01A","TCGA-93-A4JO-01A-21D-A24U-05","Primary Tumor","Illumina Human Methylation 450","TCGA-93-A4JO-01A-21R-A24X-07","TCGA-93-A4JO-01A",TRUE,"PCD_C2"
"ccabb2aa-6579-44b7-88ea-de029bd025ed.methylation_array.sesame.level3betas.txt","cfa0bdf2-1f05-454a-99ee-f928faa74ec9","TCGA-93-A4JP","TCGA-93-A4JP-01A","TCGA-93-A4JP-01A-11D-A24U-05","Primary Tumor","Illumina Human Methylation 450","TCGA-93-A4JP-01A-11R-A24X-07","TCGA-93-A4JP-01A",TRUE,"PCD_C1"
"92b14a19-f970-432d-ba52-0c3767434df2.methylation_array.sesame.level3betas.txt","37484626-fb78-408b-92f4-2b7b3f77c76b","TCGA-93-A4JQ","TCGA-93-A4JQ-01A","TCGA-93-A4JQ-01A-11D-A24U-05","Primary Tumor","Illumina Human Methylation 450","TCGA-93-A4JQ-01A-11R-A24X-07","TCGA-93-A4JQ-01A",TRUE,"PCD_C2"
"7d0d1e37-a610-4e77-9d6b-79ca0f72cf9a.methylation_array.sesame.level3betas.txt","5c6fc3b8-94f8-4a2b-af54-79c56c2ce38a","TCGA-95-7039","TCGA-95-7039-01A","TCGA-95-7039-01A-11D-1947-05","Primary Tumor","Illumina Human Methylation 450","TCGA-95-7039-01A-11R-1949-07","TCGA-95-7039-01A",TRUE,"PCD_C2"
"a472e1c8-4a94-4b20-a3ca-8bdfd29cdec5.methylation_array.sesame.level3betas.txt","3e3c799b-a3c4-4e6f-802a-5504d3312ef2","TCGA-95-7043","TCGA-95-7043-01A","TCGA-95-7043-01A-11D-1947-05","Primary Tumor","Illumina Human Methylation 450","TCGA-95-7043-01A-11R-1949-07","TCGA-95-7043-01A",TRUE,"PCD_C2"
"5b8ea26b-d10a-4d1a-9fcb-0ca7da81da46.methylation_array.sesame.level3betas.txt","b5dbc765-9f95-45c3-ac37-cc99ffffba56","TCGA-95-7562","TCGA-95-7562-01A","TCGA-95-7562-01A-11D-2239-05","Primary Tumor","Illumina Human Methylation 450","TCGA-95-7562-01A-11R-2241-07","TCGA-95-7562-01A",TRUE,"PCD_C2"
"8779e3b7-007f-4f1b-a7b2-a5b10c83da78.methylation_array.sesame.level3betas.txt","4ddcf508-e0b9-4769-934f-a07dc8825f4a","TCGA-95-7567","TCGA-95-7567-01A","TCGA-95-7567-01A-11D-2064-05","Primary Tumor","Illumina Human Methylation 450","TCGA-95-7567-01A-11R-2066-07","TCGA-95-7567-01A",TRUE,"PCD_C1"
"b69fdbe4-a747-45f2-8890-192520e33356.methylation_array.sesame.level3betas.txt","72a886a7-8936-4fa0-bd21-4e90ca212d38","TCGA-95-7944","TCGA-95-7944-01A","TCGA-95-7944-01A-11D-2185-05","Primary Tumor","Illumina Human Methylation 450","TCGA-95-7944-01A-11R-2187-07","TCGA-95-7944-01A",TRUE,"PCD_C1"
"1fa56eb6-f457-40a9-bc78-8b5e0e6e33c4.methylation_array.sesame.level3betas.txt","cd1fa5b0-0507-4963-b654-54b375f0e481","TCGA-95-7947","TCGA-95-7947-01A","TCGA-95-7947-01A-11D-2185-05","Primary Tumor","Illumina Human Methylation 450","TCGA-95-7947-01A-11R-2187-07","TCGA-95-7947-01A",TRUE,"PCD_C1"
"aacbb9f4-a294-41e6-85fb-f1621c0846af.methylation_array.sesame.level3betas.txt","23262c50-eb20-4a21-8342-de9ed0ed2a95","TCGA-95-7948","TCGA-95-7948-01A","TCGA-95-7948-01A-11D-2185-05","Primary Tumor","Illumina Human Methylation 450","TCGA-95-7948-01A-11R-2187-07","TCGA-95-7948-01A",TRUE,"PCD_C2"
"1307e72c-85ae-473f-81f8-6a8e0d5baeb9.methylation_array.sesame.level3betas.txt","c8292a98-f777-465f-8642-87d72d54a351","TCGA-95-8039","TCGA-95-8039-01A","TCGA-95-8039-01A-11D-2239-05","Primary Tumor","Illumina Human Methylation 450","TCGA-95-8039-01A-11R-2241-07","TCGA-95-8039-01A",TRUE,"PCD_C1"
"233b6bf8-f204-44d8-b1bf-23bef6bd6f1b.methylation_array.sesame.level3betas.txt","7ecc8719-4027-4f72-af05-21d197940d47","TCGA-95-8494","TCGA-95-8494-01A","TCGA-95-8494-01A-11D-2324-05","Primary Tumor","Illumina Human Methylation 450","TCGA-95-8494-01A-11R-2326-07","TCGA-95-8494-01A",TRUE,"PCD_C1"
"6c3fe47a-8ef7-4e71-92ab-803ad0ec1e5e.methylation_array.sesame.level3betas.txt","0d14723e-940c-4cce-b4ee-88d56dc33df6","TCGA-95-A4VK","TCGA-95-A4VK-01A","TCGA-95-A4VK-01A-11D-A25R-05","Primary Tumor","Illumina Human Methylation 450","TCGA-95-A4VK-01A-11R-A262-07","TCGA-95-A4VK-01A",TRUE,"PCD_C1"
"99d6d19a-2584-421b-8337-3f1e4a9eed52.methylation_array.sesame.level3betas.txt","7e7e2fcf-b934-4665-84f3-d5ac0175e7ad","TCGA-95-A4VN","TCGA-95-A4VN-01A","TCGA-95-A4VN-01A-11D-A25R-05","Primary Tumor","Illumina Human Methylation 450","TCGA-95-A4VN-01A-11R-A262-07","TCGA-95-A4VN-01A",TRUE,"PCD_C1"
"7b13dfaf-40ce-4ec4-9da5-179a766a800b.methylation_array.sesame.level3betas.txt","3d275f89-9d70-454b-8219-01c908e16956","TCGA-95-A4VP","TCGA-95-A4VP-01A","TCGA-95-A4VP-01A-21D-A25R-05","Primary Tumor","Illumina Human Methylation 450","TCGA-95-A4VP-01A-21R-A262-07","TCGA-95-A4VP-01A",TRUE,"PCD_C1"
"e3e963f8-8581-4bcc-9cc4-818b7b775418.methylation_array.sesame.level3betas.txt","09308bf5-c28e-409c-b35b-08947d469c2f","TCGA-97-7546","TCGA-97-7546-01A","TCGA-97-7546-01A-11D-2037-05","Primary Tumor","Illumina Human Methylation 450","TCGA-97-7546-01A-11R-2039-07","TCGA-97-7546-01A",TRUE,"PCD_C1"
"a3457a29-bd01-4064-ae08-b857797236ea.methylation_array.sesame.level3betas.txt","f4a60f3f-1b46-40c9-b6b4-ead20af81877","TCGA-97-7547","TCGA-97-7547-01A","TCGA-97-7547-01A-11D-2037-05","Primary Tumor","Illumina Human Methylation 450","TCGA-97-7547-01A-11R-2039-07","TCGA-97-7547-01A",TRUE,"PCD_C1"
"eceddb0e-9695-4e07-93ac-5c38427db790.methylation_array.sesame.level3betas.txt","08903226-0250-44d7-a171-957fd7a84dd3","TCGA-97-7552","TCGA-97-7552-01A","TCGA-97-7552-01A-11D-2037-05","Primary Tumor","Illumina Human Methylation 450","TCGA-97-7552-01A-11R-2039-07","TCGA-97-7552-01A",TRUE,"PCD_C1"
"a4144e04-d452-4f59-992f-b5aae0f33ca1.methylation_array.sesame.level3betas.txt","2389690f-a6b7-4cf5-a0ea-b4ee86359e65","TCGA-97-7553","TCGA-97-7553-01A","TCGA-97-7553-01A-21D-2037-05","Primary Tumor","Illumina Human Methylation 450","TCGA-97-7553-01A-21R-2039-07","TCGA-97-7553-01A",TRUE,"PCD_C1"
"5ac39c18-b055-4a03-a3ac-26cae4e62fe0.methylation_array.sesame.level3betas.txt","5a416ece-fee1-4efd-9338-7bbb0941dfac","TCGA-97-7554","TCGA-97-7554-01A","TCGA-97-7554-01A-11D-2037-05","Primary Tumor","Illumina Human Methylation 450","TCGA-97-7554-01A-11R-2039-07","TCGA-97-7554-01A",TRUE,"PCD_C1"
"bf9a2e4c-ad86-4ff7-bd6a-9794a03f8eae.methylation_array.sesame.level3betas.txt","3a460e93-e959-4674-95f9-be947b10a292","TCGA-97-7937","TCGA-97-7937-01A","TCGA-97-7937-01A-11D-2168-05","Primary Tumor","Illumina Human Methylation 450","TCGA-97-7937-01A-11R-2170-07","TCGA-97-7937-01A",TRUE,"PCD_C2"
"19bcd2a6-109d-43eb-b321-e939a7e90860.methylation_array.sesame.level3betas.txt","810f178d-e6bf-4e04-86b6-92c218e9a7c6","TCGA-97-7938","TCGA-97-7938-01A","TCGA-97-7938-01A-11D-2168-05","Primary Tumor","Illumina Human Methylation 450","TCGA-97-7938-01A-11R-2170-07","TCGA-97-7938-01A",TRUE,"PCD_C1"
"3e16b156-1909-4236-832d-aeb3470dee9d.methylation_array.sesame.level3betas.txt","dbab6ccd-3b26-4b5a-bf11-f381f1091316","TCGA-97-7941","TCGA-97-7941-01A","TCGA-97-7941-01A-11D-2185-05","Primary Tumor","Illumina Human Methylation 450","TCGA-97-7941-01A-11R-2187-07","TCGA-97-7941-01A",TRUE,"PCD_C1"
"8a99d76b-19f2-43c8-bf27-159b3e33672a.methylation_array.sesame.level3betas.txt","29b265aa-8ee3-4a9f-87bb-44c00ecbcd9a","TCGA-97-8171","TCGA-97-8171-01A","TCGA-97-8171-01A-11D-2285-05","Primary Tumor","Illumina Human Methylation 450","TCGA-97-8171-01A-11R-2287-07","TCGA-97-8171-01A",TRUE,"PCD_C1"
"71254763-5a5c-4b57-bfb1-ed7f9bc0f496.methylation_array.sesame.level3betas.txt","e146cd56-0abf-47a4-85fa-3d9aaf6291a3","TCGA-97-8172","TCGA-97-8172-01A","TCGA-97-8172-01A-11D-2285-05","Primary Tumor","Illumina Human Methylation 450","TCGA-97-8172-01A-11R-2287-07","TCGA-97-8172-01A",TRUE,"PCD_C1"
"e286153e-49f4-4ab9-8b2c-65117189ff21.methylation_array.sesame.level3betas.txt","3abc3c95-5d8a-4aab-88f8-31e3ce20d95b","TCGA-97-8174","TCGA-97-8174-01A","TCGA-97-8174-01A-11D-2285-05","Primary Tumor","Illumina Human Methylation 450","TCGA-97-8174-01A-11R-2287-07","TCGA-97-8174-01A",TRUE,"PCD_C1"
"fd5fbcb4-dd9f-45ad-9e65-e7b4e1064563.methylation_array.sesame.level3betas.txt","47d21694-875f-451f-a9e9-dad1da4bebb7","TCGA-97-8175","TCGA-97-8175-01A","TCGA-97-8175-01A-11D-2285-05","Primary Tumor","Illumina Human Methylation 450","TCGA-97-8175-01A-11R-2287-07","TCGA-97-8175-01A",TRUE,"PCD_C1"
"60e60da6-b554-40c5-b063-fb8668d0d8b1.methylation_array.sesame.level3betas.txt","c364942b-3b35-462b-aa00-4e168f6148fd","TCGA-97-8176","TCGA-97-8176-01A","TCGA-97-8176-01A-11D-2398-05","Primary Tumor","Illumina Human Methylation 450","TCGA-97-8176-01A-11R-2403-07","TCGA-97-8176-01A",TRUE,"PCD_C2"
"8c15c3b6-f073-4d82-b3f6-7059af72a034.methylation_array.sesame.level3betas.txt","ecbf9c01-e26d-4110-91f3-9a13684b1bfc","TCGA-97-8177","TCGA-97-8177-01A","TCGA-97-8177-01A-11D-2285-05","Primary Tumor","Illumina Human Methylation 450","TCGA-97-8177-01A-11R-2287-07","TCGA-97-8177-01A",TRUE,"PCD_C1"
"d169b349-f5a8-45ae-a716-b48d2dad126b.methylation_array.sesame.level3betas.txt","1c6bdb3f-adcd-4745-b696-002cf66a99a2","TCGA-97-8179","TCGA-97-8179-01A","TCGA-97-8179-01A-11D-2285-05","Primary Tumor","Illumina Human Methylation 450","TCGA-97-8179-01A-11R-2287-07","TCGA-97-8179-01A",TRUE,"PCD_C2"
"03f87100-cefa-403f-bcea-63de1b1e8c2b.methylation_array.sesame.level3betas.txt","7a1fa339-b02d-4d91-89e8-a869f08d61d8","TCGA-97-8547","TCGA-97-8547-01A","TCGA-97-8547-01A-11D-2398-05","Primary Tumor","Illumina Human Methylation 450","TCGA-97-8547-01A-11R-2403-07","TCGA-97-8547-01A",TRUE,"PCD_C1"
"326da79d-0e4a-4103-9dc4-1baa048cd11b.methylation_array.sesame.level3betas.txt","3ce0d68a-626f-47f7-8ec6-e9ba97a70a7b","TCGA-97-8552","TCGA-97-8552-01A","TCGA-97-8552-01A-11D-2398-05","Primary Tumor","Illumina Human Methylation 450","TCGA-97-8552-01A-11R-2403-07","TCGA-97-8552-01A",TRUE,"PCD_C1"
"07a7ade9-57f9-4d3c-a8e7-3adab4a415cb.methylation_array.sesame.level3betas.txt","50794856-6714-4467-b748-8d0ea49c9af6","TCGA-97-A4LX","TCGA-97-A4LX-01A","TCGA-97-A4LX-01A-11D-A24U-05","Primary Tumor","Illumina Human Methylation 450","TCGA-97-A4LX-01A-11R-A24X-07","TCGA-97-A4LX-01A",TRUE,"PCD_C1"
"608d570a-0d50-4fc0-a2f4-4554d8df533c.methylation_array.sesame.level3betas.txt","beb8ac01-a780-4ebc-8521-73c9b69d0d51","TCGA-97-A4M0","TCGA-97-A4M0-01A","TCGA-97-A4M0-01A-11D-A24U-05","Primary Tumor","Illumina Human Methylation 450","TCGA-97-A4M0-01A-11R-A24X-07","TCGA-97-A4M0-01A",TRUE,"PCD_C1"
"391de967-1fed-4b09-991f-313675e9e153.methylation_array.sesame.level3betas.txt","aaed597b-1f13-4495-ad64-d01510fe556e","TCGA-97-A4M1","TCGA-97-A4M1-01A","TCGA-97-A4M1-01A-11D-A24U-05","Primary Tumor","Illumina Human Methylation 450","TCGA-97-A4M1-01A-11R-A24X-07","TCGA-97-A4M1-01A",TRUE,"PCD_C1"
"843cee5d-e358-4e25-84bb-8a2e40bbbcbe.methylation_array.sesame.level3betas.txt","4aca6287-3ce8-42a6-b36a-d0da847c871a","TCGA-97-A4M2","TCGA-97-A4M2-01A","TCGA-97-A4M2-01A-12D-A24U-05","Primary Tumor","Illumina Human Methylation 450","TCGA-97-A4M2-01A-12R-A24X-07","TCGA-97-A4M2-01A",TRUE,"PCD_C1"
"6c93529c-fde4-45d3-b6dd-19877cd5b47b.methylation_array.sesame.level3betas.txt","86299ed8-b829-4818-b63b-eb8f7b5ce9c6","TCGA-97-A4M3","TCGA-97-A4M3-01A","TCGA-97-A4M3-01A-11D-A24U-05","Primary Tumor","Illumina Human Methylation 450","TCGA-97-A4M3-01A-11R-A24X-07","TCGA-97-A4M3-01A",TRUE,"PCD_C2"
"e0e0e41d-ffaf-42e8-80f3-36c68ddd28a1.methylation_array.sesame.level3betas.txt","6e128395-b765-4238-8bee-8d0b0d9a9888","TCGA-97-A4M5","TCGA-97-A4M5-01A","TCGA-97-A4M5-01A-11D-A24U-05","Primary Tumor","Illumina Human Methylation 450","TCGA-97-A4M5-01A-11R-A24X-07","TCGA-97-A4M5-01A",TRUE,"PCD_C1"
"cfc139cc-1e7d-47b9-896f-1a646988f338.methylation_array.sesame.level3betas.txt","a5c20dde-ba99-4ad2-ab84-45997c9e010b","TCGA-97-A4M6","TCGA-97-A4M6-01A","TCGA-97-A4M6-01A-11D-A24U-05","Primary Tumor","Illumina Human Methylation 450","TCGA-97-A4M6-01A-11R-A24X-07","TCGA-97-A4M6-01A",TRUE,"PCD_C1"
"1242aeeb-e24a-4bdc-9f7c-62decc962ee9.methylation_array.sesame.level3betas.txt","2e8682c9-4af6-4579-800f-6a77369c6aa3","TCGA-97-A4M7","TCGA-97-A4M7-01A","TCGA-97-A4M7-01A-11D-A24U-05","Primary Tumor","Illumina Human Methylation 450","TCGA-97-A4M7-01A-11R-A24X-07","TCGA-97-A4M7-01A",TRUE,"PCD_C1"
"aaa48115-9a20-4a8d-b756-85f7a6beafd3.methylation_array.sesame.level3betas.txt","d695292a-aa40-4260-8c69-9ba45631d1d1","TCGA-99-7458","TCGA-99-7458-01A","TCGA-99-7458-01A-11D-2037-05","Primary Tumor","Illumina Human Methylation 450","TCGA-99-7458-01A-11R-2039-07","TCGA-99-7458-01A",TRUE,"PCD_C1"
"7da6a36d-73ae-4392-8eb9-56657aa70c4d.methylation_array.sesame.level3betas.txt","c04f940f-fe0b-4d0b-a94a-1083c63ea952","TCGA-99-8025","TCGA-99-8025-01A","TCGA-99-8025-01A-11D-2239-05","Primary Tumor","Illumina Human Methylation 450","TCGA-99-8025-01A-11R-2241-07","TCGA-99-8025-01A",TRUE,"PCD_C2"
"a9e10388-6292-47ba-aa27-d8fbbe81db60.methylation_array.sesame.level3betas.txt","ebc0d57c-e9f8-44e6-922e-6b39bbbcb0fe","TCGA-99-8028","TCGA-99-8028-01A","TCGA-99-8028-01A-11D-2239-05","Primary Tumor","Illumina Human Methylation 450","TCGA-99-8028-01A-11R-2241-07","TCGA-99-8028-01A",TRUE,"PCD_C1"
"592bc2c0-85f2-47a2-a2b7-125c74a0f5b0.methylation_array.sesame.level3betas.txt","1a91e3e4-a06e-4d00-9498-797c604222f9","TCGA-99-8032","TCGA-99-8032-01A","TCGA-99-8032-01A-11D-2239-05","Primary Tumor","Illumina Human Methylation 450","TCGA-99-8032-01A-11R-2241-07","TCGA-99-8032-01A",TRUE,"PCD_C2"
"0e08b131-e3df-4a84-aa08-b252e9cdff7b.methylation_array.sesame.level3betas.txt","dc9196d9-0669-4965-ae19-be1d4d94bf96","TCGA-99-8033","TCGA-99-8033-01A","TCGA-99-8033-01A-11D-2239-05","Primary Tumor","Illumina Human Methylation 450","TCGA-99-8033-01A-11R-2241-07","TCGA-99-8033-01A",TRUE,"PCD_C2"
"fbc538bb-af5f-4c95-a528-53b29416ca81.methylation_array.sesame.level3betas.txt","61b39972-b2ce-44b3-a820-3357412f27a3","TCGA-99-AA5R","TCGA-99-AA5R-01A","TCGA-99-AA5R-01A-11D-A398-05","Primary Tumor","Illumina Human Methylation 450","TCGA-99-AA5R-01A-11R-A39D-07","TCGA-99-AA5R-01A",TRUE,"PCD_C1"
"863baabd-5f57-4617-8737-ef296cb75ba9.methylation_array.sesame.level3betas.txt","a434db66-c204-412c-97a5-b5cbb8ab3963","TCGA-J2-8192","TCGA-J2-8192-01A","TCGA-J2-8192-01A-11D-2239-05","Primary Tumor","Illumina Human Methylation 450","TCGA-J2-8192-01A-11R-2241-07","TCGA-J2-8192-01A",TRUE,"PCD_C1"
"c9c05811-41fe-46ad-8c44-dfdcf7cbda02.methylation_array.sesame.level3betas.txt","7ea826d5-76ee-4362-b856-f17d9c9fad78","TCGA-J2-8194","TCGA-J2-8194-01A","TCGA-J2-8194-01A-11D-2239-05","Primary Tumor","Illumina Human Methylation 450","TCGA-J2-8194-01A-11R-2241-07","TCGA-J2-8194-01A",TRUE,"PCD_C2"
"eefa1fcf-e66c-4fda-977f-6f7dd548dc3b.methylation_array.sesame.level3betas.txt","04453143-5972-4c23-a86a-c951b1f5a552","TCGA-J2-A4AD","TCGA-J2-A4AD-01A","TCGA-J2-A4AD-01A-11D-A24I-05","Primary Tumor","Illumina Human Methylation 450","TCGA-J2-A4AD-01A-11R-A24H-07","TCGA-J2-A4AD-01A",TRUE,"PCD_C2"
"b01fbd55-8406-416e-8c4e-1b13a22b232e.methylation_array.sesame.level3betas.txt","79e1051e-20ea-4bea-a981-71416f89df04","TCGA-J2-A4AE","TCGA-J2-A4AE-01A","TCGA-J2-A4AE-01A-21D-A24I-05","Primary Tumor","Illumina Human Methylation 450","TCGA-J2-A4AE-01A-21R-A24H-07","TCGA-J2-A4AE-01A",TRUE,"PCD_C2"
"ae5bf0ca-c01f-4a53-92c5-6b0806d5583a.methylation_array.sesame.level3betas.txt","b1b934c9-037c-4e38-b5f3-5bccd93e6556","TCGA-J2-A4AG","TCGA-J2-A4AG-01A","TCGA-J2-A4AG-01A-11D-A24I-05","Primary Tumor","Illumina Human Methylation 450","TCGA-J2-A4AG-01A-11R-A24H-07","TCGA-J2-A4AG-01A",TRUE,"PCD_C1"
"7821689b-dac5-4e60-a939-3afe18028134.methylation_array.sesame.level3betas.txt","4579109d-fb7e-4c71-966a-728ace9e7694","TCGA-L4-A4E5","TCGA-L4-A4E5-01A","TCGA-L4-A4E5-01A-11D-A24U-05","Primary Tumor","Illumina Human Methylation 450","TCGA-L4-A4E5-01A-11R-A24X-07","TCGA-L4-A4E5-01A",TRUE,"PCD_C2"
"dd976a25-dcd9-44ff-8fe4-3ab62f58bc5d.methylation_array.sesame.level3betas.txt","f485b192-edc7-4d98-bb63-06a6f40b527f","TCGA-L4-A4E6","TCGA-L4-A4E6-01A","TCGA-L4-A4E6-01A-11D-A24I-05","Primary Tumor","Illumina Human Methylation 450","TCGA-L4-A4E6-01A-11R-A24H-07","TCGA-L4-A4E6-01A",TRUE,"PCD_C1"
"e302d3a1-c98a-49ab-a38d-c8e6320b15b0.methylation_array.sesame.level3betas.txt","807ddda8-ac26-4a50-80e5-658f6dbd1f69","TCGA-L9-A443","TCGA-L9-A443-01A","TCGA-L9-A443-01A-12D-A24I-05","Primary Tumor","Illumina Human Methylation 450","TCGA-L9-A443-01A-12R-A24H-07","TCGA-L9-A443-01A",TRUE,"PCD_C1"
"b3f82b96-cd1e-4557-947c-223739b0fcb8.methylation_array.sesame.level3betas.txt","777ed88d-a1ca-489a-9927-32602c77b539","TCGA-L9-A444","TCGA-L9-A444-01A","TCGA-L9-A444-01A-21D-A24I-05","Primary Tumor","Illumina Human Methylation 450","TCGA-L9-A444-01A-21R-A24H-07","TCGA-L9-A444-01A",TRUE,"PCD_C1"
"3ec49c77-863c-453f-ac97-c76f691e4008.methylation_array.sesame.level3betas.txt","209dc9c2-3e38-41b5-8c7e-f6e422b8dbbb","TCGA-L9-A50W","TCGA-L9-A50W-01A","TCGA-L9-A50W-01A-12D-A398-05","Primary Tumor","Illumina Human Methylation 450","TCGA-L9-A50W-01A-12R-A39D-07","TCGA-L9-A50W-01A",TRUE,"PCD_C1"
"7aa09ce4-8373-40b0-a4d1-148e4eaccd55.methylation_array.sesame.level3betas.txt","2c830ceb-c805-4410-b40d-115f5149f417","TCGA-L9-A5IP","TCGA-L9-A5IP-01A","TCGA-L9-A5IP-01A-21D-A398-05","Primary Tumor","Illumina Human Methylation 450","TCGA-L9-A5IP-01A-21R-A39D-07","TCGA-L9-A5IP-01A",TRUE,"PCD_C2"
"69cfa81f-a7b9-46d5-a89f-ef79bd65e5cc.methylation_array.sesame.level3betas.txt","9e711594-b012-4d84-aa47-5f893690c793","TCGA-L9-A743","TCGA-L9-A743-01A","TCGA-L9-A743-01A-43D-A398-05","Primary Tumor","Illumina Human Methylation 450","TCGA-L9-A743-01A-43R-A39D-07","TCGA-L9-A743-01A",TRUE,"PCD_C1"
"907ee112-fb3c-4002-9795-7d60ef6eb4fa.methylation_array.sesame.level3betas.txt","2fb23eea-c5de-49d0-9c50-95038fc7c157","TCGA-L9-A7SV","TCGA-L9-A7SV-01A","TCGA-L9-A7SV-01A-11D-A398-05","Primary Tumor","Illumina Human Methylation 450","TCGA-L9-A7SV-01A-11R-A39D-07","TCGA-L9-A7SV-01A",TRUE,"PCD_C1"
"968f4bf5-5395-4a2d-a34b-e8543743d934.methylation_array.sesame.level3betas.txt","ae7275dd-d6c4-4786-b710-35b270d4050f","TCGA-L9-A8F4","TCGA-L9-A8F4-01A","TCGA-L9-A8F4-01A-11D-A398-05","Primary Tumor","Illumina Human Methylation 450","TCGA-L9-A8F4-01A-11R-A39D-07","TCGA-L9-A8F4-01A",TRUE,"PCD_C2"
"937b28f6-5e66-462f-bd3a-897452d9b373.methylation_array.sesame.level3betas.txt","c865dfdb-42bd-4700-9a91-eac2b56a3cb3","TCGA-MN-A4N1","TCGA-MN-A4N1-01A","TCGA-MN-A4N1-01A-11D-A24U-05","Primary Tumor","Illumina Human Methylation 450","TCGA-MN-A4N1-01A-11R-A24X-07","TCGA-MN-A4N1-01A",TRUE,"PCD_C2"
"e4427126-5425-4628-a7ec-c5de397a77a2.methylation_array.sesame.level3betas.txt","c201af42-0040-4d46-8d65-9d6e6647c35b","TCGA-MN-A4N4","TCGA-MN-A4N4-01A","TCGA-MN-A4N4-01A-12D-A24U-05","Primary Tumor","Illumina Human Methylation 450","TCGA-MN-A4N4-01A-12R-A24X-07","TCGA-MN-A4N4-01A",TRUE,"PCD_C2"
"fa12fb27-04af-4e8b-b0a2-0e2e2c56c044.methylation_array.sesame.level3betas.txt","a13c34af-ec29-4c37-a19e-0a0b9d6b36a9","TCGA-MN-A4N5","TCGA-MN-A4N5-01A","TCGA-MN-A4N5-01A-11D-A24U-05","Primary Tumor","Illumina Human Methylation 450","TCGA-MN-A4N5-01A-11R-A24X-07","TCGA-MN-A4N5-01A",TRUE,"PCD_C1"
"80e60be0-b21c-42fa-a8f9-aca032dfd2c5.methylation_array.sesame.level3betas.txt","61277530-2207-45be-bb00-b9ad813a85c9","TCGA-MP-A4SV","TCGA-MP-A4SV-01A","TCGA-MP-A4SV-01A-11D-A24U-05","Primary Tumor","Illumina Human Methylation 450","TCGA-MP-A4SV-01A-11R-A24X-07","TCGA-MP-A4SV-01A",TRUE,"PCD_C1"
"5260f7f2-f2eb-432d-b02f-cbd74ed89f58.methylation_array.sesame.level3betas.txt","a96b1164-baf8-42a9-a8ad-219b6518e234","TCGA-MP-A4SW","TCGA-MP-A4SW-01A","TCGA-MP-A4SW-01A-21D-A24U-05","Primary Tumor","Illumina Human Methylation 450","TCGA-MP-A4SW-01A-21R-A24X-07","TCGA-MP-A4SW-01A",TRUE,"PCD_C1"
"8f690cca-96cc-4c17-b15f-627df01a1e06.methylation_array.sesame.level3betas.txt","729b7ccc-4e5f-4d78-85ad-2ac67d091e95","TCGA-MP-A4SY","TCGA-MP-A4SY-01A","TCGA-MP-A4SY-01A-21D-A24U-05","Primary Tumor","Illumina Human Methylation 450","TCGA-MP-A4SY-01A-21R-A24X-07","TCGA-MP-A4SY-01A",TRUE,"PCD_C1"
"62d4dcc9-0549-4c6a-916b-f8e99f0aee96.methylation_array.sesame.level3betas.txt","8c3462b8-10e4-4bdf-beb1-0bc009e5b0e6","TCGA-MP-A4T4","TCGA-MP-A4T4-01A","TCGA-MP-A4T4-01A-11D-A25R-05","Primary Tumor","Illumina Human Methylation 450","TCGA-MP-A4T4-01A-11R-A262-07","TCGA-MP-A4T4-01A",TRUE,"PCD_C1"
"aa0ebc08-6ca8-4027-8cf1-0f2b231be0d3.methylation_array.sesame.level3betas.txt","740e79c4-19e4-4759-a43b-18a34c3216e9","TCGA-MP-A4T6","TCGA-MP-A4T6-01A","TCGA-MP-A4T6-01A-32D-A25R-05","Primary Tumor","Illumina Human Methylation 450","TCGA-MP-A4T6-01A-32R-A262-07","TCGA-MP-A4T6-01A",TRUE,"PCD_C1"
"1e732c33-e8c1-410f-a5d2-5057b70d9fc0.methylation_array.sesame.level3betas.txt","d76096d9-565f-492a-8a26-34cacacc35e9","TCGA-MP-A4T7","TCGA-MP-A4T7-01A","TCGA-MP-A4T7-01A-11D-A24U-05","Primary Tumor","Illumina Human Methylation 450","TCGA-MP-A4T7-01A-11R-A24X-07","TCGA-MP-A4T7-01A",TRUE,"PCD_C2"
"eef0a910-7a0d-48ce-966d-103d43313e28.methylation_array.sesame.level3betas.txt","2963ba0e-cd13-4a95-98a8-445f65cb0f15","TCGA-MP-A4T8","TCGA-MP-A4T8-01A","TCGA-MP-A4T8-01A-11D-A24U-05","Primary Tumor","Illumina Human Methylation 450","TCGA-MP-A4T8-01A-11R-A24X-07","TCGA-MP-A4T8-01A",TRUE,"PCD_C2"
"f405e89a-6792-425d-a670-d18dc2d270eb.methylation_array.sesame.level3betas.txt","75435c87-01ab-4d65-ab87-8d3737e848ab","TCGA-MP-A4T9","TCGA-MP-A4T9-01A","TCGA-MP-A4T9-01A-11D-A24U-05","Primary Tumor","Illumina Human Methylation 450","TCGA-MP-A4T9-01A-11R-A24X-07","TCGA-MP-A4T9-01A",TRUE,"PCD_C1"
"36ea9f1d-668d-4a68-83c8-6306a5198f9f.methylation_array.sesame.level3betas.txt","8f810657-a7cf-4d40-a010-8f3cf18a2083","TCGA-MP-A4TA","TCGA-MP-A4TA-01A","TCGA-MP-A4TA-01A-21D-A24U-05","Primary Tumor","Illumina Human Methylation 450","TCGA-MP-A4TA-01A-21R-A24X-07","TCGA-MP-A4TA-01A",TRUE,"PCD_C2"
"4fcefb31-6c19-4dfd-bc77-b09ad63fc18d.methylation_array.sesame.level3betas.txt","41f1ab44-d61e-40b9-8c94-df8a211b4993","TCGA-MP-A4TC","TCGA-MP-A4TC-01A","TCGA-MP-A4TC-01A-11D-A24U-05","Primary Tumor","Illumina Human Methylation 450","TCGA-MP-A4TC-01A-11R-A24X-07","TCGA-MP-A4TC-01A",TRUE,"PCD_C1"
"45686a25-f0f5-4944-bcb4-a3ffc512de83.methylation_array.sesame.level3betas.txt","e6ed548e-e3f0-41ae-9345-dbf46b053c26","TCGA-MP-A4TD","TCGA-MP-A4TD-01A","TCGA-MP-A4TD-01A-32D-A25R-05","Primary Tumor","Illumina Human Methylation 450","TCGA-MP-A4TD-01A-32R-A262-07","TCGA-MP-A4TD-01A",TRUE,"PCD_C2"
"4a914c49-1f6e-4e63-97ec-26bf78446786.methylation_array.sesame.level3betas.txt","33a4f22e-973e-4f8e-8cd1-51ae4175aadb","TCGA-MP-A4TE","TCGA-MP-A4TE-01A","TCGA-MP-A4TE-01A-22D-A25R-05","Primary Tumor","Illumina Human Methylation 450","TCGA-MP-A4TE-01A-22R-A466-07","TCGA-MP-A4TE-01A",TRUE,"PCD_C2"
"c66fbc0d-8fe3-468a-85fd-9bda80481ab8.methylation_array.sesame.level3betas.txt","3d64a064-f9dc-4a17-891f-7e085c77be67","TCGA-MP-A4TF","TCGA-MP-A4TF-01A","TCGA-MP-A4TF-01A-11D-A25R-05","Primary Tumor","Illumina Human Methylation 450","TCGA-MP-A4TF-01A-11R-A262-07","TCGA-MP-A4TF-01A",TRUE,"PCD_C2"
"e03955fc-c86a-4cb4-9ed1-c9057fad413c.methylation_array.sesame.level3betas.txt","4979ef4d-3261-4a32-80df-b661e6f0289b","TCGA-MP-A4TH","TCGA-MP-A4TH-01A","TCGA-MP-A4TH-01A-31D-A25R-05","Primary Tumor","Illumina Human Methylation 450","TCGA-MP-A4TH-01A-31R-A262-07","TCGA-MP-A4TH-01A",TRUE,"PCD_C1"
"de245aec-c593-42ae-8cc2-9bab2fefd70f.methylation_array.sesame.level3betas.txt","57042dac-4d83-414e-ac77-2b26cf66b2c1","TCGA-MP-A4TI","TCGA-MP-A4TI-01A","TCGA-MP-A4TI-01A-21D-A24U-05","Primary Tumor","Illumina Human Methylation 450","TCGA-MP-A4TI-01A-21R-A24X-07","TCGA-MP-A4TI-01A",TRUE,"PCD_C1"
"155a9ccb-81cd-4217-a5b0-dfc578d663a9.methylation_array.sesame.level3betas.txt","c202c35e-d28b-46fc-9ad7-9447ac755bd9","TCGA-MP-A4TJ","TCGA-MP-A4TJ-01A","TCGA-MP-A4TJ-01A-51D-A25R-05","Primary Tumor","Illumina Human Methylation 450","TCGA-MP-A4TJ-01A-51R-A262-07","TCGA-MP-A4TJ-01A",TRUE,"PCD_C1"
"ea111fb8-4fe3-4329-a1ea-9aa790bb77e3.methylation_array.sesame.level3betas.txt","adb302cb-bea8-4623-9c5d-009e696e2df7","TCGA-MP-A4TK","TCGA-MP-A4TK-01A","TCGA-MP-A4TK-01A-11D-A24U-05","Primary Tumor","Illumina Human Methylation 450","TCGA-MP-A4TK-01A-11R-A24X-07","TCGA-MP-A4TK-01A",TRUE,"PCD_C1"
"e8e403cf-80fd-48e8-91e7-4f9428da4e6a.methylation_array.sesame.level3betas.txt","38b4ab4b-9d74-4192-a18f-6bd1fb035c17","TCGA-MP-A5C7","TCGA-MP-A5C7-01A","TCGA-MP-A5C7-01A-11D-A25R-05","Primary Tumor","Illumina Human Methylation 450","TCGA-MP-A5C7-01A-11R-A262-07","TCGA-MP-A5C7-01A",TRUE,"PCD_C2"
"f64ae796-3674-4068-a540-73958cea1d49.methylation_array.sesame.level3betas.txt","78313cad-f214-41e4-9782-241fb4cb311c","TCGA-NJ-A4YF","TCGA-NJ-A4YF-01A","TCGA-NJ-A4YF-01A-12D-A25R-05","Primary Tumor","Illumina Human Methylation 450","TCGA-NJ-A4YF-01A-12R-A262-07","TCGA-NJ-A4YF-01A",TRUE,"PCD_C2"
"93376252-0096-47bb-955b-317addb7a693.methylation_array.sesame.level3betas.txt","eb1df92a-e466-47b5-b040-8fdff9528a40","TCGA-NJ-A4YG","TCGA-NJ-A4YG-01A","TCGA-NJ-A4YG-01A-22D-A25R-05","Primary Tumor","Illumina Human Methylation 450","TCGA-NJ-A4YG-01A-22R-A262-07","TCGA-NJ-A4YG-01A",TRUE,"PCD_C1"
"a6a94ac8-fbed-4ec5-9370-28486554789e.methylation_array.sesame.level3betas.txt","3e153723-1c5f-46a0-9753-c432b6a95098","TCGA-NJ-A4YI","TCGA-NJ-A4YI-01A","TCGA-NJ-A4YI-01A-11D-A25R-05","Primary Tumor","Illumina Human Methylation 450","TCGA-NJ-A4YI-01A-11R-A262-07","TCGA-NJ-A4YI-01A",TRUE,"PCD_C1"
"5150320b-e1d2-4870-85aa-234f929a1d0e.methylation_array.sesame.level3betas.txt","1b1bfeb9-1a65-43bd-a51e-cbb4260dcae2","TCGA-NJ-A4YP","TCGA-NJ-A4YP-01A","TCGA-NJ-A4YP-01A-11D-A25R-05","Primary Tumor","Illumina Human Methylation 450","TCGA-NJ-A4YP-01A-11R-A262-07","TCGA-NJ-A4YP-01A",TRUE,"PCD_C1"
"a9f96486-baf7-4bed-8322-2a4880478843.methylation_array.sesame.level3betas.txt","a2c4a1a8-5e01-4035-b211-01f073a17247","TCGA-NJ-A4YQ","TCGA-NJ-A4YQ-01A","TCGA-NJ-A4YQ-01A-11D-A25R-05","Primary Tumor","Illumina Human Methylation 450","TCGA-NJ-A4YQ-01A-11R-A262-07","TCGA-NJ-A4YQ-01A",TRUE,"PCD_C2"
"6c03035b-f309-48e6-99c1-9c5a7ae8e28c.methylation_array.sesame.level3betas.txt","2412e402-e018-405f-9ece-fa9169c9afa4","TCGA-NJ-A55A","TCGA-NJ-A55A-01A","TCGA-NJ-A55A-01A-11D-A25R-05","Primary Tumor","Illumina Human Methylation 450","TCGA-NJ-A55A-01A-11R-A262-07","TCGA-NJ-A55A-01A",TRUE,"PCD_C1"
"9f1f39d1-b23c-48ae-beda-328ddefceebc.methylation_array.sesame.level3betas.txt","baead0cf-79a5-4c20-a522-cb18907f7151","TCGA-NJ-A55O","TCGA-NJ-A55O-01A","TCGA-NJ-A55O-01A-11D-A25R-05","Primary Tumor","Illumina Human Methylation 450","TCGA-NJ-A55O-01A-11R-A262-07","TCGA-NJ-A55O-01A",TRUE,"PCD_C1"
"936ff588-6342-4148-aa4d-df80a31d9e83.methylation_array.sesame.level3betas.txt","6a960a86-89b9-4929-a7ef-e5d7fafe71c8","TCGA-NJ-A55R","TCGA-NJ-A55R-01A","TCGA-NJ-A55R-01A-11D-A25R-05","Primary Tumor","Illumina Human Methylation 450","TCGA-NJ-A55R-01A-11R-A262-07","TCGA-NJ-A55R-01A",TRUE,"PCD_C2"
"06dbda1d-0ce0-45bb-a94c-7a137e5411bf.methylation_array.sesame.level3betas.txt","2a618451-5bd2-4c4b-a4b4-376281cc5f43","TCGA-NJ-A7XG","TCGA-NJ-A7XG-01A","TCGA-NJ-A7XG-01A-12D-A398-05","Primary Tumor","Illumina Human Methylation 450","TCGA-NJ-A7XG-01A-12R-A39D-07","TCGA-NJ-A7XG-01A",TRUE,"PCD_C1"
"61a6b2b4-3ba7-4446-b46a-b16ae9b6fccc.methylation_array.sesame.level3betas.txt","076eb664-6c5a-4a85-bff6-b826405b843d","TCGA-O1-A52J","TCGA-O1-A52J-01A","TCGA-O1-A52J-01A-11D-A25R-05","Primary Tumor","Illumina Human Methylation 450","TCGA-O1-A52J-01A-11R-A262-07","TCGA-O1-A52J-01A",TRUE,"PCD_C1"
"72a78e11-422c-4e99-8ee4-8614e6a22a43.methylation_array.sesame.level3betas.txt","71ea4a13-3f21-4011-a648-954723435b4a","TCGA-S2-AA1A","TCGA-S2-AA1A-01A","TCGA-S2-AA1A-01A-12D-A398-05","Primary Tumor","Illumina Human Methylation 450","TCGA-S2-AA1A-01A-12R-A39D-07","TCGA-S2-AA1A-01A",TRUE,"PCD_C1"
