"probe_id","LUAD_mean_beta_C1","LUAD_mean_beta_C2","LUAD_delta_beta","LUAD_padj","LUSC_mean_beta_C1","LUSC_mean_beta_C2","LUSC_delta_beta","LUSC_padj","same_direction"
"cg03331715",0.82331073608067,0.585557060736075,-0.237753675344595,9.60537096068999e-36,0.762707976267247,0.510514128270865,-0.252193847996382,1.66528433235899e-34,TRUE
"cg05089897",0.911964121082148,0.739404845752672,-0.172559275329477,3.0173481630224e-28,0.734140697143577,0.536273966903162,-0.197866730240414,1.02616384274854e-22,TRUE
"cg06264868",0.854861815509555,0.636738635332005,-0.21812318017755,9.10945228828266e-28,0.640267845677946,0.498907701602325,-0.141360144075622,1.4428285383625e-10,TRUE
"cg00230120",0.908961468351553,0.680333555121085,-0.228627913230468,2.45680361585262e-27,0.894644430801057,0.649210283870512,-0.245434146930545,4.54941746309607e-23,TRUE
"cg25738116",0.687846987361053,0.522072992315691,-0.165773995045361,7.94213793914949e-27,0.526463609682088,0.410311102559416,-0.116152507122672,1.73631128288048e-09,TRUE
"cg16226785",0.764489019641707,0.576815559850872,-0.187673459790835,1.63227335959474e-26,0.621994472605587,0.474590137874807,-0.14740433473078,1.0141915303098e-13,TRUE
"cg24580287",0.935911178731601,0.791245809345071,-0.144665369386529,4.45154534386766e-26,0.65532978035525,0.516705121792016,-0.138624658563234,4.98504706634989e-08,TRUE
"cg08063051",0.58879177966513,0.372109026506725,-0.216682753158405,1.20206316930919e-25,0.430083804978108,0.273588738467162,-0.156495066510946,3.52988302213031e-14,TRUE
"cg11026867",0.762217541881543,0.567226463924871,-0.194991077956672,1.62666927604703e-25,0.691392244783484,0.587893822377223,-0.103498422406261,4.23385884510973e-07,TRUE
"cg14671764",0.883123830005066,0.63509762295585,-0.248026207049215,2.02418696388143e-25,0.831501877535962,0.71474758935788,-0.116754288178082,4.02819671593433e-06,TRUE
"cg15010903",0.849962084091461,0.654837438099285,-0.195124645992176,2.05168601711419e-25,0.615881358565711,0.511513506117416,-0.104367852448295,3.10494650093161e-06,TRUE
"cg10880599",0.856063044869576,0.663432746556952,-0.192630298312624,2.49234377703998e-25,0.672545096743291,0.476984947700443,-0.195560149042848,4.47023512909664e-18,TRUE
"cg24336152",0.839150700334866,0.663383415422834,-0.175767284912033,3.76184466660564e-25,0.657078272745054,0.54631062458322,-0.110767648161834,3.16452367979973e-08,TRUE
"cg23817981",0.212509990912561,0.406214111893591,0.193704120981029,3.7772848527173e-25,0.384299083456986,0.589207201856191,0.204908118399206,1.36657208153961e-17,TRUE
"cg09489844",0.979990326586894,0.81467450547151,-0.165315821115384,3.8830036131121e-25,0.937917213173197,0.591699471307641,-0.346217741865555,1.17075330486174e-66,TRUE
"cg07233230",0.790601529242032,0.535355649459129,-0.255245879782904,4.94880820789486e-25,0.481687448471367,0.376412185171476,-0.105275263299891,0.000116542804691432,TRUE
"cg06497921",0.75302736206833,0.567009626848053,-0.186017735220277,6.21287351024916e-25,0.549970560849759,0.437707947640661,-0.112262613209098,2.12664055338439e-10,TRUE
"cg06829969",0.603903751276807,0.433811751993106,-0.170091999283701,7.27895839370326e-25,0.466307982878907,0.353584276981584,-0.112723705897323,3.56825519291389e-11,TRUE
"cg18756557",0.82066794778204,0.671618356578797,-0.149049591203242,9.18804295392255e-25,0.816778886621772,0.658286676813805,-0.158492209807967,1.28429342129531e-18,TRUE
"cg15913875",0.885997068204848,0.744647198543621,-0.141349869661227,1.0533589408504e-24,0.67248898035029,0.545127412194553,-0.127361568155736,1.1336642363509e-08,TRUE
"cg23687021",0.856992233432751,0.652412254281458,-0.204579979151293,2.2023155339727e-24,0.617459353633207,0.49606573309973,-0.121393620533477,3.95846110951064e-09,TRUE
"cg22807700",0.825013199368283,0.654229149067369,-0.170784050300914,2.47175405038027e-24,0.692338195068984,0.461453045207476,-0.230885149861508,3.83484824795497e-26,TRUE
"cg05940691",0.783753813748331,0.487906376917521,-0.295847436830809,3.91142191058955e-24,0.405084785569678,0.29911511615105,-0.105969669418628,7.3824927477947e-05,TRUE
"cg18484212",0.939635951280089,0.829668064172562,-0.109967887107528,5.04695105169302e-24,0.912129295811386,0.689083660141191,-0.223045635670195,6.399777469434e-43,TRUE
"cg16490191",0.743750641923186,0.539269852425945,-0.204480789497241,6.18239778536016e-24,0.643242712449677,0.428020473996363,-0.215222238453314,1.62408433123972e-21,TRUE
"cg21918728",0.941856214483612,0.802996375963045,-0.138859838520568,6.85102902919257e-24,0.856995717773557,0.755251713745235,-0.101744004028322,3.43071927364201e-07,TRUE
"cg02517528",0.761835247733637,0.557475219737406,-0.204360027996231,8.33187325816345e-24,0.501297735352592,0.383315802799329,-0.117981932553263,8.49656829043106e-10,TRUE
"cg02965283",0.806388272372731,0.605008326400017,-0.201379945972714,1.36536062762638e-23,0.627616584042549,0.765732587730957,0.138116003688408,1.38981519206652e-09,FALSE
"cg13157793",0.814176554259407,0.615965470697141,-0.198211083562266,1.72101844145057e-23,0.679285544405187,0.558949224326965,-0.120336320078222,2.52767209709948e-07,TRUE
"cg05297739",0.86578842891202,0.711645808248773,-0.154142620663247,1.72201368801058e-23,0.725093426394046,0.508133756017424,-0.216959670376622,2.33961996419903e-24,TRUE
"cg24603439",0.802232517042679,0.611345458241927,-0.190887058800751,8.5776809782522e-23,0.611675979783571,0.458141610313889,-0.153534369469682,5.20267239176628e-13,TRUE
"cg00290626",0.822216178232904,0.638746895920888,-0.183469282312016,9.88614856318619e-23,0.741868296635545,0.843259659872621,0.101391363237076,6.70403383831281e-07,FALSE
"cg16484042",0.717847446890224,0.560063585076031,-0.157783861814192,1.03997406526289e-22,0.526990503256629,0.649853181169621,0.122862677912991,1.01489397393166e-11,FALSE
"cg12485572",0.818341669561163,0.611601690639089,-0.206739978922073,1.13768011367058e-22,0.601313348786105,0.479476242001261,-0.121837106784843,9.5746146875271e-06,TRUE
"cg19822176",0.735304375587628,0.596718673832593,-0.138585701755035,1.33215439651649e-22,0.542378821445578,0.438563645446872,-0.103815175998706,1.24919876620226e-10,TRUE
"cg13649103",0.862041945136143,0.685569928145125,-0.176472016991018,2.64817072648299e-22,0.792048791260572,0.568244773846334,-0.223804017414239,2.29993182549498e-22,TRUE
"cg10120897",0.904683157654284,0.725704584415112,-0.178978573239171,2.78594770814473e-22,0.591794619609957,0.695824487678838,0.104029868068881,0.000527451993233006,FALSE
"cg07933563",0.8925137746574,0.760521855189777,-0.131991919467623,3.44842201368157e-22,0.720878938644802,0.510159182888128,-0.210719755756674,1.47022507619066e-21,TRUE
"cg22740796",0.551264170485796,0.271430205066983,-0.279833965418813,3.45576730461912e-22,0.355867518681086,0.249170124936507,-0.106697393744579,8.85272755884338e-05,TRUE
"cg07341609",0.397417847790401,0.550582432006322,0.153164584215921,3.85916466409323e-22,0.552041434083427,0.659110350637879,0.107068916554451,1.74009000877226e-14,TRUE
"cg02466815",0.199087701241683,0.413096923377342,0.21400922213566,4.5156208215051e-22,0.493382313773586,0.698892933153404,0.205510619379818,1.1755526219768e-19,TRUE
"cg15595525",0.6889941756487,0.485186232033267,-0.203807943615433,4.81950226758591e-22,0.465709800256407,0.341664746391178,-0.124045053865228,1.57598869780227e-07,TRUE
"cg11380051",0.944616313568548,0.827427832661075,-0.117188480907474,5.51070147002156e-22,0.738697804199765,0.60263941615237,-0.136058388047395,1.05740156785055e-11,TRUE
"cg09134205",0.746656048357407,0.551669753645887,-0.19498629471152,7.36984615175746e-22,0.625029486013099,0.487281975556038,-0.137747510457061,1.01555805303701e-10,TRUE
"cg09562655",0.95281458967479,0.772723595689544,-0.180090993985246,8.82364740895431e-22,0.778526043197892,0.40289514362292,-0.375630899574972,1.50687036574674e-34,TRUE
"cg13389209",0.726553694811909,0.599941398498246,-0.126612296313663,1.32287140614989e-21,0.715223337664764,0.61352678294473,-0.101696554720034,5.95666521035825e-11,TRUE
"cg00732807",0.803819564550404,0.650417117727669,-0.153402446822735,1.35547053400903e-21,0.749057618643362,0.641125913089061,-0.107931705554302,3.96061487422436e-11,TRUE
"cg20068510",0.682172117293455,0.529674514967029,-0.152497602326426,1.67313432017614e-21,0.715298814588131,0.592141890013785,-0.123156924574346,2.09515582648515e-11,TRUE
"cg02696561",0.815336993819324,0.686869480295994,-0.12846751352333,1.70413967440635e-21,0.623519288165853,0.520941669201868,-0.102577618963986,1.46921629890628e-10,TRUE
"cg01236299",0.614801637110142,0.496429212546391,-0.118372424563751,1.71475368491555e-21,0.575202562026145,0.474662576075543,-0.100539985950602,8.6008073187495e-14,TRUE
"cg23429698",0.626720748044583,0.447371374010013,-0.17934937403457,1.86225508204372e-21,0.408097543733753,0.231434100450491,-0.176663443283262,5.97476884089153e-24,TRUE
"cg24320234",0.89509531871971,0.715258769566231,-0.179836549153479,1.96517793965747e-21,0.568583526342643,0.453664638990919,-0.114918887351723,1.32630801122487e-05,TRUE
"cg17327171",0.443397948630199,0.571686258334289,0.12828830970409,2.60261337363545e-21,0.561632890601564,0.673938415135799,0.112305524534235,7.80246207612144e-14,TRUE
"cg23541676",0.840104744313932,0.666445611909997,-0.173659132403935,3.21675975683821e-21,0.682041786706279,0.579969808120956,-0.102071978585324,1.69225809631095e-05,TRUE
"cg09265563",0.86450057636398,0.725731739110745,-0.138768837253236,4.6490490980845e-21,0.651821299081467,0.762395425793879,0.110574126712412,6.29494441876747e-08,FALSE
"cg14840848",0.601395265420625,0.386272000049002,-0.215123265371623,4.71790151381734e-21,0.314680631181201,0.208861087107756,-0.105819544073445,1.43505517146322e-08,TRUE
"cg00020799",0.7420719224337,0.561989381823231,-0.180082540610469,4.86732109198136e-21,0.599842695999612,0.444462431163597,-0.155380264836015,1.5735819382852e-11,TRUE
"cg12030788",0.743294258995598,0.602645092417309,-0.140649166578289,5.08285150214423e-21,0.66728820872755,0.767678460225742,0.100390251498193,1.5583018732268e-12,FALSE
"cg20761853",0.885737441703518,0.715753136833407,-0.16998430487011,6.7304394334709e-21,0.674302700175459,0.552937459059538,-0.121365241115921,4.26720266173556e-07,TRUE
"cg17273384",0.702840621614654,0.537024732435262,-0.165815889179392,7.03121269018414e-21,0.587751262806426,0.487123690551583,-0.100627572254843,7.62628308904273e-07,TRUE
"cg10940093",0.752051402329293,0.583066444637449,-0.168984957691844,9.6307842956696e-21,0.622150061237393,0.517454121460225,-0.104695939777168,1.24704438073382e-07,TRUE
"cg19928493",0.610454350961618,0.422960689117802,-0.187493661843816,1.01594015085627e-20,0.480331791835881,0.374690430067345,-0.105641361768536,8.38005641771868e-06,TRUE
"cg21801445",0.840708657614034,0.700390658258605,-0.140317999355429,1.18132588390331e-20,0.669324517319789,0.564756820866447,-0.104567696453343,3.34494755393086e-07,TRUE
"cg10671180",0.691521221906937,0.539863830388031,-0.151657391518907,1.24853704384249e-20,0.587829871780863,0.461983488444025,-0.125846383336838,1.15352409299056e-11,TRUE
"cg13974330",0.704828975385643,0.555615101162467,-0.149213874223176,1.24853704384249e-20,0.648371557541472,0.517099478736413,-0.131272078805059,7.80919452894385e-12,TRUE
"cg19987060",0.742218512595858,0.582545738177564,-0.159672774418294,1.28358796069155e-20,0.539890843047871,0.42396544083832,-0.115925402209551,2.865013239187e-08,TRUE
"cg08869857",0.856762383673267,0.738117107005478,-0.118645276667789,1.40693454726326e-20,0.827760422839432,0.625722540845963,-0.202037881993469,1.774911775131e-37,TRUE
"cg01623485",0.825697291650584,0.680021123934431,-0.145676167716154,1.71859968126997e-20,0.673965772811796,0.563330602781948,-0.110635170029848,2.37211730509827e-10,TRUE
"cg08840230",0.807284559497733,0.695175884121898,-0.112108675375834,1.9196166533985e-20,0.634247904452698,0.532446715747591,-0.101801188705107,3.86944715728125e-11,TRUE
"cg02092785",0.845060816720878,0.690457869435521,-0.154602947285357,1.94330285166117e-20,0.605278899584034,0.478139787077314,-0.12713911250672,6.95367457814063e-11,TRUE
"cg22679813",0.737477565221778,0.511456714333282,-0.226020850888496,2.03526701426857e-20,0.514162372411763,0.37685101486867,-0.137311357543094,2.4378849641724e-09,TRUE
"cg10575986",0.815766671142599,0.662022685916371,-0.153743985226228,2.06311767160129e-20,0.695906881911829,0.595901616141544,-0.100005265770284,2.5190460060817e-07,TRUE
"cg01372683",0.720752469818765,0.57453591253771,-0.146216557281055,2.26715947700669e-20,0.614949739080311,0.509528653117409,-0.105421085962902,2.79908198037895e-08,TRUE
"cg19165946",0.807154352012644,0.655003711578748,-0.152150640433895,2.58508839798806e-20,0.600251571380277,0.481977010167158,-0.118274561213118,3.93120631458423e-11,TRUE
"cg14187585",0.712056598413432,0.588725988153622,-0.123330610259809,2.75823033618662e-20,0.655013356342413,0.542790312264917,-0.112223044077496,9.26576296045083e-12,TRUE
"cg04909257",0.874255851022867,0.734851982186261,-0.139403868836605,2.93636389645349e-20,0.878489225680687,0.62326611967044,-0.255223106010246,6.02606651539371e-48,TRUE
"cg22329743",0.709602790560986,0.553482291536176,-0.15612049902481,2.93740279532718e-20,0.623757705144176,0.727960355227375,0.1042026500832,1.25404820260922e-10,FALSE
"cg06000610",0.706777874373916,0.546684703468964,-0.160093170904952,3.04829789015817e-20,0.519902663796949,0.398767198967098,-0.121135464829852,2.20733625041704e-11,TRUE
"cg24689061",0.942971163808832,0.827287777359298,-0.115683386449533,3.44345364346236e-20,0.724477424844472,0.604197211126225,-0.120280213718247,1.42067151347745e-09,TRUE
"cg27519145",0.65671764499267,0.526409989206398,-0.130307655786272,3.61506518189373e-20,0.599053243246643,0.487166980166302,-0.111886263080342,4.01021961799424e-13,TRUE
"cg20708135",0.620163362922801,0.466712132726487,-0.153451230196314,3.76851343161282e-20,0.453824920184299,0.351811509295344,-0.102013410888955,1.27774251652039e-09,TRUE
"cg21188037",0.409031029666622,0.580222527257,0.171191497590378,3.96451360858719e-20,0.559238609707385,0.662772999123347,0.103534389415963,4.19574485619593e-11,TRUE
"cg09560452",0.85250903068854,0.72478655844678,-0.127722472241759,4.60903652066917e-20,0.774125871939737,0.672220533634466,-0.101905338305271,2.12984819077824e-08,TRUE
"cg03474782",0.83464341269113,0.722780005329657,-0.111863407361472,4.62111907899217e-20,0.672311274989964,0.571055226602805,-0.101256048387159,4.63990410666365e-09,TRUE
"cg00108038",0.881447560096872,0.73494697727515,-0.146500582821722,4.81619035396557e-20,0.838639037626767,0.709456388160597,-0.12918264946617,6.58870363347288e-09,TRUE
"cg18045515",0.545371533960534,0.330616257224517,-0.214755276736017,4.98488665757261e-20,0.398482332488985,0.500819966460264,0.102337633971279,0.00312188031601892,FALSE
"cg15287594",0.200432839918498,0.336972398641573,0.136539558723075,5.65906688287875e-20,0.319530570445823,0.454673669033533,0.135143098587709,3.82436131406175e-14,TRUE
"cg09890332",0.744604394040197,0.595966322165776,-0.148638071874421,5.78976929216931e-20,0.607628236037838,0.49416508366635,-0.113463152371488,1.67409523438297e-10,TRUE
"cg20514973",0.698445098411424,0.566935044235064,-0.13151005417636,5.78976929216931e-20,0.615389896795613,0.492070744487387,-0.123319152308226,1.45430075597095e-12,TRUE
"cg02391441",0.808617312451292,0.656503103830025,-0.152114208621267,6.10848941359542e-20,0.665570175361897,0.554265929204119,-0.111304246157779,2.37327600411295e-08,TRUE
"cg03248837",0.925743624815331,0.823349051044853,-0.102394573770477,6.17722157931594e-20,0.903849905413213,0.610798001704481,-0.293051903708731,1.24727906691638e-61,TRUE
"cg25668093",0.580326925354933,0.432500852536575,-0.147826072818357,6.18858143708291e-20,0.6283801321794,0.471811224063738,-0.156568908115662,4.90877299583101e-16,TRUE
"cg24290996",0.727282090371268,0.590824849845938,-0.13645724052533,7.41349918788978e-20,0.579816802697255,0.722793971180284,0.142977168483029,2.340832710539e-15,FALSE
"cg12819873",0.805510996713467,0.687667785483247,-0.11784321123022,8.42757008143131e-20,0.601474515412509,0.489722671419302,-0.111751843993207,7.55785782266244e-11,TRUE
"cg07281377",0.91237866633594,0.763592338147981,-0.148786328187959,9.70307451405292e-20,0.676689789113264,0.566074418312452,-0.110615370800813,8.829385618467e-05,TRUE
"cg05060175",0.679107017344977,0.531657917251981,-0.147449100092996,1.09682869501614e-19,0.489475231426032,0.376054453735854,-0.113420777690178,1.85108462019417e-12,TRUE
"cg10190334",0.754794567078572,0.606141033067667,-0.148653534010905,1.12326915776573e-19,0.701809722500628,0.589905014854132,-0.111904707646496,1.34625527137269e-10,TRUE
"cg10256242",0.804209972530388,0.603487165914758,-0.20072280661563,1.21195858148941e-19,0.588652871946244,0.701853902963554,0.11320103101731,1.95888145552192e-05,FALSE
"cg07408989",0.804957791375199,0.692070855382757,-0.112886935992442,1.40130293486579e-19,0.70257378861521,0.591143192271022,-0.111430596344188,5.0047707775966e-11,TRUE
"cg00921973",0.766711857129641,0.60292144997396,-0.163790407155681,1.49757808301954e-19,0.575367509116463,0.450497981752003,-0.12486952736446,6.51202160637209e-11,TRUE
"cg12499235",0.707178742593342,0.498992115204936,-0.208186627388406,1.51018560220389e-19,0.577198735947154,0.682517135246302,0.105318399299148,8.51301567198423e-07,FALSE
"cg24670916",0.864412753254037,0.722366243212566,-0.142046510041471,1.52111871428256e-19,0.592404289437267,0.450872300916615,-0.141531988520652,1.98273700443839e-10,TRUE
"cg03344767",0.479232482994122,0.357460197448664,-0.121772285545458,1.59723852357585e-19,0.407110926879273,0.293066816106747,-0.114044110772527,8.17638673945668e-20,TRUE
"cg01343097",0.751850274091807,0.574869802986251,-0.176980471105557,1.72189350083317e-19,0.698173687859586,0.572650281942106,-0.12552340591748,6.7234341461606e-08,TRUE
"cg21418534",0.850109645573209,0.672711665699492,-0.177397979873717,1.75063826835192e-19,0.499621326182493,0.373079111165905,-0.126542215016589,7.88701115031249e-08,TRUE
"cg23684218",0.663970409160642,0.528790072849391,-0.135180336311251,1.77497642952882e-19,0.505203966467729,0.386517413393261,-0.118686553074468,8.70575594845763e-13,TRUE
"cg26864905",0.739542309484743,0.487721727343771,-0.251820582140971,1.89781619889146e-19,0.477207087800739,0.292432032681837,-0.184775055118903,1.23165581121264e-09,TRUE
"cg01070987",0.706313586023038,0.495896982214136,-0.210416603808902,1.94694591784289e-19,0.495256114239542,0.317245756411824,-0.178010357827718,3.16163483929483e-11,TRUE
"cg25015813",0.676458213160858,0.524456455694668,-0.15200175746619,2.14395669066145e-19,0.57203581014142,0.470129918635716,-0.101905891505704,3.20088832581951e-09,TRUE
"cg09671989",0.839571692524799,0.641494929502019,-0.19807676302278,2.18489341255384e-19,0.588005922268596,0.804800601206512,0.216794678937915,3.19332695091006e-21,FALSE
"cg08022717",0.653199930093857,0.498932574100413,-0.154267355993444,2.25123551424754e-19,0.570826281212598,0.424814407578642,-0.146011873633956,3.62069298998995e-14,TRUE
"cg26014281",0.723617238945913,0.532039982231038,-0.191577256714875,2.65670889949418e-19,0.582669996937262,0.479128331450255,-0.103541665487007,6.17332141568095e-06,TRUE
"cg07857792",0.386313101971705,0.222570215513547,-0.163742886458157,2.67487806294791e-19,0.18849386044624,0.29511996303605,0.10662610258981,1.54049839046013e-05,FALSE
"cg24029994",0.928394089527587,0.794157593273334,-0.134236496254252,3.02724463495288e-19,0.608820698249706,0.473273406731737,-0.135547291517969,1.56921291610221e-10,TRUE
"cg00458927",0.85960192625291,0.643530342764626,-0.216071583488284,3.08590423546104e-19,0.637040022735521,0.739780926394512,0.102740903658991,0.00195964162435865,FALSE
"cg00501006",0.819951454639657,0.682139822173427,-0.13781163246623,3.08590423546104e-19,0.746072542175055,0.632028882561446,-0.114043659613609,3.66632493869789e-09,TRUE
"cg02731193",0.856425633136704,0.700694766425466,-0.155730866711238,3.11711746400475e-19,0.800045112711543,0.522548286911822,-0.277496825799721,1.41171154135599e-34,TRUE
"cg09919917",0.864792003288592,0.719775052287799,-0.145016951000793,3.36718815315054e-19,0.664480158401371,0.533123701778421,-0.131356456622949,2.3070199257231e-08,TRUE
"cg18543971",0.704844533005221,0.553313744107155,-0.151530788898065,3.45853789731054e-19,0.643018187719594,0.511615536477825,-0.131402651241769,9.44555786896739e-11,TRUE
"cg14947787",0.883110847971281,0.745178484931436,-0.137932363039845,3.53492473063981e-19,0.848890914664348,0.722179177383955,-0.126711737280393,1.61139104226397e-18,TRUE
"cg24923516",0.509941058660253,0.317483159942601,-0.192457898717652,3.53717492063012e-19,0.398028105051801,0.232635048360535,-0.165393056691266,4.31854137788553e-14,TRUE
"cg18270610",0.809808983344187,0.663251981005247,-0.146557002338939,3.75477808141293e-19,0.682770004906867,0.560842677085352,-0.121927327821516,5.74417448551124e-09,TRUE
"cg04418647",0.901359860902863,0.733308774222263,-0.1680510866806,3.82614265230841e-19,0.602411688748392,0.481122611850333,-0.12128907689806,8.64812861149327e-06,TRUE
"cg21320123",0.667146622038401,0.504352074169485,-0.162794547868915,3.88783698797842e-19,0.578176177619699,0.442911140748516,-0.135265036871182,4.24058057196628e-13,TRUE
"cg05477217",0.831720585635376,0.692499063018032,-0.139221522617343,4.29713366056091e-19,0.708261176452007,0.581545297226398,-0.12671587922561,1.42645539343251e-10,TRUE
"cg12914733",0.767391816966268,0.602760491284664,-0.164631325681604,4.42623468000135e-19,0.664266114229204,0.550078506546966,-0.114187607682238,2.1785834902167e-06,TRUE
"cg27039534",0.799628959701219,0.671629454289047,-0.127999505412171,4.60372179786304e-19,0.677345960213079,0.806927945070142,0.129581984857063,2.758922668102e-15,FALSE
"cg03550620",0.919666733874498,0.798585823134543,-0.121080910739955,5.12582398918568e-19,0.855878946452236,0.698638246733705,-0.15724069971853,6.56460997490871e-19,TRUE
"cg03276000",0.612641988784662,0.426145063728213,-0.186496925056449,5.20083366473367e-19,0.478143541425093,0.350653543631024,-0.127489997794069,1.04215451561812e-11,TRUE
"cg24377694",0.751337650281843,0.554594144125696,-0.196743506156146,5.25193975644449e-19,0.464834258562414,0.362693212151201,-0.102141046411213,1.43059081454163e-06,TRUE
"cg18071202",0.635220299752458,0.501559941102177,-0.133660358650282,6.22310079851962e-19,0.620391592129934,0.500911462377622,-0.119480129752312,7.94393526361033e-10,TRUE
"cg08823985",0.721940626490182,0.566586507486611,-0.155354119003571,6.53304365113536e-19,0.580340857659439,0.446804349611886,-0.133536508047553,2.25105884402024e-10,TRUE
"cg11755803",0.762921685275251,0.598639707357013,-0.164281977918238,6.56511253815177e-19,0.671138911844082,0.555212424577923,-0.115926487266159,3.32598689035085e-07,TRUE
"cg07835141",0.687760582191564,0.559680516553484,-0.128080065638079,6.7365665894792e-19,0.617730337245252,0.500344123274099,-0.117386213971152,8.66247801637335e-12,TRUE
"cg25630794",0.753029055643329,0.620593746114038,-0.132435309529291,6.88077475649963e-19,0.574116518817568,0.46336016702743,-0.110756351790138,6.88062732028377e-12,TRUE
"cg15880348",0.684370934914883,0.535676738128183,-0.1486941967867,7.07290714254907e-19,0.575722572705216,0.456701868284294,-0.119020704420922,6.99214920749552e-11,TRUE
"cg26202762",0.619164687702417,0.484425437738364,-0.134739249964053,7.57250050391972e-19,0.528571504961944,0.420809184775011,-0.107762320186933,1.35748645531767e-10,TRUE
"cg26531076",0.85026979668095,0.713878753830003,-0.136391042850948,7.82802686003332e-19,0.691965652950548,0.575790862732474,-0.116174790218075,4.66136572296346e-09,TRUE
"cg23212751",0.62355706775656,0.481193703210244,-0.142363364546316,7.91150201466693e-19,0.558104257361235,0.431219461058484,-0.12688479630275,1.62510534298926e-11,TRUE
"cg23677882",0.889971979759229,0.741681194076788,-0.148290785682441,8.81540136507366e-19,0.569935080561107,0.443782691376719,-0.126152389184388,2.21599461339413e-11,TRUE
"cg03695103",0.800346597395461,0.664873174044456,-0.135473423351005,9.01010783776243e-19,0.633847535284299,0.508520066012941,-0.125327469271358,6.40990068752639e-13,TRUE
"cg00134787",0.684239471236294,0.527398916266002,-0.156840554970291,9.63480574549047e-19,0.615634118032045,0.493693043584465,-0.12194107444758,3.79268218572401e-09,TRUE
"cg06369056",0.668346755373255,0.50460377726579,-0.163742978107465,9.69466493105986e-19,0.58553731530116,0.465512105405661,-0.120025209895499,2.34970433371656e-09,TRUE
"cg27060355",0.774612388677024,0.621937697510013,-0.15267469116701,9.88394824864976e-19,0.573396815068082,0.442950303512686,-0.130446511555396,1.27471747528273e-10,TRUE
"cg16381688",0.878717962172219,0.766191579432835,-0.112526382739385,1.02177884415217e-18,0.799963876803393,0.616533878723486,-0.183429998079906,1.08073815904477e-25,TRUE
"cg25053164",0.741027285306966,0.571840127022838,-0.169187158284127,1.14888592552498e-18,0.66020782136167,0.533412426850682,-0.126795394510988,4.68319345398177e-09,TRUE
"cg07086295",0.481303519932536,0.379172147460157,-0.102131372472379,1.1529573529927e-18,0.452092122155662,0.564571131688006,0.112479009532344,9.58216037306911e-12,FALSE
"cg18460938",0.767536919292509,0.607232639187448,-0.160304280105061,1.22317278784359e-18,0.801687127934237,0.699101455701278,-0.102585672232959,5.47707109094645e-06,TRUE
"cg14604584",0.903938065406331,0.725870040974888,-0.178068024431443,1.25569974418503e-18,0.775274233951034,0.660434903496175,-0.114839330454859,0.000193675166959687,TRUE
"cg16013670",0.58011703611839,0.434848320776227,-0.145268715342163,1.39491151853066e-18,0.580040368976117,0.477633962534618,-0.102406406441498,3.60756446487004e-08,TRUE
"cg17886697",0.733129777724966,0.607020338957755,-0.12610943876721,1.41485291288883e-18,0.616889817361824,0.766065165187422,0.149175347825598,1.39307864038609e-21,FALSE
"cg25370753",0.81025052204893,0.616829437033525,-0.193421085015406,1.48470846883874e-18,0.609172079182141,0.74159476760254,0.132422688420398,1.76341689511866e-07,FALSE
"cg13382840",0.796045204930658,0.662831882864469,-0.133213322066188,1.58172117672936e-18,0.732890361398959,0.586762321276063,-0.146128040122896,4.51816002253674e-12,TRUE
"cg24951335",0.637278984506004,0.512926157492708,-0.124352827013296,1.64934620550498e-18,0.623456417085033,0.519379042669195,-0.104077374415838,4.96913039962248e-09,TRUE
"cg02456804",0.596907035747692,0.468213270997128,-0.128693764750565,1.68108238876225e-18,0.56005971983004,0.448330523299359,-0.111729196530682,1.33129009436634e-12,TRUE
"cg22581200",0.737560705684798,0.602579049107938,-0.13498165657686,1.81897717976912e-18,0.627034193243242,0.455947806210563,-0.17108638703268,6.37389459539957e-18,TRUE
"cg09170112",0.664831817998797,0.437739552620805,-0.227092265377992,1.82088615167729e-18,0.504366057329658,0.323137330031106,-0.181228727298551,2.14706902526418e-11,TRUE
"cg13854962",0.677100122082517,0.513441311055569,-0.163658811026948,1.91747877826604e-18,0.639379867144268,0.478183927556444,-0.161195939587824,2.45594024364846e-12,TRUE
"cg06812722",0.643977619233739,0.495013677313338,-0.148963941920401,2.16138835579883e-18,0.60700401927055,0.727167572372064,0.120163553101513,7.42534324639632e-10,FALSE
"cg16560389",0.821079550826297,0.597268930023966,-0.223810620802331,2.2619465288875e-18,0.5776487670911,0.470883247863116,-0.106765519227984,0.00152605887275925,TRUE
"cg24272559",0.671355407412596,0.501853538084587,-0.169501869328009,2.3945431621152e-18,0.617171045439633,0.435755412920561,-0.181415632519072,7.10427128675049e-16,TRUE
"cg05373877",0.68279673023059,0.52743744253434,-0.15535928769625,2.41520856859667e-18,0.474642237873242,0.371563381988956,-0.103078855884286,7.20863607359853e-11,TRUE
"cg26600826",0.825811462061347,0.693947220278486,-0.131864241782861,2.43541103019211e-18,0.684939971793844,0.577245020240056,-0.107694951553788,1.93582453903728e-06,TRUE
"cg23476447",0.817955883371442,0.638361435577662,-0.17959444779378,2.46931967683499e-18,0.646142898921118,0.541931870356602,-0.104211028564516,3.18303471182215e-05,TRUE
"cg08899471",0.902796889969695,0.762899297590542,-0.139897592379153,2.47999654627626e-18,0.793557730052528,0.906268285271529,0.112710555219,5.90299292779723e-13,FALSE
"cg01843506",0.597971476743551,0.747798313295572,0.149826836552021,2.65371893315976e-18,0.679288388796021,0.786758319758145,0.107469930962124,9.50031809040791e-11,TRUE
"cg02712036",0.177317663494808,0.329844935766145,0.152527272271336,2.82980468984436e-18,0.278997152485368,0.516082139984486,0.237084987499118,9.59949993326977e-27,TRUE
"cg05369766",0.761103297222073,0.582678289016228,-0.178425008205845,2.94640550111946e-18,0.698017274513748,0.560940959397509,-0.137076315116239,3.91520188966567e-08,TRUE
"cg00232831",0.654076399731581,0.51162264013192,-0.142453759599661,3.02971446122985e-18,0.566379171019412,0.465091712207684,-0.101287458811728,2.02219108951895e-09,TRUE
"cg14602220",0.76014866290882,0.545500806035732,-0.214647856873088,3.04356831986185e-18,0.600973996139235,0.455424136640471,-0.145549859498765,1.22358321965866e-06,TRUE
"cg14070775",0.801536654493444,0.675288409971216,-0.126248244522228,3.05932619508298e-18,0.766550548393395,0.654279990327121,-0.112270558066273,9.28901162176128e-11,TRUE
"cg22111043",0.407566208648346,0.549926650236313,0.142360441587968,3.15939058171932e-18,0.493272677483234,0.593509426953714,0.10023674947048,1.16852038315944e-12,TRUE
"cg23509098",0.758945900701597,0.618611874627767,-0.14033402607383,3.3165360208165e-18,0.515484584665915,0.401584795494269,-0.113899789171646,2.14908510794065e-08,TRUE
"cg18166564",0.70066075480329,0.563467846469057,-0.137192908334233,3.3165360208165e-18,0.587410612514408,0.472314037985795,-0.115096574528614,2.40664156978563e-09,TRUE
"cg20064139",0.843503667364508,0.634571238141465,-0.208932429223043,3.47527047401219e-18,0.673766042416776,0.812353106878437,0.138587064461661,2.77541853725885e-07,FALSE
"cg16421157",0.712730950401577,0.569733700623788,-0.142997249777789,3.73854202205102e-18,0.521002088526412,0.398582560665131,-0.122419527861281,1.7615369676684e-13,TRUE
"cg21499078",0.660838670479172,0.529732098328578,-0.131106572150594,3.7464917504539e-18,0.634815629955636,0.526617165810584,-0.108198464145052,5.90010264907338e-10,TRUE
"cg27040644",0.698183817260303,0.539260097023441,-0.158923720236862,3.77641501113396e-18,0.528557725660976,0.629630962054413,0.101073236393437,9.16024008019755e-07,FALSE
"cg21769702",0.780162296750065,0.575012374090017,-0.205149922660048,4.03018193199801e-18,0.60080192104452,0.449330877314169,-0.151471043730351,4.62905945842513e-08,TRUE
"cg16065473",0.709376394981623,0.549406985441096,-0.159969409540526,4.13735464826665e-18,0.568728893749862,0.422737284419569,-0.145991609330293,8.44143989358681e-11,TRUE
"cg00620224",0.68675765590442,0.512664012244201,-0.174093643660219,4.26139862795401e-18,0.540883025243707,0.431019620996904,-0.109863404246802,1.03187406994503e-08,TRUE
"cg03462053",0.757097388260755,0.616623888766969,-0.140473499493786,4.35758406663767e-18,0.560126780501006,0.421798922131141,-0.138327858369866,4.14833203444631e-13,TRUE
"cg13502545",0.785226843900492,0.664685366215859,-0.120541477684633,4.67357794397041e-18,0.670056517823831,0.563242951008163,-0.106813566815668,6.39846408557976e-10,TRUE
"cg14679607",0.838101279382951,0.668541759076561,-0.16955952030639,4.77417427055327e-18,0.634849491013108,0.534292089467795,-0.100557401545313,0.000116269299233315,TRUE
"cg17776688",0.582621053154302,0.452698423695997,-0.129922629458305,4.85301178201044e-18,0.517468867294986,0.41134604687233,-0.106122820422656,4.69062419820319e-10,TRUE
"cg14216734",0.664400056206141,0.487563402663816,-0.176836653542326,5.34021330674069e-18,0.585589115230479,0.483009927496605,-0.102579187733874,2.01571359049734e-06,TRUE
"cg01647560",0.687587333800359,0.550361524933243,-0.137225808867116,5.37305678688612e-18,0.576488910215238,0.452754522389752,-0.123734387825486,8.76760909677858e-14,TRUE
"cg20173428",0.741240756516351,0.594612063890142,-0.14662869262621,6.0820705127384e-18,0.586519721083204,0.464794896667223,-0.121724824415981,4.27932755583698e-09,TRUE
"cg09135320",0.789286963713223,0.630391178223523,-0.1588957854897,6.23285675456735e-18,0.667576210491706,0.492587368176054,-0.174988842315651,5.38896558476242e-15,TRUE
"cg04633922",0.796525363916321,0.580903230624394,-0.215622133291926,6.32059417380776e-18,0.590177730975748,0.466005896232716,-0.124171834743032,3.04495299297762e-05,TRUE
"cg06633743",0.766976337984064,0.614863128090101,-0.152113209893963,6.41349755087095e-18,0.651985961612364,0.474108009840038,-0.177877951772326,1.78430423812809e-13,TRUE
"cg20065449",0.783928817475264,0.633339861221069,-0.150588956254196,7.21457221771468e-18,0.698190778679896,0.588638876801883,-0.109551901878013,6.95585528813919e-07,TRUE
"cg17929590",0.786988975774062,0.648302383720438,-0.138686592053623,7.23652700164834e-18,0.737986250690995,0.61454525518624,-0.123440995504755,1.56593032526116e-10,TRUE
"cg07486474",0.832002399678878,0.600178772153116,-0.231823627525762,7.51077365291699e-18,0.532324769031675,0.40179114483573,-0.130533624195945,0.000290943050858316,TRUE
"cg10956848",0.761390244922475,0.529265587487711,-0.232124657434765,7.56240223013885e-18,0.424460967233288,0.313858275656575,-0.110602691576713,0.000457092306731686,TRUE
"cg03814093",0.395813094544886,0.572539750300797,0.176726655755912,7.65290411135678e-18,0.438621626553544,0.588072232384843,0.149450605831299,6.26655591154241e-11,TRUE
"cg14228756",0.817795413746114,0.677093164084836,-0.140702249661277,7.80002479017747e-18,0.774406184540501,0.653366174462409,-0.121040010078092,3.57296826403043e-09,TRUE
"cg05392577",0.820458872523106,0.692523676959987,-0.127935195563119,8.00872989433825e-18,0.608582066024374,0.487038232955467,-0.121543833068907,1.19786608908864e-11,TRUE
"cg13215579",0.828381134339427,0.655153252824736,-0.173227881514691,8.1446820220176e-18,0.689216554043887,0.54858091129248,-0.140635642751408,3.20663104394194e-08,TRUE
"cg25607161",0.74765938836739,0.597399361830421,-0.150260026536969,8.51636115045606e-18,0.650165690695881,0.512261509209132,-0.137904181486749,2.09517769394401e-10,TRUE
"cg17301987",0.728964119196867,0.589469216292263,-0.139494902904604,8.57440791015208e-18,0.519094381119231,0.408208916073388,-0.110885465045843,3.97770177178472e-11,TRUE
"cg20703928",0.605310710017305,0.756803288085367,0.151492578068062,8.69198707158811e-18,0.624469883129815,0.819588587865662,0.195118704735847,8.6551552854421e-23,TRUE
"cg25045228",0.630270590592273,0.497013730050549,-0.133256860541724,8.8344604973735e-18,0.591059681559653,0.470595731505855,-0.120463950053798,8.9683146722848e-11,TRUE
"cg07665535",0.652439844266536,0.522236292767574,-0.130203551498962,9.13180973763469e-18,0.517698160881653,0.416803370492815,-0.100894790388838,1.07553193693393e-07,TRUE
"cg17316078",0.785524143349231,0.624244737929363,-0.161279405419868,9.14038506504621e-18,0.688032456386388,0.570943442986479,-0.117089013399908,8.30267572263415e-08,TRUE
"cg15473569",0.714611281188547,0.56689291505879,-0.147718366129757,9.61346743297233e-18,0.599729622163462,0.45522622706304,-0.144503395100422,4.28502872036141e-15,TRUE
"cg24012880",0.646276559921532,0.453017272417615,-0.193259287503917,9.63155733913917e-18,0.477560277369714,0.675768313324051,0.198208035954337,3.1014724396222e-15,FALSE
"cg00007426",0.79867090961603,0.680596168795564,-0.118074740820466,1.01737642630394e-17,0.654589242030885,0.793912493168225,0.139323251137341,1.70966962198986e-16,FALSE
"cg23522522",0.78883948714871,0.645803778655466,-0.143035708493244,1.04108211673278e-17,0.690971358096639,0.564961140145677,-0.126010217950963,3.0383208684465e-09,TRUE
"cg26171114",0.531881760827994,0.405490204421615,-0.126391556406379,1.19436605901591e-17,0.434268784073696,0.322775297446887,-0.111493486626809,8.44176874610016e-13,TRUE
"cg17562226",0.656376896274212,0.502209716947109,-0.154167179327103,1.20907191305517e-17,0.541756586607205,0.436384238570014,-0.105372348037191,4.82616328484566e-08,TRUE
"cg14395885",0.784933618540398,0.613899785476776,-0.171033833063622,1.32610719950764e-17,0.582494593730155,0.46605065289936,-0.116443940830795,1.23332478479956e-06,TRUE
"cg13751188",0.808717476163508,0.692646833177595,-0.116070642985913,1.34718288698254e-17,0.601404771755021,0.488170435242535,-0.113234336512486,4.48870886893426e-10,TRUE
"cg10244594",0.833821332962826,0.651026629083874,-0.182794703878952,1.36360616576553e-17,0.652093761737309,0.801528672164508,0.149434910427199,1.36288276567568e-10,FALSE
"cg13852948",0.789455768134246,0.660107386917656,-0.12934838121659,1.36638285478733e-17,0.784848499866508,0.646887025556262,-0.137961474310245,1.41468872924744e-13,TRUE
"cg06902025",0.569487133201974,0.405638263349764,-0.16384886985221,1.37891111215335e-17,0.517224255896678,0.66075041047356,0.143526154576882,6.20525204134436e-13,FALSE
"cg00492142",0.77820471421164,0.623294507386789,-0.154910206824851,1.39913547483911e-17,0.651284888323481,0.549291233949354,-0.101993654374128,2.48683519713539e-07,TRUE
"cg13403695",0.659713474234962,0.519271811257364,-0.140441662977598,1.43311405582031e-17,0.553712480254964,0.444568935436978,-0.109143544817986,3.07650423271764e-09,TRUE
"cg07037412",0.887789102431967,0.719393371496893,-0.168395730935075,1.51443252684595e-17,0.692105522788824,0.546079473078945,-0.146026049709879,5.9556912270097e-08,TRUE
"cg14377739",0.893351181492696,0.75084694707149,-0.142504234421206,1.52377333574176e-17,0.775265043917453,0.876825576969309,0.101560533051855,1.68612079414704e-11,FALSE
"cg03499675",0.518795081697713,0.40718899058586,-0.111606091111853,1.56131133701361e-17,0.487038558783464,0.598499606607264,0.1114610478238,1.87529609754809e-12,FALSE
"cg16178907",0.782508390321154,0.625322788443337,-0.157185601877817,1.69287891698229e-17,0.685965840336646,0.56487597060456,-0.121089869732086,4.12249011102043e-10,TRUE
"cg04223924",0.533752628771389,0.375725005715918,-0.158027623055471,1.69876683649346e-17,0.327282218385982,0.438085050690461,0.110802832304479,7.72472196079828e-09,FALSE
"cg11862144",0.686549636049372,0.456091835820302,-0.23045780022907,1.75435834075746e-17,0.478717885828892,0.333665395228265,-0.145052490600627,9.51416132275937e-07,TRUE
"cg01181150",0.634472461695893,0.483763932756103,-0.15070852893979,1.78294101680951e-17,0.567341226489236,0.431896225993138,-0.135445000496098,6.58934026085463e-13,TRUE
"cg24205065",0.926489373840828,0.791797904466485,-0.134691469374343,1.78728749065212e-17,0.826511140568028,0.703512719118602,-0.122998421449425,1.82403310663228e-07,TRUE
"cg26344776",0.614469064244299,0.472019836181739,-0.14244922806256,1.83959530255621e-17,0.507696572228065,0.383091732959686,-0.12460483926838,4.68504527116808e-11,TRUE
"cg03470671",0.79826078118072,0.663625530143479,-0.134635251037241,1.87779184184737e-17,0.691834752740725,0.578453699460567,-0.113381053280158,3.13061771041528e-09,TRUE
"cg21542666",0.812536969017413,0.670074162157638,-0.142462806859775,1.92518829681484e-17,0.674272249863953,0.556784009673406,-0.117488240190547,1.44215083946815e-08,TRUE
"cg12921481",0.670688342528833,0.510621309654579,-0.160067032874254,2.03180484477451e-17,0.632571872995692,0.499062651813673,-0.133509221182019,7.23466306411093e-11,TRUE
"cg18122501",0.878304871737141,0.735873089507593,-0.142431782229548,2.05078101545051e-17,0.765148536155379,0.663361602251839,-0.10178693390354,0.000673623965562165,TRUE
"cg05353872",0.549209902254811,0.373998842152605,-0.175211060102206,2.05125463506017e-17,0.446289914374069,0.297452032333647,-0.148837882040422,3.81903721532648e-12,TRUE
"cg01265662",0.47456761918467,0.313670156072631,-0.160897463112039,2.21849341601172e-17,0.337375553635339,0.227149105956854,-0.110226447678485,8.81735257302052e-09,TRUE
"cg19022006",0.662745252439996,0.438332709396037,-0.224412543043959,2.27622669143434e-17,0.453046062794051,0.312470432393311,-0.140575630400741,5.58394884085217e-07,TRUE
"cg14802742",0.777484706089798,0.637875724842458,-0.13960898124734,2.28022581636696e-17,0.551956111088588,0.431821506516734,-0.120134604571854,1.15089759752078e-12,TRUE
"cg11589429",0.931822845863858,0.811217556401171,-0.120605289462687,2.29210467327641e-17,0.726270717597249,0.82969691958534,0.10342620198809,7.11082794876821e-07,FALSE
"cg23534766",0.700814634961957,0.563628976207065,-0.137185658754892,2.33477941025562e-17,0.515547191907508,0.414541199566855,-0.101005992340653,4.49583860556088e-10,TRUE
"cg13060434",0.845132450584721,0.726257620508383,-0.118874830076338,2.39533330138718e-17,0.650059617593246,0.525371836829534,-0.124687780763712,1.51301828159276e-08,TRUE
"cg00361898",0.675989546158288,0.542993778821921,-0.132995767336366,2.96428723914799e-17,0.578465750370863,0.470753628007975,-0.107712122362888,1.04606293595166e-09,TRUE
"cg05164181",0.735260017663542,0.572948799546236,-0.162311218117306,2.99814521415495e-17,0.750883209788758,0.650678034416569,-0.100205175372189,5.35221298127433e-05,TRUE
"cg01641620",0.6421170983922,0.500040118970125,-0.142076979422075,3.01109070605006e-17,0.569956812012724,0.385497350721195,-0.184459461291529,1.8953090826263e-22,TRUE
"cg11582484",0.618216859313637,0.497628480529149,-0.120588378784487,3.18918259479517e-17,0.549597117835267,0.442445621656567,-0.1071514961787,1.13782765327583e-10,TRUE
"cg06486618",0.890648743428987,0.73845618831737,-0.152192555111618,3.30841083436614e-17,0.613738046380156,0.485720143196067,-0.128017903184089,2.43295350143944e-06,TRUE
"cg27224069",0.827288813471338,0.621862038138042,-0.205426775333297,3.49813019125653e-17,0.716380597523297,0.592656950321908,-0.123723647201389,0.000500686170241463,TRUE
"cg14783987",0.775760869842383,0.66041685997899,-0.115344009863393,3.62007156852516e-17,0.614788236083656,0.488971988171625,-0.125816247912031,6.08397752780339e-12,TRUE
"cg02226469",0.875813349888503,0.753129607989278,-0.122683741899225,3.70217917058777e-17,0.730695285350863,0.590265465047936,-0.140429820302926,3.52541674686883e-13,TRUE
"cg02833108",0.841612084941086,0.692382724542693,-0.149229360398393,3.74727881156412e-17,0.666268273643259,0.533645854733245,-0.132622418910014,1.53976938605625e-09,TRUE
"cg24580655",0.660983241868094,0.495984860099524,-0.16499838176857,3.79528774515669e-17,0.549031194427744,0.43059672658286,-0.118434467844884,2.2858483327289e-08,TRUE
"cg17102042",0.837009603687686,0.687444279532787,-0.149565324154899,3.84432389681496e-17,0.659879632242405,0.544053666437432,-0.115825965804973,1.02752894687492e-05,TRUE
"cg11353593",0.833353523293221,0.698195571574039,-0.135157951719183,3.85250034832647e-17,0.834480154128721,0.733096260599263,-0.101383893529458,3.22539118107409e-08,TRUE
"cg15548295",0.938643256536894,0.809455829701819,-0.129187426835074,3.91464364588604e-17,0.691751891587674,0.58880856149187,-0.102943330095804,2.74588898404183e-05,TRUE
"cg21459816",0.762322393131686,0.608412848615299,-0.153909544516387,4.00196877603887e-17,0.526198208256759,0.404759951562962,-0.121438256693797,8.86817283884982e-11,TRUE
"cg15023513",0.547110256891663,0.413066684757484,-0.134043572134179,4.21073281261452e-17,0.507461315811689,0.388099932433717,-0.119361383377971,9.92058506924653e-09,TRUE
"cg06618490",0.748115605559914,0.600145257562809,-0.147970347997105,4.28757990904411e-17,0.616015996736294,0.505559835369002,-0.110456161367292,8.67832021850499e-08,TRUE
"cg06965590",0.828557421102894,0.704920177541865,-0.123637243561029,4.35809593772674e-17,0.679268892567331,0.547811811799585,-0.131457080767746,6.0305154884924e-10,TRUE
"cg11183181",0.673353793554804,0.494026922366953,-0.179326871187851,4.36990005116202e-17,0.634082514180148,0.734388468540104,0.100305954359956,6.86587865704075e-06,FALSE
"cg08792955",0.73218663671448,0.614175919529011,-0.11801071718547,4.38354052311412e-17,0.693380593172981,0.588302852815123,-0.105077740357858,9.52628481393078e-11,TRUE
"cg03331924",0.597738904074163,0.455615504417007,-0.142123399657156,4.63480156811306e-17,0.547996759949337,0.428966165738814,-0.119030594210522,2.2820631964919e-10,TRUE
"cg04052038",0.748875087821117,0.577691377974258,-0.171183709846858,4.69242678313489e-17,0.713152591015333,0.579570622759665,-0.133581968255667,4.46575891082558e-08,TRUE
"cg25303462",0.733151239383225,0.55309843907662,-0.180052800306604,4.73989048163592e-17,0.597899508509666,0.432238005675938,-0.165661502833728,2.38201167165994e-13,TRUE
"cg16764236",0.667633298146896,0.511967014903276,-0.155666283243621,4.93838872564101e-17,0.583626437342293,0.482786843187954,-0.100839594154339,1.92914049358076e-06,TRUE
"cg21129670",0.811364224323949,0.680018685141055,-0.131345539182894,4.9757177702962e-17,0.714942672035553,0.595208817620877,-0.119733854414677,3.80250348459686e-09,TRUE
"cg15997315",0.81168750788089,0.706812270824437,-0.104875237056453,4.98095473020346e-17,0.603156033573217,0.493065997859433,-0.110090035713783,9.46219063984823e-11,TRUE
"cg05437294",0.798865785814651,0.664501322593757,-0.134364463220894,5.0749686195568e-17,0.588746002094827,0.477055682767213,-0.111690319327614,4.4180140347955e-09,TRUE
"cg12565635",0.754100055646131,0.603518465044607,-0.150581590601524,5.21052546719331e-17,0.599475321723278,0.497772660077755,-0.101702661645523,4.97367079858542e-07,TRUE
"cg18713806",0.847266681679981,0.725241637931388,-0.122025043748593,5.26951282215574e-17,0.695479556146635,0.537034396087818,-0.158445160058817,7.35307983986198e-15,TRUE
"cg13295878",0.736413279318393,0.589416998291427,-0.146996281026966,5.53889642190662e-17,0.599026393911831,0.411961402672878,-0.187064991238954,2.16130760690419e-23,TRUE
"cg06273075",0.675983983081498,0.538575522301471,-0.137408460780026,5.55396455576505e-17,0.535035495364456,0.427858562000228,-0.107176933364228,1.58507647326956e-07,TRUE
"cg26800551",0.697879634937904,0.547377381301856,-0.150502253636048,5.70486812154719e-17,0.564509793559819,0.441360199650904,-0.123149593908915,3.18100825026581e-09,TRUE
"cg27235829",0.724210871403851,0.561919116314655,-0.162291755089196,5.70537953273416e-17,0.662584256334992,0.520762719582944,-0.141821536752049,6.99941144502225e-10,TRUE
"cg01792430",0.633258499659188,0.47760370381966,-0.155654795839528,5.90279554406862e-17,0.502138048125568,0.348902366074796,-0.153235682050772,2.77637789539378e-14,TRUE
"cg21106461",0.668307895098771,0.483205607258877,-0.185102287839893,5.99761086294345e-17,0.520779437893446,0.365472270831425,-0.155307167062021,1.24401857519574e-11,TRUE
"cg02567289",0.626377644283869,0.461410294100738,-0.164967350183131,6.19192560509297e-17,0.567979568208901,0.450804577793085,-0.117174990415816,1.52802274438839e-07,TRUE
"cg14350693",0.814079333515947,0.698413885891926,-0.115665447624021,6.32706700414521e-17,0.799161217289221,0.688908588961171,-0.11025262832805,4.42419532748217e-12,TRUE
"cg14656180",0.656114143207157,0.516121204952067,-0.13999293825509,6.36551172957977e-17,0.575159012133205,0.424193245920087,-0.150965766213118,1.0152560166584e-16,TRUE
"cg07739188",0.791633320677674,0.6298817909269,-0.161751529750774,6.6277843779071e-17,0.70854976487545,0.813344662188935,0.104794897313485,2.49231853849394e-07,FALSE
"cg01315201",0.721569786237071,0.562070479217924,-0.159499307019147,6.70403078863123e-17,0.570294443318926,0.456814169407545,-0.11348027391138,1.70388014122825e-08,TRUE
"cg20741105",0.430908073069233,0.59174271296241,0.160834639893177,6.88433580453206e-17,0.568042399897331,0.725642839031618,0.157600439134287,1.57228593071189e-16,TRUE
"cg10861897",0.876131367097249,0.716239361133332,-0.159892005963917,7.28100120984228e-17,0.530851583289597,0.396929734910297,-0.133921848379301,7.86590965312389e-08,TRUE
"cg24185447",0.651255372095089,0.468757939224198,-0.182497432870891,7.32117760031722e-17,0.655626047174804,0.490890917438636,-0.164735129736168,8.64733652636079e-10,TRUE
"cg14195925",0.683832007009235,0.506696015222085,-0.17713599178715,7.9584052346665e-17,0.465676979127437,0.334035496231153,-0.131641482896284,3.62804073295625e-09,TRUE
"cg19214658",0.679618279356797,0.490930830351389,-0.188687449005408,7.96417275643998e-17,0.493645956428569,0.392064598531263,-0.101581357897307,3.75807875381146e-05,TRUE
"cg25562958",0.523055064552922,0.404665219619122,-0.1183898449338,8.21590579920712e-17,0.473049396024669,0.362278390062213,-0.110771005962455,1.29135914416097e-13,TRUE
"cg02022380",0.79113217199003,0.638377504242391,-0.152754667747639,8.34560871737313e-17,0.694106990374068,0.563916658846836,-0.130190331527232,5.42782771252204e-09,TRUE
"cg03425609",0.745472425132093,0.631113293592297,-0.114359131539796,8.82755038485751e-17,0.661772524796298,0.763513396208652,0.101740871412355,8.96730634948856e-13,FALSE
"cg19741148",0.867325975017515,0.707948156683079,-0.159377818334436,9.39766343499133e-17,0.701690280038052,0.828448024400334,0.126757744362282,4.6235211810477e-10,FALSE
"cg11285998",0.542631854436174,0.367826276986289,-0.174805577449886,9.54369314820999e-17,0.352613791885983,0.234862191488491,-0.117751600397492,3.82871928460244e-09,TRUE
"cg02748105",0.844132546972299,0.735842763148858,-0.108289783823441,9.86530907837327e-17,0.755761944956955,0.640188676342262,-0.115573268614693,8.34661405455199e-09,TRUE
"cg21069434",0.522017333345862,0.386377872081706,-0.135639461264156,1.00499858241714e-16,0.448829148118702,0.338802059959869,-0.110027088158833,1.79207223765427e-10,TRUE
"cg08815306",0.824886237420717,0.695039480233213,-0.129846757187504,1.02233137878386e-16,0.626211109755849,0.504857686392385,-0.121353423363464,2.3252928543009e-10,TRUE
"cg06070002",0.733973947743623,0.567002013243813,-0.166971934499811,1.037588869699e-16,0.699170285195879,0.465494149861172,-0.233676135334707,1.36547164452731e-26,TRUE
"cg14420550",0.886514223034006,0.739567377990078,-0.146946845043928,1.05793291647176e-16,0.906682838366927,0.639401550473512,-0.267281287893416,1.1144734684091e-36,TRUE
"cg02550537",0.727505128072705,0.571830753415953,-0.155674374656753,1.08917112917099e-16,0.60472052745414,0.504089584452491,-0.100630943001649,3.66566193608232e-06,TRUE
"cg07719965",0.780350731548229,0.632084463368082,-0.148266268180147,1.09626292104604e-16,0.741521101322843,0.588128142815267,-0.153392958507576,3.62427825814891e-11,TRUE
"cg13448793",0.775688133421446,0.630374809965332,-0.145313323456114,1.10745132741328e-16,0.622648857224825,0.521312975440701,-0.101335881784124,5.5992529052811e-06,TRUE
"cg15590426",0.818463402316834,0.680782657482247,-0.137680744834587,1.12395620481723e-16,0.600833525066637,0.497589985486061,-0.103243539580576,1.83714972342083e-07,TRUE
"cg26883837",0.778626962238353,0.647451865399787,-0.131175096838566,1.18737433804734e-16,0.570761882660191,0.445679614174591,-0.1250822684856,5.32811116747804e-11,TRUE
"cg00648955",0.695061723584431,0.570422289928545,-0.124639433655886,1.20486539701147e-16,0.566249528665251,0.462049582750974,-0.104199945914278,3.36343757298435e-10,TRUE
"cg25936482",0.660429227336448,0.516337052533386,-0.144092174803062,1.2213816355367e-16,0.703702843341674,0.560009267178029,-0.143693576163645,4.24317255183706e-12,TRUE
"cg03310874",0.791041092271298,0.63142186083379,-0.159619231437508,1.25104389789573e-16,0.581125381529458,0.711652925091385,0.130527543561927,4.19774372372165e-10,FALSE
"cg02473594",0.594239807900527,0.467643798802517,-0.12659600909801,1.28365845235799e-16,0.543233201510546,0.436924291222428,-0.106308910288118,2.72504985475942e-09,TRUE
"cg01355932",0.573529270901467,0.466776729539567,-0.1067525413619,1.33495818883257e-16,0.519580469787053,0.417497504002236,-0.102082965784818,2.39330015161965e-12,TRUE
"cg18807003",0.725734794006975,0.591208933437269,-0.134525860569706,1.3529307610946e-16,0.612002876724669,0.49196860473621,-0.12003427198846,1.14047499116505e-11,TRUE
"cg19502457",0.710801749622284,0.578997356046492,-0.131804393575792,1.36176122377217e-16,0.580244234903109,0.454886906492697,-0.125357328410411,1.99757025410506e-16,TRUE
"cg04431002",0.858347953775799,0.730712135102684,-0.127635818673115,1.37096443266353e-16,0.780350105435076,0.657329014182908,-0.123021091252168,3.52812658847335e-11,TRUE
"cg26819783",0.659916616695951,0.535508601766795,-0.124408014929157,1.37814723355262e-16,0.644891593188143,0.773449584288705,0.128557991100562,2.9448239309321e-15,FALSE
"cg11977941",0.838954565122017,0.687247658422315,-0.151706906699702,1.40639755727351e-16,0.786371070091116,0.672545454618577,-0.113825615472539,1.81308465046491e-07,TRUE
"cg21661864",0.867828177642099,0.712751122342469,-0.15507705529963,1.42045263052754e-16,0.789092559771484,0.901476904511546,0.112384344740062,3.82548697959869e-11,FALSE
"cg11015241",0.926353926382329,0.808883219082389,-0.117470707299941,1.51080548592138e-16,0.685162365494655,0.544362613235562,-0.140799752259093,2.22373693702353e-09,TRUE
"cg05063520",0.8794740108362,0.705057392699402,-0.174416618136798,1.59218778817043e-16,0.508353347600875,0.366860588689651,-0.141492758911224,6.19606321398439e-07,TRUE
"cg23044005",0.87506457761666,0.737660057436336,-0.137404520180325,1.6680287491705e-16,0.608291692300776,0.48809876771707,-0.120192924583706,5.45334538447969e-08,TRUE
"cg18661379",0.26772789291148,0.435420175381363,0.167692282469883,1.70079905551067e-16,0.359494931274758,0.549539332119131,0.190044400844374,1.84229958313895e-18,TRUE
"cg16313485",0.848548083745586,0.689625630649051,-0.158922453096535,1.75546886972037e-16,0.698233505747366,0.590554207272287,-0.10767929847508,2.90161697308203e-05,TRUE
"cg18449879",0.614922469772357,0.486101669675195,-0.128820800097162,1.79230067444104e-16,0.53983292263429,0.352997484530433,-0.186835438103857,2.92161321147976e-28,TRUE
"cg14766646",0.780053791010477,0.676961449736012,-0.103092341274465,1.85189643925207e-16,0.655601723349673,0.51716078901728,-0.138440934332392,4.03383237144332e-18,TRUE
"cg23158862",0.909464523973433,0.80718333833271,-0.102281185640724,1.89961704202333e-16,0.694769346748078,0.55631191303679,-0.138457433711289,1.75570059641569e-11,TRUE
"cg13659360",0.96480995922988,0.86407252967417,-0.10073742955571,1.99757476110313e-16,0.652245339699027,0.524330085433739,-0.127915254265288,2.98620139686538e-07,TRUE
"cg04449108",0.914351465392558,0.797583490821217,-0.116767974571342,2.01591228101646e-16,0.794903715637731,0.599387884164043,-0.195515831473687,2.0493790354001e-24,TRUE
"cg18603483",0.732293278136318,0.597802459482334,-0.134490818653983,2.0699794671152e-16,0.658926215595114,0.541899956878396,-0.117026258716718,4.92252739188201e-09,TRUE
"cg21272843",0.796267232000487,0.664387200282175,-0.131880031718312,2.09977514291711e-16,0.514857342664936,0.397803812648359,-0.117053530016578,8.28160559236032e-10,TRUE
"cg17439967",0.744753610597082,0.607431370857474,-0.137322239739608,2.10154760013641e-16,0.56538440588845,0.426097360109976,-0.139287045778474,1.79680779868482e-12,TRUE
"cg24718964",0.698024978059094,0.537826232461271,-0.160198745597824,2.14492928943084e-16,0.507846857563893,0.362767983066317,-0.145078874497575,1.68693925368656e-12,TRUE
"cg10636490",0.656787535778622,0.474597185423452,-0.18219035035517,2.19065362855611e-16,0.478820660374874,0.312670710087202,-0.166149950287672,8.75990006775147e-12,TRUE
"cg17608082",0.547043538216292,0.436486450110656,-0.110557088105636,2.32459238419337e-16,0.519913686873024,0.399251317570966,-0.120662369302059,5.31607323158557e-15,TRUE
"cg25941751",0.657642090428528,0.507321953775008,-0.15032013665352,2.37313145140491e-16,0.394715037161989,0.287936447120753,-0.106778590041236,1.09639328052562e-09,TRUE
"cg23413307",0.537009582721874,0.40903944493678,-0.127970137785094,2.49030643372681e-16,0.454457005807687,0.351043852368,-0.103413153439687,9.71394316510997e-14,TRUE
"cg26075742",0.769895979297003,0.573945988952033,-0.19594999034497,2.53800468064855e-16,0.603081624932531,0.458992723545144,-0.144088901387387,1.42294390097541e-06,TRUE
"cg05157702",0.799689658559442,0.64558636741857,-0.154103291140873,2.63556561562114e-16,0.652080497820033,0.446303840624459,-0.205776657195574,2.98451974201604e-21,TRUE
"cg20323571",0.503149304488073,0.389850593869725,-0.113298710618348,2.7037361789933e-16,0.467072364957482,0.366814301786798,-0.100258063170685,2.63688292233738e-11,TRUE
"cg10100556",0.913825422773889,0.775680192373076,-0.138145230400813,2.82142805476251e-16,0.784172196412381,0.909064889287791,0.12489269287541,4.39080083795063e-15,FALSE
"cg18849847",0.78846206103543,0.666087593094049,-0.122374467941381,2.85561886832529e-16,0.627954462146835,0.52653529350611,-0.101419168640725,1.4168395723514e-08,TRUE
"cg24817358",0.658110378078447,0.509344143989252,-0.148766234089196,2.94856750810421e-16,0.491311397262072,0.388987802937715,-0.102323594324357,1.61642946620889e-09,TRUE
"cg09837995",0.901109431846948,0.788300100608283,-0.112809331238665,2.95481661334164e-16,0.682699045747971,0.568387584779865,-0.114311460968106,4.87292657417483e-09,TRUE
"cg00486525",0.788088928526128,0.617433663991351,-0.170655264534777,2.99607825791485e-16,0.681253524224214,0.511941378209611,-0.169312146014603,4.64025677423334e-11,TRUE
"cg06651505",0.765455734933502,0.615160620820959,-0.150295114112543,3.01655869064527e-16,0.740538709151853,0.86019934851174,0.119660639359887,3.78300901914938e-12,FALSE
"cg06520521",0.253812485958025,0.434133083153484,0.18032059719546,3.11084523757231e-16,0.380965704525855,0.597257362704878,0.216291658179023,4.84745783934653e-21,TRUE
"cg05687719",0.696088344387335,0.588982111800366,-0.107106232586968,3.19409429478031e-16,0.593283145457341,0.715950665315088,0.122667519857747,3.09874177421409e-15,FALSE
"cg19787000",0.779623997220068,0.632947039982406,-0.146676957237662,3.22002658623365e-16,0.703986656859141,0.596323578293504,-0.107663078565637,1.20200709601721e-07,TRUE
"cg18836618",0.611656717353832,0.476343246852272,-0.13531347050156,3.23677445433549e-16,0.582794248397737,0.469279942535808,-0.113514305861929,1.5698837773876e-08,TRUE
"cg08019384",0.677225940252355,0.513141659140816,-0.164084281111539,3.30591162111606e-16,0.549313272718473,0.751986891267149,0.202673618548676,4.97146603802465e-21,FALSE
"cg00640825",0.813116966130885,0.663403321259836,-0.149713644871048,3.30591162111606e-16,0.802976955165755,0.700857398942444,-0.102119556223311,4.60829902304762e-06,TRUE
"cg13580834",0.760327037888264,0.622671723649151,-0.137655314239113,3.42192241653075e-16,0.547292081445883,0.389739083345438,-0.157552998100445,6.02560261770289e-15,TRUE
"cg03098981",0.678572347732819,0.560405824830982,-0.118166522901837,3.50590805335459e-16,0.627713922095519,0.75582520309915,0.128111281003631,2.46013270256823e-17,FALSE
"cg02589604",0.560274187229155,0.43846613834905,-0.121808048880106,3.59077882683551e-16,0.486710533816105,0.38363209331059,-0.103078440505515,1.81609642265558e-10,TRUE
"cg13787134",0.867566939668147,0.758653821280617,-0.108913118387531,3.59977852641838e-16,0.758089962607301,0.657321259713454,-0.100768702893847,9.31310935376079e-10,TRUE
"cg26334558",0.87397185322723,0.731360354517637,-0.142611498709593,3.61188049172791e-16,0.660295529738603,0.559010314865965,-0.101285214872638,8.81332149767922e-05,TRUE
"cg00019275",0.714247665412439,0.563421590255609,-0.150826075156831,3.71613068597504e-16,0.519453931436817,0.397883738240091,-0.121570193196726,7.61232254928813e-11,TRUE
"cg07764786",0.798600652608927,0.652632151460408,-0.145968501148519,3.80403122414285e-16,0.719323307610231,0.610966077276404,-0.108357230333827,1.8058928400095e-06,TRUE
"cg04195941",0.669943323249871,0.562624272741847,-0.107319050508024,3.87789283110337e-16,0.662090186995318,0.547829301046453,-0.114260885948866,1.82376868557953e-12,TRUE
"cg09691862",0.834197089962398,0.679481897744214,-0.154715192218184,3.9268513904113e-16,0.654541324685578,0.546466440991966,-0.108074883693612,1.3632516268093e-05,TRUE
"cg07824483",0.779443000178067,0.67076680148068,-0.108676198697387,3.9743879283157e-16,0.660295856989888,0.46236565739044,-0.197930199599448,4.69270831436849e-36,TRUE
"cg08651937",0.473615611600786,0.351583381696423,-0.122032229904364,4.02116030214153e-16,0.419844360929739,0.290341999254499,-0.12950236167524,8.32178665996077e-11,TRUE
"cg03280108",0.366543583772302,0.514305481508037,0.147761897735735,4.08917723721345e-16,0.511394463986705,0.619585804988414,0.10819134100171,9.91318215467763e-08,TRUE
"cg17067638",0.603447203399026,0.494099323183447,-0.109347880215579,4.14707076441355e-16,0.536955930420275,0.435751282116944,-0.101204648303331,4.81863108957395e-11,TRUE
"cg14581018",0.792310049359661,0.656651687868332,-0.135658361491329,4.22563998650754e-16,0.786185964459264,0.677806085000579,-0.108379879458685,4.6612890677708e-09,TRUE
"cg09052854",0.56143551167765,0.403671930996519,-0.157763580681131,4.28917182150787e-16,0.436218823050131,0.613638616832685,0.177419793782554,7.34358389726176e-15,FALSE
"cg13831106",0.811847931476193,0.642514871149279,-0.169333060326914,4.30888025830244e-16,0.706812329906208,0.593350017903451,-0.113462312002757,5.51317491427499e-05,TRUE
"cg05864010",0.679613071730042,0.522657755276986,-0.156955316453056,4.34791579494867e-16,0.523906240583488,0.391767053301581,-0.132139187281907,3.92038256904551e-11,TRUE
"cg13119182",0.801535552568335,0.679081507992732,-0.122454044575603,4.35606996771501e-16,0.666979751272407,0.535455034777823,-0.131524716494584,7.80933044254425e-12,TRUE
"cg05357229",0.667150248803323,0.545824443136323,-0.121325805667,4.84458020589013e-16,0.546900328918059,0.415265073017741,-0.131635255900318,3.92310727346335e-18,TRUE
"cg18833559",0.626940672646549,0.489765745691872,-0.137174926954677,5.01378387884472e-16,0.472782573866344,0.364041007989608,-0.108741565876736,3.55390748133092e-10,TRUE
"cg14958969",0.628614682800456,0.418460864470521,-0.210153818329935,5.05235119123767e-16,0.511011834761084,0.360660287698541,-0.150351547062543,1.8461612522533e-07,TRUE
"cg02514000",0.812838189015963,0.667781212232498,-0.145056976783464,5.3149684807025e-16,0.655156454379223,0.54424881254359,-0.110907641835634,3.4281027752926e-07,TRUE
"cg26150142",0.734292073837331,0.559620938099085,-0.174671135738247,5.32201028455359e-16,0.624309200009372,0.492967215918195,-0.131341984091177,6.98258079541195e-07,TRUE
"cg09013220",0.922879725653588,0.775611120942806,-0.147268604710782,5.69733176911175e-16,0.639205349716921,0.499799138100018,-0.139406211616903,9.85398078382656e-09,TRUE
"cg01364826",0.792638319499916,0.63606841038532,-0.156569909114596,5.90085497062738e-16,0.610284476103291,0.473052447522649,-0.137232028580642,9.95094968937675e-10,TRUE
"cg10601234",0.809037214114057,0.679315117533815,-0.129722096580242,6.35753748331274e-16,0.660026791503505,0.556270096851628,-0.103756694651877,1.66462511391972e-07,TRUE
"cg10546487",0.814109404802681,0.696885855398757,-0.117223549403924,6.36163586652083e-16,0.653077979156297,0.761078027262741,0.108000048106444,2.55997677533886e-09,FALSE
"cg04004158",0.438363777412763,0.243256046595306,-0.195107730817457,6.41512852725484e-16,0.265536733265216,0.160567598497287,-0.104969134767929,2.45294018614553e-08,TRUE
"cg16983282",0.666559376450424,0.524565277812361,-0.141994098638063,6.58255956477357e-16,0.64360888689346,0.541130500393322,-0.102478386500138,2.14138631066508e-06,TRUE
"cg24135645",0.766802057766335,0.650977006499478,-0.115825051266858,6.61360415493506e-16,0.720656110470441,0.593265699781178,-0.127390410689263,3.15455124443967e-11,TRUE
"cg27123464",0.724090220029267,0.588323116735309,-0.135767103293957,6.70746818392583e-16,0.592971348299902,0.472945487216679,-0.120025861083222,5.60223102495999e-09,TRUE
"cg17470497",0.717047619821843,0.5566453020348,-0.160402317787043,6.81076269645464e-16,0.59767667610961,0.480129707892596,-0.117546968217014,3.33220727481778e-07,TRUE
"cg13917918",0.668607808881279,0.523563679853142,-0.145044129028137,7.03172904692645e-16,0.689991922985401,0.535939105936378,-0.154052817049023,3.34447265117947e-14,TRUE
"cg14555045",0.774457303656101,0.631920478776998,-0.142536824879103,7.23691580132395e-16,0.734721624754916,0.835008634745292,0.100287009990376,7.0362319831082e-10,FALSE
"cg22471075",0.632770021220834,0.443677667587671,-0.189092353633164,7.26416513129057e-16,0.367854395046858,0.263938952099283,-0.103915442947575,5.71009637050868e-06,TRUE
"cg19111265",0.859555325164936,0.743618893844287,-0.115936431320649,7.26738359283125e-16,0.73910850297581,0.632612116394118,-0.106496386581692,1.00455525719627e-08,TRUE
"cg26155983",0.801225350867688,0.664328306455294,-0.136897044412395,7.36191655010448e-16,0.708829313747439,0.447480963328504,-0.261348350418935,6.06168316247376e-34,TRUE
"cg04569641",0.783582626920164,0.64738792927019,-0.136194697649974,7.39599742683468e-16,0.586069472893401,0.470058215875493,-0.116011257017908,1.03902262162506e-09,TRUE
"cg27036376",0.931169412498914,0.80442977073042,-0.126739641768494,7.43489188392231e-16,0.760289025751699,0.646671228990915,-0.113617796760783,9.79082053374149e-05,TRUE
"cg26151206",0.68586166017726,0.507357993491901,-0.178503666685359,7.4797407535655e-16,0.612604919547971,0.441926111011143,-0.170678808536828,1.35274937328484e-12,TRUE
"cg26383138",0.63242227976557,0.423470620276968,-0.208951659488602,7.48342609027767e-16,0.439733808498619,0.320011346192199,-0.11972246230642,1.19443314515255e-05,TRUE
"cg03145062",0.859335331923738,0.721883832926681,-0.137451498997057,7.73456523999341e-16,0.696049864081075,0.586741409310269,-0.109308454770806,3.08430365165149e-06,TRUE
"cg10643236",0.773106891254945,0.622898301841569,-0.150208589413376,7.79636058019037e-16,0.568923080558207,0.468364559087942,-0.100558521470265,6.28174127925978e-07,TRUE
"cg25581330",0.390896674288025,0.259064789941968,-0.131831884346058,8.18815673162505e-16,0.383084512546262,0.535751125949677,0.152666613403414,1.34097315990588e-12,FALSE
"cg24128045",0.825261281604441,0.672302692163229,-0.152958589441211,8.2068306104293e-16,0.677274867639484,0.552415713420172,-0.124859154219311,4.03577494104073e-06,TRUE
"cg03571277",0.641276881078765,0.500049700100141,-0.141227180978624,8.25628291105488e-16,0.594547819887169,0.466885401518132,-0.127662418369037,4.80810616169509e-10,TRUE
"cg22495211",0.784003638042148,0.641016203813309,-0.142987434228838,8.30435346822887e-16,0.625174512061079,0.470040728452309,-0.15513378360877,1.8434252098897e-11,TRUE
"cg12676534",0.599768977397062,0.41750770090767,-0.182261276489392,8.43410556608271e-16,0.435153039661238,0.323128153222269,-0.112024886438969,7.42843401066377e-06,TRUE
"cg11554566",0.622832300747645,0.428773368294947,-0.194058932452697,8.54103214972759e-16,0.395583390359304,0.294358645024648,-0.101224745334656,2.03545886821623e-06,TRUE
"cg25267258",0.872088315670112,0.691161110538166,-0.180927205131946,8.77214154548136e-16,0.54244849976398,0.418805701374635,-0.123642798389345,0.000279229077117559,TRUE
"cg14492599",0.788911077217963,0.606330489713686,-0.182580587504278,8.91707937041021e-16,0.619918779545601,0.5040876915438,-0.115831088001801,2.67718279766511e-05,TRUE
"cg11855643",0.703074176854642,0.564397780399279,-0.138676396455362,8.91707937041021e-16,0.528789523075245,0.423905575590044,-0.104883947485202,2.55931173390113e-08,TRUE
"cg21375506",0.828432827476398,0.697706295131337,-0.130726532345061,8.99976241178958e-16,0.577590714027866,0.439393582898923,-0.138197131128943,8.45583274490266e-11,TRUE
"cg01509330",0.778424345131984,0.593217437035965,-0.185206908096019,9.15228217956155e-16,0.447767691433158,0.34638284664596,-0.101384844787198,6.64008854302064e-07,TRUE
"cg14139652",0.792199356548147,0.669584986812587,-0.12261436973556,9.51359053529468e-16,0.598811100724087,0.45054735080107,-0.148263749923017,1.30143007358275e-15,TRUE
"cg26995656",0.654510604596534,0.49816150538554,-0.156349099210994,9.7161403403571e-16,0.563044606024721,0.435760880397615,-0.127283725627106,3.88289890534438e-08,TRUE
"cg07471018",0.689233687730879,0.479067673174983,-0.210166014555896,1.04840807154696e-15,0.470834108729329,0.353134657949171,-0.117699450780158,0.000196062840260062,TRUE
"cg27129656",0.803713327188523,0.64552758323608,-0.158185743952443,1.0588116884806e-15,0.730432453393934,0.597877996923219,-0.132554456470715,4.84650130073757e-08,TRUE
"cg16242219",0.679705604464574,0.564495313962041,-0.115210290502533,1.07186597810885e-15,0.620497112783641,0.517832909508543,-0.102664203275098,2.70337763422543e-09,TRUE
"cg23067090",0.765944798605243,0.627063311444401,-0.138881487160841,1.07457752798445e-15,0.592493449075523,0.483910663519317,-0.108582785556206,2.54738946854955e-07,TRUE
"cg03420866",0.883866608149412,0.74245040424272,-0.141416203906692,1.10695367540687e-15,0.670201765986503,0.560409894578304,-0.109791871408199,7.88572881242223e-07,TRUE
"cg27384569",0.757021475121581,0.639811781080676,-0.117209694040906,1.10816020833011e-15,0.593132937275593,0.477476799961408,-0.115656137314185,1.25825087014517e-10,TRUE
"cg16887183",0.620347293053562,0.491623742795008,-0.128723550258553,1.11689463207974e-15,0.597135948646299,0.492435836570483,-0.104700112075816,2.5925625460185e-08,TRUE
"cg05877661",0.89858748158304,0.788101670037209,-0.11048581154583,1.12567988439744e-15,0.700466087872506,0.547835680923465,-0.152630406949041,3.91327602826041e-11,TRUE
"cg10475153",0.508490403485924,0.385412998275802,-0.123077405210122,1.13935307655173e-15,0.445278723666091,0.566536242013852,0.12125751834776,1.08370577907211e-12,FALSE
"cg09732255",0.574995152819722,0.420378848234983,-0.154616304584739,1.14322956124126e-15,0.552707571837205,0.444083092623451,-0.108624479213755,2.50675343810931e-06,TRUE
"cg13136824",0.67144065274236,0.55267886233872,-0.11876179040364,1.15945049362644e-15,0.581662683818516,0.48150149557141,-0.100161188247106,5.60877568504617e-10,TRUE
"cg23052037",0.763704279912483,0.630384764944636,-0.133319514967847,1.17730556581212e-15,0.701722522011501,0.568157650071563,-0.133564871939938,1.4321868114505e-09,TRUE
"cg12036365",0.885404073064243,0.771400679607703,-0.11400339345654,1.18323094937946e-15,0.853849005038017,0.694353628798162,-0.159495376239855,3.41772822909561e-16,TRUE
"cg16135936",0.5854992231118,0.435190289894492,-0.150308933217308,1.20718994117784e-15,0.596723951599328,0.761390620007828,0.1646666684085,5.95257158673596e-16,FALSE
"cg09593033",0.742327380868976,0.598188671114316,-0.14413870975466,1.21099464509712e-15,0.620186054845667,0.514487635594756,-0.105698419250911,5.72910452828063e-06,TRUE
"cg00377087",0.924327478587202,0.794215133489454,-0.130112345097747,1.21939986878364e-15,0.733405537853014,0.619526247026323,-0.113879290826691,0.000182466167343015,TRUE
"cg15804426",0.777374132644232,0.588675790446909,-0.188698342197323,1.26656659697103e-15,0.610006190181572,0.503815734410393,-0.106190455771179,1.6107776364677e-05,TRUE
"cg04396721",0.866166176113562,0.761620053019893,-0.10454612309367,1.27136237557108e-15,0.710095237090094,0.603209716555276,-0.106885520534818,3.44767342341662e-08,TRUE
"cg10832714",0.669064372938896,0.513686675256514,-0.155377697682383,1.28583223277303e-15,0.541923920466117,0.382500127560906,-0.159423792905211,2.13439962836357e-15,TRUE
"cg06169746",0.310840248685893,0.437556101143224,0.12671585245733,1.29703584883261e-15,0.459032154176471,0.579830271222416,0.120798117045945,8.89450862326856e-11,TRUE
"cg02216032",0.823288819162465,0.705557317141289,-0.117731502021176,1.31542144052541e-15,0.664459653982528,0.55798985397105,-0.106469800011478,3.13754659114725e-09,TRUE
"cg14361526",0.591366618355581,0.439428407247241,-0.151938211108339,1.33258849577523e-15,0.513227373993793,0.389131663580383,-0.124095710413409,1.11460980890065e-08,TRUE
"cg13492826",0.694149252970309,0.546987085726518,-0.147162167243791,1.34388519066485e-15,0.54275233008656,0.415848246998976,-0.126904083087584,3.66219097270777e-12,TRUE
"cg25541528",0.623516966293288,0.481217657958075,-0.142299308335213,1.34649547457695e-15,0.583238053241554,0.713943516842373,0.130705463600819,1.55847058980987e-13,FALSE
"cg20821442",0.59771468603384,0.449027469207939,-0.148687216825901,1.36076188890907e-15,0.516417179507154,0.355930371307815,-0.160486808199339,5.33112409302145e-14,TRUE
"cg02788731",0.668740140485818,0.519022025790296,-0.149718114695522,1.40197621876222e-15,0.612190096773051,0.455842690277498,-0.156347406495553,3.00985094261551e-12,TRUE
"cg25255602",0.852184511621467,0.727196125936775,-0.124988385684693,1.42029974524937e-15,0.652511404580891,0.770726957709401,0.11821555312851,2.38467577933674e-08,FALSE
"cg13393505",0.803255651774891,0.638826787145952,-0.164428864628939,1.54328190344149e-15,0.685571077114558,0.584417104384442,-0.101153972730116,5.55367123715477e-06,TRUE
"cg27526098",0.833763835699952,0.686548798936066,-0.147215036763886,1.59849420861205e-15,0.768497705424218,0.635637945408281,-0.132859760015938,2.49275252075041e-11,TRUE
"cg24655087",0.693544284256203,0.570445574307146,-0.123098709949057,1.64697302445854e-15,0.618693954676781,0.501974121232664,-0.116719833444117,5.00434606956521e-11,TRUE
"cg13637893",0.760004730576154,0.628189887552959,-0.131814843023195,1.66279327103484e-15,0.688490508947153,0.58166215759335,-0.106828351353803,1.90419794810378e-07,TRUE
"cg09291131",0.806077782308026,0.60639824531109,-0.199679536996936,1.6650019540707e-15,0.701775262665344,0.564155722189316,-0.137619540476028,0.000131606797764981,TRUE
"cg02028297",0.781624103050122,0.646387393891238,-0.135236709158884,1.68327785700871e-15,0.672668176807548,0.550260607753611,-0.122407569053937,1.15566616652546e-08,TRUE
"cg24088496",0.488111404142933,0.639478394727416,0.151366990584483,1.73884810954023e-15,0.471103764243611,0.635077364768161,0.16397360052455,3.31783308040055e-15,TRUE
"cg03522247",0.824145639661648,0.674859994081695,-0.149285645579953,1.80812039095511e-15,0.817581859388104,0.704174551651695,-0.11340730773641,5.92271013612073e-07,TRUE
"cg17388712",0.740418346207722,0.574995527447079,-0.165422818760643,1.82349736798435e-15,0.540679327514017,0.421513324734019,-0.119166002779998,1.93447534661395e-08,TRUE
"cg09948419",0.290902869866663,0.474040839632655,0.183137969765993,1.9326834590453e-15,0.603318536309058,0.788879545226701,0.185561008917642,6.23865886544253e-19,TRUE
"cg10734044",0.711356882190566,0.58738587901692,-0.123971003173645,1.94548655647356e-15,0.633464942372719,0.521145316442833,-0.112319625929886,7.12894617096491e-10,TRUE
"cg00892891",0.915678434257226,0.801763134490396,-0.11391529976683,1.97300984580884e-15,0.811994696690818,0.676109221713136,-0.135885474977681,9.9192345345324e-13,TRUE
"cg00244111",0.881676322289298,0.780123083253527,-0.101553239035772,2.00360892107209e-15,0.745607104051088,0.530821139569401,-0.214785964481687,4.37041134883935e-21,TRUE
"cg04041976",0.860520281836498,0.695454669193672,-0.165065612642826,2.01087519827256e-15,0.602689147560738,0.486827060829593,-0.115862086731145,0.000195900804066249,TRUE
"cg07056236",0.880864880747213,0.774989247578847,-0.105875633168367,2.06549591197928e-15,0.807727791220267,0.701304790504395,-0.106423000715872,5.70526352442152e-10,TRUE
"cg01565584",0.854668959568597,0.724754596081515,-0.129914363487082,2.08121299956414e-15,0.615756688741722,0.470262686795054,-0.145494001946667,2.146680954047e-10,TRUE
"cg08400475",0.820821145265904,0.676153637220319,-0.144667508045585,2.1158128483425e-15,0.707198936291486,0.581965929588442,-0.125233006703044,1.57193489767955e-07,TRUE
"cg19587537",0.675449048957468,0.541910556918986,-0.133538492038483,2.18097847405036e-15,0.610886839280245,0.719354712571607,0.108467873291362,4.20081420088882e-08,FALSE
"cg20372666",0.858432236700703,0.712279966196878,-0.146152270503826,2.225188487326e-15,0.62906007645127,0.414057172670394,-0.215002903780876,8.4566286868538e-25,TRUE
"cg11311032",0.866831398058524,0.72733122788728,-0.139500170171243,2.26437490071522e-15,0.637942629988255,0.464346415596544,-0.173596214391711,9.64841847496034e-11,TRUE
"cg18893311",0.853354564732156,0.730737604874326,-0.12261695985783,2.26654719074431e-15,0.763017763406998,0.644596807934381,-0.118420955472618,3.24863679268235e-08,TRUE
"cg09147068",0.490250278335559,0.616358458425936,0.126108180090377,2.29006769711577e-15,0.601997391524288,0.71395333409356,0.111955942569273,2.6015822828608e-13,TRUE
"cg20318358",0.712893922478765,0.586941660559259,-0.125952261919507,2.3275898908469e-15,0.566367472368791,0.454876248926131,-0.11149122344266,1.11174494117163e-09,TRUE
"cg05786278",0.769603171726033,0.644406340658108,-0.125196831067925,2.35324643080637e-15,0.624646924865465,0.517354242138929,-0.107292682726536,3.97741742302926e-09,TRUE
"cg15309879",0.718833692733384,0.572426056609115,-0.146407636124269,2.41966498509398e-15,0.692307066420698,0.579092394695229,-0.11321467172547,2.09748616809053e-08,TRUE
"cg17778888",0.874785263455325,0.713158611633419,-0.161626651821907,2.42544847065692e-15,0.675915863096602,0.829463809466607,0.153547946370005,4.98728554252551e-08,FALSE
"cg14555736",0.538701518216796,0.411044919311413,-0.127656598905382,2.48304202282695e-15,0.472665348926149,0.372495633403261,-0.100169715522887,2.50523061240207e-08,TRUE
"cg18471725",0.766353906799742,0.623706002383777,-0.142647904415965,2.49255970633768e-15,0.643221262861177,0.525081146242401,-0.118140116618776,6.48191986609414e-08,TRUE
"cg14020914",0.743140497261833,0.613497749224543,-0.12964274803729,2.63158522036215e-15,0.598528267823248,0.489750766356256,-0.108777501466992,9.46549830145932e-08,TRUE
"cg17840707",0.681721368319609,0.519982052174244,-0.161739316145365,2.6685335477236e-15,0.668950354085194,0.503628674178259,-0.165321679906935,8.0327498051107e-11,TRUE
"cg12129480",0.570147803061593,0.422152912130792,-0.147994890930801,2.69791144157331e-15,0.520492900970396,0.412280243808405,-0.108212657161991,7.23721449927036e-08,TRUE
"cg06372233",0.800386454002314,0.665998742936306,-0.134387711066008,2.69919107159102e-15,0.677693489256072,0.573056288075495,-0.104637201180577,1.52999629054523e-05,TRUE
"cg12022102",0.803868285712624,0.670691859092441,-0.133176426620183,2.82240864452498e-15,0.679763687163352,0.534920156786732,-0.144843530376621,5.39316217798958e-11,TRUE
"cg13474719",0.654860147878969,0.511827903616771,-0.143032244262198,2.87476921352585e-15,0.637872883558487,0.490452698781877,-0.14742018477661,2.59583028323709e-12,TRUE
"cg02760280",0.739891920438356,0.576296954422618,-0.163594966015738,2.8816649453379e-15,0.702923382645869,0.812515881520885,0.109592498875016,2.01017870349253e-09,FALSE
"cg00969288",0.618481626202662,0.477231920718866,-0.141249705483796,2.90308775715653e-15,0.582380735558789,0.474592728949458,-0.107788006609331,1.49124463001748e-06,TRUE
"cg22630543",0.624212676685253,0.482371839607319,-0.141840837077934,2.97430689956872e-15,0.479131212461055,0.350859405783332,-0.128271806677723,6.96563470246315e-11,TRUE
"cg07048608",0.688636938265057,0.523153187876174,-0.165483750388884,2.97563586833803e-15,0.667067704169171,0.54655842628532,-0.12050927788385,1.03930859402179e-06,TRUE
"cg00601648",0.687388776554213,0.534655452240991,-0.152733324313222,3.08860282747477e-15,0.614456930508148,0.747785136557992,0.133328206049844,2.74397570807693e-11,FALSE
"cg01687558",0.845529118671542,0.69269852925488,-0.152830589416663,3.09472812450001e-15,0.567427294474769,0.442199774729604,-0.125227519745165,3.11561437259205e-08,TRUE
"cg15513657",0.833746732102268,0.710438771908996,-0.123307960193272,3.10751439343623e-15,0.747108210857956,0.637996789013486,-0.10911142184447,7.21240814875347e-07,TRUE
"cg06041466",0.664770367396314,0.496602290014693,-0.168168077381621,3.17997043770439e-15,0.447698566900977,0.323753858520473,-0.123944708380504,5.21902263032182e-12,TRUE
"cg26317006",0.866604976741047,0.681173699052464,-0.185431277688583,3.20701744893321e-15,0.642822000346849,0.757439377998916,0.114617377652067,0.000272363324220473,FALSE
"cg06791867",0.71204259831903,0.598454109296028,-0.113588489023002,3.22592296679028e-15,0.619718528792709,0.731481538230215,0.111763009437506,5.45519520682668e-14,FALSE
"cg12798524",0.885761115298274,0.736821598547608,-0.148939516750666,3.27454773900023e-15,0.63535153108032,0.490368619712362,-0.144982911367958,1.90513697064092e-07,TRUE
"cg10420310",0.647303663251735,0.49115278116859,-0.156150882083145,3.34573481659761e-15,0.495622885030992,0.368055965780208,-0.127566919250784,1.53908289652838e-07,TRUE
"cg16960396",0.652090093745496,0.531053606588693,-0.121036487156803,3.34704402180469e-15,0.526878108141128,0.42445211928722,-0.102425988853908,1.19829302536234e-10,TRUE
"cg07851738",0.646006711991142,0.490217176507088,-0.155789535484054,3.43095843188761e-15,0.571337765779738,0.745266972256385,0.173929206476646,8.5624541127231e-16,FALSE
"cg12244275",0.4112330877732,0.305656312840015,-0.105576774933185,3.48327836579253e-15,0.267147848024525,0.382084890690157,0.114937042665632,2.51861553763656e-12,FALSE
"cg03043804",0.713528884996853,0.5617937020502,-0.151735182946653,3.5347019930531e-15,0.548415268086993,0.441006374705218,-0.107408893381776,2.76415285632681e-10,TRUE
"cg21898673",0.80039891338504,0.693335676542833,-0.107063236842207,3.67754094671269e-15,0.625732966901122,0.502472245374765,-0.123260721526357,3.04057966702736e-10,TRUE
"cg21283832",0.678885862049085,0.531291793645385,-0.1475940684037,3.71130900170641e-15,0.550364539219239,0.681356825022098,0.130992285802859,9.54160922484734e-10,FALSE
"cg16022876",0.801721096984556,0.681531384452255,-0.120189712532301,3.7314604510078e-15,0.657376418229803,0.549173889861907,-0.108202528367897,1.31105298709127e-10,TRUE
"cg26626251",0.564606979640293,0.396156410024389,-0.168450569615904,3.96324974967286e-15,0.453144579803351,0.342297056438295,-0.110847523365055,8.70897233630783e-07,TRUE
"cg23874600",0.918193172336268,0.808063057616882,-0.110130114719385,4.07849408458239e-15,0.803421423310994,0.545140922496425,-0.25828050081457,1.04442780245772e-34,TRUE
"cg10063845",0.687518557619204,0.547442367519658,-0.140076190099546,4.08221040312377e-15,0.595340918278883,0.756534706996362,0.16119378871748,6.83311012256552e-16,FALSE
"cg25859489",0.861757790931091,0.740460202158091,-0.121297588773,4.15868100635093e-15,0.776662414581189,0.674118779362231,-0.102543635218957,2.6029996568627e-07,TRUE
"cg06502570",0.828492243999715,0.640903940991001,-0.187588303008714,4.23619773113878e-15,0.755667941161149,0.616627372379933,-0.139040568781216,5.40157557988269e-06,TRUE
"cg21807034",0.651109693551491,0.484674535067965,-0.166435158483526,4.26138834508124e-15,0.5175927835485,0.413763767774887,-0.103829015773613,2.57669662552761e-06,TRUE
"cg06366345",0.786864527962505,0.664438884078433,-0.122425643884071,4.58880581483535e-15,0.608757349960057,0.487461522200155,-0.121295827759902,6.34056426073744e-09,TRUE
"cg01526498",0.722820510201751,0.573694675227914,-0.149125834973837,4.59722641423272e-15,0.604201553313257,0.464571927868785,-0.139629625444472,2.7465796021418e-09,TRUE
"cg20421482",0.741133471754371,0.593515312363132,-0.147618159391239,4.74079711845356e-15,0.506391848252351,0.3452509234131,-0.16114092483925,7.37098542761095e-11,TRUE
"cg10992219",0.509540205417124,0.362134462442419,-0.147405742974705,4.89377921166008e-15,0.483870099385895,0.62628261579102,0.142412516405125,1.85814285056342e-11,FALSE
"cg08261617",0.851084920190172,0.734593130872167,-0.116491789318004,4.96186590251786e-15,0.781998449374899,0.634497925215593,-0.147500524159307,8.16976654149204e-14,TRUE
"cg05411679",0.745319073474825,0.588677281442812,-0.156641792032013,5.07059793309334e-15,0.578612715901173,0.468150931490904,-0.110461784410269,1.99688593965202e-07,TRUE
"cg20465661",0.451137324884648,0.339508306504771,-0.111629018379878,5.37027091585682e-15,0.408714907720096,0.308477097951215,-0.100237809768881,2.22499126432579e-11,TRUE
"cg18099306",0.835782480682624,0.733625913119615,-0.102156567563009,5.61310305761823e-15,0.687218048897322,0.538330039963095,-0.148888008934227,9.90808666910347e-14,TRUE
"cg16164923",0.423062634616883,0.32010464384453,-0.102957990772353,5.70075798301567e-15,0.369736425958658,0.265819247459045,-0.103917178499613,1.12337020949642e-12,TRUE
"cg23796130",0.661447578981854,0.513569959560091,-0.147877619421763,5.74248212469421e-15,0.682588403807502,0.533192214832095,-0.149396188975407,2.31299157344319e-10,TRUE
"cg13819577",0.784237909170366,0.643502574862642,-0.140735334307724,5.75068074947026e-15,0.703718845849692,0.599860093506752,-0.103858752342939,9.69532702755714e-07,TRUE
"cg14372792",0.475329438110963,0.352218860844632,-0.123110577266331,5.86222284655006e-15,0.397153678471207,0.503563324525325,0.106409646054118,3.60714169618585e-07,FALSE
"cg00840341",0.608830008126282,0.44643002898327,-0.162399979143012,5.9639513072247e-15,0.475487267020367,0.372334463557247,-0.103152803463119,6.14976961690389e-07,TRUE
"cg24933157",0.707083522750052,0.574129740608449,-0.132953782141603,6.19688750375745e-15,0.529608267101469,0.429505961890096,-0.100102305211373,3.72949460708514e-08,TRUE
"cg04514206",0.739816635928741,0.601579403224476,-0.138237232704264,6.26718942675151e-15,0.511587535556831,0.401938488428431,-0.1096490471284,3.83406585360366e-09,TRUE
"cg18499731",0.804746435621379,0.6974198506301,-0.10732658499128,6.38422785947664e-15,0.625818768735477,0.506090241736956,-0.119728526998521,1.5346077147205e-09,TRUE
"cg14170793",0.748705416498825,0.629174462003684,-0.119530954495141,6.3909316309175e-15,0.55079826949986,0.411691971386652,-0.139106298113208,1.68253532014231e-14,TRUE
"cg11938832",0.859865856860352,0.714592264935878,-0.145273591924474,6.45120993196976e-15,0.657089785925463,0.80022183170789,0.143132045782427,6.16525390051585e-11,FALSE
"cg25351263",0.806672681241395,0.699241310804074,-0.107431370437321,6.48266712545748e-15,0.723988643646231,0.590868847595704,-0.133119796050527,7.39661450736452e-14,TRUE
"cg08528486",0.820608904139202,0.656892652133075,-0.163716252006127,6.52831685580855e-15,0.592827082675505,0.471978245957758,-0.120848836717747,2.16157064802391e-06,TRUE
"cg24467326",0.82046057820411,0.698637969354281,-0.121822608849828,6.59290813796842e-15,0.691158101651373,0.589431806423472,-0.101726295227901,8.59171125192343e-07,TRUE
"cg23383531",0.70864637371422,0.554273595202052,-0.154372778512168,6.94344568458912e-15,0.574220214274038,0.471237954390046,-0.102982259883992,1.01827736524176e-06,TRUE
"cg13220569",0.61883153275067,0.486217707187649,-0.132613825563021,7.01033149490167e-15,0.533018147604438,0.41303453809892,-0.119983609505518,1.75931492681425e-09,TRUE
"cg08238865",0.61518630572284,0.472234374432485,-0.142951931290355,7.16879239146031e-15,0.527173631446959,0.406725638410801,-0.120447993036158,9.49862105879938e-10,TRUE
"cg19773546",0.908586284175579,0.778018188820147,-0.130568095355432,7.25430418619186e-15,0.656822413188599,0.535178420243402,-0.121643992945196,1.12547121078985e-08,TRUE
"cg17214902",0.729563912820416,0.625121089849993,-0.104442822970423,7.28354460861836e-15,0.593000475550572,0.471553790740453,-0.121446684810119,4.50700267158989e-14,TRUE
"cg19107055",0.765547596771393,0.62329439211697,-0.142253204654422,7.42291149088439e-15,0.673076605229417,0.808239574709739,0.135162969480322,1.93466314540414e-12,FALSE
"cg04789315",0.837092062328157,0.687086206705411,-0.150005855622746,7.81872743579595e-15,0.663930438907934,0.796303827062434,0.1323733881545,1.78546125219472e-08,FALSE
"cg23643466",0.726029311848939,0.551409956301394,-0.174619355547545,7.85815447119485e-15,0.567331806576957,0.464498946938759,-0.102832859638198,2.52378527218304e-05,TRUE
"cg15475714",0.73154535212607,0.580249994709022,-0.151295357417047,7.94237563164438e-15,0.704103433103111,0.822790797316909,0.118687364213798,6.39542853598288e-11,FALSE
"cg09441579",0.791814012393871,0.677237187319202,-0.114576825074669,7.97034932077892e-15,0.751663513021794,0.622815465158835,-0.128848047862958,2.03175323855569e-12,TRUE
"cg24884140",0.765585744620688,0.635456304192085,-0.130129440428603,8.13528258306473e-15,0.62970316952091,0.471752230987934,-0.157950938532975,5.02255281568809e-15,TRUE
"cg13071185",0.776912406710399,0.612542123983342,-0.164370282727056,8.23795924146459e-15,0.549076238243719,0.432216170222435,-0.116860068021284,1.12341761875663e-08,TRUE
"cg11869773",0.794612107337136,0.621481621823972,-0.173130485513164,8.24324634933656e-15,0.760709566053501,0.608543302662829,-0.152166263390672,1.46063637697607e-08,TRUE
"cg02149509",0.618894115033732,0.464468339555353,-0.154425775478379,8.46284991072698e-15,0.587603640907856,0.721451481369513,0.133847840461657,4.15179790747893e-10,FALSE
"cg13072098",0.773156590119154,0.650596166195774,-0.12256042392338,8.62983595283545e-15,0.613869447506188,0.485596564901002,-0.128272882605186,4.41791029004362e-12,TRUE
"cg23287952",0.756771930159784,0.630736215528805,-0.126035714630979,8.67021403284921e-15,0.633343501621831,0.530413099210463,-0.102930402411368,1.43609835566668e-07,TRUE
"cg01461824",0.389658891253335,0.284687981526867,-0.104970909726467,8.76226817804245e-15,0.255390016918884,0.367481264908194,0.11209124798931,1.40024585355971e-09,FALSE
"cg24102792",0.736624842138066,0.572308479176188,-0.164316362961879,8.7818629111973e-15,0.606662817887058,0.503215466928517,-0.103447350958541,0.000101589125802116,TRUE
"cg05233289",0.928340685731075,0.783216211202751,-0.145124474528324,8.82783305659771e-15,0.816077623150777,0.92084857591442,0.104770952763643,1.29813119555811e-08,FALSE
"cg17546215",0.791281570107316,0.650582917755286,-0.14069865235203,9.19624110027771e-15,0.662393783112822,0.558836541249911,-0.103557241862911,6.88072724848842e-07,TRUE
"cg25020591",0.731781974964332,0.593554126637081,-0.138227848327251,9.27824485387895e-15,0.672899664518191,0.568938841848216,-0.103960822669976,2.65001053964119e-06,TRUE
"cg23822732",0.653506835499504,0.512248023043274,-0.14125881245623,9.33225659878005e-15,0.578117383150278,0.469515323899326,-0.108602059250952,3.42984128132049e-07,TRUE
"cg12651953",0.659325223976059,0.524314318370674,-0.135010905605385,9.53609591725689e-15,0.608975989743011,0.506015340487413,-0.102960649255598,9.42070323217989e-07,TRUE
"cg07159951",0.851528125659218,0.744395175901967,-0.107132949757251,9.66048064337787e-15,0.798921923803253,0.630125861518715,-0.168796062284539,7.42850678474035e-24,TRUE
"cg07916654",0.85991428512553,0.717389824017997,-0.142524461107533,9.73461020721182e-15,0.665329126864229,0.492516511232626,-0.172812615631604,5.56939898551301e-12,TRUE
"cg23392390",0.668654632924232,0.527062584673802,-0.14159204825043,9.91693253533192e-15,0.524814822158155,0.370418645608887,-0.154396176549268,2.40295919752814e-16,TRUE
"cg11440009",0.785921646187013,0.657993237228627,-0.127928408958386,1.00676145696625e-14,0.603608666993639,0.496773879299465,-0.106834787694174,4.00185010177287e-08,TRUE
"cg06544652",0.745429697199229,0.609482581104525,-0.135947116094704,1.00984079013904e-14,0.607043484884764,0.506351757099233,-0.100691727785531,1.1516884854287e-07,TRUE
"cg00240719",0.748643789157819,0.60867985836279,-0.139963930795029,1.01759436728582e-14,0.502877820472729,0.344882302545757,-0.157995517926972,1.89823792643213e-13,TRUE
"cg12159464",0.70105750385512,0.564113275648039,-0.136944228207082,1.03749373722208e-14,0.6131637009041,0.49765154150562,-0.11551215939848,1.11013261887627e-08,TRUE
"cg05815404",0.906026210844944,0.776060061939978,-0.129966148904966,1.07287921698726e-14,0.784182954044285,0.624673658627528,-0.159509295416757,5.69782174093171e-12,TRUE
"cg23011516",0.804918599690397,0.687139230435454,-0.117779369254942,1.09315895587677e-14,0.683352189343497,0.573998898579744,-0.109353290763753,2.0847891394268e-07,TRUE
"cg16730484",0.758191901036908,0.610536959385623,-0.147654941651286,1.21776331950142e-14,0.57816044403904,0.466866352182411,-0.111294091856629,4.17300326270368e-07,TRUE
"cg22506490",0.694380982901369,0.535992332062714,-0.158388650838655,1.30901484933794e-14,0.677782738908986,0.530375552194207,-0.147407186714779,6.13390356769279e-09,TRUE
"cg02789515",0.745565377290247,0.582501879445677,-0.16306349784457,1.30901746250076e-14,0.508214640484558,0.356578508701305,-0.151636131783253,9.44104577000183e-08,TRUE
"cg21576886",0.558385945579982,0.412097875740964,-0.146288069839019,1.31400622151356e-14,0.580145151196549,0.462436040921041,-0.117709110275508,6.95578538937925e-08,TRUE
"cg05369553",0.752678646399085,0.591323165893797,-0.161355480505288,1.32479279522726e-14,0.669689908799789,0.549929014618374,-0.119760894181415,5.22728565774141e-07,TRUE
"cg04860863",0.76180518983248,0.623266461512286,-0.138538728320194,1.36485432011656e-14,0.6950175800625,0.594058533636737,-0.100959046425763,9.89543458655794e-06,TRUE
"cg02864248",0.729731881853087,0.609516366530505,-0.120215515322582,1.37910186309182e-14,0.640434331900414,0.517432749415641,-0.123001582484774,2.47224441159699e-10,TRUE
"cg01733284",0.683885957097204,0.51203858830889,-0.171847368788314,1.39186397141627e-14,0.631313945039555,0.468950562252275,-0.16236338278728,1.50045308546521e-10,TRUE
"cg11416605",0.64342261684679,0.513042324499653,-0.130380292347137,1.41192475509032e-14,0.566602416259491,0.448417387752876,-0.118185028506615,1.39470574646831e-10,TRUE
"cg21146428",0.660472779900944,0.522644614854246,-0.137828165046698,1.45340400258631e-14,0.564972260038828,0.439942732232079,-0.125029527806749,6.83670711251639e-08,TRUE
"cg00067742",0.668795524329136,0.511106843365648,-0.157688680963488,1.45716657539528e-14,0.601524403699987,0.496942687454504,-0.104581716245483,3.58631674177329e-06,TRUE
"cg16801797",0.475291928287825,0.36790254074136,-0.107389387546464,1.46298999475123e-14,0.441240031891835,0.561166557645897,0.119926525754062,6.64846540360678e-14,FALSE
"cg22889316",0.783421064290628,0.648476387870627,-0.134944676420001,1.4663423562663e-14,0.727040886042979,0.591392036696018,-0.135648849346961,2.53195589780419e-10,TRUE
"cg23413051",0.820318137587086,0.696334510755673,-0.123983626831413,1.49184079211749e-14,0.526878134103232,0.38118927002077,-0.145688864082463,1.77553059548322e-14,TRUE
"cg23500396",0.788331297669184,0.663528297112295,-0.124803000556889,1.50716314396912e-14,0.680623703864317,0.789217378977567,0.10859367511325,1.97185359790461e-10,FALSE
"cg03109316",0.690555384528797,0.563598264860188,-0.126957119668609,1.5156942950826e-14,0.643927076045306,0.749011766583312,0.105084690538006,4.38307969184369e-08,FALSE
"cg01098474",0.640680158298834,0.48893558150954,-0.151744576789294,1.51892692372314e-14,0.534601867688921,0.412205615847511,-0.12239625184141,1.02214331637929e-08,TRUE
"cg20572537",0.81811741683326,0.671346472442242,-0.146770944391018,1.5322540541599e-14,0.61470475289615,0.716894757952631,0.102190005056481,0.000107996790586034,FALSE
"cg03222523",0.704628136092399,0.587259125715251,-0.117369010377149,1.57498742738735e-14,0.529805127887915,0.425795804991054,-0.104009322896861,1.1307460167025e-09,TRUE
"cg08911237",0.871383351422727,0.754058971625689,-0.117324379797038,1.58361145223705e-14,0.802154632029243,0.592519725386889,-0.209634906642354,3.82149323295839e-31,TRUE
"cg08661469",0.256921036958668,0.148311681476536,-0.108609355482132,1.58591221930132e-14,0.158176846897522,0.258246464706379,0.100069617808857,2.20583695066227e-07,FALSE
"cg18799399",0.558717019472341,0.420675079469545,-0.138041940002796,1.60686220204213e-14,0.493542534945506,0.393093803304181,-0.100448731641325,1.26691476126426e-09,TRUE
"cg02862461",0.680345623030366,0.541656304788274,-0.138689318242092,1.61365423526085e-14,0.637406188042532,0.517935372910522,-0.11947081513201,8.20771147908423e-08,TRUE
"cg04562683",0.709482467217918,0.53453905872201,-0.174943408495908,1.66807291434623e-14,0.66250177924143,0.768415859640629,0.105914080399199,7.70275853567191e-08,FALSE
"cg11132921",0.689618593428725,0.528706575181562,-0.160912018247162,1.69916082445664e-14,0.618210430375596,0.508323214458371,-0.109887215917225,3.82277751363698e-06,TRUE
"cg16907566",0.440042269270666,0.312059541012936,-0.12798272825773,1.70276314244624e-14,0.43997812783302,0.620958395634666,0.180980267801646,7.8420966970122e-14,FALSE
"cg02551095",0.756286043759451,0.63155524793965,-0.124730795819801,1.708162027057e-14,0.684700151029771,0.545476714799113,-0.139223436230658,1.41237401654735e-10,TRUE
"cg05916059",0.607421860066515,0.467837568129818,-0.139584291936697,1.77258169594605e-14,0.567145988909932,0.438051252132553,-0.129094736777379,5.44866262295629e-09,TRUE
"cg24176288",0.631369772484335,0.47926643105693,-0.152103341427404,1.78630930166772e-14,0.472999105361051,0.367839632702514,-0.105159472658537,2.62747611813371e-06,TRUE
"cg12900082",0.666782644570879,0.538286451022196,-0.128496193548683,1.8091207277478e-14,0.677012038926753,0.53028911835967,-0.146722920567083,1.45251913363437e-10,TRUE
"cg18071348",0.585157841613593,0.425997203598064,-0.159160638015528,1.8125288862203e-14,0.420426969704323,0.314782226056456,-0.105644743647867,1.96058500617795e-07,TRUE
"cg19758173",0.792265408420761,0.604474858076446,-0.187790550344315,1.82112375263427e-14,0.598678197123586,0.714638820721577,0.115960623597991,0.000269092330003637,FALSE
"cg26164184",0.690575564482044,0.569882603750367,-0.120692960731677,1.89321791644362e-14,0.657839498661784,0.542483159481924,-0.115356339179859,8.90449671336661e-09,TRUE
"cg27066295",0.816846149967473,0.695212360508893,-0.121633789458579,1.90957584277306e-14,0.742088812305055,0.613126324138396,-0.128962488166658,5.02977522961809e-12,TRUE
"cg20140940",0.576754993748643,0.417928166872125,-0.158826826876518,1.91527143306824e-14,0.391647673622177,0.287254229148658,-0.104393444473519,2.46006192509764e-10,TRUE
"cg02484127",0.596268129631313,0.414264773905484,-0.182003355725829,1.9377781566566e-14,0.379361772100248,0.272054959740428,-0.10730681235982,2.12412577853467e-05,TRUE
"cg22747501",0.584747193212685,0.423116174150591,-0.161631019062094,1.9940099170423e-14,0.371870795769495,0.26070566847093,-0.111165127298565,3.88144483257881e-09,TRUE
"cg06010711",0.796304997159896,0.641433993976347,-0.154871003183549,2.03436000294873e-14,0.670044566266074,0.802036046707098,0.131991480441024,2.62049894109788e-11,FALSE
"cg19851563",0.508248038884513,0.369617530868545,-0.138630508015968,2.07671043306347e-14,0.396373919102117,0.285741509024519,-0.110632410077598,4.70526437493266e-10,TRUE
"cg25232786",0.614922145184953,0.487840179195895,-0.127081965989057,2.11027807707676e-14,0.482351933911892,0.37322849063931,-0.109123443272582,4.03894534770732e-10,TRUE
"cg02344891",0.813687960618609,0.697651168031924,-0.116036792586685,2.14447883590892e-14,0.742163930393104,0.640691959100272,-0.101471971292832,2.51025479046107e-06,TRUE
"cg20137179",0.747610365869107,0.592462852001838,-0.155147513867269,2.1478965332462e-14,0.725892975583002,0.614667731428317,-0.111225244154685,7.49400899367427e-06,TRUE
"cg12937413",0.614578653691649,0.457566837796921,-0.157011815894728,2.20906388693174e-14,0.46747819485866,0.329127155318841,-0.138351039539819,6.58276582762057e-13,TRUE
"cg18345456",0.441232518366005,0.332437361644391,-0.108795156721614,2.26838756839381e-14,0.38874328768896,0.280696238710895,-0.108047048978065,1.09873895457922e-14,TRUE
"cg15934004",0.683141942583327,0.526873844978641,-0.156268097604686,2.35179226142063e-14,0.633326486195446,0.782681260683661,0.149354774488215,1.84117648893874e-14,FALSE
"cg18331909",0.680546603799423,0.569932739458402,-0.110613864341021,2.35179226142063e-14,0.476185913224462,0.60252555215721,0.126339638932748,3.46674722424211e-13,FALSE
"cg17969271",0.230979100065688,0.332841772168083,0.101862672102395,2.4170077656905e-14,0.327360523033003,0.487888162732475,0.160527639699472,3.09983519136257e-20,TRUE
"cg04237529",0.805346044073397,0.674943197128811,-0.130402846944586,2.47099799949941e-14,0.723792484740477,0.611753504020429,-0.112038980720048,1.96772508705441e-07,TRUE
"cg11855156",0.769359932745921,0.648116341736267,-0.121243591009654,2.5280757357122e-14,0.602975967941882,0.740261784767926,0.137285816826044,7.78757822338437e-14,FALSE
"cg02895126",0.67876750102243,0.536599681634187,-0.142167819388243,2.5405506292197e-14,0.506080173239052,0.406022743845652,-0.1000574293934,2.94281018440904e-08,TRUE
"cg21531873",0.840551247096026,0.694976869096226,-0.1455743779998,2.55712657681632e-14,0.750742206942407,0.617790553182095,-0.132951653760312,2.89866879801612e-10,TRUE
"cg05492904",0.610195072500126,0.49277314341247,-0.117421929087656,2.5600616209847e-14,0.562028728913316,0.697180232329289,0.135151503415972,2.07995974799492e-13,FALSE
"cg07826859",0.198003511039372,0.314657974751923,0.116654463712551,2.69763617653396e-14,0.339120407484039,0.529465129783656,0.190344722299617,7.01038889000649e-31,TRUE
"cg17211761",0.739109868796478,0.512524458648666,-0.226585410147812,2.78778892082913e-14,0.517873982559413,0.371931848814721,-0.145942133744692,1.78190740838092e-05,TRUE
"cg07904568",0.640352674331796,0.518015561645189,-0.122337112686607,2.79415547646089e-14,0.514170793818497,0.402440283020834,-0.111730510797662,2.76838785970995e-09,TRUE
"cg22661082",0.699900809476802,0.57301846518552,-0.126882344291281,2.79824541688475e-14,0.591232259638984,0.486724801115156,-0.104507458523827,4.05670558401929e-08,TRUE
"cg09478478",0.74199784032193,0.59509180281128,-0.14690603751065,2.83401703600484e-14,0.702051676842691,0.585361025827988,-0.116690651014703,2.88410354242475e-07,TRUE
"cg18009704",0.723347489790503,0.598333318345849,-0.125014171444654,2.88952870746175e-14,0.634376462149644,0.491327963314712,-0.143048498834932,2.1335252275617e-13,TRUE
"cg05896377",0.713092198751765,0.548325078917419,-0.164767119834346,2.89511742757586e-14,0.600810870478867,0.799727667779559,0.198916797300692,2.19014246652902e-20,FALSE
"cg24305861",0.746732568451326,0.585350234205028,-0.161382334246298,2.96862379835298e-14,0.555860353082529,0.447379673699143,-0.108480679383387,2.92096843935589e-07,TRUE
"cg15511286",0.797314694723409,0.633186447077324,-0.164128247646086,3.03114019200568e-14,0.64727168744044,0.755281505169112,0.108009817728672,3.98627120179511e-06,FALSE
"cg27641961",0.681907893266436,0.575492330695219,-0.106415562571218,3.1945559123834e-14,0.521687834813277,0.393187086458352,-0.128500748354925,1.45091944627276e-16,TRUE
"cg14676272",0.822207753279545,0.655091252627208,-0.167116500652336,3.2894452155173e-14,0.414509299922445,0.306357745888262,-0.108151554034183,6.09352388851318e-07,TRUE
"cg04844231",0.766952374522211,0.612713268962095,-0.154239105560116,3.30319712692595e-14,0.736768820830949,0.614061251662942,-0.122707569168008,1.48918902791797e-07,TRUE
"cg18867781",0.859372446867317,0.703927208984987,-0.15544523788233,3.4917970785036e-14,0.633590947442469,0.739218902184791,0.105627954742322,0.00020007618695667,FALSE
"cg06937491",0.785202537152979,0.626425869387833,-0.158776667765147,3.4946921754096e-14,0.644599344542674,0.526965705138511,-0.117633639404163,1.01204381094389e-06,TRUE
"cg03214622",0.674905577661999,0.548613581453903,-0.126291996208096,3.57680456205734e-14,0.630150517789669,0.499643902682916,-0.130506615106753,2.914501059203e-12,TRUE
"cg20090561",0.834667254363705,0.701416846446838,-0.133250407916866,3.59740826615523e-14,0.701991664706125,0.386050575049062,-0.315941089657063,4.07411994682491e-37,TRUE
"cg23413527",0.722288408485886,0.584717331844454,-0.137571076641432,3.62018021043003e-14,0.783441401492453,0.650030124155706,-0.133411277336747,3.95777465824037e-11,TRUE
"cg00535576",0.885915682749558,0.755682058421202,-0.130233624328355,3.67144806969908e-14,0.704612178355634,0.603076590136475,-0.101535588219159,1.13373764622249e-05,TRUE
"cg25717823",0.792387374829599,0.686484833434554,-0.105902541395045,3.73300491405385e-14,0.741810203573036,0.637108404504611,-0.104701799068425,1.18638055411248e-08,TRUE
"cg26360930",0.734611725599182,0.618464032738756,-0.116147692860426,3.77483209285045e-14,0.648757782221337,0.532286807125494,-0.116470975095843,2.46983243718283e-09,TRUE
"cg26893699",0.674942186462998,0.539182282528241,-0.135759903934757,3.82493375081925e-14,0.543838537192365,0.416687605889135,-0.12715093130323,1.98126310275876e-10,TRUE
"cg01395254",0.588927699784416,0.435050666528543,-0.153877033255873,3.90243560922265e-14,0.456432766028942,0.331246413547747,-0.125186352481195,1.37678903187109e-08,TRUE
"cg18538501",0.767984208676334,0.625862651131256,-0.142121557545078,4.02967649051126e-14,0.657546362051117,0.551000195697276,-0.106546166353841,2.71520004303104e-06,TRUE
"cg18129282",0.749430958547266,0.64735125124704,-0.102079707300226,4.21021103877923e-14,0.558589137563112,0.43648705396316,-0.122102083599952,4.51902220340664e-14,TRUE
"cg17300870",0.807557154971961,0.670489172853819,-0.137067982118143,4.23919869980282e-14,0.721170540606597,0.547039399690037,-0.17413114091656,5.38311595348113e-18,TRUE
"cg15142042",0.621310183017082,0.452509143235104,-0.168801039781978,4.26609675616317e-14,0.526012873576571,0.382723795184802,-0.143289078391769,8.70211641698445e-11,TRUE
"cg08546107",0.860458798207778,0.719592428129547,-0.140866370078231,4.3991278374704e-14,0.662381955508515,0.53487324942053,-0.127508706087985,7.71215616018841e-07,TRUE
"cg07471052",0.844791248635921,0.731053422380914,-0.113737826255007,4.52016368839375e-14,0.683861676800317,0.547344558151557,-0.136517118648761,1.34889699902751e-13,TRUE
"cg04508870",0.695774527264504,0.552801443736881,-0.142973083527624,4.58863548310112e-14,0.636778349286409,0.770474371888629,0.133696022602219,2.03968728804629e-12,FALSE
"cg11380748",0.68728644823645,0.563997861328094,-0.123288586908357,4.83715489141588e-14,0.641592555142614,0.744917377270279,0.103324822127665,7.19635115140158e-08,FALSE
"cg19722698",0.476253187495801,0.339647360781893,-0.136605826713908,4.96568998002611e-14,0.441144113013035,0.237487027043788,-0.203657085969246,3.57580951541476e-32,TRUE
"cg19310458",0.663054340941122,0.512641224721356,-0.150413116219766,4.97054554348521e-14,0.54452183326151,0.726273114767002,0.181751281505491,5.99201269400181e-18,FALSE
"cg17437419",0.656559147051096,0.551100692584074,-0.105458454467022,5.03520039453373e-14,0.680407635997452,0.576191110583146,-0.104216525414305,8.16367071405812e-09,TRUE
"cg19642505",0.529687849228669,0.391138584137368,-0.138549265091301,5.27671431560012e-14,0.414049404869458,0.30557440558487,-0.108474999284587,7.60066820125448e-10,TRUE
"cg11695831",0.700614979258201,0.576618110376447,-0.123996868881754,5.27671431560012e-14,0.631969574743873,0.529106538850973,-0.1028630358929,1.44198700898738e-08,TRUE
"cg11635155",0.779583532700303,0.650622814275971,-0.128960718424332,5.37390036791995e-14,0.737534490834925,0.618675786550587,-0.118858704284338,9.13476827868266e-10,TRUE
"cg11091914",0.719257028764452,0.55365973525875,-0.165597293505703,5.44595786168726e-14,0.443342221272225,0.278818483182368,-0.164523738089857,3.84972130135674e-12,TRUE
"cg16970323",0.510107591616039,0.385125567600838,-0.124982024015202,5.45381946691644e-14,0.469184893876848,0.600841745012145,0.131656851135298,2.3551468417499e-09,FALSE
"cg09728333",0.597346034741592,0.469771313312275,-0.127574721429317,5.45535103868946e-14,0.446203774500635,0.28390871806791,-0.162295056432726,4.68306824074776e-16,TRUE
"cg11968318",0.766893590771874,0.649911525966893,-0.116982064804982,5.75959539552138e-14,0.692924221741229,0.80168669347374,0.108762471732511,2.91679007550509e-11,FALSE
"cg25900943",0.480401168268266,0.379102420432725,-0.101298747835542,6.01085257842959e-14,0.469552662064622,0.586943827980766,0.117391165916145,1.67755688775504e-09,FALSE
"cg27344315",0.591495734677789,0.4656037861501,-0.125891948527689,6.24406791963339e-14,0.549772079307974,0.669867401884157,0.120095322576183,4.48013823592561e-14,FALSE
"cg12961607",0.622304641626485,0.436610554276835,-0.18569408734965,6.34685907965699e-14,0.41554933768952,0.56031382963114,0.14476449194162,1.45922734933912e-07,FALSE
"cg09837943",0.650355280468325,0.546262379893156,-0.104092900575168,6.45778608166156e-14,0.567233205127621,0.466287899338224,-0.100945305789397,1.87712929982346e-11,TRUE
"cg02679809",0.247791637335462,0.114219157091057,-0.133572480244405,6.46037143258472e-14,0.135264949626304,0.378187739052329,0.242922789426024,1.31958009430747e-16,FALSE
"cg08996506",0.827217846447587,0.713405809536629,-0.113812036910958,6.48204848364823e-14,0.732098666166536,0.521711634369327,-0.210387031797209,2.7059421763633e-31,TRUE
"cg16100355",0.861788802796198,0.697760385871715,-0.164028416924483,6.65672155304719e-14,0.627882818585406,0.493759118485523,-0.134123700099883,8.89081000863868e-07,TRUE
"cg07395806",0.836153689684607,0.714658075852968,-0.12149561383164,6.78455713112634e-14,0.763087242598514,0.647017734020777,-0.116069508577737,1.10161286259783e-07,TRUE
"cg21472642",0.566572694116867,0.425639326862079,-0.140933367254788,6.80291693162976e-14,0.395764983521598,0.295609441384042,-0.100155542137555,1.04094546759178e-09,TRUE
"cg08371852",0.676424251035588,0.561060929939703,-0.115363321095884,6.99529575561689e-14,0.455354341101169,0.32079505284707,-0.134559288254099,7.32983477124142e-17,TRUE
"cg02055264",0.830128786618707,0.714632767982706,-0.115496018636001,7.07119676430745e-14,0.510931012933441,0.382635877848207,-0.128295135085234,4.73691298589752e-09,TRUE
"cg24886391",0.898828197984859,0.797326299702821,-0.101501898282038,7.08706847229854e-14,0.727590051501591,0.604698192149735,-0.122891859351856,3.80630987155308e-10,TRUE
"cg08736216",0.610375231102833,0.496628648721852,-0.113746582380981,7.09818828762718e-14,0.557733340332187,0.659329885420119,0.101596545087931,6.16024743923818e-09,FALSE
"cg25078649",0.748511659752015,0.587928530705671,-0.160583129046344,7.11655988785149e-14,0.708614417310682,0.594951615335519,-0.113662801975163,2.82370982192703e-05,TRUE
"cg02780400",0.855953620867279,0.706899682397254,-0.149053938470025,7.22275998160709e-14,0.581805108240429,0.454439504362841,-0.127365603877587,6.63979219285877e-06,TRUE
"cg11759378",0.851419282154463,0.736776336927931,-0.114642945226532,7.2473948930322e-14,0.584166539412925,0.479549029716262,-0.104617509696663,3.71721136763778e-06,TRUE
"cg11705747",0.872471221637827,0.736053560235371,-0.136417661402456,7.3157118462278e-14,0.923603151481325,0.663158973513424,-0.260444177967901,3.88851302823487e-46,TRUE
"cg19287501",0.722801858727216,0.604944773854431,-0.117857084872785,7.36582074789958e-14,0.6217542413028,0.764117107322854,0.142362866020054,9.99897953823687e-17,FALSE
"cg15003570",0.88109628401645,0.738545668651143,-0.142550615365307,7.46840592062756e-14,0.698103303311403,0.553285561939725,-0.144817741371678,8.00341518142786e-06,TRUE
"cg13602761",0.832946440774939,0.728765158224952,-0.104181282549987,7.50259756461913e-14,0.798992046628075,0.684721739033279,-0.114270307594795,1.37713626056806e-11,TRUE
"cg14398929",0.677827085382786,0.549690863526475,-0.128136221856311,7.71768778713577e-14,0.580318127022727,0.457394740226659,-0.122923386796068,1.16918585403123e-09,TRUE
"cg18196334",0.686669683630077,0.585875228721639,-0.100794454908438,7.8888728808726e-14,0.545430498560828,0.431777374246157,-0.113653124314671,4.31164180892745e-10,TRUE
"cg26254637",0.771576435964204,0.640441063351954,-0.131135372612249,7.89342553696837e-14,0.742675017449667,0.598117538859283,-0.144557478590384,1.51868370546412e-12,TRUE
"cg10216717",0.482203418109244,0.37314393649656,-0.109059481612684,8.12748365669129e-14,0.434557202558115,0.323621539928726,-0.11093566262939,1.0826908801418e-11,TRUE
"cg17259265",0.831745553726632,0.703962672515867,-0.127782881210765,8.2197030120441e-14,0.637907749134336,0.489574806896258,-0.148332942238077,4.29218795179392e-14,TRUE
"cg05890898",0.405510413575762,0.301790005188112,-0.103720408387649,8.2197030120441e-14,0.310185905924741,0.437344247881301,0.12715834195656,2.73496212073613e-17,FALSE
"cg10806811",0.726308652025777,0.591196101291211,-0.135112550734566,8.31520438855008e-14,0.634452913946595,0.480742226246204,-0.153710687700391,1.01599444361206e-12,TRUE
"cg24768094",0.689551091481863,0.578986803953125,-0.110564287528739,8.37891171792427e-14,0.645269236025632,0.543995032296486,-0.101274203729146,5.38392952916153e-08,TRUE
"cg08022411",0.817104324236222,0.685062005518248,-0.132042318717975,8.53485907339713e-14,0.644263038338435,0.757285936287861,0.113022897949426,1.93215388061002e-09,FALSE
"cg03663955",0.783085816179902,0.638823379627333,-0.144262436552569,8.7379925070928e-14,0.686234942319669,0.528899078858853,-0.157335863460815,4.62813371778967e-10,TRUE
"cg16812174",0.854691292916361,0.712409481036983,-0.142281811879377,8.92733444964159e-14,0.716107107491542,0.554203718918364,-0.161903388573178,2.71074299267024e-12,TRUE
"cg04136817",0.782806378195704,0.645891899591919,-0.136914478603784,8.9556844715382e-14,0.698766068680966,0.595257765319961,-0.103508303361005,1.66032240459931e-05,TRUE
"cg02010763",0.520343845535827,0.349790585944875,-0.170553259590951,9.08997194927909e-14,0.454565362023331,0.567280304108679,0.112714942085348,0.000178840867319325,FALSE
"cg19753864",0.785243429083145,0.682222641454897,-0.103020787628248,9.22415339069413e-14,0.602284269617306,0.717934270451369,0.115650000834063,3.58554202705369e-11,FALSE
"cg10508127",0.876950957998197,0.710278487447463,-0.166672470550734,9.24072184573116e-14,0.595445181324895,0.706998573461248,0.111553392136353,0.000715392894103775,FALSE
"cg14582501",0.574701681522896,0.44245989315773,-0.132241788365167,9.26813311140585e-14,0.547950736408864,0.390374995657847,-0.157575740751017,3.31228069859546e-13,TRUE
"cg00603435",0.559813339435951,0.403010383278638,-0.156802956157313,9.33139577723727e-14,0.35178272101349,0.235555297180606,-0.116227423832884,3.74460694129108e-11,TRUE
"cg26944562",0.893878334631315,0.790554714490531,-0.103323620140784,9.34189639770235e-14,0.81366485796046,0.700780770469891,-0.112884087490569,4.61081967343465e-09,TRUE
"cg26558366",0.841735265382354,0.708744874639816,-0.132990390742538,9.3729589270598e-14,0.729065057177493,0.604490160669057,-0.124574896508436,2.95656145044725e-08,TRUE
"cg13941254",0.858409653683147,0.741482314301347,-0.1169273393818,9.4913199493781e-14,0.788581845584763,0.633213605398791,-0.155368240185972,3.18164579460826e-13,TRUE
"cg05518130",0.678364967144313,0.528025727188333,-0.15033923995598,9.59552364135433e-14,0.542317769864011,0.405748257242818,-0.136569512621193,1.12678863481183e-10,TRUE
"cg07617207",0.616147792031982,0.510489830810027,-0.105657961221954,9.65392332237167e-14,0.46781974089042,0.367712572623297,-0.100107168267122,3.7880664229503e-10,TRUE
"cg14972228",0.63293245101302,0.531283156881565,-0.101649294131455,9.6813673607221e-14,0.609695426297861,0.718331364806355,0.108635938508494,2.72034889201704e-13,FALSE
"cg24700823",0.547758703910605,0.443312973908191,-0.104445730002414,9.76690401704209e-14,0.509833637432074,0.395086406163553,-0.114747231268521,2.4690307733039e-11,TRUE
"cg04638205",0.65849127658305,0.499207162523649,-0.159284114059401,9.82673058420054e-14,0.599676345470197,0.488085058574821,-0.111591286895375,6.18849655833294e-07,TRUE
"cg25673355",0.742478837429421,0.580365009011399,-0.162113828418022,1.0014962294612e-13,0.612556653891366,0.497996608450617,-0.114560045440749,6.43760385599318e-06,TRUE
"cg13977620",0.635520095244452,0.51131612677226,-0.124203968472191,1.01421616190688e-13,0.50587139679943,0.397526830402744,-0.108344566396686,1.3655035554082e-09,TRUE
"cg00334821",0.219995289373865,0.359372651826496,0.139377362452631,1.01555207766184e-13,0.401868456252298,0.567908685777061,0.166040229524763,2.4082221024322e-19,TRUE
"cg13911959",0.887574506032086,0.77248495830185,-0.115089547730236,1.02366657317646e-13,0.5913962977643,0.408686862951058,-0.182709434813242,5.2176662314062e-10,TRUE
"cg26878190",0.645771864098687,0.540028045092986,-0.105743819005702,1.03805977243654e-13,0.550681545445394,0.663070128884047,0.112388583438654,6.30714205593275e-10,FALSE
"cg05623614",0.688061822725399,0.533490304255354,-0.154571518470044,1.05149565171887e-13,0.49136261620175,0.384907058014242,-0.106455558187508,8.05715684020154e-07,TRUE
"cg03909356",0.509129425571398,0.395043411224356,-0.114086014347041,1.05541197016832e-13,0.429298400232538,0.32902516318795,-0.100273237044588,9.39456156205661e-10,TRUE
"cg12505991",0.588802639694617,0.475478851926783,-0.113323787767834,1.06099520943796e-13,0.593973524243477,0.459452524352411,-0.134520999891067,1.92508071603855e-16,TRUE
"cg17629322",0.663023522146396,0.51385290372852,-0.149170618417876,1.06150758660948e-13,0.597719305908171,0.710348499711775,0.112629193803604,2.32047744384283e-08,FALSE
"cg04337056",0.864605882573782,0.759925351941352,-0.10468053063243,1.06338731452845e-13,0.80890935527783,0.701344983381481,-0.10756437189635,7.47665729013564e-09,TRUE
"cg07441152",0.580882872013133,0.472071427969876,-0.108811444043257,1.08412121628168e-13,0.432421139219133,0.316357090090471,-0.116064049128663,5.26218091788726e-17,TRUE
"cg08489623",0.749333742062791,0.621713007980748,-0.127620734082043,1.08805891645671e-13,0.65028800917851,0.526155781083529,-0.124132228094981,3.1506994090791e-09,TRUE
"cg11874882",0.666188949874709,0.537239421251966,-0.128949528622743,1.08825742487545e-13,0.646910495790081,0.535237271256859,-0.111673224533223,9.58627198879761e-07,TRUE
"cg15516314",0.723187622848326,0.594964571051552,-0.128223051796774,1.13779256803073e-13,0.706247956578923,0.60558160639724,-0.100666350181683,1.12777304163482e-06,TRUE
"cg21136443",0.748920419912412,0.631755914361787,-0.117164505550625,1.14172375177165e-13,0.63487561681674,0.530720352397299,-0.104155264419441,2.45919229112097e-07,TRUE
"cg23149825",0.73881074117348,0.606202500188572,-0.132608240984908,1.14897144904298e-13,0.658926086036947,0.555848467097063,-0.103077618939884,1.53962960214503e-06,TRUE
"cg14836555",0.3576353688836,0.493782239305293,0.136146870421693,1.15334454271215e-13,0.4775869598171,0.636018036420056,0.158431076602957,1.51006300714084e-15,TRUE
"cg06915470",0.861776342124165,0.743389260951069,-0.118387081173096,1.199962597156e-13,0.699944603450365,0.547718984389588,-0.152225619060777,1.50270867816814e-12,TRUE
"cg19509829",0.88608124906997,0.724845485595402,-0.161235763474569,1.22034763198169e-13,0.759632100758852,0.576170428795932,-0.18346167196292,5.25987867262754e-12,TRUE
"cg02662576",0.767443773955989,0.623471674760969,-0.14397209919502,1.22101376023575e-13,0.654385403772911,0.539553185086684,-0.114832218686227,5.21442180077195e-06,TRUE
"cg12584111",0.752042113592241,0.579877416157965,-0.172164697434277,1.22234574415856e-13,0.637866304480382,0.503984561013488,-0.133881743466894,5.58488307618157e-07,TRUE
"cg17207559",0.870985997916733,0.747222689719415,-0.123763308197318,1.23257989718425e-13,0.668382222124417,0.563302676429031,-0.105079545695387,6.93584388729717e-06,TRUE
"cg26925450",0.790769112450604,0.676059274111434,-0.11470983833917,1.2346709152861e-13,0.658401610096014,0.558049318313575,-0.100352291782439,3.6536060394684e-08,TRUE
"cg01564705",0.837716609306933,0.694745348398031,-0.142971260908901,1.24584282551765e-13,0.830760838265581,0.664420033632038,-0.166340804633543,2.68503549793307e-15,TRUE
"cg05855124",0.590036014538997,0.46230300234838,-0.127733012190616,1.24603452121653e-13,0.519650361310573,0.41949292473468,-0.100157436575894,1.2720134766617e-07,TRUE
"cg00871980",0.280071651700841,0.400830830526075,0.120759178825234,1.26320797452315e-13,0.440753700376859,0.553632014075515,0.112878313698656,7.18603634806516e-11,TRUE
"cg08011941",0.751038200923762,0.644075945674306,-0.106962255249456,1.27680229430043e-13,0.613738240632175,0.497453056809863,-0.116285183822311,9.61267650105399e-13,TRUE
"cg22699727",0.6547837048887,0.518698829938083,-0.136084874950617,1.28128876174617e-13,0.62874927996124,0.52731450076212,-0.10143477919912,3.61203090512898e-07,TRUE
"cg23400451",0.620186757882399,0.491685199937045,-0.128501557945354,1.28972321414411e-13,0.575406932393719,0.441782621444888,-0.133624310948831,1.6788271581593e-11,TRUE
"cg22400454",0.777188395809653,0.645124474979929,-0.132063920829724,1.29468027184228e-13,0.494046534296312,0.320918191852259,-0.173128342444053,2.74409058449955e-15,TRUE
"cg10976626",0.750185373105228,0.610757539132497,-0.139427833972731,1.32570614154069e-13,0.716251345309155,0.590730293905554,-0.125521051403601,8.45568779417342e-09,TRUE
"cg18571412",0.798401517956538,0.655012239549631,-0.143389278406907,1.36673927878908e-13,0.509482330119054,0.355676167830682,-0.153806162288371,3.27931158906012e-11,TRUE
"cg01174811",0.793218165337541,0.64072506157798,-0.152493103759561,1.39623242798488e-13,0.817389585157471,0.696732555393602,-0.120657029763868,1.81366909677721e-11,TRUE
"cg02517711",0.517438540712836,0.416509459179365,-0.100929081533471,1.42613789471382e-13,0.410961860939196,0.516583539374603,0.105621678435408,5.8772796122219e-10,FALSE
"cg20268352",0.47983764775985,0.352525097330169,-0.127312550429681,1.45170492188894e-13,0.516357700540698,0.626860829482008,0.11050312894131,7.37031085889765e-08,FALSE
"cg09914905",0.922503013586512,0.803542232748044,-0.118960780838469,1.48192906900609e-13,0.709858005641526,0.83004322388894,0.120185218247414,5.31477640278985e-06,FALSE
"cg01611141",0.638284996139487,0.481601016058316,-0.156683980081171,1.49478108328868e-13,0.577047506751979,0.412934737570359,-0.16411276918162,5.84046041632052e-12,TRUE
"cg11005831",0.748782409562798,0.59867120559684,-0.150111203965958,1.52059901199925e-13,0.80278964981172,0.645756506883951,-0.157033142927769,7.33657656021184e-12,TRUE
"cg16746901",0.642875576965261,0.514053589048297,-0.128821987916965,1.55771996310451e-13,0.589184229456154,0.488571480311374,-0.10061274914478,3.01709017636752e-07,TRUE
"cg01767862",0.821978077524942,0.703286195805271,-0.118691881719671,1.5757212848397e-13,0.667171752434193,0.509828153749412,-0.157343598684781,1.4758270745962e-11,TRUE
"cg09920072",0.786992922660345,0.66068096287478,-0.126311959785565,1.60480809691938e-13,0.714048818975739,0.841084277731762,0.127035458756023,1.85852654288669e-14,FALSE
"cg11931953",0.865086998860406,0.738040070474275,-0.127046928386131,1.63981301144745e-13,0.899463182581125,0.794815559417772,-0.104647623163354,3.33084539649571e-14,TRUE
"cg02096296",0.814455881347608,0.67319039546033,-0.141265485887278,1.64270764949081e-13,0.768196620307246,0.631030615076554,-0.137166005230692,4.62116845259757e-08,TRUE
"cg22601108",0.621728594980116,0.468619627308617,-0.153108967671498,1.64925098853108e-13,0.595941725754557,0.471529908463289,-0.124411817291268,2.16466106220422e-07,TRUE
"cg03654920",0.782544435771569,0.65849413851251,-0.124050297259059,1.65020355774083e-13,0.597172748541179,0.492276185265003,-0.104896563276175,1.44406887906992e-07,TRUE
"cg14181956",0.258459174338358,0.394868242818867,0.136409068480508,1.65855389796227e-13,0.290103775574343,0.472420212070165,0.182316436495821,9.03022323330299e-19,TRUE
"cg10266681",0.798690147038105,0.664018180283953,-0.134671966754152,1.67185221886362e-13,0.604941966755328,0.458558170776132,-0.146383795979196,5.02954850508733e-10,TRUE
"cg27258486",0.752282082990295,0.639278368486756,-0.113003714503539,1.69136859645425e-13,0.673896307073483,0.563091580299898,-0.110804726773584,1.27246685745418e-10,TRUE
"cg26238975",0.716302042834121,0.52694639934858,-0.189355643485541,1.71232121696488e-13,0.66664774677459,0.483985219717049,-0.182662527057541,2.49401086816455e-09,TRUE
"cg07251141",0.925457934407524,0.804559340182184,-0.120898594225339,1.7148037877651e-13,0.766739242631723,0.911238903705909,0.144499661074186,5.74159766500169e-12,FALSE
"cg19247310",0.728571525478037,0.573665506912661,-0.154906018565376,1.72158775650302e-13,0.563608394356787,0.461697242904546,-0.101911151452242,1.10287449805639e-05,TRUE
"cg05880252",0.869396381231901,0.761982922333611,-0.10741345889829,1.75739392496041e-13,0.732405834358253,0.617005914906901,-0.115399919451352,7.31287712631017e-06,TRUE
"cg01520122",0.78265093832776,0.619092238832358,-0.163558699495402,1.76474488682625e-13,0.737734592354129,0.62972115544866,-0.108013436905469,3.16730340800896e-05,TRUE
"cg09971102",0.720869230562058,0.598372521788523,-0.122496708773535,1.76558257481154e-13,0.606068632604734,0.484675719300689,-0.121392913304045,3.65873748660752e-10,TRUE
"cg04707217",0.739359511036553,0.588303339250781,-0.151056171785771,1.78191189344609e-13,0.568962668703613,0.705288200285603,0.136325531581989,5.4222334782437e-10,FALSE
"cg12253753",0.767190055580343,0.659859414052356,-0.107330641527986,1.79116764156498e-13,0.752629089677141,0.64340381563494,-0.109225274042201,1.79966008376105e-09,TRUE
"cg15778089",0.783250555870136,0.671287719175362,-0.111962836694774,1.80853041574231e-13,0.669116197996686,0.550347245821535,-0.11876895217515,1.96526589619522e-11,TRUE
"cg18866792",0.637229340540045,0.527928638771114,-0.109300701768932,1.83868460444727e-13,0.559222234502584,0.689796521669375,0.130574287166791,2.59837379757504e-13,FALSE
"cg12261055",0.569273473240933,0.438546310304262,-0.130727162936672,1.84741316937306e-13,0.657345257340942,0.488719872777382,-0.168625384563559,3.9841108340935e-13,TRUE
"cg14207613",0.614896511781467,0.498742070309911,-0.116154441471556,1.88366629319245e-13,0.617908614097726,0.502614439732972,-0.115294174364755,1.40696703194646e-09,TRUE
"cg05963605",0.921338676778012,0.815155544860642,-0.10618313191737,1.88629813522844e-13,0.795609246664617,0.909320580444997,0.11371133378038,2.21606705918564e-12,FALSE
"cg11237406",0.540176457700627,0.404943394111236,-0.135233063589391,1.93211801641748e-13,0.445691907186992,0.343964520360639,-0.101727386826353,5.94532329832436e-07,TRUE
"cg19603100",0.647654153394542,0.532088048376683,-0.115566105017859,1.95038952172932e-13,0.611805554583677,0.509611499227737,-0.10219405535594,4.20366891747471e-09,TRUE
"cg22450878",0.805855739417606,0.674533828621301,-0.131321910796305,1.99879544153048e-13,0.747304066965549,0.640806148673176,-0.106497918292373,1.09177182806592e-06,TRUE
"cg15881238",0.813969215576966,0.695093208436308,-0.118876007140658,2.02550260227706e-13,0.648346897943778,0.48727936962039,-0.161067528323388,3.07709627464686e-13,TRUE
"cg03295417",0.745589727315036,0.598877043093489,-0.146712684221548,2.11767030781747e-13,0.63684094346819,0.513608365023821,-0.123232578444369,5.0551377457994e-06,TRUE
"cg14569837",0.592836434813765,0.469468901323047,-0.123367533490718,2.13190861580958e-13,0.566541272373001,0.442975939316713,-0.123565333056288,5.52698524900034e-10,TRUE
"cg05066096",0.681723212754259,0.532017151380751,-0.149706061373508,2.1661639962996e-13,0.661488343807468,0.455969551842851,-0.205518791964617,4.66836975090982e-24,TRUE
"cg27176729",0.732515355491912,0.567613694087392,-0.164901661404519,2.17142630776901e-13,0.589339378737781,0.769633528746468,0.180294150008688,1.05639793258034e-16,FALSE
"cg25188238",0.781892510089341,0.651486644173173,-0.130405865916167,2.18614089142785e-13,0.681807983188695,0.565914510099183,-0.115893473089511,1.21155046771987e-06,TRUE
"cg04915044",0.283291043166009,0.472664925791453,0.189373882625444,2.19998488403936e-13,0.578142688023029,0.722883097330054,0.144740409307025,1.28870698417742e-11,TRUE
"cg13643764",0.678778722125691,0.520764545437966,-0.158014176687725,2.20827125332841e-13,0.48520551460964,0.652885483621982,0.167679969012342,2.53531558337866e-11,FALSE
"cg01660346",0.820890739299694,0.68956292240215,-0.131327816897544,2.25200193676398e-13,0.628197702417985,0.52094390461326,-0.107253797804726,2.84292600388316e-06,TRUE
"cg23536675",0.799605883162155,0.669768080143714,-0.129837803018441,2.26447682242936e-13,0.637447345388419,0.470579839314259,-0.16686750607416,5.38290958662585e-13,TRUE
"cg18045100",0.472207051054972,0.274109657167493,-0.198097393887479,2.29251785819107e-13,0.327740121733864,0.187390384038718,-0.140349737695146,2.32081107838824e-08,TRUE
"cg14215363",0.834481726670126,0.707060252488409,-0.127421474181718,2.29949667273471e-13,0.708492841001979,0.813943049775874,0.105450208773895,5.84459733538388e-08,FALSE
"cg07456681",0.589962692533168,0.478162778458016,-0.111799914075153,2.32599155758709e-13,0.537825368799979,0.647537629119046,0.109712260319067,2.64921958737195e-10,FALSE
"cg16859165",0.840199165372558,0.714213353948488,-0.12598581142407,2.34663826819089e-13,0.654504108076053,0.527744183193201,-0.126759924882852,4.58500894657698e-07,TRUE
"cg26598831",0.56089782596647,0.411445381304864,-0.149452444661606,2.35348701125215e-13,0.59475991166614,0.711461287440712,0.116701375774573,6.04426901221128e-07,FALSE
"cg12054171",0.869830004345793,0.751466120443735,-0.118363883902058,2.37690570039176e-13,0.691598615715234,0.563625608840166,-0.127973006875069,5.23040671607951e-08,TRUE
"cg07261186",0.803978615348074,0.667334689144631,-0.136643926203443,2.42261748592092e-13,0.634299679075202,0.430681744281366,-0.203617934793836,3.00228090778723e-13,TRUE
"cg21177494",0.712516140767054,0.576948518900072,-0.135567621866982,2.42305371542695e-13,0.621093095581528,0.455247909500821,-0.165845186080707,5.57881395428754e-13,TRUE
"cg16990474",0.800588036942218,0.697770578762423,-0.102817458179795,2.53766610916685e-13,0.589965819813419,0.458637152652677,-0.131328667160742,4.03852508780381e-11,TRUE
"cg02044725",0.785922247600068,0.655175388318229,-0.130746859281839,2.54223311180154e-13,0.705448570933761,0.587924790060157,-0.117523780873604,7.47772413272702e-08,TRUE
"cg11358713",0.688132140058059,0.559566964093333,-0.128565175964726,2.55775921026208e-13,0.603486310689908,0.494015160131101,-0.109471150558807,2.19765427180311e-08,TRUE
"cg02057917",0.635461557444024,0.496839796394455,-0.13862176104957,2.5637383140644e-13,0.487779059086262,0.387041546017691,-0.100737513068571,6.17078675504737e-08,TRUE
"cg16626954",0.629721360437572,0.493912317198501,-0.135809043239071,2.58032091149557e-13,0.481822737513368,0.371352847070591,-0.110469890442776,3.22603955557772e-07,TRUE
"cg15852352",0.636308417099796,0.482955362610766,-0.15335305448903,2.58316275807274e-13,0.572646063601407,0.461286090339241,-0.111359973262166,1.75363484086817e-07,TRUE
"cg06112894",0.710929664720509,0.568126234196109,-0.1428034305244,2.58665501087288e-13,0.556242060764338,0.755314280586578,0.19907221982224,2.87589902237341e-20,FALSE
"cg26547894",0.761268864240886,0.565376414862942,-0.195892449377944,2.6146414343843e-13,0.687544572249607,0.501032898772084,-0.186511673477522,1.37732487575852e-08,TRUE
"cg04720348",0.747696373294524,0.635383886651147,-0.112312486643377,2.62860481348592e-13,0.632762873215427,0.507845318553353,-0.124917554662073,3.38591190623518e-11,TRUE
"cg24046083",0.86770464931445,0.759084829437377,-0.108619819877073,2.62868035829272e-13,0.711304938381483,0.598237034642463,-0.11306790373902,1.61938355620459e-06,TRUE
"cg25426807",0.800928673892272,0.649414517138952,-0.151514156753319,2.66456085093194e-13,0.708290557141534,0.605414019158947,-0.102876537982588,1.57149905135455e-05,TRUE
"cg01007458",0.696328028193829,0.593299954349446,-0.103028073844383,2.6864085370459e-13,0.486062807703207,0.377197530498578,-0.10886527720463,5.91435322497961e-12,TRUE
"cg08745197",0.889607063338958,0.783628363968084,-0.105978699370874,2.74230950145065e-13,0.853919508193475,0.751852001222168,-0.102067506971307,1.67518782128518e-10,TRUE
"cg13134763",0.744026912350948,0.588951510500473,-0.155075401850475,2.78390619430191e-13,0.731792631942799,0.614013238778193,-0.117779393164606,3.88818873021546e-06,TRUE
"cg01587049",0.742744684601689,0.605864174804243,-0.136880509797445,2.79149177961581e-13,0.676594215921467,0.539679767878014,-0.136914448043453,1.43475528606968e-09,TRUE
"cg04685228",0.302095198549037,0.472004471325297,0.169909272776259,2.87400721148343e-13,0.47657816655401,0.644803470524712,0.168225303970702,4.12510655862277e-13,TRUE
"cg06690548",0.615565791780082,0.479161662489926,-0.136404129290156,2.89496643612297e-13,0.624979241243992,0.449385543646795,-0.175593697597197,4.53301664314366e-18,TRUE
"cg09081266",0.680904115098283,0.536862104776615,-0.144042010321668,2.90922922403258e-13,0.595098827516403,0.457768947447251,-0.137329880069152,9.83829717757195e-11,TRUE
"cg07189394",0.69752313276414,0.563771879645386,-0.133751253118754,3.02063480717765e-13,0.530525942831529,0.406255836276737,-0.124270106554792,3.94405218672541e-08,TRUE
"cg03176203",0.518078761738506,0.355373903454382,-0.162704858284124,3.06641594254578e-13,0.364036405249484,0.249629102348107,-0.114407302901378,3.80506555011767e-08,TRUE
"cg09369535",0.795757926701393,0.669726363665036,-0.126031563036356,3.07146158459164e-13,0.699882763322794,0.816085777874848,0.116203014552054,9.15334080724115e-11,FALSE
"cg02858960",0.773281925821423,0.648942166845622,-0.1243397589758,3.16221069879072e-13,0.591074118052499,0.459170345255629,-0.13190377279687,3.02527073512983e-11,TRUE
"cg27656754",0.802321844103152,0.671759288884067,-0.130562555219085,3.17183094112738e-13,0.653974886971736,0.465844226770198,-0.188130660201538,1.32236849626434e-15,TRUE
"cg25201101",0.486955304232769,0.357985803450987,-0.128969500781782,3.31798718928512e-13,0.408082530280171,0.537845155768024,0.129762625487853,1.22785372071891e-08,FALSE
"cg17850597",0.83311439266087,0.72912468440118,-0.103989708259689,3.40535052151207e-13,0.613297362150663,0.504590370535279,-0.108706991615384,2.9017785046445e-06,TRUE
"cg19757573",0.566601634823801,0.391999488929476,-0.174602145894325,3.48114577808572e-13,0.448555432265743,0.28259190252963,-0.165963529736113,7.00035640443405e-13,TRUE
"cg22309696",0.443593307080499,0.331488411147177,-0.112104895933322,3.4891293764204e-13,0.280425545018746,0.399178223404172,0.118752678385427,7.13941000449298e-08,FALSE
"cg27026390",0.888185043598535,0.739690740784419,-0.148494302814116,3.60393484641192e-13,0.547547878681191,0.433893731277791,-0.1136541474034,3.09176476168108e-06,TRUE
"cg10358212",0.701081433987937,0.578755016365142,-0.122326417622795,3.60864648878423e-13,0.671214253486527,0.567298867048311,-0.103915386438215,1.40713493256006e-08,TRUE
"cg03594972",0.610814956155937,0.474463950491592,-0.136351005664345,3.65455329264913e-13,0.546818165145973,0.44008363234813,-0.106734532797843,1.53486487649213e-07,TRUE
"cg03138124",0.734013879913149,0.586265796840416,-0.147748083072733,3.65864463571514e-13,0.612190865635765,0.471437757842693,-0.140753107793071,5.67335155297201e-09,TRUE
"cg24831391",0.912898270636061,0.797481107262937,-0.115417163373124,3.66616423937133e-13,0.683777232498132,0.543378560539577,-0.140398671958554,1.3170081265705e-08,TRUE
"cg12547930",0.812193184764686,0.68873739025146,-0.123455794513226,3.72482728485315e-13,0.596410773697546,0.49216695572603,-0.104243817971517,3.10622187357775e-06,TRUE
"cg06434470",0.813077113482537,0.690985742936266,-0.122091370546271,3.80111656831886e-13,0.690074880768607,0.564040473039186,-0.126034407729421,2.86103976775914e-09,TRUE
"cg22511877",0.786155503064509,0.610109611489354,-0.176045891575155,3.91801177147616e-13,0.542776355810834,0.440749228851604,-0.102027126959229,0.00117011779556636,TRUE
"cg16651900",0.729207361012058,0.602127452904574,-0.127079908107484,3.99680955537475e-13,0.681779372818776,0.836123238165456,0.15434386534668,6.67682831017112e-21,FALSE
"cg22951582",0.822701425822287,0.690605045827277,-0.13209637999501,4.10645832242466e-13,0.815767564720484,0.696237859015942,-0.119529705704541,4.25492190407376e-08,TRUE
"cg14569380",0.765764664024853,0.655803304448371,-0.109961359576482,4.14877590344875e-13,0.696535695713766,0.547844602268072,-0.148691093445694,1.29601326136928e-15,TRUE
"cg12404831",0.557240324048698,0.657921293019636,0.100680968970938,4.21864949428187e-13,0.605540162175599,0.728444596817356,0.122904434641756,1.15728280921484e-16,TRUE
"cg16057401",0.841478717309088,0.707426707479816,-0.134052009829272,4.26105285936277e-13,0.754917529515436,0.639804816064779,-0.115112713450658,4.3918072892231e-06,TRUE
"cg07080224",0.766936317754688,0.639833179749011,-0.127103138005676,4.31524652776237e-13,0.509347045946578,0.381814251126595,-0.127532794819983,6.89359179530944e-09,TRUE
"cg16274221",0.724995662517782,0.587457195585712,-0.13753846693207,4.33518988252785e-13,0.674940680989017,0.542162809774385,-0.132777871214632,2.06220787033423e-09,TRUE
"cg16863052",0.875959052145775,0.701628403303389,-0.174330648842386,4.54490060905272e-13,0.816662710312343,0.685372684223986,-0.131290026088357,2.54799198609125e-06,TRUE
"cg04931808",0.633786112176438,0.494109102675808,-0.13967700950063,4.58335579232927e-13,0.541846342614118,0.425889515177462,-0.115956827436656,2.26442070162013e-09,TRUE
"cg09127107",0.583094078234308,0.471842684147655,-0.111251394086653,4.61122283041462e-13,0.462721196396418,0.626528059067029,0.163806862670612,6.6667145099167e-24,FALSE
"cg16073958",0.720054890984066,0.554668381390309,-0.165386509593758,4.66357603178989e-13,0.661159974931806,0.490477926680441,-0.170682048251365,3.96306796320435e-09,TRUE
"cg12820134",0.695093331246792,0.571853410590752,-0.12323992065604,4.7459143569994e-13,0.590112723209368,0.479980940449973,-0.110131782759394,1.29794504777455e-08,TRUE
"cg05468843",0.45177305985771,0.331911327049625,-0.119861732808085,4.74872480299706e-13,0.324974849119906,0.521087068680807,0.196112219560901,6.53595026190848e-21,FALSE
"cg10949113",0.4798299743623,0.347603387287171,-0.132226587075129,4.83337052156155e-13,0.176408080139198,0.284611413597856,0.108203333458658,1.34428605814535e-06,FALSE
"cg18947995",0.858924772244616,0.737041652091879,-0.121883120152737,4.84951289363565e-13,0.829490576410679,0.698766043631265,-0.130724532779414,1.35757774294567e-10,TRUE
"cg03445151",0.595185527542332,0.437780999455888,-0.157404528086444,4.8608110480555e-13,0.395959224395789,0.517675350603604,0.121716126207815,3.5437376702466e-05,FALSE
"cg21741679",0.645446180218842,0.521182394868271,-0.124263785350571,4.86177946503588e-13,0.619647426454579,0.51455394731586,-0.105093479138718,9.3973827365541e-07,TRUE
"cg24714497",0.564366146624122,0.454540777547048,-0.109825369077074,4.93622988543801e-13,0.451475813980661,0.330077748183815,-0.121398065796846,4.85374524977822e-11,TRUE
"cg23349726",0.770734211479091,0.623694927708998,-0.147039283770093,5.04045167589784e-13,0.589924585918726,0.472968907449096,-0.11695567846963,6.85462347117119e-07,TRUE
"cg13782274",0.778365825144529,0.587950295425622,-0.190415529718907,5.04598472917947e-13,0.599472987645075,0.499181983610814,-0.100291004034261,0.00229474862607521,TRUE
"cg07856071",0.889214957340949,0.765693833038472,-0.123521124302476,5.12611845363576e-13,0.909194368711007,0.78351271290197,-0.125681655809036,5.11746175539311e-13,TRUE
"cg03607644",0.649056101903813,0.517699716858016,-0.131356385045798,5.15212936927205e-13,0.612265795089568,0.75187211459607,0.139606319506501,1.03101874527668e-11,FALSE
"cg12681784",0.896490259918064,0.771759622738295,-0.124730637179769,5.16153180356904e-13,0.771869608839512,0.873360841840933,0.101491233001421,4.07833521763705e-08,FALSE
"cg08645400",0.662567975535982,0.53585340596383,-0.126714569572152,5.17519460874067e-13,0.559229386488776,0.447331430987212,-0.111897955501565,2.31888258789643e-10,TRUE
"cg06504820",0.749928270279397,0.643035048110969,-0.106893222168428,5.30399457377698e-13,0.633276133666726,0.516255207059508,-0.117020926607218,2.05894118235407e-11,TRUE
"cg08428486",0.769154543394851,0.656469438377824,-0.112685105017027,5.35609825580324e-13,0.634737904336502,0.414103818343233,-0.220634085993269,9.91269925865006e-25,TRUE
"cg23385847",0.721955776497366,0.617002379273938,-0.104953397223428,5.40719548730488e-13,0.614194576848856,0.510189226535563,-0.104005350313293,1.11524284401132e-10,TRUE
"cg21064449",0.842606110704267,0.742549094437155,-0.100057016267112,5.41261284064478e-13,0.581656674235415,0.464671532536246,-0.116985141699169,3.02483440695192e-08,TRUE
"cg22467594",0.741464849723517,0.61506275703647,-0.126402092687047,5.52315476417823e-13,0.643732109707573,0.531169652654743,-0.11256245705283,2.72307492354264e-08,TRUE
"cg09643186",0.760258220387085,0.613096983826864,-0.147161236560221,5.56290341611364e-13,0.629772618512087,0.461546586543276,-0.16822603196881,9.21894329645897e-18,TRUE
"cg17919004",0.851440462434083,0.719657378608554,-0.131783083825529,5.59716038175812e-13,0.481488472080133,0.345686318503822,-0.135802153576311,5.83564897946114e-06,TRUE
"cg15005441",0.829876345486429,0.705593899486014,-0.124282446000415,5.61146376694311e-13,0.685681643815811,0.578602020957257,-0.107079622858554,1.35693506861419e-06,TRUE
"cg01042641",0.651432808735432,0.52986689170773,-0.121565917027702,5.69574098076968e-13,0.504386941363253,0.626925071219098,0.122538129855845,6.63352565159276e-12,FALSE
"cg10222925",0.620983414694732,0.464500282531778,-0.156483132162954,5.85297503128123e-13,0.510885388952354,0.402456592200795,-0.108428796751558,3.98117457499455e-06,TRUE
"cg24297509",0.720893784221664,0.575732665324093,-0.145161118897571,6.00798033794513e-13,0.623942729974566,0.510173230330889,-0.113769499643677,2.34746486450607e-07,TRUE
"cg12906108",0.82876565870714,0.639115096887016,-0.189650561820124,6.05270995445093e-13,0.687148841979482,0.793457980156245,0.106309138176763,6.46203272965875e-05,FALSE
"cg14696311",0.842319093825002,0.655118363607792,-0.18720073021721,6.08360906374376e-13,0.320156627435562,0.204000359199968,-0.116156268235595,7.65214089249629e-06,TRUE
"cg02217063",0.690663047330638,0.553071043592912,-0.137592003737726,6.20657667306804e-13,0.614793645969673,0.513243089491251,-0.101550556478422,6.27941862022913e-07,TRUE
"cg05287266",0.59467882320587,0.493241471923219,-0.10143735128265,6.33489531302474e-13,0.560589720573583,0.405434174721272,-0.155155545852312,1.65780185841679e-18,TRUE
"cg24544431",0.663995078014065,0.533816007590236,-0.130179070423829,6.42351393821937e-13,0.631082957059241,0.525865763529594,-0.105217193529647,1.08438406692509e-06,TRUE
"cg27467114",0.768284471521901,0.65471216087936,-0.113572310642541,6.53456318735259e-13,0.615613885421298,0.739060990134768,0.123447104713471,2.19814976999188e-10,FALSE
"cg01514356",0.503690079239473,0.350314186276698,-0.153375892962775,6.66896980157931e-13,0.359692855288335,0.258933396572522,-0.100759458715813,2.87344098504041e-05,TRUE
"cg00469797",0.577521043702844,0.469505929951258,-0.108015113751586,6.67737981998743e-13,0.550341023385713,0.677814203552903,0.127473180167191,1.56648545821981e-12,FALSE
"cg03932978",0.606374936934336,0.447138475632743,-0.159236461301593,6.70574600117e-13,0.443880649018739,0.342090295060021,-0.101790353958718,4.24879458896373e-05,TRUE
"cg04736751",0.780710860828376,0.663980808747028,-0.116730052081347,6.72924402382117e-13,0.63968756062583,0.525755313329916,-0.113932247295914,1.02826169072773e-07,TRUE
"cg03612582",0.697096274655184,0.564242865412264,-0.13285340924292,7.025306757465e-13,0.606104138026789,0.487734156964706,-0.118369981062083,6.59543480489398e-09,TRUE
"cg16477662",0.717645723503268,0.560432303533125,-0.157213419970144,7.07120217557371e-13,0.743146608650478,0.557695617150597,-0.185450991499881,2.24738239776538e-15,TRUE
"cg14741855",0.687132679117722,0.566541159474253,-0.120591519643469,7.07708155942229e-13,0.648662343769707,0.509373985088205,-0.139288358681502,7.03973539489432e-12,TRUE
"cg11772193",0.687126163416938,0.5774533871431,-0.109672776273838,7.12148669023016e-13,0.59249555633904,0.484596952542086,-0.107898603796954,2.47677541243016e-12,TRUE
"cg12445786",0.561843345563987,0.457959012811935,-0.103884332752052,7.25458939335827e-13,0.503151926291622,0.378217622698774,-0.124934303592848,2.51700503171524e-14,TRUE
"cg04839975",0.730535781265075,0.593776784028966,-0.136758997236109,7.36497353643056e-13,0.637185482646716,0.50192529142281,-0.135260191223906,4.1382025710525e-08,TRUE
"cg03215160",0.594168602645405,0.450781639039368,-0.143386963606038,7.38065141301196e-13,0.512078518925729,0.397871023112653,-0.114207495813076,7.12176225298601e-08,TRUE
"cg26536999",0.697138144798215,0.54842808097823,-0.148710063819986,7.42586722985666e-13,0.662572815826563,0.516395034269004,-0.146177781557559,8.40422978074964e-11,TRUE
"cg14081270",0.484216859039786,0.61007318525706,0.125856326217274,7.47977287873578e-13,0.619138734340518,0.724789415009912,0.105650680669393,2.68199991569897e-14,TRUE
"cg25411902",0.851475925947158,0.744731051055915,-0.106744874891243,7.51264522011716e-13,0.734917227406528,0.555919777030949,-0.178997450375579,4.14715139281371e-15,TRUE
"cg00640456",0.872237598820805,0.751048688070424,-0.121188910750381,7.54976664678503e-13,0.722394423230387,0.610071587742183,-0.112322835488204,6.04426901221128e-07,TRUE
"cg03526142",0.607471551717279,0.715158978639767,0.107687426922488,7.74152421719825e-13,0.649088957430301,0.757771366425735,0.108682408995433,1.36728753084364e-08,TRUE
"cg24950947",0.810583349564939,0.65997684983083,-0.150606499734109,7.97180565331372e-13,0.706517930461593,0.570449256172499,-0.136068674289093,2.17702460371199e-08,TRUE
"cg08235183",0.894587726601596,0.772452531271076,-0.12213519533052,8.05592123037062e-13,0.759802723140603,0.634047117792419,-0.125755605348184,2.27402008159758e-10,TRUE
"cg13373080",0.566588581318286,0.440534160088015,-0.126054421230271,8.35011776922982e-13,0.633202076902412,0.488620550523291,-0.144581526379121,1.45615600280511e-09,TRUE
"cg09782833",0.753324531080418,0.620272048017319,-0.133052483063099,8.38207848715018e-13,0.653679869919075,0.47464385124952,-0.179036018669555,1.86471081402626e-13,TRUE
"cg18620306",0.625246805147013,0.474294310585718,-0.150952494561295,8.4700065979126e-13,0.570111929865444,0.749394270495495,0.179282340630051,2.5737588717937e-16,FALSE
"cg12377368",0.662962645847129,0.557093554553513,-0.105869091293616,8.60209880722069e-13,0.514936889123372,0.405345786302836,-0.109591102820535,1.43675744778254e-10,TRUE
"cg03765419",0.787245603356548,0.681042423433501,-0.106203179923047,9.15427505475991e-13,0.543701084622638,0.418416512748015,-0.125284571874622,3.38278046593951e-08,TRUE
"cg01808708",0.875310758883842,0.757478621583871,-0.117832137299971,9.17113457622557e-13,0.67343310801573,0.527254191740513,-0.146178916275217,9.5155612667088e-11,TRUE
"cg12820006",0.740306962291869,0.616633847723936,-0.123673114567933,9.30685526767531e-13,0.719646367470912,0.598611065038095,-0.121035302432817,1.43219639024159e-08,TRUE
"cg13093389",0.650335387665163,0.543872759042695,-0.106462628622468,9.3901842483653e-13,0.527522203754517,0.411827653222614,-0.115694550531902,4.39817472020445e-11,TRUE
"cg01820962",0.597737377071272,0.724009754469926,0.126272377398653,9.46320962138565e-13,0.589986931473955,0.798428684702375,0.20844175322842,6.43619846667536e-24,TRUE
"cg08357627",0.545238386514895,0.434703364971133,-0.110535021543763,9.54917463076655e-13,0.492776565134216,0.392337322761014,-0.100439242373202,2.6144358395239e-08,TRUE
"cg20494424",0.835507700771844,0.697808875720624,-0.13769882505122,9.86797628174542e-13,0.758407191067297,0.651933624316871,-0.106473566750425,3.54470138684163e-05,TRUE
"cg05454961",0.685879273245101,0.56790036048372,-0.117978912761381,9.91394587021111e-13,0.674327676231473,0.57263576168516,-0.101691914546314,8.39750800238532e-08,TRUE
"cg06733155",0.168030579899734,0.290643003836738,0.122612423937004,9.93758096468113e-13,0.343083419262332,0.552208071509031,0.209124652246699,2.44316560126253e-22,TRUE
"cg00689492",0.198759060451683,0.350962453956399,0.152203393504716,9.95866991876101e-13,0.383390494994729,0.497155670900115,0.113765175905386,6.45899298665625e-06,TRUE
"cg05816993",0.699213664485392,0.55900399325882,-0.140209671226571,1.00455928416388e-12,0.566859019991655,0.459944360373775,-0.10691465961788,7.08096604294463e-06,TRUE
"cg03703435",0.882328078978832,0.757052303624833,-0.125275775353999,1.01892023626248e-12,0.707476117917112,0.550938642115748,-0.156537475801365,1.91054343130596e-08,TRUE
"cg24752624",0.850999283359671,0.739581582100192,-0.11141770125948,1.05543730494514e-12,0.721122756132189,0.598334900593308,-0.122787855538881,5.86534400786235e-08,TRUE
"cg24134897",0.578557648058241,0.388425007875078,-0.190132640183162,1.07106737062955e-12,0.347033621062128,0.217793120496633,-0.129240500565495,7.14791625803067e-09,TRUE
"cg20139338",0.898788051460957,0.767675547802569,-0.131112503658388,1.07610358646376e-12,0.788219088682921,0.901545867418146,0.113326778735225,1.5585932782648e-10,FALSE
"cg03522150",0.789877329309141,0.636106387087716,-0.153770942221425,1.10905217990973e-12,0.650610725814275,0.492548298044623,-0.158062427769652,4.81105357618938e-10,TRUE
"cg14080475",0.125607771909522,0.238132157513678,0.112524385604156,1.11690826883318e-12,0.311785596210695,0.467956713262677,0.156171117051982,7.31986376953753e-15,TRUE
"cg21004982",0.779452002625802,0.62416496632314,-0.155287036302662,1.11753017183167e-12,0.54206758905704,0.381845482298036,-0.160222106759005,1.09871729724943e-14,TRUE
"cg20155196",0.775646453186877,0.658490190491754,-0.117156262695122,1.12550161321723e-12,0.698773202468475,0.598544509867696,-0.100228692600779,1.6145793060592e-07,TRUE
"cg00468320",0.789872413821447,0.673495332789504,-0.116377081031943,1.16160852464571e-12,0.620459887015176,0.518396965380826,-0.102062921634349,1.45387136463607e-06,TRUE
"cg05812582",0.631602070763508,0.489751664798002,-0.141850405965506,1.16734915977005e-12,0.571879344039436,0.743443200948344,0.171563856908908,5.24088995090599e-17,FALSE
"cg18946787",0.76105477684455,0.626581822966099,-0.134472953878451,1.16766503415616e-12,0.598621719704409,0.490295859593692,-0.108325860110717,4.35493339554438e-08,TRUE
"cg13652536",0.682459763088569,0.557520778908726,-0.124938984179843,1.16883399202831e-12,0.588738645437616,0.451643645874581,-0.137094999563035,2.51328696920404e-10,TRUE
"cg07127534",0.916785320546649,0.799206201849039,-0.117579118697611,1.1820894851107e-12,0.880339530393234,0.767490696794231,-0.112848833599003,2.04170783883254e-08,TRUE
"cg08868915",0.514210993194142,0.410230049340315,-0.103980943853827,1.19350440327062e-12,0.498552340695795,0.381473590209963,-0.117078750485832,2.05583867996385e-11,TRUE
"cg02389938",0.720142800640026,0.575384981904625,-0.144757818735401,1.20860088964529e-12,0.550650911659707,0.439375347221229,-0.111275564438478,3.59536770159452e-07,TRUE
"cg05053562",0.266362582543846,0.143109159496505,-0.123253423047342,1.2204320877698e-12,0.279382781518836,0.398060941390767,0.118678159871931,3.11567125785998e-05,FALSE
"cg09024791",0.774733941699725,0.660787121611948,-0.113946820087777,1.23357447924076e-12,0.801534903959098,0.694630329223362,-0.106904574735736,1.21668195582937e-09,TRUE
"cg27011060",0.385504497828677,0.260801411997306,-0.124703085831372,1.23955019652809e-12,0.359656172771954,0.510673657340781,0.151017484568828,1.37524604116589e-09,FALSE
"cg13278105",0.712113490874433,0.58841853488361,-0.123694955990823,1.26735319384489e-12,0.685209316387884,0.565252757070027,-0.119956559317857,2.87198046495442e-09,TRUE
"cg07507114",0.850764783780977,0.750480574890797,-0.10028420889018,1.27441826395233e-12,0.6915657849016,0.56457484658645,-0.12699093831515,8.08106504614034e-09,TRUE
"cg14215711",0.537156702498592,0.655205159124397,0.118048456625805,1.2849717161461e-12,0.554999567932153,0.676885435985036,0.121885868052882,3.51470160204447e-14,TRUE
"cg24178621",0.809715604749257,0.684024165131748,-0.125691439617508,1.3092097873735e-12,0.654320266699884,0.790092923991609,0.135772657291725,9.10902968886996e-10,FALSE
"cg27438690",0.737731581608452,0.600378864208422,-0.13735271740003,1.3113050500985e-12,0.668095898672287,0.536992796104647,-0.131103102567639,1.14456022018733e-08,TRUE
"cg26015115",0.711556336582145,0.589128008032288,-0.122428328549856,1.32659335994496e-12,0.676387421407107,0.564585928850729,-0.111801492556378,1.09684605825366e-07,TRUE
"cg27156041",0.781883929741432,0.662494441469894,-0.119389488271539,1.33778026804916e-12,0.57021204461755,0.465967664565072,-0.104244380052478,8.42632353328931e-07,TRUE
"cg21474351",0.758193008396442,0.633631018790373,-0.124561989606069,1.38376499590679e-12,0.708259580589899,0.60401185045801,-0.104247730131889,2.91532676040784e-07,TRUE
"cg11116758",0.43469023962914,0.329170445260298,-0.105519794368842,1.38376499590679e-12,0.376367228332988,0.534958313149665,0.158591084816676,4.43276256398898e-15,FALSE
"cg23411240",0.812640968881293,0.707238417139738,-0.105402551741554,1.39387997605381e-12,0.723491088956911,0.599490743961343,-0.124000344995568,3.88848969617481e-11,TRUE
"cg21154599",0.465736727100298,0.330862182234697,-0.134874544865601,1.40668633428512e-12,0.309889452563117,0.445275138986211,0.135385686423094,9.14201287767084e-07,FALSE
"cg26787589",0.799939875852141,0.64568523729915,-0.154254638552991,1.43352942480887e-12,0.630645039126071,0.510696285299351,-0.119948753826719,1.85622885220311e-05,TRUE
"cg25144893",0.440141411678339,0.279849388739719,-0.16029202293862,1.4408084979016e-12,0.307173682910442,0.471925524726308,0.164751841815865,2.54936066533273e-07,FALSE
"cg24995678",0.572984455860365,0.416837195055586,-0.156147260804779,1.44239529900732e-12,0.427423219841745,0.31501519710915,-0.112408022732596,2.76556824456244e-07,TRUE
"cg04156729",0.841772353715853,0.740203435638092,-0.101568918077761,1.44378555329334e-12,0.685204409180971,0.796524509361427,0.111320100180455,7.91190444278591e-13,FALSE
"cg10855779",0.806782081981071,0.687035370410346,-0.119746711570725,1.50164350177958e-12,0.695752737213116,0.593326723513234,-0.102426013699882,1.959052778791e-05,TRUE
"cg09535960",0.266308393251623,0.40869241026778,0.142384017016157,1.50923656088534e-12,0.199797878399882,0.354844532251639,0.155046653851758,1.20202289027228e-15,TRUE
"cg04256965",0.778892396720045,0.670681643144007,-0.108210753576037,1.54022403130899e-12,0.621226730009758,0.50446348431005,-0.116763245699709,3.09693859405536e-09,TRUE
"cg14866339",0.707086010450346,0.573780679777553,-0.133305330672793,1.54756452815834e-12,0.673512720911693,0.534235297175176,-0.139277423736517,1.66188084511317e-11,TRUE
"cg17890940",0.746747149424233,0.588933614019904,-0.15781353540433,1.58157924772856e-12,0.541091168809591,0.646694894183221,0.10560372537363,5.35871089880298e-05,FALSE
"cg03706175",0.357525083475214,0.245515049167192,-0.112010034308022,1.61019166690511e-12,0.313415576072408,0.19866565952823,-0.114749916544178,3.3790237933251e-09,TRUE
"cg07126399",0.544993179459924,0.4267351587303,-0.118258020729624,1.70286991974416e-12,0.508541612060654,0.385814573899246,-0.122727038161409,7.13402493340372e-11,TRUE
"cg17067544",0.573483290309125,0.415174172944675,-0.15830911736445,1.70658937470167e-12,0.498749340754622,0.631157987596453,0.132408646841831,2.07481120127215e-07,FALSE
"cg20130744",0.824401353562483,0.718549727397956,-0.105851626164527,1.71569839501887e-12,0.783481226638427,0.674510272203918,-0.108970954434509,1.79212132272685e-08,TRUE
"cg25188398",0.623008609014668,0.484549317668908,-0.13845929134576,1.72472750484826e-12,0.584675298672623,0.478275113305795,-0.106400185366827,4.22091281514862e-06,TRUE
"cg23631133",0.453305288263794,0.345320080372235,-0.107985207891558,1.80211578763052e-12,0.412614393973806,0.540281537000413,0.127667143026607,1.70867336591977e-09,FALSE
"cg21239227",0.825793082851541,0.671690674300784,-0.154102408550757,1.80384420631102e-12,0.640207745245087,0.525288050779005,-0.114919694466083,0.00172547914649594,TRUE
"cg11065036",0.630670397390768,0.519438501876398,-0.11123189551437,1.86708027737102e-12,0.546682225346848,0.438746205316448,-0.1079360200304,1.7346422460853e-09,TRUE
"cg09739536",0.657415993540647,0.517543059392303,-0.139872934148344,1.89878972351636e-12,0.599222190756543,0.47826026558603,-0.120961925170513,1.38148002327554e-08,TRUE
"cg14258236",0.840980741106494,0.714058347843687,-0.126922393262807,1.9227163608119e-12,0.694515425023287,0.587073373485565,-0.107442051537723,2.44408535674447e-05,TRUE
"cg24360174",0.822053115560162,0.720581455996818,-0.101471659563344,2.03205737991545e-12,0.616995841398636,0.510347503950601,-0.106648337448034,5.22728565774141e-07,TRUE
"cg00299737",0.805614870641385,0.662002049680743,-0.143612820960643,2.03383266786487e-12,0.756932855935197,0.656867248152092,-0.100065607783105,3.37057122732678e-05,TRUE
"cg13678428",0.876287093326247,0.7107668075715,-0.165520285754746,2.05930711629371e-12,0.84186868291354,0.713987895341784,-0.127880787571756,1.03381228658637e-07,TRUE
"cg15160746",0.842356351185034,0.712066196261227,-0.130290154923807,2.06626085256032e-12,0.616885297356217,0.457596860705061,-0.159288436651156,9.20633797387591e-09,TRUE
"cg16729555",0.630537948649036,0.51307363788458,-0.117464310764456,2.06987674551927e-12,0.445956404047197,0.343969964704747,-0.10198643934245,1.12434970273491e-09,TRUE
"cg02144518",0.815471805504455,0.715142511181735,-0.100329294322719,2.11927799376536e-12,0.713991873168455,0.585914536013608,-0.128077337154846,2.13111471669402e-09,TRUE
"cg07134252",0.688645261319158,0.56380675193173,-0.124838509387428,2.15134536727298e-12,0.605510331654482,0.717641440910882,0.1121311092564,5.40717887057343e-11,FALSE
"cg14802502",0.72071711222427,0.518461008018615,-0.202256104205655,2.24332267779897e-12,0.423680182309943,0.309496374571985,-0.114183807737958,8.2604198115146e-05,TRUE
"cg09299053",0.722889709949173,0.58712053105468,-0.135769178894493,2.24967749239486e-12,0.626477053704817,0.517013119777597,-0.10946393392722,7.63248758200819e-08,TRUE
"cg07810282",0.863466393340582,0.718707847412221,-0.144758545928362,2.27385138395447e-12,0.7871305681427,0.682933092578833,-0.104197475563867,0.000220631620669763,TRUE
"cg20072359",0.7137042406966,0.605513085729125,-0.108191154967475,2.2848177443923e-12,0.577843291711502,0.468839269189394,-0.109004022522109,5.99309674074539e-10,TRUE
"cg12492670",0.810748863537501,0.678170199517789,-0.132578664019712,2.29312954917224e-12,0.700009680173297,0.589478456305358,-0.110531223867939,4.07487446175037e-07,TRUE
"cg15242225",0.180504405152185,0.323036375097657,0.142531969945472,2.29478177643392e-12,0.239183445132545,0.348754504658519,0.109571059525974,3.35238129056636e-07,TRUE
"cg14701682",0.794331556089784,0.674740237965204,-0.11959131812458,2.33392497160804e-12,0.694171042970846,0.57820971435206,-0.115961328618786,1.09758403014575e-08,TRUE
"cg20694572",0.667509430247265,0.524862979529011,-0.142646450718254,2.39376071967804e-12,0.554256171498332,0.438451411415095,-0.115804760083237,1.41406057047668e-09,TRUE
"cg01571916",0.573723408081201,0.460851304769403,-0.112872103311798,2.43784383673131e-12,0.544379687058376,0.646729966994391,0.102350279936015,7.00886911714595e-09,FALSE
"cg21748244",0.710318169764046,0.581274921104479,-0.129043248659567,2.45626546156497e-12,0.691859964981509,0.57183830571219,-0.120021659269319,9.97132731859702e-10,TRUE
"cg04029027",0.559236173616485,0.458430284718399,-0.100805888898086,2.46074623854036e-12,0.508341768128103,0.402110206694564,-0.106231561433538,5.93534026692777e-10,TRUE
"cg05085729",0.870927651221139,0.770580893759124,-0.100346757462014,2.46795859325477e-12,0.718980878131145,0.618310158422404,-0.100670719708741,1.98923022442849e-05,TRUE
"cg12676289",0.790924464657603,0.664396690619857,-0.126527774037746,2.46952264552871e-12,0.608770232180359,0.438520956797635,-0.170249275382725,3.58371561454661e-14,TRUE
"cg24301692",0.749529865166247,0.608705626381889,-0.140824238784358,2.51116480100594e-12,0.562483945232865,0.414696100136413,-0.147787845096452,6.60418002137852e-11,TRUE
"cg09684588",0.649810857976505,0.530891267287708,-0.118919590688796,2.52684885810569e-12,0.56512502649058,0.464301931296351,-0.100823095194228,1.33100835246251e-07,TRUE
"cg05447023",0.592925258938651,0.435200062276664,-0.157725196661987,2.53828601984148e-12,0.389969265071967,0.247064353084014,-0.142904911987954,3.7168524602736e-10,TRUE
"cg24282479",0.685056670948884,0.578538002910374,-0.106518668038511,2.54124599342774e-12,0.551990760599341,0.447362588759964,-0.104628171839377,1.35334807583129e-09,TRUE
"cg02351406",0.75409955634913,0.63800916731491,-0.11609038903422,2.56883768340419e-12,0.673689488110032,0.539309658824743,-0.134379829285289,5.3420056376471e-09,TRUE
"cg05943574",0.664494222402035,0.523757396129182,-0.140736826272853,2.57440166880864e-12,0.59553838656425,0.495237005172587,-0.100301381391663,1.35806942714352e-05,TRUE
"cg26279840",0.411594434530802,0.282828193607985,-0.128766240922817,2.58669050722335e-12,0.280826213842384,0.15029717420186,-0.130529039640523,1.39113410683885e-14,TRUE
"cg11664903",0.729909257626438,0.603656015495104,-0.126253242131334,2.62544388580417e-12,0.598403167624381,0.451803351082795,-0.146599816541586,3.58371561454661e-14,TRUE
"cg16894211",0.798841196734409,0.682226939066903,-0.116614257667506,2.64577280938352e-12,0.656692334923503,0.539892095794807,-0.116800239128696,1.78861834185475e-07,TRUE
"cg25228280",0.686637363024739,0.580037299136272,-0.106600063888467,2.65583430732254e-12,0.59278776781015,0.489985088501908,-0.102802679308242,8.46140901999122e-09,TRUE
"cg27316811",0.910102447797898,0.766963798157384,-0.143138649640514,2.66740343581748e-12,0.798181142950662,0.902416433622735,0.104235290672073,5.58957939809869e-09,FALSE
"cg12868052",0.630749653765537,0.500996584738301,-0.129753069027236,2.66792542502215e-12,0.593544496177623,0.476969432090772,-0.116575064086851,1.1884015536629e-07,TRUE
"cg07622575",0.892571027540246,0.76295776163945,-0.129613265900796,2.68450124130622e-12,0.680037939267949,0.513661761028556,-0.166376178239394,2.47907211040685e-10,TRUE
"cg13748845",0.793204551716209,0.676756670668159,-0.11644788104805,2.6982251921019e-12,0.632238948187405,0.527834796137306,-0.104404152050099,6.65766786454493e-07,TRUE
"cg05651243",0.610505354982035,0.378821576331891,-0.231683778650144,2.73147308679339e-12,0.371263459664128,0.220078754287875,-0.151184705376253,9.5568735314244e-07,TRUE
"cg13136266",0.636615554395419,0.535275780764795,-0.101339773630624,2.73694641838979e-12,0.595077728439356,0.724066594498957,0.128988866059601,4.39653881034707e-15,FALSE
"cg04631458",0.42645519364467,0.324264945074134,-0.102190248570535,2.75394473846629e-12,0.356500659780032,0.485144784135345,0.128644124355313,5.75284945847541e-09,FALSE
"cg16456576",0.723242696314704,0.596675504102857,-0.126567192211847,2.78761820953953e-12,0.553092284798014,0.449645510934581,-0.103446773863433,3.9374977884485e-08,TRUE
"cg19212949",0.559872578196417,0.39854543575435,-0.161327142442067,2.80876270423142e-12,0.385534707309899,0.267762032735508,-0.117772674574391,2.06702257958317e-08,TRUE
"cg09068128",0.819721203851776,0.624010046685057,-0.195711157166719,2.81400643304417e-12,0.387021720844171,0.269453569451799,-0.117568151392372,9.21944755568846e-05,TRUE
"cg12956304",0.753793687443303,0.641395560792826,-0.112398126650477,2.83107885655896e-12,0.636500865553483,0.533797182219409,-0.102703683334075,1.3629716041535e-07,TRUE
"cg20495819",0.121411301428717,0.235137279571763,0.113725978143046,2.84991295198633e-12,0.309868140146867,0.547662284758628,0.237794144611761,3.8294396023819e-18,TRUE
"cg10328279",0.757613102582236,0.640710420928882,-0.116902681653353,2.86485515065538e-12,0.704958783862099,0.570633011768584,-0.134325772093515,1.5813657826857e-10,TRUE
"cg14431547",0.685972197858258,0.512712467664473,-0.173259730193786,2.91136967501651e-12,0.635964154360537,0.49357763576937,-0.142386518591167,3.88733587293913e-06,TRUE
"cg00212119",0.785138893924211,0.650697446605625,-0.134441447318585,2.95439574332686e-12,0.714711689885014,0.613124691940346,-0.101586997944669,6.02269196768733e-06,TRUE
"cg05243700",0.776867896076797,0.658649787293219,-0.118218108783578,3.02565180487339e-12,0.601053364565595,0.43049003217865,-0.170563332386945,6.98482677845674e-13,TRUE
"cg01230784",0.905890634488839,0.801467780329273,-0.104422854159566,3.09074067220284e-12,0.752182137245386,0.65200042673018,-0.100181710515206,0.000869616795287991,TRUE
"cg18034742",0.784923318537285,0.66717497335173,-0.117748345185555,3.20257794905184e-12,0.674988185509233,0.57321964820129,-0.101768537307943,2.3381888153865e-07,TRUE
"cg15357945",0.60903287764884,0.506098574047447,-0.102934303601393,3.22036320718404e-12,0.436898089180499,0.331459714330616,-0.105438374849883,2.07551628751006e-12,TRUE
"cg13313616",0.725671583638434,0.602525454931961,-0.123146128706473,3.28675614686368e-12,0.648730894444045,0.546515805604333,-0.102215088839712,2.66303108641971e-07,TRUE
"cg13972171",0.886976831229576,0.779069967448256,-0.10790686378132,3.29614921255873e-12,0.777967215144098,0.877971967000634,0.100004751856536,3.57732307243235e-09,FALSE
"cg00443946",0.668113562236415,0.563113404268187,-0.105000157968228,3.31311692879963e-12,0.607193947149307,0.720927740126843,0.113733792977536,5.51487731135308e-12,FALSE
"cg05645002",0.756857808303365,0.598563469179267,-0.158294339124098,3.44057767383058e-12,0.769594564050358,0.588501143989334,-0.181093420061024,2.96555379321695e-14,TRUE
"cg20328399",0.621635475013385,0.512015732572244,-0.109619742441141,3.46496278627332e-12,0.680632053887346,0.524670215422758,-0.155961838464587,8.39792067114758e-15,TRUE
"cg09232851",0.772016070497838,0.650422978160546,-0.121593092337291,3.47949029124579e-12,0.657318358548522,0.550216089214086,-0.107102269334436,8.91300363065566e-08,TRUE
"cg22387253",0.656554465340993,0.539739998661744,-0.116814466679249,3.57781558375804e-12,0.589798610884823,0.436967157943865,-0.152831452940958,1.5384225669429e-15,TRUE
"cg13511885",0.581826655238736,0.481640170144905,-0.10018648509383,3.60289233676477e-12,0.552313009899743,0.675468354736385,0.123155344836642,1.24467108149268e-15,FALSE
"cg14128411",0.60172590552445,0.465469852362999,-0.136256053161451,3.66132789425899e-12,0.560139618192343,0.434993834809144,-0.125145783383199,2.76120528276723e-09,TRUE
"cg23968893",0.652637632016269,0.537162097348065,-0.115475534668204,3.66698779111899e-12,0.580978061218286,0.472437649853262,-0.108540411365024,3.87878040343167e-09,TRUE
"cg12593431",0.694391812824226,0.566543140620378,-0.127848672203847,3.68078858924669e-12,0.653288740607441,0.769841657428359,0.116552916820919,2.74294722625341e-09,FALSE
"cg04717045",0.743464519381148,0.60457397793025,-0.138890541450898,3.75775690422195e-12,0.725435362153524,0.840624302698836,0.115188940545312,9.0618501566234e-11,FALSE
"cg13567205",0.697570472686654,0.571576072650516,-0.125994400036138,3.76222084138142e-12,0.71425237479829,0.598111855151122,-0.116140519647168,2.19313136547197e-07,TRUE
"cg18437209",0.262382052367134,0.409066636029323,0.146684583662189,3.78067764443208e-12,0.286557003932529,0.580545540696461,0.293988536763932,2.08622324966511e-28,TRUE
"cg04574507",0.636886437465605,0.490190434290323,-0.146696003175282,3.79890876290948e-12,0.635409131092777,0.510219030120045,-0.125190100972732,1.80408078587834e-07,TRUE
"cg05200715",0.636678007566701,0.517210863343984,-0.119467144222716,3.84902770095254e-12,0.480650930342382,0.359430845453422,-0.121220084888959,5.33794668170476e-12,TRUE
"cg16047471",0.526344168676672,0.414790864149061,-0.111553304527612,3.86255052674998e-12,0.388047479388967,0.503665733479787,0.11561825409082,2.36793799930363e-09,FALSE
"cg14470792",0.915791133873656,0.813493376646179,-0.102297757227477,3.86478640376708e-12,0.685408991147563,0.558581986672413,-0.12682700447515,2.66650133932788e-06,TRUE
"cg17862447",0.893049448601162,0.753371313566604,-0.139678135034558,3.8866965487676e-12,0.769201570509609,0.873808320709147,0.104606750199538,2.74365539137367e-08,FALSE
"cg22576976",0.435645843232662,0.330379264462688,-0.105266578769975,3.90873019014733e-12,0.385109361498653,0.284450783070824,-0.100658578427829,1.31072450846558e-08,TRUE
"cg24656596",0.544560512826468,0.370459566671216,-0.174100946155252,3.91685758550243e-12,0.4477052127822,0.333357009600136,-0.114348203182065,4.00792615106457e-05,TRUE
"cg14754494",0.721444533921464,0.611022130497511,-0.110422403423953,4.05424734268617e-12,0.6245579705127,0.734065111061121,0.10950714054842,3.98021812646233e-11,FALSE
"cg26738880",0.603622199887478,0.470150855106926,-0.133471344780553,4.07263514933133e-12,0.560612072538301,0.40752020315008,-0.153091869388221,3.0002413854941e-13,TRUE
"cg16008476",0.630675651731248,0.513866391042166,-0.116809260689082,4.09748710053373e-12,0.526695112278149,0.408308197320729,-0.11838691495742,1.52236594668485e-11,TRUE
"cg13368983",0.537510908719039,0.659988699166742,0.122477790447703,4.11049043082134e-12,0.556471543997308,0.711512158933794,0.155040614936486,8.93099584498991e-15,TRUE
"cg08289525",0.599663762762155,0.486825970414094,-0.112837792348061,4.12048541168767e-12,0.476814710613373,0.580449933958743,0.10363522334537,3.31325565602411e-07,FALSE
"cg27610921",0.757717117223789,0.638966718962379,-0.11875039826141,4.12495510290565e-12,0.712816942035589,0.580769690987234,-0.132047251048355,1.84332749239917e-09,TRUE
"cg09337069",0.802756931359592,0.683126830603734,-0.119630100755858,4.12805558139309e-12,0.720331964981441,0.602305151305604,-0.118026813675836,1.02475779303518e-07,TRUE
"cg03446244",0.485034331480776,0.354361405146832,-0.130672926333944,4.15457958316756e-12,0.442888933663037,0.54353230936115,0.100643375698113,7.46313458359715e-05,FALSE
"cg15585555",0.43949670379715,0.560759918756111,0.121263214958961,4.16205984071951e-12,0.500038423119909,0.641473945901387,0.141435522781479,6.24310169659507e-12,TRUE
"cg25581090",0.818571871488281,0.704652592012721,-0.113919279475561,4.19459864498706e-12,0.657757061792793,0.765415564382905,0.107658502590112,2.08788795060469e-09,FALSE
"cg01512840",0.470089403151044,0.368890595811926,-0.101198807339118,4.20122246564635e-12,0.335228322139325,0.464359181065226,0.129130858925901,6.08010321937663e-11,FALSE
"cg23044087",0.623701410191396,0.496005095715408,-0.127696314475988,4.24327844640522e-12,0.645005369342107,0.543435865642645,-0.101569503699461,7.71342706436476e-06,TRUE
"cg09127371",0.683279654627131,0.562274954195041,-0.12100470043209,4.43112189469666e-12,0.654271069596284,0.757865391538103,0.103594321941819,3.1614356644078e-09,FALSE
"cg17684765",0.695778664619317,0.584597721452593,-0.111180943166724,4.51891117816128e-12,0.507514663309448,0.403830098951811,-0.103684564357637,1.21984705759061e-09,TRUE
"cg14989714",0.727862293303438,0.603702624437396,-0.124159668866042,5.03062770383855e-12,0.57955525270059,0.702372764507843,0.122817511807253,8.57552867694627e-08,FALSE
"cg00937286",0.662270812758754,0.502291393914573,-0.159979418844181,5.07151320372212e-12,0.607509039654311,0.48091595462132,-0.126593085032991,4.21362756505572e-06,TRUE
"cg08096367",0.740800982888279,0.622917101920605,-0.117883880967674,5.07963872477926e-12,0.743180718567871,0.63077432640263,-0.112406392165241,6.93055883738973e-08,TRUE
"cg26155802",0.612219343407458,0.500269185618341,-0.111950157789116,5.08885183178473e-12,0.554973621627948,0.446865573673479,-0.108108047954469,7.98758129292132e-08,TRUE
"cg07339864",0.569870086381095,0.438489880639575,-0.131380205741521,5.13402113494033e-12,0.488955856507757,0.385087400141416,-0.103868456366341,1.61738162323685e-07,TRUE
"cg09123577",0.564284630369556,0.444025469362832,-0.120259161006724,5.23094602739288e-12,0.542531870000307,0.439806028087295,-0.102725841913012,5.92836374618885e-08,TRUE
"cg17689601",0.68133834068875,0.54828366553491,-0.13305467515384,5.24909274883922e-12,0.621210913449907,0.501573534059054,-0.119637379390853,7.42268332199162e-09,TRUE
"cg24640610",0.765115689731404,0.622908836483404,-0.142206853247999,5.25828224571456e-12,0.718254570334446,0.591832453896925,-0.126422116437521,3.06043364799326e-07,TRUE
"cg15664943",0.845524597940734,0.723914119038207,-0.121610478902527,5.27295764442985e-12,0.819991940058331,0.709373534456498,-0.110618405601832,4.20798065528973e-07,TRUE
"cg08078648",0.407608250040926,0.286031032729053,-0.121577217311874,5.36954426328793e-12,0.341232455921117,0.478337577528653,0.137105121607536,4.19388379454395e-10,FALSE
"cg27105094",0.682826192645058,0.574941412158201,-0.107884780486858,5.37643760420924e-12,0.673328897153841,0.534610055432714,-0.138718841721128,1.89012823816884e-13,TRUE
"cg02852529",0.766591982000146,0.631584438594055,-0.135007543406091,5.41495638450536e-12,0.603286609625944,0.743254715141284,0.13996810551534,8.2070736109983e-14,FALSE
"cg14996807",0.86289895008636,0.753434907266281,-0.109464042820079,5.42849051707073e-12,0.660241584845275,0.558481880419406,-0.101759704425869,1.19199634658882e-07,TRUE
"cg00058515",0.700197518657364,0.557668974147231,-0.142528544510134,5.51477408367648e-12,0.502192088007995,0.624412121992707,0.122220033984712,1.33114206627394e-08,FALSE
"cg15326755",0.886944867819749,0.752894120074427,-0.134050747745322,5.60501725022534e-12,0.702707715102445,0.514240675432721,-0.188467039669724,2.64319246024961e-10,TRUE
"cg22538712",0.637584059704608,0.53098775463659,-0.106596305068018,5.64622893102796e-12,0.525634253850607,0.390908213553091,-0.134726040297517,2.2641104584537e-15,TRUE
"cg18264219",0.62104912231213,0.501970158537574,-0.119078963774556,5.67890723043804e-12,0.573987064432136,0.446367948118322,-0.127619116313814,4.66618567674363e-11,TRUE
"cg01534284",0.563889461894154,0.455062029989574,-0.10882743190458,5.6791516612681e-12,0.50284620075254,0.397822227011187,-0.105023973741353,3.87931498172892e-10,TRUE
"cg15408497",0.564430879452518,0.453648443963854,-0.110782435488664,5.72594444994133e-12,0.608003137695187,0.720774527426612,0.112771389731425,4.21295550643326e-13,FALSE
"cg11237792",0.420496381967214,0.317274025892771,-0.103222356074444,5.79783587222619e-12,0.385195481969217,0.27401205985714,-0.111183422112077,1.49629222020464e-12,TRUE
"cg26147935",0.795745139088278,0.689946637000805,-0.105798502087473,5.81118121656157e-12,0.565504185711034,0.666055128432286,0.100550942721252,1.27105501538179e-07,FALSE
"cg13889620",0.858759916969396,0.728042829196081,-0.130717087773315,5.91825908149126e-12,0.613111501076015,0.419547153700274,-0.193564347375741,7.75012460182783e-13,TRUE
"cg09866743",0.234686529163763,0.130541926422004,-0.104144602741758,5.92546887687559e-12,0.129863501085954,0.233387123661977,0.103523622576023,5.07580976614927e-06,FALSE
"cg27202622",0.820544129550646,0.693868270269052,-0.126675859281594,6.05662382357968e-12,0.663492351521224,0.527015932974042,-0.136476418547182,1.41092544959993e-08,TRUE
"cg00114160",0.590034136856595,0.46526956414601,-0.124764572710584,6.31931370030267e-12,0.541853547243668,0.423326400546789,-0.118527146696879,1.14759318800375e-10,TRUE
"cg14716686",0.53239934970146,0.656724777089927,0.124325427388468,6.35770450099484e-12,0.565122155201886,0.743140427858829,0.178018272656943,8.97736265093039e-22,TRUE
"cg02351840",0.782799322204173,0.645104992347604,-0.137694329856569,6.53659991384033e-12,0.555324449156983,0.413284910046042,-0.142039539110941,3.32833071285206e-10,TRUE
"cg23818246",0.658055265145126,0.526070848931063,-0.131984416214063,6.64905927440244e-12,0.599699014443795,0.481798789515863,-0.117900224927932,3.1813111438596e-07,TRUE
"cg06329587",0.721473568070583,0.595098701152519,-0.126374866918064,6.65354036679004e-12,0.669009007932406,0.555945540879512,-0.113063467052894,2.55120909841001e-07,TRUE
"cg04436634",0.47781508390639,0.339645028539626,-0.138170055366765,6.75406973138452e-12,0.451969113675538,0.32997410827143,-0.121995005404108,6.55092384378768e-08,TRUE
"cg14259556",0.618669139699705,0.499989647153403,-0.118679492546302,6.99813873151934e-12,0.631129725401739,0.741070086800289,0.10994036139855,1.47103259080177e-10,FALSE
"cg00913032",0.64803597389357,0.519886092970874,-0.128149880922696,7.12844896475671e-12,0.528164257879524,0.426700755642224,-0.1014635022373,4.06065745266394e-06,TRUE
"cg25448861",0.731891334995255,0.611470511157884,-0.120420823837371,7.19109278390229e-12,0.590743184109565,0.48437473493294,-0.106368449176625,6.36533183584981e-08,TRUE
"cg02928476",0.376361139030268,0.249247322109654,-0.127113816920613,7.23501033297799e-12,0.182200031359241,0.332667995366117,0.150467964006876,3.31441284240966e-14,FALSE
"cg23202262",0.658338101394876,0.555438568409304,-0.102899532985572,7.30078363060127e-12,0.568010771135537,0.673879284791655,0.105868513656118,6.37912006543254e-09,FALSE
"cg18685330",0.606325894068788,0.464827078508255,-0.141498815560534,7.33238683325407e-12,0.482346742893878,0.369898419669675,-0.112448323224203,2.16905532800064e-09,TRUE
"cg25541928",0.577415670359904,0.439428559513095,-0.137987110846809,7.461840358587e-12,0.411981258104208,0.298914548944369,-0.113066709159839,1.608706852203e-08,TRUE
"cg02737619",0.111253743519229,0.225342601852579,0.11408885833335,7.50339507746444e-12,0.214710535547308,0.405193225458852,0.190482689911544,9.39289008165808e-17,TRUE
"cg09098195",0.587481779635259,0.42734500307438,-0.160136776560879,7.53730909131984e-12,0.338763293038142,0.485878140364173,0.14711484732603,7.28408377300008e-08,FALSE
"cg08599962",0.881697419343875,0.780636554959657,-0.101060864384218,7.57925312083071e-12,0.703840268250771,0.546317645239534,-0.157522623011237,8.93770247706527e-15,TRUE
"cg02723533",0.817239700991733,0.667744502670789,-0.149495198320944,7.71330022548914e-12,0.811016685429496,0.928001454804769,0.116984769375273,1.49829052910608e-10,FALSE
"cg00086488",0.726907589431648,0.577684455967253,-0.149223133464395,8.00979846981667e-12,0.556009908742118,0.452292758947399,-0.103717149794719,1.80610973131136e-05,TRUE
"cg03349504",0.763671590036683,0.642169110933773,-0.12150247910291,8.09804498038441e-12,0.726532816744957,0.613158167119396,-0.113374649625561,1.75231965835388e-07,TRUE
"cg23609450",0.765919429432049,0.638642726311819,-0.12727670312023,8.11186053246831e-12,0.556582285481745,0.43840814426337,-0.118174141218376,7.98961066900461e-07,TRUE
"cg13501616",0.695258421408241,0.540812486436337,-0.154445934971905,8.15081111585157e-12,0.644226453186859,0.495320969889566,-0.148905483297292,1.58635999003256e-09,TRUE
"cg02734505",0.318986375084351,0.197325723964727,-0.121660651119624,8.16474382944272e-12,0.448013541649671,0.565399736297264,0.117386194647593,8.43197565702355e-06,FALSE
"cg18730905",0.805316827210041,0.702996060255401,-0.10232076695464,8.22822788471525e-12,0.703963398818683,0.595195544508742,-0.108767854309942,7.0944668381855e-08,TRUE
"cg18269894",0.778418825614622,0.647617930781189,-0.130800894833433,8.25853387458642e-12,0.720798762553192,0.604062370801418,-0.116736391751774,6.98395614297403e-07,TRUE
"cg03110795",0.47320926457706,0.355568375842757,-0.117640888734304,8.32363501014392e-12,0.474041360466253,0.577260936835203,0.10321957636895,7.92673878284814e-06,FALSE
"cg12397274",0.510542614718196,0.399641395009684,-0.110901219708512,8.56101472477372e-12,0.514116835154458,0.408090331218615,-0.106026503935843,7.59824901381428e-09,TRUE
"cg08918576",0.566580495491016,0.427625770510922,-0.138954724980094,8.81425347166478e-12,0.538994647797304,0.392943784062963,-0.146050863734342,3.55830462624395e-11,TRUE
"cg06507590",0.640849057593953,0.521882577521095,-0.118966480072859,9.24384741400535e-12,0.695216381519712,0.825628495527083,0.130412114007371,2.4296046877847e-15,FALSE
"cg07712198",0.76938704692752,0.631266385223846,-0.138120661703674,9.2946714817491e-12,0.735214301957097,0.634166870378583,-0.101047431578514,3.08299575519467e-05,TRUE
"cg15469709",0.541906006895042,0.429418120403446,-0.112487886491596,9.55780001909319e-12,0.456807959780954,0.627486850226323,0.170678890445369,8.37819981784674e-16,FALSE
"cg02975060",0.66006638268695,0.541629590761226,-0.118436791925725,9.63306227314113e-12,0.624848897226453,0.496400986184982,-0.128447911041471,4.89458457328958e-10,TRUE
"cg01173941",0.650631795604074,0.533560749056572,-0.117071046547502,9.64202533654547e-12,0.534242840549617,0.403005104576993,-0.131237735972623,1.61978798562097e-11,TRUE
"cg22775138",0.675096520117005,0.487524522243944,-0.187571997873061,9.70849208376707e-12,0.43058525098638,0.329997570237619,-0.100587680748761,0.000429579838803537,TRUE
"cg04512129",0.799960941889705,0.671652302921856,-0.128308638967849,9.77314041990602e-12,0.873085658176423,0.759211492146211,-0.113874166030213,1.28900782049526e-09,TRUE
"cg04923174",0.501299524234889,0.37574461945956,-0.125554904775329,1.00240465317512e-11,0.497822587692863,0.384964929585527,-0.112857658107336,2.14511130179807e-07,TRUE
"cg08907926",0.612846153419604,0.461587515080169,-0.151258638339434,1.0171759434487e-11,0.541178960213542,0.409403234616989,-0.131775725596553,2.83905448260188e-08,TRUE
"cg06527267",0.741217305873644,0.611889895470736,-0.129327410402908,1.02286840006692e-11,0.514919922039765,0.41161991093496,-0.103300011104805,1.97980661307538e-05,TRUE
"cg24753998",0.549704672759904,0.681530330256466,0.131825657496562,1.08737952178483e-11,0.669802332897682,0.788624698895755,0.118822365998074,3.32096845191854e-14,TRUE
"cg26118553",0.64170912173751,0.528121119911749,-0.113588001825761,1.09419132329313e-11,0.534454655543594,0.433309817099921,-0.101144838443674,2.27774748754914e-08,TRUE
"cg01149929",0.744040971455315,0.600497429730563,-0.143543541724752,1.11345914863907e-11,0.692386922546529,0.559551877728263,-0.132835044818266,1.30707167106748e-06,TRUE
"cg10158681",0.564741061428381,0.464243422977988,-0.100497638450393,1.12344016662976e-11,0.424352210331852,0.25526176937459,-0.169090440957263,2.7970322873763e-33,TRUE
"cg07281125",0.917304860843988,0.816714320677116,-0.100590540166872,1.12536018936168e-11,0.724612257704779,0.620996269296529,-0.10361598840825,9.61647495322796e-06,TRUE
"cg17703554",0.784295246013165,0.654407129864583,-0.129888116148582,1.13480467276679e-11,0.700173640003743,0.600121057363545,-0.100052582640197,1.27057203734349e-05,TRUE
"cg05866308",0.816734982345767,0.713200887253083,-0.103534095092685,1.16060932107832e-11,0.606083331250434,0.480942535706976,-0.125140795543458,1.08610741810552e-09,TRUE
"cg07107628",0.846988317770393,0.740166080697576,-0.106822237072816,1.17188399225567e-11,0.599395326070822,0.468002796153285,-0.131392529917536,4.02910025724845e-09,TRUE
"cg16551732",0.0850546089533177,0.197245717334399,0.112191108381081,1.19064613150447e-11,0.299078743942552,0.406990802928077,0.107912058985525,2.34572678036575e-05,TRUE
"cg00435245",0.709359773844485,0.580334005149528,-0.129025768694957,1.19946498946068e-11,0.602031954810187,0.480074459414119,-0.121957495396068,1.84624316898545e-08,TRUE
"cg09994435",0.563789492281711,0.451016390050664,-0.112773102231047,1.20797624924679e-11,0.3965931943295,0.508545950390384,0.111952756060885,1.7763319987542e-08,FALSE
"cg04372674",0.324713438593346,0.453465806321883,0.128752367728537,1.21258537994865e-11,0.403186973724424,0.509204086565497,0.106017112841073,1.27939159016635e-08,TRUE
"cg11691825",0.755150907931199,0.61301509328581,-0.142135814645389,1.21789206923715e-11,0.467369826503911,0.33502280158676,-0.132347024917151,9.99886040882174e-12,TRUE
"cg06375292",0.670917752761893,0.5571963510949,-0.113721401666993,1.2386592676815e-11,0.547266101294616,0.709706454996041,0.162440353701425,1.33639888642496e-14,FALSE
"cg00856952",0.716639691347416,0.589181611926313,-0.127458079421103,1.24009952812154e-11,0.671647854340483,0.568536737839616,-0.103111116500867,3.47676649056098e-05,TRUE
"cg26727666",0.606379322344226,0.491357810916607,-0.115021511427619,1.24315197029454e-11,0.590472453431689,0.719709938799861,0.129237485368173,6.79214443607022e-15,FALSE
"cg22940848",0.0776278769829114,0.184620577801817,0.106992700818905,1.2502463224714e-11,0.146644746634077,0.319700447404742,0.173055700770666,6.10456874087255e-18,TRUE
"cg03145322",0.627086207998833,0.523150834114631,-0.103935373884202,1.2883087665466e-11,0.589916386819273,0.480180382800619,-0.109736004018654,7.17855014620526e-12,TRUE
"cg15848890",0.858982386100374,0.71213623543576,-0.146846150664614,1.29986632620293e-11,0.487260416719714,0.3679829036269,-0.119277513092814,4.93144470946361e-05,TRUE
"cg07425824",0.744935384688309,0.634167161735105,-0.110768222953205,1.31230786623958e-11,0.58924240363252,0.735180644241908,0.145938240609388,5.84476676471853e-14,FALSE
"cg23158189",0.892567729401053,0.756801780654815,-0.135765948746238,1.33687802541853e-11,0.748052405523827,0.558760103133728,-0.1892923023901,5.87608343990525e-08,TRUE
"cg08037710",0.815514321533687,0.713607435775423,-0.101906885758263,1.36352702883372e-11,0.75648773819251,0.639990517619366,-0.116497220573143,6.66045593880764e-10,TRUE
"cg14531576",0.74925583650873,0.642810828133411,-0.106445008375319,1.38401339153828e-11,0.69865823531196,0.587986979624497,-0.110671255687464,1.48127128469941e-09,TRUE
"cg08541962",0.569178906696919,0.461046802344195,-0.108132104352724,1.38421916904144e-11,0.441306815639738,0.574259722380234,0.132952906740496,4.63034851451262e-11,FALSE
"cg15112475",0.457208852471331,0.332520348345189,-0.124688504126143,1.42381705998213e-11,0.360300601246137,0.254421386204006,-0.105879215042131,3.81949136972495e-08,TRUE
"cg19640581",0.743250695024767,0.623614810867725,-0.119635884157042,1.44251460136704e-11,0.558607816990858,0.662821043315245,0.104213226324386,9.26515522290719e-07,FALSE
"cg26683425",0.381965891673936,0.270679375310089,-0.111286516363847,1.4443639962474e-11,0.145561171454744,0.266177599275645,0.120616427820901,9.81720856881277e-20,FALSE
"cg06250841",0.513088698171968,0.405740528927375,-0.107348169244594,1.47527852857055e-11,0.519364018255632,0.403488722337192,-0.115875295918441,6.70406884156169e-09,TRUE
"cg00673191",0.456968092954505,0.349458966900614,-0.107509126053891,1.48088362569927e-11,0.469834355370381,0.588329868097028,0.118495512726646,5.04859017390373e-11,FALSE
"cg13992402",0.849545626409994,0.741388991976838,-0.108156634433156,1.48348122906629e-11,0.63355877350609,0.502584293481409,-0.130974480024681,1.05066066334746e-08,TRUE
"cg00085416",0.550275074596905,0.418774975778582,-0.131500098818323,1.49269833939931e-11,0.476831871209835,0.634656334324589,0.157824463114754,1.25492749683299e-10,FALSE
"cg10147982",0.796368128906674,0.681713211590141,-0.114654917316532,1.49269833939931e-11,0.823992039500646,0.717880527000013,-0.106111512500632,1.72706048252176e-07,TRUE
"cg13685129",0.858690276559061,0.723390876427521,-0.13529940013154,1.53921729656178e-11,0.635039808123146,0.742907194282805,0.10786738615966,6.03868449962578e-05,FALSE
"cg25075794",0.336876092168127,0.473218393636651,0.136342301468524,1.55350742378425e-11,0.409673743300377,0.516678145576263,0.107004402275887,5.77957027501996e-08,TRUE
"cg12184421",0.70774253934911,0.5980456857837,-0.10969685356541,1.57357086379413e-11,0.575618379106999,0.688279849110771,0.112661470003772,3.96815512765477e-10,FALSE
"cg00781208",0.48678347561439,0.368554828350517,-0.118228647263873,1.59007458669335e-11,0.472728966057137,0.335834932679231,-0.136894033377905,2.25692344737498e-12,TRUE
"cg17987982",0.57800575343806,0.465031301180283,-0.112974452257777,1.64325261996126e-11,0.46750813140026,0.358254735885346,-0.109253395514914,6.16958376609827e-13,TRUE
"cg06683316",0.673851274279667,0.565344036356542,-0.108507237923125,1.65953140107675e-11,0.590309999508386,0.457706885396042,-0.132603114112344,3.83070568350335e-13,TRUE
"cg25125450",0.600713896412877,0.433486825314973,-0.167227071097904,1.66026104055244e-11,0.430953571314862,0.31362123944388,-0.117332331870983,5.36899178158187e-07,TRUE
"cg25019567",0.738388560031509,0.631387078854951,-0.107001481176558,1.66152553000023e-11,0.701543208443807,0.577981902917177,-0.12356130552663,7.02584429040019e-14,TRUE
"cg22941409",0.901631976293014,0.79558160841459,-0.106050367878424,1.70910421610301e-11,0.767935148968175,0.663758282199242,-0.104176866768932,1.59634575108513e-05,TRUE
"cg07521193",0.927563104789022,0.808446915919797,-0.119116188869225,1.76114714346215e-11,0.775673526141259,0.923254321508176,0.147580795366918,1.98754248615247e-14,FALSE
"cg25401594",0.753665085027151,0.624877117366661,-0.128787967660489,1.76945122150744e-11,0.625300062830643,0.519276988815088,-0.106023074015554,3.87896449469609e-07,TRUE
"cg07521789",0.681931959208632,0.554495248237738,-0.127436710970894,1.77580240216012e-11,0.620013417600985,0.495569677228303,-0.124443740372682,1.13078724810022e-08,TRUE
"cg11611448",0.552997157429776,0.442078032502585,-0.110919124927191,1.77590692257409e-11,0.586186336438725,0.458409698461824,-0.127776637976901,9.2998092416725e-09,TRUE
"cg14872952",0.299467112421495,0.190210210604877,-0.109256901816619,1.7775483605976e-11,0.239145768138533,0.351388243825376,0.112242475686843,4.80155571635066e-05,FALSE
"cg04561503",0.766828909543216,0.646234228370915,-0.120594681172301,1.78591631856294e-11,0.7286675310707,0.607943460364273,-0.120724070706427,3.58541907937596e-09,TRUE
"cg00989505",0.715725665987022,0.604451093792212,-0.11127457219481,1.80593770329773e-11,0.665430798587724,0.563800565606978,-0.101630232980746,1.61642956667078e-08,TRUE
"cg25172185",0.464032073808314,0.353686648828616,-0.110345424979697,1.81307290590756e-11,0.443136013765827,0.298506413634814,-0.144629600131013,1.15378866306431e-14,TRUE
"cg05023415",0.797006885776964,0.666195864678715,-0.130811021098249,1.84156521782844e-11,0.838293950152658,0.725751405238377,-0.112542544914281,2.49764448323626e-08,TRUE
"cg01442005",0.535684274857299,0.425628838633277,-0.110055436224021,1.85189866293088e-11,0.481066713410819,0.354344414649649,-0.12672229876117,2.67218017165199e-11,TRUE
"cg12412531",0.762569988791916,0.630832758096063,-0.131737230695853,1.86326710181778e-11,0.654197682925608,0.539578547159912,-0.114619135765696,2.73733136809715e-06,TRUE
"cg02455392",0.568223657105986,0.453657074094422,-0.114566583011564,1.89148324632981e-11,0.546469712737968,0.691066501870902,0.144596789132934,1.88866466493269e-13,FALSE
"cg03308038",0.55646339328051,0.437022278127741,-0.11944111515277,1.8936799989036e-11,0.529930525361552,0.429820900691747,-0.100109624669805,4.4207469195746e-07,TRUE
"cg13403566",0.790338339026555,0.67837007316058,-0.111968265865976,1.90931061487528e-11,0.652259215474179,0.513405842762805,-0.138853372711374,5.03973803799836e-11,TRUE
"cg13131167",0.798375494736485,0.685484453119337,-0.112891041617149,1.9159327665763e-11,0.671157685692464,0.544950135156006,-0.126207550536457,6.03064159507776e-10,TRUE
"cg02704181",0.697826266789883,0.544791913847917,-0.153034352941966,1.91913876793556e-11,0.727869094172494,0.56593322474687,-0.161935869425624,2.70951758247392e-09,TRUE
"cg04342202",0.599030315140983,0.451035057027144,-0.147995258113838,1.92402949759938e-11,0.574740696648134,0.700165779138703,0.125425082490569,2.10821491661391e-09,FALSE
"cg14457305",0.834919913595499,0.728174667336245,-0.106745246259254,1.93867641917799e-11,0.715408634518543,0.609405963285838,-0.106002671232705,8.46473379825474e-07,TRUE
"cg11274337",0.647104283613036,0.526327440071689,-0.120776843541346,1.94265311456041e-11,0.615108501184545,0.485208415687883,-0.129900085496662,8.6724771352457e-09,TRUE
"cg08621196",0.719640154551506,0.578809336925937,-0.14083081762557,1.95776477905249e-11,0.586793744033865,0.471561113023034,-0.115232631010831,1.95499705244324e-06,TRUE
"cg21646471",0.727832141361392,0.625828194352978,-0.102003947008414,1.98442851196381e-11,0.766231617063591,0.591134852467946,-0.175096764595645,2.35029254812969e-23,TRUE
"cg04194341",0.779140640299326,0.64523179070001,-0.133908849599316,1.98937117441474e-11,0.73224349904404,0.836309207052088,0.104065708008049,3.67542720843778e-11,FALSE
"cg04266474",0.714404335778141,0.577855137445758,-0.136549198332383,1.99964628425707e-11,0.496083980548745,0.669563217576602,0.173479237027857,8.94482006101528e-16,FALSE
"cg02670123",0.396767252730525,0.284391688240664,-0.112375564489862,2.01497262190512e-11,0.396010227478272,0.614537359526217,0.218527132047944,4.87030728153414e-14,FALSE
"cg14219236",0.790732922241766,0.661318243264555,-0.129414678977211,2.05543329424833e-11,0.764972340419854,0.648446244565646,-0.116526095854207,2.02837734709206e-06,TRUE
"cg07699978",0.608400456795503,0.491391223812677,-0.117009232982826,2.06232094963931e-11,0.585660918139698,0.749048892553404,0.163387974413706,3.6670422293945e-15,FALSE
"cg23012192",0.885101454552146,0.782900435073196,-0.10220101947895,2.0693893152875e-11,0.882910408456558,0.73313563069231,-0.149774777764247,3.76507393913979e-22,TRUE
"cg18044044",0.623343424262847,0.508899604615181,-0.114443819647666,2.08331659266032e-11,0.529689195784333,0.396488653724356,-0.133200542059977,6.17464948627943e-11,TRUE
"cg00347938",0.813204772655467,0.67239057693447,-0.140814195720996,2.08505448645641e-11,0.80227899740592,0.926115050850392,0.123836053444472,3.9791308248209e-12,FALSE
"cg18894878",0.858289040146532,0.757368627457639,-0.100920412688893,2.1042682991145e-11,0.687524325769274,0.548302779321401,-0.139221546447873,1.18735618691249e-08,TRUE
"cg13314167",0.820781214829681,0.714508689684921,-0.10627252514476,2.12471009292205e-11,0.59394639529505,0.442164150058405,-0.151782245236645,7.07897485022411e-15,TRUE
"cg05846378",0.535225089424054,0.409261434723811,-0.125963654700243,2.15278451987810e-11,0.482527105447817,0.33111327601509,-0.151413829432727,1.51092059249258e-12,TRUE
"cg22569523",0.223401373896985,0.117966437430965,-0.10543493646602,2.18029069685091e-11,0.0891449342987216,0.205134770512668,0.115989836213947,1.6371035059873e-09,FALSE
"cg11407507",0.626377757827717,0.51917923570619,-0.107198522121528,2.18174401287793e-11,0.543926422553234,0.427519171024312,-0.116407251528922,1.35136584331535e-11,TRUE
"cg25104107",0.557504033401187,0.429657528234614,-0.127846505166573,2.18734880464218e-11,0.621366629355389,0.76329167260616,0.141925043250771,5.74191272011703e-14,FALSE
"cg08479865",0.730094345913056,0.599989243772321,-0.130105102140736,2.22916107030672e-11,0.599291183600687,0.466499700381354,-0.132791483219333,1.22785041088618e-08,TRUE
"cg13090220",0.80107860020198,0.687399713418971,-0.113678886783009,2.29045652497865e-11,0.631243906215108,0.507483298145006,-0.123760608070101,6.26187653578702e-08,TRUE
"cg06569117",0.597656876865808,0.493531229684513,-0.104125647181295,2.32698745728387e-11,0.44530227717437,0.629607713004646,0.184305435830275,1.764245606446e-20,FALSE
"cg23321702",0.79148246925338,0.687077308395803,-0.104405160857577,2.36280408112785e-11,0.709903992364405,0.601450101998653,-0.108453890365752,3.78048494541225e-08,TRUE
"cg14718250",0.7676421909507,0.647523038051378,-0.120119152899321,2.36382437390902e-11,0.710426039807884,0.549766312094394,-0.160659727713489,1.53615422861201e-12,TRUE
"cg00891995",0.328145307497939,0.219217292243048,-0.108928015254891,2.36394774961304e-11,0.35476945522985,0.455880264148565,0.101110808918715,1.18578513033867e-06,FALSE
"cg23174148",0.768137680783336,0.639976085311729,-0.128161595471606,2.37226111351032e-11,0.697826400451178,0.82153320261074,0.123706802159562,2.91194622730976e-11,FALSE
"cg05634428",0.713546715856273,0.571736258894484,-0.141810456961789,2.39473508956794e-11,0.602281480721121,0.712895442652613,0.110613961931492,3.97232215035404e-06,FALSE
"cg06094238",0.776514388292644,0.676009296044218,-0.100505092248427,2.42215507457791e-11,0.584361019392056,0.478440269377158,-0.105920750014898,2.20903927730834e-11,TRUE
"cg18942757",0.828793242475011,0.691760615276029,-0.137032627198981,2.53935395680841e-11,0.638610957298062,0.512156156273504,-0.126454801024558,3.07987538403703e-06,TRUE
"cg09410862",0.77442031453688,0.665239559313823,-0.109180755223058,2.55803252182455e-11,0.696437852288976,0.588783171341542,-0.107654680947434,1.43457773360462e-09,TRUE
"cg11253042",0.658013046351903,0.541608269725609,-0.116404776626294,2.55876634251288e-11,0.692685137948557,0.793123565679988,0.100438427731431,2.32231127468801e-08,FALSE
"cg01804934",0.246100749260607,0.379049428164206,0.132948678903599,2.56383131161475e-11,0.376827733107729,0.498806018684409,0.12197828557668,3.66202532541381e-06,TRUE
"cg17136255",0.478328420010216,0.375933944284832,-0.102394475725384,2.56986124957396e-11,0.521593616090956,0.639122913683843,0.117529297592887,3.28361154887399e-09,FALSE
"cg06485308",0.552153465870609,0.440058660104214,-0.112094805766395,2.58492504589402e-11,0.57340825215981,0.46986733703599,-0.10354091512382,2.7007879746658e-07,TRUE
"cg27217253",0.689160132090467,0.53574006607276,-0.153420066017707,2.5882686332564e-11,0.525662541140053,0.419290858326095,-0.106371682813959,1.77779108506613e-07,TRUE
"cg04793813",0.267209660645034,0.371894291136743,0.104684630491708,2.5882686332564e-11,0.318247605569167,0.473142363902648,0.154894758333481,8.6951149407851e-16,TRUE
"cg26328589",0.720913912858332,0.574814469613664,-0.146099443244668,2.63471633061864e-11,0.701356060198007,0.58119021491073,-0.120165845287277,1.0399194713369e-07,TRUE
"cg05477457",0.135349129080989,0.311134412981218,0.175785283900228,2.63977533670568e-11,0.49840164199347,0.609438218197008,0.111036576203538,2.12133786114963e-05,TRUE
"cg03862437",0.583361886671569,0.461577367936989,-0.121784518734581,2.64076599342073e-11,0.391534601546248,0.254245996769022,-0.137288604777226,2.20774132207791e-12,TRUE
"cg13197283",0.777843278809227,0.668902705726365,-0.108940573082862,2.73501967074278e-11,0.538070226394011,0.425212168573644,-0.112858057820367,7.12541447466046e-09,TRUE
"cg27510066",0.661604094894442,0.530957858031553,-0.130646236862889,2.74546703679539e-11,0.658066319199673,0.760098523547087,0.102032204347415,5.65099357559777e-08,FALSE
"cg01974091",0.582149305464354,0.423883624321331,-0.158265681143023,2.77839438727796e-11,0.322702628504273,0.205138439635991,-0.117564188868282,2.54035226044953e-09,TRUE
"cg19072083",0.765512342261747,0.638655867071132,-0.126856475190615,2.85057726910978e-11,0.529052768604106,0.415026605504446,-0.11402616309966,2.94246257019026e-09,TRUE
"cg18022346",0.683058298655477,0.545907104605695,-0.137151194049781,2.85641074795168e-11,0.5917999341901,0.783125697197276,0.191325763007176,1.17558453457952e-23,FALSE
"cg25921179",0.811546264167214,0.701103527395614,-0.1104427367716,2.86537931650439e-11,0.778342233839411,0.676815070789047,-0.101527163050364,8.7729114539748e-08,TRUE
"cg25316305",0.644527504553177,0.525960525917337,-0.118566978635841,2.93878309796691e-11,0.614703973611831,0.487532915213661,-0.12717105839817,6.18034909604469e-10,TRUE
"cg04643690",0.656166310105216,0.531313327569012,-0.124852982536204,2.98037656799321e-11,0.568201789974685,0.411692788395389,-0.156509001579296,1.72762206692474e-13,TRUE
"cg18390025",0.68447121981632,0.557590627391642,-0.126880592424678,2.9860923740352e-11,0.621541455501496,0.730610101273591,0.109068645772095,1.07195571377734e-08,FALSE
"cg14355941",0.672691321927015,0.53449789406956,-0.138193427857455,3.01682886695772e-11,0.635613322421127,0.4965396686671,-0.139073653754027,1.23980426935993e-08,TRUE
"cg23686113",0.540590978435817,0.418463831834163,-0.122127146601654,3.01966573402748e-11,0.464468561964206,0.625906852424953,0.161438290460747,5.85613092709673e-12,FALSE
"cg15087740",0.819596423152532,0.706311316082529,-0.113285107070004,3.02196312145396e-11,0.770509999131848,0.665747858244802,-0.104762140887046,2.57655154235456e-06,TRUE
"cg08735211",0.363441879476573,0.472773933222796,0.109332053746222,3.03294273483221e-11,0.518638591226402,0.622070771375952,0.103432180149551,5.3937090281429e-10,TRUE
"cg26329192",0.677920194234166,0.553210903309051,-0.124709290925116,3.07675254371633e-11,0.606862097290862,0.495839992118508,-0.111022105172354,1.71396708091503e-07,TRUE
"cg09950812",0.441023790653161,0.333355037038795,-0.107668753614366,3.12061207153005e-11,0.453842821797021,0.590513740896602,0.136670919099581,3.1964568356145e-12,FALSE
"cg19171383",0.790116473497174,0.675607694462181,-0.114508779034992,3.18591387570276e-11,0.781666340552497,0.675899567221135,-0.105766773331363,1.14981114958416e-07,TRUE
"cg08294662",0.732816989373252,0.599856975585258,-0.132960013787995,3.19498784291748e-11,0.700122948899908,0.585408586892307,-0.114714362007601,4.16419928105485e-07,TRUE
"cg26040809",0.730117509503023,0.613102705642569,-0.117014803860454,3.19725631865887e-11,0.500203961262394,0.393085976608332,-0.107117984654062,2.4383722712988e-08,TRUE
"cg20308663",0.844302012221783,0.680417998446287,-0.163884013775497,3.22785094466037e-11,0.692892424806594,0.51780208260915,-0.175090342197445,7.33901409038971e-09,TRUE
"cg23510764",0.637083226756251,0.528163547237527,-0.108919679518724,3.26216230310735e-11,0.581443502304947,0.684789526468987,0.103346024164039,6.73160760224887e-09,FALSE
"cg03012726",0.455991869523187,0.327004590053795,-0.128987279469392,3.27856584820265e-11,0.505682056123115,0.631563672945501,0.125881616822386,4.0551496040522e-09,FALSE
"cg15963070",0.741889609858685,0.601160648679482,-0.140728961179203,3.34627300671921e-11,0.646199989776584,0.806963385135048,0.160763395358464,2.90688259531209e-15,FALSE
"cg03286735",0.808034847212269,0.68846741626397,-0.119567430948299,3.38333542774768e-11,0.68203041665137,0.546863039587663,-0.135167377063707,2.33464496501156e-11,TRUE
"cg05929700",0.872956708357223,0.761405129442734,-0.11155157891449,3.42744865536396e-11,0.72872662352871,0.62368319623742,-0.10504342729129,3.34800165930611e-05,TRUE
"cg19791627",0.753390000656313,0.639793153461462,-0.113596847194851,3.47606122836433e-11,0.64441769788788,0.537017859614416,-0.107399838273464,1.24040951876002e-06,TRUE
"cg00800109",0.798656045713714,0.679927519925902,-0.118728525787812,3.476880755181e-11,0.673766702680941,0.572490362391972,-0.101276340288968,2.1396675959017e-05,TRUE
"cg21040094",0.817481689236072,0.697284334355173,-0.1201973548809,3.48454732751863e-11,0.557965351884759,0.7233518065974,0.165386454712641,1.41806245509043e-11,FALSE
"cg13996453",0.533416059604618,0.429127455275263,-0.104288604329355,3.48737268278864e-11,0.423226677810389,0.313807130392181,-0.109419547418208,7.13220082192059e-12,TRUE
"cg07075238",0.748778076150906,0.559470443435441,-0.189307632715464,3.54400529937808e-11,0.672508690741285,0.804476932390781,0.131968241649495,5.18619530163036e-08,FALSE
"cg04001520",0.521938774491842,0.416199168441341,-0.105739606050501,3.5897266001847e-11,0.578645471763182,0.712742952460586,0.134097480697404,2.47304726944704e-12,FALSE
"cg18629132",0.846816017506828,0.702328113110532,-0.144487904396296,3.59730119324617e-11,0.769401763118426,0.622971855672534,-0.146429907445892,1.41862683323402e-08,TRUE
"cg27196999",0.714820433319917,0.596158498021478,-0.118661935298439,3.61335232257888e-11,0.567387738479175,0.446511773048773,-0.120875965430402,3.55908535368739e-10,TRUE
"cg03630037",0.72992863139037,0.599481133362798,-0.130447498027572,3.70597345048188e-11,0.685435750813563,0.570021294213467,-0.115414456600096,1.83695443194402e-06,TRUE
"cg03847796",0.791016323499429,0.669129281352911,-0.121887042146518,3.77287145268618e-11,0.712621198272051,0.846448881840989,0.133827683568938,2.93917280857728e-14,FALSE
"cg11646018",0.759168687431727,0.644926588195016,-0.114242099236711,3.82882526290128e-11,0.709601488004754,0.600811997298373,-0.108789490706381,1.71417456883293e-08,TRUE
"cg00395657",0.728935075158676,0.592274005568618,-0.136661069590058,3.89337810008509e-11,0.676431753704826,0.559398473391717,-0.117033280313109,6.08578268859738e-06,TRUE
"cg26734335",0.730947222428592,0.626870824269756,-0.104076398158836,3.90785576352865e-11,0.614390919342692,0.744038735628778,0.129647816286086,4.43121091181772e-14,FALSE
"cg13728287",0.529466390388984,0.429445843380007,-0.100020547008978,3.90893709200161e-11,0.55452346341489,0.381333579634509,-0.17318988378038,3.9386706516591e-19,TRUE
"cg04741211",0.376001940722264,0.530519854482019,0.154517913759755,3.95206795989277e-11,0.434155435259118,0.701487758441777,0.267332323182658,1.36279930947306e-27,TRUE
"cg18766795",0.634569669400289,0.528270201774963,-0.106299467625326,4.0018208925414e-11,0.522089403720695,0.402907541270582,-0.119181862450112,3.84968347408963e-14,TRUE
"cg03290602",0.676903163332752,0.539942902317101,-0.136960261015651,4.05640872973434e-11,0.632210984776907,0.470525269880642,-0.161685714896265,4.70671786819104e-12,TRUE
"cg03284879",0.622154796925377,0.500298255747685,-0.121856541177691,4.13665895489701e-11,0.386724822519179,0.545384932641025,0.158660110121847,1.42482771877871e-09,FALSE
"cg25238274",0.851665493957358,0.741146590036589,-0.110518903920768,4.14814513676056e-11,0.718252948802578,0.86291200894858,0.144659060146002,1.16687376175706e-14,FALSE
"cg05385805",0.713441676153507,0.596617267599481,-0.116824408554026,4.17786538700714e-11,0.671063702882626,0.512052282815171,-0.159011420067454,3.42191501294241e-13,TRUE
"cg04044188",0.697886908502409,0.562857138479463,-0.135029770022946,4.20011834157028e-11,0.62811204427989,0.512810004464933,-0.115302039814957,1.0096961835162e-07,TRUE
"cg05245416",0.65955569266201,0.53447509572343,-0.125080596938579,4.23405198179287e-11,0.567193962155191,0.448615501406506,-0.118578460748684,4.96685385096992e-10,TRUE
"cg06251590",0.674678853633717,0.568212632589943,-0.106466221043774,4.24533696562532e-11,0.546670422030318,0.441179643544003,-0.105490778486314,2.88333994974213e-09,TRUE
"cg25274263",0.812738570885276,0.712449796464014,-0.100288774421262,4.25895875066894e-11,0.66835623196697,0.508317004139288,-0.160039227827682,1.67159643773919e-13,TRUE
"cg03655049",0.883137507779016,0.780304089737331,-0.102833418041686,4.26352064211481e-11,0.79279612798873,0.660901574880093,-0.131894553108637,6.79431203493933e-09,TRUE
"cg06376598",0.276006634949823,0.155293153770162,-0.12071348117966,4.32598837231845e-11,0.17034790905412,0.331924064633504,0.161576155579383,2.7751577015466e-11,FALSE
"cg01195196",0.722602026634914,0.595417746510894,-0.12718428012402,4.42558803894369e-11,0.641532336137393,0.752826020210337,0.111293684072944,8.24084617292866e-09,FALSE
"cg11164506",0.619748713246846,0.497472053447392,-0.122276659799454,4.42558803894369e-11,0.544524287032973,0.423235764959559,-0.121288522073415,1.01176172877226e-10,TRUE
"cg13714540",0.729961588641744,0.589459374164502,-0.140502214477241,4.43180983175575e-11,0.595786843422544,0.425452336162264,-0.17033450726028,6.52916018357392e-12,TRUE
"cg12494373",0.615581472452547,0.739810842095155,0.124229369642608,4.44060088035157e-11,0.759596333928654,0.886803066053054,0.1272067321244,8.03893391348538e-19,TRUE
"cg19375492",0.56798099435446,0.465688043686126,-0.102292950668334,4.44081746722296e-11,0.501401378117587,0.384113288621319,-0.117288089496268,1.66286476508427e-10,TRUE
"cg10483660",0.50799226693453,0.392110373036793,-0.115881893897737,4.79696958661791e-11,0.528709750545948,0.651823615847296,0.123113865301348,1.45245528290773e-07,FALSE
"cg15497249",0.714393036434967,0.5963243224625,-0.118068713972467,4.82167464966128e-11,0.638816631199604,0.493285746047634,-0.14553088515197,1.72439935558743e-11,TRUE
"cg23877385",0.62280654780422,0.519419282021406,-0.103387265782814,4.85239626737143e-11,0.578938739101693,0.430601262197939,-0.148337476903754,4.89102613880482e-15,TRUE
"cg01900006",0.660766596328082,0.534240338341395,-0.126526257986687,4.89167700467112e-11,0.622713983310901,0.518171726650959,-0.104542256659942,1.32607312956834e-07,TRUE
"cg18837292",0.831994299999053,0.647550841314523,-0.18444345868453,4.90147471322387e-11,0.727018351449563,0.617411828575215,-0.109606522874348,0.0008306760188125,TRUE
"cg06042849",0.417088228600063,0.55126748533565,0.134179256735587,4.90429301196498e-11,0.422541361238255,0.620645151617055,0.198103790378801,4.20356484158662e-19,TRUE
"cg18628255",0.648876038462985,0.529046722836865,-0.119829315626121,4.90872479064592e-11,0.557978037104216,0.43855323598467,-0.119424801119545,4.14782880693183e-10,TRUE
"cg00594228",0.762476827016301,0.641830542951099,-0.120646284065203,4.99173829825691e-11,0.701858092993901,0.585316306526019,-0.116541786467882,1.2699444153507e-06,TRUE
"cg21838970",0.892563905791042,0.784575123957268,-0.107988781833774,5.01831736306979e-11,0.721828322644374,0.594422214865789,-0.127406107778585,1.59153050883791e-06,TRUE
"cg25690202",0.902975697957722,0.7779348500641,-0.125040847893622,5.04210405875984e-11,0.817378461335047,0.953741729250669,0.136363267915622,7.62093930256709e-16,FALSE
"cg08056755",0.911011329178975,0.803193411931906,-0.107817917247068,5.26531023607493e-11,0.835580019543088,0.720428540502147,-0.115151479040941,2.74775178344928e-06,TRUE
"cg23610154",0.77121258857189,0.64825736386905,-0.12295522470284,5.30535428056041e-11,0.569909621258672,0.462918192687768,-0.106991428570904,3.46952602327765e-07,TRUE
"cg23957285",0.622431877632636,0.479781320006015,-0.142650557626622,5.30892344545928e-11,0.442541621950557,0.290048122054916,-0.15249349989564,2.7533153615331e-11,TRUE
"cg08286791",0.653853149900701,0.521325578318702,-0.132527571581999,5.46677216488161e-11,0.529062853193721,0.68696943328327,0.157906580089549,1.17383481946137e-14,FALSE
"cg25070253",0.637026891025825,0.527704575590101,-0.109322315435725,5.60892684348751e-11,0.50477275360826,0.363884021987324,-0.140888731620935,2.0153250899863e-14,TRUE
"cg13488570",0.0712888372865022,0.204628896942199,0.133340059655697,5.62176676399457e-11,0.196010778739715,0.447001337258793,0.250990558519078,4.01512897927361e-17,TRUE
"cg18912530",0.640085416718241,0.520191307123368,-0.119894109594872,5.6361663749444e-11,0.504965307789609,0.401131466603361,-0.103833841186247,2.3711596153106e-08,TRUE
"cg25840378",0.872327813506553,0.749910141379039,-0.122417672127514,5.67407028493885e-11,0.73669748170022,0.55689354116388,-0.179803940536339,4.40569046110962e-17,TRUE
"cg01534253",0.661269522621177,0.546453733454523,-0.114815789166654,5.74237396310675e-11,0.501551508502802,0.370622292634528,-0.130929215868274,5.46418733800506e-14,TRUE
"cg13007207",0.77541890590608,0.630591595792196,-0.144827310113884,5.91358734557629e-11,0.627662475353603,0.430329609133643,-0.19733286621996,2.71403158727823e-16,TRUE
"cg25663823",0.795003281464661,0.669410674552467,-0.125592606912194,5.97757588042717e-11,0.552107301231136,0.449635579995543,-0.102471721235594,4.11643913527424e-05,TRUE
"cg10173620",0.57034485321968,0.458889955343924,-0.111454897875756,5.99623879197692e-11,0.587595271978088,0.412346983155211,-0.175248288822877,2.63781402699152e-17,TRUE
"cg25276521",0.672048285735133,0.568324799049666,-0.103723486685467,6.03857364940476e-11,0.600525947228911,0.493630885401174,-0.106895061827737,9.44204246172924e-10,TRUE
"cg27074221",0.595784721990568,0.455988495204917,-0.13979622678565,6.04390986041382e-11,0.530732786415079,0.394037019717559,-0.136695766697519,4.3509215351182e-09,TRUE
"cg13394491",0.501143396553461,0.381894567476377,-0.119248829077084,6.10041532771855e-11,0.49581246344573,0.342764249858515,-0.153048213587215,1.0072067890691e-10,TRUE
"cg04741516",0.7446933368312,0.584446191370521,-0.16024714546068,6.13730739109568e-11,0.61313853633048,0.459041556032357,-0.154096980298122,4.37392139107111e-08,TRUE
"cg19307500",0.840258712461331,0.72109468387761,-0.119164028583721,6.21477002585989e-11,0.650465353286925,0.51974911266291,-0.130716240624015,4.77839045371689e-11,TRUE
"cg18620300",0.678190434436878,0.55129986226092,-0.126890572175958,6.22156150140194e-11,0.732860235135292,0.537792300180166,-0.195067934955126,5.41004888207297e-14,TRUE
"cg06246646",0.698736060709813,0.579622396340461,-0.119113664369352,6.26063190683238e-11,0.673819534834643,0.540459779279019,-0.133359755555624,9.94005007501872e-10,TRUE
"cg05899507",0.726908773334946,0.624338757088134,-0.102570016246812,6.3294804911527e-11,0.709829208731641,0.5928657876762,-0.116963421055441,4.21632591324143e-11,TRUE
"cg06288900",0.500898941582598,0.391997903218926,-0.108901038363672,6.71227279048921e-11,0.494638351662398,0.370185073375499,-0.124453278286899,5.15064091737568e-10,TRUE
"cg15527308",0.623983643315747,0.521868354699074,-0.102115288616673,6.89834515138248e-11,0.557675885159734,0.454021809995311,-0.103654075164423,1.82725558808664e-09,TRUE
"cg26931307",0.715829994568581,0.587794654277375,-0.128035340291206,6.93402301623956e-11,0.67315627303818,0.552634303878174,-0.120521969160006,5.83500840742122e-08,TRUE
"cg06650659",0.530278343458082,0.421252976635828,-0.109025366822253,7.10815137322816e-11,0.372486181272927,0.266698033002607,-0.10578814827032,2.23529917840544e-09,TRUE
"cg09460345",0.630996515821514,0.514131263967411,-0.116865251854103,7.15693383102349e-11,0.565791230387852,0.448962991196193,-0.116828239191659,2.37355384298114e-08,TRUE
"cg07936456",0.698358874443559,0.579674747841258,-0.118684126602301,7.22649206403813e-11,0.64823769116486,0.54487235587597,-0.103365335288889,1.75502122438624e-07,TRUE
"cg14490025",0.778184405724809,0.661727943955419,-0.11645646176939,7.22649206403813e-11,0.673902168690806,0.52725328522634,-0.146648883464466,1.43426964957638e-10,TRUE
"cg07097417",0.572786395567988,0.437870534298583,-0.134915861269405,7.23896070366618e-11,0.439574327559906,0.586803632341964,0.147229304782058,3.30336450127145e-11,FALSE
"cg00579868",0.311724774322047,0.508685823243438,0.196961048921391,7.31092355378882e-11,0.680275252243131,0.798127969748407,0.117852717505277,1.4217217025215e-09,TRUE
"cg25714865",0.585293781838411,0.427704068021539,-0.157589713816872,7.38650817112552e-11,0.384278301834272,0.277984688847208,-0.106293612987064,1.0183319828268e-07,TRUE
"cg27624327",0.715089017859297,0.582038500035707,-0.13305051782359,7.39483251521744e-11,0.467055185529488,0.663906605696025,0.196851420166536,5.25988043108034e-14,FALSE
"cg24565747",0.690325797510104,0.589049537805724,-0.101276259704381,7.39965708662162e-11,0.671611519730438,0.774596995600266,0.102985475869828,6.2977482286817e-14,FALSE
"cg21653489",0.76693354797623,0.651778526371438,-0.115155021604793,7.41971316981334e-11,0.816021833722912,0.648670254092071,-0.16735157963084,4.14958633871977e-16,TRUE
"cg14125542",0.724817914099371,0.607276630809301,-0.11754128329007,7.5288665254653e-11,0.688119979605695,0.831764542172388,0.143644562566693,8.21746257693417e-19,FALSE
"cg11156702",0.560245358613227,0.439954741515716,-0.120290617097511,7.77148643629539e-11,0.56464806099516,0.417221887393773,-0.147426173601387,1.11328700381202e-14,TRUE
"cg16701167",0.716802301663761,0.591571968860966,-0.125230332802794,7.93206916244279e-11,0.612616437027793,0.465016615492666,-0.147599821535127,3.88697155517121e-14,TRUE
"cg12811284",0.43397714686069,0.314701479139771,-0.119275667720919,8.0001659394737e-11,0.430144003378184,0.282301083483604,-0.147842919894579,1.13008847385936e-12,TRUE
"cg10229594",0.475133732376245,0.356665967072659,-0.118467765303585,8.03837694347718e-11,0.162834063449054,0.294757563632162,0.131923500183108,5.43202087438983e-10,FALSE
"cg23861541",0.789875849968348,0.675095125703915,-0.114780724264433,8.32245622692579e-11,0.572748471966701,0.453617068688689,-0.119131403278012,1.84332749239917e-09,TRUE
"cg02077084",0.556666656116795,0.447814636343444,-0.108852019773351,8.37453956625216e-11,0.525257271141353,0.42236379204991,-0.102893479091443,3.27342983946715e-08,TRUE
"cg24977541",0.611444628980416,0.507491763764331,-0.103952865216085,8.43621440534237e-11,0.486032537766078,0.346943189188885,-0.139089348577194,4.44082839327086e-15,TRUE
"cg06741336",0.83257775901841,0.717261841931711,-0.115315917086699,8.58604544595379e-11,0.656602056257461,0.543642893667475,-0.112959162589986,4.35498295252649e-06,TRUE
"cg17400812",0.624297764315813,0.49195257096607,-0.132345193349743,8.63695039789337e-11,0.725562860650787,0.546136535904383,-0.179426324746404,3.56939183546037e-12,TRUE
"cg07810039",0.338325794819413,0.488935852391779,0.150610057572365,8.75524165913902e-11,0.325931297429933,0.536992889757682,0.211061592327749,1.55042196247573e-18,TRUE
"cg00838756",0.722629128277031,0.606748502502438,-0.115880625774593,8.82011379531945e-11,0.618165415842496,0.485082470806797,-0.1330829450357,2.26729007108272e-10,TRUE
"cg05920961",0.125260099373825,0.269349416675842,0.144089317302018,8.87319447982165e-11,0.224463024894215,0.341122384181259,0.116659359287044,0.000520722692589792,TRUE
"cg22846582",0.665480725777124,0.563602276516987,-0.101878449260137,8.96471098583329e-11,0.496438198474207,0.37979580435648,-0.116642394117727,3.91040313130441e-13,TRUE
"cg08196968",0.303033960097614,0.194539154520204,-0.108494805577409,8.99690399811029e-11,0.326038905973966,0.469303082064955,0.14326417609099,2.68300767230339e-06,FALSE
"cg08958618",0.737860088646745,0.630504282565638,-0.107355806081107,9.06703029733596e-11,0.670666703092965,0.812098222522242,0.141431519429277,2.84695973552455e-18,FALSE
"cg05200614",0.727648833993315,0.614329051550512,-0.113319782442803,9.16617837796644e-11,0.699805593077385,0.597626425090668,-0.102179167986716,3.96085571625421e-06,TRUE
"cg22446206",0.592435558223804,0.468965824835183,-0.123469733388622,9.27462961401431e-11,0.55357173585979,0.425755029234148,-0.127816706625643,2.54038185201677e-09,TRUE
"cg06783423",0.229687088540289,0.333594592503424,0.103907503963134,9.56188527490818e-11,0.345764178161767,0.483894079408438,0.138129901246671,1.28298193836333e-10,TRUE
"cg24243265",0.765669697220349,0.65947041877351,-0.106199278446839,9.60284745517548e-11,0.650438358122928,0.486812084195376,-0.163626273927553,1.07413617567549e-12,TRUE
"cg18500085",0.814457608220082,0.68148334213281,-0.132974266087272,9.60677019392321e-11,0.669681654401311,0.807449100013632,0.137767445612321,3.49843478787827e-09,FALSE
"cg10525432",0.780279921431035,0.656006906829272,-0.124273014601763,9.71103466480559e-11,0.559941075433547,0.419999778753241,-0.139941296680306,1.30475299147184e-10,TRUE
"cg16662846",0.614390339352186,0.484475008301088,-0.129915331051098,9.77595623068618e-11,0.55203378588503,0.688744294107207,0.136710508222177,7.59824901381428e-09,FALSE
"cg20904010",0.72829730700783,0.626937619805277,-0.101359687202554,9.80354993308956e-11,0.677637605701284,0.552013253463447,-0.125624352237837,3.77508885386687e-08,TRUE
"cg19335742",0.740296984777678,0.574690766437619,-0.165606218340058,9.8616909832656e-11,0.672418333945738,0.547720707988496,-0.124697625957242,1.57291894556126e-06,TRUE
"cg18398753",0.520269440854136,0.652409270481872,0.132139829627735,1.00374770806519e-10,0.690188999013274,0.79854108597701,0.108352086963735,2.51952330583997e-14,TRUE
"cg09014626",0.889635603348997,0.755025678937097,-0.1346099244119,1.02246130191826e-10,0.561296137406924,0.442400808411356,-0.118895328995568,0.000184672680377218,TRUE
"cg17024257",0.689460780427678,0.564551522639586,-0.124909257788092,1.03255144725741e-10,0.515029873059047,0.62301783111241,0.107987958053364,6.39202045240585e-06,FALSE
"cg05498948",0.79803103964281,0.69067932530106,-0.10735171434175,1.05347382727054e-10,0.624083369968549,0.501956736978329,-0.12212663299022,1.54726693591931e-10,TRUE
"cg25541621",0.521768249401098,0.393469334164305,-0.128298915236793,1.06840479428634e-10,0.303304333694961,0.20174116218019,-0.10156317151477,5.64992870908283e-14,TRUE
"cg07320941",0.705351184327145,0.585582846901856,-0.11976833742529,1.07538692482953e-10,0.646784558170681,0.542213949473485,-0.104570608697196,2.74340441383491e-08,TRUE
"cg04242655",0.747172800896434,0.630641587724952,-0.116531213171483,1.07859179554263e-10,0.538004396354742,0.421855434509546,-0.116148961845196,7.71681243512272e-08,TRUE
"cg19159964",0.768600746670344,0.661455368891738,-0.107145377778606,1.11443940686882e-10,0.635726310714554,0.454063562610044,-0.18166274810451,9.35077589487476e-19,TRUE
"cg05636131",0.548908368776492,0.397527577128183,-0.151380791648308,1.1204371536023e-10,0.304360750889564,0.412416953075846,0.108056202186282,0.000366266534768694,FALSE
"cg21080473",0.865622512174058,0.736744064068182,-0.128878448105876,1.12801198387991e-10,0.749735033056404,0.890906322178933,0.141171289122529,1.38770998614753e-12,FALSE
"cg16487621",0.755873215352331,0.631830990814379,-0.124042224537952,1.13526221382288e-10,0.688079892212995,0.577056098846571,-0.111023793366424,3.49480535711968e-07,TRUE
"cg08536961",0.763517773726919,0.639445364226129,-0.12407240950079,1.14192877235027e-10,0.671718148558448,0.513631250088371,-0.158086898470078,3.66764885934095e-10,TRUE
"cg00651400",0.267373895490886,0.160101010568482,-0.107272884922404,1.15796790686637e-10,0.141929310051364,0.337472376005799,0.195543065954435,8.68962126210183e-15,FALSE
"cg16513883",0.737559073241969,0.617125879142689,-0.12043319409928,1.16007848921439e-10,0.708794253600636,0.581815129982459,-0.126979123618177,5.42039443742092e-10,TRUE
"cg27169860",0.845707325714187,0.714422183784063,-0.131285141930124,1.18880656174961e-10,0.711917197540978,0.822220405421078,0.1103032078801,5.44186745330823e-06,FALSE
"cg18202928",0.684342510387234,0.539757902923296,-0.144584607463939,1.19346942363023e-10,0.719288535695407,0.525784345370111,-0.193504190325296,2.88050104440799e-12,TRUE
"cg06482188",0.485709444349494,0.372237414154994,-0.113472030194501,1.20955938014834e-10,0.35688738393634,0.458967871935048,0.102080487998708,2.36125401505997e-06,FALSE
"cg26559829",0.374824717188902,0.261581617598386,-0.113243099590515,1.22362330500098e-10,0.184841475037625,0.294909959095774,0.110068484058149,9.3452616669953e-06,FALSE
"cg13305336",0.820049478892549,0.711633953698742,-0.108415525193806,1.24779627099196e-10,0.573851432091903,0.684635383949524,0.110783951857621,3.65733625527207e-06,FALSE
"cg20608075",0.769829003725374,0.650884154015993,-0.118944849709381,1.27711711958151e-10,0.602003315823063,0.499786173595136,-0.102217142227927,8.13379136806886e-07,TRUE
"cg21568106",0.2693112512065,0.165329149672915,-0.103982101533585,1.28589290047016e-10,0.315585943629952,0.474271713628765,0.158685769998812,1.84326394068936e-08,FALSE
"cg27143703",0.643299243956452,0.539572842950118,-0.103726401006334,1.29137261340943e-10,0.624271072791791,0.725135014697068,0.100863941905277,1.72456166744867e-07,FALSE
"cg10082525",0.714235920186428,0.602888093800608,-0.111347826385819,1.29419747048124e-10,0.696940532788034,0.581372914156058,-0.115567618631976,1.41686754848987e-08,TRUE
"cg03153765",0.825832826611664,0.723754024853091,-0.102078801758572,1.29688554691286e-10,0.809715145554889,0.678255571364705,-0.131459574190184,2.99926907206233e-09,TRUE
"cg14023394",0.790492095455668,0.663698739352769,-0.1267933561029,1.33356811605385e-10,0.689332079489638,0.541474615247098,-0.147857464242541,4.9657954844316e-08,TRUE
"cg00025496",0.687831973134526,0.525327213534445,-0.16250475960008,1.34282028084096e-10,0.367873933799869,0.256411468668325,-0.111462465131544,3.67345542240865e-07,TRUE
"cg11134801",0.732535883346088,0.619444749849646,-0.113091133496442,1.35446537709329e-10,0.689163218422872,0.58066939621763,-0.108493822205242,8.46756697434205e-07,TRUE
"cg11085294",0.616796992677081,0.490150268562169,-0.126646724114912,1.39358605259292e-10,0.659789610657866,0.510921245575115,-0.148868365082751,7.21757734351211e-11,TRUE
"cg01965673",0.706876139439872,0.579367240503127,-0.127508898936745,1.41349811432151e-10,0.489545069511154,0.697226547815729,0.207681478304575,5.85852722694691e-16,FALSE
"cg27317439",0.278156734125965,0.176012670184657,-0.102144063941308,1.43035892507427e-10,0.182216632039459,0.296005527460534,0.113788895421075,0.000157232351504592,FALSE
"cg19794163",0.655273445318098,0.533379153286648,-0.12189429203145,1.44243998385888e-10,0.473963626869074,0.583488451481648,0.109524824612573,1.38718722068511e-05,FALSE
"cg14667853",0.664315067670967,0.546504357070845,-0.117810710600122,1.44371262358636e-10,0.696781018036662,0.582808382532066,-0.113972635504596,4.95368341008419e-08,TRUE
"cg25729466",0.652241669638422,0.53743550461206,-0.114806165026362,1.45046836285933e-10,0.563424352380056,0.462907667211121,-0.100516685168935,1.32407650493234e-08,TRUE
"cg23347654",0.728061629046029,0.617456425040554,-0.110605204005475,1.45336424533241e-10,0.569378740088158,0.440598513579673,-0.128780226508485,3.10350860636362e-10,TRUE
"cg00715811",0.619817190005075,0.507122683603384,-0.112694506401691,1.486388872732e-10,0.57361158930369,0.465944266796673,-0.107667322507017,3.22679555177745e-08,TRUE
"cg15320905",0.951139975034754,0.840608681576879,-0.110531293457875,1.5026619220272e-10,0.620217277189133,0.738675977389849,0.118458700200716,0.00038608843004932,FALSE
"cg02883666",0.680315621286487,0.570773412061155,-0.109542209225332,1.52215638649478e-10,0.65433022399079,0.538018587580238,-0.116311636410552,3.50982660683247e-08,TRUE
"cg23427666",0.801731172733695,0.69125305054448,-0.110478122189215,1.53113609793418e-10,0.62333947900211,0.729259152824124,0.105919673822015,1.71879385341099e-06,FALSE
"cg11304383",0.564207366130179,0.4588773652407,-0.105330000889479,1.53208338780939e-10,0.475716779611277,0.368688360421778,-0.107028419189499,1.93434607084012e-07,TRUE
"cg17938879",0.428647053282144,0.325440565340224,-0.10320648794192,1.53508884970305e-10,0.361576926274284,0.543260020277906,0.181683094003621,2.30481262801886e-18,FALSE
"cg19381811",0.320965958543026,0.437089165916779,0.116123207373753,1.58189055661577e-10,0.387588770472845,0.504850578082766,0.117261807609921,3.36739987817821e-07,TRUE
"cg06925855",0.529505960556843,0.397607067945356,-0.131898892611487,1.60882026116701e-10,0.405908131034021,0.538091891908027,0.132183760874006,4.3547822673373e-07,FALSE
"cg12738913",0.488485499700459,0.387170776772849,-0.10131472292761,1.61938056877455e-10,0.477409450741588,0.373206317235349,-0.104203133506239,4.10952208317629e-08,TRUE
"cg22466653",0.667210187798688,0.550951326614347,-0.116258861184341,1.63265075423388e-10,0.574816957978274,0.473346958404189,-0.101469999574084,1.77758518421155e-06,TRUE
"cg15921535",0.745143874822006,0.644415484214921,-0.100728390607085,1.6621488102254e-10,0.592691071894987,0.486303656033349,-0.106387415861637,6.95107755826162e-09,TRUE
"cg08574915",0.603034050277669,0.489599092293617,-0.113434957984051,1.66273037402911e-10,0.535271918304532,0.653318299398903,0.11804638109437,8.65532614284553e-08,FALSE
"cg16049391",0.24572898556208,0.144193963921217,-0.101535021640863,1.66675757191558e-10,0.234168164413991,0.426059235948637,0.191891071534647,2.62394793995244e-09,FALSE
"cg06263372",0.664964055133,0.546143568804659,-0.118820486328341,1.67103387212975e-10,0.542156412823764,0.436996514199522,-0.105159898624242,2.32270909345036e-07,TRUE
"cg26236972",0.276050823462675,0.411692285446658,0.135641461983983,1.67560219730635e-10,0.407107926140093,0.585720867091443,0.17861294095135,5.01220780114284e-17,TRUE
"cg22330924",0.757686976854074,0.624251276404267,-0.133435700449807,1.71938753898592e-10,0.628596864953963,0.766097347652287,0.137500482698324,6.45253935484746e-11,FALSE
"cg18447587",0.67657153947413,0.5559088100804,-0.120662729393729,1.74303484566427e-10,0.67493791934178,0.789529967536513,0.114592048194733,2.48942624455566e-11,FALSE
"cg07483086",0.60429085157273,0.493538566816809,-0.110752284755921,1.75278551787533e-10,0.57534501891885,0.43887499441784,-0.13647002450101,1.9016998960662e-11,TRUE
"cg09349604",0.33230706928566,0.476891197085316,0.144584127799656,1.76270377500036e-10,0.323621920194929,0.448770728385601,0.125148808190672,1.91628638500363e-06,TRUE
"cg26537274",0.745240188167645,0.631282789443053,-0.113957398724592,1.76385674954594e-10,0.626674006986699,0.525273105403848,-0.101400901582851,2.81167062161311e-07,TRUE
"cg15168497",0.81284799533301,0.669996081492954,-0.142851913840057,1.77185870262362e-10,0.55985518446879,0.432676018308927,-0.127179166159863,5.23565946779499e-09,TRUE
"cg12485926",0.71648163126291,0.589964223331882,-0.126517407931028,1.77904408990861e-10,0.649154683702948,0.491513306056048,-0.1576413776469,2.77774749950918e-11,TRUE
"cg20378070",0.527739673282717,0.385839634747031,-0.141900038535686,1.7812745222138e-10,0.431590371584629,0.31366181435182,-0.117928557232809,3.7974619215688e-07,TRUE
"cg19786648",0.686751145647504,0.563642570423814,-0.12310857522369,1.80640119518116e-10,0.548437683067032,0.396978561093539,-0.151459121973493,1.28184914408141e-14,TRUE
"cg09893947",0.767673343259216,0.660093628811651,-0.107579714447566,1.80868622338864e-10,0.595042648356865,0.69929749422568,0.104254845868815,2.33383333163315e-07,FALSE
"cg08155759",0.697913682967272,0.57808537424942,-0.119828308717852,1.82814302481967e-10,0.555482484128046,0.453776631143729,-0.101705852984317,2.15168113912924e-07,TRUE
"cg04088945",0.593680207578984,0.482759513557599,-0.110920694021385,1.83599042473515e-10,0.475112208921129,0.606817660050324,0.131705451129195,5.67326110612159e-12,FALSE
"cg26546884",0.698766742047987,0.578427745714416,-0.12033899633357,1.84099619304654e-10,0.592951966089314,0.736610546347097,0.143658580257782,7.23222191814075e-12,FALSE
"cg11990559",0.633421152621445,0.484189084920851,-0.149232067700595,1.85308857067428e-10,0.57529546036959,0.684298727195363,0.109003266825772,1.59395156444108e-05,FALSE
"cg08428188",0.683347317432442,0.553598873161813,-0.129748444270629,1.87361384337895e-10,0.529093982316375,0.655191464394725,0.12609748207835,8.55134806613135e-09,FALSE
"cg13998890",0.716743270149239,0.605503307904227,-0.111239962245012,1.87631672536721e-10,0.775297853919474,0.666254589199568,-0.109043264719906,7.43264821204551e-09,TRUE
"cg16332300",0.669959412811973,0.554983153163169,-0.114976259648805,1.89010109420592e-10,0.501347827984998,0.388734707489341,-0.112613120495657,4.07338525481571e-12,TRUE
"cg26706614",0.72095501845982,0.588169907920863,-0.132785110538956,1.89666300009795e-10,0.523100461312797,0.419929267122407,-0.10317119419039,8.56535191537875e-06,TRUE
"cg20299802",0.69778555318981,0.590455747291523,-0.107329805898286,1.89847351788272e-10,0.483949399512128,0.364241118000342,-0.119708281511786,3.2824109784724e-13,TRUE
"cg06174882",0.639712337597048,0.504531893250131,-0.135180444346917,1.93167579053274e-10,0.584697885817284,0.464575147756039,-0.120122738061245,8.41943197477307e-07,TRUE
"cg14255238",0.737292305627728,0.597509589533653,-0.139782716094075,1.98814111261687e-10,0.77198255804671,0.611651749032919,-0.160330809013791,1.89657336195456e-10,TRUE
"cg24420726",0.907415343557419,0.790783084490342,-0.116632259067077,2.05343249258189e-10,0.826577245307348,0.956439690256173,0.129862444948825,8.85459900669412e-16,FALSE
"cg11081272",0.796898160488537,0.682780969947794,-0.114117190540743,2.08571150032859e-10,0.765214367644181,0.866005300603467,0.100790932959286,1.42742395373384e-11,FALSE
"cg23211949",0.887952211390266,0.763369914144227,-0.124582297246039,2.09289881408829e-10,0.75022189857976,0.876047392277324,0.125825493697564,3.61270978244476e-07,FALSE
"cg04267765",0.658049617201235,0.76597870070493,0.107929083503696,2.0975825557191e-10,0.754242521929409,0.861899607345512,0.107657085416103,7.16713871525381e-13,TRUE
"cg20356637",0.592176267608273,0.464111518940375,-0.128064748667898,2.13652618137159e-10,0.561605739560691,0.671273432510606,0.109667692949915,2.03292498070095e-07,FALSE
"cg15593510",0.562578841223465,0.441076254664014,-0.121502586559451,2.14648553930701e-10,0.52751149013072,0.405632330440138,-0.121879159690582,1.69372916030061e-09,TRUE
"cg08271229",0.279568393607684,0.399787349265345,0.120218955657661,2.15592381854863e-10,0.367410170230836,0.514983297270843,0.147573127040007,2.23882917578972e-14,TRUE
"cg00989002",0.620466171194616,0.514388689275626,-0.10607748191899,2.20707841299217e-10,0.62696743748446,0.511555031658557,-0.115412405825903,1.49302354404871e-10,TRUE
"cg02478603",0.655541053854494,0.533282070701989,-0.122258983152505,2.2319449315486e-10,0.637530046674716,0.527919319640623,-0.109610727034093,5.15375507690712e-07,TRUE
"cg18099058",0.559596837391276,0.45517178840488,-0.104425048986396,2.25190261115425e-10,0.549885151866011,0.44937165588715,-0.100513495978861,3.19195531830445e-06,TRUE
"cg00374101",0.696818477800338,0.557485793374979,-0.139332684425358,2.25619530463574e-10,0.661479269912365,0.501271297909357,-0.160207972003008,2.89403507081035e-11,TRUE
"cg24250684",0.592079494496063,0.465216267179399,-0.126863227316664,2.27488022108165e-10,0.487704558207302,0.30887294943977,-0.178831608767532,3.80619620992981e-18,TRUE
"cg14910227",0.525950253367874,0.411998891802728,-0.113951361565147,2.28620885680779e-10,0.508841123527757,0.371133560917755,-0.137707562610002,3.18700016871274e-10,TRUE
"cg13907146",0.397454794078807,0.286887506766076,-0.110567287312731,2.31226734458055e-10,0.286285609470247,0.41241888581881,0.126133276348563,3.96283644481101e-09,FALSE
"cg17959416",0.701677672003158,0.594893627544263,-0.106784044458896,2.31226734458055e-10,0.619941847075664,0.499491804864836,-0.120450042210829,2.31241233026834e-09,TRUE
"cg21164813",0.79919302097971,0.694419058436018,-0.104773962543692,2.37117756842249e-10,0.741438621438985,0.610887227561393,-0.130551393877593,1.50948937466108e-11,TRUE
"cg25135411",0.770094475019942,0.651189851382003,-0.118904623637939,2.3819618944819e-10,0.654176020809424,0.519743912579517,-0.134432108229908,4.14281536091276e-08,TRUE
"cg02068832",0.732079642461635,0.601411986119364,-0.130667656342271,2.39939739848378e-10,0.633650083238727,0.526670886333169,-0.106979196905558,3.14453600227028e-05,TRUE
"cg06753050",0.789002274492458,0.668116377739666,-0.120885896752791,2.4558788414947e-10,0.752343246870679,0.644366600892049,-0.10797664597863,7.4713126253324e-07,TRUE
"cg26480092",0.675350986192238,0.551239820611805,-0.124111165580432,2.45805434561667e-10,0.616783139725695,0.473263471420601,-0.143519668305094,5.39268643269609e-09,TRUE
"cg13858106",0.634882479630571,0.527676679368568,-0.107205800262004,2.49144045593192e-10,0.652509880678001,0.761241929024651,0.10873204834665,1.7104330149993e-10,FALSE
"cg04299200",0.770939637331562,0.625271232004401,-0.145668405327162,2.51516516122646e-10,0.630719996984147,0.742244914719539,0.111524917735393,2.11153723434637e-06,FALSE
"cg05888872",0.359892563076711,0.245595606803492,-0.114296956273219,2.52114128846697e-10,0.174872148582959,0.292731862328244,0.117859713745285,7.18992179588778e-08,FALSE
"cg13149245",0.629351714319307,0.50696239171874,-0.122389322600566,2.52832904336796e-10,0.489959473477436,0.655424343670022,0.165464870192586,7.6786953946714e-12,FALSE
"cg08610968",0.696882930840456,0.592795373679492,-0.104087557160965,2.57183110432418e-10,0.627329968600945,0.74207588081139,0.114745912210445,3.90699973355895e-11,FALSE
"cg03290560",0.595304752889194,0.478513592926307,-0.116791159962886,2.58261829366777e-10,0.522700447003154,0.40870916429366,-0.113991282709494,8.89897613037114e-08,TRUE
"cg02288969",0.62250565536855,0.500498492090217,-0.122007163278333,2.58885543159572e-10,0.571259876029136,0.463339794135151,-0.107920081893985,1.46532955399962e-06,TRUE
"cg25580581",0.191030306118885,0.301002159143938,0.109971853025053,2.61653433608246e-10,0.287742070748867,0.519520778790048,0.23177870804118,1.72681001035225e-21,TRUE
"cg00762160",0.357729354683203,0.252895458102601,-0.104833896580602,2.61716294879206e-10,0.413760236104273,0.514962132655968,0.101201896551695,2.43027877864496e-05,FALSE
"cg05922911",0.670324910731226,0.553097904262878,-0.117227006468348,2.63459516346181e-10,0.590059083384891,0.481047059741105,-0.109012023643785,2.99487874599908e-08,TRUE
"cg09884423",0.622306414955458,0.465614424039572,-0.156691990915886,2.65301285111516e-10,0.690854574587306,0.393993209192711,-0.296861365394595,3.16669349301249e-26,TRUE
"cg24964130",0.742374310483083,0.63873003549657,-0.103644274986513,2.68533546183391e-10,0.543857959087816,0.437156795534799,-0.106701163553017,5.53669141922709e-09,TRUE
"cg04102854",0.736259885838968,0.616567160242577,-0.119692725596392,2.69035401951143e-10,0.588350308418809,0.715238390622824,0.126888082204015,1.1082894928144e-09,FALSE
"cg04094193",0.681990894096557,0.571627752142917,-0.11036314195364,2.77918334237204e-10,0.560779512628106,0.454834890655777,-0.105944621972329,6.55965961722049e-08,TRUE
"cg16207110",0.414176224814397,0.262707767920936,-0.151468456893461,2.78713702287573e-10,0.232394907380619,0.332744189065504,0.100349281684886,0.00391275738808188,FALSE
"cg15791108",0.495522335083237,0.387742452727164,-0.107779882356073,2.79365254667181e-10,0.431750931725356,0.30839885041987,-0.123352081305487,1.37492910995486e-11,TRUE
"cg27281882",0.536200770578782,0.425380237880203,-0.110820532698579,2.82796789826418e-10,0.438955182267473,0.309016317305111,-0.129938864962362,5.16397311993276e-13,TRUE
"cg19132462",0.566371393636149,0.452474478362687,-0.113896915273462,2.85678976299019e-10,0.353820891261517,0.472098696877654,0.118277805616138,6.73939594115154e-10,FALSE
"cg10767554",0.703887257455343,0.582751678245518,-0.121135579209825,2.87031353854271e-10,0.62356111650034,0.509462908725559,-0.114098207774781,2.29321510730486e-06,TRUE
"cg16711332",0.781311763256555,0.628560035211611,-0.152751728044944,2.90696642500073e-10,0.626743383084173,0.510860947451163,-0.115882435633009,2.313918970032e-05,TRUE
"cg27664085",0.463707423517108,0.316603774799127,-0.147103648717981,2.92456823784801e-10,0.30692765673875,0.183021985020399,-0.123905671718351,1.48173937319816e-10,TRUE
"cg14549841",0.647285984170916,0.538025346640949,-0.109260637529966,2.93655597615324e-10,0.625700432737917,0.510545417756787,-0.11515501498113,5.14649688541619e-08,TRUE
"cg18953078",0.746590183727333,0.631986182003564,-0.114604001723768,2.94223364322385e-10,0.745294590713611,0.889737348877769,0.144442758164158,5.69185597930915e-21,FALSE
"cg17249268",0.755071887058226,0.633773562859118,-0.121298324199108,2.97553153308645e-10,0.62711731364033,0.49353918664275,-0.13357812699758,4.89966923828197e-08,TRUE
"cg18747742",0.718137497364839,0.538653519268581,-0.179483978096258,3.00307149047085e-10,0.45334191183384,0.301334402290461,-0.15200750954338,5.09013211335734e-07,TRUE
"cg05152432",0.629218121713926,0.501842582596045,-0.127375539117881,3.04166107331215e-10,0.82981438840312,0.680802366344842,-0.149012022058278,1.80542890078075e-11,TRUE
"cg13661740",0.352445929835447,0.233944118136042,-0.118501811699405,3.08219930881696e-10,0.238005128447217,0.410884363070532,0.172879234623314,2.64634918814004e-08,FALSE
"cg19207486",0.685862109047421,0.580009806994276,-0.105852302053145,3.11319460811481e-10,0.601391470898514,0.476246405153747,-0.125145065744768,8.46774678296962e-12,TRUE
"cg14445389",0.548385255097967,0.444406299619233,-0.103978955478734,3.17419462618584e-10,0.512501666366711,0.406960162070431,-0.10554150429628,1.60805143912009e-06,TRUE
"cg12912022",0.555966151957613,0.439113904712938,-0.116852247244675,3.21764472002048e-10,0.473198646075439,0.36271167693549,-0.11048696913995,5.02176382568591e-09,TRUE
"cg11243283",0.616544838433394,0.490233930059019,-0.126310908374375,3.22350095965827e-10,0.552455395471336,0.445160726187155,-0.107294669284181,1.56223263673453e-06,TRUE
"cg24725931",0.78010359365921,0.670437352340999,-0.109666241318211,3.30429994346874e-10,0.698223071926192,0.595696324338339,-0.102526747587853,2.0667640479405e-06,TRUE
"cg16002929",0.68964159634309,0.550277276121887,-0.139364320221203,3.37612145898128e-10,0.591449855689653,0.490083230325243,-0.101366625364411,5.17962570357515e-07,TRUE
"cg18366249",0.729782295263623,0.609921662973796,-0.119860632289827,3.38017516719698e-10,0.700476562340567,0.802958739086442,0.102482176745875,1.92235396621872e-08,FALSE
"cg10702418",0.631454951342179,0.521193410484801,-0.110261540857378,3.55528425994387e-10,0.482768825816428,0.634625244923362,0.151856419106934,6.46035093638135e-15,FALSE
"cg18874394",0.851593001524177,0.738971482175295,-0.112621519348882,3.5632225049587e-10,0.75988166377728,0.892025849870464,0.132144186093183,1.00478091517606e-15,FALSE
"cg12130607",0.517498493495446,0.397141385121106,-0.120357108374341,3.70146160871605e-10,0.418428424138186,0.309659285491888,-0.108769138646297,7.69516358719608e-09,TRUE
"cg15552158",0.338808118098389,0.224766655141887,-0.114041462956502,3.7342938537081e-10,0.386029097422178,0.593435305325032,0.207406207902855,9.2819928365191e-12,FALSE
"cg18809706",0.787001230467277,0.68253440658366,-0.104466823883617,3.74118946028914e-10,0.572712153625864,0.422840742409464,-0.1498714112164,1.68963246007815e-13,TRUE
"cg03853743",0.820587826208234,0.702911004899817,-0.117676821308417,3.76971210410036e-10,0.650583204297635,0.75669027422673,0.106107069929095,1.89919617046442e-06,FALSE
"cg15849060",0.696993996365238,0.564633779336418,-0.13236021702882,3.94066741318024e-10,0.535897784618341,0.378084960063679,-0.157812824554662,8.2518336275249e-15,TRUE
"cg18205372",0.629827155015059,0.524120316846737,-0.105706838168322,3.95668694964061e-10,0.571546263081813,0.699486314449745,0.127940051367932,9.19705800904127e-12,FALSE
"cg14279528",0.678025570610391,0.572091473274239,-0.105934097336152,3.97493696892013e-10,0.658352560268474,0.556384118483735,-0.101968441784739,2.78295811346149e-07,TRUE
"cg22255702",0.718467630242154,0.615272779345372,-0.103194850896783,4.00852707180268e-10,0.614958065097651,0.492678972635505,-0.122279092462146,1.17109202673257e-08,TRUE
"cg20380768",0.579274114102069,0.469457991990388,-0.109816122111681,4.07681121573959e-10,0.520036236534499,0.406840701278628,-0.113195535255871,4.17346456318168e-12,TRUE
"cg22626866",0.654771529955769,0.551080441504545,-0.103691088451224,4.09463522566908e-10,0.56392145894049,0.441658216845959,-0.122263242094532,4.08080779033053e-11,TRUE
"cg26010218",0.735670360108265,0.565255327256246,-0.170415032852019,4.12686968350948e-10,0.41367534535164,0.295674602653181,-0.118000742698458,1.55806269006831e-05,TRUE
"cg05447343",0.635522710204883,0.53097722335497,-0.104545486849914,4.21101179361071e-10,0.507519720626682,0.391847143980959,-0.115672576645722,1.67653946867328e-12,TRUE
"cg13356455",0.826424437565006,0.714171525808445,-0.112252911756561,4.25964713634283e-10,0.576187795438441,0.451325227347007,-0.124862568091434,4.3665402132192e-08,TRUE
"cg13639866",0.8040484544506,0.685772333872973,-0.118276120577627,4.39204806615865e-10,0.741469306651667,0.57010768662097,-0.171361620030698,7.32740387355874e-12,TRUE
"cg14178255",0.767441295473708,0.653907674744729,-0.113533620728979,4.41845294166817e-10,0.694992159699723,0.584755163539251,-0.110236996160472,5.52707185129234e-06,TRUE
"cg08918985",0.715963349872719,0.589787089012663,-0.126176260860056,4.43660987562027e-10,0.713920354552753,0.829261241792655,0.115340887239903,6.15850922061413e-13,FALSE
"cg21437157",0.515034415107304,0.405328938309337,-0.109705476797967,4.54007128530935e-10,0.339831627043489,0.463328593921189,0.1234969668777,5.36281928317695e-09,FALSE
"cg15016701",0.249082841831398,0.357875114889072,0.108792273057674,4.64569086517724e-10,0.199882592648089,0.340695969897185,0.140813377249096,5.4079273136973e-14,TRUE
"cg06824394",0.266344714063256,0.398581534268803,0.132236820205548,4.7377581914314e-10,0.424530450662986,0.566193789022162,0.141663338359176,1.64453558646176e-10,TRUE
"cg08205865",0.730963278433911,0.618844886302952,-0.112118392130959,4.80605751442625e-10,0.60115489213935,0.496703279910939,-0.104451612228411,1.41162877098938e-08,TRUE
"cg24331475",0.548596533373918,0.446289773954228,-0.10230675941969,4.91656987757753e-10,0.428707004261891,0.326218136763538,-0.102488867498353,4.61697833021823e-10,TRUE
"cg08259514",0.374341952592292,0.267648192971238,-0.106693759621053,4.92465322835025e-10,0.254373730214792,0.372326473963998,0.117952743749206,2.60058552090451e-06,FALSE
"cg26982321",0.602336748266479,0.467008817920183,-0.135327930346296,4.95707078937667e-10,0.644219785554369,0.748771346796817,0.104551561242448,1.06068306352232e-06,FALSE
"cg05593589",0.636727277118037,0.504475249390721,-0.132252027727317,5.03865168496823e-10,0.643110305253768,0.440073752744894,-0.203036552508875,3.52236925651992e-18,TRUE
"cg23258173",0.600022298663482,0.481990337159084,-0.118031961504399,5.04080793323475e-10,0.58443581018575,0.475268396766703,-0.109167413419047,1.66349057095511e-06,TRUE
"cg12333618",0.894933754854339,0.773894299315427,-0.121039455538912,5.05117359849289e-10,0.558996239690025,0.762465036639247,0.203468796949222,5.78821730287577e-14,FALSE
"cg01052291",0.563006195559581,0.458038628287479,-0.104967567272102,5.13845720604629e-10,0.509087911362338,0.399871217468288,-0.10921669389405,3.76495674701212e-09,TRUE
"cg08489551",0.806055650936828,0.685243202060625,-0.120812448876203,5.32356141385618e-10,0.666826068825712,0.543246538858878,-0.123579529966833,1.73739793887124e-06,TRUE
"cg22542859",0.691006600970739,0.580879079219495,-0.110127521751244,5.52849250611754e-10,0.66226240398706,0.510019981676912,-0.152242422310149,6.54440080107645e-15,TRUE
"cg20529645",0.637035743755397,0.491449073286428,-0.145586670468969,5.55164447922465e-10,0.496882847005654,0.609581693285902,0.112698846280248,3.96272320558572e-05,FALSE
"cg09848749",0.728329686363918,0.610596972368525,-0.117732713995393,5.56582985611314e-10,0.734163347783615,0.609211239094106,-0.124952108689509,3.27683530771947e-08,TRUE
"cg02990507",0.845728742302955,0.742946653633287,-0.102782088669667,5.57284651208333e-10,0.795492930017496,0.678653640196384,-0.116839289821112,2.02438628509967e-06,TRUE
"cg21986027",0.6715565761184,0.518432966311007,-0.153123609807393,5.58471088011018e-10,0.661658819943821,0.790694397654159,0.129035577710338,2.77069552016044e-09,FALSE
"cg26799656",0.913323992130044,0.786193356618201,-0.127130635511843,5.60301594192747e-10,0.675075168888575,0.821484168984971,0.146409000096396,2.34029718500755e-06,FALSE
"cg09757581",0.793172831943019,0.692163390082499,-0.10100944186052,5.6774458276845e-10,0.54845622135252,0.416840496749332,-0.131615724603188,1.64080670334444e-10,TRUE
"cg08777992",0.726661545804466,0.622821923801995,-0.103839622002471,5.90643299122743e-10,0.579889575008101,0.681350696670469,0.101461121662368,2.2103023220409e-08,FALSE
"cg04303382",0.524403760821706,0.422804440285225,-0.101599320536481,6.1015881542537e-10,0.357399086943177,0.460186196831467,0.10278710988829,1.04759654488106e-06,FALSE
"cg11333375",0.840360963698791,0.712094336164784,-0.128266627534007,6.15971192231033e-10,0.629825731435562,0.785129396242283,0.155303664806721,2.00010022845105e-11,FALSE
"cg06058073",0.576204472662294,0.448790384936668,-0.127414087725626,6.202892057195e-10,0.556168040812855,0.428102878864723,-0.128065161948132,6.74633550900231e-08,TRUE
"cg16533146",0.736470619449877,0.628027277184906,-0.108443342264971,6.27823367753901e-10,0.575548110352491,0.424989493066029,-0.150558617286462,5.97233608676214e-14,TRUE
"cg06482220",0.727527230289546,0.604350579502615,-0.123176650786931,6.61617898124411e-10,0.683613486372674,0.55516967838332,-0.128443807989355,2.54603551240737e-08,TRUE
"cg17447514",0.732858486845881,0.607424618946166,-0.125433867899715,6.63357521160186e-10,0.83603925794036,0.665330700968435,-0.170708556971924,1.33102459937291e-16,TRUE
"cg21275920",0.637341652125287,0.528316099350515,-0.109025552774772,6.75186149040796e-10,0.571711228915899,0.433906233950959,-0.13780499496494,9.96201483759725e-12,TRUE
"cg00613945",0.846044435842442,0.733338339186271,-0.112706096656171,6.89571571278504e-10,0.690492237002103,0.541834811340282,-0.148657425661821,2.66113327629457e-10,TRUE
"cg02561912",0.285551610070754,0.411738755892553,0.126187145821799,7.01428994382898e-10,0.465751501019493,0.643193124492148,0.177441623472655,5.15206031521341e-15,TRUE
"cg21182196",0.549764423492753,0.429881364117726,-0.119883059375027,7.06307976243694e-10,0.441348836403237,0.335903932929609,-0.105444903473628,9.2220752375712e-07,TRUE
"cg06100240",0.570910339529554,0.467457414713817,-0.103452924815738,7.09146209912881e-10,0.52503657953773,0.423694040724504,-0.101342538813226,7.81001429284919e-08,TRUE
"cg20340866",0.40196283197935,0.279444617671362,-0.122518214307988,7.11507967036292e-10,0.357974577393998,0.508363268743402,0.150388691349404,1.31480971639613e-06,FALSE
"cg14093127",0.749102375777538,0.621206490432952,-0.127895885344586,7.22952545778471e-10,0.634384724312875,0.739354311686763,0.104969587373888,7.60846264219637e-07,FALSE
"cg05341539",0.455733498161491,0.576355428841925,0.120621930680434,7.2530345107218e-10,0.544123678445433,0.648720556905185,0.104596878459752,1.89922466704537e-07,TRUE
"cg04262465",0.53132159569835,0.425960823950249,-0.105360771748101,7.2828334846632e-10,0.507447453111379,0.394664999164306,-0.112782453947074,3.01561443297884e-09,TRUE
"cg15047223",0.788928434561861,0.684368508908842,-0.10455992565302,7.32352158760328e-10,0.617682641925779,0.493322069331635,-0.124360572594144,5.1047713141345e-09,TRUE
"cg23401796",0.872900895929375,0.713451468824979,-0.159449427104396,7.35624926118018e-10,0.600870044571249,0.705434290674379,0.10456424610313,0.00210763667769626,FALSE
"cg02894139",0.715399022230401,0.610411475935835,-0.104987546294566,7.3610514291113e-10,0.526969975800419,0.423030141340129,-0.103939834460291,1.10664499194333e-07,TRUE
"cg16587725",0.714555367641975,0.576409056820089,-0.138146310821886,7.40019818077516e-10,0.57300626100049,0.461447953486013,-0.111558307514477,1.07050395702578e-05,TRUE
"cg22340811",0.679559586126335,0.573595964729852,-0.105963621396483,7.60167583276574e-10,0.544525372120326,0.419773910035796,-0.12475146208453,1.54998365887958e-10,TRUE
"cg13844922",0.698714926499394,0.579015258202885,-0.11969966829651,7.63091136395841e-10,0.616099571277202,0.479283460194633,-0.136816111082569,6.61428726375431e-12,TRUE
"cg05137103",0.697332389573352,0.590206325260038,-0.107126064313314,7.97831025507293e-10,0.625903639444952,0.515728904750368,-0.110174734694584,3.19015992347367e-09,TRUE
"cg23281327",0.629878590968316,0.523938656888502,-0.105939934079814,7.98921510120663e-10,0.669174134754746,0.77780847854693,0.108634343792184,5.453571661241e-10,FALSE
"cg20993403",0.521036041087472,0.418657779153052,-0.102378261934421,8.03185088018613e-10,0.475263615699066,0.615508708089757,0.140245092390692,7.87344847256994e-14,FALSE
"cg18147606",0.884416976418513,0.772195046803951,-0.112221929614562,8.2437577303229e-10,0.666857967600118,0.558652150549695,-0.108205817050422,0.00075075963935213,TRUE
"cg05617551",0.716479656984524,0.603524177935753,-0.11295547904877,8.24636491308856e-10,0.59741051436679,0.701884725621557,0.104474211254767,1.01180690297676e-08,FALSE
"cg08323777",0.756253987011388,0.615507931027195,-0.140746055984193,8.24765996473911e-10,0.603806278254887,0.706598526899439,0.102792248644552,7.88755625369775e-05,FALSE
"cg05198244",0.640580388087879,0.539069522035962,-0.101510866051917,8.27507000167046e-10,0.593112312760665,0.480706070237792,-0.112406242522873,6.57242312465383e-09,TRUE
"cg13067649",0.67069800085579,0.570663899950087,-0.100034100905702,8.41995886730891e-10,0.655555692633473,0.53157076275185,-0.123984929881623,1.61322430733745e-08,TRUE
"cg14354292",0.758589837016509,0.654986042176532,-0.103603794839977,8.42746632380195e-10,0.639484610826645,0.538499370244802,-0.100985240581843,9.30322075818438e-06,TRUE
"cg16598600",0.49062424950424,0.374694517065135,-0.115929732439105,8.44675443502096e-10,0.482248733775182,0.635209198982116,0.152960465206935,6.34455252415889e-10,FALSE
"cg02777191",0.789363577273105,0.684330991094158,-0.105032586178946,8.47519502647764e-10,0.688610223978863,0.564440188885653,-0.124170035093209,7.52799082508746e-08,TRUE
"cg14312323",0.725914421426852,0.613441559789275,-0.112472861637577,8.4851994390936e-10,0.594070149922113,0.493455286081195,-0.100614863840918,6.91447616396467e-05,TRUE
"cg14403741",0.798005599379185,0.688996603504815,-0.10900899587437,8.54237801555358e-10,0.587158062266209,0.432656577048922,-0.154501485217287,4.07650363787022e-12,TRUE
"cg03553278",0.296347063269547,0.40465236880642,0.108305305536873,8.69307012968351e-10,0.431623436408224,0.568333888117668,0.136710451709444,2.63733021450253e-13,TRUE
"cg15690598",0.59657879045611,0.459188104290286,-0.137390686165824,8.86472525570703e-10,0.505253868763938,0.685472916679529,0.18021904791559,3.47044513969005e-13,FALSE
"cg20168849",0.613214626146501,0.725398477842013,0.112183851695512,9.09104923825447e-10,0.586175290619609,0.837850313036701,0.251675022417092,2.25393658008293e-33,TRUE
"cg25449283",0.459135496007497,0.358755136000183,-0.100380360007314,9.13846741103235e-10,0.369879025778702,0.262890352017629,-0.106988673761073,1.41548578478385e-11,TRUE
"cg03129645",0.601987986911078,0.493112570235516,-0.108875416675562,9.19089731369692e-10,0.575993788397411,0.468606454846918,-0.107387333550493,1.38968791329742e-07,TRUE
"cg12072740",0.655150464354823,0.528774341104464,-0.126376123250359,9.21478563325411e-10,0.493948107388138,0.361053983465368,-0.13289412392277,2.3090479722796e-11,TRUE
"cg18935516",0.729531777857105,0.620188466937251,-0.109343310919854,9.22436380183348e-10,0.600316858137407,0.716555778409133,0.116238920271726,5.87374502766184e-10,FALSE
"cg08443845",0.400051174170713,0.568621975546106,0.168570801375393,9.43447494736445e-10,0.457841751104622,0.642719651180368,0.184877900075746,5.36223089908413e-11,TRUE
"cg11354603",0.676753190220195,0.518592405930151,-0.158160784290044,9.51544511751238e-10,0.562529420330968,0.45495628691432,-0.107573133416648,0.000450434044778386,TRUE
"cg13680362",0.730010648395986,0.597322812976127,-0.132687835419859,9.52835628190186e-10,0.682973215660364,0.570699840941049,-0.112273374719314,3.5356909407711e-06,TRUE
"cg24519867",0.677764606914601,0.558298676614818,-0.119465930299783,9.57474284462689e-10,0.608058644386866,0.507193301394522,-0.100865342992344,6.23704073553803e-07,TRUE
"cg17678039",0.361060089296857,0.469175357596603,0.108115268299746,9.68143557588432e-10,0.473018244123893,0.605987688538429,0.132969444414536,3.28621109245425e-14,TRUE
"cg16802855",0.6786798685806,0.568424628008746,-0.110255240571853,9.88954627994572e-10,0.632824559904684,0.752348291621402,0.119523731716719,2.80780747234957e-11,FALSE
"cg24941457",0.872638850029686,0.758032345871809,-0.114606504157878,9.95602723867072e-10,0.516192666146855,0.401382812086301,-0.114809854060554,0.00013492476050488,TRUE
"cg08154066",0.698145178337904,0.571489482741902,-0.126655695596001,9.95659404341117e-10,0.64350420208593,0.807293172632676,0.163788970546746,7.98773063706747e-16,FALSE
"cg22558291",0.314930929420551,0.45590699756582,0.140976068145269,1.01129861598738e-09,0.376305750912933,0.528487313887249,0.152181562974316,4.14743238294133e-08,TRUE
"cg00073010",0.180496662367678,0.316501685180492,0.136005022812814,1.0133893059053e-09,0.170693888757515,0.403749560273746,0.233055671516231,5.95495330604384e-20,TRUE
"cg13994599",0.721139199277282,0.618742975098805,-0.102396224178477,1.0183158816659e-09,0.636937800753188,0.514892434226677,-0.122045366526511,4.72007230941616e-11,TRUE
"cg06486582",0.687128564064425,0.566092937835183,-0.121035626229242,1.02297809384536e-09,0.679239451027391,0.571589391302633,-0.107650059724757,1.09687353446086e-05,TRUE
"cg00562107",0.623683363692588,0.513689513314021,-0.109993850378567,1.04431947520213e-09,0.606175937133432,0.49048877857843,-0.115687158555002,1.96637015786392e-07,TRUE
"cg07613752",0.372814062562345,0.259732779960335,-0.113081282602011,1.05651523365487e-09,0.418314399997179,0.559327577650994,0.141013177653816,9.72939067054292e-06,FALSE
"cg01996116",0.530777778936464,0.405926191500421,-0.124851587436044,1.06614638719333e-09,0.576621084154017,0.694967854835863,0.118346770681846,2.46290335973102e-06,FALSE
"cg06219125",0.760038161650475,0.656389259848594,-0.103648901801882,1.0878887280102e-09,0.581342754323614,0.447751616665575,-0.133591137658039,2.29116104774101e-10,TRUE
"cg19616851",0.595130407639864,0.487774779810481,-0.107355627829383,1.09588711340043e-09,0.501444602074152,0.381607661995334,-0.119836940078818,2.8936113985105e-10,TRUE
"cg10495227",0.742992945135756,0.633450169498381,-0.109542775637375,1.15816520439216e-09,0.72527028227295,0.610326019048264,-0.114944263224686,1.22433282412032e-09,TRUE
"cg03178489",0.693140178399154,0.578872630144141,-0.114267548255013,1.18740046389106e-09,0.625903945233409,0.522376823921799,-0.103527121311609,6.88272543694729e-06,TRUE
"cg14288066",0.609281482337485,0.501167174554745,-0.10811430778274,1.18763694665005e-09,0.531608101181947,0.403912351326173,-0.127695749855774,1.0383023113635e-10,TRUE
"cg24949579",0.542091107346033,0.44039227016043,-0.101698837185603,1.21195298440062e-09,0.510777346517228,0.410395639602565,-0.100381706914663,2.21666746838762e-07,TRUE
"cg19225602",0.38907074470627,0.499256446811311,0.110185702105041,1.24101284862127e-09,0.502265321995736,0.637082302426532,0.134816980430796,1.3779136520443e-13,TRUE
"cg13822849",0.50408292242758,0.400694272209083,-0.103388650218497,1.24407155046388e-09,0.381802056175992,0.490042298111849,0.108240241935856,1.25244976355299e-08,FALSE
"cg04543510",0.649872841947969,0.544195000963604,-0.105677840984365,1.24647730714815e-09,0.495601502835392,0.394521033568584,-0.101080469266808,1.29667031007945e-08,TRUE
"cg03851965",0.816872345038662,0.685777713461815,-0.131094631576847,1.28118968820315e-09,0.716840709698031,0.53973522963598,-0.177105480062051,7.00837367630556e-09,TRUE
"cg02858512",0.258370897775488,0.379540140815028,0.12116924303954,1.28222793688146e-09,0.314590376042744,0.480874545143539,0.166284169100795,4.17737833435636e-14,TRUE
"cg18502477",0.688689151070614,0.575957790313943,-0.112731360756671,1.29237771605095e-09,0.638908891047289,0.538466962721849,-0.10044192832544,6.63820318845426e-06,TRUE
"cg14985891",0.555581061946078,0.433558635749783,-0.122022426196296,1.29332301212618e-09,0.475558059976502,0.62067475569098,0.145116695714478,1.42032697603261e-07,FALSE
"cg15508280",0.728321301926527,0.618346822098758,-0.109974479827769,1.30484488924283e-09,0.717453602692983,0.581933877000332,-0.135519725692652,4.21098207682004e-12,TRUE
"cg09285543",0.572910569259265,0.45580069677085,-0.117109872488416,1.34667849066402e-09,0.618131474286979,0.510356105951675,-0.107775368335304,6.4223699395537e-06,TRUE
"cg04075546",0.632665979631667,0.515043146229933,-0.117622833401735,1.38651360142888e-09,0.599631659522073,0.495063328229546,-0.104568331292527,1.61281825868169e-06,TRUE
"cg13804738",0.6317011263085,0.523031788479469,-0.108669337829031,1.40579952112888e-09,0.588326995611886,0.48682589756847,-0.101501098043415,5.46300034737841e-08,TRUE
"cg27056270",0.869423619739741,0.763558414523146,-0.105865205216595,1.41531900286036e-09,0.770170325994785,0.584693236405303,-0.185477089589482,4.40306982722746e-16,TRUE
"cg00042263",0.611591528286972,0.511278429999461,-0.100313098287511,1.44134349267071e-09,0.54028143673093,0.439562813909668,-0.100718622821263,4.49091449636777e-08,TRUE
"cg00508855",0.829588094848623,0.711383153360946,-0.118204941487677,1.45017117466236e-09,0.747707754095263,0.863582547559319,0.115874793464056,2.48483103549361e-11,FALSE
"cg20183519",0.664954118073727,0.557266171300515,-0.107687946773212,1.48807179342781e-09,0.516226961485821,0.404213632958182,-0.112013328527639,6.12981510978401e-08,TRUE
"cg11585670",0.577591880964896,0.461992087139988,-0.115599793824908,1.50512567241556e-09,0.550968306150947,0.407606620934069,-0.143361685216878,3.24710088410007e-11,TRUE
"cg13645049",0.765952392554825,0.645954392241437,-0.119998000313388,1.51114995251923e-09,0.682214530692241,0.565374775360522,-0.116839755331719,8.93047929242865e-07,TRUE
"cg10079327",0.672752560572555,0.543055759459894,-0.129696801112661,1.51228569405097e-09,0.605057182856345,0.492149467523542,-0.112907715332803,1.88374488043246e-05,TRUE
"cg14621254",0.631563166268899,0.505133833586821,-0.126429332682078,1.53771868699779e-09,0.463440967112402,0.355589659879234,-0.107851307233168,1.74027745120127e-09,TRUE
"cg18660345",0.280625424075847,0.387172132024932,0.106546707949085,1.58515900154641e-09,0.323875428752375,0.451265377575526,0.127389948823151,1.31072450846558e-08,TRUE
"cg15175266",0.562944599042859,0.44009496822058,-0.122849630822278,1.58995499149941e-09,0.550656994403488,0.406932767823961,-0.143724226579526,3.22722037698937e-09,TRUE
"cg26963367",0.533001750235759,0.41418586834598,-0.118815881889779,1.59009876380545e-09,0.417949364509681,0.301856618287815,-0.116092746221866,8.56272626306832e-10,TRUE
"cg20269160",0.707657483343036,0.600051800462236,-0.1076056828808,1.6022053581637e-09,0.689707117415942,0.572700211873194,-0.117006905542748,3.04412822907697e-08,TRUE
"cg07095230",0.392307301152474,0.280559153000503,-0.111748148151971,1.6116726597475e-09,0.330491849355311,0.608591354403793,0.278099505048482,1.98269345627833e-20,FALSE
"cg26749518",0.575828386193961,0.420021280037807,-0.155807106156154,1.62625305746376e-09,0.301655168920516,0.18845816437396,-0.113197004546556,7.1035614288717e-08,TRUE
"cg17082640",0.731123124503882,0.628550497415599,-0.102572627088283,1.72718082185356e-09,0.636206140373608,0.509821820971782,-0.126384319401827,1.81438281163777e-10,TRUE
"cg22867719",0.496870099714191,0.599050330181458,0.102180230467267,1.72845630610179e-09,0.522636778531017,0.667840381361569,0.145203602830552,4.90822380468383e-15,TRUE
"cg14521552",0.786171700901564,0.680440077838524,-0.105731623063041,1.72877525700054e-09,0.720762824713965,0.60611776633706,-0.114645058376905,1.59685067816624e-08,TRUE
"cg10254167",0.709912473302388,0.584851049067384,-0.125061424235005,1.75893041053627e-09,0.652749605350011,0.541524537965098,-0.111225067384913,3.25326209220593e-06,TRUE
"cg11445797",0.703450067224911,0.546189604330046,-0.157260462894865,1.81481102615739e-09,0.425267832278118,0.275717856377772,-0.149549975900346,4.4874915122036e-12,TRUE
"cg05754905",0.577674345522345,0.470635464255371,-0.107038881266973,1.85593748472216e-09,0.586958594783738,0.425604650894304,-0.161353943889434,7.9868411173165e-15,TRUE
"cg10408284",0.561032764205043,0.441378071024563,-0.11965469318048,1.86536754300546e-09,0.484788073536572,0.587730248181572,0.102942174645001,0.000186017776582285,FALSE
"cg02887623",0.783710018580739,0.683177414646089,-0.100532603934649,1.8671490124531e-09,0.747915172481793,0.647343138431692,-0.1005720340501,7.91937316785921e-07,TRUE
"cg18978606",0.6995334118794,0.579474529311805,-0.120058882567595,1.87786445838362e-09,0.469143834147514,0.363985046583923,-0.105158787563592,3.92386975016629e-09,TRUE
"cg07263979",0.810871471684587,0.644233570819651,-0.166637900864936,1.88318690049005e-09,0.516668972834809,0.402530347817728,-0.114138625017081,0.011704579515571,TRUE
"cg24505892",0.452712025282495,0.331084335308523,-0.121627689973971,1.89162129391516e-09,0.311275493689025,0.420059166785073,0.108783673096049,0.000792907332212023,FALSE
"cg09355008",0.678982910601407,0.563233196403294,-0.115749714198113,1.90069498401692e-09,0.657972545093763,0.815422923313732,0.157450378219969,3.64095248792842e-18,FALSE
"cg08069383",0.467828093967117,0.361709197982049,-0.106118895985068,1.91556788698895e-09,0.35655017777977,0.460089423518342,0.103539245738572,0.000200903672097154,FALSE
"cg14469389",0.720947652155715,0.607547233953437,-0.113400418202279,1.91613226497279e-09,0.693202839761645,0.803751408932599,0.110548569170954,9.38177441483391e-09,FALSE
"cg16047053",0.730805909799218,0.628209599810346,-0.102596309988872,1.91927513496005e-09,0.645766695482814,0.528350837754651,-0.117415857728163,7.75310539881276e-09,TRUE
"cg03271520",0.639681823053221,0.527312633646055,-0.112369189407165,1.94931481752557e-09,0.623727179979393,0.478128071386081,-0.145599108593313,5.1452117097253e-11,TRUE
"cg14223966",0.527864158905585,0.424178282846003,-0.103685876059582,1.95744137605004e-09,0.435755015075489,0.321767570904524,-0.113987444170965,2.849698460749e-09,TRUE
"cg05218696",0.658344077363083,0.524905383927743,-0.13343869343534,1.99392177477194e-09,0.651953787543721,0.49401418810029,-0.157939599443431,5.31533658458652e-10,TRUE
"cg14029489",0.303243827032229,0.190758760115006,-0.112485066917222,2.01379395362463e-09,0.241789786994113,0.453404682900555,0.211614895906441,1.26819081599309e-10,FALSE
"cg15061682",0.731675342519237,0.628780297489824,-0.102895045029414,2.04401730732427e-09,0.693695001823106,0.80492370307724,0.111228701254134,6.63232037485304e-12,FALSE
"cg27095388",0.630360422789245,0.523442658231527,-0.106917764557718,2.07622905250829e-09,0.532831979636728,0.418694395236557,-0.114137584400171,7.96768385928189e-10,TRUE
"cg01866770",0.735548310931908,0.622035040743443,-0.113513270188465,2.08707533585306e-09,0.657853675114499,0.764738470942923,0.106884795828424,2.08536788126223e-08,FALSE
"cg06466547",0.828898333211782,0.725968084611421,-0.102930248600361,2.09778987431953e-09,0.713414370951724,0.608868936964373,-0.104545433987351,9.14055988201688e-07,TRUE
"cg04994795",0.537376731876053,0.436674437814871,-0.100702294061182,2.14584196003122e-09,0.558259915355491,0.691804563543506,0.133544648188015,3.05422491706757e-10,FALSE
"cg26939283",0.563864672286994,0.452636130398698,-0.111228541888295,2.21906847709035e-09,0.658463147532591,0.781296933442092,0.1228337859095,4.87548851023183e-13,FALSE
"cg15700197",0.628778086857603,0.498803856776514,-0.129974230081089,2.23534972751284e-09,0.507506977544108,0.376878439848354,-0.130628537695753,1.97258803333844e-10,TRUE
"cg08041245",0.744132514829991,0.633316860234454,-0.110815654595536,2.25498580768322e-09,0.553056471584731,0.415702915875791,-0.13735355570894,2.0381926288991e-09,TRUE
"cg12081389",0.691432662241734,0.566390052632283,-0.125042609609451,2.31940601925865e-09,0.627511110074064,0.516214224877965,-0.111296885196099,3.56610301511556e-06,TRUE
"cg07545858",0.731088042510808,0.613584575252857,-0.117503467257952,2.43728919336493e-09,0.606984711976645,0.712578797169643,0.105594085192999,9.96733133560387e-08,FALSE
"cg04745064",0.522745069674036,0.40905679802768,-0.113688271646356,2.44363227364883e-09,0.471222589917269,0.341121583367436,-0.130101006549833,2.56981783645722e-10,TRUE
"cg02055988",0.622284304580595,0.516860315998048,-0.105423988582548,2.48210880355797e-09,0.540642549636165,0.407020968714015,-0.13362158092215,2.52052705019235e-09,TRUE
"cg00851394",0.686512602989893,0.562397043100298,-0.124115559889595,2.50336921429482e-09,0.488218560503069,0.385654578313854,-0.102563982189215,1.34679599762436e-07,TRUE
"cg24599329",0.627698472409146,0.513944634979057,-0.113753837430089,2.50608007387684e-09,0.535291314049542,0.653138533399735,0.117847219350193,4.60815063791316e-08,FALSE
"cg04999352",0.256224147533505,0.381361499541524,0.125137352008019,2.52761647264709e-09,0.365068705465189,0.533150248253933,0.168081542788744,4.24567277111451e-12,TRUE
"cg05360806",0.771829766229885,0.663835464298681,-0.107994301931204,2.54663153727074e-09,0.686303447783462,0.568302931323026,-0.118000516460436,5.56937341738171e-08,TRUE
"cg26874282",0.590341547023546,0.475950843407225,-0.114390703616322,2.58462995087385e-09,0.481160563425167,0.614082337919186,0.132921774494019,1.4282841821674e-10,FALSE
"cg10534479",0.572318064862901,0.462719281727101,-0.1095987831358,2.6478612999183e-09,0.627130688510042,0.74699670856414,0.119866020054098,9.09429104364245e-10,FALSE
"cg24300607",0.62487699544522,0.513745311571139,-0.111131683874082,2.70434102850128e-09,0.534788381352175,0.638743055512373,0.103954674160198,3.13097072361468e-07,FALSE
"cg22147748",0.786435254098147,0.670521126631723,-0.115914127466424,2.73748389736527e-09,0.612457692472842,0.762707993800872,0.15025030132803,3.77788584750199e-12,FALSE
"cg01423643",0.677314044068931,0.565351130502215,-0.111962913566716,2.76857778183223e-09,0.690162736224123,0.526009811611354,-0.164152924612769,3.2449573860259e-13,TRUE
"cg11362013",0.659678472621224,0.519856925278255,-0.139821547342969,2.76971604964781e-09,0.606804148245385,0.492762149952976,-0.11404199829241,7.84920983436594e-05,TRUE
"cg02019528",0.679778427206862,0.576101500217212,-0.10367692698965,2.79261149149855e-09,0.660820997863681,0.554200565378057,-0.106620432485624,5.34506544020887e-07,TRUE
"cg01816768",0.800379760753208,0.698255429403672,-0.102124331349536,2.80124698169256e-09,0.657891843432801,0.54995595075312,-0.107935892679681,2.34035189882925e-06,TRUE
"cg05249271",0.78335510911438,0.67614799804455,-0.10720711106983,2.88505972065101e-09,0.759855858617287,0.652089267035517,-0.107766591581769,5.12399725677465e-08,TRUE
"cg14845020",0.654196523779669,0.545049206151453,-0.109147317628216,2.91786281588543e-09,0.476905151271551,0.368082653284237,-0.108822497987314,1.58005534067196e-09,TRUE
"cg26522894",0.502172050541283,0.396980915369789,-0.105191135171494,2.95407801488092e-09,0.37938759139084,0.27251597163807,-0.106871619752771,1.96676734689617e-11,TRUE
"cg20109058",0.829310279414131,0.724715734820216,-0.104594544593915,3.01240053348186e-09,0.750959146646206,0.646310711563011,-0.104648435083195,3.76220421608293e-06,TRUE
"cg03257575",0.396694265683749,0.277013640404105,-0.119680625279644,3.07696053690631e-09,0.191660148711314,0.329969847332352,0.138309698621038,6.69251577697784e-07,FALSE
"cg19836199",0.364954537495372,0.513709929435691,0.148755391940319,3.09254378640817e-09,0.405445595865719,0.575993062616689,0.17054746675097,2.81079004688877e-11,TRUE
"cg16124975",0.227539300946362,0.353639550245073,0.126100249298711,3.1468086271109e-09,0.425533036523486,0.642137582476794,0.216604545953308,6.10678753365138e-21,TRUE
"cg26010756",0.791443786444968,0.681805038655888,-0.109638747789081,3.16004499329195e-09,0.718026694164484,0.842040321861881,0.124013627697397,1.69975062239171e-13,FALSE
"cg13261536",0.80129912034146,0.640121131839981,-0.161177988501479,3.19818876232534e-09,0.5503284906458,0.405178637758386,-0.145149852887414,2.64751789433136e-07,TRUE
"cg17735631",0.780649663057826,0.661595523456188,-0.119054139601637,3.19928508687495e-09,0.59318596821449,0.485508195361378,-0.107677772853112,3.20787704079421e-08,TRUE
"cg17485454",0.237326163909597,0.123188760987635,-0.114137402921962,3.20495178564839e-09,0.148878951987741,0.285464301618331,0.13658534963059,3.14038060271222e-08,FALSE
"cg10973622",0.585834511836334,0.453524123089508,-0.132310388746825,3.2352272797018e-09,0.452634261326651,0.343925099315753,-0.108709162010899,2.54491732031531e-07,TRUE
"cg19913582",0.535395596981993,0.431780073167799,-0.103615523814194,3.24534739296784e-09,0.589949844466346,0.718055919181239,0.128106074714893,4.49863491040901e-13,FALSE
"cg09623623",0.744236803237438,0.631498830165891,-0.112737973071546,3.24820101491975e-09,0.689926962694959,0.824584443731397,0.134657481036438,3.45486267554823e-14,FALSE
"cg17265994",0.473591124757098,0.36039752033273,-0.113193604424369,3.25601306963415e-09,0.304206302884977,0.419574795154763,0.115368492269786,2.84189756966585e-08,FALSE
"cg16680167",0.508773978395429,0.405708422378954,-0.103065556016475,3.25601306963415e-09,0.430178690649953,0.327771244397405,-0.102407446252548,5.25050350482057e-12,TRUE
"cg10572274",0.546750270059318,0.396726676960083,-0.150023593099236,3.29534073922539e-09,0.63813521465907,0.328655067112565,-0.309480147546505,4.8106913125617e-27,TRUE
"cg22304522",0.519803731297471,0.391044514192953,-0.128759217104518,3.48941204107729e-09,0.553356540114617,0.718531541500484,0.165175001385866,2.02160259161972e-10,FALSE
"cg08287791",0.690359245066264,0.564452500884309,-0.125906744181955,3.68259029002792e-09,0.598377055229615,0.469894912560875,-0.12848214266874,3.05844101826624e-09,TRUE
"cg13697968",0.638419127778663,0.532991197567942,-0.105427930210722,3.69396276242446e-09,0.569202893246476,0.461026705620624,-0.108176187625852,4.86467159925212e-08,TRUE
"cg13337731",0.53711890604771,0.395464096983966,-0.141654809063744,3.71520626150894e-09,0.267652977195685,0.397000195879505,0.12934721868382,9.60192348411773e-05,FALSE
"cg21974580",0.684373546720077,0.567885342130852,-0.116488204589225,3.75255843056006e-09,0.506641282641443,0.373156424583692,-0.133484858057751,2.99926907206233e-09,TRUE
"cg16709904",0.625357856594238,0.508828642200674,-0.116529214393565,3.84969381623058e-09,0.549451237944211,0.700157692271255,0.150706454327043,3.00810738585848e-12,FALSE
"cg20413202",0.548300169576941,0.422861797361761,-0.12543837221518,3.93574241467029e-09,0.43153844061134,0.587482565943095,0.155944125331755,1.23706356017704e-09,FALSE
"cg19807257",0.401084495046893,0.288109621208941,-0.112974873837953,3.94571680348738e-09,0.201088115522448,0.33315751881716,0.132069403294711,3.95454675564472e-06,FALSE
"cg07474842",0.25893165449084,0.394826350957407,0.135894696466567,4.03538799396226e-09,0.346783959397173,0.565423189311296,0.218639229914123,3.2823541988625e-15,TRUE
"cg06417624",0.747823980142983,0.646286981133093,-0.10153699900989,4.06475549078974e-09,0.703383282358721,0.576309527433465,-0.127073754925256,1.96451893608364e-09,TRUE
"cg04382643",0.632502158947695,0.502969018041378,-0.129533140906317,4.08180099223537e-09,0.629027093820024,0.758120677886044,0.12909358406602,1.42132271447482e-10,FALSE
"cg16749243",0.728360822888911,0.618337342131266,-0.110023480757645,4.08943511656853e-09,0.706878290065651,0.599609580540336,-0.107268709525315,7.22496355268023e-09,TRUE
"cg25361663",0.784672077536753,0.676363452603869,-0.108308624932885,4.09308772694092e-09,0.719217644743214,0.582030512145041,-0.137187132598173,5.01970502694906e-11,TRUE
"cg14412187",0.725113872989896,0.607402922890179,-0.117710950099717,4.12652682731366e-09,0.623343949616071,0.733722109090151,0.11037815947408,8.69651275926039e-10,FALSE
"cg20856834",0.662486432838068,0.543764113449341,-0.118722319388728,4.14473191434777e-09,0.548507107694315,0.44425706455628,-0.104250043138036,2.02726694894644e-07,TRUE
"cg08402365",0.537670554234252,0.666141218492213,0.128470664257961,4.15073162867888e-09,0.57201938144361,0.73232774601376,0.16030836457015,8.46562915934507e-10,TRUE
"cg04855678",0.893969189651905,0.787529474044318,-0.106439715607586,4.1560588438186e-09,0.603877339420659,0.771279207561856,0.167401868141197,5.75701162936087e-09,FALSE
"cg25744579",0.714808361981484,0.605651246052951,-0.109157115928533,4.16893192315642e-09,0.644575490090081,0.544338843169641,-0.10023664692044,3.34837125563218e-06,TRUE
"cg23210296",0.724929422583302,0.609442056433957,-0.115487366149345,4.18094181646494e-09,0.637853556939328,0.502004332042566,-0.135849224896762,8.79562742998861e-11,TRUE
"cg07920365",0.747543391665596,0.638032158423968,-0.109511233241628,4.19206333865429e-09,0.552272773121142,0.425142124611074,-0.127130648510068,1.98265816411756e-10,TRUE
"cg04561804",0.684084809438138,0.558392834617626,-0.125691974820511,4.20007713364672e-09,0.434400159245388,0.315953845217195,-0.118446314028194,8.44144915527413e-10,TRUE
"cg14318197",0.483195918155291,0.379056851957545,-0.104139066197746,4.20024512112244e-09,0.43924602565878,0.548061306396238,0.108815280737458,2.67548966569969e-06,FALSE
"cg18653350",0.302724634999347,0.189956304688867,-0.112768330310481,4.23078699276386e-09,0.272828643350273,0.397815822937374,0.124987179587101,9.0963419684437e-05,FALSE
"cg16973098",0.461837858284545,0.353601043295524,-0.108236814989021,4.28331192754461e-09,0.331477464164681,0.18816464944331,-0.143312814721371,4.09815514148943e-11,TRUE
"cg16010911",0.617956242876744,0.51605441074149,-0.101901832135254,4.3269076441529e-09,0.566236076305336,0.457983921929504,-0.108252154375831,7.0983860555317e-07,TRUE
"cg13380622",0.730620275301885,0.605705127171842,-0.124915148130042,4.48543084403567e-09,0.636755557150006,0.531504821917133,-0.105250735232873,1.1201175533002e-05,TRUE
"cg06817490",0.387993589676357,0.268664328287521,-0.119329261388836,4.50185083020439e-09,0.120985673856266,0.298251150101232,0.177265476244966,8.42667976040013e-12,FALSE
"cg00446536",0.779745759938898,0.673801637412358,-0.10594412252654,4.55934153667835e-09,0.633692763224167,0.532075992454066,-0.101616770770101,9.31872659641175e-07,TRUE
"cg01193954",0.810745217206191,0.708206388376462,-0.102538828829729,4.60735963758654e-09,0.771750201469866,0.642962329369583,-0.128787872100282,2.49863790426401e-08,TRUE
"cg17842821",0.504573017553727,0.344620705721155,-0.159952311832572,4.72470441508455e-09,0.401667339134846,0.538613879646193,0.136946540511347,0.000161655923270522,FALSE
"cg23346001",0.755706304208573,0.652875275543026,-0.102831028665547,4.78101800549884e-09,0.799054437979938,0.678973316796391,-0.120081121183547,7.60112305010562e-10,TRUE
"cg25067242",0.572116094563994,0.465752347608302,-0.106363746955692,4.78610429792045e-09,0.393806128369025,0.563330888746573,0.169524760377549,6.48466076545201e-15,FALSE
"cg21783672",0.796378988791227,0.690960566104948,-0.105418422686279,4.82857420096872e-09,0.644057668183012,0.52007438285878,-0.123983285324232,2.23137929485872e-07,TRUE
"cg24194279",0.616842004541854,0.49621153490667,-0.120630469635184,5.12120329487341e-09,0.551720561695002,0.382530593878404,-0.169189967816598,7.15564389049777e-15,TRUE
"cg23484899",0.648903800990594,0.542342275522863,-0.10656152546773,5.12257196572233e-09,0.56443534448788,0.674769533196152,0.110334188708271,4.41919499333936e-09,FALSE
"cg05888643",0.719255325217745,0.59578494676107,-0.123470378456675,5.17621376777356e-09,0.592883895453992,0.479456324541294,-0.113427570912698,1.51751911885962e-06,TRUE
"cg00064296",0.685505727617949,0.556963749484478,-0.12854197813347,5.21035427283144e-09,0.662177911037823,0.541112093875938,-0.121065817161885,2.45378275824449e-07,TRUE
"cg20067612",0.632579447261122,0.53122297495907,-0.101356472302053,5.2666431915559e-09,0.627034262723013,0.511013434906146,-0.116020827816868,2.00508269207076e-09,TRUE
"cg09812790",0.724839207773217,0.604418696583754,-0.120420511189463,5.33101497630908e-09,0.729780704386721,0.612001176793833,-0.117779527592888,2.83978260820469e-05,TRUE
"cg17939444",0.561426827926333,0.449036142930642,-0.11239068499569,5.33812353713141e-09,0.496739962170884,0.374060442619509,-0.122679519551376,4.0455196980351e-09,TRUE
"cg00519063",0.600735709370611,0.494791967351208,-0.105943742019403,5.47876467117661e-09,0.505167373091643,0.383397593376418,-0.121769779715225,9.88544925345512e-10,TRUE
"cg23485564",0.716735604745237,0.606835959287558,-0.109899645457679,5.52954701639438e-09,0.662339590087223,0.556872942527897,-0.105466647559326,5.97452824549372e-08,TRUE
"cg17108439",0.633899531748657,0.526085896991658,-0.107813634756999,5.57214928515194e-09,0.580243727917081,0.472701772234374,-0.107541955682708,4.01171684535993e-07,TRUE
"cg19945931",0.374604919191556,0.264171627561229,-0.110433291630327,5.59461313436849e-09,0.321344972183705,0.218840929760232,-0.102504042423473,1.22082638296138e-06,TRUE
"cg24606662",0.797975066117252,0.693796395608798,-0.104178670508454,5.73414150385411e-09,0.659421861482756,0.512456999048611,-0.146964862434145,4.30252647349672e-10,TRUE
"cg18957070",0.764053568739982,0.65967421134158,-0.104379357398402,5.75053634744112e-09,0.623696791182023,0.490709444191908,-0.132987346990115,8.23990767701045e-14,TRUE
"cg10538275",0.681979622999414,0.577469639259225,-0.104509983740189,5.80264388015138e-09,0.607607855086657,0.483273798291467,-0.12433405679519,1.03110650222186e-09,TRUE
"cg13237068",0.51721053857747,0.409195196525818,-0.108015342051653,5.92669219897492e-09,0.507302923683974,0.347802216205189,-0.159500707478785,4.56533763319259e-14,TRUE
"cg25712015",0.503760072221274,0.375496342569318,-0.128263729651955,5.9505652004459e-09,0.395121283718751,0.285905347449494,-0.109215936269257,6.55177969890339e-05,TRUE
"cg18238570",0.854712062942795,0.740445011529952,-0.114267051412843,5.98223645858591e-09,0.735137243485013,0.609142511038315,-0.125994732446697,4.86592372260733e-07,TRUE
"cg10663897",0.711436572525761,0.607599238209323,-0.103837334316438,6.02332708244995e-09,0.531853712497105,0.41247910054514,-0.119374611951965,3.43770117445545e-10,TRUE
"cg10233463",0.688038002363226,0.578270193777417,-0.109767808585809,6.1170306093617e-09,0.632921152185714,0.530513873908029,-0.102407278277685,1.16129890521753e-05,TRUE
"cg05968369",0.849730295676646,0.749431772218382,-0.100298523458265,6.27908326244778e-09,0.668044475667536,0.792024943823532,0.123980468155995,1.79758409972893e-09,FALSE
"cg14353278",0.702585345322055,0.586438382107212,-0.116146963214843,6.39706365698208e-09,0.616331722441417,0.463981210446431,-0.152350511994985,2.4808276609126e-11,TRUE
"cg04274236",0.725031884085306,0.612410705348599,-0.112621178736707,6.43833047009243e-09,0.658995003992997,0.544248940333946,-0.114746063659052,1.49182748431334e-06,TRUE
"cg25731211",0.584228113235661,0.419235212820431,-0.16499290041523,6.49778566089976e-09,0.473129279602377,0.306284597669733,-0.166844681932645,1.2468797687075e-08,TRUE
"cg17807777",0.592436363124032,0.47739621689725,-0.115040146226783,6.64294100576396e-09,0.624974155091414,0.491871709565684,-0.13310244552573,9.18451607053864e-08,TRUE
"cg07737644",0.569992779825027,0.467503869242503,-0.102488910582524,6.85792298527656e-09,0.607030404989169,0.445318273304308,-0.161712131684861,3.50575448163388e-18,TRUE
"cg08892613",0.728435291045673,0.568420458208013,-0.16001483283766,6.88310179875069e-09,0.535756858265109,0.421284100781554,-0.114472757483555,6.14956060038808e-05,TRUE
"cg01626681",0.302508618682659,0.201301197242973,-0.101207421439686,6.8845757360336e-09,0.198567315892734,0.349990150459166,0.151422834566432,5.29037185512244e-11,FALSE
"cg05875421",0.475752428896425,0.592458915184257,0.116706486287832,6.89185003066e-09,0.389422759819786,0.597301228307763,0.207878468487977,1.7434834707091e-18,TRUE
"cg13567744",0.585152855691786,0.46409853277915,-0.121054322912636,6.89232197153585e-09,0.463250141639737,0.35684758620637,-0.106402555433367,1.73330604294949e-08,TRUE
"cg23908943",0.724346326177738,0.623103681144936,-0.101242645032802,6.9932404507194e-09,0.652024603629877,0.547361269865107,-0.10466333376477,6.22610646968136e-07,TRUE
"cg08844913",0.627961216376593,0.508996034493864,-0.118965181882729,7.19089989037958e-09,0.57897106292178,0.427175563512913,-0.151795499408867,1.37718678942306e-11,TRUE
"cg09568647",0.381429672895425,0.52946501598227,0.148035343086844,7.20128067947532e-09,0.412957670255061,0.628046831806855,0.215089161551795,6.32926502490982e-16,TRUE
"cg14850784",0.628917793086693,0.515011308820784,-0.113906484265908,7.33850386277945e-09,0.585079488772055,0.458527265744116,-0.126552223027938,1.94896396746752e-09,TRUE
"cg27235340",0.740994823769944,0.631550255456138,-0.109444568313806,7.44331951472922e-09,0.697088443143442,0.540757037159168,-0.156331405984274,2.20989412789079e-12,TRUE
"cg08900316",0.670853678394924,0.557098663970155,-0.113755014424769,7.50303390442066e-09,0.466613467895766,0.582427900809791,0.115814432914026,9.71200267636107e-09,FALSE
"cg14578894",0.354903851439649,0.238747414177277,-0.116156437262372,7.52828997716704e-09,0.344709425216621,0.486391294124294,0.141681868907673,2.09921813709037e-07,FALSE
"cg16703008",0.759406832109829,0.628946517722146,-0.130460314387684,7.57864198335216e-09,0.569193587575909,0.390792518660403,-0.178401068915506,1.50935385961435e-11,TRUE
"cg11906829",0.649050063868724,0.524973986980556,-0.124076076888167,7.70736863007728e-09,0.658310423162985,0.549574110859058,-0.108736312303927,1.76960695770876e-05,TRUE
"cg10689409",0.785255880242668,0.677180518028838,-0.10807536221383,7.81042863028222e-09,0.662226064553868,0.54420395599571,-0.118022108558158,6.17063843529388e-07,TRUE
"cg23692193",0.812979085658755,0.71260230956633,-0.100376776092425,7.83212253385277e-09,0.73278835148085,0.618815345386367,-0.113973006094483,2.47128181783255e-07,TRUE
"cg08089449",0.650714732297334,0.538642365056587,-0.112072367240747,7.91847957943697e-09,0.625895413893889,0.484124775947941,-0.141770637945948,7.90192656046296e-11,TRUE
"cg21085679",0.735855665521558,0.635087206576412,-0.100768458945146,7.93085884608522e-09,0.60277516740746,0.496663668903221,-0.106111498504239,8.02705382010779e-07,TRUE
"cg01741971",0.757012449893281,0.652822526869404,-0.104189923023877,8.09608123804325e-09,0.661478963796471,0.804967650900797,0.143488687104325,7.54379664941189e-17,FALSE
"cg04828158",0.818705526771751,0.715662318279762,-0.103043208491989,8.22358414166543e-09,0.755971830954063,0.620190531522592,-0.13578129943147,3.2050276272558e-07,TRUE
"cg24119607",0.391157521097425,0.516260702845332,0.125103181747907,8.24155401118339e-09,0.243929816996762,0.381233636294683,0.13730381929792,3.5167245151386e-13,TRUE
"cg15209921",0.783359164956983,0.657499618933293,-0.12585954602369,8.5038858447635e-09,0.750500464363845,0.624010057778237,-0.126490406585608,2.46146453030066e-07,TRUE
"cg16325174",0.706131036424201,0.59285247848403,-0.113278557940171,8.58815804745709e-09,0.495778929356472,0.380689839271158,-0.115089090085314,1.36513555851603e-09,TRUE
"cg01311802",0.696216922826039,0.586317806861555,-0.109899115964484,9.41182360021392e-09,0.674596715838273,0.553896929814176,-0.120699786024097,7.06333469436038e-09,TRUE
"cg25197194",0.740108531357133,0.64004910271257,-0.100059428644562,9.53205146072729e-09,0.578030646819331,0.729057393575183,0.151026746755852,8.5837336318929e-15,FALSE
"cg22946147",0.586985956286465,0.477530325262365,-0.109455631024101,9.98537335584965e-09,0.549125681931728,0.442368801907283,-0.106756880024445,2.11153723434637e-06,TRUE
"cg09941363",0.390108028748304,0.502569214840046,0.112461186091742,1.00903881430968e-08,0.322620647477781,0.4591344577571,0.136513810279319,4.73283089522055e-12,TRUE
"cg21148923",0.617599776763901,0.48293344028209,-0.134666336481811,1.01747200885829e-08,0.456264524081657,0.342015194332415,-0.114249329749242,1.06510992162857e-06,TRUE
"cg08371532",0.82324165583436,0.720018536360897,-0.103223119473464,1.03790407073982e-08,0.605831251337858,0.500743048987561,-0.105088202350297,9.9379765134095e-07,TRUE
"cg26899005",0.605077012670439,0.461940250852884,-0.143136761817555,1.04814482751085e-08,0.504491102396266,0.389157188060809,-0.115333914335457,5.0045512320197e-06,TRUE
"cg07351322",0.625208367471997,0.52072065054175,-0.104487716930247,1.05580829764616e-08,0.685736353567492,0.811271868939864,0.125535515372372,2.23439241010288e-14,FALSE
"cg05682319",0.672956540774515,0.546755546880622,-0.126200993893894,1.09777458876178e-08,0.502829832897851,0.669067455229669,0.166237622331818,1.39908471081232e-11,FALSE
"cg11751344",0.471515349334011,0.367620948373829,-0.103894400960182,1.10487907343675e-08,0.447192101408809,0.336855003945931,-0.110337097462877,8.1446381961559e-09,TRUE
"cg12512013",0.661488040623236,0.54072867041314,-0.120759370210097,1.10626573539849e-08,0.530390901129526,0.426644554295196,-0.103746346834331,3.30309001982167e-06,TRUE
"cg15025103",0.380560980119807,0.275915529676845,-0.104645450442962,1.10824765512078e-08,0.443632208989155,0.580883933306463,0.137251724317308,5.66006403707327e-08,FALSE
"cg14192401",0.302078319508891,0.197648197989713,-0.104430121519178,1.12365836531742e-08,0.183326042728663,0.350315401468713,0.16698935874005,7.43759285754792e-11,FALSE
"cg21536074",0.642276254086983,0.504904945215511,-0.137371308871472,1.12428258886109e-08,0.649080155238845,0.477457424069179,-0.171622731169665,4.89523254051433e-11,TRUE
"cg06643227",0.842028109240922,0.730553607114644,-0.111474502126278,1.14823370898224e-08,0.554332862501435,0.381547421436521,-0.172785441064914,8.35965733622662e-15,TRUE
"cg01088410",0.366968825418496,0.241917892133327,-0.125050933285169,1.15173499084419e-08,0.258635854676068,0.397416398025584,0.138780543349516,4.70986230827859e-05,FALSE
"cg10400174",0.754513384853203,0.626076324911964,-0.128437059941239,1.15938283483307e-08,0.6768145400875,0.544015957437614,-0.132798582649886,2.73108580407533e-06,TRUE
"cg04270489",0.300441701646997,0.422323440769827,0.12188173912283,1.16780215614071e-08,0.299516028655519,0.455413353980877,0.155897325325358,3.49458064038342e-13,TRUE
"cg08907436",0.752390729231107,0.649865410114654,-0.102525319116453,1.18679106825448e-08,0.574343878365054,0.468745488045884,-0.10559839031917,9.80750769125729e-07,TRUE
"cg05678498",0.768850676735512,0.660896288694301,-0.107954388041211,1.21765006806013e-08,0.710051375318076,0.59152625877813,-0.118525116539946,1.3245828724506e-07,TRUE
"cg15043113",0.627969314601971,0.498488657671842,-0.129480656930129,1.29135960304657e-08,0.59702842160763,0.483193678940913,-0.113834742666717,1.29859396754152e-06,TRUE
"cg15922045",0.715227929005659,0.606303070860516,-0.108924858145143,1.29388650452239e-08,0.547688976329806,0.437900776199059,-0.109788200130748,4.5389397862856e-06,TRUE
"cg07268332",0.683050396893812,0.573842843371317,-0.109207553522495,1.30703645348274e-08,0.466828345677737,0.616245219760035,0.149416874082298,1.76194986948561e-13,FALSE
"cg20477160",0.690612664204526,0.564540184524807,-0.126072479679719,1.32606769114436e-08,0.603531576151225,0.470294793716568,-0.133236782434656,4.37358998139291e-08,TRUE
"cg25340711",0.68334798992889,0.538113765889892,-0.145234224038998,1.33424996143948e-08,0.710746362977675,0.596841275121962,-0.113905087855713,7.75892318864529e-05,TRUE
"cg22732636",0.760982909727373,0.628074563355294,-0.132908346372078,1.34580069413992e-08,0.569843129827406,0.454708719003956,-0.11513441082345,0.000142319231146901,TRUE
"cg27633287",0.721325587188973,0.594778745365246,-0.126546841823727,1.39043847762671e-08,0.624575197124588,0.46297903291715,-0.161596164207438,2.47563688244089e-08,TRUE
"cg12430457",0.8460529569081,0.735619506813745,-0.110433450094355,1.41901030541225e-08,0.6012855353007,0.424987199612921,-0.176298335687778,6.77861260740981e-11,TRUE
"cg05769505",0.674314704149925,0.560506373655363,-0.113808330494562,1.4196453344375e-08,0.753143790394702,0.5231669069867,-0.229976883408002,1.36105360109177e-22,TRUE
"cg00582583",0.808849127510162,0.706603575318157,-0.102245552192005,1.46130626730902e-08,0.646371352624605,0.746563732631582,0.100192380006977,3.74554039213209e-08,FALSE
"cg05941376",0.524857241895391,0.647827107022279,0.122969865126888,1.46143801296351e-08,0.553883232312393,0.714031644332405,0.160148412020012,2.82287390491158e-15,TRUE
"cg09662496",0.549442370890532,0.413113558529823,-0.136328812360709,1.46472089155728e-08,0.432279403022782,0.330790888110269,-0.101488514912513,2.8135992236661e-05,TRUE
"cg06167221",0.855927938941066,0.747121338359613,-0.108806600581453,1.4657570550742e-08,0.660550875858781,0.785546416612924,0.124995540754143,3.62299450921704e-06,FALSE
"cg06122230",0.766583234880048,0.652328703785899,-0.114254531094149,1.52802044690666e-08,0.760431876117763,0.868394387860611,0.107962511742848,2.23561482419166e-14,FALSE
"cg26205859",0.602266174645423,0.707245256618002,0.104979081972579,1.54537930233173e-08,0.698616050251229,0.812163838642989,0.11354778839176,3.39205655198105e-12,TRUE
"cg09213165",0.789929135968127,0.682924196166883,-0.107004939801244,1.54756082932384e-08,0.776095773729078,0.638680010131077,-0.137415763598001,1.41175587721115e-10,TRUE
"cg17678139",0.819053956731459,0.716373147485082,-0.102680809246377,1.57890308839591e-08,0.605413732340447,0.487058047560217,-0.11835568478023,2.14436834907466e-08,TRUE
"cg14454127",0.694012089475641,0.586231850733417,-0.107780238742223,1.5834572862205e-08,0.603692338094843,0.725983021536175,0.122290683441331,7.25101933484266e-08,FALSE
"cg06973595",0.251684072449672,0.149616533763413,-0.102067538686259,1.58645482769184e-08,0.180557115500832,0.458479871098532,0.2779227555977,1.81344137373354e-20,FALSE
"cg02784144",0.495069339711432,0.604563304258088,0.109493964546656,1.59002493146202e-08,0.667769325762991,0.813573011390888,0.145803685627897,8.67252382646964e-19,TRUE
"cg00647859",0.697614908088643,0.588624166266806,-0.108990741821837,1.61794943504226e-08,0.51396960904706,0.407283430966731,-0.106686178080329,2.36649374438001e-07,TRUE
"cg20643871",0.379937786273809,0.264743926470534,-0.115193859803276,1.61806692946321e-08,0.274204489834511,0.494741229770299,0.220536739935788,6.93178504340987e-13,FALSE
"cg07970752",0.788201573848354,0.644473330556717,-0.143728243291637,1.62548357554663e-08,0.425889499746441,0.299521419170845,-0.126368080575595,1.12621086294757e-05,TRUE
"cg05968188",0.319702517055289,0.430208893212093,0.110506376156804,1.64995679391101e-08,0.521926152328735,0.668955327520261,0.147029175191526,4.10027606646066e-14,TRUE
"cg15717250",0.818566365326263,0.716274050012811,-0.102292315313452,1.66479842575068e-08,0.590677450455774,0.426509301835317,-0.164168148620457,1.86418415488028e-13,TRUE
"cg05699035",0.80108165436662,0.65820721958693,-0.14287443477969,1.71292935858476e-08,0.690213307260353,0.803861624790309,0.113648317529956,9.08672767624028e-06,FALSE
"cg05750926",0.732212233127093,0.622765884494373,-0.10944634863272,1.74312390427627e-08,0.530377031427702,0.411383644077022,-0.11899338735068,8.66376818287767e-09,TRUE
"cg26223555",0.804355904016,0.699850419602084,-0.104505484413916,1.80336725159964e-08,0.676763170050984,0.556918976033441,-0.119844194017543,7.9437756684503e-08,TRUE
"cg19682786",0.676866060275141,0.571189226516258,-0.105676833758883,1.80734013838972e-08,0.650665810540163,0.549851123849682,-0.100814686690481,2.33372489836605e-05,TRUE
"cg16228380",0.729056455533803,0.60926370935849,-0.119792746175312,1.87998622281168e-08,0.583559511617395,0.461480843583632,-0.122078668033763,2.03535793647491e-07,TRUE
"cg04934382",0.703928774988813,0.577099301987013,-0.1268294730018,1.88731328986692e-08,0.51799537946627,0.64517517061626,0.127179791149991,1.08444995406177e-07,FALSE
"cg23510527",0.710083368138153,0.597540044816464,-0.112543323321689,1.88968452836157e-08,0.664889935341613,0.42897712010795,-0.235912815233663,8.49619955674033e-25,TRUE
"cg13166942",0.63253760822408,0.504512644041532,-0.128024964182548,1.90739599649404e-08,0.594133423700804,0.457602743432632,-0.136530680268173,1.19008931786639e-07,TRUE
"cg18418242",0.623886738236894,0.517908807197517,-0.105977931039377,1.92659445338562e-08,0.710887443124166,0.610187768740168,-0.100699674383998,3.48151706005328e-06,TRUE
"cg21342392",0.587003785336736,0.466542764543263,-0.120461020793473,1.95248566630965e-08,0.516288801417161,0.374993312794224,-0.141295488622937,7.84288323399171e-10,TRUE
"cg11635029",0.753041540168806,0.650485962521786,-0.10255557764702,1.95922297654194e-08,0.6918933994515,0.57745871177049,-0.114434687681011,6.85853567396358e-08,TRUE
"cg23850904",0.736188870021402,0.59725071264178,-0.138938157379622,1.97817670057619e-08,0.490642456614218,0.389467285763992,-0.101175170850226,4.04027911983018e-05,TRUE
"cg26516004",0.716659250087831,0.597388182426778,-0.119271067661053,2.0135603657906e-08,0.72641681588972,0.839583270323236,0.113166454433515,5.01757903011156e-09,FALSE
"cg04690342",0.724957713695767,0.614558601249061,-0.110399112446706,2.03520182008028e-08,0.652680133662158,0.492899695227667,-0.159780438434491,6.40551791189006e-13,TRUE
"cg20359930",0.852059575468676,0.740405446167694,-0.111654129300983,2.0496426410971e-08,0.690436456533854,0.516347017865126,-0.174089438668727,9.27223019425548e-11,TRUE
"cg02351199",0.786375070674928,0.678089847354507,-0.108285223320422,2.14315048981823e-08,0.735952910138745,0.580280692367965,-0.15567221777078,1.00228989222786e-11,TRUE
"cg07043604",0.8088051741028,0.702110337170132,-0.106694836932667,2.17358609053056e-08,0.71881721064409,0.577413622578634,-0.141403588065456,2.28907690398652e-10,TRUE
"cg07010373",0.585809310019614,0.481894117540496,-0.103915192479119,2.19122914111245e-08,0.538002983081954,0.437068513588879,-0.100934469493075,8.84712134410301e-07,TRUE
"cg06116757",0.784596124639121,0.673173393412473,-0.111422731226649,2.22940574776309e-08,0.762677853822982,0.641844769401156,-0.120833084421826,1.38574122832384e-07,TRUE
"cg16258337",0.370204179329259,0.503761145075866,0.133556965746606,2.23114507709092e-08,0.353733664332213,0.511475193656914,0.157741529324701,3.03052376362478e-09,TRUE
"cg16377872",0.779193203561387,0.674158328816648,-0.105034874744739,2.25151843819218e-08,0.649930805456382,0.542461132837991,-0.107469672618391,5.85061037485286e-06,TRUE
"cg16684817",0.509653411702013,0.396957799707137,-0.112695611994876,2.28885831071922e-08,0.519466313029473,0.671342427013491,0.151876113984018,4.05536784132836e-10,FALSE
"cg13519191",0.63616625588952,0.520143159820919,-0.116023096068602,2.36159097237466e-08,0.559830491798678,0.397016377663328,-0.162814114135351,1.8921883504339e-12,TRUE
"cg04976792",0.53728921324772,0.638404988017215,0.101115774769494,2.38075483724924e-08,0.62090214567538,0.762985940534827,0.142083794859447,3.44486284884682e-14,TRUE
"cg21236500",0.62330506912667,0.521178669745579,-0.102126399381091,2.38719067873277e-08,0.641270357935528,0.770140416414123,0.128870058478596,5.62985618520792e-13,FALSE
"cg26522946",0.330970640868169,0.452499721474208,0.121529080606039,2.45560514837659e-08,0.405231332667529,0.557000517570246,0.151769184902717,9.48730184418286e-10,TRUE
"cg21492137",0.671842224336066,0.557393184332617,-0.114449040003448,2.47145514536274e-08,0.666051486605904,0.521497410479297,-0.144554076126606,1.55446798953399e-09,TRUE
"cg08622675",0.673214475533147,0.561401594900795,-0.111812880632352,2.50316227941635e-08,0.643228795494437,0.51201732992146,-0.131211465572977,2.92629905272222e-08,TRUE
"cg10098570",0.203412795508669,0.30709029193778,0.103677496429111,2.50915114276724e-08,0.384190330983962,0.631568785810806,0.247378454826844,1.52433267389192e-24,TRUE
"cg17883960",0.83429656383886,0.72336748979381,-0.11092907404505,2.62274092695095e-08,0.616365496603086,0.503594486051751,-0.112771010551334,2.68897999875516e-05,TRUE
"cg00842351",0.340172139082648,0.480795057526885,0.140622918444237,2.64618011336028e-08,0.217591487589318,0.482026144833432,0.264434657244114,5.76083620712635e-23,TRUE
"cg26685375",0.797201885016826,0.665619522408455,-0.131582362608371,2.65841071573139e-08,0.7844699940964,0.893966409965846,0.109496415869446,1.8370096409167e-10,FALSE
"cg20415092",0.791955387152939,0.690909388022191,-0.101045999130748,2.67220829581296e-08,0.636343973436227,0.509044466050847,-0.12729950738538,1.0462213789569e-06,TRUE
"cg14864148",0.645029022004814,0.521323022999484,-0.12370599900533,2.68889480288051e-08,0.477826285210631,0.377319168261453,-0.100507116949178,7.97810795470715e-07,TRUE
"cg03675258",0.359419047912766,0.476269032554244,0.116849984641478,2.70742227646226e-08,0.492964755287814,0.667515179820729,0.174550424532915,3.8464912364588e-16,TRUE
"cg05076820",0.462765893114408,0.354891869634391,-0.107874023480016,2.74905466977736e-08,0.351150091014828,0.234739572883206,-0.116410518131622,4.60834795478253e-12,TRUE
"cg13688329",0.918913784454766,0.807375932846805,-0.111537851607961,2.75052857757994e-08,0.631836402716977,0.452132998238822,-0.179703404478154,4.69449583011345e-12,TRUE
"cg00779602",0.857372022348533,0.714247376465106,-0.143124645883427,2.79994917505579e-08,0.380178329077227,0.224094482094051,-0.156083846983176,3.25443952097905e-07,TRUE
"cg20178603",0.671308985101975,0.555575105548696,-0.115733879553279,2.81468031181209e-08,0.568395935952871,0.452382966296142,-0.116012969656729,2.04255416584895e-07,TRUE
"cg02415992",0.549393482015585,0.441180613788019,-0.108212868227566,2.8359561319577e-08,0.488600460380698,0.388180744006017,-0.100419716374681,4.61634080390642e-08,TRUE
"cg14777634",0.688807940509851,0.577321538093603,-0.111486402416248,2.85607993075489e-08,0.698292780923821,0.559451884703227,-0.138840896220594,1.90725129638624e-09,TRUE
"cg01956386",0.638401573480207,0.53624074840147,-0.102160825078737,2.89156528073962e-08,0.65571905467028,0.786876013439182,0.131156958768902,1.02080467443708e-11,FALSE
"cg25171118",0.678282095044621,0.571538286982248,-0.106743808062373,2.90863614237228e-08,0.580406497328422,0.389215249967876,-0.191191247360546,5.45603200531821e-24,TRUE
"cg02637352",0.552007356499253,0.433311184844884,-0.118696171654369,2.91722239560283e-08,0.45925951198949,0.354163572641849,-0.105095939347641,1.28670721513458e-06,TRUE
"cg14441948",0.353628177170737,0.457436834520577,0.103808657349841,2.924470573732e-08,0.334517516984526,0.463165704597077,0.128648187612551,1.09106623679482e-07,TRUE
"cg11401794",0.798614224933967,0.677665174344234,-0.120949050589733,2.94530732515655e-08,0.693972950324098,0.832514296064595,0.138541345740496,1.28173697156665e-11,FALSE
"cg16705086",0.851052524851159,0.732671154906238,-0.118381369944921,2.97537264568048e-08,0.65117681820105,0.768357391047321,0.117180572846271,5.03150321660124e-05,FALSE
"cg06870213",0.569328961250576,0.463783897276976,-0.1055450639736,2.9786269325701e-08,0.470767960555684,0.344657975342954,-0.126109985212729,6.37512059305042e-09,TRUE
"cg17104258",0.351513128481539,0.251200756225388,-0.100312372256151,3.00073232345881e-08,0.210906652894716,0.339643508381018,0.128736855486302,8.04845028373404e-05,FALSE
"cg01999046",0.58863614134309,0.479485462755941,-0.109150678587149,3.01718568228979e-08,0.604711158519047,0.777836488801384,0.173125330282337,1.95527460444607e-19,FALSE
"cg13054358",0.687785097912869,0.584456982153929,-0.10332811575894,3.11164961056379e-08,0.677525274670255,0.500306359977962,-0.177218914692293,3.4092931330922e-18,TRUE
"cg05508296",0.740581510258699,0.639485381627964,-0.101096128630735,3.1359473969978e-08,0.632294301663495,0.778530210817357,0.146235909153863,1.33498242031997e-12,FALSE
"cg10050661",0.57419427156774,0.45341363412483,-0.12078063744291,3.199004175773e-08,0.377052972400057,0.513385972485732,0.136333000085675,7.92040529426742e-07,FALSE
"cg19404835",0.70011842490133,0.595065386407163,-0.105053038494166,3.24956161452914e-08,0.556204738637254,0.684916509072408,0.128711770435153,6.97480202888349e-11,FALSE
"cg02486855",0.580047534513741,0.434009219364202,-0.146038315149539,3.28069404839159e-08,0.511698327612277,0.626774528939594,0.115076201327316,2.92116777135035e-05,FALSE
"cg11591719",0.640173805732414,0.539976465389092,-0.100197340343323,3.29526263776832e-08,0.555815042805934,0.428053260054036,-0.127761782751897,9.83096395531838e-10,TRUE
"cg26504110",0.608670128245755,0.480214160777593,-0.128455967468162,3.32048101558815e-08,0.479308798946818,0.349463794609569,-0.129845004337249,1.13113993475174e-08,TRUE
"cg20951642",0.675084879058513,0.560842761436209,-0.114242117622304,3.37327995438224e-08,0.610377917979198,0.76810084531161,0.157722927332412,1.05900086647559e-14,FALSE
"cg24663971",0.657172809250723,0.549842975837606,-0.107329833413118,3.42488978067988e-08,0.502223586367986,0.396883911971825,-0.105339674396161,2.62313278389571e-09,TRUE
"cg05472059",0.407815195704484,0.307523513397937,-0.100291682306546,3.51546164654649e-08,0.395859147642551,0.292368239332895,-0.103490908309655,9.72835165270498e-07,TRUE
"cg14649589",0.781417207475822,0.667381622107579,-0.114035585368243,3.64959213003955e-08,0.649994728796725,0.494079298843291,-0.155915429953434,1.10022875219923e-10,TRUE
"cg12769705",0.641302707167946,0.494636283443676,-0.14666642372427,3.69853596168094e-08,0.678524555545236,0.847794532721229,0.169269977175993,1.11957110186616e-17,FALSE
"cg19766363",0.778032641196873,0.670695144972478,-0.107337496224395,3.72610268198319e-08,0.776084720577065,0.646301523220306,-0.129783197356758,4.15782339672097e-07,TRUE
"cg26614816",0.385525698290076,0.268803074243808,-0.116722624046267,3.75942342629237e-08,0.482955152761774,0.214832243244759,-0.268122909517015,1.09815398391583e-24,TRUE
"cg20274304",0.753062017605113,0.622763953680721,-0.130298063924392,3.88519915109649e-08,0.608606554343194,0.503214724320027,-0.105391830023167,3.78333336806502e-05,TRUE
"cg05904716",0.403688695746286,0.300833911455064,-0.102854784291221,3.88545180366881e-08,0.351163130468639,0.465604098506525,0.114440968037886,0.000322392920466372,FALSE
"cg17007164",0.608500072539852,0.498093015510519,-0.110407057029332,3.88740831839771e-08,0.468770129834559,0.34351471689644,-0.125255412938118,1.14974168564743e-10,TRUE
"cg26477488",0.371476392123833,0.268904799139228,-0.102571592984605,3.9166718720734e-08,0.201413542604649,0.304187492673802,0.102773950069153,0.00240685379542357,FALSE
"cg00319312",0.639643254724329,0.534684141509056,-0.104959113215273,3.92736314515441e-08,0.705072809359469,0.541279259997433,-0.163793549362036,9.66854788798574e-20,TRUE
"cg04671082",0.718502597168837,0.600898951801963,-0.117603645366874,3.96542870684972e-08,0.677204223000675,0.555389120339239,-0.121815102661435,1.31322459416598e-06,TRUE
"cg08334022",0.64687326597792,0.526703315896063,-0.120169950081858,3.97552371576119e-08,0.605731971521545,0.75658937379768,0.150857402276135,3.07690808341167e-13,FALSE
"cg05258935",0.436300888551904,0.312083024794249,-0.124217863757655,4.02528936830691e-08,0.352289281505776,0.2306070264348,-0.121682255070976,1.93372617376632e-08,TRUE
"cg19626656",0.829452806011005,0.71230434437694,-0.117148461634066,4.09927635441149e-08,0.629755996055907,0.759970223240344,0.130214227184438,1.36838155731986e-07,FALSE
"cg11362449",0.608521619408809,0.502705967672847,-0.105815651735962,4.10040341302654e-08,0.582509536452224,0.47516933162292,-0.107340204829304,2.66280903438496e-07,TRUE
"cg27452922",0.864107192741907,0.747726242054099,-0.116380950687808,4.14240674948698e-08,0.72408629629503,0.86087204375991,0.136785747464881,2.14805936622213e-10,FALSE
"cg21439800",0.793067379891723,0.687724151865971,-0.105343228025752,4.1980383753434e-08,0.613545729147095,0.7279629137784,0.114417184631305,6.63998885419035e-07,FALSE
"cg13392320",0.645004141260846,0.543727244439001,-0.101276896821845,4.22137595072369e-08,0.75167838961893,0.554893222906575,-0.196785166712354,2.73953482457175e-20,TRUE
"cg15729307",0.703610727883865,0.596740100983854,-0.10687062690001,4.23930874477915e-08,0.641923433854758,0.536920359876331,-0.105003073978427,6.03190052931496e-06,TRUE
"cg06903569",0.220481387805665,0.369971039655486,0.149489651849821,4.25012757406483e-08,0.260868678266021,0.45358192818301,0.192713249916989,2.51098400925148e-12,TRUE
"cg14903331",0.708954580526018,0.600263129237781,-0.108691451288237,4.32526115978004e-08,0.654413425636873,0.532760670620361,-0.121652755016512,4.84852693442617e-08,TRUE
"cg14828248",0.446228057913034,0.339321357140994,-0.10690670077204,4.38919846738882e-08,0.419760004196069,0.549107277802345,0.129347273606275,1.21037047865481e-05,FALSE
"cg19360907",0.378744497909966,0.482214100925112,0.103469603015147,4.52391014313358e-08,0.416500697757721,0.57543816299542,0.158937465237699,1.2219072072906e-14,TRUE
"cg10898335",0.6788667829307,0.576723017790599,-0.102143765140101,4.57876771519469e-08,0.685754409642503,0.578352534279408,-0.107401875363095,3.49887343753235e-06,TRUE
"cg10316525",0.646858116865171,0.542903682764075,-0.103954434101095,4.66923412428962e-08,0.562020890685914,0.668594203774385,0.106573313088471,1.13164910476395e-06,FALSE
"cg21406144",0.702758048393839,0.601315040209882,-0.101443008183957,4.70264634013793e-08,0.543792322926158,0.376657213135458,-0.1671351097907,1.72976417649651e-19,TRUE
"cg09043962",0.684343694230467,0.572319577621243,-0.112024116609223,4.74389500275565e-08,0.607046155414338,0.482809499501102,-0.124236655913236,9.43560065781881e-09,TRUE
"cg23482872",0.735633126588115,0.629750719319864,-0.105882407268251,4.83321959113729e-08,0.601956472148889,0.713979016641968,0.112022544493079,1.76611682941318e-06,FALSE
"cg02727079",0.579353537543799,0.682660303501679,0.103306765957881,4.83889948947226e-08,0.525945970138234,0.405429631560136,-0.120516338578098,2.88678146713053e-09,FALSE
"cg24783211",0.427945181534698,0.320547886292621,-0.107397295242077,5.07879553553313e-08,0.299975643264229,0.522573676313671,0.222598033049441,1.56415321179259e-15,FALSE
"cg07254706",0.61858510314186,0.507317205399311,-0.111267897742549,5.13823164884819e-08,0.611058035068224,0.464859990190318,-0.146198044877905,1.16467969903888e-09,TRUE
"cg15841865",0.766020382873462,0.651171653765043,-0.114848729108419,5.17338908158025e-08,0.666976275821731,0.473182935897606,-0.193793339924125,4.09818357091683e-18,TRUE
"cg01630690",0.217021487140116,0.343454044385107,0.126432557244991,5.3026538230715e-08,0.558074626296997,0.676695708558852,0.118621082261855,4.28923880439077e-08,TRUE
"cg27100370",0.563822871680632,0.414748848055167,-0.149074023625465,5.34409781212672e-08,0.386081740191008,0.236157026135628,-0.149924714055381,4.69733311107296e-10,TRUE
"cg09362366",0.686613780837393,0.581062175938358,-0.105551604899035,5.56852521185966e-08,0.558901897212656,0.444898074407888,-0.114003822804769,7.99082322274411e-06,TRUE
"cg09290600",0.390631539572621,0.503106482832547,0.112474943259926,5.58940560641798e-08,0.413732636275003,0.528556829749023,0.114824193474021,1.08937420368144e-05,TRUE
"cg10578996",0.495065309646744,0.386245592665138,-0.108819716981606,5.61790248572956e-08,0.451059671189753,0.349127427075983,-0.10193224411377,2.34492734372439e-06,TRUE
"cg18092474",0.485176102168315,0.384504202684568,-0.100671899483747,5.75512082413658e-08,0.499665285373698,0.642260199063383,0.142594913689685,4.60366600924194e-09,FALSE
"cg12119088",0.794499217998918,0.671958556017447,-0.122540661981472,6.10645340850501e-08,0.787665097485688,0.684094467405609,-0.103570630080079,3.45631888886259e-06,TRUE
"cg21336434",0.491786349777214,0.390052573175727,-0.101733776601487,6.39848006263136e-08,0.496681456647756,0.383288959045724,-0.113392497602032,2.84407597456499e-07,TRUE
"cg01987353",0.575062473739164,0.432048308928363,-0.143014164810801,6.40971317373759e-08,0.454526403832519,0.581658542378249,0.12713213854573,8.49190583058786e-06,FALSE
"cg16609181",0.822345518911537,0.708790340736362,-0.113555178175175,6.59454758013846e-08,0.644069305117128,0.544037476849602,-0.100031828267525,4.24800942281127e-07,TRUE
"cg07676361",0.370109802259391,0.242963173276275,-0.127146628983116,6.6417598303934e-08,0.243177692154775,0.433196376729963,0.190018684575188,1.00673927605466e-08,FALSE
"cg22037408",0.784533304085766,0.680258532294999,-0.104274771790767,6.75885042127179e-08,0.664389976846889,0.554355743927113,-0.110034232919777,3.84255563044873e-07,TRUE
"cg09980176",0.368570201300627,0.243781639002339,-0.124788562298288,6.76034427636254e-08,0.179265153418332,0.396121733433731,0.2168565800154,3.62069298998995e-14,FALSE
"cg12787571",0.637636490277176,0.52242212849428,-0.115214361782896,6.82926570802603e-08,0.525124167392122,0.348761079168796,-0.176363088223326,6.44755779433858e-16,TRUE
"cg00931644",0.541259446841997,0.396721425852447,-0.14453802098955,6.88512627401525e-08,0.536005111915056,0.649322032402374,0.113316920487318,0.000434583639952662,FALSE
"cg10730165",0.721022982562119,0.605528818764963,-0.115494163797156,6.98184118478793e-08,0.722232686161631,0.603382677023396,-0.118850009138235,2.05599919257906e-06,TRUE
"cg01343363",0.637345642879971,0.5324696838273,-0.104875959052671,7.00316689877773e-08,0.551626593747377,0.656002745971018,0.104376152223641,4.39512771412417e-06,FALSE
"cg20838323",0.696229091137016,0.587877703927575,-0.108351387209441,7.11350336639267e-08,0.676119785405643,0.572344471667603,-0.10377531373804,1.96586636754516e-05,TRUE
"cg25063151",0.502606723236152,0.399064317906595,-0.103542405329557,7.22104865030336e-08,0.305176427179739,0.197696284566405,-0.107480142613334,6.08545828681783e-07,TRUE
"cg19091386",0.682466279385074,0.555447505177234,-0.12701877420784,7.39810022552052e-08,0.610371582574861,0.502663023498,-0.107708559076861,0.000105888513114458,TRUE
"cg18947951",0.438447635125765,0.553822556577765,0.115374921452,7.64971100367037e-08,0.592617867945489,0.711958626394661,0.119340758449171,1.19409895586798e-08,TRUE
"cg20019410",0.382667104391058,0.277683860589155,-0.104983243801903,7.78384071696771e-08,0.288655130134984,0.471356950051918,0.182701819916934,3.8354082281229e-11,FALSE
"cg07100532",0.563348447581638,0.460049665667628,-0.10329878191401,7.84370035639492e-08,0.50584544932405,0.377475235532094,-0.128370213791956,3.0201700918955e-11,TRUE
"cg15638366",0.640492989306173,0.539630112626153,-0.10086287668002,8.12438444419244e-08,0.616581721502649,0.495201914364336,-0.121379807138313,9.96561632638661e-09,TRUE
"cg08641706",0.585191327224969,0.476045213361548,-0.10914611386342,8.14301992881997e-08,0.502125618725939,0.365422702491264,-0.136702916234675,1.6483125740447e-10,TRUE
"cg09193477",0.697315585623764,0.594265774416264,-0.103049811207499,8.15215685069277e-08,0.592310028349746,0.479000944256711,-0.113309084093035,6.26958413536839e-10,TRUE
"cg03277550",0.862042950304458,0.731678493742443,-0.130364456562015,8.24451804804405e-08,0.787127285893709,0.900081321637451,0.112954035743742,8.94269367541916e-08,FALSE
"cg26173773",0.830422198974282,0.710023040450049,-0.120399158524233,8.52188934919452e-08,0.608319079389335,0.488017692074676,-0.120301387314659,0.000161019518188539,TRUE
"cg12598524",0.23171723896374,0.337549237650859,0.10583199868712,8.7042629618168e-08,0.488127586216118,0.698677781271673,0.210550195055556,1.76591894702619e-22,TRUE
"cg09813874",0.724657524947434,0.620061481115925,-0.10459604383151,8.84939287746669e-08,0.633383567986517,0.765004792384483,0.131621224397966,4.3862412727307e-12,FALSE
"cg25510609",0.328014394294611,0.459615532845396,0.131601138550785,9.09947896816696e-08,0.393032077450862,0.52275755962607,0.129725482175208,1.0668584929726e-06,TRUE
"cg10805039",0.42404337295821,0.524596591686871,0.100553218728661,9.46391956547575e-08,0.491513698495844,0.637781769742255,0.146268071246411,1.59525811160952e-14,TRUE
"cg05509510",0.68541120704894,0.566757128494332,-0.118654078554608,9.73845978157051e-08,0.532421644204838,0.404117277263019,-0.128304366941819,1.00743860837907e-06,TRUE
"cg23330212",0.601343972538448,0.496064300551428,-0.10527967198702,9.94804224931169e-08,0.570789340635734,0.69027391564954,0.119484575013806,1.14546793044499e-09,FALSE
"cg26562972",0.74579969830649,0.634263864409333,-0.111535833897157,9.97048639531593e-08,0.664419155549771,0.564325764337066,-0.100093391212705,0.000117077595090519,TRUE
"cg01702744",0.11375095660938,0.218693438906348,0.104942482296968,1.00326009033842e-07,0.0746853508078262,0.396927433889433,0.322242083081607,2.06151276678563e-43,TRUE
"cg16374999",0.533011770862458,0.429642185931838,-0.103369584930619,1.00481305870635e-07,0.43744301219856,0.621443052277138,0.184000040078578,1.86150084553835e-11,FALSE
"cg03554573",0.665343911715744,0.537995924332708,-0.127347987383036,1.01400041249879e-07,0.52468940686605,0.649434471433784,0.124745064567734,1.24139043916201e-05,FALSE
"cg23689219",0.733069192589611,0.620196660210737,-0.112872532378874,1.01911801833131e-07,0.55516921518991,0.429231727627555,-0.125937487562355,1.84179127987553e-09,TRUE
"cg08180572",0.655162824976336,0.51679580297025,-0.138367022006086,1.05625171340279e-07,0.434269022215959,0.326276127592462,-0.107992894623498,0.000113336930868651,TRUE
"cg08343881",0.189464117996625,0.335370993181817,0.145906875185192,1.06329886739369e-07,0.22341212068631,0.407455657044954,0.184043536358644,4.44871116971034e-12,TRUE
"cg02783887",0.627388685448101,0.505903561589024,-0.121485123859077,1.08547541372959e-07,0.474391436716427,0.574536777474576,0.10014534075815,0.000835067559853393,FALSE
"cg06419732",0.478748629999914,0.363266534374542,-0.115482095625372,1.09064684188151e-07,0.473911367690808,0.289437073345633,-0.184474294345175,7.46523349751423e-11,TRUE
"cg21629500",0.237744910203078,0.384281183448824,0.146536273245747,1.1080490133956e-07,0.54447457139959,0.715497874204098,0.171023302804508,2.2441647764069e-11,TRUE
"cg23084951",0.257727924184154,0.394604364485956,0.136876440301803,1.10870226841887e-07,0.284869138120063,0.473856398127726,0.188987260007662,1.73124760118831e-12,TRUE
"cg15743358",0.301907388580964,0.414033124914549,0.112125736333585,1.13111681442666e-07,0.331279786679298,0.478551615747055,0.147271829067757,4.38211548086413e-11,TRUE
"cg10504392",0.69580018106754,0.587687092604245,-0.108113088463295,1.1605428113627e-07,0.442764570006379,0.565723506001787,0.122958935995408,2.48214305544086e-06,FALSE
"cg04804321",0.531537381456538,0.420888968121257,-0.110648413335281,1.16219261936862e-07,0.569382947259545,0.705943991373087,0.136561044113542,1.48493643954279e-08,FALSE
"cg12177546",0.526221237211083,0.42545856769875,-0.100762669512333,1.17058610886702e-07,0.590353250539504,0.691774772681846,0.101421522142342,5.86146398913837e-08,FALSE
"cg15999188",0.873894262505667,0.763141165861266,-0.110753096644402,1.17797777145067e-07,0.795965970207019,0.909787141860568,0.113821171653549,1.2113634495183e-08,FALSE
"cg02892357",0.689739108246881,0.559073711730557,-0.130665396516324,1.19307943151247e-07,0.602971158553981,0.489201820387188,-0.113769338166793,0.000187177532118266,TRUE
"cg21749794",0.59784212472512,0.467250642485196,-0.130591482239924,1.20139284531463e-07,0.388742726760302,0.499540907653665,0.110798180893363,0.000246371579191545,FALSE
"cg11518938",0.489939548787929,0.382060855447519,-0.107878693340411,1.20449964625983e-07,0.441727928369488,0.313995633884075,-0.127732294485413,9.89048920696963e-13,TRUE
"cg02511231",0.30493249982407,0.185257793686513,-0.119674706137557,1.29855062226165e-07,0.200405220545601,0.307182771384646,0.106777550839045,0.0027294411758088,FALSE
"cg21899374",0.497050792173364,0.396354861349604,-0.10069593082376,1.30923023937401e-07,0.591385232862389,0.711468776847217,0.120083543984828,1.54139329846509e-07,FALSE
"cg09285851",0.587642232743762,0.45177024699916,-0.135871985744602,1.32159777475658e-07,0.464210724611249,0.74545532585378,0.281244601242531,2.94806128871068e-22,FALSE
"cg03593014",0.435900973078144,0.538584760529571,0.102683787451427,1.34242403649905e-07,0.628988416452561,0.753997816374703,0.125009399922143,5.69013651582497e-12,TRUE
"cg01280841",0.350019482366595,0.456151553481746,0.106132071115152,1.36831483150303e-07,0.518401124031276,0.671638557050758,0.153237433019481,5.72438417292055e-14,TRUE
"cg04843688",0.789820923098146,0.683610046354522,-0.106210876743624,1.39794483462584e-07,0.75101193323373,0.645830692763522,-0.105181240470208,3.59571690539493e-05,TRUE
"cg02702693",0.741812442313186,0.627620604532139,-0.114191837781047,1.46888985762587e-07,0.678257681867628,0.779943564687807,0.101685882820179,1.75763160656949e-08,FALSE
"cg23702610",0.373906368640812,0.475890744604746,0.101984375963934,1.48708471656448e-07,0.33252065118249,0.549962956406244,0.217442305223754,9.42401070786454e-21,TRUE
"cg25947619",0.380836373598607,0.518589868582753,0.137753494984146,1.51628988275166e-07,0.466960561239837,0.606338845058395,0.139378283818558,5.62755479571355e-07,TRUE
"cg18477674",0.564464642581299,0.451425749999626,-0.113038892581673,1.52176918661134e-07,0.333093369056073,0.456133882950163,0.12304051389409,0.000141640213993746,FALSE
"cg27321309",0.763099414386839,0.656722265821558,-0.106377148565282,1.52910328533077e-07,0.72176284405078,0.609026923456103,-0.112735920594677,5.82273524244285e-06,TRUE
"cg00385194",0.654252226716505,0.554073678913457,-0.100178547803048,1.57693877617402e-07,0.573922603366051,0.466614258101932,-0.107308345264119,6.9518897994947e-08,TRUE
"cg24665368",0.630679103810895,0.522032747820938,-0.108646355989958,1.65220238889332e-07,0.663318828709189,0.813884243287957,0.150565414578768,1.576541833213e-15,FALSE
"cg23330788",0.648753324038511,0.547864934972035,-0.100888389066476,1.67123537106846e-07,0.596800602029759,0.757519026210808,0.160718424181049,7.27900388232671e-18,FALSE
"cg27205904",0.406367837088512,0.301243939127417,-0.105123897961094,1.69622856234996e-07,0.488615055334197,0.25987001157353,-0.228745043760667,1.12526859159445e-22,TRUE
"cg17108141",0.440749266678391,0.548258845656569,0.107509578978178,1.73098889619767e-07,0.570729669468975,0.759935588477016,0.189205919008041,8.57139582696011e-21,TRUE
"cg02900990",0.643763247626379,0.520510062450716,-0.123253185175664,1.74089272137638e-07,0.636812219635125,0.738828080712466,0.102015861077341,3.28916981120294e-06,FALSE
"cg23161999",0.477020706793216,0.601602793167375,0.124582086374159,1.7698856922558e-07,0.500515124033235,0.613413235806388,0.112898111773153,6.63056703708927e-05,TRUE
"cg26233084",0.595559796675096,0.467172856466171,-0.128386940208925,1.80849145809595e-07,0.579416439397069,0.388957210795435,-0.190459228601634,3.61728128064943e-11,TRUE
"cg19916740",0.460543338644829,0.342853663380438,-0.117689675264391,1.8196274699754e-07,0.29367029180936,0.462578150188892,0.168907858379532,2.12961911655592e-07,FALSE
"cg18291443",0.7088853575634,0.603093287474912,-0.105792070088488,1.8307735220111e-07,0.414787120802608,0.282219955427946,-0.132567165374661,2.64520451970053e-10,TRUE
"cg27106643",0.691184216909102,0.588336371863113,-0.102847845045989,1.83383116903484e-07,0.518748199541379,0.661937442304058,0.143189242762678,4.94592903569105e-09,FALSE
"cg20582941",0.60422538203079,0.502496870024494,-0.101728512006296,1.86636586834605e-07,0.509545582523084,0.384758392738586,-0.124787189784498,1.07713136005097e-11,TRUE
"cg13105599",0.562291821001374,0.461677777868437,-0.100614043132937,1.91195292613001e-07,0.52092804021122,0.622257522742028,0.101329482530808,2.73817736968792e-06,FALSE
"cg07936950",0.563097779746772,0.446714052053084,-0.116383727693688,1.92573149554507e-07,0.590214232399148,0.742142261130919,0.151928028731771,6.48052021166484e-12,FALSE
"cg10271061",0.841484557830657,0.732114864737198,-0.109369693093459,1.9723107807084e-07,0.535909360762202,0.676405613271659,0.140496252509457,5.86669526773302e-06,FALSE
"cg15169266",0.631978307127537,0.516617194577849,-0.115361112549688,1.99895021690414e-07,0.610055016894285,0.473862167360426,-0.136192849533859,4.72300288110496e-07,TRUE
"cg24643381",0.571345069577716,0.469753641563615,-0.101591428014102,2.01676399745021e-07,0.584479598503579,0.464908381747197,-0.119571216756381,5.84234447982969e-08,TRUE
"cg23182840",0.747913742812935,0.612096582161268,-0.135817160651667,2.039272828794e-07,0.588548877812386,0.478669633901987,-0.109879243910399,0.000720057412189238,TRUE
"cg06501113",0.65426712967687,0.55026546686495,-0.10400166281192,2.19712147294949e-07,0.604921297451523,0.485227496524685,-0.119693800926838,1.43445924963448e-08,TRUE
"cg05383931",0.728566715749481,0.612533629518212,-0.116033086231269,2.19779673257465e-07,0.622048252412538,0.495291331307747,-0.12675692110479,3.01607756698104e-06,TRUE
"cg14691364",0.681181907756891,0.572631924481217,-0.108549983275674,2.25640222678116e-07,0.617048293333955,0.486017457623913,-0.131030835710042,9.53716621041694e-07,TRUE
"cg23260456",0.773474804260107,0.665969074378171,-0.107505729881936,2.2709274908598e-07,0.608660123088067,0.498212458891533,-0.110447664196534,1.32724214665754e-05,TRUE
"cg16734433",0.702893171327314,0.56867226287312,-0.134220908454194,2.29769219124274e-07,0.730299726709473,0.876606804765424,0.146307078055951,9.27553695131187e-13,FALSE
"cg19597545",0.778695883413093,0.676721127882782,-0.101974755530311,2.33019812228951e-07,0.712538509120928,0.596735646015598,-0.115802863105329,3.97733452394175e-07,TRUE
"cg26842802",0.263003268363232,0.367703903149773,0.104700634786542,2.63818603308409e-07,0.495800467258454,0.662049425786382,0.166248958527928,6.8760047691581e-12,TRUE
"cg24188163",0.573749412148614,0.466306534903654,-0.10744287724496,2.72726713554048e-07,0.573860517042924,0.448199866973069,-0.125660650069855,1.11460980890065e-08,TRUE
"cg26065488",0.442087956406954,0.564215014341843,0.122127057934888,2.9617025431263e-07,0.522637736036482,0.688458272579932,0.16582053654345,3.61890020281788e-13,TRUE
"cg21502476",0.300706896973521,0.408602987579152,0.107896090605631,3.00398435484244e-07,0.292698875650007,0.439126594588766,0.146427718938759,1.84568227458714e-08,TRUE
"cg22047295",0.267836504930888,0.373108162945305,0.105271658014417,3.27631750288012e-07,0.267935821757193,0.472414209511796,0.204478387754603,9.4487327221273e-16,TRUE
"cg03605284",0.798315341091896,0.682628559422008,-0.115686781669888,3.49650663658489e-07,0.591059626140869,0.423398225645899,-0.16766140049497,5.75485088561465e-10,TRUE
"cg18103859",0.611869580532282,0.715277117786577,0.103407537254295,3.56607959896206e-07,0.6841771191468,0.786671284226032,0.102494165079232,3.91266360704027e-08,TRUE
"cg27527345",0.761756756767597,0.660169680015922,-0.101587076751676,3.59096235336721e-07,0.64701457218238,0.492301336665469,-0.154713235516911,3.84359697903404e-12,TRUE
"cg14296274",0.729924960426795,0.622584372364379,-0.107340588062415,3.61940408278333e-07,0.667732202458262,0.778968501058477,0.111236298600216,2.19018741249857e-07,FALSE
"cg05170706",0.694333907753963,0.5847175887013,-0.109616319052663,3.72409642283169e-07,0.471247719849078,0.364902042787821,-0.106345677061257,3.86425187022117e-06,TRUE
"cg16795455",0.801496678255073,0.699125289927029,-0.102371388328044,3.91921143686331e-07,0.802441248015813,0.645911996721533,-0.15652925129428,3.06555357327687e-08,TRUE
"cg06304518",0.879568040225435,0.771587194712832,-0.107980845512603,3.96435369196796e-07,0.785066602959075,0.673179899914321,-0.111886703044754,0.00169839223694509,TRUE
"cg07141605",0.638947317114867,0.503357617743608,-0.135589699371259,4.0632038016469e-07,0.292183421571011,0.47467342345984,0.18249000188883,1.83971344054085e-09,FALSE
"cg02791973",0.274877815201804,0.16765331105348,-0.107224504148324,4.15231450884993e-07,0.130784923650808,0.252573285236649,0.121788361585841,1.46231139305167e-05,FALSE
"cg14769786",0.517008926854868,0.38447814526427,-0.132530781590597,4.15372466730149e-07,0.433906157577729,0.564519289390161,0.130613131812433,0.00120069552406944,FALSE
"cg16238993",0.257275221306882,0.157160391542144,-0.100114829764737,4.18777349215933e-07,0.125208062383264,0.237704911663871,0.112496849280607,2.03886644169026e-05,FALSE
"cg16600733",0.746235569930327,0.61732262997757,-0.128912939952757,4.22314451612855e-07,0.643793866854456,0.836612026979085,0.192818160124629,3.86663302305522e-19,FALSE
"cg06163411",0.768317442594115,0.653355843032296,-0.114961599561819,4.23077876367076e-07,0.602809420987566,0.444590508469404,-0.158218912518162,3.94700904774231e-07,TRUE
"cg08251901",0.536418725604375,0.647306247581799,0.110887521977423,4.25760222084438e-07,0.511318510206101,0.645787582851248,0.134469072645146,3.13633540387331e-08,TRUE
"cg01346596",0.838465303902624,0.721260171043187,-0.117205132859438,4.43357852570148e-07,0.624255339944684,0.367449327298624,-0.256806012646061,2.24802128964591e-17,TRUE
"cg10036840",0.784200647517385,0.680130403421516,-0.104070244095869,4.45398536068953e-07,0.826054309818691,0.668991138314832,-0.157063171503859,9.6200826045727e-12,TRUE
"cg05141014",0.675884856192426,0.552903724008838,-0.122981132183588,4.71368352533196e-07,0.578947525542,0.473756979998339,-0.105190545543661,4.43066402809738e-06,TRUE
"cg14260083",0.656484323986309,0.526074972146472,-0.130409351839837,4.73970231155741e-07,0.395431464446552,0.577037746067301,0.181606281620749,4.10743013553869e-09,FALSE
"cg19118904",0.783186383447569,0.652609281281869,-0.1305771021657,4.84666452912247e-07,0.736819218824236,0.62780301602436,-0.109016202799875,0.00163210096098391,TRUE
"cg00464757",0.707767396736724,0.59209443322163,-0.115672963515095,4.99657642239165e-07,0.594432756476228,0.728857295269137,0.134424538792909,1.25587265930645e-08,FALSE
"cg17664269",0.562333866257157,0.453994640278899,-0.108339225978257,5.01017764052843e-07,0.515257542676196,0.37898991573754,-0.136267626938656,2.08500007140161e-09,TRUE
"cg04139007",0.556937986535449,0.439866935409139,-0.11707105112631,5.01904909584746e-07,0.445422036880887,0.31641159060783,-0.129010446273057,1.61343203754925e-06,TRUE
"cg16641358",0.593672627624419,0.477789771186216,-0.115882856438203,5.20698004072812e-07,0.727492705461402,0.535506735644652,-0.19198596981675,1.78314014652267e-12,TRUE
"cg09788586",0.796224388507725,0.690805164301986,-0.105419224205739,5.25939337652198e-07,0.558338875665461,0.438865368467059,-0.119473507198402,1.95316815773759e-09,TRUE
"cg05605299",0.208220006805622,0.331879265581885,0.123659258776263,5.27803236215594e-07,0.229986474886398,0.411030741638809,0.181044266752411,2.43607441418135e-13,TRUE
"cg22092126",0.730143041545142,0.624830748005766,-0.105312293539376,5.38839400290515e-07,0.574169978195272,0.446279298442034,-0.127890679753239,9.83577405552062e-09,TRUE
"cg03043078",0.792024765392465,0.690431922627828,-0.101592842764637,5.56381670915532e-07,0.685467252182111,0.822412784298302,0.136945532116191,3.38422771372101e-13,FALSE
"cg27104173",0.833747117974368,0.71619405794251,-0.117553060031858,5.83587958976224e-07,0.666576750686679,0.560068751481687,-0.106507999204991,0.000629054720496183,TRUE
"cg12830951",0.681725056585588,0.5673059887401,-0.114419067845488,5.87761493862529e-07,0.693738174863103,0.516664581871028,-0.177073592992075,4.59401211111969e-11,TRUE
"cg11612852",0.581656539507121,0.478142429707265,-0.103514109799857,5.92763183095267e-07,0.5153835812587,0.616040703104796,0.100657121846097,2.95839815123242e-06,FALSE
"cg21138752",0.235272177226385,0.358479948404768,0.123207771178382,5.9689293367976e-07,0.265567512355017,0.429939421916678,0.16437190956166,6.36744047805715e-12,TRUE
"cg02297063",0.256520374172574,0.152260039664239,-0.104260334508335,6.11424338713885e-07,0.117499397899463,0.243084755487185,0.125585357587722,1.89127655580622e-06,FALSE
"cg17179923",0.611523390390851,0.504172427114572,-0.107350963276279,6.18250524159937e-07,0.597347737166777,0.723696727410831,0.126348990244053,7.06525399699109e-09,FALSE
"cg19933965",0.810168507501474,0.683234385657904,-0.126934121843569,6.27503616104469e-07,0.488069450542614,0.71960602442179,0.231536573879176,4.33264539169495e-15,FALSE
"cg05277122",0.67602082933324,0.575991272331068,-0.100029557002172,6.53671460955647e-07,0.727730407032671,0.835873593094087,0.108143186061417,7.26118353514351e-10,FALSE
"cg01495831",0.629530091914544,0.518923170531243,-0.110606921383302,6.54492520020424e-07,0.420658733464782,0.317796528976764,-0.102862204488018,3.25179079312927e-07,TRUE
"cg19499674",0.797175532762777,0.693165878829367,-0.10400965393341,6.80246589737307e-07,0.758358273531023,0.656390790564423,-0.1019674829666,1.20060956844846e-05,TRUE
"cg16426714",0.356851957226022,0.252274052699868,-0.104577904526153,6.86519940827353e-07,0.236231324875202,0.364724968067137,0.128493643191935,6.26463996844644e-06,FALSE
"cg00499159",0.706356940333562,0.596803180314841,-0.109553760018721,6.97025610351148e-07,0.706694116907067,0.859558154856921,0.152864037949853,2.46630675435838e-16,FALSE
"cg07472943",0.778501908583595,0.670743201034906,-0.107758707548689,6.97931430853847e-07,0.570905372405438,0.470542228495223,-0.100363143910215,0.000406162319098956,TRUE
"cg15603896",0.520921155204553,0.408026205873101,-0.112894949331452,7.10307913897294e-07,0.379825718142632,0.274123044893466,-0.105702673249166,3.38240911365747e-08,TRUE
"cg25968569",0.486597072638178,0.363043961198174,-0.123553111440005,7.13485928679474e-07,0.486990716240353,0.603216838783417,0.116226122543063,0.000286555590180707,FALSE
"cg02303068",0.739143795212683,0.631987148026128,-0.107156647186555,7.17511007778646e-07,0.55404511358819,0.420487999519715,-0.133557114068476,2.18868329322401e-08,TRUE
"cg03178838",0.285779593706577,0.185232282310094,-0.100547311396483,7.21430437472229e-07,0.14802358816878,0.266121202489183,0.118097614320403,4.48175821968357e-06,FALSE
"cg26248173",0.297578382927746,0.190854948135396,-0.10672343479235,7.65459137512638e-07,0.227890497018991,0.364854595998837,0.136964098979846,0.000211771266712068,FALSE
"cg12914615",0.67959167421293,0.579143095782443,-0.100448578430487,8.27877271578275e-07,0.75056992860716,0.532991380422111,-0.217578548185049,1.79051446957e-18,TRUE
"cg18479593",0.446259251248971,0.55978900787589,0.113529756626919,8.58290378894764e-07,0.610188205954337,0.730129291997041,0.119941086042704,1.21844009201105e-07,TRUE
"cg13030790",0.343432121276941,0.453106028511689,0.109673907234749,8.9145471554434e-07,0.412258166579127,0.576480384730027,0.1642222181509,9.18819436667151e-14,TRUE
"cg14171418",0.690125698918623,0.586584455870797,-0.103541243047826,9.22975770977859e-07,0.697438179285073,0.544648431680152,-0.15278974760492,6.66120749746332e-15,TRUE
"cg07363697",0.522772919283199,0.409022601117664,-0.113750318165534,9.33482522730051e-07,0.393348888759391,0.23919111378702,-0.154157774972372,1.08376275354895e-12,TRUE
"cg02668655",0.794105349632741,0.680493130773009,-0.113612218859732,9.6774904543804e-07,0.556236445440518,0.441834123304296,-0.114402322136222,5.37158041784007e-06,TRUE
"cg17904575",0.361851679672438,0.484686668447213,0.122834988774776,1.06899536261666e-06,0.539163832692025,0.708912012183532,0.169748179491507,8.64455053815553e-16,TRUE
"cg08004073",0.468578883505118,0.575108402779186,0.106529519274068,1.08863656334558e-06,0.715877682592347,0.842037700026145,0.126160017433798,1.1832984280984e-13,TRUE
"cg11288144",0.391995172315333,0.507440005089202,0.115444832773869,1.11512234579884e-06,0.314250320243173,0.549001428147395,0.234751107904222,2.20938377672861e-21,TRUE
"cg21037008",0.373988781035796,0.483047127656255,0.109058346620459,1.1350871279557e-06,0.492193865421706,0.67881932291228,0.186625457490574,6.35833599961883e-18,TRUE
"cg26643476",0.599103201589864,0.49142768249571,-0.107675519094154,1.19405301384115e-06,0.689725357639136,0.854856073691669,0.165130716052533,2.60101649878864e-14,FALSE
"cg02103822",0.72417190564199,0.623468221404463,-0.100703684237527,1.21197727613521e-06,0.729802641506737,0.585777525056211,-0.144025116450527,1.36318528064967e-11,TRUE
"cg05163329",0.249044232741725,0.362633589452765,0.11358935671104,1.22203490021865e-06,0.578036504914821,0.753910046787902,0.175873541873081,4.40013749289914e-13,TRUE
"cg14491820",0.474403175419482,0.365530194021633,-0.108872981397849,1.26990565501039e-06,0.439644469814737,0.548942236692636,0.109297766877898,0.00249025804005305,FALSE
"cg16810279",0.389083454455964,0.279514905892419,-0.109568548563545,1.34952669693554e-06,0.220085830759818,0.456221603215965,0.236135772456147,2.2524933868906e-14,FALSE
"cg04939302",0.707750863953726,0.607320938751954,-0.100429925201773,1.36972431443935e-06,0.510786047772366,0.36553813808484,-0.145247909687526,4.39247199977382e-13,TRUE
"cg11024449",0.403653654898136,0.293800282737568,-0.109853372160568,1.41406072072802e-06,0.175504251504393,0.301705699265501,0.126201447761108,4.33820503403469e-05,FALSE
"cg13248574",0.304034206616185,0.406257774046628,0.102223567430443,1.42827250845023e-06,0.360380094808472,0.52900590723128,0.168625812422808,9.68395397297094e-17,TRUE
"cg04414975",0.743776141634314,0.635071248716174,-0.108704892918141,1.46587008976464e-06,0.604557059213737,0.46175419491236,-0.142802864301377,6.67947098804725e-11,TRUE
"cg24232083",0.216869350238267,0.317010606659807,0.10014125642154,1.48208999992422e-06,0.366372960271411,0.506550870490211,0.140177910218799,6.25515313709928e-07,TRUE
"cg10278915",0.862947400718764,0.760183777383724,-0.102763623335039,1.5033995734938e-06,0.742615525941076,0.882681473922244,0.140065947981168,4.77003534236097e-09,FALSE
"cg08975197",0.748360350059657,0.644595830209006,-0.103764519850651,1.56089695619155e-06,0.574415026925552,0.472537174943228,-0.101877851982323,3.0857019544915e-06,TRUE
"cg03548062",0.724322442249861,0.826886202247725,0.102563759997864,1.75549676322845e-06,0.547896319916277,0.422024072209271,-0.125872247707006,1.15777616210251e-05,FALSE
"cg12225220",0.4158675708781,0.315528686394184,-0.100338884483916,1.81730917037696e-06,0.392916843346631,0.532831982561184,0.139915139214553,7.99857153384587e-07,FALSE
"cg16017089",0.573156692821972,0.443168818845893,-0.129987873976079,1.82537323986212e-06,0.371356747262984,0.253494220068865,-0.117862527194119,4.34805284235542e-07,TRUE
"cg19596050",0.732306083697248,0.622420278222998,-0.10988580547425,1.83473247866415e-06,0.694713724034669,0.511482449590624,-0.183231274444045,1.18539392143705e-10,TRUE
"cg07877987",0.727244463345094,0.620052927926242,-0.107191535418852,1.90543859929817e-06,0.583873238707653,0.757080448949351,0.173207210241699,1.75467758966233e-13,FALSE
"cg12733396",0.587412450865754,0.458014520445623,-0.129397930420131,1.94853056950935e-06,0.431468554219295,0.556411051601117,0.124942497381822,1.43190034721235e-05,FALSE
"cg05922993",0.793064904380608,0.69165300194531,-0.101411902435299,2.013855885428e-06,0.458734678584979,0.315834047252345,-0.142900631332633,1.33893014192444e-10,TRUE
"cg17139085",0.549026239455915,0.448937718277501,-0.100088521178414,2.1516328516829e-06,0.519835435758574,0.654606117111462,0.134770681352888,4.96661282787193e-08,FALSE
"cg09263647",0.631839679807168,0.530492641958207,-0.101347037848961,2.17401592163286e-06,0.57421460408531,0.460932704406546,-0.113281899678764,1.13514477616251e-07,TRUE
"cg19251962",0.760963273320624,0.649970671328366,-0.110992601992259,2.19283419530172e-06,0.624018341493084,0.513730534815849,-0.110287806677235,5.0825698939251e-05,TRUE
"cg22596806",0.763508671542367,0.657074404568158,-0.10643426697421,2.19822099027379e-06,0.549155464294312,0.417316245415787,-0.131839218878525,4.57810909661621e-08,TRUE
"cg19599472",0.688653279808368,0.58769246660746,-0.100960813200908,2.26379756616347e-06,0.640473359820567,0.507443106720039,-0.133030253100528,5.45903011474802e-08,TRUE
"cg22515654",0.35283105294698,0.457293850820576,0.104462797873595,2.39533164794228e-06,0.461224085744863,0.565122340575867,0.103898254831003,1.16604479629566e-05,TRUE
"cg02343823",0.479726586314244,0.377060767442389,-0.102665818871855,2.45428184258829e-06,0.423523405058488,0.31754638465929,-0.105977020399197,2.23591465604492e-05,TRUE
"cg11942503",0.758231495179974,0.655442342477668,-0.102789152702306,2.52800952898532e-06,0.585497642839305,0.484875623129576,-0.100622019709729,1.76291232881846e-05,TRUE
"cg10201712",0.609288513428984,0.505980388645769,-0.103308124783215,2.57803199110694e-06,0.545480973932277,0.400150590021635,-0.145330383910643,1.76278288843231e-11,TRUE
"cg10128806",0.632088064602934,0.522502914615221,-0.109585149987713,2.60475971074532e-06,0.396916753286511,0.285630732221439,-0.111286021065072,6.69717704391012e-06,TRUE
"cg19911168",0.752320048118212,0.637749832042188,-0.114570216076024,2.61094982005769e-06,0.663545922469995,0.815312006754604,0.151766084284608,3.79059092069365e-11,FALSE
"cg04099158",0.754965868772476,0.647820039099058,-0.107145829673418,2.6445189210555e-06,0.810914258249298,0.643091404101013,-0.167822854148284,2.82387159929528e-12,TRUE
"cg25594736",0.489724881352873,0.597341672921698,0.107616791568825,2.67084548879789e-06,0.573970219870616,0.743101357442118,0.169131137571502,5.49956339773674e-15,TRUE
"cg08597799",0.605516182974085,0.495270715852252,-0.110245467121834,2.68679001013823e-06,0.674783095453079,0.800368934520163,0.125585839067084,4.8402478808887e-08,FALSE
"cg00916635",0.484347815856113,0.600886356436808,0.116538540580695,3.00829481671828e-06,0.427107392780541,0.647190782392524,0.220083389611982,1.42188062313841e-15,TRUE
"cg03292377",0.673973921998672,0.54990434249567,-0.124069579503002,3.01658218727316e-06,0.400166164301007,0.261475968235857,-0.13869019606515,2.37199724166599e-08,TRUE
"cg07156249",0.430987261251822,0.541681965306393,0.110694704054571,3.0517706847936e-06,0.428041715767628,0.542208523745333,0.114166807977705,6.58190952450304e-06,TRUE
"cg02058408",0.48417121217513,0.586755116202811,0.102583904027681,3.06791728516383e-06,0.514852008130127,0.624123310046522,0.109271301916395,4.10013407958013e-05,TRUE
"cg16871561",0.567586602034014,0.440543654007407,-0.127042948026607,3.39329014039804e-06,0.365719238688941,0.260533598228766,-0.105185640460175,2.46353581681926e-06,TRUE
"cg12702981",0.420607942682039,0.529385716928653,0.108777774246614,3.51125196351994e-06,0.414212993128775,0.623865639041123,0.209652645912348,2.33603308976052e-15,TRUE
"cg18833788",0.515039501540928,0.410507307667781,-0.104532193873147,4.32911710971751e-06,0.366523141466081,0.517301396171865,0.150778254705785,7.97329305975822e-09,FALSE
"cg14566081",0.644810287811496,0.539014823242843,-0.105795464568652,4.51646278049255e-06,0.720658304935095,0.825895001968096,0.105236697033001,2.16232696737255e-08,FALSE
"cg18602913",0.313470274412652,0.424055380742055,0.110585106329404,4.71290674472899e-06,0.404575287176208,0.650704398598712,0.246129111422504,1.03166014888126e-22,TRUE
"cg06246114",0.667239829762019,0.566008091989978,-0.101231737772041,4.80818319741997e-06,0.578467018562496,0.425457275995494,-0.153009742567002,1.09751201411074e-10,TRUE
"cg11458217",0.349068388935952,0.244696325599436,-0.104372063336516,4.96957930065388e-06,0.281391748107294,0.477254076646595,0.195862328539301,3.0566848235974e-10,FALSE
"cg12747584",0.82774461917645,0.719845495934754,-0.107899123241696,4.99322888517605e-06,0.565873137149042,0.436818028466964,-0.129055108682078,1.86883323928347e-05,TRUE
"cg13952963",0.750092551568743,0.64862589840972,-0.101466653159024,4.99984692519286e-06,0.703154868827027,0.538609633927028,-0.164545234899999,4.62358859921331e-09,TRUE
"cg24046017",0.812611029303753,0.687751627648024,-0.124859401655729,5.08166066088067e-06,0.701546819532865,0.550419716851948,-0.151127102680917,5.82831059401953e-06,TRUE
"cg09075515",0.632011578227835,0.522510999883656,-0.109500578344179,5.14651436865004e-06,0.498369086422526,0.376463092278699,-0.121905994143827,2.50745875159049e-07,TRUE
"cg19013262",0.226830296352637,0.335871088807593,0.109040792454956,5.27370194611339e-06,0.231388321558918,0.416111194986808,0.184722873427891,7.69428843348523e-14,TRUE
"cg19200589",0.319084047922358,0.211179338770952,-0.107904709151406,5.34331844252716e-06,0.523140081022733,0.638672720016066,0.115532638993333,1.47923012599581e-06,FALSE
"cg21394171",0.737820421159594,0.624219547371719,-0.113600873787875,5.91339902879704e-06,0.338122098883459,0.485047235605688,0.146925136722229,1.59107451305792e-06,FALSE
"cg05738240",0.807539211832042,0.684502767560815,-0.123036444271227,5.98197731474874e-06,0.507456917500853,0.375757070038939,-0.131699847461913,4.44678373680827e-08,TRUE
"cg20549224",0.319264188740552,0.216027991583865,-0.103236197156686,6.17268311732662e-06,0.252487371207316,0.459918532371059,0.207431161163744,1.33623799980312e-10,FALSE
"cg07242540",0.702218710081484,0.590302525653677,-0.111916184427807,6.40498837332217e-06,0.673893971060319,0.801785744104876,0.127891773044557,1.22786107955253e-09,FALSE
"cg04189187",0.564981518664488,0.464511251319097,-0.100470267345391,6.49659848897873e-06,0.337724457699625,0.477846557825638,0.140122100126012,2.31060295522166e-07,FALSE
"cg11528328",0.362709692761092,0.242553948207668,-0.120155744553424,6.51586476157314e-06,0.589098123100576,0.718708817805849,0.129610694705273,3.93878059893345e-07,FALSE
"cg07658508",0.79577638188675,0.695084416570007,-0.100691965316743,6.9534243954243e-06,0.643105413258667,0.809932801515555,0.166827388256888,6.39152572340285e-13,FALSE
"cg03532030",0.448576855681906,0.32929996735835,-0.119276888323557,7.08637778475172e-06,0.180038564031585,0.300836471987265,0.120797907955681,1.50167686196742e-05,FALSE
"cg16689761",0.656793361118572,0.547911675895159,-0.108881685223413,7.17870819727255e-06,0.614071937853765,0.731835109262616,0.117763171408851,1.18761657161141e-08,FALSE
"cg20454073",0.32363990484826,0.427840407762386,0.104200502914126,7.32700711840668e-06,0.46493671180936,0.647713138021462,0.182776426212102,1.95058745646515e-15,TRUE
"cg19050555",0.555918556007175,0.450832262700095,-0.105086293307079,7.74254892600095e-06,0.380820951496977,0.259658670560479,-0.121162280936498,1.59160431004315e-10,TRUE
"cg13000649",0.229073243914245,0.338431798602648,0.109358554688403,8.07838885074951e-06,0.197529975351851,0.415190266394701,0.21766029104285,1.88398718762315e-17,TRUE
"cg15008124",0.812797089897408,0.694245795583549,-0.118551294313859,8.41367254270305e-06,0.525663212601886,0.391969540264854,-0.133693672337032,6.51514365230986e-09,TRUE
"cg26010734",0.12801892408638,0.228411726103062,0.100392802016682,8.6320691359859e-06,0.390290124730622,0.636597653498804,0.246307528768182,7.82841221272221e-15,TRUE
"cg23726802",0.49306091365468,0.392324351649032,-0.100736562005648,9.00678506200898e-06,0.446055206215462,0.555102107207754,0.109046900992292,4.78883883231617e-05,FALSE
"cg02370667",0.239019027897571,0.347482432992928,0.108463405095357,9.41815274465058e-06,0.228331373426576,0.578582552797902,0.350251179371326,2.58810200972797e-50,TRUE
"cg00802903",0.707414878244119,0.590602562253992,-0.116812315990128,1.0120307450782e-05,0.487293964611721,0.673132892791305,0.185838928179583,2.41797539621814e-10,FALSE
"cg18278184",0.385009731757797,0.492561710034393,0.107551978276596,1.04238070025089e-05,0.380321482704239,0.580548204594683,0.200226721890444,7.12859915836198e-14,TRUE
"cg26514961",0.763956407755713,0.662416561434917,-0.101539846320796,1.07271190577814e-05,0.490367866849988,0.689564388817188,0.1991965219672,2.32479512256976e-12,FALSE
"cg16652521",0.754256225274185,0.635730143526615,-0.11852608174757,1.13795607628563e-05,0.730840548293202,0.615757326004857,-0.115083222288345,1.89629539568573e-05,TRUE
"cg09571972",0.802666076378692,0.701338192609977,-0.101327883768715,1.16268958046835e-05,0.59397172540343,0.781450365023047,0.187478639619616,3.95387489297493e-14,FALSE
"cg24620436",0.834339855994612,0.722557232411405,-0.111782623583206,1.24224057879281e-05,0.666869000878369,0.797466506695822,0.130597505817453,2.99552699914772e-08,FALSE
"cg10722799",0.360412269514399,0.260094776802649,-0.10031749271175,1.24797288144981e-05,0.539841342692108,0.654238950548867,0.114397607856759,1.83055276881933e-08,FALSE
"cg24598094",0.744789039354223,0.643325072928891,-0.101463966425333,1.28926206030447e-05,0.596514250245584,0.482177473651673,-0.114336776593911,0.000216447547880822,TRUE
"cg19814934",0.450126629621419,0.326710493250413,-0.123416136371005,1.41480462927912e-05,0.518469319337585,0.626038967141038,0.107569647803453,0.00223819434730308,FALSE
"cg01564640",0.789557702913554,0.688503571901342,-0.101054131012212,1.42312710436925e-05,0.648611139187658,0.544534520875128,-0.10407661831253,0.000218279520759106,TRUE
"cg04915566",0.414561557779275,0.535586205341752,0.121024647562477,1.44600657809844e-05,0.485825897166389,0.677655740339977,0.191829843173588,7.21057431784794e-13,TRUE
"cg11382529",0.553132662031707,0.451546371573311,-0.101586290458396,1.53716249057581e-05,0.531375051039476,0.63242177100376,0.101046719964284,2.182957167156e-05,FALSE
"cg08708961",0.239043615726308,0.353785272991446,0.114741657265138,1.53859599697027e-05,0.272470297452586,0.480057974286152,0.207587676833566,5.16321062996007e-13,TRUE
"cg18002126",0.752572756151363,0.648256834664981,-0.104315921486383,1.66158462504791e-05,0.484315230609139,0.650399593753643,0.166084363144504,5.72798676024485e-08,FALSE
"cg07118895",0.645180318801248,0.543246895154904,-0.101933423646344,1.66532804531927e-05,0.427682324616325,0.289170543065414,-0.138511781550911,6.57800912062698e-10,TRUE
"cg03142586",0.188296321843623,0.291059894764531,0.102763572920909,1.69096158086492e-05,0.342437976639568,0.48403786534493,0.141599888705363,6.2429527430287e-06,TRUE
"cg24779941",0.424109703772335,0.300047353862584,-0.124062349909751,1.92073124611484e-05,0.391320871931241,0.514002087437518,0.122681215506277,0.00159831849317783,FALSE
"cg17589883",0.706209060057292,0.593784629987845,-0.112424430069446,1.92438004251451e-05,0.450431328370143,0.341312920801082,-0.109118407569062,1.51830261062682e-07,TRUE
"cg08221741",0.640529053802684,0.540235115326675,-0.100293938476008,2.05798525359499e-05,0.517040281940457,0.405155287718664,-0.111884994221793,5.25725003199627e-08,TRUE
"cg24452128",0.427539718903846,0.537328996869857,0.109789277966011,2.21117290172356e-05,0.543687069866585,0.661443854691628,0.117756784825043,1.45710820690543e-05,TRUE
"cg18147048",0.78340243487942,0.676249575973301,-0.107152858906119,2.49757886504773e-05,0.631363778563729,0.762973816924016,0.131610038360287,7.24705256704314e-08,FALSE
"cg19752861",0.635585205834219,0.526243402743883,-0.109341803090336,2.61439177528816e-05,0.509115195084682,0.36367046950884,-0.145444725575841,5.94215467089964e-08,TRUE
"cg01612247",0.686779368145562,0.569165629346973,-0.11761373879859,2.6704716231724e-05,0.471091622791298,0.331409925780157,-0.139681697011141,5.74832833720527e-09,TRUE
"cg14211055",0.750514098382908,0.636746983126126,-0.113767115256781,2.92216600187265e-05,0.701465645496951,0.81433514614505,0.112869500648099,5.48863664067535e-07,FALSE
"cg06967998",0.686208075649466,0.579842363195646,-0.10636571245382,3.05621397824497e-05,0.517928969971195,0.415115078673477,-0.102813891297718,2.48234813915994e-06,TRUE
"cg16394018",0.577823371007291,0.472809809173822,-0.105013561833469,3.27394311014776e-05,0.559289154524872,0.668087811400628,0.108798656875756,8.08632714254332e-05,FALSE
"cg14055970",0.775530811250673,0.655833138806,-0.119697672444673,3.88586574863517e-05,0.638506230748303,0.479637013288554,-0.158869217459749,4.70806628629367e-06,TRUE
"cg00399591",0.623372628348886,0.510293367663147,-0.113079260685739,4.73987887470428e-05,0.495537519131533,0.388517405418997,-0.107020113712536,0.000352310380933376,TRUE
"cg26858540",0.718968368826281,0.582099180642239,-0.136869188184042,5.77392052869626e-05,0.528699725957177,0.697296323729478,0.168596597772301,1.20853937446217e-06,FALSE
"cg26107890",0.307244757309409,0.440798975191844,0.133554217882436,7.46511884615366e-05,0.480155094439011,0.703058341988093,0.222903247549083,1.06993742490393e-12,TRUE
"cg01135464",0.760351284988476,0.660123021631097,-0.10022826335738,8.90500348163062e-05,0.427998558576483,0.320693895996659,-0.107304662579824,0.000111857279328331,TRUE
"cg05707218",0.603508616636605,0.503238893548911,-0.100269723087693,0.000102590559813522,0.41065969281135,0.518044054689508,0.107384361878158,0.00169620677469777,FALSE
"cg15577272",0.60631462849359,0.497438115797511,-0.108876512696079,0.000106024929563227,0.417538647024258,0.308936803940853,-0.108601843083405,8.56354951078925e-06,TRUE
"cg23948811",0.752134948818722,0.651697522734052,-0.10043742608467,0.000121911496059558,0.645927342875409,0.807453580398552,0.161526237523143,3.63014778087833e-13,FALSE
"cg19378330",0.12669614879904,0.227651148198485,0.100954999399444,0.000126895039164513,0.146297132540627,0.411315050631011,0.265017918090385,3.68027530597913e-25,TRUE
"cg04609245",0.386724616894269,0.488309041572578,0.10158442467831,0.000130841071323907,0.451000343951327,0.567822948227244,0.116822604275917,2.65283154848299e-05,TRUE
"cg26783057",0.335912857269294,0.441279210816851,0.105366353547557,0.000235119407982864,0.473510480197426,0.612933398912473,0.139422918715047,4.83272729412084e-06,TRUE
"cg03239552",0.300603837550933,0.414559362226882,0.113955524675949,0.00030938083055145,0.435295451321163,0.584217692430321,0.148922241109159,1.15376081521921e-06,TRUE
"cg22077197",0.454768413899491,0.559066072455097,0.104297658555606,0.000354445657987419,0.653598493758183,0.771681184304246,0.118082690546062,2.39772136134904e-06,TRUE
"cg00498816",0.692011732941122,0.591040553060721,-0.100971179880401,0.000497211614989097,0.641976547222814,0.507231006899906,-0.134745540322908,2.2637903681269e-08,TRUE
"cg02070685",0.147269009891539,0.247522288697684,0.100253278806145,0.000902045422057577,0.062774669442915,0.428850528512111,0.366075859069196,1.75358896910719e-44,TRUE
