"gene_id","baseMean","log2FoldChange","lfcSE","stat","pvalue","padj","gene_name","gene_type","ensembl_id"
"ENSG00000000005.6",5.91252658231866,-1.66265787379117,0.297203224396405,-5.59434668707884,2.21454055607162e-08,1.54102520710548e-07,"TNMD","protein_coding","ENSG00000000005"
"ENSG00000001084.13",4904.38919152354,2.04662773959112,0.124528659370678,16.4349937591397,1.07435761483062e-60,1.15190927108011e-57,"GCLC","protein_coding","ENSG00000001084"
"ENSG00000002726.21",2157.54722746056,1.04721054827306,0.193142028546735,5.42197136559359,5.89453261638786e-08,3.79821196250974e-07,"AOC1","protein_coding","ENSG00000002726"
"ENSG00000002745.13",33.0688665947088,2.11099806489098,0.163142876043768,12.9395663242116,2.69144486700363e-38,7.40929312272491e-36,"WNT16","protein_coding","ENSG00000002745"
"ENSG00000003987.14",265.110889325189,2.13897887264444,0.149039289252363,14.3517785368835,1.03839685201451e-46,5.71721661373342e-44,"MTMR7","protein_coding","ENSG00000003987"
"ENSG00000003989.18",6156.66352716189,1.63558857402276,0.165502132165344,9.88258309801554,4.95391525397221e-23,2.80719567722656e-21,"SLC7A2","protein_coding","ENSG00000003989"
"ENSG00000005073.6",29.7007191487366,1.84889778659501,0.28398482130653,6.51055143753379,7.48754232368765e-11,7.86452531307053e-10,"HOXA11","protein_coding","ENSG00000005073"
"ENSG00000006016.11",6772.86064949784,1.46251933449946,0.215455424127196,6.78803673856939,1.13669709319938e-11,1.35337374834081e-10,"CRLF1","protein_coding","ENSG00000006016"
"ENSG00000006047.13",299.371970939277,1.12426854327149,0.17566547805756,6.40005398729002,1.55322022143347e-10,1.56292545028065e-09,"YBX2","protein_coding","ENSG00000006047"
"ENSG00000006059.4",0.632572599415609,1.70947761523011,0.494898866144199,3.45419586136618,0.000551936370228743,0.00165580911068623,"KRT33A","protein_coding","ENSG00000006059"
"ENSG00000006071.15",64.1287840847269,1.74518340294604,0.203283111142306,8.58498963902782,9.08446155608958e-18,2.62130465424758e-16,"ABCC8","protein_coding","ENSG00000006071"
"ENSG00000006128.12",18.6174031370187,2.4072888265045,0.420508530502501,5.72470866079181,1.03611390669148e-08,7.63646687777335e-08,"TAC1","protein_coding","ENSG00000006128"
"ENSG00000006210.7",4916.40998328499,-1.15862032458622,0.118901405628582,-9.74437870150552,1.94967815638406e-22,1.01997756698081e-20,"CX3CL1","protein_coding","ENSG00000006210"
"ENSG00000006283.18",56.7534146920553,-1.34400927174807,0.140717308366976,-9.55112976040617,1.28289547445177e-21,6.03568248447906e-20,"CACNA1G","protein_coding","ENSG00000006283"
"ENSG00000006377.11",50.6401317292492,1.59311859258121,0.254746067789814,6.25375145690435,4.00708545538884e-10,3.73679749848724e-09,"DLX6","protein_coding","ENSG00000006377"
"ENSG00000006611.17",322.890496362725,1.28146071561736,0.245907381872251,5.21115188108944,1.87671727900935e-07,1.10976911609112e-06,"USH1C","protein_coding","ENSG00000006611"
"ENSG00000006659.13",0.549080664703411,1.13612017930195,0.434431403672384,2.61518888758495,0.00891781228264028,0.0199111368824865,"LGALS14","protein_coding","ENSG00000006659"
"ENSG00000007174.18",305.758775944839,-1.47315350738223,0.217985644362037,-6.75802992299608,1.39880646279985e-11,1.64430385787231e-10,"DNAH9","protein_coding","ENSG00000007174"
"ENSG00000007216.15",183.40041897233,-1.66884135133166,0.283907619467101,-5.87811399519359,4.14967126094629e-09,3.26705422579198e-08,"SLC13A2","protein_coding","ENSG00000007216"
"ENSG00000007314.12",109.987980615339,1.45821841237133,0.193473821275635,7.53703215637561,4.80787805060012e-14,8.23402166522071e-13,"SCN4A","protein_coding","ENSG00000007314"
"ENSG00000007350.17",22.6136049416921,1.66077210243803,0.216654838802558,7.6655204731039,1.7810745165478e-14,3.25117916790802e-13,"TKTL1","protein_coding","ENSG00000007350"
"ENSG00000007372.24",3.9942889980119,1.07673969908713,0.243940308101318,4.41394744258467,1.01502610678547e-05,4.38038435216189e-05,"PAX6","protein_coding","ENSG00000007372"
"ENSG00000008196.13",11.9631903963884,1.05891874612083,0.297574965947729,3.5584940512329,0.000372987237235513,0.00116253205375509,"TFAP2B","protein_coding","ENSG00000008196"
"ENSG00000008226.20",267.037887815292,-1.16501559336215,0.147014661514278,-7.92448577143442,2.2909238059957e-15,4.71886292354312e-14,"DLEC1","protein_coding","ENSG00000008226"
"ENSG00000009694.13",496.443672049807,1.45061607697421,0.208649663881059,6.95240073715691,3.59121517838489e-12,4.63614955681038e-11,"TENM1","protein_coding","ENSG00000009694"
"ENSG00000009709.12",542.353523909366,1.87248314362416,0.359205505069812,5.21284645473416,1.85964815977959e-07,1.10031433305111e-06,"PAX7","protein_coding","ENSG00000009709"
"ENSG00000010282.15",34.94413426791,-3.59591304890914,0.254475306884103,-14.1306954019977,2.45705937101368e-45,1.17774082297895e-42,"HHATL","protein_coding","ENSG00000010282"
"ENSG00000012504.15",26.9492076932968,1.75461107250307,0.27906766541101,6.28740370160366,3.22819128600603e-10,3.06659355480867e-09,"NR1H4","protein_coding","ENSG00000012504"
"ENSG00000015520.15",266.771839453401,2.02570539779,0.216215104478533,9.3689356378482,7.32676207622226e-21,3.14225544496341e-19,"NPC1L1","protein_coding","ENSG00000015520"
"ENSG00000016490.16",5.21272964335942,1.54193003550142,0.372874581377249,4.13525113405732,3.54566674657811e-05,0.000137268244256777,"CLCA1","protein_coding","ENSG00000016490"
"ENSG00000019169.10",2912.5199195862,-1.32227683455046,0.140363745848665,-9.42035870128522,4.49549605550145e-21,1.98225103668069e-19,"MARCO","protein_coding","ENSG00000019169"
"ENSG00000019186.10",5003.91444057703,1.96974200582574,0.196917233722565,10.0028929342004,1.48008853157439e-23,9.04096657300381e-22,"CYP24A1","protein_coding","ENSG00000019186"
"ENSG00000019505.8",877.217124451774,1.68969620355658,0.258904186273384,6.5263379008186,6.7397182003491e-11,7.13607948640394e-10,"SYT13","protein_coding","ENSG00000019505"
"ENSG00000021488.13",54.6546121049561,1.73620358622747,0.181261307217331,9.57845672019663,9.8505790806713e-22,4.73839602696329e-20,"SLC7A9","protein_coding","ENSG00000021488"
"ENSG00000021826.17",12470.6303627167,3.18712642641821,0.266975264838388,11.9379090356836,7.50871116095814e-33,1.30181880353582e-30,"CPS1","protein_coding","ENSG00000021826"
"ENSG00000022267.19",1631.34133939266,-1.06908328108733,0.109152167582226,-9.79443014983629,1.18966327788289e-22,6.46272679077102e-21,"FHL1","protein_coding","ENSG00000022267"
"ENSG00000022355.18",1.16863459125794,1.59866533740077,0.404959977293386,3.94771193954944,7.89016597963913e-05,0.000285293781068901,"GABRA1","protein_coding","ENSG00000022355"
"ENSG00000023839.12",1143.78152926783,3.93383211075573,0.202914774946211,19.3866223482174,1.00098232488685e-83,2.9130730616332e-80,"ABCC2","protein_coding","ENSG00000023839"
"ENSG00000023909.10",2775.99944697086,1.41286494198191,0.0870787851818867,16.2251338145195,3.34986749334362e-59,3.41209128203248e-56,"GCLM","protein_coding","ENSG00000023909"
"ENSG00000025423.11",1168.0215451521,-1.40707816980459,0.143062225603059,-9.83542765305968,7.92302672778211e-23,4.37409048739874e-21,"HSD17B6","protein_coding","ENSG00000025423"
"ENSG00000029559.7",99.4911984979712,-1.33306918345987,0.197794683200279,-6.73966135940093,1.58756201495808e-11,1.85017274529282e-10,"IBSP","protein_coding","ENSG00000029559"
"ENSG00000029993.15",14865.3881294647,1.16210808878693,0.108107722558981,10.7495381576733,5.955908147431e-27,5.2638083655267e-25,"HMGB3","protein_coding","ENSG00000029993"
"ENSG00000031081.11",1835.06619570316,-1.02645813048318,0.0716722848400139,-14.3215488772882,1.60505659959345e-46,8.60458171542575e-44,"ARHGAP31","protein_coding","ENSG00000031081"
"ENSG00000034971.17",7.86333171535226,-1.65904840709551,0.179200052571515,-9.25807991285838,2.08141346335429e-20,8.42135339994477e-19,"MYOC","protein_coding","ENSG00000034971"
"ENSG00000036828.17",60.4592922292064,-2.8667149876083,0.243911658941634,-11.7530871629809,6.80851492841903e-32,1.01240629098021e-29,"CASR","protein_coding","ENSG00000036828"
"ENSG00000038945.15",3003.52951860991,-1.09354870366395,0.100054483483394,-10.9295322467528,8.32765721465907e-28,8.0211285554812e-26,"MSR1","protein_coding","ENSG00000038945"
"ENSG00000039987.7",1.55286816348739,1.08606757823167,0.190340357968369,5.7059237978955,1.15713761783526e-08,8.45503191597241e-08,"BEST2","protein_coding","ENSG00000039987"
"ENSG00000041515.16",106.025270484221,1.52525335137139,0.148085045974575,10.299847235306,7.0573285064435e-25,4.94049373433037e-23,"MYO16","protein_coding","ENSG00000041515"
"ENSG00000041982.16",15910.0803204349,-1.15927749627424,0.135337618782515,-8.56581862975714,1.07310684783103e-17,3.06173615554479e-16,"TNC","protein_coding","ENSG00000041982"
"ENSG00000042304.12",0.814325838857438,1.24600299611938,0.234596802515035,5.31125310644216,1.08873995324174e-07,6.70574934466033e-07,"C2orf83","protein_coding","ENSG00000042304"
"ENSG00000044012.4",6.81455312131689,2.62939324173392,0.372548751578817,7.05785009503014,1.69098330398378e-12,2.3080647488848e-11,"GUCA2B","protein_coding","ENSG00000044012"
"ENSG00000046774.10",89.4551036344948,1.40906972634461,0.430604848222303,3.27230344052505,0.00106675018654536,0.00300031774474787,"MAGEC2","protein_coding","ENSG00000046774"
"ENSG00000047936.11",4283.28048559355,-1.73852299052654,0.133429187713853,-13.0295553792541,8.30904175982478e-39,2.43550567209022e-36,"ROS1","protein_coding","ENSG00000047936"
"ENSG00000052795.13",3502.79964484083,-1.03464963829175,0.0719862499186857,-14.3728787019809,7.65807312130204e-47,4.33351212751679e-44,"FNIP2","protein_coding","ENSG00000052795"
"ENSG00000053108.17",985.889291621537,1.39725842649259,0.183793494304605,7.60232799196298,2.90850429768471e-14,5.16570142112329e-13,"FSTL4","protein_coding","ENSG00000053108"
"ENSG00000054277.14",382.651926595916,1.28249659778081,0.115814941871936,11.0736712988117,1.68358923408172e-28,1.74985908582121e-26,"OPN3","protein_coding","ENSG00000054277"
"ENSG00000054356.14",153.119429422593,2.09888508441294,0.19962080569106,10.5143603500992,7.41824673824263e-26,5.68123358752292e-24,"PTPRN","protein_coding","ENSG00000054356"
"ENSG00000054690.14",404.675655962824,1.01291831883742,0.12938132381695,7.82893766236701,4.92009502332121e-15,9.69808570562051e-14,"PLEKHH1","protein_coding","ENSG00000054690"
"ENSG00000055118.16",578.086835635261,1.04251394522829,0.160259651128932,6.50515546417586,7.76130718559748e-11,8.13529556631845e-10,"KCNH2","protein_coding","ENSG00000055118"
"ENSG00000057149.16",204.186152564422,1.5963093648823,0.293222199608282,5.44402629478539,5.20895256749246e-08,3.38806440704575e-07,"SERPINB3","protein_coding","ENSG00000057149"
"ENSG00000057593.14",61.5388660706809,1.67453782825629,0.205669729460595,8.14187791586082,3.89193585186295e-16,8.9739186424704e-15,"F7","protein_coding","ENSG00000057593"
"ENSG00000058335.16",769.088803840604,-1.844430757067,0.153032663954128,-12.0525298940093,1.88086974601505e-33,3.48328527554051e-31,"RASGRF1","protein_coding","ENSG00000058335"
"ENSG00000058404.20",127.456524383028,1.14695004777285,0.194339562553542,5.90178362399501,3.59592582603736e-09,2.86317775904319e-08,"CAMK2B","protein_coding","ENSG00000058404"
"ENSG00000060709.15",175.430354858301,2.07737086034495,0.229537147870413,9.0502599671481,1.42628366118382e-19,5.14257302722232e-18,"RIMBP2","protein_coding","ENSG00000060709"
"ENSG00000063015.20",10.938624927033,1.32710087027065,0.16320821691615,8.13133612600197,4.24584225311844e-16,9.734853737693e-15,"SEZ6","protein_coding","ENSG00000063015"
"ENSG00000064195.7",202.182434768702,-1.00240951797355,0.150129208163094,-6.67697865217925,2.43918463758998e-11,2.76823676014843e-10,"DLX3","protein_coding","ENSG00000064195"
"ENSG00000064655.19",840.016419609184,1.39230814451302,0.168051921394062,8.28498795469418,1.18121039506308e-16,2.92737561594008e-15,"EYA2","protein_coding","ENSG00000064655"
"ENSG00000064787.13",1562.26397198756,1.1743971297533,0.176313889376065,6.66083162199661,2.72282445552623e-11,3.06283922671191e-10,"BCAS1","protein_coding","ENSG00000064787"
"ENSG00000065609.14",22.1172817625235,1.07245746099678,0.216233461979931,4.95972016161086,7.0594799642142e-07,3.79251571969909e-06,"SNAP91","protein_coding","ENSG00000065609"
"ENSG00000065833.9",1945.95952036962,1.29309957368706,0.0930011784692401,13.904120302247,5.97975396536312e-44,2.5116816062968e-41,"ME1","protein_coding","ENSG00000065833"
"ENSG00000066813.14",1.42998017825755,-1.15673024600434,0.242739888250674,-4.76530764820077,1.88565711410901e-06,9.36804919344935e-06,"ACSM2B","protein_coding","ENSG00000066813"
"ENSG00000068985.5",11.6783106296749,3.17697905873323,0.459219521331047,6.91821429874053,4.57372068205879e-12,5.8052056619664e-11,"PAGE1","protein_coding","ENSG00000068985"
"ENSG00000069482.7",128.021039459327,1.13734698680641,0.21612816786614,5.26237277646676,1.42208064637718e-07,8.5785951695803e-07,"GAL","protein_coding","ENSG00000069482"
"ENSG00000070019.5",38.0458333068392,1.16745571856421,0.149243698602777,7.82247913643227,5.17930407187423e-15,1.0164758468226e-13,"GUCY2C","protein_coding","ENSG00000070019"
"ENSG00000070087.14",4482.75859033557,1.31669898070931,0.103243729828156,12.7533069843649,2.98795864359649e-37,7.56139124323304e-35,"PFN2","protein_coding","ENSG00000070087"
"ENSG00000070182.21",1493.63295543252,-1.43096143402781,0.168080138443654,-8.51356648844926,1.6866371221975e-17,4.67792078078236e-16,"SPTB","protein_coding","ENSG00000070182"
"ENSG00000070193.5",32.2700148411002,-1.71339773438217,0.146509384922556,-11.6947984955903,1.35508456834856e-31,1.92370071666291e-29,"FGF10","protein_coding","ENSG00000070193"
"ENSG00000070748.19",34.9613152782396,-3.47354532250787,0.309017777937567,-11.2406002842,2.57624540882685e-29,3.03364065583331e-27,"CHAT","protein_coding","ENSG00000070748"
"ENSG00000070985.13",23.4679908049586,1.66067692155103,0.19181601608711,8.65765516054124,4.81567782689602e-18,1.44056653231442e-16,"TRPM5","protein_coding","ENSG00000070985"
"ENSG00000072041.17",71.3854420332891,2.20164022623051,0.303873676407544,7.24524826322158,4.31647802453727e-13,6.43727174794005e-12,"SLC6A15","protein_coding","ENSG00000072041"
"ENSG00000073150.14",844.712482009952,1.22699679558613,0.114800088622041,10.6881171461966,1.15695827346731e-26,9.65941617538498e-25,"PANX2","protein_coding","ENSG00000073150"
"ENSG00000073754.6",8.06937888134238,-1.46241638709712,0.165912721384995,-8.81437164606342,1.20358177303067e-18,3.88878129885713e-17,"CD5L","protein_coding","ENSG00000073754"
"ENSG00000074211.14",614.333848546803,2.40646100698907,0.204231589341173,11.7830009292491,4.77617972511012e-32,7.28823560075512e-30,"PPP2R2C","protein_coding","ENSG00000074211"
"ENSG00000074276.10",117.511962768835,1.45468798707979,0.184067213275213,7.9030260805045,2.72212602586357e-15,5.54815311014304e-14,"CDHR2","protein_coding","ENSG00000074276"
"ENSG00000074410.14",2881.83247427689,1.46248557917907,0.170960695313785,8.55451351841311,1.18366851417127e-17,3.35370001897636e-16,"CA12","protein_coding","ENSG00000074410"
"ENSG00000074706.13",574.483731781423,-1.1830723434753,0.125512690558837,-9.42591811399902,4.26358998735661e-21,1.88611777258274e-19,"IPCEF1","protein_coding","ENSG00000074706"
"ENSG00000075388.4",0.742417818559236,1.90716195586004,0.410909380202952,4.64132007626127,3.46190387369981e-06,1.63137114881045e-05,"FGF4","protein_coding","ENSG00000075388"
"ENSG00000075429.9",8.08179946219659,1.51100931306237,0.186624677603625,8.09651398981454,5.65564760870478e-16,1.26678422496679e-14,"CACNG5","protein_coding","ENSG00000075429"
"ENSG00000077264.15",297.018257268586,1.18828670910893,0.181593288239262,6.5436708626768,6.00268307567808e-11,6.40228577362178e-10,"PAK3","protein_coding","ENSG00000077264"
"ENSG00000078018.20",1922.60140740896,1.48947870309343,0.116650971006763,12.7686781364818,2.45284625141727e-37,6.28530281896187e-35,"MAP2","protein_coding","ENSG00000078018"
"ENSG00000078399.19",20.9983283811136,1.46575853002857,0.158326946457825,9.25779573737323,2.08695926443408e-20,8.43541481258311e-19,"HOXA9","protein_coding","ENSG00000078399"
"ENSG00000078725.13",417.867207408726,-1.97696796068378,0.230117314618594,-8.59113084976019,8.6117491523526e-18,2.49019514346559e-16,"BRINP1","protein_coding","ENSG00000078725"
"ENSG00000078898.7",637.71154448637,1.91490003446429,0.279763246278649,6.84471623751825,7.66276094896113e-12,9.40373100432299e-11,"BPIFB2","protein_coding","ENSG00000078898"
"ENSG00000079112.10",701.126992119137,1.19954547952468,0.232113809692469,5.16791948361012,2.36714239063878e-07,1.37935472571218e-06,"CDH17","protein_coding","ENSG00000079112"
"ENSG00000079393.20",130.142921552884,1.05438294079846,0.228682300418332,4.61068888527734,4.0133679183182e-06,1.87111396150633e-05,"DUSP13","protein_coding","ENSG00000079393"
"ENSG00000079689.14",17.9352408829602,2.44075194406357,0.296048255397194,8.24443954513067,1.65936125863048e-16,4.02185340632847e-15,"SCGN","protein_coding","ENSG00000079689"
"ENSG00000080293.10",1041.95057688074,-1.65399916750281,0.167250817781981,-9.88933381275822,4.63099333592873e-23,2.63520337270593e-21,"SCTR","protein_coding","ENSG00000080293"
"ENSG00000080618.17",267.527098067723,-1.5592281213915,0.215086834550597,-7.24929596295074,4.18943545292592e-13,6.26385940031416e-12,"CPB2","protein_coding","ENSG00000080618"
"ENSG00000080644.16",31.3643030546558,1.09237041841461,0.126493554750846,8.63577927402114,5.83280391102138e-18,1.72332073782991e-16,"CHRNA3","protein_coding","ENSG00000080644"
"ENSG00000081138.14",20.9268171024835,2.50430754373,0.250434612818064,9.99984593004056,1.5263434452671e-23,9.28176283440559e-22,"CDH7","protein_coding","ENSG00000081138"
"ENSG00000081277.13",1967.67984948367,1.88310631365708,0.20890722619071,9.01407934993117,1.98530941006977e-19,7.00931207057821e-18,"PKP1","protein_coding","ENSG00000081277"
"ENSG00000082175.15",124.108779569846,-1.00755262541623,0.10624081953518,-9.4836676695872,2.45499085999321e-21,1.11633585500785e-19,"PGR","protein_coding","ENSG00000082175"
"ENSG00000082929.8",11.8357408511014,1.09131872261725,0.187442834137244,5.82214160194673,5.80982915199003e-09,4.46875342910194e-08,"LINC01587","lncRNA","ENSG00000082929"
"ENSG00000084110.11",564.136378089738,1.74904872771643,0.161728287103016,10.814735993601,2.93135464142952e-27,2.66589692311971e-25,"HAL","protein_coding","ENSG00000084110"
"ENSG00000084453.16",79.933489777001,1.57752249463475,0.243078015411279,6.48977856745143,8.59626238017693e-11,8.95977278474159e-10,"SLCO1A2","protein_coding","ENSG00000084453"
"ENSG00000084628.10",46.8593280558867,1.3703938459946,0.184251863620541,7.43761185947552,1.02521762202816e-13,1.68157977352227e-12,"NKAIN1","protein_coding","ENSG00000084628"
"ENSG00000084734.9",54.6346248847532,1.24043007379,0.176658907292552,7.02161070053386,2.19324938623655e-12,2.93752661878487e-11,"GCKR","protein_coding","ENSG00000084734"
"ENSG00000085265.11",654.932986191461,-1.23764942517366,0.111483708473717,-11.101616927871,1.23194691075863e-28,1.30034230531189e-26,"FCN1","protein_coding","ENSG00000085265"
"ENSG00000086506.3",8.84554378628228,1.95084398579658,0.239448519775563,8.1472376092578,3.72331637981467e-16,8.60459893719734e-15,"HBQ1","protein_coding","ENSG00000086506"
"ENSG00000087494.16",256.926416809504,1.01060191227701,0.165947270306755,6.08989777541324,1.12982807106505e-09,9.80668621631941e-09,"PTHLH","protein_coding","ENSG00000087494"
"ENSG00000087842.11",1036.20215652545,1.43319252840053,0.0998549580386739,14.3527427836428,1.02405718242754e-46,5.71550161419797e-44,"PIR","protein_coding","ENSG00000087842"
"ENSG00000088386.17",193.379364752326,1.58715122215787,0.201237659363836,7.88694932735382,3.0966307194213e-15,6.25513264260694e-14,"SLC15A1","protein_coding","ENSG00000088386"
"ENSG00000088827.12",1613.82178312187,-1.10131714636641,0.0988618750355435,-11.1399581079203,8.01570441089732e-29,8.59431170561025e-27,"SIGLEC1","protein_coding","ENSG00000088827"
"ENSG00000088926.14",64.2808886831727,-1.41061650258264,0.214191728752308,-6.58576552325175,4.52547540596855e-11,4.92471806798549e-10,"F11","protein_coding","ENSG00000088926"
"ENSG00000088992.18",4247.77064226423,1.48776943667836,0.17258536926364,8.62048412925235,6.66716246336933e-18,1.95284112325706e-16,"TESC","protein_coding","ENSG00000088992"
"ENSG00000089199.10",628.278579799396,2.16737761237057,0.239282034738409,9.05783676881561,1.33063187765215e-19,4.82330378925101e-18,"CHGB","protein_coding","ENSG00000089199"
"ENSG00000090339.9",12931.6832004434,-1.05218091056483,0.0937166447338808,-11.2272575864471,2.99634612000462e-29,3.46818551043603e-27,"ICAM1","protein_coding","ENSG00000090339"
"ENSG00000090534.20",136.242382411062,1.4251503115602,0.171640458078022,8.30311412308378,1.0141737285363e-16,2.53811303573432e-15,"THPO","protein_coding","ENSG00000090534"
"ENSG00000090932.11",230.304147208556,2.59638014795848,0.229188540660417,11.3285775129808,9.47306907541458e-30,1.15904280282167e-27,"DLL3","protein_coding","ENSG00000090932"
"ENSG00000091129.21",515.219494416293,1.06662414713437,0.153665695273287,6.94119884882201,3.88786296109378e-12,4.98593643764066e-11,"NRCAM","protein_coding","ENSG00000091129"
"ENSG00000091513.16",865.397782771839,2.70372828991248,0.212785077381088,12.7063811202805,5.44986859125794e-37,1.35392680496111e-34,"TF","protein_coding","ENSG00000091513"
"ENSG00000091583.11",312.994694488035,-1.58459037567467,0.191294929281338,-8.28349387841956,1.19613126325748e-16,2.96075188693193e-15,"APOH","protein_coding","ENSG00000091583"
"ENSG00000092009.10",9.00024200422237,-1.35510099180252,0.155955811115516,-8.68900608518396,3.65624077059157e-18,1.11168819191203e-16,"CMA1","protein_coding","ENSG00000092009"
"ENSG00000092529.25",273.215806394524,-1.17032257201501,0.120158492239786,-9.73982404572403,2.03907114349651e-22,1.0610201225987e-20,"CAPN3","protein_coding","ENSG00000092529"
"ENSG00000092621.13",1633.4614854824,1.24529328402047,0.125192303915556,9.94704342896695,2.59786680857583e-23,1.5273432522627e-21,"PHGDH","protein_coding","ENSG00000092621"
"ENSG00000094755.17",370.303509869431,1.18807475743916,0.215775932971662,5.50605779373544,3.66958105090944e-08,2.45017602027537e-07,"GABRP","protein_coding","ENSG00000094755"
"ENSG00000094796.5",1.40403481234213,1.65557521830022,0.301362551126019,5.49363287546606,3.93748597655042e-08,2.61448812161985e-07,"KRT31","protein_coding","ENSG00000094796"
"ENSG00000095587.9",67.6264169360519,1.10049675130104,0.144818356394352,7.59915233607751,2.98076731440876e-14,5.27564738014579e-13,"TLL2","protein_coding","ENSG00000095587"
"ENSG00000095596.12",15.4175943596023,-1.00200456051654,0.232938251794618,-4.30158873777421,1.69577836417626e-05,7.01147735859887e-05,"CYP26A1","protein_coding","ENSG00000095596"
"ENSG00000095917.14",118.894167760878,-1.67815669284972,0.172014251147756,-9.75591662697894,1.74021410367629e-22,9.20799262676402e-21,"TPSD1","protein_coding","ENSG00000095917"
"ENSG00000096088.16",58284.2749088968,1.94165890633835,0.282555312406805,6.87178340339564,6.3404175875109e-12,7.88305260201272e-11,"PGC","protein_coding","ENSG00000096088"
"ENSG00000099399.6",35.5527655987956,2.25412098736725,0.454865859180399,4.95557303735401,7.21174252981454e-07,3.86666700739879e-06,"MAGEB2","protein_coding","ENSG00000099399"
"ENSG00000099721.14",1.05789612668219,2.66159336960388,0.490744473040576,5.42358297611191,5.84160790604387e-08,3.76768451663678e-07,"AMELY","protein_coding","ENSG00000099721"
"ENSG00000099937.11",775.053935317027,-2.68531109865322,0.206203667522773,-13.0226156057901,9.09995101424664e-39,2.62949861115923e-36,"SERPIND1","protein_coding","ENSG00000099937"
"ENSG00000099953.10",7363.47804093926,-1.01494810751841,0.160549376603741,-6.32171939242994,2.58668790384753e-10,2.50331176404893e-09,"MMP11","protein_coding","ENSG00000099953"
"ENSG00000100012.12",25.3762807198832,-1.38425395835897,0.219480788550869,-6.30694817299755,2.84591073033358e-10,2.73275844652324e-09,"SEC14L3","protein_coding","ENSG00000100012"
"ENSG00000100121.13",12.148347348056,-1.23390819218673,0.178847621423915,-6.8992149985716,5.22906816225266e-12,6.57555321403272e-11,"GGTLC2","protein_coding","ENSG00000100121"
"ENSG00000100433.16",24.8819522857081,2.2210336415756,0.220249476117769,10.084172188396,6.49099908219034e-24,4.15169192473596e-22,"KCNK10","protein_coding","ENSG00000100433"
"ENSG00000100448.4",66.5228660593655,-1.50902829836432,0.147915961479302,-10.2019300910638,1.94370831002175e-24,1.31330858499529e-22,"CTSG","protein_coding","ENSG00000100448"
"ENSG00000100604.13",61.8356137774558,3.18468176854763,0.235174772109723,13.541766151098,8.86319981094014e-42,3.34364212867717e-39,"CHGA","protein_coding","ENSG00000100604"
"ENSG00000100721.11",62.0599723454682,-1.11778929251037,0.166638950580109,-6.70785124737692,1.97511114238216e-11,2.27129419345404e-10,"TCL1A","protein_coding","ENSG00000100721"
"ENSG00000100884.9",4.6545871500957,1.18055738129687,0.206238497628422,5.72423381120565,1.03901575255185e-08,7.655084775085e-08,"CPNE6","protein_coding","ENSG00000100884"
"ENSG00000101076.17",340.053874787881,1.53534480807474,0.249943924153003,6.14275707352213,8.11012695617487e-10,7.2055815666344e-09,"HNF4A","protein_coding","ENSG00000101076"
"ENSG00000101180.16",3.11375202771508,3.28046369180538,0.341078826039348,9.61790484005868,6.71856661523514e-22,3.28612916692107e-20,"HRH3","protein_coding","ENSG00000101180"
"ENSG00000101188.5",37.8543330741294,1.51632663623559,0.230579833642708,6.57614593731207,4.82798707573251e-11,5.22461294625683e-10,"NTSR1","protein_coding","ENSG00000101188"
"ENSG00000101200.5",0.604470816659125,1.26655871585064,0.318640851137154,3.97487864889449,7.04151505092087e-05,0.000256864936627871,"AVP","protein_coding","ENSG00000101200"
"ENSG00000101230.6",436.915220020309,-1.05566484838736,0.111417168262967,-9.47488492882698,2.67054888054827e-21,1.20627686297315e-19,"ISM1","protein_coding","ENSG00000101230"
"ENSG00000101280.8",19.173330669068,-1.26156753912453,0.132257486743486,-9.53872306352944,1.44601769219504e-21,6.75348166958036e-20,"ANGPT4","protein_coding","ENSG00000101280"
"ENSG00000101323.5",1.92591404342266,1.53189224763131,0.332452750398018,4.6078495238716,4.06854920440724e-06,1.89488912020078e-05,"HAO1","protein_coding","ENSG00000101323"
"ENSG00000101327.9",0.880881017914075,-1.13167806895321,0.233136081696963,-4.85415239338285,1.2090273814961e-06,6.24881423370491e-06,"PDYN","protein_coding","ENSG00000101327"
"ENSG00000101542.10",29.0718039107206,-1.76370849723528,0.181455209393762,-9.7198008430168,2.48266596696479e-22,1.28527648655714e-20,"CDH20","protein_coding","ENSG00000101542"
"ENSG00000101746.15",29.8480497608645,1.95001886586484,0.201549640858293,9.67512944980078,3.84604606865108e-22,1.93456117253149e-20,"NOL4","protein_coding","ENSG00000101746"
"ENSG00000101842.14",2946.92577255984,-1.70226704453818,0.226228558421728,-7.52454533775026,5.29040938989275e-14,9.01116846874583e-13,"VSIG1","protein_coding","ENSG00000101842"
"ENSG00000101890.5",1.34936898936209,-1.08487642606732,0.25283294828376,-4.2908823135256,1.77964615189388e-05,7.33071713341546e-05,"GUCY2F","protein_coding","ENSG00000101890"
"ENSG00000101916.12",369.466534737819,-1.01169175690802,0.108007921074466,-9.3668292736651,7.47441495589328e-21,3.20220913299643e-19,"TLR8","protein_coding","ENSG00000101916"
"ENSG00000101938.15",949.76654798334,-1.4301538735238,0.134969038078352,-10.5961626005927,3.10459079672e-26,2.49487855681978e-24,"CHRDL1","protein_coding","ENSG00000101938"
"ENSG00000101955.15",432.575773013531,-1.15306737133122,0.10656470734999,-10.8203494384328,2.75724105927801e-27,2.51316045812447e-25,"SRPX","protein_coding","ENSG00000101955"
"ENSG00000101977.21",20.2787516666725,-1.12457025064551,0.184250757526987,-6.1034769448956,1.03785544967544e-09,9.05080149531817e-09,"MCF2","protein_coding","ENSG00000101977"
"ENSG00000102239.5",1.03020256070522,1.01768143595167,0.274107763529313,3.71270562660602,0.000205055340769744,0.000677580677127467,"BRS3","protein_coding","ENSG00000102239"
"ENSG00000102271.14",80.2632574378436,-1.08504244175919,0.127117099267858,-8.53577093883188,1.39223944721599e-17,3.90661238277692e-16,"KLHL4","protein_coding","ENSG00000102271"
"ENSG00000102385.12",61.5659932883367,1.266662339825,0.142826664128082,8.86852848911391,7.41188045274786e-19,2.46114299336843e-17,"DRP2","protein_coding","ENSG00000102385"
"ENSG00000102539.5",3.79802599515499,1.01177156623343,0.176560297124364,5.73045912763029,1.00159160223364e-08,7.40479888401472e-08,"MLNR","protein_coding","ENSG00000102539"
"ENSG00000102683.8",19.2329623283706,-1.09069488833864,0.137589021838085,-7.9271941450545,2.24152715002348e-15,4.62178849561774e-14,"SGCG","protein_coding","ENSG00000102683"
"ENSG00000102837.7",124.994677312059,2.07759227393145,0.27136118312875,7.65618814738773,1.91533061497336e-14,3.47445749091094e-13,"OLFM4","protein_coding","ENSG00000102837"
"ENSG00000102970.11",175.631436833027,-1.78951099097617,0.151758668604172,-11.7918205756253,4.30140790031031e-32,6.61329290876766e-30,"CCL17","protein_coding","ENSG00000102970"
"ENSG00000103044.11",2213.38515157946,-1.03060318716323,0.14562439396224,-7.07713288359134,1.47167403227156e-12,2.02774484602097e-11,"HAS3","protein_coding","ENSG00000103044"
"ENSG00000103154.9",53.6874724608406,3.01244392255664,0.165636110034272,18.1871206824003,6.52807275038524e-74,1.15640551334324e-70,"NECAB2","protein_coding","ENSG00000103154"
"ENSG00000103257.9",6596.24551124207,1.25198962585393,0.106602438447351,11.7444745550756,7.53896176071426e-32,1.11289825730718e-29,"SLC7A5","protein_coding","ENSG00000103257"
"ENSG00000103546.18",7.81030072482404,1.22088066794259,0.277331968401866,4.40223561307393,1.07141111948236e-05,4.59984228040777e-05,"SLC6A2","protein_coding","ENSG00000103546"
"ENSG00000103811.18",28881.0358129885,-1.16477766351851,0.113060764224886,-10.3022270502408,6.88486245842868e-25,4.82805423655352e-23,"CTSH","protein_coding","ENSG00000103811"
"ENSG00000104044.16",58.8217448557731,1.41407044542406,0.181431872703771,7.79394725056306,6.49476691044264e-15,1.26067788581308e-13,"OCA2","protein_coding","ENSG00000104044"
"ENSG00000104112.9",95.8432402115103,3.57472754234776,0.196225214682955,18.217472958934,3.75081456954607e-74,7.27711609557217e-71,"SCG3","protein_coding","ENSG00000104112"
"ENSG00000104140.7",1627.61847695051,1.55602425431977,0.155417247698092,10.0119148766709,1.35111654532036e-23,8.27797615127632e-22,"RHOV","protein_coding","ENSG00000104140"
"ENSG00000104147.9",41.68718621278,1.03008086996518,0.0922780303243879,11.1627964570126,6.20097959773661e-29,6.77336492628908e-27,"OIP5","protein_coding","ENSG00000104147"
"ENSG00000104327.7",79.0921105872904,3.64016739401632,0.205399142516202,17.7224079391139,2.81596452788805e-70,3.82436142532475e-67,"CALB1","protein_coding","ENSG00000104327"
"ENSG00000104368.19",8085.73536173227,-1.43242923462219,0.15136552755753,-9.46337820596407,2.98151682663678e-21,1.33931576700841e-19,"PLAT","protein_coding","ENSG00000104368"
"ENSG00000104371.5",6.14507405929058,1.86700501513125,0.293304701135098,6.36541115060852,1.9476729423219e-10,1.93063721035163e-09,"DKK4","protein_coding","ENSG00000104371"
"ENSG00000104537.17",68.2842029502952,1.98801165014379,0.228165169635352,8.71303737253577,2.95839065493018e-18,9.07633361851057e-17,"ANXA13","protein_coding","ENSG00000104537"
"ENSG00000104687.14",6492.66016206843,1.3376701444213,0.077260435217625,17.3137795645777,3.70290345897227e-67,4.71460611340336e-64,"GSR","protein_coding","ENSG00000104687"
"ENSG00000104722.14",13.7978239439025,1.30931029834618,0.23707558453122,5.52275469840192,3.33725511994438e-08,2.24854945182559e-07,"NEFM","protein_coding","ENSG00000104722"
"ENSG00000104755.15",11.4344292323856,2.43350584336621,0.364309095179519,6.67978339153751,2.39295675944694e-11,2.72031911970276e-10,"ADAM2","protein_coding","ENSG00000104755"
"ENSG00000104760.17",2114.82339822512,2.32007488369095,0.249151679353732,9.31189743416112,1.25568746948431e-20,5.23113236903877e-19,"FGL1","protein_coding","ENSG00000104760"
"ENSG00000104833.12",85.733888791045,1.20246880399948,0.17321976162943,6.94186848364293,3.86947376972208e-12,4.96391592568598e-11,"TUBB4A","protein_coding","ENSG00000104833"
"ENSG00000104918.8",101.045342295028,-1.9015379027468,0.161648877472858,-11.7633845188073,6.02689385248728e-32,9.09458282340331e-30,"RETN","protein_coding","ENSG00000104918"
"ENSG00000104921.15",60.7037817939316,-1.16009063082391,0.161479127775856,-7.18415219850705,6.76254980829302e-13,9.78085079301677e-12,"FCER2","protein_coding","ENSG00000104921"
"ENSG00000104941.8",2.07611161679309,1.93074776797612,0.261200471643187,7.39182343672646,1.44828763712195e-13,2.32404817641825e-12,"RSPH6A","protein_coding","ENSG00000104941"
"ENSG00000104970.11",10.8258341493532,1.39198044640881,0.171035853963502,8.13853010437126,4.00105569918374e-16,9.21509397127435e-15,"KIR3DX1","transcribed_unprocessed_pseudogene","ENSG00000104970"
"ENSG00000105141.6",33.3541683991954,3.69917482463818,0.428982267967069,8.62314156286328,6.51418442470578e-18,1.91215717590625e-16,"CASP14","protein_coding","ENSG00000105141"
"ENSG00000105143.12",5.28689712417202,1.71322416599176,0.232890088954909,7.35636356909746,1.88987846200161e-13,2.98100341375654e-12,"SLC1A6","protein_coding","ENSG00000105143"
"ENSG00000105205.7",13.3343493549574,-1.57448176567719,0.22634525557641,-6.95610677443897,3.4980478221877e-12,4.52017007356148e-11,"CLC","protein_coding","ENSG00000105205"
"ENSG00000105352.10",83.0891042423104,-1.51917297242935,0.118253720811641,-12.8467245005266,8.97298201585926e-38,2.38945232857617e-35,"CEACAM4","protein_coding","ENSG00000105352"
"ENSG00000105383.15",285.515057255459,-1.10691891083086,0.0818930505957507,-13.516640334904,1.24743872363363e-41,4.66278861623899e-39,"CD33","protein_coding","ENSG00000105383"
"ENSG00000105492.16",88.4167252317067,-1.39161773349534,0.110878767367993,-12.5508045095481,3.93491684421948e-36,8.95644228961085e-34,"SIGLEC6","protein_coding","ENSG00000105492"
"ENSG00000105550.10",1.8182013239091,2.9820479361653,0.316012475378431,9.43648801394388,3.85483346144949e-21,1.72401185202894e-19,"FGF21","protein_coding","ENSG00000105550"
"ENSG00000105641.4",258.582487956402,2.22729860810201,0.223060872421542,9.98516048073569,1.77014409572512e-23,1.06687841556403e-21,"SLC5A5","protein_coding","ENSG00000105641"
"ENSG00000105695.15",10.7468302040988,-1.1225961097588,0.207691318858776,-5.40511811435956,6.4765699691115e-08,4.14116274719883e-07,"MAG","protein_coding","ENSG00000105695"
"ENSG00000105696.9",1241.72839147722,1.51954373033249,0.204349941806498,7.43598807466934,1.03789201519232e-13,1.70099896922689e-12,"TMEM59L","protein_coding","ENSG00000105696"
"ENSG00000105825.14",7534.38438995768,-1.62087655655826,0.21327429665659,-7.59996202996821,2.96217649655398e-14,5.24730247822169e-13,"TFPI2","protein_coding","ENSG00000105825"
"ENSG00000106018.14",51.8941620919927,1.25204889497671,0.163417380905476,7.66166296411837,1.835407874363e-14,3.34287094435279e-13,"VIPR2","protein_coding","ENSG00000106018"
"ENSG00000106031.9",26.0291088267976,1.22987708025033,0.341567411947089,3.60068624005866,0.000317378393670905,0.00100489181639211,"HOXA13","protein_coding","ENSG00000106031"
"ENSG00000106038.13",4.42009933438868,1.15555741366186,0.306448822598371,3.77080063112635,0.000162724639513235,0.000550381038327058,"EVX1","protein_coding","ENSG00000106038"
"ENSG00000106331.17",0.497787054622652,1.96709515092464,0.523550908212357,3.75721848643374,0.000171812478977443,0.000577904386277386,"PAX4","protein_coding","ENSG00000106331"
"ENSG00000106571.15",763.234385286249,-1.05521195634333,0.113988100409508,-9.25721152078533,2.09840642250023e-20,8.47327778710871e-19,"GLI3","protein_coding","ENSG00000106571"
"ENSG00000106689.11",26.4205580113448,1.53994499051047,0.193409039939565,7.96211485766981,1.69123371327814e-15,3.54454399074543e-14,"LHX2","protein_coding","ENSG00000106689"
"ENSG00000106809.11",256.279794442152,-1.51956544834676,0.142088048000171,-10.694533915653,1.07961068250812e-26,9.05073622169309e-25,"OGN","protein_coding","ENSG00000106809"
"ENSG00000106853.20",3247.15724743904,1.62373417890399,0.100351035853073,16.1805422844001,6.91824162976831e-59,6.87487606638172e-56,"PTGR1","protein_coding","ENSG00000106853"
"ENSG00000106927.12",383.684279849501,2.80715185353458,0.199593072970769,14.0643751396407,6.28757646612698e-45,2.84638586621568e-42,"AMBP","protein_coding","ENSG00000106927"
"ENSG00000107147.14",46.2486418125161,1.16270606318049,0.166764112545613,6.97215992956798,3.1211144374421e-12,4.07314431533323e-11,"KCNT1","protein_coding","ENSG00000107147"
"ENSG00000107954.10",188.561183687585,2.13688854853476,0.176795983057321,12.0867483049201,1.24101922549432e-33,2.34087251408866e-31,"NEURL1","protein_coding","ENSG00000107954"
"ENSG00000108309.14",122.244607383556,1.8157701711589,0.167108950230764,10.8657864743418,1.67771323282507e-27,1.5606180421231e-25,"RUNDC3A","protein_coding","ENSG00000108309"
"ENSG00000108448.21",854.507344163336,2.55753495769148,0.109657150769875,23.3230112193841,2.59016911812784e-120,2.11062520759766e-116,"TRIM16L","protein_coding","ENSG00000108448"
"ENSG00000108515.18",730.271357984772,1.89809639939484,0.149027849092505,12.7365214686596,3.70551289406265e-37,9.31936492856757e-35,"ENO3","protein_coding","ENSG00000108515"
"ENSG00000108551.5",4919.94493471025,1.19301161962761,0.148470930843966,8.03532120965416,9.33340668444102e-16,2.02751536023537e-14,"RASD1","protein_coding","ENSG00000108551"
"ENSG00000108576.10",116.50795940481,-1.24809558918959,0.192889124257531,-6.47053375349056,9.7657334546771e-11,1.01140131709179e-09,"SLC6A4","protein_coding","ENSG00000108576"
"ENSG00000108602.18",3314.59654063382,3.9084513769693,0.21057039964209,18.5612573448716,6.61384650637251e-77,1.5851055777008e-73,"ALDH3A1","protein_coding","ENSG00000108602"
"ENSG00000108702.4",5.04581047737499,-1.22366757622542,0.185062102126219,-6.6121997003516,3.78650706628382e-11,4.16505554539961e-10,"CCL1","protein_coding","ENSG00000108702"
"ENSG00000108759.4",9.8049339464547,-1.25249089876138,0.208897628193672,-5.99571622517506,2.02590530549291e-09,1.67903701915577e-08,"KRT32","protein_coding","ENSG00000108759"
"ENSG00000108924.14",1035.34059036141,-1.5271297306158,0.137780304379865,-11.0838028518608,1.50348083306275e-28,1.57067486106347e-26,"HLF","protein_coding","ENSG00000108924"
"ENSG00000109061.10",6.64116741621063,-1.10135014586689,0.169672181890635,-6.49104722762856,8.52417499955416e-11,8.88918510383504e-10,"MYH1","protein_coding","ENSG00000109061"
"ENSG00000109132.7",12.3597492414707,3.78708780187743,0.431777159855183,8.77093129045457,1.77194553830871e-18,5.62177023133335e-17,"PHOX2B","protein_coding","ENSG00000109132"
"ENSG00000109158.11",1.17445586988617,-1.58862309350167,0.351589356409129,-4.5184049646061,6.23072283472992e-06,2.79480718016898e-05,"GABRA4","protein_coding","ENSG00000109158"
"ENSG00000109272.4",9.16134959695881,1.12246132666019,0.225922715054989,4.96834205620708,6.75277693431403e-07,3.64022744952046e-06,"PF4V1","protein_coding","ENSG00000109272"
"ENSG00000109321.11",2984.59523492096,-1.46423395879465,0.16501469293049,-8.87335504973149,7.09746003043562e-19,2.36526054213475e-17,"AREG","protein_coding","ENSG00000109321"
"ENSG00000109339.24",380.636242967329,-1.16300242867204,0.108741722010357,-10.6950893104421,1.07316217495595e-26,9.01522608128456e-25,"MAPK10","protein_coding","ENSG00000109339"
"ENSG00000109472.14",8216.52067741102,1.13834675847261,0.135024971177034,8.43063878147473,3.437834053544e-17,9.14279848848194e-16,"CPE","protein_coding","ENSG00000109472"
"ENSG00000109674.4",246.38466957234,1.68164178683489,0.126069661813571,13.3389886404365,1.37309703652081e-40,4.70118424865273e-38,"NEIL3","protein_coding","ENSG00000109674"
"ENSG00000109814.12",8560.41746632387,1.71407303185257,0.0954510656361343,17.9576102207882,4.1843927915393e-72,6.08873983948878e-69,"UGDH","protein_coding","ENSG00000109814"
"ENSG00000109819.9",491.014841676739,1.92598393701612,0.157647575114333,12.2170222765514,2.52152448825889e-34,4.93915731851595e-32,"PPARGC1A","protein_coding","ENSG00000109819"
"ENSG00000109832.14",19.812861443866,1.23260701739158,0.169988420989585,7.25112340132334,4.13328880370999e-13,6.18672247353255e-12,"DDX25","protein_coding","ENSG00000109832"
"ENSG00000109851.7",0.592328504155349,1.32887175595141,0.408319912439506,3.25448677732141,0.00113597448178516,0.0031763783070052,"DBX1","protein_coding","ENSG00000109851"
"ENSG00000110243.12",4.39801362141156,1.74521324848736,0.267750187325844,6.51806546212975,7.12199122346628e-11,7.51667067012572e-10,"APOA5","protein_coding","ENSG00000110243"
"ENSG00000110244.7",0.915673537912431,-1.50287587074308,0.534016285143169,-2.81428846376877,0.00488853395598381,0.0116887107943739,"APOA4","protein_coding","ENSG00000110244"
"ENSG00000110245.12",2.06137987133289,2.58447661933877,0.439602170225405,5.87912616085035,4.12437943759379e-09,3.24902535626225e-08,"APOC3","protein_coding","ENSG00000110245"
"ENSG00000110680.13",6385.46934264382,3.82267567915833,0.350452968666368,10.9078136610038,1.0576952884678e-27,9.92941915623119e-26,"CALCA","protein_coding","ENSG00000110680"
"ENSG00000111344.11",570.08461719579,1.01120960191017,0.120469653113117,8.39389485882119,4.70296750232204e-17,1.2243642488633e-15,"RASAL1","protein_coding","ENSG00000111344"
"ENSG00000111404.7",41.9692014039477,1.1524594051478,0.202813499038502,5.68236044746222,1.3284830399817e-08,9.60539210256866e-08,"RERGL","protein_coding","ENSG00000111404"
"ENSG00000111432.4",383.595888599963,3.58331761225939,0.189793921551092,18.8800441182453,1.66446967096303e-79,4.52103252026979e-76,"FZD10","protein_coding","ENSG00000111432"
"ENSG00000111729.14",11.5171912163746,-1.16827990065264,0.112751669214839,-10.361530865025,3.70976392679475e-25,2.6942408497219e-23,"CLEC4A","protein_coding","ENSG00000111729"
"ENSG00000112164.6",56.1544138124112,-1.25794237940998,0.182128949771543,-6.90687768741818,4.95436738133988e-12,6.24940526990498e-11,"GLP1R","protein_coding","ENSG00000112164"
"ENSG00000112539.15",63.2224405985684,-1.16016377970872,0.224760402595996,-5.16178012812204,2.44612499497343e-07,1.42131304435542e-06,"C6orf118","protein_coding","ENSG00000112539"
"ENSG00000112541.17",737.856582972,1.51990288114587,0.161659787928342,9.4018611593106,5.36063186742166e-21,2.32844588672026e-19,"PDE10A","protein_coding","ENSG00000112541"
"ENSG00000112799.9",484.833591205968,-1.12686643154571,0.0865280715849133,-13.0231312325027,9.03869629498241e-39,2.62949861115923e-36,"LY86","protein_coding","ENSG00000112799"
"ENSG00000112837.17",155.342080348429,1.13110279950603,0.220748182564317,5.1239506770411,2.99199281205917e-07,1.71549061556047e-06,"TBX18","protein_coding","ENSG00000112837"
"ENSG00000112936.19",4349.81769224742,-1.29550168446017,0.143705159554378,-9.01499771112918,1.96874574787279e-19,6.96290000048447e-18,"C7","protein_coding","ENSG00000112936"
"ENSG00000113100.10",0.505539446168752,1.3406260129868,0.516215297267335,2.59702883677335,0.00940340293022127,0.020854762701323,"CDH9","protein_coding","ENSG00000113100"
"ENSG00000113196.3",10.7957634986236,-2.52795899077635,0.29358043670705,-8.61078830432726,7.2559873351556e-18,2.11769836673528e-16,"HAND1","protein_coding","ENSG00000113196"
"ENSG00000113296.14",330.992473758501,-1.557422159253,0.16529679575695,-9.4219742864406,4.4268465926195e-21,1.95621486684486e-19,"THBS4","protein_coding","ENSG00000113296"
"ENSG00000113327.17",23.7243966989595,1.69111640258791,0.400735694822364,4.22002937207162,2.44270490985113e-05,9.78306557967803e-05,"GABRG2","protein_coding","ENSG00000113327"
"ENSG00000113430.10",8.18502011446255,1.87434097409074,0.333141120598486,5.62626724291344,1.84150979097348e-08,1.30099936559099e-07,"IRX4","protein_coding","ENSG00000113430"
"ENSG00000113889.14",10.2624649535784,2.26392579622707,0.243042716310599,9.31492961646241,1.22033422400877e-20,5.09427021401531e-19,"KNG1","protein_coding","ENSG00000113889"
"ENSG00000113905.5",4.36896664342175,1.72734660756007,0.194847236295644,8.86513270806238,7.64130038060445e-19,2.52907799680721e-17,"HRG","protein_coding","ENSG00000113905"
"ENSG00000113924.12",1254.02509631275,2.42670054166697,0.17370002834295,13.9706398716053,2.35501258144408e-44,1.03172341511587e-41,"HGD","protein_coding","ENSG00000113924"
"ENSG00000114279.13",194.540403574092,2.19836274213864,0.159879342222716,13.7501362688637,5.08336901056872e-43,2.09203741007678e-40,"FGF12","protein_coding","ENSG00000114279"
"ENSG00000114349.10",2.14242372024112,1.98708446136052,0.276695855354072,7.18147533803047,6.8963125692915e-13,9.96017238605614e-12,"GNAT1","protein_coding","ENSG00000114349"
"ENSG00000114455.13",1627.34132025967,-2.17747663785798,0.238261612927862,-9.13901576968359,6.30232800345813e-20,2.37315850133914e-18,"HHLA2","protein_coding","ENSG00000114455"
"ENSG00000114638.8",219.71253746964,4.27604566485572,0.279533103844284,15.2970993633646,7.99408684734396e-53,6.38633491022225e-50,"UPK1B","protein_coding","ENSG00000114638"
"ENSG00000115263.15",4.47381891579635,-1.65160526533173,0.467237417995027,-3.53483090549333,0.000408036181333351,0.00126230965345974,"GCG","protein_coding","ENSG00000115263"
"ENSG00000115457.10",10202.8229129825,1.03009716883463,0.149831774944027,6.87502480177817,6.19790748882755e-12,7.71528703994197e-11,"IGFBP2","protein_coding","ENSG00000115457"
"ENSG00000115590.14",263.961592617593,1.1233187988117,0.135438234189489,8.29395632285109,1.09542689962194e-16,2.7247239420816e-15,"IL1R2","protein_coding","ENSG00000115590"
"ENSG00000115616.3",152.929857697284,1.37604260232784,0.196467651946102,7.00391432735879,2.48908353996134e-12,3.29583135094718e-11,"SLC9A2","protein_coding","ENSG00000115616"
"ENSG00000115657.14",44.0857678499664,1.20179066878926,0.0923873479783878,13.0081736848902,1.09938189785641e-38,3.15437441298335e-36,"ABCB6","protein_coding","ENSG00000115657"
"ENSG00000115718.18",233.03778376972,1.62430980240546,0.15942583735672,10.1884978579163,2.23186025485536e-24,1.49560332834822e-22,"PROC","protein_coding","ENSG00000115718"
"ENSG00000115758.13",15989.6815608243,1.7510711832574,0.134085943031544,13.0593195950858,5.62280778587195e-39,1.67219020160424e-36,"ODC1","protein_coding","ENSG00000115758"
"ENSG00000115844.11",3.70614282361101,1.29035417661121,0.232409286475905,5.55207666688904,2.82295727663696e-08,1.92850013953755e-07,"DLX2","protein_coding","ENSG00000115844"
"ENSG00000115850.10",72.1157331126519,-1.80801816765824,0.220723172357902,-8.19133826477693,2.58337400228627e-16,6.09816958141075e-15,"LCT","protein_coding","ENSG00000115850"
"ENSG00000115919.15",2189.86399530728,2.11997971157952,0.149418934944863,14.1881597025291,1.08467975318533e-45,5.38940331512562e-43,"KYNU","protein_coding","ENSG00000115919"
"ENSG00000116031.9",634.020245719012,-2.13247972270377,0.184610016684326,-11.5512676993589,7.27395115084768e-31,9.81333085228433e-29,"CD207","protein_coding","ENSG00000116031"
"ENSG00000116690.13",344.851882685368,-1.69557780804557,0.164114290259085,-10.3316890038569,5.06605815447305e-25,3.59593044229435e-23,"PRG4","protein_coding","ENSG00000116690"
"ENSG00000116711.10",2943.74365649118,1.31195706062973,0.139249992455025,9.42159520082891,4.44286100414268e-21,1.9611645275383e-19,"PLA2G4A","protein_coding","ENSG00000116711"
"ENSG00000116981.3",14.3736869235477,-1.14843908075604,0.225996551167744,-5.0816664007568,3.74138058967914e-07,2.10836887088931e-06,"NT5C1A","protein_coding","ENSG00000116981"
"ENSG00000116990.11",785.784387367916,1.09702617871012,0.114644267215985,9.56895800680005,1.07988511902778e-21,5.15800227485916e-20,"MYCL","protein_coding","ENSG00000116990"
"ENSG00000117148.8",19.3839115754811,2.58165362854715,0.321856103247659,8.02114237541937,1.04766208761654e-15,2.25846012887623e-14,"ACTL8","protein_coding","ENSG00000117148"
"ENSG00000117407.17",134.741441911928,1.62283020440704,0.133018795818611,12.2000067315297,3.10798262749324e-34,6.05878163597881e-32,"ARTN","protein_coding","ENSG00000117407"
"ENSG00000118004.18",132.054689153799,1.5992645280886,0.141361571960051,11.3132904926987,1.12779142775534e-29,1.36754780181654e-27,"COLEC11","protein_coding","ENSG00000118004"
"ENSG00000118017.4",7.11482898036957,-1.02397603714819,0.175025958572785,-5.85042381997508,4.90321999586806e-09,3.81681108696317e-08,"A4GNT","protein_coding","ENSG00000118017"
"ENSG00000118402.6",115.252529829085,1.02930932406331,0.149693081264097,6.87613158451421,6.14996981281667e-12,7.66029410221919e-11,"ELOVL4","protein_coding","ENSG00000118402"
"ENSG00000118492.17",39.727435418863,-1.2675467770773,0.216094001742793,-5.86571939459016,4.4718952380426e-09,3.50246881360188e-08,"ADGB","protein_coding","ENSG00000118492"
"ENSG00000118526.7",165.600600865951,-1.17147532518116,0.126519369452663,-9.25925674660801,2.05860176830341e-20,8.35394540298663e-19,"TCF21","protein_coding","ENSG00000118526"
"ENSG00000118733.17",2.7121107660156,1.2491000728206,0.363931690601332,3.43223771130423,0.000598622609376549,0.00178404513011694,"OLFM3","protein_coding","ENSG00000118733"
"ENSG00000119125.17",199.495033659984,1.56712427472419,0.248164916779245,6.31485020148205,2.70423288076264e-10,2.60592621241515e-09,"GDA","protein_coding","ENSG00000119125"
"ENSG00000119147.10",113.111858742548,-1.23114564208549,0.180681931239258,-6.81388356678132,9.49986019987433e-12,1.14886555097501e-10,"ECRG4","protein_coding","ENSG00000119147"
"ENSG00000119714.11",753.893262056186,-1.02423673592213,0.0944690780406479,-10.8420316696795,2.17584503299697e-27,2.00113892052812e-25,"GPR68","protein_coding","ENSG00000119714"
"ENSG00000119919.11",9.6483043089826,2.23760507580994,0.210035401141578,10.6534663378086,1.67990714460907e-26,1.37438668258649e-24,"NKX2-3","protein_coding","ENSG00000119919"
"ENSG00000119973.6",3.50600810747175,2.4448014927989,0.385607146237112,6.3401353337357,2.29563420373637e-10,2.24456501950638e-09,"PRLHR","protein_coding","ENSG00000119973"
"ENSG00000120068.7",174.229541002518,1.42683852123658,0.23606313307383,6.04430900605868,1.5005168680473e-09,1.27581761896149e-08,"HOXB8","protein_coding","ENSG00000120068"
"ENSG00000120211.4",258.707055116302,2.21970088677818,0.405066897930163,5.47983777030548,4.25715997958061e-08,2.81071899283832e-07,"INSL4","protein_coding","ENSG00000120211"
"ENSG00000120217.14",801.859047473803,-1.13005385931071,0.116620346657434,-9.69002315376564,3.32453293416876e-22,1.69102928011034e-20,"CD274","protein_coding","ENSG00000120217"
"ENSG00000120262.10",390.934275472597,-1.03943178510781,0.129980359201556,-7.99683730290357,1.27655738703496e-15,2.72165241339432e-14,"CCDC170","protein_coding","ENSG00000120262"
"ENSG00000120332.16",40.5711842502008,-1.05817226293324,0.12226529747661,-8.65472284264202,4.9411088504557e-18,1.47592080567534e-16,"TNN","protein_coding","ENSG00000120332"
"ENSG00000120457.12",403.983762710577,-1.00552344566329,0.124438279154779,-8.08049944513134,6.45020511429052e-16,1.43450167560884e-14,"KCNJ5","protein_coding","ENSG00000120457"
"ENSG00000120659.15",134.450498543732,1.11447416431019,0.166259785769703,6.70320943306106,2.03890908062634e-11,2.34069520067509e-10,"TNFSF11","protein_coding","ENSG00000120659"
"ENSG00000120708.17",16291.2116930077,-1.10645720829367,0.117808755820732,-9.3919777064563,5.88840441943841e-21,2.5387435054093e-19,"TGFBI","protein_coding","ENSG00000120708"
"ENSG00000120875.9",5476.59304457977,1.70970815009437,0.13535325235641,12.6314522948617,1.41639703519164e-36,3.3946037885184e-34,"DUSP4","protein_coding","ENSG00000120875"
"ENSG00000120907.18",14.3041520105656,-1.54792216266279,0.188602578329977,-8.20732238323148,2.26175686625723e-16,5.39208660046332e-15,"ADRA1A","protein_coding","ENSG00000120907"
"ENSG00000120937.9",1.7587601131361,1.91616582500565,0.328705850654127,5.82942415290895,5.56189692909424e-09,4.29182512466073e-08,"NPPB","protein_coding","ENSG00000120937"
"ENSG00000121039.10",6057.94318533527,1.11393080005355,0.113960569706921,9.77470367968773,1.4457978046274e-22,7.75080788867557e-21,"RDH10","protein_coding","ENSG00000121039"
"ENSG00000121446.20",0.987128267150249,1.25901373783844,0.25042217804687,5.02756484133285,4.96747544552631e-07,2.73981118284931e-06,"RGSL1","protein_coding","ENSG00000121446"
"ENSG00000121594.12",101.201070004293,-1.01317198120608,0.0853716944674297,-11.8677740617251,1.74036722647765e-32,2.85918475437011e-30,"CD80","protein_coding","ENSG00000121594"
"ENSG00000121769.8",1042.27606369871,-1.38686935006734,0.141095276446495,-9.82931098046543,8.4192817710227e-23,4.62924152762184e-21,"FABP3","protein_coding","ENSG00000121769"
"ENSG00000122136.14",23.1090125515113,1.48190257683948,0.256566428635932,5.77590211127075,7.65418661346482e-09,5.78257973655474e-08,"OBP2A","protein_coding","ENSG00000122136"
"ENSG00000122420.10",172.318584225197,-1.63126239382892,0.157849843210879,-10.3342667984132,4.93169001871229e-25,3.51279451804886e-23,"PTGFR","protein_coding","ENSG00000122420"
"ENSG00000122574.11",224.142430167374,1.0367156941337,0.123668991570725,8.38298817647279,5.16006610457239e-17,1.33568343899996e-15,"WIPF3","protein_coding","ENSG00000122574"
"ENSG00000122711.9",65.1346531905011,3.72616616061886,0.249931526167274,14.9087480789639,2.89122704000331e-50,2.06661865422552e-47,"SPINK4","protein_coding","ENSG00000122711"
"ENSG00000122728.6",7.46455580631939,1.15867393543101,0.195007443430939,5.94169081469627,2.82097113573457e-09,2.28362461719121e-08,"TAF1L","protein_coding","ENSG00000122728"
"ENSG00000122735.16",124.865153406521,-1.0895204156354,0.188167287335957,-5.79016911526255,7.03155898683732e-09,5.34941881755406e-08,"DNAI1","protein_coding","ENSG00000122735"
"ENSG00000122756.15",22.4483178427783,-1.23411511863521,0.170676331931925,-7.23073377934698,4.80391252436503e-13,7.11471493930223e-12,"CNTFR","protein_coding","ENSG00000122756"
"ENSG00000122852.15",127623.95185199,-1.64526171245046,0.194681043167482,-8.45106275208861,2.88663043961458e-17,7.77329702585702e-16,"SFTPA1","protein_coding","ENSG00000122852"
"ENSG00000122859.5",5.68945267447181,1.9756622223104,0.232432991104287,8.49992168893082,1.89718640350459e-17,5.23945470983781e-16,"NEUROG3","protein_coding","ENSG00000122859"
"ENSG00000123307.4",1.03008274739877,3.2737948425464,0.651936649207608,5.02164565610096,5.12306314428525e-07,2.82066164442722e-06,"NEUROD4","protein_coding","ENSG00000123307"
"ENSG00000123496.8",94.5138978246945,-1.17539262506531,0.177221657602592,-6.6323306133444,3.30427432594548e-11,3.66928451518116e-10,"IL13RA2","protein_coding","ENSG00000123496"
"ENSG00000123560.14",6.31649937461041,-1.06730859245752,0.199233802424711,-5.35706581648387,8.45843151945421e-08,5.31823881785683e-07,"PLP1","protein_coding","ENSG00000123560"
"ENSG00000123569.8",1.22981675499499,1.89382928028849,0.511461416337346,3.70278034626833,0.000213249505591018,0.000701358137414826,"H2BW1","protein_coding","ENSG00000123569"
"ENSG00000123576.5",1.12770521500426,3.20598388482405,0.532316547750337,6.02270190241709,1.71529190995895e-09,1.44095130489603e-08,"ESX1","protein_coding","ENSG00000123576"
"ENSG00000123584.7",1.04030400788578,2.57575729792613,0.621418426474627,4.14496446868928,3.39866405376592e-05,0.00013209173856967,"MAGEA9","protein_coding","ENSG00000123584"
"ENSG00000123838.11",12260.8058786258,-1.13674758413691,0.172639192953868,-6.58452790868102,4.56333008271158e-11,4.96458631668673e-10,"C4BPA","protein_coding","ENSG00000123838"
"ENSG00000123999.5",591.613960519981,3.70159315096139,0.227721291822204,16.2549277730756,2.06111076066359e-59,2.15322655696709e-56,"INHA","protein_coding","ENSG00000123999"
"ENSG00000124092.12",6.70206716777813,1.28118308987387,0.277365830810301,4.61910930459964,3.85390809988665e-06,1.80316694664311e-05,"CTCFL","protein_coding","ENSG00000124092"
"ENSG00000124102.5",308.92096217536,2.09750053581742,0.195384954158382,10.7352203492453,6.95528426883583e-27,6.09417520355222e-25,"PI3","protein_coding","ENSG00000124102"
"ENSG00000124237.6",378.947197544758,-1.19999042727647,0.244775178274708,-4.90241876539352,9.46637659383172e-07,4.98178162675253e-06,"C20orf85","protein_coding","ENSG00000124237"
"ENSG00000124253.11",76.3419106934127,3.44963393562686,0.303099356190742,11.3811984920746,5.18817833218933e-30,6.52413425272808e-28,"PCK1","protein_coding","ENSG00000124253"
"ENSG00000124260.12",67.1043671271652,1.5841260393974,0.449801934002277,3.52183020935917,0.000428578543423274,0.00132004653724633,"MAGEA10","protein_coding","ENSG00000124260"
"ENSG00000124343.14",74.2931091814017,2.04716863248942,0.17822012451222,11.4867422413289,1.53803227735969e-30,1.99567035275369e-28,"XG","protein_coding","ENSG00000124343"
"ENSG00000124391.5",37.8852085596064,1.61068249260923,0.190804389290319,8.44153794679479,3.13189213536363e-17,8.38388181807625e-16,"IL17C","protein_coding","ENSG00000124391"
"ENSG00000124466.9",985.264067028123,1.78980528910437,0.152676614677184,11.7228515505711,9.73393755192307e-32,1.41639220599286e-29,"LYPD3","protein_coding","ENSG00000124466"
"ENSG00000124469.12",25.2340315430854,-2.50554459873507,0.217605388449311,-11.5141661545698,1.1193706093462e-30,1.48073106287637e-28,"CEACAM8","protein_coding","ENSG00000124469"
"ENSG00000124491.16",2899.64065456551,-1.44213435400727,0.120113500071325,-12.0064301943654,3.28731369917199e-33,5.92632840908692e-31,"F13A1","protein_coding","ENSG00000124491"
"ENSG00000124493.14",42.8444554486606,1.57019704451831,0.180497629715602,8.69926683797657,3.3403522707653e-18,1.02020968941372e-16,"GRM4","protein_coding","ENSG00000124493"
"ENSG00000124610.5",1.02290412183549,2.65483529622497,0.395615920714555,6.71063816499055,1.93775068568613e-11,2.22958983865886e-10,"H1-1","protein_coding","ENSG00000124610"
"ENSG00000124635.9",122.832079506438,1.28690164259085,0.142657743554874,9.02090283024727,1.86545495981461e-19,6.62057765049882e-18,"H2BC11","protein_coding","ENSG00000124635"
"ENSG00000124657.1",9.84942645791867,1.25120806696175,0.167486767440754,7.47048907851391,7.9897302369241e-14,1.33139296132106e-12,"OR2B6","protein_coding","ENSG00000124657"
"ENSG00000124701.5",47.4251295674551,-2.07706497510204,0.170391186534755,-12.1899789381323,3.51512221898359e-34,6.81983926514515e-32,"APOBEC2","protein_coding","ENSG00000124701"
"ENSG00000124882.4",1616.84655411387,-1.88132852939404,0.233682077663458,-8.05080367397056,8.22521206138466e-16,1.79978418376474e-14,"EREG","protein_coding","ENSG00000124882"
"ENSG00000124935.4",1.79293076417514,1.97668915163526,0.502140949722245,3.93652250972292,8.26708690761841e-05,0.000297861049263687,"SCGB1D2","protein_coding","ENSG00000124935"
"ENSG00000125207.7",21.8769772953314,1.42743277609973,0.260002179288605,5.49008004473401,4.01751630863359e-08,2.66415473572035e-07,"PIWIL1","protein_coding","ENSG00000125207"
"ENSG00000125255.7",22.1012277169839,-3.82837813789794,0.340813002342614,-11.2330753568179,2.80540781106818e-29,3.2750925629327e-27,"SLC10A2","protein_coding","ENSG00000125255"
"ENSG00000125285.6",234.39653785279,1.3321640864445,0.206061376699112,6.46488977111762,1.01372677049968e-10,1.04591653101721e-09,"SOX21","protein_coding","ENSG00000125285"
"ENSG00000125414.19",6.68416448015483,-1.17131653982136,0.161122625772564,-7.26972102276159,3.60230668850907e-13,5.43185719503794e-12,"MYH2","protein_coding","ENSG00000125414"
"ENSG00000125462.19",206.383556831452,2.27955992570236,0.178459001972291,12.7735776873632,2.30319483562787e-37,5.93918146759408e-35,"MIR9-1HG","lncRNA","ENSG00000125462"
"ENSG00000125571.9",467.866379759223,-3.37036896834113,0.236016429910242,-14.2802302772857,2.90639477402831e-46,1.51814413177225e-43,"IL37","protein_coding","ENSG00000125571"
"ENSG00000125775.15",1024.82432503885,1.30336664341646,0.139155021445611,9.36629256980054,7.51250512010805e-21,3.21514701794708e-19,"SDCBP2","protein_coding","ENSG00000125775"
"ENSG00000125787.11",10.0755798361477,1.77143174389485,0.174401281774092,10.1572174577791,3.07733707976408e-24,2.01900071885391e-22,"GNRH2","protein_coding","ENSG00000125787"
"ENSG00000125788.6",3.03198624074245,2.27536560095826,0.397463009810374,5.72472291709314,1.03602690713968e-08,7.63646687777335e-08,"DEFB126","protein_coding","ENSG00000125788"
"ENSG00000125851.10",1052.67572505359,3.09700465200996,0.280385610590026,11.045519224374,2.30431623030863e-28,2.37682927016366e-26,"PCSK2","protein_coding","ENSG00000125851"
"ENSG00000125861.16",0.486587535558626,1.50639201675212,0.462504943056918,3.25702900988614,0.0011258492608037,0.00315001211598167,"GFRA4","protein_coding","ENSG00000125861"
"ENSG00000125872.8",1162.22461222173,-1.50768545364207,0.163391838378214,-9.22742205857387,2.77223436672232e-20,1.09979693089939e-18,"LRRN4","protein_coding","ENSG00000125872"
"ENSG00000125888.15",1.36392584638931,1.01464706251032,0.334678027955147,3.03171101105659,0.00243171890708247,0.0062686190086214,"BANF2","protein_coding","ENSG00000125888"
"ENSG00000125965.9",53.7394736946077,-1.08526845118233,0.158906329038401,-6.82961124172759,8.51450507210396e-12,1.0362678481534e-10,"GDF5","protein_coding","ENSG00000125965"
"ENSG00000125998.8",2.25117108268357,2.473687906115,0.275533604856867,8.97780837803802,2.7621361317247e-19,9.61860789870594e-18,"FAM83C","protein_coding","ENSG00000125998"
"ENSG00000126233.2",2.07280819759069,1.26064840677702,0.265259702497809,4.75250629819066,2.00910509428861e-06,9.93409816220883e-06,"SLURP1","protein_coding","ENSG00000126233"
"ENSG00000126262.5",143.880949662257,1.01410390640696,0.167503336995041,6.0542310654801,1.41089969157307e-09,1.20537400154669e-08,"FFAR2","protein_coding","ENSG00000126262"
"ENSG00000126583.11",21.2956187772193,1.12650544158099,0.179061360787424,6.29116989074118,3.15082262417864e-10,2.99939173310538e-09,"PRKCG","protein_coding","ENSG00000126583"
"ENSG00000126752.8",12.4171958658893,1.78594391891343,0.540156357186597,3.3063461998587,0.000945212243961736,0.00269626706264321,"SSX1","protein_coding","ENSG00000126752"
"ENSG00000126890.13",46.3263776379626,3.78835286484537,0.52867524746874,7.1657466147389,7.73637505403713e-13,1.11104380975197e-11,"CTAG2","protein_coding","ENSG00000126890"
"ENSG00000127074.15",59.5209117259081,-1.30345713294464,0.119291719583847,-10.9266354571113,8.59773970242743e-28,8.26173841264153e-26,"RGS13","protein_coding","ENSG00000127074"
"ENSG00000127083.7",199.014541239233,-1.1448666905773,0.138622212838922,-8.25889781392845,1.47023725438981e-16,3.59123959565971e-15,"OMD","protein_coding","ENSG00000127083"
"ENSG00000127249.15",3103.11604808567,-1.61415040680213,0.147912417188504,-10.9128796451552,1.00036387203619e-27,9.45657198106047e-26,"ATP13A4","protein_coding","ENSG00000127249"
"ENSG00000127324.9",4872.36842256065,1.03784816639104,0.190614899395843,5.44473789656797,5.18817227677973e-08,3.37724401777978e-07,"TSPAN8","protein_coding","ENSG00000127324"
"ENSG00000127831.11",1374.96408025886,1.27763947812062,0.24888614187053,5.13342956147896,2.84509539655614e-07,1.63633147574657e-06,"VIL1","protein_coding","ENSG00000127831"
"ENSG00000127951.8",2198.67929213453,-1.1026442594514,0.0944212736720886,-11.6779218979901,1.65287067223251e-31,2.33020449130689e-29,"FGL2","protein_coding","ENSG00000127951"
"ENSG00000128040.11",59.5344907349269,-1.13525628474579,0.162645992154052,-6.97992166736278,2.95344690426373e-12,3.86796165928696e-11,"SPINK2","protein_coding","ENSG00000128040"
"ENSG00000128310.3",1.8224789354387,1.37783344018434,0.220715750481463,6.24256962712799,4.3044006339873e-10,3.99212827294661e-09,"GALR3","protein_coding","ENSG00000128310"
"ENSG00000128422.17",6585.02098415833,1.34799608655791,0.195980180907839,6.87822656512301,6.06022353862779e-12,7.55312596005849e-11,"KRT17","protein_coding","ENSG00000128422"
"ENSG00000128564.7",86.8483790666574,1.40260865605995,0.191414216879113,7.32760961504635,2.34294019596e-13,3.6420607555894e-12,"VGF","protein_coding","ENSG00000128564"
"ENSG00000128645.15",99.1644778731565,-2.15449967054883,0.16494139096807,-13.0622135408443,5.41306212367054e-39,1.63366214892377e-36,"HOXD1","protein_coding","ENSG00000128645"
"ENSG00000128710.6",40.9336657515041,1.08002480519893,0.217130406206667,4.97408365814482,6.55569954540279e-07,3.53913961280437e-06,"HOXD10","protein_coding","ENSG00000128710"
"ENSG00000128713.14",7.58318109234325,2.66497492474081,0.391505531325676,6.80699175747772,9.96606389316119e-12,1.20025817676342e-10,"HOXD11","protein_coding","ENSG00000128713"
"ENSG00000128714.6",33.1769642707304,4.48176803074064,0.405867916293914,11.0424299404221,2.38494789217449e-28,2.45378616088044e-26,"HOXD13","protein_coding","ENSG00000128714"
"ENSG00000128965.13",277.525224957025,1.03293269751768,0.0874314974166527,11.8141942896765,3.29694395581466e-32,5.18638562130335e-30,"CHAC1","protein_coding","ENSG00000128965"
"ENSG00000129167.9",39.9876357306353,1.0652176556219,0.136348961568395,7.81243687791173,5.6092738028903e-15,1.09663456118599e-13,"TPH1","protein_coding","ENSG00000129167"
"ENSG00000129194.8",125.084917527767,1.2792216253762,0.132700371481671,9.63992497604192,5.42275940445449e-22,2.67767335079517e-20,"SOX15","protein_coding","ENSG00000129194"
"ENSG00000129437.11",198.887896829292,3.71207222995184,0.217550267625192,17.0630552215509,2.79544597614148e-65,3.34984868840978e-62,"KLK14","protein_coding","ENSG00000129437"
"ENSG00000129451.12",555.875597411336,1.00983382605919,0.19940719457711,5.06417949563348,4.10163055099356e-07,2.29645092124681e-06,"KLK10","protein_coding","ENSG00000129451"
"ENSG00000129455.15",56.6966080513474,2.5622804684352,0.347521336290671,7.37301627515635,1.6681011380854e-13,2.65793682710261e-12,"KLK8","protein_coding","ENSG00000129455"
"ENSG00000129521.15",3459.17251348698,1.10719751887018,0.13779182282519,8.03529190752364,9.33563757161122e-16,2.02751536023537e-14,"EGLN3","protein_coding","ENSG00000129521"
"ENSG00000129988.6",112.378730755613,2.48738722130622,0.245999385897673,10.1113554094029,4.91988470146622e-24,3.19189271324583e-22,"LBP","protein_coding","ENSG00000129988"
"ENSG00000129990.15",75.2914638161586,1.67498214196508,0.209289133122538,8.00319690265231,1.21229851325745e-15,2.59415327340589e-14,"SYT5","protein_coding","ENSG00000129990"
"ENSG00000130294.17",1946.84070015407,1.78547478206739,0.266706816495903,6.69452249299679,2.1637700385362e-11,2.47636187303597e-10,"KIF1A","protein_coding","ENSG00000130294"
"ENSG00000130433.7",73.6221207188098,-1.0175245693545,0.227069580680471,-4.48111352610609,7.42545977477526e-06,3.28343290214531e-05,"CACNG6","protein_coding","ENSG00000130433"
"ENSG00000130600.19",2974.83624753336,2.77477437789809,0.210921085445338,13.1555096639079,1.58213063915639e-39,5.03599598680851e-37,"H19","lncRNA","ENSG00000130600"
"ENSG00000130643.9",35.4298504675939,1.72725690931657,0.21639905847804,7.98181342129939,1.44198885842339e-15,3.05358378683702e-14,"CALY","protein_coding","ENSG00000130643"
"ENSG00000131050.11",276.497304930674,3.03736549606448,0.222915246617014,13.6256516418678,2.81882882861566e-42,1.10430329773354e-39,"BPIFA2","protein_coding","ENSG00000131050"
"ENSG00000131126.19",7.65313721277679,1.55216802636575,0.228620680344427,6.78927218669519,1.12700639390135e-11,1.34419266705863e-10,"TEX101","protein_coding","ENSG00000131126"
"ENSG00000131401.11",754.659085487503,-1.07920622232665,0.0924496214398932,-11.6734520435901,1.74207966907857e-31,2.44750179162994e-29,"NAPSB","transcribed_unprocessed_pseudogene","ENSG00000131401"
"ENSG00000131435.13",1093.58096143174,-1.22975992958867,0.114639649245212,-10.7271780547604,7.58780314145499e-27,6.61991142167668e-25,"PDLIM4","protein_coding","ENSG00000131435"
"ENSG00000131482.10",4.02603288292249,2.07432360899853,0.359497417931923,5.77006538998658,7.92407780791699e-09,5.97318597831567e-08,"G6PC","protein_coding","ENSG00000131482"
"ENSG00000131668.14",825.796452653051,1.55942635824259,0.263706604410938,5.91348996255138,3.34933947155500e-09,2.67887982115362e-08,"BARX1","protein_coding","ENSG00000131668"
"ENSG00000131686.15",11.4062178179869,1.71273533162866,0.229119084487078,7.47530628215851,7.70242456448147e-14,1.2872021494285e-12,"CA6","protein_coding","ENSG00000131686"
"ENSG00000131746.13",1912.88304896344,1.0273922699936,0.191727902486616,5.35859547133638,8.38714126663669e-08,5.27993350782723e-07,"TNS4","protein_coding","ENSG00000131746"
"ENSG00000132204.14",35.366076787794,1.24275580452817,0.289799543631415,4.28832905999596,1.80022263454555e-05,7.40723801245095e-05,"LINC00470","lncRNA","ENSG00000132204"
"ENSG00000132259.13",45.1397514576172,-1.00640409587271,0.17003680234668,-5.9187427779358,3.24411863817413e-09,2.60443597389416e-08,"CNGA4","protein_coding","ENSG00000132259"
"ENSG00000132429.10",109.130710387406,1.35645021054831,0.222947993299481,6.08415527977515,1.17107068091563e-09,1.01365907696081e-08,"POPDC3","protein_coding","ENSG00000132429"
"ENSG00000132437.18",567.586616767303,2.56814141715416,0.225406702811271,11.3933675668217,4.51207514034041e-30,5.70917631810216e-28,"DDC","protein_coding","ENSG00000132437"
"ENSG00000132446.7",1.83489852532329,1.97515679248545,0.612481606260591,3.22484262759246,0.00126041933480513,0.00348360209736809,"FTHL17","protein_coding","ENSG00000132446"
"ENSG00000132514.14",435.308116121029,-1.0577578976147,0.106611204663886,-9.92163910866123,3.35205531403569e-23,1.94825662852719e-21,"CLEC10A","protein_coding","ENSG00000132514"
"ENSG00000132639.13",171.327142961279,1.658788128082,0.158665481881607,10.4546250918001,1.39549583587779e-25,1.05095539447632e-23,"SNAP25","protein_coding","ENSG00000132639"
"ENSG00000132692.19",104.300293046453,1.84048872689973,0.141652364694529,12.9929968403191,1.34072424253533e-38,3.7934116537234e-36,"BCAN","protein_coding","ENSG00000132692"
"ENSG00000132693.12",4.95708855050455,2.43164359380242,0.246563954363148,9.86212116885912,6.07521721242532e-23,3.37684276788329e-21,"CRP","protein_coding","ENSG00000132693"
"ENSG00000132746.15",672.248124911884,1.32680479958726,0.141118534826594,9.40205906486793,5.3505564007859e-21,2.32654983390843e-19,"ALDH3B2","protein_coding","ENSG00000132746"
"ENSG00000132749.11",271.484491191892,1.15518008140016,0.130287007984952,8.86642574164868,7.55312733919829e-19,2.50192737545492e-17,"TESMIN","protein_coding","ENSG00000132749"
"ENSG00000132840.10",1038.09051597468,1.61099687231908,0.187496988171238,8.59212133502527,8.53781583627505e-18,2.47056981972553e-16,"BHMT2","protein_coding","ENSG00000132840"
"ENSG00000132855.5",7.53005013281399,1.15887251004098,0.164594688466833,7.04076492890293,1.91187319036331e-12,2.5853119613333e-11,"ANGPTL3","protein_coding","ENSG00000132855"
"ENSG00000132872.12",26.4084856646322,2.82353781876258,0.302919267888158,9.32109019821435,1.15150949448093e-20,4.81683278579431e-19,"SYT4","protein_coding","ENSG00000132872"
"ENSG00000132874.15",374.017681768304,2.955560482811,0.260930747908605,11.326991956679,9.64608032159521e-30,1.17667739683459e-27,"SLC14A2","protein_coding","ENSG00000132874"
"ENSG00000132965.10",2053.25342897632,-1.32387292983117,0.0902763876977756,-14.664664411066,1.08552525360041e-48,6.70114475870324e-46,"ALOX5AP","protein_coding","ENSG00000132965"
"ENSG00000132975.8",17.9998454325101,-1.54667217396508,0.285252299099164,-5.42211992278246,5.8896346766799e-08,3.79565621056579e-07,"GPR12","protein_coding","ENSG00000132975"
"ENSG00000133019.12",174.738557986259,1.15765614096966,0.166547930064864,6.95088879530833,3.62991931989573e-12,4.67889212428759e-11,"CHRM3","protein_coding","ENSG00000133019"
"ENSG00000133020.4",2.10521361724583,-1.36435826398621,0.203291277653847,-6.71134679132354,1.9283619687206e-11,2.22066850456708e-10,"MYH8","protein_coding","ENSG00000133020"
"ENSG00000133048.13",9634.31660767938,-1.41462762521127,0.146085893013713,-9.68353340646295,3.54256245447436e-22,1.7863195802308e-20,"CHI3L1","protein_coding","ENSG00000133048"
"ENSG00000133055.9",164.414230627021,-2.45322531287804,0.194857470149316,-12.5898448286236,2.40144977894191e-36,5.65562244759713e-34,"MYBPH","protein_coding","ENSG00000133055"
"ENSG00000133063.16",4110.10625281397,-1.0039788467656,0.172965169590039,-5.80451456871474,6.45527479850478e-09,4.93910349512639e-08,"CHIT1","protein_coding","ENSG00000133063"
"ENSG00000133105.8",4.83438861040978,-2.86233436363385,0.244937080289461,-11.6859985439983,1.5030267713406e-31,2.12631318558091e-29,"RXFP2","protein_coding","ENSG00000133105"
"ENSG00000133115.12",81.6746770033522,-1.04498203651825,0.218060791975033,-4.79215922795464,1.64995869096955e-06,8.29110347140757e-06,"STOML3","protein_coding","ENSG00000133115"
"ENSG00000133124.11",2.96676589829491,1.49104711238772,0.268870424410805,5.54559734732876,2.92952289524386e-08,1.99661343795451e-07,"IRS4","protein_coding","ENSG00000133124"
"ENSG00000133169.6",42.7726554979545,1.72121587442788,0.226755407332389,7.59062769296981,3.18359475330656e-14,5.60783402654427e-13,"BEX1","protein_coding","ENSG00000133169"
"ENSG00000133246.12",272.695984606168,-1.04464151408071,0.0900496413103422,-11.6007293186267,4.08581302287996e-31,5.60499259229624e-29,"PRAM1","protein_coding","ENSG00000133246"
"ENSG00000133454.16",28.893781131535,1.8425033207927,0.227988836098701,8.08155062467637,6.3948370373963e-16,1.42296474830496e-14,"MYO18B","protein_coding","ENSG00000133454"
"ENSG00000133477.17",565.271126590676,2.0376841127905,0.173184185502893,11.7659941459058,5.84339279932758e-32,8.85045921275107e-30,"FAM83F","protein_coding","ENSG00000133477"
"ENSG00000133636.11",554.714098787471,5.03627698822664,0.258523389709764,19.480933597075,1.593472291897e-84,5.49861797299795e-81,"NTS","protein_coding","ENSG00000133636"
"ENSG00000133687.16",756.319034093973,1.16547650932409,0.125925550823963,9.25528220204782,2.1366523703248e-20,8.61917104199441e-19,"TMTC1","protein_coding","ENSG00000133687"
"ENSG00000133710.16",1432.30766621868,-1.29906643358832,0.189787382325533,-6.84485142094482,7.65552852491336e-12,9.39768601056177e-11,"SPINK5","protein_coding","ENSG00000133710"
"ENSG00000133863.9",43.4153467409419,1.19977767878936,0.292345617441046,4.10397012033644,4.06119938623807e-05,0.000155381206304346,"TEX15","protein_coding","ENSG00000133863"
"ENSG00000133962.8",221.250860894817,1.01356679405182,0.14036592040263,7.22088945197287,5.16486282420374e-13,7.61056079734297e-12,"CATSPERB","protein_coding","ENSG00000133962"
"ENSG00000134193.15",150.870776026482,1.41501234630301,0.320708587903223,4.41214360848362,1.02352185363437e-05,4.41377549562076e-05,"REG4","protein_coding","ENSG00000134193"
"ENSG00000134240.12",147.688937609509,1.9287057633883,0.264303833368519,7.29730529749488,2.93588122726195e-13,4.49437913003924e-12,"HMGCS2","protein_coding","ENSG00000134240"
"ENSG00000134242.16",507.786431943291,-1.05479340508893,0.08909340383795,-11.839186288218,2.44816641356004e-32,3.95816048363796e-30,"PTPN22","protein_coding","ENSG00000134242"
"ENSG00000134323.12",242.760751201112,2.46862443476464,0.196725483541715,12.5485747465004,4.04729222235187e-36,9.16104594529346e-34,"MYCN","protein_coding","ENSG00000134323"
"ENSG00000134343.14",116.862169450389,1.14020486480733,0.171394248166174,6.65252700721817,2.8810293092317e-11,3.2274340705534e-10,"ANO3","protein_coding","ENSG00000134343"
"ENSG00000134363.12",521.217326152902,1.42962105521079,0.168580735001462,8.48033469066556,2.24547062755405e-17,6.13596309714518e-16,"FST","protein_coding","ENSG00000134363"
"ENSG00000134365.13",2.65162086833946,1.03483989286767,0.311209466455826,3.32521984196954,0.000883488413378392,0.00253778683208375,"CFHR4","protein_coding","ENSG00000134365"
"ENSG00000134389.10",1.60645195221438,1.97521249592133,0.285710396392443,6.91333784441028,4.73380732853825e-12,5.99345904246843e-11,"CFHR5","protein_coding","ENSG00000134389"
"ENSG00000134438.10",3.87407193018004,1.89146345747653,0.311374678183778,6.07455772739542,1.24329904672982e-09,1.07049309088997e-08,"RAX","protein_coding","ENSG00000134438"
"ENSG00000134489.7",8.35967487618578,-1.24334246650088,0.127570381565136,-9.74632552828139,1.91266207817422e-22,1.00292909975614e-20,"HRH4","protein_coding","ENSG00000134489"
"ENSG00000134548.11",132.369877465601,1.91497711623655,0.220904925945701,8.66878412981728,4.36759115364268e-18,1.31424495105512e-16,"SPX","protein_coding","ENSG00000134548"
"ENSG00000134569.10",789.161372831137,1.41225992682915,0.132144664198138,10.6872262712901,1.16812245163293e-26,9.73268160467906e-25,"LRP4","protein_coding","ENSG00000134569"
"ENSG00000134595.9",3.26277049745808,1.01768306603451,0.367197953846316,2.77148348833241,0.0055801502312731,0.0131531420811548,"SOX3","protein_coding","ENSG00000134595"
"ENSG00000134640.3",0.775902305449473,1.5397729202322,0.388080077211584,3.96766804236825,7.25793336829738e-05,0.000264050343088258,"MTNR1B","protein_coding","ENSG00000134640"
"ENSG00000134757.5",55.3282912907976,2.98184883673679,0.250503988977513,11.9033986201492,1.13623604976138e-32,1.92089897823351e-30,"DSG3","protein_coding","ENSG00000134757"
"ENSG00000134760.6",9.91130031590795,1.65621917499114,0.259710398417846,6.37717698282707,1.80381969577043e-10,1.79777460530271e-09,"DSG1","protein_coding","ENSG00000134760"
"ENSG00000134765.10",2.58704663501069,1.05397926875394,0.194585600595601,5.41653270091849,6.07658812272616e-08,3.90625481041704e-07,"DSC1","protein_coding","ENSG00000134765"
"ENSG00000134917.10",238.705833427804,-1.23398855596006,0.143902306426178,-8.57518261246984,9.89297028399223e-18,2.84251966347458e-16,"ADAMTS8","protein_coding","ENSG00000134917"
"ENSG00000134962.7",141.517731912779,1.7709459773952,0.16596101431013,10.6708553497139,1.39337752840377e-26,1.1468763765607e-24,"KLB","protein_coding","ENSG00000134962"
"ENSG00000135097.7",223.179326453012,1.85221603522786,0.176575220288646,10.4896713831083,9.63629526975763e-26,7.31120257310494e-24,"MSI1","protein_coding","ENSG00000135097"
"ENSG00000135100.18",107.989652958278,1.33606860237046,0.221517744177202,6.03142925336798,1.62515869587722e-09,1.37173898376063e-08,"HNF1A","protein_coding","ENSG00000135100"
"ENSG00000135119.15",346.994551944969,1.41630469602458,0.105171362060052,13.4666383346435,2.45804885442938e-41,8.94181111393003e-39,"RNFT2","protein_coding","ENSG00000135119"
"ENSG00000135226.18",3.12498481825408,1.16960808487775,0.338331340840597,3.45699006770052,0.000546244981833408,0.00164125274805254,"UGT2B28","protein_coding","ENSG00000135226"
"ENSG00000135248.15",3.01284896677923,1.01459731696044,0.196182657033837,5.17169729628773,2.31977161986787e-07,1.35329975813683e-06,"FAM71F1","protein_coding","ENSG00000135248"
"ENSG00000135333.14",108.841009346304,1.48411091465429,0.204122970492352,7.27067076808925,3.5770679206417e-13,5.39779549224832e-12,"EPHA7","protein_coding","ENSG00000135333"
"ENSG00000135346.9",151.577099802884,4.51279296538752,0.343807999722142,13.1259103017808,2.33954439608786e-39,7.33231210229288e-37,"CGA","protein_coding","ENSG00000135346"
"ENSG00000135355.4",0.928318219591723,1.98611658483303,0.389154238438634,5.10367455536842,3.33120955945151e-07,1.89716901147236e-06,"GJA10","protein_coding","ENSG00000135355"
"ENSG00000135747.11",5.05851218178976,1.01874334241669,0.172729116540827,5.89792481324883,3.68101625819469e-09,2.92464207113156e-08,"ZNF670-ZNF695","protein_coding","ENSG00000135747"
"ENSG00000135960.10",70.3275925397203,1.16041760127275,0.198904849736256,5.83403372422262,5.41031786499982e-09,4.17975916738468e-08,"EDAR","protein_coding","ENSG00000135960"
"ENSG00000136286.16",2419.33656420698,-1.45001283664715,0.114845191889048,-12.6258035952259,1.52179951520224e-36,3.62588758174764e-34,"MYO1G","protein_coding","ENSG00000136286"
"ENSG00000136487.18",2.28272042466438,1.73813049917246,0.425420445971711,4.08567692415996,4.39484964338568e-05,0.000167056958976175,"GH2","protein_coding","ENSG00000136487"
"ENSG00000136531.18",62.7457394467594,1.06805986439402,0.187115848345613,5.70801390602285,1.14302083729125e-08,8.36238067404515e-08,"SCN2A","protein_coding","ENSG00000136531"
"ENSG00000136535.15",4.62979165905693,1.07409592987687,0.250962940323192,4.27989857185144,1.86978506187772e-05,7.66019635757508e-05,"TBR1","protein_coding","ENSG00000136535"
"ENSG00000136546.16",765.535080315795,-1.10548421735054,0.12180983778546,-9.07549207394556,1.13164989168072e-19,4.14629600150608e-18,"SCN7A","protein_coding","ENSG00000136546"
"ENSG00000136688.11",32.5174602527328,-1.45833608292298,0.198954037413425,-7.33001502197499,2.30126935384246e-13,3.58275190231575e-12,"IL36G","protein_coding","ENSG00000136688"
"ENSG00000136696.11",1.90151895860491,-1.2397277014237,0.283795521843434,-4.36838359312675,1.25169503552446e-05,5.3117186576787e-05,"IL36B","protein_coding","ENSG00000136696"
"ENSG00000136918.8",139.571654975399,-1.20429532127586,0.20276649879359,-5.9393209846849,2.8620500749976e-09,2.31228447760514e-08,"WDR38","protein_coding","ENSG00000136918"
"ENSG00000136929.13",2.25418529727608,-1.01946512827612,0.157991320326554,-6.45266541332127,1.09899821106586e-10,1.12616911754166e-09,"HEMGN","protein_coding","ENSG00000136929"
"ENSG00000136943.11",438.759410147701,1.41247764674937,0.134139345246408,10.5299279950615,6.28825631466339e-26,4.9080924718071e-24,"CTSV","protein_coding","ENSG00000136943"
"ENSG00000137261.14",392.585632096007,2.29799620690213,0.159195770389786,14.4350330494055,3.11496356867148e-47,1.78750648842791e-44,"KIAA0319","protein_coding","ENSG00000137261"
"ENSG00000137285.10",714.344363878757,1.379956151701,0.194183676942334,7.10644773767879,1.19067715705971e-12,1.66193077800903e-11,"TUBB2B","protein_coding","ENSG00000137285"
"ENSG00000137462.9",2382.48571407446,-1.24045964703605,0.0867060162182419,-14.3065002999765,1.99293020957927e-46,1.05451890297257e-43,"TLR2","protein_coding","ENSG00000137462"
"ENSG00000137473.18",62.5469011123635,-1.03136958911764,0.212553233193744,-4.85228840615915,1.22044966576784e-06,6.30225357824829e-06,"TTC29","protein_coding","ENSG00000137473"
"ENSG00000137491.15",4237.18957275776,-1.07663014628854,0.0875785679866138,-12.2933061254565,9.83977932549607e-35,2.02475822756912e-32,"SLCO2B1","protein_coding","ENSG00000137491"
"ENSG00000137563.13",1478.61386379628,1.14024368330095,0.11785497924311,9.67497250115213,3.85195188976175e-22,1.93514273544467e-20,"GGH","protein_coding","ENSG00000137563"
"ENSG00000137699.17",2032.92680895437,1.4239067266871,0.205330713312503,6.93469916758133,4.07086506447677e-12,5.20261152201936e-11,"TRIM29","protein_coding","ENSG00000137699"
"ENSG00000137727.12",433.671008016507,-1.49664699592162,0.111690596462147,-13.3999373566678,6.05142097585625e-41,2.1254572829251e-38,"ARHGAP20","protein_coding","ENSG00000137727"
"ENSG00000137745.12",1520.40657107717,-1.42664686491044,0.207329005870012,-6.88107705395019,5.9401707638478e-12,7.41483999483612e-11,"MMP13","protein_coding","ENSG00000137745"
"ENSG00000137875.4",36.4179551933322,1.33123704925872,0.157770847846541,8.43778852322311,3.23398070008964e-17,8.64013610909849e-16,"BCL2L10","protein_coding","ENSG00000137875"
"ENSG00000137941.17",310.120547975555,1.06718567673458,0.119069463030523,8.96271512084514,3.16780196415127e-19,1.09656546665603e-17,"TTLL7","protein_coding","ENSG00000137941"
"ENSG00000137976.7",30.7902477665114,-1.17084672437853,0.151597426979518,-7.72339443819663,1.13271961922168e-14,2.11796215906145e-13,"DNASE2B","protein_coding","ENSG00000137976"
"ENSG00000138152.10",54.716911107833,1.01677971848268,0.163443506990907,6.22098569225665,4.94041220332933e-10,4.54578171635607e-09,"BTBD16","protein_coding","ENSG00000138152"
"ENSG00000138347.16",10.6810081256929,1.33378170706591,0.219471070667508,6.07725520730044,1.22257108406099e-09,1.05398251540196e-08,"MYPN","protein_coding","ENSG00000138347"
"ENSG00000138395.17",34.138066839008,-1.30626948803203,0.0999782786872088,-13.0655328855862,5.18204752769898e-39,1.57561315239582e-36,"CDK15","protein_coding","ENSG00000138395"
"ENSG00000138622.4",72.2944788217166,1.28099572056793,0.201755245756007,6.34925607890814,2.16358622348557e-10,2.12719578917646e-09,"HCN4","protein_coding","ENSG00000138622"
"ENSG00000138653.10",3.38670749704804,2.72633081980085,0.366498919973063,7.43885089757216,1.0156487947041e-13,1.66722718946934e-12,"NDST4","protein_coding","ENSG00000138653"
"ENSG00000138769.11",881.022223008547,-1.50908230750236,0.121295990790359,-12.4413205883331,1.55904791583956e-35,3.37873878909846e-33,"CDKL2","protein_coding","ENSG00000138769"
"ENSG00000138892.11",1.75177099653121,1.56346592160325,0.245882868414031,6.35858013080683,2.03627154044101e-10,2.00978225223324e-09,"TTLL8","protein_coding","ENSG00000138892"
"ENSG00000139269.3",29.2416938798557,2.76170707704833,0.213210766844292,12.9529437838625,2.2611393885761e-38,6.26704776250042e-36,"INHBE","protein_coding","ENSG00000139269"
"ENSG00000139287.13",2.49339353724041,1.99041892457447,0.259725253463277,7.6635556151489,1.80854899392764e-14,3.29837563382247e-13,"TPH2","protein_coding","ENSG00000139287"
"ENSG00000139330.6",9.38131398902739,-1.15226284755862,0.142234551841243,-8.10114583722763,5.44439371721482e-16,1.22553001779273e-14,"KERA","protein_coding","ENSG00000139330"
"ENSG00000139344.8",68.5998326320157,1.15750812414587,0.138862941878964,8.33561574084161,7.70959188461403e-17,1.95952527857036e-15,"AMDHD1","protein_coding","ENSG00000139344"
"ENSG00000139352.4",1816.31652169102,3.28964598860127,0.317960603813842,10.346080455072,4.35970504933488e-25,3.13275948545063e-23,"ASCL1","protein_coding","ENSG00000139352"
"ENSG00000139438.6",195.528831571909,1.10433497948579,0.105004374281045,10.5170378572042,7.21048827816828e-26,5.54296082863038e-24,"FAM222A","protein_coding","ENSG00000139438"
"ENSG00000139445.18",21.5293507769942,1.57999511639832,0.255030623436264,6.19531527276834,5.81684780606583e-10,5.29363033644271e-09,"FOXN4","protein_coding","ENSG00000139445"
"ENSG00000139515.6",73.2779769113351,1.68720984990008,0.348249956295022,4.84482429761096,1.26723772907478e-06,6.52896646379536e-06,"PDX1","protein_coding","ENSG00000139515"
"ENSG00000139540.12",55.8715533583873,2.23969903012066,0.189392118539762,11.8257245728546,2.87411983420006e-32,4.55643052158806e-30,"SLC39A5","protein_coding","ENSG00000139540"
"ENSG00000139656.7",1.28704322774701,1.68864007740046,0.213437553012232,7.91163529364344,2.54029666479514e-15,5.20358506856453e-14,"SMIM2","protein_coding","ENSG00000139656"
"ENSG00000139767.10",6.48451488960543,1.5285367038936,0.209153703303854,7.30819813251392,2.70748373754743e-13,4.17212594246955e-12,"SRRM4","protein_coding","ENSG00000139767"
"ENSG00000139915.21",6.97360456709032,1.3874066933939,0.328677540421126,4.22117888437479,2.4302797529138e-05,9.74000471896192e-05,"MDGA2","protein_coding","ENSG00000139915"
"ENSG00000140287.11",146.22716978872,-1.12235971895387,0.121158853156333,-9.26353864959148,1.9776681622203e-20,8.03351285476985e-19,"HDC","protein_coding","ENSG00000140287"
"ENSG00000140519.14",92.341077581505,3.05128567649662,0.214702503943772,14.2116911561298,7.75303113922147e-46,3.94852184631625e-43,"RHCG","protein_coding","ENSG00000140519"
"ENSG00000140557.12",24.6371380422137,-1.03870167428281,0.191757234591189,-5.41675351387514,6.06909160292296e-08,3.90205143092773e-07,"ST8SIA2","protein_coding","ENSG00000140557"
"ENSG00000140564.12",20017.6167361061,1.42657664702511,0.104832580723713,13.6081420220386,3.58235548598231e-42,1.39005628157502e-39,"FURIN","protein_coding","ENSG00000140564"
"ENSG00000140749.9",1187.97129656043,-1.01778101550586,0.0872866406798304,-11.660215212533,2.03527307124413e-31,2.83014098094537e-29,"IGSF6","protein_coding","ENSG00000140749"
"ENSG00000140798.16",10.3484048681269,-1.9049420333071,0.208467250980803,-9.13784790821903,6.37074499628692e-20,2.39670603309065e-18,"ABCC12","protein_coding","ENSG00000140798"
"ENSG00000140955.11",3.78765436519089,1.1193934145515,0.177410578941539,6.3096204365601,2.79720622320017e-10,2.68789087622274e-09,"ADAD2","protein_coding","ENSG00000140955"
"ENSG00000140961.14",1295.86776962611,2.00875580295438,0.116091534940552,17.3032065084075,4.44921531750339e-67,5.4931630206376e-64,"OSGIN1","protein_coding","ENSG00000140961"
"ENSG00000140986.8",14.2145147414293,1.12113211077371,0.114770503239054,9.76846906768823,1.53757831161157e-22,8.21042636303934e-21,"RPL3L","protein_coding","ENSG00000140986"
"ENSG00000141434.12",2.65469384123699,1.34053695250464,0.183274224330116,7.31437798961871,2.58576330020096e-13,3.99210891019657e-12,"MEP1B","protein_coding","ENSG00000141434"
"ENSG00000141485.17",38.4673366754886,1.92957389359449,0.209668614931014,9.2029696205575,3.48191357193359e-20,1.36145493916785e-18,"SLC13A5","protein_coding","ENSG00000141485"
"ENSG00000141527.18",464.452443512306,1.69071774881903,0.124754887496197,13.5523167288381,7.67684144606082e-42,2.92315468258744e-39,"CARD14","protein_coding","ENSG00000141527"
"ENSG00000141639.12",214.135786145892,1.03978758847634,0.212508587741858,4.89292032630423,9.93506337338074e-07,5.2089085963409e-06,"MAPK4","protein_coding","ENSG00000141639"
"ENSG00000141668.10",8.59374505525811,1.12797820832215,0.241622882902398,4.66834181751647,3.0364042389546e-06,1.44845121072155e-05,"CBLN2","protein_coding","ENSG00000141668"
"ENSG00000142025.16",16.7535690571003,2.10634554345051,0.349408910410551,6.02831090075976,1.65682100826432e-09,1.39586142141673e-08,"DMRTC2","protein_coding","ENSG00000142025"
"ENSG00000142182.9",0.415062703548843,1.12961945975741,0.327006697609481,3.45442300728174,0.000551471652713642,0.00165490237508374,"DNMT3L","protein_coding","ENSG00000142182"
"ENSG00000142484.7",56.6354980353753,1.65222658143344,0.349081050502466,4.73307439362644,2.21144388939418e-06,1.08476834078482e-05,"TM4SF5","protein_coding","ENSG00000142484"
"ENSG00000142657.21",14335.8172510485,1.4108026115675,0.0779317411301174,18.1030552007297,3.01472154872732e-73,4.54921481702953e-70,"PGD","protein_coding","ENSG00000142657"
"ENSG00000142698.15",1.43714001995634,-1.36132311680859,0.325920695884446,-4.1768538604595,2.95568783967816e-05,0.000116238986150586,"C1orf94","protein_coding","ENSG00000142698"
"ENSG00000143171.13",68.1508359144502,-1.47540966189137,0.173755575197408,-8.49129393526003,2.0434900312058e-17,5.61415470946852e-16,"RXRG","protein_coding","ENSG00000143171"
"ENSG00000143179.16",1009.10328071619,1.000263012412,0.0968127747411633,10.3319320728724,5.05323475134822e-25,3.5930880187466e-23,"UCK2","protein_coding","ENSG00000143179"
"ENSG00000143228.13",648.467793522326,1.00593368085813,0.10587130504045,9.50147615988861,2.06935738888606e-21,9.51600768570935e-20,"NUF2","protein_coding","ENSG00000143228"
"ENSG00000143278.5",0.676431242602688,1.18855917485185,0.327435579430845,3.62990233656901,0.000283528475738636,0.000909017995516153,"F13B","protein_coding","ENSG00000143278"
"ENSG00000143369.15",4106.92449641156,-1.1060185047452,0.136952804536459,-8.0759098617127,6.69753439821039e-16,1.48626167748522e-14,"ECM1","protein_coding","ENSG00000143369"
"ENSG00000143469.20",52.8936088505445,1.03726236280735,0.238049518229813,4.35733863492208,1.31653494376411e-05,5.55850603251618e-05,"SYT14","protein_coding","ENSG00000143469"
"ENSG00000143512.13",484.264131718031,1.38947248505228,0.214055259910383,6.49118590047259,8.51633130616409e-11,8.88327922189052e-10,"HHIPL2","protein_coding","ENSG00000143512"
"ENSG00000143536.7",0.874755219435681,1.86691419215109,0.40823802260441,4.57310218249849,4.80555629669965e-06,2.20686181465773e-05,"CRNN","protein_coding","ENSG00000143536"
"ENSG00000143546.10",1629.11388361766,1.43090990929899,0.157069167474265,9.11006235220188,8.23346383340272e-20,3.04406548969444e-18,"S100A8","protein_coding","ENSG00000143546"
"ENSG00000143556.9",49.3719298024158,1.64728113844875,0.310939440469953,5.29775552422379,1.17234783961878e-07,7.17730548904404e-07,"S100A7","protein_coding","ENSG00000143556"
"ENSG00000143768.13",39.5998961314132,-1.1517317898699,0.156272919857961,-7.37000237095927,1.70625002222341e-13,2.71341704353818e-12,"LEFTY2","protein_coding","ENSG00000143768"
"ENSG00000143839.15",31.2467146380048,-1.27095992073185,0.138781003293821,-9.15802516603107,5.28556909293107e-20,2.01073708266378e-18,"REN","protein_coding","ENSG00000143839"
"ENSG00000144045.14",67.5500244976443,1.04788352014218,0.175622550888943,5.96667976201312,2.4212995821444e-09,1.98466519054954e-08,"DQX1","protein_coding","ENSG00000144045"
"ENSG00000144191.12",352.06143378852,1.28172647395011,0.231783794878821,5.52983643494236,3.20529510964939e-08,2.16896426926499e-07,"CNGA3","protein_coding","ENSG00000144191"
"ENSG00000144285.22",136.04359336242,-1.01862265899755,0.16536382940628,-6.15988794317839,7.27964370262923e-10,6.50141436598471e-09,"SCN1A","protein_coding","ENSG00000144285"
"ENSG00000144407.9",38.9816701403204,1.69999987597806,0.197354764343177,8.61392873709374,7.05985857964461e-18,2.06241280434332e-16,"PTH2R","protein_coding","ENSG00000144407"
"ENSG00000144476.6",1427.40089038427,1.28998875659844,0.118861270353928,10.8528939052839,1.93209400345989e-27,1.78097977337028e-25,"ACKR3","protein_coding","ENSG00000144476"
"ENSG00000144485.11",1178.8985549005,1.57848776217596,0.130286821465736,12.1154829354026,8.74475276498134e-34,1.6806012353945e-31,"HES6","protein_coding","ENSG00000144485"
"ENSG00000144681.10",361.594767525797,-1.43529509425044,0.120365265774772,-11.9244957007461,8.82165950227293e-33,1.51017173571893e-30,"STAC","protein_coding","ENSG00000144681"
"ENSG00000144771.8",0.633668214223576,1.23561210214709,0.271223946485407,4.55568956266023,5.22140027375975e-06,2.3785276314154e-05,"LRTM1","protein_coding","ENSG00000144771"
"ENSG00000144820.8",8.95322962793475,2.06743388414461,0.319961135934586,6.46151564034728,1.03659439315828e-10,1.06759265319635e-09,"ADGRG7","protein_coding","ENSG00000144820"
"ENSG00000144962.7",0.797942524081183,1.84462521380427,0.387087480868684,4.76539620879665,1.88482902834557e-06,9.36735656280601e-06,"SPATA16","protein_coding","ENSG00000144962"
"ENSG00000145087.13",38.1472443226815,4.50875732347346,0.244971073871207,18.4052641490396,1.19201980484331e-75,2.69813682826283e-72,"STXBP5L","protein_coding","ENSG00000145087"
"ENSG00000145192.13",6.92789062023907,1.1664429104026,0.256445778731717,4.54849721516721,5.40303582519276e-06,2.45632547004942e-05,"AHSG","protein_coding","ENSG00000145192"
"ENSG00000145194.19",0.333663332896533,1.43908763322371,0.545504886039878,2.63808385598679,0.00833759618616362,0.0187637362689386,"ECE2","protein_coding","ENSG00000145194"
"ENSG00000145198.14",34.6681101440726,1.05317954128649,0.148086109762995,7.11194009331498,1.14422930566625e-12,1.60148864997458e-11,"VWA5B2","protein_coding","ENSG00000145198"
"ENSG00000145428.15",95.3856649905176,-1.10002132059102,0.094715610880897,-11.6139389310837,3.50107690408407e-31,4.83540258654567e-29,"RNF175","protein_coding","ENSG00000145428"
"ENSG00000145526.12",30.1869910030379,1.64369910104206,0.327999143759671,5.01129082899806,5.40661307731339e-07,2.96595713759229e-06,"CDH18","protein_coding","ENSG00000145526"
"ENSG00000145626.12",41.5528347862816,4.33643343411634,0.423221126030957,10.2462593840345,1.23012308058851e-24,8.48035612054445e-23,"UGT3A1","protein_coding","ENSG00000145626"
"ENSG00000145824.13",8193.46741708546,-1.31571912116797,0.20528390072511,-6.40926598004299,1.46221903729063e-10,1.47463342169139e-09,"CXCL14","protein_coding","ENSG00000145824"
"ENSG00000145920.15",1507.72139672511,7.97958677018493,0.287141584896464,27.7897287955075,5.77306991975366e-170,2.35212187740524e-165,"CPLX2","protein_coding","ENSG00000145920"
"ENSG00000146047.7",1.02200717106176,1.93972329447163,0.380942321614435,5.09190810370208,3.54477912688724e-07,2.00953020685636e-06,"H2BC1","protein_coding","ENSG00000146047"
"ENSG00000146049.2",1.61212862793581,1.4399919365424,0.218493215451193,6.59055675284373,4.38180257365806e-11,4.7760241374679e-10,"KAAG1","protein_coding","ENSG00000146049"
"ENSG00000146221.10",44.568180772514,-1.1774883461804,0.191790619066616,-6.13944702775802,8.28092317695258e-10,7.34893602697842e-09,"TCTE1","protein_coding","ENSG00000146221"
"ENSG00000146276.12",21.5954837035618,1.00513118774851,0.280621969704801,3.58179792125988,0.000341237706289679,0.00107301442211626,"GABRR1","protein_coding","ENSG00000146276"
"ENSG00000146352.13",1.25280054847084,1.72571056794314,0.383967250753785,4.49442124179943,6.97594155700228e-06,3.10183113452956e-05,"CLVS2","protein_coding","ENSG00000146352"
"ENSG00000146360.8",0.329517288245601,1.44641437800376,0.591782329998789,2.44416621565351,0.0145187358046023,0.0305419688603321,"GPR6","protein_coding","ENSG00000146360"
"ENSG00000146374.14",376.221011243401,2.52458981540153,0.165803218564216,15.2264222447754,2.36166380847739e-52,1.81549563299612e-49,"RSPO3","protein_coding","ENSG00000146374"
"ENSG00000146399.2",1.04955377932748,2.05560653771171,0.327397095125509,6.27863401452505,3.4156054614551e-10,3.22806804259024e-09,"TAAR1","protein_coding","ENSG00000146399"
"ENSG00000146678.10",57.380503616774,2.28795378733716,0.244548231874167,9.35583860002891,8.29391309318008e-21,3.52365903186065e-19,"IGFBP1","protein_coding","ENSG00000146678"
"ENSG00000146755.11",13.3540620176435,-1.38952322541771,0.177604774120475,-7.82368172420381,5.13004120097658e-15,1.00729286097055e-13,"TRIM50","protein_coding","ENSG00000146755"
"ENSG00000146839.19",2.3824663764987,1.19887663632672,0.217289717057907,5.5174108216415,3.44030560292039e-08,2.31224630781566e-07,"ZAN","protein_coding","ENSG00000146839"
"ENSG00000147003.7",200.819914055881,-1.42189798955784,0.157285724338137,-9.04022278907533,1.56352827624805e-19,5.61258436644708e-18,"CLTRN","protein_coding","ENSG00000147003"
"ENSG00000147206.17",50.9369198339765,-1.6509152156088,0.164362803919023,-10.0443359217829,9.73008284496062e-24,6.1083631024997e-22,"NXF3","protein_coding","ENSG00000147206"
"ENSG00000147246.10",26.1503904030002,1.12905029029849,0.382671123572974,2.9504454889531,0.00317316032492205,0.00794518627816489,"HTR2C","protein_coding","ENSG00000147246"
"ENSG00000147381.11",237.135083028665,5.06696434978968,0.50852419779168,9.96405750560842,2.18940542561132e-23,1.30413662654506e-21,"MAGEA4","protein_coding","ENSG00000147381"
"ENSG00000147443.13",813.308220984207,-1.02313350030585,0.081384938271344,-12.5715337756311,3.02792010690225e-36,7.04951708088676e-34,"DOK2","protein_coding","ENSG00000147443"
"ENSG00000147488.11",36.6921466846132,1.37652089522509,0.143405812885032,9.59878032509493,8.08959910594278e-22,3.93310902593588e-20,"ST18","protein_coding","ENSG00000147488"
"ENSG00000147573.17",65.1752488835143,-1.44483166035555,0.179837281767463,-8.03410530984217,9.42642066922602e-16,2.04614095538772e-14,"TRIM55","protein_coding","ENSG00000147573"
"ENSG00000147655.12",73.8693704607657,-1.54807153811322,0.176788723022262,-8.75661926648046,2.01193827345771e-18,6.32015428492579e-17,"RSPO2","protein_coding","ENSG00000147655"
"ENSG00000147697.9",394.766604734629,1.08550980420976,0.143835919984339,7.54686175976034,4.45871411730547e-14,7.68774393911878e-13,"GSDMC","protein_coding","ENSG00000147697"
"ENSG00000148082.10",439.852295357945,-1.09942885031346,0.109304684950222,-10.0583872577296,8.43690718948412e-24,5.33765387610483e-22,"SHC3","protein_coding","ENSG00000148082"
"ENSG00000148346.12",10411.3793461232,1.13989308994071,0.164929013405372,6.9114164112473,4.79838246986442e-12,6.06203091378871e-11,"LCN2","protein_coding","ENSG00000148346"
"ENSG00000148386.9",0.66299061965583,1.9168306264482,0.769810890523381,2.49000196028011,0.0127742390731493,0.0273021467007986,"LCN9","protein_coding","ENSG00000148386"
"ENSG00000148483.9",86.7313616433314,-1.26029836045945,0.112334598562028,-11.2191468754264,3.2842337446844e-29,3.75869481628305e-27,"TMEM236","protein_coding","ENSG00000148483"
"ENSG00000148584.15",19.9424681533737,2.79788651634913,0.250452410460931,11.1713299592522,5.6331046888756e-29,6.2197719333024e-27,"A1CF","protein_coding","ENSG00000148584"
"ENSG00000148602.6",0.354938479252765,1.31501089715259,0.415716414700524,3.1632402538156,0.00156023512369569,0.00422130683609359,"LRIT1","protein_coding","ENSG00000148602"
"ENSG00000148704.13",8.57250202544979,3.36514756859286,0.419942300859314,8.01335698191602,1.11619046906599e-15,2.39730881819482e-14,"VAX1","protein_coding","ENSG00000148704"
"ENSG00000148798.11",169.907251575255,2.03226968416235,0.234678327261182,8.65980982513381,4.7255196625637e-18,1.41567535008701e-16,"INA","protein_coding","ENSG00000148798"
"ENSG00000148935.11",150.946470952755,1.44899248871026,0.133077510426448,10.8883348062866,1.31013836285579e-27,1.22428824123471e-25,"GAS2","protein_coding","ENSG00000148935"
"ENSG00000148942.15",58.4501999022681,1.0952069780614,0.219713601674487,4.98470267527627,6.2057166087607e-07,3.36804997723108e-06,"SLC5A12","protein_coding","ENSG00000148942"
"ENSG00000149021.7",2163.47677067375,-1.88154156930729,0.258095215183372,-7.2901063585022,3.09710428671425e-13,4.72250448928138e-12,"SCGB1A1","protein_coding","ENSG00000149021"
"ENSG00000149305.7",10.8413976096839,3.44917372957421,0.264079620318167,13.0611128773156,5.49190257032772e-39,1.64526901781516e-36,"HTR3B","protein_coding","ENSG00000149305"
"ENSG00000149435.12",841.076665378768,-1.47620462211335,0.191686292477204,-7.70114859563523,1.34848564936575e-14,2.49054174125607e-13,"GGTLC1","protein_coding","ENSG00000149435"
"ENSG00000149516.14",1.78281191856762,-1.36217037113294,0.215389567249953,-6.32421703857263,2.54519780040683e-10,2.46843594339385e-09,"MS4A3","protein_coding","ENSG00000149516"
"ENSG00000149534.9",215.591678476863,-1.53959225438822,0.119091356069945,-12.9278253703316,3.13562757948012e-38,8.57415264904419e-36,"MS4A2","protein_coding","ENSG00000149534"
"ENSG00000149575.9",65.3032334102429,-1.438936258595,0.12530707027275,-11.4832806757268,1.6008855915172e-30,2.07063116365668e-28,"SCN2B","protein_coding","ENSG00000149575"
"ENSG00000149635.3",2.19703984768855,-1.18109682169373,0.192702582383492,-6.12911776835076,8.83676998282115e-10,7.79975128704684e-09,"OCSTAMP","protein_coding","ENSG00000149635"
"ENSG00000150201.15",172.56270150825,2.80810889217107,0.23348473777146,12.026948394887,2.56465836780221e-33,4.66481588747166e-31,"FXYD4","protein_coding","ENSG00000150201"
"ENSG00000150361.12",0.440764025340108,1.97896905167376,0.584414762373629,3.38624069596751,0.00070857205216662,0.00208067395469727,"KLHL1","protein_coding","ENSG00000150361"
"ENSG00000150556.17",359.162666988927,1.8031614135224,0.168192521003104,10.7208180409468,8.12812326103152e-27,7.0460452345576e-25,"LYPD6B","protein_coding","ENSG00000150556"
"ENSG00000150750.8",46.4404254246128,2.35321850572816,0.272305550320761,8.64183085124852,5.53192883444998e-18,1.6368001198402e-16,"C11orf53","protein_coding","ENSG00000150750"
"ENSG00000151012.13",2134.29923868424,2.12041611657343,0.13807268554142,15.3572454121444,3.16749747107303e-53,2.58106698927857e-50,"SLC7A11","protein_coding","ENSG00000151012"
"ENSG00000151033.10",1.15293869795427,2.87472031008261,0.430384937457242,6.67941663355308,2.39895258604071e-11,2.72561420002947e-10,"LYZL2","protein_coding","ENSG00000151033"
"ENSG00000151136.15",250.194517965305,1.07965522093804,0.141670840393217,7.62087115415837,2.51969359152863e-14,4.49670941741791e-13,"BTBD11","protein_coding","ENSG00000151136"
"ENSG00000151322.19",245.173456988454,2.33745257694389,0.195494794534402,11.9565975273708,5.99691174883939e-33,1.04863594584963e-30,"NPAS3","protein_coding","ENSG00000151322"
"ENSG00000151360.10",1.38749768569429,1.78042302082253,0.317471339446463,5.60813780521681,2.04515161349984e-08,1.43121972155314e-07,"ALLC","protein_coding","ENSG00000151360"
"ENSG00000151418.12",0.437688002208043,-1.0587422669813,0.416592695186941,-2.54143262523172,0.0110399221339475,0.0240303209479337,"ATP6V1G3","protein_coding","ENSG00000151418"
"ENSG00000151490.15",345.052343934304,-1.10658287724169,0.0879273316584622,-12.5851979853092,2.54703391784402e-36,5.96401166176544e-34,"PTPRO","protein_coding","ENSG00000151490"
"ENSG00000151631.8",4.08149037940191,1.22670705845982,0.144320757613212,8.49986570710405,1.89810155160901e-17,5.23945470983781e-16,"AKR1C6P","unprocessed_pseudogene","ENSG00000151631"
"ENSG00000151632.17",17836.2757202739,5.50267210622194,0.205423360631808,26.786983180967,4.58190330793756e-158,9.33402432376501e-154,"AKR1C2","protein_coding","ENSG00000151632"
"ENSG00000151834.16",21.7099913349559,2.29294690228545,0.241452837228904,9.49645872295827,2.17149460866706e-21,9.95199154566051e-20,"GABRA2","protein_coding","ENSG00000151834"
"ENSG00000151892.15",233.899401037457,-1.06357542296241,0.1471487772194,-7.22789168255616,4.90549722249748e-13,7.25461609205861e-12,"GFRA1","protein_coding","ENSG00000151892"
"ENSG00000152034.11",3.31989114787953,1.61443436910265,0.336538390189679,4.79717742808697,1.60917054825391e-06,8.10713931587843e-06,"MCHR2","protein_coding","ENSG00000152034"
"ENSG00000152049.6",1191.84744272134,1.5084176083111,0.149499104337765,10.0898103369443,6.12878200537145e-24,3.9447861808033e-22,"KCNE4","protein_coding","ENSG00000152049"
"ENSG00000152192.8",43.4613825872888,1.04410043185067,0.230211954590678,4.53538754625974,5.74978078108731e-06,2.59830654795741e-05,"POU4F1","protein_coding","ENSG00000152192"
"ENSG00000152430.18",3.61032580799822,1.13317854414905,0.201960211373709,5.61089997104532,2.01277089651221e-08,1.41098287399513e-07,"BOLL","protein_coding","ENSG00000152430"
"ENSG00000152672.8",35.0260224758572,-1.7004130746108,0.144619399569586,-11.7578490829829,6.43528420304416e-32,9.63944059869957e-30,"CLEC4F","protein_coding","ENSG00000152672"
"ENSG00000152785.8",1478.31697345393,-1.22463231614107,0.158868093929079,-7.70848498180986,1.27320099399094e-14,2.35898263293192e-13,"BMP3","protein_coding","ENSG00000152785"
"ENSG00000152910.19",3.40290477092746,1.68812799974832,0.322971484886107,5.22686391445246,1.72409298210167e-07,1.02517105034688e-06,"CNTNAP4","protein_coding","ENSG00000152910"
"ENSG00000152931.9",44.1353279550147,3.02329466541992,0.246576863961566,12.2610638193986,1.46563031826212e-34,2.95614732955215e-32,"PART1","lncRNA","ENSG00000152931"
"ENSG00000152936.10",11.0642165380029,-1.20982923982037,0.234914628167311,-5.15008047501711,2.60374715263385e-07,1.50612776947551e-06,"LMNTD1","protein_coding","ENSG00000152936"
"ENSG00000152954.12",1.60548863787387,1.34584033399259,0.307644314979227,4.37466342936799,1.21619978605859e-05,5.17240374565607e-05,"NRSN1","protein_coding","ENSG00000152954"
"ENSG00000152977.10",64.926984673314,1.91648035348011,0.376420626556192,5.09132661250171,3.55566930779435e-07,2.01403666593073e-06,"ZIC1","protein_coding","ENSG00000152977"
"ENSG00000153002.12",23.343933346127,1.363847021089,0.219960826191717,6.20040870323098,5.63167213033703e-10,5.13543459280040e-09,"CPB1","protein_coding","ENSG00000153002"
"ENSG00000153132.13",341.542771286723,1.783433273942,0.161752086287574,11.0257203778583,2.87209662106924e-28,2.9254458158056e-26,"CLGN","protein_coding","ENSG00000153132"
"ENSG00000153157.13",53.4955143623829,1.11767239993607,0.158250955266403,7.06265815618336,1.63347228460233e-12,2.23781308983028e-11,"SYCP2L","protein_coding","ENSG00000153157"
"ENSG00000153162.9",801.944075802695,1.62719226764438,0.162129418649189,10.0363788459962,1.05475310504283e-23,6.58098097377639e-22,"BMP6","protein_coding","ENSG00000153162"
"ENSG00000153253.19",175.736692597221,2.66250194373338,0.200344147944223,13.2896417043069,2.65848148041256e-40,8.95161247573957e-38,"SCN3A","protein_coding","ENSG00000153253"
"ENSG00000153292.16",3992.4834209334,-1.18698515584419,0.178061711381971,-6.66614482491362,2.62610129248562e-11,2.96550013746512e-10,"ADGRF1","protein_coding","ENSG00000153292"
"ENSG00000153789.13",166.840062373065,-1.08349270984257,0.176226875469458,-6.14828304114348,7.83261713136023e-10,6.96777990792598e-09,"CIBAR2","protein_coding","ENSG00000153789"
"ENSG00000154040.21",463.319070790996,2.79182487922927,0.136588907948767,20.43961637263,7.43210485453603e-93,3.36451386764846e-89,"CABYR","protein_coding","ENSG00000154040"
"ENSG00000154146.13",1378.62083879706,-1.3311103481186,0.1347550460807,-9.87800002176869,5.18575355117775e-23,2.91425044049152e-21,"NRGN","protein_coding","ENSG00000154146"
"ENSG00000154162.15",15.3699703565245,1.15016202469781,0.277141121895185,4.1500951458687,3.32337100729816e-05,0.000129523727712215,"CDH12","protein_coding","ENSG00000154162"
"ENSG00000154227.13",6.32567297184673,2.51708520365303,0.222547055325914,11.3103505232492,1.16622685635877e-29,1.4099578874963e-27,"CERS3","protein_coding","ENSG00000154227"
"ENSG00000154252.12",19.7593065272603,1.68313335138375,0.189981712058617,8.85944932880926,8.04106451840705e-19,2.6549197056196e-17,"GAL3ST2","protein_coding","ENSG00000154252"
"ENSG00000154277.13",3705.46811227002,2.56124629551853,0.168448693114019,15.2049045211937,3.28108786873154e-52,2.47558079695795e-49,"UCHL1","protein_coding","ENSG00000154277"
"ENSG00000154316.16",7.27876030295207,1.01139244859018,0.167269175848519,6.04649627440087,1.48029653950464e-09,1.25990645308205e-08,"TDH","transcribed_unitary_pseudogene","ENSG00000154316"
"ENSG00000154493.19",10.4813027102269,1.68014923521983,0.260928625014827,6.4391142793335,1.20172696857367e-10,1.22558102329404e-09,"C10orf90","protein_coding","ENSG00000154493"
"ENSG00000154620.6",24.3238823829252,1.20990815104066,0.332074495066191,3.64348412484824,0.000268972248939962,0.000867331724460695,"TMSB4Y","protein_coding","ENSG00000154620"
"ENSG00000154646.9",5.22043867688737,1.36666944153539,0.2901732780157,4.70983906885267,2.47912463461481e-06,1.20519001298307e-05,"TMPRSS15","protein_coding","ENSG00000154646"
"ENSG00000154975.14",137.491559237416,-1.59878073984234,0.307720871846131,-5.19555508292519,2.04109886842933e-07,1.20104695546528e-06,"CA10","protein_coding","ENSG00000154975"
"ENSG00000154997.9",4.18577710736938,1.65545417720564,0.366507820053419,4.51683180174533,6.27717260096273e-06,2.81415980722958e-05,"SEPTIN14","protein_coding","ENSG00000154997"
"ENSG00000155052.14",3.00113735830328,1.29782957968444,0.382717256240668,3.39109240182343,0.000696146263002242,0.00204787633166067,"CNTNAP5","protein_coding","ENSG00000155052"
"ENSG00000155269.12",24.0717936510282,1.56132692999421,0.192512626271113,8.11025728668523,5.05126902845451e-16,1.14399029475443e-14,"GPR78","protein_coding","ENSG00000155269"
"ENSG00000155659.15",2494.54446350153,-1.1137853496491,0.107178175420829,-10.391904371164,2.69909320273177e-25,1.98859230305426e-23,"VSIG4","protein_coding","ENSG00000155659"
"ENSG00000155897.10",11.3229028052049,-2.10349750944335,0.256558122902532,-8.19891214375027,2.42572121662e-16,5.75268681773857e-15,"ADCY8","protein_coding","ENSG00000155897"
"ENSG00000156009.10",14.7571442905282,1.52311307211717,0.259408303164033,5.87148928364893,4.31897518138199e-09,3.39490040956791e-08,"MAGEA8","protein_coding","ENSG00000156009"
"ENSG00000156096.14",69.6573888147813,2.3828030459078,0.222665127735736,10.7012852445209,1.00376193658973e-26,8.50234357224018e-25,"UGT2B4","protein_coding","ENSG00000156096"
"ENSG00000156269.5",7.31159998095771,1.81290488288427,0.428076671774106,4.23500041562866,2.28551283152958e-05,9.2096379482751e-05,"NAA11","protein_coding","ENSG00000156269"
"ENSG00000156284.6",223.546587375805,1.82389850498943,0.217784687941009,8.3747784209855,5.53278706591778e-17,1.42943781500753e-15,"CLDN8","protein_coding","ENSG00000156284"
"ENSG00000156298.13",987.364049137725,1.3242653699961,0.138572652321121,9.55646982152957,1.21841936643291e-21,5.77905241520096e-20,"TSPAN7","protein_coding","ENSG00000156298"
"ENSG00000156564.9",13.7501075393456,1.41194221891442,0.233739409573116,6.04066820179397,1.53477296090287e-09,1.30300593344584e-08,"LRFN2","protein_coding","ENSG00000156564"
"ENSG00000156687.11",22.4004853538411,1.22546346722771,0.270833302866045,4.52478869570121,6.04558770068464e-06,2.72171690264082e-05,"UNC5D","protein_coding","ENSG00000156687"
"ENSG00000156920.11",1.03865734180055,-1.37528213932968,0.256766980016682,-5.35614875105956,8.50145272310087e-08,5.34199087441855e-07,"ADGRG4","protein_coding","ENSG00000156920"
"ENSG00000156925.12",5.78037036791617,2.25126241337999,0.452635576131448,4.97367536290655,6.56952900440955e-07,3.54566591901786e-06,"ZIC3","protein_coding","ENSG00000156925"
"ENSG00000157005.4",134.782965769707,5.45466892666717,0.414318304086446,13.165406579597,1.3878848870456e-39,4.45248771282668e-37,"SST","protein_coding","ENSG00000157005"
"ENSG00000157064.11",916.992898468263,-1.25190781010349,0.172481882438509,-7.25819890416493,3.92278434280734e-13,5.88677725521177e-12,"NMNAT2","protein_coding","ENSG00000157064"
"ENSG00000157131.11",22.3415245111568,1.40797875420919,0.24171826068859,5.82487541569362,5.71552203404461e-09,4.40203240516219e-08,"C8A","protein_coding","ENSG00000157131"
"ENSG00000157315.5",87.1836892812224,1.04673939059632,0.142870194677593,7.32650636445508,2.36229980796832e-13,3.67075442700432e-12,"TMED6","protein_coding","ENSG00000157315"
"ENSG00000157765.13",95839.5470067798,-1.32422125620957,0.12370677724928,-10.7045166453665,9.69352119919407e-27,8.26240866566451e-25,"SLC34A2","protein_coding","ENSG00000157765"
"ENSG00000157851.17",13.0368841024097,2.65974316654082,0.311458058935684,8.53965113514706,1.34627670108567e-17,3.78546250050611e-16,"DPYSL5","protein_coding","ENSG00000157851"
"ENSG00000157884.11",4.84328995760276,1.59887405258349,0.200673169750853,7.96755268563596,1.61847467210625e-15,3.40140829335223e-14,"CIB4","protein_coding","ENSG00000157884"
"ENSG00000157890.17",185.250089018571,-2.28061105129626,0.193120835564912,-11.8092439100373,3.49691714011076e-32,5.45880823906256e-30,"MEGF11","protein_coding","ENSG00000157890"
"ENSG00000158270.12",2072.69337019581,-1.36276702734034,0.0979064504234301,-13.9190729665573,4.85155846399588e-44,2.06299260138346e-41,"COLEC12","protein_coding","ENSG00000158270"
"ENSG00000158352.16",1161.33831258552,-1.05321384907707,0.0870874319133647,-12.0937525190181,1.13960149610804e-33,2.15957133748511e-31,"SHROOM4","protein_coding","ENSG00000158352"
"ENSG00000158477.7",489.423288437171,-1.84393160538566,0.174717351440378,-10.5537978350988,4.8784423243962e-26,3.83711149851109e-24,"CD1A","protein_coding","ENSG00000158477"
"ENSG00000158481.13",291.549842347118,-1.60384487319137,0.124861850940079,-12.8449551333422,9.18051395149503e-38,2.42884207744001e-35,"CD1C","protein_coding","ENSG00000158481"
"ENSG00000158485.11",58.8575974956869,-1.60731216944731,0.147263776595419,-10.9145114067196,9.8256198632048e-28,9.331590444908e-26,"CD1B","protein_coding","ENSG00000158485"
"ENSG00000158488.16",200.385116037791,-1.66538011830386,0.140766054227459,-11.8308361163042,2.70434445051211e-32,4.30402757606308e-30,"CD1E","protein_coding","ENSG00000158488"
"ENSG00000158764.7",40.8127424903719,-1.23971882264906,0.228393425408216,-5.42799697685372,5.69900048896531e-08,3.68328643594406e-07,"ITLN2","protein_coding","ENSG00000158764"
"ENSG00000158865.12",19.6960465559125,1.71015611092051,0.167384203124654,10.2169504588609,1.66496456434894e-24,1.13248165684923e-22,"SLC5A11","protein_coding","ENSG00000158865"
"ENSG00000158874.11",3.47547403316256,1.19499694524492,0.204030120278324,5.85696339155601,4.71406987294449e-09,3.6808230899459e-08,"APOA2","protein_coding","ENSG00000158874"
"ENSG00000158901.12",1.18238729109473,1.3416068078471,0.256518654875535,5.23005552363455,1.69459136157239e-07,1.00924917182494e-06,"WFDC8","protein_coding","ENSG00000158901"
"ENSG00000159217.10",450.81804063814,1.22999747035138,0.27152341415561,4.52998675704064,5.89873837291137e-06,2.66119253158596e-05,"IGF2BP1","protein_coding","ENSG00000159217"
"ENSG00000159224.4",5.69410196213545,1.1187423656409,0.300541008701718,3.72242833173969,0.000197315925134324,0.000654981484255154,"GIP","protein_coding","ENSG00000159224"
"ENSG00000159228.13",7827.45771301998,2.50914737907069,0.122959900478322,20.4062248693268,1.47226685679913e-92,5.99845685465668e-89,"CBR1","protein_coding","ENSG00000159228"
"ENSG00000159231.6",147.073851013127,1.97706492938068,0.117145185512759,16.8770480897429,6.63821681659465e-64,7.72745336452902e-61,"CBR3","protein_coding","ENSG00000159231"
"ENSG00000159248.5",0.465727396612192,1.979896154143,0.632744014424775,3.12906342692616,0.00175364450104499,0.00468731469566857,"GJD2","protein_coding","ENSG00000159248"
"ENSG00000159263.16",96.7020060599082,1.09100992797607,0.225744274369947,4.83294617779822,1.34527166721042e-06,6.89525771004579e-06,"SIM2","protein_coding","ENSG00000159263"
"ENSG00000159409.15",141.467146079246,2.14144821609736,0.223074368050522,9.59970540233633,8.01732440687626e-22,3.90262662257299e-20,"CELF3","protein_coding","ENSG00000159409"
"ENSG00000159516.9",2.20584028031862,1.837965798527,0.408164508379664,4.50300249236117,6.70000977816812e-06,2.98630892016085e-05,"SPRR2G","protein_coding","ENSG00000159516"
"ENSG00000159648.11",100.538162196912,-1.45783325737348,0.176411023271359,-8.26384446016741,1.41054382302328e-16,3.45786925279407e-15,"TEPP","protein_coding","ENSG00000159648"
"ENSG00000159708.18",184.453522130457,-1.44603414010263,0.151210831333575,-9.56303280227749,1.14355484310355e-21,5.44933976287343e-20,"LRRC36","protein_coding","ENSG00000159708"
"ENSG00000159723.5",21.5222191481984,-1.5763742271632,0.135155021821466,-11.6634528700349,1.95932354705616e-31,2.73386024923662e-29,"AGRP","protein_coding","ENSG00000159723"
"ENSG00000160097.20",161.692970466926,-1.15056719995378,0.13270906633948,-8.6698462410288,4.32704302820575e-18,1.30396977883274e-16,"FNDC5","protein_coding","ENSG00000160097"
"ENSG00000160180.15",6767.19905062846,1.3191395505114,0.210239949002454,6.27444763362268,3.50877696051053e-10,3.31151493403012e-09,"TFF3","protein_coding","ENSG00000160180"
"ENSG00000160182.3",1733.11452742463,2.05087054906804,0.309361624088472,6.62936314454287,3.37138241599659e-11,3.73566042357762e-10,"TFF1","protein_coding","ENSG00000160182"
"ENSG00000160200.18",58.6524681099225,1.14243741677916,0.144917311243074,7.88337436693753,3.18656534688455e-15,6.42723920436223e-14,"CBS","protein_coding","ENSG00000160200"
"ENSG00000160211.19",8479.65256764545,1.81203527188654,0.0987992985750388,18.3405681823772,3.92671605225461e-75,7.99930960585047e-72,"G6PD","protein_coding","ENSG00000160211"
"ENSG00000160307.10",531.597557319142,-1.4829095337585,0.132018099767195,-11.2326229234742,2.81981334848867e-29,3.28250443592783e-27,"S100B","protein_coding","ENSG00000160307"
"ENSG00000160471.13",38.4628536173201,1.31282887047657,0.159672695609292,8.22199979443554,2.00137531723205e-16,4.79941345202975e-15,"COX6B2","protein_coding","ENSG00000160471"
"ENSG00000160593.19",1188.09603411333,-1.08667785009983,0.0844289647030139,-12.8709128901712,6.56219379103255e-38,1.75897014228973e-35,"JAML","protein_coding","ENSG00000160593"
"ENSG00000160716.6",16.48103065992,1.79921131600389,0.146723379431447,12.2626082017456,1.43795808415502e-34,2.91476249864319e-32,"CHRNB2","protein_coding","ENSG00000160716"
"ENSG00000160838.14",62.2036466632182,-1.17180084104611,0.195536629577109,-5.99274337284212,2.06330317654472e-09,1.70586772163071e-08,"LRRC71","protein_coding","ENSG00000160838"
"ENSG00000160883.11",769.271002392798,-1.03566382910647,0.102922946176847,-10.0625163540008,8.09035432918376e-24,5.13435056750676e-22,"HK3","protein_coding","ENSG00000160883"
"ENSG00000160973.8",10.5223731194052,1.33048514333372,0.162885754747948,8.16821056815273,3.12997260300917e-16,7.3121831286928e-15,"FOXH1","protein_coding","ENSG00000160973"
"ENSG00000161055.4",12396.1225100078,-1.84772092121574,0.222670535576573,-8.29800366910393,1.05875408258777e-16,2.64156874383795e-15,"SCGB3A1","protein_coding","ENSG00000161055"
"ENSG00000161133.16",10.7351913618905,1.39668853513737,0.1977761732929,7.06196561437619,1.64163616411244e-12,2.24824141964481e-11,"USP41","protein_coding","ENSG00000161133"
"ENSG00000161640.15",32.686989686652,-1.22438613893753,0.108465295827903,-11.2882754764272,1.49949844969586e-29,1.79688427458701e-27,"SIGLEC11","protein_coding","ENSG00000161640"
"ENSG00000161643.13",54.005587613949,-1.01160901979821,0.115192602399941,-8.7818922285128,1.60747079069995e-18,5.14075215270708e-17,"SIGLEC16","polymorphic_pseudogene","ENSG00000161643"
"ENSG00000161649.13",32.6977599028137,-1.63883934275737,0.199599313163451,-8.2106462030525,2.20001243420088e-16,5.25410941422311e-15,"CD300LG","protein_coding","ENSG00000161649"
"ENSG00000161652.12",21.2911668725094,2.06843093287668,0.25916542975859,7.98112207636414,1.45008960462526e-15,3.06914289668816e-14,"IZUMO2","protein_coding","ENSG00000161652"
"ENSG00000161896.12",260.526113938544,1.06287902304712,0.195218977893428,5.44454762808643,5.19372063954127e-08,3.38031565522093e-07,"IP6K3","protein_coding","ENSG00000161896"
"ENSG00000162383.13",1660.11063578781,-1.2406653626171,0.21677880908047,-5.72318561892532,1.04544933440683e-08,7.6983087351776e-08,"SLC1A7","protein_coding","ENSG00000162383"
"ENSG00000162482.5",531.688875583934,1.74009291256921,0.190469969238364,9.13578617945577,6.49332416614905e-20,2.43831803227107e-18,"AKR7A3","protein_coding","ENSG00000162482"
"ENSG00000162595.7",165.831057198582,-1.28355199889275,0.14758972482478,-8.69675717883882,3.41503138114919e-18,1.03928312584762e-16,"DIRAS3","protein_coding","ENSG00000162595"
"ENSG00000162598.13",79.3712324397596,-1.46590476393856,0.227784970362456,-6.43547623711073,1.23086786151291e-10,1.25310467970066e-09,"C1orf87","protein_coding","ENSG00000162598"
"ENSG00000162621.7",0.637052014207907,1.7440447192826,0.413016742923575,4.22269738252554,2.4139583596877e-05,9.68125853418211e-05,"LRRC53","protein_coding","ENSG00000162621"
"ENSG00000162624.14",7.14786332577718,1.51084924788887,0.343217763674215,4.4020135546451,1.0725085471808e-05,4.60309867668677e-05,"LHX8","protein_coding","ENSG00000162624"
"ENSG00000162711.18",262.588716567564,-1.02419255131538,0.0862906197710518,-11.8691064455533,1.71287303863478e-32,2.82540834870837e-30,"NLRP3","protein_coding","ENSG00000162711"
"ENSG00000162761.14",5.46931276014997,2.01048592795868,0.356698735465808,5.63636965332441,1.73672377735726e-08,1.23209710710198e-07,"LMX1A","protein_coding","ENSG00000162761"
"ENSG00000162763.4",18.2308098271314,-1.38267274121975,0.214232980922318,-6.45406106598084,1.08891898493596e-10,1.1166832671343e-09,"LRRC52","protein_coding","ENSG00000162763"
"ENSG00000162782.16",184.415324911061,1.17440104802216,0.197766784355433,5.93831290653686,2.87970029544229e-09,2.32516110061841e-08,"TDRD5","protein_coding","ENSG00000162782"
"ENSG00000162873.15",120.3097613347,-1.28072154950566,0.136349015926792,-9.3929651108982,5.8334467079554e-21,2.5177131273541e-19,"KLHDC8A","protein_coding","ENSG00000162873"
"ENSG00000162896.6",45825.3679481159,-1.19901538205893,0.189819202257413,-6.31661795961482,2.67349400070007e-10,2.57994712647195e-09,"PIGR","protein_coding","ENSG00000162896"
"ENSG00000162951.11",47.7433966552682,-1.25495991149444,0.271976635747047,-4.61421955620344,3.94575150976028e-06,1.84233043504656e-05,"LRRTM1","protein_coding","ENSG00000162951"
"ENSG00000162989.5",6.97381794402641,1.49367070675209,0.217956007438635,6.85308344700082,7.22748961864131e-12,8.90982177102278e-11,"KCNJ3","protein_coding","ENSG00000162989"
"ENSG00000162992.4",39.0390197353066,3.78866946642444,0.42835174862346,8.84476246122401,9.17232180802919e-19,2.99445438641453e-17,"NEUROD1","protein_coding","ENSG00000162992"
"ENSG00000163053.11",1899.50236479344,2.04994608249053,0.14950537952445,13.7115205420102,8.6623272290572e-43,3.52929198293478e-40,"SLC16A14","protein_coding","ENSG00000163053"
"ENSG00000163060.8",21.1590333816957,-1.03959197382099,0.169504080430761,-6.13313833613373,8.61621616029527e-10,7.62324636305994e-09,"TEKT4","protein_coding","ENSG00000163060"
"ENSG00000163106.11",156.653048336376,-1.69698183446439,0.108040844737972,-15.7068545565339,1.35749131704805e-55,1.2023536680541e-52,"HPGDS","protein_coding","ENSG00000163106"
"ENSG00000163145.13",168.456434145151,-1.28992158138567,0.124419420491373,-10.3675260364608,3.48428544576511e-25,2.54409035693204e-23,"C1QTNF7","protein_coding","ENSG00000163145"
"ENSG00000163207.7",450.507602780337,-1.29102441012272,0.259224119769136,-4.98034060747319,6.34724614696222e-07,3.43570944288138e-06,"IVL","protein_coding","ENSG00000163207"
"ENSG00000163216.7",120.626958555016,-1.68552934376407,0.295500897256109,-5.70397369150196,1.17046150207301e-08,8.54166451351611e-08,"SPRR2D","protein_coding","ENSG00000163216"
"ENSG00000163220.11",16262.2473458463,1.03254129004836,0.169776298971786,6.08177523188886,1.18859116013343e-09,1.02692668483732e-08,"S100A9","protein_coding","ENSG00000163220"
"ENSG00000163283.7",82.3877604228163,1.32273899728418,0.205781090986643,6.42789379209792,1.29384085255824e-10,1.31393214994467e-09,"ALPP","protein_coding","ENSG00000163283"
"ENSG00000163295.5",1.75010232038314,2.26392952926342,0.427746605073953,5.29268848053629,1.20531140083153e-07,7.36031211092313e-07,"ALPI","protein_coding","ENSG00000163295"
"ENSG00000163331.12",24.4253103234787,1.22794367237319,0.18765017285254,6.54379185324888,5.99782621635054e-11,6.39878066333517e-10,"DAPL1","protein_coding","ENSG00000163331"
"ENSG00000163394.6",2.65134700989877,1.5254040579911,0.371008849158935,4.11150316616206,3.93091483279377e-05,0.000150878250619422,"CCKAR","protein_coding","ENSG00000163394"
"ENSG00000163485.17",497.056323632258,-1.29058004223324,0.144237755195018,-8.94758824059824,3.63333490253599e-19,1.25239394191222e-17,"ADORA1","protein_coding","ENSG00000163485"
"ENSG00000163492.15",62.6752108997008,-1.26530676806309,0.131144758506004,-9.64816880580984,5.00413001647664e-22,2.4833528533655e-20,"CCDC141","protein_coding","ENSG00000163492"
"ENSG00000163497.3",2.13657210952458,1.24656534053309,0.261697864486367,4.76337605192048,1.90380570091662e-06,9.44668806143535e-06,"FEV","protein_coding","ENSG00000163497"
"ENSG00000163499.12",12.364803008624,2.31073942108547,0.243816087245269,9.47738702229671,2.60730046866024e-21,1.18032492216249e-19,"CRYBA2","protein_coding","ENSG00000163499"
"ENSG00000163515.6",5.92809280069134,2.46287829130705,0.257928115946811,9.54870035112782,1.31333454895067e-21,6.16465317141673e-20,"RETNLB","protein_coding","ENSG00000163515"
"ENSG00000163530.4",3.76310784517959,3.31896897035284,0.775963871954343,4.27722100256251,1.89240907244801e-05,7.74431727990651e-05,"DPPA2","protein_coding","ENSG00000163530"
"ENSG00000163563.8",909.961641598143,-1.24599953174759,0.0848950007540903,-14.6769482381747,9.05761397615255e-49,5.67745178815974e-46,"MNDA","protein_coding","ENSG00000163563"
"ENSG00000163629.13",3729.4358312689,-1.73448900603428,0.114761066999325,-15.1139149485642,1.31112981685331e-51,9.53917180858116e-49,"PTPN13","protein_coding","ENSG00000163629"
"ENSG00000163661.4",113.138693440856,-1.2686476047719,0.12739526683616,-9.95835745140732,2.31861649018435e-23,1.37707568016882e-21,"PTX3","protein_coding","ENSG00000163661"
"ENSG00000163736.4",75.0036493463663,-1.51317461036452,0.203750518170968,-7.42660496742791,1.11420481988867e-13,1.81584187906896e-12,"PPBP","protein_coding","ENSG00000163736"
"ENSG00000163751.4",1216.92085670921,-1.42101692614426,0.123226818496224,-11.5317180422686,9.13032408604608e-31,1.21567579816267e-28,"CPA3","protein_coding","ENSG00000163751"
"ENSG00000163982.6",0.412885319854529,1.44988241395655,0.48922312779919,2.96364241911244,0.00304021341339474,0.00765180473819756,"OTOP1","protein_coding","ENSG00000163982"
"ENSG00000163993.7",12518.3853211555,2.47711340016824,0.19325499247457,12.8178494560455,1.30263544889254e-37,3.42408232865991e-35,"S100P","protein_coding","ENSG00000163993"
"ENSG00000164076.17",4.38326383337695,1.06919886693906,0.200522997601071,5.33205108506392,9.71096094115591e-08,6.03222566893604e-07,"CAMKV","protein_coding","ENSG00000164076"
"ENSG00000164089.9",69.0035396768452,2.78297215572324,0.34643439562921,8.03318663168153,9.49730285573536e-16,2.05933267829285e-14,"ETNPPL","protein_coding","ENSG00000164089"
"ENSG00000164093.17",391.211847449935,1.32339885693358,0.214353212463153,6.17391660113828,6.6618691250171e-10,5.99303452772293e-09,"PITX2","protein_coding","ENSG00000164093"
"ENSG00000164120.14",6666.55307948484,-1.01470013055822,0.168154694213266,-6.03432532945706,1.59628187015422e-09,1.35072299554919e-08,"HPGD","protein_coding","ENSG00000164120"
"ENSG00000164161.10",680.673175931328,-1.93731697931146,0.186029329605754,-10.4140405355282,2.13943913762641e-25,1.58198128465178e-23,"HHIP","protein_coding","ENSG00000164161"
"ENSG00000164188.9",66.5687925791405,-1.05397475687038,0.113247623031575,-9.30681570752721,1.31722171704134e-20,5.45956911672585e-19,"RANBP3L","protein_coding","ENSG00000164188"
"ENSG00000164237.9",3031.26995636638,1.15738043158416,0.12006251199642,9.63981522907555,5.42855996798667e-22,2.67767335079517e-20,"CMBL","protein_coding","ENSG00000164237"
"ENSG00000164256.11",3.36116752997046,1.16691483064523,0.428313498238824,2.72444094207503,0.00644104487294447,0.014909805764353,"PRDM9","protein_coding","ENSG00000164256"
"ENSG00000164270.18",8.34945790950617,-1.28602038431471,0.188269657014644,-6.83073632101362,8.4479886584687e-12,1.02991143600236e-10,"HTR4","protein_coding","ENSG00000164270"
"ENSG00000164299.7",0.596634660050102,1.23560706137879,0.370188217258262,3.33778063097231,0.00084450394270755,0.00243645546931976,"SPZ1","protein_coding","ENSG00000164299"
"ENSG00000164304.16",7.29598756661205,1.29901666213879,0.133311385707922,9.74422893619055,1.95255492181024e-22,1.01997756698081e-20,"CAGE1","protein_coding","ENSG00000164304"
"ENSG00000164362.21",48.7413467253856,1.41343432432917,0.159329813391782,8.87112269976505,7.24121137789749e-19,2.4083973483239e-17,"TERT","protein_coding","ENSG00000164362"
"ENSG00000164363.10",2.70844337674962,-1.0744053927235,0.307379860132153,-3.49536691265841,0.000473410478905973,0.00144437345679692,"SLC6A18","protein_coding","ENSG00000164363"
"ENSG00000164400.6",103.570888112629,-1.96549076820392,0.146489814461317,-13.4172520828944,4.79152932499046e-41,1.69757634163553e-38,"CSF2","protein_coding","ENSG00000164400"
"ENSG00000164438.6",1.52054989600575,1.2408177893924,0.452470524503689,2.7423173934997,0.0061007360398365,0.0142222514431,"TLX3","protein_coding","ENSG00000164438"
"ENSG00000164485.15",79.0603084570294,-1.16895714896043,0.157971116528112,-7.3998157046159,1.36373631015821e-13,2.19355343406143e-12,"IL22RA2","protein_coding","ENSG00000164485"
"ENSG00000164488.12",528.73443324176,1.28734817641757,0.202326425527552,6.36272880846335,1.98200461791838e-10,1.96144799970485e-09,"DACT2","protein_coding","ENSG00000164488"
"ENSG00000164512.18",16.5003882729084,-1.12408611492479,0.113157468114899,-9.9338217234006,2.9666238753884e-23,1.7316498073775e-21,"ANKRD55","protein_coding","ENSG00000164512"
"ENSG00000164530.15",54.4620856604836,-1.43214472432162,0.166506127837351,-8.60115326038083,7.89190126676733e-18,2.28691133223258e-16,"PI16","protein_coding","ENSG00000164530"
"ENSG00000164588.8",38.7480898946587,-1.44943331440251,0.242942423202657,-5.96615978096765,2.42902433253349e-09,1.98966100483337e-08,"HCN1","protein_coding","ENSG00000164588"
"ENSG00000164604.13",118.481554376325,-1.13927723745342,0.0976146440759785,-11.6711713517765,1.78942292984169e-31,2.50537657836907e-29,"GPR85","protein_coding","ENSG00000164604"
"ENSG00000164756.12",19.4097781692338,1.04906597179597,0.234232620533521,4.47873558092155,7.50864738678743e-06,3.31805662125684e-05,"SLC30A8","protein_coding","ENSG00000164756"
"ENSG00000164794.9",25.7210678319618,1.51617936100582,0.269531875100299,5.62523211936109,1.85258691204066e-08,1.30723845786755e-07,"KCNV1","protein_coding","ENSG00000164794"
"ENSG00000164816.8",2.82736777706925,4.18934398973114,0.840476483004007,4.98448686482899,6.21264658939208e-07,3.37091303757626e-06,"DEFA5","protein_coding","ENSG00000164816"
"ENSG00000164822.5",0.56049144163665,1.57596712913612,0.536412307895948,2.93797719764815,0.00330361320712496,0.00823639168387542,"DEFA6","protein_coding","ENSG00000164822"
"ENSG00000164825.4",389.560421356427,2.2496716854767,0.204106748968131,11.0220347776347,2.99217617070872e-28,3.04015545444352e-26,"DEFB1","protein_coding","ENSG00000164825"
"ENSG00000164841.5",46.6759786904085,1.19293785054064,0.167944770888631,7.10315566378494,1.21939923898211e-12,1.70027320991951e-11,"TMEM74","protein_coding","ENSG00000164841"
"ENSG00000164871.17",2.05051913460527,3.78864812007898,0.852749097094562,4.44286383062433,8.8769349524523e-06,3.8685737594156e-05,"SPAG11B","protein_coding","ENSG00000164871"
"ENSG00000164929.17",395.113461411416,1.19567554415387,0.18014960567555,6.63712551393136,3.19859274526957e-11,3.55774677096692e-10,"BAALC","protein_coding","ENSG00000164929"
"ENSG00000164935.6",94.3717594603139,-1.32687900392873,0.126502474632973,-10.4889568981038,9.7094352062788e-26,7.35300220463601e-24,"DCSTAMP","protein_coding","ENSG00000164935"
"ENSG00000165023.7",27.9566088811247,1.13432513845622,0.196112657967537,5.78404856785933,7.29238729379121e-09,5.52769740485461e-08,"DIRAS2","protein_coding","ENSG00000165023"
"ENSG00000165061.15",80.2764636521607,3.36239271913277,0.275085196176475,12.2230958476431,2.34000649363995e-34,4.60574321596002e-32,"ZMAT4","protein_coding","ENSG00000165061"
"ENSG00000165072.10",397.059890042277,-1.1315828491598,0.127014240076039,-8.90910222729637,5.14474582489938e-19,1.73952181862137e-17,"MAMDC2","protein_coding","ENSG00000165072"
"ENSG00000165092.13",6388.59251849626,1.14358266012918,0.143005621348337,7.99676718542143,1.27728424721948e-15,2.72177782868532e-14,"ALDH1A1","protein_coding","ENSG00000165092"
"ENSG00000165168.8",5470.13699256957,-1.06489629163073,0.0951046717086646,-11.1970976030792,4.21311139148476e-29,4.74184523268684e-27,"CYBB","protein_coding","ENSG00000165168"
"ENSG00000165188.13",180.805039437792,1.1396041689477,0.190675575991592,5.97666566901022,2.27750931192891e-09,1.87308360710374e-08,"RNF183","protein_coding","ENSG00000165188"
"ENSG00000165197.5",232.130381420727,-1.06347081924534,0.167952302233102,-6.33198119409723,2.42032993147877e-10,2.35574539890682e-09,"VEGFD","protein_coding","ENSG00000165197"
"ENSG00000165443.12",30.7638072330704,1.01395230482632,0.192118156084936,5.27775367767973,1.30777093364718e-07,7.9431292709581e-07,"PHYHIPL","protein_coding","ENSG00000165443"
"ENSG00000165457.14",1077.31500154605,-1.18929379181523,0.103118800970275,-11.5332391438303,8.97038983655768e-31,1.19829702659302e-28,"FOLR2","protein_coding","ENSG00000165457"
"ENSG00000165462.5",2.17475605204566,2.51394024779208,0.365319228963293,6.88148897862883,5.92301580374368e-12,7.39814551422721e-11,"PHOX2A","protein_coding","ENSG00000165462"
"ENSG00000165478.7",0.836569677066812,-1.13300049035561,0.245212513775858,-4.620483974938,3.82845915563002e-06,1.79208308108725e-05,"HEPACAM","protein_coding","ENSG00000165478"
"ENSG00000165496.5",2.70761869064294,1.35921881255102,0.217366698294659,6.25311431426579,4.02347407337247e-10,3.75122206341909e-09,"RPL10L","protein_coding","ENSG00000165496"
"ENSG00000165553.4",4.2274056232497,1.10682429645944,0.349443950987222,3.16738719709562,0.0015381537065305,0.0041654367873162,"NGB","protein_coding","ENSG00000165553"
"ENSG00000165556.10",57.7410770289441,2.37763287193541,0.273678528448198,8.68768509322588,3.69899440196543e-18,1.12301139284111e-16,"CDX2","protein_coding","ENSG00000165556"
"ENSG00000165568.18",171.585206258096,1.02487768527816,0.110051778512662,9.31268625668093,1.24639402650187e-20,5.19773099506303e-19,"AKR1E2","protein_coding","ENSG00000165568"
"ENSG00000165588.18",5.73309264543147,3.49380726141374,0.402550384791312,8.67918003164992,3.98632270954527e-18,1.20396401893998e-16,"OTX2","protein_coding","ENSG00000165588"
"ENSG00000165606.9",120.978877198952,-2.55864138710487,0.220365163754544,-11.6109159157063,3.62709392275706e-31,4.9925232329355e-29,"DRGX","protein_coding","ENSG00000165606"
"ENSG00000165621.8",11.6188131159418,1.42678906583385,0.19606250469019,7.27721533542786,3.40781079251032e-13,5.16150316428430e-12,"OXGR1","protein_coding","ENSG00000165621"
"ENSG00000165643.11",6.25139845077597,2.49116004601616,0.282363271145879,8.82253572111771,1.11896485233877e-18,3.62400516524948e-17,"SOHLH1","protein_coding","ENSG00000165643"
"ENSG00000165731.20",662.12590276348,2.52275453487606,0.190143058414802,13.2676657034337,3.56514069771693e-40,1.19061088071378e-37,"RET","protein_coding","ENSG00000165731"
"ENSG00000165863.17",10.8156506457612,1.72723217854348,0.296525887641254,5.8248950615507,5.71484973923846e-09,4.40203240516219e-08,"C10orf82","protein_coding","ENSG00000165863"
"ENSG00000165899.11",35.2242172368542,1.03887801327118,0.165146076848707,6.29066117158156,3.16116646982373e-10,3.00783291639487e-09,"OTOGL","protein_coding","ENSG00000165899"
"ENSG00000166006.14",12.2214823824796,2.12863429391934,0.338872502312221,6.2815196848227,3.35279337545395e-10,3.17238412670971e-09,"KCNC2","protein_coding","ENSG00000166006"
"ENSG00000166049.11",4.09205397663255,1.4630959709113,0.509208108574612,2.87327704778079,0.00406237697593548,0.00992762866665902,"PASD1","protein_coding","ENSG00000166049"
"ENSG00000166105.16",1137.25490004298,-1.49904642386765,0.230454841623768,-6.50472957437333,7.78332675876642e-11,8.15418056396041e-10,"GLB1L3","protein_coding","ENSG00000166105"
"ENSG00000166111.10",5.94687465072739,1.79760770176353,0.250319296832983,7.18125899403963,6.9072360228511e-13,9.97241379443737e-12,"SVOP","protein_coding","ENSG00000166111"
"ENSG00000166123.14",3723.10690435882,1.14501738493241,0.107302364194833,10.6709427469218,1.39206745141199e-26,1.1468763765607e-24,"GPT2","protein_coding","ENSG00000166123"
"ENSG00000166159.11",1.47602726999516,1.21617905169358,0.254719469775855,4.77458222083998,1.80080699822516e-06,8.98264930566693e-06,"LRTM2","protein_coding","ENSG00000166159"
"ENSG00000166183.16",186.242964730404,1.44210565604412,0.205875045019596,7.00476182485767,2.47406346152451e-12,3.27914013054305e-11,"ASPG","protein_coding","ENSG00000166183"
"ENSG00000166206.15",460.454772051455,1.21913605481713,0.19333136933187,6.30594020530821,2.86449616475043e-10,2.74801429810282e-09,"GABRB3","protein_coding","ENSG00000166206"
"ENSG00000166292.12",403.918913993892,-1.16168634322349,0.150983482669384,-7.69412867344765,1.42461633551711e-14,2.62519870456687e-13,"TMEM100","protein_coding","ENSG00000166292"
"ENSG00000166407.14",9.75943931873572,1.11144691176803,0.192540558254988,5.77253396292796,7.80881982598618e-09,5.89393749852084e-08,"LMO1","protein_coding","ENSG00000166407"
"ENSG00000166415.15",736.000586264253,1.42737060870914,0.209554518022224,6.8114523236276,9.66183186195087e-12,1.16741404374693e-10,"WDR72","protein_coding","ENSG00000166415"
"ENSG00000166426.8",53.3182011298817,1.18270927012018,0.245364005736865,4.82022318867971,1.43397702154541e-06,7.29485900721997e-06,"CRABP1","protein_coding","ENSG00000166426"
"ENSG00000166428.14",273.890702434989,-1.26498106784661,0.103368113360823,-12.2376333157111,1.95654843572564e-34,3.86969188916359e-32,"PLD4","protein_coding","ENSG00000166428"
"ENSG00000166473.17",222.707584441319,1.71471147725147,0.16899399066667,10.1465825529478,3.43170526313565e-24,2.24787729157453e-22,"PKD1L2","polymorphic_pseudogene","ENSG00000166473"
"ENSG00000166482.12",4064.40911169387,-1.16806354409077,0.11035551531886,-10.5845506743889,3.51462940187637e-26,2.80228073817317e-24,"MFAP4","protein_coding","ENSG00000166482"
"ENSG00000166535.20",63.8130494490657,2.4819664478161,0.208790534723401,11.8873513643907,1.37704489175152e-32,2.28068861888749e-30,"A2ML1","protein_coding","ENSG00000166535"
"ENSG00000166558.11",28.9928051248819,3.35364155138476,0.260329307953173,12.882305022637,5.66189464742547e-38,1.52769916304673e-35,"SLC38A8","protein_coding","ENSG00000166558"
"ENSG00000166562.9",5481.15744397694,1.01761831146394,0.109722405013436,9.2744805524389,1.7848660583629e-20,7.29396166658773e-19,"SEC11C","protein_coding","ENSG00000166562"
"ENSG00000166573.6",3.75808635182431,3.02594395386794,0.315596356106461,9.58801930161446,8.97921569066074e-22,4.32946964360462e-20,"GALR1","protein_coding","ENSG00000166573"
"ENSG00000166592.12",1371.39173386776,-1.04077348378127,0.133735657921391,-7.78231849274658,7.12073255116572e-15,1.37432499446776e-13,"RRAD","protein_coding","ENSG00000166592"
"ENSG00000166596.15",125.569592977253,-1.14965890465785,0.166503675470341,-6.90470586556294,5.03075535639669e-12,6.33791173425078e-11,"CFAP52","protein_coding","ENSG00000166596"
"ENSG00000166634.6",0.846381066867514,2.09154646844374,0.438911120354408,4.76530753368672,1.88565818509874e-06,9.36804919344935e-06,"SERPINB12","protein_coding","ENSG00000166634"
"ENSG00000166840.13",17.8806623211608,1.28719615117481,0.218796208624033,5.88308252354892,4.02695010311152e-09,3.1771887693856e-08,"GLYATL1","protein_coding","ENSG00000166840"
"ENSG00000166863.13",8.45818378556878,1.26377183040316,0.235661183414827,5.36266436453633,8.20032922481225e-08,5.1692471199593e-07,"TAC3","protein_coding","ENSG00000166863"
"ENSG00000166897.16",682.798582924544,-1.20990507776296,0.146393890596076,-8.26472384084171,1.40018499976708e-16,3.43537864604642e-15,"ELFN2","protein_coding","ENSG00000166897"
"ENSG00000166961.15",937.192501015907,-1.34444578842003,0.221405219664563,-6.07233104285851,1.26066709606001e-09,1.08407259381116e-08,"MS4A15","protein_coding","ENSG00000166961"
"ENSG00000167080.9",453.956936563365,2.16849934483063,0.245556712321257,8.83095120606447,1.03789261040533e-18,3.37484905233393e-17,"B4GALNT2","protein_coding","ENSG00000167080"
"ENSG00000167104.11",2.37800715616496,2.72312242375331,0.415708140701258,6.55056314066805,5.73205142640238e-11,6.13935255693776e-10,"BPIFB6","protein_coding","ENSG00000167104"
"ENSG00000167117.10",5.41592890290732,1.9020819943648,0.245987615711857,7.73242989839309,1.05512925054362e-14,1.98380853968153e-13,"ANKRD40CL","protein_coding","ENSG00000167117"
"ENSG00000167165.19",174.085069008474,3.22206032160838,0.310825354082568,10.3661438144858,3.53503503850245e-25,2.57652831079974e-23,"UGT1A6","protein_coding","ENSG00000167165"
"ENSG00000167346.7",0.696561227859326,2.64843859285424,0.635561870738253,4.16708225397141,3.08523196095431e-05,0.000120901804160009,"MMP26","protein_coding","ENSG00000167346"
"ENSG00000167371.21",134.576896543413,-1.0811403447274,0.11273129744245,-9.59041871472585,8.77282599909411e-22,4.23496741328307e-20,"PRRT2","protein_coding","ENSG00000167371"
"ENSG00000167390.8",0.455493714039337,-1.34899455030049,0.335225245376973,-4.02414367325914,5.71830014483879e-05,0.000212496080628572,"POM121L3P","unprocessed_pseudogene","ENSG00000167390"
"ENSG00000167588.13",245.150378546065,-1.03183780827147,0.143645388247847,-7.18322962440761,6.80836068353278e-13,9.84012200529181e-12,"GPD1","protein_coding","ENSG00000167588"
"ENSG00000167612.13",5.36592400913277,1.44572557161019,0.215781924110073,6.699938271348,2.08507599422353e-11,2.39100059759779e-10,"ANKRD33","protein_coding","ENSG00000167612"
"ENSG00000167619.13",70.851529146991,1.20587151526478,0.15074733035269,7.99928935685634,1.25139328832251e-15,2.67079710561153e-14,"TMEM145","protein_coding","ENSG00000167619"
"ENSG00000167653.5",540.752447295247,2.18007716583325,0.224387373227153,9.71568557748701,2.58503491581889e-22,1.33319085538239e-20,"PSCA","protein_coding","ENSG00000167653"
"ENSG00000167656.5",275.922329539869,1.15400931903131,0.251587194684278,4.58691596159934,4.49841648446233e-06,2.07917167131535e-05,"LY6D","protein_coding","ENSG00000167656"
"ENSG00000167701.14",138.968142328439,1.12078259796313,0.135310560570598,8.28303861307533,1.2007146858698e-16,2.97029255897955e-15,"GPT","protein_coding","ENSG00000167701"
"ENSG00000167748.11",70.2842535595345,1.00878773656626,0.169866498575056,5.93870919238688,2.87274920544391e-09,2.32046829653849e-08,"KLK1","protein_coding","ENSG00000167748"
"ENSG00000167754.13",47.6600437562253,1.06048228724044,0.307059069426366,3.45367518120077,0.000553003005881866,0.00165852053504931,"KLK5","protein_coding","ENSG00000167754"
"ENSG00000167755.15",242.299024180018,1.83396962021293,0.293526408033113,6.24805663143617,4.15591003447199e-10,3.86056184529166e-09,"KLK6","protein_coding","ENSG00000167755"
"ENSG00000167757.14",1854.28231435878,1.02991416099014,0.212794326005351,4.83995123518585,1.29870992072344e-06,6.67760453054456e-06,"KLK11","protein_coding","ENSG00000167757"
"ENSG00000167759.13",459.753039354888,3.01196300115179,0.220536811469159,13.6574161070294,1.82339715234024e-42,7.35551189879194e-40,"KLK13","protein_coding","ENSG00000167759"
"ENSG00000167768.4",16.4607283918305,-1.51639411844466,0.17527971675696,-8.65128120070658,5.09244498986309e-18,1.51778702430133e-16,"KRT1","protein_coding","ENSG00000167768"
"ENSG00000167771.6",270.713528746394,1.3983655029065,0.13220066937128,10.5775977501237,3.78539165618706e-26,3.00639789957172e-24,"RCOR2","protein_coding","ENSG00000167771"
"ENSG00000167779.9",772.383951633407,-1.23386589148464,0.136628747391921,-9.03079267751229,1.70432710417238e-19,6.07518803195933e-18,"IGFBP6","protein_coding","ENSG00000167779"
"ENSG00000167798.17",1.98146735763808,1.01098334044908,0.363188563265199,2.78363209281693,0.00537539692209963,0.012730167216758,"C3P1","transcribed_unprocessed_pseudogene","ENSG00000167798"
"ENSG00000167800.9",11.6259388667024,2.10069835422796,0.216693172670896,9.69434490406582,3.18676124666237e-22,1.62704528161359e-20,"TBX10","protein_coding","ENSG00000167800"
"ENSG00000167850.4",168.809933389311,-1.09525087065507,0.0883501214574768,-12.3967104129248,2.72273458071703e-35,5.74779145192507e-33,"CD300C","protein_coding","ENSG00000167850"
"ENSG00000167858.13",237.397018636842,-1.0055571451628,0.220157220187818,-4.56745022627444,4.93692857384873e-06,2.26183830973034e-05,"TEKT1","protein_coding","ENSG00000167858"
"ENSG00000167964.13",197.228832545691,1.16689318968774,0.118388300428803,9.85649076354032,6.425596842949e-23,3.56187880506491e-21,"RAB26","protein_coding","ENSG00000167964"
"ENSG00000168078.10",495.391854560101,1.2525407624128,0.111268332769768,11.2569383510447,2.14067156154685e-29,2.52804004151025e-27,"PBK","protein_coding","ENSG00000168078"
"ENSG00000168124.2",2.10917508673924,1.98202054258015,0.353063814925275,5.61377422095673,1.97960481243894e-08,1.38868868583333e-07,"OR1F1","protein_coding","ENSG00000168124"
"ENSG00000168126.3",1.72584126865057,1.52274958254243,0.209205753847029,7.27871750437544,3.37008544687445e-13,5.10816188102699e-12,"OR2W6P","unprocessed_pseudogene","ENSG00000168126"
"ENSG00000168143.9",147.327793679577,1.03941280474077,0.212356476881498,4.89466024302524,9.8475709002302e-07,5.16569565067695e-06,"FAM83B","protein_coding","ENSG00000168143"
"ENSG00000168243.11",583.605984014088,2.1210656711693,0.199207028683356,10.6475443421265,1.79025380351356e-26,1.45880621433106e-24,"GNG4","protein_coding","ENSG00000168243"
"ENSG00000168267.7",0.746758998524504,2.07212130997047,0.453992491118712,4.56421934394648,5.01356400071384e-06,2.29385331927102e-05,"PTF1A","protein_coding","ENSG00000168267"
"ENSG00000168280.18",189.207354455416,1.39502593105704,0.144952598167828,9.62401466886341,6.33107718841845e-22,3.10779611912931e-20,"KIF5C","protein_coding","ENSG00000168280"
"ENSG00000168329.14",245.587576059586,-1.41164813554419,0.119377394813689,-11.825087469427,2.89600911200574e-32,4.57333718024999e-30,"CX3CR1","protein_coding","ENSG00000168329"
"ENSG00000168454.12",8.7936079767997,1.19553087048258,0.164106576246141,7.28508812888408,3.21460095111078e-13,4.89250977030656e-12,"TXNDC2","protein_coding","ENSG00000168454"
"ENSG00000168477.19",1153.20075637299,-1.24324074044465,0.127157901390626,-9.7771410730148,1.41140992699728e-22,7.58642145852904e-21,"TNXB","protein_coding","ENSG00000168477"
"ENSG00000168481.9",244.378127969804,-1.28398037591353,0.217707798975757,-5.89772337947575,3.68551148167588e-09,2.9276427041903e-08,"LGI3","protein_coding","ENSG00000168481"
"ENSG00000168484.12",50660.6225264188,-1.8323066847971,0.243959397791909,-7.5107034259857,5.88104897656726e-14,9.95478099095471e-13,"SFTPC","protein_coding","ENSG00000168484"
"ENSG00000168505.7",10.4312794808892,1.4462119153292,0.23939166641817,6.04119573988406,1.52976258396098e-09,1.29902286282456e-08,"GBX2","protein_coding","ENSG00000168505"
"ENSG00000168546.11",61.1071950369698,-1.0311538718489,0.106639768826706,-9.66950588128678,4.06335164843953e-22,2.0338223121913e-20,"GFRA2","protein_coding","ENSG00000168546"
"ENSG00000168634.5",14.4791948820608,-1.10837450470688,0.146054827671754,-7.5887563757759,3.22990383934627e-14,5.68449123656524e-13,"WFDC13","protein_coding","ENSG00000168634"
"ENSG00000168671.10",19.7590152657352,1.26887630681307,0.192286822955666,6.5988729092769,4.14295264615007e-11,4.53144482314342e-10,"UGT3A2","protein_coding","ENSG00000168671"
"ENSG00000168702.18",34.3938910125157,2.5329512536836,0.235366495787384,10.7617324428865,5.21798574277038e-27,4.62166071994986e-25,"LRP1B","protein_coding","ENSG00000168702"
"ENSG00000168779.20",99.6393451392956,1.29307622047478,0.157061034264894,8.23295368279522,1.8265283207007e-16,4.40084230457177e-15,"SHOX2","protein_coding","ENSG00000168779"
"ENSG00000168875.3",44.3689466144629,2.57688729774312,0.436058172278837,5.90950350563624,3.43140376351375e-09,2.7396763381705e-08,"SOX14","protein_coding","ENSG00000168875"
"ENSG00000168955.4",25.6268241097982,5.24640805365536,0.285624645222594,18.3681910556658,2.36152263209972e-75,5.06397455787573e-72,"TM4SF20","protein_coding","ENSG00000168955"
"ENSG00000169006.7",1.05782533284716,1.2451783722738,0.331169776992139,3.75993964057704,0.000169954357914844,0.000572138543285517,"NTSR2","protein_coding","ENSG00000169006"
"ENSG00000169067.4",20.2705509085551,-1.01309653910156,0.166792816905068,-6.07398182907469,1.24776853602555e-09,1.07363394909417e-08,"ACTBL2","protein_coding","ENSG00000169067"
"ENSG00000169085.13",4.73445879689092,-1.44869047564194,0.225480874590137,-6.4248929239576,1.31962372799518e-10,1.33911406101388e-09,"VXN","protein_coding","ENSG00000169085"
"ENSG00000169126.16",148.693250827074,-1.09167626121775,0.168404617174288,-6.4824603952986,9.02387767283577e-11,9.3862611188243e-10,"ARMC4","protein_coding","ENSG00000169126"
"ENSG00000169164.7",1.11148137925961,2.03498325008072,0.54437123027531,3.73822703498042,0.000185322557609564,0.000618517259159812,"AL159987.1","transcribed_unprocessed_pseudogene","ENSG00000169164"
"ENSG00000169181.13",3.71218431996093,-1.06493063248116,0.18359662609154,-5.80038236623252,6.61638750673337e-09,5.05383344932204e-08,"GSG1L","protein_coding","ENSG00000169181"
"ENSG00000169213.7",468.671307539026,1.68814293824432,0.19228283915816,8.7794779067921,1.64235248112608e-18,5.2440726597586e-17,"RAB3B","protein_coding","ENSG00000169213"
"ENSG00000169218.14",29.5665908938195,-1.12178193059688,0.132550364263109,-8.46306184696843,2.60447500428728e-17,7.06485519971216e-16,"RSPO1","protein_coding","ENSG00000169218"
"ENSG00000169224.13",38.9539382702024,-1.11477609969739,0.142132798605116,-7.84320094051299,4.39204330203904e-15,8.70778687372149e-14,"GCSAML","protein_coding","ENSG00000169224"
"ENSG00000169297.8",280.640611695405,7.25605912782283,0.344824829306478,21.0427397076261,2.66525357911232e-98,1.35738033217217e-94,"NR0B1","protein_coding","ENSG00000169297"
"ENSG00000169313.10",79.1605587533517,-1.5187535631859,0.119327452217709,-12.7276124224539,4.15346784039143e-37,1.0381885903133e-34,"P2RY12","protein_coding","ENSG00000169313"
"ENSG00000169314.15",47.0968356255904,-1.19961484285327,0.169071542273528,-7.09530904327174,1.29062748221351e-12,1.7922302490738e-11,"C22orf15","protein_coding","ENSG00000169314"
"ENSG00000169344.15",0.880312749896871,2.59664288789857,0.533064324162119,4.87116239110547,1.10943606157942e-06,5.76994555232707e-06,"UMOD","protein_coding","ENSG00000169344"
"ENSG00000169347.17",63.3780464090657,2.65293887807816,0.355798673593096,7.45629220954363,8.89912636340085e-14,1.47508993256323e-12,"GP2","protein_coding","ENSG00000169347"
"ENSG00000169427.8",49.5872839746873,1.73272215861132,0.223938232639597,7.73750037314946,1.01390384949332e-14,1.91159114020853e-13,"KCNK9","protein_coding","ENSG00000169427"
"ENSG00000169508.7",1010.45532005985,-1.01842698784241,0.0911249787354331,-11.1761561097232,5.33510901053024e-29,5.90674854391396e-27,"GPR183","protein_coding","ENSG00000169508"
"ENSG00000169509.6",2.84983520758137,2.08448617270621,0.457215747437979,4.55908656774549,5.1376591727289e-06,2.34483754536231e-05,"CRCT1","protein_coding","ENSG00000169509"
"ENSG00000169548.3",10.8459823266219,1.46766203357278,0.329405663132499,4.45548512923541,8.37036981006067e-06,3.66388028761605e-05,"ZNF280A","protein_coding","ENSG00000169548"
"ENSG00000169551.13",2.69873673079288,1.14923560607728,0.274267913501203,4.1901934185686,2.78716768551053e-05,0.000110089746011397,"CT55","protein_coding","ENSG00000169551"
"ENSG00000169605.7",1.20159730589059,-1.50641972194795,0.443592525468966,-3.39595379871507,0.000683899023211205,0.00201475762130833,"GKN1","protein_coding","ENSG00000169605"
"ENSG00000169676.6",8.7769815378536,-1.15807153223582,0.164772821768269,-7.0282921649815,2.09076755032784e-12,2.80950337410974e-11,"DRD5","protein_coding","ENSG00000169676"
"ENSG00000169684.13",126.342768926799,1.72991840880094,0.13197243397277,13.1081799185266,2.95607648224893e-39,9.12419879668697e-37,"CHRNA5","protein_coding","ENSG00000169684"
"ENSG00000169752.17",64.9541176417831,1.56343943323568,0.145862495755595,10.718584137319,8.32682098293955e-27,7.15737694742418e-25,"NRG4","protein_coding","ENSG00000169752"
"ENSG00000169836.5",7.39986414931846,1.95902219532587,0.329770744547825,5.94055788063323,2.84053741902984e-09,2.29672585956604e-08,"TACR3","protein_coding","ENSG00000169836"
"ENSG00000169862.19",484.176759377708,1.665704015768,0.240975076534807,6.91234977376344,4.76690708164062e-12,6.02787384318075e-11,"CTNND2","protein_coding","ENSG00000169862"
"ENSG00000169896.18",1625.01747733978,-1.18558839033922,0.0895215982888171,-13.2436016894409,4.91348052954942e-40,1.62756046516611e-37,"ITGAM","protein_coding","ENSG00000169896"
"ENSG00000170044.8",35.4084317913821,-1.01420864940401,0.176433273447755,-5.74839784800757,9.00930498783251e-09,6.72041418058915e-08,"ZPLD1","protein_coding","ENSG00000170044"
"ENSG00000170054.16",8.8719167546583,-1.05313493844298,0.20379894634154,-5.16751905418623,2.37221789296714e-07,1.38211459478278e-06,"SERPINA9","protein_coding","ENSG00000170054"
"ENSG00000170075.9",36.0257938759737,1.37445197221958,0.117372627148317,11.7101576884938,1.13069136753998e-31,1.62783598543043e-29,"GPR37L1","protein_coding","ENSG00000170075"
"ENSG00000170091.11",18.2567657954762,2.40787122013775,0.220208986775586,10.934482081749,7.88549529351672e-28,7.61324015980455e-26,"NSG2","protein_coding","ENSG00000170091"
"ENSG00000170178.7",5.3988030284239,1.29398732421342,0.323011270315718,4.00601292626306,6.17522710684163e-05,0.0002279993457309,"HOXD12","protein_coding","ENSG00000170178"
"ENSG00000170279.3",0.589497507505007,1.40392397736634,0.434281617445728,3.2327501809164,0.00122604728282069,0.00340023445946248,"C7orf33","protein_coding","ENSG00000170279"
"ENSG00000170289.12",21.9338287192551,1.70485659527827,0.183954164872133,9.26783362835693,1.89964915149202e-20,7.74748802594988e-19,"CNGB3","protein_coding","ENSG00000170289"
"ENSG00000170323.9",255.376253313995,-1.41697322008947,0.164290179967425,-8.6248199397579,6.41935742971578e-18,1.88840346396325e-16,"FABP4","protein_coding","ENSG00000170323"
"ENSG00000170423.13",22.4491686297946,1.23898895323636,0.177256739118066,6.98979886125008,2.75280615174933e-12,3.62266088632826e-11,"KRT78","protein_coding","ENSG00000170423"
"ENSG00000170465.10",25.8707370821645,1.25255206585913,0.301295409030096,4.15722254079888,3.22140154078179e-05,0.000125778210806011,"KRT6C","protein_coding","ENSG00000170465"
"ENSG00000170484.10",0.617622590299219,1.50328031103528,0.363055685671418,4.14063288460882,3.4634889430748e-05,0.000134377471972634,"KRT74","protein_coding","ENSG00000170484"
"ENSG00000170516.17",36.544674028354,2.10516859009214,0.586805407490244,3.58750714158533,0.000333854591534307,0.00105158389044316,"COX7B2","protein_coding","ENSG00000170516"
"ENSG00000170523.3",38.706777574695,2.51303887036428,0.229116538050438,10.9683870564204,5.42311610999056e-28,5.34997626318028e-26,"KRT83","protein_coding","ENSG00000170523"
"ENSG00000170549.4",86.0083676612126,-1.08824920467589,0.218527616840944,-4.97991613329117,6.36118334090117e-07,3.44279613254963e-06,"IRX1","protein_coding","ENSG00000170549"
"ENSG00000170577.8",337.795926989807,1.18939586503968,0.182861767442348,6.50434413751725,7.80330746608576e-11,8.17301172469748e-10,"SIX2","protein_coding","ENSG00000170577"
"ENSG00000170627.11",112.027682597416,1.01390474571453,0.184146995405188,5.50595323851791,3.67175990933844e-08,2.4508275554747e-07,"GTSF1","protein_coding","ENSG00000170627"
"ENSG00000170689.10",510.026155091447,1.52124257681965,0.277216135538277,5.48756865781213,4.07503648762662e-08,2.698784324047e-07,"HOXB9","protein_coding","ENSG00000170689"
"ENSG00000170820.12",0.539397498224639,-1.01875569513497,0.280053675368279,-3.63771585498842,0.0002750666406476,0.000884533554846501,"FSHR","protein_coding","ENSG00000170820"
"ENSG00000170835.16",84.4548550567326,1.22223121764201,0.161273430181372,7.57862728080787,3.49230188856639e-14,6.11986476756389e-13,"CEL","protein_coding","ENSG00000170835"
"ENSG00000170858.10",9.7066790200309,1.10712079673467,0.18411162906291,6.01331269713754,1.81769926766666e-09,1.5175926488226e-08,"LILRP2","transcribed_processed_pseudogene","ENSG00000170858"
"ENSG00000170890.14",216.261940091532,-1.26201289186995,0.193645129733136,-6.51714243270223,7.16593765260521e-11,7.55399218059751e-10,"PLA2G1B","protein_coding","ENSG00000170890"
"ENSG00000170909.13",580.789501605582,-1.08152815811571,0.0918250317275555,-11.7781408595055,5.05967478876088e-32,7.69202723576435e-30,"OSCAR","protein_coding","ENSG00000170909"
"ENSG00000171060.11",12.0171639394874,1.73826919087913,0.325004762357797,5.34844221441123,8.87144910346712e-08,5.55563250572642e-07,"C8orf74","protein_coding","ENSG00000171060"
"ENSG00000171101.13",56.7250595397864,-1.34970194846173,0.10798779429883,-12.4986528081753,7.59270631836211e-36,1.68124800830993e-33,"SIGLEC17P","transcribed_unprocessed_pseudogene","ENSG00000171101"
"ENSG00000171102.14",1.65809009639594,1.05863858428122,0.295003983069261,3.58855691800159,0.000332513404923251,0.00104791845275547,"OBP2B","protein_coding","ENSG00000171102"
"ENSG00000171360.4",1.39041658198322,1.11086333885959,0.341032294381008,3.25735526272039,0.00112455591691082,0.0031466095544741,"KRT38","protein_coding","ENSG00000171360"
"ENSG00000171401.15",89.1396548291265,1.52003866830173,0.210747609398277,7.21260218629155,5.48926077303708e-13,8.05651843212715e-12,"KRT13","protein_coding","ENSG00000171401"
"ENSG00000171403.10",1.01161573436626,1.65306825561712,0.286650921820452,5.76683390766329,8.07745862159159e-09,6.08092935364941e-08,"KRT9","protein_coding","ENSG00000171403"
"ENSG00000171405.12",0.572552943395286,1.31760145820509,0.588874333412674,2.23749174220119,0.0252542184381063,0.049405476235949,"XAGE5","protein_coding","ENSG00000171405"
"ENSG00000171431.4",65.420722307999,1.61968620010189,0.32293433432502,5.0155280127995,5.288801777254e-07,2.90524000014372e-06,"KRT20","protein_coding","ENSG00000171431"
"ENSG00000171450.6",51.1288069881264,1.77676999462359,0.217122274066756,8.18326909231481,2.76245343065961e-16,6.49830485712265e-15,"CDK5R2","protein_coding","ENSG00000171450"
"ENSG00000171487.15",6.00025515107823,1.72703605575686,0.463809976955502,3.72358539394367,0.000196413384167047,0.00065241077051345,"NLRP5","protein_coding","ENSG00000171487"
"ENSG00000171551.12",188.035652046657,1.03086785755115,0.192114111781273,5.36591428913263,8.05401838200446e-08,5.07885576440191e-07,"ECEL1","protein_coding","ENSG00000171551"
"ENSG00000171557.17",22789.4789424963,2.22014236091582,0.239794341938221,9.2585268817052,2.07272015188229e-20,8.39451661512327e-19,"FGG","protein_coding","ENSG00000171557"
"ENSG00000171560.16",17844.8204204499,3.84713267488031,0.25421928317474,15.1331269085357,9.79294640255466e-52,7.25443664144154e-49,"FGA","protein_coding","ENSG00000171560"
"ENSG00000171564.12",10593.3271210808,2.60833952428331,0.328355195288608,7.94365236703721,1.96313286369346e-15,4.07873137508734e-14,"FGB","protein_coding","ENSG00000171564"
"ENSG00000171587.15",22.8211203775085,1.82414830197532,0.20868005398903,8.74136395455989,2.30312752872731e-18,7.16855041275301e-17,"DSCAM","protein_coding","ENSG00000171587"
"ENSG00000171595.14",88.0312451917985,-1.28514093808138,0.204482285866482,-6.28485217013135,3.28165812170967e-10,3.11085613896736e-09,"DNAI2","protein_coding","ENSG00000171595"
"ENSG00000171611.10",23.346472378289,-1.0758684781104,0.112180468756223,-9.59051508733077,8.76463513220559e-22,4.23496741328307e-20,"PTCRA","protein_coding","ENSG00000171611"
"ENSG00000171658.8",294.962556924052,3.85217796814868,0.170106870309111,22.6456342483326,1.54039865242152e-113,8.96578032794426e-110,"NMRAL2P","transcribed_unprocessed_pseudogene","ENSG00000171658"
"ENSG00000171659.15",405.000104044403,-1.0435067666498,0.0963631549198046,-10.8288979072783,2.51159954494256e-27,2.29439686680705e-25,"GPR34","protein_coding","ENSG00000171659"
"ENSG00000171759.10",213.435005600967,3.76051913387878,0.239447067288366,15.7050122871206,1.3975061163032e-55,1.21145939779875e-52,"PAH","protein_coding","ENSG00000171759"
"ENSG00000171777.16",144.663515065972,-1.16445911178811,0.0742669150552319,-15.6793790468085,2.09290200562017e-55,1.77648138364547e-52,"RASGRP4","protein_coding","ENSG00000171777"
"ENSG00000171811.14",115.713447449168,-1.03244107655809,0.174304430950915,-5.92320614528056,3.15724653503014e-09,2.53869539326491e-08,"CFAP46","protein_coding","ENSG00000171811"
"ENSG00000171819.5",8.1308291562732,-1.10488377976227,0.171349791007522,-6.44811863070069,1.13247109925622e-10,1.1587209943997e-09,"ANGPTL7","protein_coding","ENSG00000171819"
"ENSG00000171903.16",690.979934445255,3.09554624060098,0.208014666193228,14.8813845545173,4.3539496222257e-50,3.00666049929393e-47,"CYP4F11","protein_coding","ENSG00000171903"
"ENSG00000171931.13",13.5145350487549,1.19594050588401,0.16292705167682,7.34034338420523,2.13046542126191e-13,3.3333929592348e-12,"FBXW10","protein_coding","ENSG00000171931"
"ENSG00000171951.5",329.418474878592,2.3536256971729,0.166267453719235,14.1556609217538,1.72310085113505e-45,8.35765452116609e-43,"SCG2","protein_coding","ENSG00000171951"
"ENSG00000172232.10",44.061382349472,-2.22608679233451,0.177688105156335,-12.5280574655008,5.24311824969895e-36,1.17373827938178e-33,"AZU1","protein_coding","ENSG00000172232"
"ENSG00000172236.18",728.703342498282,-1.34593745615149,0.11299293880247,-11.9116952830513,1.02864348323886e-32,1.74625089323336e-30,"TPSAB1","protein_coding","ENSG00000172236"
"ENSG00000172264.17",1067.48806201027,-1.48470106565536,0.152720075218594,-9.72171512835005,2.43642475570387e-22,1.2629421605807e-20,"MACROD2","protein_coding","ENSG00000172264"
"ENSG00000172551.11",29.1817988664614,2.03562901520742,0.217385870135752,9.36412754856705,7.66811669180366e-21,3.27486455318822e-19,"MUCL1","protein_coding","ENSG00000172551"
"ENSG00000172572.7",1167.951230719,1.24541135875968,0.147108581376349,8.46593276277699,2.54110736853444e-17,6.90676034130744e-16,"PDE3A","protein_coding","ENSG00000172572"
"ENSG00000172689.2",1.72448086113191,-1.39643618346188,0.270408237847256,-5.16417766921243,2.41498233583868e-07,1.4046199187591e-06,"MS4A10","protein_coding","ENSG00000172689"
"ENSG00000172782.12",55.4663777999106,-2.07120340516504,0.257357528728742,-8.04796119777833,8.41846277546868e-16,1.83812126935113e-14,"FADS6","protein_coding","ENSG00000172782"
"ENSG00000172927.8",1085.16688924533,1.11659963931346,0.201501906384578,5.54138498909467,3.00088641758437e-08,2.04183559304676e-07,"MYEOV","protein_coding","ENSG00000172927"
"ENSG00000173157.17",20.0050788704169,1.54788922147466,0.307918984241215,5.0269366316891,4.98376946884452e-07,2.74805412733972e-06,"ADAMTS20","protein_coding","ENSG00000173157"
"ENSG00000173198.6",381.408873031326,-1.25137347411467,0.097803711481266,-12.7947442398888,1.7542906466495e-37,4.58173486002823e-35,"CYSLTR1","protein_coding","ENSG00000173198"
"ENSG00000173227.14",1570.21623230082,-1.53672555667418,0.172088098162798,-8.92987704019143,4.26482550790764e-19,1.45407352024001e-17,"SYT12","protein_coding","ENSG00000173227"
"ENSG00000173391.9",1666.87132302436,-1.13454280002217,0.108990137517999,-10.4095914167904,2.24181742327953e-25,1.65468056660649e-23,"OLR1","protein_coding","ENSG00000173391"
"ENSG00000173404.5",65.4140438004766,4.04400654143567,0.222481941363052,18.1767855703693,7.88206025496019e-74,1.33807825403268e-70,"INSM1","protein_coding","ENSG00000173404"
"ENSG00000173557.15",58.653291333166,1.06154934178584,0.172922063337686,6.13888893815028,8.31006378158605e-10,7.3683771197641e-09,"FAM166C","protein_coding","ENSG00000173557"
"ENSG00000173572.11",1.3097693116848,2.60861247263622,0.468851170019052,5.56383910171371,2.63903288817035e-08,1.81135641783566e-07,"NLRP13","protein_coding","ENSG00000173572"
"ENSG00000173585.16",9.3968603074559,-1.09354771195693,0.160760922335088,-6.80232295307162,1.02945495160111e-11,1.23507311817091e-10,"CCR9","protein_coding","ENSG00000173585"
"ENSG00000173627.8",46.306755013433,-1.17841009168725,0.223413868320197,-5.27456106707913,1.33074202067576e-07,8.07182107315654e-07,"APOBEC4","protein_coding","ENSG00000173627"
"ENSG00000173702.7",3343.44392750016,1.70265393701223,0.247458702402379,6.88055792939396,5.96185952430244e-12,7.43507935716725e-11,"MUC13","protein_coding","ENSG00000173702"
"ENSG00000173805.16",54.3561175925866,1.43318995969815,0.15169124098404,9.44807327305693,3.45124721669668e-21,1.54691050989959e-19,"HAP1","protein_coding","ENSG00000173805"
"ENSG00000173826.15",26.1572166985565,2.12925598957242,0.180278403860376,11.8109321137628,3.42740344935178e-32,5.37087302834383e-30,"KCNH6","protein_coding","ENSG00000173826"
"ENSG00000173894.11",946.304464072729,1.73246898514166,0.107869818275657,16.0607388872614,4.80789633801848e-58,4.66400286904492e-55,"CBX2","protein_coding","ENSG00000173894"
"ENSG00000173908.9",0.386432138175966,1.27054259024131,0.503878663167429,2.52152488905675,0.0116847408987881,0.0252665002886808,"KRT28","protein_coding","ENSG00000173908"
"ENSG00000174016.11",1.29511761351402,1.26323698578035,0.285748287873036,4.42080334123167,9.83346375297782e-06,4.25674472681232e-05,"TENT5D","protein_coding","ENSG00000174016"
"ENSG00000174145.8",2.63490963443575,1.67533408791578,0.315255062004814,5.31421788205958,1.07116391684433e-07,6.60648372146359e-07,"NWD2","protein_coding","ENSG00000174145"
"ENSG00000174226.9",7.86779768569201,1.0256184480059,0.193285837300756,5.30622658301662,1.11917826659003e-07,6.87970430230503e-07,"SNX31","protein_coding","ENSG00000174226"
"ENSG00000174279.4",1.71117144703656,2.40060161018365,0.371528383104473,6.46142184380192,1.03723723483325e-10,1.0679847525603e-09,"EVX2","protein_coding","ENSG00000174279"
"ENSG00000174343.6",230.023220882989,2.50242676657165,0.263416168555019,9.49989812811726,2.10095732547745e-21,9.65042889649691e-20,"CHRNA9","protein_coding","ENSG00000174343"
"ENSG00000174469.23",395.482903161629,2.11266150716393,0.202622026488077,10.4266132551401,1.8745086436882e-25,1.39621765392666e-23,"CNTNAP2","protein_coding","ENSG00000174469"
"ENSG00000174473.16",99.613840980404,1.67198641312954,0.183174003703089,9.12785864439421,6.98675273818588e-20,2.60917751431629e-18,"GALNTL6","protein_coding","ENSG00000174473"
"ENSG00000174482.10",15.2751615058921,1.18318099848185,0.219215711837183,5.39733666244065,6.76374008032559e-08,4.31259878079352e-07,"LINGO2","protein_coding","ENSG00000174482"
"ENSG00000174562.13",1.0117224642992,1.7572158602638,0.335995515374878,5.22987891163735,1.69621103691757e-07,1.0099185485479e-06,"KLK15","protein_coding","ENSG00000174562"
"ENSG00000174672.16",109.964894824292,1.07930672664342,0.152994012086698,7.05456842344783,1.73137240705775e-12,2.35687624392762e-11,"BRSK2","protein_coding","ENSG00000174672"
"ENSG00000174898.16",28.0678012244441,-1.04841831611234,0.216980649599258,-4.83185167916434,1.352690168163e-06,6.92805223399936e-06,"CATSPERD","protein_coding","ENSG00000174898"
"ENSG00000174946.7",260.613887046695,-1.05458836244908,0.128997624509447,-8.17525412936465,2.95242918111923e-16,6.9172410653445e-15,"GPR171","protein_coding","ENSG00000174946"
"ENSG00000174963.18",22.3086525338242,2.00905597825334,0.407576328651886,4.9292754191554,8.25351516625117e-07,4.38540647389895e-06,"ZIC4","protein_coding","ENSG00000174963"
"ENSG00000174990.8",10.6131077703656,2.03018689848077,0.187805087715922,10.8100740143509,3.08421124117453e-27,2.79244485775942e-25,"CA5A","protein_coding","ENSG00000174990"
"ENSG00000174992.8",11.7828745348173,1.63878004150771,0.223726354765903,7.32493068696559,2.39022222034592e-13,3.71272679845801e-12,"ZG16","protein_coding","ENSG00000174992"
"ENSG00000175018.13",0.699249059516404,1.23347382344334,0.366455984094237,3.36595355781157,0.000762795499378081,0.00222578078000152,"TEX36","protein_coding","ENSG00000175018"
"ENSG00000175065.12",4.51297440698827,1.83954501017419,0.279383055860649,6.58431129442482,4.56998740190446e-11,4.97050178098754e-10,"DSG4","protein_coding","ENSG00000175065"
"ENSG00000175121.11",14.7482962367946,2.78634465999904,0.319798476801954,8.71281404421627,2.9642269195458e-18,9.08739634184007e-17,"WFDC5","protein_coding","ENSG00000175121"
"ENSG00000175175.6",91.5015818872724,1.15945638578251,0.144119255137976,8.04511780658645,8.61624964825881e-16,1.88029919346014e-14,"PPM1E","protein_coding","ENSG00000175175"
"ENSG00000175267.15",144.901792651572,-1.22217213122243,0.195330226309533,-6.25695343886867,3.92570552198483e-10,3.66762256551772e-09,"VWA3A","protein_coding","ENSG00000175267"
"ENSG00000175311.7",181.218413494763,1.11929280636791,0.286676824088786,3.90437144657798,9.44705913975801e-05,0.000336481799572656,"ANKS4B","protein_coding","ENSG00000175311"
"ENSG00000175336.10",4.57464528211692,1.86596330454671,0.225334708196565,8.28085171379362,1.22297399806169e-16,3.01985633957741e-15,"APOF","protein_coding","ENSG00000175336"
"ENSG00000175426.11",1162.86408206061,2.8811054871991,0.255345689318738,11.2831569425976,1.58937950098549e-29,1.89900554277572e-27,"PCSK1","protein_coding","ENSG00000175426"
"ENSG00000175664.10",13.2985612799312,-1.35700342981777,0.210344065028785,-6.45135116901,1.1085728597058e-10,1.1354093520109e-09,"TEX26","protein_coding","ENSG00000175664"
"ENSG00000175766.13",11.9651834384241,-3.28401922187802,0.361955387656479,-9.07299444591991,1.15790190485063e-19,4.23486510855737e-18,"EIF4E1B","protein_coding","ENSG00000175766"
"ENSG00000175857.8",135.493973311028,-1.10482892369236,0.095888200822165,-11.5220529139073,1.02147865600577e-30,1.35563859549326e-28,"GAPT","protein_coding","ENSG00000175857"
"ENSG00000175868.14",54.7956058655642,3.42086632336216,0.231208926701824,14.7955633554488,1.56468770532457e-49,1.0282269544845e-46,"CALCB","protein_coding","ENSG00000175868"
"ENSG00000175874.10",77.1441936050306,1.29532020274842,0.173268245912846,7.47580836825672,7.67307028920635e-14,1.28282274432964e-12,"CREG2","protein_coding","ENSG00000175874"
"ENSG00000175879.9",80.5950975144314,1.05792258238532,0.15436881507186,6.85321437424291,7.2208749395338e-12,8.90436161202862e-11,"HOXD8","protein_coding","ENSG00000175879"
"ENSG00000176009.3",1.52963396489454,-1.17144441987524,0.247121258962119,-4.74036278705919,2.13335886482689e-06,1.04945141447096e-05,"ASCL3","protein_coding","ENSG00000176009"
"ENSG00000176153.12",5739.95274285022,3.23495887057524,0.219456724110853,14.740759863622,3.52792799943056e-49,2.28156143620317e-46,"GPX2","protein_coding","ENSG00000176153"
"ENSG00000176165.12",14.6802304578422,3.74846327073485,0.378615573478499,9.90044660946236,4.14420200993019e-23,2.38484777529076e-21,"FOXG1","protein_coding","ENSG00000176165"
"ENSG00000176256.10",0.56266896101071,1.40020288548102,0.531978654634563,2.63206591708624,0.00848673953134467,0.0190579994722707,"HMGB4","protein_coding","ENSG00000176256"
"ENSG00000176406.23",133.832963014834,1.60878108410284,0.228985196672777,7.02569907347245,2.12997082959221e-12,2.85747123839563e-11,"RIMS2","protein_coding","ENSG00000176406"
"ENSG00000176495.3",0.366939392767346,-1.06901320132866,0.381334163768519,-2.80335019229377,0.00505747216937215,0.0120490859959082,"OR5AN1","protein_coding","ENSG00000176495"
"ENSG00000176532.4",528.131898519468,1.11791213453154,0.167835839529694,6.6607474164286,2.72438508920314e-11,3.06374887356896e-10,"PRR15","protein_coding","ENSG00000176532"
"ENSG00000176566.5",11.564448454329,3.25868529545002,0.625258657525045,5.21173958366102,1.8707803792307e-07,1.10641900117574e-06,"DCAF4L2","protein_coding","ENSG00000176566"
"ENSG00000176659.9",168.895295052459,1.39784842100325,0.171557399776608,8.14799258337703,3.70015041889077e-16,8.56077390782888e-15,"C20orf197","lncRNA","ENSG00000176659"
"ENSG00000176746.6",1.44841929351684,1.73560532868702,0.412091862648511,4.21169522138171,2.53461371318604e-05,0.000101015129136593,"MAGEB6","protein_coding","ENSG00000176746"
"ENSG00000176788.9",4659.45595063516,1.22159906930385,0.115833312275527,10.5461809328054,5.29039952264824e-26,4.15311652699918e-24,"BASP1","protein_coding","ENSG00000176788"
"ENSG00000176840.12",3.64583408961663,2.69891566020154,0.247074425039089,10.9234926268656,8.90059391610136e-28,8.47282471784387e-26,"MIR7-3HG","lncRNA","ENSG00000176840"
"ENSG00000176919.13",50.3801820689172,1.26300874411992,0.126742772428207,9.96513426306301,2.16581032395093e-23,1.2919708642567e-21,"C8G","protein_coding","ENSG00000176919"
"ENSG00000176988.9",2.01278113617161,1.18058766584703,0.305377288997381,3.86599694339796,0.000110636323214794,0.000387955565602923,"FMR1NB","protein_coding","ENSG00000176988"
"ENSG00000177108.5",3.5124634151307,1.17784015726729,0.245009804721124,4.80731846061398,1.52968216423495e-06,7.7420919773198e-06,"ZDHHC22","protein_coding","ENSG00000177108"
"ENSG00000177138.17",18.8951349658748,1.26588881095678,0.285620704735602,4.43206248695664,9.33359578819659e-06,4.05717159072329e-05,"FAM9B","protein_coding","ENSG00000177138"
"ENSG00000177156.11",12745.1615056845,1.11998119571537,0.0636762252862588,17.5886869970771,3.00765969702008e-69,3.95293803340932e-66,"TALDO1","protein_coding","ENSG00000177156"
"ENSG00000177238.14",102.681404786238,2.73126827888617,0.219609058129681,12.4369563903568,1.64659354678615e-35,3.54958523157186e-33,"TRIM72","protein_coding","ENSG00000177238"
"ENSG00000177272.9",219.159687589354,-1.07504371588377,0.119368983638549,-9.0060557032053,2.13600699696581e-19,7.515313737252e-18,"KCNA3","protein_coding","ENSG00000177272"
"ENSG00000177359.20",44.6162512444172,1.43718013389388,0.154171881381052,9.32193420109945,1.14238448584076e-20,4.78357359780167e-19,"AC024940.1","transcribed_unprocessed_pseudogene","ENSG00000177359"
"ENSG00000177511.6",2.36321690187738,1.4509421204722,0.310273580907969,4.67633150146474,2.92052357723805e-06,1.39677065509344e-05,"ST8SIA3","protein_coding","ENSG00000177511"
"ENSG00000177519.4",62.7136116415035,1.26742327572482,0.185486134014359,6.83298124929765,8.31678303989596e-12,1.01482686850698e-10,"RPRM","protein_coding","ENSG00000177519"
"ENSG00000177699.4",28.3773377499913,-2.00155876433569,0.149058526330655,-13.4280058552012,4.14421434716769e-41,1.48112039602327e-38,"AC011944.1","lncRNA","ENSG00000177699"
"ENSG00000177725.5",1.90895633390661,-1.48456056916029,0.273185844842358,-5.43425143428261,5.50269439027796e-08,3.56432873677417e-07,"AC105206.1","lncRNA","ENSG00000177725"
"ENSG00000177791.12",96.2973422340138,-1.0806773551123,0.131058613549112,-8.24575604645268,1.64119194974917e-16,3.982554116059e-15,"MYOZ1","protein_coding","ENSG00000177791"
"ENSG00000177984.7",17.3432367613795,4.16278579875578,0.312392112505468,13.3255150566035,1.64493611734467e-40,5.58496935241448e-38,"LCN15","protein_coding","ENSG00000177984"
"ENSG00000178084.2",4.28185340343061,-1.1155408039941,0.225021317721092,-4.95748942940946,7.14099262074024e-07,3.83024568650368e-06,"HTR3C","protein_coding","ENSG00000178084"
"ENSG00000178162.8",21.1102125438511,1.16099320516751,0.163876457735051,7.08456370862345,1.39483033825509e-12,1.92773312318613e-11,"FAR2P2","transcribed_unprocessed_pseudogene","ENSG00000178162"
"ENSG00000178171.11",2.94852850187422,1.39942344714632,0.315555914048256,4.434787575974,9.21631190860411e-06,4.0087562303006e-05,"AMER3","protein_coding","ENSG00000178171"
"ENSG00000178287.18",0.721800547736458,2.836662140319,0.851942274402523,3.32964125099718,0.000869579449172961,0.00250189079144509,"SPAG11A","protein_coding","ENSG00000178287"
"ENSG00000178343.5",1224.22890820353,-2.87497445816176,0.217669393460294,-13.2079867199437,7.89067523376659e-40,2.57191824839482e-37,"SHISA3","protein_coding","ENSG00000178343"
"ENSG00000178363.5",3.79163159650549,2.98971253600625,0.312730379016565,9.56003233650636,1.17719917217348e-21,5.59657244712534e-20,"CALML3","protein_coding","ENSG00000178363"
"ENSG00000178372.8",40.3529495755879,1.07439484968293,0.336251689629444,3.1952102630828,0.00139729001888062,0.00382284362337182,"CALML5","protein_coding","ENSG00000178372"
"ENSG00000178445.10",302.487823671536,1.91233790205783,0.163020821537475,11.7306359029618,8.87891086689775e-32,1.29660740304665e-29,"GLDC","protein_coding","ENSG00000178445"
"ENSG00000178462.12",31.7406204933606,1.20556798890059,0.168886367663095,7.13833807655527,9.44660623105605e-13,1.34012213674066e-11,"TUBAL3","protein_coding","ENSG00000178462"
"ENSG00000178473.7",178.528386541104,-1.45490342572233,0.234439321086099,-6.20588482760538,5.4390001556538e-10,4.97086548545991e-09,"UCN3","protein_coding","ENSG00000178473"
"ENSG00000178538.10",386.355915890209,1.72851400017706,0.161606287443233,10.6958338535203,1.06457740333567e-26,8.96158618679863e-25,"CA8","protein_coding","ENSG00000178538"
"ENSG00000178597.7",27.841624323742,1.41341706815905,0.226715942172143,6.23430824765671,4.53778781531766e-10,4.19426245370888e-09,"PSAPL1","protein_coding","ENSG00000178597"
"ENSG00000178602.8",2.41738392130325,1.20750837092904,0.380736720307676,3.17150489176155,0.00151651313938045,0.00411120466017551,"OTOS","protein_coding","ENSG00000178602"
"ENSG00000178623.12",445.627924849185,1.19425050799486,0.134791931256919,8.85995546512768,8.00464103489693e-19,2.64503722372105e-17,"GPR35","protein_coding","ENSG00000178623"
"ENSG00000178828.7",31.1273708875725,2.53198732381616,0.20109582291872,12.5909493646696,2.36807982690084e-36,5.60945792950122e-34,"RNF186","protein_coding","ENSG00000178828"
"ENSG00000178836.6",0.496413962442104,1.8357682574929,0.378707893576441,4.84745179234654,1.25057408211486e-06,6.44882164632397e-06,"AC114812.1","transcribed_processed_pseudogene","ENSG00000178836"
"ENSG00000178934.5",44.4345513510923,2.03568756475949,0.21364326380799,9.52844254705379,1.59660474781297e-21,7.41738509009622e-20,"LGALS7B","protein_coding","ENSG00000178934"
"ENSG00000178965.14",219.967107168917,-1.37748348917354,0.221658949849651,-6.21442757040883,5.15120875239189e-10,4.72373842445876e-09,"ERICH3","protein_coding","ENSG00000178965"
"ENSG00000179031.8",61.0503042451702,-1.45862821214214,0.159197299604178,-9.16239292857867,5.07590380542569e-20,1.93640026914287e-18,"NSA2P3","processed_pseudogene","ENSG00000179031"
"ENSG00000179046.8",1.51308302462137,1.24550933579816,0.277801824445828,4.48344548594224,7.34473723889097e-06,3.24950189297573e-05,"TRIML2","protein_coding","ENSG00000179046"
"ENSG00000179059.10",111.446949738952,3.16030644763615,0.323840477285546,9.75883704880274,1.69082939383993e-22,8.95831755438495e-21,"ZFP42","protein_coding","ENSG00000179059"
"ENSG00000179083.6",242.12873671003,1.05768746837477,0.280451979967269,3.77136744942292,0.000162355392633283,0.000549405794190853,"FAM133A","protein_coding","ENSG00000179083"
"ENSG00000179141.9",1.1083999030655,1.46781561160969,0.244859435879885,5.99452337352328,2.04083112607451e-09,1.6895923747687e-08,"MTUS2-AS1","lncRNA","ENSG00000179141"
"ENSG00000179292.5",33.390002281496,1.19329424915759,0.201641365902416,5.91790401645604,3.26070151523755e-09,2.61568737616309e-08,"TMEM151A","protein_coding","ENSG00000179292"
"ENSG00000179344.16",12840.1741531438,-1.10644986674021,0.10454560605802,-10.5834181699245,3.55738479722386e-26,2.83083064049398e-24,"HLA-DQB1","protein_coding","ENSG00000179344"
"ENSG00000179455.10",59.6260688431834,1.01700894164875,0.228955847889042,4.4419435058135,8.91499693972857e-06,3.88349962916028e-05,"MKRN3","protein_coding","ENSG00000179455"
"ENSG00000179477.11",23.7701644765772,1.02435564784416,0.1570528598367,6.52236227286317,6.92086046750141e-11,7.31911310058189e-10,"ALOX12B","protein_coding","ENSG00000179477"
"ENSG00000179639.10",305.597675573207,-1.77832637795062,0.157121881107194,-11.3181331932844,1.06720288785444e-29,1.29794170924935e-27,"FCER1A","protein_coding","ENSG00000179639"
"ENSG00000179674.4",91.6781958589594,1.15017634486032,0.242255112622783,4.74778976760449,2.05651634274015e-06,1.01475893608165e-05,"ARL14","protein_coding","ENSG00000179674"
"ENSG00000179709.8",2.52296722687965,2.15434103806902,0.369626433815464,5.82842795043325,5.59519440637471e-09,4.3167014902277e-08,"NLRP8","protein_coding","ENSG00000179709"
"ENSG00000179774.9",7.73669780422832,1.21025958796531,0.156382521350993,7.73909755073549,1.00124940042419e-14,1.8903570121169e-13,"ATOH7","protein_coding","ENSG00000179774"
"ENSG00000179813.7",305.570645292519,-1.03879920217426,0.210577899266937,-4.93308749774086,8.09398744163366e-07,4.30963578586618e-06,"FAM216B","protein_coding","ENSG00000179813"
"ENSG00000179826.7",1.24292104135027,1.28245891630051,0.295486307092124,4.34016360663601,1.42376671511043e-05,5.97102699678275e-05,"MRGPRX3","protein_coding","ENSG00000179826"
"ENSG00000179873.14",19.0419780834048,2.20518462512919,0.223452095177391,9.86871312787899,5.68897564085455e-23,3.17080621799367e-21,"NLRP11","protein_coding","ENSG00000179873"
"ENSG00000179914.5",60.969682668569,-1.43109998358954,0.192569744843956,-7.43159308202436,1.07297454229905e-13,1.75285492289055e-12,"ITLN1","protein_coding","ENSG00000179914"
"ENSG00000179930.6",6.84411146265747,1.2225929898432,0.213931874869197,5.71487063622813,1.09787511157358e-08,8.05523602932512e-08,"ZNF648","protein_coding","ENSG00000179930"
"ENSG00000180043.11",0.352787285106281,1.0166384277734,0.33775954537362,3.00994728853279,0.00261293032091031,0.00667284819260678,"FAM71E2","protein_coding","ENSG00000180043"
"ENSG00000180090.5",0.908182439216089,-1.33482581786012,0.274504708466639,-4.86267002601285,1.1581282309199e-06,6.00555154796605e-06,"OR3A1","protein_coding","ENSG00000180090"
"ENSG00000180178.11",16.8781681134389,1.10757817375252,0.382062701707332,2.89894346871091,0.00374422396085514,0.00922705599934199,"FAR2P1","transcribed_unprocessed_pseudogene","ENSG00000180178"
"ENSG00000180210.15",34.5445483100878,3.08692138990089,0.283433267744098,10.8911752472471,1.2699079711107e-27,1.1894220797003e-25,"F2","protein_coding","ENSG00000180210"
"ENSG00000180316.12",13.1679195599847,1.13809875568466,0.155593744461022,7.31455342004296,2.58238761646468e-13,3.98840859202504e-12,"PNPLA1","protein_coding","ENSG00000180316"
"ENSG00000180318.4",18.4802633607462,2.23194691557594,0.289540846872686,7.70857355597,1.27231781455428e-14,2.35841877699659e-13,"ALX1","protein_coding","ENSG00000180318"
"ENSG00000180332.6",1.11676771159454,1.03056793531821,0.21788377133667,4.72989763760694,2.24633069855626e-06,1.10019635845937e-05,"KCTD4","protein_coding","ENSG00000180332"
"ENSG00000180438.15",23.2075325400908,2.20406918303857,0.208218444570498,10.5853695506419,3.4840321078608e-26,2.78333176805044e-24,"TPRXL","transcribed_processed_pseudogene","ENSG00000180438"
"ENSG00000180525.13",110.754336263218,1.18508263585569,0.16938631362461,6.99633052102451,2.62753268084453e-12,3.46788351200676e-11,"PRR26","lncRNA","ENSG00000180525"
"ENSG00000180532.10",20.9133252393545,-1.29746939290629,0.206197636024466,-6.29235823417654,3.12678850135104e-10,2.97929709800153e-09,"ZSCAN4","protein_coding","ENSG00000180532"
"ENSG00000180535.4",729.669969071853,1.3732396710936,0.123346923263382,11.1331489652266,8.65238486038211e-29,9.20428502262528e-27,"BHLHA15","protein_coding","ENSG00000180535"
"ENSG00000180638.19",35.0809965121452,1.9894192384846,0.140331576526904,14.1765615959085,1.27964559860014e-45,6.28151814744163e-43,"SLC47A2","protein_coding","ENSG00000180638"
"ENSG00000180818.5",284.524841108282,1.07485237130528,0.284339730389422,3.78016948188423,0.000156721640786384,0.000532069022960632,"HOXC10","protein_coding","ENSG00000180818"
"ENSG00000180861.9",113.860080168278,1.93497235224256,0.275336633328409,7.02766039103347,2.10025321483802e-12,2.82038947699885e-11,"LINC01559","lncRNA","ENSG00000180861"
"ENSG00000180869.4",1.24135292291134,1.29029214159845,0.291810995744069,4.42167074036542,9.79406259307458e-06,4.24194208812201e-05,"LINC01555","lncRNA","ENSG00000180869"
"ENSG00000180875.5",254.114689482127,1.21186750708368,0.186552475903324,6.49612127212772,8.24172293384936e-11,8.6165550613174e-10,"GREM2","protein_coding","ENSG00000180875"
"ENSG00000180934.7",0.62202183837257,1.31444507112805,0.399336113332507,3.29157576097702,0.000996277778522917,0.00282453173268104,"OR56A1","protein_coding","ENSG00000180934"
"ENSG00000180999.11",5.80542769590088,1.24557183975008,0.173306667631892,7.18709705038992,6.61833685468728e-13,9.57907276982322e-12,"C1orf105","protein_coding","ENSG00000180999"
"ENSG00000181019.13",13873.9670314089,2.18418431607814,0.116143257281629,18.8059502307727,6.75017075183093e-79,1.71888879338655e-75,"NQO1","protein_coding","ENSG00000181019"
"ENSG00000181215.15",24.0158106516507,1.13061405701508,0.148874251126918,7.59442313534263,3.09166600163966e-14,5.45586575803322e-13,"C4orf50","protein_coding","ENSG00000181215"
"ENSG00000181355.21",9.4432747421387,1.37958500565448,0.346248055484429,3.98438340317702,6.76555653911707e-05,0.000247752175151219,"OFCC1","transcribed_unitary_pseudogene","ENSG00000181355"
"ENSG00000181374.8",702.113375180858,-1.61587985790647,0.131602429474835,-12.278495650534,1.18175218086346e-34,2.4195039751216e-32,"CCL13","protein_coding","ENSG00000181374"
"ENSG00000181378.14",166.161136924355,-1.08735729630807,0.177115102608836,-6.13926921133047,8.29019701199607e-10,7.35556395600513e-09,"CFAP65","protein_coding","ENSG00000181378"
"ENSG00000181433.9",7.89522052945135,1.87601511677219,0.32606345635691,5.75352766523671,8.74001377542399e-09,6.53504094791887e-08,"SAGE1","protein_coding","ENSG00000181433"
"ENSG00000181449.4",1088.36821175545,1.21183499986941,0.177429293662325,6.82996012020272,8.49382413951945e-12,1.03488001470228e-10,"SOX2","protein_coding","ENSG00000181449"
"ENSG00000181631.7",339.568115608184,-1.07287427338759,0.0938825162616225,-11.4278389215497,3.03569968695526e-30,3.86510976080056e-28,"P2RY13","protein_coding","ENSG00000181631"
"ENSG00000181786.5",0.571667211448161,2.20645010132477,0.496333809248357,4.44549627732634,8.76891994644255e-06,3.82559273346085e-05,"ACTL9","protein_coding","ENSG00000181786"
"ENSG00000181790.11",421.380633203386,1.55298862980692,0.171007617237465,9.08140031943961,1.07186816290938e-19,3.93788318858583e-18,"ADGRB1","protein_coding","ENSG00000181790"
"ENSG00000182048.11",20.3800292353528,-1.01351649087043,0.141311684240297,-7.17220586761228,7.37988514130884e-13,1.06184817369113e-11,"TRPC2","transcribed_unprocessed_pseudogene","ENSG00000182048"
"ENSG00000182070.6",0.603124299334742,1.31886635688232,0.337277240071103,3.91033310342639,9.21689268182338e-05,0.000328974032882637,"OR52A1","protein_coding","ENSG00000182070"
"ENSG00000182256.13",39.0768086027194,1.20500636189903,0.291268426884289,4.1370991521087,3.51724149930983e-05,0.000136258410579424,"GABRG3","protein_coding","ENSG00000182256"
"ENSG00000182327.8",110.708612902434,1.3739928910244,0.157147799269194,8.74331614832702,2.26366106624016e-18,7.05649141712494e-17,"GLTPD2","protein_coding","ENSG00000182327"
"ENSG00000182329.14",50.3037765861027,-1.27243232886142,0.183245206175066,-6.94387785318531,3.81480378680557e-12,4.89995430913681e-11,"KIAA2012","protein_coding","ENSG00000182329"
"ENSG00000182379.10",288.838248742063,1.24163288492264,0.180724101113684,6.87032264801028,6.40568564297448e-12,7.95449101346264e-11,"NXPH4","protein_coding","ENSG00000182379"
"ENSG00000182459.5",6.21338378871913,1.31103848884927,0.213847999479366,6.13070261139277,8.74918151770623e-10,7.72913925793376e-09,"TEX19","protein_coding","ENSG00000182459"
"ENSG00000182489.9",781.236043738123,-1.13043755056106,0.13862224064225,-8.15480651101609,3.49739343244583e-16,8.11933336855501e-15,"XKRX","protein_coding","ENSG00000182489"
"ENSG00000182531.7",1.74845330173936,-1.5464069235084,0.211704485155974,-7.30455437620551,2.7818715377085e-13,4.28027915637679e-12,"OR7E115P","unprocessed_pseudogene","ENSG00000182531"
"ENSG00000182533.7",4.20016894715375,-1.22980722273832,0.201106448477636,-6.11520531563202,9.64327257743797e-10,8.4475565388638e-09,"CAV3","protein_coding","ENSG00000182533"
"ENSG00000182545.6",6.74046388725647,1.45831718485176,0.182087164341755,8.00889612468607,1.15742615520965e-15,2.48194809693194e-14,"RNASE10","protein_coding","ENSG00000182545"
"ENSG00000182601.7",2.59945327341705,-1.5261969018583,0.273767699500496,-5.57478805806137,2.47831403465042e-08,1.70939476407249e-07,"HS3ST4","protein_coding","ENSG00000182601"
"ENSG00000182676.5",3.08936596782827,1.07286855583219,0.153136196496467,7.00597625106187,2.4526951993786e-12,3.25611471190233e-11,"PPP1R27","protein_coding","ENSG00000182676"
"ENSG00000182704.8",3871.35694570696,1.3320431288846,0.0897775680447915,14.8371487209369,8.42620128731678e-50,5.72181198415246e-47,"TSKU","protein_coding","ENSG00000182704"
"ENSG00000182798.10",3.61729683434554,1.09769849819511,0.253414931418068,4.33162518109162,1.48012756200423e-05,6.18955529700693e-05,"MAGEB17","protein_coding","ENSG00000182798"
"ENSG00000182938.7",0.822739303262331,1.99154302515328,0.373939737935515,5.32583949528443,1.00487836914254e-07,6.21931632902544e-07,"OTOP3","protein_coding","ENSG00000182938"
"ENSG00000182968.5",5.96184218234234,-1.2811622719018,0.425087950381227,-3.01387576559822,0.00257933403814474,0.00659449088329136,"SOX1","protein_coding","ENSG00000182968"
"ENSG00000183019.7",331.614088971693,-1.88795942744187,0.145493809928617,-12.9762182210237,1.66921095759986e-38,4.6581275373624e-36,"MCEMP1","protein_coding","ENSG00000183019"
"ENSG00000183032.12",99.8268366653209,1.236849562475,0.139683186856122,8.85467743336208,8.39261616087553e-19,2.76203845107069e-17,"SLC25A21","protein_coding","ENSG00000183032"
"ENSG00000183034.13",1.8097589601418,2.04801663677263,0.273872293077205,7.47799864586991,7.54629752865675e-14,1.26524703094303e-12,"OTOP2","protein_coding","ENSG00000183034"
"ENSG00000183036.11",746.286557817079,1.04551038088499,0.224141596582556,4.6645084929602,3.09355556070567e-06,1.47192262302734e-05,"PCP4","protein_coding","ENSG00000183036"
"ENSG00000183091.19",313.03691107252,1.45120976695484,0.140527736745033,10.3268564666906,5.32780369683922e-25,3.76858864618612e-23,"NEB","protein_coding","ENSG00000183091"
"ENSG00000183185.9",1.97799532957719,1.37558629232302,0.25131016525509,5.47365957491908,4.40835548138923e-08,2.90301644380542e-07,"GABRR3","protein_coding","ENSG00000183185"
"ENSG00000183287.14",387.604834741669,-1.24042266664676,0.157932457922695,-7.85413386812433,4.02544161175623e-15,8.01997885514837e-14,"CCBE1","protein_coding","ENSG00000183287"
"ENSG00000183304.10",0.285758582858249,1.27714661047695,0.492478857044724,2.59330241736847,0.00950591420148316,0.0210477399223427,"FAM9A","protein_coding","ENSG00000183304"
"ENSG00000183305.13",1.00929065829435,1.60331682984404,0.46103130696812,3.47767452147215,0.000505783672927138,0.00153197472466485,"MAGEA2B","protein_coding","ENSG00000183305"
"ENSG00000183324.11",3.89294516050995,1.45661136846556,0.160924642504525,9.05151222209241,1.41001879985602e-19,5.08843188330679e-18,"REC114","protein_coding","ENSG00000183324"
"ENSG00000183379.9",44.5868139795516,-1.81730078745508,0.155085305834055,-11.7180720486803,1.02989147394416e-31,1.49326933533477e-29,"SYNDIG1L","protein_coding","ENSG00000183379"
"ENSG00000183389.5",0.577650057223113,1.3277100633578,0.392859152425085,3.37960832823155,0.000725891946573767,0.00212647509197979,"OR56A4","protein_coding","ENSG00000183389"
"ENSG00000183454.18",113.046597045538,-1.43674652761277,0.226985500573279,-6.32968416037189,2.45663529846516e-10,2.38822934777776e-09,"GRIN2A","protein_coding","ENSG00000183454"
"ENSG00000183566.10",8.77531523844996,3.12565419347789,0.349911332873131,8.93270351609668,4.15722672997753e-19,1.41874782987258e-17,"BPIFA4P","transcribed_unprocessed_pseudogene","ENSG00000183566"
"ENSG00000183607.10",549.474156198368,1.78340776525621,0.242016533977163,7.36895011241049,1.71976996894991e-13,2.73065424181318e-12,"GKN2","protein_coding","ENSG00000183607"
"ENSG00000183638.6",18.1984794082988,1.04367137056697,0.17861601045099,5.84310089522093,5.12379623743315e-09,3.9710639167156e-08,"RP1L1","protein_coding","ENSG00000183638"
"ENSG00000183654.9",6.31643257784045,2.26146554542836,0.557924443193559,4.05335448736343,5.04884088053785e-05,0.000189834739752449,"MARCHF11","protein_coding","ENSG00000183654"
"ENSG00000183734.4",169.132198830968,1.04980856806762,0.136920660114642,7.66727656139421,1.75686700369771e-14,3.20986692070205e-13,"ASCL2","protein_coding","ENSG00000183734"
"ENSG00000183778.17",118.429541326982,1.13998641343063,0.210040370913077,5.42746334180873,5.71606019443814e-08,3.69255494691602e-07,"B3GALT5","protein_coding","ENSG00000183778"
"ENSG00000183813.7",242.725621879218,-1.10750133094444,0.107277143120632,-10.3237399759897,5.50366482258294e-25,3.87951238523351e-23,"CCR4","protein_coding","ENSG00000183813"
"ENSG00000183888.4",4.62733125852237,1.99638541726527,0.272842488937901,7.31698873235116,2.53597136609263e-13,3.9226682372328e-12,"SRARP","protein_coding","ENSG00000183888"
"ENSG00000183908.7",55.739388002369,-1.52558298258603,0.157140424429273,-9.70840563863105,2.77645957017872e-22,1.42649801094315e-20,"LRRC55","protein_coding","ENSG00000183908"
"ENSG00000183971.10",199.304952949846,1.89616890904839,0.207525007828873,9.13706222149376,6.41718554459406e-20,2.41195009818631e-18,"NPW","protein_coding","ENSG00000183971"
"ENSG00000184106.8",38.6440077456583,2.10410970811649,0.163122835112928,12.8989280174038,4.56401838283653e-38,1.23967867314606e-35,"TREML3P","transcribed_unprocessed_pseudogene","ENSG00000184106"
"ENSG00000184108.8",0.502720312868054,1.41417253632793,0.443548087041547,3.18831842058078,0.00143102855765598,0.00390544554387954,"TRIML1","protein_coding","ENSG00000184108"
"ENSG00000184302.7",1.25385490622502,1.0024568574335,0.310946524519864,3.22388828426819,0.00126462724524805,0.00349367425095887,"SIX6","protein_coding","ENSG00000184302"
"ENSG00000184330.12",3.63279602847909,1.00476662879367,0.431176157257879,2.3302926469395,0.0197906891304557,0.0399748176710206,"S100A7A","protein_coding","ENSG00000184330"
"ENSG00000184347.15",1268.94992997837,-1.08900073826861,0.113312336565741,-9.61061055904356,7.21200522317527e-22,3.52324614877494e-20,"SLIT3","protein_coding","ENSG00000184347"
"ENSG00000184478.7",10.1392430573834,2.19241743897717,0.509398974197663,4.30392982716617,1.67794830477298e-05,6.94758342278458e-05,"OR56A3","protein_coding","ENSG00000184478"
"ENSG00000184502.4",1.91648108447547,3.25403556931283,0.355195985687921,9.16123971111503,5.13044911879111e-20,1.95355035931688e-18,"GAST","protein_coding","ENSG00000184502"
"ENSG00000184672.12",1.14198092875502,1.85871430198997,0.399839503454187,4.6486509860398,3.34113004495591e-06,1.57884088867593e-05,"RALYL","protein_coding","ENSG00000184672"
"ENSG00000184709.7",18.652784432831,1.55541339620993,0.213691574138605,7.27877738034285,3.36859025785524e-13,5.10779578994403e-12,"LRRC26","protein_coding","ENSG00000184709"
"ENSG00000184735.7",7.13210991044827,1.26966665888606,0.405103298078178,3.13418001015888,0.00172335100256054,0.00461360732619252,"DDX53","protein_coding","ENSG00000184735"
"ENSG00000184788.14",2.55064567138891,1.19425910691228,0.2108713398527,5.66344913323219,1.4836016418475e-08,1.06428297089826e-07,"SATL1","protein_coding","ENSG00000184788"
"ENSG00000184856.7",0.910002274018546,1.12065106840439,0.421934036591724,2.65598641308182,0.00790768003379881,0.0178900887121475,"LINC00308","lncRNA","ENSG00000184856"
"ENSG00000184895.8",0.404988416342646,1.54761051307702,0.486165891197396,3.18329718538121,0.00145608081202839,0.00396611181471271,"SRY","protein_coding","ENSG00000184895"
"ENSG00000184945.14",0.679030751652351,1.82066475653487,0.431516387172054,4.21922506458355,2.45143463599143e-05,9.80948641169479e-05,"AQP12A","protein_coding","ENSG00000184945"
"ENSG00000185002.10",14.647138860398,2.24032453869206,0.344168544099304,6.50938203709184,7.54605858824962e-11,7.92190324815909e-10,"RFX6","protein_coding","ENSG00000185002"
"ENSG00000185008.17",344.932156992132,-1.06128073965404,0.134425425487947,-7.89494052781852,2.90453704797043e-15,5.88753994753529e-14,"ROBO2","protein_coding","ENSG00000185008"
"ENSG00000185028.4",6.74686981283204,1.02901017190711,0.177564520511222,5.79513389805864,6.82666929822132e-09,5.20567073212486e-08,"LRRC14B","protein_coding","ENSG00000185028"
"ENSG00000185069.2",0.423621247741382,1.08500990979801,0.356297081977279,3.04523939342057,0.00232495170306647,0.00602886374987508,"KRT76","protein_coding","ENSG00000185069"
"ENSG00000185100.11",874.688560482636,1.20694432482483,0.0985591848323387,12.2458837994449,1.76741183236547e-34,3.51266635541787e-32,"ADSS1","protein_coding","ENSG00000185100"
"ENSG00000185176.13",1.18200085899374,1.59274790468287,0.468011670811766,3.40322262032536,0.000665959947043726,0.00196560461622736,"AQP12B","protein_coding","ENSG00000185176"
"ENSG00000185186.10",6.70653838337691,1.10995001403665,0.157303650772417,7.05609824429627,1.71242776918118e-12,2.33264609159976e-11,"LINC00313","lncRNA","ENSG00000185186"
"ENSG00000185203.12",1.38561766091275,1.12027981480479,0.272775516403447,4.106966158751,4.00889937388243e-05,0.000153596564970934,"WASIR1","lncRNA","ENSG00000185203"
"ENSG00000185247.15",11.5396068024785,3.01600449823758,0.44160309286733,6.82967249765996,8.51087035545592e-12,1.0362678481534e-10,"MAGEA11","protein_coding","ENSG00000185247"
"ENSG00000185269.12",530.930739334249,2.32254749854121,0.186197639683542,12.4735603656876,1.04070102536503e-35,2.26744822868703e-33,"NOTUM","protein_coding","ENSG00000185269"
"ENSG00000185290.4",69.7157386967111,1.11577040844384,0.239299239401312,4.66265756312189,3.12151925301793e-06,1.48401468991493e-05,"NUPR2","protein_coding","ENSG00000185290"
"ENSG00000185296.8",2.15888038904774,2.50899582055216,0.250590913589893,10.0123176240072,1.34562623553479e-23,8.25675447505934e-22,"AC026785.1","processed_pseudogene","ENSG00000185296"
"ENSG00000185303.17",171185.547265003,-1.49932112877229,0.194133189669357,-7.72315713416085,1.13483131760263e-14,2.12093726482037e-13,"SFTPA2","protein_coding","ENSG00000185303"
"ENSG00000185306.13",110.184961423402,1.35118569021121,0.226976040018169,5.95298821013466,2.63290271656413e-09,2.1463056298714e-08,"C12orf56","protein_coding","ENSG00000185306"
"ENSG00000185479.6",180.910616127863,1.9907262029467,0.265793235106974,7.48975496741099,6.90023145475737e-14,1.16123969500694e-12,"KRT6B","protein_coding","ENSG00000185479"
"ENSG00000185559.16",120.712935664296,-1.6114489118613,0.414796238702583,-3.88491688570191,0.000102364901736927,0.000361533737124446,"DLK1","protein_coding","ENSG00000185559"
"ENSG00000185615.16",138.257211033242,1.21546750382757,0.214253752959688,5.67302783282522,1.40295424847446e-08,1.01133342083502e-07,"PDIA2","protein_coding","ENSG00000185615"
"ENSG00000185640.6",10.828110540562,-1.24950088138979,0.180053377263973,-6.93961368776729,3.93173605035583e-12,5.03744408489458e-11,"KRT79","protein_coding","ENSG00000185640"
"ENSG00000185686.18",1289.10814717424,1.08818492409242,0.248598797241199,4.37727348711438,1.2017314630969e-05,5.11674626407745e-05,"PRAME","protein_coding","ENSG00000185686"
"ENSG00000185760.17",239.520862867222,-1.09864731774873,0.15002905421336,-7.3228970449038,2.42673984729107e-13,3.76514324440899e-12,"KCNQ5","protein_coding","ENSG00000185760"
"ENSG00000185847.8",0.53781287058081,1.3698565398954,0.347508613720591,3.94193549687609,8.08267159272545e-05,0.000291788311804371,"LINC01405","lncRNA","ENSG00000185847"
"ENSG00000185863.8",1.72408634520168,1.97945257613992,0.248197081457824,7.97532575529615,1.51979430401749e-15,3.20667940593395e-14,"TMEM210","protein_coding","ENSG00000185863"
"ENSG00000185888.5",0.485738407323627,1.1990527908102,0.447819106029419,2.67753826191468,0.00741653811586188,0.016898110527601,"PRSS38","protein_coding","ENSG00000185888"
"ENSG00000185940.10",0.753739962962688,1.85868688728557,0.439291145316608,4.23110483127532,2.32546253495017e-05,9.35396584672474e-05,"KRTAP5-5","protein_coding","ENSG00000185940"
"ENSG00000185950.9",3184.97833078737,1.13378634389078,0.107794760612525,10.518009757137,7.13651015381389e-26,5.50687184084923e-24,"IRS2","protein_coding","ENSG00000185950"
"ENSG00000185966.4",0.443918935360029,1.48596251570543,0.617596756628712,2.40604002491347,0.0161264977822369,0.0334917881099847,"LCE3E","protein_coding","ENSG00000185966"
"ENSG00000185974.7",34.7246216276036,1.15273009795691,0.217340166852627,5.30380607804792,1.13412791787295e-07,6.96319676882121e-07,"GRK1","protein_coding","ENSG00000185974"
"ENSG00000186074.19",453.446862327179,-1.20360919668729,0.0916710243548609,-13.1296579825277,2.22659877412365e-39,7.03242743055192e-37,"CD300LF","protein_coding","ENSG00000186074"
"ENSG00000186086.18",2.27642458850895,1.94317537353677,0.376000427803264,5.16801373043519,2.36594932430662e-07,1.37885672035796e-06,"NBPF6","protein_coding","ENSG00000186086"
"ENSG00000186115.13",2.04690578734108,1.98713936472495,0.303909863065958,6.53858135658363,6.21050990251808e-11,6.61010462273496e-10,"CYP4F2","protein_coding","ENSG00000186115"
"ENSG00000186152.6",13.1769314406124,2.22967936680045,0.25786943384157,8.6465438481178,5.30826480298039e-18,1.57634572061101e-16,"LILRP1","unprocessed_pseudogene","ENSG00000186152"
"ENSG00000186191.8",35.6504299814521,2.28576281269795,0.252962679129689,9.03596854904468,1.62556433064238e-19,5.81478204770521e-18,"BPIFB4","protein_coding","ENSG00000186191"
"ENSG00000186197.15",156.557814205996,1.33668820129148,0.149530077329277,8.93925974737505,3.91785954536202e-19,1.34441983531645e-17,"EDARADD","protein_coding","ENSG00000186197"
"ENSG00000186329.9",36.6554066397082,-1.13409248892275,0.244472017751424,-4.63894600025712,3.50190529681556e-06,1.64907683204064e-05,"TMEM212","protein_coding","ENSG00000186329"
"ENSG00000186471.13",33.0039227868285,-1.07288951924328,0.21400914131538,-5.01328827660772,5.35076387747976e-07,2.936901153983e-06,"AKAP14","protein_coding","ENSG00000186471"
"ENSG00000186474.15",1082.24869180812,4.19966566222712,0.30811760485019,13.6300736995182,2.6531224056312e-42,1.04947734148186e-39,"KLK12","protein_coding","ENSG00000186474"
"ENSG00000186526.13",1.22926345190286,1.63753902310524,0.288596896218128,5.67413941232253,1.39387585351595e-08,1.00532278101965e-07,"CYP4F8","protein_coding","ENSG00000186526"
"ENSG00000186529.16",622.218508955577,4.1459420797001,0.212829566308369,19.4801039705782,1.61950312141903e-84,5.49861797299795e-81,"CYP4F3","protein_coding","ENSG00000186529"
"ENSG00000186603.6",111.236810094001,1.30103641622771,0.141157651477428,9.21690324690446,3.05804263675545e-20,1.20964884610997e-18,"HPDL","protein_coding","ENSG00000186603"
"ENSG00000186675.7",15.3790395231313,-1.62082351111862,0.188333823809586,-8.60612012400571,7.55750664621538e-18,2.19939638061967e-16,"MAGEE2","protein_coding","ENSG00000186675"
"ENSG00000186766.8",7.14598551466507,-1.19147417468271,0.182304127245781,-6.53564015627785,6.33380355854607e-11,6.7307813872155e-10,"FOXI2","protein_coding","ENSG00000186766"
"ENSG00000186832.9",670.207527944367,1.40987043822748,0.212259174860214,6.6422119993445,3.09010061689614e-11,3.44365343091356e-10,"KRT16","protein_coding","ENSG00000186832"
"ENSG00000186838.13",1.42032404215635,2.62519756231669,0.347821419815432,7.54754426484063,4.43541817785978e-14,7.65081468334213e-13,"SELENOV","protein_coding","ENSG00000186838"
"ENSG00000186847.6",123.040563877756,1.13075204909992,0.230949039224085,4.89611064371122,9.77520415708119e-07,5.12971590638793e-06,"KRT14","protein_coding","ENSG00000186847"
"ENSG00000186910.4",4.33448291053553,1.44773055642553,0.309510021519688,4.67749169903192,2.90405326297564e-06,1.38987245499139e-05,"SERPINA11","protein_coding","ENSG00000186910"
"ENSG00000186960.12",1.25595305918941,2.08748991738866,0.381009350176033,5.47884170407944,4.28119151831828e-08,2.82612744703243e-07,"LINC01551","lncRNA","ENSG00000186960"
"ENSG00000187033.9",0.701839829928138,1.54931116163223,0.264361189963935,5.8605847622474,4.61240026173339e-09,3.60696782847992e-08,"SAMD7","protein_coding","ENSG00000187033"
"ENSG00000187054.16",3.33953463100281,1.02148335857141,0.212323085014808,4.81098585441226,1.50187647518123e-06,7.61176181469201e-06,"TMPRSS11A","protein_coding","ENSG00000187054"
"ENSG00000187134.14",15535.5512432309,4.69923246698259,0.188309039417371,24.9548958537628,1.88944555488261e-137,2.56605600808608e-133,"AKR1C1","protein_coding","ENSG00000187134"
"ENSG00000187135.7",0.386402860162838,1.43618728937553,0.560080047328001,2.56425362093724,0.0103397959303739,0.0226710959848899,"VSTM2B","protein_coding","ENSG00000187135"
"ENSG00000187140.6",11.379229574682,1.14245985564855,0.211927003081927,5.39081777703852,7.01377685951463e-08,4.46224719842606e-07,"FOXD3","protein_coding","ENSG00000187140"
"ENSG00000187151.7",7.75086936205341,-1.07882540002861,0.138871691785573,-7.76850476981578,7.94180160777682e-15,1.52413011260316e-13,"ANGPTL5","protein_coding","ENSG00000187151"
"ENSG00000187172.15",10.4957818127406,1.5891010820476,0.538104660111375,2.95314499175439,0.00314554181199139,0.00788572545200376,"BAGE2","transcribed_unprocessed_pseudogene","ENSG00000187172"
"ENSG00000187268.12",3.35062296824235,1.1403363493738,0.255251213362275,4.4675060868578,7.91367603364797e-06,3.48193199394081e-05,"FAM9C","protein_coding","ENSG00000187268"
"ENSG00000187288.12",20.9682237197981,1.90439131615356,0.235959633055383,8.07083521657523,6.98188941586565e-16,1.54515546154598e-14,"CIDEC","protein_coding","ENSG00000187288"
"ENSG00000187416.12",46.4476124744786,-1.22334832539186,0.196815584090171,-6.21570863428873,5.10935350056649e-10,4.68957850131968e-09,"LHFPL3","protein_coding","ENSG00000187416"
"ENSG00000187492.9",143.100326301494,-1.08928732234935,0.199869966951825,-5.44997999930577,5.03754850171351e-08,3.28825553925356e-07,"CDHR4","protein_coding","ENSG00000187492"
"ENSG00000187616.5",2.58083711140514,-1.09956456304089,0.227229582231332,-4.83900270485679,1.30492270941513e-06,6.70616371716707e-06,"MYMK","protein_coding","ENSG00000187616"
"ENSG00000187621.15",19.6817709818565,1.26697500768603,0.205412343975564,6.16795944764038,6.91768785848891e-10,6.20672443114762e-09,"TCL6","lncRNA","ENSG00000187621"
"ENSG00000187772.8",33.4400091646339,2.00222610624695,0.480925161459489,4.16328000009542,3.13708279737675e-05,0.000122697671511492,"LIN28B","protein_coding","ENSG00000187772"
"ENSG00000187905.10",30.3082701742585,-1.06352160016455,0.224443047840411,-4.73849206022526,2.15314463931889e-06,1.05846491360726e-05,"LRRC74B","protein_coding","ENSG00000187905"
"ENSG00000187908.20",10078.7694231605,-1.8307533787899,0.201443064372502,-9.08819265876798,1.00698981623202e-19,3.70621373827834e-18,"DMBT1","protein_coding","ENSG00000187908"
"ENSG00000187950.8",12.2083097728982,-1.46807992522992,0.161410499349275,-9.09531865119352,9.43095095178601e-20,3.47733244007798e-18,"OVCH1","protein_coding","ENSG00000187950"
"ENSG00000187979.4",0.395156133663128,1.18922508357345,0.44213570190534,2.68972869290719,0.00715101303412662,0.0163700260731218,"FAM230D","lncRNA","ENSG00000187979"
"ENSG00000188029.8",0.5146791099784,1.3775037783476,0.541210273739165,2.54522843557749,0.0109206270603791,0.0238037186133654,"CTSL3P","transcribed_unprocessed_pseudogene","ENSG00000188029"
"ENSG00000188039.16",276.032362788492,-1.20793531229646,0.183275119453614,-6.59083085526061,4.37371952641458e-11,4.76976591714961e-10,"NWD1","protein_coding","ENSG00000188039"
"ENSG00000188107.15",69.6731861728281,1.43991313727149,0.127495110460953,11.2938694830378,1.40702901370536e-29,1.69104964912676e-27,"EYS","protein_coding","ENSG00000188107"
"ENSG00000188162.12",4.9705769506547,1.51526125350448,0.265431118150776,5.70867976618985,1.13855881280282e-08,8.33123234734653e-08,"OTOG","protein_coding","ENSG00000188162"
"ENSG00000188175.10",136.15674769654,3.38065996877374,0.240708830017436,14.0446030522805,8.313288040869e-45,3.68161189836006e-42,"HEPACAM2","protein_coding","ENSG00000188175"
"ENSG00000188269.10",1.61384571713453,1.732333534248,0.279481636696796,6.19838052589972,5.70470844093027e-10,5.19854475528566e-09,"OR7A5","protein_coding","ENSG00000188269"
"ENSG00000188280.11",0.555795799226213,1.65491250033228,0.360486612305354,4.59077381473038,4.41605698664576e-06,2.04470517444979e-05,"FAM230G","lncRNA","ENSG00000188280"
"ENSG00000188338.15",63.4446893176017,1.18988725266887,0.18657667437179,6.37747058508388,1.80036615124787e-10,1.79477166871279e-09,"SLC38A3","protein_coding","ENSG00000188338"
"ENSG00000188373.5",2.00204144845772,1.89952755482241,0.393931129651303,4.82197879742029,1.42141057453007e-06,7.24540611010618e-06,"C10orf99","protein_coding","ENSG00000188373"
"ENSG00000188385.12",122.643071085983,1.81447559048681,0.15073687817924,12.0373701008271,2.26047523527732e-33,4.12997948479389e-31,"JAKMIP3","protein_coding","ENSG00000188385"
"ENSG00000188393.9",3.36612679910408,2.90889656763172,0.391937561767444,7.42183666835616,1.15507204509754e-13,1.87494423639079e-12,"CLEC2A","protein_coding","ENSG00000188393"
"ENSG00000188517.16",569.145808569261,2.12425948224523,0.249176556660708,8.525117734642,1.52654467104342e-17,4.26292046143399e-16,"COL25A1","protein_coding","ENSG00000188517"
"ENSG00000188523.9",71.5729876341612,-1.23312173130919,0.19670309244988,-6.26894938941233,3.63492240468515e-10,3.41658298158177e-09,"CFAP77","protein_coding","ENSG00000188523"
"ENSG00000188580.15",33.4225264388618,1.70615275985484,0.242706251320581,7.02970257490914,2.06974255143673e-12,2.7821682868092e-11,"NKAIN2","protein_coding","ENSG00000188580"
"ENSG00000188582.10",2.63398184699349,1.4997285137705,0.319864952746175,4.68863031380806,2.75039745451615e-06,1.32332833596305e-05,"PAQR9","protein_coding","ENSG00000188582"
"ENSG00000188624.3",5.52705205976628,-1.11187967714183,0.274123224434344,-4.05613088579489,4.98923081146199e-05,0.000187836103263164,"IGFL3","protein_coding","ENSG00000188624"
"ENSG00000188660.4",4.24083631497682,1.80836601646945,0.197957621139995,9.13511693086358,6.53361301743231e-20,2.44893279824512e-18,"LINC00319","lncRNA","ENSG00000188660"
"ENSG00000188738.15",121.698628765479,1.04962200240707,0.164776256782789,6.36998329067941,1.8904879518873e-10,1.87817972747487e-09,"FSIP2","protein_coding","ENSG00000188738"
"ENSG00000188778.6",9.27803659293267,-1.57132236853992,0.154675495883897,-10.1588319440035,3.02680815984276e-24,1.98905233639474e-22,"ADRB3","protein_coding","ENSG00000188778"
"ENSG00000188803.15",37.4683722776923,-1.44597147394428,0.166508287041817,-8.68408113273746,3.81816204416254e-18,1.15630847221428e-16,"SHISA6","protein_coding","ENSG00000188803"
"ENSG00000188816.3",3.21681056184562,1.24059914365687,0.330881458890329,3.74937643172105,0.000177274819873637,0.000594363724992723,"HMX2","protein_coding","ENSG00000188816"
"ENSG00000188817.8",299.070519366061,-1.09475655072853,0.18674744316813,-5.86223046568257,4.56690552910244e-09,3.57344789652815e-08,"SNTN","protein_coding","ENSG00000188817"
"ENSG00000188833.10",261.108245149055,1.10922221015096,0.15356285829251,7.22324540246632,5.07612892640718e-13,7.49607542039172e-12,"ENTPD8","protein_coding","ENSG00000188833"
"ENSG00000188906.16",4822.03863301024,-1.58781214253258,0.142818640195606,-11.1176814200016,1.02911729607021e-28,1.09190953108824e-26,"LRRK2","protein_coding","ENSG00000188906"
"ENSG00000188916.9",70.5572179553378,1.77314627247646,0.139719640139856,12.6907446276098,6.65500379472532e-37,1.64330193702117e-34,"INSYN2A","protein_coding","ENSG00000188916"
"ENSG00000188937.6",0.647042554177387,1.4431443781928,0.282772428433526,5.10355407062627,3.33333214008911e-07,1.89811252807338e-06,"NYX","protein_coding","ENSG00000188937"
"ENSG00000188993.3",52.4763275568755,1.67504683921458,0.173397375807122,9.66016256830676,4.45156978879874e-22,2.21724092793432e-20,"LRRC66","protein_coding","ENSG00000188993"
"ENSG00000189002.10",2.58204291208872,-1.27842043678646,0.301644719306504,-4.23816614368591,2.25352980599689e-05,9.09245047392864e-05,"PROS2P","unprocessed_pseudogene","ENSG00000189002"
"ENSG00000189052.7",7.01676079539706,-1.30828783482698,0.338109859505937,-3.86941639838222,0.000109096181463979,0.00038307124083217,"CGB5","protein_coding","ENSG00000189052"
"ENSG00000189064.8",2.29086943001482,3.31283261044766,0.777404747588726,4.26140002453427,2.03150230158048e-05,8.25878051020691e-05,"GAGE2A","protein_coding","ENSG00000189064"
"ENSG00000189068.11",14.1085029531555,-1.44552970397707,0.161683192761361,-8.94050692152414,3.87389190910083e-19,1.33080925845274e-17,"VSTM1","protein_coding","ENSG00000189068"
"ENSG00000189182.10",0.539742388683192,1.50870624752283,0.380642574244846,3.96357724964407,7.38349562018675e-05,0.00026836360522367,"KRT77","protein_coding","ENSG00000189182"
"ENSG00000189229.11",21.0733714603255,1.56974626378521,0.280924162097264,5.58779370227938,2.29972605444327e-08,1.59404114726407e-07,"AC069277.1","lncRNA","ENSG00000189229"
"ENSG00000189320.9",55.5899643080656,-1.09303559486049,0.109357182491223,-9.99509652645101,1.60131152010346e-23,9.70866596184158e-22,"FAM180A","protein_coding","ENSG00000189320"
"ENSG00000189410.12",28.1122725735247,1.04301008520963,0.188146446923954,5.54360766446572,2.96302341935849e-08,2.01809533893218e-07,"SH2D5","protein_coding","ENSG00000189410"
"ENSG00000196091.15",54.543054847335,1.59506288535192,0.22781039486863,7.00171248231115,2.52852578073636e-12,3.34696965186945e-11,"MYBPC1","protein_coding","ENSG00000196091"
"ENSG00000196126.11",42507.2576515665,-1.08804864657334,0.0922311525374894,-11.7969754973092,4.04593305871694e-32,6.24407009891304e-30,"HLA-DRB1","protein_coding","ENSG00000196126"
"ENSG00000196132.14",85.6481776629368,2.41108258292767,0.204532991467195,11.788233114042,4.48859038555668e-32,6.87513676987729e-30,"MYT1","protein_coding","ENSG00000196132"
"ENSG00000196139.14",9026.43000759081,3.41926779263286,0.149409524543017,22.8852063018807,6.52313223381384e-116,4.42953294337129e-112,"AKR1C3","protein_coding","ENSG00000196139"
"ENSG00000196159.14",763.986284567554,-1.17979075047261,0.0901177474847761,-13.0916582293839,3.6749612364643e-39,1.12578154629523e-36,"FAT4","protein_coding","ENSG00000196159"
"ENSG00000196166.5",0.617810643796146,1.55193758454468,0.337356049621325,4.60029570030445,4.21891617599e-06,1.96039052923233e-05,"C8orf86","lncRNA","ENSG00000196166"
"ENSG00000196243.5",0.548450713869924,1.02162351028801,0.338600969860922,3.01719014776488,0.00255129719825883,0.00653470181358266,"LINC00615","lncRNA","ENSG00000196243"
"ENSG00000196344.11",47.3983456129008,1.6320001248614,0.242789590422067,6.72187024997374,1.79406680079929e-11,2.0777619006528e-10,"ADH7","protein_coding","ENSG00000196344"
"ENSG00000196350.9",1.85724293731762,-1.15253445658735,0.498709814220454,-2.3110322350261,0.0208310744468999,0.0418150695270258,"ZNF729","protein_coding","ENSG00000196350"
"ENSG00000196358.11",200.638013785945,1.53718424166372,0.139955809930453,10.9833542632319,4.59537589792332e-28,4.58895588747769e-26,"NTNG2","protein_coding","ENSG00000196358"
"ENSG00000196364.9",15.6585638139734,3.1014911614461,0.314601362911443,9.85847973684443,6.29959550980704e-23,3.49679046125434e-21,"PRSS29P","transcribed_unprocessed_pseudogene","ENSG00000196364"
"ENSG00000196406.4",1.62996238553248,1.90865684632338,0.627771070769937,3.04037082177503,0.00236287028266473,0.00611667983522517,"SPANXD","protein_coding","ENSG00000196406"
"ENSG00000196427.13",3.9470477816561,2.01240258217224,0.327239946600457,6.14962385576133,7.76669162374988e-10,6.91970953042732e-09,"NBPF4","protein_coding","ENSG00000196427"
"ENSG00000196534.5",1.43420809899048,2.16131131673132,0.383271952421767,5.63910639188367,1.70934903170163e-08,1.21352165183167e-07,"OR9K1P","transcribed_unitary_pseudogene","ENSG00000196534"
"ENSG00000196616.14",2191.64068085828,-1.4628473162418,0.169636688716922,-8.62341352749993,6.49872529878747e-18,1.90899469970078e-16,"ADH1B","protein_coding","ENSG00000196616"
"ENSG00000196634.3",0.393150517267155,1.10263646132386,0.34837678814537,3.16506868093562,0.00155046348152425,0.00419709877268903,"LUADT1","lncRNA","ENSG00000196634"
"ENSG00000196660.11",10.4783542735508,3.02372124304095,0.275759667521835,10.9650597936028,5.62633525233222e-28,5.52370547435594e-26,"SLC30A10","protein_coding","ENSG00000196660"
"ENSG00000196664.5",334.385152681932,-1.08112809277448,0.0920320058798833,-11.7473055426558,7.29066206680713e-32,1.08015798031972e-29,"TLR7","protein_coding","ENSG00000196664"
"ENSG00000196735.13",13802.0078934809,-1.1559303602104,0.100473277864652,-11.5048536762935,1.24700660736043e-30,1.63365884899312e-28,"HLA-DQA1","protein_coding","ENSG00000196735"
"ENSG00000196748.10",29.3810081207448,1.49556316207737,0.191756634345953,7.79927728278328,6.22627207547559e-15,1.21144700654776e-13,"CLPSL2","protein_coding","ENSG00000196748"
"ENSG00000196844.9",1.52800925107197,1.47341543538669,0.240542159629005,6.12539372581995,9.04596334012692e-10,7.95853345641959e-09,"PATE2","protein_coding","ENSG00000196844"
"ENSG00000196890.4",53.0296823961334,1.12642481715083,0.153875444561082,7.32036758927893,2.47292614181396e-13,3.83242410787091e-12,"H2BU1","protein_coding","ENSG00000196890"
"ENSG00000197057.10",194.875815254908,-1.13996299915802,0.1590601995345,-7.16686513970308,7.67345541512225e-13,1.1023963116302e-11,"DTHD1","protein_coding","ENSG00000197057"
"ENSG00000197153.5",7.55931101775124,1.19427338278875,0.163542348333588,7.30253292164253,2.82400179508796e-13,4.33854845917304e-12,"H3C12","protein_coding","ENSG00000197153"
"ENSG00000197172.10",396.305383947516,1.4841596177134,0.465327137101329,3.1894972361997,0.0014252050189044,0.0038913770329193,"MAGEA6","protein_coding","ENSG00000197172"
"ENSG00000197181.12",27.6279637737691,1.17358493808954,0.150676649503206,7.78876449641634,6.76675962835904e-15,1.31035212708285e-13,"PIWIL2","protein_coding","ENSG00000197181"
"ENSG00000197253.13",887.682148024095,-1.38977884777487,0.128247795920563,-10.8366684807254,2.30720606396228e-27,2.11241565537113e-25,"TPSB2","protein_coding","ENSG00000197253"
"ENSG00000197403.4",0.955605569240637,-1.23560737275605,0.241684369755402,-5.11248358347111,3.17950625717926e-07,1.81635759164687e-06,"OR6N1","protein_coding","ENSG00000197403"
"ENSG00000197444.10",171.215947256625,1.07414059230529,0.195625361060778,5.4908043950987,4.00107277892876e-08,2.65454662484766e-07,"OGDHL","protein_coding","ENSG00000197444"
"ENSG00000197446.9",59.2479069928091,-1.14193387264371,0.225577420423275,-5.0622702861881,4.14293103195639e-07,2.31734540135913e-06,"CYP2F1","protein_coding","ENSG00000197446"
"ENSG00000197471.12",1134.3313575305,-1.10336409132755,0.0841314897416141,-13.1147575624326,2.7104761116482e-39,8.42999452037273e-37,"SPN","protein_coding","ENSG00000197471"
"ENSG00000197487.9",0.626057879234794,1.09144308462657,0.374249719706653,2.91634977170344,0.00354153228705864,0.00877639133700081,"GALP","protein_coding","ENSG00000197487"
"ENSG00000197561.7",26.1365452774084,-2.5364594202837,0.189695145071125,-13.3712405730398,8.90432430155364e-41,3.10075970101026e-38,"ELANE","protein_coding","ENSG00000197561"
"ENSG00000197595.4",11.5509773451084,-2.49860659321747,0.255837133882752,-9.7663953441667,1.56936594902536e-22,8.35825841322096e-21,"ATP11AUN","lncRNA","ENSG00000197595"
"ENSG00000197635.11",6736.49193540749,-1.27894612031194,0.131534644704973,-9.723264339829,2.39962714893522e-22,1.24545234304545e-20,"DPP4","protein_coding","ENSG00000197635"
"ENSG00000197696.10",509.112181439267,1.28772570813418,0.0954087388836995,13.4969366873603,1.63014448708154e-41,5.98351142677145e-39,"NMB","protein_coding","ENSG00000197696"
"ENSG00000197769.6",108.134199523861,-1.3292925648775,0.134312274679602,-9.8970296501082,4.2882225263022e-23,2.46077535759339e-21,"MAP1LC3C","protein_coding","ENSG00000197769"
"ENSG00000197921.6",7.57727220351869,1.04550119377203,0.158934087719501,6.57820615308912,4.76157755022343e-11,5.15959984384982e-10,"HES5","protein_coding","ENSG00000197921"
"ENSG00000197934.8",1.66287471633255,1.1498776507436,0.206239987222685,5.57543503676635,2.46912037907849e-08,1.70420754878528e-07,"CYYR1-AS1","lncRNA","ENSG00000197934"
"ENSG00000197953.6",1.51929710726381,1.02452367328026,0.303136056530989,3.37974863500121,0.000725521510143188,0.00212569559095095,"AADACL2","protein_coding","ENSG00000197953"
"ENSG00000198049.7",14.7719073307157,-1.75345597862604,0.192425324388845,-9.11239715559855,8.05814556289494e-20,2.98466386062753e-18,"AVPR1B","protein_coding","ENSG00000198049"
"ENSG00000198054.12",7.87524085112414,2.05289909687376,0.605929647679488,3.388015596754,0.000704002609295282,0.00206815042977271,"DSCR8","lncRNA","ENSG00000198054"
"ENSG00000198074.10",4405.67385702679,4.6924015925957,0.258464440621159,18.1549213552108,1.1739601316527e-73,1.83964067861254e-70,"AKR1B10","protein_coding","ENSG00000198074"
"ENSG00000198092.6",1.3318449091239,1.67471121726312,0.306658107359458,5.46116726436342,4.73014118368599e-08,3.09839456988614e-07,"TMPRSS11F","protein_coding","ENSG00000198092"
"ENSG00000198099.9",11.633555938542,1.74888037660438,0.21258918339207,8.22657271973704,1.92646144459392e-16,4.63066776620001e-15,"ADH4","protein_coding","ENSG00000198099"
"ENSG00000198183.12",22061.2954958291,3.33341039209355,0.269975031588621,12.347106221189,5.04952368453171e-35,1.04965685448406e-32,"BPIFA1","protein_coding","ENSG00000198183"
"ENSG00000198414.5",1.38196836401019,1.75436943575136,0.386184885667225,4.54282262424713,5.55059540285042e-06,2.51750983522581e-05,"TATDN2P1","processed_pseudogene","ENSG00000198414"
"ENSG00000198431.16",20681.5124221801,1.76387685253986,0.115840171445874,15.2268149340923,2.34752474239609e-52,1.81549563299612e-49,"TXNRD1","protein_coding","ENSG00000198431"
"ENSG00000198452.8",1.60102983206033,-1.3715691043354,0.178616567208149,-7.67884595350583,1.60528129843521e-14,2.93818400458875e-13,"OR14L1P","protein_coding","ENSG00000198452"
"ENSG00000198502.6",16288.1013730997,-1.27051759624208,0.11630879294189,-10.9236590296045,8.88429672677076e-28,8.47282471784387e-26,"HLA-DRB5","protein_coding","ENSG00000198502"
"ENSG00000198535.5",846.62231017029,1.01024976061433,0.153897122051804,6.56444868588427,5.22257246906535e-11,5.62472297401875e-10,"C2CD4A","protein_coding","ENSG00000198535"
"ENSG00000198570.6",4.21125676119857,-1.09037263340297,0.146890201167309,-7.42304540900607,1.14457512704414e-13,1.8601286159218e-12,"RD3","protein_coding","ENSG00000198570"
"ENSG00000198573.7",2.49808635735799,3.73982715052075,0.579252058572089,6.45630359905803,1.07291264818007e-10,1.10248877742246e-09,"SPANXC","protein_coding","ENSG00000198573"
"ENSG00000198610.11",68.5658188780651,4.80514499143758,0.247818249912229,19.3897947110007,9.41117431746382e-84,2.9130730616332e-80,"AKR1C4","protein_coding","ENSG00000198610"
"ENSG00000198681.7",116.447896004548,3.41070608047562,0.440779635102035,7.73789396982028,1.01077084327e-14,1.90656650311804e-13,"MAGEA1","protein_coding","ENSG00000198681"
"ENSG00000198723.11",29.3465580981959,1.24552399297011,0.139768735061269,8.91132049255591,5.04283137617724e-19,1.70647905946503e-17,"TEX45","protein_coding","ENSG00000198723"
"ENSG00000198732.11",1230.9529829516,1.21930594053308,0.211974016174915,5.75214812898078,8.81165369756621e-09,6.58498177916251e-08,"SMOC1","protein_coding","ENSG00000198732"
"ENSG00000198739.11",5.40680004910931,2.71285741938884,0.358163415955783,7.57435656053649,3.60911909745585e-14,6.31642351321494e-13,"LRRTM3","protein_coding","ENSG00000198739"
"ENSG00000198758.11",365.14073086304,1.71941575851067,0.322747579698806,5.32743192099307,9.96110957163547e-08,6.17443309412968e-07,"EPS8L3","protein_coding","ENSG00000198758"
"ENSG00000198765.12",0.536087208635766,2.12392478260675,0.56137131736197,3.78345796608852,0.000154664454581605,0.00052595725507206,"SYCP1","protein_coding","ENSG00000198765"
"ENSG00000198788.9",74.353144860837,3.13612070985382,0.252930691142267,12.3991307487862,2.64173749888609e-35,5.60584952693311e-33,"MUC2","protein_coding","ENSG00000198788"
"ENSG00000198807.13",714.193696935036,1.3847752686232,0.148082353843288,9.35138612186483,8.6506490083068e-21,3.66375667926657e-19,"PAX9","protein_coding","ENSG00000198807"
"ENSG00000198848.13",6982.93903366399,2.38438535581786,0.166458290902922,14.3242210579251,1.54450101956074e-46,8.39034733866177e-44,"CES1","protein_coding","ENSG00000198848"
"ENSG00000198930.13",196.263052990889,1.51478394574902,0.357975323490184,4.23153174632317,2.32105226115141e-05,9.33899192930002e-05,"CSAG1","protein_coding","ENSG00000198930"
"ENSG00000199319.1",0.343049647554677,1.16013196720655,0.407003763651316,2.8504207351764,0.00436614314652114,0.0105716865881447,"RN7SKP25","misc_RNA","ENSG00000199319"
"ENSG00000199400.1",4.72413751325952,1.63924515090138,0.177874852063389,9.21572179476617,3.09190998785359e-20,1.21960422515824e-18,"RNY4P19","misc_RNA","ENSG00000199400"
"ENSG00000199506.1",4.97505070078922,-1.12763530702245,0.225299901866646,-5.00504127023499,5.5850063947263e-07,3.05764465923587e-06,"RNU6-247P","snRNA","ENSG00000199506"
"ENSG00000199572.1",1.94941261113534,1.05643492853347,0.359569934332034,2.93805134318582,0.00330282320954001,0.00823542998936895,"RNA5SP174","rRNA_pseudogene","ENSG00000199572"
"ENSG00000199687.1",2.65686853870998,-1.63313912510603,0.253860066899392,-6.43322577297383,1.24923876632372e-10,1.27022049054972e-09,"RNU1-38P","snRNA","ENSG00000199687"
"ENSG00000200243.1",0.503611016337788,1.81618990969587,0.756943567839899,2.39937293460166,0.0164231786619376,0.0340295927966428,"RN7SKP79","misc_RNA","ENSG00000200243"
"ENSG00000200959.1",1.6478629455128,1.71837252883997,0.266940685935603,6.43728221053016,1.2163166238643e-10,1.23983958484121e-09,"SNORA74A","snoRNA","ENSG00000200959"
"ENSG00000201098.1",2.21363676430561,2.1623360343354,0.296103182649153,7.30264367640219,2.82167735298118e-13,4.33816344219515e-12,"RNY1","misc_RNA","ENSG00000201098"
"ENSG00000201428.1",3.13782328681425,4.65226451990475,0.574314578901069,8.10055097122328,5.4710834660359e-16,1.23085783355439e-14,"RN7SKP71","misc_RNA","ENSG00000201428"
"ENSG00000201464.1",4.19010905756772,1.29572547796844,0.235461657237181,5.50291496786353,3.73562620399839e-08,2.48775120022076e-07,"Y_RNA","misc_RNA","ENSG00000201464"
"ENSG00000201654.1",0.364891698983583,1.28194783440594,0.408571103660375,3.13763705489942,0.00170315628090683,0.00456524318111757,"RNU6-7","snRNA","ENSG00000201654"
"ENSG00000202512.1",0.873020949549447,1.18776274657054,0.31397371549631,3.78300057599725,0.000154949055753102,0.000526749218068305,"RN7SKP230","misc_RNA","ENSG00000202512"
"ENSG00000203685.10",465.295167981896,2.11217264577997,0.206273647965281,10.239663023439,1.31694249254968e-24,9.01784671831119e-23,"STUM","protein_coding","ENSG00000203685"
"ENSG00000203688.6",12.777557981018,1.42148383442294,0.181014205653138,7.85288551964153,4.06572757856743e-15,8.09628244054607e-14,"LINC02487","lncRNA","ENSG00000203688"
"ENSG00000203734.12",90.8366022697207,-1.13984566118618,0.168278282259952,-6.77357556707987,1.25637903677267e-11,1.48502033928717e-10,"ECT2L","protein_coding","ENSG00000203734"
"ENSG00000203809.7",0.696222749853182,1.18788389584224,0.32780317389745,3.62377179488156,0.000290337797502761,0.000927855744266607,"LIN28B-AS1","lncRNA","ENSG00000203809"
"ENSG00000203812.2",3.80992653618021,1.13043337707532,0.208455277282683,5.4229060151946,5.86378273394096e-08,3.78078968078741e-07,"H2AC18","protein_coding","ENSG00000203812"
"ENSG00000203837.5",7.74315332597683,1.94942620659507,0.402443329579239,4.84397693616448,1.27265711911814e-06,6.55440134044118e-06,"PNLIPRP3","protein_coding","ENSG00000203837"
"ENSG00000203857.10",0.928259750338106,1.17830693061281,0.381037094868727,3.09236803051617,0.00198566501505008,0.00524044239591823,"HSD3B1","protein_coding","ENSG00000203857"
"ENSG00000203877.8",2.46917630434351,3.46891328856992,0.402117816377063,8.62660928536713,6.31976125109888e-18,1.86044821281446e-16,"RIPPLY2","protein_coding","ENSG00000203877"
"ENSG00000203878.11",61.5040690088721,-2.20782221243079,0.258447916172367,-8.54261951548616,1.31212877737866e-17,3.69199328568639e-16,"CHIAP2","transcribed_unprocessed_pseudogene","ENSG00000203878"
"ENSG00000203909.4",0.876756309782132,1.46311984591338,0.489080812798731,2.99157073355787,0.00277546231947196,0.00704859822241763,"DPPA5","protein_coding","ENSG00000203909"
"ENSG00000203942.5",0.597577240083679,1.16644638686387,0.274433516727263,4.25037874664233,2.13409340804604e-05,8.64651628122709e-05,"C10orf62","protein_coding","ENSG00000203942"
"ENSG00000203963.11",16.1283252551416,-1.10925320770622,0.286203139153084,-3.87575486065128,0.000106294656713155,0.000373986459280144,"C1orf141","protein_coding","ENSG00000203963"
"ENSG00000203972.10",2.67669825804117,2.13776116826389,0.43873201979616,4.87258980836895,1.10144758982499e-06,5.73352231407173e-06,"GLYATL3","protein_coding","ENSG00000203972"
"ENSG00000204049.1",1.0085195367165,1.73545713853166,0.256132120050643,6.7756325844198,1.23863091962148e-11,1.46744808252801e-10,"AL391421.1","lncRNA","ENSG00000204049"
"ENSG00000204091.8",1.36062678572599,1.72058392474728,0.368808995863693,4.66524391770309,3.08251166773936e-06,1.46735334593649e-05,"TDRG1","lncRNA","ENSG00000204091"
"ENSG00000204092.2",0.405206026245747,1.79920057181477,0.582767463478438,3.08733874927687,0.00201957308466591,0.00531716354900498,"LINC00951","lncRNA","ENSG00000204092"
"ENSG00000204099.12",14.6856416603706,1.29673630144201,0.165035119504559,7.85733548916653,3.92390854167874e-15,7.82534536043156e-14,"NEU4","protein_coding","ENSG00000204099"
"ENSG00000204110.6",2.24536399858892,-1.0067244223452,0.177437070417936,-5.67369839895324,1.39747080926504e-08,1.00773722445815e-07,"LINC02520","lncRNA","ENSG00000204110"
"ENSG00000204140.10",16.8089417225034,1.08755452959667,0.237970654104141,4.57012035240587,4.87444202528381e-06,2.23572432101923e-05,"CLPSL1","protein_coding","ENSG00000204140"
"ENSG00000204252.14",3427.28914963226,-1.16724431410352,0.0981793219565332,-11.8889017650814,1.35172266656961e-32,2.24788720832839e-30,"HLA-DOA","protein_coding","ENSG00000204252"
"ENSG00000204287.14",75986.7433931612,-1.07796791808941,0.0894347181040284,-12.0531259106283,1.86731547228358e-33,3.48328527554051e-31,"HLA-DRA","protein_coding","ENSG00000204287"
"ENSG00000204305.14",3659.20883628721,-1.37710199697483,0.170876291459705,-8.05905831178209,7.68844187301834e-16,1.69141569779906e-14,"AGER","protein_coding","ENSG00000204305"
"ENSG00000204347.4",2.38379836394383,1.89886577438949,0.276956105612282,6.85619755589634,7.07175659017749e-12,8.73634259410556e-11,"BTBD17","protein_coding","ENSG00000204347"
"ENSG00000204380.4",64.4709248142544,1.10016419464192,0.139783262002927,7.87050022211447,3.5322604005781e-15,7.09639474855787e-14,"PKP4-AS1","lncRNA","ENSG00000204380"
"ENSG00000204455.7",12.0144837446782,-1.62981250805398,0.252942555763937,-6.44340966324001,1.16818814270847e-10,1.19286941098674e-09,"TRIM51BP","unprocessed_pseudogene","ENSG00000204455"
"ENSG00000204460.3",0.672889531996312,2.20146288689476,0.554806530159868,3.96798301249339,7.24834992474389e-05,0.000263772348145624,"LINC01854","lncRNA","ENSG00000204460"
"ENSG00000204482.11",879.09049526539,-1.09111175019816,0.090968826481764,-11.994347870552,3.80401321873314e-33,6.82761720576406e-31,"LST1","protein_coding","ENSG00000204482"
"ENSG00000204529.4",38.4371189812468,4.28718764143757,0.255917601397097,16.752218753353,5.45531350262033e-63,6.00718481181784e-60,"GUCY2EP","transcribed_unprocessed_pseudogene","ENSG00000204529"
"ENSG00000204544.5",4838.27911279676,-1.00205803697735,0.205153952002366,-4.88441985736541,1.03733823657498e-06,5.42197200420452e-06,"MUC21","protein_coding","ENSG00000204544"
"ENSG00000204603.7",45.9804292750761,1.99676114788862,0.23795954975149,8.39117887882168,4.8129137806636e-17,1.25059021789271e-15,"LINC01257","lncRNA","ENSG00000204603"
"ENSG00000204610.13",88.2265500693752,1.3355071790458,0.256459278774794,5.20748239418763,1.91419993374602e-07,1.13029344783498e-06,"TRIM15","protein_coding","ENSG00000204610"
"ENSG00000204614.9",5.58341710815595,1.85705122250406,0.286568071940522,6.48031446744525,9.15316445384525e-11,9.5134535546688e-10,"TRIM40","protein_coding","ENSG00000204614"
"ENSG00000204616.11",473.501331834823,1.72231559433017,0.17326554906483,9.94032341470109,2.77923337742037e-23,1.62459548775091e-21,"TRIM31","protein_coding","ENSG00000204616"
"ENSG00000204687.4",2.12555495797119,-1.95251776510707,0.220617587218304,-8.85023623785275,8.73342324515235e-19,2.86263767721032e-17,"MAS1L","protein_coding","ENSG00000204687"
"ENSG00000204701.2",0.643774928878352,1.01770016391001,0.363220261105808,2.8018815933111,0.00508055168591395,0.0120994223368712,"OR2J3","protein_coding","ENSG00000204701"
"ENSG00000204710.2",15.58367461109,2.53965988659319,0.26051187903907,9.74872967774458,1.86790935319162e-22,9.81990074543047e-21,"SPDYC","protein_coding","ENSG00000204710"
"ENSG00000204832.10",74.5067067654519,1.56348775224546,0.272303843835752,5.7417028354125,9.37291991096818e-09,6.96227668063038e-08,"ST8SIA6-AS1","lncRNA","ENSG00000204832"
"ENSG00000204866.8",134.112861870795,-1.04254773253444,0.165413063661041,-6.30269284335844,2.92518235358408e-10,2.80491185295543e-09,"IGFL2","protein_coding","ENSG00000204866"
"ENSG00000204933.3",3.70056921002108,1.43067341344968,0.32497282042498,4.40244021508855,1.07040091172442e-05,4.59647389822807e-05,"CD177P1","unprocessed_pseudogene","ENSG00000204933"
"ENSG00000204936.10",194.5829259156,1.98791083060102,0.195104287548085,10.1889653763303,2.22115420177694e-24,1.4908811473311e-22,"CD177","protein_coding","ENSG00000204936"
"ENSG00000204941.14",1.66323673453363,1.18219885330158,0.369442606384862,3.1999526661796,0.00137450158893087,0.0037660604060397,"PSG5","protein_coding","ENSG00000204941"
"ENSG00000205076.4",7.00696643415587,1.48310471453639,0.27984754217728,5.29968819092526,1.16000615396207e-07,7.10815622362409e-07,"LGALS7","protein_coding","ENSG00000205076"
"ENSG00000205274.3",0.501039938189244,1.38736021951387,0.395293551519426,3.5096960579831,0.000448619185584898,0.00137594786798295,"TRBV20OR9-2","TR_V_gene","ENSG00000205274"
"ENSG00000205325.3",1.3374195571869,1.15079717381193,0.343556086876903,3.34966317806578,0.000809098823377074,0.00234577053731247,"AC005863.1","lncRNA","ENSG00000205325"
"ENSG00000205420.11",3923.85866101721,2.06823535986174,0.262835111865822,7.86894621947459,3.5764086527631e-15,7.18154843467358e-14,"KRT6A","protein_coding","ENSG00000205420"
"ENSG00000205426.10",296.13141681894,1.13258297306848,0.206034558499201,5.49705341336157,3.86189754070814e-08,2.56764509629686e-07,"KRT81","protein_coding","ENSG00000205426"
"ENSG00000205634.7",5.11741288251197,1.67521057231332,0.337489896072778,4.96373548306783,6.9150108009672e-07,3.72275746648793e-06,"LINC00898","lncRNA","ENSG00000205634"
"ENSG00000205696.4",2.48822703792928,2.12385803389034,0.365350830793401,5.81320159934532,6.12891759494594e-09,4.6999903928267e-08,"ADARB2-AS1","lncRNA","ENSG00000205696"
"ENSG00000205777.18",1.30420792821145,2.2589951013235,0.699860468026283,3.22777925676274,0.00124755204338886,0.00345376183351174,"GAGE1","protein_coding","ENSG00000205777"
"ENSG00000205786.8",1.67803412555906,1.2893777597672,0.206883180296117,6.23239529632947,4.59356558735416e-10,4.24485467737742e-09,"LINC01531","lncRNA","ENSG00000205786"
"ENSG00000205795.4",331.019584117856,-1.61455700973052,0.137967209945137,-11.7024690893768,1.23798116917269e-31,1.76979181668781e-29,"CYS1","protein_coding","ENSG00000205795"
"ENSG00000205835.9",11.2724538962804,2.12602401932622,0.281475566602458,7.5531387856798,4.24891801516309e-14,7.34777872206239e-13,"GMNC","protein_coding","ENSG00000205835"
"ENSG00000206014.7",1.24086154663989,1.89095858614275,0.26963285888004,7.01308658743273,2.33117076487869e-12,3.10794798669674e-11,"OR7E161P","transcribed_unprocessed_pseudogene","ENSG00000206014"
"ENSG00000206026.7",0.67847913969331,-1.44756994762059,0.472624245455081,-3.06283471815279,0.00219251121494101,0.00571964940647597,"SMIM21","protein_coding","ENSG00000206026"
"ENSG00000206043.7",5.8628132671525,-1.33847128362359,0.229880182919991,-5.82247354522701,5.79829801746123e-09,4.46156857649524e-08,"C18orf63","protein_coding","ENSG00000206043"
"ENSG00000206073.11",95.2794185609269,1.63795708724269,0.297436543590921,5.50691272655268,3.65181182757368e-08,2.43951089179922e-07,"SERPINB4","protein_coding","ENSG00000206073"
"ENSG00000206075.14",850.152957247954,1.7060953186813,0.237800159194023,7.17449191145952,7.25762128772386e-13,1.0448666576881e-11,"SERPINB5","protein_coding","ENSG00000206075"
"ENSG00000206159.11",36.3069408775563,1.10866009356136,0.343519866489878,3.22735364591796,0.00124940937629712,0.0034577289918811,"GYG2P1","transcribed_unprocessed_pseudogene","ENSG00000206159"
"ENSG00000206181.6",1.33261069646902,1.26853711435684,0.210265640861937,6.03302141594202,1.60922079174911e-09,1.36054124752509e-08,"ELOA2","protein_coding","ENSG00000206181"
"ENSG00000206187.4",1.48524762448118,-1.23549150643067,0.230589978875346,-5.35795836599893,8.41676286646822e-08,5.29449080544256e-07,"LINC02346","lncRNA","ENSG00000206187"
"ENSG00000206190.12",1360.6128165767,-1.04753647048989,0.0948687116379483,-11.0419594869977,2.39747007881436e-28,2.46045650934845e-26,"ATP10A","protein_coding","ENSG00000206190"
"ENSG00000206384.10",361.75689747957,-1.02265125880573,0.138490898130419,-7.38424887563861,1.53316430463454e-13,2.44867554934241e-12,"COL6A6","protein_coding","ENSG00000206384"
"ENSG00000206633.1",5.72544820423914,1.73829327324014,0.207620425154079,8.37245792146952,5.64286763765258e-17,1.45510984911949e-15,"SNORA80B","snoRNA","ENSG00000206633"
"ENSG00000206640.1",0.321148144805153,1.01037719236467,0.35226875745071,2.86819983604718,0.00412814701113827,0.0100642109666591,"Y_RNA","misc_RNA","ENSG00000206640"
"ENSG00000207258.1",1.32484784017056,-1.06228885592842,0.272863224665327,-3.8931184560739,9.89637982445607e-05,0.00035085990531484,"Y_RNA","misc_RNA","ENSG00000207258"
"ENSG00000207296.1",10.0142945921946,1.01048428974232,0.382831267343929,2.6395030289794,0.00830276812862288,0.0186956826497448,"RNU6-140P","snRNA","ENSG00000207296"
"ENSG00000207507.1",0.417817174603179,1.1254741808332,0.284838710750878,3.95126834364007,7.77380985083846e-05,0.000281511274333581,"RNU6-9","snRNA","ENSG00000207507"
"ENSG00000207725.3",0.977331106031113,-1.17149845126518,0.206880502786679,-5.66268176790515,1.49025380920742e-08,1.06859223774266e-07,"MIR222","miRNA","ENSG00000207725"
"ENSG00000207870.1",5.54846140694592,-1.00008364596411,0.14245446271392,-7.0203742789898,2.21274688960161e-12,2.96266666194671e-11,"MIR221","miRNA","ENSG00000207870"
"ENSG00000207951.1",1.00181038555527,1.42274405296808,0.285510983391094,4.98314998627986,6.25574217111922e-07,3.39068382703087e-06,"MIR561","miRNA","ENSG00000207951"
"ENSG00000208037.1",0.667675781644343,1.02763628946388,0.226550102281995,4.53602218278739,5.73251533128437e-06,2.59107912294785e-05,"MIR320A","miRNA","ENSG00000208037"
"ENSG00000210741.1",1.19921097785158,1.37471192210729,0.372172223852655,3.6937520696105,0.000220969255829843,0.000724583532416524,"MIR196A1","miRNA","ENSG00000210741"
"ENSG00000211452.11",90.3030225022604,-1.34490956674085,0.185285608938882,-7.25857542009367,3.91188254034966e-13,5.87474494439609e-12,"DIO1","protein_coding","ENSG00000211452"
"ENSG00000211454.15",77.6685811664667,1.12375699005513,0.156087416814492,7.19953608682432,6.04177652627018e-13,8.81031141767451e-12,"AKR7L","polymorphic_pseudogene","ENSG00000211454"
"ENSG00000211784.2",4.64503925357252,-1.00540390149063,0.139391761079676,-7.21279287744951,5.48157622198326e-13,8.04840401111076e-12,"TRAV10","TR_V_gene","ENSG00000211784"
"ENSG00000212391.1",2.7070105380386,-1.00052453089716,0.165273707111312,-6.05374289948796,1.41518415731429e-09,1.20852752298168e-08,"AC073149.1","snoRNA","ENSG00000212391"
"ENSG00000212479.2",0.968344429902465,1.35240078476385,0.334797982429325,4.03945320981538,5.35759541854423e-05,0.000200316151360693,"U3","snoRNA","ENSG00000212479"
"ENSG00000212724.3",4.5879593105047,-1.14224019817998,0.274272950365341,-4.1646111899058,3.11883604711674e-05,0.000122103838263287,"KRTAP2-3","protein_coding","ENSG00000212724"
"ENSG00000212766.9",9.77886482343894,1.02001352297174,0.139972729966506,7.28723032847767,3.16391748162609e-13,4.8171707755565e-12,"EWSAT1","lncRNA","ENSG00000212766"
"ENSG00000212900.3",0.609457722003362,1.34355080250975,0.387750159205403,3.4649909757949,0.000530249271856943,0.00159839790494728,"KRTAP3-2","protein_coding","ENSG00000212900"
"ENSG00000213070.3",5.68466064366069,1.08541905794479,0.142270058812464,7.62928663279428,2.360562681224e-14,4.22753429982899e-13,"HMGB3P6","processed_pseudogene","ENSG00000213070"
"ENSG00000213115.2",0.391438925076957,1.62762015069823,0.456864533036386,3.5625881043574,0.000367216607802797,0.00114673919304893,"AC104131.1","processed_pseudogene","ENSG00000213115"
"ENSG00000213130.3",4.59538327424404,-1.54985695801824,0.326423486505425,-4.74799462076233,2.0544349916624e-06,1.01397752713872e-05,"EEF1DP5","processed_pseudogene","ENSG00000213130"
"ENSG00000213140.3",1.11577886784203,1.08529409319756,0.292928746055576,3.70497640744226,0.000211410409222224,0.000695871247611978,"ELK2AP","processed_pseudogene","ENSG00000213140"
"ENSG00000213190.4",437.032861921994,1.54549369383803,0.146221589608035,10.5695314760352,4.12550495448913e-26,3.25746992947191e-24,"MLLT11","protein_coding","ENSG00000213190"
"ENSG00000213218.11",0.559345135885997,1.1154579479684,0.474578016121325,2.35042060541471,0.0187522077112779,0.0381533682287438,"CSH2","protein_coding","ENSG00000213218"
"ENSG00000213226.4",0.593883760630632,1.19018221468104,0.241968344202293,4.91875174252552,8.70978497804662e-07,4.61220131739737e-06,"AC242426.1","processed_pseudogene","ENSG00000213226"
"ENSG00000213232.2",2.05222872377617,2.42271663952686,0.667453576165209,3.62979048437548,0.000283651360835882,0.000909340419744776,"PPP1R2P10","processed_pseudogene","ENSG00000213232"
"ENSG00000213401.10",259.356834919265,1.40400646365985,0.421258269190685,3.33288760445511,0.000859496564798291,0.0024751532753447,"MAGEA12","protein_coding","ENSG00000213401"
"ENSG00000213468.7",120.696764368298,1.19774517131813,0.151987029074793,7.88057493201423,3.25878125805975e-15,6.56964496769562e-14,"FIRRE","lncRNA","ENSG00000213468"
"ENSG00000213606.3",10.4588470034147,4.34385758688872,0.364365774974543,11.9216948605895,9.12334399581518e-33,1.55528202686819e-30,"AKR1B10P1","processed_pseudogene","ENSG00000213606"
"ENSG00000213642.3",4.50077925332907,1.24376518314232,0.280715878176295,4.43069053030628,9.393181137048e-06,4.08133069283083e-05,"AC016769.1","processed_pseudogene","ENSG00000213642"
"ENSG00000213892.12",5.28251042148322,1.43270115901633,0.204287887838161,7.01314783846284,2.33015000366396e-12,3.10760398033652e-11,"CEACAM16","protein_coding","ENSG00000213892"
"ENSG00000213900.2",0.899457262470791,-1.11240945525375,0.21496788956274,-5.17477032275131,2.28191509676223e-07,1.33350640831015e-06,"RPS17P1","processed_pseudogene","ENSG00000213900"
"ENSG00000214003.2",1.72428634897696,1.9881297910584,0.309733747926958,6.41883490050701,1.37321234305998e-10,1.38899678483845e-09,"ATP5PBP3","processed_pseudogene","ENSG00000214003"
"ENSG00000214039.9",186.716526188794,3.93997202529305,0.376647657427132,10.460630638743,1.30980961249906e-25,9.88251352630542e-24,"LINC02418","lncRNA","ENSG00000214039"
"ENSG00000214145.7",24.7729953912961,1.68571596100248,0.160282742046188,10.5171395215882,7.20271442754065e-26,5.54296082863038e-24,"LINC00887","lncRNA","ENSG00000214145"
"ENSG00000214188.9",1.45160974400335,1.18769263791327,0.196987880837274,6.02926755120732,1.64704424129494e-09,1.38791155166659e-08,"ST7-OT4","lncRNA","ENSG00000214188"
"ENSG00000214288.4",0.609965779092111,1.89358334670714,0.399274947773711,4.74255486667881,2.11039646026979e-06,1.03870358759087e-05,"HMGB3P13","processed_pseudogene","ENSG00000214288"
"ENSG00000214318.3",0.992260018948177,2.339795915051,0.314342680573872,7.44345601042599,9.80847739352796e-14,1.61661324613475e-12,"ATP5MC1P6","processed_pseudogene","ENSG00000214318"
"ENSG00000214336.5",154.795008319285,1.89570153297106,0.256121973608012,7.40155757144202,1.34596300318605e-13,2.16582032538742e-12,"FOXI3","protein_coding","ENSG00000214336"
"ENSG00000214381.6",0.792036344757557,2.6135950351529,0.41075958663929,6.36283393051528,1.98064808378865e-10,1.96058175116134e-09,"LINC00488","lncRNA","ENSG00000214381"
"ENSG00000214429.3",15.8419475724715,1.36719237176217,0.31009137533902,4.40899838077545,1.03849801597694e-05,4.47078662985506e-05,"CYCSP6","processed_pseudogene","ENSG00000214429"
"ENSG00000214510.10",50.1784825988425,-1.40130842900596,0.197833353497582,-7.08327693097052,1.40784935034619e-12,1.94440698580186e-11,"SPINK13","protein_coding","ENSG00000214510"
"ENSG00000214548.18",1155.53535081,-1.69116460522762,0.154458430862463,-10.9489951165794,6.7188841596066e-28,6.51779755511551e-26,"MEG3","lncRNA","ENSG00000214548"
"ENSG00000214584.3",3.96629929947126,1.49620801822219,0.203033261770145,7.36927538462171,1.71557950746746e-13,2.72506260712462e-12,"PGGT1BP2","processed_pseudogene","ENSG00000214584"
"ENSG00000214617.9",4.61044286277824,2.66946664393011,0.398939829915778,6.69140166950408,2.21043010260027e-11,2.52621468920737e-10,"SLC6A10P","transcribed_unprocessed_pseudogene","ENSG00000214617"
"ENSG00000214691.9",13.5001023165888,1.64944049918987,0.192264885590497,8.57900023773972,9.57012787621714e-18,2.75558812763756e-16,"LINC01913","lncRNA","ENSG00000214691"
"ENSG00000214772.2",9.35040154668312,1.01427800424563,0.160978826601009,6.30069199572156,2.96319706656948e-10,2.83498327168024e-09,"AC010168.1","lncRNA","ENSG00000214772"
"ENSG00000214787.10",36.8465830406853,-1.17263842621041,0.104758061213684,-11.1937774775965,4.37393773488429e-29,4.90929325433583e-27,"MS4A4E","protein_coding","ENSG00000214787"
"ENSG00000214797.3",20.1072072439236,-1.64235496862114,0.235786910154885,-6.96542046181571,3.27424368724884e-12,4.2539065864024e-11,"AP002358.1","lncRNA","ENSG00000214797"
"ENSG00000214822.8",37.6902528992296,-1.0473084247866,0.199816337814246,-5.2413553178029,1.59401435199514e-07,9.52970311714421e-07,"KRT16P3","transcribed_unprocessed_pseudogene","ENSG00000214822"
"ENSG00000214856.11",88.3230343832153,-1.18914361553002,0.196724879751004,-6.04470373566946,1.49684796836456e-09,1.2731957573085e-08,"KRT16P1","transcribed_unprocessed_pseudogene","ENSG00000214856"
"ENSG00000214897.5",7.13711478934671,2.87166106009609,0.362200834268804,7.92836677445339,2.22046693632791e-15,4.58300326174307e-14,"PNMA6E","protein_coding","ENSG00000214897"
"ENSG00000214943.5",2.08745317423339,-1.0181294698087,0.200041388104823,-5.08959410577172,3.58830750894285e-07,2.03053351162304e-06,"GPR33","protein_coding","ENSG00000214943"
"ENSG00000215023.2",2.45394744703489,1.32293369215595,0.230032390929609,5.75107569333908,8.86773983041412e-09,6.62203672856603e-08,"AC131097.1","lncRNA","ENSG00000215023"
"ENSG00000215182.8",8157.73565329203,1.81102068124884,0.290656038105935,6.23080357473523,4.64048652477965e-10,4.28141626990709e-09,"MUC5AC","protein_coding","ENSG00000215182"
"ENSG00000215196.5",15.0606556167608,1.79124773831533,0.155882534859245,11.4910098166722,1.4639059721927e-30,1.90555658226988e-28,"BASP1-AS1","lncRNA","ENSG00000215196"
"ENSG00000215262.8",31.2727719177099,2.57874020234375,0.399043845860191,6.46229788805523,1.03124834687462e-10,1.06262396046315e-09,"KCNU1","protein_coding","ENSG00000215262"
"ENSG00000215267.8",18.9082773776359,2.03842853295363,0.154313104396161,13.2096916909951,7.71397319232274e-40,2.53460007882908e-37,"AKR1C7P","transcribed_unprocessed_pseudogene","ENSG00000215267"
"ENSG00000215369.3",0.857462328280111,1.30589662455522,0.310671937486146,4.20345859082769,2.62867259284423e-05,0.000104396147236819,"RPL37P3","processed_pseudogene","ENSG00000215369"
"ENSG00000215397.4",0.616797683808435,1.89626898343963,0.416275784408081,4.55531898435075,5.23061422920019e-06,2.38245853035555e-05,"SCRT2","protein_coding","ENSG00000215397"
"ENSG00000215474.8",3.31282842849234,-1.96352425675975,0.477459956206508,-4.11243755886933,3.915033790516e-05,0.000150311177654536,"SKOR2","protein_coding","ENSG00000215474"
"ENSG00000215481.9",13.0113119111145,-1.10277986248933,0.146214873665763,-7.54218661098872,4.62155756058677e-14,7.94498395320619e-13,"BCRP3","lncRNA","ENSG00000215481"
"ENSG00000215512.9",0.758818688734078,1.14669659275732,0.375840909181686,3.05101590791171,0.00228068490849012,0.00592614446598298,"AP005901.1","transcribed_unprocessed_pseudogene","ENSG00000215512"
"ENSG00000215568.9",2.42082886128103,2.40504698577542,0.498559994060606,4.82398711173575,1.40716514133898e-06,7.17728209233528e-06,"GAB4","protein_coding","ENSG00000215568"
"ENSG00000215612.8",1.02009630243887,1.47338166235918,0.431507482760685,3.41449852255824,0.000638995400983285,0.00189287404553308,"HMX1","protein_coding","ENSG00000215612"
"ENSG00000215765.3",0.411409293792361,1.78838554145145,0.620079819670648,2.88412150294028,0.00392507279305738,0.00962441266294757,"AC245128.1","lncRNA","ENSG00000215765"
"ENSG00000215784.6",33.2421746187322,1.01238331034304,0.113897816363387,8.8885225605473,6.19268131951162e-19,2.07832302307135e-17,"FAM72D","protein_coding","ENSG00000215784"
"ENSG00000215834.10",4.8392019624067,1.8327664122131,0.298645703430472,6.13692543090542,8.41338527789933e-10,7.45188166037940e-09,"FMO9P","transcribed_unprocessed_pseudogene","ENSG00000215834"
"ENSG00000215853.3",2.39959879001195,1.94190964965405,0.372790705027632,5.20911498989792,1.89743497740801e-07,1.12104398614464e-06,"RPTN","protein_coding","ENSG00000215853"
"ENSG00000215869.4",10.6066059379213,1.24956569860376,0.212770968685155,5.87282046195311,4.28442405938122e-09,3.3705404412313e-08,"AC092506.1","transcribed_processed_pseudogene","ENSG00000215869"
"ENSG00000215878.3",0.844563870456606,1.382538152214,0.213170941275066,6.48558449826437,8.83884452125845e-11,9.20319556170798e-10,"MARCKSL1P2","processed_pseudogene","ENSG00000215878"
"ENSG00000216359.1",0.569008404055072,1.25316545646747,0.238273907976868,5.25934823123449,1.44566889361639e-07,8.70670919920361e-07,"AL139039.1","processed_pseudogene","ENSG00000216359"
"ENSG00000216613.2",0.719572429918452,1.00841574971681,0.219870014844557,4.58641779976109,4.50915817623068e-06,2.08319119598783e-05,"AL023284.2","processed_pseudogene","ENSG00000216613"
"ENSG00000216921.9",5.05741065329393,1.02830086768255,0.160349529624002,6.41287112031935,1.42804240999344e-10,1.44195122454431e-09,"FAM240C","protein_coding","ENSG00000216921"
"ENSG00000217236.2",8.0218049097861,2.74134003569208,0.387508661551336,7.07426777176415,1.50239933055084e-12,2.06588781385869e-11,"SP9","protein_coding","ENSG00000217236"
"ENSG00000217275.2",17.6886333557387,1.12047610793243,0.158078222451883,7.08811176234908,1.3595416123106e-12,1.88151507847727e-11,"AL031777.1","processed_pseudogene","ENSG00000217275"
"ENSG00000217455.8",2.54348657209247,1.2399425738498,0.300934578088228,4.12030608688071,3.783694003458e-05,0.000145611641430896,"AC073316.1","lncRNA","ENSG00000217455"
"ENSG00000217646.1",2.72364176492818,1.24871266317454,0.218067319062299,5.72627144931241,1.02661908866422e-08,7.57470871594467e-08,"H2BC16P","processed_pseudogene","ENSG00000217646"
"ENSG00000218048.2",275.011131381123,1.15892014707402,0.185978793466676,6.23146395065566,4.62096338825618e-10,4.26823648441899e-09,"AL121949.1","unprocessed_pseudogene","ENSG00000218048"
"ENSG00000218186.2",3.70161369938631,1.26011881616677,0.159324515186951,7.90913322214194,2.59187132854762e-15,5.29857569187233e-14,"KRT8P43","processed_pseudogene","ENSG00000218186"
"ENSG00000218274.2",57.3996708659473,1.22401038769542,0.211650840632305,5.7831586401391,7.33108673644586e-09,5.54980429028268e-08,"AL121949.2","unprocessed_pseudogene","ENSG00000218274"
"ENSG00000218281.1",3.96624374963849,1.11105464538809,0.222353404910842,4.99679618503523,5.82906186432248e-07,3.17802044076128e-06,"H2AC9P","unprocessed_pseudogene","ENSG00000218281"
"ENSG00000218313.1",0.503307351805801,1.15824019874582,0.34436512955771,3.36340732359697,0.000769866803839734,0.00224480664058128,"AL139274.1","processed_pseudogene","ENSG00000218313"
"ENSG00000218617.1",30.990774310714,1.24002146472072,0.201991108065307,6.13899035753497,8.3047607505142e-10,7.36527791158468e-09,"AL121949.3","processed_pseudogene","ENSG00000218617"
"ENSG00000219159.4",21.0420760925964,2.18275313881479,0.280224037457379,7.78931443076785,6.73737529825168e-15,1.30528236698368e-13,"AC011298.1","lncRNA","ENSG00000219159"
"ENSG00000219240.2",0.286538751298127,1.48388616966112,0.636568509562286,2.33107065048106,0.019749634593124,0.0399084343123391,"AL353692.1","processed_pseudogene","ENSG00000219240"
"ENSG00000219375.1",0.58002713135305,1.47956563526767,0.300678497159998,4.92075638678066,8.62103840878084e-07,4.56995794807387e-06,"AL139095.1","processed_pseudogene","ENSG00000219375"
"ENSG00000219430.2",8.48184351919716,-1.4571231390918,0.2008555626865,-7.25458194735742,4.02904286560332e-13,6.03512108357632e-12,"MBL3P","unprocessed_pseudogene","ENSG00000219430"
"ENSG00000219491.7",4.23466515249272,2.21194563169667,0.284691626700881,7.76961956110042,7.872220586365e-15,1.51148861145273e-13,"TPT1P8","transcribed_processed_pseudogene","ENSG00000219491"
"ENSG00000219653.1",2.62849846589076,1.42810956565404,0.255546905614526,5.58844397751479,2.2911326561097e-08,1.58835490569811e-07,"GCNT1P4","processed_pseudogene","ENSG00000219653"
"ENSG00000219926.11",1.64619885093059,1.9335481857888,0.345707485278532,5.59301799390014,2.23156153168352e-08,1.55180937848407e-07,"OR7E104P","transcribed_unprocessed_pseudogene","ENSG00000219926"
"ENSG00000220154.2",29.6130509037565,1.00373813163711,0.198098385272768,5.06686680083249,4.04417059759895e-07,2.26770771618462e-06,"AL355796.1","processed_pseudogene","ENSG00000220154"
"ENSG00000220377.1",1.1549226636367,1.26848482318989,0.264361828697847,4.79829039403304,1.60025654467189e-06,8.06821586431963e-06,"GSTA8P","unprocessed_pseudogene","ENSG00000220377"
"ENSG00000220702.1",3.32458792840346,1.10464053744802,0.225541413251,4.89772818891887,9.69510169311802e-07,5.09292842035466e-06,"Z85994.1","lncRNA","ENSG00000220702"
"ENSG00000220891.1",3.10583518493023,1.22663987158421,0.229248331659458,5.35070359162462,8.76129237369582e-08,5.49171284894598e-07,"LL22NC03-63E9.3","lncRNA","ENSG00000220891"
"ENSG00000221102.1",0.454921460203884,1.06684612690145,0.307524119914366,3.46914618339052,0.000522115278614658,0.00157632773594642,"SNORA11B","snoRNA","ENSG00000221102"
"ENSG00000221826.10",6.50642904370874,1.824163773131,0.442068480246971,4.1264280414471,3.68441217605511e-05,0.000142059246038624,"PSG3","protein_coding","ENSG00000221826"
"ENSG00000221867.9",498.927615098388,1.51092313376386,0.426129379283017,3.54569106759563,0.000391584989628558,0.00121510641526552,"MAGEA3","protein_coding","ENSG00000221867"
"ENSG00000221926.13",917.582437829565,1.42245118132259,0.0800134484903534,17.7776512343932,1.05299856520409e-70,1.47939036352104e-67,"TRIM16","protein_coding","ENSG00000221926"
"ENSG00000221986.7",207.727715724802,-1.50755243418256,0.190652418750643,-7.90733442597606,2.62958527187057e-15,5.36759482624363e-14,"MYBPHL","protein_coding","ENSG00000221986"
"ENSG00000222046.2",33.6914562263826,-1.02167461335392,0.145319842985153,-7.03052379060373,2.05759635633348e-12,2.76675407082822e-11,"DCDC2B","protein_coding","ENSG00000222046"
"ENSG00000222123.1",0.414677427363871,-1.07593225772956,0.277779332047368,-3.87333445508498,0.000107356338571221,0.000377558852171538,"RNA5SP390","rRNA_pseudogene","ENSG00000222123"
"ENSG00000222317.1",2.08735276559728,1.37590068837309,0.191200316266495,7.19612140418933,6.19494749988243e-13,9.01237248835443e-12,"RNA5SP118","rRNA_pseudogene","ENSG00000222317"
"ENSG00000222713.1",13.0946547016728,-1.74438651966096,0.163052797801303,-10.6982924744823,1.03670965422073e-26,8.76320776803223e-25,"RN7SKP51","misc_RNA","ENSG00000222713"
"ENSG00000222724.1",0.663531485387654,1.49470956250573,0.299272434817672,4.99447790243816,5.89951456542161e-07,3.21385107553112e-06,"RNU2-63P","snRNA","ENSG00000222724"
"ENSG00000223318.1",2.51720432029678,1.39576453215889,0.246066288968664,5.67231105897908,1.40883865465994e-08,1.01503648641574e-07,"RNA5SP111","rRNA_pseudogene","ENSG00000223318"
"ENSG00000223349.1",0.319873875446186,1.34116822146195,0.461978927165884,2.90309393480272,0.00369495791422487,0.00911778028582544,"KLF2P3","processed_pseudogene","ENSG00000223349"
"ENSG00000223403.6",11.0936433970174,-1.82456276839413,0.191742740649548,-9.51568107461715,1.80526432106984e-21,8.3581686628805e-20,"MEG9","lncRNA","ENSG00000223403"
"ENSG00000223486.1",16.7273758796779,2.60012076034822,0.206914199737585,12.5661784625984,3.24010895203613e-36,7.5006681268641e-34,"AC092198.1","lncRNA","ENSG00000223486"
"ENSG00000223534.1",69.7640454225405,-1.15159170940073,0.118111288828368,-9.75005624630982,1.84366092963e-22,9.70494538190119e-21,"HLA-DQB1-AS1","lncRNA","ENSG00000223534"
"ENSG00000223542.1",3.28985940581512,2.62721314920637,0.307524060591985,8.54311413600932,1.30652240020691e-17,3.67875896002974e-16,"AL024497.1","lncRNA","ENSG00000223542"
"ENSG00000223564.1",4.59324910906545,-1.28119446135585,0.240373628335572,-5.33001257345604,9.82059673356451e-08,6.09568209499724e-07,"CYP4F32P","unprocessed_pseudogene","ENSG00000223564"
"ENSG00000223572.10",135.279386182835,1.27244628268643,0.155180385252663,8.19978814084426,2.40811048672432e-16,5.71424843101974e-15,"CKMT1A","protein_coding","ENSG00000223572"
"ENSG00000223573.7",156.505349969665,1.13051044880342,0.161996098435073,6.97862763192735,2.98077352524683e-12,3.89998894473769e-11,"TINCR","protein_coding","ENSG00000223573"
"ENSG00000223586.6",2.70101923959868,2.98014384414805,0.326660870536411,9.1230511914523,7.30384520182729e-20,2.72509674961584e-18,"LINC01312","lncRNA","ENSG00000223586"
"ENSG00000223608.1",0.622198357230015,1.83638687596173,0.699876122125232,2.62387416559574,0.00869358974035252,0.0194627686571341,"DSCR4-IT1","lncRNA","ENSG00000223608"
"ENSG00000223622.2",0.310880491662819,1.2119841516479,0.409523150295184,2.95950094829634,0.00308137753554348,0.00774154066292459,"GSTA6P","unprocessed_pseudogene","ENSG00000223622"
"ENSG00000223629.1",1.99160870022496,3.74389328403206,0.629773558882106,5.94482450275896,2.76753200117454e-09,2.24571910623092e-08,"DEFA8P","unprocessed_pseudogene","ENSG00000223629"
"ENSG00000223635.2",1.20513611658989,1.03940798223182,0.175444497878309,5.92442621342717,3.13389683235901e-09,2.52191109304371e-08,"AL121990.1","lncRNA","ENSG00000223635"
"ENSG00000223669.1",0.807627669966004,2.05703194006107,0.397067466172353,5.18056027075304,2.21220433580524e-07,1.29536995190734e-06,"AL357033.2","lncRNA","ENSG00000223669"
"ENSG00000223675.1",0.710705889490955,1.61015274928076,0.271082004627305,5.9397256984818,2.85499370454129e-09,2.30749868089914e-08,"AC093117.1","lncRNA","ENSG00000223675"
"ENSG00000223760.4",2.06718724689193,1.78096697869644,0.4891617491434,3.64085495608599,0.000271734195522153,0.000875406525512696,"MED15P9","transcribed_unprocessed_pseudogene","ENSG00000223760"
"ENSG00000223783.1",38.6903473629979,1.05903842471111,0.182821034145554,5.79276027871033,6.92389028874788e-09,5.27684365945482e-08,"LINC01983","lncRNA","ENSG00000223783"
"ENSG00000223784.2",55.3732807613431,1.61356216710823,0.223202632432124,7.22913591800456,4.86076770969413e-13,7.1936890227413e-12,"LINP1","lncRNA","ENSG00000223784"
"ENSG00000223812.8",9.08623534860726,1.53115789030695,0.439112680363228,3.48693617556295,0.00048858794317314,0.00148511926057171,"AC073365.1","lncRNA","ENSG00000223812"
"ENSG00000223813.3",21.7466299089274,1.03542637253895,0.172239934769334,6.01153486225833,1.83774979639527e-09,1.5324486278046e-08,"AC007255.1","lncRNA","ENSG00000223813"
"ENSG00000223863.1",0.375799522381458,1.00076075712245,0.436774947920547,2.29125036105436,0.0219489377577399,0.0437700343137192,"LINC01805","lncRNA","ENSG00000223863"
"ENSG00000223865.11",17176.6212324057,-1.0850296691152,0.0856459570180821,-12.6687786194756,8.80750525632171e-37,2.16171196782118e-34,"HLA-DPB1","protein_coding","ENSG00000223865"
"ENSG00000223872.2",6.37798888247988,1.15536621450993,0.375120081241852,3.07999030786366,0.00207007331245863,0.00543504298037774,"AC006372.1","lncRNA","ENSG00000223872"
"ENSG00000223914.4",52.8622956533884,-2.2534197327719,0.204812404828764,-11.0023596210196,3.72261356643703e-28,3.74494924783565e-26,"LINC02471","lncRNA","ENSG00000223914"
"ENSG00000223941.5",2.90487344820299,1.59485855624544,0.273804370657999,5.82481043824362,5.71774615538787e-09,4.40291309032258e-08,"LINC01014","lncRNA","ENSG00000223941"
"ENSG00000223942.2",0.404557994055657,1.1587815458562,0.406259701426549,2.85231722907103,0.00434017633294914,0.0105169385234535,"AL590302.1","lncRNA","ENSG00000223942"
"ENSG00000224034.1",14.7520061594997,1.80643886890185,0.160178501599301,11.2776611771584,1.69184219946192e-29,2.00964217879525e-27,"LINC02561","lncRNA","ENSG00000224034"
"ENSG00000224045.1",0.881333999547674,1.01505421220475,0.371912505681228,2.72928228198588,0.00634723457750587,0.0147221402441435,"PAEPP1","transcribed_unprocessed_pseudogene","ENSG00000224045"
"ENSG00000224048.6",0.585038808023658,1.94198627794027,0.381975766961251,5.08405623055474,3.69458482125854e-07,2.08459312245585e-06,"LINC02612","lncRNA","ENSG00000224048"
"ENSG00000224106.1",1.74823086948158,-1.20672892323468,0.216687434457629,-5.56898431261202,2.56228551358865e-08,1.76462472414033e-07,"CYP4F25P","unprocessed_pseudogene","ENSG00000224106"
"ENSG00000224122.2",2.78883223551103,1.46697391077106,0.303585316101277,4.83216358949875,1.35057204396528e-06,6.91807352115631e-06,"POU6F2-AS1","lncRNA","ENSG00000224122"
"ENSG00000224141.6",17.5070808747591,2.18123823791994,0.446732721844824,4.88264712043548,1.04671089871465e-06,5.46465173581893e-06,"MIR548XHG","lncRNA","ENSG00000224141"
"ENSG00000224149.1",0.722273657675733,1.84979197511194,0.487088737149318,3.79764883486698,0.00014607506847606,0.000498996940967563,"AC099786.2","lncRNA","ENSG00000224149"
"ENSG00000224153.3",1.43923551290676,1.10300296403199,0.217053440355997,5.08171150027808,3.74049221406967e-07,2.10815983231208e-06,"LINC02054","lncRNA","ENSG00000224153"
"ENSG00000224177.8",6.82157369425147,1.76274893521809,0.199728030431431,8.82574634822361,1.08732216375757e-18,3.52994158708963e-17,"LINC00570","lncRNA","ENSG00000224177"
"ENSG00000224185.1",0.593472334204288,-1.12475008780874,0.275583763793485,-4.08133655018806,4.47774618081228e-05,0.00016997746449719,"SNX18P9","processed_pseudogene","ENSG00000224185"
"ENSG00000224189.8",2283.17250458658,-1.2678910883138,0.128139855545065,-9.89458808830875,4.39415598931342e-23,2.5144817060758e-21,"HAGLR","lncRNA","ENSG00000224189"
"ENSG00000224215.1",3.32370833888521,-1.05573144672523,0.203712642310869,-5.18245423921295,2.18985103970056e-07,1.28338752748159e-06,"AL606469.1","lncRNA","ENSG00000224215"
"ENSG00000224238.2",16.4526352572093,1.23036773848347,0.182412181791628,6.74498669112424,1.53041051830578e-11,1.78735932785118e-10,"WARS2-IT1","lncRNA","ENSG00000224238"
"ENSG00000224243.2",1.06212269773482,1.24666769956187,0.413113827076252,3.01773413972842,0.00254672220911099,0.00652380402174216,"SOX1-OT","lncRNA","ENSG00000224243"
"ENSG00000224251.6",45.6971817017195,3.596280492102,0.198027669275236,18.1604949715566,1.06064110449146e-73,1.72854802081183e-70,"AL391427.1","lncRNA","ENSG00000224251"
"ENSG00000224260.6",0.987631531192222,-1.33283790703764,0.357143448017479,-3.73193996540127,0.000190010791562333,0.000632949855336778,"AL023754.1","lncRNA","ENSG00000224260"
"ENSG00000224269.1",0.991670330662716,1.32112157029247,0.298328870770316,4.42840670056905,9.49317677124896e-06,4.12026107036636e-05,"AP000697.1","lncRNA","ENSG00000224269"
"ENSG00000224271.7",46.2446175295233,1.51760900864961,0.232593429503839,6.52472863006891,6.81247614347692e-11,7.20936923412156e-10,"AL117329.1","lncRNA","ENSG00000224271"
"ENSG00000224272.2",28.1593667360202,1.60289626292465,0.16782138112953,9.55120409649998,1.28197517657943e-21,6.03568248447906e-20,"AC131097.2","lncRNA","ENSG00000224272"
"ENSG00000224276.1",13.2255682891439,-1.36101931017605,0.184702904096682,-7.36869469829034,1.72306750035625e-13,2.7348242760816e-12,"ARHGEF2-AS1","lncRNA","ENSG00000224276"
"ENSG00000224309.7",0.875833983122421,2.0284821816882,0.485654633413547,4.17679981230797,2.9563899343449e-05,0.000116255376020668,"ANKRD30BP2","transcribed_unprocessed_pseudogene","ENSG00000224309"
"ENSG00000224371.6",0.408357900200697,1.46172945700771,0.405405876045116,3.60559514150958,0.000311438360495759,0.000987773090586853,"AL391361.2","lncRNA","ENSG00000224371"
"ENSG00000224409.1",6.05350527187255,3.05254193387297,0.207114107509215,14.7384549057681,3.65041140302234e-49,2.32388612177092e-46,"AC114489.1","lncRNA","ENSG00000224409"
"ENSG00000224417.2",16.9574647990646,2.70206582149069,0.284702801575196,9.4908297584034,2.29202456142761e-21,1.04573299783029e-19,"AL606970.1","lncRNA","ENSG00000224417"
"ENSG00000224478.3",5.2737424009784,-1.04292633904322,0.13979139361716,-7.46059047025045,8.61355874440486e-14,1.43008241207533e-12,"AL356417.1","lncRNA","ENSG00000224478"
"ENSG00000224535.2",2.05917868017654,1.27933830792836,0.254751741107877,5.0219021168009,5.11622567251792e-07,2.81765859117866e-06,"LINC02771","lncRNA","ENSG00000224535"
"ENSG00000224568.2",2.99252071750036,4.13501975090878,0.427378804217038,9.67530375888477,3.83949749391032e-22,1.93365446717414e-20,"LINC01886","lncRNA","ENSG00000224568"
"ENSG00000224570.1",1.60367971690585,1.09866284185955,0.269377744426935,4.07852120150761,4.53230697570468e-05,0.000171865948579819,"AC097063.1","processed_pseudogene","ENSG00000224570"
"ENSG00000224593.1",1.17545567841378,1.2132966558799,0.242498874731759,5.00330839564512,5.6354676626033e-07,3.08319939542696e-06,"AC092427.1","transcribed_processed_pseudogene","ENSG00000224593"
"ENSG00000224644.1",1.87340822511949,1.59878689410029,0.196598544316192,8.13224177046263,4.2142324235619e-16,9.66781934871524e-15,"AL135787.1","lncRNA","ENSG00000224644"
"ENSG00000224649.1",1.80978149617779,1.20019090149518,0.221362029548974,5.42184630282157,5.89865900342622e-08,3.80026982568935e-07,"AF124730.1","lncRNA","ENSG00000224649"
"ENSG00000224655.7",1.19414160177743,1.56502158883355,0.217330450160689,7.20111511146463,5.9722100275138e-13,8.71198543326154e-12,"LINC01823","lncRNA","ENSG00000224655"
"ENSG00000224658.1",1.68066666647507,1.87822530757855,0.302666787602693,6.20558774372058,5.44928568049943e-10,4.97914883338391e-09,"AL513164.1","lncRNA","ENSG00000224658"
"ENSG00000224669.1",0.877808342850027,1.17126702210461,0.254891269419822,4.59516336032468,4.32410368769911e-06,2.00565751989896e-05,"AC016769.2","processed_pseudogene","ENSG00000224669"
"ENSG00000224675.1",1.69933942240814,1.0406198597824,0.211640733784252,4.91691670679623,8.7917936316155e-07,4.65139654503195e-06,"AC009227.1","lncRNA","ENSG00000224675"
"ENSG00000224721.1",2.54023713888524,1.00084033619209,0.205477087508091,4.87081235348289,1.11140352614964e-06,5.7779652757324e-06,"AC007182.1","lncRNA","ENSG00000224721"
"ENSG00000224789.1",0.344793233499276,1.31767224303342,0.583993093388892,2.25631477144192,0.0240509249501178,0.0473659529796331,"AC012363.1","lncRNA","ENSG00000224789"
"ENSG00000224796.1",10.8731211369412,-1.18979328570507,0.129368862549099,-9.19690613538105,3.6840403062161e-20,1.43224097515422e-18,"RPL32P1","processed_pseudogene","ENSG00000224796"
"ENSG00000224809.2",1.52384488510295,-1.31400802406404,0.204213277432504,-6.43448869037588,1.23889662161708e-10,1.26064847788573e-09,"BEND3P2","processed_pseudogene","ENSG00000224809"
"ENSG00000224810.1",4.59519518313065,1.34667808863158,0.214771242631863,6.2702905292582,3.60375056495068e-10,3.39204622335603e-09,"AL355482.1","lncRNA","ENSG00000224810"
"ENSG00000224814.1",1.99900973684538,2.85040596366298,0.316371461067521,9.00968106935108,2.06656594919941e-19,7.27727713640722e-18,"AC114812.2","lncRNA","ENSG00000224814"
"ENSG00000224817.2",71.7269710025307,1.82543939891159,0.282498514985129,6.4617663530291,1.03487802622372e-10,1.06609444810197e-09,"AC010789.1","lncRNA","ENSG00000224817"
"ENSG00000224853.3",9.46269209008277,1.9251511054556,0.387403889551824,4.96936442141235,6.71727195861268e-07,3.62204620711694e-06,"LINC00393","lncRNA","ENSG00000224853"
"ENSG00000224854.3",2.87158465679819,1.03058470745435,0.230240960491123,4.47611365612804,7.6014029570057e-06,3.35576942981128e-05,"CDKN2A-DT","lncRNA","ENSG00000224854"
"ENSG00000224875.2",16.2345079763783,-1.01880772668025,0.104320428725272,-9.76613822555582,1.57335231374214e-22,8.36855004161829e-21,"EML4-AS1","lncRNA","ENSG00000224875"
"ENSG00000224893.7",4.39497652817889,2.05597915349073,0.28460328765513,7.22401758050692,5.04737282313592e-13,7.45631294173411e-12,"LINC02840","lncRNA","ENSG00000224893"
"ENSG00000224899.1",7.75624012665779,1.49859207369417,0.291546813338114,5.14014218346546,2.74530648772577e-07,1.58363333186197e-06,"LINC02830","lncRNA","ENSG00000224899"
"ENSG00000224918.1",0.471757042513437,2.10828067187281,0.685105743910434,3.07730695679065,0.00208880083401741,0.00547680110562914,"AC066595.1","lncRNA","ENSG00000224918"
"ENSG00000224928.2",3.35109620560307,1.35728943407261,0.19459520891688,6.97493757234469,3.06006667003427e-12,4.00116483752267e-11,"KRT8P30","processed_pseudogene","ENSG00000224928"
"ENSG00000224961.3",2.23738125113222,1.02188965564791,0.179442112054951,5.69481513534002,1.23505667095471e-08,8.97448081767574e-08,"LINC01752","lncRNA","ENSG00000224961"
"ENSG00000224982.4",147.044585993769,-1.20427341118725,0.13728862384898,-8.77183686036483,1.7577495016318e-18,5.58191644154203e-17,"TMEM233","protein_coding","ENSG00000224982"
"ENSG00000224984.1",2.56834089754831,1.12280629463005,0.298623897751416,3.75993449648397,0.000169957852622159,0.000572138543285517,"AL512363.1","lncRNA","ENSG00000224984"
"ENSG00000224999.1",1.32945748725589,-1.01583324519858,0.198853182755548,-5.10845856788397,3.24797605420626e-07,1.85209640834886e-06,"VTA1P1","processed_pseudogene","ENSG00000224999"
"ENSG00000225072.1",0.490433133614309,1.39056460647551,0.299842870257841,4.63764439447812,3.52402410291228e-06,1.65910924456847e-05,"OR7E116P","unprocessed_pseudogene","ENSG00000225072"
"ENSG00000225087.2",5.5663818125021,1.54598668200127,0.393358285346661,3.93022529228999,8.48663048853212e-05,0.000304831866344233,"AL583808.1","lncRNA","ENSG00000225087"
"ENSG00000225101.6",23.0255918829624,-1.07354328724029,0.112264947920695,-9.56258660538153,1.14849717212079e-21,5.46649769669597e-20,"OR52K3P","transcribed_unprocessed_pseudogene","ENSG00000225101"
"ENSG00000225110.3",1.83302499884989,2.73089261989983,0.444968743393222,6.13726842715898,8.39524663472577e-10,7.43905031836955e-09,"PNMA6F","protein_coding","ENSG00000225110"
"ENSG00000225111.1",12.8628614807893,1.17990340483199,0.124312455899856,9.4914334713369,2.27878709972324e-21,1.04085900004511e-19,"AC083900.1","lncRNA","ENSG00000225111"
"ENSG00000225127.3",1.34215577654271,1.61334472851639,0.288688910855143,5.58852338227126,2.2900854586899e-08,1.58789911237921e-07,"LINC00237","lncRNA","ENSG00000225127"
"ENSG00000225174.2",0.402259895643496,1.43816237287663,0.398418137762945,3.60968097725592,0.000306573819336663,0.000974164492375112,"OSTM1-AS1","lncRNA","ENSG00000225174"
"ENSG00000225181.1",0.614547040077281,-1.08315553783348,0.305208314554438,-3.54890573480848,0.000386835535068794,0.00120210816911814,"AL121584.1","lncRNA","ENSG00000225181"
"ENSG00000225329.3",284.005064275503,-1.53705029832423,0.190474702520035,-8.06957710388104,7.05420743798096e-16,1.55862024753611e-14,"LHFPL3-AS2","lncRNA","ENSG00000225329"
"ENSG00000225334.3",9.09195235427744,-1.73435581125292,0.249167187377588,-6.96061078309111,3.38800614158113e-12,4.38492802498222e-11,"LINC02813","lncRNA","ENSG00000225334"
"ENSG00000225342.2",368.319683922441,-1.92261708397845,0.164965665317009,-11.6546499556973,2.17271431619066e-31,3.01098297226381e-29,"LRRK2-DT","lncRNA","ENSG00000225342"
"ENSG00000225378.1",0.684668573942403,1.10574618992094,0.296810413810551,3.72542922509018,0.000194983156052532,0.000648082780800157,"AC015977.1","lncRNA","ENSG00000225378"
"ENSG00000225398.3",8.04381309332502,-1.66857228879326,0.162911107049485,-10.2422254627882,1.28251795955142e-24,8.82662655844657e-23,"PGM5P4","unprocessed_pseudogene","ENSG00000225398"
"ENSG00000225406.1",1.44096650938095,1.00067904930539,0.217080556961068,4.60971292553325,4.03225370998759e-06,1.87899887113206e-05,"ELF2P4","processed_pseudogene","ENSG00000225406"
"ENSG00000225418.1",1.7221724859871,2.20213590161141,0.269365964813722,8.17525667407269,2.95236686715034e-16,6.9172410653445e-15,"AKR1C5P","unprocessed_pseudogene","ENSG00000225418"
"ENSG00000225457.1",0.716512686133557,1.35027049715692,0.383986405315267,3.51645391208135,0.000437352581252575,0.00134493593614414,"AC073346.1","lncRNA","ENSG00000225457"
"ENSG00000225473.1",77.4273963649147,-2.03626206672332,0.216730821571879,-9.39535065642704,5.70275476824416e-21,2.46653224546255e-19,"ATP13A4-AS1","lncRNA","ENSG00000225473"
"ENSG00000225478.2",0.680567350666612,1.8172959171865,0.540685280751121,3.36109744778314,0.000776334302497372,0.00226123738108739,"AL031737.1","processed_pseudogene","ENSG00000225478"
"ENSG00000225521.1",8.45971834340933,1.12572099662243,0.161625124523137,6.9650124010347,3.28374824058228e-12,4.26425726960233e-11,"SNED1-AS1","lncRNA","ENSG00000225521"
"ENSG00000225548.7",46.4246633923579,1.56966027025575,0.34000884958946,4.61652769376745,3.90213970728267e-06,1.82489529492445e-05,"LINC01980","lncRNA","ENSG00000225548"
"ENSG00000225556.1",98.5059203144271,1.1718382362862,0.102738365111357,11.4060432538133,3.90072575965366e-30,4.95100528428564e-28,"C2CD4D","protein_coding","ENSG00000225556"
"ENSG00000225588.2",0.833777657686838,2.10830470595375,0.52040113322978,4.05130690794026,5.09323482574989e-05,0.000191362658157071,"AC096669.1","lncRNA","ENSG00000225588"
"ENSG00000225655.5",1.49546247295115,-1.44442939544626,0.259206286161382,-5.57250912713962,2.51096332170636e-08,1.73103517117229e-07,"BX255923.1","lncRNA","ENSG00000225655"
"ENSG00000225676.2",13.8534498772062,2.20891676975399,0.262108710647773,8.42748325416158,3.53178803349403e-17,9.36211059522753e-16,"AC002378.1","lncRNA","ENSG00000225676"
"ENSG00000225678.2",3.71613747630659,1.12359532658733,0.261992498166358,4.28865457771191,1.79758676070058e-05,7.39788660517412e-05,"AP000619.1","transcribed_unprocessed_pseudogene","ENSG00000225678"
"ENSG00000225746.13",10.3774162925954,-1.40947008612416,0.175447194168736,-8.03358579088252,9.46644076463381e-16,2.05373373841041e-14,"MEG8","lncRNA","ENSG00000225746"
"ENSG00000225765.2",0.965349715362408,3.18078101148187,0.962579102979331,3.30443596961212,0.000951677121738382,0.00271318878811748,"LINC01831","lncRNA","ENSG00000225765"
"ENSG00000225802.3",4.42283502504387,-1.61495789394647,0.253261428283555,-6.37664371117083,1.81010895283386e-10,1.80316061284376e-09,"WARS1P1","unprocessed_pseudogene","ENSG00000225802"
"ENSG00000225813.1",0.339229897026175,1.08457496957966,0.4562474035316,2.37716414643561,0.0174463224940985,0.0358563114092542,"AC009299.1","processed_pseudogene","ENSG00000225813"
"ENSG00000225882.1",4.02740898139713,1.28759766207988,0.483027102222877,2.66568409133648,0.00768318532614698,0.0174364184115862,"LINC01456","lncRNA","ENSG00000225882"
"ENSG00000225899.8",0.712141776995444,1.34763110801899,0.362967294475239,3.71281690811104,0.000204965167874033,0.000677392588797188,"FRG2B","protein_coding","ENSG00000225899"
"ENSG00000225929.1",3.88631680470579,1.2458425132273,0.266994584130831,4.66617147790842,3.06863639642033e-06,1.46177309364379e-05,"AC000036.1","lncRNA","ENSG00000225929"
"ENSG00000225936.1",2.44903447783365,-1.02860752535004,0.173116666278448,-5.94170132467535,2.82079023949838e-09,2.28362461719121e-08,"AL731557.1","lncRNA","ENSG00000225936"
"ENSG00000225972.1",184.649381616277,1.73643075832962,0.213121243315896,8.14761931430653,3.71158616272308e-16,8.58235840112521e-15,"MTND1P23","unprocessed_pseudogene","ENSG00000225972"
"ENSG00000225976.5",1.66933357973267,1.11694528351102,0.272016152401554,4.1061726432413,4.02268871916058e-05,0.000154052454633668,"CKS1BP2","processed_pseudogene","ENSG00000225976"
"ENSG00000225982.1",4.88311816672815,1.2268899858721,0.200047716918887,6.13298669321765,8.62443644586813e-10,7.62886265987853e-09,"AL355482.2","lncRNA","ENSG00000225982"
"ENSG00000225988.1",0.670930800983637,-1.03910812257363,0.222644320311544,-4.66712162753408,3.05448534174336e-06,1.45571290535326e-05,"LAMP5-AS1","lncRNA","ENSG00000225988"
"ENSG00000226043.2",2.94772782108351,1.25444220376686,0.372361061569306,3.3688866351386,0.000754724633813091,0.00220412484807159,"AP000561.1","lncRNA","ENSG00000226043"
"ENSG00000226057.7",4.72784499252505,1.5191345779623,0.358893340777704,4.23283021822142,2.30768717925573e-05,9.2916393659864e-05,"PHF2P2","transcribed_unprocessed_pseudogene","ENSG00000226057"
"ENSG00000226122.1",0.372482703308818,1.42624306300769,0.524545163157999,2.71900908288061,0.00654778100685468,0.0151379584385338,"DDC-AS1","lncRNA","ENSG00000226122"
"ENSG00000226141.1",2.43247373522401,3.248362966003,0.545335939394923,5.95662733985076,2.57496490362042e-09,2.10286219820018e-08,"AC244107.1","unprocessed_pseudogene","ENSG00000226141"
"ENSG00000226188.2",1.31961906665345,-1.10131151100899,0.231493384869666,-4.75742108842136,1.96081868376097e-06,9.70712462119966e-06,"HNRNPA1P3","processed_pseudogene","ENSG00000226188"
"ENSG00000226235.1",11.8580983869251,-1.00959543109535,0.158682150868883,-6.36237551335917,1.98657032411607e-10,1.96548894403742e-09,"LEMD1-AS1","lncRNA","ENSG00000226235"
"ENSG00000226258.7",0.730567859250354,1.18242463060548,0.4257397588168,2.77734133615246,0.00548055904640947,0.0129476062407434,"GRM7-AS3","lncRNA","ENSG00000226258"
"ENSG00000226289.1",0.957340538660807,1.41273062761197,0.467637718481655,3.02099375601884,0.00251946555494442,0.00646536405524346,"CDCA4P3","unprocessed_pseudogene","ENSG00000226289"
"ENSG00000226374.3",2.69638194618016,3.46027992209426,0.500528743437204,6.91324917392758,4.7367685089744e-12,5.99534511839528e-11,"LINC01345","lncRNA","ENSG00000226374"
"ENSG00000226398.1",0.604037720642245,-1.28828293020787,0.259783612235436,-4.95906157868158,7.08345135321421e-07,3.80338769746977e-06,"AC013480.1","lncRNA","ENSG00000226398"
"ENSG00000226416.1",6.40379850939103,1.46152910056719,0.229843053023337,6.35881346572088,2.03318124492531e-10,2.00770488274338e-09,"MRPL23-AS1","lncRNA","ENSG00000226416"
"ENSG00000226423.1",0.968894364205896,-1.00847411044981,0.219154945865572,-4.60164887662813,4.19159389819871e-06,1.94863201956082e-05,"AC093642.1","lncRNA","ENSG00000226423"
"ENSG00000226516.7",0.631334622517687,-1.10786239408408,0.263205938041393,-4.20910866345976,2.56380074577129e-05,0.000102058557679491,"FAM138B","lncRNA","ENSG00000226516"
"ENSG00000226539.1",12.8059803501469,3.26570795087669,0.224057193025664,14.5753318908295,4.03158536220776e-48,2.4155718001828e-45,"MLXP1","processed_pseudogene","ENSG00000226539"
"ENSG00000226652.3",20.6005133558431,1.30895569732351,0.186493226150112,7.01878413680242,2.23807239887898e-12,2.99165957176924e-11,"PSMD10P2","transcribed_processed_pseudogene","ENSG00000226652"
"ENSG00000226673.2",49.7665375626721,1.60831929055692,0.242534066577062,6.63131292546031,3.32714029661659e-11,3.69266350054616e-10,"LINC01108","lncRNA","ENSG00000226673"
"ENSG00000226679.1",0.447823054037345,-1.04151455038311,0.3082871336951,-3.37839123514373,0.000729112683226929,0.00213498907953966,"AL606748.1","lncRNA","ENSG00000226679"
"ENSG00000226709.1",1.82880834786534,1.77691854153132,0.281448210827938,6.31348316730864,2.72824012675062e-10,2.62595529138201e-09,"FGF12-AS3","lncRNA","ENSG00000226709"
"ENSG00000226717.2",1.49095359839018,-2.02839349627132,0.325166863246317,-6.23800800616879,4.43177980653083e-10,4.10186289544492e-09,"PTPRD-AS2","lncRNA","ENSG00000226717"
"ENSG00000226733.4",4.05023458507912,2.263486575865,0.351663273732573,6.43651681860385,1.22246295677662e-10,1.24548157659289e-09,"AL138826.1","lncRNA","ENSG00000226733"
"ENSG00000226756.1",7.01784446265978,1.06898652833325,0.115902777693865,9.2231312277673,2.88548358148037e-20,1.14361145486629e-18,"AC007365.1","lncRNA","ENSG00000226756"
"ENSG00000226779.1",14.6614381066982,-1.75261139354806,0.25888830139723,-6.7697589427145,1.28997142657241e-11,1.52207662417723e-10,"NAALADL2-AS2","lncRNA","ENSG00000226779"
"ENSG00000226792.7",1.0779498458041,1.06744431883567,0.243076070292282,4.39140026228063,1.1262299528662e-05,4.815404236502e-05,"C13orf42","protein_coding","ENSG00000226792"
"ENSG00000226808.3",15.7998177714637,-1.47921835502022,0.172703338514344,-8.56508257307001,1.07998422061749e-17,3.07704874829499e-16,"LINC00840","lncRNA","ENSG00000226808"
"ENSG00000226822.3",14.9259195282579,-1.17977464638042,0.106140437347645,-11.1152231502143,1.05785828171711e-28,1.11948883044156e-26,"LINC02785","lncRNA","ENSG00000226822"
"ENSG00000226846.2",1.53508289526535,1.04456747803545,0.402235113388132,2.59690773696207,0.00940671873910665,0.0208598455117522,"LINC00348","lncRNA","ENSG00000226846"
"ENSG00000226869.6",5.93886180560141,-1.50615771366956,0.232921384542736,-6.46637798683189,1.00379806100326e-10,1.03669821037911e-09,"LHFPL3-AS1","lncRNA","ENSG00000226869"
"ENSG00000226886.1",1.11667581978111,-1.35814865919684,0.342761590388308,-3.96237121451742,7.42090385438503e-05,0.00026964227748079,"AC093787.1","processed_pseudogene","ENSG00000226886"
"ENSG00000226926.7",0.614476550636767,-1.00765572582074,0.263822843593617,-3.81944077357037,0.000133754569189343,0.000460422643839254,"PDZPH1P","transcribed_unitary_pseudogene","ENSG00000226926"
"ENSG00000226953.8",28.2173543775791,1.59115229680738,0.1955769351457,8.13568479136873,4.09616306347405e-16,9.41285796362793e-15,"NCKAP5-AS2","lncRNA","ENSG00000226953"
"ENSG00000226954.1",1.36024877450492,1.41165497906962,0.229142736597824,6.16059230167643,7.24733575243983e-10,6.47397940279886e-09,"AL023802.1","lncRNA","ENSG00000226954"
"ENSG00000226965.2",1.72572052576502,1.71482963340553,0.248972038632709,6.88763944265767,5.67257608750776e-12,7.11131592410242e-11,"AC073114.1","lncRNA","ENSG00000226965"
"ENSG00000226981.2",10.2643218180612,1.33524625584406,0.207042061896458,6.44915455156074,1.12475819193642e-10,1.15111838769318e-09,"ABHD17AP6","unprocessed_pseudogene","ENSG00000226981"
"ENSG00000227012.3",3.40560369652535,1.31934851235393,0.449211966370999,2.93702886637773,0.00331373257080356,0.0082595990537287,"LINC02527","lncRNA","ENSG00000227012"
"ENSG00000227047.1",0.555582434590832,2.23802914402775,0.792682907968261,2.82335991041371,0.0047523189461382,0.0114017036169184,"AC012065.1","lncRNA","ENSG00000227047"
"ENSG00000227068.1",0.749125331377902,1.09040234304077,0.260708424010013,4.18245918666167,2.88372796992276e-05,0.000113595406244381,"AL162584.1","lncRNA","ENSG00000227068"
"ENSG00000227088.2",2.37711091548957,1.93323252392524,0.311730698144622,6.20161099125487,5.58880837100188e-10,5.10091441442046e-09,"AC012494.1","lncRNA","ENSG00000227088"
"ENSG00000227089.2",1.49795558681778,2.34407885440253,0.85924180168229,2.72807823107897,0.00637044979457887,0.0147690472277528,"AL031767.1","lncRNA","ENSG00000227089"
"ENSG00000227120.1",0.584189718085309,-1.42731345178795,0.311065829045815,-4.58846108608648,4.46525521259846e-06,2.06501581301815e-05,"AC009238.1","processed_pseudogene","ENSG00000227120"
"ENSG00000227121.2",7.02599015244415,2.48621400845238,0.40176819207623,6.18818029273122,6.08626953722795e-10,5.5208192182979e-09,"LINC02672","lncRNA","ENSG00000227121"
"ENSG00000227158.1",3.24401311725357,1.20493465478976,0.204308450290073,5.89762515000735,3.68770552170893e-09,2.92881454329409e-08,"AC073621.1","processed_pseudogene","ENSG00000227158"
"ENSG00000227159.8",0.649874443398837,1.21022530462291,0.468254512159256,2.58454595352902,0.00975073097753093,0.0215266340946921,"DDX11L16","unprocessed_pseudogene","ENSG00000227159"
"ENSG00000227204.1",0.568232102013705,1.68329110196554,0.609931179632972,2.75980497173217,0.00578358769864821,0.0135720574642914,"RBMY2JP","unprocessed_pseudogene","ENSG00000227204"
"ENSG00000227234.2",8.3862082625916,3.08490567081038,0.43298680129089,7.12471064155573,1.04299569264821e-12,1.46837503474659e-11,"SPANXB1","protein_coding","ENSG00000227234"
"ENSG00000227236.2",0.340570090428575,1.53913740095722,0.379614605562,4.05447361193759,5.02473219656929e-05,0.00018905038681764,"AL583844.1","processed_pseudogene","ENSG00000227236"
"ENSG00000227279.1",0.860652447890064,1.89371261125393,0.452870135918931,4.18157979750939,2.8949061466375e-05,0.00011400266879224,"AC110015.1","lncRNA","ENSG00000227279"
"ENSG00000227300.12",843.120353176319,-1.26065026692385,0.192745898880209,-6.54047777020324,6.13226121883009e-11,6.53194036179855e-10,"KRT16P2","transcribed_unprocessed_pseudogene","ENSG00000227300"
"ENSG00000227351.2",0.358237477584668,1.8665485476295,0.427641796213018,4.36474770277068,1.27269562076138e-05,5.3952177376632e-05,"NANOGP6","processed_pseudogene","ENSG00000227351"
"ENSG00000227368.1",11.2876208748353,-2.2968908681051,0.264413550005636,-8.68673662169031,3.72999552316541e-18,1.13073815178816e-16,"CDK8P2","processed_pseudogene","ENSG00000227368"
"ENSG00000227400.2",1.57126938789834,2.33981177302031,0.302377349590948,7.73805239111188,1.00951250986867e-14,1.90507495088371e-13,"AC012501.2","lncRNA","ENSG00000227400"
"ENSG00000227430.1",0.303723862006154,1.3767480071199,0.616581716676738,2.23287192902883,0.0255573912036053,0.0499177751586045,"H3P9","processed_pseudogene","ENSG00000227430"
"ENSG00000227455.3",2.15992989807614,2.46108076249398,0.372819558421162,6.60126516139954,4.0766364325443e-11,4.46610374216596e-10,"AL450345.1","lncRNA","ENSG00000227455"
"ENSG00000227471.9",203.072335201799,2.58486908703664,0.230500046017661,11.2141803513505,3.47389763856357e-29,3.95354780692725e-27,"AKR1B15","protein_coding","ENSG00000227471"
"ENSG00000227579.6",8.53281862093946,1.20352753532791,0.239117011374673,5.03321586535765,4.82319486837088e-07,2.6681796133338e-06,"AL136114.1","lncRNA","ENSG00000227579"
"ENSG00000227619.3",199.082884263268,1.38250042910825,0.154950197590455,8.92222437019602,4.57015191541486e-19,1.55556975346489e-17,"AL391056.1","lncRNA","ENSG00000227619"
"ENSG00000227640.3",119.418456168059,1.10601013450752,0.187919586909522,5.88555005200194,3.96732295647033e-09,3.13439284885536e-08,"SOX21-AS1","lncRNA","ENSG00000227640"
"ENSG00000227674.3",31.2585060885836,2.06533112713888,0.333806617344021,6.18720846091063,6.12389600303369e-10,5.54950833744666e-09,"LINC00355","lncRNA","ENSG00000227674"
"ENSG00000227721.1",0.516232968308199,1.33750769906118,0.4137883871621,3.23234711402671,0.00122777815574147,0.00340410788699384,"RPSAP64","processed_pseudogene","ENSG00000227721"
"ENSG00000227733.10",13.6948819211096,1.01950350824672,0.143382482328259,7.11037702578395,1.15726377109808e-12,1.6180644415185e-11,"AC239809.3","lncRNA","ENSG00000227733"
"ENSG00000227777.1",6.46882463441441,1.18725219607882,0.252599235853052,4.70014167726736,2.59981058978999e-06,1.25725914373666e-05,"AL031736.1","processed_pseudogene","ENSG00000227777"
"ENSG00000227802.1",3.50554272716696,2.74767940292847,0.349357196435703,7.86495721559915,3.69223618493109e-15,7.38790547802646e-14,"DNAJB3","transcribed_processed_pseudogene","ENSG00000227802"
"ENSG00000227835.8",1.33924315795041,2.00710232953034,0.426585330229963,4.70504301788427,2.53812429934742e-06,1.23005588590832e-05,"CARM1P1","transcribed_unprocessed_pseudogene","ENSG00000227835"
"ENSG00000227932.2",14.1956827015645,2.2129693660212,0.33269510586439,6.65164388358402,2.89837311830818e-11,3.2432962361777e-10,"SELENOOLP","transcribed_unitary_pseudogene","ENSG00000227932"
"ENSG00000227954.7",44.2000632542873,1.83575019654797,0.189572793086807,9.68361633890874,3.53968892615678e-22,1.7863195802308e-20,"TARID","lncRNA","ENSG00000227954"
"ENSG00000228016.1",1.25002646144615,1.12564387291403,0.252334105392801,4.46092640216737,8.16061145151038e-06,3.58014205199621e-05,"RAPGEF4-AS1","lncRNA","ENSG00000228016"
"ENSG00000228020.2",1.2022347322251,1.4255161271747,0.25661870103778,5.5549970497467,2.77616449741817e-08,1.89971901441566e-07,"HNRNPA1P46","processed_pseudogene","ENSG00000228020"
"ENSG00000228154.3",1.15577340033621,-1.05339671973927,0.273266812330605,-3.8548285858615,0.000115810743875514,0.000404394680983894,"AC092436.1","processed_pseudogene","ENSG00000228154"
"ENSG00000228189.5",0.451618168437699,1.52983315595433,0.343078083299951,4.45913985888979,8.22892147946645e-06,3.60739130447495e-05,"LINC02843","lncRNA","ENSG00000228189"
"ENSG00000228192.8",93.9597708685364,1.11688248394936,0.114199404358222,9.78010778800479,1.37064497089595e-22,7.37703937241922e-21,"AL512353.1","lncRNA","ENSG00000228192"
"ENSG00000228271.2",11.8427225963251,2.90501224545347,0.259760417009279,11.1834292495369,4.91531862035525e-29,5.4867075766886e-27,"LINC02048","lncRNA","ENSG00000228271"
"ENSG00000228278.5",302.537108901636,1.28678381183032,0.195893085781075,6.56880668707415,5.07200791469532e-11,5.47414088658097e-10,"ORM2","protein_coding","ENSG00000228278"
"ENSG00000228291.1",1.03225715866731,2.8496317368722,0.346405427105723,8.22629068107093,1.93100073177877e-16,4.63884214710273e-15,"ARL4AP3","processed_pseudogene","ENSG00000228291"
"ENSG00000228295.2",1.02175818569939,3.15206735227096,0.522167926740253,6.0365012687555,1.57491513970679e-09,1.33347397209214e-08,"LINC00392","lncRNA","ENSG00000228295"
"ENSG00000228349.1",1.29977604361058,1.58348521260337,0.460667935959428,3.43736798026861,0.000587396990559185,0.00175225622978129,"RPS26P4","processed_pseudogene","ENSG00000228349"
"ENSG00000228361.2",0.455797255073848,1.49409070306459,0.598088027784107,2.49811170539585,0.0124856842984661,0.026780954744533,"AL606970.2","lncRNA","ENSG00000228361"
"ENSG00000228373.2",0.801651252457651,2.22172887588148,0.408573810429675,5.43776624729081,5.3952692372235e-08,3.50142488901238e-07,"AL353752.1","processed_pseudogene","ENSG00000228373"
"ENSG00000228445.1",1.33536721379808,2.9766778612224,0.354255496099878,8.40263000572662,4.36588588242939e-17,1.14391825406959e-15,"UGT1A2P","unprocessed_pseudogene","ENSG00000228445"
"ENSG00000228476.2",10.7354389621317,-1.76238026429122,0.222628483111625,-7.91623892710786,2.44802980329203e-15,5.01963151864757e-14,"CSTP1","transcribed_unprocessed_pseudogene","ENSG00000228476"
"ENSG00000228496.1",6.52290942774825,3.63136449353042,0.362938963320116,10.0054413015103,1.44247117256687e-23,8.82441486244622e-22,"AC106875.1","lncRNA","ENSG00000228496"
"ENSG00000228547.5",0.890519365639641,-1.18226525988563,0.27655746212905,-4.27493530922681,1.9119280087113e-05,7.81634385499945e-05,"OR7E26P","unprocessed_pseudogene","ENSG00000228547"
"ENSG00000228577.1",0.561762872118162,1.19402033291869,0.321695297768228,3.71164994080499,0.00020591263265826,0.00067997231256245,"AC010731.1","lncRNA","ENSG00000228577"
"ENSG00000228626.1",3.658118992083,1.56426131742203,0.237507491346931,6.58615569787265,4.51360503497372e-11,4.91442570657227e-10,"AC245100.3","unprocessed_pseudogene","ENSG00000228626"
"ENSG00000228636.3",1.13201425005353,1.50688262340265,0.530800455228013,2.83888720998807,0.00452711558332312,0.010914098829073,"LINC02663","lncRNA","ENSG00000228636"
"ENSG00000228680.1",0.625636485999588,1.20176036576954,0.30314026878299,3.96437058855367,7.35898552428175e-05,0.000267535600263952,"AC004692.2","lncRNA","ENSG00000228680"
"ENSG00000228695.10",42.7370235808208,1.65868835154785,0.204659700337326,8.10461634026606,5.291221764377e-16,1.1943504063491e-14,"CES1P1","transcribed_unprocessed_pseudogene","ENSG00000228695"
"ENSG00000228697.4",5.85318529827154,1.38231243578865,0.214110939627072,6.45605702443925,1.07466128574994e-10,1.10378693820642e-09,"AL023755.1","lncRNA","ENSG00000228697"
"ENSG00000228700.1",0.6910559741411,1.01099382977051,0.212995484684087,4.74655052556634,2.06915055402943e-06,1.02049874134876e-05,"AC010655.1","processed_pseudogene","ENSG00000228700"
"ENSG00000228705.2",11.0177940314484,1.97515952218322,0.23600688263471,8.36907593597753,5.80718202983726e-17,1.49464319293531e-15,"LINC00659","lncRNA","ENSG00000228705"
"ENSG00000228719.1",12.3533589143723,1.3075409977407,0.185905947524455,7.03334678181131,2.01637378515107e-12,2.71580552490611e-11,"AL022313.2","lncRNA","ENSG00000228719"
"ENSG00000228723.6",110.993608707013,-1.12573578738442,0.259217188880335,-4.34282846846283,1.40659956499739e-05,5.90937163092274e-05,"SRGAP3-AS2","lncRNA","ENSG00000228723"
"ENSG00000228751.1",2.18007960781891,-1.00082707685313,0.204815556375519,-4.88647978973907,1.02654859658949e-06,5.37039926436126e-06,"AC004022.1","processed_pseudogene","ENSG00000228751"
"ENSG00000228778.2",0.487621443512766,1.91111749133485,0.638739690429853,2.99201305315585,0.00277144412751819,0.00703927112321385,"AL513542.1","lncRNA","ENSG00000228778"
"ENSG00000228835.1",1.6633532711427,1.18922713886638,0.284488006002485,4.18023647315378,2.91206108936006e-05,0.000114633917839417,"AC012123.1","lncRNA","ENSG00000228835"
"ENSG00000228869.1",0.839860034895063,1.0926577160754,0.232853924253717,4.69245995993973,2.69939378387385e-06,1.3009392114546e-05,"COX4I1P2","processed_pseudogene","ENSG00000228869"
"ENSG00000228872.2",0.302284344575621,1.27789970204416,0.486794131256357,2.62513374749621,0.00866149366859545,0.0194037079529106,"CSP1","processed_pseudogene","ENSG00000228872"
"ENSG00000228876.4",0.672920138468998,1.34130721521303,0.454006690172219,2.95437764299075,0.00313300362706803,0.00785816096882743,"AC010745.2","lncRNA","ENSG00000228876"
"ENSG00000228918.4",6.87385159336225,1.01932563930666,0.172741206424539,5.90088294741618,3.61561362908421e-09,2.87660507888651e-08,"LINC01344","lncRNA","ENSG00000228918"
"ENSG00000228950.1",1.68541071502482,1.03990646520261,0.211852559030642,4.90863301326562,9.17134159685836e-07,4.84025868757513e-06,"AC023137.1","lncRNA","ENSG00000228950"
"ENSG00000228971.3",0.909221935885281,1.38221783521688,0.277350131899951,4.98365667161639,6.23937487708046e-07,3.38271258305907e-06,"LINC02607","lncRNA","ENSG00000228971"
"ENSG00000228980.4",3.47850538608978,2.45002320451066,0.336100226200983,7.28956130795813,3.10965904947494e-13,4.73810166988622e-12,"LINC01205","lncRNA","ENSG00000228980"
"ENSG00000229035.2",14.6462608030214,-2.54348659485777,0.421600754554161,-6.03292704622287,1.61016119211992e-09,1.36105388901539e-08,"SPRR2C","unprocessed_pseudogene","ENSG00000229035"
"ENSG00000229089.8",1.71936250565003,-1.2018657078769,0.243536129889179,-4.93506121011206,8.01256267832521e-07,4.26907076242976e-06,"ANKRD20A8P","transcribed_unprocessed_pseudogene","ENSG00000229089"
"ENSG00000229116.3",12.3278794787017,-1.37631379407007,0.160977278438836,-8.54973948756999,1.23366640695328e-17,3.48808261058274e-16,"AL137026.1","lncRNA","ENSG00000229116"
"ENSG00000229131.1",1.16629482928436,2.68198996129215,0.733721772746217,3.65532284976884,0.00025685852663347,0.000831164081536611,"AC016710.1","lncRNA","ENSG00000229131"
"ENSG00000229140.11",20.6702785664169,1.92992967674841,0.162787330702923,11.8555275058254,2.01451562013461e-32,3.28309639644578e-30,"CCDC26","lncRNA","ENSG00000229140"
"ENSG00000229155.1",74.8420438999309,-1.02213652405333,0.174609032027288,-5.8538582579943,4.80298005081494e-09,3.74593828886587e-08,"LINC02038","lncRNA","ENSG00000229155"
"ENSG00000229190.1",2.76938013951966,1.03131215785801,0.162660271451838,6.34028302456985,2.2934345515592e-10,2.24295256683093e-09,"AC069542.1","lncRNA","ENSG00000229190"
"ENSG00000229229.1",1.21507270822205,1.63843014376933,0.437038578542941,3.74893710580828,0.000177585609838129,0.00059525878252858,"AC022201.1","lncRNA","ENSG00000229229"
"ENSG00000229243.2",0.881998155261572,1.44915915438969,0.384992648371338,3.76412162808868,0.000167135525170305,0.000563895553330055,"LINC01981","lncRNA","ENSG00000229243"
"ENSG00000229261.1",7.51440036439248,2.63874219444939,0.203139775484651,12.9897859154067,1.39817615644764e-38,3.92868214773421e-36,"AL596223.1","lncRNA","ENSG00000229261"
"ENSG00000229272.2",23.4131026728988,-1.12396742794609,0.114532016414202,-9.81356535172916,9.84280563113388e-23,5.36548443323972e-21,"AL157388.1","lncRNA","ENSG00000229272"
"ENSG00000229274.2",5.58211677784141,-1.30089164899301,0.16217695745245,-8.02143331227822,1.04518320744744e-15,2.25550314730037e-14,"LINC02829","lncRNA","ENSG00000229274"
"ENSG00000229314.5",549.154000896161,1.15687686083533,0.194410797423388,5.95068214403688,2.67027219210966e-09,2.17285600006239e-08,"ORM1","protein_coding","ENSG00000229314"
"ENSG00000229335.1",1.32764009255316,1.59108287846494,0.45702040741332,3.48142632726245,0.000498750962865486,0.00151375227056231,"DANT1","lncRNA","ENSG00000229335"
"ENSG00000229359.2",0.820681026782562,1.00117297470308,0.447579982925031,2.23685824410689,0.0252956063862531,0.0494681237878042,"PIN1P1","transcribed_processed_pseudogene","ENSG00000229359"
"ENSG00000229373.9",1.63440011657284,-1.02912495558087,0.232795626574973,-4.42072289210054,9.83712577601755e-06,4.25787756817469e-05,"LINC00452","lncRNA","ENSG00000229373"
"ENSG00000229442.2",2.11375357755007,-1.06589884847454,0.19014647154574,-5.60567251030025,2.07447882534831e-08,1.45074649469904e-07,"THEMIS3P","unitary_pseudogene","ENSG00000229442"
"ENSG00000229494.2",0.440505084242348,1.11266209341983,0.357124678408705,3.11561244766867,0.00183563346843578,0.00488594854670929,"AC012494.2","lncRNA","ENSG00000229494"
"ENSG00000229520.1",0.697714973309035,1.48384303180292,0.488946091889495,3.03477838644487,0.00240712490209513,0.00621426244367392,"LINC00404","lncRNA","ENSG00000229520"
"ENSG00000229550.1",0.59812704387447,1.36548771729355,0.364277373291306,3.74848348376992,0.000177907050814257,0.000596238132049459,"AC012445.1","lncRNA","ENSG00000229550"
"ENSG00000229609.1",7.21547668887632,3.0634172453848,0.325577800655498,9.40917113887098,5.00064635346207e-21,2.18509177814008e-19,"LINC01079","lncRNA","ENSG00000229609"
"ENSG00000229637.4",3.19869130495377,1.75691948355742,0.345138157807798,5.09048172104986,3.57155001997665e-07,2.02194992090873e-06,"PRAC2","protein_coding","ENSG00000229637"
"ENSG00000229646.2",3.5578929605151,1.06415963364754,0.193290209706806,5.50550198720215,3.68117807661438e-08,2.4563091774566e-07,"AL109914.1","lncRNA","ENSG00000229646"
"ENSG00000229647.2",98.786400487831,-1.60940011485641,0.154424314878085,-10.4219346294461,1.96906490051198e-25,1.46130439419963e-23,"MYOSLID","lncRNA","ENSG00000229647"
"ENSG00000229656.7",28.446992623061,1.43427689180723,0.166818943279112,8.59780588231804,8.12545853388861e-18,2.35291796052753e-16,"ITGB1-DT","lncRNA","ENSG00000229656"
"ENSG00000229670.2",0.744217394408539,1.16079783471931,0.261050801853655,4.44663577539999,8.72255440488602e-06,3.80658776904746e-05,"PKP4P1","unprocessed_pseudogene","ENSG00000229670"
"ENSG00000229671.3",15.2225339124691,-1.10646088281462,0.0935107868760194,-11.8324411522877,2.65311798353489e-32,4.25574748043945e-30,"LINC01150","lncRNA","ENSG00000229671"
"ENSG00000229674.2",0.643711403135288,1.08647321401072,0.296614903163717,3.66290837858218,0.000249367750469522,0.000808929451739444,"H2AL1RP","protein_coding","ENSG00000229674"
"ENSG00000229781.1",4.5176944793058,1.65179208505232,0.209230515533169,7.89460409655425,2.9123823036999e-15,5.90050682245873e-14,"RRN3P4","processed_pseudogene","ENSG00000229781"
"ENSG00000229792.1",1.00488833441207,1.42440982576901,0.431697715909777,3.2995537693943,0.000968386743137492,0.0027548513528593,"LINC00399","lncRNA","ENSG00000229792"
"ENSG00000229876.1",7.94061066444227,1.27712858210785,0.372489071894403,3.42863369282926,0.000606627675982362,0.00180552497644454,"CASC20","lncRNA","ENSG00000229876"
"ENSG00000229912.1",2.64786375706219,1.47356862158945,0.211742875606627,6.95923590046556,3.42123223130393e-12,4.42652476341747e-11,"AC128709.1","lncRNA","ENSG00000229912"
"ENSG00000229953.1",72.9644593202763,1.45209968157471,0.154194521154801,9.41732346064945,4.62732910219635e-21,2.03377852870319e-19,"AL590666.2","lncRNA","ENSG00000229953"
"ENSG00000229960.1",0.867234400625332,-1.35607257045963,0.332833955676684,-4.07432158687837,4.61486758349047e-05,0.000174645690093026,"AL590483.1","lncRNA","ENSG00000229960"
"ENSG00000229967.1",5.7112380672095,3.66761646700722,0.622192282339893,5.89466724533183,3.75437171243599e-09,2.97885816318947e-08,"MAGEA4-AS1","lncRNA","ENSG00000229967"
"ENSG00000229986.1",1.13668688008295,1.24687442854901,0.326694081748122,3.8166422295655,0.000135280107268845,0.000465359457147462,"AP001042.2","lncRNA","ENSG00000229986"
"ENSG00000229996.1",4.69657270540331,1.15519311014878,0.16743752108973,6.89924876234704,5.22782561599027e-12,6.57555321403272e-11,"AC093585.1","lncRNA","ENSG00000229996"
"ENSG00000230033.1",2.3786727385716,1.08674883578929,0.374161827312019,2.90448879725787,0.00367853367587217,0.00908055120000362,"AC006357.1","lncRNA","ENSG00000230033"
"ENSG00000230061.2",63.6674444617558,1.33298340595298,0.190282467909501,7.00528756326069,2.46479058800488e-12,3.26897665778265e-11,"TRPM2-AS","lncRNA","ENSG00000230061"
"ENSG00000230062.5",43.4999327525302,-1.07265951342124,0.217561145743132,-4.93038180028569,8.20690610953309e-07,4.36348656688904e-06,"ANKRD66","protein_coding","ENSG00000230062"
"ENSG00000230077.1",0.849746718021612,-1.12832296921931,0.226476483740452,-4.98207562473639,6.29058393683841e-07,3.40730206512374e-06,"MTAPP2","processed_pseudogene","ENSG00000230077"
"ENSG00000230097.2",0.513836290340417,1.31856823355457,0.323913066911193,4.07074727218733,4.6862568502051e-05,0.000177149900582582,"ME2P1","processed_pseudogene","ENSG00000230097"
"ENSG00000230104.1",0.821654289785253,1.67854308512021,0.307788933021333,5.45355243492096,4.93733781571179e-08,3.22581710432241e-07,"AC018712.1","processed_pseudogene","ENSG00000230104"
"ENSG00000230118.1",19.3059686504696,1.06095557142042,0.159224535731667,6.66326685485457,2.67806746058623e-11,3.01999730270315e-10,"AC092569.1","processed_pseudogene","ENSG00000230118"
"ENSG00000230126.1",3.11590395152224,2.08491868621534,0.243262200950553,8.57066440272457,1.02889682567383e-17,2.94591309686781e-16,"FGF12-AS2","lncRNA","ENSG00000230126"
"ENSG00000230153.5",2.5710051853745,2.73921579609697,0.444588519645297,6.16123825752941,7.21782963649515e-10,6.45186557436863e-09,"AF274573.1","lncRNA","ENSG00000230153"
"ENSG00000230164.1",0.644723812826703,-1.1012237334025,0.231718185079302,-4.75242688883318,2.00989456762747e-06,9.93559019277434e-06,"MAS1LP1","unprocessed_pseudogene","ENSG00000230164"
"ENSG00000230212.6",9.77566866124679,1.44265894002599,0.125312880821795,11.5124553083858,1.14180519059684e-30,1.50552002849473e-28,"AP000688.1","lncRNA","ENSG00000230212"
"ENSG00000230234.1",0.507789780486405,2.01359677082381,0.770210427994924,2.61434628464558,0.00893983776106146,0.0199526600875885,"AL162582.1","lncRNA","ENSG00000230234"
"ENSG00000230251.1",1.54874882333036,1.49173204951287,0.266433626858596,5.59888804991034,2.15731047726602e-08,1.50557212701695e-07,"PHBP4","processed_pseudogene","ENSG00000230251"
"ENSG00000230269.7",4.63218934990113,3.47583885510722,0.374423044060116,9.28318625215052,1.64484644418722e-20,6.74883974577239e-19,"LINC02525","lncRNA","ENSG00000230269"
"ENSG00000230328.2",1.49693762049621,-1.12429609289737,0.292899085135368,-3.83851008745131,0.000123783130083943,0.000429362852801813,"AL359893.1","processed_pseudogene","ENSG00000230328"
"ENSG00000230368.2",6.71657604718915,1.13759361279107,0.312009329618612,3.64602434863606,0.000266328751869236,0.000859896373516782,"FAM41C","lncRNA","ENSG00000230368"
"ENSG00000230387.4",27.8865873996084,1.06583589187798,0.178935689444276,5.95653050091999,2.57649044918331e-09,2.10368638018188e-08,"AL118508.1","lncRNA","ENSG00000230387"
"ENSG00000230426.4",41.8225244958634,1.63854221700774,0.251728700807444,6.50915931219589,7.55725422893879e-11,7.93161280395809e-10,"LINC01036","lncRNA","ENSG00000230426"
"ENSG00000230448.5",0.4316656623783,1.30305873515124,0.30597517827268,4.25870733210251,2.05612459376227e-05,8.35221179697468e-05,"LINC00276","lncRNA","ENSG00000230448"
"ENSG00000230500.1",0.625370641608874,-1.14809742192656,0.3850690021344,-2.98153685589537,0.00286805522246046,0.00725841194662442,"MKX-AS1","lncRNA","ENSG00000230500"
"ENSG00000230506.2",2.52071867344082,1.3934777746781,0.24190668633784,5.76039379387805,8.39179197587435e-09,6.29430744611651e-08,"AL354824.1","lncRNA","ENSG00000230506"
"ENSG00000230516.1",3.16571895313437,1.33078373757543,0.326925011738712,4.07060851813636,4.68904916947808e-05,0.000177239011329479,"AL589642.2","lncRNA","ENSG00000230516"
"ENSG00000230564.1",0.620503513352935,1.59536234142536,0.431631956711725,3.69611729766074,0.000218921856922374,0.000718448104437237,"CALM1P2","processed_pseudogene","ENSG00000230564"
"ENSG00000230570.1",3.86549510326997,1.53700030410306,0.28094224678928,5.47087638711696,4.47815570880064e-08,2.94422297956535e-07,"AL139095.3","processed_pseudogene","ENSG00000230570"
"ENSG00000230601.7",7.96886315872423,1.39515201005474,0.190507628817509,7.32333932617043,2.41875156258917e-13,3.75417885388841e-12,"TEX48","protein_coding","ENSG00000230601"
"ENSG00000230607.3",0.344095997157207,1.40452921055697,0.340974496399445,4.11916206457736,3.80252644402184e-05,0.000146267310148019,"AC005722.1","processed_pseudogene","ENSG00000230607"
"ENSG00000230635.2",1.71449855106299,-1.18301347244345,0.272195795215792,-4.34618569881133,1.38525306183715e-05,5.82750289090664e-05,"CYP4F60P","unprocessed_pseudogene","ENSG00000230635"
"ENSG00000230646.1",1.23633766751652,1.13302769691526,0.242885295310416,4.6648674036327,3.08816105623549e-06,1.46969916965544e-05,"KLF2P2","processed_pseudogene","ENSG00000230646"
"ENSG00000230663.1",1.32231235719656,1.36352157067664,0.338085067373685,4.03307244909914,5.50522976185519e-05,0.000205383734261758,"FAM224B","lncRNA","ENSG00000230663"
"ENSG00000230739.1",1.24827179656715,-1.41231568428867,0.34854812032493,-4.05199627234269,5.07824744068174e-05,0.000190869958925919,"AL392003.2","unprocessed_pseudogene","ENSG00000230739"
"ENSG00000230748.1",0.828490091085627,-1.02489105005014,0.278003719903238,-3.68660912309685,0.000227262015419029,0.000743482920685523,"PRELID1P7","processed_pseudogene","ENSG00000230748"
"ENSG00000230790.2",2.53086023498038,1.16033390195677,0.1880210832,6.17129676208977,6.77321556798196e-10,6.08514050465908e-09,"AC012456.2","lncRNA","ENSG00000230790"
"ENSG00000230804.2",1.09140345797836,1.37530967417227,0.257201511458215,5.34720681217966,8.93219346384014e-08,5.58766095957683e-07,"CDRT15P14","unprocessed_pseudogene","ENSG00000230804"
"ENSG00000230813.1",0.777169779911902,-1.31632386401649,0.313850347296012,-4.19411313499354,2.73941241274542e-05,0.000108340011582689,"AL356583.3","unprocessed_pseudogene","ENSG00000230813"
"ENSG00000230863.3",3.79875698036947,1.06725282445776,0.234433951306912,4.55246698913742,5.30204823670653e-06,2.41310714151178e-05,"AL137803.1","transcribed_processed_pseudogene","ENSG00000230863"
"ENSG00000230894.2",23.1849975571799,2.55986410764669,0.232659865074465,11.0026029062957,3.7125816262617e-28,3.744101811851e-26,"AL133284.1","lncRNA","ENSG00000230894"
"ENSG00000230916.2",13.5925604940088,1.16278895460139,0.166459201208778,6.98542913913774,2.83986571534607e-12,3.7312044127812e-11,"MTCO1P53","processed_pseudogene","ENSG00000230916"
"ENSG00000230918.2",53.0051274840984,-1.4936963925942,0.155228174475932,-9.62258557531253,6.41968112003993e-22,3.14749780834882e-20,"DPP4-DT","lncRNA","ENSG00000230918"
"ENSG00000230970.4",2.6885760123696,-1.46164540135684,0.254941460120273,-5.73325892409685,9.85190597891777e-09,7.2946056774517e-08,"HHATL-AS1","lncRNA","ENSG00000230970"
"ENSG00000230988.3",1.43550751581167,1.41924101833539,0.236067247940765,6.01202001004185,1.83225699096761e-09,1.52880701583029e-08,"RPL23AP11","processed_pseudogene","ENSG00000230988"
"ENSG00000231013.2",94.3544534121481,-1.51424424379564,0.174077332806346,-8.69868706846615,3.35745976625981e-18,1.02389957527488e-16,"SCTR-AS1","lncRNA","ENSG00000231013"
"ENSG00000231039.2",2.43653954032851,1.73688923989119,0.202376201728199,8.58247770765021,9.28511303603964e-18,2.67730616013703e-16,"AL355303.1","lncRNA","ENSG00000231039"
"ENSG00000231054.1",0.562888153842294,1.04639486648443,0.281764777576387,3.71371778788337,0.00020423654303853,0.000675258417026602,"AC093833.1","lncRNA","ENSG00000231054"
"ENSG00000231156.1",2.92301740986528,1.29760869403028,0.250697041083393,5.17600322852888,2.26689535284541e-07,1.32510928781895e-06,"AC093702.1","lncRNA","ENSG00000231156"
"ENSG00000231204.7",1.53767002980129,-2.22203895457033,0.364446812614331,-6.0970184884612,1.08065025249973e-09,9.4038729683034e-09,"AC011752.1","lncRNA","ENSG00000231204"
"ENSG00000231208.4",2.58940849890907,1.07072984341944,0.301936834779531,3.54620476895861,0.000390822390255914,0.00121283240507249,"ZBTB46-AS1","lncRNA","ENSG00000231208"
"ENSG00000231213.6",0.465946906804103,1.1968683258144,0.404053532079602,2.96215286042497,0.00305496076223206,0.0076851238784651,"PLSCR5","protein_coding","ENSG00000231213"
"ENSG00000231221.1",1.25674058317585,-1.5149657834563,0.310638992665497,-4.87693373731626,1.0774761010219e-06,5.61519682577835e-06,"LINC01593","lncRNA","ENSG00000231221"
"ENSG00000231240.1",12.4808134606904,1.26875166439962,0.399814806594787,3.17334836897499,0.00150691591983885,0.00408763484167738,"KLF2P1","processed_pseudogene","ENSG00000231240"
"ENSG00000231291.3",2.66060323744233,1.47888034782584,0.31929292294392,4.63173544277268,3.62613323040085e-06,1.70422824093e-05,"AC106799.1","lncRNA","ENSG00000231291"
"ENSG00000231295.1",3.28307101817123,1.60036877526101,0.243361191403907,6.57610511367394,4.82931210852795e-11,5.22465914067325e-10,"AC004888.1","lncRNA","ENSG00000231295"
"ENSG00000231317.1",1.58623983178204,1.12197496257174,0.402285988539858,2.78899836070371,0.00528713326451594,0.0125408203176441,"AC091812.1","unprocessed_pseudogene","ENSG00000231317"
"ENSG00000231327.1",39.9995186038271,1.00244774605053,0.105093276584819,9.53864774823602,1.44706808471238e-21,6.75348166958036e-20,"LINC01816","lncRNA","ENSG00000231327"
"ENSG00000231358.4",1.01163557655161,1.23558070890481,0.530198323862894,2.33041232552883,0.0197843689546693,0.0399660143943722,"AL355516.1","lncRNA","ENSG00000231358"
"ENSG00000231389.7",26839.173157873,-1.1362560157419,0.0908484693922049,-12.5071564038854,6.82230063611872e-36,1.51891253998571e-33,"HLA-DPA1","protein_coding","ENSG00000231389"
"ENSG00000231418.2",5.52069438180446,-2.23772099837565,0.445348658688096,-5.02464968675892,5.04352298162423e-07,2.77949759015712e-06,"AC005090.1","lncRNA","ENSG00000231418"
"ENSG00000231421.8",0.733277340925593,-1.33663345107396,0.489369059060024,-2.73134033778383,0.00630772959154597,0.0146469751936827,"AC011840.1","lncRNA","ENSG00000231421"
"ENSG00000231431.7",10.2049797058024,2.80398406130231,0.370827136854537,7.5614316823912,3.98656787861971e-14,6.92642793512165e-13,"FAR2P4","transcribed_unprocessed_pseudogene","ENSG00000231431"
"ENSG00000231440.1",0.421979699870096,1.1307683991574,0.388751061116428,2.90872106151948,0.00362910501113236,0.00897103661379479,"AL358176.4","lncRNA","ENSG00000231440"
"ENSG00000231453.1",6.22353209273617,2.11586274666268,0.270276852976735,7.82850149156062,4.93719092998079e-15,9.72237651330147e-14,"LINC01305","lncRNA","ENSG00000231453"
"ENSG00000231476.1",1.4823273661102,1.7131106691806,0.392695680954581,4.36243827540017,1.28620880523547e-05,5.44683560458465e-05,"AC074389.2","lncRNA","ENSG00000231476"
"ENSG00000231513.3",1.18523404289363,1.1967344439395,0.473123034151876,2.52943601886722,0.0114246001583473,0.0247683969696985,"E2F6P4","processed_pseudogene","ENSG00000231513"
"ENSG00000231535.7",18.6033111071402,1.08575424868206,0.289606701099405,3.74906466100516,0.000177495321409285,0.000595054050866328,"LINC00278","lncRNA","ENSG00000231535"
"ENSG00000231552.1",0.834831441954533,1.01407899306576,0.321897613651987,3.15031534891126,0.00163094316800451,0.00439116526051567,"IGBP1P3","processed_pseudogene","ENSG00000231552"
"ENSG00000231621.1",28.7779375018513,-1.14040874048169,0.179783917473454,-6.34321888469293,2.25013373278667e-10,2.20430869619926e-09,"ANKRD44-AS1","lncRNA","ENSG00000231621"
"ENSG00000231680.1",3.85158657652846,-1.4354100640855,0.150277980046542,-9.55169921528721,1.27586213420152e-21,6.01697782687739e-20,"LINC02723","lncRNA","ENSG00000231680"
"ENSG00000231683.6",291.217670507195,3.5953402701099,0.329539052893516,10.9102099995161,1.0301809631573e-27,9.71589420877729e-26,"AL033397.1","lncRNA","ENSG00000231683"
"ENSG00000231689.2",3.60897725099303,1.18385415884538,0.177617898306345,6.66517378109913,2.64352367474091e-11,2.98269413126472e-10,"LINC01090","lncRNA","ENSG00000231689"
"ENSG00000231702.2",1.87358397286248,2.34985489362914,0.330425623302422,7.11160009367201,1.14705225544545e-12,1.60488839435488e-11,"AL645608.3","processed_pseudogene","ENSG00000231702"
"ENSG00000231713.2",2.25822765556906,1.24755265919213,0.321721893204689,3.87773628572551,0.000105432911456606,0.000371146804171116,"AF064860.2","lncRNA","ENSG00000231713"
"ENSG00000231725.1",1.09577672776937,1.08304874771446,0.272375758239972,3.97630374565219,6.9994712315481e-05,0.000255514251757875,"VN1R110P","processed_pseudogene","ENSG00000231725"
"ENSG00000231738.11",82.4353434296905,-1.4595658407076,0.247358816660517,-5.90060164587041,3.62178404781793e-09,2.88038937068604e-08,"TSPAN19","protein_coding","ENSG00000231738"
"ENSG00000231749.3",4.0835461261254,2.11967321958145,0.248730937861892,8.52195242699725,1.56885834333127e-17,4.37209271425075e-16,"ABCA9-AS1","lncRNA","ENSG00000231749"
"ENSG00000231755.1",0.668386851467374,1.31169003295872,0.281400204283733,4.66129737289087,3.14222328396986e-06,1.49316075645888e-05,"CHODL-AS1","lncRNA","ENSG00000231755"
"ENSG00000231764.10",70.9774548343591,1.08290937308879,0.249921701286514,4.33299456395475,1.47094743298993e-05,6.15369250049376e-05,"DLX6-AS1","lncRNA","ENSG00000231764"
"ENSG00000231772.5",1.99557779952321,1.03083846955675,0.302542223185795,3.40725489058001,0.000656198163052878,0.00193946186124508,"Z93403.1","lncRNA","ENSG00000231772"
"ENSG00000231776.5",6.59006533224608,1.70388381738537,0.359745422185648,4.73635997098546,2.17590961050143e-06,1.06875328825388e-05,"LINC01611","lncRNA","ENSG00000231776"
"ENSG00000231817.9",1.05535359668325,1.55635342145966,0.289249455890777,5.38066153544417,7.42126115150035e-08,4.70679394607066e-07,"LINC01198","lncRNA","ENSG00000231817"
"ENSG00000231863.2",5.05793849509328,2.41294089049696,0.268546897465096,8.98517507844446,2.58322689557106e-19,9.04195991462642e-18,"AL139393.1","lncRNA","ENSG00000231863"
"ENSG00000231870.4",4.03174198388008,1.4068484818496,0.237889528539022,5.9138730926478,3.34155384396739e-09,2.67475301109555e-08,"KRT17P3","unprocessed_pseudogene","ENSG00000231870"
"ENSG00000231873.2",3.14211794142756,-1.77538882965175,0.213579190239432,-8.31255529933161,9.36629805235512e-17,2.35126975691377e-15,"AC099560.1","lncRNA","ENSG00000231873"
"ENSG00000231896.1",0.378831703790409,1.06422403355432,0.35125798963005,3.02975039706621,0.00244755922761266,0.00630193090281124,"AC019185.1","lncRNA","ENSG00000231896"
"ENSG00000231934.2",0.737404649160525,2.06324313906137,0.386487233819442,5.33845094615795,9.37440618836405e-08,5.83829763577677e-07,"FAM242A","lncRNA","ENSG00000231934"
"ENSG00000231937.1",1.54995390021679,1.30701901837441,0.395929374187808,3.30114182878088,0.000962921930004803,0.00274102761085626,"AC116666.1","lncRNA","ENSG00000231937"
"ENSG00000231943.9",5.61831530028324,-1.74519036650072,0.156572061491864,-11.1462437798419,7.46933106669354e-29,8.05087184260039e-27,"PGM5P4-AS1","lncRNA","ENSG00000231943"
"ENSG00000231976.8",1.97666304115172,1.67742618124165,0.334425814715594,5.01583941020877,5.28024197139585e-07,2.90210304384974e-06,"FAM238B","transcribed_unprocessed_pseudogene","ENSG00000231976"
"ENSG00000231990.2",23.1371267245749,1.75053356706495,0.284125959780926,6.16111800700888,7.22331357511741e-10,6.45535128297891e-09,"AL442224.1","lncRNA","ENSG00000231990"
"ENSG00000232023.3",16.5457099610431,1.3974648020867,0.290812743752161,4.80537676601154,1.54460354425852e-06,7.80694482120395e-06,"LINC01807","lncRNA","ENSG00000232023"
"ENSG00000232079.7",9.18603220601542,2.74197518379819,0.257739503817881,10.6385522715046,1.9716899551839e-26,1.60344438810495e-24,"LINC01697","lncRNA","ENSG00000232079"
"ENSG00000232109.1",1.00924133161541,1.4225172086404,0.459511852716672,3.09571385423545,0.00196339733803513,0.00519041641211818,"VN1R54P","processed_pseudogene","ENSG00000232109"
"ENSG00000232164.1",1.73464635297109,1.09462296790017,0.231255719955598,4.73338764598055,2.20803210587985e-06,1.08361662358302e-05,"LINC01873","lncRNA","ENSG00000232164"
"ENSG00000232177.1",17.8946608827586,1.1690305505974,0.196538080091821,5.94811219307338,2.7125265474481e-09,2.20547733232245e-08,"MTND4P24","processed_pseudogene","ENSG00000232177"
"ENSG00000232194.1",8.80192476626702,1.69900550637013,0.167213903428908,10.1606712810964,2.97024295134182e-24,1.95819754962006e-22,"Z99943.1","lncRNA","ENSG00000232194"
"ENSG00000232197.3",1.55482576722718,2.19262415782228,0.440612026789728,4.97631481781739,6.4806215899993e-07,3.50185630558808e-06,"AL596442.1","lncRNA","ENSG00000232197"
"ENSG00000232241.1",0.745172174921829,1.87410625103446,0.511595707836748,3.66325640017389,0.000249029041169882,0.00080813940457065,"DYNLT3P1","processed_pseudogene","ENSG00000232241"
"ENSG00000232306.2",8.9372272335428,1.2915034259626,0.25700223288956,5.02526149847727,5.02747016011534e-07,2.77102565927461e-06,"AC012485.2","lncRNA","ENSG00000232306"
"ENSG00000232316.2",1.98160863532052,1.28570102841964,0.2429985924223,5.2909813822512,1.21661752031636e-07,7.42490228134356e-07,"LINC02518","lncRNA","ENSG00000232316"
"ENSG00000232327.4",2.03808431483799,1.97248997370322,0.468228790534382,4.21266272723649,2.52377770037072e-05,0.000100612793391589,"AC105917.1","processed_pseudogene","ENSG00000232327"
"ENSG00000232353.5",0.822779642318356,1.86630360900256,0.694017337903398,2.68913110246006,0.00716382779629917,0.016393782874655,"AC026320.1","lncRNA","ENSG00000232353"
"ENSG00000232431.3",1.16859425898109,1.98924247020016,0.330617787567169,6.01674363874333,1.77960573379999e-09,1.48914513066776e-08,"AC055876.1","transcribed_unprocessed_pseudogene","ENSG00000232431"
"ENSG00000232448.2",3.92704458035409,1.84592677489927,0.245667229609448,7.51393166208553,5.7377544027316e-14,9.74055531793723e-13,"AL354824.2","lncRNA","ENSG00000232448"
"ENSG00000232502.1",1.07792042123831,-2.21878265498966,0.347075776936196,-6.39279028509544,1.62885595920844e-10,1.63338612714815e-09,"AC073464.1","processed_pseudogene","ENSG00000232502"
"ENSG00000232508.1",3.03395904145865,1.1191921120753,0.37550033204567,2.98053561225395,0.00287744778925634,0.0072799214653298,"MRPL45P1","processed_pseudogene","ENSG00000232508"
"ENSG00000232530.1",2.71140792924084,1.096683568089,0.180725541973791,6.06822674931054,1.29330225949282e-09,1.1100276797665e-08,"LIF-AS1","lncRNA","ENSG00000232530"
"ENSG00000232555.2",3.36149720622861,1.1698368418729,0.333306009027182,3.50979823402314,0.000448446840525718,0.00137552282041251,"AC104088.1","lncRNA","ENSG00000232555"
"ENSG00000232599.1",3.28545561534215,1.81163191321419,0.356332799057571,5.0841009247692,3.69371505816247e-07,2.08439103344478e-06,"AL008707.1","processed_pseudogene","ENSG00000232599"
"ENSG00000232621.1",9.66921338989459,-1.58557397855303,0.296321084044941,-5.35086453150446,8.75350331526634e-08,5.48767480495301e-07,"C4BPAP2","unprocessed_pseudogene","ENSG00000232621"
"ENSG00000232624.8",7.2639763918508,1.09828184675021,0.245797317969801,4.46824178482349,7.88651359023021e-06,3.47073042997137e-05,"LINC01517","lncRNA","ENSG00000232624"
"ENSG00000232627.1",0.967333394639814,1.6797437796365,0.29034752536068,5.7852870540221,7.23886086570611e-09,5.49121035657166e-08,"AC021876.1","processed_pseudogene","ENSG00000232627"
"ENSG00000232628.6",10.4392984473691,-1.50666531484053,0.131227593179695,-11.4813148540901,1.63770819265271e-30,2.11155521814081e-28,"AC092809.2","lncRNA","ENSG00000232628"
"ENSG00000232629.9",3706.04095548873,-1.68617340914892,0.134530579068,-12.5337556771878,4.87960137927181e-36,1.09839557456172e-33,"HLA-DQB2","protein_coding","ENSG00000232629"
"ENSG00000232680.2",6.1813470777323,2.17307052633154,0.271410156475957,8.0065925113014,1.17930441401983e-15,2.52620398214563e-14,"AC002511.1","lncRNA","ENSG00000232680"
"ENSG00000232715.1",0.926567382911733,1.06069803822074,0.402420403608553,2.63579587095817,0.00839402110211719,0.0188782072070855,"LINC01022","lncRNA","ENSG00000232715"
"ENSG00000232756.1",33.9848599158274,1.57483968938937,0.209341060753424,7.52284183390243,5.35982496746186e-14,9.12177730364655e-13,"AC004990.1","lncRNA","ENSG00000232756"
"ENSG00000232774.8",67.3320356135274,-1.24265426821366,0.166798631354508,-7.45002676654201,9.33212963829278e-14,1.5430964198578e-12,"AL355916.1","lncRNA","ENSG00000232774"
"ENSG00000232790.3",0.93889145704104,2.20824729748031,0.602839048203116,3.66307939749828,0.000249201253684443,0.00080863385464043,"LINC01162","lncRNA","ENSG00000232790"
"ENSG00000232878.3",30.0362813614546,-1.461264927541,0.215392921241483,-6.78418268863504,1.16745522956252e-11,1.38837210794121e-10,"DPYD-AS1","lncRNA","ENSG00000232878"
"ENSG00000232893.1",0.854941136798956,1.98115171188477,0.355863383707521,5.5671693199912,2.58910785554906e-08,1.78068908437939e-07,"IQCA1-AS1","lncRNA","ENSG00000232893"
"ENSG00000232906.1",1.27512186271334,1.10508744552145,0.285789873722907,3.86678307081274,0.000110280441886922,0.000386774213979416,"AC092685.1","processed_pseudogene","ENSG00000232906"
"ENSG00000232946.1",2.95254737703765,1.24563411938484,0.186636962304765,6.67410197852882,2.48750606451816e-11,2.81601721552274e-10,"RPL35AP20","processed_pseudogene","ENSG00000232946"
"ENSG00000232965.1",0.492381497733189,-1.11654368940453,0.291031368367477,-3.83650633836384,0.000124796976621548,0.000432474544398379,"RPS12P18","processed_pseudogene","ENSG00000232965"
"ENSG00000232987.2",1.00937589956475,1.57930882440472,0.271437070401343,5.81832401178503,5.94405970419713e-09,4.56682678725445e-08,"LINC01219","lncRNA","ENSG00000232987"
"ENSG00000233005.2",5.32913263140378,-2.08321336361984,0.280212328329294,-7.43441009908649,1.05035633947248e-13,1.71772273008183e-12,"AC018742.1","lncRNA","ENSG00000233005"
"ENSG00000233009.1",6.84920270293073,-1.09982578583195,0.189339595071999,-5.80874689952581,6.29421567536855e-09,4.82221190788907e-08,"NALCN-AS1","lncRNA","ENSG00000233009"
"ENSG00000233028.1",4.15881490798228,1.06850812043529,0.261480353389259,4.08638012984718,4.38155695645772e-05,0.000166589935682117,"AC006970.1","processed_pseudogene","ENSG00000233028"
"ENSG00000233041.8",9.24688809428955,1.29398104705721,0.276422104140981,4.68117790752815,2.85231268447926e-06,1.36751913042761e-05,"PHGR1","protein_coding","ENSG00000233041"
"ENSG00000233052.1",0.749703770631245,3.00787121582441,0.882566312448202,3.40809656271686,0.000654177405264436,0.00193405050596393,"AL513304.1","lncRNA","ENSG00000233052"
"ENSG00000233056.3",126.22338316483,3.62050670729973,0.215693630713548,16.7854131590373,3.12050083092224e-63,3.53162681539624e-60,"ERVH48-1","protein_coding","ENSG00000233056"
"ENSG00000233061.1",1.04577025576916,1.59365138868686,0.257570088850897,6.18725332509165,6.12215400810726e-10,5.54916397669219e-09,"TTLL7-IT1","lncRNA","ENSG00000233061"
"ENSG00000233087.7",8.85652870280959,1.0665080875438,0.131546384614048,8.10746787661928,5.16855264468669e-16,1.1679552989599e-14,"RAB6D","protein_coding","ENSG00000233087"
"ENSG00000233190.1",1.29687988114869,1.3247662314738,0.238822416959079,5.54707656149714,2.90485564955355e-08,1.98079554359431e-07,"RPS24P13","processed_pseudogene","ENSG00000233190"
"ENSG00000233191.2",6.12420069247808,2.05095937287158,0.224853668094865,9.12130716055869,7.4223606725428e-20,2.76425265887945e-18,"AC006372.2","lncRNA","ENSG00000233191"
"ENSG00000233214.1",6.70479337234214,2.2427295206489,0.264092257153299,8.49221989627305,2.02726967737966e-17,5.57711333325317e-16,"AC002511.2","lncRNA","ENSG00000233214"
"ENSG00000233215.6",4.45454426085488,1.15115602923231,0.331847807976791,3.46892762754912,0.000522540196938586,0.00157749371990729,"LINC01687","lncRNA","ENSG00000233215"
"ENSG00000233221.7",37.7556507451598,1.01602180075552,0.194048742769693,5.23591024736185,1.64173723177932e-07,9.79775890352785e-07,"AC133785.1","lncRNA","ENSG00000233221"
"ENSG00000233238.1",2.10530555511265,3.38494089826697,0.658194132490784,5.14276978656349,2.7071727706485e-07,1.56296358501533e-06,"DEFA9P","unprocessed_pseudogene","ENSG00000233238"
"ENSG00000233275.1",0.453198402199431,-1.17915439397329,0.2842189313498,-4.14875387917795,3.34289976033937e-05,0.000130160325817572,"AC009238.2","processed_pseudogene","ENSG00000233275"
"ENSG00000233304.7",3.86100821324572,3.00693749149389,0.428946055564733,7.01005977904397,2.38216321697309e-12,3.17065386752244e-11,"LINC01346","lncRNA","ENSG00000233304"
"ENSG00000233316.4",1.03963280917215,1.40125299148162,0.494205188929517,2.83536681295644,0.00457730963379515,0.0110233672070999,"DSCR10","lncRNA","ENSG00000233316"
"ENSG00000233342.2",2.24147111528136,3.50850948691567,0.374143952267733,9.37743204360291,6.75990205069449e-21,2.90219904374547e-19,"AL139393.2","lncRNA","ENSG00000233342"
"ENSG00000233359.2",0.558962135644985,2.33043766649512,0.805621476270479,2.89272038437156,0.003819211370583,0.00939593797908721,"AC114485.1","lncRNA","ENSG00000233359"
"ENSG00000233365.2",2.5993132094113,-1.24189769278948,0.214558032901471,-5.78816684696105,7.11587127720178e-09,5.40899148222075e-08,"AL121956.1","lncRNA","ENSG00000233365"
"ENSG00000233381.3",3.0692272805062,1.13815420027171,0.209478669359974,5.43327014511376,5.53305433957899e-08,3.5828549421085e-07,"AK4P3","processed_pseudogene","ENSG00000233381"
"ENSG00000233392.5",49.520605801876,1.11672707742552,0.226037584816709,4.94044863526149,7.79430239777355e-07,4.15930926774706e-06,"UICLM","lncRNA","ENSG00000233392"
"ENSG00000233393.1",13.344144837289,2.34820354862602,0.252883340822989,9.28571862813887,1.60619582850788e-20,6.61022592332289e-19,"AP000688.2","lncRNA","ENSG00000233393"
"ENSG00000233397.3",2.48561684733931,-1.20966767659072,0.230230493894492,-5.25415923898019,1.48702184398775e-07,8.94254331949714e-07,"AC008063.1","lncRNA","ENSG00000233397"
"ENSG00000233441.6",0.300907820803646,1.4581109339755,0.536485192966031,2.71789595145048,0.0065698494651782,0.0151829481996458,"CYP2AB1P","transcribed_unitary_pseudogene","ENSG00000233441"
"ENSG00000233445.1",0.617838158647066,2.43999877882431,0.369736400640527,6.59929283294066,4.13123594496282e-11,4.51984280627336e-10,"RPL17P11","processed_pseudogene","ENSG00000233445"
"ENSG00000233451.1",1.15767727719673,-1.01610900918268,0.293395999794225,-3.4632681082746,0.000533656362047405,0.00160718722254481,"AL513128.1","lncRNA","ENSG00000233451"
"ENSG00000233461.6",158.303746378915,1.18457104680142,0.106377876519984,11.1355019065349,8.42689630136044e-29,8.98788052372587e-27,"AL445524.1","lncRNA","ENSG00000233461"
"ENSG00000233480.2",0.543200844451501,2.08866457025546,0.773288408342694,2.70101626730946,0.00691279573176791,0.0158839215816211,"LINC01683","lncRNA","ENSG00000233480"
"ENSG00000233508.3",2.98749554884925,-1.92341401986684,0.396893242015985,-4.84617478014244,1.25864642977152e-06,6.48798475305935e-06,"AL021395.1","lncRNA","ENSG00000233508"
"ENSG00000233522.1",0.503062380674938,1.15739521545688,0.39765720160912,2.91053503060798,0.00360810517619107,0.00892616608133784,"FAM224A","lncRNA","ENSG00000233522"
"ENSG00000233529.1",0.865132480070119,-1.0494610785311,0.24095131647305,-4.35549012096176,1.32769505146402e-05,5.60098151602803e-05,"HCG21","lncRNA","ENSG00000233529"
"ENSG00000233559.2",53.9538932577889,1.53634918019641,0.143451099010479,10.7099157189739,9.14450256464025e-27,7.81078549247669e-25,"LINC00513","lncRNA","ENSG00000233559"
"ENSG00000233571.1",1.1990548681706,2.15232817602193,0.44182664864876,4.87143132403716,1.10792674118217e-06,5.76356731562629e-06,"AL592043.1","lncRNA","ENSG00000233571"
"ENSG00000233610.1",1.00356903826174,1.29551196352005,0.271045198139317,4.77968978020471,1.75565879827655e-06,8.7757092894346e-06,"LINC00462","lncRNA","ENSG00000233610"
"ENSG00000233611.3",0.48350966887121,1.11760720444341,0.410154458827222,2.72484470274698,0.0064331738208127,0.0148958172869613,"AC019068.1","lncRNA","ENSG00000233611"
"ENSG00000233614.6",5.9676416994616,1.83428195073899,0.189615738809872,9.67367984457359,3.90093586233947e-22,1.95733780590267e-20,"DDX11L10","transcribed_unprocessed_pseudogene","ENSG00000233614"
"ENSG00000233639.7",0.804215285868439,1.1283303692349,0.386205053032936,2.9215836519329,0.00348256740199285,0.00864130594758797,"PANTR1","lncRNA","ENSG00000233639"
"ENSG00000233656.2",2.4574384139343,1.33523304672944,0.286042568242994,4.66795223847647,3.04216593850415e-06,1.45102981541178e-05,"AL445430.1","lncRNA","ENSG00000233656"
"ENSG00000233670.7",1.21896982906399,1.73230371982219,0.353090909583915,4.90611248492224,9.28992603900878e-07,4.89523353087603e-06,"PIRT","protein_coding","ENSG00000233670"
"ENSG00000233680.4",142.884813659023,-1.26160768531283,0.158193221939744,-7.97510582212791,1.52250314312822e-15,3.21073217186713e-14,"HNRNPA1P27","processed_pseudogene","ENSG00000233680"
"ENSG00000233714.1",0.923701674966863,1.69328796381015,0.452358434671441,3.74324392788217,0.000181659722822669,0.000607266334670496,"AC012506.3","lncRNA","ENSG00000233714"
"ENSG00000233718.8",9.0429011466497,2.00634417126827,0.238837615665651,8.40045302611359,4.4475943357935e-17,1.16383003226226e-15,"MYCNOS","lncRNA","ENSG00000233718"
"ENSG00000233746.2",3.31326188570088,-1.23599875185707,0.151824927168702,-8.14094743799004,3.92196640547235e-16,9.03804735623077e-15,"LINC00656","lncRNA","ENSG00000233746"
"ENSG00000233765.1",5.24542304420739,1.07150754975716,0.16025393644144,6.68631032441884,2.28867445829164e-11,2.60978067322072e-10,"CDRT15P12","unprocessed_pseudogene","ENSG00000233765"
"ENSG00000233854.2",51.5197838802441,1.2858519015237,0.330085647155831,3.89550988539851,9.79923651661882e-05,0.000347718423094061,"POU6F2-AS2","lncRNA","ENSG00000233854"
"ENSG00000233928.6",13.8884558664598,1.00428260044821,0.331046804173192,3.03365743993953,0.00241608605244568,0.00623463132781014,"AL591501.1","lncRNA","ENSG00000233928"
"ENSG00000233936.1",6.61169225897632,-1.25616731868688,0.246364115867451,-5.09882421092007,3.41769758009995e-07,1.94343688075384e-06,"AL390778.2","lncRNA","ENSG00000233936"
"ENSG00000233968.7",29.9077293186431,-1.17037258055232,0.103300601571357,-11.3297750714827,9.34443957022311e-30,1.14674849822169e-27,"AL157895.1","lncRNA","ENSG00000233968"
"ENSG00000234042.1",5.25970225537529,1.04197808658649,0.194253771673941,5.36400440314471,8.13969181428318e-08,5.13208702552367e-07,"AL591438.2","processed_pseudogene","ENSG00000234042"
"ENSG00000234068.7",34.9971304898652,1.32298403292448,0.48108307519519,2.75001159080001,0.00595931567014013,0.0139348254332254,"PAGE2","protein_coding","ENSG00000234068"
"ENSG00000234099.1",0.726135797428086,1.04869824234054,0.259241018439435,4.04526354916145,5.22642937432501e-05,0.000195843292557826,"MTND4P11","unprocessed_pseudogene","ENSG00000234099"
"ENSG00000234210.1",1.90398992679128,1.50614563830601,0.252867235646489,5.95627042964006,2.5805918221932e-09,2.10560427998013e-08,"AC006372.3","lncRNA","ENSG00000234210"
"ENSG00000234224.3",63.0507756332061,2.5585603680887,0.319811587566689,8.00021158568926,1.24205594679159e-15,2.65225814675733e-14,"TMEM229A","protein_coding","ENSG00000234224"
"ENSG00000234233.1",0.560385251112299,1.90147795744525,0.432280219264254,4.39871609365236,1.08893166417595e-05,4.66670272362686e-05,"KCNH1-IT1","lncRNA","ENSG00000234233"
"ENSG00000234283.1",1.75639439839109,1.05010871748006,0.245820439248991,4.2718527421408,1.93855579896216e-05,7.9140860638392e-05,"LINC01731","lncRNA","ENSG00000234283"
"ENSG00000234296.1",0.471071522785842,1.5523756635262,0.470059620800116,3.3025080113961,0.000958243506322048,0.00272999896357452,"AL390961.1","lncRNA","ENSG00000234296"
"ENSG00000234352.9",8.55002205152375,1.60015233836649,0.353316930333693,4.52894328289111,5.9279407198764e-06,2.67259144350918e-05,"AC009264.1","lncRNA","ENSG00000234352"
"ENSG00000234402.1",1.36539704815487,1.4561075855536,0.386805198762031,3.76444678151657,0.000166918211161271,0.000563209000194092,"ELK2BP","unprocessed_pseudogene","ENSG00000234402"
"ENSG00000234423.2",1.10978534199533,1.20863933573764,0.246014761234292,4.91287323440968,8.97513092901303e-07,4.74285031700101e-06,"LINC01250","lncRNA","ENSG00000234423"
"ENSG00000234426.3",4.84504133170245,1.19475159290397,0.26003336567055,4.59460881038499,4.3356184740677e-06,2.01031186399158e-05,"AL139042.1","lncRNA","ENSG00000234426"
"ENSG00000234452.5",0.756658880229719,-1.00585733539345,0.257502442261225,-3.90620503075869,9.37569677577956e-05,0.000334232228310077,"SLC16A12-AS1","lncRNA","ENSG00000234452"
"ENSG00000234460.2",4.99946970197949,1.46041920760266,0.268757627320557,5.43396376193172,5.51157787300191e-08,3.56951545509008e-07,"AL772337.3","transcribed_unprocessed_pseudogene","ENSG00000234460"
"ENSG00000234476.3",4.80143229405762,1.91095892349248,0.207358792277691,9.21571206362624,3.09219047342724e-20,1.21960422515824e-18,"LINC02765","lncRNA","ENSG00000234476"
"ENSG00000234497.5",0.886831938555023,1.11288489625456,0.39999699413393,2.78223314818696,0.00539862415931149,0.0127762155200101,"ERICH3-AS1","lncRNA","ENSG00000234497"
"ENSG00000234567.1",2.13390420086362,2.48852287354281,0.323917006289428,7.68259407571595,1.55898977363265e-14,2.85987934926227e-13,"AL024497.2","lncRNA","ENSG00000234567"
"ENSG00000234601.1",0.416803256987162,1.41057687956775,0.368330363301925,3.8296513676541,0.000128324930371826,0.000443305294059632,"CHRM3-AS1","lncRNA","ENSG00000234601"
"ENSG00000234647.2",7.55208537634648,1.8501198292963,0.288990417678002,6.40201098763674,1.53343628397689e-10,1.54492568046663e-09,"AL606970.3","lncRNA","ENSG00000234647"
"ENSG00000234660.2",1.54496702743178,-2.57691596573374,0.381957575855899,-6.74660257741799,1.51347080977225e-11,1.77091732345062e-10,"LINC00440","lncRNA","ENSG00000234660"
"ENSG00000234661.2",3.95367798460311,1.05057630237705,0.193773394482924,5.42167465859009,5.90432688090424e-08,3.80332000171829e-07,"CHL1-AS1","lncRNA","ENSG00000234661"
"ENSG00000234698.1",0.836092924943636,1.22384877187928,0.203569544651152,6.01194434057676,1.83311266060686e-09,1.52920780366719e-08,"AL161937.1","lncRNA","ENSG00000234698"
"ENSG00000234703.1",2.18140261925481,-1.09106113888532,0.242000748655068,-4.50850315525449,6.52865983857997e-06,2.91855593376414e-05,"AF015262.1","lncRNA","ENSG00000234703"
"ENSG00000234710.2",1.80208036991231,1.88486295157161,0.478534296693943,3.93882520979916,8.18815528156586e-05,0.000295256226778332,"AC060834.2","lncRNA","ENSG00000234710"
"ENSG00000234713.3",0.884289497340263,1.33171134932762,0.371005032467492,3.58946977206921,0.000331351249163515,0.00104458712044793,"AC022616.1","processed_pseudogene","ENSG00000234713"
"ENSG00000234721.3",0.352273910723995,1.01075334820538,0.388241419079079,2.60341452131232,0.00923002807928255,0.0205249991286,"LINC02092","lncRNA","ENSG00000234721"
"ENSG00000234722.5",17.0092738690717,1.95322555407694,0.258745275301718,7.54883563303455,4.39166692024713e-14,7.58176632761139e-13,"LINC01287","lncRNA","ENSG00000234722"
"ENSG00000234768.1",6.62166372153795,1.62315868169504,0.352475052639597,4.60503139027746,4.12403648819747e-06,1.91941533743009e-05,"AL611929.1","lncRNA","ENSG00000234768"
"ENSG00000234770.1",1.48760561476655,-1.05762647060606,0.192701863937704,-5.48840809836675,4.05572186589443e-08,2.68730323600808e-07,"GULOP","unitary_pseudogene","ENSG00000234770"
"ENSG00000234819.1",1.91990572456132,1.04043736026377,0.280367991398999,3.71097055363606,0.000206466122537029,0.000681579098243897,"AL353705.3","processed_pseudogene","ENSG00000234819"
"ENSG00000234828.9",2.0849154783036,1.23014694009229,0.306331682208316,4.01573526846545,5.92607475199816e-05,0.000219616212134493,"IQCM","protein_coding","ENSG00000234828"
"ENSG00000234854.1",237.681413949572,3.21719775574224,0.590715050297746,5.44627693863671,5.14350340442035e-08,3.35191553432978e-07,"LINC00676","lncRNA","ENSG00000234854"
"ENSG00000234859.5",0.621222942136507,1.33647587178646,0.38404142678879,3.48003048254863,0.000501356736146307,0.00152052832371661,"AC003958.2","lncRNA","ENSG00000234859"
"ENSG00000234892.1",0.34262601445504,-1.00634122373571,0.422810481304849,-2.38012364459369,0.017306829839013,0.0356091388814719,"Z82214.1","lncRNA","ENSG00000234892"
"ENSG00000234988.2",0.704114533714285,1.41637652921274,0.268184630660829,5.28134862062256,1.28236413704896e-07,7.7946236067113e-07,"LINC01849","lncRNA","ENSG00000234988"
"ENSG00000235010.1",1.33632762787366,1.77476252182053,0.235674460715457,7.53056787075158,5.05201228475381e-14,8.63036211814358e-13,"AL512622.1","lncRNA","ENSG00000235010"
"ENSG00000235012.1",1.23968762919641,1.39980533917135,0.301702311419648,4.63969047033355,3.48931407091115e-06,1.64352743573564e-05,"JCADP1","processed_pseudogene","ENSG00000235012"
"ENSG00000235021.1",2.13757472491805,1.20549707621765,0.221998129182238,5.43021277097364,5.62869033619902e-08,3.64015445028185e-07,"AL591848.1","lncRNA","ENSG00000235021"
"ENSG00000235024.1",0.727499180237304,1.69178037542869,0.386247678772621,4.38004023947706,1.18657395269159e-05,5.05696470235497e-05,"AC097468.2","lncRNA","ENSG00000235024"
"ENSG00000235052.1",9.60271216747078,1.06447151698025,0.132334923485104,8.04376871159086,8.71168750172797e-16,1.89807638440055e-14,"AL021154.1","lncRNA","ENSG00000235052"
"ENSG00000235077.1",0.800239847208733,1.41276023512819,0.224269978491539,6.2993729460829,2.9885214909745e-10,2.85757641649318e-09,"AC073842.1","lncRNA","ENSG00000235077"
"ENSG00000235123.5",672.399314156889,2.81475294343643,0.466685016845865,6.0313762855731,1.62569155063621e-09,1.37190453288259e-08,"DSCAM-AS1","lncRNA","ENSG00000235123"
"ENSG00000235126.1",1.76752908796718,1.27900840578267,0.263276066437622,4.85805042246674,1.18547223992808e-06,6.13953164756449e-06,"AC128709.2","lncRNA","ENSG00000235126"
"ENSG00000235140.2",1.30896410757039,-1.04023653195299,0.206747578249798,-5.03143272951012,4.86827930630112e-07,2.69165834952675e-06,"AC026391.1","lncRNA","ENSG00000235140"
"ENSG00000235200.3",0.524034219934478,-1.12776770818749,0.426163657483288,-2.64632539256755,0.0081371501587845,0.01835826507112,"LINC01702","lncRNA","ENSG00000235200"
"ENSG00000235207.1",1.69408368078561,1.09081016667554,0.204755125815594,5.32738881300558,9.9634731856503e-08,6.1749587466223e-07,"TUBBP6","processed_pseudogene","ENSG00000235207"
"ENSG00000235218.2",0.71037742650628,1.41263767429067,0.568762923040067,2.48370211394943,0.0130024524862514,0.0277259078687047,"DNAJC17P1","processed_pseudogene","ENSG00000235218"
"ENSG00000235221.3",4.37375894017269,2.61023604070405,0.603127050687036,4.3278377876281,1.50580301496505e-05,6.28806700240864e-05,"LINC00383","lncRNA","ENSG00000235221"
"ENSG00000235277.1",16.6314466189305,1.59387851906163,0.369565140499179,4.31284865479669,1.61164445907287e-05,6.69145319433464e-05,"AF127577.3","lncRNA","ENSG00000235277"
"ENSG00000235343.2",0.607642666019185,1.88153107319624,0.495229735279,3.79930957121593,0.000145099754244117,0.0004959979266019,"LINC01665","lncRNA","ENSG00000235343"
"ENSG00000235349.1",3.64939298795616,1.15019986573972,0.290932245638835,3.95349736229509,7.70171133533676e-05,0.000279123665660581,"AC016769.3","processed_pseudogene","ENSG00000235349"
"ENSG00000235356.2",0.455211546804069,1.63130371096723,0.601317935093784,2.71288051754652,0.0066701151903173,0.0153849922553837,"AL592466.1","lncRNA","ENSG00000235356"
"ENSG00000235385.2",26.4266230512983,-1.24797968515427,0.168959826135069,-7.38625100239282,1.51026571179284e-13,2.41399591587193e-12,"LINC02154","lncRNA","ENSG00000235385"
"ENSG00000235407.1",2.55218688055386,-2.0835770034092,0.330013685621461,-6.3136078720055,2.72604151898481e-10,2.62445911172018e-09,"CYMP-AS1","lncRNA","ENSG00000235407"
"ENSG00000235434.1",0.293637348052147,1.17876719127082,0.453338058454256,2.60019464346331,0.00931708971287188,0.0206888079193773,"AL391883.1","lncRNA","ENSG00000235434"
"ENSG00000235493.2",6.05558685921257,1.20397141618057,0.331998232221555,3.62643923771592,0.000287356398073937,0.000919337395110045,"LINC01967","lncRNA","ENSG00000235493"
"ENSG00000235523.1",0.443547314523997,1.63782561619898,0.529504700322435,3.09312762512144,0.001980589392604,0.00523043515833969,"AL135924.2","lncRNA","ENSG00000235523"
"ENSG00000235526.1",0.658968175180575,1.43001358208219,0.396959901333784,3.60241318399504,0.000315276710391142,0.000998703079728371,"AL355990.1","lncRNA","ENSG00000235526"
"ENSG00000235571.1",0.482781375622341,-1.10579721349029,0.350063063875503,-3.15885144021809,0.00158392208306573,0.00427800712166703,"SNX18P14","processed_pseudogene","ENSG00000235571"
"ENSG00000235578.1",0.72847010999899,1.08658053633897,0.331523054472291,3.27754140075886,0.00104715372988228,0.00295176777303973,"AC007731.2","lncRNA","ENSG00000235578"
"ENSG00000235584.3",271.883884092232,-1.99109649677543,0.235833974961789,-8.44278903028303,3.09854047377362e-17,8.30551542914201e-16,"AC008268.1","lncRNA","ENSG00000235584"
"ENSG00000235601.1",31.5016617609146,1.87226683225841,0.301252331360029,6.21494553687237,5.13424547698962e-10,4.71030316300356e-09,"BARX1-DT","lncRNA","ENSG00000235601"
"ENSG00000235615.2",0.697100206795697,1.22800836893174,0.404716405249247,3.03424411020716,0.00241139224981413,0.00622370166186348,"AJ239322.1","lncRNA","ENSG00000235615"
"ENSG00000235637.1",0.649350962862877,-1.36815583356786,0.233992788113244,-5.84700000628108,5.00517486211778e-09,3.88800456448551e-08,"AC069023.1","lncRNA","ENSG00000235637"
"ENSG00000235661.3",1.2838589562881,1.4357270876057,0.533418700349817,2.69155747007772,0.00711192438072639,0.016289697270291,"MIR670HG","lncRNA","ENSG00000235661"
"ENSG00000235743.2",2.83268021665513,2.02524831966598,0.286204158679236,7.07623651945528,1.48121972163707e-12,2.03882888914389e-11,"AL139231.1","lncRNA","ENSG00000235743"
"ENSG00000235748.1",2.46338384851306,1.15160807582639,0.168442257242758,6.83681217930189,8.09747906832769e-12,9.8925214297114e-11,"SEPTIN14P12","processed_pseudogene","ENSG00000235748"
"ENSG00000235806.1",5.10163888663807,-1.03607134584473,0.169218381008096,-6.12268797084848,9.20097704509602e-10,8.08618222062872e-09,"AF241728.1","lncRNA","ENSG00000235806"
"ENSG00000235899.2",49.8872567841099,1.6505646175828,0.18099545061499,9.11937074647169,7.55617722992384e-20,2.80895373064587e-18,"LINC01564","lncRNA","ENSG00000235899"
"ENSG00000235902.1",2.26028975227742,1.83564019618069,0.237830270971627,7.71827820185125,1.17911622072641e-14,2.19564589492944e-13,"AC108472.1","lncRNA","ENSG00000235902"
"ENSG00000235939.1",15.3713994810359,1.92999074092545,0.194780175858484,9.90855836544511,3.82119901659379e-23,2.20519988007197e-21,"AL138760.1","lncRNA","ENSG00000235939"
"ENSG00000235947.1",30.297105866407,-1.35847051780066,0.15444145015166,-8.79602280648526,1.41750793526322e-18,4.54752171704167e-17,"EGOT","lncRNA","ENSG00000235947"
"ENSG00000235959.1",0.864473960176961,-1.5513726989049,0.285895102617468,-5.42637031799968,5.75115754553935e-08,3.71346136098113e-07,"AC009237.6","processed_pseudogene","ENSG00000235959"
"ENSG00000235992.1",0.421921271912225,1.45910284001674,0.530005124871774,2.75299760614532,0.00590523280402945,0.0138210535463334,"GRAMD4P2","processed_pseudogene","ENSG00000235992"
"ENSG00000236039.3",785.221395202617,-1.01688830551922,0.159808255179683,-6.36317757412381,1.97621990456449e-10,1.95667381705154e-09,"AC019117.1","lncRNA","ENSG00000236039"
"ENSG00000236069.2",1.9347852035155,-1.04671861243888,0.252483347690039,-4.14569365471139,3.38786529119483e-05,0.000131697162063879,"AL136987.1","lncRNA","ENSG00000236069"
"ENSG00000236117.1",0.637914299978218,2.4161157236363,0.655680566749408,3.68489756470045,0.000228794638814747,0.000748136434127548,"LINC01639","lncRNA","ENSG00000236117"
"ENSG00000236164.1",8.54464452431558,-1.21510721715873,0.262461156692438,-4.62966494726929,3.66257875471369e-06,1.72056319846996e-05,"AL161618.1","lncRNA","ENSG00000236164"
"ENSG00000236172.7",0.774693332942786,-1.33519466103272,0.346957113392517,-3.84829885162837,0.000118940901014276,0.000413976518881311,"MIR7515HG","lncRNA","ENSG00000236172"
"ENSG00000236202.1",0.794308954653668,-1.16087815202891,0.236919240179624,-4.899889730985,9.58904582118006e-07,5.04111605022373e-06,"GRM7-AS1","lncRNA","ENSG00000236202"
"ENSG00000236235.1",1.79388188122033,-1.6527702019155,0.465451525296467,-3.55089652109912,0.000383921331644342,0.00119387168487143,"AP000542.1","unprocessed_pseudogene","ENSG00000236235"
"ENSG00000236242.1",21.1955872757512,1.7759586820516,0.231883415184649,7.65884304678452,1.87615513348781e-14,3.40794420881381e-13,"MYO16-AS1","lncRNA","ENSG00000236242"
"ENSG00000236276.2",0.363787613104473,-1.02697327503571,0.420791080346748,-2.44057757638172,0.0146637960946056,0.0308168898892307,"NDP-AS1","lncRNA","ENSG00000236276"
"ENSG00000236279.7",31.6616985244988,1.76707895196797,0.249617614479757,7.07914365599099,1.45047964747417e-12,1.99921827730177e-11,"CLEC2L","protein_coding","ENSG00000236279"
"ENSG00000236289.4",6.18868715581158,3.05184527056625,0.42016085899699,7.2635163538356,3.77154814514619e-13,5.67654917169158e-12,"GACAT3","lncRNA","ENSG00000236289"
"ENSG00000236301.5",1.0415425806654,1.48740825388369,0.47140940812852,3.1552366758836,0.00160367955762615,0.00432504606318393,"MRGPRG-AS1","lncRNA","ENSG00000236301"
"ENSG00000236345.1",141.699903095078,1.06268837799444,0.15832602877685,6.71202572441342,1.91940845002112e-11,2.21160798866546e-10,"SCAT8","lncRNA","ENSG00000236345"
"ENSG00000236347.1",5.35784645392737,1.29762839201041,0.311117983366331,4.17085627121239,3.0345722219555e-05,0.000119042534218306,"AL513123.1","lncRNA","ENSG00000236347"
"ENSG00000236389.1",0.643223957784376,1.81348263118033,0.306627213426193,5.91429120369595,3.33307747061337e-09,2.66901681181605e-08,"AL121970.1","lncRNA","ENSG00000236389"
"ENSG00000236427.1",1.08546856794044,1.33505627709481,0.215916302945323,6.18321200800148,6.28102682884579e-10,5.67720079447846e-09,"AL589986.2","lncRNA","ENSG00000236427"
"ENSG00000236449.2",40.8158345606077,2.09008970948943,0.211916804786225,9.86278417890383,6.03522374850966e-23,3.35919564461105e-21,"AC010894.2","lncRNA","ENSG00000236449"
"ENSG00000236453.5",9.12973191935921,-1.72095889121551,0.292406086211367,-5.88550981791641,3.96828827459893e-09,3.13454767685118e-08,"AC003092.1","lncRNA","ENSG00000236453"
"ENSG00000236466.2",5.58008964890799,-1.22118055791187,0.222586990879427,-5.48630696289601,4.10423459943517e-08,2.71679659276665e-07,"AL035670.1","lncRNA","ENSG00000236466"
"ENSG00000236497.2",1.02547876805443,1.47187275087211,0.324221520388192,4.53971330807969,5.633076781946e-06,2.55037723443522e-05,"LINC01744","lncRNA","ENSG00000236497"
"ENSG00000236510.1",3.09795594224927,1.18106704796751,0.182498188787144,6.47166449057224,9.69291607714907e-11,1.00411512771748e-09,"AC011284.1","lncRNA","ENSG00000236510"
"ENSG00000236516.1",3.04309578028688,2.27619861727937,0.449226160035804,5.06693247138134,4.04277619842831e-07,2.26723786170082e-06,"KLF2P4","processed_pseudogene","ENSG00000236516"
"ENSG00000236595.1",0.625361946802425,1.63372858431444,0.387347941311451,4.21772884291859,2.46775322380337e-05,9.86592773990981e-05,"MED15P5","processed_pseudogene","ENSG00000236595"
"ENSG00000236627.1",1.08906956449186,2.25177629923171,0.382156966003855,5.89228118167808,3.80900308654919e-09,3.01809048532232e-08,"AL590302.2","lncRNA","ENSG00000236627"
"ENSG00000236651.1",0.709413201370048,1.26832689346768,0.348617824108902,3.6381584811667,0.000274594443691119,0.000883154516838274,"DLX2-DT","lncRNA","ENSG00000236651"
"ENSG00000236658.1",0.70088204768216,1.29009176411368,0.343616269850846,3.7544548303073,0.000173719167694846,0.000583739385516792,"AL161733.1","lncRNA","ENSG00000236658"
"ENSG00000236668.2",0.77523393788834,2.10911302269812,0.393407952257489,5.3611346964275,8.27008216679991e-08,5.21026685823301e-07,"AC006450.3","lncRNA","ENSG00000236668"
"ENSG00000236687.1",12.4475606367891,4.41247942835596,0.520049098375888,8.48473623382125,2.16208601705256e-17,5.92001818499815e-16,"AL160271.2","lncRNA","ENSG00000236687"
"ENSG00000236719.5",2.30001941003624,-1.13510384678458,0.242147696435032,-4.68765081599332,2.76359028838194e-06,1.3282642340397e-05,"OVAAL","lncRNA","ENSG00000236719"
"ENSG00000236731.1",0.766934645808163,1.31635555324369,0.378911728232251,3.47404277873615,0.000512679289733252,0.00155025176648374,"AL135929.2","unprocessed_pseudogene","ENSG00000236731"
"ENSG00000236750.1",1.14450638170632,-1.50810872593833,0.251020750339715,-6.0079046210218,1.87936340247692e-09,1.56458731318179e-08,"AC009237.9","processed_pseudogene","ENSG00000236750"
"ENSG00000236882.8",18.4045162791677,1.07794920955425,0.142515100033197,7.56375436219155,3.91598923675464e-14,6.81542714536926e-13,"LINC01554","lncRNA","ENSG00000236882"
"ENSG00000236892.2",0.687921313929572,1.37007654769884,0.340206966859551,4.02718545227339,5.64485087696857e-05,0.000210054031674427,"AL357833.1","lncRNA","ENSG00000236892"
"ENSG00000236924.1",5.11686818409566,1.38676287203869,0.186512913354346,7.43521103766179,1.0440115038553e-13,1.70896587792594e-12,"AL162411.1","lncRNA","ENSG00000236924"
"ENSG00000236939.2",7.13192075228997,1.46503915473834,0.180716750094163,8.10682548228085,5.19594063691787e-16,1.17349340005513e-14,"BAALC-AS2","lncRNA","ENSG00000236939"
"ENSG00000236961.1",1.46487689586338,1.39118519770052,0.304063437062828,4.57531234645968,4.75510018341577e-06,2.18640161125052e-05,"AL136131.2","lncRNA","ENSG00000236961"
"ENSG00000236975.2",50.0963802360996,1.18157786270368,0.165279650559695,7.14896152492121,8.74368309878066e-13,1.24647963783632e-11,"LINC02814","lncRNA","ENSG00000236975"
"ENSG00000236993.2",3.62089905880838,1.02214277237496,0.162281001053375,6.29859789957037,3.00350004777363e-10,2.87013580541858e-09,"GAPDHP21","processed_pseudogene","ENSG00000236993"
"ENSG00000237074.2",18.5537959790765,-1.37192026675251,0.200362459398412,-6.84719218795625,7.53135107134846e-12,9.2619932598838e-11,"AL596218.1","lncRNA","ENSG00000237074"
"ENSG00000237128.1",0.591238970909415,1.01158283809701,0.303477501479856,3.33330422573074,0.000858210454837692,0.0024720142903834,"LINC02652","lncRNA","ENSG00000237128"
"ENSG00000237136.8",1.89896447945958,1.298447637557,0.207309599310128,6.26332616472125,3.76851221103532e-10,3.53291516369563e-09,"C4orf51","protein_coding","ENSG00000237136"
"ENSG00000237158.1",0.497118890041697,1.46004455144637,0.378585247772008,3.8565806777702,0.000114984159230762,0.000401714937363999,"AL353718.1","processed_pseudogene","ENSG00000237158"
"ENSG00000237160.2",0.869843806917667,-1.0666623670796,0.249811898162928,-4.26986214397171,1.95593823877271e-05,7.97705622245409e-05,"AC004022.2","processed_pseudogene","ENSG00000237160"
"ENSG00000237174.7",2.31279983241215,1.3085416562292,0.193400843336961,6.76595630945281,1.32431507284696e-11,1.5607916983802e-10,"AL445465.1","lncRNA","ENSG00000237174"
"ENSG00000237265.6",3.28460840352173,2.94069926919389,0.356069603732761,8.25877648180539,1.4717322914324e-16,3.59273749250032e-15,"BX276092.7","transcribed_unprocessed_pseudogene","ENSG00000237265"
"ENSG00000237268.2",1.07150281479527,1.28068986432924,0.466316329845251,2.74639720370556,0.00602537650677668,0.0140642747072817,"AC092447.7","transcribed_unprocessed_pseudogene","ENSG00000237268"
"ENSG00000237289.10",164.802117442664,1.27233676980193,0.157194228219552,8.09404253713988,5.77165194622022e-16,1.2899309667847e-14,"CKMT1B","protein_coding","ENSG00000237289"
"ENSG00000237303.2",0.343384421661413,1.08363707120166,0.301193744157924,3.59780736559217,0.000320911151032515,0.00101513066976069,"HIGD1AP8","processed_pseudogene","ENSG00000237303"
"ENSG00000237336.1",2.2403778595874,-1.18311621435221,0.272667529419421,-4.33904329155499,1.43104333144724e-05,5.99783956929894e-05,"AL445489.1","lncRNA","ENSG00000237336"
"ENSG00000237353.7",0.923546334632891,1.07116328861681,0.220575511366327,4.85622035729001,1.19647550267373e-06,6.19100856050747e-06,"PATE4","protein_coding","ENSG00000237353"
"ENSG00000237361.3",70.0549476523868,2.42645278800661,0.28457933131816,8.52645473853417,1.50901182039638e-17,4.22153602990862e-16,"TUSC8","lncRNA","ENSG00000237361"
"ENSG00000237370.1",0.406412848102446,1.07935179898222,0.396405991715351,2.72284430997519,0.00647225512099583,0.0149752450675639,"AC010907.2","lncRNA","ENSG00000237370"
"ENSG00000237412.7",3.00817591228765,2.08392339191548,0.302814291094051,6.88185284910556,5.90790249955803e-12,7.38360955642616e-11,"PRSS56","protein_coding","ENSG00000237412"
"ENSG00000237413.5",18.5656947566425,-1.57056326943285,0.186316488423583,-8.42954524702203,3.47011083406695e-17,9.22261746330006e-16,"MGC27382","lncRNA","ENSG00000237413"
"ENSG00000237457.6",0.646284179565432,1.38644247823687,0.339249668795717,4.08679095593083,4.37380877461512e-05,0.000166310864119593,"LINC01351","lncRNA","ENSG00000237457"
"ENSG00000237463.6",37.7206231687476,-1.27925340157247,0.201019224709038,-6.36383611281014,1.96776100908455e-10,1.94877216317773e-09,"LRRC52-AS1","lncRNA","ENSG00000237463"
"ENSG00000237464.1",0.588065296000362,1.47124881284038,0.315435169708403,4.66418761801496,3.0983860322569e-06,1.47404883363198e-05,"AL031663.2","lncRNA","ENSG00000237464"
"ENSG00000237470.3",4.21482187947048,-1.10092707930502,0.148453219090557,-7.41598657172567,1.20722731774074e-13,1.95648618165119e-12,"DCLRE1CP1","unprocessed_pseudogene","ENSG00000237470"
"ENSG00000237515.9",12.3952687443815,1.49147038732814,0.270770751668134,5.50824037729207,3.62438277328652e-08,2.42317406189715e-07,"SHISA9","protein_coding","ENSG00000237515"
"ENSG00000237541.4",2983.42802384288,-1.13646765728675,0.145190756913754,-7.82741051458138,4.98020873260741e-15,9.80234997065814e-14,"HLA-DQA2","protein_coding","ENSG00000237541"
"ENSG00000237548.1",9.37907780684797,-1.32298456680511,0.180137434305974,-7.34430670616717,2.0682835496824e-13,3.24357492935758e-12,"TTLL11-IT1","lncRNA","ENSG00000237548"
"ENSG00000237557.1",0.535603013340716,1.00138185721714,0.28521737879361,3.51094264119777,0.000446520733287436,0.00137064674424245,"YWHABP1","processed_pseudogene","ENSG00000237557"
"ENSG00000237575.4",15.1460311704671,1.02018771107188,0.115222698614854,8.85405153095731,8.4398391420423e-19,2.775337902859e-17,"PYY2","transcribed_unprocessed_pseudogene","ENSG00000237575"
"ENSG00000237583.1",0.61682657131489,1.58505630079992,0.310782359394662,5.10021322924272,3.39271052299041e-07,1.93030589077221e-06,"RPL34P8","processed_pseudogene","ENSG00000237583"
"ENSG00000237594.2",17.8746131456476,1.04294208136948,0.16433074802,6.34660338333365,2.20120643642783e-10,2.15991105343899e-09,"AP000251.1","lncRNA","ENSG00000237594"
"ENSG00000237606.2",2.3646260812968,-2.1894905893655,0.305384165271998,-7.16962710694375,7.52023188709036e-13,1.08114611071179e-11,"AC091286.1","processed_pseudogene","ENSG00000237606"
"ENSG00000237629.1",0.916290267280156,1.21958325830788,0.244819683305529,4.98155720913124,6.30746308674904e-07,3.41599054291395e-06,"UQCRHP2","processed_pseudogene","ENSG00000237629"
"ENSG00000237653.2",0.697554625946871,1.29290600567811,0.508132512800453,2.54442684360535,0.0109457237174246,0.0238520415798807,"AC026320.2","processed_pseudogene","ENSG00000237653"
"ENSG00000237659.1",0.467748346657248,1.9725098053751,0.523034060528788,3.77128365862232,0.000162409927428177,0.000549499059392643,"RNASEH2CP1","processed_pseudogene","ENSG00000237659"
"ENSG00000237685.1",5.29371736243852,1.34352247811591,0.148063258415423,9.07397616731063,1.14751222336871e-19,4.20063706349606e-18,"AL139039.3","lncRNA","ENSG00000237685"
"ENSG00000237706.4",0.768739374357269,-1.5266072328408,0.326674303956894,-4.67317819108981,2.96574243569289e-06,1.41789772421304e-05,"TRIM51EP","unprocessed_pseudogene","ENSG00000237706"
"ENSG00000237707.1",1.20347927050674,1.33271089429476,0.233903342880195,5.69769922004653,1.21435043387058e-08,8.83662792055525e-08,"AL031726.1","lncRNA","ENSG00000237707"
"ENSG00000237720.2",0.422462871294528,1.6851985935858,0.525110935834061,3.20922395361869,0.0013309378007542,0.00365850754392986,"AC011995.2","lncRNA","ENSG00000237720"
"ENSG00000237751.2",4.33210690933199,2.14398111417384,0.280314640464853,7.6484806880526,2.033677497875e-14,3.67116182082061e-13,"LINC01143","lncRNA","ENSG00000237751"
"ENSG00000237763.9",0.957601727990878,-1.17813060014214,0.250680307296762,-4.69973334900792,2.60501407777738e-06,1.2594765464683e-05,"AMY1A","protein_coding","ENSG00000237763"
"ENSG00000237810.3",1.24453434390327,1.99334231137877,0.241341465849681,8.25942738170126,1.46372950693068e-16,3.58091313383242e-15,"AC104852.1","processed_pseudogene","ENSG00000237810"
"ENSG00000237838.1",1.88845279385838,1.57827048775093,0.248205635836564,6.35872139821262,2.03440004250062e-10,2.00842163633639e-09,"AC092422.1","lncRNA","ENSG00000237838"
"ENSG00000237849.1",2.17025927888363,1.35095047710077,0.331513849175305,4.0750951444758,4.59955377066238e-05,0.00017416321494247,"NFYAP1","processed_pseudogene","ENSG00000237849"
"ENSG00000237853.6",2.0155269759193,1.34656306508179,0.19446931869513,6.92429568899143,4.38149886085513e-12,5.58209531231459e-11,"NFIA-AS1","lncRNA","ENSG00000237853"
"ENSG00000237863.3",4.73228769277296,2.11446378860032,0.250186728581121,8.45154257618716,2.87478951356785e-17,7.74653102852479e-16,"AL035425.1","lncRNA","ENSG00000237863"
"ENSG00000237879.1",5.28935511128723,-1.02847426661677,0.115921171195381,-8.87218664210453,7.17234404264575e-19,2.38744128537186e-17,"LINC00398","lncRNA","ENSG00000237879"
"ENSG00000237880.2",3.72079550683334,2.35307127238278,0.449759734578209,5.23184067286397,1.67830381488059e-07,1.00027987609245e-06,"LINC01885","lncRNA","ENSG00000237880"
"ENSG00000237922.1",0.708329532132882,1.68466966014869,0.326961585889162,5.15250027175908,2.57036244904637e-07,1.48819493053142e-06,"AL450309.1","processed_pseudogene","ENSG00000237922"
"ENSG00000237937.6",1.05588351056122,1.04369772373404,0.32726718409759,3.18913039390717,0.00142701493308186,0.00389527464950784,"LINC02702","lncRNA","ENSG00000237937"
"ENSG00000237978.6",107.024829609438,1.00058163928492,0.201444449897903,4.96703503021322,6.79843113285212e-07,3.66234029043156e-06,"KCNMB2-AS1","lncRNA","ENSG00000237978"
"ENSG00000237987.1",0.523615090937686,1.45935349230871,0.473948441003093,3.0791397672288,0.0020759926271532,0.00544882868054518,"AL606970.4","lncRNA","ENSG00000237987"
"ENSG00000238001.2",7.50128159729039,1.11920707359554,0.287676846940053,3.8905010448365,0.000100037446195029,0.000354388807088433,"SNRPCP1","processed_pseudogene","ENSG00000238001"
"ENSG00000238015.2",1.86392712812841,-1.0217708468475,0.191809594073584,-5.32700593931456,9.98449001435281e-08,6.18594287779337e-07,"AC104837.2","processed_pseudogene","ENSG00000238015"
"ENSG00000238045.9",178.735402312405,-1.05853851227925,0.111390427269496,-9.50295764391171,2.04011892659482e-21,9.4027788943725e-20,"AC009133.1","lncRNA","ENSG00000238045"
"ENSG00000238059.1",0.677522940965488,1.64958664386578,0.35499072909673,4.64684429383026,3.37051375996996e-06,1.59144757972131e-05,"HSPE1P21","processed_pseudogene","ENSG00000238059"
"ENSG00000238097.2",26.1120374407446,3.43794894848095,0.312585392424134,10.9984312504794,3.88837394844755e-28,3.90206945274873e-26,"LINC02037","lncRNA","ENSG00000238097"
"ENSG00000238117.1",10.1583272165691,1.33155475062737,0.30803474238516,4.32274210472799,1.54101830635518e-05,6.4171820171534e-05,"AP000844.2","lncRNA","ENSG00000238117"
"ENSG00000238118.1",0.666062243545003,2.07085772045853,0.541242914363961,3.82611516104943,0.000130181407118212,0.00044929954004382,"SLC25A24P2","unprocessed_pseudogene","ENSG00000238118"
"ENSG00000238132.2",6.42240485233831,1.04444642708003,0.130628248933677,7.99556325378223,1.28982837062004e-15,2.74707147434251e-14,"CASC4P1","processed_pseudogene","ENSG00000238132"
"ENSG00000238230.2",0.863522561451651,1.26597818378756,0.285598653037733,4.43271762776941,9.30526997139255e-06,4.04572206215395e-05,"LINC00391","lncRNA","ENSG00000238230"
"ENSG00000238232.1",0.396824925360946,2.06671577675731,0.7601874659932,2.71869225580706,0.00655405548494502,0.0151507451133682,"AL356364.1","lncRNA","ENSG00000238232"
"ENSG00000238254.3",0.986971129927696,-1.16447194072396,0.268848297909503,-4.3313346217127,1.48208244000066e-05,6.19709409410376e-05,"AC008496.1","processed_pseudogene","ENSG00000238254"
"ENSG00000238266.2",49.1177118736758,2.03455253775123,0.210098145773933,9.68381957992347,3.53265657318188e-22,1.78574474889764e-20,"LINC00707","lncRNA","ENSG00000238266"
"ENSG00000238269.9",4.32253460596582,-1.73611667920338,0.327884966142922,-5.29489564473236,1.19084395363145e-07,7.28178826396612e-07,"PAGE2B","protein_coding","ENSG00000238269"
"ENSG00000238276.6",0.484490917801233,1.37262837448995,0.4259668153872,3.22238335219199,0.00127128918253399,0.00350993665135069,"AL354863.1","lncRNA","ENSG00000238276"
"ENSG00000238283.3",1.21861759248644,1.8243617015967,0.275432499803074,6.62362539969343,3.50494319022532e-11,3.87101925723367e-10,"TBC1D3P1","transcribed_unprocessed_pseudogene","ENSG00000238283"
"ENSG00000238284.2",0.712032049689179,1.89315468134393,0.567880531420811,3.33371999319531,0.000856928759924693,0.002469237785778,"LINC01448","lncRNA","ENSG00000238284"
"ENSG00000238419.1",0.950061311855797,-1.1354089198529,0.240472138769584,-4.72158199142076,2.34017256507804e-06,1.14254824228849e-05,"RNU7-186P","snRNA","ENSG00000238419"
"ENSG00000238840.1",14.003064720279,3.31697489592865,0.208583031809097,15.9024196127539,6.09639076036926e-57,5.64511928976648e-54,"U8","snoRNA","ENSG00000238840"
"ENSG00000239142.1",4.8084794197055,4.46301864049854,0.375391003654277,11.8889866753675,1.35034928734172e-32,2.24788720832839e-30,"U8","snoRNA","ENSG00000239142"
"ENSG00000239148.1",10.8243564137433,5.42074348748675,0.411632876070034,13.1688788787718,1.32551347666774e-39,4.28614250633919e-37,"U8","snoRNA","ENSG00000239148"
"ENSG00000239311.1",1.60615941838655,3.50826109332351,0.817446930276732,4.29172948528396,1.77286850719898e-05,7.30559417079228e-05,"AC092916.1","lncRNA","ENSG00000239311"
"ENSG00000239402.3",0.668254858074672,1.72739317085338,0.458920369423341,3.7640368263103,0.000167192245587076,0.000564040213791026,"CYP4F62P","transcribed_unprocessed_pseudogene","ENSG00000239402"
"ENSG00000239513.6",3.36979167221731,1.62822808107262,0.511223937287818,3.18496056681307,0.00144773734227257,0.00394575975223837,"LINC01210","lncRNA","ENSG00000239513"
"ENSG00000239542.3",0.802305093517443,1.61654170019731,0.271864075547282,5.94613943362354,2.7454031302718e-09,2.22912523895356e-08,"RN7SL399P","misc_RNA","ENSG00000239542"
"ENSG00000239620.3",6.77179731462489,1.70826079442611,0.299050786363788,5.71227655073962,1.11474736901608e-08,8.16726345186516e-08,"PRR20G","protein_coding","ENSG00000239620"
"ENSG00000239783.1",0.595140212646945,1.01227997639077,0.313903697126561,3.22481062076386,0.00126056025022095,0.00348361977038269,"AL121776.1","processed_pseudogene","ENSG00000239783"
"ENSG00000239881.1",1.68178924261743,1.82422362743193,0.222283798841534,8.20673228071118,2.27289598685243e-16,5.41230866115303e-15,"RPS27P25","transcribed_processed_pseudogene","ENSG00000239881"
"ENSG00000239893.2",4.62214932795675,1.80615946161279,0.539495742423113,3.34786601558807,0.000814363723409614,0.00235902034716516,"ZNF736P9Y","transcribed_processed_pseudogene","ENSG00000239893"
"ENSG00000239941.1",5.64683612587794,-1.00649458803562,0.223904821593222,-4.49518943305368,6.9508039347369e-06,3.09166599031643e-05,"AC108718.1","lncRNA","ENSG00000239941"
"ENSG00000239961.3",36.9043312332363,-1.08612051839826,0.119373505627209,-9.09850567503732,9.15831778735372e-20,3.37986722472964e-18,"LILRA4","protein_coding","ENSG00000239961"
"ENSG00000240086.7",40.6167408816626,1.11874240530772,0.208809950852322,5.35770637721638,8.42850677751336e-08,5.30024157487617e-07,"AC092969.1","lncRNA","ENSG00000240086"
"ENSG00000240194.7",0.749434324163393,-1.41992612842611,0.364388983543008,-3.89673176894636,9.74995003660776e-05,0.00034609009787551,"CYMP","transcribed_unitary_pseudogene","ENSG00000240194"
"ENSG00000240204.3",210.596554155871,1.44412383903786,0.149890197012967,9.63454493900577,5.71446292370139e-22,2.81528854776742e-20,"SMKR1","protein_coding","ENSG00000240204"
"ENSG00000240253.6",3.29654195966667,2.21794575221841,0.290449572314253,7.63625070798418,2.23638646138104e-14,4.01220139128348e-13,"FAR2P3","transcribed_unprocessed_pseudogene","ENSG00000240253"
"ENSG00000240298.3",0.689163368405093,1.28788987161637,0.268238886061262,4.80127952560253,1.57655020569543e-06,7.95558397704347e-06,"RPL36AP40","processed_pseudogene","ENSG00000240298"
"ENSG00000240354.1",0.394277066293895,1.27509105173027,0.414337034633899,3.07742476570293,0.00208797537671924,0.00547534149280248,"AC131211.1","lncRNA","ENSG00000240354"
"ENSG00000240427.1",1.28563830561801,1.36944052477391,0.380639799424042,3.59773341317974,0.000321002383410221,0.00101534043220888,"RPS26P34","processed_pseudogene","ENSG00000240427"
"ENSG00000240457.3",0.493125825072732,1.53107485211784,0.354662107113924,4.31699587130133,1.5816711569011e-05,6.57370477870261e-05,"RN7SL472P","misc_RNA","ENSG00000240457"
"ENSG00000240470.3",0.424950213752496,1.04723966493362,0.351725328791771,2.9774360252389,0.00290670300009194,0.00734572635732204,"RN7SL346P","misc_RNA","ENSG00000240470"
"ENSG00000240476.1",80.2892547875977,-1.89994153755995,0.294965201189207,-6.44123961029972,1.18501616895752e-10,1.20944673777145e-09,"LINC00973","lncRNA","ENSG00000240476"
"ENSG00000240520.6",6.08810294183493,1.05135426109525,0.172273998694546,6.10280291316264,1.04224329629023e-09,9.08442574515803e-09,"UOX","transcribed_unitary_pseudogene","ENSG00000240520"
"ENSG00000240583.13",19298.7447947795,-1.65824100767151,0.141676005944392,-11.7044590339622,1.20927993182417e-31,1.73484831909551e-29,"AQP1","protein_coding","ENSG00000240583"
"ENSG00000240596.1",0.427797855288791,1.17261947924597,0.428737928835361,2.73504954980614,0.00623708865626659,0.0145044351097186,"KCNAB1-AS2","lncRNA","ENSG00000240596"
"ENSG00000240602.7",43.0338532870267,1.14175053683641,0.179002756430684,6.37839639792663,1.78951837608456e-10,1.78439420452308e-09,"AADACP1","transcribed_unprocessed_pseudogene","ENSG00000240602"
"ENSG00000240624.1",0.657543412702231,1.42133283109226,0.359247223657183,3.9564198064578,7.60814123151502e-05,0.000276076325432505,"AL138976.1","processed_pseudogene","ENSG00000240624"
"ENSG00000240708.2",0.773175278878241,1.44660277024859,0.390375202593947,3.70567280051671,0.000210830330839989,0.000694298429470877,"LINC02030","lncRNA","ENSG00000240708"
"ENSG00000240922.1",3.80895347212369,1.30036746615839,0.307269983561767,4.23200291510738,2.31619406113752e-05,9.3222063254891e-05,"LSAMP-AS1","lncRNA","ENSG00000240922"
"ENSG00000240990.10",4.83152846714125,1.58008216589755,0.262599380022316,6.01708262130427,1.77588453367637e-09,1.48664194689904e-08,"HOXA11-AS","lncRNA","ENSG00000240990"
"ENSG00000240995.2",0.614745945359852,1.18401875071523,0.273106777516955,4.33536934337606,1.45515586311048e-05,6.09200732950168e-05,"AC069454.1","processed_pseudogene","ENSG00000240995"
"ENSG00000241119.2",0.540223239064463,1.32119233106885,0.44703132389715,2.95548043378907,0.00312182497869712,0.00783205142284832,"UGT1A9","protein_coding","ENSG00000241119"
"ENSG00000241158.7",31.3355256790029,-1.00379799036203,0.114705844126516,-8.75106231950032,2.11353610248039e-18,6.60366575332503e-17,"ADAMTS9-AS1","lncRNA","ENSG00000241158"
"ENSG00000241186.10",14.5887765532222,1.35317503942898,0.182730451524221,7.4053067134769,1.30847692369423e-13,2.11050179343128e-12,"TDGF1","protein_coding","ENSG00000241186"
"ENSG00000241322.11",34.7371325382108,1.56505124165424,0.13494062035956,11.5980735636463,4.21458688453331e-31,5.76224541733358e-29,"CDRT1","protein_coding","ENSG00000241322"
"ENSG00000241361.8",5.22093516116873,2.30489726920991,0.323181727710126,7.13189228098089,9.89983409941617e-13,1.398574690404e-11,"SLC25A24P1","transcribed_unprocessed_pseudogene","ENSG00000241361"
"ENSG00000241369.6",1.45678176597661,2.56845173916218,0.407910945417737,6.29659921611532,3.04246571401289e-10,2.90370533113205e-09,"LINC01192","lncRNA","ENSG00000241369"
"ENSG00000241439.1",4.11767759032225,1.40919936384264,0.279132721039597,5.04849219609309,4.45310658552718e-07,2.4785918253297e-06,"AC092903.1","processed_pseudogene","ENSG00000241439"
"ENSG00000241456.1",5.68244631341574,1.08830877644013,0.228735856590839,4.75792817383629,1.95590064575862e-06,9.6863084976472e-06,"AC005996.1","lncRNA","ENSG00000241456"
"ENSG00000241475.1",1.09401274941232,1.47751566815352,0.380379092818083,3.88432407577182,0.000102614961469092,0.000362259888669546,"AL160408.4","lncRNA","ENSG00000241475"
"ENSG00000241635.8",54.8058904806483,3.08817630493403,0.278365711719593,11.093953654913,1.34221451015098e-28,1.40580580429516e-26,"UGT1A1","protein_coding","ENSG00000241635"
"ENSG00000241644.2",1203.92827416949,-1.08224881486478,0.12943136314409,-8.36156545504328,6.18914423976176e-17,1.58494219836966e-15,"INMT","protein_coding","ENSG00000241644"
"ENSG00000241684.6",50.8634930783407,-1.20691707900384,0.110121765377758,-10.9598413616389,5.96037570622944e-28,5.82358722779152e-26,"ADAMTS9-AS2","lncRNA","ENSG00000241684"
"ENSG00000241749.4",31.8092367659953,-1.42769343059345,0.219469266889436,-6.50520891069772,7.75854817175387e-11,8.13449635001977e-10,"RPSAP52","transcribed_processed_pseudogene","ENSG00000241749"
"ENSG00000241754.2",0.338532337053144,1.36235544133157,0.454059058431135,3.00039260539978,0.0026963181766721,0.00686839737328475,"AC063938.1","lncRNA","ENSG00000241754"
"ENSG00000241785.3",0.431102122430993,1.0972151655107,0.337305140281316,3.25288599099204,0.00114239322521467,0.00319060372737327,"RN7SL390P","misc_RNA","ENSG00000241785"
"ENSG00000241832.1",1.48014316030182,-1.14920873272417,0.275279349653295,-4.17470011525223,2.98378838117838e-05,0.000117219641321329,"CECR3","lncRNA","ENSG00000241832"
"ENSG00000242019.1",1.1800186665111,1.29316059491403,0.362403000678967,3.56829439185456,0.000359312656442504,0.00112455642659679,"KIR3DL3","protein_coding","ENSG00000242019"
"ENSG00000242041.1",0.426851938045092,1.08819485407753,0.33125418264654,3.28507506043681,0.00101955206457506,0.00288349366701246,"RPL35AP28","processed_pseudogene","ENSG00000242041"
"ENSG00000242207.1",8.68831231429005,1.01178348249956,0.303876227838438,3.3295907669273,0.000869737110681267,0.00250216770939746,"HOXB-AS4","lncRNA","ENSG00000242207"
"ENSG00000242221.9",0.472505478184231,1.59508157011011,0.494734857623706,3.2241139784885,0.00126363094030909,0.00349139532083366,"PSG2","protein_coding","ENSG00000242221"
"ENSG00000242366.3",3.41785096000157,2.21271033599113,0.485409669682808,4.55843893146387,5.15352447715598e-06,2.35128832892235e-05,"UGT1A8","protein_coding","ENSG00000242366"
"ENSG00000242407.1",3.12687659482966,2.08578052724453,0.364106892678428,5.72848405011287,1.01332078356451e-08,7.48200954780154e-08,"AC091179.1","lncRNA","ENSG00000242407"
"ENSG00000242440.2",2.65758972777302,1.25266998440564,0.463630892994683,2.70186910176411,0.0068950901843543,0.0158491768339152,"LINC02046","lncRNA","ENSG00000242440"
"ENSG00000242473.1",0.918011068740416,1.4206556859,0.356685279698448,3.98293892896579,6.80682516922115e-05,0.000249084316390854,"KIR2DP1","unprocessed_pseudogene","ENSG00000242473"
"ENSG00000242515.5",24.4643465639107,2.68791853942014,0.432254406069414,6.21837163873467,5.02340642989042e-10,4.6158919299284e-09,"UGT1A10","protein_coding","ENSG00000242515"
"ENSG00000242550.6",3.44373228282043,-1.32777473468462,0.236832635545194,-5.6063841523701,2.06597145402115e-08,1.44529318254093e-07,"SERPINB10","protein_coding","ENSG00000242550"
"ENSG00000242575.1",12.1103002153594,2.40395089520924,0.262681941640593,9.15156512166482,5.61145704577357e-20,2.12874855135896e-18,"TUBAP13","transcribed_processed_pseudogene","ENSG00000242575"
"ENSG00000242599.7",4.48405749048281,1.62544031068568,0.53401281698547,3.04382265553357,0.00233592798771733,0.00605424389335668,"CSAG4","transcribed_unprocessed_pseudogene","ENSG00000242599"
"ENSG00000242640.1",68.863832038387,-1.12398542978731,0.142478206060761,-7.88882356721964,3.05048423078085e-15,6.1649741574754e-14,"RPS29P11","processed_pseudogene","ENSG00000242640"
"ENSG00000242963.1",1.04719503592598,2.79628786183724,0.539878247379512,5.17947866099441,2.22506862473832e-07,1.3021541364222e-06,"AC026336.1","processed_pseudogene","ENSG00000242963"
"ENSG00000243024.6",10.7386508595223,1.09431673249329,0.116460307629188,9.39647812006145,5.64199868783828e-21,2.44805061276459e-19,"AC012158.1","transcribed_processed_pseudogene","ENSG00000243024"
"ENSG00000243135.6",0.750206592469542,2.69066506750067,0.442252935611842,6.08399594629764,1.17223569195114e-09,1.01445197105279e-08,"UGT1A3","protein_coding","ENSG00000243135"
"ENSG00000243137.8",9.08327693959111,3.55876963736329,0.418799607599726,8.49754768816459,1.9363795901039e-17,5.3414971997023e-16,"PSG4","protein_coding","ENSG00000243137"
"ENSG00000243188.1",1.65276666756336,-2.20441535576621,0.307249650106047,-7.17467165546114,7.24809284413969e-13,1.0438637212753e-11,"HNRNPA1P17","unprocessed_pseudogene","ENSG00000243188"
"ENSG00000243236.6",1.71708949879199,1.43107156610121,0.319704479405141,4.47623245305768,7.59717669932671e-06,3.35426712462796e-05,"GSTA9P","transcribed_unprocessed_pseudogene","ENSG00000243236"
"ENSG00000243296.1",1.53985310854197,2.90849190083761,0.375980247913268,7.73575717602203,1.0278948717996e-14,1.93617756642307e-13,"AC078828.1","lncRNA","ENSG00000243296"
"ENSG00000243352.3",4.43140777100464,-1.14375392172963,0.218028289464541,-5.24589687209212,1.55523883412468e-07,9.31565654494881e-07,"RN7SL8P","misc_RNA","ENSG00000243352"
"ENSG00000243384.1",1.77534420090237,-1.03879165364073,0.221167440309087,-4.69685615653457,2.64196367199353e-06,1.27582702249653e-05,"AC119424.1","lncRNA","ENSG00000243384"
"ENSG00000243620.2",1.65535723126826,2.22735985683903,0.418604418394856,5.32091817229229,1.03244836783517e-07,6.3792908478478e-07,"AC092957.1","lncRNA","ENSG00000243620"
"ENSG00000243629.2",5.89743892575459,-1.05593572092818,0.168562747589291,-6.2643480604683,3.74388398876189e-10,3.51144257260878e-09,"LINC00880","lncRNA","ENSG00000243629"
"ENSG00000243766.8",2.01748743916875,1.20871433691024,0.365784191081502,3.30444662831513,0.000951640935658205,0.00271318878811748,"HOTTIP","lncRNA","ENSG00000243766"
"ENSG00000243872.3",0.334690646017567,1.65992869867394,0.665447016661669,2.49445659400693,0.0126150154432371,0.0270171138668949,"RN7SL464P","misc_RNA","ENSG00000243872"
"ENSG00000243902.6",7.42814493038059,-1.14219246438484,0.163495903238724,-6.98606167958287,2.82709825233514e-12,3.71562787402872e-11,"ELFN2","lncRNA","ENSG00000243902"
"ENSG00000243955.6",1105.44198238403,1.52243237426049,0.19713942610279,7.7226174609369,1.13964814305948e-14,2.12798736446711e-13,"GSTA1","protein_coding","ENSG00000243955"
"ENSG00000244044.3",0.550233414774073,1.57432011777751,0.41141263364546,3.82662074284817,0.00012991443931534,0.000448416130212208,"RN7SL735P","misc_RNA","ENSG00000244044"
"ENSG00000244062.1",0.345134048717762,1.36894145579561,0.440202912496038,3.10979645280727,0.00187216309185591,0.00497181207479373,"AC080128.1","processed_pseudogene","ENSG00000244062"
"ENSG00000244094.2",14.5346504765401,-2.24910050794825,0.31810807074042,-7.07024032025753,1.54665608668192e-12,2.1231606785607e-11,"SPRR2F","protein_coding","ENSG00000244094"
"ENSG00000244122.2",4.48183182953623,3.45150880100992,0.298992131271953,11.5438114920507,7.93304412478978e-31,1.06321058150102e-28,"UGT1A7","protein_coding","ENSG00000244122"
"ENSG00000244125.1",1.5826340325475,2.9561433495007,0.351140581805441,8.4186889886132,3.80720621040006e-17,1.00529489715055e-15,"AC078882.1","lncRNA","ENSG00000244125"
"ENSG00000244128.7",36.4186899390102,1.98638363217804,0.311117620385323,6.38467094765601,1.71766407607116e-10,1.71736901721146e-09,"LINC01322","lncRNA","ENSG00000244128"
"ENSG00000244157.1",0.920034760362952,1.40899716646841,0.367989778127532,3.82890300278967,0.000128715721418737,0.000444504546343754,"EIF4E2P2","processed_pseudogene","ENSG00000244157"
"ENSG00000244184.1",4.98538544491537,1.15064443888056,0.120074596890705,9.58274663147865,9.44978325853119e-22,4.55097540546497e-20,"AC091153.3","lncRNA","ENSG00000244184"
"ENSG00000244215.2",5.75340441264514,-1.16298059541719,0.244925786706112,-4.74829788670906,2.05135746045971e-06,1.01258125771153e-05,"LINC02016","lncRNA","ENSG00000244215"
"ENSG00000244301.6",1.63307218192099,1.7470440828279,0.238546630896136,7.32370051199159,2.41224715246966e-13,3.74551012702253e-12,"AOX3P","transcribed_unprocessed_pseudogene","ENSG00000244301"
"ENSG00000244332.1",1.11412877370215,1.05729421852619,0.20361743305086,5.19255253680608,2.07430309591952e-07,1.2191767316366e-06,"AL138759.1","lncRNA","ENSG00000244332"
"ENSG00000244414.7",3.29547604042335,1.43969408602618,0.212551312047434,6.77339543171058,1.2579450689841e-11,1.48644013763397e-10,"CFHR1","protein_coding","ENSG00000244414"
"ENSG00000244474.6",0.563409683567434,2.42483474404916,0.435664202433074,5.56583426066929,2.60901136865464e-08,1.79326007138248e-07,"UGT1A4","protein_coding","ENSG00000244474"
"ENSG00000244485.1",4.04521891962063,1.02584110279022,0.218594207811321,4.69290157804945,2.69357097248993e-06,1.29844015773968e-05,"RPL18P13","processed_pseudogene","ENSG00000244485"
"ENSG00000244512.3",1.90030382894917,1.11221865600742,0.256107487788033,4.34278070357687,1.40690552336645e-05,5.91004760681714e-05,"RN7SL28P","misc_RNA","ENSG00000244512"
"ENSG00000244514.3",0.474681194377482,1.18197825010537,0.353597163159662,3.34272548892499,0.000829599232836969,0.00239769891065309,"RN7SL125P","misc_RNA","ENSG00000244514"
"ENSG00000244649.5",56.4828251356167,1.23353291011474,0.206389381616426,5.97672661477931,2.27665780252762e-09,1.87276133350258e-08,"LINC02086","lncRNA","ENSG00000244649"
"ENSG00000244675.2",12.1285721945098,1.31668318970891,0.153901874280412,8.55534213514444,1.17519653054631e-17,3.33433372173037e-16,"AC108676.1","lncRNA","ENSG00000244675"
"ENSG00000244676.5",8.85537799979279,1.27842139398273,0.156388883298603,8.17463087540405,2.96773032425288e-16,6.94909405753076e-15,"AL109761.1","lncRNA","ENSG00000244676"
"ENSG00000245146.7",184.499077779021,-1.08108061576049,0.106638534285587,-10.137804528195,3.75442504634596e-24,2.45532166393698e-22,"MALINC1","lncRNA","ENSG00000245146"
"ENSG00000245651.3",31.8763281826884,-1.63922648564186,0.149524448963226,-10.9629327980002,5.76018485536407e-28,5.64151950870428e-26,"AC083805.1","lncRNA","ENSG00000245651"
"ENSG00000245750.10",610.802895651695,1.46665955072019,0.180592042383222,8.1213963326684,4.60850380656454e-16,1.0507233944648e-14,"DRAIC","lncRNA","ENSG00000245750"
"ENSG00000245857.3",7.2789089771852,1.71330418696222,0.185644634158212,9.22894537044414,2.7330954166554e-20,1.08638542986138e-18,"GS1-24F4.2","lncRNA","ENSG00000245857"
"ENSG00000245864.3",2.94620666313947,-1.06573785598328,0.147628031050274,-7.21907518783035,5.2342310882786e-13,7.70775518454755e-12,"MEF2C-AS2","lncRNA","ENSG00000245864"
"ENSG00000245870.4",12.5609717321845,1.99676529336559,0.31332427827014,6.37283936115551,1.85560219570959e-10,1.84577149071767e-09,"LINC00682","lncRNA","ENSG00000245870"
"ENSG00000246223.9",97.2813886057739,-1.08580137186358,0.130378685344027,-8.32805890777704,8.21786229836259e-17,2.08221619168027e-15,"LINC01550","lncRNA","ENSG00000246223"
"ENSG00000246228.6",50.0890630419108,1.4101392420827,0.185440907840899,7.60425117899306,2.86558222684798e-14,5.09168847224017e-13,"CASC8","lncRNA","ENSG00000246228"
"ENSG00000246363.3",12.3577244059222,-1.19181957225922,0.169031058693509,-7.05089101062931,1.77775705137693e-12,2.413567329032e-11,"LINC02458","lncRNA","ENSG00000246363"
"ENSG00000246430.7",34.7053067893731,-1.22462860575259,0.121245875244788,-10.100373338723,5.5032278774803e-24,3.55901608590762e-22,"LINC00968","lncRNA","ENSG00000246430"
"ENSG00000246876.7",4.93533958525259,1.00760194824839,0.407381429004345,2.47336249644715,0.0133848300542892,0.0284563833699595,"LINC02466","lncRNA","ENSG00000246876"
"ENSG00000247381.3",5.08625710643292,1.3794148098262,0.378462917603909,3.64478194735546,0.000267618605418974,0.000863581881877495,"PLUT","lncRNA","ENSG00000247381"
"ENSG00000247675.7",6.96784644022137,1.05386112565217,0.124412879694215,8.47067544969924,2.43974132911957e-17,6.64898869380059e-16,"LRP4-AS1","lncRNA","ENSG00000247675"
"ENSG00000248103.1",5.78151192122321,1.11309002717338,0.261166081176531,4.26200072443944,2.02604786387953e-05,8.23907257391391e-05,"AC008443.2","lncRNA","ENSG00000248103"
"ENSG00000248114.1",0.650827903390213,2.4023327242638,0.404190929788364,5.94355921228038,2.78898941198905e-09,2.2617793712713e-08,"AC114812.3","unprocessed_pseudogene","ENSG00000248114"
"ENSG00000248115.1",5.9871742938114,1.33234407149412,0.176214632876406,7.56091619490305,4.00240066154012e-14,6.95097229979238e-13,"AC023154.1","lncRNA","ENSG00000248115"
"ENSG00000248131.6",32.6718956076417,1.56537698592357,0.433785428295422,3.60864354543854,0.000307802187514713,0.00097791520008671,"LINC01194","lncRNA","ENSG00000248131"
"ENSG00000248187.1",8.74108552126822,1.37711703972213,0.169984050700267,8.10144854207767,5.43086160878133e-16,1.22315972651508e-14,"AC078850.1","lncRNA","ENSG00000248187"
"ENSG00000248191.1",1.26033557406512,2.3014947135664,0.607367173731018,3.78929717164078,0.000151074103190052,0.000514692882872506,"PES1P1","processed_pseudogene","ENSG00000248191"
"ENSG00000248215.6",2.48706087018237,1.21377946354027,0.465473510106738,2.60762307024075,0.00911732891377068,0.0203087492173068,"LINC02505","lncRNA","ENSG00000248215"
"ENSG00000248227.1",0.937481754700805,-1.04956043467997,0.21590940124487,-4.86111502615687,1.16726400086569e-06,6.05215540688101e-06,"LINC02513","lncRNA","ENSG00000248227"
"ENSG00000248238.2",4.04921854927979,1.42618302945,0.392489432355588,3.63368516928095,0.000279401761996083,0.000897270118152946,"LINC02438","lncRNA","ENSG00000248238"
"ENSG00000248242.1",1.35453186767753,1.06416810641303,0.222040723757296,4.7926708596763,1.64575506170643e-06,8.27304114486183e-06,"AC004053.1","lncRNA","ENSG00000248242"
"ENSG00000248245.1",5.17939310584144,1.06676822044848,0.182805836448055,5.83552604870801,5.36211182374178e-09,4.14551275208181e-08,"AC010307.2","lncRNA","ENSG00000248245"
"ENSG00000248268.1",8.57667845912737,1.86905063239291,0.270565594420808,6.90793903930739,4.91745192739875e-12,6.2047613464852e-11,"AC010275.1","lncRNA","ENSG00000248268"
"ENSG00000248307.6",0.43956802810561,1.14076652812539,0.372624871858642,3.06143420441925,0.00220279398827563,0.00574353228364995,"LINC00616","lncRNA","ENSG00000248307"
"ENSG00000248309.7",31.6661980388459,-1.28501638569814,0.101533700984343,-12.6560577743176,1.03571110935668e-36,2.52682501368379e-34,"MEF2C-AS1","lncRNA","ENSG00000248309"
"ENSG00000248359.2",0.858547732764144,1.9739722146807,0.372701830686382,5.29638454161965,1.18117963801438e-07,7.22811685064884e-07,"AC010280.1","lncRNA","ENSG00000248359"
"ENSG00000248363.5",1.9600141799848,1.49837921314687,0.415002590319533,3.61052978486999,0.000305572206903047,0.000971663812210322,"AC016550.2","lncRNA","ENSG00000248363"
"ENSG00000248373.6",2.31447199379835,2.35432359819473,0.292100908373418,8.05996671254784,7.63152272861271e-16,1.68070881368577e-14,"AC096577.1","lncRNA","ENSG00000248373"
"ENSG00000248374.1",2.32179542093606,-1.1406407238774,0.254233251310354,-4.48659141948734,7.23716716254993e-06,3.20539082186946e-05,"AC073358.1","unprocessed_pseudogene","ENSG00000248374"
"ENSG00000248388.5",1.77916771889047,1.35175742016919,0.22480052781255,6.01314166529159,1.81961887078316e-09,1.51888407400775e-08,"AC093801.1","lncRNA","ENSG00000248388"
"ENSG00000248431.2",0.605908226803263,1.45132263424069,0.433602238230102,3.34712901890167,0.000816531977897626,0.00236429268534454,"AC021134.1","lncRNA","ENSG00000248431"
"ENSG00000248432.1",1.10329353194501,2.22065449184985,0.465098941171756,4.77458513720802,1.80078090349012e-06,8.98264930566693e-06,"AC139718.1","lncRNA","ENSG00000248432"
"ENSG00000248455.6",0.867705693215189,1.39514680241313,0.244057050803401,5.71647816697163,1.08754435861823e-08,7.98806919112721e-08,"LINC02217","lncRNA","ENSG00000248455"
"ENSG00000248464.1",0.459797910633851,-1.2343273681432,0.312652944621936,-3.94791537829835,7.88346584590078e-05,0.000285102120503759,"FGF10-AS1","lncRNA","ENSG00000248464"
"ENSG00000248472.8",0.716214420125632,1.14604564057801,0.219322524642644,5.22538960576592,1.73788783325605e-07,1.03277076998762e-06,"DDX11L9","transcribed_unprocessed_pseudogene","ENSG00000248472"
"ENSG00000248494.1",4.91076945232823,1.1826728487298,0.145757441457995,8.11397920339205,4.89885280213567e-16,1.11256387802349e-14,"LNX1-AS2","lncRNA","ENSG00000248494"
"ENSG00000248498.4",19.1551700706387,3.14070304100691,0.395236383575363,7.94639150524473,1.92022903673573e-15,3.99162712467979e-14,"ASNSP1","transcribed_unprocessed_pseudogene","ENSG00000248498"
"ENSG00000248510.2",7.34952933760205,1.6704194682028,0.569978030934244,2.93067342519297,0.00338228143125261,0.00841912832071879,"LINC02267","lncRNA","ENSG00000248510"
"ENSG00000248515.2",6.97620273884599,1.06049747638482,0.37773474159356,2.80751903282941,0.00499247295606021,0.0119098498535489,"AC024230.1","lncRNA","ENSG00000248515"
"ENSG00000248517.1",0.860911500049395,2.29920788461379,0.543795147926319,4.22807723346094,2.35696891028475e-05,9.47414999129159e-05,"LINC02437","lncRNA","ENSG00000248517"
"ENSG00000248538.8",115.702918292972,1.31443882744043,0.141177823591447,9.31051913113686,1.27209057207303e-20,5.29405374647308e-19,"AC022784.1","lncRNA","ENSG00000248538"
"ENSG00000248550.4",1.37424639616545,2.07124462310052,0.329401201830572,6.28790851882159,3.21771419099969e-10,3.05783413917708e-09,"OTX2-AS1","lncRNA","ENSG00000248550"
"ENSG00000248555.7",0.543123077475288,1.44895550226531,0.45588163702508,3.17835899625322,0.00148111239157416,0.00402514422157859,"LINC01339","lncRNA","ENSG00000248555"
"ENSG00000248590.2",2.36041591019092,1.61510217299201,0.260023742740948,6.21136422377043,5.25265657019876e-10,4.80919071100243e-09,"GLDCP1","transcribed_processed_pseudogene","ENSG00000248590"
"ENSG00000248607.1",0.934040666704955,1.82832399044056,0.291566740851869,6.2706877509374,3.59456822532884e-10,3.38620793536584e-09,"AC117422.1","lncRNA","ENSG00000248607"
"ENSG00000248608.2",68.83995499343,-1.66061915419211,0.176300169762583,-9.41927144158971,4.54228759569254e-21,1.99855748932291e-19,"AC133963.1","processed_pseudogene","ENSG00000248608"
"ENSG00000248673.2",11.53061800151,-1.11300624790418,0.18288202739525,-6.08592470105725,1.1582086983069e-09,1.00329074963179e-08,"LINC01331","lncRNA","ENSG00000248673"
"ENSG00000248685.6",13.8048325777545,2.06787921546352,0.63382541167146,3.26253756536887,0.00110419537368605,0.00309534512598274,"LINC02484","lncRNA","ENSG00000248685"
"ENSG00000248705.1",1.28951024274969,2.42168993231416,0.327314897623497,7.39865478136525,1.37570976829677e-13,2.21193934844969e-12,"AC114812.4","unprocessed_pseudogene","ENSG00000248705"
"ENSG00000248740.6",12.7509776725969,1.54131615687106,0.25648173220643,6.00945784174028,1.86144759180346e-09,1.55125709210162e-08,"LINC02428","lncRNA","ENSG00000248740"
"ENSG00000248762.2",1.3486388832018,1.871042997712,0.702489224733169,2.66344725561121,0.00773445361081628,0.0175351868825045,"AC012339.1","lncRNA","ENSG00000248762"
"ENSG00000248783.1",9.55242481725607,1.2480845687495,0.514330261553459,2.4266209127572,0.0152401709897208,0.0318900049629805,"AC106771.1","lncRNA","ENSG00000248783"
"ENSG00000248802.1",4.8458141769615,1.94031096903349,0.245782642984436,7.89441819598447,2.91672627376712e-15,5.90489906460177e-14,"AC078850.2","lncRNA","ENSG00000248802"
"ENSG00000248807.1",0.825991008077536,3.19762945167996,0.562050014509736,5.68922581466204,1.27616618064582e-08,9.25175065801652e-08,"KRTAP9-12P","unprocessed_pseudogene","ENSG00000248807"
"ENSG00000248822.1",1.90557081752926,-1.53579073539547,0.353436129463201,-4.34531336037441,1.39076980333605e-05,5.84950284890274e-05,"APOBEC3AP1","processed_pseudogene","ENSG00000248822"
"ENSG00000248846.3",8.14792864236662,1.47081697560877,0.167790664676701,8.7657855008963,1.85478863221435e-18,5.86265735006278e-17,"LINC02065","lncRNA","ENSG00000248846"
"ENSG00000248890.2",169.220090386418,-1.61658425122894,0.151201320901649,-10.6916013801259,1.11430171531829e-26,9.32238085979732e-25,"HHIP-AS1","lncRNA","ENSG00000248890"
"ENSG00000248942.3",1.60142859151378,-2.66479307917613,0.357736932595766,-7.44902982155124,9.40291177191352e-14,1.55290974593868e-12,"LINC01335","lncRNA","ENSG00000248942"
"ENSG00000248973.3",7.25236775949081,1.35083330242825,0.351366158936059,3.84451737332528,0.000120789927876543,0.000419838255542909,"AC106799.2","lncRNA","ENSG00000248973"
"ENSG00000248975.2",1.78258549094316,1.14330716894914,0.485304297321926,2.35585626432384,0.0184800667932926,0.0376692696297339,"AL133372.2","lncRNA","ENSG00000248975"
"ENSG00000248995.2",0.737861794311217,-1.55062837621215,0.315857407202209,-4.90926709602049,9.14173984449949e-07,4.82526112818296e-06,"LINC02231","lncRNA","ENSG00000248995"
"ENSG00000248998.2",0.443702385017808,1.25032544358943,0.546741979508938,2.28686563397313,0.0222036670671086,0.0442044469736235,"EFL1P2","processed_pseudogene","ENSG00000248998"
"ENSG00000249053.1",1.98640729475045,1.98847327915222,0.494484083940381,4.02130896369147,5.78756344353668e-05,0.000214873972462197,"AC106794.1","processed_pseudogene","ENSG00000249053"
"ENSG00000249082.2",3.92880803989463,2.04552869087073,0.269617147556497,7.58679004436132,3.27927801366117e-14,5.76391821012068e-13,"C5orf66-AS1","lncRNA","ENSG00000249082"
"ENSG00000249084.1",1.5026940843351,1.45874686247206,0.214329233899241,6.80610309631321,1.00277863639637e-11,1.20662167698457e-10,"AC027627.1","lncRNA","ENSG00000249084"
"ENSG00000249091.1",4.90578798828484,2.92356991183827,0.390709857314392,7.48271346910443,7.28035003357468e-14,1.22218088758934e-12,"AC093903.1","lncRNA","ENSG00000249091"
"ENSG00000249116.1",1.3941551948059,2.3263894832556,0.566968122153977,4.10321037877294,4.07456427562992e-05,0.000155817125040684,"IRX4-AS1","lncRNA","ENSG00000249116"
"ENSG00000249125.2",2.52178116106357,1.00185862112612,0.165642550346833,6.04831680645075,1.46366925056824e-09,1.24653587533239e-08,"AC093821.1","lncRNA","ENSG00000249125"
"ENSG00000249156.2",0.565693089128878,1.77341352916377,0.725757703346511,2.44353386948076,0.0145442043506077,0.0305923860535266,"TAF11L12","protein_coding","ENSG00000249156"
"ENSG00000249162.1",0.995192740707172,2.18755769797013,0.467166546838809,4.68260776113519,2.83248195362808e-06,1.35897094013976e-05,"ADAM20P3","processed_pseudogene","ENSG00000249162"
"ENSG00000249174.1",0.869808958874737,2.4221595264182,0.85769162367936,2.82404474935586,0.00474217633930376,0.0113793798570147,"AC106744.1","lncRNA","ENSG00000249174"
"ENSG00000249196.6",2.55483282026262,1.63490506608222,0.454453579987577,3.5975182902661,0.000321267910699802,0.00101602254798122,"TMEM132D-AS1","lncRNA","ENSG00000249196"
"ENSG00000249199.2",71.1225189783166,4.11712150236954,0.293035514853047,14.0499062184808,7.71361143413021e-45,3.45357879846997e-42,"AC026785.3","lncRNA","ENSG00000249199"
"ENSG00000249201.2",4.57470507439517,-1.11449310109792,0.264100384650671,-4.21996015860436,2.44345496869596e-05,9.7851077048928e-05,"CTD-3080P12.3","lncRNA","ENSG00000249201"
"ENSG00000249293.1",1.11544642971468,1.1022492862933,0.204938961575997,5.37842720494392,7.51393515703207e-08,4.76038345674013e-07,"AC091868.2","lncRNA","ENSG00000249293"
"ENSG00000249307.7",58.1603139225145,-1.06494358634033,0.164020674550346,-6.49273995037404,8.42891150095689e-11,8.79659685664669e-10,"LINC01088","lncRNA","ENSG00000249307"
"ENSG00000249312.1",8.398048097573,-1.08949911872542,0.196074170243732,-5.55656625944717,2.75133308016879e-08,1.88367608276453e-07,"ARL2BPP4","processed_pseudogene","ENSG00000249312"
"ENSG00000249320.1",2.11582086097155,-1.59641156257265,0.226600912023234,-7.04503591057466,1.85413682391122e-12,2.51140613752043e-11,"AC133963.2","processed_pseudogene","ENSG00000249320"
"ENSG00000249330.3",0.325128305937086,1.51860539441788,0.547674080096111,2.77282685014304,0.00555716808710594,0.0131065527856994,"AC095060.1","lncRNA","ENSG00000249330"
"ENSG00000249343.3",0.624198062848809,-2.00042749708885,0.430590690155855,-4.64577507786984,3.38801985259285e-06,1.59895856427882e-05,"LINC01333","lncRNA","ENSG00000249343"
"ENSG00000249345.8",7.37451780733528,1.54793484945276,0.316591097828695,4.88938210855929,1.01152979630407e-06,5.29590831287801e-06,"LINC02405","lncRNA","ENSG00000249345"
"ENSG00000249378.6",9.16973730782333,1.3472253645374,0.24101246122934,5.58985770970332,2.272557565237e-08,1.57655053431723e-07,"LINC01060","lncRNA","ENSG00000249378"
"ENSG00000249379.2",25.5474779682659,1.81505889224431,0.164166752462187,11.0561905198336,2.04604077990034e-28,2.12116639937607e-26,"AL033397.2","lncRNA","ENSG00000249379"
"ENSG00000249388.3",4.16278674934181,1.17002383222564,0.204420618449307,5.72360968820663,1.04284183718858e-08,7.68049619894688e-08,"AC023794.2","lncRNA","ENSG00000249388"
"ENSG00000249395.4",231.401521279222,1.75996052307618,0.252499171383536,6.97016355908299,3.16572721940064e-12,4.12080588179042e-11,"CASC9","lncRNA","ENSG00000249395"
"ENSG00000249410.1",0.675503478649276,1.54123960151457,0.460584131343884,3.34627160735557,0.000819061234653874,0.00237060537639432,"AK4P2","processed_pseudogene","ENSG00000249410"
"ENSG00000249413.2",5.52835302474355,1.11784547115987,0.287699887703224,3.88545675176968,0.000102137675337352,0.000360856339426789,"AC116049.1","lncRNA","ENSG00000249413"
"ENSG00000249510.1",0.498762004224322,1.24205251263276,0.389426271961904,3.18944201267003,0.00142547734352407,0.00389185977398654,"AP003478.1","processed_pseudogene","ENSG00000249510"
"ENSG00000249577.1",1.09206417198952,-1.22391461117719,0.269626303986035,-4.53929973850242,5.64413562178016e-06,2.55510019597988e-05,"AC010424.1","processed_pseudogene","ENSG00000249577"
"ENSG00000249584.1",0.403934049943777,1.01845297388816,0.30320972665812,3.35890601239354,0.00078251676670045,0.00227631590930147,"LINC02225","lncRNA","ENSG00000249584"
"ENSG00000249601.2",1.11340722539649,-1.28699187151024,0.239208996317771,-5.38019845123455,7.44037723065039e-08,4.71744926094598e-07,"LINC01187","lncRNA","ENSG00000249601"
"ENSG00000249621.1",7.04801418837772,-1.06241452625712,0.272941024993279,-3.89246917455256,9.92291108384617e-05,0.000351678119597377,"AC113349.1","lncRNA","ENSG00000249621"
"ENSG00000249628.3",685.034903933355,4.84659285526229,0.199998333677577,24.2331661776523,9.95108278576797e-130,1.01359241485136e-125,"LINC00942","lncRNA","ENSG00000249628"
"ENSG00000249641.2",19.9777196371801,1.3407428977511,0.287650849597064,4.66100795331977,3.14664562571625e-06,1.49497559302478e-05,"HOXC13-AS","lncRNA","ENSG00000249641"
"ENSG00000249646.2",1.22825224164388,-1.22581286455614,0.178863430556135,-6.85334537498666,7.21426248449347e-12,8.89890089027301e-11,"OR7E94P","transcribed_unprocessed_pseudogene","ENSG00000249646"
"ENSG00000249721.1",3.21342710221906,1.03278482247627,0.299140446321547,3.45250812845991,0.000555400742229432,0.00166509878150506,"AC112206.3","processed_pseudogene","ENSG00000249721"
"ENSG00000249743.6",24.6086615109619,-1.45912411109309,0.301766388408386,-4.8352771121694,1.32960279980237e-06,6.82095276660134e-06,"AC116345.1","lncRNA","ENSG00000249743"
"ENSG00000249763.1",1.42364039629724,2.82611569254267,0.487655045773852,5.79531723712189,6.81921540255077e-09,5.20193396641314e-08,"AC114786.1","processed_pseudogene","ENSG00000249763"
"ENSG00000249803.6",2.45775831303776,2.04555653950005,0.405845110876208,5.0402394526418,4.64949729075739e-07,2.57804121008885e-06,"AC112178.1","lncRNA","ENSG00000249803"
"ENSG00000249815.1",3.11711417125394,2.53968753734462,0.344515432989912,7.37176710867111,1.68380984615462e-13,2.68087004931136e-12,"AC004704.1","lncRNA","ENSG00000249815"
"ENSG00000249825.6",26.3857450873922,-1.20089780410777,0.129797114279286,-9.25211481607971,2.2009411082838e-20,8.84348555964567e-19,"THBS4-AS1","lncRNA","ENSG00000249825"
"ENSG00000249853.8",99.2212032580186,-1.15145862994478,0.213044540854522,-5.40477885669485,6.48884000364986e-08,4.14770643659721e-07,"HS3ST5","protein_coding","ENSG00000249853"
"ENSG00000249894.1",1.08869964700334,1.16530696702577,0.289346041262332,4.02738175349447,5.64014165564406e-05,0.000209897964446388,"AC024581.1","lncRNA","ENSG00000249894"
"ENSG00000249926.2",1.99030944385006,1.12567115208251,0.339920559837939,3.31157124658533,0.000927736129360684,0.00265056546847004,"AC117500.1","lncRNA","ENSG00000249926"
"ENSG00000249937.8",7.01649430251158,1.1181152533279,0.234669381920996,4.76464055163497,1.89190604289053e-06,9.39565186561296e-06,"LINC02223","lncRNA","ENSG00000249937"
"ENSG00000249942.1",7.27352693785921,-1.8478447853814,0.283130393745243,-6.52647976410496,6.73334088559551e-11,7.13118034057233e-10,"AC239584.1","lncRNA","ENSG00000249942"
"ENSG00000249951.1",0.304817030990595,1.29813718926337,0.503021598993676,2.58067882544282,0.00986062717018786,0.0217409780180185,"AC108067.1","lncRNA","ENSG00000249951"
"ENSG00000250033.5",22.5777403025816,1.4874962549035,0.178300196350177,8.34265068324489,7.26435133283723e-17,1.84866624830598e-15,"SLC7A11-AS1","lncRNA","ENSG00000250033"
"ENSG00000250038.7",4.5188982704782,1.22464572944125,0.510307914420182,2.39981723746672,0.0164032594068464,0.0339920654093455,"AC093791.1","lncRNA","ENSG00000250038"
"ENSG00000250048.2",0.918899381160883,-1.32352613966583,0.270429713405083,-4.89415945829624,9.8726767704522e-07,5.17753211042005e-06,"LINC00603","lncRNA","ENSG00000250048"
"ENSG00000250060.2",10.0050625634388,1.27260263992684,0.471158135899175,2.70100958247947,0.00691293467553458,0.0158839215816211,"AC122710.1","lncRNA","ENSG00000250060"
"ENSG00000250084.1",1.30719747391674,-1.5803189644763,0.382185027274261,-4.1349578128351,3.55019847183312e-05,0.000137417572048163,"BX510359.5","unprocessed_pseudogene","ENSG00000250084"
"ENSG00000250102.6",7.54224928560658,1.40259337904901,0.539157794109226,2.6014524771293,0.00928299256846751,0.0206213928475586,"LINC02377","lncRNA","ENSG00000250102"
"ENSG00000250103.2",5.39429387135031,2.49227110291359,0.357658226649289,6.9683035848563,3.20785430768692e-12,4.17297599163756e-11,"PANCR","lncRNA","ENSG00000250103"
"ENSG00000250137.1",0.736996141798219,1.38141336043551,0.291949617260395,4.73168409466833,2.22664750206089e-06,1.09156899502427e-05,"AC093607.1","lncRNA","ENSG00000250137"
"ENSG00000250208.6",238.638403274928,2.537905512691,0.159314230360923,15.9301871963442,3.91184269688798e-57,3.70651644184434e-54,"FZD10-AS1","lncRNA","ENSG00000250208"
"ENSG00000250227.1",1.26089507424134,-1.10020648842118,0.251404256610112,-4.37624447277129,1.20741586959978e-05,5.13880129270905e-05,"TRIM60P14","processed_pseudogene","ENSG00000250227"
"ENSG00000250230.3",20.5812610589589,1.10948820985296,0.174876598266566,6.34440640343285,2.23284684142544e-10,2.18842624152506e-09,"AP002754.1","lncRNA","ENSG00000250230"
"ENSG00000250244.5",6.077004159937,1.33658889503081,0.222310315954683,6.01226663410111,1.82947086864185e-09,1.526794993877e-08,"AC010307.4","lncRNA","ENSG00000250244"
"ENSG00000250247.1",0.648274979202222,1.60077559142906,0.338373870449803,4.73078961239276,2.23648212040292e-06,1.09586279051805e-05,"SEPHS2P1","processed_pseudogene","ENSG00000250247"
"ENSG00000250250.2",0.570273225057626,1.56611693635643,0.501757992268496,3.12125957232063,0.00180079227349286,0.00480262352549058,"CTD-2350J17.1","lncRNA","ENSG00000250250"
"ENSG00000250266.2",43.6648259853543,-1.56594191921607,0.211558046792874,-7.40194921892623,1.34199824280508e-13,2.16029373396315e-12,"LINC01612","lncRNA","ENSG00000250266"
"ENSG00000250271.2",6.1171836134131,2.19957296901749,0.289630503876916,7.59441060100578,3.09196525422741e-14,5.45586575803322e-13,"AC068647.2","transcribed_unprocessed_pseudogene","ENSG00000250271"
"ENSG00000250284.3",6.1447367496056,2.52266379149592,0.390688377446352,6.45697168670527,1.06818872516026e-10,1.09791153454098e-09,"AC109439.1","lncRNA","ENSG00000250284"
"ENSG00000250292.1",2.48135649315925,1.22899651130409,0.330315908549073,3.72067006007223,0.000198694889409629,0.000658861062848256,"AC093844.1","processed_pseudogene","ENSG00000250292"
"ENSG00000250360.1",0.633406231003317,1.45626460329947,0.397571244671616,3.6629022415902,0.00024937372712417,0.000808929451739444,"AC008808.2","lncRNA","ENSG00000250360"
"ENSG00000250387.3",1.89484967072397,2.65178253799408,0.313754002174802,8.45178872496642,2.8687337520287e-17,7.74435744385075e-16,"LINC02197","lncRNA","ENSG00000250387"
"ENSG00000250409.1",0.819967519392994,1.27630962052618,0.276398058969194,4.61765044691731,3.88109291065791e-06,1.81546921307618e-05,"AC010608.1","lncRNA","ENSG00000250409"
"ENSG00000250431.1",1.31550474292285,-1.70561505049186,0.297048291837555,-5.74187799546277,9.36322752342816e-09,6.95634534987297e-08,"AC105914.2","lncRNA","ENSG00000250431"
"ENSG00000250448.1",0.669921021681034,2.35660704821689,0.653366964089438,3.60686593865542,0.000309917677219861,0.000983409339795079,"AC092335.1","lncRNA","ENSG00000250448"
"ENSG00000250453.2",1.4109389278846,1.70514101096018,0.647821050245982,2.6321173267104,0.00848545540205835,0.0190579994722707,"AC008825.1","lncRNA","ENSG00000250453"
"ENSG00000250456.1",1.40647353308952,1.44188005015955,0.339550054666354,4.24644328676771,2.17190723294523e-05,8.7805136328525e-05,"LINC02260","lncRNA","ENSG00000250456"
"ENSG00000250511.1",2.19484419536474,1.18795886719471,0.330224645584249,3.59742642797879,0.000321381359407674,0.00101622357208745,"AC098798.1","lncRNA","ENSG00000250511"
"ENSG00000250546.6",22.5932024879651,1.44766022351631,0.285116553217633,5.07743309597073,3.82568152466322e-07,2.15259967351683e-06,"AC079160.1","lncRNA","ENSG00000250546"
"ENSG00000250563.1",2.83222306653511,1.25615743768657,0.381395386831008,3.29358319754182,0.00098919062110103,0.00280776044834327,"KNOP1P5","processed_pseudogene","ENSG00000250563"
"ENSG00000250564.2",6.91793598277719,2.00456008461314,0.243419464073277,8.2350032781672,1.7955271982187e-16,4.33640572833578e-15,"AC109454.3","lncRNA","ENSG00000250564"
"ENSG00000250576.1",0.41799052999786,1.19357230405101,0.504258685510086,2.36698412610115,0.0179337019837576,0.0367283009914665,"AC012629.1","lncRNA","ENSG00000250576"
"ENSG00000250612.2",3.32511799311923,1.76951841279081,0.549819613239068,3.21836175025899,0.00128925104702273,0.00355471038836347,"AC114786.2","processed_pseudogene","ENSG00000250612"
"ENSG00000250673.2",25.5931848531503,-1.14229521163119,0.152141814736806,-7.50809508620145,5.99939242519633e-14,1.01424583228122e-12,"REELD1","protein_coding","ENSG00000250673"
"ENSG00000250681.1",0.547831937963207,1.19861256787665,0.494452866498581,2.42411895872807,0.0153455778345457,0.032072682759459,"AL121796.1","lncRNA","ENSG00000250681"
"ENSG00000250685.7",0.644283695397973,1.01862196088071,0.283571188767233,3.5921207838813,0.000327997753015164,0.0010346556558607,"AC009123.1","lncRNA","ENSG00000250685"
"ENSG00000250696.5",1.2871317648696,1.98348008522755,0.369510101388722,5.3678643094548,7.96744579525455e-08,5.02581891989559e-07,"AC111000.4","lncRNA","ENSG00000250696"
"ENSG00000250708.2",2.32216504951522,1.4176200157089,0.381183105982511,3.71900011689905,0.000200012959314162,0.000662800162776488,"LINC02269","lncRNA","ENSG00000250708"
"ENSG00000250735.5",4.98220931780781,1.22986631812589,0.448286738130326,2.74348137813603,0.00607914960880216,0.0141792301643821,"AC096759.2","lncRNA","ENSG00000250735"
"ENSG00000250748.6",11.5367652805263,-1.3483279992706,0.267380118818478,-5.04273842508824,4.5891639468911e-07,2.54840270803031e-06,"AC025419.1","lncRNA","ENSG00000250748"
"ENSG00000250753.2",1.47179332099941,1.04418657702214,0.384988835612474,2.71225157831125,0.00668278517919784,0.015411598831497,"AC119751.4","processed_pseudogene","ENSG00000250753"
"ENSG00000250770.3",36.0297995642485,1.18463232469627,0.164737927495598,7.19101146108525,6.43130827060821e-13,9.32493924802101e-12,"AC005865.1","transcribed_unprocessed_pseudogene","ENSG00000250770"
"ENSG00000250771.2",45.0320362874183,-1.05308745379219,0.123875886243265,-8.50114970498907,1.87722089830398e-17,5.18884742602435e-16,"AC106865.1","transcribed_unprocessed_pseudogene","ENSG00000250771"
"ENSG00000250775.2",4.8464093287521,2.35726150157538,0.596222978017247,3.95365758866676,7.69655317980819e-05,0.000278961539191287,"AC093730.1","lncRNA","ENSG00000250775"
"ENSG00000250799.11",1.08146708140381,1.53004102684871,0.398097998571426,3.84337784248919,0.000121352415974639,0.000421505667864851,"PRODH2","protein_coding","ENSG00000250799"
"ENSG00000250820.1",0.697559348692307,2.19380814319368,0.348598312155578,6.29322652088627,3.10934077180235e-10,2.96336540504194e-09,"AC138965.1","lncRNA","ENSG00000250820"
"ENSG00000250822.1",1.77421425240621,2.09662877636921,0.288366264218473,7.27071449238861,3.57591017127824e-13,5.39779549224832e-12,"LINC02111","lncRNA","ENSG00000250822"
"ENSG00000250838.1",1.49997565713337,2.50522387042338,0.6147996622257,4.07486214509936,4.60416128797579e-05,0.000174305280947777,"AC091133.3","lncRNA","ENSG00000250838"
"ENSG00000250874.1",7.71437317923087,1.39977688498556,0.33958425790296,4.12203113780841,3.75546422761434e-05,0.000144593535272813,"AC010595.1","lncRNA","ENSG00000250874"
"ENSG00000250884.1",0.37410485820825,1.10016156272975,0.474861600238377,2.31680464829642,0.0205143757206045,0.0412586242464503,"OR7E85P","unprocessed_pseudogene","ENSG00000250884"
"ENSG00000250888.1",0.480959153797904,-1.32115991083169,0.359563173676736,-3.67434711770421,0.000238458371939875,0.000776743639906167,"LINC01455","lncRNA","ENSG00000250888"
"ENSG00000250920.3",1.06278615450871,1.51304291096587,0.404320952476416,3.74218279240457,0.000182428735694364,0.000609686980427813,"AC105460.1","lncRNA","ENSG00000250920"
"ENSG00000250942.1",6.97225764782464,-1.5387388892192,0.182778755142594,-8.41858720406953,3.81051480842784e-17,1.00551687072393e-15,"ENPP7P11","processed_pseudogene","ENSG00000250942"
"ENSG00000250961.2",2.44995243856752,-1.17820034452651,0.190019272396505,-6.20042551298695,5.63107062653816e-10,5.13543459280040e-09,"AC025470.2","lncRNA","ENSG00000250961"
"ENSG00000250974.4",4.93606949442674,1.41584190945014,0.410619350678744,3.44806426465237,0.000564619678921794,0.00169024978532775,"LINC02196","lncRNA","ENSG00000250974"
"ENSG00000250978.5",50.1796293372039,-1.07755234991611,0.197861383344237,-5.44599624092083,5.15162243430938e-08,3.35666964402794e-07,"AC079467.1","lncRNA","ENSG00000250978"
"ENSG00000250979.1",5.47541977585039,2.30807798722385,0.226544454140824,10.1881901985961,2.23893344820546e-24,1.49787956453588e-22,"AC022905.1","unprocessed_pseudogene","ENSG00000250979"
"ENSG00000250993.1",0.669369238653066,2.38961738608468,0.680467242654477,3.5117302293096,0.000445199662762188,0.0013669005169495,"AC020551.1","lncRNA","ENSG00000250993"
"ENSG00000251026.2",17.5437270157104,1.16122964006575,0.287597484827719,4.03769052695771,5.39799994120149e-05,0.000201669398029822,"LINC02163","lncRNA","ENSG00000251026"
"ENSG00000251059.6",0.82449228658624,1.18899576165825,0.449012624475933,2.64802301059128,0.0080964014103086,0.0182784774566522,"PRKG2-AS1","lncRNA","ENSG00000251059"
"ENSG00000251061.2",2.41998021492348,-1.94141764300118,0.287073091444207,-6.76279909494234,1.35350870373039e-11,1.59289442854093e-10,"LINC02512","lncRNA","ENSG00000251061"
"ENSG00000251095.7",25.9294552755137,1.35958269875538,0.24108528252499,5.63942636612193,1.70617592200414e-08,1.21148005559803e-07,"AC093866.1","lncRNA","ENSG00000251095"
"ENSG00000251112.2",0.919363201281981,1.45148606378167,0.498673295514658,2.91069539282961,0.00360625403308822,0.00892284222996533,"AC106794.2","processed_pseudogene","ENSG00000251112"
"ENSG00000251129.2",10.2643472732609,1.96923922662365,0.325521825197193,6.04948447137374,1.45310069645831e-09,1.2377938882668e-08,"LINC02506","lncRNA","ENSG00000251129"
"ENSG00000251151.2",22.2225428438184,1.30830263756205,0.314710714218112,4.15715950698558,3.22229017598996e-05,0.000125800851514334,"HOXC-AS3","lncRNA","ENSG00000251151"
"ENSG00000251191.8",20.8791841985164,1.91785748121315,0.161999544855432,11.838659688363,2.46358494555988e-32,3.96734551134175e-30,"LINC00589","lncRNA","ENSG00000251191"
"ENSG00000251199.6",6.33748945967219,1.09550682499981,0.262394338776091,4.17503986598828,2.97933874910533e-05,0.000117067411182176,"AC015631.1","lncRNA","ENSG00000251199"
"ENSG00000251230.6",11.9432360172328,-1.00728206460017,0.127395476015335,-7.90673339513968,2.6423066551399e-15,5.39086129445994e-14,"MIR3945HG","lncRNA","ENSG00000251230"
"ENSG00000251264.1",0.897932651039249,1.36792851443436,0.565116964830605,2.42061130627073,0.0154944349668579,0.0323356945067198,"AC098868.1","lncRNA","ENSG00000251264"
"ENSG00000251273.4",25.6542377539355,1.35641016244717,0.2945924438604,4.60436168922899,4.13732873088882e-06,1.9245026199635e-05,"LINC02228","lncRNA","ENSG00000251273"
"ENSG00000251363.3",34.737982734738,1.46487764611394,0.263780558257827,5.5533950484786,2.80173908913119e-08,1.91625408273413e-07,"LINC02315","lncRNA","ENSG00000251363"
"ENSG00000251381.8",117.977920714652,2.13980075313852,0.186949960410961,11.4458475863526,2.4668159911505e-30,3.15064212938699e-28,"LINC00958","lncRNA","ENSG00000251381"
"ENSG00000251410.2",0.658178660661417,1.05275440972138,0.35865217482392,2.9353074750996,0.00333217319283606,0.00830048498384199,"AC007106.1","lncRNA","ENSG00000251410"
"ENSG00000251459.2",1.29104764738611,1.98640852635638,0.332822958462105,5.96836388792138,2.39644438455311e-09,1.96574055888559e-08,"AC013724.1","lncRNA","ENSG00000251459"
"ENSG00000251487.1",0.951438029928177,2.08060337346023,0.929958547251609,2.23730765162514,0.0252662394709051,0.0494225548400349,"AC106744.2","lncRNA","ENSG00000251487"
"ENSG00000251493.5",33.982469207776,1.39873080781394,0.222607707683575,6.28338893728765,3.31270895697199e-10,3.13737101427033e-09,"FOXD1","protein_coding","ENSG00000251493"
"ENSG00000251533.2",11.9248842269942,1.0353647261802,0.189358702951184,5.46774301916884,4.55802052058835e-08,2.99334993665911e-07,"LINC00605","lncRNA","ENSG00000251533"
"ENSG00000251537.4",7.55844055961618,1.52294598582978,0.159511894676742,9.54753868930024,1.32814094234815e-21,6.219821426907e-20,"AC005324.2","protein_coding","ENSG00000251537"
"ENSG00000251550.1",3.55717254332322,1.64782803491968,0.274095220244499,6.01188168640732,1.83382144804722e-09,1.52948592134674e-08,"AC091133.5","processed_pseudogene","ENSG00000251550"
"ENSG00000251574.8",2.34674381727384,1.58568285699761,0.365204900681,4.34189917506796,1.41256356980172e-05,5.93014709164673e-05,"AC099520.1","lncRNA","ENSG00000251574"
"ENSG00000251577.5",0.314610692163479,1.24319816430679,0.505699674525877,2.45837248258535,0.0139568331998147,0.0295092503923224,"AC105460.2","lncRNA","ENSG00000251577"
"ENSG00000251583.1",2.98543808462147,1.82603478276708,0.169438939934587,10.7769488139623,4.42314779572511e-27,3.96071012398304e-25,"MFFP2","processed_pseudogene","ENSG00000251583"
"ENSG00000251596.1",7.78511686232905,1.20680166160756,0.161442039299415,7.47513886001768,7.71223735709415e-14,1.28831359836034e-12,"HADHAP1","processed_pseudogene","ENSG00000251596"
"ENSG00000251598.2",4.99171444229049,1.18124583776174,0.240192256934674,4.91791805796224,8.74695102784548e-07,4.62947552257091e-06,"AC093916.1","lncRNA","ENSG00000251598"
"ENSG00000251620.3",0.966935146010766,1.08754011448157,0.231666007300242,4.69443112157626,2.67349670649395e-06,1.28952617867507e-05,"STPG2-AS1","lncRNA","ENSG00000251620"
"ENSG00000251623.2",2.2318522791245,-1.22183951596127,0.256252642153344,-4.76810504545004,1.85966817521309e-06,9.25246800130746e-06,"AC139491.5","transcribed_processed_pseudogene","ENSG00000251623"
"ENSG00000251629.7",13.3266231121582,1.51985158912516,0.315210570748463,4.82170247500359,1.42338141245907e-06,7.25091634006252e-06,"LINC02241","lncRNA","ENSG00000251629"
"ENSG00000251636.1",0.626993914198684,-1.89623104244213,0.561230853684172,-3.37870063627902,0.000728292673456384,0.00213289450795237,"LINC01218","lncRNA","ENSG00000251636"
"ENSG00000251655.6",1.0331405079176,1.7418639077006,0.585362192311646,2.97570278808378,0.00292318012486811,0.00738095735172914,"PRB1","protein_coding","ENSG00000251655"
"ENSG00000251688.2",1.48219998461993,-1.08138887048442,0.218768205164022,-4.94308059836046,7.68976736180335e-07,4.10675306884197e-06,"LINC02507","lncRNA","ENSG00000251688"
"ENSG00000251814.1",2.97642583722152,-1.72591809734726,0.19205815998722,-8.9864346167958,2.55380522280369e-19,8.94666261330101e-18,"RN7SKP18","misc_RNA","ENSG00000251814"
"ENSG00000251916.1",1.94388338300033,-1.02473665251097,0.169662594918038,-6.03985016854189,1.54257400566788e-09,1.30908337248336e-08,"RNU1-61P","snRNA","ENSG00000251916"
"ENSG00000251922.1",1.66266628145946,-1.09727752357022,0.164954747690133,-6.65199116082097,2.89154072619128e-11,3.23742906862356e-10,"AL137186.3","snoRNA","ENSG00000251922"
"ENSG00000251985.1",7.6725179732912,1.01337735187902,0.150936642439764,6.7139253629777,1.89457244019003e-11,2.18794118284191e-10,"RNU6-1161P","snRNA","ENSG00000251985"
"ENSG00000252608.1",0.665090246937303,1.75873184657971,0.314989722696036,5.5834578713442,2.35782913033384e-08,1.63098526752447e-07,"RNU6-1191P","snRNA","ENSG00000252608"
"ENSG00000252761.1",1.72090683753563,-1.39382558858793,0.250435306981778,-5.56561135642645,2.61234893285131e-08,1.79515824879678e-07,"Y_RNA","misc_RNA","ENSG00000252761"
"ENSG00000252886.1",0.615091544282409,-1.14181796004667,0.264535573992315,-4.31631157509214,1.58657991203437e-05,6.59276138256159e-05,"RN7SKP197","misc_RNA","ENSG00000252886"
"ENSG00000253130.2",2.35386059531669,1.07835744947014,0.220016318111248,4.90126122792803,9.52233355146782e-07,5.0086294330939e-06,"AC114550.1","lncRNA","ENSG00000253130"
"ENSG00000253164.5",0.828043599766345,1.56850178671912,0.447835911573417,3.50240288057377,0.000461081843697273,0.00141013793407581,"AC023403.1","lncRNA","ENSG00000253164"
"ENSG00000253168.1",1.83555744711909,1.03316670864385,0.209539576125215,4.93065189759885,8.1955661446166e-07,4.35802599099601e-06,"AC124069.1","lncRNA","ENSG00000253168"
"ENSG00000253182.1",2.64940538195421,1.81398685622707,0.239704472354287,7.56759704318729,3.80191146426433e-14,6.62537548282813e-13,"AC084026.1","lncRNA","ENSG00000253182"
"ENSG00000253187.2",1.84146958012235,2.31268029425533,0.318563526986316,7.25971461998118,3.87907853561164e-13,5.83408256834349e-12,"HOXA10-AS","lncRNA","ENSG00000253187"
"ENSG00000253196.1",2.36846266675577,1.53742310615184,0.242659111009397,6.33573204713632,2.3621700407691e-10,2.30464305486244e-09,"AC083841.1","lncRNA","ENSG00000253196"
"ENSG00000253227.2",30.66920824516,1.9141737811122,0.218214575773142,8.77197948088581,1.75552399178674e-18,5.57919765970104e-17,"AC090192.2","lncRNA","ENSG00000253227"
"ENSG00000253229.1",0.341687969580458,1.00985858679986,0.35489342933057,2.84552629983806,0.00443380979086099,0.0107196007778928,"HIGD1AP6","processed_pseudogene","ENSG00000253229"
"ENSG00000253235.2",0.617844022240373,1.12099490480087,0.360024211848291,3.11366532557884,0.00184778955547074,0.00491477280705994,"AC111149.1","lncRNA","ENSG00000253235"
"ENSG00000253258.1",10.7818411606056,1.08581810285778,0.140357429508,7.73609282147681,1.02518626999601e-14,1.93196874183384e-13,"AC068228.1","lncRNA","ENSG00000253258"
"ENSG00000253270.1",5.52196518454365,3.00401716485047,0.294280184395191,10.2080171351815,1.82557313939629e-24,1.23759278566428e-22,"AC090541.1","lncRNA","ENSG00000253270"
"ENSG00000253288.2",64.8024476622351,-2.32259756458745,0.213898952561622,-10.8583868072862,1.81934704655e-27,1.68851154254184e-25,"AC046195.1","lncRNA","ENSG00000253288"
"ENSG00000253301.6",8.73613361607033,2.2950796780424,0.303672294597938,7.55775129595238,4.10097206282078e-14,7.10097342777336e-13,"LINC01606","lncRNA","ENSG00000253301"
"ENSG00000253302.1",29.7496774332108,1.0661677250485,0.119864467039351,8.89477717110681,5.85366343438514e-19,1.97430305717842e-17,"STAU2-AS1","lncRNA","ENSG00000253302"
"ENSG00000253317.1",2.08433017302413,1.09538597659306,0.207360396852803,5.28252257045317,1.27417131826925e-07,7.75060645270887e-07,"AC078906.1","lncRNA","ENSG00000253317"
"ENSG00000253339.2",183.8961655602,1.92149108410633,0.183633350872151,10.4637369790421,1.26755642339232e-25,9.58145665274091e-24,"AC111149.2","lncRNA","ENSG00000253339"
"ENSG00000253361.3",21.4107662672982,2.28389670569663,0.235108247652201,9.71423473444127,2.62211233977153e-22,1.35060332565501e-20,"AC069120.1","lncRNA","ENSG00000253361"
"ENSG00000253363.7",11.1689474143816,1.85037789053013,0.486235072220034,3.80552123087656,0.000141505874820352,0.00048493345595135,"AC090809.1","lncRNA","ENSG00000253363"
"ENSG00000253369.2",8.14900905778086,1.55143384303369,0.237604044683005,6.52949256441956,6.59928876123165e-11,6.99830353979337e-10,"AC022034.3","lncRNA","ENSG00000253369"
"ENSG00000253376.2",3.47887279122761,1.25935421231883,0.326553125692555,3.8565063790095,0.000115019097899698,0.000401802547005692,"AC012103.1","lncRNA","ENSG00000253376"
"ENSG00000253385.1",1.31982904601139,1.00813107353754,0.227831480092102,4.42489805680057,9.64878362760615e-06,4.18435754485958e-05,"AP003696.1","lncRNA","ENSG00000253385"
"ENSG00000253394.6",8.53162125633602,2.14032828219505,0.208875403640545,10.2469139251951,1.22182384931119e-24,8.43741849025186e-23,"LINC00534","lncRNA","ENSG00000253394"
"ENSG00000253396.1",1.59969379441681,1.54579777557102,0.408986851555155,3.77957816906139,0.000157094270886951,0.000533155920225646,"AC016868.1","lncRNA","ENSG00000253396"
"ENSG00000253397.1",0.375555017844647,1.52246234440084,0.606336236429048,2.51092092626233,0.0120416666654823,0.0259323233232065,"AC069113.2","lncRNA","ENSG00000253397"
"ENSG00000253415.1",0.336962139531633,1.06812768130666,0.342875412362019,3.11520640674841,0.00183816234384324,0.00489172099119562,"AC016877.2","processed_pseudogene","ENSG00000253415"
"ENSG00000253425.2",1.01239748489964,2.41735652773213,0.477577480852308,5.06170542928028,4.15522687509853e-07,2.3239040298166e-06,"HSPA8P13","unprocessed_pseudogene","ENSG00000253425"
"ENSG00000253475.1",1.59513146710413,1.01015703986867,0.18748300116857,5.38799269039017,7.1248949336938e-08,4.52799242370124e-07,"AC103769.1","lncRNA","ENSG00000253475"
"ENSG00000253477.5",6.48787746888381,2.15218953378926,0.314990838274623,6.83254644985225,8.34203815748262e-12,1.01760377440214e-10,"AC012213.1","lncRNA","ENSG00000253477"
"ENSG00000253488.1",1.24974483894442,1.25417039901506,0.312433396915378,4.01420082295091,5.96475466723215e-05,0.000220989360195544,"SINHCAFP3","processed_pseudogene","ENSG00000253488"
"ENSG00000253499.2",1.02786433776056,1.89280761269317,0.547611681309725,3.45647778762888,0.00054728431106365,0.00164391069637764,"AC025881.1","processed_pseudogene","ENSG00000253499"
"ENSG00000253507.5",1.19764189742843,-1.7181881259656,0.302721387904213,-5.67580684622545,1.38036465505844e-08,9.96459906822219e-08,"AC104257.1","lncRNA","ENSG00000253507"
"ENSG00000253508.1",0.569000668296582,1.34473215146161,0.418305944422648,3.21470963870147,0.00130576529781772,0.00359489124461028,"AC004080.2","lncRNA","ENSG00000253508"
"ENSG00000253522.6",87.1976663709109,-1.07542031429056,0.123657870372834,-8.69673973074348,3.41555630540207e-18,1.03928312584762e-16,"MIR3142HG","lncRNA","ENSG00000253522"
"ENSG00000253553.7",9.45995672764957,1.73940141172172,0.224249937171065,7.75653020760868,8.72845265300055e-15,1.66081748556015e-13,"AC090578.1","lncRNA","ENSG00000253553"
"ENSG00000253554.7",2.68737304623107,3.77415224752059,0.413804392567753,9.12061910242442,7.46963871449696e-20,2.77931954470091e-18,"LINC01414","lncRNA","ENSG00000253554"
"ENSG00000253593.2",15.4852395352197,-2.53202421029964,0.227023522191238,-11.1531359652096,6.91263663499662e-29,7.49046687286349e-27,"AC110741.1","lncRNA","ENSG00000253593"
"ENSG00000253632.1",7.98790465898074,1.76845046824708,0.199771693898714,8.8523575774639,8.56896458638296e-19,2.81325805111201e-17,"AC084026.2","lncRNA","ENSG00000253632"
"ENSG00000253642.6",4.98011946645978,1.94181269216662,0.492311311343294,3.94427803592059,8.00407507804715e-05,0.00028920719306924,"AF279873.3","lncRNA","ENSG00000253642"
"ENSG00000253659.2",0.618343857741449,1.41292998421054,0.461270127210438,3.06312917499194,0.00219035487586599,0.00571548794078443,"AC138646.1","lncRNA","ENSG00000253659"
"ENSG00000253661.2",6.42016348334299,1.53599273189231,0.291662933128354,5.2663282077615,1.39179365458996e-07,8.4058477422115e-07,"ZFHX4-AS1","lncRNA","ENSG00000253661"
"ENSG00000253665.1",118.495328358416,2.28257173662707,0.278643334839516,8.19173276813429,2.57491851277353e-16,6.08173362121344e-15,"LINC02866","lncRNA","ENSG00000253665"
"ENSG00000253679.1",0.628021586095934,1.5775112932835,0.331781761604499,4.75466549352999,1.98775257803372e-06,9.83329325969255e-06,"LINC02844","lncRNA","ENSG00000253679"
"ENSG00000253681.1",0.382077567591918,1.60366682252356,0.716245191036028,2.23899139930546,0.025156475776558,0.0492385805420975,"AC013509.1","lncRNA","ENSG00000253681"
"ENSG00000253686.2",130.209071526691,1.51255362364592,0.127620517562577,11.8519627763165,2.10208721898481e-32,3.41216492283259e-30,"LINC01484","lncRNA","ENSG00000253686"
"ENSG00000253706.5",24.2290506259002,2.09677965175973,0.343788125658589,6.09904617194957,1.06703248279236e-09,9.29331005694935e-09,"AC011632.1","lncRNA","ENSG00000253706"
"ENSG00000253712.1",0.955652913142266,1.29884870219727,0.262340754583985,4.95099857533367,7.38336442607112e-07,3.94984790981375e-06,"LINC02886","lncRNA","ENSG00000253712"
"ENSG00000253756.1",0.413925011183229,1.67841226241629,0.430539284858538,3.89839515566567,9.68323095498204e-05,0.00034405152071059,"CARS1P2","processed_pseudogene","ENSG00000253756"
"ENSG00000253784.1",0.564638186592125,1.73037630563468,0.573236265023021,3.01860927372623,0.00253937804723167,0.00650949287645399,"AC090735.1","lncRNA","ENSG00000253784"
"ENSG00000253789.1",0.311545683966215,1.28979051932633,0.42377073488389,3.04360450864952,0.00233762230706398,0.00605786449921816,"NARS1P2","transcribed_processed_pseudogene","ENSG00000253789"
"ENSG00000253802.2",1.37574452535477,1.4756963394796,0.508139292818327,2.90411774947545,0.00368289619985967,0.00909076940935917,"SIRLNT","lncRNA","ENSG00000253802"
"ENSG00000253821.2",6.03692444932029,-1.16300261074978,0.18372178739654,-6.33023784076075,2.44783584803986e-10,2.38024286292811e-09,"AC090796.1","lncRNA","ENSG00000253821"
"ENSG00000253844.1",5.21891406884278,1.27337446094366,0.166735213261279,7.63710578009842,2.22158975040844e-14,3.98741106611855e-13,"AC064807.2","lncRNA","ENSG00000253844"
"ENSG00000253877.6",5.79910124977318,1.71807760116729,0.348838866492445,4.92513239262145,8.43032563283153e-07,4.47331732227784e-06,"LINC01608","lncRNA","ENSG00000253877"
"ENSG00000253880.1",0.848088118387721,1.38425708315641,0.333374926428135,4.15225313429446,3.29217811073097e-05,0.000128381712065,"AC009435.1","lncRNA","ENSG00000253880"
"ENSG00000253898.1",22.7192152633425,3.64407041648863,0.494434629256016,7.37017636076972,1.70402459757416e-13,2.71093612569169e-12,"LINC01419","lncRNA","ENSG00000253898"
"ENSG00000253974.6",0.450293288656326,1.30785802348444,0.502376976217579,2.60333989294528,0.00923203769375242,0.0205274537818676,"NRG1-IT1","lncRNA","ENSG00000253974"
"ENSG00000254038.1",0.639342538242593,1.14868584806396,0.280249679700798,4.09879450813406,4.15307548889543e-05,0.000158568788908318,"AC092818.1","lncRNA","ENSG00000254038"
"ENSG00000254040.2",0.892078495373843,-1.5065339078965,0.249284139078913,-6.04344068364331,1.50861855125361e-09,1.28240445720271e-08,"AC103719.1","lncRNA","ENSG00000254040"
"ENSG00000254041.1",1.11585242837405,-1.19717849869055,0.189983990937372,-6.30147041750058,2.9483506044015e-10,2.82446857924125e-09,"AC021546.1","lncRNA","ENSG00000254041"
"ENSG00000254044.5",1.02819264802334,1.40693273188908,0.313049297059903,4.49428491008513,6.9804118329827e-06,3.10348013216078e-05,"AC034154.1","lncRNA","ENSG00000254044"
"ENSG00000254054.3",64.5151473620654,1.2212730317469,0.224297181600242,5.44488799651322,5.18379931076125e-08,3.37594927122645e-07,"AC087273.2","lncRNA","ENSG00000254054"
"ENSG00000254080.1",0.359200680759653,1.4407435618141,0.489555736130294,2.94296125136332,0.00325089105193107,0.00811338769548713,"AC115837.1","lncRNA","ENSG00000254080"
"ENSG00000254081.2",2.60029215565242,-1.161347382002,0.337769252292346,-3.43828626827414,0.000585408467002165,0.00174734777810031,"LINC01299","lncRNA","ENSG00000254081"
"ENSG00000254106.1",0.330745973227111,-1.22823555107634,0.411853818428525,-2.98221236788045,0.00286173413287114,0.00724396299557459,"LINC01848","lncRNA","ENSG00000254106"
"ENSG00000254112.1",0.565863779646152,1.02739751615382,0.251900068107807,4.07859165688719,4.53093390838165e-05,0.000171836396005952,"AP003467.2","processed_pseudogene","ENSG00000254112"
"ENSG00000254143.1",86.3457065431685,1.5471437853904,0.223687406684767,6.9165439767949,4.62794798529808e-12,5.86672323475419e-11,"AC022733.1","lncRNA","ENSG00000254143"
"ENSG00000254166.3",182.81541250743,2.23695917537809,0.202784335605684,11.0312227455669,2.70166580967324e-28,2.76567764028937e-26,"CASC19","lncRNA","ENSG00000254166"
"ENSG00000254202.2",0.502274988615245,1.28353498632058,0.488009933104894,2.63014110830547,0.00853494336823914,0.0191548287310471,"AC015522.1","lncRNA","ENSG00000254202"
"ENSG00000254205.1",0.508231346539562,1.00111698257003,0.282358310567314,3.54555522222308,0.000391786886991634,0.00121554775637375,"AC009686.1","lncRNA","ENSG00000254205"
"ENSG00000254211.6",10.6033192389624,1.06738010215448,0.152462179081676,7.00095006239334,2.5423255701457e-12,3.36195945162111e-11,"LINC01485","lncRNA","ENSG00000254211"
"ENSG00000254233.1",16.3517446384814,1.16386922957215,0.218012331058274,5.3385477047216,9.36940555068368e-08,5.83696774237776e-07,"LINC02365","lncRNA","ENSG00000254233"
"ENSG00000254238.1",2.30011180434379,1.19806719080411,0.281933976911083,4.24946011804021,2.1428635566482e-05,8.67859740442521e-05,"AC100782.1","lncRNA","ENSG00000254238"
"ENSG00000254275.6",27.3859649988575,3.55645996299834,0.251702228605136,14.1296323942273,2.49442994866574e-45,1.1817506906801e-42,"LINC00824","lncRNA","ENSG00000254275"
"ENSG00000254302.2",1.79708276502506,1.94646929191045,0.330946439817775,5.8815235872675,4.06507002336552e-09,3.20602299577974e-08,"AC087855.2","lncRNA","ENSG00000254302"
"ENSG00000254339.5",3.11146039384516,1.37794251961371,0.288398802334362,4.77790652547913,1.77129683812775e-06,8.84627936698195e-06,"AC064802.1","lncRNA","ENSG00000254339"
"ENSG00000254349.6",29.252423685342,1.66462940000811,0.256294691974322,6.49498195684396,8.30433631199147e-11,8.6732523547672e-10,"MIR2052HG","lncRNA","ENSG00000254349"
"ENSG00000254361.2",0.556879893159289,-1.17435929667025,0.339667518396709,-3.45737885745872,0.000545457421074944,0.00163926913822058,"AC046195.2","lncRNA","ENSG00000254361"
"ENSG00000254401.2",4.3866535253294,-1.06178137722461,0.13111555707709,-8.09805793373805,5.58434758165789e-16,1.25288036079013e-14,"LINC02752","lncRNA","ENSG00000254401"
"ENSG00000254416.6",24.5012404763054,1.58579375202662,0.179170673327457,8.85074394473246,8.6937812987437e-19,2.85193825647918e-17,"LINC02732","lncRNA","ENSG00000254416"
"ENSG00000254442.1",1.66523681166353,-1.18366812832743,0.327043951270638,-3.61929374852714,0.000295408153901333,0.000942654637719455,"AP000859.1","processed_pseudogene","ENSG00000254442"
"ENSG00000254480.2",7.20855046629383,1.12931535591467,0.145912179320526,7.73969219823588,9.96577818200922e-15,1.88240936703571e-13,"LINC02749","lncRNA","ENSG00000254480"
"ENSG00000254486.1",1.18919130897618,1.04924181539187,0.209883005972578,4.99917470940431,5.75762164775446e-07,3.14243508097066e-06,"LINC02547","lncRNA","ENSG00000254486"
"ENSG00000254519.5",1.20483292097709,1.2478209521946,0.243906375954771,5.11598332479014,3.12110635111506e-07,1.78574969896758e-06,"AC044839.1","lncRNA","ENSG00000254519"
"ENSG00000254528.7",26.3260596039401,1.7467619049754,0.157424677146543,11.0958582646442,1.31392707553209e-28,1.37972502160835e-26,"AP000757.1","lncRNA","ENSG00000254528"
"ENSG00000254542.1",2.03414611080007,1.18959730563133,0.192424177835358,6.18216130121224,6.32298684738913e-10,5.71340548066479e-09,"NAV2-AS3","lncRNA","ENSG00000254542"
"ENSG00000254544.1",1.22866075453135,2.26387059264413,0.345772085228558,6.54729137879274,5.85899819658515e-11,6.2654373628207e-10,"PCNAP4","processed_pseudogene","ENSG00000254544"
"ENSG00000254554.1",5.13151224357736,1.12037213221156,0.142388676375768,7.86840752178117,3.59183917020476e-15,7.206321902116e-14,"AC080023.1","lncRNA","ENSG00000254554"
"ENSG00000254609.1",2.6019441344251,1.26045892416779,0.312582262125513,4.03240707133175,5.52084487253439e-05,0.000205872032437918,"AC136443.1","unprocessed_pseudogene","ENSG00000254609"
"ENSG00000254632.2",33.3580744355508,3.77780323872655,0.207473154586023,18.2086364198034,4.40788815964126e-74,8.1632085131029e-71,"AP003119.1","lncRNA","ENSG00000254632"
"ENSG00000254645.2",13.0001654257606,1.28799246173975,0.257553668686146,5.00087018100019,5.70721334611961e-07,3.11784651865046e-06,"AC087379.1","lncRNA","ENSG00000254645"
"ENSG00000254704.3",4.06087626546043,-1.17464300127362,0.221685792674845,-5.29868417412076,1.16640186167775e-07,7.14526458297828e-07,"AP002358.2","processed_pseudogene","ENSG00000254704"
"ENSG00000254717.2",0.79848026073706,1.40866141315334,0.4785017430477,2.94390027543309,0.00324104414181915,0.00809377024027812,"GLYATL1P2","transcribed_unprocessed_pseudogene","ENSG00000254717"
"ENSG00000254768.6",1.29898664665627,1.97910823381731,0.407551013243028,4.85609940721001,1.197206165948e-06,6.19321620355758e-06,"AC104009.1","lncRNA","ENSG00000254768"
"ENSG00000254799.1",6.4607959945287,-1.74586900160392,0.277697896879934,-6.28693634780666,3.23792054518329e-10,3.07511880588351e-09,"SLC25A47P1","processed_pseudogene","ENSG00000254799"
"ENSG00000254948.1",1.25617382452428,1.42418599831994,0.294549218323596,4.83513759237109,1.33053571160768e-06,6.82466937801942e-06,"OR7E158P","unprocessed_pseudogene","ENSG00000254948"
"ENSG00000254952.1",1.54106124256056,-1.15061529387668,0.153963688783285,-7.47328998785064,7.82142227614185e-14,1.30548221137586e-12,"LINC02705","lncRNA","ENSG00000254952"
"ENSG00000254975.1",0.845497165097752,2.49002188888042,0.312595584568086,7.96563359114906,1.64379341545111e-15,3.4504417890636e-14,"AP001189.4","lncRNA","ENSG00000254975"
"ENSG00000254990.5",5.43128927334467,1.67953071941982,0.16949579762834,9.9089814787184,3.80505272377453e-23,2.19899664006731e-21,"AP001781.1","lncRNA","ENSG00000254990"
"ENSG00000255020.1",4.76504640729832,2.00203968867998,0.305769565693027,6.54754401126339,5.84909867913623e-11,6.25703479670416e-10,"AF131216.3","lncRNA","ENSG00000255020"
"ENSG00000255051.1",0.94421730241292,2.44277062621619,0.596038831675156,4.09834141066083,4.16121196019395e-05,0.000158849675718338,"BCAS2P1","processed_pseudogene","ENSG00000255051"
"ENSG00000255079.1",0.691077158417294,1.1212461673171,0.315900485302309,3.54936513074391,0.000386161221451084,0.00120010424451423,"LINC02704","lncRNA","ENSG00000255079"
"ENSG00000255093.2",1.43301224983793,-1.26914203507642,0.308447621482402,-4.1146111906356,3.87832577089985e-05,0.000149000119645236,"AP002008.2","transcribed_unitary_pseudogene","ENSG00000255093"
"ENSG00000255100.1",15.4908112476958,1.68080440437163,0.113493936486341,14.8096405535632,1.2691718334554e-49,8.47702754270056e-47,"AP003119.2","lncRNA","ENSG00000255100"
"ENSG00000255150.2",101.197263965625,1.04948731280428,0.102479663852188,10.2409324284867,1.29977603360092e-24,8.93031617824658e-23,"EID3","protein_coding","ENSG00000255150"
"ENSG00000255163.1",4.45609973571445,-1.05868374109239,0.136668884477435,-7.74634069152138,9.45785407414606e-15,1.79311935106065e-13,"HSPE1P18","processed_pseudogene","ENSG00000255163"
"ENSG00000255197.6",243.38568759317,-1.1061304973376,0.0760231711961799,-14.5499126112906,5.84777053630056e-48,3.4036530708642e-45,"AC090559.1","lncRNA","ENSG00000255197"
"ENSG00000255236.3",9.64395984920942,1.11943738856359,0.154761531372348,7.23330519307335,4.71378443248338e-13,6.98631208194508e-12,"AP002992.1","lncRNA","ENSG00000255236"
"ENSG00000255267.4",0.374580603216642,1.15647169549358,0.452345205852756,2.55661313645055,0.0105696693740016,0.023113614400843,"LINC02687","lncRNA","ENSG00000255267"
"ENSG00000255269.3",1.14765382619227,-1.10084484747019,0.20228221535582,-5.44212374545026,5.2649080049179e-08,3.42009162698294e-07,"LINC02710","lncRNA","ENSG00000255269"
"ENSG00000255317.1",1.09053940014243,-2.64488181458388,0.493914287706832,-5.35494088835465,8.5584391636416e-08,5.37614071606922e-07,"AP002833.2","lncRNA","ENSG00000255317"
"ENSG00000255372.1",1.05957458236231,2.06197147091625,0.427231059499766,4.82636134491383,1.39050122330878e-06,7.10028717148386e-06,"AC107886.1","lncRNA","ENSG00000255372"
"ENSG00000255395.1",0.5062899804361,1.26674296956646,0.286279424039183,4.42484811410364,9.65101605453773e-06,4.18488023744179e-05,"AP001972.4","lncRNA","ENSG00000255395"
"ENSG00000255433.5",1.52706388739809,1.81156153409754,0.323706160125405,5.59631467438165,2.18956137013392e-08,1.5254668075131e-07,"LINC02735","lncRNA","ENSG00000255433"
"ENSG00000255446.1",2.74179063911601,-1.8265202950953,0.199802565010501,-9.14162585950436,6.15203507048079e-20,2.32085523033888e-18,"AP003064.2","lncRNA","ENSG00000255446"
"ENSG00000255501.3",10.3559921461092,2.00702114678274,0.425248435637159,4.71964380956646,2.36257970834257e-06,1.15279742583235e-05,"CARD18","protein_coding","ENSG00000255501"
"ENSG00000255587.9",25.5807725969951,-1.34726542541925,0.108370941141729,-12.4319804850386,1.75238291644818e-35,3.75775458762359e-33,"RAB44","protein_coding","ENSG00000255587"
"ENSG00000255693.3",8.61284221818195,1.0144422304714,0.176349582551852,5.75245042144129,8.79590684020469e-09,6.57549225778471e-08,"LINC02389","lncRNA","ENSG00000255693"
"ENSG00000255774.2",24.6999605557029,1.82601980432518,0.313882625267086,5.81752431429233,5.97255767312962e-09,4.58526318591144e-08,"LINC02747","lncRNA","ENSG00000255774"
"ENSG00000255836.1",49.740713064212,1.07625211595408,0.21526960618912,4.9995544424816,5.74629458655002e-07,3.13709339863068e-06,"AC131206.1","processed_pseudogene","ENSG00000255836"
"ENSG00000255866.2",0.979792712120218,-1.82831472524196,0.558903535255296,-3.27125274741163,0.00107072170490153,0.0030100334246052,"AC090023.1","lncRNA","ENSG00000255866"
"ENSG00000255931.2",13.0319732656899,2.12818501645991,0.173782418837199,12.2462619101511,1.75919336071378e-34,3.51266635541787e-32,"AP003108.1","lncRNA","ENSG00000255931"
"ENSG00000255960.1",4.85307070323193,1.01607585999807,0.3419605298224,2.97132496702406,0.00296517841574598,0.00747912240405735,"AC092851.1","processed_pseudogene","ENSG00000255960"
"ENSG00000256001.2",13.660509963314,1.12284183681444,0.198344153659474,5.66107856520026,1.50424534451957e-08,1.07767659700652e-07,"AC079949.1","lncRNA","ENSG00000256001"
"ENSG00000256008.3",1.44636578545356,2.38990729140113,0.322648026291054,7.40716538351064,1.29027517627871e-13,2.08444415174955e-12,"AC125616.1","lncRNA","ENSG00000256008"
"ENSG00000256064.1",1.39891495413285,1.53646343491541,0.403861702563285,3.80442964797993,0.000142131298725897,0.000486912932312219,"AC063926.1","lncRNA","ENSG00000256064"
"ENSG00000256081.2",3.22551204546095,2.03426218708903,0.419806780611015,4.84571064842791,1.26159273556602e-06,6.50152704593556e-06,"AC243972.2","processed_pseudogene","ENSG00000256081"
"ENSG00000256083.1",1.83749271247933,-1.09411268333274,0.319367414429,-3.42587450660523,0.00061282345212769,0.0018226342003094,"AC090673.1","lncRNA","ENSG00000256083"
"ENSG00000256115.6",2.59514599577449,1.33200804167592,0.278899858959934,4.7759365911593,1.78872754037232e-06,8.92895444466914e-06,"LINC02443","lncRNA","ENSG00000256115"
"ENSG00000256146.1",0.774464854585428,1.16083460975117,0.325589418055425,3.56533273312205,0.000363394865223047,0.00113611088043145,"AC006206.1","lncRNA","ENSG00000256146"
"ENSG00000256209.2",10.5620954905513,1.77515871671911,0.229927204951489,7.72052492480671,1.15851593977223e-14,2.16123694753388e-13,"AC073578.1","lncRNA","ENSG00000256209"
"ENSG00000256218.1",1.73407697597678,1.76756175790124,0.297769050153983,5.936015704074,2.92031840775535e-09,2.35749024939917e-08,"AC007848.2","lncRNA","ENSG00000256218"
"ENSG00000256232.1",13.8473408618541,1.76990021427036,0.201755810503327,8.77248694773613,1.74762780890388e-18,5.55843870555586e-17,"LINC02387","lncRNA","ENSG00000256232"
"ENSG00000256268.2",12.2685535209528,-1.2568006200159,0.229937497892811,-5.46583585336647,4.60730546591188e-08,3.02376685885386e-07,"LINC02454","lncRNA","ENSG00000256268"
"ENSG00000256321.6",0.396456919756152,1.23702853721585,0.46992281610467,2.63240790789847,0.00847820041981215,0.0190464997631455,"AC087235.2","lncRNA","ENSG00000256321"
"ENSG00000256350.1",1.43572129447212,2.32247669111587,0.390172047711151,5.95244253077613,2.64169910330492e-09,2.15175422962719e-08,"AC243972.3","unprocessed_pseudogene","ENSG00000256350"
"ENSG00000256394.3",3.00377812807691,1.34666752528932,0.218514992603809,6.16281523406025,7.14628754090851e-10,6.39430547718048e-09,"ASIC5","protein_coding","ENSG00000256394"
"ENSG00000256463.8",18.9664993610228,1.02060623666942,0.290359553513702,3.51497384645641,0.000439797298206028,0.00135185362983791,"SALL3","protein_coding","ENSG00000256463"
"ENSG00000256546.2",43.7977227046972,1.12503151290639,0.146013608426127,7.70497712530394,1.30866730609362e-14,2.42249123362891e-13,"AC156455.1","lncRNA","ENSG00000256546"
"ENSG00000256571.1",0.512926253781631,1.19126095321016,0.250146752315845,4.76224832895703,1.91447884723247e-06,9.49617867942445e-06,"AC079866.2","lncRNA","ENSG00000256571"
"ENSG00000256706.1",1.0020324969016,-1.07072071538006,0.177909448338539,-6.01834655426852,1.76207636075028e-09,1.47720734909565e-08,"AC005342.2","lncRNA","ENSG00000256706"
"ENSG00000256779.2",2.38968668254593,1.31777625317195,0.350980943257098,3.75455214446405,0.000173651692490481,0.000583560780859424,"AP002383.3","transcribed_processed_pseudogene","ENSG00000256779"
"ENSG00000256797.1",3.36601496640982,1.28392996042813,0.244245756372047,5.25671348194228,1.4665251880416e-07,8.82579552974576e-07,"KLRF2","protein_coding","ENSG00000256797"
"ENSG00000256810.2",4.34776905979718,1.12785268798087,0.191583073121909,5.88701637155173,3.93229774857663e-09,3.11033987905761e-08,"AC078925.1","lncRNA","ENSG00000256810"
"ENSG00000256870.3",316.52778792348,-1.2352125455779,0.226941132464217,-5.44287645067011,5.24270106595068e-08,3.40729573345076e-07,"SLC5A8","protein_coding","ENSG00000256870"
"ENSG00000256879.1",0.375294637647575,1.4903957970376,0.445754261987001,3.34353684111507,0.000827177100799546,0.00239171645858178,"AC129102.1","lncRNA","ENSG00000256879"
"ENSG00000256906.1",0.609803720173905,1.56865091453465,0.327890310327323,4.78407218855816,1.71778944157952e-06,8.60859719781974e-06,"LINC02419","lncRNA","ENSG00000256906"
"ENSG00000256915.2",1.50909889729333,-1.2157989567048,0.393125270107005,-3.09265022921031,0.00198377796700221,0.00523614056164623,"AC090023.2","lncRNA","ENSG00000256915"
"ENSG00000256923.1",1.01733259382596,1.42103676296676,0.373392616901922,3.80574413805301,0.000141378478950304,0.000484578393864914,"AC084819.1","lncRNA","ENSG00000256923"
"ENSG00000256948.1",26.7670507745403,-1.25864082097321,0.141954222150316,-8.86652613714036,7.54632348205295e-19,2.50170754783794e-17,"AC026369.3","lncRNA","ENSG00000256948"
"ENSG00000256951.1",0.504723235188582,1.67342559605604,0.428650771776033,3.90393697210091,9.46404372364174e-05,0.000336939473464117,"AC055876.3","transcribed_processed_pseudogene","ENSG00000256951"
"ENSG00000256955.2",4.8305698717288,2.25281918536482,0.209637574157954,10.7462566976062,6.17156671381693e-27,5.44260048963297e-25,"AC131009.2","lncRNA","ENSG00000256955"
"ENSG00000256980.5",2.28358736692738,1.84540157760127,0.307622814515187,5.99890999797793,1.98646414389962e-09,1.64836066425463e-08,"KHDC1L","protein_coding","ENSG00000256980"
"ENSG00000256995.8",3.95385472500898,1.18112880281292,0.290283866700385,4.06887511951195,4.72406572024942e-05,0.000178446699091528,"AC084816.1","lncRNA","ENSG00000256995"
"ENSG00000257008.6",3.99102440498846,1.18873869500232,0.23347386960745,5.09152778853154,3.55189802997789e-07,2.0127257501445e-06,"GPR142","protein_coding","ENSG00000257008"
"ENSG00000257048.1",4.36789354903486,2.1508780873166,0.266433226482211,8.07285981450294,6.8670435351455e-16,1.52073267984853e-14,"LINC02417","lncRNA","ENSG00000257048"
"ENSG00000257056.3",0.697689695322394,1.80484511616048,0.706159357233679,2.55586093658918,0.0105925441986646,0.0231579753319484,"LINC02282","lncRNA","ENSG00000257056"
"ENSG00000257057.3",19.033361411723,-1.32928904113471,0.246034456557948,-5.40285722468156,6.55876644515275e-08,4.18911775003697e-07,"C11orf97","protein_coding","ENSG00000257057"
"ENSG00000257126.6",0.866048913265422,2.00680449176758,0.516417100723898,3.88601479105649,0.000101903300375717,0.000360153206732116,"FOXG1-AS1","lncRNA","ENSG00000257126"
"ENSG00000257135.7",137.207975162367,1.18235929227253,0.103880333747482,11.3819358257615,5.14449292446605e-30,6.48922833503158e-28,"ODC1-DT","lncRNA","ENSG00000257135"
"ENSG00000257138.1",3.23611139024111,1.11414248504523,0.381567079308293,2.91991250153172,0.00350129676283466,0.00868566874285397,"TAS2R38","protein_coding","ENSG00000257138"
"ENSG00000257185.2",20.6034462558445,1.26304955336548,0.324677378660406,3.89016801409672,0.000100174839467219,0.00035475214988378,"LINC02293","lncRNA","ENSG00000257185"
"ENSG00000257191.1",3.79300669243092,1.18377232761689,0.237515892097305,4.98397103942807,6.2292407107561e-07,3.37811732035586e-06,"AC090709.1","lncRNA","ENSG00000257191"
"ENSG00000257230.1",1.57758882970786,2.25847804159113,0.54164350758953,4.16967619835787,3.05032711531637e-05,0.000119614511702921,"LINC02448","lncRNA","ENSG00000257230"
"ENSG00000257253.2",0.337377881743625,1.18793494327458,0.406181694715615,2.9246392900751,0.00344855704890541,0.00856630653844367,"AC131157.1","lncRNA","ENSG00000257253"
"ENSG00000257275.6",2.84003671533959,-1.08544379045652,0.250101549065325,-4.34001226507002,1.42474763597929e-05,5.97390285421527e-05,"AL139020.1","lncRNA","ENSG00000257275"
"ENSG00000257279.1",14.2449037098904,1.00001922650094,0.137446260317468,7.27571069733828,3.44601383425662e-13,5.20775006116904e-12,"AC127164.1","lncRNA","ENSG00000257279"
"ENSG00000257302.1",3.91485765780971,1.6600518398993,0.303735305986664,5.46545563581002,4.61719261843515e-08,3.02927985270376e-07,"FAHD2P1","processed_pseudogene","ENSG00000257302"
"ENSG00000257391.1",0.40710354670106,1.06827287844423,0.266756169175881,4.00467918603181,6.21017030774279e-05,0.000229206421639972,"AC126763.1","lncRNA","ENSG00000257391"
"ENSG00000257434.1",1.58397555485311,1.84052994381089,0.335489910697907,5.48609625840045,4.10913044385008e-08,2.71959554375867e-07,"AC073525.1","lncRNA","ENSG00000257434"
"ENSG00000257443.1",17.650962341576,-1.09568727207487,0.171914941196143,-6.37342667514145,1.84850675651696e-10,1.83916265642907e-09,"AC068305.2","lncRNA","ENSG00000257443"
"ENSG00000257470.2",0.556977430436485,1.26749505127362,0.29591403885208,4.28332179233715,1.84123578893038e-05,7.56224493431358e-05,"AC007656.1","lncRNA","ENSG00000257470"
"ENSG00000257474.5",52.861929111449,1.18191723630417,0.21022351294857,5.62219334900619,1.88548062886684e-08,1.32791939951464e-07,"AC027288.1","lncRNA","ENSG00000257474"
"ENSG00000257512.1",28.0386272781704,1.4519676477214,0.17676197915391,8.21425317068404,2.13488742428342e-16,5.10755832810213e-15,"AC124947.2","transcribed_processed_pseudogene","ENSG00000257512"
"ENSG00000257582.5",0.854167853296058,2.73938064237471,0.546889664565056,5.00901885676218,5.47082134534049e-07,2.99956498550945e-06,"LINC01475","lncRNA","ENSG00000257582"
"ENSG00000257612.2",0.693024729927536,1.08886534492219,0.364240137007068,2.98941614142063,0.00279511161339688,0.00709186900390018,"MIR4307HG","lncRNA","ENSG00000257612"
"ENSG00000257636.6",7.75477720027919,1.85086277841227,0.470346576819686,3.93510417557864,8.31606166637387e-05,0.000299364994233143,"G2E3-AS1","lncRNA","ENSG00000257636"
"ENSG00000257703.6",18.3558847631896,1.54618983812654,0.330423139758635,4.67942359986043,2.87682531708689e-06,1.37813631856638e-05,"AC068643.1","lncRNA","ENSG00000257703"
"ENSG00000257732.1",24.3171515805362,1.37728916859857,0.205625154781473,6.69805778413771,2.11207755700192e-11,2.41924025597215e-10,"AC089983.1","lncRNA","ENSG00000257732"
"ENSG00000257762.6",0.422368159354608,1.04735932388473,0.43167696153212,2.42625717195425,0.0152554556082116,0.0319154314683115,"LINC02401","lncRNA","ENSG00000257762"
"ENSG00000257830.1",3.05861063696312,1.11500028524449,0.186070941054736,5.99233969003518,2.06843300324807e-09,1.70906846179955e-08,"AC021066.1","lncRNA","ENSG00000257830"
"ENSG00000257842.6",40.3069533164406,1.16104652017814,0.298965493826724,3.88354691144078,0.000102943659221825,0.000363294370521856,"LINC02588","lncRNA","ENSG00000257842"
"ENSG00000257845.1",1.38895996482828,1.24995836165087,0.347488983785907,3.59711651296834,0.000321764377052448,0.00101735573601179,"LINC02294","lncRNA","ENSG00000257845"
"ENSG00000257864.1",1.04811373877927,1.02226339656844,0.214369880609936,4.76868948967947,1.85428208714506e-06,9.22699474537285e-06,"AC025030.1","processed_pseudogene","ENSG00000257864"
"ENSG00000257869.1",11.435770222467,2.05340440777646,0.352459493941567,5.8259301936037,5.67953540961255e-09,4.37845432722505e-08,"AL139023.1","lncRNA","ENSG00000257869"
"ENSG00000257878.1",1.71820777247373,1.13964510130204,0.174156503950559,6.54379868365737,5.99755214159708e-11,6.39878066333517e-10,"AC007298.2","lncRNA","ENSG00000257878"
"ENSG00000257893.3",3.37365667264692,2.59454301746341,0.346988979989727,7.47730667855855,7.58612431916206e-14,1.26984988962868e-12,"LINC02404","lncRNA","ENSG00000257893"
"ENSG00000257943.2",1.32008936454648,-1.37807423727151,0.231884176553079,-5.94294210910103,2.79951323746297e-09,2.26880843094627e-08,"AC084879.1","transcribed_unitary_pseudogene","ENSG00000257943"
"ENSG00000257955.1",0.339322435149686,1.09719521273,0.394506116855043,2.78118682031273,0.00541605595343437,0.0128100759149412,"AC004801.3","lncRNA","ENSG00000257955"
"ENSG00000257979.1",0.36616432197621,1.01243356826386,0.409493026542613,2.47240734918474,0.0134206496264034,0.0285226295787501,"SNRPGP18","processed_pseudogene","ENSG00000257979"
"ENSG00000257986.3",1.30097682919234,1.63653583733459,0.409887731475419,3.99264411121495,6.53405979536844e-05,0.000239921772028385,"LINC02306","lncRNA","ENSG00000257986"
"ENSG00000257989.1",2.32044009141135,1.3804504891132,0.236355869361034,5.84055937703225,5.20258381543678e-09,4.02829480031054e-08,"AC078864.1","lncRNA","ENSG00000257989"
"ENSG00000258081.4",3.87783942587721,1.18928511886505,0.269000107997869,4.42113249588164,9.81849427925105e-06,4.25161985779068e-05,"AL110292.1","lncRNA","ENSG00000258081"
"ENSG00000258121.1",0.554767159114562,1.16910654857857,0.314409933073165,3.71841480054802,0.000200476884823791,0.000664175452787097,"AC089987.2","lncRNA","ENSG00000258121"
"ENSG00000258123.1",0.800586502580734,1.10684038260868,0.36714328657365,3.01473681553112,0.00257202332967241,0.00657867085675176,"LINC02444","lncRNA","ENSG00000258123"
"ENSG00000258162.4",3.4468176193214,2.57942815572074,0.287485561461529,8.97237462155441,2.90189523673856e-19,1.00794473683239e-17,"AC069228.1","lncRNA","ENSG00000258162"
"ENSG00000258169.1",0.961127105758311,1.68232701645649,0.321827179556679,5.22742367121979,1.71888321270653e-07,1.02222243081743e-06,"LINC00485","lncRNA","ENSG00000258169"
"ENSG00000258175.1",13.8437093528711,1.19509163479274,0.266212004537357,4.4892477214529,7.14751397863731e-06,3.17154391234611e-05,"LINC02300","lncRNA","ENSG00000258175"
"ENSG00000258227.7",469.265148428009,-1.18395887391717,0.106836744383591,-11.081944519633,1.53502042514501e-28,1.59952269006862e-26,"CLEC5A","protein_coding","ENSG00000258227"
"ENSG00000258234.1",1.53608242813812,-1.1491986287739,0.216276903687772,-5.31355225259252,1.07508589213562e-07,6.62565791911684e-07,"AC024257.1","lncRNA","ENSG00000258234"
"ENSG00000258279.4",16.5264799680747,1.81990674683367,0.150872779588548,12.0625254721019,1.66594808389289e-33,3.12791349226028e-31,"LINC00592","lncRNA","ENSG00000258279"
"ENSG00000258285.1",4.49488054392277,1.98237494576502,0.244074427173141,8.12201003081229,4.58525421012349e-16,1.04600790751994e-14,"TESC-AS1","lncRNA","ENSG00000258285"
"ENSG00000258294.5",0.80975978411894,1.63601883723372,0.405624479590439,4.03333358698079,5.49911280862505e-05,0.000205174316082244,"AC090503.2","lncRNA","ENSG00000258294"
"ENSG00000258314.3",2.4252787495013,1.42179391234698,0.382102648261517,3.72097371953799,0.00019845609258052,0.000658229939759698,"AL589182.1","lncRNA","ENSG00000258314"
"ENSG00000258320.1",2.15850775010591,1.28651393035703,0.49616320338352,2.5929249117706,0.00951635451737708,0.0210674218703268,"AC090502.3","processed_pseudogene","ENSG00000258320"
"ENSG00000258323.1",0.873797552752999,1.05349727635201,0.214936939013824,4.90142495368957,9.51439953148651e-07,5.0051023900756e-06,"AC073575.1","lncRNA","ENSG00000258323"
"ENSG00000258331.1",0.735618281108168,-1.10422446952724,0.235496931177121,-4.68891235230891,2.74660990487061e-06,1.32166206866828e-05,"LINC02461","lncRNA","ENSG00000258331"
"ENSG00000258343.2",20.0831522494783,-1.14248334579264,0.173860584101649,-6.57126140289898,4.98907827105009e-11,5.38891876981426e-10,"AC090001.1","lncRNA","ENSG00000258343"
"ENSG00000258346.1",39.3370850653828,2.09675270261826,0.266674482057355,7.86259220020647,3.76264422225027e-15,7.52214983057618e-14,"AC079384.1","lncRNA","ENSG00000258346"
"ENSG00000258414.1",4.93526238434943,1.45446409733869,0.163617819315996,8.88939910957784,6.14402640063491e-19,2.06369387997583e-17,"AL121790.1","lncRNA","ENSG00000258414"
"ENSG00000258460.2",1.15359165504173,-2.34364641344464,0.340055561092424,-6.89195143851111,5.50321618872968e-12,6.90324929733415e-11,"AL355096.1","lncRNA","ENSG00000258460"
"ENSG00000258474.1",14.4056081196723,1.86159000188154,0.227412357058935,8.1859667871922,2.7012622914925e-16,6.36538632401844e-15,"LINC02313","lncRNA","ENSG00000258474"
"ENSG00000258498.8",106.366137127207,-1.18715345475703,0.159797685866662,-7.42910292047415,1.09336650301613e-13,1.78402208379601e-12,"DIO3OS","lncRNA","ENSG00000258498"
"ENSG00000258499.1",0.50784604688238,1.4718740939273,0.396159383244505,3.71535840416753,0.000202915871058975,0.000671382275016713,"LINC02287","lncRNA","ENSG00000258499"
"ENSG00000258545.6",142.250464938284,-1.0155046140615,0.160868115799501,-6.3126531259133,2.74291836895688e-10,2.63821348220987e-09,"RHOXF1-AS1","lncRNA","ENSG00000258545"
"ENSG00000258592.1",12.860882412133,1.72241142159158,0.213424929417315,8.07033848526527,7.01035451407594e-16,1.55061277940823e-14,"AL391152.1","lncRNA","ENSG00000258592"
"ENSG00000258601.1",0.685919346591262,1.89059252853829,0.445041820548752,4.24812330267553,2.15568744969147e-05,8.7244634710221e-05,"AL162464.1","lncRNA","ENSG00000258601"
"ENSG00000258609.3",0.625534773522917,1.11438600837079,0.276956617242652,4.02368435701405,5.72946952283399e-05,0.00021287231147987,"LINC-ROR","lncRNA","ENSG00000258609"
"ENSG00000258657.5",3.58450801638645,1.43041503586166,0.237168979702749,6.03120626337577,1.62740312055452e-09,1.37301390853414e-08,"AL136018.1","lncRNA","ENSG00000258657"
"ENSG00000258661.1",52.680525858587,1.0854416519205,0.145973660529247,7.43587334855538,1.03879330763638e-13,1.70179154535701e-12,"AL079303.1","lncRNA","ENSG00000258661"
"ENSG00000258689.1",24.9094547764534,1.81477844391947,0.146706076798353,12.3701654595663,3.79039796446831e-35,7.96042186939858e-33,"LINC01269","lncRNA","ENSG00000258689"
"ENSG00000258700.6",8.04253878542645,1.90795676215131,0.330857707215562,5.7666988573678,8.08393116567074e-09,6.08467776617261e-08,"LINC00871","lncRNA","ENSG00000258700"
"ENSG00000258742.6",0.343282998227823,1.26440834307767,0.505298729881136,2.5022986766167,0.0123389780354494,0.0264941756046542,"LINC02833","lncRNA","ENSG00000258742"
"ENSG00000258743.6",3.45679351226456,1.44527187744474,0.28955113072493,4.99142197727327,5.99363935416369e-07,3.26033175175823e-06,"LINC02301","lncRNA","ENSG00000258743"
"ENSG00000258751.2",0.931106294634043,-1.59014581474641,0.344506921850626,-4.61571513920373,3.91743980303128e-06,1.83120984275933e-05,"AL358335.2","lncRNA","ENSG00000258751"
"ENSG00000258763.5",0.727861596096762,1.18133345171317,0.300420202214527,3.9322703433559,8.41473563464867e-05,0.00030256956487732,"AC122685.1","lncRNA","ENSG00000258763"
"ENSG00000258774.1",7.46742485621909,1.19170999417078,0.178176224189663,6.6883783152922,2.25657166714046e-11,2.57605770339882e-10,"NANOGP7","transcribed_processed_pseudogene","ENSG00000258774"
"ENSG00000258776.1",0.373288183031057,1.59754979252843,0.49684693406775,3.21537617118632,0.00130273685896155,0.0035877658405212,"AL161757.4","lncRNA","ENSG00000258776"
"ENSG00000258788.3",9.84008290222202,1.16084349139425,0.1370642636013,8.46933738155829,2.46792895415474e-17,6.71682226981474e-16,"CKS1BP1","processed_pseudogene","ENSG00000258788"
"ENSG00000258806.2",5.3991404303535,1.3239852815773,0.17997203296245,7.35661680197578,1.88629834555343e-13,2.97650865580493e-12,"OR11H7","polymorphic_pseudogene","ENSG00000258806"
"ENSG00000258815.1",10.2418630714838,1.82162091172121,0.410939083483133,4.4328246811695,9.30064920000802e-06,4.04457626594008e-05,"LINC02820","lncRNA","ENSG00000258815"
"ENSG00000258868.1",2.70537073190316,-1.5273563175728,0.288469330466828,-5.29469221251734,1.19217034307456e-07,7.28880496516907e-07,"AL110505.1","lncRNA","ENSG00000258868"
"ENSG00000258897.1",0.860619746461268,1.6143330761088,0.362880259241385,4.44866601309101,8.6405251403829e-06,3.77202978068252e-05,"EGLN3-AS1","lncRNA","ENSG00000258897"
"ENSG00000258913.2",12.2121855208252,1.16661775546009,0.182512617268097,6.39198414291772,1.63746883576009e-10,1.64091148552601e-09,"LINC02691","lncRNA","ENSG00000258913"
"ENSG00000258927.2",6.64460655273738,1.53096172494208,0.365212205118227,4.19197853600342,2.76532164527551e-05,0.000109311632670477,"AL133467.2","lncRNA","ENSG00000258927"
"ENSG00000258932.5",5.60171178579605,1.34526414519561,0.386842694286743,3.47754827753953,0.000506021915512131,0.00153250954461538,"AL390334.1","transcribed_processed_pseudogene","ENSG00000258932"
"ENSG00000258979.3",0.872284113777552,-1.57672640914632,0.358065248548251,-4.40346114441164,1.06537372323096e-05,4.57681585887802e-05,"LINC02299","lncRNA","ENSG00000258979"
"ENSG00000258988.1",1.5191663403819,-1.04965834308791,0.242258413122296,-4.33280450226523,1.47221832418049e-05,6.15837691807861e-05,"SF3B4P1","processed_pseudogene","ENSG00000258988"
"ENSG00000259005.1",20.6064492868177,-1.31451957195352,0.115604641516462,-11.3708200182113,5.84359963902201e-30,7.25871280770347e-28,"AC005479.1","lncRNA","ENSG00000259005"
"ENSG00000259023.3",10.2905152052232,-1.29412396659006,0.259390244885386,-4.98910036945251,6.06611251869702e-07,3.29579440391082e-06,"LINC00524","lncRNA","ENSG00000259023"
"ENSG00000259094.1",29.3112169487725,-2.85122005521025,0.251447767673353,-11.339214030781,8.38945330460326e-30,1.03266312987749e-27,"AC013457.1","lncRNA","ENSG00000259094"
"ENSG00000259098.1",3.95303676785269,1.29976907963307,0.309039019778155,4.20584132245215,2.60112693261175e-05,0.000103382806180276,"AC025884.2","processed_pseudogene","ENSG00000259098"
"ENSG00000259129.6",70.0887680668318,1.26146320114707,0.320603828976204,3.93464795843313,8.33187293705651e-05,0.000299801730172651,"LINC00648","lncRNA","ENSG00000259129"
"ENSG00000259156.7",0.351295080121986,1.03581351954186,0.442154161420736,2.34265242741031,0.0191472110000782,0.0388677603396038,"CHEK2P2","transcribed_unprocessed_pseudogene","ENSG00000259156"
"ENSG00000259207.9",708.385486545706,-1.52730165429468,0.126829372089183,-12.0421762651377,2.13254495351996e-33,3.91379635321008e-31,"ITGB3","protein_coding","ENSG00000259207"
"ENSG00000259221.5",0.65679252976644,2.15513353986081,0.380271588857502,5.66735355206459,1.45019910326623e-08,1.04280730787815e-07,"AC023905.1","lncRNA","ENSG00000259221"
"ENSG00000259223.2",0.492057749866625,1.04028065816689,0.38570031596955,2.69712161254494,0.00699417221822566,0.0160497639361965,"AC009654.1","lncRNA","ENSG00000259223"
"ENSG00000259225.7",96.5296259958636,-1.44923642508322,0.123866369571086,-11.6999992015711,1.27454697516253e-31,1.81569466465199e-29,"LINC02345","lncRNA","ENSG00000259225"
"ENSG00000259240.1",5.39503694098319,1.29856604551371,0.212148500363571,6.12102392092465,9.29759436489091e-10,8.16229017902932e-09,"MIR4713HG","lncRNA","ENSG00000259240"
"ENSG00000259256.2",1.62328326219387,3.25166161789539,0.397600254490927,8.17821815043529,2.8807189013761e-16,6.76089459670315e-15,"LINC01895","lncRNA","ENSG00000259256"
"ENSG00000259265.1",1.55256597077556,2.8578423177206,0.338509435290082,8.44243031297373,3.10806724568683e-17,8.32557421374217e-16,"AC027088.3","lncRNA","ENSG00000259265"
"ENSG00000259271.1",0.947688919987045,1.02948434942788,0.333060721434062,3.09098096285632,0.00199496423887758,0.00526191674659089,"ANKRD62P1","transcribed_unprocessed_pseudogene","ENSG00000259271"
"ENSG00000259306.2",7.05148256398226,1.36507587257705,0.239219209024635,5.70638067964045,1.15403740026047e-08,8.43691832026064e-08,"AC020891.2","lncRNA","ENSG00000259306"
"ENSG00000259347.7",9.51152604461298,1.13600356058145,0.121769803585587,9.32910727562276,1.06766352563133e-20,4.47989856074123e-19,"AC087482.1","lncRNA","ENSG00000259347"
"ENSG00000259360.1",0.474719857241258,1.99777649729047,0.437301920883021,4.56841463960748,4.9142712916145e-06,2.2529780042112e-05,"AC009558.1","lncRNA","ENSG00000259360"
"ENSG00000259380.6",2.48985623264554,-1.06276740208138,0.195050572030446,-5.44867616135721,5.07461135999031e-08,3.3112570570161e-07,"AC087473.1","lncRNA","ENSG00000259380"
"ENSG00000259424.1",4.42628244939176,1.1208262355056,0.138607108808867,8.08635462594615,6.14770168841456e-16,1.37096776076122e-14,"IRAIN","lncRNA","ENSG00000259424"
"ENSG00000259434.2",0.566518182737824,1.16738212604785,0.44776459533756,2.60713361039139,0.00913037254824853,0.0203333571321831,"AC068875.1","lncRNA","ENSG00000259434"
"ENSG00000259457.1",14.7594964211749,2.33437040782812,0.370618287476104,6.29858397901811,3.00376974555257e-10,2.87013580541858e-09,"AC100826.1","lncRNA","ENSG00000259457"
"ENSG00000259466.1",1.18817665888383,1.73766699456411,0.247555899805859,7.01929138399384,2.22996296627931e-12,2.9827767936677e-11,"NPM1P47","processed_pseudogene","ENSG00000259466"
"ENSG00000259471.1",6.06599971932377,1.12419091789898,0.197826668909426,5.68270660420252,1.32579602122114e-08,9.5876654761471e-08,"LINC01169","lncRNA","ENSG00000259471"
"ENSG00000259485.2",30.9765307567124,1.84997142471606,0.348997659945153,5.30081326335195,1.15287962528141e-07,7.06767598146863e-07,"LINC02253","lncRNA","ENSG00000259485"
"ENSG00000259504.2",4.8139879302877,-1.10336372302971,0.162270645352408,-6.79952754630083,1.04962794823049e-11,1.25779386749279e-10,"AC026992.1","lncRNA","ENSG00000259504"
"ENSG00000259541.5",0.574094540581875,-1.16472787724828,0.285847720019452,-4.07464462955668,4.60846656544654e-05,0.000174452061020151,"AP001150.1","lncRNA","ENSG00000259541"
"ENSG00000259594.6",3.94849086971476,1.08823520094677,0.188928123538131,5.760048745348,8.40896483022143e-09,6.30602713192917e-08,"AC023034.1","lncRNA","ENSG00000259594"
"ENSG00000259616.2",3.31844350853692,1.96509064802989,0.289158805370079,6.79588728247399,1.0764792081752e-11,1.28769795592138e-10,"AC104574.2","lncRNA","ENSG00000259616"
"ENSG00000259621.1",0.402075997135877,1.10415133534713,0.329151593870438,3.35453741044849,0.000794978028845293,0.00230778694900205,"AC069029.1","lncRNA","ENSG00000259621"
"ENSG00000259664.3",2.24876253239194,1.52218792643022,0.264344745327747,5.75834380419757,8.49432145874248e-09,6.36301046504036e-08,"LINC02254","lncRNA","ENSG00000259664"
"ENSG00000259672.3",2.44056198938703,1.38890421511481,0.290368747181219,4.78324278558807,1.72489573796257e-06,8.64102140068966e-06,"AC087612.1","lncRNA","ENSG00000259672"
"ENSG00000259675.2",1.35429433975673,1.75367362441753,0.28309352533984,6.19467938135404,5.84037923204372e-10,5.31311931794341e-09,"AC018618.1","lncRNA","ENSG00000259675"
"ENSG00000259685.3",4.31718620081126,2.45752766595927,0.22406586498826,10.9678806545925,5.45356920377945e-28,5.36702343163252e-26,"IDH2-DT","lncRNA","ENSG00000259685"
"ENSG00000259692.6",27.8152589889618,1.14400794594598,0.200995613424354,5.69170603505001,1.25776262962785e-08,9.12807674010106e-08,"AC104041.1","lncRNA","ENSG00000259692"
"ENSG00000259755.1",2.86086326088092,1.00067163037199,0.183349457106365,5.45772889739989,4.82263238746252e-08,3.15492150549752e-07,"AC090907.2","lncRNA","ENSG00000259755"
"ENSG00000259756.1",0.486106819922811,1.41751207457688,0.385390118533687,3.6781225215897,0.000234957095844367,0.000766564458358989,"AC100839.1","lncRNA","ENSG00000259756"
"ENSG00000259770.2",1.29952185271515,1.39319633061904,0.350006720536116,3.98048451322602,6.87749455553759e-05,0.000251399390522401,"AC015871.1","processed_pseudogene","ENSG00000259770"
"ENSG00000259786.7",12.6194635061973,1.93577394357278,0.336027440091477,5.76076151116053,8.37352844304626e-09,6.28407937658931e-08,"LINC02109","lncRNA","ENSG00000259786"
"ENSG00000259831.1",15.540241478657,2.52820355993067,0.218883839334483,11.5504350052415,7.34477373706846e-31,9.87617545773533e-29,"LINC00567","lncRNA","ENSG00000259831"
"ENSG00000259834.1",576.574060640363,-1.12523242425005,0.122198613296577,-9.20822580465054,3.31559624221908e-20,1.30141943831148e-18,"AL365361.1","lncRNA","ENSG00000259834"
"ENSG00000259847.2",9.94616003712927,-1.00718906880702,0.120040927119876,-8.39038062244561,4.84570757168407e-17,1.25750741142117e-15,"LINC02126","lncRNA","ENSG00000259847"
"ENSG00000259848.9",1.88546303071129,-1.00507781513231,0.211149124054097,-4.76003781514531,1.93556690553873e-06,9.5926046019176e-06,"AC097374.1","transcribed_unprocessed_pseudogene","ENSG00000259848"
"ENSG00000259862.1",1.11721878975611,2.87466434749196,0.443263670790381,6.48522434145383,8.85998509013644e-11,9.22285060110959e-10,"AC026336.2","lncRNA","ENSG00000259862"
"ENSG00000259882.2",0.627600428531893,1.07654015208265,0.310420499382643,3.4680059925928,0.000524335595883569,0.00158209325209837,"AC142384.1","unprocessed_pseudogene","ENSG00000259882"
"ENSG00000259897.2",0.69548474349813,1.34812219394091,0.570045190274983,2.3649391608595,0.0180330330397049,0.0369039060292681,"FRG2JP","unprocessed_pseudogene","ENSG00000259897"
"ENSG00000260009.1",0.368661491421419,1.24025005993534,0.487930774842819,2.54185659909414,0.0110265402502535,0.0240088889170627,"LINC02130","lncRNA","ENSG00000260009"
"ENSG00000260019.2",4.10497326679836,1.83986400071153,0.376724741784145,4.88384169300389,1.04038614538943e-06,5.43581081323434e-06,"LINC01992","lncRNA","ENSG00000260019"
"ENSG00000260053.2",0.807433694704327,1.46832717028388,0.309337467825022,4.74668387443595,2.06778747614312e-06,1.01994994116827e-05,"ABCB10P4","processed_pseudogene","ENSG00000260053"
"ENSG00000260102.2",0.554193352055837,-1.84175757428344,0.347304195840692,-5.30300985804461,1.13908767727465e-07,6.99048791010712e-07,"LINC01070","lncRNA","ENSG00000260102"
"ENSG00000260126.2",0.474317496803089,1.98743530696203,0.566084186245523,3.51084760050166,0.000446680398122267,0.00137103355888922,"AC136431.1","lncRNA","ENSG00000260126"
"ENSG00000260142.1",0.318211064848756,1.00247253634647,0.365286925095743,2.74434278227647,0.00606321894366948,0.0141453120374442,"AC068135.2","lncRNA","ENSG00000260142"
"ENSG00000260159.1",0.562670408219828,2.00185758328551,0.431387543552801,4.64050854783313,3.47552798458081e-06,1.63722322437017e-05,"AC091304.2","unprocessed_pseudogene","ENSG00000260159"
"ENSG00000260172.2",0.920034440419214,1.23472382640094,0.302586396443266,4.08056621485443,4.49261286940803e-05,0.000170525923363417,"LINC01413","lncRNA","ENSG00000260172"
"ENSG00000260209.1",3.83780307679029,2.36345830223998,0.23454811909194,10.0766457279222,7.00776543447854e-24,4.47519415512475e-22,"AP000842.3","lncRNA","ENSG00000260209"
"ENSG00000260239.2",2.65618509446278,1.85727435673692,0.24245394239269,7.66031823779872,1.85472913958933e-14,3.37435876482358e-13,"LINC02533","lncRNA","ENSG00000260239"
"ENSG00000260253.1",7.75816399145551,2.13452506479598,0.182204404592999,11.7150025520184,1.06788023931212e-31,1.54285973724446e-29,"AC084262.1","lncRNA","ENSG00000260253"
"ENSG00000260254.1",1.26553748247697,1.16848333251543,0.323847634047179,3.60812681541839,0.000308415738145358,0.000979558966265693,"AP000997.3","lncRNA","ENSG00000260254"
"ENSG00000260284.1",19.3073255731341,1.11971915071783,0.268353010745274,4.1725604181154,3.01195694891926e-05,0.000118223662784025,"TPSP2","unprocessed_pseudogene","ENSG00000260284"
"ENSG00000260314.3",4384.33684622277,-1.60871815931054,0.110529356413942,-14.5546686554995,5.45496027984082e-48,3.22103545915296e-45,"MRC1","protein_coding","ENSG00000260314"
"ENSG00000260377.1",2.49693256943789,3.05346982554217,0.306568188217443,9.96016528426101,2.27683871641453e-23,1.35423707770624e-21,"AC083801.2","lncRNA","ENSG00000260377"
"ENSG00000260412.1",4.79380161324997,1.31910498987884,0.256225584777899,5.14821730633287,2.62973735075025e-07,1.52041136485905e-06,"AL353746.1","lncRNA","ENSG00000260412"
"ENSG00000260430.2",30.4239011975252,1.27245012568019,0.126326908635204,10.0726768305133,7.29647038077336e-24,4.65227062165648e-22,"AC099518.1","lncRNA","ENSG00000260430"
"ENSG00000260450.2",0.617993965862631,-1.2973487075834,0.399126583180303,-3.25046930536655,0.00115214705023031,0.00321520049777626,"LINC02134","lncRNA","ENSG00000260450"
"ENSG00000260458.3",6.82258036452849,3.72703616839597,0.413456720104764,9.01433206225695,1.98073777976247e-19,6.99923671820141e-18,"KCNJ18","protein_coding","ENSG00000260458"
"ENSG00000260476.1",1.90898005359017,2.02409828447286,0.43444076292314,4.65908924119755,3.17611495714302e-06,1.50750759201862e-05,"AC104794.4","lncRNA","ENSG00000260476"
"ENSG00000260487.1",3.52500975890621,1.27504706523162,0.183468011318713,6.94969687667601,3.66071922519864e-12,4.71392804653186e-11,"AC116348.1","lncRNA","ENSG00000260487"
"ENSG00000260496.3",3.3956563483186,-1.26020552536661,0.165607142603929,-7.60960853228748,2.74927361525546e-14,4.89570170045249e-13,"AC009041.1","lncRNA","ENSG00000260496"
"ENSG00000260498.6",3.72672018791901,1.36526530998062,0.175056796124834,7.79898490206021,6.24071296708133e-15,1.21367717621859e-13,"AC126696.3","lncRNA","ENSG00000260498"
"ENSG00000260573.4",55.8321646319009,3.49902313131038,0.373731870877039,9.36238893166698,7.79538455099873e-21,3.32225264394709e-19,"AC007493.1","lncRNA","ENSG00000260573"
"ENSG00000260677.1",1.76684424307704,1.00252034829524,0.246644725419277,4.06463323548084,4.81080514525278e-05,0.000181481541943693,"AL445531.1","lncRNA","ENSG00000260677"
"ENSG00000260685.1",3.34541326750718,1.24529690917501,0.188765435996473,6.59706001048979,4.1939103980853e-11,4.58471938151836e-10,"AC027104.1","processed_pseudogene","ENSG00000260685"
"ENSG00000260704.1",39.9386662849089,1.06625298089291,0.187412375063253,5.68934138171529,1.27530287707834e-08,9.24878339636933e-08,"LINC00543","lncRNA","ENSG00000260704"
"ENSG00000260725.1",2.90142756419398,-1.62849691600865,0.328299219968832,-4.960404463231,7.03465526251218e-07,3.78167250772574e-06,"AC005307.1","lncRNA","ENSG00000260725"
"ENSG00000260761.1",2.84990995452602,1.23473271943855,0.412796074653149,2.99114452693387,0.00277933916856016,0.00705756408505121,"AC106754.1","lncRNA","ENSG00000260761"
"ENSG00000260765.2",0.977955609627659,2.29684015098149,0.33370020064666,6.88294507024736,5.86276390139564e-12,7.33619747034897e-11,"CES1P2","unprocessed_pseudogene","ENSG00000260765"
"ENSG00000260781.1",1.11340011520078,-1.12811039759236,0.339613609311088,-3.3217467341216,0.000894558518235043,0.00256614783555941,"ARHGAP23P1","transcribed_unprocessed_pseudogene","ENSG00000260781"
"ENSG00000260785.2",1.31761699815086,1.72465750750143,0.306068847994564,5.63486783709546,1.75192640305705e-08,1.24201735583354e-07,"CASC17","lncRNA","ENSG00000260785"
"ENSG00000260807.7",86.9027756119569,-1.11655903000263,0.134932058529078,-8.27497217617867,1.28485618892801e-16,3.16881935263281e-15,"CEROX1","lncRNA","ENSG00000260807"
"ENSG00000260854.1",0.430334771721706,1.77672917001684,0.579932941432796,3.06368037247068,0.00218632362186041,0.00570643070630741,"LINC02184","lncRNA","ENSG00000260854"
"ENSG00000260857.3",0.69168827843067,2.12907614424339,0.698681232135519,3.04727828130702,0.00230923815280869,0.00599345713211138,"AC018558.1","lncRNA","ENSG00000260857"
"ENSG00000260887.3",0.492560424547915,1.43012114895102,0.456609488346246,3.13204430799424,0.00173593675199415,0.00464424920129344,"CASC22","lncRNA","ENSG00000260887"
"ENSG00000260896.6",1.15778023152817,1.02138378524767,0.281441909257748,3.62911049012345,0.000284399503050497,0.000911380285731195,"ARLNC1","lncRNA","ENSG00000260896"
"ENSG00000260903.3",7.8059420298798,1.03316542164948,0.24980459956095,4.13589430885317,3.535749108706e-05,0.000136923320916271,"XKR7","protein_coding","ENSG00000260903"
"ENSG00000260908.1",51.3243946438796,-1.52398047518371,0.165791363325335,-9.19215841293961,3.85036504134507e-20,1.49405164647164e-18,"AC009093.3","transcribed_unprocessed_pseudogene","ENSG00000260908"
"ENSG00000260913.1",0.660849935655688,1.37799400860517,0.480216177100606,2.86952850469357,0.00411084277963261,0.0100292255910522,"LINC01254","lncRNA","ENSG00000260913"
"ENSG00000260943.1",83.6372603343874,-2.41119399178473,0.201815629935318,-11.9475086868025,6.69007498835371e-33,1.16484497970297e-30,"LINC02555","lncRNA","ENSG00000260943"
"ENSG00000260951.2",5.06082900511466,-1.06655763066269,0.287862812488409,-3.70509000951846,0.000211315679275478,0.000695615635511093,"AC005100.1","lncRNA","ENSG00000260951"
"ENSG00000260958.3",2.86387376852065,1.93140605886916,0.632465298037257,3.05377396176981,0.00225982280150478,0.00587793414209073,"AC023824.3","lncRNA","ENSG00000260958"
"ENSG00000260963.2",7.27197588036044,1.67334266730761,0.273093265386961,6.12736701850395,8.93452172384149e-10,7.87749877936538e-09,"AC026462.3","lncRNA","ENSG00000260963"
"ENSG00000260976.2",4.65047219205246,1.51111925257951,0.352253251138488,4.2898660202441,1.78780939546053e-05,7.36016609432132e-05,"LINC01633","lncRNA","ENSG00000260976"
"ENSG00000260991.2",0.39087720560718,1.65230149436045,0.648560138720653,2.54764577055225,0.0108452532415014,0.0236558784098983,"AC120498.5","unprocessed_pseudogene","ENSG00000260991"
"ENSG00000260997.1",299.893632420513,-1.41560491350435,0.153119641594595,-9.24509030168942,2.35042157818842e-20,9.41624644642387e-19,"AC004847.1","lncRNA","ENSG00000260997"
"ENSG00000261010.1",0.586557449527704,1.54983603355726,0.692232640924434,2.23889476157545,0.0251627644165821,0.0492461576820446,"RARRES2P6","processed_pseudogene","ENSG00000261010"
"ENSG00000261033.1",1.52697072960036,1.42637680220739,0.220803981266617,6.45992338555284,1.04756003252431e-10,1.07834104105957e-09,"AC005730.2","lncRNA","ENSG00000261033"
"ENSG00000261053.1",0.489043017069648,1.0615505146995,0.245504257761345,4.32395969169475,1.53253309578916e-05,6.38380491992004e-05,"NAMPTP3","processed_pseudogene","ENSG00000261053"
"ENSG00000261060.1",1.88874810948795,1.04799773574819,0.170430448967213,6.14912266029297,7.79127093619893e-10,6.93554187794523e-09,"AL160286.2","lncRNA","ENSG00000261060"
"ENSG00000261072.2",0.902178849864383,2.03154641005243,0.327606546585793,6.20117769691885,5.60421928474171e-10,5.11383440802311e-09,"AC084783.1","processed_pseudogene","ENSG00000261072"
"ENSG00000261092.1",5.85742789664327,3.29996471550823,0.396621298533803,8.32019038742312,8.78221299096506e-17,2.21693744665979e-15,"LINC02178","lncRNA","ENSG00000261092"
"ENSG00000261103.3",1.19996860461302,1.12582107644819,0.268494054198691,4.19309500096064,2.75174134679505e-05,0.000108795922069355,"AC009063.3","lncRNA","ENSG00000261103"
"ENSG00000261115.6",230.386833001334,1.14544131896614,0.177149479516526,6.46595926836625,1.00658191141755e-10,1.03930985344362e-09,"TMEM178B","protein_coding","ENSG00000261115"
"ENSG00000261123.1",45.0783073928706,1.12188680154901,0.150093225611568,7.47459984937886,7.74391289501096e-14,1.29307476672718e-12,"AC009065.5","lncRNA","ENSG00000261123"
"ENSG00000261143.1",56.5631090763111,-1.70187452398302,0.170188437795063,-9.99994209966471,1.52486190251968e-23,9.28176283440559e-22,"ADAMTS7P3","transcribed_unprocessed_pseudogene","ENSG00000261143"
"ENSG00000261189.1",79.9694199843881,1.1694047116815,0.114196483282377,10.2402865488413,1.30848252804538e-24,8.97500061282038e-23,"AL031058.1","lncRNA","ENSG00000261189"
"ENSG00000261231.6",19.0608168824399,-1.03363775646098,0.22632256699467,-4.56709982652913,4.94518538188644e-06,2.26536640447717e-05,"LINC02133","lncRNA","ENSG00000261231"
"ENSG00000261241.7",8.53474187553419,2.45052501174852,0.271301643039287,9.03247390725777,1.67833843983004e-19,5.99303620105131e-18,"LINC02128","lncRNA","ENSG00000261241"
"ENSG00000261268.1",2.12389730009051,2.87673358191273,0.296020532452274,9.71802042946643,2.52645251852342e-22,1.30628496144923e-20,"AC112236.1","lncRNA","ENSG00000261268"
"ENSG00000261272.1",49.7737849443674,-1.3688896080895,0.19019307091555,-7.19736845038543,6.13857242731254e-13,8.93866534689046e-12,"MUC22","protein_coding","ENSG00000261272"
"ENSG00000261310.1",0.677108173727645,1.90814056944695,0.677161929649463,2.8178497430219,0.00483464288463014,0.0115787594079759,"AC009081.1","lncRNA","ENSG00000261310"
"ENSG00000261325.1",1.84379711924606,-1.15593748263343,0.29699376409765,-3.8921271163571,9.93691542495176e-05,0.000352126987403359,"LINC02192","lncRNA","ENSG00000261325"
"ENSG00000261332.1",1.6729515200761,1.62249494521217,0.293950439710518,5.51962074562637,3.39732085828843e-08,2.2859957676176e-07,"AC116348.2","lncRNA","ENSG00000261332"
"ENSG00000261404.7",10.3610068321262,1.16217492445867,0.170339184720028,6.82271038439472,8.93386525178865e-12,1.08492540075596e-10,"AC138627.1","lncRNA","ENSG00000261404"
"ENSG00000261409.1",6.16565378638634,1.86140827897933,0.249622706756758,7.45688684801081,8.85907208969553e-14,1.46904832784072e-12,"AL035425.3","lncRNA","ENSG00000261409"
"ENSG00000261411.1",1.04347622198719,2.52407672881947,0.418815071148801,6.02670940636396,1.67331466926047e-09,1.40771958640676e-08,"AL161938.1","lncRNA","ENSG00000261411"
"ENSG00000261436.6",0.469401861732233,1.28080691571817,0.518455807952259,2.47042640100216,0.0134952085464887,0.0286656212819763,"AC009081.2","lncRNA","ENSG00000261436"
"ENSG00000261458.1",0.555585450567602,1.26639148994999,0.343985197853583,3.68152902465596,0.000231839390074462,0.00075724164420425,"AC009132.1","unprocessed_pseudogene","ENSG00000261458"
"ENSG00000261478.1",0.603573595460185,1.37254980624532,0.350305085920229,3.91815552046503,8.92291320750349e-05,0.000319236259934417,"AC013391.3","lncRNA","ENSG00000261478"
"ENSG00000261524.1",0.315252738220995,1.28401157896343,0.550744930584412,2.33140880225792,0.0197318138312281,0.0398835784554113,"ABCB10P3","processed_pseudogene","ENSG00000261524"
"ENSG00000261534.1",226.966120870441,-1.02390647621055,0.110068728837555,-9.30242846468846,1.37273842556899e-20,5.67236122443785e-19,"AL596244.1","lncRNA","ENSG00000261534"
"ENSG00000261564.1",1.94596133090694,3.02126314838114,0.607265318669093,4.97519462333642,6.51821167559986e-07,3.51983430482392e-06,"AC120498.7","unprocessed_pseudogene","ENSG00000261564"
"ENSG00000261578.1",146.292037265165,1.70731491237217,0.117106828013662,14.5791235347352,3.81381620786565e-48,2.3191987127921e-45,"AP003119.3","lncRNA","ENSG00000261578"
"ENSG00000261634.4",26.3627908634822,-1.06599620353215,0.149814084123906,-7.11546053741186,1.11539757799529e-12,1.56435950155808e-11,"AC026992.2","lncRNA","ENSG00000261634"
"ENSG00000261642.1",0.700179387319046,2.43674364397773,0.593629184976453,4.10482453633809,4.04621874479011e-05,0.000154851672289107,"AL713866.1","lncRNA","ENSG00000261642"
"ENSG00000261649.6",8.00118082648296,1.19577022557266,0.212868370400516,5.61741616813619,1.93834165417583e-08,1.36279299423789e-07,"GOLGA6L7","protein_coding","ENSG00000261649"
"ENSG00000261650.1",5.31184562446975,4.58884740125897,0.475697559873424,9.64656493609089,5.0829893813002e-22,2.5194189338481e-20,"AC055717.2","lncRNA","ENSG00000261650"
"ENSG00000261730.1",15.5857441892597,-1.77432526542077,0.175142925682422,-10.130727567256,4.0363479131549e-24,2.6310950525811e-22,"AL034346.1","lncRNA","ENSG00000261730"
"ENSG00000261738.7",0.451389917474297,1.27271187860624,0.409318932137196,3.10934036684053,0.00187505576833279,0.00497884496670899,"MIR3976HG","lncRNA","ENSG00000261738"
"ENSG00000261742.6",31.1233244150242,-1.27846574061766,0.142495363574738,-8.97198132307736,2.91227803757453e-19,1.01068947261413e-17,"LINC00922","lncRNA","ENSG00000261742"
"ENSG00000261762.1",67.0107471643259,1.54904403285403,0.142685472063706,10.8563542626289,1.86028539934468e-27,1.71867591894559e-25,"AC027228.2","lncRNA","ENSG00000261762"
"ENSG00000261773.1",4.06159740542094,1.46466945231874,0.152153213032127,9.62628013651924,6.19309146348429e-22,3.04740489730363e-20,"AC244090.2","lncRNA","ENSG00000261773"
"ENSG00000261780.3",0.845260354233737,1.9269688761904,0.330745242582297,5.82614238422771,5.67232262647353e-09,4.37372143774435e-08,"LINC02582","lncRNA","ENSG00000261780"
"ENSG00000261800.2",2.24968357794633,1.41526061508264,0.63002207345315,2.2463667143051,0.0246805285419169,0.0484186620947285,"AC023824.5","lncRNA","ENSG00000261800"
"ENSG00000261817.1",1.17781244927796,1.53807364781511,0.237003723311286,6.48966027337456,8.6030143483152e-11,8.96451697169837e-10,"AL390718.1","lncRNA","ENSG00000261817"
"ENSG00000261863.1",9.28996276885547,-1.37801211997496,0.209376254856502,-6.58151097849844,4.65691114595209e-11,5.0569437851686e-10,"LINC01996","lncRNA","ENSG00000261863"
"ENSG00000261949.6",19.0051973152504,1.73331735776963,0.286334030193012,6.05348011412141,1.41749578238833e-09,1.21024791831198e-08,"GFY","protein_coding","ENSG00000261949"
"ENSG00000261963.3",1.44708005833647,2.15831368074673,0.351960364734798,6.13226345066728,8.66374745472671e-10,7.658647484225e-09,"CCDC92B","unitary_pseudogene","ENSG00000261963"
"ENSG00000262001.1",227.727135262308,1.20992054713385,0.102918433020266,11.7561112390391,6.56907841265556e-32,9.80380812332694e-30,"DLGAP1-AS2","lncRNA","ENSG00000262001"
"ENSG00000262117.5",13.9854760484865,2.66886670309129,0.334699371299546,7.97392206841864,1.53716490489259e-15,3.23997463631861e-14,"BCAR4","lncRNA","ENSG00000262117"
"ENSG00000262136.1",20.6922300742577,1.26908656680563,0.10948336799905,11.5915923121459,4.54601742991298e-31,6.1945949213025e-29,"AC092115.3","lncRNA","ENSG00000262136"
"ENSG00000262172.1",4.02000406911863,1.25591673930013,0.147297325340871,8.52640559761506,1.50965269999187e-17,4.22153602990862e-16,"AC116025.2","lncRNA","ENSG00000262172"
"ENSG00000262454.4",159.212982004584,1.19333491571613,0.101105357523015,11.8028850790076,3.77154855598798e-32,5.86504590903124e-30,"MIR193BHG","lncRNA","ENSG00000262454"
"ENSG00000262521.1",0.492556091256505,1.90589078133652,0.460261328669756,4.1408883662786,3.45963313630791e-05,0.000134282016645321,"AJ003147.1","lncRNA","ENSG00000262521"
"ENSG00000262585.1",10.2111025419537,1.15614730381947,0.154076307088599,7.50373192131773,6.20260909856194e-14,1.048166331409e-12,"LINC01979","lncRNA","ENSG00000262585"
"ENSG00000262668.2",4.33620771449168,1.9462916933896,0.2934887554728,6.63157159208431,3.32131379728705e-11,3.68720130906993e-10,"AJ003147.2","lncRNA","ENSG00000262668"
"ENSG00000262681.2",8.66241763650452,2.43879094693179,0.190739157358844,12.7860004243576,1.96320188126895e-37,5.09469644895166e-35,"AC005722.3","lncRNA","ENSG00000262681"
"ENSG00000262904.1",7.23450529061839,1.17076845278072,0.123217433821709,9.50164612643028,2.06598200198841e-21,9.51122087084901e-20,"TMPOP2","processed_pseudogene","ENSG00000262904"
"ENSG00000262920.5",53.0979742914615,1.32935707629965,0.211816394148896,6.27598766205595,3.47421733923569e-10,3.28193918507952e-09,"AC129507.4","lncRNA","ENSG00000262920"
"ENSG00000263041.2",0.625196367216134,-1.01088723913192,0.340645723678869,-2.9675618064852,0.00300171926157666,0.00756239474860362,"AL513324.1","lncRNA","ENSG00000263041"
"ENSG00000263096.1",6.77582764892112,-1.03152479771715,0.17653498351757,-5.84317497395348,5.12151728191358e-09,3.97005286562034e-08,"AC007638.2","lncRNA","ENSG00000263096"
"ENSG00000263146.2",2.44992006139691,1.9323765795524,0.632300266031744,3.05610590942782,0.00224232035568245,0.00583650790593305,"LINC01896","lncRNA","ENSG00000263146"
"ENSG00000263154.1",12.5921554610808,-1.03084866976239,0.155594164241757,-6.62523992969745,3.46684605232688e-11,3.83205937900039e-10,"AC110285.3","lncRNA","ENSG00000263154"
"ENSG00000263167.1",5.54285446126065,-1.11806643129824,0.187007146963893,-5.97873637157898,2.24875137200148e-09,1.85045133418274e-08,"AC115099.1","lncRNA","ENSG00000263167"
"ENSG00000263207.2",2.23076975823544,-1.71267291247173,0.334794733093788,-5.11559096717314,3.1276016835464e-07,1.78921476260504e-06,"AC109462.2","lncRNA","ENSG00000263207"
"ENSG00000263257.3",2.60168609911604,1.46816080530739,0.168785851724716,8.69836417155339,3.36702509051394e-18,1.02604864070912e-16,"AC040173.1","lncRNA","ENSG00000263257"
"ENSG00000263293.2",21.3174823856423,-1.19815570503889,0.12564430271212,-9.53609259772124,1.48315449312547e-21,6.91397751869694e-20,"THCAT158","lncRNA","ENSG00000263293"
"ENSG00000263368.1",44.6228364115329,1.65211766763971,0.162317389283267,10.1783159212629,2.47812859840048e-24,1.65247779843913e-22,"AC069366.1","processed_pseudogene","ENSG00000263368"
"ENSG00000263429.3",1.28111802812302,1.32419566798748,0.454980936332816,2.91044209161951,0.003609178413988,0.00892665307601002,"TMEM238L","protein_coding","ENSG00000263429"
"ENSG00000263450.1",3.56821774439254,-1.39339359538352,0.328639684161698,-4.23988234694728,2.23636969841472e-05,9.02500105215043e-05,"AC090371.1","lncRNA","ENSG00000263450"
"ENSG00000263489.1",1.88717576003107,2.12357236166847,0.317226144794114,6.69419086830536,2.16868207095228e-11,2.48058993870883e-10,"AC127029.2","lncRNA","ENSG00000263489"
"ENSG00000263512.1",0.336296545818587,-1.39392942661382,0.470918813160955,-2.96002068224313,0.00307618390108684,0.00773087593646565,"MIR4311","miRNA","ENSG00000263512"
"ENSG00000263551.6",5.76289347124065,1.00182501583754,0.265426979912829,3.77439029056714,0.000160399476592591,0.000543373732003986,"AP000829.1","lncRNA","ENSG00000263551"
"ENSG00000263639.7",2006.70186238999,1.15045792334013,0.265170302772503,4.338562468389,1.4341772161486e-05,6.00973797362361e-05,"MSMB","protein_coding","ENSG00000263639"
"ENSG00000263649.1",1.02370568351514,-2.07545105808429,0.254159015705273,-8.16595489373085,3.18902427775467e-16,7.4373449426765e-15,"MIR3135B","miRNA","ENSG00000263649"
"ENSG00000263681.1",0.740386764724638,1.13589816056923,0.237069174549792,4.7914207434449,1.65604437369528e-06,8.3175808576759e-06,"MIR3197","miRNA","ENSG00000263681"
"ENSG00000263711.6",437.749905647875,1.24588524852606,0.258733755137846,4.81531776888674,1.46965829348059e-06,7.46239878505478e-06,"LINC02864","lncRNA","ENSG00000263711"
"ENSG00000263740.2",36.172631472293,1.07664061909275,0.146072876709616,7.37057175394064,1.69897790198041e-13,2.7039631507964e-12,"RN7SL4P","misc_RNA","ENSG00000263740"
"ENSG00000263745.7",31.5945118285959,1.08886772321526,0.196897663096261,5.53012009433004,3.20011628262728e-08,2.16581956317414e-07,"AP005230.1","lncRNA","ENSG00000263745"
"ENSG00000263765.5",0.362193377923193,1.24653291757925,0.432909078480488,2.87943353360613,0.00398390263803312,0.00975809457625245,"AC090371.2","lncRNA","ENSG00000263765"
"ENSG00000263961.8",72.2687980516317,-1.24917061658511,0.125871918069254,-9.92414063236749,3.26906536240711e-23,1.90273614372219e-21,"RHEX","protein_coding","ENSG00000263961"
"ENSG00000264006.8",3.86272023898554,1.94092554872481,0.212234896189294,9.14517632856045,5.95326637132847e-20,2.25212564314796e-18,"AKR1C8P","protein_coding","ENSG00000264006"
"ENSG00000264015.2",1.5709905049672,1.53414886874833,0.316299629881361,4.85030244684057,1.23273358874443e-06,6.36165479496063e-06,"AC124254.2","lncRNA","ENSG00000264015"
"ENSG00000264080.1",1.46439787570032,1.56339626801395,0.389187834039561,4.01707384269117,5.89252640803923e-05,0.000218432538843365,"AP005057.1","lncRNA","ENSG00000264080"
"ENSG00000264116.6",0.579072605952614,-1.14893693700471,0.381827502970519,-3.00904709081005,0.00262068492453589,0.00669097417473153,"AC116003.1","lncRNA","ENSG00000264116"
"ENSG00000264125.1",1.25938364674097,-1.05795586270756,0.236436533157667,-4.47458710622383,7.65591113582063e-06,3.37800289589279e-05,"AC104984.1","lncRNA","ENSG00000264125"
"ENSG00000264301.1",2.73633799412832,-1.03591048905295,0.409210671023047,-2.53148454428895,0.0113580822985068,0.0246477947849833,"LINC01444","lncRNA","ENSG00000264301"
"ENSG00000264345.2",4.03431128708748,-1.04574156807408,0.133026732305245,-7.86113850917199,3.80657577625614e-15,7.60251553196098e-14,"LINC01894","lncRNA","ENSG00000264345"
"ENSG00000264424.1",1.87533485365891,-1.42770419827645,0.241254574605453,-5.91783264881634,3.26211630501428e-09,2.61630717746451e-08,"MYH4","protein_coding","ENSG00000264424"
"ENSG00000264451.1",2.55330651071032,1.99290163768585,0.348804557245928,5.71351949476032,1.10663189757302e-08,8.11218125275596e-08,"AC036222.1","lncRNA","ENSG00000264451"
"ENSG00000264618.2",0.569997208004054,1.14149478886905,0.281791807481238,4.05084448363551,5.10331181671102e-05,0.000191705913099997,"RN7SL732P","misc_RNA","ENSG00000264618"
"ENSG00000264659.2",15.1720712958868,-2.38354641068903,0.217207752981121,-10.9735788800144,5.12046621831712e-28,5.08836963738767e-26,"AC064805.2","lncRNA","ENSG00000264659"
"ENSG00000264695.1",0.564713095399278,-1.27428800732857,0.268132935334319,-4.75244865290322,2.00967816357589e-06,9.93559019277434e-06,"AC007922.1","lncRNA","ENSG00000264695"
"ENSG00000264734.1",1.59960466738651,2.39878126599041,0.585232302339837,4.09885315010767,4.15202353303269e-05,0.000158543481542972,"AC069061.2","lncRNA","ENSG00000264734"
"ENSG00000264755.1",0.871546914009828,1.25157248699577,0.412218594607345,3.03618639083457,0.0023959120423137,0.00619041437884376,"MIR3131","miRNA","ENSG00000264755"
"ENSG00000264769.1",11.820685342433,1.06553785926759,0.114549521557676,9.30198437128427,1.37848537235356e-20,5.69033733797378e-19,"AC145207.8","lncRNA","ENSG00000264769"
"ENSG00000264785.1",3.37621164211971,3.30278042549206,0.307702904341082,10.7336667249361,7.07325883808124e-27,6.18424430987004e-25,"AC005722.4","lncRNA","ENSG00000264785"
"ENSG00000264813.6",0.702761135867761,1.28815424557442,0.350367343017161,3.67658193963393,0.000236379951232291,0.000770836269654012,"AC113554.1","protein_coding","ENSG00000264813"
"ENSG00000264845.2",0.371023013239717,1.44579051474458,0.420716811443571,3.43649332619668,0.00058929687164208,0.00175766635734358,"AC119868.1","transcribed_processed_pseudogene","ENSG00000264845"
"ENSG00000264901.1",0.518150844345172,1.28010657571448,0.325803858369893,3.92907125814682,8.52745696829683e-05,0.000306163358529536,"MIR3616","miRNA","ENSG00000264901"
"ENSG00000265060.2",3.05775204873959,1.19479996194728,0.326684714432843,3.6573488417466,0.000254837451570121,0.000825279571522251,"PPY2P","transcribed_unprocessed_pseudogene","ENSG00000265060"
"ENSG00000265078.2",0.849041227644356,1.1151794271469,0.233812495353225,4.76954589386757,1.84641675112625e-06,9.19552104768816e-06,"RN7SL664P","misc_RNA","ENSG00000265078"
"ENSG00000265121.1",9.83830871744701,-1.28410553418442,0.177521244570615,-7.23353161076799,4.70592848961931e-13,6.97720685780785e-12,"AC068594.1","lncRNA","ENSG00000265121"
"ENSG00000265190.7",132.165409118291,1.38506698239589,0.208539961845587,6.64173413161673,3.10013804256925e-11,3.45389456572051e-10,"ANXA8","protein_coding","ENSG00000265190"
"ENSG00000265246.1",14.7448228196095,1.89530540541903,0.191813442997164,9.8809831876437,5.03365791107344e-23,2.83855441051391e-21,"AC129926.1","lncRNA","ENSG00000265246"
"ENSG00000265273.1",3.29485911307658,1.44480507761783,0.157227402355655,9.18927016519438,3.95515678109103e-20,1.52744031025585e-18,"PGDP1","processed_pseudogene","ENSG00000265273"
"ENSG00000265345.1",1.09650908073126,1.08297597275441,0.203416976539208,5.32392129299823,1.01553861331837e-07,6.28338492367965e-07,"MIR5188","miRNA","ENSG00000265345"
"ENSG00000265374.1",4.00676959489724,-1.12860121163905,0.318765129974624,-3.54054162614619,0.000399306640774477,0.00123727663435048,"LINC01908","lncRNA","ENSG00000265374"
"ENSG00000265417.1",4.78912786879496,1.58727318095058,0.320350023855396,4.95480899875652,7.2401374109637e-07,3.87984898770083e-06,"AP005119.2","processed_pseudogene","ENSG00000265417"
"ENSG00000265646.2",3.52724833423794,1.75392274636698,0.228567434419144,7.67354610609426,1.67305356241916e-14,3.05948030940951e-13,"TUFMP1","processed_pseudogene","ENSG00000265646"
"ENSG00000265750.1",23.0638689262409,2.2002951080855,0.139084899994934,15.8197986134054,2.27218276530332e-56,2.05723427570562e-53,"AC090772.3","lncRNA","ENSG00000265750"
"ENSG00000265763.4",43.3772314561962,1.16209449621796,0.193163974513904,6.01610367120662,1.78665173647152e-09,1.49350742099013e-08,"ZNF488","protein_coding","ENSG00000265763"
"ENSG00000265790.1",1.0351229922593,2.01788749478704,0.477529284881171,4.2256832380221,2.38216889979592e-05,9.56789308797173e-05,"RNASEH1P1","processed_pseudogene","ENSG00000265790"
"ENSG00000265933.5",31.6599395298902,1.34219346819117,0.336524042092772,3.98840290828658,6.65196173931479e-05,0.00024389294807468,"LINC00668","lncRNA","ENSG00000265933"
"ENSG00000265980.1",1.2236112865738,2.21234864729511,0.592296337880415,3.73520568304068,0.000187561824825159,0.000625303283598023,"AC074237.1","lncRNA","ENSG00000265980"
"ENSG00000266010.2",51.7372901001625,-1.01779340941696,0.155171864367362,-6.55913630712967,5.41203162247702e-11,5.81954089191294e-10,"GATA6-AS1","lncRNA","ENSG00000266010"
"ENSG00000266066.1",94.788785311948,1.219834640377,0.145348399048631,8.39248762532892,4.75962118881084e-17,1.23753188318902e-15,"POLRMTP1","processed_pseudogene","ENSG00000266066"
"ENSG00000266071.1",0.958006709570632,-1.24204872427562,0.271108971771535,-4.58136341324147,4.61954275564505e-06,2.12935886970524e-05,"MIR3617","miRNA","ENSG00000266071"
"ENSG00000266278.1",2.58087013689944,1.40969137022086,0.273232481352809,5.1593110864466,2.47860177639062e-07,1.43772312322727e-06,"LINC01910","lncRNA","ENSG00000266278"
"ENSG00000266304.1",1.71368308313517,2.50521159928569,0.224849765158196,11.1417132124782,7.85927404340768e-29,8.44882328101739e-27,"LIVAR","lncRNA","ENSG00000266304"
"ENSG00000266369.1",1.18337531851486,1.08528392252741,0.333094446695037,3.25818677944228,0.00112126579598279,0.00313869682760061,"AC090774.2","lncRNA","ENSG00000266369"
"ENSG00000266373.1",2.53829580049831,1.2978358756832,0.244624019650267,5.30543107556929,1.12407035926557e-07,6.90779430658333e-07,"AP002472.1","processed_pseudogene","ENSG00000266373"
"ENSG00000266401.2",14.0371652993679,2.98790227801043,0.221127264183481,13.5121387633649,1.32612076543168e-41,4.91183075872572e-39,"AP002478.1","lncRNA","ENSG00000266401"
"ENSG00000266479.1",0.402741207551837,1.03931325783432,0.365214225679095,2.8457633486258,0.00443051076442172,0.0107122604044172,"AC105245.1","processed_pseudogene","ENSG00000266479"
"ENSG00000266578.2",3.39595138743343,2.11989490879396,0.204712612726142,10.3554679927313,3.95248846873902e-25,2.85019889702361e-23,"AP001025.1","lncRNA","ENSG00000266578"
"ENSG00000266602.2",31.1718687603463,1.49811690686197,0.286099322546659,5.23635251396881,1.63781003375674e-07,9.77696934980091e-07,"AP005262.1","lncRNA","ENSG00000266602"
"ENSG00000266604.1",1.61056388002722,1.46711203181612,0.247718904493814,5.92248716267336,3.17108567577374e-09,2.54881719644998e-08,"LINC01887","lncRNA","ENSG00000266604"
"ENSG00000266729.5",1.01988990564144,1.57569738318674,0.381510172682018,4.13015823958136,3.62513628658202e-05,0.000139998983624845,"DSG1-AS1","lncRNA","ENSG00000266729"
"ENSG00000266736.1",1.40720001156533,2.31004357981189,0.585496698171697,3.94544253968529,7.9652732006029e-05,0.000287907315482757,"GTF2IP6","unprocessed_pseudogene","ENSG00000266736"
"ENSG00000266826.2",1.24322403460145,1.28129829278993,0.218934717977882,5.85242169275031,4.84466368456215e-09,3.77483519793681e-08,"IGBP1P2","protein_coding","ENSG00000266826"
"ENSG00000266830.1",24.5634808372936,1.46875409185901,0.281518565376846,5.2172548190309,1.81594359075688e-07,1.07648755591747e-06,"AC061975.6","lncRNA","ENSG00000266830"
"ENSG00000266875.2",0.286650961556041,1.0130231979267,0.432735568620265,2.34097511595043,0.0192334489876255,0.0390214327309445,"RN7SL408P","misc_RNA","ENSG00000266875"
"ENSG00000266885.2",1.06505841422153,1.31592085723703,0.512000626692978,2.57015477839664,0.0101653086498621,0.0223329830316166,"AC132825.4","transcribed_processed_pseudogene","ENSG00000266885"
"ENSG00000266968.2",363.216865228159,3.02618446977705,0.306339181918694,9.87854198350713,5.15778759012046e-23,2.90253784232428e-21,"AC023421.1","lncRNA","ENSG00000266968"
"ENSG00000266976.3",5.39189827262125,-1.4311860335184,0.388434296139647,-3.68449966375746,0.00022915232826688,0.000749115825727229,"AC079466.1","lncRNA","ENSG00000266976"
"ENSG00000266988.6",1.62764979813697,1.71492914558802,0.27016241614385,6.34777098186333,2.18456961588175e-10,2.1447209604788e-09,"AC021517.1","lncRNA","ENSG00000266988"
"ENSG00000267015.1",9.79022072143523,1.14821882706553,0.195639266024092,5.86906120841886,4.38269628652907e-09,3.43988046237823e-08,"AC023090.1","lncRNA","ENSG00000267015"
"ENSG00000267056.2",64.9781364271629,3.53787996044741,0.230072167313437,15.3772618468344,2.32577303655555e-53,1.93385654751802e-50,"AC005336.1","processed_pseudogene","ENSG00000267056"
"ENSG00000267101.7",0.485878604159958,1.58356117415238,0.41339812770241,3.83059590267988,0.000127833296796047,0.000441831694211174,"AC090376.1","lncRNA","ENSG00000267101"
"ENSG00000267134.3",4.3450871385217,3.68063076286485,0.365985905920773,10.0567554742439,8.57787966746664e-24,5.41842715180765e-22,"LINC01924","lncRNA","ENSG00000267134"
"ENSG00000267206.6",0.828651964248691,-1.1822025170684,0.24988259495379,-4.73103185632845,2.23381459558612e-06,1.0949507707888e-05,"LCN6","protein_coding","ENSG00000267206"
"ENSG00000267214.1",0.950030256215012,-1.01304447006189,0.19063342263583,-5.31409684647546,1.07187604269674e-07,6.60987522439737e-07,"AC092068.1","lncRNA","ENSG00000267214"
"ENSG00000267215.2",3.95577184468075,2.58607432317672,0.331081117369513,7.81099914040236,5.67364020487206e-15,1.1086864406096e-13,"AC040963.1","lncRNA","ENSG00000267215"
"ENSG00000267245.1",0.645094611811237,1.53944548029796,0.316963596330584,4.85685264213233,1.19266282818455e-06,6.1736325255651e-06,"AC008805.1","processed_pseudogene","ENSG00000267245"
"ENSG00000267284.2",13.4075311784623,1.43080939614863,0.332579305542469,4.30216003312307,1.69141071996483e-05,6.99487326480059e-05,"AC022031.2","lncRNA","ENSG00000267284"
"ENSG00000267305.2",2.23269337347762,1.28960992542055,0.23641947640307,5.4547533267602,4.9040875161954e-08,3.20563513031204e-07,"AL592148.2","unprocessed_pseudogene","ENSG00000267305"
"ENSG00000267313.7",25.0089113425308,1.36870931286192,0.258963613895065,5.28533446176163,1.25475293505491e-07,7.6438993470308e-07,"KC6","lncRNA","ENSG00000267313"
"ENSG00000267327.2",14.7325911350361,1.13023255094119,0.227926633129637,4.95875596204835,7.09460194418816e-07,3.80786941130362e-06,"AC009271.1","lncRNA","ENSG00000267327"
"ENSG00000267354.1",0.590069736663142,1.90421474093594,0.401961483510315,4.73730648097549,2.16577504663564e-06,1.06441704131575e-05,"AC091151.2","lncRNA","ENSG00000267354"
"ENSG00000267361.1",2.30947771851849,-1.00485968402385,0.162962265055743,-6.16621083218334,6.99458118115146e-10,6.26881260588768e-09,"SEC24AP1","processed_pseudogene","ENSG00000267361"
"ENSG00000267413.1",3.0261536609462,1.41116379906537,0.415663668539846,3.39496546335777,0.000686372582432027,0.00202116783217896,"LINC01901","lncRNA","ENSG00000267413"
"ENSG00000267417.1",0.73033587658424,-1.23723546114021,0.270267789412,-4.57781322677026,4.69861921567981e-06,2.16189545685424e-05,"AC138474.1","lncRNA","ENSG00000267417"
"ENSG00000267420.1",1.62149180762303,-1.47121834826118,0.320935092520403,-4.58416166554816,4.55811483097635e-06,2.10318541968822e-05,"AC007993.2","lncRNA","ENSG00000267420"
"ENSG00000267440.2",11.5050169002185,-1.15892319759583,0.192108839895332,-6.03263857210969,1.6130391773305e-09,1.36292109502233e-08,"LINC02594","lncRNA","ENSG00000267440"
"ENSG00000267443.2",0.676535666871533,1.15720807137259,0.392115113005894,2.95119477161086,0.00316547236545414,0.00792741285386666,"AC010641.1","lncRNA","ENSG00000267443"
"ENSG00000267466.1",32.5002813201224,1.38640216299595,0.240773428168098,5.75811946336544,8.50561544016192e-09,6.37029944629627e-08,"AC021683.1","lncRNA","ENSG00000267466"
"ENSG00000267489.5",0.602999246257443,-1.12406869865438,0.340459806848477,-3.30161938661573,0.000961284157555945,0.00273721273005566,"LINC01837","lncRNA","ENSG00000267489"
"ENSG00000267490.1",5.74664809406412,-1.2096932091878,0.225161230005533,-5.37256440266415,7.76246911022417e-08,4.90259307018855e-07,"AC008759.1","unprocessed_pseudogene","ENSG00000267490"
"ENSG00000267506.5",48.1089971150592,1.20945840659378,0.247071155972821,4.89518253084478,9.82145249093887e-07,5.15332181375817e-06,"AC021683.2","lncRNA","ENSG00000267506"
"ENSG00000267594.5",4.62996556003631,-1.39909496305795,0.210684475067024,-6.64071219586953,3.12171061279742e-11,3.47697800703131e-10,"CYP4F24P","unprocessed_pseudogene","ENSG00000267594"
"ENSG00000267733.5",11.0964747793616,1.28618719445329,0.187185124745189,6.87120408848807,6.36622361767363e-12,7.91030951067023e-11,"AP005264.4","transcribed_processed_pseudogene","ENSG00000267733"
"ENSG00000267746.1",0.580470572167354,1.6662424077978,0.540901096659977,3.08049367636103,0.00206657742986908,0.00542691358202744,"AC104985.1","lncRNA","ENSG00000267746"
"ENSG00000267761.3",5.13317489898424,-1.08147177277913,0.279811176938592,-3.86500562490565,0.000111086639537783,0.000389266616899277,"MIR4527HG","lncRNA","ENSG00000267761"
"ENSG00000267774.2",1.55022944904602,-1.25667958432939,0.260830874802962,-4.81798631116318,1.45014317026537e-06,7.36881805763557e-06,"AC010776.2","lncRNA","ENSG00000267774"
"ENSG00000267790.1",0.646140755444832,1.67730934941169,0.356838719881191,4.70046902412987,2.59564628570194e-06,1.25539430933469e-05,"LINC01987","lncRNA","ENSG00000267790"
"ENSG00000267879.2",3.00219834399265,2.61428479552258,0.35500933380348,7.36398890562622,1.78494536151222e-13,2.82759031704559e-12,"AC011483.1","lncRNA","ENSG00000267879"
"ENSG00000267909.3",4.85022245478837,1.39598084518685,0.226568116499152,6.16141788508036,7.20964541499976e-10,6.44596408038918e-09,"CCDC177","protein_coding","ENSG00000267909"
"ENSG00000267968.1",0.538051315374099,1.89021112151914,0.584204241324213,3.23553132246115,0.00121416563220298,0.00337164329013399,"AC011523.1","lncRNA","ENSG00000267968"
"ENSG00000267978.5",13.4355766400193,3.61720307233606,0.578874321114219,6.24868462876995,4.13923732734421e-10,3.84770582769759e-09,"MAGEA9B","protein_coding","ENSG00000267978"
"ENSG00000267990.1",1.58685314985548,-1.01026982875322,0.154117536170089,-6.55519062826344,5.55708424109167e-11,5.96292555266784e-10,"AC063977.2","unprocessed_pseudogene","ENSG00000267990"
"ENSG00000268089.3",25.4023279933167,1.13978931700537,0.224106968345426,5.0859164506146,3.65855094032821e-07,2.06655124028549e-06,"GABRQ","protein_coding","ENSG00000268089"
"ENSG00000268100.1",0.683940183777618,1.05370594387293,0.381539281752772,2.76172335134735,0.00574971746913185,0.0135020598757832,"ZNF725P","unprocessed_pseudogene","ENSG00000268100"
"ENSG00000268295.1",4.91433296010552,1.10535759411398,0.192332066678714,5.74713105932797,9.07703731813682e-09,6.76469236240806e-08,"POLR3GP1","transcribed_processed_pseudogene","ENSG00000268295"
"ENSG00000268480.3",1.51474902516707,1.35674449966832,0.263136706769609,5.15604423390547,2.52221338011526e-07,1.46197950983121e-06,"NFILZ","protein_coding","ENSG00000268480"
"ENSG00000268566.6",0.68097956641881,-1.57148384031922,0.483359450092793,-3.2511702005982,0.00114931031810286,0.00320838302778107,"AC100781.1","lncRNA","ENSG00000268566"
"ENSG00000268581.1",3.29138919741101,-1.13963180114291,0.134216003305212,-8.49102769474777,2.04817750709568e-17,5.6232409819137e-16,"SIGLEC18P","unprocessed_pseudogene","ENSG00000268581"
"ENSG00000268606.5",1.49939902700059,1.78131484755316,0.489053383401484,3.64237301695714,0.000270136243747998,0.000870671701528729,"MAGEA2","protein_coding","ENSG00000268606"
"ENSG00000268758.7",52.8877618669528,-1.15544555210685,0.108638333406253,-10.6357076354076,2.03279700271984e-26,1.64984558330308e-24,"ADGRE4P","transcribed_unprocessed_pseudogene","ENSG00000268758"
"ENSG00000268845.1",0.55279357727837,-1.10050730536694,0.220811396151868,-4.98392440130236,6.23074316500475e-07,3.37848241644648e-06,"AC025278.1","lncRNA","ENSG00000268845"
"ENSG00000268849.5",6.85400442702617,-1.17637290113602,0.108078725767628,-10.8844075721734,1.36785111922103e-27,1.27529423685177e-25,"SIGLEC22P","transcribed_unprocessed_pseudogene","ENSG00000268849"
"ENSG00000268902.3",5.06369573968604,2.4637810141331,0.438034836641345,5.62462345009878,1.85913061580858e-08,1.31162872172968e-07,"CSAG2","protein_coding","ENSG00000268902"
"ENSG00000268906.1",2.61560833391212,1.48996982795031,0.343012732544897,4.34377411268629,1.40055528202648e-05,5.88802834266365e-05,"AC011473.3","lncRNA","ENSG00000268906"
"ENSG00000268916.6",30.1695434224809,1.42968523163547,0.390980879729306,3.656662782654,0.000255520169767175,0.00082729325149587,"CSAG3","protein_coding","ENSG00000268916"
"ENSG00000268926.3",5.12171153717096,-1.08802543423345,0.184147575225352,-5.908442904567,3.45356466847182e-09,2.75682964905069e-08,"AL354861.3","lncRNA","ENSG00000268926"
"ENSG00000268940.5",3.72965137935837,1.55079376250023,0.622435818343862,2.49149184027758,0.0127207888974246,0.0272064620497517,"CT45A1","protein_coding","ENSG00000268940"
"ENSG00000268942.2",3.53824227187039,1.23198687639975,0.195362910773502,6.30614517116854,2.86070732209869e-10,2.74630920509795e-09,"CKS1BP3","processed_pseudogene","ENSG00000268942"
"ENSG00000268949.1",4.60837991604279,1.0002260507185,0.155722182893179,6.42314429540606,1.33487844786295e-10,1.35358269291389e-09,"MRPS17P1","processed_pseudogene","ENSG00000268949"
"ENSG00000268964.3",8.26023875635655,1.06813569871729,0.322564135155667,3.31139014634042,0.000928336809426075,0.00265202823071425,"ERVV-2","protein_coding","ENSG00000268964"
"ENSG00000269055.1",2.03520918067638,-1.2845338022481,0.23979077611846,-5.35689413513353,8.46646933268531e-08,5.32247122390985e-07,"BNIP3P18","processed_pseudogene","ENSG00000269055"
"ENSG00000269189.1",0.771375844497846,1.16348597144241,0.255281905698028,4.5576515431481,5.17287651606547e-06,2.35942685011774e-05,"AL445223.1","lncRNA","ENSG00000269189"
"ENSG00000269356.1",5.04873184615729,1.00981799025495,0.192773141891214,5.23837491233511,1.61996717090962e-07,9.67689162179412e-07,"AL356740.2","lncRNA","ENSG00000269356"
"ENSG00000269376.1",9.89341277452264,1.45892688990843,0.186784498756821,7.81074928389982,5.68490000310453e-15,1.11035417462362e-13,"AL356740.3","lncRNA","ENSG00000269376"
"ENSG00000269416.6",86.8193427850824,1.15118284523347,0.200833211439101,5.73203424366168,9.92332312547866e-09,7.34167339933497e-08,"LINC01224","lncRNA","ENSG00000269416"
"ENSG00000269466.4",0.725990305668222,1.46867900379366,0.519998955938605,2.82438837043947,0.00473709462512096,0.011371204048271,"H3Y1","protein_coding","ENSG00000269466"
"ENSG00000269504.3",0.532837625530855,1.17953834724034,0.396214705005519,2.97701809735687,0.0029106682826037,0.00735437878065877,"AC003973.1","lncRNA","ENSG00000269504"
"ENSG00000269516.6",15.2191013017655,1.05900553998511,0.240884008485398,4.39632977981313,1.10096624598272e-05,4.71480636536408e-05,"CYP4F23P","transcribed_unprocessed_pseudogene","ENSG00000269516"
"ENSG00000269586.7",3.71154022875821,2.00185885155999,0.471273282675784,4.2477664767964,2.15912276584363e-05,8.73576354009604e-05,"CT45A10","protein_coding","ENSG00000269586"
"ENSG00000269887.1",24.2666145271415,1.00967825255877,0.118670037515636,8.50828291366921,1.7652803559363e-17,4.8927086763206e-16,"AL391001.1","lncRNA","ENSG00000269887"
"ENSG00000269964.3",6.13079456713333,1.71623260125588,0.226040991402881,7.59257243831928,3.13616052244751e-14,5.5290605004794e-13,"MEI4","protein_coding","ENSG00000269964"
"ENSG00000269989.1",0.599015239032751,1.34265034883699,0.414674024194448,3.2378453206594,0.00120436087942737,0.00334761054103624,"AC036176.3","lncRNA","ENSG00000269989"
"ENSG00000269994.3",46.8088260652877,1.24466049771276,0.213945267013522,5.81765848381255,5.96776715553258e-09,4.58244887331066e-08,"AL513318.1","lncRNA","ENSG00000269994"
"ENSG00000270000.1",17.804968902785,-1.06053155372376,0.109304099417534,-9.70257803115516,2.93975046199353e-22,1.50659437827676e-20,"AC005479.2","lncRNA","ENSG00000270000"
"ENSG00000270038.1",4.40773871395721,1.48441915619373,0.411004049535417,3.61168985529865,0.000304208252332594,0.000968082232663194,"AL133467.4","lncRNA","ENSG00000270038"
"ENSG00000270068.1",1.93921564616699,1.34227926270003,0.187651376212827,7.15304779421213,8.48720370703889e-13,1.21288719970496e-11,"AC125494.3","lncRNA","ENSG00000270068"
"ENSG00000270182.1",0.448375763990076,1.51639470319887,0.381202557754213,3.97792373727091,6.95196599956747e-05,0.000253871068136934,"AC004080.4","lncRNA","ENSG00000270182"
"ENSG00000270276.2",2.43692308454187,1.02761253449992,0.218480122707566,4.70346007574961,2.55789132798817e-06,1.23889879191895e-05,"H4C15","protein_coding","ENSG00000270276"
"ENSG00000270299.1",3.82785849202327,2.05793018649304,0.150740746402488,13.6521162035262,1.96099961576346e-42,7.83303993578929e-40,"AL121758.1","protein_coding","ENSG00000270299"
"ENSG00000270372.1",7.40455233143169,1.42369743066609,0.356775328631766,3.99045930705459,6.59454632891802e-05,0.00024194651155255,"AL162413.1","lncRNA","ENSG00000270372"
"ENSG00000270390.1",0.597741786560991,1.63240311324088,0.306943386433547,5.31825471859221,1.04767332585023e-07,6.46649815408511e-07,"SFXN4P1","processed_pseudogene","ENSG00000270390"
"ENSG00000270496.1",1.655724748509,-2.18282898679508,0.511241314171888,-4.26966468922966,1.95767053607565e-05,7.98332205498251e-05,"BNIP3P7","processed_pseudogene","ENSG00000270496"
"ENSG00000270533.2",4.50518879983077,1.30886696557154,0.19516914830132,6.70632103979256,1.99592356594674e-11,2.29393268962957e-10,"CR382285.1","transcribed_processed_pseudogene","ENSG00000270533"
"ENSG00000270765.6",135.795433668635,-1.01426711557531,0.18103185555932,-5.60269965991126,2.11038721523153e-08,1.47484573430837e-07,"GAS2L2","protein_coding","ENSG00000270765"
"ENSG00000270806.2",14.6130574547245,-1.09554611897109,0.152527844501821,-7.1825975286631,6.83992343179493e-13,9.88223405608584e-12,"C17orf50","protein_coding","ENSG00000270806"
"ENSG00000270835.2",0.69018164379139,1.33150318497811,0.521280331955584,2.55429392469686,0.0106403393742989,0.0232558284136554,"AP001425.1","transcribed_processed_pseudogene","ENSG00000270835"
"ENSG00000270919.1",9.86680704904008,2.25333512040314,0.241871166514153,9.31626184666079,1.20511423983404e-20,5.03589430498034e-19,"AC108451.2","lncRNA","ENSG00000270919"
"ENSG00000270938.1",2.55068446174217,1.67898786784967,0.287156698024931,5.84693959569036,5.00699216908361e-09,3.88867483692287e-08,"RAP2CP1","transcribed_processed_pseudogene","ENSG00000270938"
"ENSG00000271201.1",0.910024680198922,-1.38404779372685,0.429893630522588,-3.21951221292665,0.00128408890828307,0.00354239517842624,"AC247036.1","lncRNA","ENSG00000271201"
"ENSG00000271204.1",2.74693657105468,1.38290482161025,0.188313912387458,7.34361473391785,2.07901015310913e-13,3.25538472975117e-12,"AC016831.4","lncRNA","ENSG00000271204"
"ENSG00000271287.1",0.866760933888495,2.19090109700809,0.589838671985651,3.71440734740666,0.000203680477132451,0.000673583902581773,"BCRP9","processed_pseudogene","ENSG00000271287"
"ENSG00000271302.1",5.52776232671387,-1.52961385817516,0.20413433267101,-7.49317294235036,6.72282225274073e-14,1.13325588350606e-12,"AC105254.2","processed_pseudogene","ENSG00000271302"
"ENSG00000271303.2",3.97337608153408,2.03781479094418,0.162317459927464,12.5545014803388,3.75538971570273e-36,8.59583388690317e-34,"SRXN1","protein_coding","ENSG00000271303"
"ENSG00000271314.1",2.72044564984924,1.41569161847269,0.256404534397793,5.52132052499644,3.3646137189523e-08,2.26623337330589e-07,"AL161729.2","lncRNA","ENSG00000271314"
"ENSG00000271392.1",12.4222782784223,-1.49480727999364,0.206222701409044,-7.24850983805457,4.21381830142903e-13,6.29338706213794e-12,"AC006237.1","lncRNA","ENSG00000271392"
"ENSG00000271394.1",1.50362052594195,3.71824253960175,0.657044926145777,5.65903850960839,1.52223398561171e-08,1.08979756239286e-07,"7SK","misc_RNA","ENSG00000271394"
"ENSG00000271447.6",1675.72665716849,-1.40243029245783,0.164580334126814,-8.52125073082677,1.57839416289403e-17,4.39566051803085e-16,"MMP28","protein_coding","ENSG00000271447"
"ENSG00000271631.1",19.2766467764778,-1.01865403838497,0.135149757104894,-7.53722433695803,4.80080049130277e-14,8.22535804950163e-13,"AL139041.1","lncRNA","ENSG00000271631"
"ENSG00000271709.1",6.3910047279725,1.04479892480278,0.16896002400323,6.18370487910682,6.26143773051572e-10,5.66155697857084e-09,"AC017033.1","lncRNA","ENSG00000271709"
"ENSG00000271776.1",0.849235692053423,1.1122027266843,0.372649759615176,2.98457921409323,0.00283968663975205,0.00719376688201316,"AL445209.1","lncRNA","ENSG00000271776"
"ENSG00000271787.1",0.911741930626245,-1.65967202053748,0.301367165304535,-5.50714281982367,3.64704375818596e-08,2.43672521875649e-07,"AC104794.5","lncRNA","ENSG00000271787"
"ENSG00000271824.2",5.25583071658654,1.05175705083757,0.281902526660807,3.73092452662928,0.00019077837505902,0.000635299005723714,"SMIM32","protein_coding","ENSG00000271824"
"ENSG00000271830.1",8.9424835056805,2.29554637877279,0.306408211554871,7.4917913169625,6.79398864772867e-14,1.14430541328817e-12,"AC012213.4","lncRNA","ENSG00000271830"
"ENSG00000271968.2",2.58846065721425,4.38976223975993,0.639425408545662,6.86516704074084,6.64134943537421e-12,8.22457446946661e-11,"ADAM6","transcribed_unprocessed_pseudogene","ENSG00000271968"
"ENSG00000272015.1",0.568073976282381,1.64386454351649,0.437354136426871,3.75865781663038,0.0001708272750755,0.00057478038387985,"SNORA62","snoRNA","ENSG00000272015"
"ENSG00000272021.1",5.29329150644033,1.78986878822565,0.170199050206047,10.5163265368332,7.26511312234491e-26,5.57443510251787e-24,"AC008592.4","lncRNA","ENSG00000272021"
"ENSG00000272046.1",4.48196744365532,1.4397134075583,0.475360903027859,3.02867442060947,0.00245629240261961,0.00632116734208759,"AL445647.1","lncRNA","ENSG00000272046"
"ENSG00000272068.1",265.32785732614,2.29752924573768,0.191786289684017,11.9796323789518,4.54333885646123e-33,8.08337358204367e-31,"AL365181.2","lncRNA","ENSG00000272068"
"ENSG00000272088.1",14.5143927050763,1.19845174397055,0.119074853474222,10.0646921579458,7.91345097270928e-24,5.02991783121832e-22,"AL512413.1","lncRNA","ENSG00000272088"
"ENSG00000272157.1",1.50618141208258,1.37460606435354,0.41670880588087,3.29872094122847,0.000971264130238563,0.0027618798477324,"AC107373.2","lncRNA","ENSG00000272157"
"ENSG00000272168.8",479.256848850319,1.32446881174059,0.118088480410336,11.2159018994766,3.40695460652484e-29,3.88822273203477e-27,"CASC15","lncRNA","ENSG00000272168"
"ENSG00000272189.1",59.5528750872029,1.35157531109767,0.108740778210811,12.4293327060565,1.81140084183178e-35,3.86397405752629e-33,"AL024508.1","lncRNA","ENSG00000272189"
"ENSG00000272405.1",624.942264476207,1.78246288275239,0.167268884072249,10.656272938262,1.62999279927478e-26,1.33623333241151e-24,"AL365181.3","lncRNA","ENSG00000272405"
"ENSG00000272479.1",1.24746678536561,2.90377517931821,0.521833913449114,5.56455819462826,2.62817412915819e-08,1.80481541453383e-07,"AC010857.1","lncRNA","ENSG00000272479"
"ENSG00000272703.1",1.34827514512715,2.5411393936509,0.328989420543678,7.72407632273248,1.12667322538556e-14,2.10762383938861e-13,"AP005137.2","lncRNA","ENSG00000272703"
"ENSG00000272719.1",1.34881855544623,1.01045981065116,0.174506798474457,5.79037504260366,7.02294301835123e-09,5.3443363353882e-08,"AC006483.2","lncRNA","ENSG00000272719"
"ENSG00000272727.2",5.41664694513707,-1.06208804876216,0.294908515123393,-3.60141533491418,0.000316489493758033,0.00100231103336056,"LINC02266","lncRNA","ENSG00000272727"
"ENSG00000272729.1",12.1389716827786,-1.31513577362926,0.15796257280321,-8.32561631714911,8.38911137972231e-17,2.12296624188836e-15,"AC009336.1","lncRNA","ENSG00000272729"
"ENSG00000272769.1",2.96109449381541,1.19915585595221,0.141373475694186,8.48218415840737,2.21005396103383e-17,6.04729540190742e-16,"AC097532.2","lncRNA","ENSG00000272769"
"ENSG00000272798.1",1.40141283314277,1.13456968426883,0.267822895296136,4.23626846022374,2.27265038779917e-05,9.16324539832772e-05,"AL008721.1","lncRNA","ENSG00000272798"
"ENSG00000272971.1",1.11569069191565,1.12085840892255,0.220775440437964,5.07691619456879,3.83609968271576e-07,2.15786565474096e-06,"AL365181.4","lncRNA","ENSG00000272971"
"ENSG00000273077.1",1.88400882322224,1.1023414282253,0.15238828975359,7.23376730592469,4.69776430617888e-13,6.96763782769006e-12,"AC110609.1","lncRNA","ENSG00000273077"
"ENSG00000273108.1",22.3799042097554,1.35210243911371,0.159222260599702,8.49191836632071,2.03253767593123e-17,5.58783282931621e-16,"AL121929.2","lncRNA","ENSG00000273108"
"ENSG00000273111.6",1.42486293430046,1.75297875866347,0.333013413037603,5.26398844621172,1.40963312269413e-07,8.50602522481143e-07,"LYPD4","protein_coding","ENSG00000273111"
"ENSG00000273112.1",1.46113668257999,-1.33289183459251,0.163877036192487,-8.13348755604121,4.17112924037734e-16,9.57432781074332e-15,"AL590385.2","lncRNA","ENSG00000273112"
"ENSG00000273297.2",42.4236264542996,1.54814180920269,0.141263379418513,10.9592579164916,5.99892446713918e-28,5.84722917618784e-26,"AC009275.1","lncRNA","ENSG00000273297"
"ENSG00000273319.1",11.1266559815671,1.81451620615409,0.16184425161796,11.2114961638386,3.58088609785166e-29,4.06395660960363e-27,"AC058791.1","lncRNA","ENSG00000273319"
"ENSG00000273328.5",67.0555554661569,1.03050499613002,0.199603687292341,5.16275530832623,2.4334114454408e-07,1.41412754987298e-06,"AC099329.2","lncRNA","ENSG00000273328"
"ENSG00000273394.1",2.51307480224206,1.08765531709245,0.139383866938895,7.80330852471813,6.03048757042505e-15,1.17447492868943e-13,"AC128687.2","lncRNA","ENSG00000273394"
"ENSG00000273664.1",0.640498188969293,-1.35474722843645,0.307736402928139,-4.40229760127796,1.07110496109177e-05,4.59901248074214e-05,"AC010776.3","lncRNA","ENSG00000273664"
"ENSG00000273693.1",0.673962591632924,1.41622086553377,0.375076673019189,3.77581696599223,0.000159484074433348,0.000540677287788141,"CDRT15P10","processed_pseudogene","ENSG00000273693"
"ENSG00000273703.2",2.40114108283917,1.08779701623573,0.235075568442457,4.62743543892357,3.70221587573337e-06,1.73718048399176e-05,"H2BC14","protein_coding","ENSG00000273703"
"ENSG00000273768.1",0.760289537037227,1.12880606688368,0.273321981302605,4.12994981780825,3.62842425379138e-05,0.000140099402361848,"RNVU1-29","snRNA","ENSG00000273768"
"ENSG00000273866.1",3.55835129781458,-1.26249726998833,0.167336622346046,-7.54465610867616,4.53482529099433e-14,7.81236307953412e-13,"Metazoa_SRP","misc_RNA","ENSG00000273866"
"ENSG00000273877.4",33.459718056824,-1.18893536307265,0.214517944380106,-5.54235854957645,2.98424451306845e-08,2.03119068152268e-07,"AC236972.3","lncRNA","ENSG00000273877"
"ENSG00000273906.1",39.4478964487227,1.40444836667916,0.394435218522374,3.56065660652839,0.000369928603057879,0.00115405827522107,"AC011297.1","lncRNA","ENSG00000273906"
"ENSG00000273983.1",29.7930025620877,1.03039965780159,0.180665010601317,5.70337141858324,1.17460651114507e-08,8.57037841754723e-08,"H3C8","protein_coding","ENSG00000273983"
"ENSG00000274008.1",7.67004903985172,-1.06022313179483,0.135818434651006,-7.80617987918312,5.89474320474211e-15,1.14968656003259e-13,"Metazoa_SRP","misc_RNA","ENSG00000274008"
"ENSG00000274099.1",1.87095844528804,2.98657363378375,0.378792370736648,7.88446089337987,3.15896315160933e-15,6.37472192600392e-14,"ABCB10P1","processed_pseudogene","ENSG00000274099"
"ENSG00000274150.1",1.18327659468612,1.06667677042162,0.321569764421041,3.31709286270144,0.000909593784186026,0.00260505971805787,"FADS2B","unprocessed_pseudogene","ENSG00000274150"
"ENSG00000274209.4",5.86237450482884,-1.61810725028777,0.237034680874295,-6.82645781756255,8.70368712533592e-12,1.05886630202317e-10,"ANTXRL","protein_coding","ENSG00000274209"
"ENSG00000274253.5",57.1269133959913,1.01501729270476,0.169415512364017,5.99128898258048,2.08184326576151e-09,1.71910296264535e-08,"AC138649.1","lncRNA","ENSG00000274253"
"ENSG00000274510.1",0.289452677103618,1.03351587570855,0.353556393745704,2.92319950647507,0.00346454451552722,0.00860106783889265,"Metazoa_SRP","misc_RNA","ENSG00000274510"
"ENSG00000274560.1",0.797696061399501,1.0570405044112,0.227450369262709,4.64734573893042,3.36233359574644e-06,1.58830791526374e-05,"AC010205.1","lncRNA","ENSG00000274560"
"ENSG00000274578.1",0.487211563432291,1.00597014157047,0.362220525536153,2.77723119108574,0.00548241676178685,0.0129512440497177,"AC006249.1","lncRNA","ENSG00000274578"
"ENSG00000274624.1",4.90248084048142,-1.33113747646236,0.139310685995028,-9.55517135641603,1.23379572643971e-21,5.83839016054971e-20,"AC007671.1","lncRNA","ENSG00000274624"
"ENSG00000274641.2",10.5042277096349,1.30400992203479,0.149317621098374,8.73312816292246,2.47724120164267e-18,7.67530329114277e-17,"H2BC17","protein_coding","ENSG00000274641"
"ENSG00000274736.5",55.4474181121772,-1.36526848938824,0.120019174767739,-11.3754197363071,5.54355185936273e-30,6.92824949098207e-28,"CCL23","protein_coding","ENSG00000274736"
"ENSG00000274798.1",2.82099513083607,1.01501829624079,0.144583817354724,7.02027595350123,2.21430469092985e-12,2.96377845014964e-11,"AC025166.1","lncRNA","ENSG00000274798"
"ENSG00000274824.1",0.766375524441214,-1.14972021830738,0.218264166411838,-5.26756286754832,1.38246823645873e-07,8.35798289565393e-07,"MIR7152","miRNA","ENSG00000274824"
"ENSG00000274827.4",1.87399859229396,1.58487013781839,0.417049077878748,3.80020055644187,0.000144579028789589,0.000494466832030069,"LINC01297","lncRNA","ENSG00000274827"
"ENSG00000274840.4",5.19212392064209,1.44708402792096,0.399376423895888,3.62335866950973,0.000290802130809228,0.000929193884053045,"AC132807.2","lncRNA","ENSG00000274840"
"ENSG00000274863.1",0.559125569267345,1.26933001187662,0.299506707472516,4.23806873170978,2.25450756534302e-05,9.09549477520257e-05,"AL135936.1","lncRNA","ENSG00000274863"
"ENSG00000274997.2",4.05437816773096,2.00945427822434,0.214622512067786,9.36273766840301,7.76969042805993e-21,3.31476960325074e-19,"H2AC12","protein_coding","ENSG00000274997"
"ENSG00000275011.1",11.686157655745,1.2529379766289,0.227325278039928,5.51165267423025,3.55479882377314e-08,2.38173274916936e-07,"ALOXE3P1","unprocessed_pseudogene","ENSG00000275011"
"ENSG00000275090.1",0.591226983180883,1.24262021345798,0.284171978227106,4.37277532151637,1.22676959166447e-05,5.21463468682166e-05,"RN7SL296P","misc_RNA","ENSG00000275090"
"ENSG00000275126.2",0.385321946511086,1.01376508151017,0.321246973292824,3.15571870177932,0.00160103186951093,0.00431963720677332,"H4C13","protein_coding","ENSG00000275126"
"ENSG00000275212.3",3.73206051884208,1.40037526343283,0.260584945975292,5.37396839326862,7.70223646996562e-08,4.87059165754787e-07,"LINC02826","lncRNA","ENSG00000275212"
"ENSG00000275216.2",209.825293334728,1.51985714427258,0.289502197144355,5.24989847836883,1.52183058494499e-07,9.12896694970756e-07,"AL161431.1","lncRNA","ENSG00000275216"
"ENSG00000275232.1",1.72349138506875,2.67128692106818,0.327081473836605,8.1670382909019,3.16052605616691e-16,7.3751038434369e-15,"AC073578.2","lncRNA","ENSG00000275232"
"ENSG00000275243.1",0.613084671351345,-1.31116710948199,0.296066440416622,-4.42862456020659,9.48359426078973e-06,4.11666397791771e-05,"TRBV16","TR_V_gene","ENSG00000275243"
"ENSG00000275285.1",0.764333927976635,1.30384578943085,0.484597719817258,2.69057351306262,0.0071329317726354,0.016334141142788,"AL391095.2","lncRNA","ENSG00000275285"
"ENSG00000275325.4",21.6349129235378,1.25736793624856,0.171807273877266,7.31847906012866,2.50797146124117e-13,3.88378111916948e-12,"PDCD6IPP1","transcribed_unprocessed_pseudogene","ENSG00000275325"
"ENSG00000275379.2",1.43970553807178,1.00036811054442,0.198303807757027,5.04462381161195,4.5441451028576e-07,2.5253460215481e-06,"H3C11","protein_coding","ENSG00000275379"
"ENSG00000275392.1",11.5752684712936,-1.39147768733038,0.160878430428221,-8.64924952106129,5.18392042558441e-18,1.54392156359346e-16,"AL445493.3","lncRNA","ENSG00000275392"
"ENSG00000275395.6",4150.44166639955,-1.38838808869664,0.149151970142361,-9.30854676187965,1.29593279403625e-20,5.38228234734137e-19,"FCGBP","protein_coding","ENSG00000275395"
"ENSG00000275465.7",1.70420662588471,-1.01183129205059,0.253048495757674,-3.99856671355023,6.37272194523738e-05,0.00023461083420512,"AL449403.2","lncRNA","ENSG00000275465"
"ENSG00000275467.1",0.870145179297021,1.13675682450872,0.213410347516753,5.32662468214896,1.00054607457713e-07,6.19532655265896e-07,"AC083806.3","lncRNA","ENSG00000275467"
"ENSG00000275576.1",4.83616920397755,1.09961574341753,0.133932886914123,8.21019966606559,2.20820981968612e-16,5.27059711092394e-15,"AL049539.1","lncRNA","ENSG00000275576"
"ENSG00000275676.1",2.2799838562042,-1.07657897379107,0.335214560436908,-3.21161160895842,0.00131992688825032,0.00363019989253291,"BX005040.1","lncRNA","ENSG00000275676"
"ENSG00000275678.1",15.3976865101593,-1.14045403034008,0.281226080572823,-4.05529255329774,5.00715937745135e-05,0.000188441432214576,"AL133320.2","lncRNA","ENSG00000275678"
"ENSG00000275713.2",69.5441382346899,1.45999656062844,0.172495008375281,8.46399309974271,2.58375116686202e-17,7.01330937984404e-16,"H2BC9","protein_coding","ENSG00000275713"
"ENSG00000275714.2",4.58466702470872,1.35547859196877,0.156789877562056,8.64519197951589,5.37149093712354e-18,1.59395961581372e-16,"H3C1","protein_coding","ENSG00000275714"
"ENSG00000275718.2",5.16569580848333,1.20321180594538,0.222502232087036,5.40763926123096,6.38608845958218e-08,4.09229949840762e-07,"CCL15","protein_coding","ENSG00000275718"
"ENSG00000275741.1",0.963993857529079,1.21512358078142,0.228708401821048,5.31298181923454,1.07845801487884e-07,6.64543480039453e-07,"AL162497.1","lncRNA","ENSG00000275741"
"ENSG00000275803.1",0.7446814693996,1.2883830058806,0.254701971999477,5.05839430989268,4.22801475905533e-07,2.36266637399796e-06,"RN7SL736P","misc_RNA","ENSG00000275803"
"ENSG00000275880.1",39.7789196688587,1.94828487040907,0.137155098676227,14.204975893811,8.53320160999328e-46,4.29220040982662e-43,"AL139385.1","lncRNA","ENSG00000275880"
"ENSG00000275896.6",492.868153452345,-1.09893799981195,0.251052759398931,-4.37731894460359,1.20148094012531e-05,5.1162142499504e-05,"PRSS2","protein_coding","ENSG00000275896"
"ENSG00000275929.1",1.40694009104027,1.29008666833998,0.207305128947501,6.22312952356661,4.87334729566742e-10,4.4881281389552e-09,"AC068831.4","unprocessed_pseudogene","ENSG00000275929"
"ENSG00000275981.1",1.37672130195129,-1.19013363203237,0.210576504218816,-5.65178739407538,1.58787920407503e-08,1.13223826743397e-07,"AC018816.2","misc_RNA","ENSG00000275981"
"ENSG00000276067.2",5.03079102704436,1.03220925613894,0.286442681799567,3.60354556679233,0.000313905685632134,0.000994824156013537,"SLC23A4P","transcribed_unprocessed_pseudogene","ENSG00000276067"
"ENSG00000276122.1",36.9359140225862,5.49177749316829,0.434319413357828,12.6445591061888,1.19895206310577e-36,2.9076728516142e-34,"AC026336.3","lncRNA","ENSG00000276122"
"ENSG00000276128.2",1.96015032351967,-1.16033144877719,0.223367208568307,-5.1947260128935,2.05021560343549e-07,1.20571498745341e-06,"AL591441.1","transcribed_processed_pseudogene","ENSG00000276128"
"ENSG00000276368.2",3.69959973872303,1.51594307799545,0.18724160520101,8.09618715011569,5.6708558686974e-16,1.26949275086999e-14,"H2AC14","protein_coding","ENSG00000276368"
"ENSG00000276399.1",1.83376861779422,1.7465517127311,0.564383454026422,3.09461891604166,0.00197065918933814,0.00520691098256834,"FLJ36000","lncRNA","ENSG00000276399"
"ENSG00000276407.5",0.539098745825074,1.13374063636409,0.266085029481708,4.26082083074134,2.03677469890437e-05,8.27773681371178e-05,"AC024559.2","lncRNA","ENSG00000276407"
"ENSG00000276409.5",12.974852787401,-1.01836762948202,0.159107250001698,-6.40051053280826,1.54858266986539e-10,1.55902900218249e-09,"CCL14","protein_coding","ENSG00000276409"
"ENSG00000276410.4",1.77053233524896,1.86263182683469,0.262356139654158,7.09963117040082,1.25090271281729e-12,1.74300715555112e-11,"H2BC3","protein_coding","ENSG00000276410"
"ENSG00000276422.2",3.28617321695983,-1.60319156969051,0.321655191973273,-4.98419304179526,6.22209365693099e-07,3.3751399529269e-06,"AL590491.2","lncRNA","ENSG00000276422"
"ENSG00000276476.3",46.1040327193193,1.06680361635813,0.199229259494664,5.35465332283033,8.57206079311165e-08,5.38303749836233e-07,"LINC00540","lncRNA","ENSG00000276476"
"ENSG00000276600.5",1250.93958114916,-1.05431618129157,0.111758082225623,-9.43391440059839,3.950638939375e-21,1.75721487234668e-19,"RAB7B","protein_coding","ENSG00000276600"
"ENSG00000276627.3",0.526603280092196,1.31356820837156,0.486710737446558,2.69886835713337,0.00695756922292541,0.0159738669474614,"AL117372.1","lncRNA","ENSG00000276627"
"ENSG00000276633.1",1.02817848686664,1.2397076781029,0.24134061886903,5.13675519650368,2.79522688565772e-07,1.60946762298407e-06,"AJ011931.1","lncRNA","ENSG00000276633"
"ENSG00000276903.2",4.26670991943014,1.57409846048345,0.176967089075924,8.89486552953424,5.84900793904831e-19,1.97430305717842e-17,"H2AC16","protein_coding","ENSG00000276903"
"ENSG00000276966.2",38.0746009801234,1.31183163243826,0.178904524703089,7.33257940018781,2.25764629218074e-13,3.51935273560671e-12,"H4C5","protein_coding","ENSG00000276966"
"ENSG00000277011.1",2.53250733133853,1.10410638503424,0.351353534240144,3.14243711087761,0.00167547701607196,0.00449993144797759,"AC148477.4","lncRNA","ENSG00000277011"
"ENSG00000277013.1",64.7958329378013,1.23029865196865,0.144147562278621,8.53499450507962,1.40162089380885e-17,3.92752682781666e-16,"AC008556.1","lncRNA","ENSG00000277013"
"ENSG00000277075.2",84.6493984810897,1.34430119264769,0.177936738553689,7.55493892702813,4.19056440742818e-14,7.25302317977257e-13,"H2AC8","protein_coding","ENSG00000277075"
"ENSG00000277157.2",6.99802850423749,1.74210263505623,0.192770204869374,9.03719864922447,1.60738101336442e-19,5.75479126779497e-18,"H4C4","protein_coding","ENSG00000277157"
"ENSG00000277200.1",27.8331371897655,1.67008882307998,0.177055002956492,9.43259888279113,4.00051628322432e-21,1.77552325628985e-19,"AC005696.4","lncRNA","ENSG00000277200"
"ENSG00000277210.3",2.93963768169796,1.76373361119571,0.228575358822815,7.71620187004895,1.19847442574755e-14,2.22965495562706e-13,"AC090164.3","lncRNA","ENSG00000277210"
"ENSG00000277224.2",27.9020155283787,1.20073366623849,0.182200750979078,6.59016859033895,4.39327416504388e-11,4.78724710634883e-10,"H2BC7","protein_coding","ENSG00000277224"
"ENSG00000277233.1",0.539082430620789,1.22197297766548,0.348532522020365,3.50605151732174,0.000454807181463971,0.00139272521566228,"Metazoa_SRP","misc_RNA","ENSG00000277233"
"ENSG00000277247.1",19.2441213483244,2.93902537979609,0.285666531806658,10.2883084035383,7.95617941337396e-25,5.56018212416973e-23,"AC083809.1","lncRNA","ENSG00000277247"
"ENSG00000277350.2",4.3244910956638,-1.07304123376466,0.295370166177271,-3.63286938438007,0.000280286917285465,0.00089968721901534,"AL353770.4","lncRNA","ENSG00000277350"
"ENSG00000277453.1",1.87037693108246,1.14841577629264,0.173021934656961,6.637399926024,3.19264571319768e-11,3.55299614915105e-10,"AC010271.2","lncRNA","ENSG00000277453"
"ENSG00000277504.1",2.0015653410511,1.00261663063495,0.205675032259641,4.87476102286085,1.08940253327699e-06,5.6729968575287e-06,"AC010536.3","lncRNA","ENSG00000277504"
"ENSG00000277586.4",64.3263515558868,1.8318465150257,0.229823706208792,7.97065953397118,1.57829774403836e-15,3.32323436616821e-14,"NEFL","protein_coding","ENSG00000277586"
"ENSG00000277587.1",3.43867456215419,-1.05574706911861,0.155754171331172,-6.77829081619802,1.21605883134624e-11,1.44196405604016e-10,"AC008759.3","lncRNA","ENSG00000277587"
"ENSG00000277619.1",1.96097018716251,1.21064143625309,0.20979169957128,5.77068320017947,7.8950779408717e-09,5.95242710112761e-08,"AC008406.3","lncRNA","ENSG00000277619"
"ENSG00000277631.5",7.96379338650488,-1.03436445222218,0.169307981686349,-6.1093661498983,1.00027605516903e-09,8.74930169938851e-09,"PGM5P3-AS1","lncRNA","ENSG00000277631"
"ENSG00000277693.2",6.22869978258757,1.45892254477305,0.396731992963409,3.67735037922089,0.000235669225849886,0.000768641632148729,"AP003900.1","lncRNA","ENSG00000277693"
"ENSG00000277738.1",5.27572290068106,2.35634030649502,0.338385615779816,6.96347656818918,3.31976400039795e-12,4.30207203143173e-11,"AC126175.2","lncRNA","ENSG00000277738"
"ENSG00000277764.1",0.947702718756908,1.8739170223385,0.308812544331969,6.06813763473309,1.294019907973e-09,1.11040971167953e-08,"AC007040.3","misc_RNA","ENSG00000277764"
"ENSG00000277775.2",2.75637606195169,1.81280121520241,0.228503837879573,7.9333512820813,2.13309961763545e-15,4.41610151022973e-14,"H3C7","protein_coding","ENSG00000277775"
"ENSG00000277837.1",0.601908843039256,1.4191518588091,0.407403010058672,3.48341034251249,0.000495068912663634,0.00150291280147936,"AC090340.1","lncRNA","ENSG00000277837"
"ENSG00000277867.1",1.1980544409352,2.08840975632561,0.270891635716827,7.70939180458384,1.26418745183732e-14,2.34548221084735e-13,"AC138649.4","processed_pseudogene","ENSG00000277867"
"ENSG00000278012.1",0.991753076380856,2.5111922698697,0.536301035990489,4.68243039141589,2.83493469878026e-06,1.35998757132231e-05,"AL031658.2","lncRNA","ENSG00000278012"
"ENSG00000278054.1",1.00799358095754,1.04164564100699,0.352940903807882,2.95133159622098,0.00316407032120357,0.00792534840137693,"AL591926.5","processed_pseudogene","ENSG00000278054"
"ENSG00000278266.1",74.6744897332374,1.21724956323237,0.203415161233209,5.98406508075786,2.17636288011944e-09,1.79424429026115e-08,"AC079949.2","lncRNA","ENSG00000278266"
"ENSG00000278301.1",0.543850730449826,1.47527166837247,0.408951765977869,3.60744662599723,0.000309225121742537,0.000981517539354642,"GRAMD4P3","processed_pseudogene","ENSG00000278301"
"ENSG00000278342.1",1.51710306869807,1.05420293465382,0.208839808414669,5.04790223021372,4.46687623045682e-07,2.48523744718698e-06,"AL133373.2","unprocessed_pseudogene","ENSG00000278342"
"ENSG00000278463.2",2.46748281826079,1.64539216746936,0.210016179153303,7.83459719200153,4.70348126884309e-15,9.28909051558285e-14,"H2AC4","protein_coding","ENSG00000278463"
"ENSG00000278532.1",1.13489109933396,1.28223436976465,0.253554451277649,5.05703750537029,4.25819518002229e-07,2.37692349937866e-06,"AC026585.1","lncRNA","ENSG00000278532"
"ENSG00000278630.1",5.53416095364324,2.12732627142694,0.542387303966575,3.92215351625938,8.77610439554687e-05,0.000314480933498475,"LINC02335","lncRNA","ENSG00000278630"
"ENSG00000278637.2",2.05020836304869,1.83729595612952,0.226051084410262,8.12779094125022,4.37184363477466e-16,1.00012366766774e-14,"H4C1","protein_coding","ENSG00000278637"
"ENSG00000278698.1",3.23342831931901,1.86288981815463,0.271111583960395,6.87130291867855,6.36181387967236e-12,7.90724169919131e-11,"AL162574.2","lncRNA","ENSG00000278698"
"ENSG00000278716.1",4.82686650306532,1.5070418036642,0.196661665219142,7.66311930688115,1.81470620321495e-14,3.30664467073286e-13,"AC133540.1","lncRNA","ENSG00000278716"
"ENSG00000278911.1",0.507614473934508,1.77464693274228,0.485463328225032,3.65557361300762,0.000256607559423072,0.000830417934358558,"AC015819.3","lncRNA","ENSG00000278911"
"ENSG00000278924.1",3.30925706667154,1.19983806625626,0.254012348569433,4.72354227270289,2.31771754850099e-06,1.13307854665918e-05,"AC078883.3","TEC","ENSG00000278924"
"ENSG00000278928.1",1.22130373330915,1.5304519460548,0.393973345143943,3.88465860677867,0.000102473778447634,0.000361855534346678,"AC136621.1","TEC","ENSG00000278928"
"ENSG00000278971.1",1.76660513526411,-1.57930704814709,0.202819566287964,-7.78675882732532,6.8750002693177e-15,1.32941687694737e-13,"AC091305.1","TEC","ENSG00000278971"
"ENSG00000279017.1",14.1217742295328,-1.0131789597505,0.208653043129059,-4.85580725090988,1.19897286272115e-06,6.20156802664057e-06,"AC098476.1","TEC","ENSG00000279017"
"ENSG00000279032.1",1.32374047702292,1.64159940239774,0.3837691090864,4.27757045455202,1.88944166696823e-05,7.73372732944412e-05,"AL079305.1","TEC","ENSG00000279032"
"ENSG00000279044.1",3.1614967764849,-1.07694719372629,0.17212915846399,-6.25662266251999,3.93403706420759e-10,3.67456378053668e-09,"AC007787.2","TEC","ENSG00000279044"
"ENSG00000279128.1",6.16324812386579,1.05815889571351,0.187023418389164,5.65789517070881,1.53240681551381e-08,1.09573272875534e-07,"AC078925.2","TEC","ENSG00000279128"
"ENSG00000279136.1",4.45357091662902,1.01019307974948,0.268558186907639,3.76154267118618,0.000168868604344087,0.000568847750871529,"AL031258.1","TEC","ENSG00000279136"
"ENSG00000279146.1",0.369128206162287,1.11242013404812,0.484671240945215,2.29520557456362,0.0217213458764617,0.0433905076997783,"AC063926.2","TEC","ENSG00000279146"
"ENSG00000279160.1",2.3806157991169,-1.96562167605465,0.232729135143016,-8.44596304990668,3.01549069334158e-17,8.0935531830577e-16,"AC009336.2","TEC","ENSG00000279160"
"ENSG00000279197.1",4.46299721044922,1.38777343212757,0.218018835679702,6.36538319178252,1.94802777698145e-10,1.93063721035163e-09,"AC010608.2","TEC","ENSG00000279197"
"ENSG00000279220.4",2.61586028241536,3.58953810880524,0.495004145721832,7.25153140600642,4.12085443846691e-13,6.17037752247178e-12,"GPR1-AS","lncRNA","ENSG00000279220"
"ENSG00000279243.3",0.715927386381364,1.13861117221399,0.271562382437455,4.19281625825413,2.75512592600547e-05,0.000108919169030896,"LINC02736","lncRNA","ENSG00000279243"
"ENSG00000279271.1",0.587838794781177,1.11021293185895,0.31711435337313,3.50098606401656,0.000463540082779507,0.00141701782658204,"AP006248.2","TEC","ENSG00000279271"
"ENSG00000279288.1",1.82680580170961,-1.01321971146621,0.176178816771939,-5.75108704911904,8.86714413298007e-09,6.62203672856603e-08,"AC073346.2","TEC","ENSG00000279288"
"ENSG00000279300.1",0.991865767378245,1.08918852854206,0.417503907717593,2.60881038095291,0.00908575731740269,0.0202464913907371,"AC008761.3","TEC","ENSG00000279300"
"ENSG00000279332.1",42.8673021588596,1.04764197550632,0.105304198235491,9.94871992817879,2.55447762734107e-23,1.50618063633512e-21,"AC090772.4","TEC","ENSG00000279332"
"ENSG00000279379.1",2.28816229898226,1.74640279297945,0.480330716834626,3.63583408633165,0.000277082633381701,0.000890313701251628,"AC024595.1","TEC","ENSG00000279379"
"ENSG00000279421.1",1.40030305664968,1.93817124323504,0.241188898553735,8.03590569407253,9.28901713317954e-16,2.01954335676165e-14,"AC067863.2","TEC","ENSG00000279421"
"ENSG00000279501.1",1.93056342629199,1.08484066568435,0.428032825231243,2.53448007193904,0.0112614332213104,0.0244641201672007,"CR392039.3","lncRNA","ENSG00000279501"
"ENSG00000279617.1",3.77878669302946,1.5455022734517,0.244041993822697,6.33293577569503,2.40539707857856e-10,2.34345033889351e-09,"AC005796.1","TEC","ENSG00000279617"
"ENSG00000279692.1",17.0829961763964,1.07847844200796,0.126191725625348,8.5463483177167,1.2704421117626e-17,3.58211923595458e-16,"AC110285.6","TEC","ENSG00000279692"
"ENSG00000279712.1",4.03643905768713,1.8940320871846,0.312539014627493,6.06014608909561,1.35997971712872e-09,1.16357945432539e-08,"FP325330.3","lncRNA","ENSG00000279712"
"ENSG00000279770.1",1.66791468708758,1.19795435344414,0.287500060507218,4.16679687416646,3.08909520464743e-05,0.00012104155214748,"LINC00552","TEC","ENSG00000279770"
"ENSG00000279774.1",1.27016774792137,-1.46671421868606,0.305704839783847,-4.79781157446877,1.60408568892978e-06,8.08452043840501e-06,"AL590483.3","TEC","ENSG00000279774"
"ENSG00000279841.1",14.2825343464086,1.38521931725159,0.15042763716386,9.20854268117419,3.30582447258594e-20,1.29883516380491e-18,"AC092135.3","TEC","ENSG00000279841"
"ENSG00000279844.1",4.98232372982041,1.51734140112378,0.389303986151114,3.89757478757179,9.71608217707325e-05,0.000345068284641297,"AC096656.1","TEC","ENSG00000279844"
"ENSG00000279864.2",0.704075453429622,1.23130462733728,0.47963721770683,2.56715822267549,0.0102535813994286,0.0225014363329161,"NCOR1P4","transcribed_processed_pseudogene","ENSG00000279864"
"ENSG00000279903.1",1.61718017866329,1.44191145684436,0.238723843769548,6.04008143500031,1.54036466001612e-09,1.30748077797993e-08,"SLC7A2-IT1","TEC","ENSG00000279903"
"ENSG00000279905.1",3.30076269097979,1.75271715598289,0.261176453834435,6.71085440609426,1.93488093364657e-11,2.22691677625882e-10,"AC063926.3","TEC","ENSG00000279905"
"ENSG00000279930.1",38.574986741682,1.63697094353024,0.188860744968389,8.66760820944677,4.41292179938376e-18,1.32665859218093e-16,"AL032819.2","TEC","ENSG00000279930"
"ENSG00000279932.1",0.654435171292984,1.4808819024144,0.307230326390054,4.82010327500774,1.43483923641779e-06,7.29742291965673e-06,"AP006248.3","lncRNA","ENSG00000279932"
"ENSG00000279949.1",5.47812158101142,1.18792479339218,0.162543486723028,7.30835062875444,2.70441347720462e-13,4.16897155890078e-12,"AC022784.6","lncRNA","ENSG00000279949"
"ENSG00000279952.1",0.347541126427276,1.6079157660767,0.717225931054816,2.24185392141631,0.024970814941211,0.0489332272287031,"AC068787.1","TEC","ENSG00000279952"
"ENSG00000279993.1",5.87201835132264,1.28032766320456,0.194258072595445,6.59085949993402,4.37287566177598e-11,4.76976591714961e-10,"AC078925.3","TEC","ENSG00000279993"
"ENSG00000280068.1",2.32709442587895,2.81631591557044,0.30738997241639,9.16202924067889,5.09304347761331e-20,1.94112133216463e-18,"AC138965.2","TEC","ENSG00000280068"
"ENSG00000280081.4",20.0870933846427,1.01501957252794,0.432677668769611,2.34590237904885,0.0189810781534893,0.0385785726433011,"LINC01667","transcribed_processed_pseudogene","ENSG00000280081"
"ENSG00000280109.3",71.2250525107789,2.99561619076367,0.212314008066167,14.1093666783875,3.32551064710287e-45,1.55737103787256e-42,"PLAC4","lncRNA","ENSG00000280109"
"ENSG00000280147.1",2.49401042055792,2.15333968410196,0.292846413675708,7.35313660520537,1.93608887645369e-13,3.04917159232133e-12,"AC084026.3","TEC","ENSG00000280147"
"ENSG00000280165.1",5.63652164126763,-1.11217165404372,0.18566574345859,-5.99018232079939,2.09605925764644e-09,1.73049123271102e-08,"PCDH20","protein_coding","ENSG00000280165"
"ENSG00000280179.1",4.89038260214175,1.52946066052975,0.192687320393546,7.93752623372397,2.06253430619383e-15,4.27435581064371e-14,"CU639417.5","lncRNA","ENSG00000280179"
"ENSG00000280190.1",0.550254535630162,1.06413379207194,0.276358311742364,3.85055830368505,0.000117848870293523,0.000410764012750922,"AC027279.4","TEC","ENSG00000280190"
"ENSG00000280217.1",19.6879223232984,1.38738539468631,0.263143212825292,5.27235865136083,1.34681557101618e-07,8.16202689423058e-07,"AC126564.1","TEC","ENSG00000280217"
"ENSG00000280229.1",6.86619507805958,4.42003180062402,0.496947746366373,8.89435928212334,5.8757311242599e-19,1.98010680889761e-17,"AL161658.1","TEC","ENSG00000280229"
"ENSG00000280322.1",0.357166616950242,1.57254144416958,0.542053292248623,2.90108272868548,0.0037187568635827,0.00916984269763058,"AL035425.4","TEC","ENSG00000280322"
"ENSG00000280414.1",1.32917846407959,2.46026583701395,0.42031768664901,5.85334834855144,4.81773556559918e-09,3.75528984406366e-08,"AC018470.1","TEC","ENSG00000280414"
"ENSG00000280441.3",1.24813281104807,1.11796252866183,0.368832577238052,3.03108401387299,0.00243677434960893,0.00628006182086892,"FP236383.3","lncRNA","ENSG00000280441"
"ENSG00000280587.1",108.223811066749,1.18026691893437,0.135343953146663,8.72049981911935,2.76976389591257e-18,8.52329987999743e-17,"LINC01348","lncRNA","ENSG00000280587"
"ENSG00000280725.2",2.49197832749087,-1.10361285555608,0.315350158446914,-3.49964262263676,0.000465882302403749,0.00142385737355307,"LINC00251","lncRNA","ENSG00000280725"
"ENSG00000280776.2",3.76148622811773,1.76045147717686,0.546910935968379,3.21889975386896,0.00128683463918871,0.00354876835687463,"LINC01202","lncRNA","ENSG00000280776"
"ENSG00000280832.1",225.086245854358,1.18760912637132,0.0852922126275202,13.924004194354,4.52808474641621e-44,1.96263571088549e-41,"GSEC","lncRNA","ENSG00000280832"
"ENSG00000280837.1",2.85193060665936,3.05229463416821,0.518378163296415,5.8881620606053,3.90514090211473e-09,3.09186078070075e-08,"CPS1-IT1","lncRNA","ENSG00000280837"
"ENSG00000280890.1",2.8857515133973,1.09682538177095,0.215458987517759,5.09064576236602,3.56846132777079e-07,2.02070632213156e-06,"ELDR","lncRNA","ENSG00000280890"
"ENSG00000280953.2",5.22093855526989,1.24930997391774,0.249576943847043,5.00571068248754,5.56563000639503e-07,3.04867522654682e-06,"LINC01163","lncRNA","ENSG00000280953"
"ENSG00000280989.2",1.12034349407247,1.29057508160988,0.292242356052203,4.41611236318991,1.00491861519217e-05,4.3413634968481e-05,"LINC00581","lncRNA","ENSG00000280989"
"ENSG00000281186.1",3.76040065878862,2.08393487784111,0.243117295869315,8.57172613075337,1.01945298944067e-17,2.92298192461514e-16,"LINC00706","lncRNA","ENSG00000281186"
"ENSG00000281566.3",9.37803940435541,1.9705662640537,0.544060394324083,3.62196234942235,0.000292376682506061,0.000933858825285704,"AL157778.1","lncRNA","ENSG00000281566"
"ENSG00000281732.1",1.65819619498922,1.85839414561042,0.337615807632356,5.5044642567036,3.70292575988256e-08,2.46879895655204e-07,"Z84468.1","lncRNA","ENSG00000281732"
"ENSG00000281832.1",1.76022794710136,2.67427246169587,0.396257517832064,6.7488245430065,1.49047695744485e-11,1.74551602981246e-10,"LINC00602","lncRNA","ENSG00000281832"
"ENSG00000282021.1",12.2627358925856,1.23064872084045,0.142126242838979,8.6588422817502,4.76579681386755e-18,1.42669257595449e-16,"AC100810.3","lncRNA","ENSG00000282021"
"ENSG00000282390.1",0.662315989954456,1.54229513733858,0.364865598623148,4.22702261643347,2.36803874044383e-05,9.51676883033174e-05,"AL392083.1","lncRNA","ENSG00000282390"
"ENSG00000282440.1",5.08435609057578,1.22713914398858,0.166787680069405,7.35749273254434,1.87396605982276e-13,2.95819446630603e-12,"AC074099.1","lncRNA","ENSG00000282440"
"ENSG00000282499.1",3.60843879868916,-1.0402265657875,0.148804136495042,-6.99057560017602,2.7376072796889e-12,3.6038233730651e-11,"TRBV25-1","TR_V_gene","ENSG00000282499"
"ENSG00000282718.1",0.830467202094556,1.87901214287741,0.347138857343089,5.4128545483467,6.20278742708716e-08,3.97921851900192e-07,"AC104333.4","lncRNA","ENSG00000282718"
"ENSG00000282793.1",3.84741519259335,2.114767291203,0.217030718418754,9.74409201891236,1.95518857180868e-22,1.01997756698081e-20,"AC090164.4","lncRNA","ENSG00000282793"
"ENSG00000282836.1",0.570100079206023,1.38733402628726,0.264872840656347,5.23773605043646,1.62558320179287e-07,9.70704036210564e-07,"AC068544.2","lncRNA","ENSG00000282836"
"ENSG00000282842.1",21.5406987876512,-3.20744776563269,0.47728797417734,-6.7201520657651,1.81535009919291e-11,2.09823571890544e-10,"FRG2EP","unprocessed_pseudogene","ENSG00000282842"
"ENSG00000282859.1",0.795743801401591,1.19209552211498,0.251075520786657,4.7479559870272,2.05482736364511e-06,1.01404834395582e-05,"AC003992.1","lncRNA","ENSG00000282859"
"ENSG00000282946.1",0.351821821301089,1.63157671494338,0.689826409084534,2.3651989739109,0.0180203863543591,0.0368854358822232,"AC018558.5","processed_pseudogene","ENSG00000282946"
"ENSG00000282964.1",0.546758615523922,1.33797872929226,0.385073170852461,3.47460906281859,0.000511598346138942,0.0015474425699138,"AC026108.1","lncRNA","ENSG00000282964"
"ENSG00000282998.1",0.327641973544765,1.08186669445636,0.365906929333466,2.95667178653075,0.00310978947625629,0.00780669328922896,"AC009975.2","lncRNA","ENSG00000282998"
"ENSG00000283020.1",4.59821007009403,1.21846309724063,0.230766727393319,5.28006403264488,1.29138747674252e-07,7.84595883759625e-07,"DUX4L37","unprocessed_pseudogene","ENSG00000283020"
"ENSG00000283047.1",11.0507380016435,1.54754516576955,0.239222427812108,6.46906387466744,9.86119084423404e-11,1.01973222986454e-09,"FRG1FP","unprocessed_pseudogene","ENSG00000283047"
"ENSG00000283069.1",0.825614090886675,1.23021983560394,0.309875988496164,3.97003924561637,7.18607942664176e-05,0.000261716665843984,"DUX4L32","unprocessed_pseudogene","ENSG00000283069"
"ENSG00000283117.1",1.32112568945113,1.86149916470383,0.759294577411781,2.45161656632548,0.0142216115423904,0.0299928111740572,"MGC4859","lncRNA","ENSG00000283117"
"ENSG00000283178.1",6.52672956600066,-1.16259296290454,0.251972297685063,-4.61397135155566,3.95046901046764e-06,1.84411043645146e-05,"BX119927.1","unprocessed_pseudogene","ENSG00000283178"
"ENSG00000283183.2",0.648615874035852,1.60871819605258,0.431689612388793,3.72656221017363,0.000194109179395676,0.000645599207846369,"AC116565.1","lncRNA","ENSG00000283183"
"ENSG00000283273.1",2.87949287261637,1.84046728720329,0.290963409398364,6.32542521758625,2.52536186768259e-10,2.45094851298218e-09,"AC138649.5","unprocessed_pseudogene","ENSG00000283273"
"ENSG00000283303.1",0.85180772338485,2.16509275732788,0.624697340673593,3.46582675539058,0.000528603771343033,0.0015940273448175,"AC073869.3","lncRNA","ENSG00000283303"
"ENSG00000283361.2",12.245187241914,-1.05121281159716,0.22945150361627,-4.58141609459745,4.61837899173017e-06,2.12906330912041e-05,"CFAP97D2","protein_coding","ENSG00000283361"
"ENSG00000283423.1",1.71551261537015,-1.03751781480267,0.262271745529582,-3.95588862501259,7.62506814017118e-05,0.000276616642538505,"AC109462.3","lncRNA","ENSG00000283423"
"ENSG00000283428.1",0.48706455680197,1.55335940284225,0.408403868753696,3.80348846249315,0.000142672641360138,0.000488521004028581,"CCDC195","protein_coding","ENSG00000283428"
"ENSG00000283453.2",91.3631927510785,-3.34412357219468,0.241420024581625,-13.8518897841634,1.23908743735843e-43,5.15144280207087e-41,"AC244258.1","transcribed_unprocessed_pseudogene","ENSG00000283453"
"ENSG00000283462.2",0.506038869776883,1.84650906572283,0.426739283671703,4.32701918097462,1.51140804478548e-05,6.30612370391141e-05,"AC008505.1","lncRNA","ENSG00000283462"
"ENSG00000283544.1",9.82156944205352,-2.07414697164398,0.258326441786338,-8.02917021308838,9.81341277489598e-16,2.12448393564074e-14,"ABBA01000935.2","unprocessed_pseudogene","ENSG00000283544"
"ENSG00000283554.1",15.0816331126214,1.5809479905268,0.166939056859413,9.47021038856224,2.79280615483314e-21,1.25870908369875e-19,"LINC02341","lncRNA","ENSG00000283554"
"ENSG00000283573.1",0.849575840683635,1.24519211959895,0.243024197024683,5.12373720330607,2.99538398041525e-07,1.7171933236817e-06,"AL157371.2","lncRNA","ENSG00000283573"
"ENSG00000283582.1",0.472502891552288,-1.09409981651002,0.262668768473567,-4.16532130130318,3.10914377267625e-05,0.000121768571306497,"SULT6B2P","unitary_pseudogene","ENSG00000283582"
"ENSG00000283599.2",8.4961765671114,3.52457039999378,0.327383768146426,10.7658678985495,4.98892471495036e-27,4.4284043499177e-25,"BX276092.9","protein_coding","ENSG00000283599"
"ENSG00000283631.1",33.0934490343908,-1.55777954030544,0.270955382092159,-5.74921054631643,8.96611083238562e-09,6.6918163334656e-08,"AL928596.1","lncRNA","ENSG00000283631"
"ENSG00000283638.2",0.567096734614659,1.51638008399527,0.293548184330261,5.16569396419515,2.39548465337176e-07,1.39507191584228e-06,"AC002407.1","lncRNA","ENSG00000283638"
"ENSG00000283654.3",9.30803243290098,1.57347651774596,0.241443235490077,6.51696252558969,7.17453405350397e-11,7.55914251207428e-10,"LMLN2","protein_coding","ENSG00000283654"
"ENSG00000283740.1",0.766121592471281,2.57862529914082,0.575773192668821,4.47854351674205,7.51540511949746e-06,3.32068268933613e-05,"TAF11L11","protein_coding","ENSG00000283740"
"ENSG00000283769.1",1.70715235759407,-1.05352765066992,0.270481052811595,-3.89501460349518,9.81928136343022e-05,0.00034830835851492,"CR392000.2","lncRNA","ENSG00000283769"
"ENSG00000283973.2",2.25529171140587,1.28050562832279,0.183426468410562,6.981029724983,2.93024300530188e-12,3.84251338155824e-11,"AC099795.1","lncRNA","ENSG00000283973"
"ENSG00000283991.1",0.902792815116188,1.09616248997784,0.266729967114672,4.10963380618787,3.96287038359366e-05,0.000152033171411258,"AC017000.1","lncRNA","ENSG00000283991"
"ENSG00000284059.1",2.99612703366697,2.49343650535775,0.310501647449081,8.0303487142259,9.71960021994377e-16,2.10641314766579e-14,"MIR5572","miRNA","ENSG00000284059"
"ENSG00000284095.1",2.1970874961195,1.00925936388617,0.190231545771967,5.3054258681995,1.1241024508412e-07,6.90779430658333e-07,"AC055733.4","TEC","ENSG00000284095"
"ENSG00000284377.1",0.812922879406045,1.09730951287584,0.312700014634666,3.50914442443455,0.000449550719705965,0.00137823770680473,"AL589669.1","lncRNA","ENSG00000284377"
"ENSG00000284395.2",21.3080030358589,2.50916188636995,0.233689479984986,10.7371623512156,6.81055843608255e-27,5.98022806813171e-25,"PERCC1","protein_coding","ENSG00000284395"
"ENSG00000284485.1",1.25482101604431,1.45884440282927,0.370880100191336,3.93346637384065,8.37295569315716e-05,0.000301200188774768,"MIR205","miRNA","ENSG00000284485"
"ENSG00000284622.2",0.937773762102237,2.16410421355243,0.330744353379359,6.54313275930741,6.02433051007652e-11,6.42369269751498e-10,"SCYGR10","polymorphic_pseudogene","ENSG00000284622"
"ENSG00000284638.1",4.43659920378193,1.2925358935098,0.240096375493111,5.38340443855172,7.3090058775612e-08,4.63848639360554e-07,"AC005551.1","protein_coding","ENSG00000284638"
"ENSG00000284668.2",1.53692440070536,1.44958092792543,0.626905605462772,2.31227941701905,0.0207622902185514,0.0416931378048736,"LINC02780","lncRNA","ENSG00000284668"
"ENSG00000284670.1",13.8306739759989,1.82349477979261,0.186132088320442,9.79677817106587,1.16233983588484e-22,6.32272522476048e-21,"AC092128.1","translated_processed_pseudogene","ENSG00000284670"
"ENSG00000284685.1",2.37124770294203,-1.05855650945221,0.151832777293222,-6.97185764710023,3.12782970246954e-12,4.08060088273187e-11,"AC009093.10","lncRNA","ENSG00000284685"
"ENSG00000284713.1",15.7988574832519,1.56725371157164,0.150895187573999,10.3863730631108,2.86023665433345e-25,2.09594643898395e-23,"SMIM38","protein_coding","ENSG00000284713"
"ENSG00000284820.1",2.21715226139805,1.24641315991817,0.157564325467445,7.91050357509824,2.56349813958033e-15,5.24320304723501e-14,"AC068946.2","protein_coding","ENSG00000284820"
"ENSG00000284825.1",2.5455584540464,-1.03381441256078,0.159778652568826,-6.47029121813036,9.78142180059055e-11,1.01276866180803e-09,"AL121935.1","lncRNA","ENSG00000284825"
"ENSG00000284848.2",2.81824205020572,-2.27568577977509,0.451939720999959,-5.03537457327256,4.76915323689956e-07,2.63948267617096e-06,"LINC02359","lncRNA","ENSG00000284848"
"ENSG00000284914.1",3.38903261568824,-1.11724799612306,0.139316932302217,-8.01947026582125,1.06202173119486e-15,2.28639502893407e-14,"AL121935.2","lncRNA","ENSG00000284914"
"ENSG00000285051.2",3.81453347168928,1.61974841934618,0.202266938723179,8.00797416310806,1.16613395213464e-15,2.49930539778126e-14,"SLC7A14-AS1","lncRNA","ENSG00000285051"
"ENSG00000285108.1",136.054573917488,1.24788536178706,0.182703167949755,6.83012438038428,8.48410412017291e-12,1.03400494815497e-10,"AC103718.1","lncRNA","ENSG00000285108"
"ENSG00000285201.1",0.79947913122322,1.11939590240112,0.425046182139433,2.63358653586004,0.00844883029185154,0.0189857532723461,"AC104454.2","lncRNA","ENSG00000285201"
"ENSG00000285212.1",1.60420147299509,1.02734912666493,0.206201859431434,4.98224957571996,6.28493000887858e-07,3.40469223975189e-06,"AL009178.3","lncRNA","ENSG00000285212"
"ENSG00000285407.1",19.8775650429888,1.95325108015141,0.362435655694251,5.38923543934972,7.07580587100078e-08,4.49890072725007e-07,"AL033530.1","lncRNA","ENSG00000285407"
"ENSG00000285417.1",84.936725214676,-1.40210320384166,0.132572064525118,-10.5761587772212,3.84395935474127e-26,3.04697346284481e-24,"BX571818.1","transcribed_unitary_pseudogene","ENSG00000285417"
"ENSG00000285473.1",0.541306554395241,1.13968145044867,0.494558846686002,2.30444052934365,0.0211979271071481,0.0424594240266719,"AL691520.1","lncRNA","ENSG00000285473"
"ENSG00000285476.1",11.1394015661568,-1.26714882528917,0.217941884465242,-5.81415925809001,6.09393775502949e-09,4.67404566929907e-08,"AC139491.7","protein_coding","ENSG00000285476"
"ENSG00000285492.1",23.341569639015,-1.15943976675483,0.117911744446802,-9.83311520149653,8.10713943396902e-23,4.46363759402973e-21,"AL356417.3","lncRNA","ENSG00000285492"
"ENSG00000285520.1",27.469606235933,3.26690513148819,0.291103467855711,11.2224878513212,3.16246469279136e-29,3.6397824570169e-27,"AL353586.1","lncRNA","ENSG00000285520"
"ENSG00000285534.1",18.9658847430315,2.04080412003951,0.288612696823237,7.07108225834366,1.53729972152612e-12,2.1110280604698e-11,"AL163541.1","lncRNA","ENSG00000285534"
"ENSG00000285550.1",0.883712102450597,-1.1285127592467,0.212917203488797,-5.30024225734336,1.15649122876087e-07,7.08875013290266e-07,"AC110014.1","lncRNA","ENSG00000285550"
"ENSG00000285551.2",1.85648609390755,-1.41736077078961,0.216155491928938,-6.55713513518118,5.48513046954544e-11,5.890370867704e-10,"AC067752.1","lncRNA","ENSG00000285551"
"ENSG00000285553.1",1.44757354163697,2.76879569718179,0.373585790949512,7.41140526288372,1.24968055628869e-13,2.02287385398769e-12,"AL137182.1","lncRNA","ENSG00000285553"
"ENSG00000285571.1",16.4533270031225,-1.09123682457017,0.230505775863711,-4.73409753174853,2.20031909217371e-06,1.080221722767e-05,"AL513548.4","lncRNA","ENSG00000285571"
"ENSG00000285578.1",1.20080901122552,-1.01419636882327,0.199182316603492,-5.09179924261152,3.54681542760528e-07,2.01040485485423e-06,"AL035696.4","lncRNA","ENSG00000285578"
"ENSG00000285588.1",0.725230887491516,1.85073348251855,0.519434864338342,3.56297509000676,0.000366675485535734,0.00114540054490396,"AL160254.1","lncRNA","ENSG00000285588"
"ENSG00000285591.1",5.64216300374819,1.10048657877242,0.158600119110369,6.93875001447254,3.95584415640618e-12,5.06514640051719e-11,"AC092617.1","lncRNA","ENSG00000285591"
"ENSG00000285601.1",58.0133630794513,2.89086016944436,0.194150844959916,14.8897635240331,3.84125716205026e-50,2.69835069919679e-47,"AC084262.2","lncRNA","ENSG00000285601"
"ENSG00000285614.1",2.00291311337928,1.08367251536918,0.154448605529031,7.01639559423209,2.2766488049754e-12,3.03824114841508e-11,"AC026100.1","lncRNA","ENSG00000285614"
"ENSG00000285631.1",0.817910449732628,-1.20771517913321,0.234773778189403,-5.14416553861857,2.6871251606596e-07,1.55226911131085e-06,"AC097105.1","lncRNA","ENSG00000285631"
"ENSG00000285638.1",0.900627266369914,2.6264884022594,0.724359355521189,3.62594668273401,0.000287904758317391,0.000921019438452061,"AL138927.1","lncRNA","ENSG00000285638"
"ENSG00000285711.1",9.26048294333952,1.68645192534554,0.547778341323308,3.07871231504234,0.00207897332773095,0.00545489504712404,"LINC02835","lncRNA","ENSG00000285711"
"ENSG00000285715.1",16.1602805848207,1.39127521239425,0.14604089782638,9.52661366166252,1.62497436989147e-21,7.54058436816495e-20,"AC063960.1","lncRNA","ENSG00000285715"
"ENSG00000285722.1",20.0676376443864,3.37406787946563,0.344923441935685,9.78207761273231,1.3442241238244e-22,7.25400310953344e-21,"AC207130.1","lncRNA","ENSG00000285722"
"ENSG00000285742.1",0.655314599311351,1.30701357958319,0.582834581277132,2.24251206357593,0.0249282965213656,0.0488576864137964,"AL445604.1","lncRNA","ENSG00000285742"
"ENSG00000285759.1",1.13879914650481,1.01913946782474,0.221337796558054,4.60445293877962,4.13551519468207e-06,1.92387868893505e-05,"AL138885.3","lncRNA","ENSG00000285759"
"ENSG00000285763.1",41.7988176462765,1.08573821764082,0.11977576622918,9.06475701907316,1.24882277769239e-19,4.55105424253319e-18,"AL358777.3","lncRNA","ENSG00000285763"
"ENSG00000285771.1",3.21433291644017,1.31418294152812,0.165163169831489,7.95687648080951,1.76436690846074e-15,3.68266398316681e-14,"AL139095.5","lncRNA","ENSG00000285771"
"ENSG00000285774.3",2.79183171590846,-1.09539499129525,0.146707382178969,-7.46652946174837,8.23375449034159e-14,1.37037524183001e-12,"AL133444.1","lncRNA","ENSG00000285774"
"ENSG00000285788.1",1.00349600163706,-1.05018529820687,0.207610854950002,-5.05843154713553,4.22718937975851e-07,2.36252917557615e-06,"AC099782.1","lncRNA","ENSG00000285788"
"ENSG00000285792.1",0.894474935223331,1.63229690294028,0.245472568261387,6.64961023751608,2.93870177277347e-11,3.28571696838939e-10,"AC040169.4","lncRNA","ENSG00000285792"
"ENSG00000285820.1",18.7702185209275,1.89472666195639,0.251400815418093,7.53667667626838,4.82099659730882e-14,8.25301951109887e-13,"AL157829.1","lncRNA","ENSG00000285820"
"ENSG00000285822.1",2.15837631145098,2.21402777600838,0.68392210076193,3.2372513968211,0.00120687042124051,0.00335275614159293,"AC129926.2","lncRNA","ENSG00000285822"
"ENSG00000285876.1",2.54738859829944,2.12921266026387,0.440988668128037,4.82827068845604,1.37723803875343e-06,7.04315418764041e-06,"AC093912.1","lncRNA","ENSG00000285876"
"ENSG00000285894.2",10.2928643424576,1.73760116182768,0.685317062440403,2.53547045164776,0.0112296401782579,0.0244002575746767,"AL136372.2","lncRNA","ENSG00000285894"
"ENSG00000285899.1",0.522524360322641,1.58382687845739,0.587309414853389,2.69675036429097,0.00700197396619779,0.0160649524329765,"AL023574.1","lncRNA","ENSG00000285899"
"ENSG00000285930.1",5.69575972536304,-1.67837053990186,0.281965398914453,-5.95239893392405,2.64240312075805e-09,2.1518974684998e-08,"AC015813.8","lncRNA","ENSG00000285930"
"ENSG00000285958.1",0.804651043224031,2.29340789873106,0.323588072910783,7.08743025693467,1.36625115429851e-12,1.88951699862811e-11,"AC073174.1","lncRNA","ENSG00000285958"
"ENSG00000285971.1",0.933039736740298,1.01608874076605,0.358858996596448,2.83144285193631,0.00463385134238936,0.0111450416318164,"AC023095.1","lncRNA","ENSG00000285971"
"ENSG00000285984.1",2.12664470505979,1.1345655052905,0.212894101185535,5.32924819885799,9.86201461612822e-08,6.11952576157344e-07,"AC009301.1","lncRNA","ENSG00000285984"
"ENSG00000286009.2",7.73816796937516,1.07025151536943,0.30420284596877,3.51821664245474,0.000434457521856157,0.00133684033026096,"AC244213.1","lncRNA","ENSG00000286009"
"ENSG00000286010.1",11.2118303259761,2.21964183344454,0.202364292618401,10.968544918298,5.41365742376793e-28,5.34997626318028e-26,"AC108925.1","lncRNA","ENSG00000286010"
"ENSG00000286016.1",1.52652302736076,2.05281497539872,0.362917061992549,5.65643005078903,1.54553924701264e-08,1.10454140573647e-07,"AC079949.3","lncRNA","ENSG00000286016"
"ENSG00000286021.2",1.16204738300029,2.49002249639592,0.409666849840873,6.07816448258656,1.21566025329579e-09,1.04846836790919e-08,"LINC02822","lncRNA","ENSG00000286021"
"ENSG00000286028.1",9.62853141868158,-1.29536932852324,0.274663983273424,-4.71619654344604,2.40294320480906e-06,1.17094982649845e-05,"AP002008.4","lncRNA","ENSG00000286028"
"ENSG00000286042.1",1500.62721353583,1.28994387436069,0.211538559368991,6.09791367686594,1.07461747026611e-09,9.3573711457688e-09,"LCAL1","lncRNA","ENSG00000286042"
"ENSG00000286048.1",7.85247753673219,-1.15519261513687,0.153012247525532,-7.5496741850296,4.36348450927582e-14,7.53630561091245e-13,"AC008966.3","lncRNA","ENSG00000286048"
"ENSG00000286051.1",14.6028213067933,1.40298425749983,0.449737750787201,3.11956079969739,0.00181120877379505,0.00482692824900129,"AC244102.3","lncRNA","ENSG00000286051"
"ENSG00000286058.1",29.0125022014046,1.13959472236197,0.362620318618048,3.14266648571978,0.00167416475678925,0.00449670345348173,"AC018865.2","lncRNA","ENSG00000286058"
"ENSG00000286076.1",0.541921505315729,1.12716245875843,0.29321514069281,3.84414821177092,0.000120971881358281,0.000420363101252065,"AC005050.3","lncRNA","ENSG00000286076"
"ENSG00000286081.1",5.56759068063186,2.39021570463743,0.257464603599556,9.28366723510862,1.63743532224902e-20,6.72520436838625e-19,"AC016682.1","lncRNA","ENSG00000286081"
"ENSG00000286085.1",0.787864090387274,-1.64535959412809,0.392970278799425,-4.18698228058081,2.8268788560248e-05,0.000111528541910544,"AL109653.3","lncRNA","ENSG00000286085"
"ENSG00000286099.1",12.6635531366096,1.30426965279886,0.468464861083549,2.78413550545095,0.00536706066443117,0.0127133809680767,"AL390800.1","lncRNA","ENSG00000286099"
"ENSG00000286101.1",4.07602566718269,1.32454176470123,0.299385898455661,4.42419556677082,9.68023014593483e-06,4.196208286369e-05,"AC093894.2","lncRNA","ENSG00000286101"
"ENSG00000286123.1",5.33073908189361,1.26127597316001,0.404445066353504,3.11853469874595,0.00181752739495474,0.00484218391765129,"AL049828.2","lncRNA","ENSG00000286123"
"ENSG00000286153.1",22.4231007136379,1.66361287148088,0.145216854931902,11.4560590935605,2.19266588806411e-30,2.80930145526402e-28,"AP000331.1","lncRNA","ENSG00000286153"
"ENSG00000286171.1",0.428112892848565,1.14170724603444,0.358716906463415,3.18275282113272,0.00145882093629361,0.00397277865165501,"AC073140.1","lncRNA","ENSG00000286171"
"ENSG00000286172.1",0.892059683396239,1.48937070037546,0.268483854822665,5.5473380377349,2.90051630550817e-08,1.97883013789885e-07,"RNVU1-8","snRNA","ENSG00000286172"
"ENSG00000286187.1",0.532961049138274,-1.13733416282043,0.465962835275971,-2.44082591296542,0.0146537168212209,0.030798884934073,"AC024236.1","lncRNA","ENSG00000286187"
"ENSG00000286191.1",18.8420898562723,-2.61318537309472,0.222616315678426,-11.7385168518804,8.08925889909685e-32,1.18554199757519e-29,"AL158195.1","lncRNA","ENSG00000286191"
"ENSG00000286208.1",1.33869110980202,1.62533833304518,0.547080139448692,2.97093280462178,0.00296896733687093,0.00748682528972781,"AC093838.1","lncRNA","ENSG00000286208"
"ENSG00000286256.2",16.5066240266152,-1.09998007441944,0.127877788492568,-8.60180714247628,7.84705759110319e-18,2.27553499953251e-16,"AC084871.3","lncRNA","ENSG00000286256"
"ENSG00000286266.1",0.57023640752121,1.69772175685515,0.391732634905302,4.3338787876725,1.46504861018816e-05,6.13027375217173e-05,"AC104370.1","lncRNA","ENSG00000286266"
"ENSG00000286290.1",0.862768300997621,2.27683120593537,0.619998486361764,3.67231736208926,0.000240360924805336,0.000782128037644264,"AC011593.1","lncRNA","ENSG00000286290"
"ENSG00000286318.1",0.394143638780136,1.59288588237867,0.66438547944226,2.39753265486156,0.0165059096540598,0.0341717620444796,"AC096576.7","lncRNA","ENSG00000286318"
"ENSG00000286321.1",1.63970732679877,2.30501029907433,0.301185507755711,7.65312486729576,1.96153273163442e-14,3.55036553020795e-13,"AC093791.2","lncRNA","ENSG00000286321"
"ENSG00000286330.1",19.6253098888084,-1.14736788364109,0.176733727627254,-6.49207086301594,8.46644150827674e-11,8.83350131553698e-10,"AL353660.1","lncRNA","ENSG00000286330"
"ENSG00000286347.1",0.981054369703829,1.08771460501518,0.228828530908432,4.75340465936233,2.00019447321919e-06,9.89244032803708e-06,"AC114802.1","lncRNA","ENSG00000286347"
"ENSG00000286355.1",15.2079301952891,1.07102228100413,0.257233807563714,4.16361399439632,3.13249519564264e-05,0.00012257707621597,"AL355834.2","lncRNA","ENSG00000286355"
"ENSG00000286361.1",1.20615835033217,-1.26154412382022,0.237506859589439,-5.31161131935708,1.08660163290229e-07,6.69359091765016e-07,"AC092944.3","lncRNA","ENSG00000286361"
"ENSG00000286368.1",1.07298711276746,1.44011280517741,0.311140796623057,4.62849237646609,3.68337420762522e-06,1.72948019395147e-05,"AL031767.2","lncRNA","ENSG00000286368"
"ENSG00000286370.1",1.11542958925001,1.57272214315556,0.412264963039843,3.81483338181121,0.000136274849456584,0.000468583525310963,"AC064856.1","lncRNA","ENSG00000286370"
"ENSG00000286374.1",1.5578777195631,1.33344314462564,0.320117101164036,4.1654855044509,3.10690665012618e-05,0.000121692652995665,"AP001999.3","lncRNA","ENSG00000286374"
"ENSG00000286383.1",1.74476588429363,2.33525268695358,0.387423928914936,6.02764184828222,1.66369216713243e-09,1.40078135907164e-08,"AC096645.1","lncRNA","ENSG00000286383"
"ENSG00000286385.1",1.93105659427152,1.67065326619403,0.509380261811459,3.27977621326128,0.00103889458132619,0.00293168596252755,"AL445255.1","lncRNA","ENSG00000286385"
"ENSG00000286391.1",1.05622419229788,1.48218368601729,0.339615760012974,4.36429595010747,1.27532826413082e-05,5.40412890956649e-05,"AL592078.2","lncRNA","ENSG00000286391"
"ENSG00000286403.1",69.3303951084737,1.90852124637486,0.226316323507555,8.43298095690013,3.36969554106535e-17,8.97330100847226e-16,"AC010378.1","lncRNA","ENSG00000286403"
"ENSG00000286418.1",0.444471557614748,1.56563373899718,0.512963268396098,3.05213615760931,0.00227219007780447,0.0059067083736354,"AC018716.2","lncRNA","ENSG00000286418"
"ENSG00000286426.1",3.03999585828535,1.63128694483183,0.318116557672383,5.12795359275778,2.92908618271182e-07,1.68202619227946e-06,"AC090936.1","lncRNA","ENSG00000286426"
"ENSG00000286452.1",2.07527386072281,-3.27879809406699,0.360789363238031,-9.08784578525338,1.01020692821285e-19,3.71469863503394e-18,"AL355596.2","lncRNA","ENSG00000286452"
"ENSG00000286456.1",16.0266576754161,1.59486238895166,0.287683264788041,5.54381357611026,2.95953929200945e-08,2.0160593441622e-07,"AC016769.5","lncRNA","ENSG00000286456"
"ENSG00000286473.1",0.721387651016534,1.08557179005963,0.277854115896431,3.90698473750256,9.34550543120425e-05,0.000333243416579341,"AC133485.7","lncRNA","ENSG00000286473"
"ENSG00000286489.1",3.20035593930961,1.5019903281168,0.223460958506005,6.72148879230927,1.79877074684209e-11,2.08143472134585e-10,"AC010789.2","lncRNA","ENSG00000286489"
"ENSG00000286496.1",2.81576047629993,1.37092838797619,0.259257449877514,5.28790354384759,1.23726187075645e-07,7.54072706061784e-07,"AL359764.1","lncRNA","ENSG00000286496"
"ENSG00000286519.1",26.7917729800457,1.0404662209556,0.166633999072353,6.24402118864002,4.26462183751631e-10,3.95703683730192e-09,"AC009236.1","lncRNA","ENSG00000286519"
"ENSG00000286522.2",9.14292991143093,2.25972898604401,0.188785294637091,11.9698358412289,5.1129686053221e-33,9.01808138037395e-31,"H3C2","protein_coding","ENSG00000286522"
"ENSG00000286530.1",0.570503613475083,1.06588971782287,0.333557860273234,3.19551671470054,0.00139580697795513,0.00381929910697286,"AC108057.1","lncRNA","ENSG00000286530"
"ENSG00000286534.1",10.8629158848932,1.06169804465011,0.277546655420751,3.82529576168236,0.000130615181595708,0.000450682109057752,"AC021683.6","lncRNA","ENSG00000286534"
"ENSG00000286561.1",1.21123505864902,1.05024285036308,0.184172985250764,5.70248046385901,1.1807644777168e-08,8.60914228983818e-08,"AC011092.3","lncRNA","ENSG00000286561"
"ENSG00000286580.1",0.357461367439338,1.62844420391934,0.586910954784736,2.77460182101494,0.00552693299591176,0.0130458160623621,"AC034159.2","lncRNA","ENSG00000286580"
"ENSG00000286587.1",15.0831450539448,1.0872411490431,0.170992029198491,6.35843175930152,2.03823896372198e-10,2.01123686362133e-09,"AL133335.2","lncRNA","ENSG00000286587"
"ENSG00000286607.1",6.42080997443109,-1.70840723513522,0.184787114363634,-9.24527254521287,2.34641951749224e-20,9.40946559066796e-19,"AL135818.3","lncRNA","ENSG00000286607"
"ENSG00000286610.1",1.08077382651097,1.63636690254771,0.361065640999227,4.53204823925966,5.84145054767243e-06,2.63826870262518e-05,"AL356433.1","lncRNA","ENSG00000286610"
"ENSG00000286620.1",0.687818640718581,1.29082171641445,0.29944764299419,4.31067582802614,1.62756356054518e-05,6.75204379872644e-05,"AC239860.3","TEC","ENSG00000286620"
"ENSG00000286625.1",0.811961547068526,2.18673369997416,0.471808855712872,4.63478731587213,3.57304649055155e-06,1.6810234776506e-05,"AC113370.1","lncRNA","ENSG00000286625"
"ENSG00000286635.1",2.96916668105409,-1.18269166990934,0.471183206445531,-2.51004631262481,0.0120715328547349,0.0259870264768289,"AC006112.1","lncRNA","ENSG00000286635"
"ENSG00000286646.1",64.4236001505892,-1.35144530447985,0.103987365716357,-12.9962452185407,1.28499059798175e-38,3.66114489045948e-36,"AL121933.2","lncRNA","ENSG00000286646"
"ENSG00000286663.1",0.443549136994486,1.01861981289025,0.359320843858992,2.83484754725218,0.00458475586533996,0.0110386897660765,"AL513524.1","lncRNA","ENSG00000286663"
"ENSG00000286669.1",2.09853768610317,1.10910833985241,0.219363143378386,5.05603777722711,4.28056576597253e-07,2.38777506849697e-06,"AC008532.1","lncRNA","ENSG00000286669"
"ENSG00000286693.1",0.496184427326475,1.36745516031561,0.512008159643992,2.67076829647876,0.0075677865545369,0.0172042365579454,"AC105230.1","lncRNA","ENSG00000286693"
"ENSG00000286695.1",0.656396884346442,-1.35018346086907,0.284464564168559,-4.74640300037166,2.07065954634552e-06,1.02111936452137e-05,"AC026316.5","lncRNA","ENSG00000286695"
"ENSG00000286698.1",0.772329698617493,-1.16414821986842,0.366823749092122,-3.17359010355695,0.00150566159741161,0.00408504830947201,"AC027612.3","lncRNA","ENSG00000286698"
"ENSG00000286728.1",2.14612894141321,1.54279594340894,0.242600160657391,6.35941847370719,2.02518982385452e-10,2.00078343824696e-09,"AC009236.2","lncRNA","ENSG00000286728"
"ENSG00000286733.1",28.6396443661355,1.77513974044651,0.173932358622367,10.2059200168762,1.86544736728412e-24,1.26252362267869e-22,"LINC02348","lncRNA","ENSG00000286733"
"ENSG00000286734.1",1.06725467676957,-1.3205381250397,0.237341062033206,-5.56388394712309,2.63835442303662e-08,1.81119585944029e-07,"AC133530.1","lncRNA","ENSG00000286734"
"ENSG00000286743.1",2.8397708282627,1.89370489907656,0.237334557009672,7.9790525363712,1.47460805416617e-15,3.11618028790934e-14,"AC127540.2","lncRNA","ENSG00000286743"
"ENSG00000286751.1",7.46769756160941,2.40106021741289,0.362792435944275,6.61827529883146,3.63413774037063e-11,4.00610589707577e-10,"AC140168.1","lncRNA","ENSG00000286751"
"ENSG00000286769.1",3.65882725977164,2.28092712329339,0.538666980994228,4.23439194116453,2.29170947753722e-05,9.23004342065036e-05,"AC064869.1","lncRNA","ENSG00000286769"
"ENSG00000286772.1",1.21810271391829,1.40904465925844,0.420826384306853,3.34828022149632,0.000813147470034063,0.00235599967085748,"AC009410.1","lncRNA","ENSG00000286772"
"ENSG00000286780.1",2.70476296492753,-1.76430098477244,0.24675035713343,-7.15014561789832,8.66858939554733e-13,1.23663983803496e-11,"AL139379.1","lncRNA","ENSG00000286780"
"ENSG00000286791.1",10.4600638492294,1.07901173532863,0.237562173156343,4.54201828932807,5.57182058684454e-06,2.52601186346731e-05,"AC079949.5","lncRNA","ENSG00000286791"
"ENSG00000286796.1",5.57139341894076,-1.19035255386808,0.113162815107918,-10.5189372739879,7.0666120773907e-26,5.46328227455653e-24,"AC010883.2","lncRNA","ENSG00000286796"
"ENSG00000286812.1",2.47936260584211,2.67614899178947,0.273378077898549,9.78918650815372,1.25299906006483e-22,6.77967340029501e-21,"AP001120.5","lncRNA","ENSG00000286812"
"ENSG00000286818.1",513.020756142126,-1.02687164484142,0.240905291103247,-4.26255330523778,2.02104267054553e-05,8.22200115087732e-05,"AC008496.3","lncRNA","ENSG00000286818"
"ENSG00000286827.1",1.19357913935494,1.71209073877168,0.321809727190073,5.32019573715512,1.03655668748003e-07,6.40273334111568e-07,"AC072026.2","lncRNA","ENSG00000286827"
"ENSG00000286839.1",8.27306518796649,-1.14817268883369,0.261858744341446,-4.38470249187686,1.16144401464751e-05,4.95816360947018e-05,"AC093240.1","lncRNA","ENSG00000286839"
"ENSG00000286844.1",0.410177557128167,-1.1668674484424,0.321268138268456,-3.63206714096046,0.000281159941673416,0.000902205206237694,"AC068688.1","lncRNA","ENSG00000286844"
"ENSG00000286849.1",5.51408258154384,1.67097713407121,0.245085353431707,6.81793958991852,9.2355459935063e-12,1.11889339998046e-10,"AC009152.6","lncRNA","ENSG00000286849"
"ENSG00000286868.1",5.70365274697182,1.39270660323866,0.392917976991298,3.54452248253712,0.000393324958505897,0.00122004101898788,"AC074290.1","lncRNA","ENSG00000286868"
"ENSG00000286876.1",0.80094329017359,2.12155657110053,0.39485345636076,5.37302266682492,7.7427591330957e-08,4.89090287379408e-07,"AC069540.2","lncRNA","ENSG00000286876"
"ENSG00000286889.1",0.905659384449693,1.71997850573182,0.282189862561282,6.09511089491494,1.09361611742212e-09,9.50857905935324e-09,"AC096589.1","lncRNA","ENSG00000286889"
"ENSG00000286896.1",1.94692111117736,1.28248486720984,0.204567141823965,6.26926130841408,3.62764912685957e-10,3.41106181342348e-09,"AC112236.3","lncRNA","ENSG00000286896"
"ENSG00000286900.1",2.3862851289906,1.51391691892857,0.258499335034644,5.85656020633739,4.72552326690664e-09,3.68905910066252e-08,"AL590235.2","lncRNA","ENSG00000286900"
"ENSG00000286922.1",0.694349768779096,1.55699955396732,0.430468631557305,3.61698725487748,0.000298051973613664,0.000950272443926874,"AC068787.2","lncRNA","ENSG00000286922"
"ENSG00000286928.1",1.34618854581872,3.1281901033083,0.426710321283105,7.33094548522268,2.28534620928474e-13,3.55932188856606e-12,"AC012325.1","lncRNA","ENSG00000286928"
"ENSG00000286941.1",2.09951335915114,-1.54654168844994,0.210497674765197,-7.34707255163296,2.02594914786972e-13,3.18331068768439e-12,"AC244250.4","lncRNA","ENSG00000286941"
"ENSG00000286944.1",152.085906076004,1.91375892240557,0.258992012427045,7.38925847353943,1.47649902936607e-13,2.36745375653136e-12,"AL137018.1","lncRNA","ENSG00000286944"
"ENSG00000286954.1",1.48451596039593,-1.00242621330822,0.252982780261041,-3.96242863752964,7.41911867772213e-05,0.000269601455838774,"AL033539.2","lncRNA","ENSG00000286954"
"ENSG00000286976.1",1.21695155932952,1.85669839360884,0.393197819106159,4.72204652057734,2.33483257652247e-06,1.14007770452127e-05,"AC084335.1","lncRNA","ENSG00000286976"
"ENSG00000286980.1",0.832935746485997,1.72020048671731,0.426012951453288,4.03790654920013,5.39303276394361e-05,0.000201530160415807,"AC020584.1","lncRNA","ENSG00000286980"
"ENSG00000286984.1",7.01054121032224,1.0546585340271,0.238364414550711,4.42456369175328,9.66373907653227e-06,4.18995127375922e-05,"AC090578.3","lncRNA","ENSG00000286984"
"ENSG00000287003.1",11.7915513398367,-1.36999849745499,0.239781233657506,-5.7135351109747,1.10653030178994e-08,8.11218125275596e-08,"AC008674.1","lncRNA","ENSG00000287003"
"ENSG00000287021.1",1.47419374412344,1.46495216680391,0.27102891352252,5.40515086661477,6.4753865988699e-08,4.14105597547883e-07,"AC097462.3","lncRNA","ENSG00000287021"
"ENSG00000287023.1",4.32441232095877,-1.18052280607457,0.34105020952868,-3.46143404428929,0.000537305760112342,0.00161715657710402,"AC018978.1","lncRNA","ENSG00000287023"
"ENSG00000287038.1",3.38268323778409,1.57368998210954,0.279737611166224,5.62559312474586,1.84871637383325e-08,1.30495930733001e-07,"AL162388.2","lncRNA","ENSG00000287038"
"ENSG00000287048.1",5.46793260109473,1.66744574532572,0.202993969633702,8.21426246471553,2.1347220970394e-16,5.10755832810213e-15,"AC096589.2","lncRNA","ENSG00000287048"
"ENSG00000287056.1",8.85760255481979,2.91623294242026,0.324841837889243,8.97739331044719,2.77257309455834e-19,9.64670756546461e-18,"AL606970.5","lncRNA","ENSG00000287056"
"ENSG00000287064.1",5.49295363050461,2.29283323729318,0.236604142393102,9.69058789124574,3.30620040420901e-22,1.6838065383586e-20,"AL606500.1","lncRNA","ENSG00000287064"
"ENSG00000287088.1",4.33890427408259,1.29975205879906,0.278331298626238,4.66980201369469,3.01490160210003e-06,1.43971092328131e-05,"AP001066.1","lncRNA","ENSG00000287088"
"ENSG00000287097.1",28.4975854963659,1.11205376456843,0.198327873711026,5.60714812174488,2.05687623132105e-08,1.43917754237873e-07,"AL590550.1","lncRNA","ENSG00000287097"
"ENSG00000287112.1",0.586698187807345,1.77275574940643,0.537424712575711,3.29861226684229,0.000971640179209794,0.00276237079209718,"AC068787.3","lncRNA","ENSG00000287112"
"ENSG00000287136.1",1.34187520664037,2.24686320381862,0.350144589560046,6.41695822472022,1.39024051838089e-10,1.40517413645231e-09,"AC073578.5","lncRNA","ENSG00000287136"
"ENSG00000287149.1",0.638883365845124,-1.27569858380344,0.289207764407483,-4.41101083996494,1.02889166590829e-05,4.4355235577295e-05,"AC092640.1","lncRNA","ENSG00000287149"
"ENSG00000287160.1",0.626977772222087,1.10667002470349,0.228037548552369,4.85301667084594,1.21597464649819e-06,6.28073719856435e-06,"Z82195.3","lncRNA","ENSG00000287160"
"ENSG00000287172.1",0.569064811167882,1.71295614329074,0.482251879076115,3.55199475131622,0.000382322486718699,0.00118917208003511,"AC073091.1","lncRNA","ENSG00000287172"
"ENSG00000287176.1",1.05166428069726,2.2816397186442,0.562044953282258,4.05953243654225,4.91710773152317e-05,0.000185274873120733,"AC099517.1","lncRNA","ENSG00000287176"
"ENSG00000287186.1",0.558475134162531,1.14978744742236,0.310412329473737,3.70406500724915,0.000212171847885491,0.000698151962396913,"AC073326.2","lncRNA","ENSG00000287186"
"ENSG00000287190.1",1.73946206857947,1.04115849345387,0.186300998075975,5.58858247785276,2.28930640214626e-08,1.58762911902375e-07,"AC239799.2","lncRNA","ENSG00000287190"
"ENSG00000287191.1",5.46933066437188,2.9278632913217,0.244331954378378,11.9831370349027,4.3552541779646e-33,7.78272460407068e-31,"AC055807.1","lncRNA","ENSG00000287191"
"ENSG00000287207.1",2.37676598733598,1.14231016401704,0.168236251575904,6.7899168777049,1.12198170087014e-11,1.33937592846622e-10,"AC096861.2","lncRNA","ENSG00000287207"
"ENSG00000287217.1",0.578514882817438,1.33703755622063,0.336043969818118,3.97875777072951,6.92762760308643e-05,0.000253027639114792,"AL355538.1","lncRNA","ENSG00000287217"
"ENSG00000287223.1",2.04278074485467,-1.78085055213805,0.232356593157251,-7.66429963505633,1.79809671041654e-14,3.28078165125396e-13,"Z94277.1","lncRNA","ENSG00000287223"
"ENSG00000287225.1",4.33033522236229,2.23581385725005,0.354367432218772,6.30930964296332,2.80282862492857e-10,2.69265849246557e-09,"Z84468.2","lncRNA","ENSG00000287225"
"ENSG00000287229.1",1.60899908998775,1.87892134887204,0.23711015614895,7.92425503567092,2.29518129660905e-15,4.72524363657112e-14,"AC009731.1","lncRNA","ENSG00000287229"
"ENSG00000287241.1",1.30505934097406,1.47357572420269,0.391558596393709,3.763359399524,0.000167645999004875,0.000565363853089823,"AL359511.3","lncRNA","ENSG00000287241"
"ENSG00000287245.1",16.950285859752,1.85878744863703,0.191039737801735,9.72984715130897,2.24930685764561e-22,1.16892231251346e-20,"AP001981.2","lncRNA","ENSG00000287245"
"ENSG00000287248.1",2.0912022369706,1.44688479516829,0.340813065069221,4.24539122311647,2.18212350600663e-05,8.81919035861802e-05,"AC009271.2","lncRNA","ENSG00000287248"
"ENSG00000287266.1",5.1901649540048,-1.42770668057449,0.210219418810149,-6.79150712458141,1.10968102813099e-11,1.32546860536912e-10,"AL359813.2","lncRNA","ENSG00000287266"
"ENSG00000287278.1",3.87380936662085,-1.33082974458018,0.250445024090008,-5.31385979584042,1.07327208324858e-07,6.61648123585973e-07,"AL353600.2","lncRNA","ENSG00000287278"
"ENSG00000287282.1",0.73528006659228,1.20321208180333,0.262803038293897,4.57837964741394,4.68591647605891e-06,2.15678146163656e-05,"AL031726.2","lncRNA","ENSG00000287282"
"ENSG00000287286.1",1.47031191001446,1.2443087687248,0.225612941334761,5.51523667642146,3.48310897646383e-08,2.33947096979997e-07,"AC024560.5","lncRNA","ENSG00000287286"
"ENSG00000287294.1",1.05207816158652,3.16511531371058,0.452856275949933,6.98922700601041,2.76404881199924e-12,3.63510783561282e-11,"AL035694.1","lncRNA","ENSG00000287294"
"ENSG00000287320.1",2.21420705867124,1.75244958378468,0.622219069644386,2.81645110103463,0.00485574341124672,0.0116217795808274,"AC110790.1","lncRNA","ENSG00000287320"
"ENSG00000287326.1",2.79304089887834,1.04596910143578,0.244213619038088,4.28300889014978,1.84382801469484e-05,7.57060211656875e-05,"AL589787.1","lncRNA","ENSG00000287326"
"ENSG00000287329.1",1.45508070055395,1.24063539887222,0.326843229167915,3.79581183930491,0.000147161085151916,0.000502243599626783,"FP326651.1","lncRNA","ENSG00000287329"
"ENSG00000287331.1",26.7537429979423,2.03681853490869,0.249816317393717,8.15326459119409,3.54229429549138e-16,8.21421152425755e-15,"AC106045.1","lncRNA","ENSG00000287331"
"ENSG00000287343.1",0.626316264595198,1.39073091842481,0.337119092687148,4.1253401204287,3.70187272046356e-05,0.000142664964292326,"AL022397.1","lncRNA","ENSG00000287343"
"ENSG00000287349.1",1.96984765875133,1.1219970295951,0.220118945980825,5.09723061136608,3.44658368060971e-07,1.9587691295729e-06,"AC108477.2","lncRNA","ENSG00000287349"
"ENSG00000287350.1",0.528767278122405,-1.00143248834787,0.392382848742892,-2.5521821138621,0.0107050547329125,0.02338262182936,"AL137786.2","lncRNA","ENSG00000287350"
"ENSG00000287352.1",12.4524335673844,1.48578537475337,0.332686140254705,4.46602727007458,7.96854571531916e-06,3.50380377810542e-05,"AC011029.1","lncRNA","ENSG00000287352"
"ENSG00000287357.1",0.598388286049909,1.14865360305205,0.337855738811937,3.39983451839909,0.000674266465301935,0.00198882491825069,"AL512484.1","lncRNA","ENSG00000287357"
"ENSG00000287364.1",0.475510525785351,1.50802672912157,0.402151129906254,3.74990051494598,0.000176904739490646,0.000593318225310124,"AL353709.1","lncRNA","ENSG00000287364"
"ENSG00000287388.1",3.2644054674095,2.14259943594773,0.424844903089231,5.04325089077912,4.57688500822868e-07,2.54227710825169e-06,"AC068774.1","lncRNA","ENSG00000287388"
"ENSG00000287390.1",11.4622575172566,1.12855414932462,0.196313452777027,5.74873567430162,8.99132532467738e-09,6.7094060018925e-08,"AC006525.1","lncRNA","ENSG00000287390"
"ENSG00000287394.1",28.2759740787079,1.80423126907694,0.473752614339689,3.80838271803874,0.000139878662466682,0.000479720231050508,"AC244102.4","lncRNA","ENSG00000287394"
"ENSG00000287407.1",6.02541644731388,1.1870529428337,0.377466545047609,3.14478980563424,0.00166206200158806,0.0044686150277618,"AL596442.3","lncRNA","ENSG00000287407"
"ENSG00000287415.1",6.06429364750383,-1.02020122295344,0.193307206479345,-5.27761608857789,1.30875293941045e-07,7.94790892985538e-07,"AC099541.2","lncRNA","ENSG00000287415"
"ENSG00000287430.1",21.7266207497293,1.18665062722098,0.168552809822846,7.04023046823238,1.91922119858752e-12,2.59180740119494e-11,"AL136090.2","lncRNA","ENSG00000287430"
"ENSG00000287434.1",0.912966409080352,1.44540328804014,0.231221853620512,6.25115345028059,4.07432314287329e-10,3.79428909280198e-09,"AC109133.1","lncRNA","ENSG00000287434"
"ENSG00000287446.1",8.53986235005038,2.31670263453141,0.301627678120258,7.68066992050957,1.58258774709677e-14,2.89925236420701e-13,"AC007731.5","lncRNA","ENSG00000287446"
"ENSG00000287453.1",3.26351578254662,1.46962947934765,0.462801420377205,3.17550771160087,0.00149574545939337,0.00406084875405238,"AL359894.1","lncRNA","ENSG00000287453"
"ENSG00000287474.1",1.54098051783279,1.83612013094012,0.477049783402132,3.84890674898881,0.000118646159592856,0.000413233072344993,"AC110614.1","lncRNA","ENSG00000287474"
"ENSG00000287480.1",0.932203980644698,-1.05933411480801,0.192279757283276,-5.5093376951134,3.60186327782656e-08,2.40930414592821e-07,"AL158832.2","lncRNA","ENSG00000287480"
"ENSG00000287484.1",0.786254796988165,1.28569902035599,0.25914067487431,4.96139411915783,6.99890182465903e-07,3.76394214680679e-06,"AC068580.5","lncRNA","ENSG00000287484"
"ENSG00000287486.1",0.785890826706611,1.0543068937654,0.282721597055732,3.72913461421047,0.000192138493850535,0.000639566883574538,"AC114291.1","lncRNA","ENSG00000287486"
"ENSG00000287498.1",9.56616308638987,2.75911281136573,0.313849429908165,8.79119905418681,1.47972129944069e-18,4.73964503955282e-17,"AC007749.2","lncRNA","ENSG00000287498"
"ENSG00000287513.1",5.71401411465514,1.25285000669047,0.12541804358866,9.98939204313777,1.69618832815077e-23,1.02533829456746e-21,"AL133390.1","lncRNA","ENSG00000287513"
"ENSG00000287514.2",0.941935542066876,2.26559408225366,0.327641939302004,6.91484761407591,4.68366566980833e-12,5.9355082545879e-11,"AL450267.2","lncRNA","ENSG00000287514"
"ENSG00000287519.1",2.90341713814379,1.77443557797655,0.233452322335427,7.60084783147719,2.94196883402264e-14,5.21604161029523e-13,"AC004921.2","lncRNA","ENSG00000287519"
"ENSG00000287529.1",0.412608630907564,1.62871389935628,0.473325332141531,3.44100302425663,0.000579562055082507,0.0017311654552952,"AC068946.3","lncRNA","ENSG00000287529"
"ENSG00000287554.1",0.738657462004893,1.38846890453326,0.273440986428308,5.07776439322236,3.81901858591542e-07,2.14914743433635e-06,"AC006364.1","lncRNA","ENSG00000287554"
"ENSG00000287560.1",13.3191510398838,1.43789175655253,0.205255076517402,7.0053894936461,2.46299670842003e-12,3.26766118173746e-11,"AL731533.3","lncRNA","ENSG00000287560"
"ENSG00000287609.1",4.65304510594163,1.86086214406986,0.333955962991983,5.57217822193681,2.51573863304618e-08,1.73403382043987e-07,"AL589787.2","lncRNA","ENSG00000287609"
"ENSG00000287627.1",125.094654515713,3.03436654363907,0.349583240205402,8.67995428458237,3.9592793231678e-18,1.19668336397497e-16,"AL359704.2","lncRNA","ENSG00000287627"
"ENSG00000287630.1",4.15909280826261,1.34408795739337,0.33695653836825,3.98890599927891,6.63787170350044e-05,0.000243448381326599,"AC011370.1","lncRNA","ENSG00000287630"
"ENSG00000287632.1",1.71680406305757,-1.10323714251368,0.143232600660029,-7.70241647103986,1.33516894319862e-14,2.46930495927106e-13,"AC112253.1","lncRNA","ENSG00000287632"
"ENSG00000287655.1",2.68669243321791,1.17398810000257,0.133020060326184,8.8256470274016,1.08828765263055e-18,3.5302630438795e-17,"AC023283.1","lncRNA","ENSG00000287655"
"ENSG00000287657.1",3.67932012045043,1.02043741091031,0.165071238004869,6.18180019271565,6.33747078059573e-10,5.7252233262486e-09,"AC068228.3","lncRNA","ENSG00000287657"
"ENSG00000287658.1",2.36694602632866,-1.0112450309067,0.152017543746765,-6.65216004668023,2.88822373660166e-11,3.23460416988349e-10,"AC109642.1","lncRNA","ENSG00000287658"
"ENSG00000287661.1",2.80922054977701,-2.09406268127542,0.279416860221699,-7.49440345014942,6.66005712723279e-14,1.12314034575681e-12,"AL391844.1","lncRNA","ENSG00000287661"
"ENSG00000287673.1",108.924439184637,-1.28879681605673,0.282670042628554,-4.55936824458716,5.13077347006983e-06,2.34262076076328e-05,"AC051635.1","lncRNA","ENSG00000287673"
"ENSG00000287677.2",0.396818796069102,1.17276471556429,0.402479961784026,2.91384622073088,0.00357005719971566,0.00884223954334439,"AC025839.1","lncRNA","ENSG00000287677"
"ENSG00000287683.1",0.64166051239448,1.38169810404937,0.333403150026824,4.14422630361534,3.40962908488823e-05,0.000132454727122046,"AL591519.1","lncRNA","ENSG00000287683"
"ENSG00000287703.1",1.42433897442587,1.19028777484808,0.377220432083719,3.15541702837535,0.00160268843983313,0.00432353407297365,"AC099565.1","lncRNA","ENSG00000287703"
"ENSG00000287705.1",0.330331066651431,1.61595765628237,0.517766237114994,3.12101782705362,0.00180227123452127,0.00480530965958381,"AL139232.1","lncRNA","ENSG00000287705"
"ENSG00000287725.1",52.1346556400178,1.53482743171472,0.130702882185987,11.7428736539314,7.68307108286792e-32,1.13007713043064e-29,"AP003071.5","protein_coding","ENSG00000287725"
"ENSG00000287750.1",35.9033420156053,1.10462438725233,0.139925284289464,7.89438730006211,2.91744884202032e-15,5.90489906460177e-14,"AL353572.4","lncRNA","ENSG00000287750"
"ENSG00000287753.1",0.534918722388515,1.58008570684189,0.523572639486538,3.01789205102747,0.002545395576058,0.00652163576627663,"AC130307.1","lncRNA","ENSG00000287753"
"ENSG00000287777.1",0.661297947827077,1.44431360106772,0.35509919942848,4.06735245641863,4.75502960618229e-05,0.000179507919093721,"AL161851.2","lncRNA","ENSG00000287777"
"ENSG00000287781.1",1.11553052070017,1.71183275304654,0.262831719387989,6.51303715180417,7.36462857090929e-11,7.74340804811761e-10,"AC018714.2","lncRNA","ENSG00000287781"
"ENSG00000287792.1",0.780640798614754,1.10116669351664,0.331975639750383,3.31701053229274,0.000909861864998104,0.00260564433581343,"AC140118.2","lncRNA","ENSG00000287792"
"ENSG00000287796.1",4.50579972636189,2.04932885670389,0.299614991881534,6.83987421268353,7.92627469520013e-12,9.70373226882629e-11,"AC016925.3","lncRNA","ENSG00000287796"
"ENSG00000287824.1",3.91409265822069,2.39859696366821,0.338195286534704,7.09234297214864,1.31860223318021e-12,1.82916909532296e-11,"AL627443.3","lncRNA","ENSG00000287824"
"ENSG00000287838.1",9.00439820748697,-1.117268383374,0.28368808463813,-3.93836908870945,8.20373334179796e-05,0.000295791776588384,"AL953883.1","lncRNA","ENSG00000287838"
"ENSG00000287848.1",5.64853488185758,2.28825995367556,0.224721307103097,10.1826568346977,2.3700061014028e-24,1.58296981294187e-22,"AL355303.2","lncRNA","ENSG00000287848"
"ENSG00000287861.1",2.71006807002942,1.71731730434736,0.708146253473445,2.42508845584362,0.0153046571868534,0.0320052172542199,"AL137001.2","lncRNA","ENSG00000287861"
"ENSG00000287862.1",7.69015732002968,1.17604109742204,0.295132491622157,3.98479032572144,6.75397357330253e-05,0.000247350242963654,"AC114971.1","lncRNA","ENSG00000287862"
"ENSG00000287900.1",1.2352450532656,2.07506923731904,0.365698430627586,5.67426344640842,1.39286639949052e-08,1.00477258701208e-07,"AC061961.1","lncRNA","ENSG00000287900"
"ENSG00000287905.1",2.27996157984523,1.78038626938044,0.296769914561224,5.99921414545256,1.98274735845206e-09,1.645611644437e-08,"AC136431.2","lncRNA","ENSG00000287905"
"ENSG00000287914.1",4.48801711270789,-1.07960044331318,0.191115191733352,-5.64895147016605,1.61429415501148e-08,1.15004697950049e-07,"AL078582.2","lncRNA","ENSG00000287914"
"ENSG00000287915.1",0.637778210839719,1.92556400702957,0.414136404008288,4.64958885138492,3.32597379392814e-06,1.57204350679831e-05,"AC037433.1","lncRNA","ENSG00000287915"
"ENSG00000287920.1",55.2543349417847,-1.14200769489709,0.144804516276195,-7.88654749358003,3.10661356756839e-15,6.27218813594841e-14,"AL022098.1","lncRNA","ENSG00000287920"
"ENSG00000287923.1",11.9881420299568,1.15228632911155,0.255248723238457,4.51436667142528,6.35062595432566e-06,2.84427342263483e-05,"AL138701.2","lncRNA","ENSG00000287923"
"ENSG00000287933.1",4.23932965103753,2.3840748694163,0.216138880477289,11.0302915613871,2.72978622201545e-28,2.78746065272119e-26,"AL357141.1","lncRNA","ENSG00000287933"
"ENSG00000287943.1",0.485551099779835,1.06000750563485,0.29187353106989,3.63173564162975,0.000281521432228679,0.000903151788448273,"AC091151.7","lncRNA","ENSG00000287943"
"ENSG00000287959.1",0.620889343184492,1.03299885206421,0.255257373765866,4.0468913270718,5.19023222632319e-05,0.000194665959308742,"AC021236.1","lncRNA","ENSG00000287959"
"ENSG00000287996.1",1.33172565290678,1.7237133726502,0.530200051198706,3.25106225235764,0.00114974679586589,0.00320938159111838,"AL359208.1","lncRNA","ENSG00000287996"
"ENSG00000288004.1",1.08287948501767,1.43822103123091,0.613256051996721,2.34522109736734,0.019015799499284,0.0386433597186557,"AC023503.1","lncRNA","ENSG00000288004"
"ENSG00000288021.1",5.02061838330998,1.45301156583702,0.234034879028396,6.20852572005185,5.34839702787585e-10,4.89025449072589e-09,"AL450338.2","lncRNA","ENSG00000288021"
"ENSG00000288074.1",1.16304309489164,1.55968303888477,0.331801592699439,4.70064964485449,2.59335128232466e-06,1.25443323395172e-05,"AC026341.3","lncRNA","ENSG00000288074"
"ENSG00000288076.1",0.493947886203163,1.37672322850596,0.321514561616517,4.28199339272239,1.85226483429428e-05,7.60043142735835e-05,"AC018398.2","lncRNA","ENSG00000288076"
"ENSG00000288086.1",0.513901224550269,1.31900237107659,0.445033958937188,2.9638240960905,0.0030384191734354,0.00764829555748219,"AL157414.4","lncRNA","ENSG00000288086"
"ENSG00000288087.1",4.63058907122954,2.91605421011322,0.292555950675614,9.9675094742699,2.11464871285295e-23,1.267016654526e-21,"AC112770.1","lncRNA","ENSG00000288087"
"ENSG00000288097.1",4.52618106374365,1.82505072058935,0.267671288613415,6.8182535752842,9.21538800735291e-12,1.11678332416294e-10,"AP002448.1","lncRNA","ENSG00000288097"
"ENSG00000288098.1",1.00706689098851,2.27189873478515,0.550233322845519,4.12897336540085,3.64386606685326e-05,0.000140642322055516,"AL031073.2","lncRNA","ENSG00000288098"
"ENSG00000288110.1",3.76606739517405,4.33958390574188,0.733296842601015,5.91790889259705,3.26060487258199e-09,2.61568737616309e-08,"AC010941.1","lncRNA","ENSG00000288110"
"ENSG00000288218.1",10.5185130319588,-1.71226916785818,0.216409250008146,-7.91218105415422,2.52918200092084e-15,5.18342365510653e-14,"AL358787.2","processed_pseudogene","ENSG00000288218"
"ENSG00000288234.1",5.80274662477525,1.30400287518808,0.198174265400666,6.58008179090089,4.70189546267321e-11,5.10171309815431e-10,"BX255925.4","lncRNA","ENSG00000288234"
"ENSG00000288459.1",0.600984664411999,1.5283118044086,0.475988393243202,3.21081737727945,0.00132358020274946,0.0036397562230441,"AL512357.2","lncRNA","ENSG00000288459"
"ENSG00000288536.1",5.72148039240509,1.34029012103883,0.21682825242777,6.18134447901484,6.35579550323074e-10,5.73796091708686e-09,"AF222684.1","lncRNA","ENSG00000288536"
"ENSG00000288540.1",0.529988188170322,2.48764610043358,0.83269561171768,2.98746152306732,0.00281304702069619,0.00713248956152995,"AL008720.2","lncRNA","ENSG00000288540"
"ENSG00000288549.1",3.26237141409696,1.23208596173339,0.216733832453341,5.68478833132174,1.30974776334376e-08,9.48002364930093e-08,"AC026412.4","lncRNA","ENSG00000288549"
"ENSG00000288552.1",1.58172861012059,1.86510655708281,0.544999794382717,3.42221515733833,0.000621131409207259,0.00184532280919727,"AL162573.1","lncRNA","ENSG00000288552"
"ENSG00000288555.1",1.17620926183981,-1.45129733218959,0.324244926768784,-4.4759291892468,7.60796991037917e-06,3.35830463768774e-05,"AF222685.1","lncRNA","ENSG00000288555"
"ENSG00000288571.1",4.92490240830849,3.42642527925057,0.363487218707395,9.42653579797209,4.23856583729088e-21,1.8770857381385e-19,"AL442063.1","lncRNA","ENSG00000288571"
"ENSG00000288617.1",0.805605301678515,2.42421132983299,0.514982965841809,4.70736216657242,2.50942844401789e-06,1.21774229507648e-05,"AL049777.1","lncRNA","ENSG00000288617"
