"Hugo_Symbol","mutated_patients","covered_patients","mutation_frequency"
"TP53",395,482,0.819502074688797
"TTN",335,482,0.695020746887967
"CSMD3",201,482,0.41701244813278
"MUC16",185,482,0.383817427385892
"RYR2",178,482,0.369294605809129
"LRP1B",160,482,0.33195020746888
"USH2A",153,482,0.317427385892116
"SYNE1",147,482,0.304979253112033
"ZFHX4",139,482,0.288381742738589
"FAM135B",112,482,0.232365145228216
"KMT2D",103,482,0.213692946058091
"NAV3",97,482,0.201244813278008
"XIRP2",95,482,0.197095435684647
"CDH10",92,482,0.190871369294606
"RYR3",91,482,0.188796680497925
"SPTA1",91,482,0.188796680497925
"PCDH15",89,482,0.184647302904564
"PKHD1",88,482,0.182572614107884
"PAPPA2",86,482,0.178423236514523
"PCLO",84,482,0.174273858921162
"DNAH5",83,482,0.172199170124481
"DNAH8",82,482,0.170124481327801
"PKHD1L1",82,482,0.170124481327801
"FLG",79,482,0.163900414937759
"ADAMTS12",78,482,0.161825726141079
"MUC17",78,482,0.161825726141079
"ERICH3",77,482,0.159751037344398
"COL11A1",76,482,0.157676348547718
"HCN1",76,482,0.157676348547718
"SI",76,482,0.157676348547718
"COL22A1",75,482,0.155601659751037
"RELN",75,482,0.155601659751037
"ADGRB3",74,482,0.153526970954357
"CNTNAP5",74,482,0.153526970954357
"FAT3",73,482,0.151452282157676
"DNAH9",72,482,0.149377593360996
"LRP2",72,482,0.149377593360996
"APOB",71,482,0.147302904564315
"CSMD1",71,482,0.147302904564315
"DNAH7",71,482,0.147302904564315
"RYR1",71,482,0.147302904564315
"CDKN2A",70,482,0.145228215767635
"PCDH11X",70,482,0.145228215767635
"NFE2L2",69,482,0.143153526970954
"ZNF804A",69,482,0.143153526970954
"SPHKAP",68,482,0.141078838174274
"ZNF804B",68,482,0.141078838174274
"ADGRV1",67,482,0.139004149377593
"TNR",67,482,0.139004149377593
"BRINP3",66,482,0.136929460580913
"CSMD2",66,482,0.136929460580913
"CUBN",66,482,0.136929460580913
"FMN2",66,482,0.136929460580913
"ANK2",63,482,0.130705394190871
"NEB",62,482,0.128630705394191
"PLXNA4",62,482,0.128630705394191
"FAT1",61,482,0.12655601659751
"ZNF536",61,482,0.12655601659751
"LRRK2",60,482,0.12448132780083
"PRDM9",60,482,0.12448132780083
"CDH18",59,482,0.122406639004149
"CTNNA2",59,482,0.122406639004149
"DNAH11",59,482,0.122406639004149
"LRRC7",59,482,0.122406639004149
"CNTNAP2",58,482,0.120331950207469
"DMD",58,482,0.120331950207469
"SCN2A",57,482,0.118257261410788
"ABCA13",56,482,0.116182572614108
"FAT4",56,482,0.116182572614108
"LAMA2",56,482,0.116182572614108
"MRC1",56,482,0.116182572614108
"PEG3",56,482,0.116182572614108
"SCN1A",56,482,0.116182572614108
"MYH2",55,482,0.114107883817427
"THSD7B",55,482,0.114107883817427
"TPTE",55,482,0.114107883817427
"AHNAK",54,482,0.112033195020747
"HERC2",54,482,0.112033195020747
"HMCN1",54,482,0.112033195020747
"MROH2B",54,482,0.112033195020747
"MYH1",54,482,0.112033195020747
"PIK3CA",54,482,0.112033195020747
"TENM1",54,482,0.112033195020747
"CPS1",53,482,0.109958506224066
"DST",53,482,0.109958506224066
"FCGBP",53,482,0.109958506224066
"KMT2C",53,482,0.109958506224066
"NF1",53,482,0.109958506224066
"ANKRD30A",52,482,0.107883817427386
"COL12A1",52,482,0.107883817427386
"KEAP1",52,482,0.107883817427386
"MUC5B",52,482,0.107883817427386
"PTEN",51,482,0.105809128630705
"SORCS1",51,482,0.105809128630705
"TMEM132D",51,482,0.105809128630705
"TNN",51,482,0.105809128630705
"UNC13C",51,482,0.105809128630705
"COL6A3",50,482,0.103734439834025
"RP1",50,482,0.103734439834025
"SLITRK3",50,482,0.103734439834025
"KALRN",49,482,0.101659751037344
"LCT",49,482,0.101659751037344
"MMP16",49,482,0.101659751037344
"OBSCN",49,482,0.101659751037344
"CRB1",48,482,0.0995850622406639
"DYSF",48,482,0.0995850622406639
"PLCH1",48,482,0.0995850622406639
"PXDNL",48,482,0.0995850622406639
"ADAMTS20",47,482,0.0975103734439834
"CDH9",47,482,0.0975103734439834
"MACF1",47,482,0.0975103734439834
"MYH4",47,482,0.0975103734439834
"NRXN1",47,482,0.0975103734439834
"AHNAK2",46,482,0.0954356846473029
"ALMS1",46,482,0.0954356846473029
"CACNA1E",46,482,0.0954356846473029
"CTNND2",46,482,0.0954356846473029
"KIAA1109",46,482,0.0954356846473029
"PCDH10",46,482,0.0954356846473029
"TNXB",46,482,0.0954356846473029
"ASTN1",45,482,0.0933609958506224
"BIRC6",45,482,0.0933609958506224
"DCC",45,482,0.0933609958506224
"FAM47C",45,482,0.0933609958506224
"GRM8",45,482,0.0933609958506224
"HYDIN",45,482,0.0933609958506224
"MYT1L",45,482,0.0933609958506224
"RIMS2",45,482,0.0933609958506224
"VPS13B",45,482,0.0933609958506224
"CDH12",44,482,0.0912863070539419
"EPB41L3",44,482,0.0912863070539419
"GRIN2A",44,482,0.0912863070539419
"ZNF208",44,482,0.0912863070539419
"ADGRG4",43,482,0.0892116182572614
"ATP10A",43,482,0.0892116182572614
"CNTNAP4",43,482,0.0892116182572614
"DCDC1",43,482,0.0892116182572614
"EPHA5",43,482,0.0892116182572614
"FLNC",43,482,0.0892116182572614
"FSCB",43,482,0.0892116182572614
"GRIN2B",43,482,0.0892116182572614
"KCNH7",43,482,0.0892116182572614
"LRFN5",43,482,0.0892116182572614
"MYH15",43,482,0.0892116182572614
"MYO16",43,482,0.0892116182572614
"NCAM2",43,482,0.0892116182572614
"RIMS1",43,482,0.0892116182572614
"SYNE2",43,482,0.0892116182572614
"TAF1L",43,482,0.0892116182572614
"TENM3",43,482,0.0892116182572614
"ZDBF2",43,482,0.0892116182572614
"COL6A6",42,482,0.0871369294605809
"DCAF4L2",42,482,0.0871369294605809
"GPR158",42,482,0.0871369294605809
"MYH8",42,482,0.0871369294605809
"PTPRB",42,482,0.0871369294605809
"STAB2",42,482,0.0871369294605809
"THSD7A",42,482,0.0871369294605809
"ADAMTS16",41,482,0.0850622406639004
"ADGRL3",41,482,0.0850622406639004
"ASPM",41,482,0.0850622406639004
"C6",41,482,0.0850622406639004
"NLRP12",41,482,0.0850622406639004
"PDZD2",41,482,0.0850622406639004
"PREX2",41,482,0.0850622406639004
"SACS",41,482,0.0850622406639004
"TRHDE",41,482,0.0850622406639004
"UNC5D",41,482,0.0850622406639004
"DNAH3",40,482,0.0829875518672199
"FSHR",40,482,0.0829875518672199
"LAMA1",40,482,0.0829875518672199
"MDGA2",40,482,0.0829875518672199
"MYH7",40,482,0.0829875518672199
"NLRP13",40,482,0.0829875518672199
"PLEC",40,482,0.0829875518672199
"CDH8",39,482,0.0809128630705394
"DNAH10",39,482,0.0809128630705394
"ERBB4",39,482,0.0809128630705394
"FBN2",39,482,0.0809128630705394
"KLHL1",39,482,0.0809128630705394
"MAGEC1",39,482,0.0809128630705394
"MDN1",39,482,0.0809128630705394
"NRXN3",39,482,0.0809128630705394
"OTOGL",39,482,0.0809128630705394
"TG",39,482,0.0809128630705394
"UNC79",39,482,0.0809128630705394
"WDR17",39,482,0.0809128630705394
"ZBBX",39,482,0.0809128630705394
"ZNF831",39,482,0.0809128630705394
"BRWD3",38,482,0.0788381742738589
"CHD7",38,482,0.0788381742738589
"COL19A1",38,482,0.0788381742738589
"DOCK2",38,482,0.0788381742738589
"EPHA3",38,482,0.0788381742738589
"FLG2",38,482,0.0788381742738589
"GRID2",38,482,0.0788381742738589
"PIK3CG",38,482,0.0788381742738589
"TRPS1",38,482,0.0788381742738589
"UTRN",38,482,0.0788381742738589
"VCAN",38,482,0.0788381742738589
"ZNF479",38,482,0.0788381742738589
"COL24A1",37,482,0.0767634854771784
"HUWE1",37,482,0.0767634854771784
"MYH13",37,482,0.0767634854771784
"NALCN",37,482,0.0767634854771784
"PPFIA2",37,482,0.0767634854771784
"USP34",37,482,0.0767634854771784
"ZEB2",37,482,0.0767634854771784
"ZNF99",37,482,0.0767634854771784
"ACACB",36,482,0.0746887966804979
"ADCY8",36,482,0.0746887966804979
"ANKS1B",36,482,0.0746887966804979
"CTNNA3",36,482,0.0746887966804979
"DGKI",36,482,0.0746887966804979
"DPP10",36,482,0.0746887966804979
"FAM47A",36,482,0.0746887966804979
"GALNT17",36,482,0.0746887966804979
"KIF2B",36,482,0.0746887966804979
"NLRP3",36,482,0.0746887966804979
"NPAP1",36,482,0.0746887966804979
"OR4C12",36,482,0.0746887966804979
"POLQ",36,482,0.0746887966804979
"SLC8A1",36,482,0.0746887966804979
"TPR",36,482,0.0746887966804979
"ABCB1",35,482,0.0726141078838174
"ASXL3",35,482,0.0726141078838174
"CACNA1A",35,482,0.0726141078838174
"CACNA1C",35,482,0.0726141078838174
"CMYA5",35,482,0.0726141078838174
"COL1A2",35,482,0.0726141078838174
"DLC1",35,482,0.0726141078838174
"EPHA6",35,482,0.0726141078838174
"GALNT13",35,482,0.0726141078838174
"GOLGB1",35,482,0.0726141078838174
"GRM1",35,482,0.0726141078838174
"KLHL4",35,482,0.0726141078838174
"LRRC4C",35,482,0.0726141078838174
"MGAM",35,482,0.0726141078838174
"NLRP14",35,482,0.0726141078838174
"NOS1",35,482,0.0726141078838174
"NOTCH1",35,482,0.0726141078838174
"PRUNE2",35,482,0.0726141078838174
"RB1",35,482,0.0726141078838174
"RUNX1T1",35,482,0.0726141078838174
"SCN10A",35,482,0.0726141078838174
"SORCS3",35,482,0.0726141078838174
"SPAG17",35,482,0.0726141078838174
"SPEF2",35,482,0.0726141078838174
"TRPA1",35,482,0.0726141078838174
"ZAN",35,482,0.0726141078838174
"ZFHX3",35,482,0.0726141078838174
"ZIC1",35,482,0.0726141078838174
"ZNF423",35,482,0.0726141078838174
"ZNF521",35,482,0.0726141078838174
"ACAN",34,482,0.0705394190871369
"CNTN5",34,482,0.0705394190871369
"COL3A1",34,482,0.0705394190871369
"DSCAM",34,482,0.0705394190871369
"DYNC1H1",34,482,0.0705394190871369
"EYS",34,482,0.0705394190871369
"HECW1",34,482,0.0705394190871369
"NEXMIF",34,482,0.0705394190871369
"NLRP8",34,482,0.0705394190871369
"ROS1",34,482,0.0705394190871369
"SALL1",34,482,0.0705394190871369
"SPATA31D1",34,482,0.0705394190871369
"SPATA31E1",34,482,0.0705394190871369
"TLN2",34,482,0.0705394190871369
"TLR4",34,482,0.0705394190871369
"VPS13D",34,482,0.0705394190871369
"WDFY3",34,482,0.0705394190871369
"ABCB5",33,482,0.0684647302904564
"ALPK2",33,482,0.0684647302904564
"CFAP47",33,482,0.0684647302904564
"CFAP61",33,482,0.0684647302904564
"CNGB3",33,482,0.0684647302904564
"FBN3",33,482,0.0684647302904564
"FRAS1",33,482,0.0684647302904564
"FRY",33,482,0.0684647302904564
"KDR",33,482,0.0684647302904564
"MKI67",33,482,0.0684647302904564
"MORC1",33,482,0.0684647302904564
"MYCBP2",33,482,0.0684647302904564
"MYO18B",33,482,0.0684647302904564
"PTPRO",33,482,0.0684647302904564
"RP1L1",33,482,0.0684647302904564
"VPS13C",33,482,0.0684647302904564
"AMER3",32,482,0.0663900414937759
"ANK3",32,482,0.0663900414937759
"BRCA2",32,482,0.0663900414937759
"CREBBP",32,482,0.0663900414937759
"F5",32,482,0.0663900414937759
"HEPH",32,482,0.0663900414937759
"HERC1",32,482,0.0663900414937759
"LRRTM4",32,482,0.0663900414937759
"MXRA5",32,482,0.0663900414937759
"MYO3A",32,482,0.0663900414937759
"NLRP5",32,482,0.0663900414937759
"NRAP",32,482,0.0663900414937759
"PTPRC",32,482,0.0663900414937759
"RASA1",32,482,0.0663900414937759
"ROBO4",32,482,0.0663900414937759
"SCN7A",32,482,0.0663900414937759
"SLCO1B1",32,482,0.0663900414937759
"SLIT2",32,482,0.0663900414937759
"STYXL2",32,482,0.0663900414937759
"SVEP1",32,482,0.0663900414937759
"TKTL2",32,482,0.0663900414937759
"TRIM58",32,482,0.0663900414937759
"ABCA9",31,482,0.0643153526970954
"ADAMTSL3",31,482,0.0643153526970954
"COL4A2",31,482,0.0643153526970954
"DOCK10",31,482,0.0643153526970954
"FREM2",31,482,0.0643153526970954
"GRID1",31,482,0.0643153526970954
"GRM5",31,482,0.0643153526970954
"HGF",31,482,0.0643153526970954
"ITPRID1",31,482,0.0643153526970954
"KCNA4",31,482,0.0643153526970954
"LRP1",31,482,0.0643153526970954
"LRRIQ1",31,482,0.0643153526970954
"LYST",31,482,0.0643153526970954
"MYH6",31,482,0.0643153526970954
"NBAS",31,482,0.0643153526970954
"NDST4",31,482,0.0643153526970954
"OR2T4",31,482,0.0643153526970954
"OTOF",31,482,0.0643153526970954
"POTEE",31,482,0.0643153526970954
"PPP1R3A",31,482,0.0643153526970954
"PTPRD",31,482,0.0643153526970954
"RNF213",31,482,0.0643153526970954
"RTTN",31,482,0.0643153526970954
"SCN5A",31,482,0.0643153526970954
"TECTA",31,482,0.0643153526970954
"TMPRSS15",31,482,0.0643153526970954
"ANO5",30,482,0.0622406639004149
"ARID1A",30,482,0.0622406639004149
"ASCC3",30,482,0.0622406639004149
"ASTN2",30,482,0.0622406639004149
"CENPE",30,482,0.0622406639004149
"COL4A4",30,482,0.0622406639004149
"F13B",30,482,0.0622406639004149
"FBN1",30,482,0.0622406639004149
"FCRL5",30,482,0.0622406639004149
"LPA",30,482,0.0622406639004149
"MAGEL2",30,482,0.0622406639004149
"NLRP4",30,482,0.0622406639004149
"OR2L13",30,482,0.0622406639004149
"OR4C15",30,482,0.0622406639004149
"OR4M1",30,482,0.0622406639004149
"OR5D18",30,482,0.0622406639004149
"PDE3A",30,482,0.0622406639004149
"PTPRT",30,482,0.0622406639004149
"SLC39A12",30,482,0.0622406639004149
"TENM4",30,482,0.0622406639004149
"TMEM132B",30,482,0.0622406639004149
"ADAMTS18",29,482,0.0601659751037344
"ANO4",29,482,0.0601659751037344
"ARHGAP35",29,482,0.0601659751037344
"ATP10B",29,482,0.0601659751037344
"C2orf16",29,482,0.0601659751037344
"CCDC39",29,482,0.0601659751037344
"DPP6",29,482,0.0601659751037344
"FN1",29,482,0.0601659751037344
"FSIP2",29,482,0.0601659751037344
"FSTL5",29,482,0.0601659751037344
"GABRA2",29,482,0.0601659751037344
"GPC5",29,482,0.0601659751037344
"ITGA8",29,482,0.0601659751037344
"KCNH1",29,482,0.0601659751037344
"LAMA4",29,482,0.0601659751037344
"NBEA",29,482,0.0601659751037344
"NCKAP5",29,482,0.0601659751037344
"NELL1",29,482,0.0601659751037344
"OR4C6",29,482,0.0601659751037344
"OR6F1",29,482,0.0601659751037344
"PCDHB7",29,482,0.0601659751037344
"PIKFYVE",29,482,0.0601659751037344
"PRKDC",29,482,0.0601659751037344
"RANBP2",29,482,0.0601659751037344
"SLITRK2",29,482,0.0601659751037344
"TDRD5",29,482,0.0601659751037344
"TRPC5",29,482,0.0601659751037344
"USP29",29,482,0.0601659751037344
"UTP20",29,482,0.0601659751037344
"WDR72",29,482,0.0601659751037344
"ZEB1",29,482,0.0601659751037344
"ABCC12",28,482,0.0580912863070539
"ABCC9",28,482,0.0580912863070539
"AKAP9",28,482,0.0580912863070539
"ARID1B",28,482,0.0580912863070539
"BRINP2",28,482,0.0580912863070539
"CCT8L2",28,482,0.0580912863070539
"CD163",28,482,0.0580912863070539
"CFH",28,482,0.0580912863070539
"CLSTN2",28,482,0.0580912863070539
"CNTN6",28,482,0.0580912863070539
"COL15A1",28,482,0.0580912863070539
"FLNA",28,482,0.0580912863070539
"GABRG1",28,482,0.0580912863070539
"GRIN3A",28,482,0.0580912863070539
"GRM3",28,482,0.0580912863070539
"KCNJ3",28,482,0.0580912863070539
"LEPR",28,482,0.0580912863070539
"MAP2",28,482,0.0580912863070539
"NRK",28,482,0.0580912863070539
"OR2M3",28,482,0.0580912863070539
"PCDH17",28,482,0.0580912863070539
"PCDHGB2",28,482,0.0580912863070539
"PTPRZ1",28,482,0.0580912863070539
"SALL3",28,482,0.0580912863070539
"SCN4A",28,482,0.0580912863070539
"SLC17A6",28,482,0.0580912863070539
"SLC17A8",28,482,0.0580912863070539
"SLCO1C1",28,482,0.0580912863070539
"SPTBN4",28,482,0.0580912863070539
"TRIOBP",28,482,0.0580912863070539
"ZFPM2",28,482,0.0580912863070539
"ZNF33A",28,482,0.0580912863070539
"ZNF676",28,482,0.0580912863070539
"AKAP13",27,482,0.0560165975103734
"AKAP6",27,482,0.0560165975103734
"ATM",27,482,0.0560165975103734
"ATRNL1",27,482,0.0560165975103734
"BCHE",27,482,0.0560165975103734
"BRINP1",27,482,0.0560165975103734
"COL9A1",27,482,0.0560165975103734
"DMBT1",27,482,0.0560165975103734
"DSCAML1",27,482,0.0560165975103734
"FER1L6",27,482,0.0560165975103734
"FOLH1",27,482,0.0560165975103734
"ICE1",27,482,0.0560165975103734
"IGF2R",27,482,0.0560165975103734
"KCNT2",27,482,0.0560165975103734
"NLGN1",27,482,0.0560165975103734
"NLGN4X",27,482,0.0560165975103734
"OR1C1",27,482,0.0560165975103734
"OR4A15",27,482,0.0560165975103734
"OR8H2",27,482,0.0560165975103734
"PDZRN4",27,482,0.0560165975103734
"PZP",27,482,0.0560165975103734
"RGS7",27,482,0.0560165975103734
"ROBO3",27,482,0.0560165975103734
"SCN11A",27,482,0.0560165975103734
"SCN3A",27,482,0.0560165975103734
"SDK1",27,482,0.0560165975103734
"SHANK1",27,482,0.0560165975103734
"SLC44A5",27,482,0.0560165975103734
"SLIT3",27,482,0.0560165975103734
"THBS2",27,482,0.0560165975103734
"TRRAP",27,482,0.0560165975103734
"ZNF236",27,482,0.0560165975103734
"ZNF91",27,482,0.0560165975103734
"ADCY2",26,482,0.0539419087136929
"CCDC141",26,482,0.0539419087136929
"CD163L1",26,482,0.0539419087136929
"CNKSR2",26,482,0.0539419087136929
"COLEC12",26,482,0.0539419087136929
"CPED1",26,482,0.0539419087136929
"DCHS1",26,482,0.0539419087136929
"DNAH2",26,482,0.0539419087136929
"DOCK4",26,482,0.0539419087136929
"DZIP3",26,482,0.0539419087136929
"FAT2",26,482,0.0539419087136929
"GRIK2",26,482,0.0539419087136929
"KMT2A",26,482,0.0539419087136929
"LRRTM1",26,482,0.0539419087136929
"LTBP1",26,482,0.0539419087136929
"MAGI2",26,482,0.0539419087136929
"MYBPC1",26,482,0.0539419087136929
"NSD1",26,482,0.0539419087136929
"NUP210L",26,482,0.0539419087136929
"OCA2",26,482,0.0539419087136929
"OR2T3",26,482,0.0539419087136929
"OR5L2",26,482,0.0539419087136929
"OR8J3",26,482,0.0539419087136929
"PAPPA",26,482,0.0539419087136929
"PDE1C",26,482,0.0539419087136929
"PKD1L1",26,482,0.0539419087136929
"PLCL1",26,482,0.0539419087136929
"PLXNB2",26,482,0.0539419087136929
"POM121L12",26,482,0.0539419087136929
"REG1A",26,482,0.0539419087136929
"RTL9",26,482,0.0539419087136929
"SCN9A",26,482,0.0539419087136929
"SEMA5A",26,482,0.0539419087136929
"SIGLEC1",26,482,0.0539419087136929
"SLITRK5",26,482,0.0539419087136929
"UBR5",26,482,0.0539419087136929
"USF3",26,482,0.0539419087136929
"VWA3B",26,482,0.0539419087136929
"VWF",26,482,0.0539419087136929
"ABCA1",25,482,0.0518672199170125
"ABCA4",25,482,0.0518672199170125
"ACSS3",25,482,0.0518672199170125
"ADAM22",25,482,0.0518672199170125
"ADGRL4",25,482,0.0518672199170125
"AFF2",25,482,0.0518672199170125
"AHCTF1",25,482,0.0518672199170125
"AMPH",25,482,0.0518672199170125
"BOD1L1",25,482,0.0518672199170125
"CALCR",25,482,0.0518672199170125
"CAMTA1",25,482,0.0518672199170125
"CDH23",25,482,0.0518672199170125
"CHRM2",25,482,0.0518672199170125
"COL5A3",25,482,0.0518672199170125
"EPHB1",25,482,0.0518672199170125
"FBXW7",25,482,0.0518672199170125
"FCRL2",25,482,0.0518672199170125
"FCRL3",25,482,0.0518672199170125
"HDAC9",25,482,0.0518672199170125
"HECW2",25,482,0.0518672199170125
"HIVEP1",25,482,0.0518672199170125
"KATNIP",25,482,0.0518672199170125
"MED12L",25,482,0.0518672199170125
"MS4A14",25,482,0.0518672199170125
"MYO7B",25,482,0.0518672199170125
"NCKAP1L",25,482,0.0518672199170125
"OR10G8",25,482,0.0518672199170125
"OR5F1",25,482,0.0518672199170125
"PARD3B",25,482,0.0518672199170125
"PCDH11Y",25,482,0.0518672199170125
"PDE11A",25,482,0.0518672199170125
"PDE4DIP",25,482,0.0518672199170125
"PLCB1",25,482,0.0518672199170125
"PNLIPRP3",25,482,0.0518672199170125
"PXDN",25,482,0.0518672199170125
"SAGE1",25,482,0.0518672199170125
"SLC9A2",25,482,0.0518672199170125
"SRRM2",25,482,0.0518672199170125
"ST18",25,482,0.0518672199170125
"TEX15",25,482,0.0518672199170125
"TGIF2LX",25,482,0.0518672199170125
"TRPM1",25,482,0.0518672199170125
"TSHZ2",25,482,0.0518672199170125
"ZNF462",25,482,0.0518672199170125
"ZNF98",25,482,0.0518672199170125
"ABCC11",24,482,0.0497925311203319
"ABCD2",24,482,0.0497925311203319
"ADAM18",24,482,0.0497925311203319
"ANK1",24,482,0.0497925311203319
"APBA2",24,482,0.0497925311203319
"CEP192",24,482,0.0497925311203319
"CFAP44",24,482,0.0497925311203319
"CNTN3",24,482,0.0497925311203319
"CPAMD8",24,482,0.0497925311203319
"CR2",24,482,0.0497925311203319
"CRACD",24,482,0.0497925311203319
"CWH43",24,482,0.0497925311203319
"ESRRG",24,482,0.0497925311203319
"FRMPD1",24,482,0.0497925311203319
"HRNR",24,482,0.0497925311203319
"IGHV1OR21-1",24,482,0.0497925311203319
"ITIH6",24,482,0.0497925311203319
"ITPR2",24,482,0.0497925311203319
"KIAA1549L",24,482,0.0497925311203319
"LRRC66",24,482,0.0497925311203319
"MUC4",24,482,0.0497925311203319
"NLRP7",24,482,0.0497925311203319
"NUP205",24,482,0.0497925311203319
"OR4D5",24,482,0.0497925311203319
"OR5D16",24,482,0.0497925311203319
"OR5L1",24,482,0.0497925311203319
"PCDHB12",24,482,0.0497925311203319
"PCDHB8",24,482,0.0497925311203319
"PREX1",24,482,0.0497925311203319
"RFX6",24,482,0.0497925311203319
"RTN1",24,482,0.0497925311203319
"STXBP5L",24,482,0.0497925311203319
"TBX22",24,482,0.0497925311203319
"TRIM51",24,482,0.0497925311203319
"TRIO",24,482,0.0497925311203319
"TRPM6",24,482,0.0497925311203319
"UNC13A",24,482,0.0497925311203319
"USP9X",24,482,0.0497925311203319
"WNK1",24,482,0.0497925311203319
"ABCA10",23,482,0.0477178423236514
"ABCA8",23,482,0.0477178423236514
"ADAMTS3",23,482,0.0477178423236514
"ADGRL2",23,482,0.0477178423236514
"APC",23,482,0.0477178423236514
"ARHGAP31",23,482,0.0477178423236514
"ATP13A5",23,482,0.0477178423236514
"ATP8B4",23,482,0.0477178423236514
"C7",23,482,0.0477178423236514
"CACNA1S",23,482,0.0477178423236514
"CASR",23,482,0.0477178423236514
"CDH7",23,482,0.0477178423236514
"COL5A2",23,482,0.0477178423236514
"CR1",23,482,0.0477178423236514
"DOCK11",23,482,0.0477178423236514
"DPPA4",23,482,0.0477178423236514
"DSP",23,482,0.0477178423236514
"EGFLAM",23,482,0.0477178423236514
"FNDC1",23,482,0.0477178423236514
"FREM1",23,482,0.0477178423236514
"GFRAL",23,482,0.0477178423236514
"IMPG2",23,482,0.0477178423236514
"KCNH8",23,482,0.0477178423236514
"KCTD8",23,482,0.0477178423236514
"MAGEC3",23,482,0.0477178423236514
"MAGEE1",23,482,0.0477178423236514
"MBD5",23,482,0.0477178423236514
"MKRN3",23,482,0.0477178423236514
"MYPN",23,482,0.0477178423236514
"NAALAD2",23,482,0.0477178423236514
"NAV2",23,482,0.0477178423236514
"NCAN",23,482,0.0477178423236514
"NID2",23,482,0.0477178423236514
"OLFM3",23,482,0.0477178423236514
"OR2G6",23,482,0.0477178423236514
"OR2L2",23,482,0.0477178423236514
"PCDH9",23,482,0.0477178423236514
"PCDHA6",23,482,0.0477178423236514
"PDZRN3",23,482,0.0477178423236514
"PNLIP",23,482,0.0477178423236514
"POTEF",23,482,0.0477178423236514
"SHPRH",23,482,0.0477178423236514
"SOGA3",23,482,0.0477178423236514
"SPEG",23,482,0.0477178423236514
"TIAM1",23,482,0.0477178423236514
"TJP1",23,482,0.0477178423236514
"TSHZ3",23,482,0.0477178423236514
"UBR4",23,482,0.0477178423236514
"VPS13A",23,482,0.0477178423236514
"WDR7",23,482,0.0477178423236514
"ADAM2",22,482,0.045643153526971
"ADAMTS19",22,482,0.045643153526971
"ADGRB1",22,482,0.045643153526971
"ANKRD17",22,482,0.045643153526971
"ATP10D",22,482,0.045643153526971
"BAZ2B",22,482,0.045643153526971
"BRCA1",22,482,0.045643153526971
"CDH6",22,482,0.045643153526971
"CHD5",22,482,0.045643153526971
"COL11A2",22,482,0.045643153526971
"CUL3",22,482,0.045643153526971
"DCAF12L1",22,482,0.045643153526971
"DSG1",22,482,0.045643153526971
"DYNC2H1",22,482,0.045643153526971
"EPHA7",22,482,0.045643153526971
"FAP",22,482,0.045643153526971
"FCRL1",22,482,0.045643153526971
"GRIK3",22,482,0.045643153526971
"HECTD4",22,482,0.045643153526971
"HFM1",22,482,0.045643153526971
"IGSF9B",22,482,0.045643153526971
"IL1RAPL1",22,482,0.045643153526971
"IMPG1",22,482,0.045643153526971
"KCNC2",22,482,0.045643153526971
"KCND2",22,482,0.045643153526971
"KIAA1549",22,482,0.045643153526971
"KIF21A",22,482,0.045643153526971
"KIRREL2",22,482,0.045643153526971
"MAGEB6",22,482,0.045643153526971
"MCF2",22,482,0.045643153526971
"MME",22,482,0.045643153526971
"MYH9",22,482,0.045643153526971
"NDN",22,482,0.045643153526971
"NPHS1",22,482,0.045643153526971
"NRG3",22,482,0.045643153526971
"NTRK3",22,482,0.045643153526971
"OR10AG1",22,482,0.045643153526971
"OR11H12",22,482,0.045643153526971
"OR2AK2",22,482,0.045643153526971
"OR4C13",22,482,0.045643153526971
"OR4P4",22,482,0.045643153526971
"OR5D14",22,482,0.045643153526971
"OR8I2",22,482,0.045643153526971
"PCDH7",22,482,0.045643153526971
"PCDHB4",22,482,0.045643153526971
"PCDHGA2",22,482,0.045643153526971
"PDE10A",22,482,0.045643153526971
"PTCHD4",22,482,0.045643153526971
"PTPRH",22,482,0.045643153526971
"REV3L",22,482,0.045643153526971
"RGS22",22,482,0.045643153526971
"SELP",22,482,0.045643153526971
"SGIP1",22,482,0.045643153526971
"SLC8A3",22,482,0.045643153526971
"SPATA31A1",22,482,0.045643153526971
"SZT2",22,482,0.045643153526971
"TCHH",22,482,0.045643153526971
"TDRD6",22,482,0.045643153526971
"TFAP2D",22,482,0.045643153526971
"TGM6",22,482,0.045643153526971
"TUBA3C",22,482,0.045643153526971
"USP13",22,482,0.045643153526971
"ZBED9",22,482,0.045643153526971
"ZIC4",22,482,0.045643153526971
"ABCG8",21,482,0.0435684647302905
"ANO3",21,482,0.0435684647302905
"AP002512.3",21,482,0.0435684647302905
"APBB1IP",21,482,0.0435684647302905
"ARHGAP36",21,482,0.0435684647302905
"ARID2",21,482,0.0435684647302905
"ASH1L",21,482,0.0435684647302905
"ATR",21,482,0.0435684647302905
"ATRX",21,482,0.0435684647302905
"AXDND1",21,482,0.0435684647302905
"C10orf71",21,482,0.0435684647302905
"C12orf40",21,482,0.0435684647302905
"C3",21,482,0.0435684647302905
"C6orf118",21,482,0.0435684647302905
"CACNA1G",21,482,0.0435684647302905
"CACNA1I",21,482,0.0435684647302905
"CACNA2D1",21,482,0.0435684647302905
"CENPF",21,482,0.0435684647302905
"CEP170",21,482,0.0435684647302905
"CEP350",21,482,0.0435684647302905
"CFAP65",21,482,0.0435684647302905
"CFTR",21,482,0.0435684647302905
"CKAP5",21,482,0.0435684647302905
"CNTN1",21,482,0.0435684647302905
"CORIN",21,482,0.0435684647302905
"CYP11B1",21,482,0.0435684647302905
"DACH2",21,482,0.0435684647302905
"ENAM",21,482,0.0435684647302905
"ENPP1",21,482,0.0435684647302905
"EP300",21,482,0.0435684647302905
"FAM83B",21,482,0.0435684647302905
"FLT1",21,482,0.0435684647302905
"FRMPD2",21,482,0.0435684647302905
"FRYL",21,482,0.0435684647302905
"GABRB3",21,482,0.0435684647302905
"GAD2",21,482,0.0435684647302905
"GCN1",21,482,0.0435684647302905
"GRIA3",21,482,0.0435684647302905
"GUCY1A2",21,482,0.0435684647302905
"HSPG2",21,482,0.0435684647302905
"HTR5A",21,482,0.0435684647302905
"IGSF1",21,482,0.0435684647302905
"IL7R",21,482,0.0435684647302905
"INSR",21,482,0.0435684647302905
"ITGAD",21,482,0.0435684647302905
"ITGAX",21,482,0.0435684647302905
"KCNQ3",21,482,0.0435684647302905
"KDM6A",21,482,0.0435684647302905
"KIF16B",21,482,0.0435684647302905
"KIF21B",21,482,0.0435684647302905
"LAMB4",21,482,0.0435684647302905
"LDB2",21,482,0.0435684647302905
"LIG4",21,482,0.0435684647302905
"LILRB4",21,482,0.0435684647302905
"MUC2",21,482,0.0435684647302905
"MUC3A",21,482,0.0435684647302905
"NCOA6",21,482,0.0435684647302905
"NCOR1",21,482,0.0435684647302905
"NLRP9",21,482,0.0435684647302905
"NR1H4",21,482,0.0435684647302905
"OR10G7",21,482,0.0435684647302905
"OR10Q1",21,482,0.0435684647302905
"OR10S1",21,482,0.0435684647302905
"OR11L1",21,482,0.0435684647302905
"OR2T1",21,482,0.0435684647302905
"OR2T10",21,482,0.0435684647302905
"OR2T12",21,482,0.0435684647302905
"OR2T2",21,482,0.0435684647302905
"OR2T34",21,482,0.0435684647302905
"OR4C11",21,482,0.0435684647302905
"OR4K5",21,482,0.0435684647302905
"OR4S2",21,482,0.0435684647302905
"OR8K5",21,482,0.0435684647302905
"PCDHA2",21,482,0.0435684647302905
"PCDHA7",21,482,0.0435684647302905
"PCDHB6",21,482,0.0435684647302905
"PCNT",21,482,0.0435684647302905
"PDGFRA",21,482,0.0435684647302905
"PHACTR3",21,482,0.0435684647302905
"POSTN",21,482,0.0435684647302905
"PRKCB",21,482,0.0435684647302905
"PYHIN1",21,482,0.0435684647302905
"REG1B",21,482,0.0435684647302905
"ROBO1",21,482,0.0435684647302905
"SEMA5B",21,482,0.0435684647302905
"SETBP1",21,482,0.0435684647302905
"SLC12A5",21,482,0.0435684647302905
"SLC13A1",21,482,0.0435684647302905
"SPTB",21,482,0.0435684647302905
"TPH2",21,482,0.0435684647302905
"ZBTB20",21,482,0.0435684647302905
"ZNF257",21,482,0.0435684647302905
"ABCA6",20,482,0.04149377593361
"ACSM2A",20,482,0.04149377593361
"ADCY1",20,482,0.04149377593361
"ALPK3",20,482,0.04149377593361
"ANKRD11",20,482,0.04149377593361
"ASXL1",20,482,0.04149377593361
"ATAD2",20,482,0.04149377593361
"ATP1A2",20,482,0.04149377593361
"BNC2",20,482,0.04149377593361
"BSN",20,482,0.04149377593361
"C8orf34",20,482,0.04149377593361
"CACNA1B",20,482,0.04149377593361
"CDH11",20,482,0.04149377593361
"CDH19",20,482,0.04149377593361
"CEP162",20,482,0.04149377593361
"CFAP91",20,482,0.04149377593361
"CFHR5",20,482,0.04149377593361
"CHAT",20,482,0.04149377593361
"CLVS1",20,482,0.04149377593361
"COL14A1",20,482,0.04149377593361
"COL4A3",20,482,0.04149377593361
"CPA3",20,482,0.04149377593361
"CUX1",20,482,0.04149377593361
"DCSTAMP",20,482,0.04149377593361
"DIDO1",20,482,0.04149377593361
"DLGAP2",20,482,0.04149377593361
"DMXL2",20,482,0.04149377593361
"DNAH17",20,482,0.04149377593361
"DSEL",20,482,0.04149377593361
"F8",20,482,0.04149377593361
"GREB1",20,482,0.04149377593361
"GTF3C1",20,482,0.04149377593361
"HIVEP2",20,482,0.04149377593361
"HTT",20,482,0.04149377593361
"IGKV1-12",20,482,0.04149377593361
"INSRR",20,482,0.04149377593361
"KCNB2",20,482,0.04149377593361
"KIF1A",20,482,0.04149377593361
"KIF1B",20,482,0.04149377593361
"KNDC1",20,482,0.04149377593361
"LATS1",20,482,0.04149377593361
"LRBA",20,482,0.04149377593361
"LRP5",20,482,0.04149377593361
"MAGEB6B",20,482,0.04149377593361
"MED12",20,482,0.04149377593361
"MSH4",20,482,0.04149377593361
"MUC5AC",20,482,0.04149377593361
"MYLK",20,482,0.04149377593361
"MYO10",20,482,0.04149377593361
"NCOA2",20,482,0.04149377593361
"NELL2",20,482,0.04149377593361
"NES",20,482,0.04149377593361
"OR10K2",20,482,0.04149377593361
"OR4N2",20,482,0.04149377593361
"OR4Q3",20,482,0.04149377593361
"OR5B12",20,482,0.04149377593361
"OR5I1",20,482,0.04149377593361
"OR5J2",20,482,0.04149377593361
"PDILT",20,482,0.04149377593361
"PDYN",20,482,0.04149377593361
"RALGAPA2",20,482,0.04149377593361
"REG3A",20,482,0.04149377593361
"REG3G",20,482,0.04149377593361
"SAMD9L",20,482,0.04149377593361
"SATB2",20,482,0.04149377593361
"SETX",20,482,0.04149377593361
"SIPA1L2",20,482,0.04149377593361
"SIPA1L3",20,482,0.04149377593361
"SLC6A3",20,482,0.04149377593361
"SLCO1A2",20,482,0.04149377593361
"SLITRK1",20,482,0.04149377593361
"SLITRK4",20,482,0.04149377593361
"SSH2",20,482,0.04149377593361
"STON1-GTF2A1L",20,482,0.04149377593361
"TMEM131",20,482,0.04149377593361
"TRIM42",20,482,0.04149377593361
"TRIP12",20,482,0.04149377593361
"TRPM3",20,482,0.04149377593361
"XDH",20,482,0.04149377593361
"ZNF254",20,482,0.04149377593361
"ZNF560",20,482,0.04149377593361
"ZP4",20,482,0.04149377593361
"ABCC8",19,482,0.0394190871369295
"ADGRE1",19,482,0.0394190871369295
"AFF3",19,482,0.0394190871369295
"AKAP3",19,482,0.0394190871369295
"ANKFN1",19,482,0.0394190871369295
"ARFGEF1",19,482,0.0394190871369295
"ARHGAP32",19,482,0.0394190871369295
"ARMC4",19,482,0.0394190871369295
"ATG2B",19,482,0.0394190871369295
"BPTF",19,482,0.0394190871369295
"CACNA2D4",19,482,0.0394190871369295
"CADPS2",19,482,0.0394190871369295
"CELSR2",19,482,0.0394190871369295
"CLVS2",19,482,0.0394190871369295
"CNOT1",19,482,0.0394190871369295
"CNTN4",19,482,0.0394190871369295
"COL20A1",19,482,0.0394190871369295
"COL2A1",19,482,0.0394190871369295
"COL5A1",19,482,0.0394190871369295
"CYBB",19,482,0.0394190871369295
"DCAF8L1",19,482,0.0394190871369295
"DGKB",19,482,0.0394190871369295
"DLG2",19,482,0.0394190871369295
"DMXL1",19,482,0.0394190871369295
"DNAJC13",19,482,0.0394190871369295
"DPP4",19,482,0.0394190871369295
"DROSHA",19,482,0.0394190871369295
"DSG4",19,482,0.0394190871369295
"EIF2AK3",19,482,0.0394190871369295
"ENPEP",19,482,0.0394190871369295
"ENPP3",19,482,0.0394190871369295
"EP400",19,482,0.0394190871369295
"EPG5",19,482,0.0394190871369295
"F13A1",19,482,0.0394190871369295
"FAM71B",19,482,0.0394190871369295
"FLRT2",19,482,0.0394190871369295
"GLI3",19,482,0.0394190871369295
"GOLGA3",19,482,0.0394190871369295
"GON4L",19,482,0.0394190871369295
"GRIA4",19,482,0.0394190871369295
"GRM7",19,482,0.0394190871369295
"GRXCR1",19,482,0.0394190871369295
"HELZ2",19,482,0.0394190871369295
"HIVEP3",19,482,0.0394190871369295
"IQGAP3",19,482,0.0394190871369295
"KCNA5",19,482,0.0394190871369295
"KMT2B",19,482,0.0394190871369295
"KNL1",19,482,0.0394190871369295
"LHCGR",19,482,0.0394190871369295
"LILRB5",19,482,0.0394190871369295
"LRP12",19,482,0.0394190871369295
"MAP3K19",19,482,0.0394190871369295
"MASP1",19,482,0.0394190871369295
"MLLT10",19,482,0.0394190871369295
"MTUS2",19,482,0.0394190871369295
"MYH11",19,482,0.0394190871369295
"MYO15A",19,482,0.0394190871369295
"NCOR2",19,482,0.0394190871369295
"NETO1",19,482,0.0394190871369295
"NOX4",19,482,0.0394190871369295
"OGDHL",19,482,0.0394190871369295
"OR2G2",19,482,0.0394190871369295
"OR2G3",19,482,0.0394190871369295
"OR2M2",19,482,0.0394190871369295
"OR2M7",19,482,0.0394190871369295
"OR4C46",19,482,0.0394190871369295
"OR5T1",19,482,0.0394190871369295
"OR5T2",19,482,0.0394190871369295
"OR5W2",19,482,0.0394190871369295
"OR6K2",19,482,0.0394190871369295
"OR8G5",19,482,0.0394190871369295
"OR8K3",19,482,0.0394190871369295
"PCDHA3",19,482,0.0394190871369295
"PCDHA4",19,482,0.0394190871369295
"PCDHB3",19,482,0.0394190871369295
"PCDHB9",19,482,0.0394190871369295
"PEAK1",19,482,0.0394190871369295
"PLCE1",19,482,0.0394190871369295
"POLE",19,482,0.0394190871369295
"PRKD1",19,482,0.0394190871369295
"PRKN",19,482,0.0394190871369295
"PRLR",19,482,0.0394190871369295
"RALGAPB",19,482,0.0394190871369295
"RASAL2",19,482,0.0394190871369295
"RIMBP2",19,482,0.0394190871369295
"SCN8A",19,482,0.0394190871369295
"SEMA6D",19,482,0.0394190871369295
"SFMBT2",19,482,0.0394190871369295
"SLC12A1",19,482,0.0394190871369295
"SLCO1B3",19,482,0.0394190871369295
"TAF1",19,482,0.0394190871369295
"TET1",19,482,0.0394190871369295
"TNIK",19,482,0.0394190871369295
"TOGARAM1",19,482,0.0394190871369295
"TPO",19,482,0.0394190871369295
"TRPC3",19,482,0.0394190871369295
"UBQLN3",19,482,0.0394190871369295
"VN1R5",19,482,0.0394190871369295
"ZIM2",19,482,0.0394190871369295
"ZNF516",19,482,0.0394190871369295
"ADAMTS9",18,482,0.037344398340249
"ADGRF5",18,482,0.037344398340249
"AFDN",18,482,0.037344398340249
"AGMO",18,482,0.037344398340249
"AMER1",18,482,0.037344398340249
"ANKRD12",18,482,0.037344398340249
"ANKRD26",18,482,0.037344398340249
"ANKRD50",18,482,0.037344398340249
"AOX1",18,482,0.037344398340249
"ARHGAP17",18,482,0.037344398340249
"ASAH2",18,482,0.037344398340249
"ATF7IP",18,482,0.037344398340249
"ATP1A4",18,482,0.037344398340249
"ATP8A2",18,482,0.037344398340249
"CACNA1F",18,482,0.037344398340249
"CAD",18,482,0.037344398340249
"CCDC85A",18,482,0.037344398340249
"CD5L",18,482,0.037344398340249
"CELSR1",18,482,0.037344398340249
"CHL1",18,482,0.037344398340249
"CTTNBP2",18,482,0.037344398340249
"CUX2",18,482,0.037344398340249
"DDX60L",18,482,0.037344398340249
"DICER1",18,482,0.037344398340249
"DISP3",18,482,0.037344398340249
"DPYSL5",18,482,0.037344398340249
"EYA4",18,482,0.037344398340249
"FANCM",18,482,0.037344398340249
"FBXL7",18,482,0.037344398340249
"FIGN",18,482,0.037344398340249
"FUT9",18,482,0.037344398340249
"GP2",18,482,0.037344398340249
"GPATCH8",18,482,0.037344398340249
"GPRASP1",18,482,0.037344398340249
"GRIA1",18,482,0.037344398340249
"HHIPL2",18,482,0.037344398340249
"HTR1E",18,482,0.037344398340249
"IGSF10",18,482,0.037344398340249
"INPPL1",18,482,0.037344398340249
"ITIH2",18,482,0.037344398340249
"ITPR3",18,482,0.037344398340249
"JMJD1C",18,482,0.037344398340249
"KCNN2",18,482,0.037344398340249
"KCNU1",18,482,0.037344398340249
"KIAA1755",18,482,0.037344398340249
"LARGE1",18,482,0.037344398340249
"LILRA2",18,482,0.037344398340249
"LY75",18,482,0.037344398340249
"MAGI1",18,482,0.037344398340249
"MAST2",18,482,0.037344398340249
"MBL2",18,482,0.037344398340249
"MMRN1",18,482,0.037344398340249
"MNDA",18,482,0.037344398340249
"MTNR1B",18,482,0.037344398340249
"NHS",18,482,0.037344398340249
"NOTCH2",18,482,0.037344398340249
"NOTCH3",18,482,0.037344398340249
"NUTM1",18,482,0.037344398340249
"OR10G4",18,482,0.037344398340249
"OR2F2",18,482,0.037344398340249
"OR2M5",18,482,0.037344398340249
"OR52A5",18,482,0.037344398340249
"OR5R1",18,482,0.037344398340249
"OR5T3",18,482,0.037344398340249
"OR9G4",18,482,0.037344398340249
"OVCH1",18,482,0.037344398340249
"PATJ",18,482,0.037344398340249
"PCDHA11",18,482,0.037344398340249
"PCDHA5",18,482,0.037344398340249
"PCDHB11",18,482,0.037344398340249
"PCDHB5",18,482,0.037344398340249
"PCDHGA8",18,482,0.037344398340249
"PEX5L",18,482,0.037344398340249
"PGK2",18,482,0.037344398340249
"PHF3",18,482,0.037344398340249
"PIK3C2B",18,482,0.037344398340249
"PIWIL1",18,482,0.037344398340249
"PKD1",18,482,0.037344398340249
"PLCB4",18,482,0.037344398340249
"PROX1",18,482,0.037344398340249
"PTPRN2",18,482,0.037344398340249
"PTPRR",18,482,0.037344398340249
"RANBP17",18,482,0.037344398340249
"RBP3",18,482,0.037344398340249
"RXFP3",18,482,0.037344398340249
"SETD1A",18,482,0.037344398340249
"SEZ6L",18,482,0.037344398340249
"SHROOM3",18,482,0.037344398340249
"SLC4A10",18,482,0.037344398340249
"SLC4A3",18,482,0.037344398340249
"SLC5A8",18,482,0.037344398340249
"SLC7A13",18,482,0.037344398340249
"SLCO5A1",18,482,0.037344398340249
"SON",18,482,0.037344398340249
"SRCAP",18,482,0.037344398340249
"SRGAP1",18,482,0.037344398340249
"TBX18",18,482,0.037344398340249
"TBX5",18,482,0.037344398340249
"TIAM2",18,482,0.037344398340249
"TNC",18,482,0.037344398340249
"TNRC6A",18,482,0.037344398340249
"TRPC4",18,482,0.037344398340249
"TRPV5",18,482,0.037344398340249
"TTC14",18,482,0.037344398340249
"UGT3A1",18,482,0.037344398340249
"VCPIP1",18,482,0.037344398340249
"XKR3",18,482,0.037344398340249
"ZFC3H1",18,482,0.037344398340249
"ZNF292",18,482,0.037344398340249
"ZNF407",18,482,0.037344398340249
"ZNF638",18,482,0.037344398340249
"ZNF835",18,482,0.037344398340249
"A2ML1",17,482,0.0352697095435685
"ABCB11",17,482,0.0352697095435685
"ABCC2",17,482,0.0352697095435685
"ACSM2B",17,482,0.0352697095435685
"ACTC1",17,482,0.0352697095435685
"ADAM29",17,482,0.0352697095435685
"ADGRB2",17,482,0.0352697095435685
"ANKHD1-EIF4EBP3",17,482,0.0352697095435685
"CACNA1H",17,482,0.0352697095435685
"CADPS",17,482,0.0352697095435685
"CALN1",17,482,0.0352697095435685
"CARD6",17,482,0.0352697095435685
"CCDC170",17,482,0.0352697095435685
"CDH13",17,482,0.0352697095435685
"CDH2",17,482,0.0352697095435685
"CDH20",17,482,0.0352697095435685
"CEP135",17,482,0.0352697095435685
"CHD6",17,482,0.0352697095435685
"CHD8",17,482,0.0352697095435685
"CIT",17,482,0.0352697095435685
"COBL",17,482,0.0352697095435685
"COL4A1",17,482,0.0352697095435685
"COL7A1",17,482,0.0352697095435685
"DCAF12L2",17,482,0.0352697095435685
"DCX",17,482,0.0352697095435685
"DENND2A",17,482,0.0352697095435685
"DPPA2",17,482,0.0352697095435685
"DTNA",17,482,0.0352697095435685
"ENPP2",17,482,0.0352697095435685
"FHL5",17,482,0.0352697095435685
"FPGT-TNNI3K",17,482,0.0352697095435685
"GAB4",17,482,0.0352697095435685
"GABRA6",17,482,0.0352697095435685
"GPRC6A",17,482,0.0352697095435685
"HEPHL1",17,482,0.0352697095435685
"IBTK",17,482,0.0352697095435685
"ITIH5",17,482,0.0352697095435685
"KIAA0319",17,482,0.0352697095435685
"KIF4B",17,482,0.0352697095435685
"KIF5A",17,482,0.0352697095435685
"KIT",17,482,0.0352697095435685
"KNG1",17,482,0.0352697095435685
"LAMC1",17,482,0.0352697095435685
"LRRTM3",17,482,0.0352697095435685
"MAML2",17,482,0.0352697095435685
"MAP1A",17,482,0.0352697095435685
"MARCO",17,482,0.0352697095435685
"MCF2L2",17,482,0.0352697095435685
"MECOM",17,482,0.0352697095435685
"MGA",17,482,0.0352697095435685
"MTOR",17,482,0.0352697095435685
"MTR",17,482,0.0352697095435685
"NINL",17,482,0.0352697095435685
"NIPBL",17,482,0.0352697095435685
"NLRP11",17,482,0.0352697095435685
"NOTCH4",17,482,0.0352697095435685
"NRXN2",17,482,0.0352697095435685
"NSD3",17,482,0.0352697095435685
"NTM",17,482,0.0352697095435685
"OR11H1",17,482,0.0352697095435685
"OR14K1",17,482,0.0352697095435685
"OR2A5",17,482,0.0352697095435685
"OR2B11",17,482,0.0352697095435685
"OR2L8",17,482,0.0352697095435685
"OR2M4",17,482,0.0352697095435685
"OR2T11",17,482,0.0352697095435685
"OR2T33",17,482,0.0352697095435685
"OR4A16",17,482,0.0352697095435685
"OR4K15",17,482,0.0352697095435685
"OR5B2",17,482,0.0352697095435685
"OR5M1",17,482,0.0352697095435685
"OR6K3",17,482,0.0352697095435685
"OR6T1",17,482,0.0352697095435685
"OR8B4",17,482,0.0352697095435685
"OR9G1",17,482,0.0352697095435685
"PASK",17,482,0.0352697095435685
"PCDHA1",17,482,0.0352697095435685
"PCDHA8",17,482,0.0352697095435685
"PCDHB14",17,482,0.0352697095435685
"PCDHGA1",17,482,0.0352697095435685
"PHC3",17,482,0.0352697095435685
"PIK3C2G",17,482,0.0352697095435685
"PIK3R4",17,482,0.0352697095435685
"PLCXD3",17,482,0.0352697095435685
"PLXNA2",17,482,0.0352697095435685
"PRKCG",17,482,0.0352697095435685
"PRKG1",17,482,0.0352697095435685
"PRTG",17,482,0.0352697095435685
"PTPRM",17,482,0.0352697095435685
"RASGRF1",17,482,0.0352697095435685
"RBBP6",17,482,0.0352697095435685
"RET",17,482,0.0352697095435685
"RXFP1",17,482,0.0352697095435685
"SEMA3E",17,482,0.0352697095435685
"SHANK2",17,482,0.0352697095435685
"SIDT1",17,482,0.0352697095435685
"SLX4",17,482,0.0352697095435685
"SOX5",17,482,0.0352697095435685
"SPAG16",17,482,0.0352697095435685
"SPAM1",17,482,0.0352697095435685
"SPEN",17,482,0.0352697095435685
"SPG11",17,482,0.0352697095435685
"SPTBN1",17,482,0.0352697095435685
"STK36",17,482,0.0352697095435685
"SYTL2",17,482,0.0352697095435685
"TAAR6",17,482,0.0352697095435685
"TECRL",17,482,0.0352697095435685
"TEP1",17,482,0.0352697095435685
"THADA",17,482,0.0352697095435685
"THEMIS",17,482,0.0352697095435685
"THOC2",17,482,0.0352697095435685
"TMEM200A",17,482,0.0352697095435685
"TMEM225",17,482,0.0352697095435685
"TRIML1",17,482,0.0352697095435685
"TRPM2",17,482,0.0352697095435685
"TTC21B",17,482,0.0352697095435685
"TYR",17,482,0.0352697095435685
"UMOD",17,482,0.0352697095435685
"VCAM1",17,482,0.0352697095435685
"XRN1",17,482,0.0352697095435685
"ZFYVE26",17,482,0.0352697095435685
"ZNF600",17,482,0.0352697095435685
"ZNF80",17,482,0.0352697095435685
"ZNF836",17,482,0.0352697095435685
"A1CF",16,482,0.033195020746888
"AASS",16,482,0.033195020746888
"ABCA12",16,482,0.033195020746888
"ABCB4",16,482,0.033195020746888
"ABL2",16,482,0.033195020746888
"ACACA",16,482,0.033195020746888
"ACSM4",16,482,0.033195020746888
"ACTN2",16,482,0.033195020746888
"ACTRT1",16,482,0.033195020746888
"ADAMTS4",16,482,0.033195020746888
"ADAMTS5",16,482,0.033195020746888
"ADAMTS6",16,482,0.033195020746888
"ADCY10",16,482,0.033195020746888
"AL121899.2",16,482,0.033195020746888
"ALK",16,482,0.033195020746888
"ALS2",16,482,0.033195020746888
"ARFGEF3",16,482,0.033195020746888
"ARPP21",16,482,0.033195020746888
"ASB5",16,482,0.033195020746888
"ATP1A3",16,482,0.033195020746888
"ATP8A1",16,482,0.033195020746888
"BCAN",16,482,0.033195020746888
"BCORL1",16,482,0.033195020746888
"BDP1",16,482,0.033195020746888
"BIVM-ERCC5",16,482,0.033195020746888
"BPIFB4",16,482,0.033195020746888
"CBLB",16,482,0.033195020746888
"CCDC102B",16,482,0.033195020746888
"CCDC33",16,482,0.033195020746888
"CCDC88A",16,482,0.033195020746888
"CENPJ",16,482,0.033195020746888
"CEP250",16,482,0.033195020746888
"CLMN",16,482,0.033195020746888
"COL28A1",16,482,0.033195020746888
"COL8A1",16,482,0.033195020746888
"CSF2RB",16,482,0.033195020746888
"DACH1",16,482,0.033195020746888
"DEPDC5",16,482,0.033195020746888
"DGKK",16,482,0.033195020746888
"DLGAP1",16,482,0.033195020746888
"DOCK5",16,482,0.033195020746888
"DOCK8",16,482,0.033195020746888
"DRD3",16,482,0.033195020746888
"EPRS1",16,482,0.033195020746888
"ESPL1",16,482,0.033195020746888
"EVC2",16,482,0.033195020746888
"FCRL4",16,482,0.033195020746888
"FGA",16,482,0.033195020746888
"FLT4",16,482,0.033195020746888
"GPRIN3",16,482,0.033195020746888
"HEATR1",16,482,0.033195020746888
"HEATR5B",16,482,0.033195020746888
"HELZ",16,482,0.033195020746888
"IFIH1",16,482,0.033195020746888
"IFT80",16,482,0.033195020746888
"IGSF11",16,482,0.033195020746888
"IQUB",16,482,0.033195020746888
"IRS4",16,482,0.033195020746888
"ITGA10",16,482,0.033195020746888
"ITGB4",16,482,0.033195020746888
"JCAD",16,482,0.033195020746888
"KCNH5",16,482,0.033195020746888
"KCNK10",16,482,0.033195020746888
"KCNQ5",16,482,0.033195020746888
"KCNV1",16,482,0.033195020746888
"KIAA1210",16,482,0.033195020746888
"KIF26B",16,482,0.033195020746888
"KIFAP3",16,482,0.033195020746888
"KIR3DL3",16,482,0.033195020746888
"LAMA3",16,482,0.033195020746888
"LAMC3",16,482,0.033195020746888
"LHX8",16,482,0.033195020746888
"LTBP2",16,482,0.033195020746888
"MAGEC2",16,482,0.033195020746888
"MAST4",16,482,0.033195020746888
"MB21D2",16,482,0.033195020746888
"MED23",16,482,0.033195020746888
"MINAR1",16,482,0.033195020746888
"MYF5",16,482,0.033195020746888
"MYO7A",16,482,0.033195020746888
"MYOCD",16,482,0.033195020746888
"MYOM2",16,482,0.033195020746888
"MYOM3",16,482,0.033195020746888
"NNT",16,482,0.033195020746888
"NPAS4",16,482,0.033195020746888
"NYAP2",16,482,0.033195020746888
"OR14C36",16,482,0.033195020746888
"OR14I1",16,482,0.033195020746888
"OR1S2",16,482,0.033195020746888
"OR2B3",16,482,0.033195020746888
"OR2W3",16,482,0.033195020746888
"OR4K1",16,482,0.033195020746888
"OR52B4",16,482,0.033195020746888
"OR56A1",16,482,0.033195020746888
"OR56A4",16,482,0.033195020746888
"OR5AS1",16,482,0.033195020746888
"OR5H14",16,482,0.033195020746888
"OR5H15",16,482,0.033195020746888
"OR8H1",16,482,0.033195020746888
"OR8H3",16,482,0.033195020746888
"OR8J1",16,482,0.033195020746888
"PARD3",16,482,0.033195020746888
"PCDH8",16,482,0.033195020746888
"PCDHB10",16,482,0.033195020746888
"PCDHB2",16,482,0.033195020746888
"PCDHGA4",16,482,0.033195020746888
"PCF11",16,482,0.033195020746888
"PCNX1",16,482,0.033195020746888
"PCSK5",16,482,0.033195020746888
"PDE3B",16,482,0.033195020746888
"PIK3AP1",16,482,0.033195020746888
"PIK3CB",16,482,0.033195020746888
"PLD5",16,482,0.033195020746888
"PLEKHG4B",16,482,0.033195020746888
"POTEH",16,482,0.033195020746888
"PRAG1",16,482,0.033195020746888
"PSME4",16,482,0.033195020746888
"RFX4",16,482,0.033195020746888
"ROBO2",16,482,0.033195020746888
"RPAP1",16,482,0.033195020746888
"RPH3A",16,482,0.033195020746888
"RPL10L",16,482,0.033195020746888
"SAMD9",16,482,0.033195020746888
"SENP7",16,482,0.033195020746888
"SETD2",16,482,0.033195020746888
"SIM1",16,482,0.033195020746888
"SIPA1L1",16,482,0.033195020746888
"SLC26A7",16,482,0.033195020746888
"SLC5A11",16,482,0.033195020746888
"SLC9C1",16,482,0.033195020746888
"SLCO6A1",16,482,0.033195020746888
"SMARCA4",16,482,0.033195020746888
"SNAP91",16,482,0.033195020746888
"SNTG1",16,482,0.033195020746888
"SORL1",16,482,0.033195020746888
"SOS1",16,482,0.033195020746888
"SP140",16,482,0.033195020746888
"SPTBN2",16,482,0.033195020746888
"ST6GALNAC3",16,482,0.033195020746888
"SULF1",16,482,0.033195020746888
"SYCP1",16,482,0.033195020746888
"TBC1D32",16,482,0.033195020746888
"TET2",16,482,0.033195020746888
"TMEM132E",16,482,0.033195020746888
"TNKS",16,482,0.033195020746888
"TNKS1BP1",16,482,0.033195020746888
"TNRC18",16,482,0.033195020746888
"TRIM48",16,482,0.033195020746888
"TRIM49",16,482,0.033195020746888
"TRPM7",16,482,0.033195020746888
"TTC17",16,482,0.033195020746888
"TUT4",16,482,0.033195020746888
"UHRF1BP1L",16,482,0.033195020746888
"UROC1",16,482,0.033195020746888
"VEPH1",16,482,0.033195020746888
"WDR33",16,482,0.033195020746888
"WDR64",16,482,0.033195020746888
"WSCD2",16,482,0.033195020746888
"WWC3",16,482,0.033195020746888
"YLPM1",16,482,0.033195020746888
"ZIM3",16,482,0.033195020746888
"ZNF229",16,482,0.033195020746888
"ZNF318",16,482,0.033195020746888
"ZNF616",16,482,0.033195020746888
"ZNF665",16,482,0.033195020746888
"ACSBG1",15,482,0.0311203319502075
"ADAD1",15,482,0.0311203319502075
"ADAM23",15,482,0.0311203319502075
"ADAMTS7",15,482,0.0311203319502075
"ADAMTSL1",15,482,0.0311203319502075
"ADCYAP1R1",15,482,0.0311203319502075
"AGBL1",15,482,0.0311203319502075
"AK9",15,482,0.0311203319502075
"AKAP11",15,482,0.0311203319502075
"AL592490.1",15,482,0.0311203319502075
"ANKLE2",15,482,0.0311203319502075
"ANKRD35",15,482,0.0311203319502075
"ARHGAP33",15,482,0.0311203319502075
"ARHGEF11",15,482,0.0311203319502075
"ASXL2",15,482,0.0311203319502075
"ATP4A",15,482,0.0311203319502075
"ATP6V0A2",15,482,0.0311203319502075
"ATP7A",15,482,0.0311203319502075
"BCL9L",15,482,0.0311203319502075
"BOC",15,482,0.0311203319502075
"BRWD1",15,482,0.0311203319502075
"BTK",15,482,0.0311203319502075
"C2CD3",15,482,0.0311203319502075
"C2orf78",15,482,0.0311203319502075
"CADM2",15,482,0.0311203319502075
"CASD1",15,482,0.0311203319502075
"CD109",15,482,0.0311203319502075
"CDC42BPB",15,482,0.0311203319502075
"CDKL5",15,482,0.0311203319502075
"CECR2",15,482,0.0311203319502075
"CELSR3",15,482,0.0311203319502075
"CEP290",15,482,0.0311203319502075
"CFHR4",15,482,0.0311203319502075
"CHD9",15,482,0.0311203319502075
"CHRD",15,482,0.0311203319502075
"CILP",15,482,0.0311203319502075
"CNR1",15,482,0.0311203319502075
"COL1A1",15,482,0.0311203319502075
"CPZ",15,482,0.0311203319502075
"CYLC1",15,482,0.0311203319502075
"DACT1",15,482,0.0311203319502075
"DAGLA",15,482,0.0311203319502075
"DIP2C",15,482,0.0311203319502075
"DNAH1",15,482,0.0311203319502075
"DNHD1",15,482,0.0311203319502075
"DPF3",15,482,0.0311203319502075
"DSG3",15,482,0.0311203319502075
"EDNRB",15,482,0.0311203319502075
"ELOA2",15,482,0.0311203319502075
"EPHB6",15,482,0.0311203319502075
"EXPH5",15,482,0.0311203319502075
"FAM155A",15,482,0.0311203319502075
"FLT3",15,482,0.0311203319502075
"FYB1",15,482,0.0311203319502075
"GCC2",15,482,0.0311203319502075
"GJA8",15,482,0.0311203319502075
"GLI1",15,482,0.0311203319502075
"GPM6A",15,482,0.0311203319502075
"GPR149",15,482,0.0311203319502075
"HAPLN1",15,482,0.0311203319502075
"HDAC4",15,482,0.0311203319502075
"HDC",15,482,0.0311203319502075
"HLX",15,482,0.0311203319502075
"HTR1A",15,482,0.0311203319502075
"IGKV1D-42",15,482,0.0311203319502075
"INPP5D",15,482,0.0311203319502075
"INSC",15,482,0.0311203319502075
"IQCN",15,482,0.0311203319502075
"IQSEC3",15,482,0.0311203319502075
"JAKMIP1",15,482,0.0311203319502075
"KANK4",15,482,0.0311203319502075
"KAT6A",15,482,0.0311203319502075
"KCNH6",15,482,0.0311203319502075
"KDM5A",15,482,0.0311203319502075
"KDM5B",15,482,0.0311203319502075
"KIDINS220",15,482,0.0311203319502075
"KIR2DL1",15,482,0.0311203319502075
"KIR3DL2",15,482,0.0311203319502075
"KLB",15,482,0.0311203319502075
"KMT2E",15,482,0.0311203319502075
"LAMA5",15,482,0.0311203319502075
"LAMB1",15,482,0.0311203319502075
"LCOR",15,482,0.0311203319502075
"LGSN",15,482,0.0311203319502075
"LILRA4",15,482,0.0311203319502075
"LILRB3",15,482,0.0311203319502075
"LRP4",15,482,0.0311203319502075
"LRP6",15,482,0.0311203319502075
"LRRIQ3",15,482,0.0311203319502075
"MAGEB4",15,482,0.0311203319502075
"MED13L",15,482,0.0311203319502075
"MEGF8",15,482,0.0311203319502075
"MIA3",15,482,0.0311203319502075
"MMS22L",15,482,0.0311203319502075
"MPEG1",15,482,0.0311203319502075
"MTRR",15,482,0.0311203319502075
"MYH7B",15,482,0.0311203319502075
"MYO6",15,482,0.0311203319502075
"MYOM1",15,482,0.0311203319502075
"NBEAL1",15,482,0.0311203319502075
"NCAPD3",15,482,0.0311203319502075
"NCKAP5L",15,482,0.0311203319502075
"NLRC5",15,482,0.0311203319502075
"NOD2",15,482,0.0311203319502075
"NOVA1",15,482,0.0311203319502075
"NPC1L1",15,482,0.0311203319502075
"NRCAM",15,482,0.0311203319502075
"NUP133",15,482,0.0311203319502075
"NUP153",15,482,0.0311203319502075
"NXPE4",15,482,0.0311203319502075
"OR10G9",15,482,0.0311203319502075
"OR10K1",15,482,0.0311203319502075
"OR2C3",15,482,0.0311203319502075
"OR2T6",15,482,0.0311203319502075
"OR2T8",15,482,0.0311203319502075
"OR4A5",15,482,0.0311203319502075
"OR4K2",15,482,0.0311203319502075
"OR5B3",15,482,0.0311203319502075
"OR5D13",15,482,0.0311203319502075
"OR8U1",15,482,0.0311203319502075
"P2RY10",15,482,0.0311203319502075
"PABPC5",15,482,0.0311203319502075
"PCDHA9",15,482,0.0311203319502075
"PCDHB13",15,482,0.0311203319502075
"PCDHGA11",15,482,0.0311203319502075
"PCDHGA6",15,482,0.0311203319502075
"PCDHGA7",15,482,0.0311203319502075
"PCDHGA9",15,482,0.0311203319502075
"PCNX2",15,482,0.0311203319502075
"PEX1",15,482,0.0311203319502075
"PHEX",15,482,0.0311203319502075
"PLEKHA5",15,482,0.0311203319502075
"PLEKHH2",15,482,0.0311203319502075
"POTEA",15,482,0.0311203319502075
"PPP1R9A",15,482,0.0311203319502075
"PROS1",15,482,0.0311203319502075
"PRRC2C",15,482,0.0311203319502075
"PSG8",15,482,0.0311203319502075
"PTPRK",15,482,0.0311203319502075
"RASAL1",15,482,0.0311203319502075
"RASAL3",15,482,0.0311203319502075
"RASGRF2",15,482,0.0311203319502075
"RREB1",15,482,0.0311203319502075
"RSPH6A",15,482,0.0311203319502075
"SALL4",15,482,0.0311203319502075
"SEL1L2",15,482,0.0311203319502075
"SEZ6L2",15,482,0.0311203319502075
"SIGLEC12",15,482,0.0311203319502075
"SLC14A2",15,482,0.0311203319502075
"SLC28A1",15,482,0.0311203319502075
"SLC6A19",15,482,0.0311203319502075
"SLC9C2",15,482,0.0311203319502075
"SLIT1",15,482,0.0311203319502075
"SMG1",15,482,0.0311203319502075
"SMPD4",15,482,0.0311203319502075
"SMYD1",15,482,0.0311203319502075
"SPATA17",15,482,0.0311203319502075
"STK31",15,482,0.0311203319502075
"TAB3",15,482,0.0311203319502075
"TEX47",15,482,0.0311203319502075
"TNNI3K",15,482,0.0311203319502075
"TRPC1",15,482,0.0311203319502075
"TRPM8",15,482,0.0311203319502075
"TTK",15,482,0.0311203319502075
"UGT2B10",15,482,0.0311203319502075
"UGT2B11",15,482,0.0311203319502075
"USP24",15,482,0.0311203319502075
"WASHC5",15,482,0.0311203319502075
"XKR4",15,482,0.0311203319502075
"XRN2",15,482,0.0311203319502075
"ZNF425",15,482,0.0311203319502075
"ZNF527",15,482,0.0311203319502075
"ZNF711",15,482,0.0311203319502075
"ZPLD1",15,482,0.0311203319502075
"A2M",14,482,0.029045643153527
"AASDH",14,482,0.029045643153527
"ABCB10",14,482,0.029045643153527
"AC100868.1",14,482,0.029045643153527
"ADAM21",14,482,0.029045643153527
"ADAMTS17",14,482,0.029045643153527
"ADARB2",14,482,0.029045643153527
"ADGRA3",14,482,0.029045643153527
"ADGRG7",14,482,0.029045643153527
"AGL",14,482,0.029045643153527
"AK5",14,482,0.029045643153527
"AMY2B",14,482,0.029045643153527
"APLNR",14,482,0.029045643153527
"ARHGAP21",14,482,0.029045643153527
"ARHGEF26",14,482,0.029045643153527
"ARID4A",14,482,0.029045643153527
"ARID5B",14,482,0.029045643153527
"ASB17",14,482,0.029045643153527
"ATN1",14,482,0.029045643153527
"ATP11C",14,482,0.029045643153527
"ATP2B1",14,482,0.029045643153527
"ATP6V1A",14,482,0.029045643153527
"BANK1",14,482,0.029045643153527
"BAZ1A",14,482,0.029045643153527
"BBS9",14,482,0.029045643153527
"CADM3",14,482,0.029045643153527
"CAND1",14,482,0.029045643153527
"CAPN6",14,482,0.029045643153527
"CCNB3",14,482,0.029045643153527
"CD1E",14,482,0.029045643153527
"CD22",14,482,0.029045643153527
"CDC42BPA",14,482,0.029045643153527
"CDHR2",14,482,0.029045643153527
"CDK12",14,482,0.029045643153527
"CDON",14,482,0.029045643153527
"CEP164",14,482,0.029045643153527
"CFAP46",14,482,0.029045643153527
"CGN",14,482,0.029045643153527
"CHIA",14,482,0.029045643153527
"CHRM3",14,482,0.029045643153527
"CLEC14A",14,482,0.029045643153527
"COL13A1",14,482,0.029045643153527
"COL25A1",14,482,0.029045643153527
"COL4A5",14,482,0.029045643153527
"COL4A6",14,482,0.029045643153527
"COPA",14,482,0.029045643153527
"CSPG4",14,482,0.029045643153527
"CSRNP3",14,482,0.029045643153527
"CWF19L2",14,482,0.029045643153527
"CYLC2",14,482,0.029045643153527
"DCT",14,482,0.029045643153527
"DDI1",14,482,0.029045643153527
"DIP2B",14,482,0.029045643153527
"DLG1",14,482,0.029045643153527
"DOCK7",14,482,0.029045643153527
"DPYD",14,482,0.029045643153527
"DSC1",14,482,0.029045643153527
"DUOX2",14,482,0.029045643153527
"EBF1",14,482,0.029045643153527
"EFCAB6",14,482,0.029045643153527
"EIF2AK4",14,482,0.029045643153527
"EML1",14,482,0.029045643153527
"EMSY",14,482,0.029045643153527
"FAM47B",14,482,0.029045643153527
"FMR1",14,482,0.029045643153527
"FOXG1",14,482,0.029045643153527
"GABRG2",14,482,0.029045643153527
"GALNT5",14,482,0.029045643153527
"GALNTL6",14,482,0.029045643153527
"GHR",14,482,0.029045643153527
"GLP2R",14,482,0.029045643153527
"GOLIM4",14,482,0.029045643153527
"GRIA2",14,482,0.029045643153527
"GUCY1A1",14,482,0.029045643153527
"HAO1",14,482,0.029045643153527
"HEPACAM2",14,482,0.029045643153527
"HK2",14,482,0.029045643153527
"IFT172",14,482,0.029045643153527
"IGHMBP2",14,482,0.029045643153527
"IL1RAPL2",14,482,0.029045643153527
"INHBA",14,482,0.029045643153527
"IPO8",14,482,0.029045643153527
"IQGAP1",14,482,0.029045643153527
"IQGAP2",14,482,0.029045643153527
"JAG2",14,482,0.029045643153527
"KCNH4",14,482,0.029045643153527
"KCNK9",14,482,0.029045643153527
"KCTD16",14,482,0.029045643153527
"KIFC2",14,482,0.029045643153527
"KNTC1",14,482,0.029045643153527
"L1CAM",14,482,0.029045643153527
"LILRB1",14,482,0.029045643153527
"LMX1A",14,482,0.029045643153527
"LRFN2",14,482,0.029045643153527
"LRRC32",14,482,0.029045643153527
"LRRK1",14,482,0.029045643153527
"LVRN",14,482,0.029045643153527
"MAGEA11",14,482,0.029045643153527
"MCHR2",14,482,0.029045643153527
"MIA2",14,482,0.029045643153527
"MMP9",14,482,0.029045643153527
"MPDZ",14,482,0.029045643153527
"MRC2",14,482,0.029045643153527
"MUC6",14,482,0.029045643153527
"MYH3",14,482,0.029045643153527
"NEBL",14,482,0.029045643153527
"NECTIN4",14,482,0.029045643153527
"NFXL1",14,482,0.029045643153527
"NLRP2",14,482,0.029045643153527
"NOS2",14,482,0.029045643153527
"NPY5R",14,482,0.029045643153527
"OPCML",14,482,0.029045643153527
"OR11G2",14,482,0.029045643153527
"OR12D2",14,482,0.029045643153527
"OR4D6",14,482,0.029045643153527
"OR4K13",14,482,0.029045643153527
"OR4L1",14,482,0.029045643153527
"OR51B2",14,482,0.029045643153527
"OR52E2",14,482,0.029045643153527
"OR52E4",14,482,0.029045643153527
"OR5K4",14,482,0.029045643153527
"OR5M10",14,482,0.029045643153527
"OR6K6",14,482,0.029045643153527
"OSBPL6",14,482,0.029045643153527
"PALM2AKAP2",14,482,0.029045643153527
"PANX3",14,482,0.029045643153527
"PARP4",14,482,0.029045643153527
"PAX3",14,482,0.029045643153527
"PCDHB16",14,482,0.029045643153527
"PCDHGA3",14,482,0.029045643153527
"PCDHGA5",14,482,0.029045643153527
"PCDHGB4",14,482,0.029045643153527
"PGR",14,482,0.029045643153527
"PHF20L1",14,482,0.029045643153527
"PI4KA",14,482,0.029045643153527
"PIGG",14,482,0.029045643153527
"PLXNB3",14,482,0.029045643153527
"POU6F2",14,482,0.029045643153527
"PPP4R1",14,482,0.029045643153527
"PRDM16",14,482,0.029045643153527
"PRDM2",14,482,0.029045643153527
"PRG4",14,482,0.029045643153527
"PRR23B",14,482,0.029045643153527
"QSER1",14,482,0.029045643153527
"RAG1",14,482,0.029045643153527
"REST",14,482,0.029045643153527
"RGS12",14,482,0.029045643153527
"RICTOR",14,482,0.029045643153527
"RIF1",14,482,0.029045643153527
"RNF17",14,482,0.029045643153527
"RTL3",14,482,0.029045643153527
"RUBCN",14,482,0.029045643153527
"RXRG",14,482,0.029045643153527
"SASH1",14,482,0.029045643153527
"SCRIB",14,482,0.029045643153527
"SEMA3D",14,482,0.029045643153527
"SERPINA4",14,482,0.029045643153527
"SHROOM4",14,482,0.029045643153527
"SIGLEC10",14,482,0.029045643153527
"SIGLEC8",14,482,0.029045643153527
"SLC18A3",14,482,0.029045643153527
"SLC27A6",14,482,0.029045643153527
"SLC2A13",14,482,0.029045643153527
"SLC35F4",14,482,0.029045643153527
"SLC4A4",14,482,0.029045643153527
"SLC6A15",14,482,0.029045643153527
"SLC7A14",14,482,0.029045643153527
"SLCO2A1",14,482,0.029045643153527
"SLCO4C1",14,482,0.029045643153527
"SMC6",14,482,0.029045643153527
"SMCHD1",14,482,0.029045643153527
"SNAPC4",14,482,0.029045643153527
"SNTG2",14,482,0.029045643153527
"SPATA16",14,482,0.029045643153527
"SPTAN1",14,482,0.029045643153527
"SRRM4",14,482,0.029045643153527
"STAT4",14,482,0.029045643153527
"STON1",14,482,0.029045643153527
"SV2C",14,482,0.029045643153527
"SYCP2",14,482,0.029045643153527
"TAGAP",14,482,0.029045643153527
"TET3",14,482,0.029045643153527
"TEX13A",14,482,0.029045643153527
"TIE1",14,482,0.029045643153527
"TLL2",14,482,0.029045643153527
"TMC3",14,482,0.029045643153527
"TMCC1",14,482,0.029045643153527
"TRDN",14,482,0.029045643153527
"TRIM55",14,482,0.029045643153527
"TRIP11",14,482,0.029045643153527
"TRO",14,482,0.029045643153527
"USP25",14,482,0.029045643153527
"USP33",14,482,0.029045643153527
"VNN1",14,482,0.029045643153527
"XYLT1",14,482,0.029045643153527
"ZBTB16",14,482,0.029045643153527
"ZFP42",14,482,0.029045643153527
"ZFR",14,482,0.029045643153527
"ZNF43",14,482,0.029045643153527
"ZNF451",14,482,0.029045643153527
"ZNF492",14,482,0.029045643153527
"ZNF585B",14,482,0.029045643153527
"ZNF780B",14,482,0.029045643153527
"ZNF813",14,482,0.029045643153527
"ZRANB3",14,482,0.029045643153527
"ZSWIM2",14,482,0.029045643153527
"ABCA5",13,482,0.0269709543568465
"ABCC5",13,482,0.0269709543568465
"ACSM1",13,482,0.0269709543568465
"ADAM7",13,482,0.0269709543568465
"ADGRE2",13,482,0.0269709543568465
"AFF4",13,482,0.0269709543568465
"AGTR1",13,482,0.0269709543568465
"AHRR",13,482,0.0269709543568465
"AKR1D1",13,482,0.0269709543568465
"ALG13",13,482,0.0269709543568465
"ALPK1",13,482,0.0269709543568465
"AOC1",13,482,0.0269709543568465
"ARHGAP11A",13,482,0.0269709543568465
"ARHGAP5",13,482,0.0269709543568465
"ARMH4",13,482,0.0269709543568465
"ASAP2",13,482,0.0269709543568465
"ATG2A",13,482,0.0269709543568465
"ATP11A",13,482,0.0269709543568465
"ATP11B",13,482,0.0269709543568465
"ATP13A2",13,482,0.0269709543568465
"ATP13A4",13,482,0.0269709543568465
"BAIAP3",13,482,0.0269709543568465
"BCOR",13,482,0.0269709543568465
"BMP5",13,482,0.0269709543568465
"BRAF",13,482,0.0269709543568465
"BTBD7",13,482,0.0269709543568465
"BTN2A2",13,482,0.0269709543568465
"C2CD5",13,482,0.0269709543568465
"CASS4",13,482,0.0269709543568465
"CBLN2",13,482,0.0269709543568465
"CCAR1",13,482,0.0269709543568465
"CCDC136",13,482,0.0269709543568465
"CCDC150",13,482,0.0269709543568465
"CCDC63",13,482,0.0269709543568465
"CCDC73",13,482,0.0269709543568465
"CCSER1",13,482,0.0269709543568465
"CD1B",13,482,0.0269709543568465
"CDH4",13,482,0.0269709543568465
"CEP112",13,482,0.0269709543568465
"CEP126",13,482,0.0269709543568465
"CEP128",13,482,0.0269709543568465
"CEP152",13,482,0.0269709543568465
"CEP63",13,482,0.0269709543568465
"CFAP54",13,482,0.0269709543568465
"CGNL1",13,482,0.0269709543568465
"CHRNA4",13,482,0.0269709543568465
"CILP2",13,482,0.0269709543568465
"CNBD1",13,482,0.0269709543568465
"CNGA3",13,482,0.0269709543568465
"CNGA4",13,482,0.0269709543568465
"CNTLN",13,482,0.0269709543568465
"COL21A1",13,482,0.0269709543568465
"COL27A1",13,482,0.0269709543568465
"CPB1",13,482,0.0269709543568465
"CRYBG1",13,482,0.0269709543568465
"CSF2RA",13,482,0.0269709543568465
"CSPP1",13,482,0.0269709543568465
"CYFIP1",13,482,0.0269709543568465
"CYP4F8",13,482,0.0269709543568465
"DAAM2",13,482,0.0269709543568465
"DDR2",13,482,0.0269709543568465
"DENND4A",13,482,0.0269709543568465
"DENND4C",13,482,0.0269709543568465
"DGKD",13,482,0.0269709543568465
"DGKG",13,482,0.0269709543568465
"DIAPH3",13,482,0.0269709543568465
"DISP1",13,482,0.0269709543568465
"DNAI4",13,482,0.0269709543568465
"DOCK3",13,482,0.0269709543568465
"DOP1A",13,482,0.0269709543568465
"DYNC1I1",13,482,0.0269709543568465
"EIF4G3",13,482,0.0269709543568465
"ELAPOR2",13,482,0.0269709543568465
"EPHA8",13,482,0.0269709543568465
"EPHB3",13,482,0.0269709543568465
"ERN2",13,482,0.0269709543568465
"EVPL",13,482,0.0269709543568465
"FAM135A",13,482,0.0269709543568465
"FAM160A2",13,482,0.0269709543568465
"FGD6",13,482,0.0269709543568465
"FRG2C",13,482,0.0269709543568465
"FRMPD3",13,482,0.0269709543568465
"GABRB1",13,482,0.0269709543568465
"GAS2L3",13,482,0.0269709543568465
"GJA10",13,482,0.0269709543568465
"GK2",13,482,0.0269709543568465
"GLI2",13,482,0.0269709543568465
"GLRA2",13,482,0.0269709543568465
"GLYATL1",13,482,0.0269709543568465
"GPR63",13,482,0.0269709543568465
"GRIP1",13,482,0.0269709543568465
"GTF3C2",13,482,0.0269709543568465
"GUCY2C",13,482,0.0269709543568465
"GYS2",13,482,0.0269709543568465
"HACE1",13,482,0.0269709543568465
"HECTD1",13,482,0.0269709543568465
"HELB",13,482,0.0269709543568465
"HIP1",13,482,0.0269709543568465
"HK3",13,482,0.0269709543568465
"HSPA6",13,482,0.0269709543568465
"IGFN1",13,482,0.0269709543568465
"IGKV3D-11",13,482,0.0269709543568465
"IQCG",13,482,0.0269709543568465
"IRF6",13,482,0.0269709543568465
"IRS1",13,482,0.0269709543568465
"IRX1",13,482,0.0269709543568465
"ITGA2",13,482,0.0269709543568465
"JPH2",13,482,0.0269709543568465
"KAT6B",13,482,0.0269709543568465
"KCNMA1",13,482,0.0269709543568465
"KCNT1",13,482,0.0269709543568465
"KDM2B",13,482,0.0269709543568465
"KDM7A",13,482,0.0269709543568465
"KIAA0100",13,482,0.0269709543568465
"KIF13B",13,482,0.0269709543568465
"KIR3DL1",13,482,0.0269709543568465
"KRT73",13,482,0.0269709543568465
"LCP1",13,482,0.0269709543568465
"LMO7",13,482,0.0269709543568465
"LPAR4",13,482,0.0269709543568465
"LPIN2",13,482,0.0269709543568465
"LRRC4B",13,482,0.0269709543568465
"MAGEB1",13,482,0.0269709543568465
"MAGEB2",13,482,0.0269709543568465
"MAP1B",13,482,0.0269709543568465
"MARCHF6",13,482,0.0269709543568465
"MCM3AP",13,482,0.0269709543568465
"MCTP1",13,482,0.0269709543568465
"MDC1",13,482,0.0269709543568465
"MEFV",13,482,0.0269709543568465
"MEGF10",13,482,0.0269709543568465
"MON2",13,482,0.0269709543568465
"MOXD1",13,482,0.0269709543568465
"MPO",13,482,0.0269709543568465
"MTMR12",13,482,0.0269709543568465
"MYBPC3",13,482,0.0269709543568465
"MYH14",13,482,0.0269709543568465
"NADSYN1",13,482,0.0269709543568465
"NCOA1",13,482,0.0269709543568465
"NEO1",13,482,0.0269709543568465
"NEUROD6",13,482,0.0269709543568465
"NLRC4",13,482,0.0269709543568465
"NTNG1",13,482,0.0269709543568465
"NUP155",13,482,0.0269709543568465
"OR13G1",13,482,0.0269709543568465
"OR14A16",13,482,0.0269709543568465
"OR2F1",13,482,0.0269709543568465
"OR2J3",13,482,0.0269709543568465
"OR2L3",13,482,0.0269709543568465
"OR2T27",13,482,0.0269709543568465
"OR4D10",13,482,0.0269709543568465
"OR4D2",13,482,0.0269709543568465
"OR52E6",13,482,0.0269709543568465
"OR5AC2",13,482,0.0269709543568465
"OR5H1",13,482,0.0269709543568465
"OR5M8",13,482,0.0269709543568465
"OR5P2",13,482,0.0269709543568465
"OR6N2",13,482,0.0269709543568465
"OR7D4",13,482,0.0269709543568465
"OR8B8",13,482,0.0269709543568465
"OR8K1",13,482,0.0269709543568465
"OR9A2",13,482,0.0269709543568465
"PACS2",13,482,0.0269709543568465
"PAK5",13,482,0.0269709543568465
"PBRM1",13,482,0.0269709543568465
"PCARE",13,482,0.0269709543568465
"PCDH18",13,482,0.0269709543568465
"PCDH19",13,482,0.0269709543568465
"PCDHGA12",13,482,0.0269709543568465
"PCDHGB5",13,482,0.0269709543568465
"PDE8B",13,482,0.0269709543568465
"PHIP",13,482,0.0269709543568465
"PHKA2",13,482,0.0269709543568465
"PLEKHG1",13,482,0.0269709543568465
"PLG",13,482,0.0269709543568465
"PLPPR4",13,482,0.0269709543568465
"PLXNA1",13,482,0.0269709543568465
"PMFBP1",13,482,0.0269709543568465
"POLA1",13,482,0.0269709543568465
"PPFIA1",13,482,0.0269709543568465
"PPP1R13L",13,482,0.0269709543568465
"PRRC2A",13,482,0.0269709543568465
"PSD",13,482,0.0269709543568465
"PTPN13",13,482,0.0269709543568465
"PTPN4",13,482,0.0269709543568465
"PTPRE",13,482,0.0269709543568465
"PTPRU",13,482,0.0269709543568465
"PYGM",13,482,0.0269709543568465
"QRFPR",13,482,0.0269709543568465
"RADIL",13,482,0.0269709543568465
"RAI1",13,482,0.0269709543568465
"RALGAPA1",13,482,0.0269709543568465
"RASGRP3",13,482,0.0269709543568465
"RASSF9",13,482,0.0269709543568465
"RC3H1",13,482,0.0269709543568465
"RELCH",13,482,0.0269709543568465
"RESF1",13,482,0.0269709543568465
"RGL1",13,482,0.0269709543568465
"RIN3",13,482,0.0269709543568465
"RNF144A",13,482,0.0269709543568465
"RPS6KC1",13,482,0.0269709543568465
"SAMD3",13,482,0.0269709543568465
"SATL1",13,482,0.0269709543568465
"SCYL2",13,482,0.0269709543568465
"SGSM1",13,482,0.0269709543568465
"SLC17A3",13,482,0.0269709543568465
"SLC30A8",13,482,0.0269709543568465
"SLC45A2",13,482,0.0269709543568465
"SLC9A4",13,482,0.0269709543568465
"SMC4",13,482,0.0269709543568465
"SPATA31A3",13,482,0.0269709543568465
"SPOCK3",13,482,0.0269709543568465
"STAB1",13,482,0.0269709543568465
"STARD13",13,482,0.0269709543568465
"STARD8",13,482,0.0269709543568465
"SUCO",13,482,0.0269709543568465
"SUN5",13,482,0.0269709543568465
"SWT1",13,482,0.0269709543568465
"SYNJ2",13,482,0.0269709543568465
"SYT9",13,482,0.0269709543568465
"SYTL5",13,482,0.0269709543568465
"TAS2R41",13,482,0.0269709543568465
"TAS2R60",13,482,0.0269709543568465
"TBC1D8B",13,482,0.0269709543568465
"TBC1D9",13,482,0.0269709543568465
"TENM2",13,482,0.0269709543568465
"TEX14",13,482,0.0269709543568465
"TIMD4",13,482,0.0269709543568465
"TLE4",13,482,0.0269709543568465
"TMC2",13,482,0.0269709543568465
"TMEM108",13,482,0.0269709543568465
"TMTC2",13,482,0.0269709543568465
"TOPORS",13,482,0.0269709543568465
"TPTE2",13,482,0.0269709543568465
"TRIM60",13,482,0.0269709543568465
"TSHZ1",13,482,0.0269709543568465
"TTI1",13,482,0.0269709543568465
"TTPA",13,482,0.0269709543568465
"TXLNB",13,482,0.0269709543568465
"TXNDC16",13,482,0.0269709543568465
"UFL1",13,482,0.0269709543568465
"UGGT1",13,482,0.0269709543568465
"UGGT2",13,482,0.0269709543568465
"UGT2B28",13,482,0.0269709543568465
"UGT3A2",13,482,0.0269709543568465
"USP26",13,482,0.0269709543568465
"USP54",13,482,0.0269709543568465
"VAV1",13,482,0.0269709543568465
"VPS16",13,482,0.0269709543568465
"VPS50",13,482,0.0269709543568465
"VWA5A",13,482,0.0269709543568465
"WASHC2A",13,482,0.0269709543568465
"WDPCP",13,482,0.0269709543568465
"WDR49",13,482,0.0269709543568465
"WNK3",13,482,0.0269709543568465
"WNK4",13,482,0.0269709543568465
"ZBTB11",13,482,0.0269709543568465
"ZFAT",13,482,0.0269709543568465
"ZNF107",13,482,0.0269709543568465
"ZNF184",13,482,0.0269709543568465
"ZNF329",13,482,0.0269709543568465
"ZNF33B",13,482,0.0269709543568465
"ZNF37A",13,482,0.0269709543568465
"ZNF496",13,482,0.0269709543568465
"ZNF519",13,482,0.0269709543568465
"ZNF609",13,482,0.0269709543568465
"ZNF681",13,482,0.0269709543568465
"ZSCAN1",13,482,0.0269709543568465
"ZZEF1",13,482,0.0269709543568465
"ABI3BP",12,482,0.024896265560166
"ACKR1",12,482,0.024896265560166
"ACSL6",12,482,0.024896265560166
"ADAM19",12,482,0.024896265560166
"ADAMTS2",12,482,0.024896265560166
"ADCY5",12,482,0.024896265560166
"ADGRF4",12,482,0.024896265560166
"AKAP4",12,482,0.024896265560166
"ANKAR",12,482,0.024896265560166
"ANKRD34B",12,482,0.024896265560166
"ANKRD44",12,482,0.024896265560166
"AP3B2",12,482,0.024896265560166
"ARAP2",12,482,0.024896265560166
"ARHGAP30",12,482,0.024896265560166
"ARHGEF12",12,482,0.024896265560166
"ASAP1",12,482,0.024896265560166
"ATP12A",12,482,0.024896265560166
"ATP2C1",12,482,0.024896265560166
"BCLAF1",12,482,0.024896265560166
"BEND2",12,482,0.024896265560166
"BEND3",12,482,0.024896265560166
"BMPER",12,482,0.024896265560166
"C8A",12,482,0.024896265560166
"CASZ1",12,482,0.024896265560166
"CATSPERD",12,482,0.024896265560166
"CBLL1",12,482,0.024896265560166
"CCDC158",12,482,0.024896265560166
"CCDC178",12,482,0.024896265560166
"CCDC191",12,482,0.024896265560166
"CD1A",12,482,0.024896265560166
"CDCP2",12,482,0.024896265560166
"CDK5RAP2",12,482,0.024896265560166
"CERKL",12,482,0.024896265560166
"CFHR2",12,482,0.024896265560166
"CHD4",12,482,0.024896265560166
"CHST1",12,482,0.024896265560166
"CIITA",12,482,0.024896265560166
"CIP2A",12,482,0.024896265560166
"CLCA1",12,482,0.024896265560166
"CLEC4F",12,482,0.024896265560166
"CNGA2",12,482,0.024896265560166
"COL26A1",12,482,0.024896265560166
"COL6A5",12,482,0.024896265560166
"COL9A2",12,482,0.024896265560166
"COP1",12,482,0.024896265560166
"CPN1",12,482,0.024896265560166
"CPNE3",12,482,0.024896265560166
"CPXCR1",12,482,0.024896265560166
"CROT",12,482,0.024896265560166
"CTAGE1",12,482,0.024896265560166
"CUL9",12,482,0.024896265560166
"CYLD",12,482,0.024896265560166
"CYP1A1",12,482,0.024896265560166
"DAB1",12,482,0.024896265560166
"DCLK1",12,482,0.024896265560166
"DDX23",12,482,0.024896265560166
"DDX53",12,482,0.024896265560166
"DIP2A",12,482,0.024896265560166
"DNER",12,482,0.024896265560166
"DNM3",12,482,0.024896265560166
"EEF1AKMT4-ECE2",12,482,0.024896265560166
"EML5",12,482,0.024896265560166
"EPPK1",12,482,0.024896265560166
"FGD5",12,482,0.024896265560166
"FGFR2",12,482,0.024896265560166
"FNBP4",12,482,0.024896265560166
"FOXD4L4",12,482,0.024896265560166
"FOXP1",12,482,0.024896265560166
"FOXP2",12,482,0.024896265560166
"FRMPD4",12,482,0.024896265560166
"FYN",12,482,0.024896265560166
"GABRA1",12,482,0.024896265560166
"GAS2L2",12,482,0.024896265560166
"GATA3",12,482,0.024896265560166
"GC",12,482,0.024896265560166
"GCC1",12,482,0.024896265560166
"GEMIN5",12,482,0.024896265560166
"GIGYF2",12,482,0.024896265560166
"GIMAP8",12,482,0.024896265560166
"GJD2",12,482,0.024896265560166
"GLG1",12,482,0.024896265560166
"GLUD2",12,482,0.024896265560166
"GPATCH2",12,482,0.024896265560166
"HDLBP",12,482,0.024896265560166
"HLTF",12,482,0.024896265560166
"HS6ST3",12,482,0.024896265560166
"HTATSF1",12,482,0.024896265560166
"HTR2C",12,482,0.024896265560166
"IGKV1-9",12,482,0.024896265560166
"IGKV1D-16",12,482,0.024896265560166
"IGKV1D-8",12,482,0.024896265560166
"IGKV2D-29",12,482,0.024896265560166
"IGKV3-15",12,482,0.024896265560166
"IL1RL1",12,482,0.024896265560166
"INPP4B",12,482,0.024896265560166
"ITGA4",12,482,0.024896265560166
"ITGA7",12,482,0.024896265560166
"ITIH1",12,482,0.024896265560166
"ITSN1",12,482,0.024896265560166
"JAK2",12,482,0.024896265560166
"JPH3",12,482,0.024896265560166
"KCNQ2",12,482,0.024896265560166
"KHDRBS2",12,482,0.024896265560166
"KIF14",12,482,0.024896265560166
"KIF19",12,482,0.024896265560166
"KIR2DL4",12,482,0.024896265560166
"KLHL32",12,482,0.024896265560166
"LAMP3",12,482,0.024896265560166
"LMBRD2",12,482,0.024896265560166
"LRRIQ4",12,482,0.024896265560166
"MAG",12,482,0.024896265560166
"MAGEA6",12,482,0.024896265560166
"MAGEB18",12,482,0.024896265560166
"MAGEE2",12,482,0.024896265560166
"MAGI3",12,482,0.024896265560166
"MAN2A1",12,482,0.024896265560166
"MANEA",12,482,0.024896265560166
"MAP3K1",12,482,0.024896265560166
"MED13",12,482,0.024896265560166
"MIOS",12,482,0.024896265560166
"MLXIPL",12,482,0.024896265560166
"MORC4",12,482,0.024896265560166
"MRTFA",12,482,0.024896265560166
"MS4A6A",12,482,0.024896265560166
"MSR1",12,482,0.024896265560166
"MTCL1",12,482,0.024896265560166
"MYCT1",12,482,0.024896265560166
"MYEF2",12,482,0.024896265560166
"MYO1F",12,482,0.024896265560166
"MYO3B",12,482,0.024896265560166
"MYO5C",12,482,0.024896265560166
"MYO9A",12,482,0.024896265560166
"MYO9B",12,482,0.024896265560166
"NAV1",12,482,0.024896265560166
"NCAPD2",12,482,0.024896265560166
"NCAPG2",12,482,0.024896265560166
"NEUROD1",12,482,0.024896265560166
"NFASC",12,482,0.024896265560166
"NFATC1",12,482,0.024896265560166
"NFKBIZ",12,482,0.024896265560166
"NIN",12,482,0.024896265560166
"NLRC3",12,482,0.024896265560166
"NLRP10",12,482,0.024896265560166
"NPY1R",12,482,0.024896265560166
"NTNG2",12,482,0.024896265560166
"NTRK1",12,482,0.024896265560166
"NUP214",12,482,0.024896265560166
"NWD1",12,482,0.024896265560166
"NYNRIN",12,482,0.024896265560166
"OCRL",12,482,0.024896265560166
"OGT",12,482,0.024896265560166
"OPHN1",12,482,0.024896265560166
"OR10A4",12,482,0.024896265560166
"OR10T2",12,482,0.024896265560166
"OR2D2",12,482,0.024896265560166
"OR4B1",12,482,0.024896265560166
"OR4C16",12,482,0.024896265560166
"OR4K14",12,482,0.024896265560166
"OR4N5",12,482,0.024896265560166
"OR51E2",12,482,0.024896265560166
"OR52J3",12,482,0.024896265560166
"OR5A1",12,482,0.024896265560166
"OR5A2",12,482,0.024896265560166
"OR5B17",12,482,0.024896265560166
"OR5H2",12,482,0.024896265560166
"OR6M1",12,482,0.024896265560166
"OR6N1",12,482,0.024896265560166
"OR8A1",12,482,0.024896265560166
"OR8B2",12,482,0.024896265560166
"OR8D1",12,482,0.024896265560166
"OR9Q2",12,482,0.024896265560166
"P2RY8",12,482,0.024896265560166
"PALB2",12,482,0.024896265560166
"PAPOLB",12,482,0.024896265560166
"PARP8",12,482,0.024896265560166
"PCDH1",12,482,0.024896265560166
"PCDHA12",12,482,0.024896265560166
"PCDHA13",12,482,0.024896265560166
"PCDHGB1",12,482,0.024896265560166
"PDHA2",12,482,0.024896265560166
"PFAS",12,482,0.024896265560166
"PFKFB1",12,482,0.024896265560166
"PIK3C2A",12,482,0.024896265560166
"PIK3C3",12,482,0.024896265560166
"PIK3R1",12,482,0.024896265560166
"PKDREJ",12,482,0.024896265560166
"PKP2",12,482,0.024896265560166
"PLCG2",12,482,0.024896265560166
"PLEKHG2",12,482,0.024896265560166
"PLXNA3",12,482,0.024896265560166
"PLXNC1",12,482,0.024896265560166
"PNISR",12,482,0.024896265560166
"POLR2A",12,482,0.024896265560166
"POP1",12,482,0.024896265560166
"PPEF1",12,482,0.024896265560166
"PPIP5K2",12,482,0.024896265560166
"PPP4R4",12,482,0.024896265560166
"PRDM1",12,482,0.024896265560166
"PRSS16",12,482,0.024896265560166
"PSKH2",12,482,0.024896265560166
"PTGER3",12,482,0.024896265560166
"PTPN14",12,482,0.024896265560166
"PTPRJ",12,482,0.024896265560166
"PUM2",12,482,0.024896265560166
"PYGL",12,482,0.024896265560166
"RAB3GAP2",12,482,0.024896265560166
"RAG2",12,482,0.024896265560166
"RAPGEF2",12,482,0.024896265560166
"RB1CC1",12,482,0.024896265560166
"RBL1",12,482,0.024896265560166
"RHAG",12,482,0.024896265560166
"ROCK1",12,482,0.024896265560166
"ROR2",12,482,0.024896265560166
"RPTN",12,482,0.024896265560166
"SAMD7",12,482,0.024896265560166
"SDCCAG8",12,482,0.024896265560166
"SDK2",12,482,0.024896265560166
"SEC16B",12,482,0.024896265560166
"SEC23IP",12,482,0.024896265560166
"SEMA3A",12,482,0.024896265560166
"SEMG2",12,482,0.024896265560166
"SERPINA5",12,482,0.024896265560166
"SERPINI1",12,482,0.024896265560166
"SF3B1",12,482,0.024896265560166
"SGCZ",12,482,0.024896265560166
"SIGLEC6",12,482,0.024896265560166
"SLC12A6",12,482,0.024896265560166
"SLC12A9",12,482,0.024896265560166
"SLC22A2",12,482,0.024896265560166
"SLC24A3",12,482,0.024896265560166
"SLC24A4",12,482,0.024896265560166
"SLC24A5",12,482,0.024896265560166
"SLC2A3",12,482,0.024896265560166
"SLC4A1",12,482,0.024896265560166
"SLC5A1",12,482,0.024896265560166
"SLC5A12",12,482,0.024896265560166
"SLC6A5",12,482,0.024896265560166
"SMARCA2",12,482,0.024896265560166
"SMG7",12,482,0.024896265560166
"SMG8",12,482,0.024896265560166
"SNRNP200",12,482,0.024896265560166
"SP4",12,482,0.024896265560166
"STAG2",12,482,0.024896265560166
"STIL",12,482,0.024896265560166
"SUPT20HL1",12,482,0.024896265560166
"TAAR5",12,482,0.024896265560166
"TAF3",12,482,0.024896265560166
"TAOK1",12,482,0.024896265560166
"TBX3",12,482,0.024896265560166
"TCF20",12,482,0.024896265560166
"TDRD1",12,482,0.024896265560166
"TEX55",12,482,0.024896265560166
"TGFBRAP1",12,482,0.024896265560166
"TICRR",12,482,0.024896265560166
"TINAG",12,482,0.024896265560166
"TLL1",12,482,0.024896265560166
"TMTC1",12,482,0.024896265560166
"TNFRSF11A",12,482,0.024896265560166
"TNS1",12,482,0.024896265560166
"TOX2",12,482,0.024896265560166
"TP63",12,482,0.024896265560166
"TRERF1",12,482,0.024896265560166
"TRIM3",12,482,0.024896265560166
"TRIM6",12,482,0.024896265560166
"TSC2",12,482,0.024896265560166
"TSPOAP1",12,482,0.024896265560166
"TTLL7",12,482,0.024896265560166
"TYK2",12,482,0.024896265560166
"U2SURP",12,482,0.024896265560166
"UBE3A",12,482,0.024896265560166
"UGT8",12,482,0.024896265560166
"UNC5C",12,482,0.024896265560166
"USP6",12,482,0.024896265560166
"VIRMA",12,482,0.024896265560166
"VPS8",12,482,0.024896265560166
"VWCE",12,482,0.024896265560166
"WDR70",12,482,0.024896265560166
"WWC1",12,482,0.024896265560166
"WWP1",12,482,0.024896265560166
"XIRP1",12,482,0.024896265560166
"YEATS2",12,482,0.024896265560166
"ZFAND4",12,482,0.024896265560166
"ZFP64",12,482,0.024896265560166
"ZFR2",12,482,0.024896265560166
"ZHX2",12,482,0.024896265560166
"ZMYM1",12,482,0.024896265560166
"ZMYM3",12,482,0.024896265560166
"ZNF106",12,482,0.024896265560166
"ZNF214",12,482,0.024896265560166
"ZNF25",12,482,0.024896265560166
"ZNF382",12,482,0.024896265560166
"ZNF518A",12,482,0.024896265560166
"ZNF626",12,482,0.024896265560166
"ZNF700",12,482,0.024896265560166
"ZNF761",12,482,0.024896265560166
"ZNF808",12,482,0.024896265560166
"ZNF827",12,482,0.024896265560166
"ZSCAN5B",12,482,0.024896265560166
"ZZZ3",12,482,0.024896265560166
"A4GNT",11,482,0.0228215767634855
"ABCB7",11,482,0.0228215767634855
"ABCC10",11,482,0.0228215767634855
"ABLIM1",11,482,0.0228215767634855
"AC098582.1",11,482,0.0228215767634855
"ACCSL",11,482,0.0228215767634855
"ACSM5",11,482,0.0228215767634855
"ACTG2",11,482,0.0228215767634855
"ACTN4",11,482,0.0228215767634855
"ADAM12",11,482,0.0228215767634855
"ADAMTS15",11,482,0.0228215767634855
"AGBL2",11,482,0.0228215767634855
"AGTPBP1",11,482,0.0228215767634855
"ALB",11,482,0.0228215767634855
"ANAPC1",11,482,0.0228215767634855
"ANO1",11,482,0.0228215767634855
"AP3D1",11,482,0.0228215767634855
"AQR",11,482,0.0228215767634855
"ARAP3",11,482,0.0228215767634855
"ARHGEF40",11,482,0.0228215767634855
"ASB4",11,482,0.0228215767634855
"ATG7",11,482,0.0228215767634855
"ATP13A1",11,482,0.0228215767634855
"ATP13A3",11,482,0.0228215767634855
"ATP2B3",11,482,0.0228215767634855
"ATP9A",11,482,0.0228215767634855
"AVPR1A",11,482,0.0228215767634855
"BACH2",11,482,0.0228215767634855
"BAG6",11,482,0.0228215767634855
"BAZ1B",11,482,0.0228215767634855
"BBX",11,482,0.0228215767634855
"BMPR2",11,482,0.0228215767634855
"BPIFB6",11,482,0.0228215767634855
"BRDT",11,482,0.0228215767634855
"C10orf90",11,482,0.0228215767634855
"CACNB2",11,482,0.0228215767634855
"CARMIL1",11,482,0.0228215767634855
"CARMIL3",11,482,0.0228215767634855
"CBLIF",11,482,0.0228215767634855
"CCDC110",11,482,0.0228215767634855
"CCDC7",11,482,0.0228215767634855
"CCDC74B",11,482,0.0228215767634855
"CD1C",11,482,0.0228215767634855
"CD1D",11,482,0.0228215767634855
"CD226",11,482,0.0228215767634855
"CD84",11,482,0.0228215767634855
"CDCA2",11,482,0.0228215767634855
"CDH16",11,482,0.0228215767634855
"CDHR1",11,482,0.0228215767634855
"CDK14",11,482,0.0228215767634855
"CDK15",11,482,0.0228215767634855
"CES1",11,482,0.0228215767634855
"CFAP69",11,482,0.0228215767634855
"CFAP74",11,482,0.0228215767634855
"CHD3",11,482,0.0228215767634855
"CHRNB3",11,482,0.0228215767634855
"CLIP1",11,482,0.0228215767634855
"CLSTN3",11,482,0.0228215767634855
"CMTR2",11,482,0.0228215767634855
"CR1L",11,482,0.0228215767634855
"CRIM1",11,482,0.0228215767634855
"CXorf66",11,482,0.0228215767634855
"CYFIP2",11,482,0.0228215767634855
"CYP11B2",11,482,0.0228215767634855
"CYP7A1",11,482,0.0228215767634855
"CYTIP",11,482,0.0228215767634855
"DDX3X",11,482,0.0228215767634855
"DENND1B",11,482,0.0228215767634855
"DHX15",11,482,0.0228215767634855
"DHX37",11,482,0.0228215767634855
"DIAPH2",11,482,0.0228215767634855
"DNAJC10",11,482,0.0228215767634855
"DPP8",11,482,0.0228215767634855
"DPY19L2",11,482,0.0228215767634855
"DYNC2I1",11,482,0.0228215767634855
"DZANK1",11,482,0.0228215767634855
"EBF2",11,482,0.0228215767634855
"ECPAS",11,482,0.0228215767634855
"EEF1AKNMT",11,482,0.0228215767634855
"EFCAB5",11,482,0.0228215767634855
"EFL1",11,482,0.0228215767634855
"EFR3A",11,482,0.0228215767634855
"EGF",11,482,0.0228215767634855
"EIF4G1",11,482,0.0228215767634855
"ELMO1",11,482,0.0228215767634855
"ENOX2",11,482,0.0228215767634855
"EPHA10",11,482,0.0228215767634855
"EPHA2",11,482,0.0228215767634855
"ERC1",11,482,0.0228215767634855
"ERV3-1",11,482,0.0228215767634855
"ESX1",11,482,0.0228215767634855
"EVI5",11,482,0.0228215767634855
"EVX2",11,482,0.0228215767634855
"EXOC2",11,482,0.0228215767634855
"FAM71A",11,482,0.0228215767634855
"FBXO11",11,482,0.0228215767634855
"FERD3L",11,482,0.0228215767634855
"FMO1",11,482,0.0228215767634855
"FTHL17",11,482,0.0228215767634855
"FTO",11,482,0.0228215767634855
"GABRA4",11,482,0.0228215767634855
"GABRA5",11,482,0.0228215767634855
"GABRB2",11,482,0.0228215767634855
"GABRG3",11,482,0.0228215767634855
"GABRQ",11,482,0.0228215767634855
"GAP43",11,482,0.0228215767634855
"GDF10",11,482,0.0228215767634855
"GDF3",11,482,0.0228215767634855
"GEN1",11,482,0.0228215767634855
"GFI1",11,482,0.0228215767634855
"GLB1L2",11,482,0.0228215767634855
"GLRA3",11,482,0.0228215767634855
"GPAM",11,482,0.0228215767634855
"GPR139",11,482,0.0228215767634855
"GPR141",11,482,0.0228215767634855
"GRAMD1B",11,482,0.0228215767634855
"GRAMD1C",11,482,0.0228215767634855
"GRIK1",11,482,0.0228215767634855
"GRIK4",11,482,0.0228215767634855
"GRM6",11,482,0.0228215767634855
"GTDC1",11,482,0.0228215767634855
"GUCY1B1",11,482,0.0228215767634855
"HNMT",11,482,0.0228215767634855
"HOXA3",11,482,0.0228215767634855
"HOXC10",11,482,0.0228215767634855
"HS3ST4",11,482,0.0228215767634855
"IGDCC4",11,482,0.0228215767634855
"IGHV1-45",11,482,0.0228215767634855
"IGKV1D-17",11,482,0.0228215767634855
"IGKV1D-43",11,482,0.0228215767634855
"IGKV6D-41",11,482,0.0228215767634855
"IGSF21",11,482,0.0228215767634855
"INO80",11,482,0.0228215767634855
"INTS1",11,482,0.0228215767634855
"IQCJ-SCHIP1",11,482,0.0228215767634855
"ISL1",11,482,0.0228215767634855
"ITGAM",11,482,0.0228215767634855
"ITGB3",11,482,0.0228215767634855
"ITGBL1",11,482,0.0228215767634855
"ITPR1",11,482,0.0228215767634855
"ITPRID2",11,482,0.0228215767634855
"KANK2",11,482,0.0228215767634855
"KCNG4",11,482,0.0228215767634855
"KEL",11,482,0.0228215767634855
"KIAA0586",11,482,0.0228215767634855
"KIF20B",11,482,0.0228215767634855
"KIR2DL3",11,482,0.0228215767634855
"KLK15",11,482,0.0228215767634855
"KRBA1",11,482,0.0228215767634855
"KSR2",11,482,0.0228215767634855
"L3MBTL3",11,482,0.0228215767634855
"LARP4B",11,482,0.0228215767634855
"LENG8",11,482,0.0228215767634855
"LIPI",11,482,0.0228215767634855
"LMTK2",11,482,0.0228215767634855
"LPP",11,482,0.0228215767634855
"LRIG3",11,482,0.0228215767634855
"LRIT1",11,482,0.0228215767634855
"LRP3",11,482,0.0228215767634855
"LRRC6",11,482,0.0228215767634855
"LRRN2",11,482,0.0228215767634855
"MADD",11,482,0.0228215767634855
"MAGEA4",11,482,0.0228215767634855
"MAN1A1",11,482,0.0228215767634855
"MAP3K15",11,482,0.0228215767634855
"MAP3K21",11,482,0.0228215767634855
"MARCHF10",11,482,0.0228215767634855
"MARCHF11",11,482,0.0228215767634855
"MARK1",11,482,0.0228215767634855
"MAST1",11,482,0.0228215767634855
"MATN2",11,482,0.0228215767634855
"MATN4",11,482,0.0228215767634855
"MBD1",11,482,0.0228215767634855
"MC2R",11,482,0.0228215767634855
"MCM4",11,482,0.0228215767634855
"MEIOC",11,482,0.0228215767634855
"MERTK",11,482,0.0228215767634855
"MGAT4C",11,482,0.0228215767634855
"MINDY4",11,482,0.0228215767634855
"MN1",11,482,0.0228215767634855
"MS4A1",11,482,0.0228215767634855
"MTMR4",11,482,0.0228215767634855
"N4BP2",11,482,0.0228215767634855
"NAALADL2",11,482,0.0228215767634855
"NECTIN1",11,482,0.0228215767634855
"NFAT5",11,482,0.0228215767634855
"NFATC2",11,482,0.0228215767634855
"NISCH",11,482,0.0228215767634855
"NOL4",11,482,0.0228215767634855
"NPAS2",11,482,0.0228215767634855
"NPAS3",11,482,0.0228215767634855
"NPAT",11,482,0.0228215767634855
"NPR1",11,482,0.0228215767634855
"NPY2R",11,482,0.0228215767634855
"NR3C2",11,482,0.0228215767634855
"NR5A2",11,482,0.0228215767634855
"NRDC",11,482,0.0228215767634855
"NT5DC3",11,482,0.0228215767634855
"NUMA1",11,482,0.0228215767634855
"NUP98",11,482,0.0228215767634855
"NXPH1",11,482,0.0228215767634855
"NXPH2",11,482,0.0228215767634855
"OR10H2",11,482,0.0228215767634855
"OR10X1",11,482,0.0228215767634855
"OR1M1",11,482,0.0228215767634855
"OR51B5",11,482,0.0228215767634855
"OR51Q1",11,482,0.0228215767634855
"OR52A1",11,482,0.0228215767634855
"OR52E8",11,482,0.0228215767634855
"OR52N4",11,482,0.0228215767634855
"OR5H6",11,482,0.0228215767634855
"OR5K1",11,482,0.0228215767634855
"OR5M11",11,482,0.0228215767634855
"OR6B1",11,482,0.0228215767634855
"OR6Y1",11,482,0.0228215767634855
"OR8D2",11,482,0.0228215767634855
"OR8D4",11,482,0.0228215767634855
"OR9I1",11,482,0.0228215767634855
"OTOL1",11,482,0.0228215767634855
"OXR1",11,482,0.0228215767634855
"PAH",11,482,0.0228215767634855
"PAQR9",11,482,0.0228215767634855
"PARPBP",11,482,0.0228215767634855
"PBX1",11,482,0.0228215767634855
"PCDHA10",11,482,0.0228215767634855
"PCDHAC1",11,482,0.0228215767634855
"PDPR",11,482,0.0228215767634855
"PDS5B",11,482,0.0228215767634855
"PER1",11,482,0.0228215767634855
"PGAP1",11,482,0.0228215767634855
"PHKA1",11,482,0.0228215767634855
"PHLDB2",11,482,0.0228215767634855
"PI15",11,482,0.0228215767634855
"PIK3R2",11,482,0.0228215767634855
"PKD2L1",11,482,0.0228215767634855
"PLB1",11,482,0.0228215767634855
"PLOD3",11,482,0.0228215767634855
"PLSCR2",11,482,0.0228215767634855
"PLXND1",11,482,0.0228215767634855
"PMS1",11,482,0.0228215767634855
"POU4F2",11,482,0.0228215767634855
"PPARGC1A",11,482,0.0228215767634855
"PPP1R16B",11,482,0.0228215767634855
"PPP2R1A",11,482,0.0228215767634855
"PRAME",11,482,0.0228215767634855
"PRB2",11,482,0.0228215767634855
"PRDM5",11,482,0.0228215767634855
"PRKG2",11,482,0.0228215767634855
"PROKR2",11,482,0.0228215767634855
"PRPF40A",11,482,0.0228215767634855
"PRX",11,482,0.0228215767634855
"PTCH2",11,482,0.0228215767634855
"PTPRG",11,482,0.0228215767634855
"PTPRS",11,482,0.0228215767634855
"R3HDM1",11,482,0.0228215767634855
"RABGAP1L",11,482,0.0228215767634855
"RBL2",11,482,0.0228215767634855
"RIT2",11,482,0.0228215767634855
"RNF31",11,482,0.0228215767634855
"RPGRIP1L",11,482,0.0228215767634855
"RPS6KA2",11,482,0.0228215767634855
"RTN4",11,482,0.0228215767634855
"RXFP2",11,482,0.0228215767634855
"SAP130",11,482,0.0228215767634855
"SATB1",11,482,0.0228215767634855
"SCAF11",11,482,0.0228215767634855
"SCAF4",11,482,0.0228215767634855
"SCEL",11,482,0.0228215767634855
"SCUBE1",11,482,0.0228215767634855
"SEMA4F",11,482,0.0228215767634855
"SH3GL2",11,482,0.0228215767634855
"SH3TC1",11,482,0.0228215767634855
"SIN3A",11,482,0.0228215767634855
"SLAMF6",11,482,0.0228215767634855
"SLC12A3",11,482,0.0228215767634855
"SLC22A9",11,482,0.0228215767634855
"SLC35F1",11,482,0.0228215767634855
"SLC43A3",11,482,0.0228215767634855
"SLC5A4",11,482,0.0228215767634855
"SLC5A7",11,482,0.0228215767634855
"SLC6A12",11,482,0.0228215767634855
"SLCO2B1",11,482,0.0228215767634855
"SMC1B",11,482,0.0228215767634855
"SMG6",11,482,0.0228215767634855
"SOGA1",11,482,0.0228215767634855
"SOS2",11,482,0.0228215767634855
"SPICE1",11,482,0.0228215767634855
"SPIDR",11,482,0.0228215767634855
"SPTBN5",11,482,0.0228215767634855
"SRGAP3",11,482,0.0228215767634855
"SUPT5H",11,482,0.0228215767634855
"SUPT6H",11,482,0.0228215767634855
"TAF2",11,482,0.0228215767634855
"TANC2",11,482,0.0228215767634855
"TARBP1",11,482,0.0228215767634855
"TBX15",11,482,0.0228215767634855
"TBX4",11,482,0.0228215767634855
"TEC",11,482,0.0228215767634855
"TECPR2",11,482,0.0228215767634855
"TIMELESS",11,482,0.0228215767634855
"TLN1",11,482,0.0228215767634855
"TMEM202",11,482,0.0228215767634855
"TMPRSS11F",11,482,0.0228215767634855
"TNRC6B",11,482,0.0228215767634855
"TRAPPC9",11,482,0.0228215767634855
"TRIM56",11,482,0.0228215767634855
"TRIML2",11,482,0.0228215767634855
"TRPC4AP",11,482,0.0228215767634855
"TRPC7",11,482,0.0228215767634855
"TTC13",11,482,0.0228215767634855
"TTC3",11,482,0.0228215767634855
"TTC37",11,482,0.0228215767634855
"TUBGCP2",11,482,0.0228215767634855
"TUT7",11,482,0.0228215767634855
"UACA",11,482,0.0228215767634855
"UBE3C",11,482,0.0228215767634855
"UBN1",11,482,0.0228215767634855
"UBR2",11,482,0.0228215767634855
"UGT2A3",11,482,0.0228215767634855
"UGT2B4",11,482,0.0228215767634855
"UHRF1BP1",11,482,0.0228215767634855
"URB2",11,482,0.0228215767634855
"VARS1",11,482,0.0228215767634855
"VEGFC",11,482,0.0228215767634855
"VN1R4",11,482,0.0228215767634855
"VRTN",11,482,0.0228215767634855
"WEE2",11,482,0.0228215767634855
"WIF1",11,482,0.0228215767634855
"WRN",11,482,0.0228215767634855
"WT1",11,482,0.0228215767634855
"YTHDC2",11,482,0.0228215767634855
"ZC3H13",11,482,0.0228215767634855
"ZC4H2",11,482,0.0228215767634855
"ZFP37",11,482,0.0228215767634855
"ZGRF1",11,482,0.0228215767634855
"ZMAT1",11,482,0.0228215767634855
"ZMIZ1",11,482,0.0228215767634855
"ZMYM4",11,482,0.0228215767634855
"ZMYM6",11,482,0.0228215767634855
"ZNF100",11,482,0.0228215767634855
"ZNF135",11,482,0.0228215767634855
"ZNF239",11,482,0.0228215767634855
"ZNF267",11,482,0.0228215767634855
"ZNF274",11,482,0.0228215767634855
"ZNF28",11,482,0.0228215767634855
"ZNF280A",11,482,0.0228215767634855
"ZNF335",11,482,0.0228215767634855
"ZNF438",11,482,0.0228215767634855
"ZNF483",11,482,0.0228215767634855
"ZNF518B",11,482,0.0228215767634855
"ZNF639",11,482,0.0228215767634855
"ZNF667",11,482,0.0228215767634855
"ZNF721",11,482,0.0228215767634855
"ZNFX1",11,482,0.0228215767634855
"ZSWIM3",11,482,0.0228215767634855
"ZSWIM5",11,482,0.0228215767634855
"AC008397.2",10,482,0.020746887966805
"ACSM3",10,482,0.020746887966805
"ACTA1",10,482,0.020746887966805
"ACVR1B",10,482,0.020746887966805
"ADAM28",10,482,0.020746887966805
"ADAMTS10",10,482,0.020746887966805
"ADAR",10,482,0.020746887966805
"ADCY4",10,482,0.020746887966805
"ADCY6",10,482,0.020746887966805
"ADGRD1",10,482,0.020746887966805
"ADGRE3",10,482,0.020746887966805
"ADRA1A",10,482,0.020746887966805
"AFP",10,482,0.020746887966805
"AGAP1",10,482,0.020746887966805
"AHDC1",10,482,0.020746887966805
"ALDH1A2",10,482,0.020746887966805
"ALDH1L1",10,482,0.020746887966805
"AMBN",10,482,0.020746887966805
"AMPD3",10,482,0.020746887966805
"ANKRD27",10,482,0.020746887966805
"AOAH",10,482,0.020746887966805
"APBA1",10,482,0.020746887966805
"ARFGEF2",10,482,0.020746887966805
"ARHGAP29",10,482,0.020746887966805
"ARHGAP6",10,482,0.020746887966805
"ARHGEF17",10,482,0.020746887966805
"ARHGEF2",10,482,0.020746887966805
"ARMCX2",10,482,0.020746887966805
"ARSF",10,482,0.020746887966805
"ASIC2",10,482,0.020746887966805
"ASIC4",10,482,0.020746887966805
"ASIC5",10,482,0.020746887966805
"ATAD5",10,482,0.020746887966805
"ATP2A2",10,482,0.020746887966805
"ATP6V1B1",10,482,0.020746887966805
"BCAR1",10,482,0.020746887966805
"BCAS3",10,482,0.020746887966805
"BCL11A",10,482,0.020746887966805
"BEST3",10,482,0.020746887966805
"BLM",10,482,0.020746887966805
"BPIFB1",10,482,0.020746887966805
"BRD4",10,482,0.020746887966805
"BRD8",10,482,0.020746887966805
"BRPF3",10,482,0.020746887966805
"BTN1A1",10,482,0.020746887966805
"C6orf58",10,482,0.020746887966805
"C8B",10,482,0.020746887966805
"CA10",10,482,0.020746887966805
"CA11",10,482,0.020746887966805
"CABIN1",10,482,0.020746887966805
"CACNG3",10,482,0.020746887966805
"CAMSAP2",10,482,0.020746887966805
"CARD11",10,482,0.020746887966805
"CASP8",10,482,0.020746887966805
"CATSPERB",10,482,0.020746887966805
"CCDC40",10,482,0.020746887966805
"CCR6",10,482,0.020746887966805
"CD101",10,482,0.020746887966805
"CD207",10,482,0.020746887966805
"CD93",10,482,0.020746887966805
"CDC20B",10,482,0.020746887966805
"CDC42BPG",10,482,0.020746887966805
"CDH17",10,482,0.020746887966805
"CDHR3",10,482,0.020746887966805
"CDR1",10,482,0.020746887966805
"CEACAM5",10,482,0.020746887966805
"CEP104",10,482,0.020746887966805
"CFAP43",10,482,0.020746887966805
"CHIT1",10,482,0.020746887966805
"CHRDL1",10,482,0.020746887966805
"CHRNA1",10,482,0.020746887966805
"CLIP2",10,482,0.020746887966805
"CLIP4",10,482,0.020746887966805
"CLPB",10,482,0.020746887966805
"CLSPN",10,482,0.020746887966805
"CLTC",10,482,0.020746887966805
"CLTCL1",10,482,0.020746887966805
"COG6",10,482,0.020746887966805
"CRISPLD1",10,482,0.020746887966805
"CRYBG3",10,482,0.020746887966805
"CUL5",10,482,0.020746887966805
"CYP26B1",10,482,0.020746887966805
"CYP2B6",10,482,0.020746887966805
"CYP4F12",10,482,0.020746887966805
"DCBLD2",10,482,0.020746887966805
"DDC",10,482,0.020746887966805
"DDHD1",10,482,0.020746887966805
"DDX1",10,482,0.020746887966805
"DDX60",10,482,0.020746887966805
"DENND4B",10,482,0.020746887966805
"DHX57",10,482,0.020746887966805
"DISP2",10,482,0.020746887966805
"DLEC1",10,482,0.020746887966805
"DLGAP3",10,482,0.020746887966805
"DNAJC6",10,482,0.020746887966805
"DOP1B",10,482,0.020746887966805
"DPYS",10,482,0.020746887966805
"DRP2",10,482,0.020746887966805
"DSTYK",10,482,0.020746887966805
"DTX3L",10,482,0.020746887966805
"DYRK1A",10,482,0.020746887966805
"DYTN",10,482,0.020746887966805
"EBF3",10,482,0.020746887966805
"EFCAB3",10,482,0.020746887966805
"EGFR",10,482,0.020746887966805
"EHBP1",10,482,0.020746887966805
"EHMT1",10,482,0.020746887966805
"EIF3A",10,482,0.020746887966805
"ELAVL2",10,482,0.020746887966805
"EMILIN2",10,482,0.020746887966805
"ENTHD1",10,482,0.020746887966805
"EPB41L2",10,482,0.020746887966805
"EPB41L5",10,482,0.020746887966805
"EPB42",10,482,0.020746887966805
"EPHA4",10,482,0.020746887966805
"ERICH6",10,482,0.020746887966805
"ESF1",10,482,0.020746887966805
"ESR1",10,482,0.020746887966805
"ESRRB",10,482,0.020746887966805
"ETNPPL",10,482,0.020746887966805
"EXOC1",10,482,0.020746887966805
"EXOC4",10,482,0.020746887966805
"F11",10,482,0.020746887966805
"F9",10,482,0.020746887966805
"FAM13A",10,482,0.020746887966805
"FAM184A",10,482,0.020746887966805
"FAM83H",10,482,0.020746887966805
"FARP2",10,482,0.020746887966805
"FBXO30",10,482,0.020746887966805
"FBXO40",10,482,0.020746887966805
"FCAR",10,482,0.020746887966805
"FCHO1",10,482,0.020746887966805
"FGB",10,482,0.020746887966805
"FGD3",10,482,0.020746887966805
"FHOD3",10,482,0.020746887966805
"FILIP1L",10,482,0.020746887966805
"FIP1L1",10,482,0.020746887966805
"FLI1",10,482,0.020746887966805
"FMR1NB",10,482,0.020746887966805
"FNDC7",10,482,0.020746887966805
"FNIP1",10,482,0.020746887966805
"FPR2",10,482,0.020746887966805
"FTMT",10,482,0.020746887966805
"GALNT18",10,482,0.020746887966805
"GAPVD1",10,482,0.020746887966805
"GAS7",10,482,0.020746887966805
"GDA",10,482,0.020746887966805
"GFPT2",10,482,0.020746887966805
"GIMAP1",10,482,0.020746887966805
"GLT1D1",10,482,0.020746887966805
"GPATCH1",10,482,0.020746887966805
"GPC3",10,482,0.020746887966805
"GPLD1",10,482,0.020746887966805
"GPR15",10,482,0.020746887966805
"GPR156",10,482,0.020746887966805
"GPR174",10,482,0.020746887966805
"GPR179",10,482,0.020746887966805
"GPR37",10,482,0.020746887966805
"GPR65",10,482,0.020746887966805
"GRK7",10,482,0.020746887966805
"GSE1",10,482,0.020746887966805
"GUCA1C",10,482,0.020746887966805
"H3C2",10,482,0.020746887966805
"HAL",10,482,0.020746887966805
"HDX",10,482,0.020746887966805
"HEG1",10,482,0.020746887966805
"HGD",10,482,0.020746887966805
"HIF3A",10,482,0.020746887966805
"HOOK1",10,482,0.020746887966805
"HOOK2",10,482,0.020746887966805
"HOXD3",10,482,0.020746887966805
"HS3ST5",10,482,0.020746887966805
"HSPB8",10,482,0.020746887966805
"HTR1B",10,482,0.020746887966805
"HTR3B",10,482,0.020746887966805
"HYOU1",10,482,0.020746887966805
"IFT122",10,482,0.020746887966805
"IFT140",10,482,0.020746887966805
"IFT81",10,482,0.020746887966805
"IGHA1",10,482,0.020746887966805
"IGKV1-17",10,482,0.020746887966805
"IGKV2-24",10,482,0.020746887966805
"IGSF9",10,482,0.020746887966805
"IKZF1",10,482,0.020746887966805
"IKZF3",10,482,0.020746887966805
"IL18RAP",10,482,0.020746887966805
"ILDR2",10,482,0.020746887966805
"INTS5",10,482,0.020746887966805
"IPO11",10,482,0.020746887966805
"IRF8",10,482,0.020746887966805
"IRX2",10,482,0.020746887966805
"ISM2",10,482,0.020746887966805
"ISX",10,482,0.020746887966805
"ITCH",10,482,0.020746887966805
"ITGB1",10,482,0.020746887966805
"ITM2A",10,482,0.020746887966805
"JARID2",10,482,0.020746887966805
"JHY",10,482,0.020746887966805
"KANSL1",10,482,0.020746887966805
"KCNA6",10,482,0.020746887966805
"KCNB1",10,482,0.020746887966805
"KCNK18",10,482,0.020746887966805
"KDM3B",10,482,0.020746887966805
"KDM5C",10,482,0.020746887966805
"KIAA0232",10,482,0.020746887966805
"KIAA2026",10,482,0.020746887966805
"KIF13A",10,482,0.020746887966805
"KIF5C",10,482,0.020746887966805
"KLF5",10,482,0.020746887966805
"KLHL14",10,482,0.020746887966805
"KLHL6",10,482,0.020746887966805
"KPNA4",10,482,0.020746887966805
"LAS1L",10,482,0.020746887966805
"LGR5",10,482,0.020746887966805
"LILRA1",10,482,0.020746887966805
"LINGO1",10,482,0.020746887966805
"LONP2",10,482,0.020746887966805
"LPIN1",10,482,0.020746887966805
"LRIF1",10,482,0.020746887966805
"LRIT2",10,482,0.020746887966805
"LRRN3",10,482,0.020746887966805
"LSAMP",10,482,0.020746887966805
"MAGED1",10,482,0.020746887966805
"MAN2C1",10,482,0.020746887966805
"MAP3K9",10,482,0.020746887966805
"MAPK4",10,482,0.020746887966805
"MARCHF4",10,482,0.020746887966805
"MARK2",10,482,0.020746887966805
"MCM10",10,482,0.020746887966805
"MED1",10,482,0.020746887966805
"MED14",10,482,0.020746887966805
"MIB1",10,482,0.020746887966805
"MICAL2",10,482,0.020746887966805
"MLH3",10,482,0.020746887966805
"MMP20",10,482,0.020746887966805
"MON1B",10,482,0.020746887966805
"MROH9",10,482,0.020746887966805
"MTMR11",10,482,0.020746887966805
"MYBPC2",10,482,0.020746887966805
"MYOF",10,482,0.020746887966805
"NAP1L2",10,482,0.020746887966805
"NCAM1",10,482,0.020746887966805
"NCR1",10,482,0.020746887966805
"NDST3",10,482,0.020746887966805
"NEGR1",10,482,0.020746887966805
"NEUROD4",10,482,0.020746887966805
"NIBAN3",10,482,0.020746887966805
"NKX2-2",10,482,0.020746887966805
"NMBR",10,482,0.020746887966805
"NME8",10,482,0.020746887966805
"NPFFR2",10,482,0.020746887966805
"NR4A1",10,482,0.020746887966805
"NRSN1",10,482,0.020746887966805
"NTRK2",10,482,0.020746887966805
"NUAK1",10,482,0.020746887966805
"OFD1",10,482,0.020746887966805
"OLFM4",10,482,0.020746887966805
"OLFML2B",10,482,0.020746887966805
"OPN5",10,482,0.020746887966805
"OPRL1",10,482,0.020746887966805
"OPRM1",10,482,0.020746887966805
"OR11A1",10,482,0.020746887966805
"OR13C8",10,482,0.020746887966805
"OR1S1",10,482,0.020746887966805
"OR4C3",10,482,0.020746887966805
"OR4D11",10,482,0.020746887966805
"OR4D9",10,482,0.020746887966805
"OR4F6",10,482,0.020746887966805
"OR51G1",10,482,0.020746887966805
"OR51I1",10,482,0.020746887966805
"OR51M1",10,482,0.020746887966805
"OR51S1",10,482,0.020746887966805
"OR51V1",10,482,0.020746887966805
"OR56B1",10,482,0.020746887966805
"OR56B4",10,482,0.020746887966805
"OR5AR1",10,482,0.020746887966805
"OR5K3",10,482,0.020746887966805
"OR6S1",10,482,0.020746887966805
"OR8G1",10,482,0.020746887966805
"OR8G2P",10,482,0.020746887966805
"OR9Q1",10,482,0.020746887966805
"OTOA",10,482,0.020746887966805
"OTUD7B",10,482,0.020746887966805
"P3H2",10,482,0.020746887966805
"PAN3",10,482,0.020746887966805
"PARP9",10,482,0.020746887966805
"PAX4",10,482,0.020746887966805
"PCDHAC2",10,482,0.020746887966805
"PCDHB1",10,482,0.020746887966805
"PCDHGA10",10,482,0.020746887966805
"PCDHGB3",10,482,0.020746887966805
"PCDHGB6",10,482,0.020746887966805
"PDE5A",10,482,0.020746887966805
"PDGFRB",10,482,0.020746887966805
"PEAR1",10,482,0.020746887966805
"PEG10",10,482,0.020746887966805
"PER2",10,482,0.020746887966805
"PFKL",10,482,0.020746887966805
"PHKB",10,482,0.020746887966805
"PIEZO2",10,482,0.020746887966805
"PLCB3",10,482,0.020746887966805
"PLEKHG3",10,482,0.020746887966805
"PLEKHG4",10,482,0.020746887966805
"PLEKHO2",10,482,0.020746887966805
"POGLUT1",10,482,0.020746887966805
"POLR1A",10,482,0.020746887966805
"POLR2B",10,482,0.020746887966805
"POU2F1",10,482,0.020746887966805
"PPFIA3",10,482,0.020746887966805
"PPFIA4",10,482,0.020746887966805
"PRAMEF19",10,482,0.020746887966805
"PRDM14",10,482,0.020746887966805
"PRKCE",10,482,0.020746887966805
"PRKCQ",10,482,0.020746887966805
"PRODH2",10,482,0.020746887966805
"PRR30",10,482,0.020746887966805
"PRRC2B",10,482,0.020746887966805
"PRSS12",10,482,0.020746887966805
"PRSS35",10,482,0.020746887966805
"PSG2",10,482,0.020746887966805
"PTH2R",10,482,0.020746887966805
"PTK2",10,482,0.020746887966805
"RALYL",10,482,0.020746887966805
"RASA3",10,482,0.020746887966805
"RBM46",10,482,0.020746887966805
"REV1",10,482,0.020746887966805
"RFPL2",10,482,0.020746887966805
"RGS6",10,482,0.020746887966805
"RNF111",10,482,0.020746887966805
"ROCK2",10,482,0.020746887966805
"RSAD2",10,482,0.020746887966805
"S1PR1",10,482,0.020746887966805
"SALL2",10,482,0.020746887966805
"SBSN",10,482,0.020746887966805
"SDS",10,482,0.020746887966805
"SELE",10,482,0.020746887966805
"SFSWAP",10,482,0.020746887966805
"SH3TC2",10,482,0.020746887966805
"SHOX2",10,482,0.020746887966805
"SHROOM2",10,482,0.020746887966805
"SIGLEC5",10,482,0.020746887966805
"SIRPG",10,482,0.020746887966805
"SLC12A7",10,482,0.020746887966805
"SLC22A8",10,482,0.020746887966805
"SLC24A2",10,482,0.020746887966805
"SLC25A13",10,482,0.020746887966805
"SLC26A3",10,482,0.020746887966805
"SLC26A4",10,482,0.020746887966805
"SLC26A5",10,482,0.020746887966805
"SLC2A14",10,482,0.020746887966805
"SLC2A2",10,482,0.020746887966805
"SLC39A3",10,482,0.020746887966805
"SLC4A5",10,482,0.020746887966805
"SLC5A6",10,482,0.020746887966805
"SLC6A17",10,482,0.020746887966805
"SMG5",10,482,0.020746887966805
"SNRPN",10,482,0.020746887966805
"SOCS6",10,482,0.020746887966805
"SOX14",10,482,0.020746887966805
"SPG7",10,482,0.020746887966805
"SPRY3",10,482,0.020746887966805
"ST6GAL2",10,482,0.020746887966805
"ST6GALNAC5",10,482,0.020746887966805
"SUGCT",10,482,0.020746887966805
"SUGP1",10,482,0.020746887966805
"SVIL",10,482,0.020746887966805
"SYMPK",10,482,0.020746887966805
"SYNE3",10,482,0.020746887966805
"SYNGAP1",10,482,0.020746887966805
"SYNJ1",10,482,0.020746887966805
"SYNPO2",10,482,0.020746887966805
"SYNRG",10,482,0.020746887966805
"TAAR1",10,482,0.020746887966805
"TAF1C",10,482,0.020746887966805
"TAOK3",10,482,0.020746887966805
"TASP1",10,482,0.020746887966805
"TBC1D25",10,482,0.020746887966805
"TBXT",10,482,0.020746887966805
"TCN2",10,482,0.020746887966805
"TCTN2",10,482,0.020746887966805
"TEX2",10,482,0.020746887966805
"TF",10,482,0.020746887966805
"TFAP2B",10,482,0.020746887966805
"TGFBR3",10,482,0.020746887966805
"TLE1",10,482,0.020746887966805
"TLR8",10,482,0.020746887966805
"TMEM161B",10,482,0.020746887966805
"TMEM168",10,482,0.020746887966805
"TMPRSS9",10,482,0.020746887966805
"TONSL",10,482,0.020746887966805
"TOPBP1",10,482,0.020746887966805
"TRAT1",10,482,0.020746887966805
"TRIM36",10,482,0.020746887966805
"TRIM37",10,482,0.020746887966805
"TRIM9",10,482,0.020746887966805
"TROAP",10,482,0.020746887966805
"TRPV4",10,482,0.020746887966805
"TSPEAR",10,482,0.020746887966805
"TTBK1",10,482,0.020746887966805
"TTLL2",10,482,0.020746887966805
"TUBGCP5",10,482,0.020746887966805
"TULP4",10,482,0.020746887966805
"TYW1",10,482,0.020746887966805
"UBA2",10,482,0.020746887966805
"UBE2NL",10,482,0.020746887966805
"UBN2",10,482,0.020746887966805
"UBXN4",10,482,0.020746887966805
"ULK1",10,482,0.020746887966805
"UMODL1",10,482,0.020746887966805
"UNC13B",10,482,0.020746887966805
"UNC45B",10,482,0.020746887966805
"UNC93A",10,482,0.020746887966805
"URGCP",10,482,0.020746887966805
"VNN2",10,482,0.020746887966805
"VWA3A",10,482,0.020746887966805
"VWA8",10,482,0.020746887966805
"WASHC2C",10,482,0.020746887966805
"WASHC4",10,482,0.020746887966805
"WDR35",10,482,0.020746887966805
"WDR36",10,482,0.020746887966805
"WFIKKN2",10,482,0.020746887966805
"WNK2",10,482,0.020746887966805
"XKR7",10,482,0.020746887966805
"YY1AP1",10,482,0.020746887966805
"ZBP1",10,482,0.020746887966805
"ZBTB41",10,482,0.020746887966805
"ZBTB46",10,482,0.020746887966805
"ZFP57",10,482,0.020746887966805
"ZFYVE1",10,482,0.020746887966805
"ZFYVE9",10,482,0.020746887966805
"ZIC3",10,482,0.020746887966805
"ZKSCAN8",10,482,0.020746887966805
"ZNF112",10,482,0.020746887966805
"ZNF142",10,482,0.020746887966805
"ZNF230",10,482,0.020746887966805
"ZNF263",10,482,0.020746887966805
"ZNF331",10,482,0.020746887966805
"ZNF385B",10,482,0.020746887966805
"ZNF415",10,482,0.020746887966805
"ZNF417",10,482,0.020746887966805
"ZNF471",10,482,0.020746887966805
"ZNF493",10,482,0.020746887966805
"ZNF507",10,482,0.020746887966805
"ZNF532",10,482,0.020746887966805
"ZNF534",10,482,0.020746887966805
"ZNF566",10,482,0.020746887966805
"ZNF570",10,482,0.020746887966805
"ZNF578",10,482,0.020746887966805
"ZNF611",10,482,0.020746887966805
"ZNF644",10,482,0.020746887966805
"ZNF646",10,482,0.020746887966805
"ZNF658",10,482,0.020746887966805
"ZNF708",10,482,0.020746887966805
"ZNF84",10,482,0.020746887966805
"ZNRF4",10,482,0.020746887966805
"AARS2",9,482,0.0186721991701245
"ABCA2",9,482,0.0186721991701245
"ABCC1",9,482,0.0186721991701245
"ABCG2",9,482,0.0186721991701245
"ABCG4",9,482,0.0186721991701245
"ACVR1C",9,482,0.0186721991701245
"ADAM32",9,482,0.0186721991701245
"ADAMTS13",9,482,0.0186721991701245
"ADCY3",9,482,0.0186721991701245
"ADGRG2",9,482,0.0186721991701245
"AFAP1L1",9,482,0.0186721991701245
"AFF1",9,482,0.0186721991701245
"AGAP2",9,482,0.0186721991701245
"AHI1",9,482,0.0186721991701245
"AHSG",9,482,0.0186721991701245
"AKAP12",9,482,0.0186721991701245
"AKNA",9,482,0.0186721991701245
"ALAS2",9,482,0.0186721991701245
"ALLC",9,482,0.0186721991701245
"AMER2",9,482,0.0186721991701245
"ANGEL1",9,482,0.0186721991701245
"ANGPT4",9,482,0.0186721991701245
"ANKRD34A",9,482,0.0186721991701245
"ANPEP",9,482,0.0186721991701245
"APAF1",9,482,0.0186721991701245
"APOA4",9,482,0.0186721991701245
"APOBEC1",9,482,0.0186721991701245
"APOBR",9,482,0.0186721991701245
"ARHGAP15",9,482,0.0186721991701245
"ARHGAP45",9,482,0.0186721991701245
"ARHGEF10L",9,482,0.0186721991701245
"ATP2A1",9,482,0.0186721991701245
"ATP2B2",9,482,0.0186721991701245
"ATP6V0A4",9,482,0.0186721991701245
"ATP8B3",9,482,0.0186721991701245
"B3GNT3",9,482,0.0186721991701245
"BAZ2A",9,482,0.0186721991701245
"BCR",9,482,0.0186721991701245
"BFSP2",9,482,0.0186721991701245
"BICRAL",9,482,0.0186721991701245
"BMP4",9,482,0.0186721991701245
"BNIP5",9,482,0.0186721991701245
"BPIFB2",9,482,0.0186721991701245
"BRSK1",9,482,0.0186721991701245
"BTAF1",9,482,0.0186721991701245
"C3AR1",9,482,0.0186721991701245
"CACNA1D",9,482,0.0186721991701245
"CALCRL",9,482,0.0186721991701245
"CAPN13",9,482,0.0186721991701245
"CARS1",9,482,0.0186721991701245
"CASP8AP2",9,482,0.0186721991701245
"CCDC171",9,482,0.0186721991701245
"CCDC180",9,482,0.0186721991701245
"CCDC38",9,482,0.0186721991701245
"CCDC88C",9,482,0.0186721991701245
"CCER1",9,482,0.0186721991701245
"CDH26",9,482,0.0186721991701245
"CDH5",9,482,0.0186721991701245
"CDK8",9,482,0.0186721991701245
"CDX2",9,482,0.0186721991701245
"CFAP206",9,482,0.0186721991701245
"CFAP92",9,482,0.0186721991701245
"CHD1",9,482,0.0186721991701245
"CHEK1",9,482,0.0186721991701245
"CHGB",9,482,0.0186721991701245
"CHRM5",9,482,0.0186721991701245
"CHRNB4",9,482,0.0186721991701245
"CHST6",9,482,0.0186721991701245
"CHSY3",9,482,0.0186721991701245
"CLASP1",9,482,0.0186721991701245
"CLCN1",9,482,0.0186721991701245
"CLCN5",9,482,0.0186721991701245
"CNOT4",9,482,0.0186721991701245
"CNTNAP3",9,482,0.0186721991701245
"CNTRL",9,482,0.0186721991701245
"CNTROB",9,482,0.0186721991701245
"COL6A2",9,482,0.0186721991701245
"COL9A3",9,482,0.0186721991701245
"COPG1",9,482,0.0186721991701245
"CPNE4",9,482,0.0186721991701245
"CPQ",9,482,0.0186721991701245
"CRISP1",9,482,0.0186721991701245
"CRX",9,482,0.0186721991701245
"CRYZ",9,482,0.0186721991701245
"CSF1R",9,482,0.0186721991701245
"CSF3R",9,482,0.0186721991701245
"CSGALNACT2",9,482,0.0186721991701245
"CTNND1",9,482,0.0186721991701245
"CUL1",9,482,0.0186721991701245
"CUL4B",9,482,0.0186721991701245
"CYB5R4",9,482,0.0186721991701245
"CYP3A43",9,482,0.0186721991701245
"DAPK1",9,482,0.0186721991701245
"DBR1",9,482,0.0186721991701245
"DCAF13",9,482,0.0186721991701245
"DCAF5",9,482,0.0186721991701245
"DCTN1",9,482,0.0186721991701245
"DDX18",9,482,0.0186721991701245
"DENND1A",9,482,0.0186721991701245
"DENND2B",9,482,0.0186721991701245
"DENND3",9,482,0.0186721991701245
"DEPDC1B",9,482,0.0186721991701245
"DHTKD1",9,482,0.0186721991701245
"DHX36",9,482,0.0186721991701245
"DIS3L",9,482,0.0186721991701245
"DLK1",9,482,0.0186721991701245
"DLL1",9,482,0.0186721991701245
"DNAI1",9,482,0.0186721991701245
"DNAI2",9,482,0.0186721991701245
"DNMBP",9,482,0.0186721991701245
"DNMT3A",9,482,0.0186721991701245
"DOCK6",9,482,0.0186721991701245
"DPH2",9,482,0.0186721991701245
"DPY19L3",9,482,0.0186721991701245
"DUSP5",9,482,0.0186721991701245
"DYRK4",9,482,0.0186721991701245
"E2F7",9,482,0.0186721991701245
"EDIL3",9,482,0.0186721991701245
"EEA1",9,482,0.0186721991701245
"EHBP1L1",9,482,0.0186721991701245
"EPS8",9,482,0.0186721991701245
"ERBIN",9,482,0.0186721991701245
"ERCC6",9,482,0.0186721991701245
"ERICH1",9,482,0.0186721991701245
"ESR2",9,482,0.0186721991701245
"ESYT2",9,482,0.0186721991701245
"EXO1",9,482,0.0186721991701245
"FAM120B",9,482,0.0186721991701245
"FAM120C",9,482,0.0186721991701245
"FAM13C",9,482,0.0186721991701245
"FAM169A",9,482,0.0186721991701245
"FAM237A",9,482,0.0186721991701245
"FAM90A1",9,482,0.0186721991701245
"FANCB",9,482,0.0186721991701245
"FARP1",9,482,0.0186721991701245
"FBLN5",9,482,0.0186721991701245
"FBXO15",9,482,0.0186721991701245
"FBXO7",9,482,0.0186721991701245
"FBXW10",9,482,0.0186721991701245
"FER",9,482,0.0186721991701245
"FHDC1",9,482,0.0186721991701245
"FIGNL1",9,482,0.0186721991701245
"FILIP1",9,482,0.0186721991701245
"FNDC3B",9,482,0.0186721991701245
"FOCAD",9,482,0.0186721991701245
"FOXD4L5",9,482,0.0186721991701245
"FSCN3",9,482,0.0186721991701245
"FTSJ3",9,482,0.0186721991701245
"FYCO1",9,482,0.0186721991701245
"GAD1",9,482,0.0186721991701245
"GAL3ST3",9,482,0.0186721991701245
"GALC",9,482,0.0186721991701245
"GALNT14",9,482,0.0186721991701245
"GANC",9,482,0.0186721991701245
"GAREM1",9,482,0.0186721991701245
"GASK1B",9,482,0.0186721991701245
"GBA3",9,482,0.0186721991701245
"GDF5",9,482,0.0186721991701245
"GFRA1",9,482,0.0186721991701245
"GIN1",9,482,0.0186721991701245
"GLDC",9,482,0.0186721991701245
"GLRB",9,482,0.0186721991701245
"GNPTAB",9,482,0.0186721991701245
"GPR137B",9,482,0.0186721991701245
"GPR142",9,482,0.0186721991701245
"GPR50",9,482,0.0186721991701245
"GPRC5C",9,482,0.0186721991701245
"GPT2",9,482,0.0186721991701245
"GRIN1",9,482,0.0186721991701245
"GRIN2D",9,482,0.0186721991701245
"GUCY2F",9,482,0.0186721991701245
"HAUS5",9,482,0.0186721991701245
"HBE1",9,482,0.0186721991701245
"HBG2",9,482,0.0186721991701245
"HCFC2",9,482,0.0186721991701245
"HCK",9,482,0.0186721991701245
"HEATR5A",9,482,0.0186721991701245
"HELQ",9,482,0.0186721991701245
"HEMGN",9,482,0.0186721991701245
"HERC5",9,482,0.0186721991701245
"HIPK1",9,482,0.0186721991701245
"HNF1A",9,482,0.0186721991701245
"HNF4A",9,482,0.0186721991701245
"HNF4G",9,482,0.0186721991701245
"HOXD10",9,482,0.0186721991701245
"HTR7",9,482,0.0186721991701245
"ICE2",9,482,0.0186721991701245
"IGBP1P2",9,482,0.0186721991701245
"IGF2BP1",9,482,0.0186721991701245
"IGHE",9,482,0.0186721991701245
"IGHV1OR15-9",9,482,0.0186721991701245
"IGSF3",9,482,0.0186721991701245
"IL4R",9,482,0.0186721991701245
"IL9R",9,482,0.0186721991701245
"IMPDH1",9,482,0.0186721991701245
"INCENP",9,482,0.0186721991701245
"INTS3",9,482,0.0186721991701245
"IPO5",9,482,0.0186721991701245
"IQCE",9,482,0.0186721991701245
"IRAK1",9,482,0.0186721991701245
"IRGC",9,482,0.0186721991701245
"ITFG2",9,482,0.0186721991701245
"ITGA1",9,482,0.0186721991701245
"ITGAE",9,482,0.0186721991701245
"ITGB8",9,482,0.0186721991701245
"ITSN2",9,482,0.0186721991701245
"JAK3",9,482,0.0186721991701245
"KANSL1L",9,482,0.0186721991701245
"KARS1",9,482,0.0186721991701245
"KCNA1",9,482,0.0186721991701245
"KCNH3",9,482,0.0186721991701245
"KCNIP4",9,482,0.0186721991701245
"KCNJ1",9,482,0.0186721991701245
"KCNJ2",9,482,0.0186721991701245
"KCNJ4",9,482,0.0186721991701245
"KCNK2",9,482,0.0186721991701245
"KCTD3",9,482,0.0186721991701245
"KDM4A",9,482,0.0186721991701245
"KDM4C",9,482,0.0186721991701245
"KIAA1958",9,482,0.0186721991701245
"KIF17",9,482,0.0186721991701245
"KIF24",9,482,0.0186721991701245
"KIF26A",9,482,0.0186721991701245
"KIF7",9,482,0.0186721991701245
"KIZ",9,482,0.0186721991701245
"KL",9,482,0.0186721991701245
"KLHL34",9,482,0.0186721991701245
"KLKB1",9,482,0.0186721991701245
"KMT5B",9,482,0.0186721991701245
"KRIT1",9,482,0.0186721991701245
"KRT2",9,482,0.0186721991701245
"KRT6B",9,482,0.0186721991701245
"KRTAP10-7",9,482,0.0186721991701245
"KRTAP13-1",9,482,0.0186721991701245
"KTN1",9,482,0.0186721991701245
"KY",9,482,0.0186721991701245
"L3MBTL4",9,482,0.0186721991701245
"LCA5",9,482,0.0186721991701245
"LCMT2",9,482,0.0186721991701245
"LCTL",9,482,0.0186721991701245
"LGR6",9,482,0.0186721991701245
"LIFR",9,482,0.0186721991701245
"LILRA6",9,482,0.0186721991701245
"LILRB2",9,482,0.0186721991701245
"LMLN",9,482,0.0186721991701245
"LRGUK",9,482,0.0186721991701245
"LRPPRC",9,482,0.0186721991701245
"LRRCC1",9,482,0.0186721991701245
"LTBP4",9,482,0.0186721991701245
"LUZP2",9,482,0.0186721991701245
"MACROD2",9,482,0.0186721991701245
"MAGEA12",9,482,0.0186721991701245
"MAGEB16",9,482,0.0186721991701245
"MAN1A2",9,482,0.0186721991701245
"MAP3K13",9,482,0.0186721991701245
"MAP3K4",9,482,0.0186721991701245
"MAPK8IP3",9,482,0.0186721991701245
"MAPT",9,482,0.0186721991701245
"MATK",9,482,0.0186721991701245
"MBTPS1",9,482,0.0186721991701245
"MCCC1",9,482,0.0186721991701245
"MCM5",9,482,0.0186721991701245
"MCOLN3",9,482,0.0186721991701245
"MED25",9,482,0.0186721991701245
"MEI1",9,482,0.0186721991701245
"MEP1A",9,482,0.0186721991701245
"MGAT5",9,482,0.0186721991701245
"MKX",9,482,0.0186721991701245
"MPHOSPH10",9,482,0.0186721991701245
"MPP4",9,482,0.0186721991701245
"MRGPRX1",9,482,0.0186721991701245
"MROH7",9,482,0.0186721991701245
"MST1R",9,482,0.0186721991701245
"MTERF3",9,482,0.0186721991701245
"MTMR1",9,482,0.0186721991701245
"MTMR3",9,482,0.0186721991701245
"MTMR6",9,482,0.0186721991701245
"MTTP",9,482,0.0186721991701245
"MYLK2",9,482,0.0186721991701245
"MYO18A",9,482,0.0186721991701245
"MYO1A",9,482,0.0186721991701245
"MYO1B",9,482,0.0186721991701245
"MYO5B",9,482,0.0186721991701245
"MYT1",9,482,0.0186721991701245
"NAP1L3",9,482,0.0186721991701245
"NCF2",9,482,0.0186721991701245
"NCOA3",9,482,0.0186721991701245
"NCSTN",9,482,0.0186721991701245
"NDNF",9,482,0.0186721991701245
"NDUFS1",9,482,0.0186721991701245
"NECTIN3",9,482,0.0186721991701245
"NEDD1",9,482,0.0186721991701245
"NEFH",9,482,0.0186721991701245
"NEK10",9,482,0.0186721991701245
"NEK5",9,482,0.0186721991701245
"NEU4",9,482,0.0186721991701245
"NFKB1",9,482,0.0186721991701245
"NID1",9,482,0.0186721991701245
"NLGN3",9,482,0.0186721991701245
"NLRX1",9,482,0.0186721991701245
"NOP2",9,482,0.0186721991701245
"NOX5",9,482,0.0186721991701245
"NPR3",9,482,0.0186721991701245
"NRROS",9,482,0.0186721991701245
"NUP210",9,482,0.0186721991701245
"NVL",9,482,0.0186721991701245
"NXF3",9,482,0.0186721991701245
"NYAP1",9,482,0.0186721991701245
"OR10C1",9,482,0.0186721991701245
"OR10J3",9,482,0.0186721991701245
"OR10J5",9,482,0.0186721991701245
"OR10R2",9,482,0.0186721991701245
"OR10Z1",9,482,0.0186721991701245
"OR12D3",9,482,0.0186721991701245
"OR13C4",9,482,0.0186721991701245
"OR13F1",9,482,0.0186721991701245
"OR4E2",9,482,0.0186721991701245
"OR51A2",9,482,0.0186721991701245
"OR51G2",9,482,0.0186721991701245
"OR51I2",9,482,0.0186721991701245
"OR51T1",9,482,0.0186721991701245
"OR52B2",9,482,0.0186721991701245
"OR52K2",9,482,0.0186721991701245
"OR52N5",9,482,0.0186721991701245
"OR56A3",9,482,0.0186721991701245
"OR5B21",9,482,0.0186721991701245
"OR6C6",9,482,0.0186721991701245
"OR6Q1",9,482,0.0186721991701245
"OR7C2",9,482,0.0186721991701245
"OR9K2",9,482,0.0186721991701245
"OSBPL8",9,482,0.0186721991701245
"OTOP1",9,482,0.0186721991701245
"P2RY14",9,482,0.0186721991701245
"PADI2",9,482,0.0186721991701245
"PAM",9,482,0.0186721991701245
"PAPLN",9,482,0.0186721991701245
"PCDHB15",9,482,0.0186721991701245
"PCK1",9,482,0.0186721991701245
"PCSK2",9,482,0.0186721991701245
"PDCD11",9,482,0.0186721991701245
"PDE1B",9,482,0.0186721991701245
"PDE6A",9,482,0.0186721991701245
"PDP1",9,482,0.0186721991701245
"PHF8",9,482,0.0186721991701245
"PIK3R5",9,482,0.0186721991701245
"PIP5K1B",9,482,0.0186721991701245
"PKD1L2",9,482,0.0186721991701245
"PKP4",9,482,0.0186721991701245
"PLA1A",9,482,0.0186721991701245
"PLA2G4A",9,482,0.0186721991701245
"PLCB2",9,482,0.0186721991701245
"PLD1",9,482,0.0186721991701245
"PLEKHM3",9,482,0.0186721991701245
"PLOD2",9,482,0.0186721991701245
"PLRG1",9,482,0.0186721991701245
"PLS1",9,482,0.0186721991701245
"PNLIPRP1",9,482,0.0186721991701245
"PNPLA6",9,482,0.0186721991701245
"PODXL2",9,482,0.0186721991701245
"PPP1R21",9,482,0.0186721991701245
"PPP1R26",9,482,0.0186721991701245
"PPP3CA",9,482,0.0186721991701245
"PRAMEF14",9,482,0.0186721991701245
"PRB3",9,482,0.0186721991701245
"PRB4",9,482,0.0186721991701245
"PRDM10",9,482,0.0186721991701245
"PRICKLE1",9,482,0.0186721991701245
"PRICKLE2",9,482,0.0186721991701245
"PRKCI",9,482,0.0186721991701245
"PRPF8",9,482,0.0186721991701245
"PRSS23",9,482,0.0186721991701245
"PSG1",9,482,0.0186721991701245
"PSG3",9,482,0.0186721991701245
"PSG9",9,482,0.0186721991701245
"PTGFR",9,482,0.0186721991701245
"PTPN3",9,482,0.0186721991701245
"PTPRF",9,482,0.0186721991701245
"RAB11FIP1",9,482,0.0186721991701245
"RABEP2",9,482,0.0186721991701245
"RASGRP4",9,482,0.0186721991701245
"RBAK",9,482,0.0186721991701245
"RBM15",9,482,0.0186721991701245
"RC3H2",9,482,0.0186721991701245
"RGS3",9,482,0.0186721991701245
"RIC1",9,482,0.0186721991701245
"RNF6",9,482,0.0186721991701245
"RO60",9,482,0.0186721991701245
"RPS6KA3",9,482,0.0186721991701245
"RSBN1",9,482,0.0186721991701245
"SEC14L1",9,482,0.0186721991701245
"SEC23B",9,482,0.0186721991701245
"SELPLG",9,482,0.0186721991701245
"SEMA3C",9,482,0.0186721991701245
"SEPTIN14",9,482,0.0186721991701245
"SERPINB11",9,482,0.0186721991701245
"SESTD1",9,482,0.0186721991701245
"SETD5",9,482,0.0186721991701245
"SETDB1",9,482,0.0186721991701245
"SF3B2",9,482,0.0186721991701245
"SGCD",9,482,0.0186721991701245
"SGK2",9,482,0.0186721991701245
"SH2D3C",9,482,0.0186721991701245
"SH3RF2",9,482,0.0186721991701245
"SHOX",9,482,0.0186721991701245
"SIGLEC9",9,482,0.0186721991701245
"SIK3",9,482,0.0186721991701245
"SIRPA",9,482,0.0186721991701245
"SLC15A2",9,482,0.0186721991701245
"SLC17A2",9,482,0.0186721991701245
"SLC17A4",9,482,0.0186721991701245
"SLC18A1",9,482,0.0186721991701245
"SLC18B1",9,482,0.0186721991701245
"SLC1A6",9,482,0.0186721991701245
"SLC22A25",9,482,0.0186721991701245
"SLC36A4",9,482,0.0186721991701245
"SLC39A10",9,482,0.0186721991701245
"SLC5A9",9,482,0.0186721991701245
"SLC6A11",9,482,0.0186721991701245
"SLC6A18",9,482,0.0186721991701245
"SLC6A4",9,482,0.0186721991701245
"SLFN11",9,482,0.0186721991701245
"SLITRK6",9,482,0.0186721991701245
"SLTM",9,482,0.0186721991701245
"SMAD4",9,482,0.0186721991701245
"SMARCAD1",9,482,0.0186721991701245
"SMARCC2",9,482,0.0186721991701245
"SMPD1",9,482,0.0186721991701245
"SNAP47",9,482,0.0186721991701245
"SNX13",9,482,0.0186721991701245
"SORBS1",9,482,0.0186721991701245
"SOX6",9,482,0.0186721991701245
"SPACA1",9,482,0.0186721991701245
"SPANXB1",9,482,0.0186721991701245
"SPANXN1",9,482,0.0186721991701245
"SPANXN2",9,482,0.0186721991701245
"SPATA4",9,482,0.0186721991701245
"SPIRE2",9,482,0.0186721991701245
"SPOPL",9,482,0.0186721991701245
"STAC",9,482,0.0186721991701245
"SUN1",9,482,0.0186721991701245
"SUPT16H",9,482,0.0186721991701245
"SYN3",9,482,0.0186721991701245
"SYNDIG1",9,482,0.0186721991701245
"SYT16",9,482,0.0186721991701245
"SYT3",9,482,0.0186721991701245
"TACR3",9,482,0.0186721991701245
"TAFA2",9,482,0.0186721991701245
"TAS2R1",9,482,0.0186721991701245
"TASOR2",9,482,0.0186721991701245
"TBCK",9,482,0.0186721991701245
"TBX19",9,482,0.0186721991701245
"TCEAL6",9,482,0.0186721991701245
"TCF25",9,482,0.0186721991701245
"TCHHL1",9,482,0.0186721991701245
"TDRD3",9,482,0.0186721991701245
"TDRD9",9,482,0.0186721991701245
"TEK",9,482,0.0186721991701245
"TEKT4",9,482,0.0186721991701245
"TENT4A",9,482,0.0186721991701245
"TGFBR2",9,482,0.0186721991701245
"TGM4",9,482,0.0186721991701245
"TLR3",9,482,0.0186721991701245
"TLR7",9,482,0.0186721991701245
"TMEM200C",9,482,0.0186721991701245
"TMEM74",9,482,0.0186721991701245
"TMPRSS11B",9,482,0.0186721991701245
"TMPRSS7",9,482,0.0186721991701245
"TNFAIP3",9,482,0.0186721991701245
"TNK2",9,482,0.0186721991701245
"TNKS2",9,482,0.0186721991701245
"TNNI3",9,482,0.0186721991701245
"TOGARAM2",9,482,0.0186721991701245
"TOP2A",9,482,0.0186721991701245
"TP53BP2",9,482,0.0186721991701245
"TRAK1",9,482,0.0186721991701245
"TRAK2",9,482,0.0186721991701245
"TRGV2",9,482,0.0186721991701245
"TRIM32",9,482,0.0186721991701245
"TSC1",9,482,0.0186721991701245
"TSGA10",9,482,0.0186721991701245
"TSPYL2",9,482,0.0186721991701245
"TTLL4",9,482,0.0186721991701245
"TTLL5",9,482,0.0186721991701245
"TTLL6",9,482,0.0186721991701245
"TUBGCP6",9,482,0.0186721991701245
"TXNDC2",9,482,0.0186721991701245
"UGT2B15",9,482,0.0186721991701245
"UNC5A",9,482,0.0186721991701245
"URI1",9,482,0.0186721991701245
"USP32",9,482,0.0186721991701245
"USP37",9,482,0.0186721991701245
"USP42",9,482,0.0186721991701245
"USP7",9,482,0.0186721991701245
"UTP25",9,482,0.0186721991701245
"VAC14",9,482,0.0186721991701245
"VAT1L",9,482,0.0186721991701245
"VIM",9,482,0.0186721991701245
"VN1R2",9,482,0.0186721991701245
"VPS35",9,482,0.0186721991701245
"VPS41",9,482,0.0186721991701245
"WAPL",9,482,0.0186721991701245
"WDHD1",9,482,0.0186721991701245
"WDR44",9,482,0.0186721991701245
"WDR91",9,482,0.0186721991701245
"WIPF1",9,482,0.0186721991701245
"XIAP",9,482,0.0186721991701245
"ZC3H12B",9,482,0.0186721991701245
"ZC3H7B",9,482,0.0186721991701245
"ZCCHC12",9,482,0.0186721991701245
"ZFP36L2",9,482,0.0186721991701245
"ZNF160",9,482,0.0186721991701245
"ZNF17",9,482,0.0186721991701245
"ZNF197",9,482,0.0186721991701245
"ZNF215",9,482,0.0186721991701245
"ZNF217",9,482,0.0186721991701245
"ZNF26",9,482,0.0186721991701245
"ZNF266",9,482,0.0186721991701245
"ZNF320",9,482,0.0186721991701245
"ZNF343",9,482,0.0186721991701245
"ZNF385D",9,482,0.0186721991701245
"ZNF420",9,482,0.0186721991701245
"ZNF429",9,482,0.0186721991701245
"ZNF430",9,482,0.0186721991701245
"ZNF431",9,482,0.0186721991701245
"ZNF454",9,482,0.0186721991701245
"ZNF461",9,482,0.0186721991701245
"ZNF470",9,482,0.0186721991701245
"ZNF585A",9,482,0.0186721991701245
"ZNF595",9,482,0.0186721991701245
"ZNF607",9,482,0.0186721991701245
"ZNF610",9,482,0.0186721991701245
"ZNF709",9,482,0.0186721991701245
"ZNF750",9,482,0.0186721991701245
"ZNF8",9,482,0.0186721991701245
"ZNF800",9,482,0.0186721991701245
"ZP2",9,482,0.0186721991701245
"ZSCAN4",9,482,0.0186721991701245
"AAK1",8,482,0.016597510373444
"ABCA3",8,482,0.016597510373444
"ABCB8",8,482,0.016597510373444
"ABCC3",8,482,0.016597510373444
"ABCF3",8,482,0.016597510373444
"ABR",8,482,0.016597510373444
"AC013489.1",8,482,0.016597510373444
"ACAD10",8,482,0.016597510373444
"ACTL9",8,482,0.016597510373444
"ACTRT2",8,482,0.016597510373444
"ADAM33",8,482,0.016597510373444
"ADAM9",8,482,0.016597510373444
"ADAMTS8",8,482,0.016597510373444
"ADD2",8,482,0.016597510373444
"ADGRA1",8,482,0.016597510373444
"ADGRG3",8,482,0.016597510373444
"ADGRG6",8,482,0.016597510373444
"ADGRL1",8,482,0.016597510373444
"AFG3L2",8,482,0.016597510373444
"AIM2",8,482,0.016597510373444
"AKAP17A",8,482,0.016597510373444
"ALDH18A1",8,482,0.016597510373444
"ALDH8A1",8,482,0.016597510373444
"ALPP",8,482,0.016597510373444
"ALX4",8,482,0.016597510373444
"AMOT",8,482,0.016597510373444
"AMY2A",8,482,0.016597510373444
"ANKIB1",8,482,0.016597510373444
"ANKRD55",8,482,0.016597510373444
"ANKRD6",8,482,0.016597510373444
"APC2",8,482,0.016597510373444
"APCS",8,482,0.016597510373444
"APEX2",8,482,0.016597510373444
"APLP1",8,482,0.016597510373444
"APPBP2",8,482,0.016597510373444
"APPL2",8,482,0.016597510373444
"ARC",8,482,0.016597510373444
"ARHGAP20",8,482,0.016597510373444
"ARHGAP39",8,482,0.016597510373444
"ARHGEF1",8,482,0.016597510373444
"ARHGEF15",8,482,0.016597510373444
"ARID4B",8,482,0.016597510373444
"ARMC3",8,482,0.016597510373444
"ASB9",8,482,0.016597510373444
"ASMT",8,482,0.016597510373444
"ASNSD1",8,482,0.016597510373444
"ATAD2B",8,482,0.016597510373444
"ATG4C",8,482,0.016597510373444
"ATP6V0D2",8,482,0.016597510373444
"ATXN1",8,482,0.016597510373444
"ATXN2L",8,482,0.016597510373444
"AUTS2",8,482,0.016597510373444
"AVPR1B",8,482,0.016597510373444
"B4GALNT3",8,482,0.016597510373444
"BAAT",8,482,0.016597510373444
"BARD1",8,482,0.016597510373444
"BBS7",8,482,0.016597510373444
"BCLAF3",8,482,0.016597510373444
"BICC1",8,482,0.016597510373444
"BLK",8,482,0.016597510373444
"BMP3",8,482,0.016597510373444
"BOP1",8,482,0.016597510373444
"BRD7",8,482,0.016597510373444
"BUB1",8,482,0.016597510373444
"C10orf88",8,482,0.016597510373444
"C12orf50",8,482,0.016597510373444
"C1orf116",8,482,0.016597510373444
"C1orf87",8,482,0.016597510373444
"C20orf194",8,482,0.016597510373444
"C2CD2L",8,482,0.016597510373444
"C5",8,482,0.016597510373444
"C9orf131",8,482,0.016597510373444
"CACHD1",8,482,0.016597510373444
"CAMK2A",8,482,0.016597510373444
"CAPRIN1",8,482,0.016597510373444
"CASP1",8,482,0.016597510373444
"CASP5",8,482,0.016597510373444
"CATSPERE",8,482,0.016597510373444
"CATSPERG",8,482,0.016597510373444
"CAVIN4",8,482,0.016597510373444
"CBLL2",8,482,0.016597510373444
"CCDC105",8,482,0.016597510373444
"CCDC172",8,482,0.016597510373444
"CCDC181",8,482,0.016597510373444
"CCDC54",8,482,0.016597510373444
"CCDC57",8,482,0.016597510373444
"CCDC60",8,482,0.016597510373444
"CCDC80",8,482,0.016597510373444
"CCDC83",8,482,0.016597510373444
"CCDC93",8,482,0.016597510373444
"CCN4",8,482,0.016597510373444
"CCN6",8,482,0.016597510373444
"CCNF",8,482,0.016597510373444
"CD209",8,482,0.016597510373444
"CDC73",8,482,0.016597510373444
"CDCA7",8,482,0.016597510373444
"CDH1",8,482,0.016597510373444
"CDK13",8,482,0.016597510373444
"CDKL2",8,482,0.016597510373444
"CEACAM18",8,482,0.016597510373444
"CEACAM8",8,482,0.016597510373444
"CELF2",8,482,0.016597510373444
"CEP68",8,482,0.016597510373444
"CEP70",8,482,0.016597510373444
"CEP72",8,482,0.016597510373444
"CEP89",8,482,0.016597510373444
"CEP97",8,482,0.016597510373444
"CERK",8,482,0.016597510373444
"CERT1",8,482,0.016597510373444
"CETN1",8,482,0.016597510373444
"CFAP100",8,482,0.016597510373444
"CFAP221",8,482,0.016597510373444
"CFLAR",8,482,0.016597510373444
"CHD1L",8,482,0.016597510373444
"CHD2",8,482,0.016597510373444
"CHORDC1",8,482,0.016597510373444
"CHRNA6",8,482,0.016597510373444
"CHRNB2",8,482,0.016597510373444
"CLASP2",8,482,0.016597510373444
"CLCA2",8,482,0.016597510373444
"CLCA4",8,482,0.016597510373444
"CLCN4",8,482,0.016597510373444
"CLDN12",8,482,0.016597510373444
"CLDN16",8,482,0.016597510373444
"CLDN25",8,482,0.016597510373444
"CLEC4D",8,482,0.016597510373444
"CLEC9A",8,482,0.016597510373444
"CLIC5",8,482,0.016597510373444
"CLPTM1L",8,482,0.016597510373444
"CLRN2",8,482,0.016597510373444
"CMKLR1",8,482,0.016597510373444
"CNGA1",8,482,0.016597510373444
"CNGB1",8,482,0.016597510373444
"CNOT3",8,482,0.016597510373444
"COG2",8,482,0.016597510373444
"COG7",8,482,0.016597510373444
"COIL",8,482,0.016597510373444
"COL16A1",8,482,0.016597510373444
"COPB1",8,482,0.016597510373444
"CPT1A",8,482,0.016597510373444
"CPT1C",8,482,0.016597510373444
"CREB3L3",8,482,0.016597510373444
"CROCC",8,482,0.016597510373444
"CSE1L",8,482,0.016597510373444
"CSTF2T",8,482,0.016597510373444
"CTDP1",8,482,0.016597510373444
"CTTNBP2NL",8,482,0.016597510373444
"CXCR4",8,482,0.016597510373444
"CXorf21",8,482,0.016597510373444
"CYP19A1",8,482,0.016597510373444
"CYP2C19",8,482,0.016597510373444
"DAB2",8,482,0.016597510373444
"DBF4",8,482,0.016597510373444
"DBF4B",8,482,0.016597510373444
"DCAF8",8,482,0.016597510373444
"DCLK3",8,482,0.016597510373444
"DCP1B",8,482,0.016597510373444
"DDIAS",8,482,0.016597510373444
"DDR1",8,482,0.016597510373444
"DDX42",8,482,0.016597510373444
"DDX59",8,482,0.016597510373444
"DEAF1",8,482,0.016597510373444
"DEFB110",8,482,0.016597510373444
"DES",8,482,0.016597510373444
"DHX34",8,482,0.016597510373444
"DIAPH1",8,482,0.016597510373444
"DISC1",8,482,0.016597510373444
"DKK1",8,482,0.016597510373444
"DLD",8,482,0.016597510373444
"DLG5",8,482,0.016597510373444
"DNA2",8,482,0.016597510373444
"DNAJC14",8,482,0.016597510373444
"DNMT3B",8,482,0.016597510373444
"DOT1L",8,482,0.016597510373444
"DPY19L1",8,482,0.016597510373444
"DPYSL4",8,482,0.016597510373444
"DRC1",8,482,0.016597510373444
"DRD2",8,482,0.016597510373444
"DSE",8,482,0.016597510373444
"DUSP22",8,482,0.016597510373444
"DUXA",8,482,0.016597510373444
"DYRK1B",8,482,0.016597510373444
"ECT2",8,482,0.016597510373444
"ECT2L",8,482,0.016597510373444
"EDC3",8,482,0.016597510373444
"EDEM3",8,482,0.016597510373444
"EDRF1",8,482,0.016597510373444
"EEF1A2",8,482,0.016597510373444
"EEF2K",8,482,0.016597510373444
"ELAVL4",8,482,0.016597510373444
"ELP4",8,482,0.016597510373444
"EML2",8,482,0.016597510373444
"ENOX1",8,482,0.016597510373444
"EPC1",8,482,0.016597510373444
"EPHA1",8,482,0.016597510373444
"EPHB2",8,482,0.016597510373444
"EPX",8,482,0.016597510373444
"ERCC6L2",8,482,0.016597510373444
"ESAM",8,482,0.016597510373444
"ESPNL",8,482,0.016597510373444
"EYA2",8,482,0.016597510373444
"F10",8,482,0.016597510373444
"FAAH2",8,482,0.016597510373444
"FAM120A",8,482,0.016597510373444
"FAM170A",8,482,0.016597510373444
"FAM171B",8,482,0.016597510373444
"FAM193A",8,482,0.016597510373444
"FAM227B",8,482,0.016597510373444
"FAM83C",8,482,0.016597510373444
"FASN",8,482,0.016597510373444
"FASTKD3",8,482,0.016597510373444
"FBXL18",8,482,0.016597510373444
"FBXL4",8,482,0.016597510373444
"FBXO22",8,482,0.016597510373444
"FBXO34",8,482,0.016597510373444
"FGF14",8,482,0.016597510373444
"FGF23",8,482,0.016597510373444
"FKBP15",8,482,0.016597510373444
"FLNB",8,482,0.016597510373444
"FMNL3",8,482,0.016597510373444
"FMO5",8,482,0.016597510373444
"FRMD1",8,482,0.016597510373444
"FRMD4A",8,482,0.016597510373444
"FUT6",8,482,0.016597510373444
"FXR1",8,482,0.016597510373444
"FYTTD1",8,482,0.016597510373444
"GABBR1",8,482,0.016597510373444
"GABRA3",8,482,0.016597510373444
"GABRR3",8,482,0.016597510373444
"GADL1",8,482,0.016597510373444
"GAK",8,482,0.016597510373444
"GALR1",8,482,0.016597510373444
"GARRE1",8,482,0.016597510373444
"GBF1",8,482,0.016597510373444
"GDF2",8,482,0.016597510373444
"GDNF",8,482,0.016597510373444
"GGTLC1",8,482,0.016597510373444
"GHRHR",8,482,0.016597510373444
"GIGYF1",8,482,0.016597510373444
"GIMAP5",8,482,0.016597510373444
"GIMAP6",8,482,0.016597510373444
"GJA1",8,482,0.016597510373444
"GLB1L3",8,482,0.016597510373444
"GLYATL2",8,482,0.016597510373444
"GOLGA4",8,482,0.016597510373444
"GOLGA5",8,482,0.016597510373444
"GPA33",8,482,0.016597510373444
"GPAA1",8,482,0.016597510373444
"GPHN",8,482,0.016597510373444
"GRB14",8,482,0.016597510373444
"GRIK5",8,482,0.016597510373444
"GRIN3B",8,482,0.016597510373444
"GRK5",8,482,0.016597510373444
"GTF2IRD1",8,482,0.016597510373444
"GTPBP4",8,482,0.016597510373444
"H1-2",8,482,0.016597510373444
"H2BC4",8,482,0.016597510373444
"HADHA",8,482,0.016597510373444
"HAS1",8,482,0.016597510373444
"HAVCR1",8,482,0.016597510373444
"HBD",8,482,0.016597510373444
"HDAC6",8,482,0.016597510373444
"HHIP",8,482,0.016597510373444
"HPSE2",8,482,0.016597510373444
"HRH4",8,482,0.016597510373444
"HTR2A",8,482,0.016597510373444
"HTR3A",8,482,0.016597510373444
"HTR4",8,482,0.016597510373444
"HUNK",8,482,0.016597510373444
"IDO2",8,482,0.016597510373444
"IFNGR1",8,482,0.016597510373444
"IGDCC3",8,482,0.016597510373444
"IGF2BP3",8,482,0.016597510373444
"IGHG2",8,482,0.016597510373444
"IGHG3",8,482,0.016597510373444
"IGHG4",8,482,0.016597510373444
"IGHM",8,482,0.016597510373444
"IGKV1-5",8,482,0.016597510373444
"IGKV1-6",8,482,0.016597510373444
"IGKV1D-13",8,482,0.016597510373444
"IGKV3D-20",8,482,0.016597510373444
"IGKV6D-21",8,482,0.016597510373444
"IGSF8",8,482,0.016597510373444
"IL16",8,482,0.016597510373444
"IL1RAP",8,482,0.016597510373444
"INHA",8,482,0.016597510373444
"INSIG2",8,482,0.016597510373444
"INTS6",8,482,0.016597510373444
"INVS",8,482,0.016597510373444
"IRAK3",8,482,0.016597510373444
"IRGQ",8,482,0.016597510373444
"ITGA11",8,482,0.016597510373444
"ITGA6",8,482,0.016597510373444
"ITGAV",8,482,0.016597510373444
"ITGB2",8,482,0.016597510373444
"ITLN1",8,482,0.016597510373444
"JAG1",8,482,0.016597510373444
"JUP",8,482,0.016597510373444
"KAT7",8,482,0.016597510373444
"KBTBD12",8,482,0.016597510373444
"KCNH2",8,482,0.016597510373444
"KCNJ12",8,482,0.016597510373444
"KCNK17",8,482,0.016597510373444
"KDM1A",8,482,0.016597510373444
"KDM4B",8,482,0.016597510373444
"KHSRP",8,482,0.016597510373444
"KIAA1217",8,482,0.016597510373444
"KIAA1522",8,482,0.016597510373444
"KIAA1841",8,482,0.016597510373444
"KIF18A",8,482,0.016597510373444
"KIF27",8,482,0.016597510373444
"KIRREL3",8,482,0.016597510373444
"KLHL20",8,482,0.016597510373444
"KLHL24",8,482,0.016597510373444
"KLHL28",8,482,0.016597510373444
"KLHL7",8,482,0.016597510373444
"KPNA1",8,482,0.016597510373444
"KRAS",8,482,0.016597510373444
"KREMEN1",8,482,0.016597510373444
"KRT12",8,482,0.016597510373444
"KRT3",8,482,0.016597510373444
"KRT71",8,482,0.016597510373444
"KRTAP13-4",8,482,0.016597510373444
"L3MBTL1",8,482,0.016597510373444
"LAIR1",8,482,0.016597510373444
"LAMB2",8,482,0.016597510373444
"LAMC2",8,482,0.016597510373444
"LGR4",8,482,0.016597510373444
"LHFPL3",8,482,0.016597510373444
"LILRA5",8,482,0.016597510373444
"LIMCH1",8,482,0.016597510373444
"LINGO2",8,482,0.016597510373444
"LMBRD1",8,482,0.016597510373444
"LMNTD1",8,482,0.016597510373444
"LMOD2",8,482,0.016597510373444
"LRRC15",8,482,0.016597510373444
"LRRC30",8,482,0.016597510373444
"LRRC36",8,482,0.016597510373444
"LRRC37B",8,482,0.016597510373444
"LZTR1",8,482,0.016597510373444
"MAEL",8,482,0.016597510373444
"MAGEA8",8,482,0.016597510373444
"MAGEB10",8,482,0.016597510373444
"MAML1",8,482,0.016597510373444
"MAMLD1",8,482,0.016597510373444
"MAP2K3",8,482,0.016597510373444
"MAP3K5",8,482,0.016597510373444
"MAP4K3",8,482,0.016597510373444
"MAP7D3",8,482,0.016597510373444
"MAPK8",8,482,0.016597510373444
"MAPKBP1",8,482,0.016597510373444
"MARK4",8,482,0.016597510373444
"MDM1",8,482,0.016597510373444
"MED15",8,482,0.016597510373444
"MEIS1",8,482,0.016597510373444
"MEPE",8,482,0.016597510373444
"MFSD1",8,482,0.016597510373444
"MGAT5B",8,482,0.016597510373444
"MMP17",8,482,0.016597510373444
"MMP2",8,482,0.016597510373444
"MMP8",8,482,0.016597510373444
"MOG",8,482,0.016597510373444
"MOGS",8,482,0.016597510373444
"MPHOSPH8",8,482,0.016597510373444
"MPP7",8,482,0.016597510373444
"MROH1",8,482,0.016597510373444
"MS4A7",8,482,0.016597510373444
"MSN",8,482,0.016597510373444
"MTSS1",8,482,0.016597510373444
"MYO1G",8,482,0.016597510373444
"N4BP1",8,482,0.016597510373444
"NAALADL1",8,482,0.016597510373444
"NCKAP1",8,482,0.016597510373444
"NCOA7",8,482,0.016597510373444
"NEDD4",8,482,0.016597510373444
"NEFM",8,482,0.016597510373444
"NEIL3",8,482,0.016597510373444
"NEU2",8,482,0.016597510373444
"NEURL4",8,482,0.016597510373444
"NFE2L3",8,482,0.016597510373444
"NKAIN3",8,482,0.016597510373444
"NMD3",8,482,0.016597510373444
"NOX3",8,482,0.016597510373444
"NPC1",8,482,0.016597510373444
"NPHP1",8,482,0.016597510373444
"NPSR1",8,482,0.016597510373444
"NRIP1",8,482,0.016597510373444
"NRP1",8,482,0.016597510373444
"NRP2",8,482,0.016597510373444
"NSMAF",8,482,0.016597510373444
"NSUN2",8,482,0.016597510373444
"NUP160",8,482,0.016597510373444
"NXPE1",8,482,0.016597510373444
"OASL",8,482,0.016597510373444
"ONECUT1",8,482,0.016597510373444
"OPLAH",8,482,0.016597510373444
"OPN1SW",8,482,0.016597510373444
"OR10V1",8,482,0.016597510373444
"OR11H4",8,482,0.016597510373444
"OR11H6",8,482,0.016597510373444
"OR13C2",8,482,0.016597510373444
"OR2A12",8,482,0.016597510373444
"OR2A25",8,482,0.016597510373444
"OR2AG2",8,482,0.016597510373444
"OR2J2",8,482,0.016597510373444
"OR2W1",8,482,0.016597510373444
"OR4A47",8,482,0.016597510373444
"OR4X2",8,482,0.016597510373444
"OR51F1",8,482,0.016597510373444
"OR51L1",8,482,0.016597510373444
"OR52N1",8,482,0.016597510373444
"OR5AP2",8,482,0.016597510373444
"OR5M3",8,482,0.016597510373444
"OR6C74",8,482,0.016597510373444
"OR6C75",8,482,0.016597510373444
"OSMR",8,482,0.016597510373444
"OTUD7A",8,482,0.016597510373444
"OTX2",8,482,0.016597510373444
"P3H1",8,482,0.016597510373444
"PABPC3",8,482,0.016597510373444
"PACRGL",8,482,0.016597510373444
"PACS1",8,482,0.016597510373444
"PADI1",8,482,0.016597510373444
"PAK3",8,482,0.016597510373444
"PAN2",8,482,0.016597510373444
"PAOX",8,482,0.016597510373444
"PARP6",8,482,0.016597510373444
"PASD1",8,482,0.016597510373444
"PAX5",8,482,0.016597510373444
"PAX6",8,482,0.016597510373444
"PAX7",8,482,0.016597510373444
"PAX8",8,482,0.016597510373444
"PCOLCE2",8,482,0.016597510373444
"PCSK6",8,482,0.016597510373444
"PDE4B",8,482,0.016597510373444
"PDE6B",8,482,0.016597510373444
"PDS5A",8,482,0.016597510373444
"PGLYRP2",8,482,0.016597510373444
"PGM2L1",8,482,0.016597510373444
"PHACTR2",8,482,0.016597510373444
"PHKG1",8,482,0.016597510373444
"PHLDB1",8,482,0.016597510373444
"PHRF1",8,482,0.016597510373444
"PIBF1",8,482,0.016597510373444
"PITX2",8,482,0.016597510373444
"PIWIL3",8,482,0.016597510373444
"PKD2",8,482,0.016597510373444
"PKN3",8,482,0.016597510373444
"PLA2R1",8,482,0.016597510373444
"PLEK",8,482,0.016597510373444
"PLEKHA4",8,482,0.016597510373444
"PLEKHA6",8,482,0.016597510373444
"PLEKHH1",8,482,0.016597510373444
"PLOD1",8,482,0.016597510373444
"PLPPR5",8,482,0.016597510373444
"PLSCR4",8,482,0.016597510373444
"PLXDC2",8,482,0.016597510373444
"PNMA3",8,482,0.016597510373444
"PNMA5",8,482,0.016597510373444
"PNPLA7",8,482,0.016597510373444
"PNPT1",8,482,0.016597510373444
"POGLUT2",8,482,0.016597510373444
"POLR1B",8,482,0.016597510373444
"POLR3B",8,482,0.016597510373444
"POT1",8,482,0.016597510373444
"POU3F4",8,482,0.016597510373444
"PPEF2",8,482,0.016597510373444
"PPIG",8,482,0.016597510373444
"PPIP5K1",8,482,0.016597510373444
"PPM1B",8,482,0.016597510373444
"PPP1R15A",8,482,0.016597510373444
"PPRC1",8,482,0.016597510373444
"PRAMEF15",8,482,0.016597510373444
"PRAMEF20",8,482,0.016597510373444
"PRDM13",8,482,0.016597510373444
"PRIM1",8,482,0.016597510373444
"PRMT7",8,482,0.016597510373444
"PRSS58",8,482,0.016597510373444
"PSG7",8,482,0.016597510373444
"PTCHD1",8,482,0.016597510373444
"PTDSS1",8,482,0.016597510373444
"PTGDR",8,482,0.016597510373444
"PTPRN",8,482,0.016597510373444
"PWWP3B",8,482,0.016597510373444
"PYGO2",8,482,0.016597510373444
"QRICH2",8,482,0.016597510373444
"RABGGTB",8,482,0.016597510373444
"RAD50",8,482,0.016597510373444
"RAPGEF1",8,482,0.016597510373444
"RAPGEF4",8,482,0.016597510373444
"RASD2",8,482,0.016597510373444
"RASGEF1A",8,482,0.016597510373444
"RASGEF1C",8,482,0.016597510373444
"RBM19",8,482,0.016597510373444
"RBM27",8,482,0.016597510373444
"RBM45",8,482,0.016597510373444
"RBM47",8,482,0.016597510373444
"RBM5",8,482,0.016597510373444
"RBSN",8,482,0.016597510373444
"RDH8",8,482,0.016597510373444
"RFX7",8,482,0.016597510373444
"RHOBTB1",8,482,0.016597510373444
"RIPK2",8,482,0.016597510373444
"RIPOR2",8,482,0.016597510373444
"RIPOR3",8,482,0.016597510373444
"RNASEL",8,482,0.016597510373444
"RNF148",8,482,0.016597510373444
"RPGR",8,482,0.016597510373444
"RPRD2",8,482,0.016597510373444
"RRBP1",8,482,0.016597510373444
"RSF1",8,482,0.016597510373444
"RSPO2",8,482,0.016597510373444
"RTL4",8,482,0.016597510373444
"SARDH",8,482,0.016597510373444
"SASS6",8,482,0.016597510373444
"SAXO1",8,482,0.016597510373444
"SCARF1",8,482,0.016597510373444
"SCML4",8,482,0.016597510373444
"SEC16A",8,482,0.016597510373444
"SEC24D",8,482,0.016597510373444
"SEC63",8,482,0.016597510373444
"SECISBP2",8,482,0.016597510373444
"SEL1L",8,482,0.016597510373444
"SENP2",8,482,0.016597510373444
"SERPINA10",8,482,0.016597510373444
"SERPINA12",8,482,0.016597510373444
"SERPINA3",8,482,0.016597510373444
"SGCE",8,482,0.016597510373444
"SH3PXD2A",8,482,0.016597510373444
"SLC12A2",8,482,0.016597510373444
"SLC12A4",8,482,0.016597510373444
"SLC15A1",8,482,0.016597510373444
"SLC16A14",8,482,0.016597510373444
"SLC17A1",8,482,0.016597510373444
"SLC17A7",8,482,0.016597510373444
"SLC18A2",8,482,0.016597510373444
"SLC26A8",8,482,0.016597510373444
"SLC27A2",8,482,0.016597510373444
"SLC30A3",8,482,0.016597510373444
"SLC35F3",8,482,0.016597510373444
"SLC3A1",8,482,0.016597510373444
"SLC4A2",8,482,0.016597510373444
"SLC4A8",8,482,0.016597510373444
"SLC6A13",8,482,0.016597510373444
"SLC6A16",8,482,0.016597510373444
"SLC6A7",8,482,0.016597510373444
"SLC8A2",8,482,0.016597510373444
"SLC9A3",8,482,0.016597510373444
"SLC9A9",8,482,0.016597510373444
"SMARCA1",8,482,0.016597510373444
"SMARCA5",8,482,0.016597510373444
"SMARCC1",8,482,0.016597510373444
"SND1",8,482,0.016597510373444
"SNPH",8,482,0.016597510373444
"SOBP",8,482,0.016597510373444
"SORBS2",8,482,0.016597510373444
"SP100",8,482,0.016597510373444
"SPAG6",8,482,0.016597510373444
"SPAG9",8,482,0.016597510373444
"SPART",8,482,0.016597510373444
"SPATA7",8,482,0.016597510373444
"SPIC",8,482,0.016597510373444
"SPON1",8,482,0.016597510373444
"SPPL2C",8,482,0.016597510373444
"SPTLC2",8,482,0.016597510373444
"SRBD1",8,482,0.016597510373444
"SRCIN1",8,482,0.016597510373444
"SRRT",8,482,0.016597510373444
"SRSF11",8,482,0.016597510373444
"SSTR3",8,482,0.016597510373444
"SSU72P8",8,482,0.016597510373444
"ST8SIA3",8,482,0.016597510373444
"ST8SIA6",8,482,0.016597510373444
"STAG3",8,482,0.016597510373444
"STKLD1",8,482,0.016597510373444
"STPG2",8,482,0.016597510373444
"STRIP2",8,482,0.016597510373444
"STRN",8,482,0.016597510373444
"STXBP5",8,482,0.016597510373444
"STYK1",8,482,0.016597510373444
"SULF2",8,482,0.016597510373444
"SULT1B1",8,482,0.016597510373444
"SULT1C2",8,482,0.016597510373444
"SUPT20H",8,482,0.016597510373444
"SUZ12",8,482,0.016597510373444
"SV2A",8,482,0.016597510373444
"SYCP2L",8,482,0.016597510373444
"SYT13",8,482,0.016597510373444
"SYT4",8,482,0.016597510373444
"TAAR8",8,482,0.016597510373444
"TACC2",8,482,0.016597510373444
"TACR1",8,482,0.016597510373444
"TAF5L",8,482,0.016597510373444
"TANC1",8,482,0.016597510373444
"TAOK2",8,482,0.016597510373444
"TARS1",8,482,0.016597510373444
"TAS2R10",8,482,0.016597510373444
"TBC1D4",8,482,0.016597510373444
"TESPA1",8,482,0.016597510373444
"TEX44",8,482,0.016597510373444
"TGFB1I1",8,482,0.016597510373444
"TGM5",8,482,0.016597510373444
"TGS1",8,482,0.016597510373444
"THBS3",8,482,0.016597510373444
"TIGD3",8,482,0.016597510373444
"TJP2",8,482,0.016597510373444
"TMC5",8,482,0.016597510373444
"TMCC3",8,482,0.016597510373444
"TMEM266",8,482,0.016597510373444
"TNRC6C",8,482,0.016597510373444
"TNS3",8,482,0.016597510373444
"TOP3A",8,482,0.016597510373444
"TOX",8,482,0.016597510373444
"TP53BP1",8,482,0.016597510373444
"TPCN1",8,482,0.016597510373444
"TRAPPC12",8,482,0.016597510373444
"TRAPPC8",8,482,0.016597510373444
"TRBC2",8,482,0.016597510373444
"TRBV27",8,482,0.016597510373444
"TRIM27",8,482,0.016597510373444
"TSC22D1",8,482,0.016597510373444
"TSGA10IP",8,482,0.016597510373444
"TSHR",8,482,0.016597510373444
"TSKS",8,482,0.016597510373444
"TUT1",8,482,0.016597510373444
"UBR1",8,482,0.016597510373444
"UMPS",8,482,0.016597510373444
"UNC80",8,482,0.016597510373444
"UPF1",8,482,0.016597510373444
"USH1C",8,482,0.016597510373444
"USHBP1",8,482,0.016597510373444
"USP15",8,482,0.016597510373444
"USP17L2",8,482,0.016597510373444
"USP19",8,482,0.016597510373444
"USP28",8,482,0.016597510373444
"USP30",8,482,0.016597510373444
"USP36",8,482,0.016597510373444
"USP51",8,482,0.016597510373444
"UTP14A",8,482,0.016597510373444
"UXS1",8,482,0.016597510373444
"VAV3",8,482,0.016597510373444
"VEZT",8,482,0.016597510373444
"VGLL1",8,482,0.016597510373444
"VIT",8,482,0.016597510373444
"VPS35L",8,482,0.016597510373444
"VPS39",8,482,0.016597510373444
"WBP11",8,482,0.016597510373444
"WDR62",8,482,0.016597510373444
"WDR90",8,482,0.016597510373444
"WIPF2",8,482,0.016597510373444
"WNT3A",8,482,0.016597510373444
"WWC2",8,482,0.016597510373444
"WWOX",8,482,0.016597510373444
"XAB2",8,482,0.016597510373444
"XPNPEP2",8,482,0.016597510373444
"XPO6",8,482,0.016597510373444
"XPOT",8,482,0.016597510373444
"ZBED4",8,482,0.016597510373444
"ZFP14",8,482,0.016597510373444
"ZFP82",8,482,0.016597510373444
"ZFYVE16",8,482,0.016597510373444
"ZFYVE28",8,482,0.016597510373444
"ZIK1",8,482,0.016597510373444
"ZNF2",8,482,0.016597510373444
"ZNF221",8,482,0.016597510373444
"ZNF235",8,482,0.016597510373444
"ZNF283",8,482,0.016597510373444
"ZNF284",8,482,0.016597510373444
"ZNF300",8,482,0.016597510373444
"ZNF304",8,482,0.016597510373444
"ZNF311",8,482,0.016597510373444
"ZNF34",8,482,0.016597510373444
"ZNF341",8,482,0.016597510373444
"ZNF347",8,482,0.016597510373444
"ZNF398",8,482,0.016597510373444
"ZNF449",8,482,0.016597510373444
"ZNF460",8,482,0.016597510373444
"ZNF502",8,482,0.016597510373444
"ZNF530",8,482,0.016597510373444
"ZNF567",8,482,0.016597510373444
"ZNF569",8,482,0.016597510373444
"ZNF572",8,482,0.016597510373444
"ZNF574",8,482,0.016597510373444
"ZNF594",8,482,0.016597510373444
"ZNF608",8,482,0.016597510373444
"ZNF613",8,482,0.016597510373444
"ZNF615",8,482,0.016597510373444
"ZNF618",8,482,0.016597510373444
"ZNF677",8,482,0.016597510373444
"ZNF680",8,482,0.016597510373444
"ZNF786",8,482,0.016597510373444
"ZNF93",8,482,0.016597510373444
"ZRANB1",8,482,0.016597510373444
"ZSCAN10",8,482,0.016597510373444
"ZSCAN18",8,482,0.016597510373444
"ZSCAN31",8,482,0.016597510373444
"ZSWIM4",8,482,0.016597510373444
"ZWINT",8,482,0.016597510373444
"ZXDA",8,482,0.016597510373444
"AADACL2",7,482,0.0145228215767635
"ABCA7",7,482,0.0145228215767635
"ABCD1",7,482,0.0145228215767635
"ABCF2",7,482,0.0145228215767635
"ABL1",7,482,0.0145228215767635
"ABRA",7,482,0.0145228215767635
"AC004922.1",7,482,0.0145228215767635
"AC092143.1",7,482,0.0145228215767635
"ACE",7,482,0.0145228215767635
"ACE2",7,482,0.0145228215767635
"ACOX1",7,482,0.0145228215767635
"ACTL6B",7,482,0.0145228215767635
"ACTR6",7,482,0.0145228215767635
"ACVRL1",7,482,0.0145228215767635
"ADAM11",7,482,0.0145228215767635
"ADAM20",7,482,0.0145228215767635
"ADAT1",7,482,0.0145228215767635
"ADCK1",7,482,0.0145228215767635
"ADCY7",7,482,0.0145228215767635
"ADCY9",7,482,0.0145228215767635
"ADGRA2",7,482,0.0145228215767635
"ADGRF2",7,482,0.0145228215767635
"ADPRH",7,482,0.0145228215767635
"AEBP1",7,482,0.0145228215767635
"AGAP3",7,482,0.0145228215767635
"AGBL5",7,482,0.0145228215767635
"AGTR2",7,482,0.0145228215767635
"AIRE",7,482,0.0145228215767635
"AJAP1",7,482,0.0145228215767635
"AKAP8",7,482,0.0145228215767635
"AKNAD1",7,482,0.0145228215767635
"AL645922.1",7,482,0.0145228215767635
"ALCAM",7,482,0.0145228215767635
"ALDH1L2",7,482,0.0145228215767635
"ALG8",7,482,0.0145228215767635
"ALX1",7,482,0.0145228215767635
"AMBRA1",7,482,0.0145228215767635
"AMOTL1",7,482,0.0145228215767635
"AMPD1",7,482,0.0145228215767635
"ANKEF1",7,482,0.0145228215767635
"ANKMY1",7,482,0.0145228215767635
"ANKMY2",7,482,0.0145228215767635
"ANKRD24",7,482,0.0145228215767635
"ANKRD7",7,482,0.0145228215767635
"ANKS1A",7,482,0.0145228215767635
"ANO6",7,482,0.0145228215767635
"ANO8",7,482,0.0145228215767635
"ANTXR1",7,482,0.0145228215767635
"AOC2",7,482,0.0145228215767635
"AP3B1",7,482,0.0145228215767635
"APP",7,482,0.0145228215767635
"AQP4",7,482,0.0145228215767635
"ARHGAP22",7,482,0.0145228215767635
"ARHGAP25",7,482,0.0145228215767635
"ARHGAP44",7,482,0.0145228215767635
"ARHGEF10",7,482,0.0145228215767635
"ARHGEF4",7,482,0.0145228215767635
"ARMC6",7,482,0.0145228215767635
"ARMC8",7,482,0.0145228215767635
"ARSH",7,482,0.0145228215767635
"ATG9B",7,482,0.0145228215767635
"ATP2A3",7,482,0.0145228215767635
"ATP6V1H",7,482,0.0145228215767635
"ATP8B2",7,482,0.0145228215767635
"ATP9B",7,482,0.0145228215767635
"ATRN",7,482,0.0145228215767635
"B2M",7,482,0.0145228215767635
"B3GALT1",7,482,0.0145228215767635
"B3GAT1",7,482,0.0145228215767635
"B3GAT2",7,482,0.0145228215767635
"BACH1",7,482,0.0145228215767635
"BAHCC1",7,482,0.0145228215767635
"BCAR3",7,482,0.0145228215767635
"BCAS1",7,482,0.0145228215767635
"BCL6",7,482,0.0145228215767635
"BCL6B",7,482,0.0145228215767635
"BCL9",7,482,0.0145228215767635
"BCO1",7,482,0.0145228215767635
"BFSP1",7,482,0.0145228215767635
"BHMT",7,482,0.0145228215767635
"BMX",7,482,0.0145228215767635
"BPIFA3",7,482,0.0145228215767635
"BSDC1",7,482,0.0145228215767635
"BSND",7,482,0.0145228215767635
"C12orf42",7,482,0.0145228215767635
"C1GALT1C1",7,482,0.0145228215767635
"C1QB",7,482,0.0145228215767635
"C3orf20",7,482,0.0145228215767635
"C3orf70",7,482,0.0145228215767635
"C5orf22",7,482,0.0145228215767635
"CACNA2D2",7,482,0.0145228215767635
"CACNG2",7,482,0.0145228215767635
"CACNG8",7,482,0.0145228215767635
"CADM1",7,482,0.0145228215767635
"CAMK1G",7,482,0.0145228215767635
"CAND2",7,482,0.0145228215767635
"CAPN15",7,482,0.0145228215767635
"CAPN5",7,482,0.0145228215767635
"CAPSL",7,482,0.0145228215767635
"CAPZA3",7,482,0.0145228215767635
"CARD8",7,482,0.0145228215767635
"CARF",7,482,0.0145228215767635
"CARMIL2",7,482,0.0145228215767635
"CASP4",7,482,0.0145228215767635
"CBL",7,482,0.0145228215767635
"CC2D1A",7,482,0.0145228215767635
"CCBE1",7,482,0.0145228215767635
"CCDC102A",7,482,0.0145228215767635
"CCDC27",7,482,0.0145228215767635
"CCDC8",7,482,0.0145228215767635
"CCDC87",7,482,0.0145228215767635
"CCDC9B",7,482,0.0145228215767635
"CCHCR1",7,482,0.0145228215767635
"CCN3",7,482,0.0145228215767635
"CCSER2",7,482,0.0145228215767635
"CCT6A",7,482,0.0145228215767635
"CCT6B",7,482,0.0145228215767635
"CD33",7,482,0.0145228215767635
"CD96",7,482,0.0145228215767635
"CDC6",7,482,0.0145228215767635
"CDH15",7,482,0.0145228215767635
"CDH22",7,482,0.0145228215767635
"CDHR5",7,482,0.0145228215767635
"CDK19",7,482,0.0145228215767635
"CDRT1",7,482,0.0145228215767635
"CDX4",7,482,0.0145228215767635
"CEMIP",7,482,0.0145228215767635
"CEMIP2",7,482,0.0145228215767635
"CEP120",7,482,0.0145228215767635
"CEP83",7,482,0.0145228215767635
"CEP85L",7,482,0.0145228215767635
"CERS3",7,482,0.0145228215767635
"CES5A",7,482,0.0145228215767635
"CFAP251",7,482,0.0145228215767635
"CFAP58",7,482,0.0145228215767635
"CHAF1A",7,482,0.0145228215767635
"CHST2",7,482,0.0145228215767635
"CHST5",7,482,0.0145228215767635
"CHST8",7,482,0.0145228215767635
"CIC",7,482,0.0145228215767635
"CKMT2",7,482,0.0145228215767635
"CLCN2",7,482,0.0145228215767635
"CNNM2",7,482,0.0145228215767635
"CNST",7,482,0.0145228215767635
"COCH",7,482,0.0145228215767635
"COLEC11",7,482,0.0145228215767635
"COLGALT1",7,482,0.0145228215767635
"COMP",7,482,0.0145228215767635
"CP",7,482,0.0145228215767635
"CPA4",7,482,0.0145228215767635
"CPA6",7,482,0.0145228215767635
"CPSF1",7,482,0.0145228215767635
"CPVL",7,482,0.0145228215767635
"CPXM2",7,482,0.0145228215767635
"CRACR2A",7,482,0.0145228215767635
"CRHBP",7,482,0.0145228215767635
"CRISP2",7,482,0.0145228215767635
"CRISP3",7,482,0.0145228215767635
"CRP",7,482,0.0145228215767635
"CRTAC1",7,482,0.0145228215767635
"CRYBG2",7,482,0.0145228215767635
"CSRNP1",7,482,0.0145228215767635
"CST4",7,482,0.0145228215767635
"CST8",7,482,0.0145228215767635
"CSTF2",7,482,0.0145228215767635
"CTCFL",7,482,0.0145228215767635
"CTR9",7,482,0.0145228215767635
"CX3CR1",7,482,0.0145228215767635
"CYP2C9",7,482,0.0145228215767635
"CYP4F11",7,482,0.0145228215767635
"CYP4F2",7,482,0.0145228215767635
"CYP8B1",7,482,0.0145228215767635
"DAXX",7,482,0.0145228215767635
"DBN1",7,482,0.0145228215767635
"DDX4",7,482,0.0145228215767635
"DDX54",7,482,0.0145228215767635
"DDX58",7,482,0.0145228215767635
"DEF6",7,482,0.0145228215767635
"DEFB112",7,482,0.0145228215767635
"DENND2C",7,482,0.0145228215767635
"DENND5A",7,482,0.0145228215767635
"DENND5B",7,482,0.0145228215767635
"DGCR2",7,482,0.0145228215767635
"DHX8",7,482,0.0145228215767635
"DHX9",7,482,0.0145228215767635
"DIO2",7,482,0.0145228215767635
"DIO3",7,482,0.0145228215767635
"DLGAP5",7,482,0.0145228215767635
"DLX5",7,482,0.0145228215767635
"DMKN",7,482,0.0145228215767635
"DMRT1",7,482,0.0145228215767635
"DNAAF1",7,482,0.0145228215767635
"DNAAF2",7,482,0.0145228215767635
"DNAJC2",7,482,0.0145228215767635
"DNASE2B",7,482,0.0145228215767635
"DNMT1",7,482,0.0145228215767635
"DOCK1",7,482,0.0145228215767635
"DPRX",7,482,0.0145228215767635
"DPYSL3",7,482,0.0145228215767635
"DRC7",7,482,0.0145228215767635
"DSC3",7,482,0.0145228215767635
"DSG2",7,482,0.0145228215767635
"DSPP",7,482,0.0145228215767635
"DTX1",7,482,0.0145228215767635
"DUOX1",7,482,0.0145228215767635
"DVL3",7,482,0.0145228215767635
"E2F8",7,482,0.0145228215767635
"EARS2",7,482,0.0145228215767635
"ECEL1",7,482,0.0145228215767635
"EDC4",7,482,0.0145228215767635
"EFHB",7,482,0.0145228215767635
"EHD3",7,482,0.0145228215767635
"ELF1",7,482,0.0145228215767635
"ELFN2",7,482,0.0145228215767635
"EMILIN1",7,482,0.0145228215767635
"EMILIN3",7,482,0.0145228215767635
"ENPP7",7,482,0.0145228215767635
"EPB41L1",7,482,0.0145228215767635
"EPYC",7,482,0.0145228215767635
"ERBB3",7,482,0.0145228215767635
"ERCC6L",7,482,0.0145228215767635
"ESYT3",7,482,0.0145228215767635
"ETAA1",7,482,0.0145228215767635
"EZH2",7,482,0.0145228215767635
"FAM110B",7,482,0.0145228215767635
"FAM133A",7,482,0.0145228215767635
"FAM234B",7,482,0.0145228215767635
"FAM81A",7,482,0.0145228215767635
"FANCA",7,482,0.0145228215767635
"FANCI",7,482,0.0145228215767635
"FBH1",7,482,0.0145228215767635
"FBXO21",7,482,0.0145228215767635
"FBXO38",7,482,0.0145228215767635
"FBXO43",7,482,0.0145228215767635
"FBXO47",7,482,0.0145228215767635
"FCGR3B",7,482,0.0145228215767635
"FCN1",7,482,0.0145228215767635
"FCRL6",7,482,0.0145228215767635
"FEM1B",7,482,0.0145228215767635
"FEM1C",7,482,0.0145228215767635
"FFAR3",7,482,0.0145228215767635
"FGD4",7,482,0.0145228215767635
"FGFR4",7,482,0.0145228215767635
"FIG4",7,482,0.0145228215767635
"FMO3",7,482,0.0145228215767635
"FOXK1",7,482,0.0145228215767635
"FPGT",7,482,0.0145228215767635
"FRG2",7,482,0.0145228215767635
"FRG2B",7,482,0.0145228215767635
"FRRS1",7,482,0.0145228215767635
"FSD2",7,482,0.0145228215767635
"FSTL1",7,482,0.0145228215767635
"FUT5",7,482,0.0145228215767635
"GAB1",7,482,0.0145228215767635
"GABBR2",7,482,0.0145228215767635
"GABRR2",7,482,0.0145228215767635
"GALNT10",7,482,0.0145228215767635
"GALNT2",7,482,0.0145228215767635
"GANAB",7,482,0.0145228215767635
"GAPDHS",7,482,0.0145228215767635
"GBA",7,482,0.0145228215767635
"GBP4",7,482,0.0145228215767635
"GBP6",7,482,0.0145228215767635
"GBX1",7,482,0.0145228215767635
"GCG",7,482,0.0145228215767635
"GCNT1",7,482,0.0145228215767635
"GCSAML",7,482,0.0145228215767635
"GDPD1",7,482,0.0145228215767635
"GFOD2",7,482,0.0145228215767635
"GGH",7,482,0.0145228215767635
"GGNBP2",7,482,0.0145228215767635
"GLMN",7,482,0.0145228215767635
"GLRA4",7,482,0.0145228215767635
"GLUD1",7,482,0.0145228215767635
"GNAZ",7,482,0.0145228215767635
"GNL2",7,482,0.0145228215767635
"GNL3L",7,482,0.0145228215767635
"GNPAT",7,482,0.0145228215767635
"GORAB",7,482,0.0145228215767635
"GORASP2",7,482,0.0145228215767635
"GP5",7,482,0.0145228215767635
"GP6",7,482,0.0145228215767635
"GPANK1",7,482,0.0145228215767635
"GPC2",7,482,0.0145228215767635
"GPC6",7,482,0.0145228215767635
"GPD2",7,482,0.0145228215767635
"GPI",7,482,0.0145228215767635
"GPNMB",7,482,0.0145228215767635
"GPR155",7,482,0.0145228215767635
"GPR32",7,482,0.0145228215767635
"GPR6",7,482,0.0145228215767635
"GPR61",7,482,0.0145228215767635
"GPR78",7,482,0.0145228215767635
"GPR85",7,482,0.0145228215767635
"GPRASP2",7,482,0.0145228215767635
"GPRIN2",7,482,0.0145228215767635
"GREM2",7,482,0.0145228215767635
"GTF2IRD2B",7,482,0.0145228215767635
"HAS2",7,482,0.0145228215767635
"HBS1L",7,482,0.0145228215767635
"HCN2",7,482,0.0145228215767635
"HCN3",7,482,0.0145228215767635
"HCN4",7,482,0.0145228215767635
"HEATR3",7,482,0.0145228215767635
"HEATR6",7,482,0.0145228215767635
"HEATR9",7,482,0.0145228215767635
"HEPACAM",7,482,0.0145228215767635
"HERC4",7,482,0.0145228215767635
"HERC6",7,482,0.0145228215767635
"HERPUD2",7,482,0.0145228215767635
"HEXA",7,482,0.0145228215767635
"HIF1A",7,482,0.0145228215767635
"HIRA",7,482,0.0145228215767635
"HJV",7,482,0.0145228215767635
"HKDC1",7,482,0.0145228215767635
"HLA-A",7,482,0.0145228215767635
"HLA-DRA",7,482,0.0145228215767635
"HLCS",7,482,0.0145228215767635
"HMGCLL1",7,482,0.0145228215767635
"HNRNPUL1",7,482,0.0145228215767635
"HNRNPUL2",7,482,0.0145228215767635
"HOXA1",7,482,0.0145228215767635
"HOXB5",7,482,0.0145228215767635
"HOXD12",7,482,0.0145228215767635
"HOXD4",7,482,0.0145228215767635
"HRAS",7,482,0.0145228215767635
"HRH1",7,482,0.0145228215767635
"HSF5",7,482,0.0145228215767635
"HSP90B1",7,482,0.0145228215767635
"HSPA1L",7,482,0.0145228215767635
"HSPA2",7,482,0.0145228215767635
"HSPA4L",7,482,0.0145228215767635
"HSPA8",7,482,0.0145228215767635
"HTR3E",7,482,0.0145228215767635
"IBSP",7,482,0.0145228215767635
"ICA1",7,482,0.0145228215767635
"IFFO1",7,482,0.0145228215767635
"IFI44",7,482,0.0145228215767635
"IFT52",7,482,0.0145228215767635
"IGKV1-16",7,482,0.0145228215767635
"IGKV1-27",7,482,0.0145228215767635
"IGKV2-30",7,482,0.0145228215767635
"IGKV2D-24",7,482,0.0145228215767635
"IGKV3-7",7,482,0.0145228215767635
"IGSF22",7,482,0.0145228215767635
"IKBIP",7,482,0.0145228215767635
"IKBKE",7,482,0.0145228215767635
"IL17RA",7,482,0.0145228215767635
"IL21R",7,482,0.0145228215767635
"IL2RB",7,482,0.0145228215767635
"IMMT",7,482,0.0145228215767635
"INPP4A",7,482,0.0145228215767635
"INPP5B",7,482,0.0145228215767635
"IPO13",7,482,0.0145228215767635
"IPO9",7,482,0.0145228215767635
"IPP",7,482,0.0145228215767635
"IQCH",7,482,0.0145228215767635
"IQSEC2",7,482,0.0145228215767635
"IRX6",7,482,0.0145228215767635
"ITPKB",7,482,0.0145228215767635
"ITPRIPL1",7,482,0.0145228215767635
"JADE3",7,482,0.0145228215767635
"JAKMIP2",7,482,0.0145228215767635
"KAT8",7,482,0.0145228215767635
"KCNA2",7,482,0.0145228215767635
"KCNA3",7,482,0.0145228215767635
"KCNAB1",7,482,0.0145228215767635
"KCNC1",7,482,0.0145228215767635
"KCND3",7,482,0.0145228215767635
"KCNF1",7,482,0.0145228215767635
"KCNG1",7,482,0.0145228215767635
"KCNJ16",7,482,0.0145228215767635
"KCNK13",7,482,0.0145228215767635
"KCNS2",7,482,0.0145228215767635
"KDM6B",7,482,0.0145228215767635
"KHDC4",7,482,0.0145228215767635
"KIAA0319L",7,482,0.0145228215767635
"KIAA0895",7,482,0.0145228215767635
"KIF23",7,482,0.0145228215767635
"KIF2A",7,482,0.0145228215767635
"KIF4A",7,482,0.0145228215767635
"KIF5B",7,482,0.0145228215767635
"KIF6",7,482,0.0145228215767635
"KIRREL1",7,482,0.0145228215767635
"KLC4",7,482,0.0145228215767635
"KLF12",7,482,0.0145228215767635
"KLF15",7,482,0.0145228215767635
"KLF7",7,482,0.0145228215767635
"KLHL40",7,482,0.0145228215767635
"KLHL9",7,482,0.0145228215767635
"KLRF1",7,482,0.0145228215767635
"KRI1",7,482,0.0145228215767635
"KRT1",7,482,0.0145228215767635
"KRT24",7,482,0.0145228215767635
"KRT27",7,482,0.0145228215767635
"KRT75",7,482,0.0145228215767635
"KRT77",7,482,0.0145228215767635
"KRT82",7,482,0.0145228215767635
"KRT83",7,482,0.0145228215767635
"KRT84",7,482,0.0145228215767635
"KRTAP24-1",7,482,0.0145228215767635
"KYNU",7,482,0.0145228215767635
"LAMB3",7,482,0.0145228215767635
"LAMP5",7,482,0.0145228215767635
"LCE2C",7,482,0.0145228215767635
"LDB3",7,482,0.0145228215767635
"LDLR",7,482,0.0145228215767635
"LDLRAD4",7,482,0.0145228215767635
"LEMD3",7,482,0.0145228215767635
"LENG9",7,482,0.0145228215767635
"LHX9",7,482,0.0145228215767635
"LMBR1",7,482,0.0145228215767635
"LONRF3",7,482,0.0145228215767635
"LRCH3",7,482,0.0145228215767635
"LRFN1",7,482,0.0145228215767635
"LRIT3",7,482,0.0145228215767635
"LRRC31",7,482,0.0145228215767635
"LRRC37A3",7,482,0.0145228215767635
"LRRC40",7,482,0.0145228215767635
"LRRC43",7,482,0.0145228215767635
"LRRC52",7,482,0.0145228215767635
"LRRC55",7,482,0.0145228215767635
"LRTM2",7,482,0.0145228215767635
"LY9",7,482,0.0145228215767635
"LZTS1",7,482,0.0145228215767635
"MACO1",7,482,0.0145228215767635
"MAD1L1",7,482,0.0145228215767635
"MAGEA1",7,482,0.0145228215767635
"MAGEA10",7,482,0.0145228215767635
"MANSC1",7,482,0.0145228215767635
"MAP1S",7,482,0.0145228215767635
"MAP3K12",7,482,0.0145228215767635
"MAP4K1",7,482,0.0145228215767635
"MAP4K4",7,482,0.0145228215767635
"MAP9",7,482,0.0145228215767635
"MAPK15",7,482,0.0145228215767635
"MAPKAP1",7,482,0.0145228215767635
"MASTL",7,482,0.0145228215767635
"MBOAT1",7,482,0.0145228215767635
"MBP",7,482,0.0145228215767635
"MC5R",7,482,0.0145228215767635
"MCF2L",7,482,0.0145228215767635
"MCHR1",7,482,0.0145228215767635
"MCM8",7,482,0.0145228215767635
"MDH1B",7,482,0.0145228215767635
"MEAK7",7,482,0.0145228215767635
"MEF2C",7,482,0.0145228215767635
"MEOX2",7,482,0.0145228215767635
"MEP1B",7,482,0.0145228215767635
"METTL25",7,482,0.0145228215767635
"MICAL3",7,482,0.0145228215767635
"MLH1",7,482,0.0145228215767635
"MMEL1",7,482,0.0145228215767635
"MMP19",7,482,0.0145228215767635
"MOV10L1",7,482,0.0145228215767635
"MRGPRX4",7,482,0.0145228215767635
"MS4A3",7,482,0.0145228215767635
"MS4A6E",7,482,0.0145228215767635
"MS4A8",7,482,0.0145228215767635
"MSANTD4",7,482,0.0145228215767635
"MSH3",7,482,0.0145228215767635
"MSH6",7,482,0.0145228215767635
"MSLN",7,482,0.0145228215767635
"MTHFD2",7,482,0.0145228215767635
"MTUS1",7,482,0.0145228215767635
"MUC7",7,482,0.0145228215767635
"MUSK",7,482,0.0145228215767635
"MVP",7,482,0.0145228215767635
"MYB",7,482,0.0145228215767635
"MYBL1",7,482,0.0145228215767635
"MYH10",7,482,0.0145228215767635
"MYLK3",7,482,0.0145228215767635
"MYO1D",7,482,0.0145228215767635
"MYO1E",7,482,0.0145228215767635
"MYO1H",7,482,0.0145228215767635
"MYO5A",7,482,0.0145228215767635
"MYRF",7,482,0.0145228215767635
"N4BP2L2",7,482,0.0145228215767635
"NAA25",7,482,0.0145228215767635
"NBEAL2",7,482,0.0145228215767635
"NCAPG",7,482,0.0145228215767635
"NDUFAF5",7,482,0.0145228215767635
"NEDD9",7,482,0.0145228215767635
"NEMF",7,482,0.0145228215767635
"NETO2",7,482,0.0145228215767635
"NF2",7,482,0.0145228215767635
"NFX1",7,482,0.0145228215767635
"NIBAN1",7,482,0.0145228215767635
"NKAIN2",7,482,0.0145228215767635
"NKD1",7,482,0.0145228215767635
"NLRP1",7,482,0.0145228215767635
"NLRP6",7,482,0.0145228215767635
"NOS3",7,482,0.0145228215767635
"NPHP4",7,482,0.0145228215767635
"NRDE2",7,482,0.0145228215767635
"NUCB1",7,482,0.0145228215767635
"NUDT6",7,482,0.0145228215767635
"NUP188",7,482,0.0145228215767635
"NUP37",7,482,0.0145228215767635
"OBI1",7,482,0.0145228215767635
"OGDH",7,482,0.0145228215767635
"OLFML2A",7,482,0.0145228215767635
"OPRK1",7,482,0.0145228215767635
"OPRPN",7,482,0.0145228215767635
"OR10G3",7,482,0.0145228215767635
"OR10W1",7,482,0.0145228215767635
"OR13C9",7,482,0.0145228215767635
"OR13D1",7,482,0.0145228215767635
"OR14J1",7,482,0.0145228215767635
"OR1D2",7,482,0.0145228215767635
"OR1J2",7,482,0.0145228215767635
"OR2A14",7,482,0.0145228215767635
"OR2B2",7,482,0.0145228215767635
"OR2D3",7,482,0.0145228215767635
"OR2Z1",7,482,0.0145228215767635
"OR4K17",7,482,0.0145228215767635
"OR4S1",7,482,0.0145228215767635
"OR4X1",7,482,0.0145228215767635
"OR51B4",7,482,0.0145228215767635
"OR51B6",7,482,0.0145228215767635
"OR5AN1",7,482,0.0145228215767635
"OR6B2",7,482,0.0145228215767635
"OR6C1",7,482,0.0145228215767635
"OR6V1",7,482,0.0145228215767635
"OR7A10",7,482,0.0145228215767635
"OR8B12",7,482,0.0145228215767635
"OR8B3",7,482,0.0145228215767635
"ORC1",7,482,0.0145228215767635
"OSBPL3",7,482,0.0145228215767635
"OSR2",7,482,0.0145228215767635
"OTUD4",7,482,0.0145228215767635
"P4HA3",7,482,0.0145228215767635
"PARP14",7,482,0.0145228215767635
"PATZ1",7,482,0.0145228215767635
"PC",7,482,0.0145228215767635
"PCDHGC5",7,482,0.0145228215767635
"PCNX3",7,482,0.0145228215767635
"PDE6C",7,482,0.0145228215767635
"PDE9A",7,482,0.0145228215767635
"PDGFD",7,482,0.0145228215767635
"PDZD4",7,482,0.0145228215767635
"PDZD8",7,482,0.0145228215767635
"PGBD2",7,482,0.0145228215767635
"PGM2",7,482,0.0145228215767635
"PGM5",7,482,0.0145228215767635
"PHC1",7,482,0.0145228215767635
"PHF14",7,482,0.0145228215767635
"PHLPP2",7,482,0.0145228215767635
"PIAS1",7,482,0.0145228215767635
"PIP4K2A",7,482,0.0145228215767635
"PIWIL2",7,482,0.0145228215767635
"PKLR",7,482,0.0145228215767635
"PKM",7,482,0.0145228215767635
"PKNOX2",7,482,0.0145228215767635
"PLCL2",7,482,0.0145228215767635
"PLD2",7,482,0.0145228215767635
"PLEKHG7",7,482,0.0145228215767635
"PLEKHH3",7,482,0.0145228215767635
"PLEKHM1",7,482,0.0145228215767635
"PLPPR1",7,482,0.0145228215767635
"PMPCB",7,482,0.0145228215767635
"PNPLA8",7,482,0.0145228215767635
"PODN",7,482,0.0145228215767635
"POLG",7,482,0.0145228215767635
"PON1",7,482,0.0145228215767635
"POPDC3",7,482,0.0145228215767635
"POTED",7,482,0.0145228215767635
"PPARGC1B",7,482,0.0145228215767635
"PPP1R12C",7,482,0.0145228215767635
"PPP1R15B",7,482,0.0145228215767635
"PPP2R2C",7,482,0.0145228215767635
"PPP3CB",7,482,0.0145228215767635
"PPP4R3B",7,482,0.0145228215767635
"PPP6R3",7,482,0.0145228215767635
"PRAMEF1",7,482,0.0145228215767635
"PRAMEF4",7,482,0.0145228215767635
"PREPL",7,482,0.0145228215767635
"PRH2",7,482,0.0145228215767635
"PRKAG3",7,482,0.0145228215767635
"PROSER1",7,482,0.0145228215767635
"PRPF3",7,482,0.0145228215767635
"PRR16",7,482,0.0145228215767635
"PSD2",7,482,0.0145228215767635
"PSEN2",7,482,0.0145228215767635
"PSG4",7,482,0.0145228215767635
"PSMD1",7,482,0.0145228215767635
"PTCH1",7,482,0.0145228215767635
"PTCHD3",7,482,0.0145228215767635
"PTGS1",7,482,0.0145228215767635
"PTPN22",7,482,0.0145228215767635
"PUM1",7,482,0.0145228215767635
"PUS7L",7,482,0.0145228215767635
"QSOX2",7,482,0.0145228215767635
"RAB3GAP1",7,482,0.0145228215767635
"RAB3IP",7,482,0.0145228215767635
"RAD21",7,482,0.0145228215767635
"RAD51AP2",7,482,0.0145228215767635
"RAI14",7,482,0.0145228215767635
"RALGPS2",7,482,0.0145228215767635
"RANBP6",7,482,0.0145228215767635
"RAPGEF6",7,482,0.0145228215767635
"RBM26",7,482,0.0145228215767635
"RBM6",7,482,0.0145228215767635
"RECK",7,482,0.0145228215767635
"REM1",7,482,0.0145228215767635
"RETREG2",7,482,0.0145228215767635
"RFTN2",7,482,0.0145228215767635
"RFX3",7,482,0.0145228215767635
"RGS21",7,482,0.0145228215767635
"RHBDF2",7,482,0.0145228215767635
"RHCG",7,482,0.0145228215767635
"RHOH",7,482,0.0145228215767635
"RIN2",7,482,0.0145228215767635
"RLIM",7,482,0.0145228215767635
"RNASE10",7,482,0.0145228215767635
"RNF157",7,482,0.0145228215767635
"RNF19A",7,482,0.0145228215767635
"RNF214",7,482,0.0145228215767635
"RNF40",7,482,0.0145228215767635
"ROPN1L",7,482,0.0145228215767635
"ROR1",7,482,0.0145228215767635
"RORC",7,482,0.0145228215767635
"RPA4",7,482,0.0145228215767635
"RPS6KA6",7,482,0.0145228215767635
"RSRC1",7,482,0.0145228215767635
"RUBCNL",7,482,0.0145228215767635
"RUFY3",7,482,0.0145228215767635
"RUNDC3B",7,482,0.0145228215767635
"RUNX2",7,482,0.0145228215767635
"RUVBL1",7,482,0.0145228215767635
"SAP30BP",7,482,0.0145228215767635
"SBNO1",7,482,0.0145228215767635
"SCARA5",7,482,0.0145228215767635
"SCCPDH",7,482,0.0145228215767635
"SCG2",7,482,0.0145228215767635
"SCLT1",7,482,0.0145228215767635
"SCN3B",7,482,0.0145228215767635
"SCNN1G",7,482,0.0145228215767635
"SDE2",7,482,0.0145228215767635
"SDHA",7,482,0.0145228215767635
"SEC14L5",7,482,0.0145228215767635
"SEC22A",7,482,0.0145228215767635
"SEC24A",7,482,0.0145228215767635
"SEC24C",7,482,0.0145228215767635
"SELENOP",7,482,0.0145228215767635
"SEMA4C",7,482,0.0145228215767635
"SENP5",7,482,0.0145228215767635
"SERPINA11",7,482,0.0145228215767635
"SERPINB12",7,482,0.0145228215767635
"SERPINB4",7,482,0.0145228215767635
"SERPINC1",7,482,0.0145228215767635
"SF3B3",7,482,0.0145228215767635
"SFI1",7,482,0.0145228215767635
"SFRP4",7,482,0.0145228215767635
"SGO2",7,482,0.0145228215767635
"SH3BP4",7,482,0.0145228215767635
"SH3BP5L",7,482,0.0145228215767635
"SH3KBP1",7,482,0.0145228215767635
"SH3RF1",7,482,0.0145228215767635
"SHANK3",7,482,0.0145228215767635
"SHC3",7,482,0.0145228215767635
"SIGLEC14",7,482,0.0145228215767635
"SIGLEC7",7,482,0.0145228215767635
"SIK2",7,482,0.0145228215767635
"SIN3B",7,482,0.0145228215767635
"SKAP1",7,482,0.0145228215767635
"SLAMF1",7,482,0.0145228215767635
"SLC10A2",7,482,0.0145228215767635
"SLC20A1",7,482,0.0145228215767635
"SLC22A1",7,482,0.0145228215767635
"SLC22A13",7,482,0.0145228215767635
"SLC22A16",7,482,0.0145228215767635
"SLC30A10",7,482,0.0145228215767635
"SLC32A1",7,482,0.0145228215767635
"SLC35G5",7,482,0.0145228215767635
"SLC37A1",7,482,0.0145228215767635
"SLC39A4",7,482,0.0145228215767635
"SLC45A1",7,482,0.0145228215767635
"SLC45A4",7,482,0.0145228215767635
"SLC4A7",7,482,0.0145228215767635
"SLC5A5",7,482,0.0145228215767635
"SLC6A2",7,482,0.0145228215767635
"SLC7A3",7,482,0.0145228215767635
"SLC9A5",7,482,0.0145228215767635
"SLCO4A1",7,482,0.0145228215767635
"SLF1",7,482,0.0145228215767635
"SLF2",7,482,0.0145228215767635
"SLFN12",7,482,0.0145228215767635
"SLFN13",7,482,0.0145228215767635
"SMC5",7,482,0.0145228215767635
"SMS",7,482,0.0145228215767635
"SNCAIP",7,482,0.0145228215767635
"SNED1",7,482,0.0145228215767635
"SNX14",7,482,0.0145228215767635
"SNX25",7,482,0.0145228215767635
"SNX29",7,482,0.0145228215767635
"SOHLH1",7,482,0.0145228215767635
"SORT1",7,482,0.0145228215767635
"SOX11",7,482,0.0145228215767635
"SOX3",7,482,0.0145228215767635
"SPAG1",7,482,0.0145228215767635
"SPARCL1",7,482,0.0145228215767635
"SPATA2",7,482,0.0145228215767635
"SPATA5",7,482,0.0145228215767635
"SPATA6",7,482,0.0145228215767635
"SPNS1",7,482,0.0145228215767635
"SS18",7,482,0.0145228215767635
"SSH1",7,482,0.0145228215767635
"SSMEM1",7,482,0.0145228215767635
"ST6GALNAC1",7,482,0.0145228215767635
"STAG1",7,482,0.0145228215767635
"STAM",7,482,0.0145228215767635
"STAR",7,482,0.0145228215767635
"STAT1",7,482,0.0145228215767635
"STIP1",7,482,0.0145228215767635
"STK10",7,482,0.0145228215767635
"STK32C",7,482,0.0145228215767635
"STRC",7,482,0.0145228215767635
"STT3A",7,482,0.0145228215767635
"SUSD2",7,482,0.0145228215767635
"SV2B",7,482,0.0145228215767635
"SYDE2",7,482,0.0145228215767635
"SYNDIG1L",7,482,0.0145228215767635
"SYT1",7,482,0.0145228215767635
"SYT5",7,482,0.0145228215767635
"TAAR2",7,482,0.0145228215767635
"TAF4",7,482,0.0145228215767635
"TARS3",7,482,0.0145228215767635
"TAS1R3",7,482,0.0145228215767635
"TAS2R16",7,482,0.0145228215767635
"TAS2R40",7,482,0.0145228215767635
"TBC1D1",7,482,0.0145228215767635
"TBC1D19",7,482,0.0145228215767635
"TBC1D23",7,482,0.0145228215767635
"TBC1D31",7,482,0.0145228215767635
"TBC1D3B",7,482,0.0145228215767635
"TBC1D8",7,482,0.0145228215767635
"TBK1",7,482,0.0145228215767635
"TBL1XR1",7,482,0.0145228215767635
"TBR1",7,482,0.0145228215767635
"TBX20",7,482,0.0145228215767635
"TBXAS1",7,482,0.0145228215767635
"TCOF1",7,482,0.0145228215767635
"TCTN1",7,482,0.0145228215767635
"TDP1",7,482,0.0145228215767635
"TEKT3",7,482,0.0145228215767635
"TFAP2A",7,482,0.0145228215767635
"TFB2M",7,482,0.0145228215767635
"TGFB2",7,482,0.0145228215767635
"TGM7",7,482,0.0145228215767635
"THAP12",7,482,0.0145228215767635
"THRAP3",7,482,0.0145228215767635
"THSD1",7,482,0.0145228215767635
"TIA1",7,482,0.0145228215767635
"TJP3",7,482,0.0145228215767635
"TLK1",7,482,0.0145228215767635
"TLR5",7,482,0.0145228215767635
"TMC1",7,482,0.0145228215767635
"TMC4",7,482,0.0145228215767635
"TMEM132A",7,482,0.0145228215767635
"TMEM185A",7,482,0.0145228215767635
"TMEM244",7,482,0.0145228215767635
"TMEM255B",7,482,0.0145228215767635
"TMEM26",7,482,0.0145228215767635
"TMEM63C",7,482,0.0145228215767635
"TMEM67",7,482,0.0145228215767635
"TMEM8B",7,482,0.0145228215767635
"TMPRSS11E",7,482,0.0145228215767635
"TMX3",7,482,0.0145228215767635
"TNIP3",7,482,0.0145228215767635
"TNS2",7,482,0.0145228215767635
"TOP1",7,482,0.0145228215767635
"TRABD2A",7,482,0.0145228215767635
"TRAF3",7,482,0.0145228215767635
"TRANK1",7,482,0.0145228215767635
"TREM1",7,482,0.0145228215767635
"TRGV4",7,482,0.0145228215767635
"TRIM10",7,482,0.0145228215767635
"TRIM22",7,482,0.0145228215767635
"TRIM24",7,482,0.0145228215767635
"TRIM38",7,482,0.0145228215767635
"TRIM39",7,482,0.0145228215767635
"TRIM46",7,482,0.0145228215767635
"TTBK2",7,482,0.0145228215767635
"TTC21A",7,482,0.0145228215767635
"TTC8",7,482,0.0145228215767635
"TUBA3E",7,482,0.0145228215767635
"TUBB4A",7,482,0.0145228215767635
"TWNK",7,482,0.0145228215767635
"UBA1",7,482,0.0145228215767635
"UBASH3B",7,482,0.0145228215767635
"UBC",7,482,0.0145228215767635
"UBE4B",7,482,0.0145228215767635
"UBQLN2",7,482,0.0145228215767635
"UPF2",7,482,0.0145228215767635
"USP11",7,482,0.0145228215767635
"USP38",7,482,0.0145228215767635
"USP46",7,482,0.0145228215767635
"USP6NL",7,482,0.0145228215767635
"VAMP7",7,482,0.0145228215767635
"VAV2",7,482,0.0145228215767635
"VCL",7,482,0.0145228215767635
"VGF",7,482,0.0145228215767635
"VPS51",7,482,0.0145228215767635
"VSIG4",7,482,0.0145228215767635
"VSTM1",7,482,0.0145228215767635
"VWC2L",7,482,0.0145228215767635
"WAS",7,482,0.0145228215767635
"WDR26",7,482,0.0145228215767635
"WDR59",7,482,0.0145228215767635
"WDR76",7,482,0.0145228215767635
"WIZ",7,482,0.0145228215767635
"WNT10B",7,482,0.0145228215767635
"WNT7A",7,482,0.0145228215767635
"WWP2",7,482,0.0145228215767635
"XYLT2",7,482,0.0145228215767635
"ZBTB18",7,482,0.0145228215767635
"ZCCHC14",7,482,0.0145228215767635
"ZDHHC15",7,482,0.0145228215767635
"ZDHHC8",7,482,0.0145228215767635
"ZFP36L1",7,482,0.0145228215767635
"ZFX",7,482,0.0145228215767635
"ZKSCAN5",7,482,0.0145228215767635
"ZMIZ2",7,482,0.0145228215767635
"ZMYND15",7,482,0.0145228215767635
"ZNF133",7,482,0.0145228215767635
"ZNF14",7,482,0.0145228215767635
"ZNF175",7,482,0.0145228215767635
"ZNF180",7,482,0.0145228215767635
"ZNF182",7,482,0.0145228215767635
"ZNF202",7,482,0.0145228215767635
"ZNF222",7,482,0.0145228215767635
"ZNF260",7,482,0.0145228215767635
"ZNF319",7,482,0.0145228215767635
"ZNF333",7,482,0.0145228215767635
"ZNF383",7,482,0.0145228215767635
"ZNF416",7,482,0.0145228215767635
"ZNF418",7,482,0.0145228215767635
"ZNF419",7,482,0.0145228215767635
"ZNF439",7,482,0.0145228215767635
"ZNF440",7,482,0.0145228215767635
"ZNF442",7,482,0.0145228215767635
"ZNF473",7,482,0.0145228215767635
"ZNF48",7,482,0.0145228215767635
"ZNF526",7,482,0.0145228215767635
"ZNF528",7,482,0.0145228215767635
"ZNF543",7,482,0.0145228215767635
"ZNF548",7,482,0.0145228215767635
"ZNF559",7,482,0.0145228215767635
"ZNF571",7,482,0.0145228215767635
"ZNF573",7,482,0.0145228215767635
"ZNF583",7,482,0.0145228215767635
"ZNF586",7,482,0.0145228215767635
"ZNF599",7,482,0.0145228215767635
"ZNF614",7,482,0.0145228215767635
"ZNF671",7,482,0.0145228215767635
"ZNF675",7,482,0.0145228215767635
"ZNF682",7,482,0.0145228215767635
"ZNF701",7,482,0.0145228215767635
"ZNF746",7,482,0.0145228215767635
"ZNF770",7,482,0.0145228215767635
"ZNF773",7,482,0.0145228215767635
"ZNF781",7,482,0.0145228215767635
"ZNF81",7,482,0.0145228215767635
"ZNF85",7,482,0.0145228215767635
"ZPBP",7,482,0.0145228215767635
"ZSCAN20",7,482,0.0145228215767635
"ZSCAN22",7,482,0.0145228215767635
"ZSCAN25",7,482,0.0145228215767635
"ABCC4",6,482,0.012448132780083
"ABLIM3",6,482,0.012448132780083
"ABRAXAS2",6,482,0.012448132780083
"AC004593.2",6,482,0.012448132780083
"AC006059.2",6,482,0.012448132780083
"AC011448.1",6,482,0.012448132780083
"AC126283.2",6,482,0.012448132780083
"ACCS",6,482,0.012448132780083
"ACHE",6,482,0.012448132780083
"ACIN1",6,482,0.012448132780083
"ACLY",6,482,0.012448132780083
"ACRBP",6,482,0.012448132780083
"ACTB",6,482,0.012448132780083
"ACTN3",6,482,0.012448132780083
"ADH1B",6,482,0.012448132780083
"ADNP",6,482,0.012448132780083
"ADNP2",6,482,0.012448132780083
"ADORA2A",6,482,0.012448132780083
"ADRA2B",6,482,0.012448132780083
"ADTRP",6,482,0.012448132780083
"AGA",6,482,0.012448132780083
"AGFG1",6,482,0.012448132780083
"AGGF1",6,482,0.012448132780083
"AGO1",6,482,0.012448132780083
"AGO3",6,482,0.012448132780083
"AGO4",6,482,0.012448132780083
"AGXT2",6,482,0.012448132780083
"ALDH16A1",6,482,0.012448132780083
"ALOX5",6,482,0.012448132780083
"AMIGO1",6,482,0.012448132780083
"ANGPTL5",6,482,0.012448132780083
"ANKK1",6,482,0.012448132780083
"ANKRD13C",6,482,0.012448132780083
"ANKRD45",6,482,0.012448132780083
"ANO2",6,482,0.012448132780083
"AOC3",6,482,0.012448132780083
"AP5M1",6,482,0.012448132780083
"API5",6,482,0.012448132780083
"APOH",6,482,0.012448132780083
"ARHGAP12",6,482,0.012448132780083
"ARHGAP18",6,482,0.012448132780083
"ARHGAP9",6,482,0.012448132780083
"ARHGEF28",6,482,0.012448132780083
"ARHGEF6",6,482,0.012448132780083
"ARHGEF7",6,482,0.012448132780083
"ARHGEF9",6,482,0.012448132780083
"ARL5B",6,482,0.012448132780083
"ARMC10",6,482,0.012448132780083
"ARMC5",6,482,0.012448132780083
"ARNT2",6,482,0.012448132780083
"ARRDC4",6,482,0.012448132780083
"ARSG",6,482,0.012448132780083
"ART3",6,482,0.012448132780083
"ART4",6,482,0.012448132780083
"ASB15",6,482,0.012448132780083
"ASCC2",6,482,0.012448132780083
"ASCL4",6,482,0.012448132780083
"ASIC1",6,482,0.012448132780083
"ASPH",6,482,0.012448132780083
"ASPHD2",6,482,0.012448132780083
"ASTE1",6,482,0.012448132780083
"ATG13",6,482,0.012448132780083
"ATG16L1",6,482,0.012448132780083
"ATG3",6,482,0.012448132780083
"ATG4D",6,482,0.012448132780083
"ATIC",6,482,0.012448132780083
"ATL2",6,482,0.012448132780083
"ATP2B4",6,482,0.012448132780083
"ATP5F1B",6,482,0.012448132780083
"ATP6V0A1",6,482,0.012448132780083
"ATP6V1C1",6,482,0.012448132780083
"ATP7B",6,482,0.012448132780083
"ATP8B1",6,482,0.012448132780083
"ATXN3L",6,482,0.012448132780083
"AVPR2",6,482,0.012448132780083
"AXIN1",6,482,0.012448132780083
"AXIN2",6,482,0.012448132780083
"B4GALT4",6,482,0.012448132780083
"B4GALT6",6,482,0.012448132780083
"BACE2",6,482,0.012448132780083
"BAHD1",6,482,0.012448132780083
"BDKRB1",6,482,0.012448132780083
"BMP10",6,482,0.012448132780083
"BMP15",6,482,0.012448132780083
"BNC1",6,482,0.012448132780083
"BPI",6,482,0.012448132780083
"BRPF1",6,482,0.012448132780083
"BTBD11",6,482,0.012448132780083
"BTNL3",6,482,0.012448132780083
"C10orf53",6,482,0.012448132780083
"C1S",6,482,0.012448132780083
"C4BPA",6,482,0.012448132780083
"C5AR1",6,482,0.012448132780083
"C6orf15",6,482,0.012448132780083
"C9",6,482,0.012448132780083
"CACNA2D3",6,482,0.012448132780083
"CACNG7",6,482,0.012448132780083
"CALCA",6,482,0.012448132780083
"CALCOCO1",6,482,0.012448132780083
"CALHM5",6,482,0.012448132780083
"CAMK4",6,482,0.012448132780083
"CAMKK1",6,482,0.012448132780083
"CAMSAP1",6,482,0.012448132780083
"CAMTA2",6,482,0.012448132780083
"CAPN10",6,482,0.012448132780083
"CAPN3",6,482,0.012448132780083
"CAPN9",6,482,0.012448132780083
"CARD10",6,482,0.012448132780083
"CASK",6,482,0.012448132780083
"CASP2",6,482,0.012448132780083
"CBFA2T2",6,482,0.012448132780083
"CBLN4",6,482,0.012448132780083
"CC2D1B",6,482,0.012448132780083
"CCDC14",6,482,0.012448132780083
"CCDC148",6,482,0.012448132780083
"CCDC18",6,482,0.012448132780083
"CCDC185",6,482,0.012448132780083
"CCDC50",6,482,0.012448132780083
"CCKAR",6,482,0.012448132780083
"CCKBR",6,482,0.012448132780083
"CCNY",6,482,0.012448132780083
"CCPG1",6,482,0.012448132780083
"CCR1",6,482,0.012448132780083
"CCR2",6,482,0.012448132780083
"CD2BP2",6,482,0.012448132780083
"CD300A",6,482,0.012448132780083
"CD300LB",6,482,0.012448132780083
"CD36",6,482,0.012448132780083
"CD4",6,482,0.012448132780083
"CD5",6,482,0.012448132780083
"CDC25B",6,482,0.012448132780083
"CDC40",6,482,0.012448132780083
"CDC7",6,482,0.012448132780083
"CDH24",6,482,0.012448132780083
"CDH3",6,482,0.012448132780083
"CDYL",6,482,0.012448132780083
"CDYL2",6,482,0.012448132780083
"CEACAM20",6,482,0.012448132780083
"CEACAM3",6,482,0.012448132780083
"CELF4",6,482,0.012448132780083
"CENPI",6,482,0.012448132780083
"CENPP",6,482,0.012448132780083
"CEP131",6,482,0.012448132780083
"CEP170B",6,482,0.012448132780083
"CFAP45",6,482,0.012448132780083
"CFAP52",6,482,0.012448132780083
"CFAP70",6,482,0.012448132780083
"CHAMP1",6,482,0.012448132780083
"CHFR",6,482,0.012448132780083
"CHM",6,482,0.012448132780083
"CHML",6,482,0.012448132780083
"CHRNA7",6,482,0.012448132780083
"CHSY1",6,482,0.012448132780083
"CHTF18",6,482,0.012448132780083
"CHUK",6,482,0.012448132780083
"CIB3",6,482,0.012448132780083
"CILK1",6,482,0.012448132780083
"CKAP2L",6,482,0.012448132780083
"CLCNKB",6,482,0.012448132780083
"CLEC12A",6,482,0.012448132780083
"CLEC16A",6,482,0.012448132780083
"CLEC17A",6,482,0.012448132780083
"CLEC1A",6,482,0.012448132780083
"CLEC1B",6,482,0.012448132780083
"CLEC4C",6,482,0.012448132780083
"CLEC4E",6,482,0.012448132780083
"CLEC4M",6,482,0.012448132780083
"CLGN",6,482,0.012448132780083
"CLHC1",6,482,0.012448132780083
"CLK1",6,482,0.012448132780083
"CLMP",6,482,0.012448132780083
"CLOCK",6,482,0.012448132780083
"CMBL",6,482,0.012448132780083
"CMTR1",6,482,0.012448132780083
"CNNM1",6,482,0.012448132780083
"CNOT2",6,482,0.012448132780083
"CNTNAP1",6,482,0.012448132780083
"COG4",6,482,0.012448132780083
"COL17A1",6,482,0.012448132780083
"COLGALT2",6,482,0.012448132780083
"COLQ",6,482,0.012448132780083
"COPS4",6,482,0.012448132780083
"CORO7",6,482,0.012448132780083
"CPA5",6,482,0.012448132780083
"CPB2",6,482,0.012448132780083
"CPLANE1",6,482,0.012448132780083
"CPN2",6,482,0.012448132780083
"CPNE5",6,482,0.012448132780083
"CPSF6",6,482,0.012448132780083
"CPXM1",6,482,0.012448132780083
"CRAMP1",6,482,0.012448132780083
"CREB3L2",6,482,0.012448132780083
"CRNKL1",6,482,0.012448132780083
"CRNN",6,482,0.012448132780083
"CRTAM",6,482,0.012448132780083
"CRTC1",6,482,0.012448132780083
"CRYBB1",6,482,0.012448132780083
"CRYGA",6,482,0.012448132780083
"CSGALNACT1",6,482,0.012448132780083
"CST5",6,482,0.012448132780083
"CTDSP2",6,482,0.012448132780083
"CTIF",6,482,0.012448132780083
"CTSL",6,482,0.012448132780083
"CTTN",6,482,0.012448132780083
"CWC22",6,482,0.012448132780083
"CYC1",6,482,0.012448132780083
"CYP11A1",6,482,0.012448132780083
"CYP27A1",6,482,0.012448132780083
"CYP2C18",6,482,0.012448132780083
"CYP2C8",6,482,0.012448132780083
"CYP4F22",6,482,0.012448132780083
"CYP4V2",6,482,0.012448132780083
"CYSLTR1",6,482,0.012448132780083
"CYSLTR2",6,482,0.012448132780083
"DCAF1",6,482,0.012448132780083
"DCANP1",6,482,0.012448132780083
"DCBLD1",6,482,0.012448132780083
"DCDC2",6,482,0.012448132780083
"DCN",6,482,0.012448132780083
"DCST1",6,482,0.012448132780083
"DDHD2",6,482,0.012448132780083
"DDX10",6,482,0.012448132780083
"DDX19A",6,482,0.012448132780083
"DDX27",6,482,0.012448132780083
"DEFB118",6,482,0.012448132780083
"DELE1",6,482,0.012448132780083
"DEUP1",6,482,0.012448132780083
"DGKZ",6,482,0.012448132780083
"DHCR7",6,482,0.012448132780083
"DHRS7C",6,482,0.012448132780083
"DHX38",6,482,0.012448132780083
"DIS3L2",6,482,0.012448132780083
"DKK2",6,482,0.012448132780083
"DLAT",6,482,0.012448132780083
"DLGAP4",6,482,0.012448132780083
"DLL4",6,482,0.012448132780083
"DMBX1",6,482,0.012448132780083
"DMGDH",6,482,0.012448132780083
"DMP1",6,482,0.012448132780083
"DMRTA1",6,482,0.012448132780083
"DNAJB11",6,482,0.012448132780083
"DOCK9",6,482,0.012448132780083
"DOK6",6,482,0.012448132780083
"DPH6",6,482,0.012448132780083
"DTX2",6,482,0.012448132780083
"DUS2",6,482,0.012448132780083
"DUSP16",6,482,0.012448132780083
"DYM",6,482,0.012448132780083
"E4F1",6,482,0.012448132780083
"EDAR",6,482,0.012448132780083
"EEF2",6,482,0.012448132780083
"EFNB2",6,482,0.012448132780083
"EFTUD2",6,482,0.012448132780083
"EGR2",6,482,0.012448132780083
"EHD2",6,482,0.012448132780083
"EHHADH",6,482,0.012448132780083
"EIF4ENIF1",6,482,0.012448132780083
"EIF5B",6,482,0.012448132780083
"ELL2",6,482,0.012448132780083
"ELMO3",6,482,0.012448132780083
"ELN",6,482,0.012448132780083
"EML3",6,482,0.012448132780083
"ENPP4",6,482,0.012448132780083
"ENTPD6",6,482,0.012448132780083
"EPS15",6,482,0.012448132780083
"EPS15L1",6,482,0.012448132780083
"ERBB2",6,482,0.012448132780083
"ERCC2",6,482,0.012448132780083
"ERF",6,482,0.012448132780083
"ERMARD",6,482,0.012448132780083
"ERVW-1",6,482,0.012448132780083
"ETV5",6,482,0.012448132780083
"EXT1",6,482,0.012448132780083
"EXTL1",6,482,0.012448132780083
"EZH1",6,482,0.012448132780083
"FAM117B",6,482,0.012448132780083
"FAM124B",6,482,0.012448132780083
"FAM131B",6,482,0.012448132780083
"FAM153B",6,482,0.012448132780083
"FAM217A",6,482,0.012448132780083
"FAM217B",6,482,0.012448132780083
"FAM53C",6,482,0.012448132780083
"FAM71C",6,482,0.012448132780083
"FAN1",6,482,0.012448132780083
"FAR2",6,482,0.012448132780083
"FASTKD1",6,482,0.012448132780083
"FBF1",6,482,0.012448132780083
"FBLN2",6,482,0.012448132780083
"FBLN7",6,482,0.012448132780083
"FBXL13",6,482,0.012448132780083
"FBXL16",6,482,0.012448132780083
"FBXO10",6,482,0.012448132780083
"FBXO24",6,482,0.012448132780083
"FBXO4",6,482,0.012448132780083
"FCGR2B",6,482,0.012448132780083
"FCGR3A",6,482,0.012448132780083
"FCRLA",6,482,0.012448132780083
"FEZF1",6,482,0.012448132780083
"FEZF2",6,482,0.012448132780083
"FGD1",6,482,0.012448132780083
"FGF6",6,482,0.012448132780083
"FGFR3",6,482,0.012448132780083
"FGG",6,482,0.012448132780083
"FGL2",6,482,0.012448132780083
"FH",6,482,0.012448132780083
"FMOD",6,482,0.012448132780083
"FNTA",6,482,0.012448132780083
"FOXM1",6,482,0.012448132780083
"FOXN3",6,482,0.012448132780083
"FPR1",6,482,0.012448132780083
"FRK",6,482,0.012448132780083
"FRMD3",6,482,0.012448132780083
"FRMD6",6,482,0.012448132780083
"FRS2",6,482,0.012448132780083
"FRZB",6,482,0.012448132780083
"FSD1",6,482,0.012448132780083
"FSIP1",6,482,0.012448132780083
"FUBP1",6,482,0.012448132780083
"FUT1",6,482,0.012448132780083
"FUT10",6,482,0.012448132780083
"FUT8",6,482,0.012448132780083
"FZD3",6,482,0.012448132780083
"FZD9",6,482,0.012448132780083
"GAB3",6,482,0.012448132780083
"GABPA",6,482,0.012448132780083
"GABPB1",6,482,0.012448132780083
"GABRR1",6,482,0.012448132780083
"GALNT12",6,482,0.012448132780083
"GALNT3",6,482,0.012448132780083
"GARNL3",6,482,0.012448132780083
"GAS2L1",6,482,0.012448132780083
"GATA1",6,482,0.012448132780083
"GATAD2B",6,482,0.012448132780083
"GBP3",6,482,0.012448132780083
"GBP5",6,482,0.012448132780083
"GCA",6,482,0.012448132780083
"GCDH",6,482,0.012448132780083
"GCK",6,482,0.012448132780083
"GDPD4",6,482,0.012448132780083
"GDPD5",6,482,0.012448132780083
"GH2",6,482,0.012448132780083
"GHSR",6,482,0.012448132780083
"GIMAP2",6,482,0.012448132780083
"GLA",6,482,0.012448132780083
"GLB1L",6,482,0.012448132780083
"GLDN",6,482,0.012448132780083
"GLIPR1L2",6,482,0.012448132780083
"GLIS1",6,482,0.012448132780083
"GLIS3",6,482,0.012448132780083
"GLS",6,482,0.012448132780083
"GLYR1",6,482,0.012448132780083
"GMIP",6,482,0.012448132780083
"GNAS",6,482,0.012448132780083
"GNB4",6,482,0.012448132780083
"GOLGA6B",6,482,0.012448132780083
"GOT2",6,482,0.012448132780083
"GPCPD1",6,482,0.012448132780083
"GPR12",6,482,0.012448132780083
"GPR17",6,482,0.012448132780083
"GPR45",6,482,0.012448132780083
"GPRIN1",6,482,0.012448132780083
"GPX6",6,482,0.012448132780083
"GRAMD1A",6,482,0.012448132780083
"GRB10",6,482,0.012448132780083
"GRHL1",6,482,0.012448132780083
"GRHL3",6,482,0.012448132780083
"GRIP2",6,482,0.012448132780083
"GRIPAP1",6,482,0.012448132780083
"GRK1",6,482,0.012448132780083
"GRK4",6,482,0.012448132780083
"GSPT2",6,482,0.012448132780083
"GSR",6,482,0.012448132780083
"GSTA2",6,482,0.012448132780083
"GUSB",6,482,0.012448132780083
"GYG2",6,482,0.012448132780083
"GZF1",6,482,0.012448132780083
"H2AC15",6,482,0.012448132780083
"H2AC8",6,482,0.012448132780083
"H2BC7",6,482,0.012448132780083
"H2BC8",6,482,0.012448132780083
"H2BC9",6,482,0.012448132780083
"H2BW1",6,482,0.012448132780083
"H3-5",6,482,0.012448132780083
"H4C5",6,482,0.012448132780083
"HAUS6",6,482,0.012448132780083
"HBB",6,482,0.012448132780083
"HCFC1",6,482,0.012448132780083
"HCRTR2",6,482,0.012448132780083
"HHAT",6,482,0.012448132780083
"HIPK3",6,482,0.012448132780083
"HLA-B",6,482,0.012448132780083
"HLF",6,482,0.012448132780083
"HMGXB4",6,482,0.012448132780083
"HMMR",6,482,0.012448132780083
"HMX3",6,482,0.012448132780083
"HNRNPC",6,482,0.012448132780083
"HOXA10",6,482,0.012448132780083
"HOXB3",6,482,0.012448132780083
"HOXB9",6,482,0.012448132780083
"HPD",6,482,0.012448132780083
"HR",6,482,0.012448132780083
"HRC",6,482,0.012448132780083
"HRG",6,482,0.012448132780083
"HRH2",6,482,0.012448132780083
"HRH3",6,482,0.012448132780083
"HSD3B1",6,482,0.012448132780083
"HSD3B2",6,482,0.012448132780083
"HSPA13",6,482,0.012448132780083
"HTR1F",6,482,0.012448132780083
"HTR3C",6,482,0.012448132780083
"HTRA2",6,482,0.012448132780083
"HUS1B",6,482,0.012448132780083
"HYAL4",6,482,0.012448132780083
"IARS1",6,482,0.012448132780083
"IARS2",6,482,0.012448132780083
"ICAM5",6,482,0.012448132780083
"IFI16",6,482,0.012448132780083
"IFI44L",6,482,0.012448132780083
"IFNL3",6,482,0.012448132780083
"IFT74",6,482,0.012448132780083
"IFT88",6,482,0.012448132780083
"IGF2BP2",6,482,0.012448132780083
"IGHA2",6,482,0.012448132780083
"IGHG1",6,482,0.012448132780083
"IGHV3-15",6,482,0.012448132780083
"IGHV3-23",6,482,0.012448132780083
"IGKV2D-30",6,482,0.012448132780083
"IGLV1-44",6,482,0.012448132780083
"IGLV2-33",6,482,0.012448132780083
"IKBKB",6,482,0.012448132780083
"IL12RB1",6,482,0.012448132780083
"IL13RA1",6,482,0.012448132780083
"IL5RA",6,482,0.012448132780083
"INF2",6,482,0.012448132780083
"ING3",6,482,0.012448132780083
"INMT",6,482,0.012448132780083
"INPP5F",6,482,0.012448132780083
"INTS10",6,482,0.012448132780083
"INTS8",6,482,0.012448132780083
"INTU",6,482,0.012448132780083
"IRF2BP1",6,482,0.012448132780083
"IRF2BP2",6,482,0.012448132780083
"IRF4",6,482,0.012448132780083
"ITGA5",6,482,0.012448132780083
"ITGAL",6,482,0.012448132780083
"ITK",6,482,0.012448132780083
"ITPK1",6,482,0.012448132780083
"ITPKC",6,482,0.012448132780083
"JAK1",6,482,0.012448132780083
"KANSL3",6,482,0.012448132780083
"KAT2B",6,482,0.012448132780083
"KBTBD3",6,482,0.012448132780083
"KBTBD4",6,482,0.012448132780083
"KBTBD6",6,482,0.012448132780083
"KCNA7",6,482,0.012448132780083
"KCNJ8",6,482,0.012448132780083
"KCNN1",6,482,0.012448132780083
"KCNN3",6,482,0.012448132780083
"KCNN4",6,482,0.012448132780083
"KCTD10",6,482,0.012448132780083
"KDM2A",6,482,0.012448132780083
"KDM3A",6,482,0.012448132780083
"KDM4D",6,482,0.012448132780083
"KHK",6,482,0.012448132780083
"KIF18B",6,482,0.012448132780083
"KIF1C",6,482,0.012448132780083
"KIF2C",6,482,0.012448132780083
"KIF3A",6,482,0.012448132780083
"KIF9",6,482,0.012448132780083
"KLF11",6,482,0.012448132780083
"KLF8",6,482,0.012448132780083
"KLHL10",6,482,0.012448132780083
"KLHL22",6,482,0.012448132780083
"KLHL25",6,482,0.012448132780083
"KLHL31",6,482,0.012448132780083
"KLHL38",6,482,0.012448132780083
"KLHL41",6,482,0.012448132780083
"KLHL5",6,482,0.012448132780083
"KLK2",6,482,0.012448132780083
"KLK5",6,482,0.012448132780083
"KMO",6,482,0.012448132780083
"KPRP",6,482,0.012448132780083
"KRT15",6,482,0.012448132780083
"KRT23",6,482,0.012448132780083
"KRT5",6,482,0.012448132780083
"KRT6C",6,482,0.012448132780083
"KRT78",6,482,0.012448132780083
"KRT85",6,482,0.012448132780083
"KRTAP10-11",6,482,0.012448132780083
"KRTAP10-12",6,482,0.012448132780083
"KRTAP10-4",6,482,0.012448132780083
"KRTAP10-5",6,482,0.012448132780083
"KRTAP10-8",6,482,0.012448132780083
"KRTAP26-1",6,482,0.012448132780083
"KRTAP5-5",6,482,0.012448132780083
"LACRT",6,482,0.012448132780083
"LARP1B",6,482,0.012448132780083
"LARP7",6,482,0.012448132780083
"LCE2B",6,482,0.012448132780083
"LCE2D",6,482,0.012448132780083
"LCK",6,482,0.012448132780083
"LEF1",6,482,0.012448132780083
"LEFTY2",6,482,0.012448132780083
"LGI1",6,482,0.012448132780083
"LGI3",6,482,0.012448132780083
"LHX5",6,482,0.012448132780083
"LIMA1",6,482,0.012448132780083
"LIN28B",6,482,0.012448132780083
"LIN7A",6,482,0.012448132780083
"LLGL2",6,482,0.012448132780083
"LMAN1",6,482,0.012448132780083
"LMNB2",6,482,0.012448132780083
"LNPEP",6,482,0.012448132780083
"LNPK",6,482,0.012448132780083
"LNX1",6,482,0.012448132780083
"LOXL3",6,482,0.012448132780083
"LPAR2",6,482,0.012448132780083
"LPCAT1",6,482,0.012448132780083
"LPL",6,482,0.012448132780083
"LPO",6,482,0.012448132780083
"LRCH2",6,482,0.012448132780083
"LRCH4",6,482,0.012448132780083
"LRP8",6,482,0.012448132780083
"LRRC28",6,482,0.012448132780083
"LRRC49",6,482,0.012448132780083
"LRRC8A",6,482,0.012448132780083
"LRRC8B",6,482,0.012448132780083
"LRRFIP1",6,482,0.012448132780083
"LRRN4",6,482,0.012448132780083
"LSG1",6,482,0.012448132780083
"LSM8",6,482,0.012448132780083
"LTA4H",6,482,0.012448132780083
"LTK",6,482,0.012448132780083
"LTN1",6,482,0.012448132780083
"LUC7L3",6,482,0.012448132780083
"M1AP",6,482,0.012448132780083
"MACC1",6,482,0.012448132780083
"MAGEB3",6,482,0.012448132780083
"MAGED2",6,482,0.012448132780083
"MAOB",6,482,0.012448132780083
"MAP10",6,482,0.012448132780083
"MAP3K6",6,482,0.012448132780083
"MAP7D2",6,482,0.012448132780083
"MARF1",6,482,0.012448132780083
"MAST3",6,482,0.012448132780083
"MAZ",6,482,0.012448132780083
"MC4R",6,482,0.012448132780083
"MCM2",6,482,0.012448132780083
"MCPH1",6,482,0.012448132780083
"ME1",6,482,0.012448132780083
"MED26",6,482,0.012448132780083
"MEGF6",6,482,0.012448132780083
"MEIS3",6,482,0.012448132780083
"MELTF",6,482,0.012448132780083
"MET",6,482,0.012448132780083
"METTL24",6,482,0.012448132780083
"MFAP3L",6,482,0.012448132780083
"MFAP5",6,482,0.012448132780083
"MFSD6",6,482,0.012448132780083
"MGAT3",6,482,0.012448132780083
"MID2",6,482,0.012448132780083
"MIDN",6,482,0.012448132780083
"MINDY3",6,482,0.012448132780083
"MIP",6,482,0.012448132780083
"MIS18BP1",6,482,0.012448132780083
"MISP",6,482,0.012448132780083
"MKLN1",6,482,0.012448132780083
"MLF2",6,482,0.012448132780083
"MOGAT2",6,482,0.012448132780083
"MORC2",6,482,0.012448132780083
"MPHOSPH9",6,482,0.012448132780083
"MRGPRX3",6,482,0.012448132780083
"MROH5",6,482,0.012448132780083
"MS4A12",6,482,0.012448132780083
"MS4A4A",6,482,0.012448132780083
"MS4A5",6,482,0.012448132780083
"MSTN",6,482,0.012448132780083
"MTA1",6,482,0.012448132780083
"MTBP",6,482,0.012448132780083
"MTERF4",6,482,0.012448132780083
"MTF1",6,482,0.012448132780083
"MTNR1A",6,482,0.012448132780083
"MUC20",6,482,0.012448132780083
"MUC21",6,482,0.012448132780083
"MUTYH",6,482,0.012448132780083
"MX2",6,482,0.012448132780083
"MYBL2",6,482,0.012448132780083
"MYBPH",6,482,0.012448132780083
"MYCBPAP",6,482,0.012448132780083
"MYF6",6,482,0.012448132780083
"MYO19",6,482,0.012448132780083
"MYOC",6,482,0.012448132780083
"MYSM1",6,482,0.012448132780083
"NAA15",6,482,0.012448132780083
"NAF1",6,482,0.012448132780083
"NAPEPLD",6,482,0.012448132780083
"NBPF1",6,482,0.012448132780083
"NBPF9",6,482,0.012448132780083
"NCKIPSD",6,482,0.012448132780083
"NCL",6,482,0.012448132780083
"NDST1",6,482,0.012448132780083
"NDST2",6,482,0.012448132780083
"NDUFV1",6,482,0.012448132780083
"NEDD4L",6,482,0.012448132780083
"NEK8",6,482,0.012448132780083
"NEXN",6,482,0.012448132780083
"NFATC2IP",6,482,0.012448132780083
"NGLY1",6,482,0.012448132780083
"NIF3L1",6,482,0.012448132780083
"NKD2",6,482,0.012448132780083
"NME7",6,482,0.012448132780083
"NOBOX",6,482,0.012448132780083
"NOD1",6,482,0.012448132780083
"NPBWR2",6,482,0.012448132780083
"NPLOC4",6,482,0.012448132780083
"NPR2",6,482,0.012448132780083
"NR0B1",6,482,0.012448132780083
"NR4A2",6,482,0.012448132780083
"NRAS",6,482,0.012448132780083
"NSUN6",6,482,0.012448132780083
"NT5E",6,482,0.012448132780083
"NTSR1",6,482,0.012448132780083
"NUCB2",6,482,0.012448132780083
"NUF2",6,482,0.012448132780083
"NUFIP1",6,482,0.012448132780083
"NUP107",6,482,0.012448132780083
"NUTM2F",6,482,0.012448132780083
"NXPE3",6,482,0.012448132780083
"NYX",6,482,0.012448132780083
"OAS3",6,482,0.012448132780083
"OBSL1",6,482,0.012448132780083
"ODF2",6,482,0.012448132780083
"OPA1",6,482,0.012448132780083
"OPRD1",6,482,0.012448132780083
"OR10A3",6,482,0.012448132780083
"OR10A5",6,482,0.012448132780083
"OR10A7",6,482,0.012448132780083
"OR10G2",6,482,0.012448132780083
"OR10H1",6,482,0.012448132780083
"OR10J1",6,482,0.012448132780083
"OR10P1",6,482,0.012448132780083
"OR1B1",6,482,0.012448132780083
"OR1J4",6,482,0.012448132780083
"OR1L4",6,482,0.012448132780083
"OR1L8",6,482,0.012448132780083
"OR2H1",6,482,0.012448132780083
"OR2T5",6,482,0.012448132780083
"OR4F15",6,482,0.012448132780083
"OR51A7",6,482,0.012448132780083
"OR51F2",6,482,0.012448132780083
"OR52M1",6,482,0.012448132780083
"OR52N2",6,482,0.012448132780083
"OR52W1",6,482,0.012448132780083
"OR5AU1",6,482,0.012448132780083
"OR5V1",6,482,0.012448132780083
"OR6A2",6,482,0.012448132780083
"OR6C4",6,482,0.012448132780083
"OR6C65",6,482,0.012448132780083
"OR6X1",6,482,0.012448132780083
"OR7D2",6,482,0.012448132780083
"ORC2",6,482,0.012448132780083
"ORC5",6,482,0.012448132780083
"OS9",6,482,0.012448132780083
"OSBP2",6,482,0.012448132780083
"OSBPL2",6,482,0.012448132780083
"OSGIN2",6,482,0.012448132780083
"OSTN",6,482,0.012448132780083
"OTULIN",6,482,0.012448132780083
"OXCT1",6,482,0.012448132780083
"OXSR1",6,482,0.012448132780083
"P2RX2",6,482,0.012448132780083
"P2RX3",6,482,0.012448132780083
"P2RY4",6,482,0.012448132780083
"PABPC1L",6,482,0.012448132780083
"PABPC4",6,482,0.012448132780083
"PADI3",6,482,0.012448132780083
"PADI6",6,482,0.012448132780083
"PAIP1",6,482,0.012448132780083
"PANX1",6,482,0.012448132780083
"PAPOLA",6,482,0.012448132780083
"PAPOLG",6,482,0.012448132780083
"PARP1",6,482,0.012448132780083
"PARP2",6,482,0.012448132780083
"PARS2",6,482,0.012448132780083
"PBX3",6,482,0.012448132780083
"PCCA",6,482,0.012448132780083
"PCDH12",6,482,0.012448132780083
"PCIF1",6,482,0.012448132780083
"PDCL3",6,482,0.012448132780083
"PDE8A",6,482,0.012448132780083
"PDGFC",6,482,0.012448132780083
"PDK4",6,482,0.012448132780083
"PDLIM5",6,482,0.012448132780083
"PER3",6,482,0.012448132780083
"PFKP",6,482,0.012448132780083
"PGBD1",6,482,0.012448132780083
"PGM3",6,482,0.012448132780083
"PGRMC1",6,482,0.012448132780083
"PHACTR1",6,482,0.012448132780083
"PHACTR4",6,482,0.012448132780083
"PHF19",6,482,0.012448132780083
"PHF2",6,482,0.012448132780083
"PI16",6,482,0.012448132780083
"PIAS2",6,482,0.012448132780083
"PICALM",6,482,0.012448132780083
"PIGK",6,482,0.012448132780083
"PIGN",6,482,0.012448132780083
"PIGO",6,482,0.012448132780083
"PIGR",6,482,0.012448132780083
"PIK3R6",6,482,0.012448132780083
"PIP4K2C",6,482,0.012448132780083
"PIP5K1C",6,482,0.012448132780083
"PJA1",6,482,0.012448132780083
"PKN2",6,482,0.012448132780083
"PLA2G4C",6,482,0.012448132780083
"PLA2G6",6,482,0.012448132780083
"PLAAT5",6,482,0.012448132780083
"PLCZ1",6,482,0.012448132780083
"PLEKHA7",6,482,0.012448132780083
"PLEKHA8",6,482,0.012448132780083
"PLEKHO1",6,482,0.012448132780083
"PLEKHS1",6,482,0.012448132780083
"PLIN4",6,482,0.012448132780083
"PLK4",6,482,0.012448132780083
"PLVAP",6,482,0.012448132780083
"PLXNB1",6,482,0.012448132780083
"PMS2",6,482,0.012448132780083
"PNMA2",6,482,0.012448132780083
"POGZ",6,482,0.012448132780083
"POLD1",6,482,0.012448132780083
"POLN",6,482,0.012448132780083
"POM121",6,482,0.012448132780083
"PORCN",6,482,0.012448132780083
"POU2F3",6,482,0.012448132780083
"POU3F2",6,482,0.012448132780083
"PPAN-P2RY11",6,482,0.012448132780083
"PPAT",6,482,0.012448132780083
"PPDPFL",6,482,0.012448132780083
"PPHLN1",6,482,0.012448132780083
"PPP1R36",6,482,0.012448132780083
"PPP2R3A",6,482,0.012448132780083
"PRAMEF2",6,482,0.012448132780083
"PRAMEF8",6,482,0.012448132780083
"PRB1",6,482,0.012448132780083
"PRC1",6,482,0.012448132780083
"PRDM15",6,482,0.012448132780083
"PREP",6,482,0.012448132780083
"PRF1",6,482,0.012448132780083
"PRKAA2",6,482,0.012448132780083
"PRKCZ",6,482,0.012448132780083
"PRMT8",6,482,0.012448132780083
"PROM1",6,482,0.012448132780083
"PROM2",6,482,0.012448132780083
"PROZ",6,482,0.012448132780083
"PRPF19",6,482,0.012448132780083
"PRR19",6,482,0.012448132780083
"PSD3",6,482,0.012448132780083
"PSMD2",6,482,0.012448132780083
"PSPC1",6,482,0.012448132780083
"PTCD1",6,482,0.012448132780083
"PTGER4",6,482,0.012448132780083
"PTK7",6,482,0.012448132780083
"PTPN11",6,482,0.012448132780083
"PTPN21",6,482,0.012448132780083
"PTPN5",6,482,0.012448132780083
"PTPRA",6,482,0.012448132780083
"PWWP2B",6,482,0.012448132780083
"QTRT2",6,482,0.012448132780083
"RABL3",6,482,0.012448132780083
"RABL6",6,482,0.012448132780083
"RAC1",6,482,0.012448132780083
"RAD54L2",6,482,0.012448132780083
"RADX",6,482,0.012448132780083
"RANGAP1",6,482,0.012448132780083
"RAPGEF3",6,482,0.012448132780083
"RAPH1",6,482,0.012448132780083
"RASA2",6,482,0.012448132780083
"RAVER2",6,482,0.012448132780083
"RBM10",6,482,0.012448132780083
"RBM12",6,482,0.012448132780083
"RBM15B",6,482,0.012448132780083
"RBM33",6,482,0.012448132780083
"RBMX",6,482,0.012448132780083
"RBMXL1",6,482,0.012448132780083
"RBMXL2",6,482,0.012448132780083
"RCVRN",6,482,0.012448132780083
"REPIN1",6,482,0.012448132780083
"RERE",6,482,0.012448132780083
"RFC4",6,482,0.012448132780083
"RFPL3",6,482,0.012448132780083
"RFWD3",6,482,0.012448132780083
"RGL2",6,482,0.012448132780083
"RGS1",6,482,0.012448132780083
"RGS18",6,482,0.012448132780083
"RING1",6,482,0.012448132780083
"RINL",6,482,0.012448132780083
"RINT1",6,482,0.012448132780083
"RIPK4",6,482,0.012448132780083
"RLF",6,482,0.012448132780083
"RNASE3",6,482,0.012448132780083
"RNF112",6,482,0.012448132780083
"RNF125",6,482,0.012448132780083
"RNF145",6,482,0.012448132780083
"RNF217",6,482,0.012448132780083
"RNF38",6,482,0.012448132780083
"RNMT",6,482,0.012448132780083
"RPAP3",6,482,0.012448132780083
"RPGRIP1",6,482,0.012448132780083
"RPL3L",6,482,0.012448132780083
"RPS6KA1",6,482,0.012448132780083
"RPS6KA5",6,482,0.012448132780083
"RRP12",6,482,0.012448132780083
"RRP8",6,482,0.012448132780083
"RTEL1",6,482,0.012448132780083
"RTP2",6,482,0.012448132780083
"RTP5",6,482,0.012448132780083
"RUSC1",6,482,0.012448132780083
"RXRB",6,482,0.012448132780083
"RXYLT1",6,482,0.012448132780083
"SAFB2",6,482,0.012448132780083
"SAMD15",6,482,0.012448132780083
"SBF1",6,482,0.012448132780083
"SCAF8",6,482,0.012448132780083
"SCAP",6,482,0.012448132780083
"SCAPER",6,482,0.012448132780083
"SCML2",6,482,0.012448132780083
"SCP2",6,482,0.012448132780083
"SDC2",6,482,0.012448132780083
"SDR42E1",6,482,0.012448132780083
"SEC23A",6,482,0.012448132780083
"SEC24B",6,482,0.012448132780083
"SEC31A",6,482,0.012448132780083
"SECISBP2L",6,482,0.012448132780083
"SEMA4D",6,482,0.012448132780083
"SENP6",6,482,0.012448132780083
"SEPTIN12",6,482,0.012448132780083
"SERPINA6",6,482,0.012448132780083
"SERPINA7",6,482,0.012448132780083
"SERPINA9",6,482,0.012448132780083
"SERPINB9",6,482,0.012448132780083
"SERPING1",6,482,0.012448132780083
"SERPINI2",6,482,0.012448132780083
"SF3A3",6,482,0.012448132780083
"SFTPA1",6,482,0.012448132780083
"SFTPA2",6,482,0.012448132780083
"SGMS1",6,482,0.012448132780083
"SH2B1",6,482,0.012448132780083
"SH3PXD2B",6,482,0.012448132780083
"SH3RF3",6,482,0.012448132780083
"SHC2",6,482,0.012448132780083
"SHCBP1L",6,482,0.012448132780083
"SHOC1",6,482,0.012448132780083
"SHTN1",6,482,0.012448132780083
"SIGLEC11",6,482,0.012448132780083
"SIGLECL1",6,482,0.012448132780083
"SIRPB1",6,482,0.012448132780083
"SIRT2",6,482,0.012448132780083
"SLC12A8",6,482,0.012448132780083
"SLC16A7",6,482,0.012448132780083
"SLC19A3",6,482,0.012448132780083
"SLC1A2",6,482,0.012448132780083
"SLC1A4",6,482,0.012448132780083
"SLC22A10",6,482,0.012448132780083
"SLC23A2",6,482,0.012448132780083
"SLC25A25",6,482,0.012448132780083
"SLC25A31",6,482,0.012448132780083
"SLC25A38",6,482,0.012448132780083
"SLC26A11",6,482,0.012448132780083
"SLC26A9",6,482,0.012448132780083
"SLC27A1",6,482,0.012448132780083
"SLC27A5",6,482,0.012448132780083
"SLC29A3",6,482,0.012448132780083
"SLC30A6",6,482,0.012448132780083
"SLC34A2",6,482,0.012448132780083
"SLC38A8",6,482,0.012448132780083
"SLC46A2",6,482,0.012448132780083
"SLC49A3",6,482,0.012448132780083
"SLC4A1AP",6,482,0.012448132780083
"SLC6A1",6,482,0.012448132780083
"SLC6A6",6,482,0.012448132780083
"SLC7A2",6,482,0.012448132780083
"SLC9B1",6,482,0.012448132780083
"SLX4IP",6,482,0.012448132780083
"SMAD1",6,482,0.012448132780083
"SMC1A",6,482,0.012448132780083
"SMYD3",6,482,0.012448132780083
"SNIP1",6,482,0.012448132780083
"SNX16",6,482,0.012448132780083
"SNX19",6,482,0.012448132780083
"SNX20",6,482,0.012448132780083
"SOAT1",6,482,0.012448132780083
"SORCS2",6,482,0.012448132780083
"SOX10",6,482,0.012448132780083
"SOX30",6,482,0.012448132780083
"SP1",6,482,0.012448132780083
"SP7",6,482,0.012448132780083
"SPAST",6,482,0.012448132780083
"SPATA18",6,482,0.012448132780083
"SPDYC",6,482,0.012448132780083
"SPOCD1",6,482,0.012448132780083
"SPTLC3",6,482,0.012448132780083
"SRP72",6,482,0.012448132780083
"SRPK2",6,482,0.012448132780083
"SRPX",6,482,0.012448132780083
"SRPX2",6,482,0.012448132780083
"SSH3",6,482,0.012448132780083
"SSRP1",6,482,0.012448132780083
"SSTR1",6,482,0.012448132780083
"SSTR4",6,482,0.012448132780083
"ST14",6,482,0.012448132780083
"ST3GAL1",6,482,0.012448132780083
"ST7",6,482,0.012448132780083
"STARD4",6,482,0.012448132780083
"STAT6",6,482,0.012448132780083
"STEAP4",6,482,0.012448132780083
"STIM1",6,482,0.012448132780083
"STK17B",6,482,0.012448132780083
"STK32B",6,482,0.012448132780083
"STN1",6,482,0.012448132780083
"STON2",6,482,0.012448132780083
"STOX2",6,482,0.012448132780083
"STRAP",6,482,0.012448132780083
"STS",6,482,0.012448132780083
"SUCLA2",6,482,0.012448132780083
"SUCNR1",6,482,0.012448132780083
"SUGP2",6,482,0.012448132780083
"SUPT20HL2",6,482,0.012448132780083
"SYNCRIP",6,482,0.012448132780083
"SYT10",6,482,0.012448132780083
"SYT11",6,482,0.012448132780083
"SYT14",6,482,0.012448132780083
"SYTL4",6,482,0.012448132780083
"TAAR9",6,482,0.012448132780083
"TAL1",6,482,0.012448132780083
"TARS2",6,482,0.012448132780083
"TAS1R2",6,482,0.012448132780083
"TAS2R19",6,482,0.012448132780083
"TAS2R39",6,482,0.012448132780083
"TBC1D14",6,482,0.012448132780083
"TBC1D2B",6,482,0.012448132780083
"TCEAL3",6,482,0.012448132780083
"TCERG1",6,482,0.012448132780083
"TCF12",6,482,0.012448132780083
"TCL1A",6,482,0.012448132780083
"TCTE1",6,482,0.012448132780083
"TCTN3",6,482,0.012448132780083
"TDRD7",6,482,0.012448132780083
"TEAD2",6,482,0.012448132780083
"TEKT5",6,482,0.012448132780083
"TENT5A",6,482,0.012448132780083
"TENT5D",6,482,0.012448132780083
"TFE3",6,482,0.012448132780083
"TFRC",6,482,0.012448132780083
"TGM2",6,482,0.012448132780083
"THNSL2",6,482,0.012448132780083
"THOC5",6,482,0.012448132780083
"THSD4",6,482,0.012448132780083
"TLE3",6,482,0.012448132780083
"TMCO4",6,482,0.012448132780083
"TMCO5A",6,482,0.012448132780083
"TMEM117",6,482,0.012448132780083
"TMEM163",6,482,0.012448132780083
"TMEM236",6,482,0.012448132780083
"TMEM248",6,482,0.012448132780083
"TMEM260",6,482,0.012448132780083
"TMEM52B",6,482,0.012448132780083
"TMEM63A",6,482,0.012448132780083
"TMEM63B",6,482,0.012448132780083
"TMEM71",6,482,0.012448132780083
"TMEM72",6,482,0.012448132780083
"TMIGD2",6,482,0.012448132780083
"TMPRSS11A",6,482,0.012448132780083
"TNNT1",6,482,0.012448132780083
"TNNT3",6,482,0.012448132780083
"TNPO1",6,482,0.012448132780083
"TNPO2",6,482,0.012448132780083
"TNPO3",6,482,0.012448132780083
"TOM1",6,482,0.012448132780083
"TOP2B",6,482,0.012448132780083
"TOX3",6,482,0.012448132780083
"TRAF5",6,482,0.012448132780083
"TRAF6",6,482,0.012448132780083
"TRAPPC10",6,482,0.012448132780083
"TRGV5",6,482,0.012448132780083
"TRGV8",6,482,0.012448132780083
"TRIM17",6,482,0.012448132780083
"TRIM2",6,482,0.012448132780083
"TRIM26",6,482,0.012448132780083
"TRIM33",6,482,0.012448132780083
"TRIM6-TRIM34",6,482,0.012448132780083
"TRIM72",6,482,0.012448132780083
"TRIP13",6,482,0.012448132780083
"TRPV3",6,482,0.012448132780083
"TSSK2",6,482,0.012448132780083
"TTC24",6,482,0.012448132780083
"TTC5",6,482,0.012448132780083
"TTLL3",6,482,0.012448132780083
"TTLL9",6,482,0.012448132780083
"TTR",6,482,0.012448132780083
"TUBB8",6,482,0.012448132780083
"TXK",6,482,0.012448132780083
"TYRO3",6,482,0.012448132780083
"UBA3",6,482,0.012448132780083
"UBE2E3",6,482,0.012448132780083
"UBE2J1",6,482,0.012448132780083
"UBE2U",6,482,0.012448132780083
"UBR3",6,482,0.012448132780083
"UBTF",6,482,0.012448132780083
"UCHL5",6,482,0.012448132780083
"UGT1A8",6,482,0.012448132780083
"UGT2A1",6,482,0.012448132780083
"UGT2B17",6,482,0.012448132780083
"UHRF1",6,482,0.012448132780083
"UIMC1",6,482,0.012448132780083
"ULK2",6,482,0.012448132780083
"UNC45A",6,482,0.012448132780083
"UNC5B",6,482,0.012448132780083
"UPF3B",6,482,0.012448132780083
"UQCRFS1",6,482,0.012448132780083
"USP20",6,482,0.012448132780083
"USP21",6,482,0.012448132780083
"USP31",6,482,0.012448132780083
"USP35",6,482,0.012448132780083
"USP40",6,482,0.012448132780083
"USP47",6,482,0.012448132780083
"USP53",6,482,0.012448132780083
"USP8",6,482,0.012448132780083
"VANGL2",6,482,0.012448132780083
"VGLL3",6,482,0.012448132780083
"VIL1",6,482,0.012448132780083
"VIP",6,482,0.012448132780083
"VPS54",6,482,0.012448132780083
"VSIG10",6,482,0.012448132780083
"VSTM2A",6,482,0.012448132780083
"VWC2",6,482,0.012448132780083
"WAC",6,482,0.012448132780083
"WASF1",6,482,0.012448132780083
"WASL",6,482,0.012448132780083
"WDR25",6,482,0.012448132780083
"WDR27",6,482,0.012448132780083
"WDR3",6,482,0.012448132780083
"WDR88",6,482,0.012448132780083
"WFS1",6,482,0.012448132780083
"WHRN",6,482,0.012448132780083
"WNT3",6,482,0.012448132780083
"WNT5B",6,482,0.012448132780083
"WSCD1",6,482,0.012448132780083
"XKR9",6,482,0.012448132780083
"XPNPEP3",6,482,0.012448132780083
"XRCC1",6,482,0.012448132780083
"YARS1",6,482,0.012448132780083
"YBX3",6,482,0.012448132780083
"ZAP70",6,482,0.012448132780083
"ZBED1",6,482,0.012448132780083
"ZBED2",6,482,0.012448132780083
"ZBTB40",6,482,0.012448132780083
"ZBTB49",6,482,0.012448132780083
"ZBTB7B",6,482,0.012448132780083
"ZBTB9",6,482,0.012448132780083
"ZC3H11A",6,482,0.012448132780083
"ZC3H12C",6,482,0.012448132780083
"ZC3H14",6,482,0.012448132780083
"ZC3H3",6,482,0.012448132780083
"ZC3HAV1",6,482,0.012448132780083
"ZDHHC14",6,482,0.012448132780083
"ZDHHC17",6,482,0.012448132780083
"ZFP91",6,482,0.012448132780083
"ZGPAT",6,482,0.012448132780083
"ZMYM2",6,482,0.012448132780083
"ZMYND8",6,482,0.012448132780083
"ZNF10",6,482,0.012448132780083
"ZNF154",6,482,0.012448132780083
"ZNF16",6,482,0.012448132780083
"ZNF165",6,482,0.012448132780083
"ZNF18",6,482,0.012448132780083
"ZNF189",6,482,0.012448132780083
"ZNF233",6,482,0.012448132780083
"ZNF248",6,482,0.012448132780083
"ZNF280B",6,482,0.012448132780083
"ZNF285",6,482,0.012448132780083
"ZNF3",6,482,0.012448132780083
"ZNF337",6,482,0.012448132780083
"ZNF384",6,482,0.012448132780083
"ZNF408",6,482,0.012448132780083
"ZNF44",6,482,0.012448132780083
"ZNF441",6,482,0.012448132780083
"ZNF443",6,482,0.012448132780083
"ZNF485",6,482,0.012448132780083
"ZNF488",6,482,0.012448132780083
"ZNF500",6,482,0.012448132780083
"ZNF506",6,482,0.012448132780083
"ZNF512B",6,482,0.012448132780083
"ZNF513",6,482,0.012448132780083
"ZNF540",6,482,0.012448132780083
"ZNF551",6,482,0.012448132780083
"ZNF568",6,482,0.012448132780083
"ZNF587",6,482,0.012448132780083
"ZNF592",6,482,0.012448132780083
"ZNF648",6,482,0.012448132780083
"ZNF664",6,482,0.012448132780083
"ZNF670",6,482,0.012448132780083
"ZNF687",6,482,0.012448132780083
"ZNF7",6,482,0.012448132780083
"ZNF704",6,482,0.012448132780083
"ZNF714",6,482,0.012448132780083
"ZNF74",6,482,0.012448132780083
"ZNF75D",6,482,0.012448132780083
"ZNF765",6,482,0.012448132780083
"ZNF77",6,482,0.012448132780083
"ZNF777",6,482,0.012448132780083
"ZNF778",6,482,0.012448132780083
"ZNF780A",6,482,0.012448132780083
"ZNF783",6,482,0.012448132780083
"ZNF791",6,482,0.012448132780083
"ZNF823",6,482,0.012448132780083
"ZNF829",6,482,0.012448132780083
"ZNF862",6,482,0.012448132780083
"ZNF883",6,482,0.012448132780083
"ZNF92",6,482,0.012448132780083
"ZSWIM8",6,482,0.012448132780083
"ZYX",6,482,0.012448132780083
"AADACL4",5,482,0.0103734439834025
"AARS1",5,482,0.0103734439834025
"AATF",5,482,0.0103734439834025
"AATK",5,482,0.0103734439834025
"ABAT",5,482,0.0103734439834025
"ABCC6",5,482,0.0103734439834025
"ABHD10",5,482,0.0103734439834025
"ABHD13",5,482,0.0103734439834025
"AC090517.4",5,482,0.0103734439834025
"ACAD11",5,482,0.0103734439834025
"ACAD9",5,482,0.0103734439834025
"ACADM",5,482,0.0103734439834025
"ACAP2",5,482,0.0103734439834025
"ACMSD",5,482,0.0103734439834025
"ACOX3",5,482,0.0103734439834025
"ACSS1",5,482,0.0103734439834025
"ACTBL2",5,482,0.0103734439834025
"ACTL7A",5,482,0.0103734439834025
"ACTL8",5,482,0.0103734439834025
"ACTR10",5,482,0.0103734439834025
"ACTR3",5,482,0.0103734439834025
"ACVR2A",5,482,0.0103734439834025
"ADA2",5,482,0.0103734439834025
"ADAM10",5,482,0.0103734439834025
"ADAM17",5,482,0.0103734439834025
"ADAMDEC1",5,482,0.0103734439834025
"ADAMTS14",5,482,0.0103734439834025
"ADD1",5,482,0.0103734439834025
"ADD3",5,482,0.0103734439834025
"ADGRF1",5,482,0.0103734439834025
"ADGRG5",5,482,0.0103734439834025
"ADHFE1",5,482,0.0103734439834025
"ADORA1",5,482,0.0103734439834025
"ADRA1B",5,482,0.0103734439834025
"AFG1L",5,482,0.0103734439834025
"AGPS",5,482,0.0103734439834025
"AGRN",5,482,0.0103734439834025
"AHR",5,482,0.0103734439834025
"AICDA",5,482,0.0103734439834025
"AIFM3",5,482,0.0103734439834025
"AJUBA",5,482,0.0103734439834025
"AK7",5,482,0.0103734439834025
"AKT3",5,482,0.0103734439834025
"AL031777.2",5,482,0.0103734439834025
"ALDH3A1",5,482,0.0103734439834025
"ALDOB",5,482,0.0103734439834025
"ALG2",5,482,0.0103734439834025
"ALOX15",5,482,0.0103734439834025
"ALPG",5,482,0.0103734439834025
"AMDHD2",5,482,0.0103734439834025
"AMHR2",5,482,0.0103734439834025
"AMTN",5,482,0.0103734439834025
"ANAPC2",5,482,0.0103734439834025
"ANAPC5",5,482,0.0103734439834025
"ANGPT1",5,482,0.0103734439834025
"ANGPT2",5,482,0.0103734439834025
"ANKFY1",5,482,0.0103734439834025
"ANKRD52",5,482,0.0103734439834025
"ANKS4B",5,482,0.0103734439834025
"ANKZF1",5,482,0.0103734439834025
"ANLN",5,482,0.0103734439834025
"ANP32E",5,482,0.0103734439834025
"ANTXR2",5,482,0.0103734439834025
"AOPEP",5,482,0.0103734439834025
"AP1G1",5,482,0.0103734439834025
"AP2A1",5,482,0.0103734439834025
"AP4E1",5,482,0.0103734439834025
"AP4M1",5,482,0.0103734439834025
"AP5Z1",5,482,0.0103734439834025
"APBB1",5,482,0.0103734439834025
"APBB2",5,482,0.0103734439834025
"APCDD1",5,482,0.0103734439834025
"APOBEC3B",5,482,0.0103734439834025
"APOC3",5,482,0.0103734439834025
"APOF",5,482,0.0103734439834025
"AQP10",5,482,0.0103734439834025
"AQP12A",5,482,0.0103734439834025
"AQP8",5,482,0.0103734439834025
"AQP9",5,482,0.0103734439834025
"AR",5,482,0.0103734439834025
"ARGFX",5,482,0.0103734439834025
"ARHGAP24",5,482,0.0103734439834025
"ARHGAP28",5,482,0.0103734439834025
"ARHGAP4",5,482,0.0103734439834025
"ARHGEF18",5,482,0.0103734439834025
"ARIH2",5,482,0.0103734439834025
"ARMCX1",5,482,0.0103734439834025
"ARMCX5-GPRASP2",5,482,0.0103734439834025
"ARSK",5,482,0.0103734439834025
"ASAP3",5,482,0.0103734439834025
"ASB11",5,482,0.0103734439834025
"ASB12",5,482,0.0103734439834025
"ASB2",5,482,0.0103734439834025
"ASCL1",5,482,0.0103734439834025
"ASH2L",5,482,0.0103734439834025
"ASMTL",5,482,0.0103734439834025
"ASPRV1",5,482,0.0103734439834025
"ATF6",5,482,0.0103734439834025
"ATG9A",5,482,0.0103734439834025
"ATP1B4",5,482,0.0103734439834025
"ATP5F1A",5,482,0.0103734439834025
"ATXN10",5,482,0.0103734439834025
"ATXN2",5,482,0.0103734439834025
"ATXN7",5,482,0.0103734439834025
"AVL9",5,482,0.0103734439834025
"B3GALT2",5,482,0.0103734439834025
"B3GLCT",5,482,0.0103734439834025
"B3GNT8",5,482,0.0103734439834025
"BABAM2",5,482,0.0103734439834025
"BAIAP2",5,482,0.0103734439834025
"BARHL2",5,482,0.0103734439834025
"BBOF1",5,482,0.0103734439834025
"BBS10",5,482,0.0103734439834025
"BBS12",5,482,0.0103734439834025
"BBS4",5,482,0.0103734439834025
"BCAM",5,482,0.0103734439834025
"BDH1",5,482,0.0103734439834025
"BEND4",5,482,0.0103734439834025
"BEND6",5,482,0.0103734439834025
"BMP2K",5,482,0.0103734439834025
"BMPR1A",5,482,0.0103734439834025
"BMS1",5,482,0.0103734439834025
"BOLL",5,482,0.0103734439834025
"BPIFA1",5,482,0.0103734439834025
"BPIFC",5,482,0.0103734439834025
"BRIP1",5,482,0.0103734439834025
"BRMS1",5,482,0.0103734439834025
"BROX",5,482,0.0103734439834025
"BSX",5,482,0.0103734439834025
"BTBD3",5,482,0.0103734439834025
"BTBD8",5,482,0.0103734439834025
"BTBD9",5,482,0.0103734439834025
"BTN2A1",5,482,0.0103734439834025
"BTN3A2",5,482,0.0103734439834025
"BTN3A3",5,482,0.0103734439834025
"BTNL8",5,482,0.0103734439834025
"BUB1B",5,482,0.0103734439834025
"BVES",5,482,0.0103734439834025
"BYSL",5,482,0.0103734439834025
"C11orf16",5,482,0.0103734439834025
"C11orf80",5,482,0.0103734439834025
"C11orf87",5,482,0.0103734439834025
"C12orf66",5,482,0.0103734439834025
"C14orf28",5,482,0.0103734439834025
"C19orf57",5,482,0.0103734439834025
"C1GALT1",5,482,0.0103734439834025
"C1QTNF6",5,482,0.0103734439834025
"C1R",5,482,0.0103734439834025
"C1orf94",5,482,0.0103734439834025
"C22orf42",5,482,0.0103734439834025
"C2orf80",5,482,0.0103734439834025
"C3orf56",5,482,0.0103734439834025
"C4orf50",5,482,0.0103734439834025
"C5AR2",5,482,0.0103734439834025
"C7orf33",5,482,0.0103734439834025
"C9orf153",5,482,0.0103734439834025
"CA3",5,482,0.0103734439834025
"CA4",5,482,0.0103734439834025
"CACNG5",5,482,0.0103734439834025
"CACUL1",5,482,0.0103734439834025
"CALD1",5,482,0.0103734439834025
"CAMSAP3",5,482,0.0103734439834025
"CANX",5,482,0.0103734439834025
"CAPN11",5,482,0.0103734439834025
"CAPN2",5,482,0.0103734439834025
"CAPRIN2",5,482,0.0103734439834025
"CARNMT1",5,482,0.0103734439834025
"CARNS1",5,482,0.0103734439834025
"CASKIN2",5,482,0.0103734439834025
"CASQ1",5,482,0.0103734439834025
"CATSPER1",5,482,0.0103734439834025
"CATSPER2",5,482,0.0103734439834025
"CBFA2T3",5,482,0.0103734439834025
"CBLN1",5,482,0.0103734439834025
"CBX2",5,482,0.0103734439834025
"CCDC146",5,482,0.0103734439834025
"CCDC15",5,482,0.0103734439834025
"CCDC151",5,482,0.0103734439834025
"CCDC62",5,482,0.0103734439834025
"CCDC68",5,482,0.0103734439834025
"CCDC74A",5,482,0.0103734439834025
"CCDC88B",5,482,0.0103734439834025
"CCK",5,482,0.0103734439834025
"CCL7",5,482,0.0103734439834025
"CCM2L",5,482,0.0103734439834025
"CCND1",5,482,0.0103734439834025
"CCNT1",5,482,0.0103734439834025
"CCP110",5,482,0.0103734439834025
"CCR10",5,482,0.0103734439834025
"CCR3",5,482,0.0103734439834025
"CD200R1L",5,482,0.0103734439834025
"CD244",5,482,0.0103734439834025
"CD247",5,482,0.0103734439834025
"CD300C",5,482,0.0103734439834025
"CD300E",5,482,0.0103734439834025
"CD300LG",5,482,0.0103734439834025
"CD37",5,482,0.0103734439834025
"CD40",5,482,0.0103734439834025
"CD44",5,482,0.0103734439834025
"CD6",5,482,0.0103734439834025
"CD99L2",5,482,0.0103734439834025
"CDAN1",5,482,0.0103734439834025
"CDC123",5,482,0.0103734439834025
"CDC42EP4",5,482,0.0103734439834025
"CDC45",5,482,0.0103734439834025
"CDC5L",5,482,0.0103734439834025
"CDK18",5,482,0.0103734439834025
"CDKAL1",5,482,0.0103734439834025
"CEACAM4",5,482,0.0103734439834025
"CENPQ",5,482,0.0103734439834025
"CENPT",5,482,0.0103734439834025
"CER1",5,482,0.0103734439834025
"CERCAM",5,482,0.0103734439834025
"CFHR3",5,482,0.0103734439834025
"CGA",5,482,0.0103734439834025
"CHEK2",5,482,0.0103734439834025
"CHMP3",5,482,0.0103734439834025
"CHRFAM7A",5,482,0.0103734439834025
"CHRND",5,482,0.0103734439834025
"CHRNG",5,482,0.0103734439834025
"CHST12",5,482,0.0103734439834025
"CIAO3",5,482,0.0103734439834025
"CKM",5,482,0.0103734439834025
"CLCN6",5,482,0.0103734439834025
"CLCN7",5,482,0.0103734439834025
"CLCNKA",5,482,0.0103734439834025
"CLDN10",5,482,0.0103734439834025
"CLPTM1",5,482,0.0103734439834025
"CLRN1",5,482,0.0103734439834025
"CLSTN1",5,482,0.0103734439834025
"CMAS",5,482,0.0103734439834025
"CMSS1",5,482,0.0103734439834025
"CNDP1",5,482,0.0103734439834025
"CNN1",5,482,0.0103734439834025
"COG3",5,482,0.0103734439834025
"COL6A1",5,482,0.0103734439834025
"COPS2",5,482,0.0103734439834025
"COX7B2",5,482,0.0103734439834025
"CPNE6",5,482,0.0103734439834025
"CPNE8",5,482,0.0103734439834025
"CPSF2",5,482,0.0103734439834025
"CPSF3",5,482,0.0103734439834025
"CRB2",5,482,0.0103734439834025
"CREB3L4",5,482,0.0103734439834025
"CRISPLD2",5,482,0.0103734439834025
"CRLF2",5,482,0.0103734439834025
"CRLF3",5,482,0.0103734439834025
"CSDE1",5,482,0.0103734439834025
"CSH1",5,482,0.0103734439834025
"CSHL1",5,482,0.0103734439834025
"CTCF",5,482,0.0103734439834025
"CTNNA1",5,482,0.0103734439834025
"CTSG",5,482,0.0103734439834025
"CXXC1",5,482,0.0103734439834025
"CYP1B1",5,482,0.0103734439834025
"CYP21A2",5,482,0.0103734439834025
"CYP2A6",5,482,0.0103734439834025
"CYP2F1",5,482,0.0103734439834025
"CYP46A1",5,482,0.0103734439834025
"CYRIA",5,482,0.0103734439834025
"CYRIB",5,482,0.0103734439834025
"DAAM1",5,482,0.0103734439834025
"DAND5",5,482,0.0103734439834025
"DARS2",5,482,0.0103734439834025
"DAW1",5,482,0.0103734439834025
"DCAF17",5,482,0.0103734439834025
"DCAF4",5,482,0.0103734439834025
"DCLRE1C",5,482,0.0103734439834025
"DCUN1D1",5,482,0.0103734439834025
"DCUN1D4",5,482,0.0103734439834025
"DDB1",5,482,0.0103734439834025
"DDI2",5,482,0.0103734439834025
"DDX11",5,482,0.0103734439834025
"DDX43",5,482,0.0103734439834025
"DEPTOR",5,482,0.0103734439834025
"DGAT2",5,482,0.0103734439834025
"DGKA",5,482,0.0103734439834025
"DGKE",5,482,0.0103734439834025
"DGKH",5,482,0.0103734439834025
"DHRSX",5,482,0.0103734439834025
"DHX33",5,482,0.0103734439834025
"DMRT3",5,482,0.0103734439834025
"DMWD",5,482,0.0103734439834025
"DNAAF4",5,482,0.0103734439834025
"DNAH6",5,482,0.0103734439834025
"DNAI3",5,482,0.0103734439834025
"DNAJB8",5,482,0.0103734439834025
"DNAJC1",5,482,0.0103734439834025
"DNAJC11",5,482,0.0103734439834025
"DNAJC21",5,482,0.0103734439834025
"DNAJC22",5,482,0.0103734439834025
"DNAJC5B",5,482,0.0103734439834025
"DNM2",5,482,0.0103734439834025
"DPP9",5,482,0.0103734439834025
"DRGX",5,482,0.0103734439834025
"DSC2",5,482,0.0103734439834025
"DTD1",5,482,0.0103734439834025
"DTWD2",5,482,0.0103734439834025
"DUSP26",5,482,0.0103734439834025
"DYRK2",5,482,0.0103734439834025
"DYRK3",5,482,0.0103734439834025
"DZIP1L",5,482,0.0103734439834025
"ECE1",5,482,0.0103734439834025
"ECM1",5,482,0.0103734439834025
"ECRG4",5,482,0.0103734439834025
"EDN3",5,482,0.0103734439834025
"EED",5,482,0.0103734439834025
"EEFSEC",5,482,0.0103734439834025
"EFCAB13",5,482,0.0103734439834025
"EFCAB7",5,482,0.0103734439834025
"EFEMP1",5,482,0.0103734439834025
"EGLN3",5,482,0.0103734439834025
"EIF4B",5,482,0.0103734439834025
"ELAVL1",5,482,0.0103734439834025
"ELF4",5,482,0.0103734439834025
"ELMO2",5,482,0.0103734439834025
"ELP1",5,482,0.0103734439834025
"ELP3",5,482,0.0103734439834025
"ENC1",5,482,0.0103734439834025
"ENOPH1",5,482,0.0103734439834025
"ENOSF1",5,482,0.0103734439834025
"ENPP6",5,482,0.0103734439834025
"ENTPD7",5,482,0.0103734439834025
"EOMES",5,482,0.0103734439834025
"EPB41",5,482,0.0103734439834025
"EPB41L4A",5,482,0.0103734439834025
"EPB41L4B",5,482,0.0103734439834025
"EPDR1",5,482,0.0103734439834025
"EPHB4",5,482,0.0103734439834025
"EPN1",5,482,0.0103734439834025
"EPS8L1",5,482,0.0103734439834025
"ERC2",5,482,0.0103734439834025
"ERGIC2",5,482,0.0103734439834025
"ERICH5",5,482,0.0103734439834025
"ETFB",5,482,0.0103734439834025
"ETV1",5,482,0.0103734439834025
"ETV3L",5,482,0.0103734439834025
"ETV6",5,482,0.0103734439834025
"EXOC3L1",5,482,0.0103734439834025
"EXOC5",5,482,0.0103734439834025
"EXOSC4",5,482,0.0103734439834025
"EXT2",5,482,0.0103734439834025
"EXTL3",5,482,0.0103734439834025
"EYA1",5,482,0.0103734439834025
"F11R",5,482,0.0103734439834025
"F2RL1",5,482,0.0103734439834025
"FAAH",5,482,0.0103734439834025
"FAF1",5,482,0.0103734439834025
"FAM107B",5,482,0.0103734439834025
"FAM111A",5,482,0.0103734439834025
"FAM114A2",5,482,0.0103734439834025
"FAM149A",5,482,0.0103734439834025
"FAM166A",5,482,0.0103734439834025
"FAM83D",5,482,0.0103734439834025
"FAM91A1",5,482,0.0103734439834025
"FANCC",5,482,0.0103734439834025
"FANCD2",5,482,0.0103734439834025
"FANCF",5,482,0.0103734439834025
"FANCL",5,482,0.0103734439834025
"FARSA",5,482,0.0103734439834025
"FASLG",5,482,0.0103734439834025
"FAXC",5,482,0.0103734439834025
"FBXL20",5,482,0.0103734439834025
"FBXO42",5,482,0.0103734439834025
"FCER2",5,482,0.0103734439834025
"FCGR2C",5,482,0.0103734439834025
"FCN2",5,482,0.0103734439834025
"FCSK",5,482,0.0103734439834025
"FEM1A",5,482,0.0103734439834025
"FETUB",5,482,0.0103734439834025
"FGF10",5,482,0.0103734439834025
"FGFRL1",5,482,0.0103734439834025
"FGGY",5,482,0.0103734439834025
"FKBP5",5,482,0.0103734439834025
"FKBPL",5,482,0.0103734439834025
"FLAD1",5,482,0.0103734439834025
"FLCN",5,482,0.0103734439834025
"FLII",5,482,0.0103734439834025
"FLRT3",5,482,0.0103734439834025
"FMN1",5,482,0.0103734439834025
"FMO2",5,482,0.0103734439834025
"FMO4",5,482,0.0103734439834025
"FOLR3",5,482,0.0103734439834025
"FOXA2",5,482,0.0103734439834025
"FOXC2",5,482,0.0103734439834025
"FOXH1",5,482,0.0103734439834025
"FOXJ2",5,482,0.0103734439834025
"FOXN1",5,482,0.0103734439834025
"FOXO4",5,482,0.0103734439834025
"FOXP4",5,482,0.0103734439834025
"FRMD4B",5,482,0.0103734439834025
"FUBP3",5,482,0.0103734439834025
"G2E3",5,482,0.0103734439834025
"G6PC",5,482,0.0103734439834025
"GABPB2",5,482,0.0103734439834025
"GABRD",5,482,0.0103734439834025
"GABRE",5,482,0.0103734439834025
"GALK2",5,482,0.0103734439834025
"GALNT6",5,482,0.0103734439834025
"GALNTL5",5,482,0.0103734439834025
"GART",5,482,0.0103734439834025
"GBE1",5,482,0.0103734439834025
"GCFC2",5,482,0.0103734439834025
"GCH1",5,482,0.0103734439834025
"GCM1",5,482,0.0103734439834025
"GDAP1L1",5,482,0.0103734439834025
"GDAP2",5,482,0.0103734439834025
"GDF6",5,482,0.0103734439834025
"GDI1",5,482,0.0103734439834025
"GDPD2",5,482,0.0103734439834025
"GET4",5,482,0.0103734439834025
"GFAP",5,482,0.0103734439834025
"GFM1",5,482,0.0103734439834025
"GFPT1",5,482,0.0103734439834025
"GGN",5,482,0.0103734439834025
"GGT5",5,482,0.0103734439834025
"GIMAP7",5,482,0.0103734439834025
"GIPC2",5,482,0.0103734439834025
"GJA5",5,482,0.0103734439834025
"GK",5,482,0.0103734439834025
"GLP1R",5,482,0.0103734439834025
"GLT6D1",5,482,0.0103734439834025
"GNA12",5,482,0.0103734439834025
"GNAI1",5,482,0.0103734439834025
"GNAL",5,482,0.0103734439834025
"GOLM2",5,482,0.0103734439834025
"GOT1L1",5,482,0.0103734439834025
"GPAT2",5,482,0.0103734439834025
"GPAT3",5,482,0.0103734439834025
"GPN3",5,482,0.0103734439834025
"GPR137C",5,482,0.0103734439834025
"GPR26",5,482,0.0103734439834025
"GPR31",5,482,0.0103734439834025
"GPR39",5,482,0.0103734439834025
"GPR55",5,482,0.0103734439834025
"GPR83",5,482,0.0103734439834025
"GRM4",5,482,0.0103734439834025
"GSG1L",5,482,0.0103734439834025
"GTF2A1",5,482,0.0103734439834025
"GTF2H4",5,482,0.0103734439834025
"GTF2I",5,482,0.0103734439834025
"GTF3C4",5,482,0.0103734439834025
"GTF3C5",5,482,0.0103734439834025
"GTPBP1",5,482,0.0103734439834025
"GULP1",5,482,0.0103734439834025
"GXYLT1",5,482,0.0103734439834025
"GXYLT2",5,482,0.0103734439834025
"H1-3",5,482,0.0103734439834025
"H1-7",5,482,0.0103734439834025
"H2AC1",5,482,0.0103734439834025
"H2BC18",5,482,0.0103734439834025
"H3C7",5,482,0.0103734439834025
"H4C12",5,482,0.0103734439834025
"H4C3",5,482,0.0103734439834025
"H4C4",5,482,0.0103734439834025
"H6PD",5,482,0.0103734439834025
"HACD1",5,482,0.0103734439834025
"HADH",5,482,0.0103734439834025
"HADHB",5,482,0.0103734439834025
"HAP1",5,482,0.0103734439834025
"HAPLN4",5,482,0.0103734439834025
"HAUS1",5,482,0.0103734439834025
"HAUS8",5,482,0.0103734439834025
"HAVCR2",5,482,0.0103734439834025
"HCLS1",5,482,0.0103734439834025
"HDHD5",5,482,0.0103734439834025
"HENMT1",5,482,0.0103734439834025
"HGS",5,482,0.0103734439834025
"HIBCH",5,482,0.0103734439834025
"HINFP",5,482,0.0103734439834025
"HIPK2",5,482,0.0103734439834025
"HMG20A",5,482,0.0103734439834025
"HNRNPF",5,482,0.0103734439834025
"HNRNPH1",5,482,0.0103734439834025
"HNRNPH2",5,482,0.0103734439834025
"HOXB13",5,482,0.0103734439834025
"HOXB8",5,482,0.0103734439834025
"HOXD9",5,482,0.0103734439834025
"HPS3",5,482,0.0103734439834025
"HPS4",5,482,0.0103734439834025
"HPX",5,482,0.0103734439834025
"HSP90AB1",5,482,0.0103734439834025
"HSPA4",5,482,0.0103734439834025
"HSPA9",5,482,0.0103734439834025
"HTRA4",5,482,0.0103734439834025
"HYAL1",5,482,0.0103734439834025
"ICAM1",5,482,0.0103734439834025
"IDH3G",5,482,0.0103734439834025
"IDO1",5,482,0.0103734439834025
"IFNA16",5,482,0.0103734439834025
"IFT57",5,482,0.0103734439834025
"IFTAP",5,482,0.0103734439834025
"IGFBP3",5,482,0.0103734439834025
"IGHV1-2",5,482,0.0103734439834025
"IGHV3-20",5,482,0.0103734439834025
"IGHV3-21",5,482,0.0103734439834025
"IGHV3-30",5,482,0.0103734439834025
"IGHV4-28",5,482,0.0103734439834025
"IGHV5-51",5,482,0.0103734439834025
"IGLV2-18",5,482,0.0103734439834025
"IKZF2",5,482,0.0103734439834025
"IKZF4",5,482,0.0103734439834025
"IL12B",5,482,0.0103734439834025
"IL12RB2",5,482,0.0103734439834025
"IL17F",5,482,0.0103734439834025
"IL22RA2",5,482,0.0103734439834025
"ILVBL",5,482,0.0103734439834025
"IMP4",5,482,0.0103734439834025
"IMPA2",5,482,0.0103734439834025
"INSYN1",5,482,0.0103734439834025
"INSYN2A",5,482,0.0103734439834025
"INTS6L",5,482,0.0103734439834025
"INTS7",5,482,0.0103734439834025
"IPCEF1",5,482,0.0103734439834025
"IPMK",5,482,0.0103734439834025
"IPO7",5,482,0.0103734439834025
"IRF2",5,482,0.0103734439834025
"IRF2BPL",5,482,0.0103734439834025
"ITFG1",5,482,0.0103734439834025
"ITGA2B",5,482,0.0103734439834025
"ITGA9",5,482,0.0103734439834025
"ITIH3",5,482,0.0103734439834025
"ITIH4",5,482,0.0103734439834025
"IVNS1ABP",5,482,0.0103734439834025
"IWS1",5,482,0.0103734439834025
"JAKMIP3",5,482,0.0103734439834025
"JPH1",5,482,0.0103734439834025
"KASH5",5,482,0.0103734439834025
"KATNAL2",5,482,0.0103734439834025
"KBTBD7",5,482,0.0103734439834025
"KCNC4",5,482,0.0103734439834025
"KCNIP3",5,482,0.0103734439834025
"KCNJ15",5,482,0.0103734439834025
"KCNK1",5,482,0.0103734439834025
"KCNMB2",5,482,0.0103734439834025
"KCNQ1",5,482,0.0103734439834025
"KCNV2",5,482,0.0103734439834025
"KDM5D",5,482,0.0103734439834025
"KHDRBS3",5,482,0.0103734439834025
"KIAA0408",5,482,0.0103734439834025
"KIAA0513",5,482,0.0103734439834025
"KIAA1586",5,482,0.0103734439834025
"KIR2DS4",5,482,0.0103734439834025
"KLF10",5,482,0.0103734439834025
"KLHDC10",5,482,0.0103734439834025
"KLHDC7A",5,482,0.0103734439834025
"KLHL15",5,482,0.0103734439834025
"KLHL23",5,482,0.0103734439834025
"KLHL30",5,482,0.0103734439834025
"KLHL36",5,482,0.0103734439834025
"KLHL42",5,482,0.0103734439834025
"KLK3",5,482,0.0103734439834025
"KLK6",5,482,0.0103734439834025
"KLRB1",5,482,0.0103734439834025
"KNOP1",5,482,0.0103734439834025
"KPNA6",5,482,0.0103734439834025
"KRT20",5,482,0.0103734439834025
"KRT25",5,482,0.0103734439834025
"KRT31",5,482,0.0103734439834025
"KRT38",5,482,0.0103734439834025
"KRT4",5,482,0.0103734439834025
"KRT6A",5,482,0.0103734439834025
"KRT76",5,482,0.0103734439834025
"KRTAP10-3",5,482,0.0103734439834025
"KRTAP5-10",5,482,0.0103734439834025
"KRTAP6-2",5,482,0.0103734439834025
"L1TD1",5,482,0.0103734439834025
"LAPTM4B",5,482,0.0103734439834025
"LAPTM5",5,482,0.0103734439834025
"LARS1",5,482,0.0103734439834025
"LCE1C",5,482,0.0103734439834025
"LCE3D",5,482,0.0103734439834025
"LCLAT1",5,482,0.0103734439834025
"LCN2",5,482,0.0103734439834025
"LDAH",5,482,0.0103734439834025
"LETM2",5,482,0.0103734439834025
"LIMK2",5,482,0.0103734439834025
"LMAN2L",5,482,0.0103734439834025
"LMNTD2",5,482,0.0103734439834025
"LMOD1",5,482,0.0103734439834025
"LMTK3",5,482,0.0103734439834025
"LONRF1",5,482,0.0103734439834025
"LPCAT2",5,482,0.0103734439834025
"LPGAT1",5,482,0.0103734439834025
"LRG1",5,482,0.0103734439834025
"LRIG2",5,482,0.0103734439834025
"LRP10",5,482,0.0103734439834025
"LRRC3B",5,482,0.0103734439834025
"LRRC4",5,482,0.0103734439834025
"LRRC8E",5,482,0.0103734439834025
"LRRFIP2",5,482,0.0103734439834025
"LRRN1",5,482,0.0103734439834025
"LSM14A",5,482,0.0103734439834025
"LSS",5,482,0.0103734439834025
"LTBP3",5,482,0.0103734439834025
"LTV1",5,482,0.0103734439834025
"LUM",5,482,0.0103734439834025
"LUZP1",5,482,0.0103734439834025
"LY6H",5,482,0.0103734439834025
"LYN",5,482,0.0103734439834025
"LYPD3",5,482,0.0103734439834025
"MAB21L1",5,482,0.0103734439834025
"MAGEF1",5,482,0.0103734439834025
"MAGT1",5,482,0.0103734439834025
"MAIP1",5,482,0.0103734439834025
"MALT1",5,482,0.0103734439834025
"MAMDC4",5,482,0.0103734439834025
"MAN1C1",5,482,0.0103734439834025
"MANBA",5,482,0.0103734439834025
"MAP2K1",5,482,0.0103734439834025
"MAP3K11",5,482,0.0103734439834025
"MAP4",5,482,0.0103734439834025
"MAP7",5,482,0.0103734439834025
"MAPK6",5,482,0.0103734439834025
"MBIP",5,482,0.0103734439834025
"MC3R",5,482,0.0103734439834025
"MCAM",5,482,0.0103734439834025
"MCC",5,482,0.0103734439834025
"MCM6",5,482,0.0103734439834025
"MCOLN1",5,482,0.0103734439834025
"ME2",5,482,0.0103734439834025
"ME3",5,482,0.0103734439834025
"MED17",5,482,0.0103734439834025
"MED24",5,482,0.0103734439834025
"MEGF11",5,482,0.0103734439834025
"METTL17",5,482,0.0103734439834025
"METTL4",5,482,0.0103734439834025
"MEX3C",5,482,0.0103734439834025
"MFN1",5,482,0.0103734439834025
"MFSD9",5,482,0.0103734439834025
"MGAT4B",5,482,0.0103734439834025
"MGST1",5,482,0.0103734439834025
"MICALL2",5,482,0.0103734439834025
"MICU2",5,482,0.0103734439834025
"MICU3",5,482,0.0103734439834025
"MID1",5,482,0.0103734439834025
"MIDEAS",5,482,0.0103734439834025
"MLLT6",5,482,0.0103734439834025
"MLPH",5,482,0.0103734439834025
"MMD2",5,482,0.0103734439834025
"MMP28",5,482,0.0103734439834025
"MMS19",5,482,0.0103734439834025
"MMUT",5,482,0.0103734439834025
"MNS1",5,482,0.0103734439834025
"MOCOS",5,482,0.0103734439834025
"MOCS1",5,482,0.0103734439834025
"MOGAT3",5,482,0.0103734439834025
"MORF4L1",5,482,0.0103734439834025
"MOS",5,482,0.0103734439834025
"MOSPD2",5,482,0.0103734439834025
"MOV10",5,482,0.0103734439834025
"MRPL32",5,482,0.0103734439834025
"MRPS30",5,482,0.0103734439834025
"MS4A10",5,482,0.0103734439834025
"MS4A13",5,482,0.0103734439834025
"MSC",5,482,0.0103734439834025
"MSH5",5,482,0.0103734439834025
"MSL3",5,482,0.0103734439834025
"MTARC1",5,482,0.0103734439834025
"MTDH",5,482,0.0103734439834025
"MTHFD1L",5,482,0.0103734439834025
"MTM1",5,482,0.0103734439834025
"MTMR8",5,482,0.0103734439834025
"MYBBP1A",5,482,0.0103734439834025
"MYCN",5,482,0.0103734439834025
"MYL2",5,482,0.0103734439834025
"MYOT",5,482,0.0103734439834025
"MYOZ3",5,482,0.0103734439834025
"NAA11",5,482,0.0103734439834025
"NAT10",5,482,0.0103734439834025
"NBR1",5,482,0.0103734439834025
"NCAPH",5,482,0.0103734439834025
"NCBP2L",5,482,0.0103734439834025
"NCDN",5,482,0.0103734439834025
"NCEH1",5,482,0.0103734439834025
"NCK2",5,482,0.0103734439834025
"NDC1",5,482,0.0103734439834025
"NDRG1",5,482,0.0103734439834025
"NDUFAF7",5,482,0.0103734439834025
"NEU1",5,482,0.0103734439834025
"NFATC3",5,482,0.0103734439834025
"NFRKB",5,482,0.0103734439834025
"NFS1",5,482,0.0103734439834025
"NGB",5,482,0.0103734439834025
"NIBAN2",5,482,0.0103734439834025
"NKAPL",5,482,0.0103734439834025
"NKTR",5,482,0.0103734439834025
"NLK",5,482,0.0103734439834025
"NMS",5,482,0.0103734439834025
"NMUR2",5,482,0.0103734439834025
"NODAL",5,482,0.0103734439834025
"NOL11",5,482,0.0103734439834025
"NOL6",5,482,0.0103734439834025
"NOP53",5,482,0.0103734439834025
"NOP56",5,482,0.0103734439834025
"NOP58",5,482,0.0103734439834025
"NOS1AP",5,482,0.0103734439834025
"NOSTRIN",5,482,0.0103734439834025
"NPHP3",5,482,0.0103734439834025
"NPNT",5,482,0.0103734439834025
"NPS",5,482,0.0103734439834025
"NPTX1",5,482,0.0103734439834025
"NPVF",5,482,0.0103734439834025
"NR1H3",5,482,0.0103734439834025
"NR1I2",5,482,0.0103734439834025
"NRG1",5,482,0.0103734439834025
"NRIP2",5,482,0.0103734439834025
"NSDHL",5,482,0.0103734439834025
"NSUN3",5,482,0.0103734439834025
"NT5C3A",5,482,0.0103734439834025
"NTS",5,482,0.0103734439834025
"NUP42",5,482,0.0103734439834025
"NUP62",5,482,0.0103734439834025
"NUP93",5,482,0.0103734439834025
"NUTM2G",5,482,0.0103734439834025
"OAS1",5,482,0.0103734439834025
"OMD",5,482,0.0103734439834025
"OMP",5,482,0.0103734439834025
"OOSP2",5,482,0.0103734439834025
"OR10A2",5,482,0.0103734439834025
"OR10A6",5,482,0.0103734439834025
"OR13A1",5,482,0.0103734439834025
"OR1A1",5,482,0.0103734439834025
"OR1J1",5,482,0.0103734439834025
"OR1L3",5,482,0.0103734439834025
"OR1L6",5,482,0.0103734439834025
"OR2AT4",5,482,0.0103734439834025
"OR51D1",5,482,0.0103734439834025
"OR52I2",5,482,0.0103734439834025
"OR52K1",5,482,0.0103734439834025
"OR52L1",5,482,0.0103734439834025
"OR52R1",5,482,0.0103734439834025
"OR5AK2",5,482,0.0103734439834025
"OR6C3",5,482,0.0103734439834025
"OR6C70",5,482,0.0103734439834025
"OR7E24",5,482,0.0103734439834025
"OR8S1",5,482,0.0103734439834025
"ORC3",5,482,0.0103734439834025
"OSBP",5,482,0.0103734439834025
"OSBPL1A",5,482,0.0103734439834025
"OSCP1",5,482,0.0103734439834025
"OVGP1",5,482,0.0103734439834025
"P4HA1",5,482,0.0103734439834025
"P4HA2",5,482,0.0103734439834025
"PACRG",5,482,0.0103734439834025
"PADI4",5,482,0.0103734439834025
"PAG1",5,482,0.0103734439834025
"PAGE3",5,482,0.0103734439834025
"PAK1",5,482,0.0103734439834025
"PAMR1",5,482,0.0103734439834025
"PAPSS1",5,482,0.0103734439834025
"PARN",5,482,0.0103734439834025
"PARP11",5,482,0.0103734439834025
"PATE1",5,482,0.0103734439834025
"PATL1",5,482,0.0103734439834025
"PAX1",5,482,0.0103734439834025
"PAX2",5,482,0.0103734439834025
"PAX9",5,482,0.0103734439834025
"PCCB",5,482,0.0103734439834025
"PCDHGB7",5,482,0.0103734439834025
"PCDHGC4",5,482,0.0103734439834025
"PCGF5",5,482,0.0103734439834025
"PCM1",5,482,0.0103734439834025
"PCNX4",5,482,0.0103734439834025
"PDE1A",5,482,0.0103734439834025
"PDE2A",5,482,0.0103734439834025
"PDHA1",5,482,0.0103734439834025
"PDIA5",5,482,0.0103734439834025
"PDZD7",5,482,0.0103734439834025
"PELI1",5,482,0.0103734439834025
"PELI2",5,482,0.0103734439834025
"PENK",5,482,0.0103734439834025
"PEX12",5,482,0.0103734439834025
"PEX2",5,482,0.0103734439834025
"PEX5",5,482,0.0103734439834025
"PFKFB3",5,482,0.0103734439834025
"PFKM",5,482,0.0103734439834025
"PGAM4",5,482,0.0103734439834025
"PGS1",5,482,0.0103734439834025
"PHF20",5,482,0.0103734439834025
"PHLPP1",5,482,0.0103734439834025
"PHTF2",5,482,0.0103734439834025
"PHYH",5,482,0.0103734439834025
"PIAS3",5,482,0.0103734439834025
"PIGQ",5,482,0.0103734439834025
"PIGZ",5,482,0.0103734439834025
"PIK3CD",5,482,0.0103734439834025
"PIP5K1A",5,482,0.0103734439834025
"PITPNM2",5,482,0.0103734439834025
"PITPNM3",5,482,0.0103734439834025
"PKN1",5,482,0.0103734439834025
"PKP3",5,482,0.0103734439834025
"PLA2G4F",5,482,0.0103734439834025
"PLA2G5",5,482,0.0103734439834025
"PLAG1",5,482,0.0103734439834025
"PLCH2",5,482,0.0103734439834025
"PLEKHN1",5,482,0.0103734439834025
"PLSCR1",5,482,0.0103734439834025
"PLSCR5",5,482,0.0103734439834025
"PMEL",5,482,0.0103734439834025
"PNLDC1",5,482,0.0103734439834025
"PNLIPRP2",5,482,0.0103734439834025
"PNPLA3",5,482,0.0103734439834025
"PNPLA5",5,482,0.0103734439834025
"POF1B",5,482,0.0103734439834025
"POLR1F",5,482,0.0103734439834025
"POLR3A",5,482,0.0103734439834025
"POLR3E",5,482,0.0103734439834025
"PON3",5,482,0.0103734439834025
"POPDC2",5,482,0.0103734439834025
"PPFIBP1",5,482,0.0103734439834025
"PPFIBP2",5,482,0.0103734439834025
"PPM1K",5,482,0.0103734439834025
"PPM1L",5,482,0.0103734439834025
"PPP1R10",5,482,0.0103734439834025
"PPP1R32",5,482,0.0103734439834025
"PPP2R5B",5,482,0.0103734439834025
"PPP2R5C",5,482,0.0103734439834025
"PPP3R2",5,482,0.0103734439834025
"PRAMEF12",5,482,0.0103734439834025
"PRAMEF17",5,482,0.0103734439834025
"PRAMEF18",5,482,0.0103734439834025
"PRCP",5,482,0.0103734439834025
"PRDM11",5,482,0.0103734439834025
"PRG2",5,482,0.0103734439834025
"PRKCA",5,482,0.0103734439834025
"PRKD2",5,482,0.0103734439834025
"PRMT3",5,482,0.0103734439834025
"PRMT5",5,482,0.0103734439834025
"PRMT9",5,482,0.0103734439834025
"PRORP",5,482,0.0103734439834025
"PROX2",5,482,0.0103734439834025
"PRPF4",5,482,0.0103734439834025
"PRPF40B",5,482,0.0103734439834025
"PRPF4B",5,482,0.0103734439834025
"PRPS1L1",5,482,0.0103734439834025
"PRR11",5,482,0.0103734439834025
"PRR14",5,482,0.0103734439834025
"PRRG3",5,482,0.0103734439834025
"PRSS1",5,482,0.0103734439834025
"PRSS36",5,482,0.0103734439834025
"PSD4",5,482,0.0103734439834025
"PSENEN",5,482,0.0103734439834025
"PSG11",5,482,0.0103734439834025
"PSG6",5,482,0.0103734439834025
"PSIP1",5,482,0.0103734439834025
"PSMA8",5,482,0.0103734439834025
"PSMB8",5,482,0.0103734439834025
"PSMD3",5,482,0.0103734439834025
"PSMD5",5,482,0.0103734439834025
"PTAFR",5,482,0.0103734439834025
"PTBP2",5,482,0.0103734439834025
"PTGER2",5,482,0.0103734439834025
"PTOV1",5,482,0.0103734439834025
"PTPN12",5,482,0.0103734439834025
"PTPN18",5,482,0.0103734439834025
"PXK",5,482,0.0103734439834025
"QARS1",5,482,0.0103734439834025
"QKI",5,482,0.0103734439834025
"QRICH1",5,482,0.0103734439834025
"R3HDM2",5,482,0.0103734439834025
"RAB11FIP2",5,482,0.0103734439834025
"RAD51B",5,482,0.0103734439834025
"RAD51C",5,482,0.0103734439834025
"RAD54B",5,482,0.0103734439834025
"RAI2",5,482,0.0103734439834025
"RALA",5,482,0.0103734439834025
"RALY",5,482,0.0103734439834025
"RANBP3",5,482,0.0103734439834025
"RASGRP1",5,482,0.0103734439834025
"RASIP1",5,482,0.0103734439834025
"RBM11",5,482,0.0103734439834025
"RBM25",5,482,0.0103734439834025
"RBM28",5,482,0.0103734439834025
"RBM38",5,482,0.0103734439834025
"RBM39",5,482,0.0103734439834025
"RBM43",5,482,0.0103734439834025
"RCBTB1",5,482,0.0103734439834025
"RD3",5,482,0.0103734439834025
"RECQL",5,482,0.0103734439834025
"RECQL4",5,482,0.0103734439834025
"RFPL4B",5,482,0.0103734439834025
"RFX1",5,482,0.0103734439834025
"RGS9",5,482,0.0103734439834025
"RHBDD1",5,482,0.0103734439834025
"RHOBTB2",5,482,0.0103734439834025
"RHOT1",5,482,0.0103734439834025
"RHPN1",5,482,0.0103734439834025
"RIPOR1",5,482,0.0103734439834025
"RNASE13",5,482,0.0103734439834025
"RNF10",5,482,0.0103734439834025
"RNF103",5,482,0.0103734439834025
"RNF113A",5,482,0.0103734439834025
"RNF138",5,482,0.0103734439834025
"RNF186",5,482,0.0103734439834025
"RNF20",5,482,0.0103734439834025
"RNLS",5,482,0.0103734439834025
"RPAP2",5,482,0.0103734439834025
"RPE65",5,482,0.0103734439834025
"RPL10",5,482,0.0103734439834025
"RPTOR",5,482,0.0103734439834025
"RRM2B",5,482,0.0103734439834025
"RRP15",5,482,0.0103734439834025
"RRP1B",5,482,0.0103734439834025
"RSPH10B",5,482,0.0103734439834025
"RSPH14",5,482,0.0103734439834025
"RSPO1",5,482,0.0103734439834025
"RSPRY1",5,482,0.0103734439834025
"RTF2",5,482,0.0103734439834025
"RTL1",5,482,0.0103734439834025
"RTP1",5,482,0.0103734439834025
"RTP3",5,482,0.0103734439834025
"RUSC2",5,482,0.0103734439834025
"RUSF1",5,482,0.0103734439834025
"SAMHD1",5,482,0.0103734439834025
"SBF2",5,482,0.0103734439834025
"SCARB1",5,482,0.0103734439834025
"SCG3",5,482,0.0103734439834025
"SCGN",5,482,0.0103734439834025
"SCNN1A",5,482,0.0103734439834025
"SCNN1B",5,482,0.0103734439834025
"SCTR",5,482,0.0103734439834025
"SCUBE2",5,482,0.0103734439834025
"SDR16C5",5,482,0.0103734439834025
"SEC14L3",5,482,0.0103734439834025
"SELL",5,482,0.0103734439834025
"SEMA6C",5,482,0.0103734439834025
"SEPTIN10",5,482,0.0103734439834025
"SEPTIN2",5,482,0.0103734439834025
"SERPINB2",5,482,0.0103734439834025
"SERPINB5",5,482,0.0103734439834025
"SERPINB7",5,482,0.0103734439834025
"SERPINB8",5,482,0.0103734439834025
"SERPINF2",5,482,0.0103734439834025
"SESN2",5,482,0.0103734439834025
"SETD3",5,482,0.0103734439834025
"SEZ6",5,482,0.0103734439834025
"SF3A1",5,482,0.0103734439834025
"SF3B4",5,482,0.0103734439834025
"SGCA",5,482,0.0103734439834025
"SGK1",5,482,0.0103734439834025
"SGPL1",5,482,0.0103734439834025
"SH2D5",5,482,0.0103734439834025
"SH3D19",5,482,0.0103734439834025
"SH3GLB1",5,482,0.0103734439834025
"SHC4",5,482,0.0103734439834025
"SHCBP1",5,482,0.0103734439834025
"SHKBP1",5,482,0.0103734439834025
"SIRPD",5,482,0.0103734439834025
"SIX4",5,482,0.0103734439834025
"SKIV2L",5,482,0.0103734439834025
"SKOR1",5,482,0.0103734439834025
"SLAIN2",5,482,0.0103734439834025
"SLAMF9",5,482,0.0103734439834025
"SLC11A1",5,482,0.0103734439834025
"SLC13A4",5,482,0.0103734439834025
"SLC14A1",5,482,0.0103734439834025
"SLC15A4",5,482,0.0103734439834025
"SLC16A1",5,482,0.0103734439834025
"SLC16A4",5,482,0.0103734439834025
"SLC19A2",5,482,0.0103734439834025
"SLC1A3",5,482,0.0103734439834025
"SLC25A24",5,482,0.0103734439834025
"SLC25A3",5,482,0.0103734439834025
"SLC25A40",5,482,0.0103734439834025
"SLC25A5",5,482,0.0103734439834025
"SLC26A1",5,482,0.0103734439834025
"SLC27A3",5,482,0.0103734439834025
"SLC27A4",5,482,0.0103734439834025
"SLC29A4",5,482,0.0103734439834025
"SLC2A4",5,482,0.0103734439834025
"SLC30A2",5,482,0.0103734439834025
"SLC33A1",5,482,0.0103734439834025
"SLC34A3",5,482,0.0103734439834025
"SLC35G1",5,482,0.0103734439834025
"SLC38A1",5,482,0.0103734439834025
"SLC39A1",5,482,0.0103734439834025
"SLC44A2",5,482,0.0103734439834025
"SLC44A4",5,482,0.0103734439834025
"SLC5A3",5,482,0.0103734439834025
"SLC6A14",5,482,0.0103734439834025
"SLC7A10",5,482,0.0103734439834025
"SLC8B1",5,482,0.0103734439834025
"SLC9A8",5,482,0.0103734439834025
"SLCO1B3-SLCO1B7",5,482,0.0103734439834025
"SLCO3A1",5,482,0.0103734439834025
"SLFN5",5,482,0.0103734439834025
"SMAD9",5,482,0.0103734439834025
"SMAP2",5,482,0.0103734439834025
"SMARCAL1",5,482,0.0103734439834025
"SMC3",5,482,0.0103734439834025
"SMCR8",5,482,0.0103734439834025
"SMO",5,482,0.0103734439834025
"SMOX",5,482,0.0103734439834025
"SMPD3",5,482,0.0103734439834025
"SMPDL3A",5,482,0.0103734439834025
"SNAI1",5,482,0.0103734439834025
"SNTA1",5,482,0.0103734439834025
"SNX18",5,482,0.0103734439834025
"SNX7",5,482,0.0103734439834025
"SOX7",5,482,0.0103734439834025
"SOX8",5,482,0.0103734439834025
"SOX9",5,482,0.0103734439834025
"SPATA19",5,482,0.0103734439834025
"SPATA22",5,482,0.0103734439834025
"SPATC1",5,482,0.0103734439834025
"SPDEF",5,482,0.0103734439834025
"SPECC1L",5,482,0.0103734439834025
"SPEM1",5,482,0.0103734439834025
"SPESP1",5,482,0.0103734439834025
"SPIB",5,482,0.0103734439834025
"SPINK5",5,482,0.0103734439834025
"SPINT1",5,482,0.0103734439834025
"SPP1",5,482,0.0103734439834025
"SPRTN",5,482,0.0103734439834025
"SPSB4",5,482,0.0103734439834025
"SPTY2D1",5,482,0.0103734439834025
"SPZ1",5,482,0.0103734439834025
"SREBF2",5,482,0.0103734439834025
"SREK1",5,482,0.0103734439834025
"SRPK1",5,482,0.0103734439834025
"SRPK3",5,482,0.0103734439834025
"SRRM1",5,482,0.0103734439834025
"SSX5",5,482,0.0103734439834025
"ST8SIA1",5,482,0.0103734439834025
"ST8SIA2",5,482,0.0103734439834025
"STAC2",5,482,0.0103734439834025
"STARD6",5,482,0.0103734439834025
"STAT3",5,482,0.0103734439834025
"STAT5A",5,482,0.0103734439834025
"STAU2",5,482,0.0103734439834025
"STC1",5,482,0.0103734439834025
"STC2",5,482,0.0103734439834025
"STIM2",5,482,0.0103734439834025
"STK16",5,482,0.0103734439834025
"STOML3",5,482,0.0103734439834025
"STOX1",5,482,0.0103734439834025
"STRIP1",5,482,0.0103734439834025
"STX19",5,482,0.0103734439834025
"STXBP2",5,482,0.0103734439834025
"SULT1E1",5,482,0.0103734439834025
"SUPT3H",5,482,0.0103734439834025
"SUV39H1",5,482,0.0103734439834025
"SYBU",5,482,0.0103734439834025
"SYT17",5,482,0.0103734439834025
"SYT6",5,482,0.0103734439834025
"TAC1",5,482,0.0103734439834025
"TACC1",5,482,0.0103734439834025
"TAF1A",5,482,0.0103734439834025
"TAF4B",5,482,0.0103734439834025
"TAPBP",5,482,0.0103734439834025
"TAS2R20",5,482,0.0103734439834025
"TAS2R38",5,482,0.0103734439834025
"TAT",5,482,0.0103734439834025
"TATDN2",5,482,0.0103734439834025
"TBC1D10A",5,482,0.0103734439834025
"TBC1D21",5,482,0.0103734439834025
"TBC1D7",5,482,0.0103734439834025
"TBC1D9B",5,482,0.0103734439834025
"TBCD",5,482,0.0103734439834025
"TBCE",5,482,0.0103734439834025
"TBL1Y",5,482,0.0103734439834025
"TBL2",5,482,0.0103734439834025
"TBX10",5,482,0.0103734439834025
"TBX2",5,482,0.0103734439834025
"TBX21",5,482,0.0103734439834025
"TCEAL5",5,482,0.0103734439834025
"TCF4",5,482,0.0103734439834025
"TCHP",5,482,0.0103734439834025
"TCP1",5,482,0.0103734439834025
"TDG",5,482,0.0103734439834025
"TDRD10",5,482,0.0103734439834025
"TECPR1",5,482,0.0103734439834025
"TECTB",5,482,0.0103734439834025
"TELO2",5,482,0.0103734439834025
"TERF1",5,482,0.0103734439834025
"TESK2",5,482,0.0103734439834025
"TESMIN",5,482,0.0103734439834025
"TEX11",5,482,0.0103734439834025
"TEX35",5,482,0.0103734439834025
"TEX37",5,482,0.0103734439834025
"TFAM",5,482,0.0103734439834025
"TFB1M",5,482,0.0103734439834025
"TFCP2L1",5,482,0.0103734439834025
"TFDP3",5,482,0.0103734439834025
"TFEC",5,482,0.0103734439834025
"TGFBR1",5,482,0.0103734439834025
"TGM1",5,482,0.0103734439834025
"THOP1",5,482,0.0103734439834025
"TIGD7",5,482,0.0103734439834025
"TJAP1",5,482,0.0103734439834025
"TKTL1",5,482,0.0103734439834025
"TLCD3B",5,482,0.0103734439834025
"TLE2",5,482,0.0103734439834025
"TLK2",5,482,0.0103734439834025
"TM4SF4",5,482,0.0103734439834025
"TM7SF3",5,482,0.0103734439834025
"TMC7",5,482,0.0103734439834025
"TMEM102",5,482,0.0103734439834025
"TMEM106B",5,482,0.0103734439834025
"TMEM119",5,482,0.0103734439834025
"TMEM131L",5,482,0.0103734439834025
"TMEM135",5,482,0.0103734439834025
"TMEM139",5,482,0.0103734439834025
"TMEM145",5,482,0.0103734439834025
"TMEM174",5,482,0.0103734439834025
"TMEM176B",5,482,0.0103734439834025
"TMEM178A",5,482,0.0103734439834025
"TMEM184A",5,482,0.0103734439834025
"TMEM215",5,482,0.0103734439834025
"TMEM38B",5,482,0.0103734439834025
"TMEM45A",5,482,0.0103734439834025
"TMF1",5,482,0.0103734439834025
"TMPO",5,482,0.0103734439834025
"TMPRSS3",5,482,0.0103734439834025
"TMTC3",5,482,0.0103734439834025
"TMTC4",5,482,0.0103734439834025
"TNF",5,482,0.0103734439834025
"TNFRSF11B",5,482,0.0103734439834025
"TNFRSF13B",5,482,0.0103734439834025
"TNFRSF17",5,482,0.0103734439834025
"TNFRSF21",5,482,0.0103734439834025
"TNNI2",5,482,0.0103734439834025
"TNNT2",5,482,0.0103734439834025
"TPBG",5,482,0.0103734439834025
"TPH1",5,482,0.0103734439834025
"TPK1",5,482,0.0103734439834025
"TPP2",5,482,0.0103734439834025
"TRA2A",5,482,0.0103734439834025
"TRAM1",5,482,0.0103734439834025
"TRAM1L1",5,482,0.0103734439834025
"TRAV8-1",5,482,0.0103734439834025
"TRBV24-1",5,482,0.0103734439834025
"TRBV28",5,482,0.0103734439834025
"TRBV4-1",5,482,0.0103734439834025
"TRGV3",5,482,0.0103734439834025
"TRH",5,482,0.0103734439834025
"TRHR",5,482,0.0103734439834025
"TRIB3",5,482,0.0103734439834025
"TRIM15",5,482,0.0103734439834025
"TRIM21",5,482,0.0103734439834025
"TRIM25",5,482,0.0103734439834025
"TRIM29",5,482,0.0103734439834025
"TRIM43",5,482,0.0103734439834025
"TRIM45",5,482,0.0103734439834025
"TRIM47",5,482,0.0103734439834025
"TRIM50",5,482,0.0103734439834025
"TRIM59",5,482,0.0103734439834025
"TRIM75P",5,482,0.0103734439834025
"TRPM4",5,482,0.0103734439834025
"TRPV1",5,482,0.0103734439834025
"TRPV2",5,482,0.0103734439834025
"TRPV6",5,482,0.0103734439834025
"TSNARE1",5,482,0.0103734439834025
"TSPYL5",5,482,0.0103734439834025
"TTC16",5,482,0.0103734439834025
"TTC26",5,482,0.0103734439834025
"TTC27",5,482,0.0103734439834025
"TTC29",5,482,0.0103734439834025
"TTC30A",5,482,0.0103734439834025
"TTC30B",5,482,0.0103734439834025
"TTC38",5,482,0.0103734439834025
"TTC4",5,482,0.0103734439834025
"TTF1",5,482,0.0103734439834025
"TUBB1",5,482,0.0103734439834025
"TUBB6",5,482,0.0103734439834025
"TUBG1",5,482,0.0103734439834025
"TUBGCP3",5,482,0.0103734439834025
"TULP1",5,482,0.0103734439834025
"TXLNG",5,482,0.0103734439834025
"UAP1",5,482,0.0103734439834025
"UBAP1",5,482,0.0103734439834025
"UBAP2",5,482,0.0103734439834025
"UBASH3A",5,482,0.0103734439834025
"UBE2O",5,482,0.0103734439834025
"UBE3B",5,482,0.0103734439834025
"UBQLN1",5,482,0.0103734439834025
"UBQLNL",5,482,0.0103734439834025
"UEVLD",5,482,0.0103734439834025
"UGT2B7",5,482,0.0103734439834025
"UHRF2",5,482,0.0103734439834025
"ULK4",5,482,0.0103734439834025
"USP10",5,482,0.0103734439834025
"USP2",5,482,0.0103734439834025
"USP45",5,482,0.0103734439834025
"USP49",5,482,0.0103734439834025
"USP5",5,482,0.0103734439834025
"USP9Y",5,482,0.0103734439834025
"UTP14C",5,482,0.0103734439834025
"VASP",5,482,0.0103734439834025
"VCX",5,482,0.0103734439834025
"VENTX",5,482,0.0103734439834025
"VIPR2",5,482,0.0103734439834025
"VN1R1",5,482,0.0103734439834025
"VOPP1",5,482,0.0103734439834025
"WASF3",5,482,0.0103734439834025
"WDR45B",5,482,0.0103734439834025
"WDR48",5,482,0.0103734439834025
"WDR6",5,482,0.0103734439834025
"WDR81",5,482,0.0103734439834025
"WDR93",5,482,0.0103734439834025
"WEE1",5,482,0.0103734439834025
"WNT2",5,482,0.0103734439834025
"WNT9A",5,482,0.0103734439834025
"XPO4",5,482,0.0103734439834025
"XRCC5",5,482,0.0103734439834025
"XXYLT1",5,482,0.0103734439834025
"YAP1",5,482,0.0103734439834025
"YES1",5,482,0.0103734439834025
"YME1L1",5,482,0.0103734439834025
"YTHDF1",5,482,0.0103734439834025
"YTHDF3",5,482,0.0103734439834025
"ZBTB2",5,482,0.0103734439834025
"ZBTB22",5,482,0.0103734439834025
"ZBTB24",5,482,0.0103734439834025
"ZBTB32",5,482,0.0103734439834025
"ZBTB37",5,482,0.0103734439834025
"ZC3H18",5,482,0.0103734439834025
"ZC3H6",5,482,0.0103734439834025
"ZCCHC2",5,482,0.0103734439834025
"ZCWPW2",5,482,0.0103734439834025
"ZDHHC9",5,482,0.0103734439834025
"ZFAND6",5,482,0.0103734439834025
"ZFP28",5,482,0.0103734439834025
"ZFP30",5,482,0.0103734439834025
"ZFP69",5,482,0.0103734439834025
"ZHX1",5,482,0.0103734439834025
"ZKSCAN2",5,482,0.0103734439834025
"ZKSCAN3",5,482,0.0103734439834025
"ZMYM5",5,482,0.0103734439834025
"ZNF101",5,482,0.0103734439834025
"ZNF117",5,482,0.0103734439834025
"ZNF141",5,482,0.0103734439834025
"ZNF148",5,482,0.0103734439834025
"ZNF200",5,482,0.0103734439834025
"ZNF207",5,482,0.0103734439834025
"ZNF226",5,482,0.0103734439834025
"ZNF227",5,482,0.0103734439834025
"ZNF23",5,482,0.0103734439834025
"ZNF232",5,482,0.0103734439834025
"ZNF234",5,482,0.0103734439834025
"ZNF250",5,482,0.0103734439834025
"ZNF253",5,482,0.0103734439834025
"ZNF273",5,482,0.0103734439834025
"ZNF282",5,482,0.0103734439834025
"ZNF30",5,482,0.0103734439834025
"ZNF334",5,482,0.0103734439834025
"ZNF365",5,482,0.0103734439834025
"ZNF41",5,482,0.0103734439834025
"ZNF45",5,482,0.0103734439834025
"ZNF467",5,482,0.0103734439834025
"ZNF480",5,482,0.0103734439834025
"ZNF486",5,482,0.0103734439834025
"ZNF491",5,482,0.0103734439834025
"ZNF544",5,482,0.0103734439834025
"ZNF549",5,482,0.0103734439834025
"ZNF57",5,482,0.0103734439834025
"ZNF605",5,482,0.0103734439834025
"ZNF606",5,482,0.0103734439834025
"ZNF622",5,482,0.0103734439834025
"ZNF630",5,482,0.0103734439834025
"ZNF654",5,482,0.0103734439834025
"ZNF655",5,482,0.0103734439834025
"ZNF683",5,482,0.0103734439834025
"ZNF692",5,482,0.0103734439834025
"ZNF707",5,482,0.0103734439834025
"ZNF71",5,482,0.0103734439834025
"ZNF774",5,482,0.0103734439834025
"ZNF776",5,482,0.0103734439834025
"ZNF875",5,482,0.0103734439834025
"ZPR1",5,482,0.0103734439834025
"ZSCAN9",5,482,0.0103734439834025
"ZW10",5,482,0.0103734439834025
"ZXDC",5,482,0.0103734439834025
"ZYG11B",5,482,0.0103734439834025
"AADAC",4,482,0.00829875518672199
"AADAT",4,482,0.00829875518672199
"AAR2",4,482,0.00829875518672199
"ABCB6",4,482,0.00829875518672199
"ABCD3",4,482,0.00829875518672199
"AC005833.1",4,482,0.00829875518672199
"AC127029.3",4,482,0.00829875518672199
"AC131160.1",4,482,0.00829875518672199
"AC136428.1",4,482,0.00829875518672199
"AC244197.3",4,482,0.00829875518672199
"ACAP1",4,482,0.00829875518672199
"ACER1",4,482,0.00829875518672199
"ACKR2",4,482,0.00829875518672199
"ACKR4",4,482,0.00829875518672199
"ACO1",4,482,0.00829875518672199
"ACOT11",4,482,0.00829875518672199
"ACOT2",4,482,0.00829875518672199
"ACOT8",4,482,0.00829875518672199
"ACOXL",4,482,0.00829875518672199
"ACP4",4,482,0.00829875518672199
"ACP7",4,482,0.00829875518672199
"ACSF2",4,482,0.00829875518672199
"ACSL1",4,482,0.00829875518672199
"ACTN1",4,482,0.00829875518672199
"ACTR5",4,482,0.00829875518672199
"ADAM15",4,482,0.00829875518672199
"ADAM30",4,482,0.00829875518672199
"ADAMTS1",4,482,0.00829875518672199
"ADAMTSL4",4,482,0.00829875518672199
"ADARB1",4,482,0.00829875518672199
"ADCYAP1",4,482,0.00829875518672199
"ADH1C",4,482,0.00829875518672199
"ADIPOR2",4,482,0.00829875518672199
"ADRA1D",4,482,0.00829875518672199
"ADRB2",4,482,0.00829875518672199
"ADSL",4,482,0.00829875518672199
"AFAP1",4,482,0.00829875518672199
"AFTPH",4,482,0.00829875518672199
"AGAP4",4,482,0.00829875518672199
"AGAP6",4,482,0.00829875518672199
"AGBL4",4,482,0.00829875518672199
"AGT",4,482,0.00829875518672199
"AHCYL2",4,482,0.00829875518672199
"AIDA",4,482,0.00829875518672199
"AIPL1",4,482,0.00829875518672199
"AKAP1",4,482,0.00829875518672199
"AKAP7",4,482,0.00829875518672199
"AKT1",4,482,0.00829875518672199
"AKT2",4,482,0.00829875518672199
"ALDH1B1",4,482,0.00829875518672199
"ALDH3B2",4,482,0.00829875518672199
"ALDH9A1",4,482,0.00829875518672199
"ALG10",4,482,0.00829875518672199
"ALG10B",4,482,0.00829875518672199
"ALG5",4,482,0.00829875518672199
"ALOX15B",4,482,0.00829875518672199
"ALPI",4,482,0.00829875518672199
"ALX3",4,482,0.00829875518672199
"AMACR",4,482,0.00829875518672199
"AMDHD1",4,482,0.00829875518672199
"AMELX",4,482,0.00829875518672199
"AMOTL2",4,482,0.00829875518672199
"AMY1C",4,482,0.00829875518672199
"ANAPC4",4,482,0.00829875518672199
"ANGPTL1",4,482,0.00829875518672199
"ANKH",4,482,0.00829875518672199
"ANKRD13B",4,482,0.00829875518672199
"ANKRD33",4,482,0.00829875518672199
"ANKS3",4,482,0.00829875518672199
"ANO10",4,482,0.00829875518672199
"ANOS1",4,482,0.00829875518672199
"ANXA13",4,482,0.00829875518672199
"ANXA5",4,482,0.00829875518672199
"AP1B1",4,482,0.00829875518672199
"AP1M2",4,482,0.00829875518672199
"AP1S1",4,482,0.00829875518672199
"AP1S3",4,482,0.00829875518672199
"AP2B1",4,482,0.00829875518672199
"AP3M1",4,482,0.00829875518672199
"AP4B1",4,482,0.00829875518672199
"APLF",4,482,0.00829875518672199
"APMAP",4,482,0.00829875518672199
"APOBEC3D",4,482,0.00829875518672199
"APOBEC3F",4,482,0.00829875518672199
"APOBEC3G",4,482,0.00829875518672199
"AQP12B",4,482,0.00829875518672199
"AQP6",4,482,0.00829875518672199
"ARAP1",4,482,0.00829875518672199
"AREG",4,482,0.00829875518672199
"AREL1",4,482,0.00829875518672199
"ARF5",4,482,0.00829875518672199
"ARFGAP2",4,482,0.00829875518672199
"ARG1",4,482,0.00829875518672199
"ARHGAP19",4,482,0.00829875518672199
"ARHGAP26",4,482,0.00829875518672199
"ARHGAP27",4,482,0.00829875518672199
"ARHGDIB",4,482,0.00829875518672199
"ARHGEF35",4,482,0.00829875518672199
"ARHGEF5",4,482,0.00829875518672199
"ARID3B",4,482,0.00829875518672199
"ARL13A",4,482,0.00829875518672199
"ARL6",4,482,0.00829875518672199
"ARMC1",4,482,0.00829875518672199
"ARMC2",4,482,0.00829875518672199
"ARMCX5",4,482,0.00829875518672199
"ARNT",4,482,0.00829875518672199
"ARPC3",4,482,0.00829875518672199
"ARR3",4,482,0.00829875518672199
"ARSI",4,482,0.00829875518672199
"ARVCF",4,482,0.00829875518672199
"ASB3",4,482,0.00829875518672199
"ASIC3",4,482,0.00829875518672199
"ASNS",4,482,0.00829875518672199
"ASTL",4,482,0.00829875518672199
"ATAD3A",4,482,0.00829875518672199
"ATF2",4,482,0.00829875518672199
"ATF7",4,482,0.00829875518672199
"ATG12",4,482,0.00829875518672199
"ATG14",4,482,0.00829875518672199
"ATG4A",4,482,0.00829875518672199
"ATL1",4,482,0.00829875518672199
"ATMIN",4,482,0.00829875518672199
"ATOH1",4,482,0.00829875518672199
"ATP1B1",4,482,0.00829875518672199
"ATP4B",4,482,0.00829875518672199
"ATP5F1C",4,482,0.00829875518672199
"ATP5MC2",4,482,0.00829875518672199
"ATP6V0D1",4,482,0.00829875518672199
"ATP6V1B2",4,482,0.00829875518672199
"ATP6V1G3",4,482,0.00829875518672199
"ATPSCKMT",4,482,0.00829875518672199
"ATXN3",4,482,0.00829875518672199
"AVEN",4,482,0.00829875518672199
"AVIL",4,482,0.00829875518672199
"AXL",4,482,0.00829875518672199
"B3GNT7",4,482,0.00829875518672199
"B4GALNT4",4,482,0.00829875518672199
"BAG4",4,482,0.00829875518672199
"BAMBI",4,482,0.00829875518672199
"BAP1",4,482,0.00829875518672199
"BARX2",4,482,0.00829875518672199
"BBS2",4,482,0.00829875518672199
"BCAS2",4,482,0.00829875518672199
"BCAT1",4,482,0.00829875518672199
"BCKDHB",4,482,0.00829875518672199
"BECN1",4,482,0.00829875518672199
"BEND7",4,482,0.00829875518672199
"BICD1",4,482,0.00829875518672199
"BICD2",4,482,0.00829875518672199
"BICRA",4,482,0.00829875518672199
"BIN2",4,482,0.00829875518672199
"BIRC3",4,482,0.00829875518672199
"BLMH",4,482,0.00829875518672199
"BLNK",4,482,0.00829875518672199
"BLZF1",4,482,0.00829875518672199
"BMP1",4,482,0.00829875518672199
"BMP6",4,482,0.00829875518672199
"BMP8B",4,482,0.00829875518672199
"BRD1",4,482,0.00829875518672199
"BRD2",4,482,0.00829875518672199
"BRI3BP",4,482,0.00829875518672199
"BTBD17",4,482,0.00829875518672199
"BTD",4,482,0.00829875518672199
"BTG3",4,482,0.00829875518672199
"BTN3A1",4,482,0.00829875518672199
"BTNL2",4,482,0.00829875518672199
"BTRC",4,482,0.00829875518672199
"BUD13",4,482,0.00829875518672199
"BUD23",4,482,0.00829875518672199
"BZW1",4,482,0.00829875518672199
"C10orf120",4,482,0.00829875518672199
"C11orf24",4,482,0.00829875518672199
"C12orf4",4,482,0.00829875518672199
"C14orf39",4,482,0.00829875518672199
"C16orf46",4,482,0.00829875518672199
"C16orf78",4,482,0.00829875518672199
"C18orf54",4,482,0.00829875518672199
"C1QTNF3",4,482,0.00829875518672199
"C1QTNF9",4,482,0.00829875518672199
"C1RL",4,482,0.00829875518672199
"C1orf141",4,482,0.00829875518672199
"C20orf96",4,482,0.00829875518672199
"C22orf23",4,482,0.00829875518672199
"C3orf33",4,482,0.00829875518672199
"C3orf38",4,482,0.00829875518672199
"C4BPB",4,482,0.00829875518672199
"C4orf17",4,482,0.00829875518672199
"C5orf34",4,482,0.00829875518672199
"C6orf136",4,482,0.00829875518672199
"C7orf31",4,482,0.00829875518672199
"CA1",4,482,0.00829875518672199
"CA6",4,482,0.00829875518672199
"CA7",4,482,0.00829875518672199
"CA8",4,482,0.00829875518672199
"CABCOCO1",4,482,0.00829875518672199
"CABP2",4,482,0.00829875518672199
"CABS1",4,482,0.00829875518672199
"CACNB4",4,482,0.00829875518672199
"CACYBP",4,482,0.00829875518672199
"CAGE1",4,482,0.00829875518672199
"CALB1",4,482,0.00829875518672199
"CAMK1D",4,482,0.00829875518672199
"CAMK2B",4,482,0.00829875518672199
"CAMK2D",4,482,0.00829875518672199
"CAMKK2",4,482,0.00829875518672199
"CAMKMT",4,482,0.00829875518672199
"CAPN12",4,482,0.00829875518672199
"CAPN7",4,482,0.00829875518672199
"CARD17",4,482,0.00829875518672199
"CARD18",4,482,0.00829875518672199
"CASP10",4,482,0.00829875518672199
"CAST",4,482,0.00829875518672199
"CATSPER4",4,482,0.00829875518672199
"CAVIN2",4,482,0.00829875518672199
"CBY2",4,482,0.00829875518672199
"CC2D2A",4,482,0.00829875518672199
"CCDC113",4,482,0.00829875518672199
"CCDC115",4,482,0.00829875518672199
"CCDC138",4,482,0.00829875518672199
"CCDC144A",4,482,0.00829875518672199
"CCDC190",4,482,0.00829875518672199
"CCDC198",4,482,0.00829875518672199
"CCDC30",4,482,0.00829875518672199
"CCDC32",4,482,0.00829875518672199
"CCDC42",4,482,0.00829875518672199
"CCDC47",4,482,0.00829875518672199
"CCDC51",4,482,0.00829875518672199
"CCDC59",4,482,0.00829875518672199
"CCDC6",4,482,0.00829875518672199
"CCDC66",4,482,0.00829875518672199
"CCDC69",4,482,0.00829875518672199
"CCDC81",4,482,0.00829875518672199
"CCDC97",4,482,0.00829875518672199
"CCM2",4,482,0.00829875518672199
"CCN2",4,482,0.00829875518672199
"CCNA2",4,482,0.00829875518672199
"CCNB1",4,482,0.00829875518672199
"CCNE1",4,482,0.00829875518672199
"CCNK",4,482,0.00829875518672199
"CCNL1",4,482,0.00829875518672199
"CCR4",4,482,0.00829875518672199
"CCT3",4,482,0.00829875518672199
"CCT5",4,482,0.00829875518672199
"CD180",4,482,0.00829875518672199
"CD19",4,482,0.00829875518672199
"CD2",4,482,0.00829875518672199
"CD248",4,482,0.00829875518672199
"CD276",4,482,0.00829875518672199
"CD38",4,482,0.00829875518672199
"CD46",4,482,0.00829875518672199
"CD47",4,482,0.00829875518672199
"CD58",4,482,0.00829875518672199
"CD72",4,482,0.00829875518672199
"CD8B",4,482,0.00829875518672199
"CDADC1",4,482,0.00829875518672199
"CDC14B",4,482,0.00829875518672199
"CDC20",4,482,0.00829875518672199
"CDC27",4,482,0.00829875518672199
"CDK5RAP1",4,482,0.00829875518672199
"CDK5RAP3",4,482,0.00829875518672199
"CDKL3",4,482,0.00829875518672199
"CDS1",4,482,0.00829875518672199
"CEL",4,482,0.00829875518672199
"CELF1",4,482,0.00829875518672199
"CENPB",4,482,0.00829875518672199
"CENPN",4,482,0.00829875518672199
"CEP78",4,482,0.00829875518672199
"CERS1",4,482,0.00829875518672199
"CFAP299",4,482,0.00829875518672199
"CFAP36",4,482,0.00829875518672199
"CFHR1",4,482,0.00829875518672199
"CFP",4,482,0.00829875518672199
"CGB1",4,482,0.00829875518672199
"CGB5",4,482,0.00829875518672199
"CGB7",4,482,0.00829875518672199
"CHAF1B",4,482,0.00829875518672199
"CHI3L2",4,482,0.00829875518672199
"CHKA",4,482,0.00829875518672199
"CHPF",4,482,0.00829875518672199
"CHRDL2",4,482,0.00829875518672199
"CHRNA3",4,482,0.00829875518672199
"CHRNA9",4,482,0.00829875518672199
"CHST10",4,482,0.00829875518672199
"CHST11",4,482,0.00829875518672199
"CHST9",4,482,0.00829875518672199
"CHTOP",4,482,0.00829875518672199
"CIDEA",4,482,0.00829875518672199
"CITED2",4,482,0.00829875518672199
"CIZ1",4,482,0.00829875518672199
"CLDN1",4,482,0.00829875518672199
"CLDN17",4,482,0.00829875518672199
"CLDN18",4,482,0.00829875518672199
"CLDN19",4,482,0.00829875518672199
"CLDN22",4,482,0.00829875518672199
"CLDN6",4,482,0.00829875518672199
"CLEC2D",4,482,0.00829875518672199
"CLEC5A",4,482,0.00829875518672199
"CLEC6A",4,482,0.00829875518672199
"CLN5",4,482,0.00829875518672199
"CLN8",4,482,0.00829875518672199
"CLNK",4,482,0.00829875518672199
"CLUH",4,482,0.00829875518672199
"CLYBL",4,482,0.00829875518672199
"CMA1",4,482,0.00829875518672199
"CNDP2",4,482,0.00829875518672199
"CNKSR1",4,482,0.00829875518672199
"CNKSR3",4,482,0.00829875518672199
"CNNM4",4,482,0.00829875518672199
"CNOT6L",4,482,0.00829875518672199
"CNTN2",4,482,0.00829875518672199
"COBLL1",4,482,0.00829875518672199
"COG1",4,482,0.00829875518672199
"COG8",4,482,0.00829875518672199
"CORO2A",4,482,0.00829875518672199
"CPA2",4,482,0.00829875518672199
"CPD",4,482,0.00829875518672199
"CPEB1",4,482,0.00829875518672199
"CPEB4",4,482,0.00829875518672199
"CPLX4",4,482,0.00829875518672199
"CRHR1",4,482,0.00829875518672199
"CRHR2",4,482,0.00829875518672199
"CRMP1",4,482,0.00829875518672199
"CRYBA1",4,482,0.00829875518672199
"CRYBA4",4,482,0.00829875518672199
"CRYM",4,482,0.00829875518672199
"CSF1",4,482,0.00829875518672199
"CSH2",4,482,0.00829875518672199
"CSN2",4,482,0.00829875518672199
"CSN3",4,482,0.00829875518672199
"CSNK1A1L",4,482,0.00829875518672199
"CSNK2A1",4,482,0.00829875518672199
"CST11",4,482,0.00829875518672199
"CTAG2",4,482,0.00829875518672199
"CTC1",4,482,0.00829875518672199
"CTH",4,482,0.00829875518672199
"CTSC",4,482,0.00829875518672199
"CTSF",4,482,0.00829875518672199
"CTSO",4,482,0.00829875518672199
"CTSW",4,482,0.00829875518672199
"CUEDC1",4,482,0.00829875518672199
"CUZD1",4,482,0.00829875518672199
"CX3CL1",4,482,0.00829875518672199
"CXCR2",4,482,0.00829875518672199
"CXCR3",4,482,0.00829875518672199
"CXorf56",4,482,0.00829875518672199
"CYP24A1",4,482,0.00829875518672199
"CYP27C1",4,482,0.00829875518672199
"CYP2J2",4,482,0.00829875518672199
"CYP4A11",4,482,0.00829875518672199
"CYP4F3",4,482,0.00829875518672199
"CYP7B1",4,482,0.00829875518672199
"CYTH4",4,482,0.00829875518672199
"D2HGDH",4,482,0.00829875518672199
"DAG1",4,482,0.00829875518672199
"DAGLB",4,482,0.00829875518672199
"DAZAP1",4,482,0.00829875518672199
"DBH",4,482,0.00829875518672199
"DCAF10",4,482,0.00829875518672199
"DCAF6",4,482,0.00829875518672199
"DCK",4,482,0.00829875518672199
"DCLK2",4,482,0.00829875518672199
"DCLRE1A",4,482,0.00829875518672199
"DCP1A",4,482,0.00829875518672199
"DCUN1D2",4,482,0.00829875518672199
"DDB2",4,482,0.00829875518672199
"DDX20",4,482,0.00829875518672199
"DDX25",4,482,0.00829875518672199
"DECR2",4,482,0.00829875518672199
"DEFB125",4,482,0.00829875518672199
"DEFB127",4,482,0.00829875518672199
"DEGS1",4,482,0.00829875518672199
"DEPDC1",4,482,0.00829875518672199
"DEPDC7",4,482,0.00829875518672199
"DGAT2L6",4,482,0.00829875518672199
"DGCR8",4,482,0.00829875518672199
"DGKQ",4,482,0.00829875518672199
"DHFR2",4,482,0.00829875518672199
"DHRS9",4,482,0.00829875518672199
"DHX16",4,482,0.00829875518672199
"DHX30",4,482,0.00829875518672199
"DHX35",4,482,0.00829875518672199
"DIPK2B",4,482,0.00829875518672199
"DIRAS2",4,482,0.00829875518672199
"DIXDC1",4,482,0.00829875518672199
"DLG4",4,482,0.00829875518672199
"DMRT2",4,482,0.00829875518672199
"DMRTC2",4,482,0.00829875518672199
"DMTF1",4,482,0.00829875518672199
"DNAH12",4,482,0.00829875518672199
"DNAJB1",4,482,0.00829875518672199
"DNAJB13",4,482,0.00829875518672199
"DNM1L",4,482,0.00829875518672199
"DNMT3L",4,482,0.00829875518672199
"DNTT",4,482,0.00829875518672199
"DOC2A",4,482,0.00829875518672199
"DPEP1",4,482,0.00829875518672199
"DPEP2",4,482,0.00829875518672199
"DPH1",4,482,0.00829875518672199
"DPH5",4,482,0.00829875518672199
"DPPA3",4,482,0.00829875518672199
"DPYSL2",4,482,0.00829875518672199
"DQX1",4,482,0.00829875518672199
"DRAM1",4,482,0.00829875518672199
"DRD5",4,482,0.00829875518672199
"DRICH1",4,482,0.00829875518672199
"DTX3",4,482,0.00829875518672199
"DTX4",4,482,0.00829875518672199
"DUS3L",4,482,0.00829875518672199
"DUS4L-BCAP29",4,482,0.00829875518672199
"DUSP10",4,482,0.00829875518672199
"DUSP12",4,482,0.00829875518672199
"DUSP19",4,482,0.00829875518672199
"DUSP21",4,482,0.00829875518672199
"DUSP7",4,482,0.00829875518672199
"DYNC2LI1",4,482,0.00829875518672199
"DZIP1",4,482,0.00829875518672199
"EBI3",4,482,0.00829875518672199
"ECM2",4,482,0.00829875518672199
"ECSIT",4,482,0.00829875518672199
"EDARADD",4,482,0.00829875518672199
"EEF1G",4,482,0.00829875518672199
"EFCAB12",4,482,0.00829875518672199
"EFHC2",4,482,0.00829875518672199
"EFNB1",4,482,0.00829875518672199
"EGFL6",4,482,0.00829875518672199
"EGR1",4,482,0.00829875518672199
"EGR3",4,482,0.00829875518672199
"EGR4",4,482,0.00829875518672199
"EHF",4,482,0.00829875518672199
"EIF2AK1",4,482,0.00829875518672199
"EIF2B5",4,482,0.00829875518672199
"EIF3D",4,482,0.00829875518672199
"EIF3E",4,482,0.00829875518672199
"EIF3F",4,482,0.00829875518672199
"EIF3K",4,482,0.00829875518672199
"EIF4A2",4,482,0.00829875518672199
"EIF5",4,482,0.00829875518672199
"EIPR1",4,482,0.00829875518672199
"ELAC2",4,482,0.00829875518672199
"ELOA",4,482,0.00829875518672199
"ELP2",4,482,0.00829875518672199
"EMB",4,482,0.00829875518672199
"EMC1",4,482,0.00829875518672199
"EMC2",4,482,0.00829875518672199
"EML4",4,482,0.00829875518672199
"EN1",4,482,0.00829875518672199
"ENDOD1",4,482,0.00829875518672199
"ENDOU",4,482,0.00829875518672199
"ENGASE",4,482,0.00829875518672199
"ENTPD3",4,482,0.00829875518672199
"EPAS1",4,482,0.00829875518672199
"EPHX4",4,482,0.00829875518672199
"EPN3",4,482,0.00829875518672199
"ERCC4",4,482,0.00829875518672199
"ERG",4,482,0.00829875518672199
"ERN1",4,482,0.00829875518672199
"ERRFI1",4,482,0.00829875518672199
"ESYT1",4,482,0.00829875518672199
"ETFA",4,482,0.00829875518672199
"ETS1",4,482,0.00829875518672199
"EVC",4,482,0.00829875518672199
"EVI2B",4,482,0.00829875518672199
"EXD2",4,482,0.00829875518672199
"EXOC3L2",4,482,0.00829875518672199
"EXOC7",4,482,0.00829875518672199
"EXOSC5",4,482,0.00829875518672199
"F2R",4,482,0.00829875518672199
"FAM111B",4,482,0.00829875518672199
"FAM114A1",4,482,0.00829875518672199
"FAM117A",4,482,0.00829875518672199
"FAM126B",4,482,0.00829875518672199
"FAM160B1",4,482,0.00829875518672199
"FAM161A",4,482,0.00829875518672199
"FAM161B",4,482,0.00829875518672199
"FAM163A",4,482,0.00829875518672199
"FAM167B",4,482,0.00829875518672199
"FAM174A",4,482,0.00829875518672199
"FAM180A",4,482,0.00829875518672199
"FAM214A",4,482,0.00829875518672199
"FAM214B",4,482,0.00829875518672199
"FAM220A",4,482,0.00829875518672199
"FAM24A",4,482,0.00829875518672199
"FAM50A",4,482,0.00829875518672199
"FAM50B",4,482,0.00829875518672199
"FAM71F2",4,482,0.00829875518672199
"FAM78B",4,482,0.00829875518672199
"FAM83A",4,482,0.00829875518672199
"FAM83F",4,482,0.00829875518672199
"FAM83G",4,482,0.00829875518672199
"FAM98A",4,482,0.00829875518672199
"FANCG",4,482,0.00829875518672199
"FANK1",4,482,0.00829875518672199
"FAR1",4,482,0.00829875518672199
"FATE1",4,482,0.00829875518672199
"FBXO27",4,482,0.00829875518672199
"FBXO3",4,482,0.00829875518672199
"FBXO31",4,482,0.00829875518672199
"FBXW11",4,482,0.00829875518672199
"FBXW12",4,482,0.00829875518672199
"FBXW5",4,482,0.00829875518672199
"FCGR2A",4,482,0.00829875518672199
"FCHO2",4,482,0.00829875518672199
"FCHSD2",4,482,0.00829875518672199
"FDCSP",4,482,0.00829875518672199
"FDXACB1",4,482,0.00829875518672199
"FDXR",4,482,0.00829875518672199
"FECH",4,482,0.00829875518672199
"FERMT3",4,482,0.00829875518672199
"FEZ1",4,482,0.00829875518672199
"FFAR1",4,482,0.00829875518672199
"FFAR4",4,482,0.00829875518672199
"FGD2",4,482,0.00829875518672199
"FGF12",4,482,0.00829875518672199
"FGF5",4,482,0.00829875518672199
"FGFR1",4,482,0.00829875518672199
"FHOD1",4,482,0.00829875518672199
"FIZ1",4,482,0.00829875518672199
"FKBP9",4,482,0.00829875518672199
"FLOT1",4,482,0.00829875518672199
"FMNL1",4,482,0.00829875518672199
"FNDC3A",4,482,0.00829875518672199
"FNIP2",4,482,0.00829875518672199
"FOXB2",4,482,0.00829875518672199
"FOXD4",4,482,0.00829875518672199
"FOXD4L1",4,482,0.00829875518672199
"FOXF1",4,482,0.00829875518672199
"FOXF2",4,482,0.00829875518672199
"FOXI1",4,482,0.00829875518672199
"FOXK2",4,482,0.00829875518672199
"FOXL2",4,482,0.00829875518672199
"FOXN2",4,482,0.00829875518672199
"FOXO1",4,482,0.00829875518672199
"FOXRED1",4,482,0.00829875518672199
"FOXRED2",4,482,0.00829875518672199
"FPGS",4,482,0.00829875518672199
"FPR3",4,482,0.00829875518672199
"FRMD7",4,482,0.00829875518672199
"FRS3",4,482,0.00829875518672199
"FTCD",4,482,0.00829875518672199
"FUNDC2",4,482,0.00829875518672199
"FURIN",4,482,0.00829875518672199
"FUT3",4,482,0.00829875518672199
"FZD1",4,482,0.00829875518672199
"FZD10",4,482,0.00829875518672199
"FZD2",4,482,0.00829875518672199
"FZD8",4,482,0.00829875518672199
"FZR1",4,482,0.00829875518672199
"G3BP1",4,482,0.00829875518672199
"G6PC2",4,482,0.00829875518672199
"GABRP",4,482,0.00829875518672199
"GAL3ST1",4,482,0.00829875518672199
"GALNT1",4,482,0.00829875518672199
"GALNT16",4,482,0.00829875518672199
"GALNT7",4,482,0.00829875518672199
"GALNT8",4,482,0.00829875518672199
"GAPDH",4,482,0.00829875518672199
"GAS2",4,482,0.00829875518672199
"GATA2",4,482,0.00829875518672199
"GATA6",4,482,0.00829875518672199
"GBP1",4,482,0.00829875518672199
"GBP2",4,482,0.00829875518672199
"GBP7",4,482,0.00829875518672199
"GCKR",4,482,0.00829875518672199
"GCLC",4,482,0.00829875518672199
"GCM2",4,482,0.00829875518672199
"GCNA",4,482,0.00829875518672199
"GCNT2",4,482,0.00829875518672199
"GCSAM",4,482,0.00829875518672199
"GDF15",4,482,0.00829875518672199
"GDF9",4,482,0.00829875518672199
"GET3",4,482,0.00829875518672199
"GFOD1",4,482,0.00829875518672199
"GFRA2",4,482,0.00829875518672199
"GGA2",4,482,0.00829875518672199
"GGCX",4,482,0.00829875518672199
"GGT7",4,482,0.00829875518672199
"GIMAP4",4,482,0.00829875518672199
"GINM1",4,482,0.00829875518672199
"GJC1",4,482,0.00829875518672199
"GJD4",4,482,0.00829875518672199
"GK5",4,482,0.00829875518672199
"GLCCI1",4,482,0.00829875518672199
"GLS2",4,482,0.00829875518672199
"GMPPA",4,482,0.00829875518672199
"GNL1",4,482,0.00829875518672199
"GNPDA2",4,482,0.00829875518672199
"GPD1L",4,482,0.00829875518672199
"GPER1",4,482,0.00829875518672199
"GPR101",4,482,0.00829875518672199
"GPR143",4,482,0.00829875518672199
"GPR148",4,482,0.00829875518672199
"GPR151",4,482,0.00829875518672199
"GPR152",4,482,0.00829875518672199
"GPR157",4,482,0.00829875518672199
"GPR162",4,482,0.00829875518672199
"GPR171",4,482,0.00829875518672199
"GPR20",4,482,0.00829875518672199
"GPR35",4,482,0.00829875518672199
"GPR4",4,482,0.00829875518672199
"GPR82",4,482,0.00829875518672199
"GPR84",4,482,0.00829875518672199
"GPS1",4,482,0.00829875518672199
"GPT",4,482,0.00829875518672199
"GRAMD4",4,482,0.00829875518672199
"GRAP2",4,482,0.00829875518672199
"GRB7",4,482,0.00829875518672199
"GRM2",4,482,0.00829875518672199
"GRPR",4,482,0.00829875518672199
"GTF2B",4,482,0.00829875518672199
"GTF2H1",4,482,0.00829875518672199
"GTSE1",4,482,0.00829875518672199
"GTSF1L",4,482,0.00829875518672199
"GYPC",4,482,0.00829875518672199
"GZMA",4,482,0.00829875518672199
"GZMH",4,482,0.00829875518672199
"H1-8",4,482,0.00829875518672199
"H2AC16",4,482,0.00829875518672199
"H2AC17",4,482,0.00829875518672199
"H2AC6",4,482,0.00829875518672199
"H2BC12",4,482,0.00829875518672199
"H2BC17",4,482,0.00829875518672199
"H2BC21",4,482,0.00829875518672199
"H3C13",4,482,0.00829875518672199
"H4C2",4,482,0.00829875518672199
"H4C8",4,482,0.00829875518672199
"HAND2",4,482,0.00829875518672199
"HAT1",4,482,0.00829875518672199
"HDAC5",4,482,0.00829875518672199
"HDGFL1",4,482,0.00829875518672199
"HELT",4,482,0.00829875518672199
"HEY2",4,482,0.00829875518672199
"HGFAC",4,482,0.00829875518672199
"HGSNAT",4,482,0.00829875518672199
"HJURP",4,482,0.00829875518672199
"HK1",4,482,0.00829875518672199
"HLA-G",4,482,0.00829875518672199
"HMCES",4,482,0.00829875518672199
"HMGB4",4,482,0.00829875518672199
"HMGCS2",4,482,0.00829875518672199
"HNF1B",4,482,0.00829875518672199
"HNRNPA1",4,482,0.00829875518672199
"HNRNPA2B1",4,482,0.00829875518672199
"HNRNPCL1",4,482,0.00829875518672199
"HNRNPH3",4,482,0.00829875518672199
"HNRNPM",4,482,0.00829875518672199
"HOGA1",4,482,0.00829875518672199
"HOMEZ",4,482,0.00829875518672199
"HOOK3",4,482,0.00829875518672199
"HOXA6",4,482,0.00829875518672199
"HOXB1",4,482,0.00829875518672199
"HOXC11",4,482,0.00829875518672199
"HOXD1",4,482,0.00829875518672199
"HPN",4,482,0.00829875518672199
"HPS5",4,482,0.00829875518672199
"HS3ST2",4,482,0.00829875518672199
"HS3ST3A1",4,482,0.00829875518672199
"HS6ST1",4,482,0.00829875518672199
"HSD17B1",4,482,0.00829875518672199
"HSD17B12",4,482,0.00829875518672199
"HSD17B4",4,482,0.00829875518672199
"HSDL1",4,482,0.00829875518672199
"HSP90AA1",4,482,0.00829875518672199
"HSPA12A",4,482,0.00829875518672199
"HSPA14",4,482,0.00829875518672199
"HSPBAP1",4,482,0.00829875518672199
"HTR6",4,482,0.00829875518672199
"HTRA3",4,482,0.00829875518672199
"IBA57",4,482,0.00829875518672199
"ICAM3",4,482,0.00829875518672199
"ICOS",4,482,0.00829875518672199
"IDH3B",4,482,0.00829875518672199
"IFNA5",4,482,0.00829875518672199
"IFNA7",4,482,0.00829875518672199
"IFT43",4,482,0.00829875518672199
"IGFLR1",4,482,0.00829875518672199
"IGHD",4,482,0.00829875518672199
"IGHV1-24",4,482,0.00829875518672199
"IGHV1-3",4,482,0.00829875518672199
"IGHV2-5",4,482,0.00829875518672199
"IGHV3-11",4,482,0.00829875518672199
"IGHV3-16",4,482,0.00829875518672199
"IGHV3-43",4,482,0.00829875518672199
"IGHV3-7",4,482,0.00829875518672199
"IGHV3-72",4,482,0.00829875518672199
"IGHV4-31",4,482,0.00829875518672199
"IGHV4-59",4,482,0.00829875518672199
"IGHV6-1",4,482,0.00829875518672199
"IGHV7-81",4,482,0.00829875518672199
"IGKV1-8",4,482,0.00829875518672199
"IGKV3-11",4,482,0.00829875518672199
"IGKV3-20",4,482,0.00829875518672199
"IGKV5-2",4,482,0.00829875518672199
"IGKV6-21",4,482,0.00829875518672199
"IGLON5",4,482,0.00829875518672199
"IGLV6-57",4,482,0.00829875518672199
"IHH",4,482,0.00829875518672199
"IL11RA",4,482,0.00829875518672199
"IL17C",4,482,0.00829875518672199
"IL1R1",4,482,0.00829875518672199
"IL1RL2",4,482,0.00829875518672199
"IL23R",4,482,0.00829875518672199
"IL27",4,482,0.00829875518672199
"IL27RA",4,482,0.00829875518672199
"IL37",4,482,0.00829875518672199
"IL4I1",4,482,0.00829875518672199
"ILF3",4,482,0.00829875518672199
"IMPACT",4,482,0.00829875518672199
"INKA2",4,482,0.00829875518672199
"INO80D",4,482,0.00829875518672199
"INPP5A",4,482,0.00829875518672199
"INTS2",4,482,0.00829875518672199
"INTS4",4,482,0.00829875518672199
"IPO4",4,482,0.00829875518672199
"IQCB1",4,482,0.00829875518672199
"IQCJ",4,482,0.00829875518672199
"IQSEC1",4,482,0.00829875518672199
"IRAG2",4,482,0.00829875518672199
"IREB2",4,482,0.00829875518672199
"IRS2",4,482,0.00829875518672199
"IRX3",4,482,0.00829875518672199
"IRX5",4,482,0.00829875518672199
"ISG20L2",4,482,0.00829875518672199
"ITGA3",4,482,0.00829875518672199
"ITLN2",4,482,0.00829875518672199
"ITPRIPL2",4,482,0.00829875518672199
"IZUMO2",4,482,0.00829875518672199
"JADE2",4,482,0.00829875518672199
"JKAMP",4,482,0.00829875518672199
"JPH4",4,482,0.00829875518672199
"KANK1",4,482,0.00829875518672199
"KANSL2",4,482,0.00829875518672199
"KAT14",4,482,0.00829875518672199
"KAT2A",4,482,0.00829875518672199
"KCNA10",4,482,0.00829875518672199
"KCNAB2",4,482,0.00829875518672199
"KCND1",4,482,0.00829875518672199
"KCNIP1",4,482,0.00829875518672199
"KCNJ10",4,482,0.00829875518672199
"KCNJ11",4,482,0.00829875518672199
"KCNK3",4,482,0.00829875518672199
"KCNK5",4,482,0.00829875518672199
"KCNMB4",4,482,0.00829875518672199
"KCNQ4",4,482,0.00829875518672199
"KCNS1",4,482,0.00829875518672199
"KCNS3",4,482,0.00829875518672199
"KCTD19",4,482,0.00829875518672199
"KCTD21",4,482,0.00829875518672199
"KCTD9",4,482,0.00829875518672199
"KDM1B",4,482,0.00829875518672199
"KERA",4,482,0.00829875518672199
"KHDC3L",4,482,0.00829875518672199
"KHDRBS1",4,482,0.00829875518672199
"KHNYN",4,482,0.00829875518672199
"KIAA0930",4,482,0.00829875518672199
"KIAA1328",4,482,0.00829875518672199
"KIAA1614",4,482,0.00829875518672199
"KIF11",4,482,0.00829875518672199
"KIF15",4,482,0.00829875518672199
"KIF25",4,482,0.00829875518672199
"KIF3B",4,482,0.00829875518672199
"KIF3C",4,482,0.00829875518672199
"KIFBP",4,482,0.00829875518672199
"KLC2",4,482,0.00829875518672199
"KLHDC1",4,482,0.00829875518672199
"KLHL11",4,482,0.00829875518672199
"KLHL2",4,482,0.00829875518672199
"KLHL3",4,482,0.00829875518672199
"KLK11",4,482,0.00829875518672199
"KLK8",4,482,0.00829875518672199
"KLRC1",4,482,0.00829875518672199
"KLRG1",4,482,0.00829875518672199
"KMT5C",4,482,0.00829875518672199
"KPNB1",4,482,0.00829875518672199
"KRBA2",4,482,0.00829875518672199
"KRCC1",4,482,0.00829875518672199
"KRT10",4,482,0.00829875518672199
"KRT16",4,482,0.00829875518672199
"KRT33A",4,482,0.00829875518672199
"KRT36",4,482,0.00829875518672199
"KRT72",4,482,0.00829875518672199
"KRT74",4,482,0.00829875518672199
"KRTAP1-3",4,482,0.00829875518672199
"KRTAP10-10",4,482,0.00829875518672199
"KRTAP10-6",4,482,0.00829875518672199
"KRTAP11-1",4,482,0.00829875518672199
"KRTAP13-2",4,482,0.00829875518672199
"KRTAP19-3",4,482,0.00829875518672199
"KRTAP19-4",4,482,0.00829875518672199
"KRTAP19-5",4,482,0.00829875518672199
"KRTAP21-1",4,482,0.00829875518672199
"KRTAP21-2",4,482,0.00829875518672199
"KRTAP27-1",4,482,0.00829875518672199
"KRTAP4-4",4,482,0.00829875518672199
"KRTAP5-1",4,482,0.00829875518672199
"KRTAP5-3",4,482,0.00829875518672199
"KRTAP5-6",4,482,0.00829875518672199
"KRTAP9-4",4,482,0.00829875518672199
"KRTAP9-8",4,482,0.00829875518672199
"KTI12",4,482,0.00829875518672199
"LACTB",4,482,0.00829875518672199
"LAIR2",4,482,0.00829875518672199
"LAP3",4,482,0.00829875518672199
"LARP1",4,482,0.00829875518672199
"LATS2",4,482,0.00829875518672199
"LAX1",4,482,0.00829875518672199
"LBP",4,482,0.00829875518672199
"LCA5L",4,482,0.00829875518672199
"LCE1B",4,482,0.00829875518672199
"LCE1E",4,482,0.00829875518672199
"LCP2",4,482,0.00829875518672199
"LDHC",4,482,0.00829875518672199
"LDHD",4,482,0.00829875518672199
"LEPROT",4,482,0.00829875518672199
"LFNG",4,482,0.00829875518672199
"LGI2",4,482,0.00829875518672199
"LGMN",4,482,0.00829875518672199
"LHFPL1",4,482,0.00829875518672199
"LHFPL5",4,482,0.00829875518672199
"LHX1",4,482,0.00829875518672199
"LHX2",4,482,0.00829875518672199
"LIG3",4,482,0.00829875518672199
"LIMD1",4,482,0.00829875518672199
"LIMK1",4,482,0.00829875518672199
"LIMS2",4,482,0.00829875518672199
"LIN54",4,482,0.00829875518672199
"LINC02210-CRHR1",4,482,0.00829875518672199
"LINGO4",4,482,0.00829875518672199
"LIPC",4,482,0.00829875518672199
"LIPF",4,482,0.00829875518672199
"LIPG",4,482,0.00829875518672199
"LIPH",4,482,0.00829875518672199
"LIPJ",4,482,0.00829875518672199
"LLGL1",4,482,0.00829875518672199
"LMAN1L",4,482,0.00829875518672199
"LONP1",4,482,0.00829875518672199
"LONRF2",4,482,0.00829875518672199
"LPAR3",4,482,0.00829875518672199
"LPXN",4,482,0.00829875518672199
"LRAT",4,482,0.00829875518672199
"LRATD1",4,482,0.00829875518672199
"LRR1",4,482,0.00829875518672199
"LRRC17",4,482,0.00829875518672199
"LRRC2",4,482,0.00829875518672199
"LRRC25",4,482,0.00829875518672199
"LRRC37A2",4,482,0.00829875518672199
"LRRC41",4,482,0.00829875518672199
"LRRC42",4,482,0.00829875518672199
"LRRC71",4,482,0.00829875518672199
"LRRC74A",4,482,0.00829875518672199
"LRRC8C",4,482,0.00829875518672199
"LSM4",4,482,0.00829875518672199
"LSR",4,482,0.00829875518672199
"LTF",4,482,0.00829875518672199
"LYAR",4,482,0.00829875518672199
"LYNX1-SLURP2",4,482,0.00829875518672199
"MAGEA3",4,482,0.00829875518672199
"MAJIN",4,482,0.00829875518672199
"MAN2A2",4,482,0.00829875518672199
"MAN2B1",4,482,0.00829875518672199
"MAN2B2",4,482,0.00829875518672199
"MAP11",4,482,0.00829875518672199
"MAP1LC3C",4,482,0.00829875518672199
"MAP2K4",4,482,0.00829875518672199
"MAP2K7",4,482,0.00829875518672199
"MAP3K10",4,482,0.00829875518672199
"MAP3K20",4,482,0.00829875518672199
"MAP3K7",4,482,0.00829875518672199
"MAPK1",4,482,0.00829875518672199
"MAPK10",4,482,0.00829875518672199
"MAPK8IP1",4,482,0.00829875518672199
"MAPRE1",4,482,0.00829875518672199
"MARCHF1",4,482,0.00829875518672199
"MARK3",4,482,0.00829875518672199
"MARS2",4,482,0.00829875518672199
"MAS1",4,482,0.00829875518672199
"MAS1L",4,482,0.00829875518672199
"MAT1A",4,482,0.00829875518672199
"MBD6",4,482,0.00829875518672199
"MBNL1",4,482,0.00829875518672199
"MCM3",4,482,0.00829875518672199
"MCMBP",4,482,0.00829875518672199
"MCMDC2",4,482,0.00829875518672199
"MCOLN2",4,482,0.00829875518672199
"MCRS1",4,482,0.00829875518672199
"MCTS1",4,482,0.00829875518672199
"MCUR1",4,482,0.00829875518672199
"MEF2B",4,482,0.00829875518672199
"MEF2D",4,482,0.00829875518672199
"MEMO1",4,482,0.00829875518672199
"METTL16",4,482,0.00829875518672199
"METTL22",4,482,0.00829875518672199
"MEX3B",4,482,0.00829875518672199
"MFGE8",4,482,0.00829875518672199
"MFN2",4,482,0.00829875518672199
"MFSD2B",4,482,0.00829875518672199
"MFSD6L",4,482,0.00829875518672199
"MGAT2",4,482,0.00829875518672199
"MGLL",4,482,0.00829875518672199
"MIB2",4,482,0.00829875518672199
"MICAL1",4,482,0.00829875518672199
"MICALL1",4,482,0.00829875518672199
"MIEF1",4,482,0.00829875518672199
"MIER3",4,482,0.00829875518672199
"MIGA1",4,482,0.00829875518672199
"MINDY1",4,482,0.00829875518672199
"MIPEP",4,482,0.00829875518672199
"MIPOL1",4,482,0.00829875518672199
"MITF",4,482,0.00829875518672199
"MKRN2",4,482,0.00829875518672199
"MLF1",4,482,0.00829875518672199
"MLIP",4,482,0.00829875518672199
"MLKL",4,482,0.00829875518672199
"MLLT1",4,482,0.00829875518672199
"MLLT3",4,482,0.00829875518672199
"MLNR",4,482,0.00829875518672199
"MLXIP",4,482,0.00829875518672199
"MMAA",4,482,0.00829875518672199
"MMP1",4,482,0.00829875518672199
"MMP14",4,482,0.00829875518672199
"MMP15",4,482,0.00829875518672199
"MMP21",4,482,0.00829875518672199
"MMP25",4,482,0.00829875518672199
"MMRN2",4,482,0.00829875518672199
"MNAT1",4,482,0.00829875518672199
"MNT",4,482,0.00829875518672199
"MOAP1",4,482,0.00829875518672199
"MOGAT1",4,482,0.00829875518672199
"MON1A",4,482,0.00829875518672199
"MORC3",4,482,0.00829875518672199
"MORN1",4,482,0.00829875518672199
"MOSPD3",4,482,0.00829875518672199
"MPP6",4,482,0.00829875518672199
"MPPED2",4,482,0.00829875518672199
"MPRIP",4,482,0.00829875518672199
"MR1",4,482,0.00829875518672199
"MRE11",4,482,0.00829875518672199
"MRGPRX2",4,482,0.00829875518672199
"MROH8",4,482,0.00829875518672199
"MRPL47",4,482,0.00829875518672199
"MRPS28",4,482,0.00829875518672199
"MRPS5",4,482,0.00829875518672199
"MRTFB",4,482,0.00829875518672199
"MS4A2",4,482,0.00829875518672199
"MSANTD2",4,482,0.00829875518672199
"MSH2",4,482,0.00829875518672199
"MSI1",4,482,0.00829875518672199
"MSL2",4,482,0.00829875518672199
"MSRA",4,482,0.00829875518672199
"MSRB3",4,482,0.00829875518672199
"MTA3",4,482,0.00829875518672199
"MTF2",4,482,0.00829875518672199
"MTHFD1",4,482,0.00829875518672199
"MTIF2",4,482,0.00829875518672199
"MTPAP",4,482,0.00829875518672199
"MTREX",4,482,0.00829875518672199
"MTX1",4,482,0.00829875518672199
"MYEOV",4,482,0.00829875518672199
"MYL1",4,482,0.00829875518672199
"MYLIP",4,482,0.00829875518672199
"MYLK4",4,482,0.00829875518672199
"MYOD1",4,482,0.00829875518672199
"MYRIP",4,482,0.00829875518672199
"NAA30",4,482,0.00829875518672199
"NACA2",4,482,0.00829875518672199
"NACC1",4,482,0.00829875518672199
"NACC2",4,482,0.00829875518672199
"NANOG",4,482,0.00829875518672199
"NARS1",4,482,0.00829875518672199
"NARS2",4,482,0.00829875518672199
"NAT1",4,482,0.00829875518672199
"NBN",4,482,0.00829875518672199
"NCBP1",4,482,0.00829875518672199
"NCR2",4,482,0.00829875518672199
"NDC80",4,482,0.00829875518672199
"NDRG3",4,482,0.00829875518672199
"NDUFAF4",4,482,0.00829875518672199
"NDUFS6",4,482,0.00829875518672199
"NEK1",4,482,0.00829875518672199
"NEK4",4,482,0.00829875518672199
"NEK9",4,482,0.00829875518672199
"NEUROG2",4,482,0.00829875518672199
"NEUROG3",4,482,0.00829875518672199
"NFE2",4,482,0.00829875518672199
"NFE2L1",4,482,0.00829875518672199
"NFIA",4,482,0.00829875518672199
"NFIB",4,482,0.00829875518672199
"NFIL3",4,482,0.00829875518672199
"NFKB2",4,482,0.00829875518672199
"NGEF",4,482,0.00829875518672199
"NHLRC1",4,482,0.00829875518672199
"NIPA2",4,482,0.00829875518672199
"NKX2-5",4,482,0.00829875518672199
"NKX6-1",4,482,0.00829875518672199
"NLGN2",4,482,0.00829875518672199
"NLGN4Y",4,482,0.00829875518672199
"NMI",4,482,0.00829875518672199
"NMNAT2",4,482,0.00829875518672199
"NOA1",4,482,0.00829875518672199
"NOC4L",4,482,0.00829875518672199
"NOCT",4,482,0.00829875518672199
"NOL8",4,482,0.00829875518672199
"NOLC1",4,482,0.00829875518672199
"NOMO1",4,482,0.00829875518672199
"NOMO2",4,482,0.00829875518672199
"NOP9",4,482,0.00829875518672199
"NOTUM",4,482,0.00829875518672199
"NOX1",4,482,0.00829875518672199
"NPBWR1",4,482,0.00829875518672199
"NPEPL1",4,482,0.00829875518672199
"NPHS2",4,482,0.00829875518672199
"NR1D1",4,482,0.00829875518672199
"NR2C1",4,482,0.00829875518672199
"NRBP1",4,482,0.00829875518672199
"NRG2",4,482,0.00829875518672199
"NSF",4,482,0.00829875518672199
"NSG2",4,482,0.00829875518672199
"NSMF",4,482,0.00829875518672199
"NT5C1A",4,482,0.00829875518672199
"NT5C1B",4,482,0.00829875518672199
"NT5C2",4,482,0.00829875518672199
"NTF3",4,482,0.00829875518672199
"NTN5",4,482,0.00829875518672199
"NTSR2",4,482,0.00829875518672199
"NUAK2",4,482,0.00829875518672199
"NUBP2",4,482,0.00829875518672199
"NUDCD1",4,482,0.00829875518672199
"NUDT12",4,482,0.00829875518672199
"NUDT16",4,482,0.00829875518672199
"NUDT7",4,482,0.00829875518672199
"NUGGC",4,482,0.00829875518672199
"NUP62CL",4,482,0.00829875518672199
"NXF1",4,482,0.00829875518672199
"OAS2",4,482,0.00829875518672199
"OAZ1",4,482,0.00829875518672199
"OBP2A",4,482,0.00829875518672199
"ODF2L",4,482,0.00829875518672199
"OGA",4,482,0.00829875518672199
"OIT3",4,482,0.00829875518672199
"OLFM1",4,482,0.00829875518672199
"OLR1",4,482,0.00829875518672199
"OOEP",4,482,0.00829875518672199
"OR10H3",4,482,0.00829875518672199
"OR13C3",4,482,0.00829875518672199
"OR13C5",4,482,0.00829875518672199
"OR1E2",4,482,0.00829875518672199
"OR1I1",4,482,0.00829875518672199
"OR1L1",4,482,0.00829875518672199
"OR1Q1",4,482,0.00829875518672199
"OR2A2",4,482,0.00829875518672199
"OR2A4",4,482,0.00829875518672199
"OR2S2",4,482,0.00829875518672199
"OR2T35",4,482,0.00829875518672199
"OR2V2",4,482,0.00829875518672199
"OR2Y1",4,482,0.00829875518672199
"OR51A4",4,482,0.00829875518672199
"OR52B6",4,482,0.00829875518672199
"OR52D1",4,482,0.00829875518672199
"OR5K2",4,482,0.00829875518672199
"OR6B3",4,482,0.00829875518672199
"OR6C2",4,482,0.00829875518672199
"OR7A17",4,482,0.00829875518672199
"OR7G2",4,482,0.00829875518672199
"OSBPL11",4,482,0.00829875518672199
"OSBPL5",4,482,0.00829875518672199
"OSBPL9",4,482,0.00829875518672199
"OSER1",4,482,0.00829875518672199
"OSGEP",4,482,0.00829875518672199
"OTC",4,482,0.00829875518672199
"OXGR1",4,482,0.00829875518672199
"P2RY1",4,482,0.00829875518672199
"P2RY2",4,482,0.00829875518672199
"P3H4",4,482,0.00829875518672199
"P4HB",4,482,0.00829875518672199
"PA2G4",4,482,0.00829875518672199
"PAAF1",4,482,0.00829875518672199
"PABPC1",4,482,0.00829875518672199
"PALD1",4,482,0.00829875518672199
"PALMD",4,482,0.00829875518672199
"PANX2",4,482,0.00829875518672199
"PAQR3",4,482,0.00829875518672199
"PARP10",4,482,0.00829875518672199
"PARP15",4,482,0.00829875518672199
"PARVG",4,482,0.00829875518672199
"PAXBP1",4,482,0.00829875518672199
"PAXIP1",4,482,0.00829875518672199
"PBXIP1",4,482,0.00829875518672199
"PCGF1",4,482,0.00829875518672199
"PCMTD1",4,482,0.00829875518672199
"PCMTD2",4,482,0.00829875518672199
"PCOLCE",4,482,0.00829875518672199
"PCSK1",4,482,0.00829875518672199
"PCSK7",4,482,0.00829875518672199
"PCSK9",4,482,0.00829875518672199
"PCYT1B",4,482,0.00829875518672199
"PDCD7",4,482,0.00829875518672199
"PDE4D",4,482,0.00829875518672199
"PDE7B",4,482,0.00829875518672199
"PDIA2",4,482,0.00829875518672199
"PDIA4",4,482,0.00829875518672199
"PDK3",4,482,0.00829875518672199
"PDXDC1",4,482,0.00829875518672199
"PELO",4,482,0.00829875518672199
"PELP1",4,482,0.00829875518672199
"PEPD",4,482,0.00829875518672199
"PES1",4,482,0.00829875518672199
"PGAM2",4,482,0.00829875518672199
"PGAP6",4,482,0.00829875518672199
"PGBD4",4,482,0.00829875518672199
"PHAX",4,482,0.00829875518672199
"PHC2",4,482,0.00829875518672199
"PHF21A",4,482,0.00829875518672199
"PHF21B",4,482,0.00829875518672199
"PHOX2B",4,482,0.00829875518672199
"PHTF1",4,482,0.00829875518672199
"PIGL",4,482,0.00829875518672199
"PIGV",4,482,0.00829875518672199
"PIGW",4,482,0.00829875518672199
"PIK3R3",4,482,0.00829875518672199
"PILRA",4,482,0.00829875518672199
"PIM2",4,482,0.00829875518672199
"PITPNB",4,482,0.00829875518672199
"PITPNC1",4,482,0.00829875518672199
"PJA2",4,482,0.00829875518672199
"PJVK",4,482,0.00829875518672199
"PLA2G15",4,482,0.00829875518672199
"PLA2G2E",4,482,0.00829875518672199
"PLA2G2F",4,482,0.00829875518672199
"PLA2G4D",4,482,0.00829875518672199
"PLA2G7",4,482,0.00829875518672199
"PLAU",4,482,0.00829875518672199
"PLCG1",4,482,0.00829875518672199
"PLCXD1",4,482,0.00829875518672199
"PLCXD2",4,482,0.00829875518672199
"PLD3",4,482,0.00829875518672199
"PLIN1",4,482,0.00829875518672199
"PLN",4,482,0.00829875518672199
"PLPP2",4,482,0.00829875518672199
"PLS3",4,482,0.00829875518672199
"PLTP",4,482,0.00829875518672199
"PNCK",4,482,0.00829875518672199
"PNKD",4,482,0.00829875518672199
"PNMA8A",4,482,0.00829875518672199
"PNN",4,482,0.00829875518672199
"PNPLA1",4,482,0.00829875518672199
"POGK",4,482,0.00829875518672199
"POLB",4,482,0.00829875518672199
"POLD2",4,482,0.00829875518672199
"POLDIP3",4,482,0.00829875518672199
"POM121C",4,482,0.00829875518672199
"POMC",4,482,0.00829875518672199
"POR",4,482,0.00829875518672199
"POU1F1",4,482,0.00829875518672199
"POU4F1",4,482,0.00829875518672199
"PPA2",4,482,0.00829875518672199
"PPIAL4A",4,482,0.00829875518672199
"PPIAL4G",4,482,0.00829875518672199
"PPIL6",4,482,0.00829875518672199
"PPM1E",4,482,0.00829875518672199
"PPP1CA",4,482,0.00829875518672199
"PPP1R12A",4,482,0.00829875518672199
"PPP1R12B",4,482,0.00829875518672199
"PPP1R13B",4,482,0.00829875518672199
"PPP1R17",4,482,0.00829875518672199
"PPP2R1B",4,482,0.00829875518672199
"PPP2R2A",4,482,0.00829875518672199
"PPP2R5A",4,482,0.00829875518672199
"PPP2R5D",4,482,0.00829875518672199
"PPP4R3A",4,482,0.00829875518672199
"PPP6R2",4,482,0.00829875518672199
"PPWD1",4,482,0.00829875518672199
"PRDX6",4,482,0.00829875518672199
"PRELP",4,482,0.00829875518672199
"PRIMPOL",4,482,0.00829875518672199
"PRKAG2",4,482,0.00829875518672199
"PRKAR2B",4,482,0.00829875518672199
"PRKD3",4,482,0.00829875518672199
"PRLHR",4,482,0.00829875518672199
"PRMT2",4,482,0.00829875518672199
"PROSER3",4,482,0.00829875518672199
"PRPF39",4,482,0.00829875518672199
"PRPF6",4,482,0.00829875518672199
"PRPS1",4,482,0.00829875518672199
"PRR5",4,482,0.00829875518672199
"PRR5-ARHGAP8",4,482,0.00829875518672199
"PRRC1",4,482,0.00829875518672199
"PRRT2",4,482,0.00829875518672199
"PRRX1",4,482,0.00829875518672199
"PRSS37",4,482,0.00829875518672199
"PRSS53",4,482,0.00829875518672199
"PRUNE1",4,482,0.00829875518672199
"PSEN1",4,482,0.00829875518672199
"PSKH1",4,482,0.00829875518672199
"PSMA1",4,482,0.00829875518672199
"PSMB4",4,482,0.00829875518672199
"PSMC2",4,482,0.00829875518672199
"PSMC4",4,482,0.00829875518672199
"PSMD14",4,482,0.00829875518672199
"PTCD3",4,482,0.00829875518672199
"PTGES3L-AARSD1",4,482,0.00829875518672199
"PTGFRN",4,482,0.00829875518672199
"PTGS2",4,482,0.00829875518672199
"PTP4A3",4,482,0.00829875518672199
"PTPN2",4,482,0.00829875518672199
"PTPN7",4,482,0.00829875518672199
"PTPN9",4,482,0.00829875518672199
"PTX3",4,482,0.00829875518672199
"PUS1",4,482,0.00829875518672199
"PUS10",4,482,0.00829875518672199
"PYDC2",4,482,0.00829875518672199
"QDPR",4,482,0.00829875518672199
"QPCT",4,482,0.00829875518672199
"QSOX1",4,482,0.00829875518672199
"R3HDML",4,482,0.00829875518672199
"RAB17",4,482,0.00829875518672199
"RAB34",4,482,0.00829875518672199
"RAB36",4,482,0.00829875518672199
"RAB39B",4,482,0.00829875518672199
"RAB41",4,482,0.00829875518672199
"RAB4A",4,482,0.00829875518672199
"RAB6D",4,482,0.00829875518672199
"RABGAP1",4,482,0.00829875518672199
"RABGGTA",4,482,0.00829875518672199
"RACGAP1",4,482,0.00829875518672199
"RAD1",4,482,0.00829875518672199
"RAET1L",4,482,0.00829875518672199
"RALB",4,482,0.00829875518672199
"RALGDS",4,482,0.00829875518672199
"RANBP3L",4,482,0.00829875518672199
"RAP1GAP",4,482,0.00829875518672199
"RAP2B",4,482,0.00829875518672199
"RAPGEF5",4,482,0.00829875518672199
"RAPGEFL1",4,482,0.00829875518672199
"RAPSN",4,482,0.00829875518672199
"RARB",4,482,0.00829875518672199
"RARS1",4,482,0.00829875518672199
"RARS2",4,482,0.00829875518672199
"RASEF",4,482,0.00829875518672199
"RASL11A",4,482,0.00829875518672199
"RASL12",4,482,0.00829875518672199
"RASSF4",4,482,0.00829875518672199
"RASSF8",4,482,0.00829875518672199
"RAX",4,482,0.00829875518672199
"RBCK1",4,482,0.00829875518672199
"RBFA",4,482,0.00829875518672199
"RBFOX1",4,482,0.00829875518672199
"RBFOX2",4,482,0.00829875518672199
"RBM14",4,482,0.00829875518672199
"RBM17",4,482,0.00829875518672199
"RBM42",4,482,0.00829875518672199
"RBM8A",4,482,0.00829875518672199
"RBMX2",4,482,0.00829875518672199
"RBPJL",4,482,0.00829875518672199
"RCE1",4,482,0.00829875518672199
"RCOR3",4,482,0.00829875518672199
"RCSD1",4,482,0.00829875518672199
"RDH16",4,482,0.00829875518672199
"RDX",4,482,0.00829875518672199
"REC114",4,482,0.00829875518672199
"REC8",4,482,0.00829875518672199
"RELT",4,482,0.00829875518672199
"RENBP",4,482,0.00829875518672199
"REPS1",4,482,0.00829875518672199
"RERG",4,482,0.00829875518672199
"RETNLB",4,482,0.00829875518672199
"RETREG3",4,482,0.00829875518672199
"RFC1",4,482,0.00829875518672199
"RFC3",4,482,0.00829875518672199
"RFPL1",4,482,0.00829875518672199
"RFX5",4,482,0.00829875518672199
"RGL4",4,482,0.00829875518672199
"RGR",4,482,0.00829875518672199
"RGS13",4,482,0.00829875518672199
"RGS17",4,482,0.00829875518672199
"RGS20",4,482,0.00829875518672199
"RGS8",4,482,0.00829875518672199
"RHBG",4,482,0.00829875518672199
"RHCE",4,482,0.00829875518672199
"RHD",4,482,0.00829875518672199
"RHO",4,482,0.00829875518672199
"RHOU",4,482,0.00829875518672199
"RHOXF1",4,482,0.00829875518672199
"RIC3",4,482,0.00829875518672199
"RIMKLB",4,482,0.00829875518672199
"RIOX1",4,482,0.00829875518672199
"RNASE11",4,482,0.00829875518672199
"RNASE8",4,482,0.00829875518672199
"RNF113B",4,482,0.00829875518672199
"RNF123",4,482,0.00829875518672199
"RNF128",4,482,0.00829875518672199
"RNF133",4,482,0.00829875518672199
"RNF139",4,482,0.00829875518672199
"RNF152",4,482,0.00829875518672199
"RNF168",4,482,0.00829875518672199
"RNF207",4,482,0.00829875518672199
"RNF216",4,482,0.00829875518672199
"RNF26",4,482,0.00829875518672199
"RNF43",4,482,0.00829875518672199
"RORB",4,482,0.00829875518672199
"RPIA",4,482,0.00829875518672199
"RPL6",4,482,0.00829875518672199
"RPL8",4,482,0.00829875518672199
"RPS6KB2",4,482,0.00829875518672199
"RRAGD",4,482,0.00829875518672199
"RRN3",4,482,0.00829875518672199
"RSAD1",4,482,0.00829875518672199
"RSC1A1",4,482,0.00829875518672199
"RSPH10B2",4,482,0.00829875518672199
"RSRC2",4,482,0.00829875518672199
"RTF1",4,482,0.00829875518672199
"RTN2",4,482,0.00829875518672199
"RTP4",4,482,0.00829875518672199
"RUFY2",4,482,0.00829875518672199
"S100A7",4,482,0.00829875518672199
"S100PBP",4,482,0.00829875518672199
"S1PR4",4,482,0.00829875518672199
"S1PR5",4,482,0.00829875518672199
"SAFB",4,482,0.00829875518672199
"SAMD13",4,482,0.00829875518672199
"SAMD4A",4,482,0.00829875518672199
"SAMD4B",4,482,0.00829875518672199
"SAMSN1",4,482,0.00829875518672199
"SBSPON",4,482,0.00829875518672199
"SCFD1",4,482,0.00829875518672199
"SCG5",4,482,0.00829875518672199
"SCGB2A1",4,482,0.00829875518672199
"SCLY",4,482,0.00829875518672199
"SCP2D1",4,482,0.00829875518672199
"SCYL3",4,482,0.00829875518672199
"SDAD1",4,482,0.00829875518672199
"SDSL",4,482,0.00829875518672199
"SEC31B",4,482,0.00829875518672199
"SELENBP1",4,482,0.00829875518672199
"SELENOT",4,482,0.00829875518672199
"SEMA3G",4,482,0.00829875518672199
"SEMA4A",4,482,0.00829875518672199
"SENP1",4,482,0.00829875518672199
"SEPHS1",4,482,0.00829875518672199
"SEPTIN1",4,482,0.00829875518672199
"SEPTIN3",4,482,0.00829875518672199
"SEPTIN5",4,482,0.00829875518672199
"SEPTIN6",4,482,0.00829875518672199
"SERAC1",4,482,0.00829875518672199
"SERINC1",4,482,0.00829875518672199
"SERPINB3",4,482,0.00829875518672199
"SERPINB6",4,482,0.00829875518672199
"SERPINE1",4,482,0.00829875518672199
"SERPINE3",4,482,0.00829875518672199
"SERPINF1",4,482,0.00829875518672199
"SESN1",4,482,0.00829875518672199
"SESN3",4,482,0.00829875518672199
"SF1",4,482,0.00829875518672199
"SFN",4,482,0.00829875518672199
"SFTPB",4,482,0.00829875518672199
"SGCB",4,482,0.00829875518672199
"SGK3",4,482,0.00829875518672199
"SH2B2",4,482,0.00829875518672199
"SH2B3",4,482,0.00829875518672199
"SH2D1A",4,482,0.00829875518672199
"SH2D4A",4,482,0.00829875518672199
"SH2D4B",4,482,0.00829875518672199
"SH3BP2",4,482,0.00829875518672199
"SH3YL1",4,482,0.00829875518672199
"SHE",4,482,0.00829875518672199
"SHMT1",4,482,0.00829875518672199
"SIAE",4,482,0.00829875518672199
"SIAH3",4,482,0.00829875518672199
"SIDT2",4,482,0.00829875518672199
"SIGIRR",4,482,0.00829875518672199
"SIRT6",4,482,0.00829875518672199
"SIX1",4,482,0.00829875518672199
"SIX3",4,482,0.00829875518672199
"SKAP2",4,482,0.00829875518672199
"SKIL",4,482,0.00829875518672199
"SLA",4,482,0.00829875518672199
"SLC13A3",4,482,0.00829875518672199
"SLC13A5",4,482,0.00829875518672199
"SLC16A9",4,482,0.00829875518672199
"SLC22A11",4,482,0.00829875518672199
"SLC22A12",4,482,0.00829875518672199
"SLC22A23",4,482,0.00829875518672199
"SLC22A3",4,482,0.00829875518672199
"SLC22A4",4,482,0.00829875518672199
"SLC22A6",4,482,0.00829875518672199
"SLC22A7",4,482,0.00829875518672199
"SLC23A3",4,482,0.00829875518672199
"SLC24A1",4,482,0.00829875518672199
"SLC25A12",4,482,0.00829875518672199
"SLC25A16",4,482,0.00829875518672199
"SLC25A37",4,482,0.00829875518672199
"SLC25A41",4,482,0.00829875518672199
"SLC26A6",4,482,0.00829875518672199
"SLC28A2",4,482,0.00829875518672199
"SLC28A3",4,482,0.00829875518672199
"SLC2A5",4,482,0.00829875518672199
"SLC2A9",4,482,0.00829875518672199
"SLC30A7",4,482,0.00829875518672199
"SLC34A1",4,482,0.00829875518672199
"SLC35E4",4,482,0.00829875518672199
"SLC35F6",4,482,0.00829875518672199
"SLC35G2",4,482,0.00829875518672199
"SLC35G3",4,482,0.00829875518672199
"SLC36A1",4,482,0.00829875518672199
"SLC36A3",4,482,0.00829875518672199
"SLC37A2",4,482,0.00829875518672199
"SLC38A6",4,482,0.00829875518672199
"SLC39A14",4,482,0.00829875518672199
"SLC39A2",4,482,0.00829875518672199
"SLC39A6",4,482,0.00829875518672199
"SLC41A2",4,482,0.00829875518672199
"SLC4A11",4,482,0.00829875518672199
"SLC4A9",4,482,0.00829875518672199
"SLC52A1",4,482,0.00829875518672199
"SLC5A2",4,482,0.00829875518672199
"SLC7A1",4,482,0.00829875518672199
"SLC7A8",4,482,0.00829875518672199
"SLC9A1",4,482,0.00829875518672199
"SLC9A6",4,482,0.00829875518672199
"SLC9B2",4,482,0.00829875518672199
"SLK",4,482,0.00829875518672199
"SLURP1",4,482,0.00829875518672199
"SMAD2",4,482,0.00829875518672199
"SMC2",4,482,0.00829875518672199
"SMCO3",4,482,0.00829875518672199
"SMG9",4,482,0.00829875518672199
"SMPD2",4,482,0.00829875518672199
"SMR3A",4,482,0.00829875518672199
"SMTN",4,482,0.00829875518672199
"SMYD2",4,482,0.00829875518672199
"SMYD4",4,482,0.00829875518672199
"SNAI2",4,482,0.00829875518672199
"SNRNP40",4,482,0.00829875518672199
"SNRPB",4,482,0.00829875518672199
"SNX1",4,482,0.00829875518672199
"SNX30",4,482,0.00829875518672199
"SOCS5",4,482,0.00829875518672199
"SOWAHB",4,482,0.00829875518672199
"SP6",4,482,0.00829875518672199
"SPACA3",4,482,0.00829875518672199
"SPACA7",4,482,0.00829875518672199
"SPAG5",4,482,0.00829875518672199
"SPATA6L",4,482,0.00829875518672199
"SPIRE1",4,482,0.00829875518672199
"SPOCK2",4,482,0.00829875518672199
"SPP2",4,482,0.00829875518672199
"SPPL2B",4,482,0.00829875518672199
"SPRED1",4,482,0.00829875518672199
"SPRED2",4,482,0.00829875518672199
"SPRY2",4,482,0.00829875518672199
"SQOR",4,482,0.00829875518672199
"SRD5A2",4,482,0.00829875518672199
"SRFBP1",4,482,0.00829875518672199
"SRGAP2",4,482,0.00829875518672199
"SRL",4,482,0.00829875518672199
"SRPRA",4,482,0.00829875518672199
"SRPRB",4,482,0.00829875518672199
"SRSF1",4,482,0.00829875518672199
"SRSF2",4,482,0.00829875518672199
"SRSF6",4,482,0.00829875518672199
"SRSF7",4,482,0.00829875518672199
"SSTR5",4,482,0.00829875518672199
"SSX7",4,482,0.00829875518672199
"ST3GAL2",4,482,0.00829875518672199
"ST3GAL6",4,482,0.00829875518672199
"ST8SIA4",4,482,0.00829875518672199
"ST8SIA5",4,482,0.00829875518672199
"STAMBP",4,482,0.00829875518672199
"STAP1",4,482,0.00829875518672199
"STARD3NL",4,482,0.00829875518672199
"STAT2",4,482,0.00829875518672199
"STAT5B",4,482,0.00829875518672199
"STEAP1",4,482,0.00829875518672199
"STEAP2",4,482,0.00829875518672199
"STEAP3",4,482,0.00829875518672199
"STING1",4,482,0.00829875518672199
"STK33",4,482,0.00829875518672199
"STK38",4,482,0.00829875518672199
"STK39",4,482,0.00829875518672199
"STK4",4,482,0.00829875518672199
"STPG4",4,482,0.00829875518672199
"STRBP",4,482,0.00829875518672199
"STX11",4,482,0.00829875518672199
"STX16",4,482,0.00829875518672199
"SUGT1",4,482,0.00829875518672199
"SULT1C4",4,482,0.00829875518672199
"SULT2A1",4,482,0.00829875518672199
"SUN3",4,482,0.00829875518672199
"SUOX",4,482,0.00829875518672199
"SURF2",4,482,0.00829875518672199
"SUSD4",4,482,0.00829875518672199
"SYCE1",4,482,0.00829875518672199
"SYT12",4,482,0.00829875518672199
"SYT7",4,482,0.00829875518672199
"TAB1",4,482,0.00829875518672199
"TADA2B",4,482,0.00829875518672199
"TADA3",4,482,0.00829875518672199
"TAF1B",4,482,0.00829875518672199
"TAF6L",4,482,0.00829875518672199
"TAF7L",4,482,0.00829875518672199
"TANGO6",4,482,0.00829875518672199
"TAP1",4,482,0.00829875518672199
"TAS1R1",4,482,0.00829875518672199
"TAS2R3",4,482,0.00829875518672199
"TAS2R31",4,482,0.00829875518672199
"TAS2R7",4,482,0.00829875518672199
"TAS2R9",4,482,0.00829875518672199
"TAX1BP1",4,482,0.00829875518672199
"TBC1D10C",4,482,0.00829875518672199
"TBC1D20",4,482,0.00829875518672199
"TBC1D28",4,482,0.00829875518672199
"TBC1D3F",4,482,0.00829875518672199
"TBCCD1",4,482,0.00829875518672199
"TBPL2",4,482,0.00829875518672199
"TBRG4",4,482,0.00829875518672199
"TCF23",4,482,0.00829875518672199
"TCF7L2",4,482,0.00829875518672199
"TCIRG1",4,482,0.00829875518672199
"TCL1B",4,482,0.00829875518672199
"TCN1",4,482,0.00829875518672199
"TCTEX1D1",4,482,0.00829875518672199
"TDO2",4,482,0.00829875518672199
"TDRKH",4,482,0.00829875518672199
"TEPSIN",4,482,0.00829875518672199
"TERT",4,482,0.00829875518672199
"TEX13B",4,482,0.00829875518672199
"TEX45",4,482,0.00829875518672199
"TFPI2",4,482,0.00829875518672199
"TFR2",4,482,0.00829875518672199
"TGFBI",4,482,0.00829875518672199
"THBS1",4,482,0.00829875518672199
"TIMM17A",4,482,0.00829875518672199
"TIMP2",4,482,0.00829875518672199
"TIMP3",4,482,0.00829875518672199
"TKFC",4,482,0.00829875518672199
"TLE6",4,482,0.00829875518672199
"TLR1",4,482,0.00829875518672199
"TLR6",4,482,0.00829875518672199
"TLR9",4,482,0.00829875518672199
"TLX3",4,482,0.00829875518672199
"TM4SF5",4,482,0.00829875518672199
"TM6SF2",4,482,0.00829875518672199
"TM9SF2",4,482,0.00829875518672199
"TM9SF4",4,482,0.00829875518672199
"TMED3",4,482,0.00829875518672199
"TMED8",4,482,0.00829875518672199
"TMEM100",4,482,0.00829875518672199
"TMEM120A",4,482,0.00829875518672199
"TMEM130",4,482,0.00829875518672199
"TMEM144",4,482,0.00829875518672199
"TMEM164",4,482,0.00829875518672199
"TMEM214",4,482,0.00829875518672199
"TMEM25",4,482,0.00829875518672199
"TMEM252",4,482,0.00829875518672199
"TMEM37",4,482,0.00829875518672199
"TMEM38A",4,482,0.00829875518672199
"TMEM41A",4,482,0.00829875518672199
"TMEM59L",4,482,0.00829875518672199
"TMEM62",4,482,0.00829875518672199
"TMEM74B",4,482,0.00829875518672199
"TMEM79",4,482,0.00829875518672199
"TMEM87B",4,482,0.00829875518672199
"TMLHE",4,482,0.00829875518672199
"TMOD3",4,482,0.00829875518672199
"TMPRSS11D",4,482,0.00829875518672199
"TMPRSS12",4,482,0.00829875518672199
"TMPRSS6",4,482,0.00829875518672199
"TMX4",4,482,0.00829875518672199
"TNFRSF1A",4,482,0.00829875518672199
"TNS4",4,482,0.00829875518672199
"TOMM70",4,482,0.00829875518672199
"TOP3B",4,482,0.00829875518672199
"TOR1AIP1",4,482,0.00829875518672199
"TOR1AIP2",4,482,0.00829875518672199
"TP53TG5",4,482,0.00829875518672199
"TPCN2",4,482,0.00829875518672199
"TPPP2",4,482,0.00829875518672199
"TPRX1",4,482,0.00829875518672199
"TPST1",4,482,0.00829875518672199
"TRA2B",4,482,0.00829875518672199
"TRAF1",4,482,0.00829875518672199
"TRAF2",4,482,0.00829875518672199
"TRAF3IP1",4,482,0.00829875518672199
"TRAV21",4,482,0.00829875518672199
"TRAV22",4,482,0.00829875518672199
"TRAV26-1",4,482,0.00829875518672199
"TRAV3",4,482,0.00829875518672199
"TRAV5",4,482,0.00829875518672199
"TRAV8-6",4,482,0.00829875518672199
"TRBV19",4,482,0.00829875518672199
"TRBV2",4,482,0.00829875518672199
"TRBV20-1",4,482,0.00829875518672199
"TRBV29-1",4,482,0.00829875518672199
"TRBV6-1",4,482,0.00829875518672199
"TREM2",4,482,0.00829875518672199
"TRGC1",4,482,0.00829875518672199
"TRGC2",4,482,0.00829875518672199
"TRIL",4,482,0.00829875518672199
"TRIM16L",4,482,0.00829875518672199
"TRIM23",4,482,0.00829875518672199
"TRIM63",4,482,0.00829875518672199
"TRIM68",4,482,0.00829875518672199
"TRIP4",4,482,0.00829875518672199
"TRMT1",4,482,0.00829875518672199
"TRMT10C",4,482,0.00829875518672199
"TRMT1L",4,482,0.00829875518672199
"TRMT6",4,482,0.00829875518672199
"TRMT9B",4,482,0.00829875518672199
"TSC22D2",4,482,0.00829875518672199
"TSKU",4,482,0.00829875518672199
"TSNAXIP1",4,482,0.00829875518672199
"TSPAN11",4,482,0.00829875518672199
"TSPAN18",4,482,0.00829875518672199
"TSTD2",4,482,0.00829875518672199
"TTC6",4,482,0.00829875518672199
"TTC7A",4,482,0.00829875518672199
"TTC7B",4,482,0.00829875518672199
"TTF2",4,482,0.00829875518672199
"TTLL1",4,482,0.00829875518672199
"TTLL11",4,482,0.00829875518672199
"TTLL8",4,482,0.00829875518672199
"TTYH1",4,482,0.00829875518672199
"TUBA1A",4,482,0.00829875518672199
"TUBA1C",4,482,0.00829875518672199
"TUBB4B",4,482,0.00829875518672199
"TUBE1",4,482,0.00829875518672199
"TUBGCP4",4,482,0.00829875518672199
"TUSC3",4,482,0.00829875518672199
"TXNRD1",4,482,0.00829875518672199
"TYRP1",4,482,0.00829875518672199
"TYW3",4,482,0.00829875518672199
"U2AF2",4,482,0.00829875518672199
"UBA6",4,482,0.00829875518672199
"UBE4A",4,482,0.00829875518672199
"UBL7",4,482,0.00829875518672199
"UBP1",4,482,0.00829875518672199
"UBR7",4,482,0.00829875518672199
"UBXN10",4,482,0.00829875518672199
"UCN3",4,482,0.00829875518672199
"UCP1",4,482,0.00829875518672199
"UCP3",4,482,0.00829875518672199
"UGP2",4,482,0.00829875518672199
"UGT1A10",4,482,0.00829875518672199
"UGT1A6",4,482,0.00829875518672199
"UGT1A7",4,482,0.00829875518672199
"UHMK1",4,482,0.00829875518672199
"UPB1",4,482,0.00829875518672199
"UPP2",4,482,0.00829875518672199
"USB1",4,482,0.00829875518672199
"USP16",4,482,0.00829875518672199
"USP22",4,482,0.00829875518672199
"USP3",4,482,0.00829875518672199
"USP4",4,482,0.00829875518672199
"USP43",4,482,0.00829875518672199
"UTP4",4,482,0.00829875518672199
"UVRAG",4,482,0.00829875518672199
"UVSSA",4,482,0.00829875518672199
"VANGL1",4,482,0.00829875518672199
"VARS2",4,482,0.00829875518672199
"VAX2",4,482,0.00829875518672199
"VDR",4,482,0.00829875518672199
"VEGFD",4,482,0.00829875518672199
"VMP1",4,482,0.00829875518672199
"VPS26B",4,482,0.00829875518672199
"VPS52",4,482,0.00829875518672199
"VRK2",4,482,0.00829875518672199
"VSIG8",4,482,0.00829875518672199
"WARS1",4,482,0.00829875518672199
"WBP2NL",4,482,0.00829875518672199
"WDR11",4,482,0.00829875518672199
"WDR19",4,482,0.00829875518672199
"WDR24",4,482,0.00829875518672199
"WDR43",4,482,0.00829875518672199
"WDR45",4,482,0.00829875518672199
"WDR46",4,482,0.00829875518672199
"WDR53",4,482,0.00829875518672199
"WDR75",4,482,0.00829875518672199
"WDR86",4,482,0.00829875518672199
"WFDC8",4,482,0.00829875518672199
"WIPI2",4,482,0.00829875518672199
"WNT7B",4,482,0.00829875518672199
"WWTR1",4,482,0.00829875518672199
"XCR1",4,482,0.00829875518672199
"XKR5",4,482,0.00829875518672199
"XPO1",4,482,0.00829875518672199
"XPO5",4,482,0.00829875518672199
"XPO7",4,482,0.00829875518672199
"XPR1",4,482,0.00829875518672199
"XRCC2",4,482,0.00829875518672199
"XRCC6",4,482,0.00829875518672199
"XRRA1",4,482,0.00829875518672199
"XYLB",4,482,0.00829875518672199
"YIPF4",4,482,0.00829875518672199
"Z83844.2",4,482,0.00829875518672199
"ZBTB1",4,482,0.00829875518672199
"ZBTB14",4,482,0.00829875518672199
"ZBTB21",4,482,0.00829875518672199
"ZBTB33",4,482,0.00829875518672199
"ZBTB4",4,482,0.00829875518672199
"ZBTB45",4,482,0.00829875518672199
"ZBTB8A",4,482,0.00829875518672199
"ZCCHC13",4,482,0.00829875518672199
"ZCCHC7",4,482,0.00829875518672199
"ZCRB1",4,482,0.00829875518672199
"ZDHHC21",4,482,0.00829875518672199
"ZDHHC23",4,482,0.00829875518672199
"ZDHHC5",4,482,0.00829875518672199
"ZDHHC6",4,482,0.00829875518672199
"ZFAND1",4,482,0.00829875518672199
"ZFP1",4,482,0.00829875518672199
"ZFP2",4,482,0.00829875518672199
"ZFP3",4,482,0.00829875518672199
"ZHX3",4,482,0.00829875518672199
"ZKSCAN4",4,482,0.00829875518672199
"ZMAT4",4,482,0.00829875518672199
"ZNF12",4,482,0.00829875518672199
"ZNF121",4,482,0.00829875518672199
"ZNF140",4,482,0.00829875518672199
"ZNF146",4,482,0.00829875518672199
"ZNF157",4,482,0.00829875518672199
"ZNF169",4,482,0.00829875518672199
"ZNF19",4,482,0.00829875518672199
"ZNF223",4,482,0.00829875518672199
"ZNF256",4,482,0.00829875518672199
"ZNF277",4,482,0.00829875518672199
"ZNF286A",4,482,0.00829875518672199
"ZNF296",4,482,0.00829875518672199
"ZNF317",4,482,0.00829875518672199
"ZNF324B",4,482,0.00829875518672199
"ZNF326",4,482,0.00829875518672199
"ZNF354A",4,482,0.00829875518672199
"ZNF358",4,482,0.00829875518672199
"ZNF366",4,482,0.00829875518672199
"ZNF391",4,482,0.00829875518672199
"ZNF394",4,482,0.00829875518672199
"ZNF426",4,482,0.00829875518672199
"ZNF433",4,482,0.00829875518672199
"ZNF436",4,482,0.00829875518672199
"ZNF468",4,482,0.00829875518672199
"ZNF474",4,482,0.00829875518672199
"ZNF490",4,482,0.00829875518672199
"ZNF510",4,482,0.00829875518672199
"ZNF512",4,482,0.00829875518672199
"ZNF517",4,482,0.00829875518672199
"ZNF547",4,482,0.00829875518672199
"ZNF554",4,482,0.00829875518672199
"ZNF556",4,482,0.00829875518672199
"ZNF564",4,482,0.00829875518672199
"ZNF582",4,482,0.00829875518672199
"ZNF619",4,482,0.00829875518672199
"ZNF624",4,482,0.00829875518672199
"ZNF649",4,482,0.00829875518672199
"ZNF668",4,482,0.00829875518672199
"ZNF69",4,482,0.00829875518672199
"ZNF695",4,482,0.00829875518672199
"ZNF699",4,482,0.00829875518672199
"ZNF705A",4,482,0.00829875518672199
"ZNF749",4,482,0.00829875518672199
"ZNF75A",4,482,0.00829875518672199
"ZNF76",4,482,0.00829875518672199
"ZNF763",4,482,0.00829875518672199
"ZNF775",4,482,0.00829875518672199
"ZNF782",4,482,0.00829875518672199
"ZNF787",4,482,0.00829875518672199
"ZNF799",4,482,0.00829875518672199
"ZNF816",4,482,0.00829875518672199
"ZNF83",4,482,0.00829875518672199
"ZNF830",4,482,0.00829875518672199
"ZNF846",4,482,0.00829875518672199
"ZNHIT1",4,482,0.00829875518672199
"ZNHIT2",4,482,0.00829875518672199
"ZP1",4,482,0.00829875518672199
"ZP3",4,482,0.00829875518672199
"ZRANB2",4,482,0.00829875518672199
"ZSCAN16",4,482,0.00829875518672199
"ZSCAN2",4,482,0.00829875518672199
"ZSCAN30",4,482,0.00829875518672199
"ZSWIM1",4,482,0.00829875518672199
"ZUP1",4,482,0.00829875518672199
"ZXDB",4,482,0.00829875518672199
"AAAS",3,482,0.00622406639004149
"AACS",3,482,0.00622406639004149
"AADACL3",3,482,0.00622406639004149
"AAGAB",3,482,0.00622406639004149
"ABCB9",3,482,0.00622406639004149
"ABCF1",3,482,0.00622406639004149
"ABCG5",3,482,0.00622406639004149
"ABHD15",3,482,0.00622406639004149
"ABHD16A",3,482,0.00622406639004149
"ABRAXAS1",3,482,0.00622406639004149
"ABTB1",3,482,0.00622406639004149
"AC008676.3",3,482,0.00622406639004149
"AC024598.1",3,482,0.00622406639004149
"AC091959.1",3,482,0.00622406639004149
"ACADL",3,482,0.00622406639004149
"ACAP3",3,482,0.00622406639004149
"ACAT1",3,482,0.00622406639004149
"ACAT2",3,482,0.00622406639004149
"ACD",3,482,0.00622406639004149
"ACKR3",3,482,0.00622406639004149
"ACO2",3,482,0.00622406639004149
"ACOT12",3,482,0.00622406639004149
"ACOT7",3,482,0.00622406639004149
"ACP6",3,482,0.00622406639004149
"ACRV1",3,482,0.00622406639004149
"ACSF3",3,482,0.00622406639004149
"ACSL3",3,482,0.00622406639004149
"ACTG1",3,482,0.00622406639004149
"ACTL6A",3,482,0.00622406639004149
"ACTR1B",3,482,0.00622406639004149
"ACTR3B",3,482,0.00622406639004149
"ACVR1",3,482,0.00622406639004149
"ACY3",3,482,0.00622406639004149
"ADAL",3,482,0.00622406639004149
"ADAMTSL2",3,482,0.00622406639004149
"ADGRE5",3,482,0.00622406639004149
"ADH1A",3,482,0.00622406639004149
"ADIPOQ",3,482,0.00622406639004149
"ADIPOR1",3,482,0.00622406639004149
"ADPRHL1",3,482,0.00622406639004149
"ADRA2C",3,482,0.00622406639004149
"ADRB3",3,482,0.00622406639004149
"ADSS1",3,482,0.00622406639004149
"ADSS2",3,482,0.00622406639004149
"AEN",3,482,0.00622406639004149
"AFAP1L2",3,482,0.00622406639004149
"AFM",3,482,0.00622406639004149
"AGFG2",3,482,0.00622406639004149
"AGO2",3,482,0.00622406639004149
"AGPAT5",3,482,0.00622406639004149
"AHCYL1",3,482,0.00622406639004149
"AIFM2",3,482,0.00622406639004149
"AIMP1",3,482,0.00622406639004149
"AIMP2",3,482,0.00622406639004149
"AK8",3,482,0.00622406639004149
"AKIRIN2",3,482,0.00622406639004149
"AKR1A1",3,482,0.00622406639004149
"AKR1B1",3,482,0.00622406639004149
"AKR1B15",3,482,0.00622406639004149
"AKR7A2",3,482,0.00622406639004149
"ALDH2",3,482,0.00622406639004149
"ALDOA",3,482,0.00622406639004149
"ALG6",3,482,0.00622406639004149
"ALKBH1",3,482,0.00622406639004149
"ALKBH3",3,482,0.00622406639004149
"ALKBH4",3,482,0.00622406639004149
"ALKBH6",3,482,0.00622406639004149
"ALOXE3",3,482,0.00622406639004149
"ALPL",3,482,0.00622406639004149
"ALS2CL",3,482,0.00622406639004149
"AMBP",3,482,0.00622406639004149
"AMPD2",3,482,0.00622406639004149
"AMZ1",3,482,0.00622406639004149
"ANGEL2",3,482,0.00622406639004149
"ANGPTL4",3,482,0.00622406639004149
"ANKDD1A",3,482,0.00622406639004149
"ANKLE1",3,482,0.00622406639004149
"ANKRD13A",3,482,0.00622406639004149
"ANKRD16",3,482,0.00622406639004149
"ANKRD20A4P",3,482,0.00622406639004149
"ANKRD46",3,482,0.00622406639004149
"ANKRD49",3,482,0.00622406639004149
"ANKS6",3,482,0.00622406639004149
"ANO7",3,482,0.00622406639004149
"ANXA4",3,482,0.00622406639004149
"ANXA6",3,482,0.00622406639004149
"ANXA9",3,482,0.00622406639004149
"APLP2",3,482,0.00622406639004149
"APOA5",3,482,0.00622406639004149
"APOL2",3,482,0.00622406639004149
"APOL4",3,482,0.00622406639004149
"APOL5",3,482,0.00622406639004149
"APOO",3,482,0.00622406639004149
"AQP11",3,482,0.00622406639004149
"AQP3",3,482,0.00622406639004149
"AQP5",3,482,0.00622406639004149
"ARAF",3,482,0.00622406639004149
"ARFGAP1",3,482,0.00622406639004149
"ARFGAP3",3,482,0.00622406639004149
"ARHGAP10",3,482,0.00622406639004149
"ARHGEF19",3,482,0.00622406639004149
"ARHGEF25",3,482,0.00622406639004149
"ARHGEF37",3,482,0.00622406639004149
"ARHGEF38",3,482,0.00622406639004149
"ARL4A",3,482,0.00622406639004149
"ARNTL",3,482,0.00622406639004149
"ARRB2",3,482,0.00622406639004149
"ARRDC2",3,482,0.00622406639004149
"ARRDC3",3,482,0.00622406639004149
"ARSA",3,482,0.00622406639004149
"ARSB",3,482,0.00622406639004149
"ARSJ",3,482,0.00622406639004149
"ARSL",3,482,0.00622406639004149
"ASAH1",3,482,0.00622406639004149
"ASB13",3,482,0.00622406639004149
"ASB18",3,482,0.00622406639004149
"ASB7",3,482,0.00622406639004149
"ASB8",3,482,0.00622406639004149
"ASCC1",3,482,0.00622406639004149
"ASL",3,482,0.00622406639004149
"ASPHD1",3,482,0.00622406639004149
"ASPSCR1",3,482,0.00622406639004149
"ASS1",3,482,0.00622406639004149
"ATCAY",3,482,0.00622406639004149
"ATF4",3,482,0.00622406639004149
"ATF6B",3,482,0.00622406639004149
"ATF7IP2",3,482,0.00622406639004149
"ATG10",3,482,0.00622406639004149
"ATL3",3,482,0.00622406639004149
"ATP1B2",3,482,0.00622406639004149
"ATP23",3,482,0.00622406639004149
"ATP2C2",3,482,0.00622406639004149
"ATP6AP1",3,482,0.00622406639004149
"ATP6AP2",3,482,0.00622406639004149
"ATP6V1C2",3,482,0.00622406639004149
"ATRIP",3,482,0.00622406639004149
"ATXN7L1",3,482,0.00622406639004149
"ATXN7L2",3,482,0.00622406639004149
"AUH",3,482,0.00622406639004149
"AURKC",3,482,0.00622406639004149
"AZGP1",3,482,0.00622406639004149
"B3GALNT1",3,482,0.00622406639004149
"B3GALT5",3,482,0.00622406639004149
"B3GAT3",3,482,0.00622406639004149
"B3GNT4",3,482,0.00622406639004149
"B4GALNT1",3,482,0.00622406639004149
"B4GALNT2",3,482,0.00622406639004149
"B4GALT1",3,482,0.00622406639004149
"B4GALT3",3,482,0.00622406639004149
"BAIAP2L1",3,482,0.00622406639004149
"BANP",3,482,0.00622406639004149
"BCAP31",3,482,0.00622406639004149
"BCCIP",3,482,0.00622406639004149
"BCDIN3D",3,482,0.00622406639004149
"BCL2A1",3,482,0.00622406639004149
"BCO2",3,482,0.00622406639004149
"BEST1",3,482,0.00622406639004149
"BEST2",3,482,0.00622406639004149
"BEX1",3,482,0.00622406639004149
"BICDL1",3,482,0.00622406639004149
"BID",3,482,0.00622406639004149
"BIN1",3,482,0.00622406639004149
"BIRC2",3,482,0.00622406639004149
"BIRC7",3,482,0.00622406639004149
"BLVRA",3,482,0.00622406639004149
"BMP7",3,482,0.00622406639004149
"BNIP1",3,482,0.00622406639004149
"BNIP2",3,482,0.00622406639004149
"BPGM",3,482,0.00622406639004149
"BPIFB3",3,482,0.00622406639004149
"BPNT1",3,482,0.00622406639004149
"BRF2",3,482,0.00622406639004149
"BST2",3,482,0.00622406639004149
"BTBD10",3,482,0.00622406639004149
"BTLA",3,482,0.00622406639004149
"C11orf54",3,482,0.00622406639004149
"C12orf43",3,482,0.00622406639004149
"C12orf71",3,482,0.00622406639004149
"C15orf39",3,482,0.00622406639004149
"C16orf89",3,482,0.00622406639004149
"C16orf92",3,482,0.00622406639004149
"C17orf75",3,482,0.00622406639004149
"C17orf80",3,482,0.00622406639004149
"C19orf44",3,482,0.00622406639004149
"C19orf73",3,482,0.00622406639004149
"C1QA",3,482,0.00622406639004149
"C1QL1",3,482,0.00622406639004149
"C1QL3",3,482,0.00622406639004149
"C1QTNF2",3,482,0.00622406639004149
"C1QTNF9B",3,482,0.00622406639004149
"C1orf112",3,482,0.00622406639004149
"C1orf127",3,482,0.00622406639004149
"C1orf158",3,482,0.00622406639004149
"C1orf162",3,482,0.00622406639004149
"C1orf174",3,482,0.00622406639004149
"C1orf56",3,482,0.00622406639004149
"C1orf74",3,482,0.00622406639004149
"C20orf27",3,482,0.00622406639004149
"C21orf91",3,482,0.00622406639004149
"C2CD6",3,482,0.00622406639004149
"C3orf22",3,482,0.00622406639004149
"C4A",3,482,0.00622406639004149
"C4orf19",3,482,0.00622406639004149
"C5orf38",3,482,0.00622406639004149
"C5orf49",3,482,0.00622406639004149
"C7orf25",3,482,0.00622406639004149
"C7orf50",3,482,0.00622406639004149
"C8orf37",3,482,0.00622406639004149
"C9orf135",3,482,0.00622406639004149
"C9orf24",3,482,0.00622406639004149
"C9orf43",3,482,0.00622406639004149
"C9orf72",3,482,0.00622406639004149
"CA12",3,482,0.00622406639004149
"CAB39L",3,482,0.00622406639004149
"CABP1",3,482,0.00622406639004149
"CABP4",3,482,0.00622406639004149
"CABP5",3,482,0.00622406639004149
"CABYR",3,482,0.00622406639004149
"CACNB3",3,482,0.00622406639004149
"CACNG6",3,482,0.00622406639004149
"CACTIN",3,482,0.00622406639004149
"CALB2",3,482,0.00622406639004149
"CALML5",3,482,0.00622406639004149
"CALR",3,482,0.00622406639004149
"CAMKV",3,482,0.00622406639004149
"CAPG",3,482,0.00622406639004149
"CAPN1",3,482,0.00622406639004149
"CAPS2",3,482,0.00622406639004149
"CAPZA1",3,482,0.00622406639004149
"CARD14",3,482,0.00622406639004149
"CASC3",3,482,0.00622406639004149
"CASKIN1",3,482,0.00622406639004149
"CASP7",3,482,0.00622406639004149
"CASQ2",3,482,0.00622406639004149
"CBARP",3,482,0.00622406639004149
"CBFB",3,482,0.00622406639004149
"CBWD5",3,482,0.00622406639004149
"CCDC112",3,482,0.00622406639004149
"CCDC114",3,482,0.00622406639004149
"CCDC120",3,482,0.00622406639004149
"CCDC121",3,482,0.00622406639004149
"CCDC130",3,482,0.00622406639004149
"CCDC157",3,482,0.00622406639004149
"CCDC186",3,482,0.00622406639004149
"CCDC197",3,482,0.00622406639004149
"CCDC22",3,482,0.00622406639004149
"CCDC34",3,482,0.00622406639004149
"CCDC65",3,482,0.00622406639004149
"CCDC70",3,482,0.00622406639004149
"CCDC77",3,482,0.00622406639004149
"CCDC86",3,482,0.00622406639004149
"CCDC91",3,482,0.00622406639004149
"CCDC92",3,482,0.00622406639004149
"CCDC96",3,482,0.00622406639004149
"CCIN",3,482,0.00622406639004149
"CCL28",3,482,0.00622406639004149
"CCL3",3,482,0.00622406639004149
"CCNA1",3,482,0.00622406639004149
"CCNB1IP1",3,482,0.00622406639004149
"CCNG2",3,482,0.00622406639004149
"CCNJL",3,482,0.00622406639004149
"CCNYL1",3,482,0.00622406639004149
"CCRL2",3,482,0.00622406639004149
"CCT4",3,482,0.00622406639004149
"CCT7",3,482,0.00622406639004149
"CD177",3,482,0.00622406639004149
"CD200",3,482,0.00622406639004149
"CD2AP",3,482,0.00622406639004149
"CD300LD",3,482,0.00622406639004149
"CD3G",3,482,0.00622406639004149
"CD40LG",3,482,0.00622406639004149
"CD68",3,482,0.00622406639004149
"CD70",3,482,0.00622406639004149
"CD80",3,482,0.00622406639004149
"CD82",3,482,0.00622406639004149
"CD86",3,482,0.00622406639004149
"CDC14A",3,482,0.00622406639004149
"CDC37",3,482,0.00622406639004149
"CDC42EP1",3,482,0.00622406639004149
"CDCA4",3,482,0.00622406639004149
"CDCA5",3,482,0.00622406639004149
"CDCP1",3,482,0.00622406639004149
"CDIN1",3,482,0.00622406639004149
"CDK6",3,482,0.00622406639004149
"CDKL4",3,482,0.00622406639004149
"CDKN1A",3,482,0.00622406639004149
"CDNF",3,482,0.00622406639004149
"CDT1",3,482,0.00622406639004149
"CEACAM21",3,482,0.00622406639004149
"CEACAM6",3,482,0.00622406639004149
"CEACAM7",3,482,0.00622406639004149
"CEBPZ",3,482,0.00622406639004149
"CELF3",3,482,0.00622406639004149
"CELF6",3,482,0.00622406639004149
"CENPC",3,482,0.00622406639004149
"CEP19",3,482,0.00622406639004149
"CEP20",3,482,0.00622406639004149
"CEP41",3,482,0.00622406639004149
"CEP44",3,482,0.00622406639004149
"CEP57",3,482,0.00622406639004149
"CEP85",3,482,0.00622406639004149
"CERS5",3,482,0.00622406639004149
"CES4A",3,482,0.00622406639004149
"CETN2",3,482,0.00622406639004149
"CFAP94",3,482,0.00622406639004149
"CFC1",3,482,0.00622406639004149
"CHERP",3,482,0.00622406639004149
"CHI3L1",3,482,0.00622406639004149
"CHN1",3,482,0.00622406639004149
"CHODL",3,482,0.00622406639004149
"CHP2",3,482,0.00622406639004149
"CHPF2",3,482,0.00622406639004149
"CHRM4",3,482,0.00622406639004149
"CHST4",3,482,0.00622406639004149
"CIAO2A",3,482,0.00622406639004149
"CIART",3,482,0.00622406639004149
"CIB1",3,482,0.00622406639004149
"CIB4",3,482,0.00622406639004149
"CIR1",3,482,0.00622406639004149
"CKAP4",3,482,0.00622406639004149
"CLASRP",3,482,0.00622406639004149
"CLCN3",3,482,0.00622406639004149
"CLEC11A",3,482,0.00622406639004149
"CLEC3A",3,482,0.00622406639004149
"CLEC3B",3,482,0.00622406639004149
"CLEC4A",3,482,0.00622406639004149
"CLINT1",3,482,0.00622406639004149
"CLK2",3,482,0.00622406639004149
"CLN3",3,482,0.00622406639004149
"CLPX",3,482,0.00622406639004149
"CLTA",3,482,0.00622406639004149
"CLTRN",3,482,0.00622406639004149
"CLUL1",3,482,0.00622406639004149
"CMIP",3,482,0.00622406639004149
"CMPK2",3,482,0.00622406639004149
"CNNM3",3,482,0.00622406639004149
"CNOT8",3,482,0.00622406639004149
"CNR2",3,482,0.00622406639004149
"CNTFR",3,482,0.00622406639004149
"COA6",3,482,0.00622406639004149
"COA8",3,482,0.00622406639004149
"COASY",3,482,0.00622406639004149
"COG5",3,482,0.00622406639004149
"COL23A1",3,482,0.00622406639004149
"COMMD10",3,482,0.00622406639004149
"COMMD2",3,482,0.00622406639004149
"COPB2",3,482,0.00622406639004149
"COPE",3,482,0.00622406639004149
"COPG2",3,482,0.00622406639004149
"COPS5",3,482,0.00622406639004149
"COPS7A",3,482,0.00622406639004149
"COPS7B",3,482,0.00622406639004149
"COQ3",3,482,0.00622406639004149
"CORO1B",3,482,0.00622406639004149
"CORO1C",3,482,0.00622406639004149
"CORO7-PAM16",3,482,0.00622406639004149
"COX10",3,482,0.00622406639004149
"CPE",3,482,0.00622406639004149
"CPM",3,482,0.00622406639004149
"CPNE2",3,482,0.00622406639004149
"CPNE7",3,482,0.00622406639004149
"CPO",3,482,0.00622406639004149
"CPPED1",3,482,0.00622406639004149
"CPSF4",3,482,0.00622406639004149
"CRABP2",3,482,0.00622406639004149
"CRACDL",3,482,0.00622406639004149
"CRADD",3,482,0.00622406639004149
"CREB3",3,482,0.00622406639004149
"CREB5",3,482,0.00622406639004149
"CRTAP",3,482,0.00622406639004149
"CRTC3",3,482,0.00622406639004149
"CRY1",3,482,0.00622406639004149
"CRYGB",3,482,0.00622406639004149
"CRYGC",3,482,0.00622406639004149
"CRYL1",3,482,0.00622406639004149
"CSKMT",3,482,0.00622406639004149
"CSNK1G1",3,482,0.00622406639004149
"CSRNP2",3,482,0.00622406639004149
"CSRP3",3,482,0.00622406639004149
"CST1",3,482,0.00622406639004149
"CST9L",3,482,0.00622406639004149
"CSTL1",3,482,0.00622406639004149
"CTDSPL2",3,482,0.00622406639004149
"CTLA4",3,482,0.00622406639004149
"CTNNB1",3,482,0.00622406639004149
"CTPS1",3,482,0.00622406639004149
"CTPS2",3,482,0.00622406639004149
"CTSA",3,482,0.00622406639004149
"CTSS",3,482,0.00622406639004149
"CTSV",3,482,0.00622406639004149
"CUEDC2",3,482,0.00622406639004149
"CUL2",3,482,0.00622406639004149
"CUTC",3,482,0.00622406639004149
"CWC25",3,482,0.00622406639004149
"CWC27",3,482,0.00622406639004149
"CXCL5",3,482,0.00622406639004149
"CXCL9",3,482,0.00622406639004149
"CXCR1",3,482,0.00622406639004149
"CXorf58",3,482,0.00622406639004149
"CYB561",3,482,0.00622406639004149
"CYCS",3,482,0.00622406639004149
"CYP20A1",3,482,0.00622406639004149
"CYP26A1",3,482,0.00622406639004149
"CYP2A13",3,482,0.00622406639004149
"CYP2A7",3,482,0.00622406639004149
"CYP2D6",3,482,0.00622406639004149
"CYP2R1",3,482,0.00622406639004149
"CYP2U1",3,482,0.00622406639004149
"CYP2W1",3,482,0.00622406639004149
"CYP39A1",3,482,0.00622406639004149
"CYP3A4",3,482,0.00622406639004149
"CYP3A7",3,482,0.00622406639004149
"CYP4B1",3,482,0.00622406639004149
"CYP4X1",3,482,0.00622406639004149
"CYTH2",3,482,0.00622406639004149
"CYTH3",3,482,0.00622406639004149
"DAB2IP",3,482,0.00622406639004149
"DALRD3",3,482,0.00622406639004149
"DAO",3,482,0.00622406639004149
"DAP3",3,482,0.00622406639004149
"DAPK2",3,482,0.00622406639004149
"DAPK3",3,482,0.00622406639004149
"DARS1",3,482,0.00622406639004149
"DBI",3,482,0.00622406639004149
"DBNDD1",3,482,0.00622406639004149
"DBNL",3,482,0.00622406639004149
"DBT",3,482,0.00622406639004149
"DBX1",3,482,0.00622406639004149
"DCAF4L1",3,482,0.00622406639004149
"DCDC2B",3,482,0.00622406639004149
"DCLRE1B",3,482,0.00622406639004149
"DCPS",3,482,0.00622406639004149
"DCTN4",3,482,0.00622406639004149
"DDX28",3,482,0.00622406639004149
"DDX39A",3,482,0.00622406639004149
"DDX3Y",3,482,0.00622406639004149
"DDX55",3,482,0.00622406639004149
"DECR1",3,482,0.00622406639004149
"DEF8",3,482,0.00622406639004149
"DEFA4",3,482,0.00622406639004149
"DEFB115",3,482,0.00622406639004149
"DEFB123",3,482,0.00622406639004149
"DEFB129",3,482,0.00622406639004149
"DENND1C",3,482,0.00622406639004149
"DENND2D",3,482,0.00622406639004149
"DENND6A",3,482,0.00622406639004149
"DEPDC4",3,482,0.00622406639004149
"DEPP1",3,482,0.00622406639004149
"DFFB",3,482,0.00622406639004149
"DHH",3,482,0.00622406639004149
"DHRS2",3,482,0.00622406639004149
"DHRS4",3,482,0.00622406639004149
"DHX32",3,482,0.00622406639004149
"DIRAS1",3,482,0.00622406639004149
"DIS3",3,482,0.00622406639004149
"DLG3",3,482,0.00622406639004149
"DLK2",3,482,0.00622406639004149
"DLL3",3,482,0.00622406639004149
"DMAP1",3,482,0.00622406639004149
"DMRTA2",3,482,0.00622406639004149
"DNAAF3",3,482,0.00622406639004149
"DNAJA2",3,482,0.00622406639004149
"DNAJB5",3,482,0.00622406639004149
"DNAJB7",3,482,0.00622406639004149
"DNAJB9",3,482,0.00622406639004149
"DNAJC25",3,482,0.00622406639004149
"DNAJC30",3,482,0.00622406639004149
"DNAJC5G",3,482,0.00622406639004149
"DNAJC9",3,482,0.00622406639004149
"DNASE1L1",3,482,0.00622406639004149
"DNASE1L3",3,482,0.00622406639004149
"DNM1",3,482,0.00622406639004149
"DNTTIP2",3,482,0.00622406639004149
"DOK2",3,482,0.00622406639004149
"DOK3",3,482,0.00622406639004149
"DOK5",3,482,0.00622406639004149
"DPEP3",3,482,0.00622406639004149
"DPP3",3,482,0.00622406639004149
"DPY19L4",3,482,0.00622406639004149
"DRAXIN",3,482,0.00622406639004149
"DRD1",3,482,0.00622406639004149
"DTL",3,482,0.00622406639004149
"DTNBP1",3,482,0.00622406639004149
"DUOXA1",3,482,0.00622406639004149
"DUSP11",3,482,0.00622406639004149
"DUSP29",3,482,0.00622406639004149
"DVL1",3,482,0.00622406639004149
"E2F1",3,482,0.00622406639004149
"EBAG9",3,482,0.00622406639004149
"ECD",3,482,0.00622406639004149
"ECHDC1",3,482,0.00622406639004149
"ECHDC2",3,482,0.00622406639004149
"EDA2R",3,482,0.00622406639004149
"EDDM3B",3,482,0.00622406639004149
"EDEM2",3,482,0.00622406639004149
"EEPD1",3,482,0.00622406639004149
"EFCAB14",3,482,0.00622406639004149
"EFEMP2",3,482,0.00622406639004149
"EFHD1",3,482,0.00622406639004149
"EFNA3",3,482,0.00622406639004149
"EFNA5",3,482,0.00622406639004149
"EGLN1",3,482,0.00622406639004149
"EIF2B1",3,482,0.00622406639004149
"EIF2D",3,482,0.00622406639004149
"EIF2S2",3,482,0.00622406639004149
"EIF3H",3,482,0.00622406639004149
"EIF3L",3,482,0.00622406639004149
"EIF3M",3,482,0.00622406639004149
"EIF6",3,482,0.00622406639004149
"ELAPOR1",3,482,0.00622406639004149
"ELAVL3",3,482,0.00622406639004149
"ELF3",3,482,0.00622406639004149
"ELMOD3",3,482,0.00622406639004149
"ELOVL3",3,482,0.00622406639004149
"ELOVL4",3,482,0.00622406639004149
"EMC7",3,482,0.00622406639004149
"EMCN",3,482,0.00622406639004149
"EME2",3,482,0.00622406639004149
"EMX2",3,482,0.00622406639004149
"ENG",3,482,0.00622406639004149
"ENPP5",3,482,0.00622406639004149
"EPHX2",3,482,0.00622406639004149
"EPN2",3,482,0.00622406639004149
"EPO",3,482,0.00622406639004149
"EPOR",3,482,0.00622406639004149
"EPS8L3",3,482,0.00622406639004149
"EPSTI1",3,482,0.00622406639004149
"ERAP2",3,482,0.00622406639004149
"ERAS",3,482,0.00622406639004149
"ERCC3",3,482,0.00622406639004149
"EREG",3,482,0.00622406639004149
"ERI3",3,482,0.00622406639004149
"ERO1A",3,482,0.00622406639004149
"ERP27",3,482,0.00622406639004149
"ERP44",3,482,0.00622406639004149
"ESCO1",3,482,0.00622406639004149
"ESCO2",3,482,0.00622406639004149
"ESRP1",3,482,0.00622406639004149
"ESS2",3,482,0.00622406639004149
"ETNK1",3,482,0.00622406639004149
"EVA1C",3,482,0.00622406639004149
"EVI2A",3,482,0.00622406639004149
"EVI5L",3,482,0.00622406639004149
"EWSR1",3,482,0.00622406639004149
"EXD1",3,482,0.00622406639004149
"EXD3",3,482,0.00622406639004149
"EXO5",3,482,0.00622406639004149
"EXOC6",3,482,0.00622406639004149
"EXOC6B",3,482,0.00622406639004149
"EXOC8",3,482,0.00622406639004149
"EXOSC10",3,482,0.00622406639004149
"EXOSC7",3,482,0.00622406639004149
"EXOSC9",3,482,0.00622406639004149
"EXTL2",3,482,0.00622406639004149
"EYA3",3,482,0.00622406639004149
"EZHIP",3,482,0.00622406639004149
"F2",3,482,0.00622406639004149
"F3",3,482,0.00622406639004149
"FABP1",3,482,0.00622406639004149
"FABP7",3,482,0.00622406639004149
"FADS2",3,482,0.00622406639004149
"FADS6",3,482,0.00622406639004149
"FAH",3,482,0.00622406639004149
"FAHD2B",3,482,0.00622406639004149
"FAM104B",3,482,0.00622406639004149
"FAM107A",3,482,0.00622406639004149
"FAM126A",3,482,0.00622406639004149
"FAM13B",3,482,0.00622406639004149
"FAM151B",3,482,0.00622406639004149
"FAM153A",3,482,0.00622406639004149
"FAM155B",3,482,0.00622406639004149
"FAM160B2",3,482,0.00622406639004149
"FAM171A1",3,482,0.00622406639004149
"FAM186B",3,482,0.00622406639004149
"FAM187B",3,482,0.00622406639004149
"FAM199X",3,482,0.00622406639004149
"FAM204A",3,482,0.00622406639004149
"FAM20B",3,482,0.00622406639004149
"FAM221A",3,482,0.00622406639004149
"FAM221B",3,482,0.00622406639004149
"FAM3B",3,482,0.00622406639004149
"FAM3D",3,482,0.00622406639004149
"FAM53B",3,482,0.00622406639004149
"FAM76B",3,482,0.00622406639004149
"FAM9B",3,482,0.00622406639004149
"FAXDC2",3,482,0.00622406639004149
"FBL",3,482,0.00622406639004149
"FBLIM1",3,482,0.00622406639004149
"FBLN1",3,482,0.00622406639004149
"FBXL12",3,482,0.00622406639004149
"FBXL19",3,482,0.00622406639004149
"FBXL5",3,482,0.00622406639004149
"FBXO16",3,482,0.00622406639004149
"FBXO28",3,482,0.00622406639004149
"FBXO32",3,482,0.00622406639004149
"FBXO33",3,482,0.00622406639004149
"FBXO41",3,482,0.00622406639004149
"FBXO45",3,482,0.00622406639004149
"FBXO8",3,482,0.00622406639004149
"FBXW8",3,482,0.00622406639004149
"FCAMR",3,482,0.00622406639004149
"FCER1A",3,482,0.00622406639004149
"FCGR1A",3,482,0.00622406639004149
"FDPS",3,482,0.00622406639004149
"FERMT1",3,482,0.00622406639004149
"FES",3,482,0.00622406639004149
"FGF16",3,482,0.00622406639004149
"FGF19",3,482,0.00622406639004149
"FGF7",3,482,0.00622406639004149
"FGF8",3,482,0.00622406639004149
"FGR",3,482,0.00622406639004149
"FHIT",3,482,0.00622406639004149
"FIGLA",3,482,0.00622406639004149
"FKBP14",3,482,0.00622406639004149
"FLOT2",3,482,0.00622406639004149
"FLRT1",3,482,0.00622406639004149
"FLVCR2",3,482,0.00622406639004149
"FLYWCH1",3,482,0.00622406639004149
"FMNL2",3,482,0.00622406639004149
"FNBP1",3,482,0.00622406639004149
"FOLR2",3,482,0.00622406639004149
"FOS",3,482,0.00622406639004149
"FOSL1",3,482,0.00622406639004149
"FOXB1",3,482,0.00622406639004149
"FOXC1",3,482,0.00622406639004149
"FOXD4L3",3,482,0.00622406639004149
"FOXD4L6",3,482,0.00622406639004149
"FOXE1",3,482,0.00622406639004149
"FOXJ1",3,482,0.00622406639004149
"FOXL2NB",3,482,0.00622406639004149
"FOXO3",3,482,0.00622406639004149
"FRRS1L",3,482,0.00622406639004149
"FSHB",3,482,0.00622406639004149
"FUCA2",3,482,0.00622406639004149
"FZD7",3,482,0.00622406639004149
"G3BP2",3,482,0.00622406639004149
"G6PD",3,482,0.00622406639004149
"GAGE1",3,482,0.00622406639004149
"GAGE10",3,482,0.00622406639004149
"GAL3ST4",3,482,0.00622406639004149
"GALNT11",3,482,0.00622406639004149
"GALNT15",3,482,0.00622406639004149
"GALT",3,482,0.00622406639004149
"GARS1",3,482,0.00622406639004149
"GAS6",3,482,0.00622406639004149
"GATA4",3,482,0.00622406639004149
"GATAD2A",3,482,0.00622406639004149
"GATM",3,482,0.00622406639004149
"GBGT1",3,482,0.00622406639004149
"GCNT3",3,482,0.00622406639004149
"GDAP1",3,482,0.00622406639004149
"GDPD3",3,482,0.00622406639004149
"GEMIN8",3,482,0.00622406639004149
"GFRA3",3,482,0.00622406639004149
"GGPS1",3,482,0.00622406639004149
"GGT1",3,482,0.00622406639004149
"GHDC",3,482,0.00622406639004149
"GINS3",3,482,0.00622406639004149
"GIP",3,482,0.00622406639004149
"GIPC1",3,482,0.00622406639004149
"GIT1",3,482,0.00622406639004149
"GJB4",3,482,0.00622406639004149
"GLCE",3,482,0.00622406639004149
"GLE1",3,482,0.00622406639004149
"GLI4",3,482,0.00622406639004149
"GLIPR1L1",3,482,0.00622406639004149
"GLRA1",3,482,0.00622406639004149
"GLRX3",3,482,0.00622406639004149
"GLUL",3,482,0.00622406639004149
"GMEB1",3,482,0.00622406639004149
"GMFG",3,482,0.00622406639004149
"GNA13",3,482,0.00622406639004149
"GNA15",3,482,0.00622406639004149
"GNAT3",3,482,0.00622406639004149
"GNB3",3,482,0.00622406639004149
"GNE",3,482,0.00622406639004149
"GNG11",3,482,0.00622406639004149
"GNG4",3,482,0.00622406639004149
"GOLT1B",3,482,0.00622406639004149
"GOPC",3,482,0.00622406639004149
"GP1BA",3,482,0.00622406639004149
"GP9",3,482,0.00622406639004149
"GPATCH2L",3,482,0.00622406639004149
"GPATCH4",3,482,0.00622406639004149
"GPBP1",3,482,0.00622406639004149
"GPBP1L1",3,482,0.00622406639004149
"GPIHBP1",3,482,0.00622406639004149
"GPKOW",3,482,0.00622406639004149
"GPR1",3,482,0.00622406639004149
"GPR108",3,482,0.00622406639004149
"GPR119",3,482,0.00622406639004149
"GPR132",3,482,0.00622406639004149
"GPR161",3,482,0.00622406639004149
"GPR173",3,482,0.00622406639004149
"GPR176",3,482,0.00622406639004149
"GPR180",3,482,0.00622406639004149
"GPR183",3,482,0.00622406639004149
"GPR22",3,482,0.00622406639004149
"GPR34",3,482,0.00622406639004149
"GPR75",3,482,0.00622406639004149
"GPRC5A",3,482,0.00622406639004149
"GPRC5B",3,482,0.00622406639004149
"GPSM1",3,482,0.00622406639004149
"GPX5",3,482,0.00622406639004149
"GREM1",3,482,0.00622406639004149
"GRHL2",3,482,0.00622406639004149
"GRHPR",3,482,0.00622406639004149
"GRIN2C",3,482,0.00622406639004149
"GRN",3,482,0.00622406639004149
"GRWD1",3,482,0.00622406639004149
"GSDMD",3,482,0.00622406639004149
"GSDME",3,482,0.00622406639004149
"GSN",3,482,0.00622406639004149
"GSTA1",3,482,0.00622406639004149
"GSTZ1",3,482,0.00622406639004149
"GSX1",3,482,0.00622406639004149
"GTF2E1",3,482,0.00622406639004149
"GTF2F1",3,482,0.00622406639004149
"GTF3C3",3,482,0.00622406639004149
"GTPBP10",3,482,0.00622406639004149
"GUCY2D",3,482,0.00622406639004149
"GUF1",3,482,0.00622406639004149
"GYG1",3,482,0.00622406639004149
"GYPE",3,482,0.00622406639004149
"GZMK",3,482,0.00622406639004149
"H1-4",3,482,0.00622406639004149
"H1-5",3,482,0.00622406639004149
"H1-6",3,482,0.00622406639004149
"H2AC12",3,482,0.00622406639004149
"H2AC13",3,482,0.00622406639004149
"H2AC20",3,482,0.00622406639004149
"H2AC4",3,482,0.00622406639004149
"H2BC10",3,482,0.00622406639004149
"H2BC5",3,482,0.00622406639004149
"H3-3A",3,482,0.00622406639004149
"H3-3B",3,482,0.00622406639004149
"H3C1",3,482,0.00622406639004149
"H3C11",3,482,0.00622406639004149
"H3C4",3,482,0.00622406639004149
"H4C9",3,482,0.00622406639004149
"HAPLN3",3,482,0.00622406639004149
"HAS3",3,482,0.00622406639004149
"HASPIN",3,482,0.00622406639004149
"HBP1",3,482,0.00622406639004149
"HDAC1",3,482,0.00622406639004149
"HDAC10",3,482,0.00622406639004149
"HDAC7",3,482,0.00622406639004149
"HDGF",3,482,0.00622406639004149
"HECTD2",3,482,0.00622406639004149
"HECTD3",3,482,0.00622406639004149
"HELLS",3,482,0.00622406639004149
"HES1",3,482,0.00622406639004149
"HEXD",3,482,0.00622406639004149
"HEY1",3,482,0.00622406639004149
"HHIPL1",3,482,0.00622406639004149
"HHLA2",3,482,0.00622406639004149
"HIBADH",3,482,0.00622406639004149
"HIC2",3,482,0.00622406639004149
"HIGD1B",3,482,0.00622406639004149
"HIRIP3",3,482,0.00622406639004149
"HLA-DQA2",3,482,0.00622406639004149
"HLA-E",3,482,0.00622406639004149
"HMGCR",3,482,0.00622406639004149
"HMX2",3,482,0.00622406639004149
"HNRNPA0",3,482,0.00622406639004149
"HNRNPDL",3,482,0.00622406639004149
"HNRNPL",3,482,0.00622406639004149
"HNRNPR",3,482,0.00622406639004149
"HNRNPU",3,482,0.00622406639004149
"HOPX",3,482,0.00622406639004149
"HORMAD1",3,482,0.00622406639004149
"HOXA4",3,482,0.00622406639004149
"HOXA5",3,482,0.00622406639004149
"HOXA7",3,482,0.00622406639004149
"HOXA9",3,482,0.00622406639004149
"HOXB2",3,482,0.00622406639004149
"HOXC12",3,482,0.00622406639004149
"HOXC13",3,482,0.00622406639004149
"HOXC6",3,482,0.00622406639004149
"HOXC8",3,482,0.00622406639004149
"HOXD11",3,482,0.00622406639004149
"HOXD13",3,482,0.00622406639004149
"HP1BP3",3,482,0.00622406639004149
"HPCAL1",3,482,0.00622406639004149
"HPRT1",3,482,0.00622406639004149
"HPS1",3,482,0.00622406639004149
"HPSE",3,482,0.00622406639004149
"HSCB",3,482,0.00622406639004149
"HSD11B1",3,482,0.00622406639004149
"HSD17B11",3,482,0.00622406639004149
"HSD17B7",3,482,0.00622406639004149
"HSDL2",3,482,0.00622406639004149
"HSF2",3,482,0.00622406639004149
"HSPA12B",3,482,0.00622406639004149
"HSPD1",3,482,0.00622406639004149
"HTRA1",3,482,0.00622406639004149
"HYAL3",3,482,0.00622406639004149
"ICA1L",3,482,0.00622406639004149
"IDH1",3,482,0.00622406639004149
"IDH3A",3,482,0.00622406639004149
"IFI27",3,482,0.00622406639004149
"IFIT1B",3,482,0.00622406639004149
"IFNA1",3,482,0.00622406639004149
"IFNA13",3,482,0.00622406639004149
"IFNA14",3,482,0.00622406639004149
"IFNA17",3,482,0.00622406639004149
"IFNAR1",3,482,0.00622406639004149
"IFNAR2",3,482,0.00622406639004149
"IFNG",3,482,0.00622406639004149
"IFNL1",3,482,0.00622406639004149
"IFRD1",3,482,0.00622406639004149
"IGF1",3,482,0.00622406639004149
"IGF1R",3,482,0.00622406639004149
"IGF2",3,482,0.00622406639004149
"IGFALS",3,482,0.00622406639004149
"IGFBP1",3,482,0.00622406639004149
"IGHV1-46",3,482,0.00622406639004149
"IGHV2-26",3,482,0.00622406639004149
"IGHV3-13",3,482,0.00622406639004149
"IGHV3-33",3,482,0.00622406639004149
"IGHV3-64",3,482,0.00622406639004149
"IGHV3-66",3,482,0.00622406639004149
"IGHV4-61",3,482,0.00622406639004149
"IGKC",3,482,0.00622406639004149
"IGKV1D-12",3,482,0.00622406639004149
"IGKV1D-33",3,482,0.00622406639004149
"IGKV2D-28",3,482,0.00622406639004149
"IGKV4-1",3,482,0.00622406639004149
"IGLC7",3,482,0.00622406639004149
"IGLL1",3,482,0.00622406639004149
"IGLV1-47",3,482,0.00622406639004149
"IGLV2-14",3,482,0.00622406639004149
"IGLV8-61",3,482,0.00622406639004149
"IGSF6",3,482,0.00622406639004149
"IL10RA",3,482,0.00622406639004149
"IL12A",3,482,0.00622406639004149
"IL13RA2",3,482,0.00622406639004149
"IL17A",3,482,0.00622406639004149
"IL17RB",3,482,0.00622406639004149
"IL17RE",3,482,0.00622406639004149
"IL17REL",3,482,0.00622406639004149
"IL18R1",3,482,0.00622406639004149
"IL1B",3,482,0.00622406639004149
"IL1R2",3,482,0.00622406639004149
"IL20RB",3,482,0.00622406639004149
"IL22",3,482,0.00622406639004149
"IL25",3,482,0.00622406639004149
"IL6",3,482,0.00622406639004149
"IL6ST",3,482,0.00622406639004149
"ILF2",3,482,0.00622406639004149
"ILKAP",3,482,0.00622406639004149
"IMPA1",3,482,0.00622406639004149
"IMPDH2",3,482,0.00622406639004149
"INA",3,482,0.00622406639004149
"INAVA",3,482,0.00622406639004149
"ING4",3,482,0.00622406639004149
"INHBC",3,482,0.00622406639004149
"INO80B",3,482,0.00622406639004149
"INPP1",3,482,0.00622406639004149
"INPP5J",3,482,0.00622406639004149
"INSIG1",3,482,0.00622406639004149
"INSL4",3,482,0.00622406639004149
"INSL6",3,482,0.00622406639004149
"INSM2",3,482,0.00622406639004149
"INTS11",3,482,0.00622406639004149
"INTS12",3,482,0.00622406639004149
"IRAG1",3,482,0.00622406639004149
"IRX4",3,482,0.00622406639004149
"ISL2",3,482,0.00622406639004149
"ISLR",3,482,0.00622406639004149
"ISLR2",3,482,0.00622406639004149
"ISM1",3,482,0.00622406639004149
"ISOC1",3,482,0.00622406639004149
"IZUMO1R",3,482,0.00622406639004149
"IZUMO4",3,482,0.00622406639004149
"JAGN1",3,482,0.00622406639004149
"JAM2",3,482,0.00622406639004149
"JAML",3,482,0.00622406639004149
"JCHAIN",3,482,0.00622406639004149
"JMY",3,482,0.00622406639004149
"JPT2",3,482,0.00622406639004149
"JUNB",3,482,0.00622406639004149
"JUND",3,482,0.00622406639004149
"KBTBD8",3,482,0.00622406639004149
"KCMF1",3,482,0.00622406639004149
"KCNC3",3,482,0.00622406639004149
"KCNE3",3,482,0.00622406639004149
"KCNJ14",3,482,0.00622406639004149
"KCNJ6",3,482,0.00622406639004149
"KCNJ9",3,482,0.00622406639004149
"KCNK16",3,482,0.00622406639004149
"KCNK6",3,482,0.00622406639004149
"KCNMB1",3,482,0.00622406639004149
"KCNRG",3,482,0.00622406639004149
"KCTD1",3,482,0.00622406639004149
"KCTD7",3,482,0.00622406639004149
"KDF1",3,482,0.00622406639004149
"KDM8",3,482,0.00622406639004149
"KIF20A",3,482,0.00622406639004149
"KIFC1",3,482,0.00622406639004149
"KIN",3,482,0.00622406639004149
"KLF17",3,482,0.00622406639004149
"KLF9",3,482,0.00622406639004149
"KLHDC7B",3,482,0.00622406639004149
"KLHL13",3,482,0.00622406639004149
"KLHL26",3,482,0.00622406639004149
"KLK4",3,482,0.00622406639004149
"KLK9",3,482,0.00622406639004149
"KLRC2",3,482,0.00622406639004149
"KLRC3",3,482,0.00622406639004149
"KMT5A",3,482,0.00622406639004149
"KNSTRN",3,482,0.00622406639004149
"KPNA2",3,482,0.00622406639004149
"KPNA3",3,482,0.00622406639004149
"KRT13",3,482,0.00622406639004149
"KRT14",3,482,0.00622406639004149
"KRT17",3,482,0.00622406639004149
"KRT26",3,482,0.00622406639004149
"KRT28",3,482,0.00622406639004149
"KRT32",3,482,0.00622406639004149
"KRT33B",3,482,0.00622406639004149
"KRT79",3,482,0.00622406639004149
"KRT81",3,482,0.00622406639004149
"KRTAP13-3",3,482,0.00622406639004149
"KRTAP15-1",3,482,0.00622406639004149
"KRTAP6-1",3,482,0.00622406639004149
"KRTAP6-3",3,482,0.00622406639004149
"KRTAP9-2",3,482,0.00622406639004149
"KSR1",3,482,0.00622406639004149
"KYAT3",3,482,0.00622406639004149
"L3MBTL2",3,482,0.00622406639004149
"LACC1",3,482,0.00622406639004149
"LAG3",3,482,0.00622406639004149
"LARP4",3,482,0.00622406639004149
"LARP6",3,482,0.00622406639004149
"LARS2",3,482,0.00622406639004149
"LBR",3,482,0.00622406639004149
"LCE1A",3,482,0.00622406639004149
"LCE1D",3,482,0.00622406639004149
"LCE1F",3,482,0.00622406639004149
"LCE3A",3,482,0.00622406639004149
"LCE4A",3,482,0.00622406639004149
"LCN8",3,482,0.00622406639004149
"LCORL",3,482,0.00622406639004149
"LDB1",3,482,0.00622406639004149
"LDHAL6B",3,482,0.00622406639004149
"LDHB",3,482,0.00622406639004149
"LDLRAP1",3,482,0.00622406639004149
"LEFTY1",3,482,0.00622406639004149
"LEP",3,482,0.00622406639004149
"LEXM",3,482,0.00622406639004149
"LGALS12",3,482,0.00622406639004149
"LGALS13",3,482,0.00622406639004149
"LGALS3BP",3,482,0.00622406639004149
"LGALS4",3,482,0.00622406639004149
"LGALS9C",3,482,0.00622406639004149
"LHX4",3,482,0.00622406639004149
"LIG1",3,482,0.00622406639004149
"LIN7B",3,482,0.00622406639004149
"LIN9",3,482,0.00622406639004149
"LINGO3",3,482,0.00622406639004149
"LIPE",3,482,0.00622406639004149
"LIPK",3,482,0.00622406639004149
"LIX1L",3,482,0.00622406639004149
"LMF2",3,482,0.00622406639004149
"LMNA",3,482,0.00622406639004149
"LMO1",3,482,0.00622406639004149
"LMOD3",3,482,0.00622406639004149
"LMX1B",3,482,0.00622406639004149
"LNX2",3,482,0.00622406639004149
"LOXL2",3,482,0.00622406639004149
"LOXL4",3,482,0.00622406639004149
"LPCAT3",3,482,0.00622406639004149
"LRCH1",3,482,0.00622406639004149
"LRIG1",3,482,0.00622406639004149
"LRP2BP",3,482,0.00622406639004149
"LRRC1",3,482,0.00622406639004149
"LRRC10",3,482,0.00622406639004149
"LRRC14B",3,482,0.00622406639004149
"LRRC3",3,482,0.00622406639004149
"LRRC34",3,482,0.00622406639004149
"LRRC75B",3,482,0.00622406639004149
"LRRTM2",3,482,0.00622406639004149
"LSM1",3,482,0.00622406639004149
"LTA",3,482,0.00622406639004149
"LUZP4",3,482,0.00622406639004149
"LY6G6C",3,482,0.00622406639004149
"LY6G6F-LY6G6D",3,482,0.00622406639004149
"LYZ",3,482,0.00622406639004149
"LYZL2",3,482,0.00622406639004149
"LYZL4",3,482,0.00622406639004149
"LYZL6",3,482,0.00622406639004149
"LZTFL1",3,482,0.00622406639004149
"LZTS2",3,482,0.00622406639004149
"LZTS3",3,482,0.00622406639004149
"MAB21L2",3,482,0.00622406639004149
"MAB21L3",3,482,0.00622406639004149
"MACROD1",3,482,0.00622406639004149
"MAGIX",3,482,0.00622406639004149
"MAK16",3,482,0.00622406639004149
"MAML3",3,482,0.00622406639004149
"MAN1B1",3,482,0.00622406639004149
"MANBAL",3,482,0.00622406639004149
"MANF",3,482,0.00622406639004149
"MAP1LC3B2",3,482,0.00622406639004149
"MAP2K5",3,482,0.00622406639004149
"MAP2K6",3,482,0.00622406639004149
"MAP3K14",3,482,0.00622406639004149
"MAP4K2",3,482,0.00622406639004149
"MAP7D1",3,482,0.00622406639004149
"MAPRE3",3,482,0.00622406639004149
"MARCHF7",3,482,0.00622406639004149
"MARCHF8",3,482,0.00622406639004149
"MARS1",3,482,0.00622406639004149
"MASP2",3,482,0.00622406639004149
"MATN3",3,482,0.00622406639004149
"MATR3",3,482,0.00622406639004149
"MAVS",3,482,0.00622406639004149
"MBD4",3,482,0.00622406639004149
"MBNL2",3,482,0.00622406639004149
"MBOAT7",3,482,0.00622406639004149
"MBTPS2",3,482,0.00622406639004149
"MCM7",3,482,0.00622406639004149
"MCM9",3,482,0.00622406639004149
"MCTP2",3,482,0.00622406639004149
"MDM2",3,482,0.00622406639004149
"MECP2",3,482,0.00622406639004149
"MED18",3,482,0.00622406639004149
"MED21",3,482,0.00622406639004149
"MED28",3,482,0.00622406639004149
"MED8",3,482,0.00622406639004149
"MEF2A",3,482,0.00622406639004149
"MEGF9",3,482,0.00622406639004149
"MEIS2",3,482,0.00622406639004149
"MEN1",3,482,0.00622406639004149
"METAP2",3,482,0.00622406639004149
"METTL18",3,482,0.00622406639004149
"METTL21C",3,482,0.00622406639004149
"METTL8",3,482,0.00622406639004149
"MFSD11",3,482,0.00622406639004149
"MFSD2A",3,482,0.00622406639004149
"MFSD4A",3,482,0.00622406639004149
"MFSD8",3,482,0.00622406639004149
"MGAT1",3,482,0.00622406639004149
"MGRN1",3,482,0.00622406639004149
"MIEN1",3,482,0.00622406639004149
"MIER1",3,482,0.00622406639004149
"MIIP",3,482,0.00622406639004149
"MINK1",3,482,0.00622406639004149
"MKNK1",3,482,0.00622406639004149
"MKRN1",3,482,0.00622406639004149
"MMP10",3,482,0.00622406639004149
"MMP11",3,482,0.00622406639004149
"MMP12",3,482,0.00622406639004149
"MMP26",3,482,0.00622406639004149
"MNX1",3,482,0.00622406639004149
"MORF4L2",3,482,0.00622406639004149
"MORN3",3,482,0.00622406639004149
"MPHOSPH6",3,482,0.00622406639004149
"MPIG6B",3,482,0.00622406639004149
"MPL",3,482,0.00622406639004149
"MPND",3,482,0.00622406639004149
"MPP2",3,482,0.00622406639004149
"MPP3",3,482,0.00622406639004149
"MPP5",3,482,0.00622406639004149
"MRAP2",3,482,0.00622406639004149
"MRGPRD",3,482,0.00622406639004149
"MRM2",3,482,0.00622406639004149
"MRO",3,482,0.00622406639004149
"MRPL1",3,482,0.00622406639004149
"MRPL2",3,482,0.00622406639004149
"MRPL30",3,482,0.00622406639004149
"MRPL37",3,482,0.00622406639004149
"MRPL4",3,482,0.00622406639004149
"MRPS18B",3,482,0.00622406639004149
"MSLNL",3,482,0.00622406639004149
"MSRB2",3,482,0.00622406639004149
"MSX2",3,482,0.00622406639004149
"MT1H",3,482,0.00622406639004149
"MTA2",3,482,0.00622406639004149
"MTERF1",3,482,0.00622406639004149
"MTHFR",3,482,0.00622406639004149
"MTIF3",3,482,0.00622406639004149
"MTMR10",3,482,0.00622406639004149
"MTMR2",3,482,0.00622406639004149
"MTO1",3,482,0.00622406639004149
"MTSS2",3,482,0.00622406639004149
"MUC15",3,482,0.00622406639004149
"MUS81",3,482,0.00622406639004149
"MVB12A",3,482,0.00622406639004149
"MVB12B",3,482,0.00622406639004149
"MX1",3,482,0.00622406639004149
"MXRA8",3,482,0.00622406639004149
"MYADM",3,482,0.00622406639004149
"MYL12A",3,482,0.00622406639004149
"MYL3",3,482,0.00622406639004149
"MYO1C",3,482,0.00622406639004149
"MYOZ2",3,482,0.00622406639004149
"MZT2A",3,482,0.00622406639004149
"N4BP2L1",3,482,0.00622406639004149
"NAA16",3,482,0.00622406639004149
"NAB2",3,482,0.00622406639004149
"NADK",3,482,0.00622406639004149
"NAGLU",3,482,0.00622406639004149
"NAIP",3,482,0.00622406639004149
"NAMPT",3,482,0.00622406639004149
"NAP1L1",3,482,0.00622406639004149
"NAPA",3,482,0.00622406639004149
"NAPSA",3,482,0.00622406639004149
"NBPF11",3,482,0.00622406639004149
"NBPF15",3,482,0.00622406639004149
"NBPF20",3,482,0.00622406639004149
"NBPF26",3,482,0.00622406639004149
"NCAPH2",3,482,0.00622406639004149
"NCK1",3,482,0.00622406639004149
"NCR3",3,482,0.00622406639004149
"NCS1",3,482,0.00622406639004149
"NDOR1",3,482,0.00622406639004149
"NDUFA10",3,482,0.00622406639004149
"NDUFB5",3,482,0.00622406639004149
"NDUFS7",3,482,0.00622406639004149
"NECAB1",3,482,0.00622406639004149
"NECAB2",3,482,0.00622406639004149
"NECAP1",3,482,0.00622406639004149
"NEFL",3,482,0.00622406639004149
"NEIL1",3,482,0.00622406639004149
"NEK11",3,482,0.00622406639004149
"NEK2",3,482,0.00622406639004149
"NELFA",3,482,0.00622406639004149
"NELFB",3,482,0.00622406639004149
"NEPRO",3,482,0.00622406639004149
"NEU3",3,482,0.00622406639004149
"NEUROG1",3,482,0.00622406639004149
"NFATC4",3,482,0.00622406639004149
"NFKBIL1",3,482,0.00622406639004149
"NFYA",3,482,0.00622406639004149
"NGDN",3,482,0.00622406639004149
"NIPA1",3,482,0.00622406639004149
"NIPAL2",3,482,0.00622406639004149
"NIPAL3",3,482,0.00622406639004149
"NIPSNAP1",3,482,0.00622406639004149
"NIPSNAP2",3,482,0.00622406639004149
"NKAIN1",3,482,0.00622406639004149
"NKAP",3,482,0.00622406639004149
"NKG7",3,482,0.00622406639004149
"NKRF",3,482,0.00622406639004149
"NKX2-1",3,482,0.00622406639004149
"NKX2-4",3,482,0.00622406639004149
"NKX3-2",3,482,0.00622406639004149
"NLN",3,482,0.00622406639004149
"NME9",3,482,0.00622406639004149
"NMNAT3",3,482,0.00622406639004149
"NMRK2",3,482,0.00622406639004149
"NMT2",3,482,0.00622406639004149
"NMU",3,482,0.00622406639004149
"NMUR1",3,482,0.00622406639004149
"NOC3L",3,482,0.00622406639004149
"NOL9",3,482,0.00622406639004149
"NOVA2",3,482,0.00622406639004149
"NPAS1",3,482,0.00622406639004149
"NPEPPS",3,482,0.00622406639004149
"NPFFR1",3,482,0.00622406639004149
"NPL",3,482,0.00622406639004149
"NPTXR",3,482,0.00622406639004149
"NPY4R",3,482,0.00622406639004149
"NR1H2",3,482,0.00622406639004149
"NR1I3",3,482,0.00622406639004149
"NR2E1",3,482,0.00622406639004149
"NR2F2",3,482,0.00622406639004149
"NR3C1",3,482,0.00622406639004149
"NR4A3",3,482,0.00622406639004149
"NRF1",3,482,0.00622406639004149
"NRG4",3,482,0.00622406639004149
"NRN1",3,482,0.00622406639004149
"NRSN2",3,482,0.00622406639004149
"NSFL1C",3,482,0.00622406639004149
"NSUN4",3,482,0.00622406639004149
"NT5M",3,482,0.00622406639004149
"NTN4",3,482,0.00622406639004149
"NUBPL",3,482,0.00622406639004149
"NUDT1",3,482,0.00622406639004149
"NUDT22",3,482,0.00622406639004149
"NUMB",3,482,0.00622406639004149
"NUP54",3,482,0.00622406639004149
"NUP58",3,482,0.00622406639004149
"NUSAP1",3,482,0.00622406639004149
"NXPH3",3,482,0.00622406639004149
"OAT",3,482,0.00622406639004149
"OCM",3,482,0.00622406639004149
"ODAM",3,482,0.00622406639004149
"ODF1",3,482,0.00622406639004149
"OLIG2",3,482,0.00622406639004149
"OLIG3",3,482,0.00622406639004149
"OMG",3,482,0.00622406639004149
"OPN1LW",3,482,0.00622406639004149
"OPTC",3,482,0.00622406639004149
"OPTN",3,482,0.00622406639004149
"OR10AD1",3,482,0.00622406639004149
"OR10H4",3,482,0.00622406639004149
"OR10H5",3,482,0.00622406639004149
"OR1A2",3,482,0.00622406639004149
"OR1D5",3,482,0.00622406639004149
"OR1E1",3,482,0.00622406639004149
"OR1F1",3,482,0.00622406639004149
"OR1G1",3,482,0.00622406639004149
"OR2T29",3,482,0.00622406639004149
"OR3A1",3,482,0.00622406639004149
"OR3A2",3,482,0.00622406639004149
"OR3A3",3,482,0.00622406639004149
"OR52I1",3,482,0.00622406639004149
"OR5C1",3,482,0.00622406639004149
"OR6C76",3,482,0.00622406639004149
"OR9A4",3,482,0.00622406639004149
"OSBPL10",3,482,0.00622406639004149
"OSBPL7",3,482,0.00622406639004149
"OSTC",3,482,0.00622406639004149
"OSTM1",3,482,0.00622406639004149
"OTOP2",3,482,0.00622406639004149
"OTOR",3,482,0.00622406639004149
"OXLD1",3,482,0.00622406639004149
"P2RX5",3,482,0.00622406639004149
"P2RY13",3,482,0.00622406639004149
"P3H3",3,482,0.00622406639004149
"PAF1",3,482,0.00622406639004149
"PAFAH1B1",3,482,0.00622406639004149
"PAFAH2",3,482,0.00622406639004149
"PAGE1",3,482,0.00622406639004149
"PAGE5",3,482,0.00622406639004149
"PAK2",3,482,0.00622406639004149
"PAK4",3,482,0.00622406639004149
"PAK6",3,482,0.00622406639004149
"PALLD",3,482,0.00622406639004149
"PALM",3,482,0.00622406639004149
"PAQR5",3,482,0.00622406639004149
"PAQR6",3,482,0.00622406639004149
"PARD6G",3,482,0.00622406639004149
"PARVA",3,482,0.00622406639004149
"PBLD",3,482,0.00622406639004149
"PCED1B",3,482,0.00622406639004149
"PCID2",3,482,0.00622406639004149
"PCK2",3,482,0.00622406639004149
"PDCD1",3,482,0.00622406639004149
"PDCD10",3,482,0.00622406639004149
"PDCD2L",3,482,0.00622406639004149
"PDCD6IP",3,482,0.00622406639004149
"PDCL",3,482,0.00622406639004149
"PDCL2",3,482,0.00622406639004149
"PDE4A",3,482,0.00622406639004149
"PDE6H",3,482,0.00622406639004149
"PDGFRL",3,482,0.00622406639004149
"PDIA3",3,482,0.00622406639004149
"PDIA6",3,482,0.00622406639004149
"PDK1",3,482,0.00622406639004149
"PDP2",3,482,0.00622406639004149
"PDSS1",3,482,0.00622406639004149
"PDSS2",3,482,0.00622406639004149
"PECR",3,482,0.00622406639004149
"PEX6",3,482,0.00622406639004149
"PGA3",3,482,0.00622406639004149
"PGBD5",3,482,0.00622406639004149
"PGC",3,482,0.00622406639004149
"PGLYRP1",3,482,0.00622406639004149
"PGLYRP3",3,482,0.00622406639004149
"PGM1",3,482,0.00622406639004149
"PHF12",3,482,0.00622406639004149
"PHF6",3,482,0.00622406639004149
"PHGDH",3,482,0.00622406639004149
"PHLDB3",3,482,0.00622406639004149
"PHOSPHO2",3,482,0.00622406639004149
"PHOX2A",3,482,0.00622406639004149
"PI4K2A",3,482,0.00622406639004149
"PI4K2B",3,482,0.00622406639004149
"PIFO",3,482,0.00622406639004149
"PIN4",3,482,0.00622406639004149
"PIP4K2B",3,482,0.00622406639004149
"PIP4P1",3,482,0.00622406639004149
"PITHD1",3,482,0.00622406639004149
"PITPNM1",3,482,0.00622406639004149
"PITRM1",3,482,0.00622406639004149
"PKD2L2",3,482,0.00622406639004149
"PKNOX1",3,482,0.00622406639004149
"PLA2G3",3,482,0.00622406639004149
"PLAAT1",3,482,0.00622406639004149
"PLAGL2",3,482,0.00622406639004149
"PLAT",3,482,0.00622406639004149
"PLBD2",3,482,0.00622406639004149
"PLCD1",3,482,0.00622406639004149
"PLD4",3,482,0.00622406639004149
"PLEKHA1",3,482,0.00622406639004149
"PLEKHF1",3,482,0.00622406639004149
"PLEKHM2",3,482,0.00622406639004149
"PLGRKT",3,482,0.00622406639004149
"PLIN3",3,482,0.00622406639004149
"PLIN5",3,482,0.00622406639004149
"PLK1",3,482,0.00622406639004149
"PLK3",3,482,0.00622406639004149
"PLP1",3,482,0.00622406639004149
"PLPP4",3,482,0.00622406639004149
"PLPP7",3,482,0.00622406639004149
"PLXDC1",3,482,0.00622406639004149
"PM20D1",3,482,0.00622406639004149
"PMCH",3,482,0.00622406639004149
"PMEPA1",3,482,0.00622406639004149
"PMP2",3,482,0.00622406639004149
"PNMA8B",3,482,0.00622406639004149
"PODXL",3,482,0.00622406639004149
"POFUT1",3,482,0.00622406639004149
"POLD3",3,482,0.00622406639004149
"POLDIP2",3,482,0.00622406639004149
"POLH",3,482,0.00622406639004149
"POLK",3,482,0.00622406639004149
"POLL",3,482,0.00622406639004149
"POLR2E",3,482,0.00622406639004149
"POLR2F",3,482,0.00622406639004149
"POLR2I",3,482,0.00622406639004149
"POLR3D",3,482,0.00622406639004149
"POMGNT1",3,482,0.00622406639004149
"POMK",3,482,0.00622406639004149
"POMT1",3,482,0.00622406639004149
"POMZP3",3,482,0.00622406639004149
"POU3F3",3,482,0.00622406639004149
"POU5F2",3,482,0.00622406639004149
"POU6F1",3,482,0.00622406639004149
"PPARD",3,482,0.00622406639004149
"PPCS",3,482,0.00622406639004149
"PPIC",3,482,0.00622406639004149
"PPM1A",3,482,0.00622406639004149
"PPP1CB",3,482,0.00622406639004149
"PPP1R16A",3,482,0.00622406639004149
"PPP1R3C",3,482,0.00622406639004149
"PPP2CA",3,482,0.00622406639004149
"PPP2R2D",3,482,0.00622406639004149
"PPP2R5E",3,482,0.00622406639004149
"PPP3CC",3,482,0.00622406639004149
"PPP4R2",3,482,0.00622406639004149
"PPP6C",3,482,0.00622406639004149
"PPP6R1",3,482,0.00622406639004149
"PPT2",3,482,0.00622406639004149
"PRAMEF10",3,482,0.00622406639004149
"PRAMEF6",3,482,0.00622406639004149
"PRDM12",3,482,0.00622406639004149
"PRDM8",3,482,0.00622406639004149
"PRKACB",3,482,0.00622406639004149
"PRKAR1A",3,482,0.00622406639004149
"PRKAR1B",3,482,0.00622406639004149
"PRKCD",3,482,0.00622406639004149
"PRL",3,482,0.00622406639004149
"PRNP",3,482,0.00622406639004149
"PROC",3,482,0.00622406639004149
"PROK1",3,482,0.00622406639004149
"PROK2",3,482,0.00622406639004149
"PROKR1",3,482,0.00622406639004149
"PRPF31",3,482,0.00622406639004149
"PRPF38B",3,482,0.00622406639004149
"PRPH",3,482,0.00622406639004149
"PRSS22",3,482,0.00622406639004149
"PRSS54",3,482,0.00622406639004149
"PRXL2A",3,482,0.00622406639004149
"PSAPL1",3,482,0.00622406639004149
"PSAT1",3,482,0.00622406639004149
"PSMA4",3,482,0.00622406639004149
"PSMB11",3,482,0.00622406639004149
"PSMC3IP",3,482,0.00622406639004149
"PSMC5",3,482,0.00622406639004149
"PSMC6",3,482,0.00622406639004149
"PSMD12",3,482,0.00622406639004149
"PSPH",3,482,0.00622406639004149
"PSTK",3,482,0.00622406639004149
"PTBP1",3,482,0.00622406639004149
"PTBP3",3,482,0.00622406639004149
"PTCRA",3,482,0.00622406639004149
"PTGIR",3,482,0.00622406639004149
"PTH1R",3,482,0.00622406639004149
"PTK2B",3,482,0.00622406639004149
"PTN",3,482,0.00622406639004149
"PTPDC1",3,482,0.00622406639004149
"PTPN1",3,482,0.00622406639004149
"PTTG2",3,482,0.00622406639004149
"PURG",3,482,0.00622406639004149
"PUS7",3,482,0.00622406639004149
"PWP1",3,482,0.00622406639004149
"PWWP3A",3,482,0.00622406639004149
"PXMP4",3,482,0.00622406639004149
"PXYLP1",3,482,0.00622406639004149
"PYCARD",3,482,0.00622406639004149
"PYGB",3,482,0.00622406639004149
"PYGO1",3,482,0.00622406639004149
"R3HDM4",3,482,0.00622406639004149
"RAB11FIP3",3,482,0.00622406639004149
"RAB13",3,482,0.00622406639004149
"RAB26",3,482,0.00622406639004149
"RAB28",3,482,0.00622406639004149
"RAB29",3,482,0.00622406639004149
"RAB38",3,482,0.00622406639004149
"RAB39A",3,482,0.00622406639004149
"RAB3C",3,482,0.00622406639004149
"RAB40AL",3,482,0.00622406639004149
"RAB5B",3,482,0.00622406639004149
"RAB6B",3,482,0.00622406639004149
"RAB6C",3,482,0.00622406639004149
"RABGEF1",3,482,0.00622406639004149
"RAC2",3,482,0.00622406639004149
"RACK1",3,482,0.00622406639004149
"RAD17",3,482,0.00622406639004149
"RAD18",3,482,0.00622406639004149
"RAD51D",3,482,0.00622406639004149
"RAD54L",3,482,0.00622406639004149
"RAD9B",3,482,0.00622406639004149
"RAE1",3,482,0.00622406639004149
"RALBP1",3,482,0.00622406639004149
"RAMP3",3,482,0.00622406639004149
"RANBP10",3,482,0.00622406639004149
"RANBP9",3,482,0.00622406639004149
"RAP1GAP2",3,482,0.00622406639004149
"RAP1GDS1",3,482,0.00622406639004149
"RARA",3,482,0.00622406639004149
"RASGEF1B",3,482,0.00622406639004149
"RASSF10",3,482,0.00622406639004149
"RASSF5",3,482,0.00622406639004149
"RASSF7",3,482,0.00622406639004149
"RAVER1",3,482,0.00622406639004149
"RBBP5",3,482,0.00622406639004149
"RBBP8",3,482,0.00622406639004149
"RBM23",3,482,0.00622406639004149
"RBM24",3,482,0.00622406639004149
"RBMS2",3,482,0.00622406639004149
"RBMS3",3,482,0.00622406639004149
"RCAN1",3,482,0.00622406639004149
"RCBTB2",3,482,0.00622406639004149
"RCC2",3,482,0.00622406639004149
"RCN1",3,482,0.00622406639004149
"RDH10",3,482,0.00622406639004149
"RDM1",3,482,0.00622406639004149
"RECQL5",3,482,0.00622406639004149
"REL",3,482,0.00622406639004149
"RELA",3,482,0.00622406639004149
"RELL1",3,482,0.00622406639004149
"REN",3,482,0.00622406639004149
"REPS2",3,482,0.00622406639004149
"RERGL",3,482,0.00622406639004149
"RETSAT",3,482,0.00622406639004149
"REXO1",3,482,0.00622406639004149
"REXO5",3,482,0.00622406639004149
"RFC5",3,482,0.00622406639004149
"RFTN1",3,482,0.00622406639004149
"RGL3",3,482,0.00622406639004149
"RGN",3,482,0.00622406639004149
"RGP1",3,482,0.00622406639004149
"RGS2",3,482,0.00622406639004149
"RGS4",3,482,0.00622406639004149
"RGS7BP",3,482,0.00622406639004149
"RGS9BP",3,482,0.00622406639004149
"RHBDL2",3,482,0.00622406639004149
"RHBDL3",3,482,0.00622406639004149
"RHEB",3,482,0.00622406639004149
"RHEBL1",3,482,0.00622406639004149
"RHEX",3,482,0.00622406639004149
"RHNO1",3,482,0.00622406639004149
"RHOA",3,482,0.00622406639004149
"RHOJ",3,482,0.00622406639004149
"RIC8A",3,482,0.00622406639004149
"RIC8B",3,482,0.00622406639004149
"RIMS3",3,482,0.00622406639004149
"RIMS4",3,482,0.00622406639004149
"RIN1",3,482,0.00622406639004149
"RIOK1",3,482,0.00622406639004149
"RIOK2",3,482,0.00622406639004149
"RIOX2",3,482,0.00622406639004149
"RIPK1",3,482,0.00622406639004149
"RIPK3",3,482,0.00622406639004149
"RIPPLY2",3,482,0.00622406639004149
"RIT1",3,482,0.00622406639004149
"RMDN3",3,482,0.00622406639004149
"RNASEH1",3,482,0.00622406639004149
"RND3",3,482,0.00622406639004149
"RNF126",3,482,0.00622406639004149
"RNF13",3,482,0.00622406639004149
"RNF130",3,482,0.00622406639004149
"RNF150",3,482,0.00622406639004149
"RNF181",3,482,0.00622406639004149
"RNF2",3,482,0.00622406639004149
"RNF208",3,482,0.00622406639004149
"RNF220",3,482,0.00622406639004149
"RNF32",3,482,0.00622406639004149
"RNF8",3,482,0.00622406639004149
"RNFT1",3,482,0.00622406639004149
"RNGTT",3,482,0.00622406639004149
"ROPN1",3,482,0.00622406639004149
"RORA",3,482,0.00622406639004149
"RPL19",3,482,0.00622406639004149
"RPL7A",3,482,0.00622406639004149
"RPLP0",3,482,0.00622406639004149
"RPN1",3,482,0.00622406639004149
"RPP40",3,482,0.00622406639004149
"RPS6KA4",3,482,0.00622406639004149
"RPUSD4",3,482,0.00622406639004149
"RRAS2",3,482,0.00622406639004149
"RRH",3,482,0.00622406639004149
"RSBN1L",3,482,0.00622406639004149
"RSPH1",3,482,0.00622406639004149
"RSPH3",3,482,0.00622406639004149
"RSPO3",3,482,0.00622406639004149
"RSRP1",3,482,0.00622406639004149
"RTCB",3,482,0.00622406639004149
"RTKN2",3,482,0.00622406639004149
"RTL10",3,482,0.00622406639004149
"RTL5",3,482,0.00622406639004149
"RTN3",3,482,0.00622406639004149
"RTN4IP1",3,482,0.00622406639004149
"RUFY1",3,482,0.00622406639004149
"RXRA",3,482,0.00622406639004149
"S1PR3",3,482,0.00622406639004149
"SAE1",3,482,0.00622406639004149
"SAMD8",3,482,0.00622406639004149
"SAR1A",3,482,0.00622406639004149
"SARS1",3,482,0.00622406639004149
"SASH3",3,482,0.00622406639004149
"SAXO2",3,482,0.00622406639004149
"SAYSD1",3,482,0.00622406639004149
"SBDS",3,482,0.00622406639004149
"SBK2",3,482,0.00622406639004149
"SBNO2",3,482,0.00622406639004149
"SC5D",3,482,0.00622406639004149
"SCAF1",3,482,0.00622406639004149
"SCAMP1",3,482,0.00622406639004149
"SCARF2",3,482,0.00622406639004149
"SCGB2A2",3,482,0.00622406639004149
"SCIN",3,482,0.00622406639004149
"SCMH1",3,482,0.00622406639004149
"SCN1B",3,482,0.00622406639004149
"SCRN2",3,482,0.00622406639004149
"SCRN3",3,482,0.00622406639004149
"SCUBE3",3,482,0.00622406639004149
"SDC3",3,482,0.00622406639004149
"SDR39U1",3,482,0.00622406639004149
"SDR9C7",3,482,0.00622406639004149
"SEC11A",3,482,0.00622406639004149
"SEL1L3",3,482,0.00622406639004149
"SELENOI",3,482,0.00622406639004149
"SELENON",3,482,0.00622406639004149
"SEMA6A",3,482,0.00622406639004149
"SEMA6B",3,482,0.00622406639004149
"SEMA7A",3,482,0.00622406639004149
"SEMG1",3,482,0.00622406639004149
"SEPHS2",3,482,0.00622406639004149
"SEPSECS",3,482,0.00622406639004149
"SEPTIN7",3,482,0.00622406639004149
"SERBP1",3,482,0.00622406639004149
"SERGEF",3,482,0.00622406639004149
"SERHL2",3,482,0.00622406639004149
"SERINC2",3,482,0.00622406639004149
"SERPINA1",3,482,0.00622406639004149
"SERPINB13",3,482,0.00622406639004149
"SERPIND1",3,482,0.00622406639004149
"SERTAD3",3,482,0.00622406639004149
"SETD6",3,482,0.00622406639004149
"SFPQ",3,482,0.00622406639004149
"SFTPD",3,482,0.00622406639004149
"SFXN4",3,482,0.00622406639004149
"SGCG",3,482,0.00622406639004149
"SGPP2",3,482,0.00622406639004149
"SGSH",3,482,0.00622406639004149
"SGSM3",3,482,0.00622406639004149
"SH2D2A",3,482,0.00622406639004149
"SH2D7",3,482,0.00622406639004149
"SH3GL1",3,482,0.00622406639004149
"SH3GL3",3,482,0.00622406639004149
"SHBG",3,482,0.00622406639004149
"SHD",3,482,0.00622406639004149
"SHH",3,482,0.00622406639004149
"SHISA3",3,482,0.00622406639004149
"SHISAL2A",3,482,0.00622406639004149
"SHLD1",3,482,0.00622406639004149
"SIM2",3,482,0.00622406639004149
"SIRT4",3,482,0.00622406639004149
"SIRT7",3,482,0.00622406639004149
"SIX2",3,482,0.00622406639004149
"SKA3",3,482,0.00622406639004149
"SKI",3,482,0.00622406639004149
"SLAMF7",3,482,0.00622406639004149
"SLC10A5",3,482,0.00622406639004149
"SLC13A2",3,482,0.00622406639004149
"SLC16A5",3,482,0.00622406639004149
"SLC16A6",3,482,0.00622406639004149
"SLC20A2",3,482,0.00622406639004149
"SLC22A15",3,482,0.00622406639004149
"SLC22A5",3,482,0.00622406639004149
"SLC25A10",3,482,0.00622406639004149
"SLC25A14",3,482,0.00622406639004149
"SLC25A46",3,482,0.00622406639004149
"SLC25A47",3,482,0.00622406639004149
"SLC25A53",3,482,0.00622406639004149
"SLC29A1",3,482,0.00622406639004149
"SLC2A11",3,482,0.00622406639004149
"SLC2A7",3,482,0.00622406639004149
"SLC30A1",3,482,0.00622406639004149
"SLC30A4",3,482,0.00622406639004149
"SLC30A9",3,482,0.00622406639004149
"SLC35A2",3,482,0.00622406639004149
"SLC35C1",3,482,0.00622406639004149
"SLC35C2",3,482,0.00622406639004149
"SLC35D3",3,482,0.00622406639004149
"SLC35F5",3,482,0.00622406639004149
"SLC36A2",3,482,0.00622406639004149
"SLC38A11",3,482,0.00622406639004149
"SLC38A4",3,482,0.00622406639004149
"SLC38A5",3,482,0.00622406639004149
"SLC3A2",3,482,0.00622406639004149
"SLC41A1",3,482,0.00622406639004149
"SLC43A1",3,482,0.00622406639004149
"SLC44A3",3,482,0.00622406639004149
"SLC46A1",3,482,0.00622406639004149
"SLC49A4",3,482,0.00622406639004149
"SLC51A",3,482,0.00622406639004149
"SLC52A2",3,482,0.00622406639004149
"SLC52A3",3,482,0.00622406639004149
"SLC66A2",3,482,0.00622406639004149
"SLC6A8",3,482,0.00622406639004149
"SLC7A4",3,482,0.00622406639004149
"SLC7A6",3,482,0.00622406639004149
"SLC7A7",3,482,0.00622406639004149
"SLC7A9",3,482,0.00622406639004149
"SLMAP",3,482,0.00622406639004149
"SLU7",3,482,0.00622406639004149
"SMAP1",3,482,0.00622406639004149
"SMARCD1",3,482,0.00622406639004149
"SMOC1",3,482,0.00622406639004149
"SMOC2",3,482,0.00622406639004149
"SMR3B",3,482,0.00622406639004149
"SMTNL1",3,482,0.00622406639004149
"SMURF1",3,482,0.00622406639004149
"SMURF2",3,482,0.00622406639004149
"SNAP25",3,482,0.00622406639004149
"SNAPC1",3,482,0.00622406639004149
"SNRK",3,482,0.00622406639004149
"SNRNP48",3,482,0.00622406639004149
"SNRPA",3,482,0.00622406639004149
"SNW1",3,482,0.00622406639004149
"SNX15",3,482,0.00622406639004149
"SNX17",3,482,0.00622406639004149
"SNX33",3,482,0.00622406639004149
"SNX5",3,482,0.00622406639004149
"SNX9",3,482,0.00622406639004149
"SOAT2",3,482,0.00622406639004149
"SOCS4",3,482,0.00622406639004149
"SOHLH2",3,482,0.00622406639004149
"SORBS3",3,482,0.00622406639004149
"SOX1",3,482,0.00622406639004149
"SOX13",3,482,0.00622406639004149
"SOX2",3,482,0.00622406639004149
"SPAG11B",3,482,0.00622406639004149
"SPANXN3",3,482,0.00622406639004149
"SPANXN5",3,482,0.00622406639004149
"SPATA20",3,482,0.00622406639004149
"SPATA21",3,482,0.00622406639004149
"SPATA46",3,482,0.00622406639004149
"SPATS1",3,482,0.00622406639004149
"SPATS2",3,482,0.00622406639004149
"SPECC1",3,482,0.00622406639004149
"SPHK1",3,482,0.00622406639004149
"SPIN4",3,482,0.00622406639004149
"SPN",3,482,0.00622406639004149
"SPNS2",3,482,0.00622406639004149
"SPO11",3,482,0.00622406639004149
"SPOCK1",3,482,0.00622406639004149
"SPPL2A",3,482,0.00622406639004149
"SPPL3",3,482,0.00622406639004149
"SPRYD7",3,482,0.00622406639004149
"SQLE",3,482,0.00622406639004149
"SRC",3,482,0.00622406639004149
"SREBF1",3,482,0.00622406639004149
"SRP68",3,482,0.00622406639004149
"SRSF10",3,482,0.00622406639004149
"SSBP1",3,482,0.00622406639004149
"SSBP3",3,482,0.00622406639004149
"SSC4D",3,482,0.00622406639004149
"SSTR2",3,482,0.00622406639004149
"SSUH2",3,482,0.00622406639004149
"SSX1",3,482,0.00622406639004149
"ST3GAL5",3,482,0.00622406639004149
"ST6GAL1",3,482,0.00622406639004149
"ST6GALNAC4",3,482,0.00622406639004149
"ST7L",3,482,0.00622406639004149
"STAM2",3,482,0.00622406639004149
"STAMBPL1",3,482,0.00622406639004149
"STK11",3,482,0.00622406639004149
"STK11IP",3,482,0.00622406639004149
"STK24",3,482,0.00622406639004149
"STK26",3,482,0.00622406639004149
"STK3",3,482,0.00622406639004149
"STMN2",3,482,0.00622406639004149
"STMN4",3,482,0.00622406639004149
"STPG3",3,482,0.00622406639004149
"STRA6",3,482,0.00622406639004149
"STRADB",3,482,0.00622406639004149
"STRN4",3,482,0.00622406639004149
"STX10",3,482,0.00622406639004149
"STX1B",3,482,0.00622406639004149
"STX4",3,482,0.00622406639004149
"STX7",3,482,0.00622406639004149
"STXBP4",3,482,0.00622406639004149
"STYXL1",3,482,0.00622406639004149
"SUCLG2",3,482,0.00622406639004149
"SUFU",3,482,0.00622406639004149
"SULT1C3",3,482,0.00622406639004149
"SULT2B1",3,482,0.00622406639004149
"SUN2",3,482,0.00622406639004149
"SUSD1",3,482,0.00622406639004149
"SUSD5",3,482,0.00622406639004149
"SUSD6",3,482,0.00622406639004149
"SYCE2",3,482,0.00622406639004149
"SYNC",3,482,0.00622406639004149
"SYNE4",3,482,0.00622406639004149
"SYNGR1",3,482,0.00622406639004149
"SYNJ2BP",3,482,0.00622406639004149
"SYNM",3,482,0.00622406639004149
"SYPL1",3,482,0.00622406639004149
"SYT2",3,482,0.00622406639004149
"SYTL3",3,482,0.00622406639004149
"TACO1",3,482,0.00622406639004149
"TADA1",3,482,0.00622406639004149
"TADA2A",3,482,0.00622406639004149
"TAF11",3,482,0.00622406639004149
"TAF15",3,482,0.00622406639004149
"TAF5",3,482,0.00622406639004149
"TAF6",3,482,0.00622406639004149
"TAF7",3,482,0.00622406639004149
"TAF9",3,482,0.00622406639004149
"TAFA1",3,482,0.00622406639004149
"TAGLN",3,482,0.00622406639004149
"TALDO1",3,482,0.00622406639004149
"TANK",3,482,0.00622406639004149
"TAP2",3,482,0.00622406639004149
"TARDBP",3,482,0.00622406639004149
"TAS2R5",3,482,0.00622406639004149
"TAS2R50",3,482,0.00622406639004149
"TASOR",3,482,0.00622406639004149
"TBC1D12",3,482,0.00622406639004149
"TBC1D13",3,482,0.00622406639004149
"TBC1D15",3,482,0.00622406639004149
"TBC1D16",3,482,0.00622406639004149
"TBC1D22B",3,482,0.00622406639004149
"TBC1D26",3,482,0.00622406639004149
"TBC1D5",3,482,0.00622406639004149
"TBL3",3,482,0.00622406639004149
"TBXA2R",3,482,0.00622406639004149
"TC2N",3,482,0.00622406639004149
"TCAF1",3,482,0.00622406639004149
"TCAF2",3,482,0.00622406639004149
"TCERG1L",3,482,0.00622406639004149
"TCF21",3,482,0.00622406639004149
"TCF7L1",3,482,0.00622406639004149
"TCP11",3,482,0.00622406639004149
"TCP11L2",3,482,0.00622406639004149
"TCTE3",3,482,0.00622406639004149
"TEDDM1",3,482,0.00622406639004149
"TENT4B",3,482,0.00622406639004149
"TEX10",3,482,0.00622406639004149
"TEX101",3,482,0.00622406639004149
"TFAP2C",3,482,0.00622406639004149
"TFDP1",3,482,0.00622406639004149
"TFDP2",3,482,0.00622406639004149
"TFEB",3,482,0.00622406639004149
"TFG",3,482,0.00622406639004149
"TFIP11",3,482,0.00622406639004149
"TFPT",3,482,0.00622406639004149
"TGDS",3,482,0.00622406639004149
"TGIF1",3,482,0.00622406639004149
"THAP1",3,482,0.00622406639004149
"THAP2",3,482,0.00622406639004149
"THAP4",3,482,0.00622406639004149
"THAP6",3,482,0.00622406639004149
"THBD",3,482,0.00622406639004149
"THPO",3,482,0.00622406639004149
"THRB",3,482,0.00622406639004149
"THUMPD2",3,482,0.00622406639004149
"THUMPD3",3,482,0.00622406639004149
"THY1",3,482,0.00622406639004149
"TICAM1",3,482,0.00622406639004149
"TIFAB",3,482,0.00622406639004149
"TIGAR",3,482,0.00622406639004149
"TIGD4",3,482,0.00622406639004149
"TIGIT",3,482,0.00622406639004149
"TIMM21",3,482,0.00622406639004149
"TIMMDC1",3,482,0.00622406639004149
"TINAGL1",3,482,0.00622406639004149
"TIPARP",3,482,0.00622406639004149
"TLDC2",3,482,0.00622406639004149
"TLR10",3,482,0.00622406639004149
"TLR2",3,482,0.00622406639004149
"TM2D2",3,482,0.00622406639004149
"TM4SF1",3,482,0.00622406639004149
"TM9SF3",3,482,0.00622406639004149
"TMC6",3,482,0.00622406639004149
"TMCO3",3,482,0.00622406639004149
"TMED6",3,482,0.00622406639004149
"TMEFF2",3,482,0.00622406639004149
"TMEM126B",3,482,0.00622406639004149
"TMEM151A",3,482,0.00622406639004149
"TMEM165",3,482,0.00622406639004149
"TMEM169",3,482,0.00622406639004149
"TMEM171",3,482,0.00622406639004149
"TMEM177",3,482,0.00622406639004149
"TMEM181",3,482,0.00622406639004149
"TMEM186",3,482,0.00622406639004149
"TMEM187",3,482,0.00622406639004149
"TMEM199",3,482,0.00622406639004149
"TMEM230",3,482,0.00622406639004149
"TMEM237",3,482,0.00622406639004149
"TMEM242",3,482,0.00622406639004149
"TMEM255A",3,482,0.00622406639004149
"TMEM267",3,482,0.00622406639004149
"TMEM39A",3,482,0.00622406639004149
"TMEM51",3,482,0.00622406639004149
"TMEM81",3,482,0.00622406639004149
"TMEM9",3,482,0.00622406639004149
"TMEM94",3,482,0.00622406639004149
"TMOD2",3,482,0.00622406639004149
"TMPRSS13",3,482,0.00622406639004149
"TMPRSS5",3,482,0.00622406639004149
"TMX1",3,482,0.00622406639004149
"TNFAIP8",3,482,0.00622406639004149
"TNFRSF10B",3,482,0.00622406639004149
"TNFRSF10D",3,482,0.00622406639004149
"TNFRSF14",3,482,0.00622406639004149
"TNFRSF19",3,482,0.00622406639004149
"TNFRSF25",3,482,0.00622406639004149
"TNFRSF8",3,482,0.00622406639004149
"TNK1",3,482,0.00622406639004149
"TOE1",3,482,0.00622406639004149
"TOP1MT",3,482,0.00622406639004149
"TOR1A",3,482,0.00622406639004149
"TOR1B",3,482,0.00622406639004149
"TOR4A",3,482,0.00622406639004149
"TOX4",3,482,0.00622406639004149
"TPD52L2",3,482,0.00622406639004149
"TPD52L3",3,482,0.00622406639004149
"TPM3",3,482,0.00622406639004149
"TPRA1",3,482,0.00622406639004149
"TPRN",3,482,0.00622406639004149
"TRAF3IP2",3,482,0.00622406639004149
"TRAF4",3,482,0.00622406639004149
"TRAF7",3,482,0.00622406639004149
"TRAPPC13",3,482,0.00622406639004149
"TRAV1-1",3,482,0.00622406639004149
"TRAV12-2",3,482,0.00622406639004149
"TRAV12-3",3,482,0.00622406639004149
"TRAV14DV4",3,482,0.00622406639004149
"TRAV18",3,482,0.00622406639004149
"TRAV24",3,482,0.00622406639004149
"TRAV30",3,482,0.00622406639004149
"TRAV4",3,482,0.00622406639004149
"TRAV8-2",3,482,0.00622406639004149
"TRAV8-7",3,482,0.00622406639004149
"TRAV9-1",3,482,0.00622406639004149
"TRBV30",3,482,0.00622406639004149
"TRBV4-2",3,482,0.00622406639004149
"TRBV5-1",3,482,0.00622406639004149
"TRDMT1",3,482,0.00622406639004149
"TREH",3,482,0.00622406639004149
"TREML4",3,482,0.00622406639004149
"TRIM11",3,482,0.00622406639004149
"TRIM28",3,482,0.00622406639004149
"TRIM4",3,482,0.00622406639004149
"TRIM41",3,482,0.00622406639004149
"TRIM44",3,482,0.00622406639004149
"TRIM5",3,482,0.00622406639004149
"TRIM67",3,482,0.00622406639004149
"TRIP10",3,482,0.00622406639004149
"TRMO",3,482,0.00622406639004149
"TRMT2A",3,482,0.00622406639004149
"TRMT2B",3,482,0.00622406639004149
"TRNT1",3,482,0.00622406639004149
"TRPC6",3,482,0.00622406639004149
"TRUB1",3,482,0.00622406639004149
"TRUB2",3,482,0.00622406639004149
"TSEN34",3,482,0.00622406639004149
"TSPAN12",3,482,0.00622406639004149
"TSSC4",3,482,0.00622406639004149
"TSSK3",3,482,0.00622406639004149
"TSSK6",3,482,0.00622406639004149
"TTC33",3,482,0.00622406639004149
"TTC39B",3,482,0.00622406639004149
"TTI2",3,482,0.00622406639004149
"TTYH3",3,482,0.00622406639004149
"TUBA3D",3,482,0.00622406639004149
"TUBAL3",3,482,0.00622406639004149
"TUBB2A",3,482,0.00622406639004149
"TUBG2",3,482,0.00622406639004149
"TULP3",3,482,0.00622406639004149
"TXNDC11",3,482,0.00622406639004149
"TXNL1",3,482,0.00622406639004149
"TYROBP",3,482,0.00622406639004149
"UBAC1",3,482,0.00622406639004149
"UBAC2",3,482,0.00622406639004149
"UBAP2L",3,482,0.00622406639004149
"UBB",3,482,0.00622406639004149
"UBE2E2",3,482,0.00622406639004149
"UBE2G2",3,482,0.00622406639004149
"UBE2J2",3,482,0.00622406639004149
"UBE2M",3,482,0.00622406639004149
"UBE2Q2",3,482,0.00622406639004149
"UBE3D",3,482,0.00622406639004149
"UBOX5",3,482,0.00622406639004149
"UBQLN4",3,482,0.00622406639004149
"UBXN11",3,482,0.00622406639004149
"UCK2",3,482,0.00622406639004149
"UGT1A3",3,482,0.00622406639004149
"UGT1A4",3,482,0.00622406639004149
"UGT1A5",3,482,0.00622406639004149
"ULBP1",3,482,0.00622406639004149
"ULK3",3,482,0.00622406639004149
"UNC93B1",3,482,0.00622406639004149
"UNK",3,482,0.00622406639004149
"UPK1B",3,482,0.00622406639004149
"UPP1",3,482,0.00622406639004149
"UQCC1",3,482,0.00622406639004149
"UROD",3,482,0.00622406639004149
"UROS",3,482,0.00622406639004149
"USE1",3,482,0.00622406639004149
"USH1G",3,482,0.00622406639004149
"USP39",3,482,0.00622406639004149
"USP48",3,482,0.00622406639004149
"UST",3,482,0.00622406639004149
"UTP18",3,482,0.00622406639004149
"UTP3",3,482,0.00622406639004149
"UTS2R",3,482,0.00622406639004149
"VAX1",3,482,0.00622406639004149
"VCX3A",3,482,0.00622406639004149
"VEZF1",3,482,0.00622406639004149
"VGLL2",3,482,0.00622406639004149
"VILL",3,482,0.00622406639004149
"VIPAS39",3,482,0.00622406639004149
"VIPR1",3,482,0.00622406639004149
"VNN3",3,482,0.00622406639004149
"VPS33A",3,482,0.00622406639004149
"VPS45",3,482,0.00622406639004149
"VPS4B",3,482,0.00622406639004149
"VSIG2",3,482,0.00622406639004149
"VSTM4",3,482,0.00622406639004149
"VTA1",3,482,0.00622406639004149
"VTCN1",3,482,0.00622406639004149
"VTN",3,482,0.00622406639004149
"VWA2",3,482,0.00622406639004149
"VWA7",3,482,0.00622406639004149
"WASHC3",3,482,0.00622406639004149
"WDCP",3,482,0.00622406639004149
"WDFY1",3,482,0.00622406639004149
"WDR1",3,482,0.00622406639004149
"WDR12",3,482,0.00622406639004149
"WDR13",3,482,0.00622406639004149
"WDR18",3,482,0.00622406639004149
"WDR20",3,482,0.00622406639004149
"WDR4",3,482,0.00622406639004149
"WDR41",3,482,0.00622406639004149
"WDR47",3,482,0.00622406639004149
"WDR82",3,482,0.00622406639004149
"WDR92",3,482,0.00622406639004149
"WDSUB1",3,482,0.00622406639004149
"WHAMM",3,482,0.00622406639004149
"WNT11",3,482,0.00622406639004149
"WNT2B",3,482,0.00622406639004149
"WNT5A",3,482,0.00622406639004149
"WNT9B",3,482,0.00622406639004149
"XAGE2",3,482,0.00622406639004149
"XAGE3",3,482,0.00622406639004149
"XCL2",3,482,0.00622406639004149
"XK",3,482,0.00622406639004149
"XPNPEP1",3,482,0.00622406639004149
"YAE1",3,482,0.00622406639004149
"YAF2",3,482,0.00622406639004149
"YARS2",3,482,0.00622406639004149
"YIF1A",3,482,0.00622406639004149
"YIPF2",3,482,0.00622406639004149
"YPEL5",3,482,0.00622406639004149
"YTHDF2",3,482,0.00622406639004149
"YY2",3,482,0.00622406639004149
"ZADH2",3,482,0.00622406639004149
"ZBTB10",3,482,0.00622406639004149
"ZBTB17",3,482,0.00622406639004149
"ZBTB3",3,482,0.00622406639004149
"ZBTB38",3,482,0.00622406639004149
"ZBTB48",3,482,0.00622406639004149
"ZBTB7A",3,482,0.00622406639004149
"ZBTB7C",3,482,0.00622406639004149
"ZC3H12A",3,482,0.00622406639004149
"ZCCHC8",3,482,0.00622406639004149
"ZCWPW1",3,482,0.00622406639004149
"ZDHHC1",3,482,0.00622406639004149
"ZDHHC2",3,482,0.00622406639004149
"ZER1",3,482,0.00622406639004149
"ZFP90",3,482,0.00622406639004149
"ZFPM1",3,482,0.00622406639004149
"ZFY",3,482,0.00622406639004149
"ZIC2",3,482,0.00622406639004149
"ZIC5",3,482,0.00622406639004149
"ZNF136",3,482,0.00622406639004149
"ZNF143",3,482,0.00622406639004149
"ZNF174",3,482,0.00622406639004149
"ZNF181",3,482,0.00622406639004149
"ZNF185",3,482,0.00622406639004149
"ZNF20",3,482,0.00622406639004149
"ZNF205",3,482,0.00622406639004149
"ZNF211",3,482,0.00622406639004149
"ZNF264",3,482,0.00622406639004149
"ZNF276",3,482,0.00622406639004149
"ZNF287",3,482,0.00622406639004149
"ZNF32",3,482,0.00622406639004149
"ZNF345",3,482,0.00622406639004149
"ZNF346",3,482,0.00622406639004149
"ZNF35",3,482,0.00622406639004149
"ZNF350",3,482,0.00622406639004149
"ZNF354C",3,482,0.00622406639004149
"ZNF362",3,482,0.00622406639004149
"ZNF367",3,482,0.00622406639004149
"ZNF385A",3,482,0.00622406639004149
"ZNF396",3,482,0.00622406639004149
"ZNF404",3,482,0.00622406639004149
"ZNF410",3,482,0.00622406639004149
"ZNF432",3,482,0.00622406639004149
"ZNF445",3,482,0.00622406639004149
"ZNF484",3,482,0.00622406639004149
"ZNF546",3,482,0.00622406639004149
"ZNF555",3,482,0.00622406639004149
"ZNF557",3,482,0.00622406639004149
"ZNF558",3,482,0.00622406639004149
"ZNF559-ZNF177",3,482,0.00622406639004149
"ZNF581",3,482,0.00622406639004149
"ZNF584",3,482,0.00622406639004149
"ZNF621",3,482,0.00622406639004149
"ZNF625",3,482,0.00622406639004149
"ZNF652",3,482,0.00622406639004149
"ZNF653",3,482,0.00622406639004149
"ZNF662",3,482,0.00622406639004149
"ZNF669",3,482,0.00622406639004149
"ZNF678",3,482,0.00622406639004149
"ZNF696",3,482,0.00622406639004149
"ZNF70",3,482,0.00622406639004149
"ZNF764",3,482,0.00622406639004149
"ZNF772",3,482,0.00622406639004149
"ZNF785",3,482,0.00622406639004149
"ZNF789",3,482,0.00622406639004149
"ZNF79",3,482,0.00622406639004149
"ZNF790",3,482,0.00622406639004149
"ZNF793",3,482,0.00622406639004149
"ZNF821",3,482,0.00622406639004149
"ZNF878",3,482,0.00622406639004149
"ZNHIT6",3,482,0.00622406639004149
"ZNRF3",3,482,0.00622406639004149
"ZSCAN21",3,482,0.00622406639004149
"ZSCAN26",3,482,0.00622406639004149
"AARD",2,482,0.004149377593361
"AASDHPPT",2,482,0.004149377593361
"ABCD4",2,482,0.004149377593361
"ABCE1",2,482,0.004149377593361
"ABHD17B",2,482,0.004149377593361
"ABHD2",2,482,0.004149377593361
"ABHD8",2,482,0.004149377593361
"ABI1",2,482,0.004149377593361
"ABI2",2,482,0.004149377593361
"ABLIM2",2,482,0.004149377593361
"ABO",2,482,0.004149377593361
"ABTB2",2,482,0.004149377593361
"AC004832.3",2,482,0.004149377593361
"AC011455.2",2,482,0.004149377593361
"AC018630.4",2,482,0.004149377593361
"AC068580.4",2,482,0.004149377593361
"AC097636.1",2,482,0.004149377593361
"AC105001.2",2,482,0.004149377593361
"AC134980.2",2,482,0.004149377593361
"AC245033.1",2,482,0.004149377593361
"ACAA2",2,482,0.004149377593361
"ACAD8",2,482,0.004149377593361
"ACADS",2,482,0.004149377593361
"ACBD4",2,482,0.004149377593361
"ACBD5",2,482,0.004149377593361
"ACER2",2,482,0.004149377593361
"ACOT4",2,482,0.004149377593361
"ACOX2",2,482,0.004149377593361
"ACP2",2,482,0.004149377593361
"ACP3",2,482,0.004149377593361
"ACSBG2",2,482,0.004149377593361
"ACSL5",2,482,0.004149377593361
"ACSM6",2,482,0.004149377593361
"ACSS2",2,482,0.004149377593361
"ACTA2",2,482,0.004149377593361
"ACTL7B",2,482,0.004149377593361
"ACTR2",2,482,0.004149377593361
"ACTR8",2,482,0.004149377593361
"ACTRT3",2,482,0.004149377593361
"ACVR2B",2,482,0.004149377593361
"ADA",2,482,0.004149377593361
"ADAD2",2,482,0.004149377593361
"ADAMTSL5",2,482,0.004149377593361
"ADCK2",2,482,0.004149377593361
"ADCK5",2,482,0.004149377593361
"ADGRF3",2,482,0.004149377593361
"ADGRG1",2,482,0.004149377593361
"ADH4",2,482,0.004149377593361
"ADH5",2,482,0.004149377593361
"ADH6",2,482,0.004149377593361
"ADH7",2,482,0.004149377593361
"ADIG",2,482,0.004149377593361
"ADM5",2,482,0.004149377593361
"ADPRS",2,482,0.004149377593361
"ADRA2A",2,482,0.004149377593361
"ADRB1",2,482,0.004149377593361
"AEBP2",2,482,0.004149377593361
"AFMID",2,482,0.004149377593361
"AGPAT1",2,482,0.004149377593361
"AGPAT2",2,482,0.004149377593361
"AGPAT3",2,482,0.004149377593361
"AGTRAP",2,482,0.004149377593361
"AGXT",2,482,0.004149377593361
"AHSP",2,482,0.004149377593361
"AIFM1",2,482,0.004149377593361
"AJM1",2,482,0.004149377593361
"AKAP14",2,482,0.004149377593361
"AKAP5",2,482,0.004149377593361
"AKAP8L",2,482,0.004149377593361
"AKIP1",2,482,0.004149377593361
"AKR1B10",2,482,0.004149377593361
"AKR1C1",2,482,0.004149377593361
"AKR1C4",2,482,0.004149377593361
"AKR1E2",2,482,0.004149377593361
"AKT1S1",2,482,0.004149377593361
"AL133500.1",2,482,0.004149377593361
"AL136295.1",2,482,0.004149377593361
"AL359922.1",2,482,0.004149377593361
"ALDH4A1",2,482,0.004149377593361
"ALDH5A1",2,482,0.004149377593361
"ALDH6A1",2,482,0.004149377593361
"ALG12",2,482,0.004149377593361
"ALG3",2,482,0.004149377593361
"ALKBH2",2,482,0.004149377593361
"ALKBH5",2,482,0.004149377593361
"ALKBH8",2,482,0.004149377593361
"ALOX12",2,482,0.004149377593361
"ALOX12B",2,482,0.004149377593361
"AMD1",2,482,0.004149377593361
"AMMECR1L",2,482,0.004149377593361
"AMN",2,482,0.004149377593361
"AMN1",2,482,0.004149377593361
"AMY1B",2,482,0.004149377593361
"ANAPC13",2,482,0.004149377593361
"ANGPTL2",2,482,0.004149377593361
"ANGPTL3",2,482,0.004149377593361
"ANGPTL6",2,482,0.004149377593361
"ANKRA2",2,482,0.004149377593361
"ANKRD2",2,482,0.004149377593361
"ANKRD22",2,482,0.004149377593361
"ANKRD36B",2,482,0.004149377593361
"ANKRD42",2,482,0.004149377593361
"ANKRD53",2,482,0.004149377593361
"ANTKMT",2,482,0.004149377593361
"ANXA11",2,482,0.004149377593361
"ANXA7",2,482,0.004149377593361
"AP002748.5",2,482,0.004149377593361
"AP1M1",2,482,0.004149377593361
"AP2M1",2,482,0.004149377593361
"AP3M2",2,482,0.004149377593361
"AP5S1",2,482,0.004149377593361
"APCDD1L",2,482,0.004149377593361
"APEH",2,482,0.004149377593361
"APH1A",2,482,0.004149377593361
"APOA1",2,482,0.004149377593361
"APOBEC3H",2,482,0.004149377593361
"APOBEC4",2,482,0.004149377593361
"APOC2",2,482,0.004149377593361
"APOL1",2,482,0.004149377593361
"APOL3",2,482,0.004149377593361
"APOOL",2,482,0.004149377593361
"APRT",2,482,0.004149377593361
"AQP1",2,482,0.004149377593361
"ARF1",2,482,0.004149377593361
"ARFIP2",2,482,0.004149377593361
"ARFRP1",2,482,0.004149377593361
"ARGLU1",2,482,0.004149377593361
"ARHGAP1",2,482,0.004149377593361
"ARHGDIA",2,482,0.004149377593361
"ARHGEF16",2,482,0.004149377593361
"ARHGEF39",2,482,0.004149377593361
"ARIH1",2,482,0.004149377593361
"ARL13B",2,482,0.004149377593361
"ARL14EP",2,482,0.004149377593361
"ARL4D",2,482,0.004149377593361
"ARL5A",2,482,0.004149377593361
"ARL6IP5",2,482,0.004149377593361
"ARL6IP6",2,482,0.004149377593361
"ARMC7",2,482,0.004149377593361
"ARMC9",2,482,0.004149377593361
"ARMCX3",2,482,0.004149377593361
"ARMH3",2,482,0.004149377593361
"ARMT1",2,482,0.004149377593361
"ARNTL2",2,482,0.004149377593361
"ARRB1",2,482,0.004149377593361
"ARRDC1",2,482,0.004149377593361
"ARRDC5",2,482,0.004149377593361
"ARSD",2,482,0.004149377593361
"ART5",2,482,0.004149377593361
"ARV1",2,482,0.004149377593361
"ARX",2,482,0.004149377593361
"ASGR2",2,482,0.004149377593361
"ASPA",2,482,0.004149377593361
"ASPG",2,482,0.004149377593361
"ASPN",2,482,0.004149377593361
"ATAD1",2,482,0.004149377593361
"ATAT1",2,482,0.004149377593361
"ATE1",2,482,0.004149377593361
"ATF3",2,482,0.004149377593361
"ATG16L2",2,482,0.004149377593361
"ATG5",2,482,0.004149377593361
"ATP5MF",2,482,0.004149377593361
"ATP5PF",2,482,0.004149377593361
"ATP6V1D",2,482,0.004149377593361
"ATRAID",2,482,0.004149377593361
"ATXN7L3",2,482,0.004149377593361
"AVP",2,482,0.004149377593361
"AWAT1",2,482,0.004149377593361
"AWAT2",2,482,0.004149377593361
"AZI2",2,482,0.004149377593361
"AZU1",2,482,0.004149377593361
"B3GALT4",2,482,0.004149377593361
"B3GNT2",2,482,0.004149377593361
"B3GNT6",2,482,0.004149377593361
"B4GALT2",2,482,0.004149377593361
"B9D2",2,482,0.004149377593361
"BAG1",2,482,0.004149377593361
"BAG2",2,482,0.004149377593361
"BAG5",2,482,0.004149377593361
"BAIAP2L2",2,482,0.004149377593361
"BAK1",2,482,0.004149377593361
"BARHL1",2,482,0.004149377593361
"BARX1",2,482,0.004149377593361
"BAX",2,482,0.004149377593361
"BBOX1",2,482,0.004149377593361
"BCAS4",2,482,0.004149377593361
"BCAT2",2,482,0.004149377593361
"BCL10",2,482,0.004149377593361
"BCL11B",2,482,0.004149377593361
"BCL2L1",2,482,0.004149377593361
"BCL2L12",2,482,0.004149377593361
"BCL2L13",2,482,0.004149377593361
"BCL2L15",2,482,0.004149377593361
"BCL7A",2,482,0.004149377593361
"BDKRB2",2,482,0.004149377593361
"BEGAIN",2,482,0.004149377593361
"BEX3",2,482,0.004149377593361
"BHLHE22",2,482,0.004149377593361
"BHLHE40",2,482,0.004149377593361
"BHMT2",2,482,0.004149377593361
"BLID",2,482,0.004149377593361
"BMERB1",2,482,0.004149377593361
"BMI1",2,482,0.004149377593361
"BMPR1B",2,482,0.004149377593361
"BMT2",2,482,0.004149377593361
"BOLA1",2,482,0.004149377593361
"BOLA3",2,482,0.004149377593361
"BORCS6",2,482,0.004149377593361
"BORCS7",2,482,0.004149377593361
"BPHL",2,482,0.004149377593361
"BPNT2",2,482,0.004149377593361
"BRD3",2,482,0.004149377593361
"BRD9",2,482,0.004149377593361
"BRSK2",2,482,0.004149377593361
"BSG",2,482,0.004149377593361
"BSPRY",2,482,0.004149377593361
"BTBD16",2,482,0.004149377593361
"BTBD6",2,482,0.004149377593361
"BTG4",2,482,0.004149377593361
"BTNL9",2,482,0.004149377593361
"BUB3",2,482,0.004149377593361
"BUD31",2,482,0.004149377593361
"BZW2",2,482,0.004149377593361
"C10orf82",2,482,0.004149377593361
"C10orf99",2,482,0.004149377593361
"C11orf1",2,482,0.004149377593361
"C11orf49",2,482,0.004149377593361
"C11orf52",2,482,0.004149377593361
"C11orf58",2,482,0.004149377593361
"C11orf65",2,482,0.004149377593361
"C12orf65",2,482,0.004149377593361
"C14orf93",2,482,0.004149377593361
"C16orf70",2,482,0.004149377593361
"C16orf82",2,482,0.004149377593361
"C16orf86",2,482,0.004149377593361
"C16orf90",2,482,0.004149377593361
"C17orf97",2,482,0.004149377593361
"C19orf12",2,482,0.004149377593361
"C19orf18",2,482,0.004149377593361
"C19orf47",2,482,0.004149377593361
"C19orf54",2,482,0.004149377593361
"C1QC",2,482,0.004149377593361
"C1QL2",2,482,0.004149377593361
"C1QTNF4",2,482,0.004149377593361
"C1QTNF5",2,482,0.004149377593361
"C1QTNF8",2,482,0.004149377593361
"C1orf131",2,482,0.004149377593361
"C1orf159",2,482,0.004149377593361
"C1orf198",2,482,0.004149377593361
"C1orf216",2,482,0.004149377593361
"C1orf35",2,482,0.004149377593361
"C1orf43",2,482,0.004149377593361
"C1orf54",2,482,0.004149377593361
"C20orf141",2,482,0.004149377593361
"C20orf85",2,482,0.004149377593361
"C21orf62",2,482,0.004149377593361
"C22orf15",2,482,0.004149377593361
"C22orf31",2,482,0.004149377593361
"C2CD2",2,482,0.004149377593361
"C2orf42",2,482,0.004149377593361
"C2orf68",2,482,0.004149377593361
"C2orf69",2,482,0.004149377593361
"C3orf14",2,482,0.004149377593361
"C3orf18",2,482,0.004149377593361
"C4B",2,482,0.004149377593361
"C4orf45",2,482,0.004149377593361
"C4orf51",2,482,0.004149377593361
"C5orf15",2,482,0.004149377593361
"C6orf201",2,482,0.004149377593361
"C6orf226",2,482,0.004149377593361
"C7orf57",2,482,0.004149377593361
"C7orf61",2,482,0.004149377593361
"C8orf33",2,482,0.004149377593361
"C8orf74",2,482,0.004149377593361
"C8orf76",2,482,0.004149377593361
"C9orf40",2,482,0.004149377593361
"C9orf64",2,482,0.004149377593361
"C9orf78",2,482,0.004149377593361
"CA13",2,482,0.004149377593361
"CA14",2,482,0.004149377593361
"CA2",2,482,0.004149377593361
"CA5A",2,482,0.004149377593361
"CA5B",2,482,0.004149377593361
"CA9",2,482,0.004149377593361
"CAB39",2,482,0.004149377593361
"CACNB1",2,482,0.004149377593361
"CACNG1",2,482,0.004149377593361
"CACNG4",2,482,0.004149377593361
"CADM4",2,482,0.004149377593361
"CALHM1",2,482,0.004149377593361
"CALHM2",2,482,0.004149377593361
"CALHM4",2,482,0.004149377593361
"CALM1",2,482,0.004149377593361
"CALM2",2,482,0.004149377593361
"CALM3",2,482,0.004149377593361
"CALR3",2,482,0.004149377593361
"CAMK2G",2,482,0.004149377593361
"CAMLG",2,482,0.004149377593361
"CANT1",2,482,0.004149377593361
"CAP2",2,482,0.004149377593361
"CARM1",2,482,0.004149377593361
"CARS2",2,482,0.004149377593361
"CASP14",2,482,0.004149377593361
"CAV1",2,482,0.004149377593361
"CAV3",2,482,0.004149377593361
"CAVIN1",2,482,0.004149377593361
"CBX6",2,482,0.004149377593361
"CBX7",2,482,0.004149377593361
"CBX8",2,482,0.004149377593361
"CC2D2B",2,482,0.004149377593361
"CCAR2",2,482,0.004149377593361
"CCDC106",2,482,0.004149377593361
"CCDC125",2,482,0.004149377593361
"CCDC127",2,482,0.004149377593361
"CCDC149",2,482,0.004149377593361
"CCDC173",2,482,0.004149377593361
"CCDC174",2,482,0.004149377593361
"CCDC183",2,482,0.004149377593361
"CCDC189",2,482,0.004149377593361
"CCDC78",2,482,0.004149377593361
"CCDC9",2,482,0.004149377593361
"CCL14",2,482,0.004149377593361
"CCL15",2,482,0.004149377593361
"CCL17",2,482,0.004149377593361
"CCL24",2,482,0.004149377593361
"CCN5",2,482,0.004149377593361
"CCNB2",2,482,0.004149377593361
"CCND2",2,482,0.004149377593361
"CCND3",2,482,0.004149377593361
"CCNDBP1",2,482,0.004149377593361
"CCNL2",2,482,0.004149377593361
"CCNP",2,482,0.004149377593361
"CCNT2",2,482,0.004149377593361
"CCR5",2,482,0.004149377593361
"CCR8",2,482,0.004149377593361
"CCS",2,482,0.004149377593361
"CCT2",2,482,0.004149377593361
"CCZ1B",2,482,0.004149377593361
"CD164L2",2,482,0.004149377593361
"CD200R1",2,482,0.004149377593361
"CD28",2,482,0.004149377593361
"CD34",2,482,0.004149377593361
"CD3E",2,482,0.004149377593361
"CD53",2,482,0.004149377593361
"CD69",2,482,0.004149377593361
"CD83",2,482,0.004149377593361
"CD8A",2,482,0.004149377593361
"CDC25A",2,482,0.004149377593361
"CDC25C",2,482,0.004149377593361
"CDC42EP3",2,482,0.004149377593361
"CDCA8",2,482,0.004149377593361
"CDIP1",2,482,0.004149377593361
"CDK1",2,482,0.004149377593361
"CDK17",2,482,0.004149377593361
"CDK7",2,482,0.004149377593361
"CDKN2AIP",2,482,0.004149377593361
"CDR2",2,482,0.004149377593361
"CDSN",2,482,0.004149377593361
"CEBPE",2,482,0.004149377593361
"CELA2A",2,482,0.004149377593361
"CELF5",2,482,0.004149377593361
"CENATAC",2,482,0.004149377593361
"CENPH",2,482,0.004149377593361
"CENPL",2,482,0.004149377593361
"CENPW",2,482,0.004149377593361
"CEP43",2,482,0.004149377593361
"CEP55",2,482,0.004149377593361
"CEP57L1",2,482,0.004149377593361
"CEP76",2,482,0.004149377593361
"CEP95",2,482,0.004149377593361
"CERS2",2,482,0.004149377593361
"CERS4",2,482,0.004149377593361
"CES2",2,482,0.004149377593361
"CES3",2,482,0.004149377593361
"CFAP157",2,482,0.004149377593361
"CFAP20",2,482,0.004149377593361
"CFAP298-TCP10L",2,482,0.004149377593361
"CFAP53",2,482,0.004149377593361
"CFAP77",2,482,0.004149377593361
"CFI",2,482,0.004149377593361
"CFL1",2,482,0.004149377593361
"CFL2",2,482,0.004149377593361
"CGAS",2,482,0.004149377593361
"CGRRF1",2,482,0.004149377593361
"CH25H",2,482,0.004149377593361
"CHAC2",2,482,0.004149377593361
"CHCHD6",2,482,0.004149377593361
"CHGA",2,482,0.004149377593361
"CHID1",2,482,0.004149377593361
"CHKB",2,482,0.004149377593361
"CHMP4C",2,482,0.004149377593361
"CHMP5",2,482,0.004149377593361
"CHMP7",2,482,0.004149377593361
"CHPT1",2,482,0.004149377593361
"CHST14",2,482,0.004149377593361
"CHST15",2,482,0.004149377593361
"CHTF8",2,482,0.004149377593361
"CHURC1",2,482,0.004149377593361
"CIAPIN1",2,482,0.004149377593361
"CIBAR2",2,482,0.004149377593361
"CIDEC",2,482,0.004149377593361
"CIRBP",2,482,0.004149377593361
"CKS2",2,482,0.004149377593361
"CLCC1",2,482,0.004149377593361
"CLDN11",2,482,0.004149377593361
"CLDN4",2,482,0.004149377593361
"CLDN8",2,482,0.004149377593361
"CLDN9",2,482,0.004149377593361
"CLDND1",2,482,0.004149377593361
"CLEC12B",2,482,0.004149377593361
"CLEC18B",2,482,0.004149377593361
"CLEC4G",2,482,0.004149377593361
"CLECL1",2,482,0.004149377593361
"CLIC6",2,482,0.004149377593361
"CLIP3",2,482,0.004149377593361
"CLK3",2,482,0.004149377593361
"CLNS1A",2,482,0.004149377593361
"CLP1",2,482,0.004149377593361
"CLPP",2,482,0.004149377593361
"CLPSL1",2,482,0.004149377593361
"CLPSL2",2,482,0.004149377593361
"CLRN3",2,482,0.004149377593361
"CMC2",2,482,0.004149377593361
"CMPK1",2,482,0.004149377593361
"CMTM7",2,482,0.004149377593361
"CNBP",2,482,0.004149377593361
"CNFN",2,482,0.004149377593361
"CNOT11",2,482,0.004149377593361
"CNP",2,482,0.004149377593361
"CNPPD1",2,482,0.004149377593361
"CNPY1",2,482,0.004149377593361
"CNPY2",2,482,0.004149377593361
"CNPY4",2,482,0.004149377593361
"CNTF",2,482,0.004149377593361
"COL8A2",2,482,0.004149377593361
"COMMD1",2,482,0.004149377593361
"COMMD8",2,482,0.004149377593361
"COPS3",2,482,0.004149377593361
"COPS8",2,482,0.004149377593361
"COQ4",2,482,0.004149377593361
"COQ6",2,482,0.004149377593361
"COQ8B",2,482,0.004149377593361
"CORO2B",2,482,0.004149377593361
"CORO6",2,482,0.004149377593361
"COX19",2,482,0.004149377593361
"COX4I2",2,482,0.004149377593361
"COX7A2L",2,482,0.004149377593361
"CPA1",2,482,0.004149377593361
"CPEB2",2,482,0.004149377593361
"CPEB3",2,482,0.004149377593361
"CPLANE2",2,482,0.004149377593361
"CPLX2",2,482,0.004149377593361
"CPLX3",2,482,0.004149377593361
"CPOX",2,482,0.004149377593361
"CPT1B",2,482,0.004149377593361
"CPT2",2,482,0.004149377593361
"CRBN",2,482,0.004149377593361
"CRCP",2,482,0.004149377593361
"CRCT1",2,482,0.004149377593361
"CREBRF",2,482,0.004149377593361
"CREG2",2,482,0.004149377593361
"CREM",2,482,0.004149377593361
"CRPPA",2,482,0.004149377593361
"CRTC2",2,482,0.004149377593361
"CRY2",2,482,0.004149377593361
"CRYAB",2,482,0.004149377593361
"CRYBA2",2,482,0.004149377593361
"CRYBB2",2,482,0.004149377593361
"CRYGD",2,482,0.004149377593361
"CRYGN",2,482,0.004149377593361
"CRYZL1",2,482,0.004149377593361
"CS",2,482,0.004149377593361
"CSAD",2,482,0.004149377593361
"CSF2",2,482,0.004149377593361
"CSNK1A1",2,482,0.004149377593361
"CSNK1D",2,482,0.004149377593361
"CSRP1",2,482,0.004149377593361
"CST2",2,482,0.004149377593361
"CSTF1",2,482,0.004149377593361
"CSTF3",2,482,0.004149377593361
"CT45A1",2,482,0.004149377593361
"CT45A3",2,482,0.004149377593361
"CT55",2,482,0.004149377593361
"CT83",2,482,0.004149377593361
"CTAGE6",2,482,0.004149377593361
"CTBP1",2,482,0.004149377593361
"CTBS",2,482,0.004149377593361
"CTDSP1",2,482,0.004149377593361
"CTHRC1",2,482,0.004149377593361
"CTNNAL1",2,482,0.004149377593361
"CTRB2",2,482,0.004149377593361
"CTSB",2,482,0.004149377593361
"CTSD",2,482,0.004149377593361
"CTSE",2,482,0.004149377593361
"CTSK",2,482,0.004149377593361
"CTSZ",2,482,0.004149377593361
"CUL4A",2,482,0.004149377593361
"CUL7",2,482,0.004149377593361
"CXCL14",2,482,0.004149377593361
"CXCL16",2,482,0.004149377593361
"CXCL17",2,482,0.004149377593361
"CXCR5",2,482,0.004149377593361
"CXXC5",2,482,0.004149377593361
"CXorf65",2,482,0.004149377593361
"CYB5D2",2,482,0.004149377593361
"CYBA",2,482,0.004149377593361
"CYGB",2,482,0.004149377593361
"CYHR1",2,482,0.004149377593361
"CYP3A5",2,482,0.004149377593361
"CYP4A22",2,482,0.004149377593361
"CYP51A1",2,482,0.004149377593361
"CYYR1",2,482,0.004149377593361
"DAOA",2,482,0.004149377593361
"DAP",2,482,0.004149377593361
"DAPP1",2,482,0.004149377593361
"DAZL",2,482,0.004149377593361
"DBNDD2",2,482,0.004149377593361
"DBX2",2,482,0.004149377593361
"DCAF12",2,482,0.004149377593361
"DCAF15",2,482,0.004149377593361
"DCAKD",2,482,0.004149377593361
"DCST2",2,482,0.004149377593361
"DCTN5",2,482,0.004149377593361
"DCUN1D3",2,482,0.004149377593361
"DDA1",2,482,0.004149377593361
"DDIT4",2,482,0.004149377593361
"DDIT4L",2,482,0.004149377593361
"DDX17",2,482,0.004149377593361
"DDX19B",2,482,0.004149377593361
"DDX21",2,482,0.004149377593361
"DDX24",2,482,0.004149377593361
"DDX39B",2,482,0.004149377593361
"DDX46",2,482,0.004149377593361
"DDX49",2,482,0.004149377593361
"DDX5",2,482,0.004149377593361
"DDX50",2,482,0.004149377593361
"DDX51",2,482,0.004149377593361
"DDX52",2,482,0.004149377593361
"DDX56",2,482,0.004149377593361
"DDX6",2,482,0.004149377593361
"DEFA6",2,482,0.004149377593361
"DEFB114",2,482,0.004149377593361
"DEFB116",2,482,0.004149377593361
"DEFB119",2,482,0.004149377593361
"DEFB121",2,482,0.004149377593361
"DEFB126",2,482,0.004149377593361
"DEFB132",2,482,0.004149377593361
"DEFB136",2,482,0.004149377593361
"DENND6B",2,482,0.004149377593361
"DERA",2,482,0.004149377593361
"DESI1",2,482,0.004149377593361
"DFFA",2,482,0.004149377593361
"DGAT1",2,482,0.004149377593361
"DGLUCY",2,482,0.004149377593361
"DHCR24",2,482,0.004149377593361
"DHDDS",2,482,0.004149377593361
"DHRS13",2,482,0.004149377593361
"DHRS4L2",2,482,0.004149377593361
"DHX29",2,482,0.004149377593361
"DIO1",2,482,0.004149377593361
"DIPK1B",2,482,0.004149377593361
"DIPK2A",2,482,0.004149377593361
"DKKL1",2,482,0.004149377593361
"DLST",2,482,0.004149377593361
"DLX2",2,482,0.004149377593361
"DLX3",2,482,0.004149377593361
"DLX4",2,482,0.004149377593361
"DLX6",2,482,0.004149377593361
"DMPK",2,482,0.004149377593361
"DMRTB1",2,482,0.004149377593361
"DMTN",2,482,0.004149377593361
"DNAAF5",2,482,0.004149377593361
"DNAAF6",2,482,0.004149377593361
"DNAH14",2,482,0.004149377593361
"DNAJC17",2,482,0.004149377593361
"DNAJC19",2,482,0.004149377593361
"DNAJC27",2,482,0.004149377593361
"DNAJC5",2,482,0.004149377593361
"DNASE1",2,482,0.004149377593361
"DOK1",2,482,0.004149377593361
"DOK4",2,482,0.004149377593361
"DPAGT1",2,482,0.004149377593361
"DPCD",2,482,0.004149377593361
"DPF2",2,482,0.004149377593361
"DPH7",2,482,0.004149377593361
"DPP7",2,482,0.004149377593361
"DRC3",2,482,0.004149377593361
"DRG1",2,482,0.004149377593361
"DTD2",2,482,0.004149377593361
"DTWD1",2,482,0.004149377593361
"DUOXA2",2,482,0.004149377593361
"DUS1L",2,482,0.004149377593361
"DUSP1",2,482,0.004149377593361
"DUSP13",2,482,0.004149377593361
"DUSP14",2,482,0.004149377593361
"DUSP2",2,482,0.004149377593361
"DUSP4",2,482,0.004149377593361
"DUSP6",2,482,0.004149377593361
"DYDC1",2,482,0.004149377593361
"DYNC1LI1",2,482,0.004149377593361
"DYNC1LI2",2,482,0.004149377593361
"DYNLL2",2,482,0.004149377593361
"DYNLRB1",2,482,0.004149377593361
"E2F3",2,482,0.004149377593361
"E2F4",2,482,0.004149377593361
"E2F5",2,482,0.004149377593361
"EAF1",2,482,0.004149377593361
"EAF2",2,482,0.004149377593361
"EBNA1BP2",2,482,0.004149377593361
"ECHS1",2,482,0.004149377593361
"ECI1",2,482,0.004149377593361
"EDEM1",2,482,0.004149377593361
"EDNRA",2,482,0.004149377593361
"EEF1AKMT1",2,482,0.004149377593361
"EFCAB11",2,482,0.004149377593361
"EFCC1",2,482,0.004149377593361
"EFHC1",2,482,0.004149377593361
"EFNA1",2,482,0.004149377593361
"EFNA4",2,482,0.004149377593361
"EFS",2,482,0.004149377593361
"EHD1",2,482,0.004149377593361
"EHD4",2,482,0.004149377593361
"EID2",2,482,0.004149377593361
"EIF1AD",2,482,0.004149377593361
"EIF2A",2,482,0.004149377593361
"EIF2B3",2,482,0.004149377593361
"EIF2B4",2,482,0.004149377593361
"EIF2S3",2,482,0.004149377593361
"EIF3C",2,482,0.004149377593361
"EIF3G",2,482,0.004149377593361
"EIF4E3",2,482,0.004149377593361
"EIF4G2",2,482,0.004149377593361
"EIF4H",2,482,0.004149377593361
"EIF5A",2,482,0.004149377593361
"EIF5A2",2,482,0.004149377593361
"ELAC1",2,482,0.004149377593361
"ELANE",2,482,0.004149377593361
"ELK1",2,482,0.004149377593361
"ELK4",2,482,0.004149377593361
"ELL3",2,482,0.004149377593361
"ELMOD1",2,482,0.004149377593361
"ELOF1",2,482,0.004149377593361
"ELOVL5",2,482,0.004149377593361
"ELOVL7",2,482,0.004149377593361
"EMC9",2,482,0.004149377593361
"EME1",2,482,0.004149377593361
"EMG1",2,482,0.004149377593361
"EMID1",2,482,0.004149377593361
"EMP3",2,482,0.004149377593361
"ENAH",2,482,0.004149377593361
"ENO3",2,482,0.004149377593361
"ENTPD1",2,482,0.004149377593361
"ENTPD2",2,482,0.004149377593361
"EOGT",2,482,0.004149377593361
"EOLA2",2,482,0.004149377593361
"EPHX3",2,482,0.004149377593361
"EPM2A",2,482,0.004149377593361
"EPM2AIP1",2,482,0.004149377593361
"EPPIN-WFDC6",2,482,0.004149377593361
"ERAL1",2,482,0.004149377593361
"ERAP1",2,482,0.004149377593361
"ERCC1",2,482,0.004149377593361
"ERCC8",2,482,0.004149377593361
"ERI1",2,482,0.004149377593361
"ERLEC1",2,482,0.004149377593361
"ERLIN2",2,482,0.004149377593361
"ERMAP",2,482,0.004149377593361
"ERMN",2,482,0.004149377593361
"ERMP1",2,482,0.004149377593361
"ERO1B",2,482,0.004149377593361
"ERVFRD-1",2,482,0.004149377593361
"ESM1",2,482,0.004149377593361
"ESRP2",2,482,0.004149377593361
"ETF1",2,482,0.004149377593361
"ETFDH",2,482,0.004149377593361
"ETS2",2,482,0.004149377593361
"ETV2",2,482,0.004149377593361
"ETV3",2,482,0.004149377593361
"EVA1B",2,482,0.004149377593361
"EVL",2,482,0.004149377593361
"EVX1",2,482,0.004149377593361
"EXOC3",2,482,0.004149377593361
"EXOG",2,482,0.004149377593361
"EZR",2,482,0.004149377593361
"F7",2,482,0.004149377593361
"FA2H",2,482,0.004149377593361
"FAAP100",2,482,0.004149377593361
"FAAP24",2,482,0.004149377593361
"FABP12",2,482,0.004149377593361
"FABP3",2,482,0.004149377593361
"FABP5",2,482,0.004149377593361
"FADD",2,482,0.004149377593361
"FADS1",2,482,0.004149377593361
"FADS3",2,482,0.004149377593361
"FAF2",2,482,0.004149377593361
"FAHD2A",2,482,0.004149377593361
"FAIM2",2,482,0.004149377593361
"FAM102A",2,482,0.004149377593361
"FAM110A",2,482,0.004149377593361
"FAM110C",2,482,0.004149377593361
"FAM118A",2,482,0.004149377593361
"FAM122A",2,482,0.004149377593361
"FAM131A",2,482,0.004149377593361
"FAM167A",2,482,0.004149377593361
"FAM172A",2,482,0.004149377593361
"FAM181A",2,482,0.004149377593361
"FAM193B",2,482,0.004149377593361
"FAM209A",2,482,0.004149377593361
"FAM210A",2,482,0.004149377593361
"FAM216B",2,482,0.004149377593361
"FAM228A",2,482,0.004149377593361
"FAM234A",2,482,0.004149377593361
"FAM3C",2,482,0.004149377593361
"FAM53A",2,482,0.004149377593361
"FAM71E1",2,482,0.004149377593361
"FAM71F1",2,482,0.004149377593361
"FAM83E",2,482,0.004149377593361
"FAM8A1",2,482,0.004149377593361
"FAM98C",2,482,0.004149377593361
"FAM9C",2,482,0.004149377593361
"FARS2",2,482,0.004149377593361
"FAS",2,482,0.004149377593361
"FASTK",2,482,0.004149377593361
"FASTKD2",2,482,0.004149377593361
"FASTKD5",2,482,0.004149377593361
"FBLL1",2,482,0.004149377593361
"FBP2",2,482,0.004149377593361
"FBXL14",2,482,0.004149377593361
"FBXL3",2,482,0.004149377593361
"FBXL6",2,482,0.004149377593361
"FBXO25",2,482,0.004149377593361
"FBXO44",2,482,0.004149377593361
"FBXO5",2,482,0.004149377593361
"FBXO9",2,482,0.004149377593361
"FBXW9",2,482,0.004149377593361
"FCER1G",2,482,0.004149377593361
"FCGRT",2,482,0.004149377593361
"FCHSD1",2,482,0.004149377593361
"FCRLB",2,482,0.004149377593361
"FEN1",2,482,0.004149377593361
"FER1L5",2,482,0.004149377593361
"FERMT2",2,482,0.004149377593361
"FFAR2",2,482,0.004149377593361
"FGF18",2,482,0.004149377593361
"FGF2",2,482,0.004149377593361
"FGF4",2,482,0.004149377593361
"FGF9",2,482,0.004149377593361
"FHL1",2,482,0.004149377593361
"FHL3",2,482,0.004149377593361
"FIBCD1",2,482,0.004149377593361
"FITM1",2,482,0.004149377593361
"FKBP10",2,482,0.004149377593361
"FKBP3",2,482,0.004149377593361
"FKBP7",2,482,0.004149377593361
"FKBP8",2,482,0.004149377593361
"FKTN",2,482,0.004149377593361
"FLACC1",2,482,0.004149377593361
"FLVCR1",2,482,0.004149377593361
"FMC1-LUC7L2",2,482,0.004149377593361
"FNDC11",2,482,0.004149377593361
"FNTB",2,482,0.004149377593361
"FOLR1",2,482,0.004149377593361
"FOSB",2,482,0.004149377593361
"FOSL2",2,482,0.004149377593361
"FOXA1",2,482,0.004149377593361
"FOXA3",2,482,0.004149377593361
"FOXD2",2,482,0.004149377593361
"FOXJ3",2,482,0.004149377593361
"FOXL1",2,482,0.004149377593361
"FOXR1",2,482,0.004149377593361
"FOXR2",2,482,0.004149377593361
"FOXS1",2,482,0.004149377593361
"FRA10AC1",2,482,0.004149377593361
"FRG1",2,482,0.004149377593361
"FRMD5",2,482,0.004149377593361
"FRMD8",2,482,0.004149377593361
"FSCN2",2,482,0.004149377593361
"FTH1",2,482,0.004149377593361
"FUS",2,482,0.004149377593361
"FUT2",2,482,0.004149377593361
"FUZ",2,482,0.004149377593361
"FXN",2,482,0.004149377593361
"FXR2",2,482,0.004149377593361
"FXYD1",2,482,0.004149377593361
"FXYD5",2,482,0.004149377593361
"FXYD6",2,482,0.004149377593361
"FYB2",2,482,0.004149377593361
"FZD4",2,482,0.004149377593361
"FZD6",2,482,0.004149377593361
"G6PC3",2,482,0.004149377593361
"GAB2",2,482,0.004149377593361
"GADD45A",2,482,0.004149377593361
"GADD45G",2,482,0.004149377593361
"GALM",2,482,0.004149377593361
"GALNS",2,482,0.004149377593361
"GALNT4",2,482,0.004149377593361
"GALNT9",2,482,0.004149377593361
"GALP",2,482,0.004149377593361
"GAPT",2,482,0.004149377593361
"GAR1",2,482,0.004149377593361
"GAS8",2,482,0.004149377593361
"GAST",2,482,0.004149377593361
"GATA5",2,482,0.004149377593361
"GBA2",2,482,0.004149377593361
"GBX2",2,482,0.004149377593361
"GCAT",2,482,0.004149377593361
"GCNT4",2,482,0.004149377593361
"GCOM1",2,482,0.004149377593361
"GDE1",2,482,0.004149377593361
"GDF7",2,482,0.004149377593361
"GDI2",2,482,0.004149377593361
"GEMIN2",2,482,0.004149377593361
"GEMIN4",2,482,0.004149377593361
"GET1",2,482,0.004149377593361
"GET1-SH3BGR",2,482,0.004149377593361
"GFI1B",2,482,0.004149377593361
"GFRA4",2,482,0.004149377593361
"GFUS",2,482,0.004149377593361
"GGA1",2,482,0.004149377593361
"GGA3",2,482,0.004149377593361
"GGCT",2,482,0.004149377593361
"GGT6",2,482,0.004149377593361
"GHITM",2,482,0.004149377593361
"GHRL",2,482,0.004149377593361
"GINS1",2,482,0.004149377593361
"GIPR",2,482,0.004149377593361
"GJA9",2,482,0.004149377593361
"GJB5",2,482,0.004149377593361
"GJC3",2,482,0.004149377593361
"GKAP1",2,482,0.004149377593361
"GKN1",2,482,0.004149377593361
"GKN2",2,482,0.004149377593361
"GLMP",2,482,0.004149377593361
"GLOD4",2,482,0.004149377593361
"GLT8D2",2,482,0.004149377593361
"GLYAT",2,482,0.004149377593361
"GMCL1",2,482,0.004149377593361
"GMDS",2,482,0.004149377593361
"GMEB2",2,482,0.004149377593361
"GML",2,482,0.004149377593361
"GMNN",2,482,0.004149377593361
"GMPS",2,482,0.004149377593361
"GNA14",2,482,0.004149377593361
"GNAI2",2,482,0.004149377593361
"GNAI3",2,482,0.004149377593361
"GNAQ",2,482,0.004149377593361
"GNAT1",2,482,0.004149377593361
"GNB2",2,482,0.004149377593361
"GNB5",2,482,0.004149377593361
"GNG2",2,482,0.004149377593361
"GNPNAT1",2,482,0.004149377593361
"GNS",2,482,0.004149377593361
"GOLGA1",2,482,0.004149377593361
"GOLGA2",2,482,0.004149377593361
"GOLGA8G",2,482,0.004149377593361
"GPALPP1",2,482,0.004149377593361
"GPATCH3",2,482,0.004149377593361
"GPC1",2,482,0.004149377593361
"GPC4",2,482,0.004149377593361
"GPD1",2,482,0.004149377593361
"GPHB5",2,482,0.004149377593361
"GPR107",2,482,0.004149377593361
"GPR137",2,482,0.004149377593361
"GPR146",2,482,0.004149377593361
"GPR150",2,482,0.004149377593361
"GPR160",2,482,0.004149377593361
"GPR18",2,482,0.004149377593361
"GPR182",2,482,0.004149377593361
"GPR25",2,482,0.004149377593361
"GPR37L1",2,482,0.004149377593361
"GPR68",2,482,0.004149377593361
"GPR87",2,482,0.004149377593361
"GPR89A",2,482,0.004149377593361
"GRAMD2B",2,482,0.004149377593361
"GRK2",2,482,0.004149377593361
"GRK3",2,482,0.004149377593361
"GRK6",2,482,0.004149377593361
"GRP",2,482,0.004149377593361
"GRPEL2",2,482,0.004149377593361
"GRTP1",2,482,0.004149377593361
"GSC2",2,482,0.004149377593361
"GSDMA",2,482,0.004149377593361
"GSDMB",2,482,0.004149377593361
"GSDMC",2,482,0.004149377593361
"GSK3A",2,482,0.004149377593361
"GSK3B",2,482,0.004149377593361
"GSS",2,482,0.004149377593361
"GSTM2",2,482,0.004149377593361
"GSTM5",2,482,0.004149377593361
"GSTP1",2,482,0.004149377593361
"GSTT2B",2,482,0.004149377593361
"GTF2F2",2,482,0.004149377593361
"GTF2H2",2,482,0.004149377593361
"GTF2H3",2,482,0.004149377593361
"GTF3A",2,482,0.004149377593361
"GUCD1",2,482,0.004149377593361
"GUK1",2,482,0.004149377593361
"GZMB",2,482,0.004149377593361
"H1-1",2,482,0.004149377593361
"H2AC11",2,482,0.004149377593361
"H2AC14",2,482,0.004149377593361
"H2AC21",2,482,0.004149377593361
"H2AW",2,482,0.004149377593361
"H2AX",2,482,0.004149377593361
"H2BC13",2,482,0.004149377593361
"H2BC15",2,482,0.004149377593361
"H2BC3",2,482,0.004149377593361
"H2BU1",2,482,0.004149377593361
"H3C10",2,482,0.004149377593361
"H3C8",2,482,0.004149377593361
"H4C11",2,482,0.004149377593361
"H4C6",2,482,0.004149377593361
"H4C7",2,482,0.004149377593361
"HAAO",2,482,0.004149377593361
"HABP2",2,482,0.004149377593361
"HACL1",2,482,0.004149377593361
"HAGHL",2,482,0.004149377593361
"HAND1",2,482,0.004149377593361
"HARS1",2,482,0.004149377593361
"HARS2",2,482,0.004149377593361
"HAUS3",2,482,0.004149377593361
"HAX1",2,482,0.004149377593361
"HBEGF",2,482,0.004149377593361
"HCAR3",2,482,0.004149377593361
"HDAC2",2,482,0.004149377593361
"HDAC8",2,482,0.004149377593361
"HDGFL2",2,482,0.004149377593361
"HDHD3",2,482,0.004149377593361
"HEATR4",2,482,0.004149377593361
"HEMK1",2,482,0.004149377593361
"HESX1",2,482,0.004149377593361
"HEXIM1",2,482,0.004149377593361
"HFE",2,482,0.004149377593361
"HHATL",2,482,0.004149377593361
"HIKESHI",2,482,0.004149377593361
"HIP1R",2,482,0.004149377593361
"HLA-C",2,482,0.004149377593361
"HLA-DOB",2,482,0.004149377593361
"HLA-DRB1",2,482,0.004149377593361
"HMGB2",2,482,0.004149377593361
"HMGB3",2,482,0.004149377593361
"HMGCL",2,482,0.004149377593361
"HMGCS1",2,482,0.004149377593361
"HMGN1",2,482,0.004149377593361
"HNRNPA1L2",2,482,0.004149377593361
"HNRNPA3",2,482,0.004149377593361
"HNRNPD",2,482,0.004149377593361
"HOMER3",2,482,0.004149377593361
"HOXA2",2,482,0.004149377593361
"HOXB4",2,482,0.004149377593361
"HOXB6",2,482,0.004149377593361
"HOXC4",2,482,0.004149377593361
"HOXD8",2,482,0.004149377593361
"HP",2,482,0.004149377593361
"HPDL",2,482,0.004149377593361
"HPF1",2,482,0.004149377593361
"HPGD",2,482,0.004149377593361
"HPS6",2,482,0.004149377593361
"HROB",2,482,0.004149377593361
"HS1BP3",2,482,0.004149377593361
"HSD11B2",2,482,0.004149377593361
"HSD17B13",2,482,0.004149377593361
"HSD17B14",2,482,0.004149377593361
"HSD17B2",2,482,0.004149377593361
"HSD17B3",2,482,0.004149377593361
"HSF4",2,482,0.004149377593361
"HSPA5",2,482,0.004149377593361
"HSPB11",2,482,0.004149377593361
"HSPB9",2,482,0.004149377593361
"HSPBP1",2,482,0.004149377593361
"HSPH1",2,482,0.004149377593361
"HTATIP2",2,482,0.004149377593361
"HTN1",2,482,0.004149377593361
"HTR1D",2,482,0.004149377593361
"HTR2B",2,482,0.004149377593361
"HTR3D",2,482,0.004149377593361
"HYKK",2,482,0.004149377593361
"IAPP",2,482,0.004149377593361
"ICAM2",2,482,0.004149377593361
"ID3",2,482,0.004149377593361
"IDE",2,482,0.004149377593361
"IDI1",2,482,0.004149377593361
"IFIT2",2,482,0.004149377593361
"IFIT3",2,482,0.004149377593361
"IFIT5",2,482,0.004149377593361
"IFNA2",2,482,0.004149377593361
"IFNA4",2,482,0.004149377593361
"IFNA6",2,482,0.004149377593361
"IFNA8",2,482,0.004149377593361
"IFNB1",2,482,0.004149377593361
"IFNLR1",2,482,0.004149377593361
"IFNW1",2,482,0.004149377593361
"IFT27",2,482,0.004149377593361
"IGBP1",2,482,0.004149377593361
"IGFBP6",2,482,0.004149377593361
"IGFBP7",2,482,0.004149377593361
"IGHV1-18",2,482,0.004149377593361
"IGHV1-58",2,482,0.004149377593361
"IGHV3-38",2,482,0.004149377593361
"IGHV3-48",2,482,0.004149377593361
"IGHV3-74",2,482,0.004149377593361
"IGHV4-34",2,482,0.004149377593361
"IGHV4-39",2,482,0.004149377593361
"IGKJ5",2,482,0.004149377593361
"IGKV2-28",2,482,0.004149377593361
"IGKV3D-15",2,482,0.004149377593361
"IGKV3D-7",2,482,0.004149377593361
"IGLC3",2,482,0.004149377593361
"IGLV1-50",2,482,0.004149377593361
"IGLV1-51",2,482,0.004149377593361
"IGLV10-54",2,482,0.004149377593361
"IGLV2-11",2,482,0.004149377593361
"IGLV2-8",2,482,0.004149377593361
"IGLV3-12",2,482,0.004149377593361
"IGLV3-16",2,482,0.004149377593361
"IGLV3-19",2,482,0.004149377593361
"IGLV3-25",2,482,0.004149377593361
"IGLV4-3",2,482,0.004149377593361
"IGLV5-48",2,482,0.004149377593361
"IGLV7-43",2,482,0.004149377593361
"IGSF5",2,482,0.004149377593361
"IHO1",2,482,0.004149377593361
"IL10",2,482,0.004149377593361
"IL17RD",2,482,0.004149377593361
"IL19",2,482,0.004149377593361
"IL1A",2,482,0.004149377593361
"IL20RA",2,482,0.004149377593361
"IL21",2,482,0.004149377593361
"IL26",2,482,0.004149377593361
"IL31",2,482,0.004149377593361
"IL33",2,482,0.004149377593361
"IL36A",2,482,0.004149377593361
"IL36B",2,482,0.004149377593361
"IL3RA",2,482,0.004149377593361
"IL4",2,482,0.004149377593361
"ILDR1",2,482,0.004149377593361
"ILRUN",2,482,0.004149377593361
"IMMP1L",2,482,0.004149377593361
"ING2",2,482,0.004149377593361
"INHBB",2,482,0.004149377593361
"INHBE",2,482,0.004149377593361
"INIP",2,482,0.004149377593361
"INPP5K",2,482,0.004149377593361
"INSM1",2,482,0.004149377593361
"INTS13",2,482,0.004149377593361
"INTS14",2,482,0.004149377593361
"INTS9",2,482,0.004149377593361
"IPPK",2,482,0.004149377593361
"IQCC",2,482,0.004149377593361
"IQCD",2,482,0.004149377593361
"IQCF2",2,482,0.004149377593361
"IRAK4",2,482,0.004149377593361
"IRF1",2,482,0.004149377593361
"ISCA1",2,482,0.004149377593361
"ISG20",2,482,0.004149377593361
"IST1",2,482,0.004149377593361
"ISY1-RAB43",2,482,0.004149377593361
"ITGB1BP2",2,482,0.004149377593361
"ITGB3BP",2,482,0.004149377593361
"ITGB5",2,482,0.004149377593361
"ITM2B",2,482,0.004149377593361
"ITPA",2,482,0.004149377593361
"ITPKA",2,482,0.004149377593361
"IVL",2,482,0.004149377593361
"IYD",2,482,0.004149377593361
"IZUMO1",2,482,0.004149377593361
"JADE1",2,482,0.004149377593361
"JAM3",2,482,0.004149377593361
"JAZF1",2,482,0.004149377593361
"JMJD7-PLA2G4B",2,482,0.004149377593361
"JOSD1",2,482,0.004149377593361
"JSRP1",2,482,0.004149377593361
"JTB",2,482,0.004149377593361
"JUN",2,482,0.004149377593361
"KAT5",2,482,0.004149377593361
"KATNA1",2,482,0.004149377593361
"KATNAL1",2,482,0.004149377593361
"KATNBL1",2,482,0.004149377593361
"KAZN",2,482,0.004149377593361
"KBTBD13",2,482,0.004149377593361
"KCNE4",2,482,0.004149377593361
"KCNG2",2,482,0.004149377593361
"KCNJ5",2,482,0.004149377593361
"KCNMB3",2,482,0.004149377593361
"KCTD11",2,482,0.004149377593361
"KCTD12",2,482,0.004149377593361
"KCTD13",2,482,0.004149377593361
"KCTD15",2,482,0.004149377593361
"KCTD18",2,482,0.004149377593361
"KCTD20",2,482,0.004149377593361
"KCTD4",2,482,0.004149377593361
"KCTD5",2,482,0.004149377593361
"KCTD6",2,482,0.004149377593361
"KDELR3",2,482,0.004149377593361
"KIAA0753",2,482,0.004149377593361
"KIAA2013",2,482,0.004149377593361
"KIF12",2,482,0.004149377593361
"KIF22",2,482,0.004149377593361
"KIFC3",2,482,0.004149377593361
"KISS1",2,482,0.004149377593361
"KLC1",2,482,0.004149377593361
"KLC3",2,482,0.004149377593361
"KLF1",2,482,0.004149377593361
"KLF14",2,482,0.004149377593361
"KLF4",2,482,0.004149377593361
"KLHDC2",2,482,0.004149377593361
"KLHDC4",2,482,0.004149377593361
"KLHDC9",2,482,0.004149377593361
"KLHL12",2,482,0.004149377593361
"KLHL17",2,482,0.004149377593361
"KLHL18",2,482,0.004149377593361
"KLK12",2,482,0.004149377593361
"KLK13",2,482,0.004149377593361
"KLK14",2,482,0.004149377593361
"KLRD1",2,482,0.004149377593361
"KLRG2",2,482,0.004149377593361
"KLRK1",2,482,0.004149377593361
"KPNA5",2,482,0.004149377593361
"KPTN",2,482,0.004149377593361
"KRT19",2,482,0.004149377593361
"KRT222",2,482,0.004149377593361
"KRT35",2,482,0.004149377593361
"KRT37",2,482,0.004149377593361
"KRT8",2,482,0.004149377593361
"KRT9",2,482,0.004149377593361
"KRTAP10-1",2,482,0.004149377593361
"KRTAP12-2",2,482,0.004149377593361
"KRTAP12-4",2,482,0.004149377593361
"KRTAP19-6",2,482,0.004149377593361
"KRTAP3-3",2,482,0.004149377593361
"KRTAP4-2",2,482,0.004149377593361
"KRTAP4-3",2,482,0.004149377593361
"KRTAP5-7",2,482,0.004149377593361
"KRTCAP3",2,482,0.004149377593361
"LACTB2",2,482,0.004149377593361
"LAMP1",2,482,0.004149377593361
"LANCL1",2,482,0.004149377593361
"LBX1",2,482,0.004149377593361
"LCAT",2,482,0.004149377593361
"LCMT1",2,482,0.004149377593361
"LCN1",2,482,0.004149377593361
"LCN6",2,482,0.004149377593361
"LCN9",2,482,0.004149377593361
"LDHAL6A",2,482,0.004149377593361
"LDLRAD1",2,482,0.004149377593361
"LDLRAD2",2,482,0.004149377593361
"LELP1",2,482,0.004149377593361
"LENG1",2,482,0.004149377593361
"LETM1",2,482,0.004149377593361
"LGALS2",2,482,0.004149377593361
"LGALS9",2,482,0.004149377593361
"LGI4",2,482,0.004149377593361
"LHFPL4",2,482,0.004149377593361
"LHFPL6",2,482,0.004149377593361
"LHX6",2,482,0.004149377593361
"LIMD2",2,482,0.004149377593361
"LIN28A",2,482,0.004149377593361
"LIN37",2,482,0.004149377593361
"LIPN",2,482,0.004149377593361
"LIPT1",2,482,0.004149377593361
"LITAF",2,482,0.004149377593361
"LMAN2",2,482,0.004149377593361
"LMBR1L",2,482,0.004149377593361
"LMF1",2,482,0.004149377593361
"LMO3",2,482,0.004149377593361
"LNP1",2,482,0.004149377593361
"LOX",2,482,0.004149377593361
"LOXL1",2,482,0.004149377593361
"LPCAT4",2,482,0.004149377593361
"LRATD2",2,482,0.004149377593361
"LRMDA",2,482,0.004149377593361
"LRRC18",2,482,0.004149377593361
"LRRC23",2,482,0.004149377593361
"LRRC27",2,482,0.004149377593361
"LRRC37A",2,482,0.004149377593361
"LRRC45",2,482,0.004149377593361
"LRRC47",2,482,0.004149377593361
"LRRC56",2,482,0.004149377593361
"LRRC58",2,482,0.004149377593361
"LRRC8D",2,482,0.004149377593361
"LRSAM1",2,482,0.004149377593361
"LRTM1",2,482,0.004149377593361
"LSM11",2,482,0.004149377593361
"LSM14B",2,482,0.004149377593361
"LSM5",2,482,0.004149377593361
"LTO1",2,482,0.004149377593361
"LY6D",2,482,0.004149377593361
"LY6G6D",2,482,0.004149377593361
"LY75-CD302",2,482,0.004149377593361
"LYPD2",2,482,0.004149377593361
"LYPD4",2,482,0.004149377593361
"LYPD5",2,482,0.004149377593361
"LYSMD1",2,482,0.004149377593361
"LYSMD3",2,482,0.004149377593361
"LYZL1",2,482,0.004149377593361
"M6PR",2,482,0.004149377593361
"MACIR",2,482,0.004149377593361
"MACROH2A1",2,482,0.004149377593361
"MAD2L1",2,482,0.004149377593361
"MADCAM1",2,482,0.004149377593361
"MAEA",2,482,0.004149377593361
"MAF",2,482,0.004149377593361
"MAFA",2,482,0.004149377593361
"MAGEH1",2,482,0.004149377593361
"MAK",2,482,0.004149377593361
"MAL2",2,482,0.004149377593361
"MAMDC2",2,482,0.004149377593361
"MAP3K8",2,482,0.004149377593361
"MAP4K5",2,482,0.004149377593361
"MAPK13",2,482,0.004149377593361
"MAPK14",2,482,0.004149377593361
"MAPK3",2,482,0.004149377593361
"MAPK8IP2",2,482,0.004149377593361
"MAPK9",2,482,0.004149377593361
"MAPKAPK3",2,482,0.004149377593361
"MAPKAPK5",2,482,0.004149377593361
"MARCHF2",2,482,0.004149377593361
"MARCKS",2,482,0.004149377593361
"MARVELD3",2,482,0.004149377593361
"MB",2,482,0.004149377593361
"MBD3L1",2,482,0.004149377593361
"MBLAC2",2,482,0.004149377593361
"MBOAT2",2,482,0.004149377593361
"MC1R",2,482,0.004149377593361
"MCAT",2,482,0.004149377593361
"MCEE",2,482,0.004149377593361
"MCEMP1",2,482,0.004149377593361
"MCFD2",2,482,0.004149377593361
"MCL1",2,482,0.004149377593361
"MCUB",2,482,0.004149377593361
"MDGA1",2,482,0.004149377593361
"MDH1",2,482,0.004149377593361
"MED10",2,482,0.004149377593361
"MED16",2,482,0.004149377593361
"MED29",2,482,0.004149377593361
"MED31",2,482,0.004149377593361
"MED4",2,482,0.004149377593361
"MED7",2,482,0.004149377593361
"MEDAG",2,482,0.004149377593361
"MEPCE",2,482,0.004149377593361
"MESP2",2,482,0.004149377593361
"MEST",2,482,0.004149377593361
"METAP1",2,482,0.004149377593361
"METAP1D",2,482,0.004149377593361
"METTL14",2,482,0.004149377593361
"METTL23",2,482,0.004149377593361
"METTL3",2,482,0.004149377593361
"METTL6",2,482,0.004149377593361
"METTL7B",2,482,0.004149377593361
"MEX3A",2,482,0.004149377593361
"MEX3D",2,482,0.004149377593361
"MFAP3",2,482,0.004149377593361
"MFF",2,482,0.004149377593361
"MFHAS1",2,482,0.004149377593361
"MFNG",2,482,0.004149377593361
"MFRP",2,482,0.004149377593361
"MFSD14A",2,482,0.004149377593361
"MFSD14B",2,482,0.004149377593361
"MGARP",2,482,0.004149377593361
"MGAT4A",2,482,0.004149377593361
"MGME1",2,482,0.004149377593361
"MGMT",2,482,0.004149377593361
"MIA",2,482,0.004149377593361
"MICB",2,482,0.004149377593361
"MICU1",2,482,0.004149377593361
"MIER2",2,482,0.004149377593361
"MINPP1",2,482,0.004149377593361
"MIOX",2,482,0.004149377593361
"MITD1",2,482,0.004149377593361
"MIXL1",2,482,0.004149377593361
"MKS1",2,482,0.004149377593361
"MLEC",2,482,0.004149377593361
"MLN",2,482,0.004149377593361
"MLST8",2,482,0.004149377593361
"MLYCD",2,482,0.004149377593361
"MMADHC",2,482,0.004149377593361
"MMGT1",2,482,0.004149377593361
"MMP24",2,482,0.004149377593361
"MMP27",2,482,0.004149377593361
"MMP3",2,482,0.004149377593361
"MMP7",2,482,0.004149377593361
"MOB1A",2,482,0.004149377593361
"MOB1B",2,482,0.004149377593361
"MOB2",2,482,0.004149377593361
"MOB3B",2,482,0.004149377593361
"MOBP",2,482,0.004149377593361
"MOCS3",2,482,0.004149377593361
"MOK",2,482,0.004149377593361
"MPLKIP",2,482,0.004149377593361
"MPP1",2,482,0.004149377593361
"MPST",2,482,0.004149377593361
"MPZL1",2,482,0.004149377593361
"MPZL3",2,482,0.004149377593361
"MRAP",2,482,0.004149377593361
"MREG",2,482,0.004149377593361
"MRFAP1L1",2,482,0.004149377593361
"MRGBP",2,482,0.004149377593361
"MRGPRF",2,482,0.004149377593361
"MRM3",2,482,0.004149377593361
"MRPL11",2,482,0.004149377593361
"MRPL14",2,482,0.004149377593361
"MRPL15",2,482,0.004149377593361
"MRPL20",2,482,0.004149377593361
"MRPL22",2,482,0.004149377593361
"MRPL3",2,482,0.004149377593361
"MRPL42",2,482,0.004149377593361
"MRPL51",2,482,0.004149377593361
"MRPL53",2,482,0.004149377593361
"MRPL55",2,482,0.004149377593361
"MRPL9",2,482,0.004149377593361
"MRPS12",2,482,0.004149377593361
"MRPS15",2,482,0.004149377593361
"MRPS2",2,482,0.004149377593361
"MRPS27",2,482,0.004149377593361
"MRPS31",2,482,0.004149377593361
"MRPS35",2,482,0.004149377593361
"MRPS36",2,482,0.004149377593361
"MRPS9",2,482,0.004149377593361
"MRS2",2,482,0.004149377593361
"MSGN1",2,482,0.004149377593361
"MSI2",2,482,0.004149377593361
"MSMB",2,482,0.004149377593361
"MSMP",2,482,0.004149377593361
"MST1",2,482,0.004149377593361
"MSX1",2,482,0.004149377593361
"MTARC2",2,482,0.004149377593361
"MTFMT",2,482,0.004149377593361
"MTFR2",2,482,0.004149377593361
"MTMR9",2,482,0.004149377593361
"MTRES1",2,482,0.004149377593361
"MTRF1L",2,482,0.004149377593361
"MTURN",2,482,0.004149377593361
"MTX2",2,482,0.004149377593361
"MUC1",2,482,0.004149377593361
"MUC13",2,482,0.004149377593361
"MVD",2,482,0.004149377593361
"MXD3",2,482,0.004149377593361
"MXI1",2,482,0.004149377593361
"MYC",2,482,0.004149377593361
"MYG1",2,482,0.004149377593361
"MYL4",2,482,0.004149377593361
"MYL6",2,482,0.004149377593361
"MYLPF",2,482,0.004149377593361
"MYNN",2,482,0.004149377593361
"MZF1",2,482,0.004149377593361
"N6AMT1",2,482,0.004149377593361
"NAA10",2,482,0.004149377593361
"NAA35",2,482,0.004149377593361
"NADK2",2,482,0.004149377593361
"NAGA",2,482,0.004149377593361
"NANOS3",2,482,0.004149377593361
"NAP1L4",2,482,0.004149377593361
"NARF",2,482,0.004149377593361
"NASP",2,482,0.004149377593361
"NAT16",2,482,0.004149377593361
"NAT2",2,482,0.004149377593361
"NAT8L",2,482,0.004149377593361
"NAXD",2,482,0.004149377593361
"NAXE",2,482,0.004149377593361
"NCBP3",2,482,0.004149377593361
"NCF4",2,482,0.004149377593361
"NCLN",2,482,0.004149377593361
"NCOA5",2,482,0.004149377593361
"NDEL1",2,482,0.004149377593361
"NDFIP2",2,482,0.004149377593361
"NDUFA13",2,482,0.004149377593361
"NDUFA9",2,482,0.004149377593361
"NDUFAB1",2,482,0.004149377593361
"NDUFAF1",2,482,0.004149377593361
"NDUFAF2",2,482,0.004149377593361
"NDUFB7",2,482,0.004149377593361
"NDUFB8",2,482,0.004149377593361
"NECTIN2",2,482,0.004149377593361
"NEK7",2,482,0.004149377593361
"NEMP1",2,482,0.004149377593361
"NET1",2,482,0.004149377593361
"NEURL1",2,482,0.004149377593361
"NEURL2",2,482,0.004149377593361
"NEUROD2",2,482,0.004149377593361
"NFAM1",2,482,0.004149377593361
"NFIC",2,482,0.004149377593361
"NFKBIA",2,482,0.004149377593361
"NFKBIB",2,482,0.004149377593361
"NFKBIE",2,482,0.004149377593361
"NFYB",2,482,0.004149377593361
"NFYC",2,482,0.004149377593361
"NGF",2,482,0.004149377593361
"NGRN",2,482,0.004149377593361
"NHEJ1",2,482,0.004149377593361
"NHSL2",2,482,0.004149377593361
"NIFK",2,482,0.004149377593361
"NIPAL4",2,482,0.004149377593361
"NIPSNAP3A",2,482,0.004149377593361
"NIT1",2,482,0.004149377593361
"NIT2",2,482,0.004149377593361
"NKPD1",2,482,0.004149377593361
"NKX3-1",2,482,0.004149377593361
"NME3",2,482,0.004149377593361
"NMNAT1",2,482,0.004149377593361
"NMRK1",2,482,0.004149377593361
"NMT1",2,482,0.004149377593361
"NNMT",2,482,0.004149377593361
"NOC2L",2,482,0.004149377593361
"NOL12",2,482,0.004149377593361
"NOM1",2,482,0.004149377593361
"NOMO3",2,482,0.004149377593361
"NONO",2,482,0.004149377593361
"NOP14",2,482,0.004149377593361
"NPRL3",2,482,0.004149377593361
"NPTX2",2,482,0.004149377593361
"NR0B2",2,482,0.004149377593361
"NR2C2",2,482,0.004149377593361
"NR2C2AP",2,482,0.004149377593361
"NR5A1",2,482,0.004149377593361
"NRARP",2,482,0.004149377593361
"NRBF2",2,482,0.004149377593361
"NRIP3",2,482,0.004149377593361
"NRL",2,482,0.004149377593361
"NRN1L",2,482,0.004149377593361
"NSD2",2,482,0.004149377593361
"NSG1",2,482,0.004149377593361
"NSMCE1",2,482,0.004149377593361
"NSMCE2",2,482,0.004149377593361
"NSMCE3",2,482,0.004149377593361
"NSRP1",2,482,0.004149377593361
"NT5C3B",2,482,0.004149377593361
"NT5DC1",2,482,0.004149377593361
"NTAQ1",2,482,0.004149377593361
"NTHL1",2,482,0.004149377593361
"NTN1",2,482,0.004149377593361
"NTPCR",2,482,0.004149377593361
"NUB1",2,482,0.004149377593361
"NUCKS1",2,482,0.004149377593361
"NUDCD2",2,482,0.004149377593361
"NUDCD3",2,482,0.004149377593361
"NUDT19",2,482,0.004149377593361
"NUDT8",2,482,0.004149377593361
"NUDT9",2,482,0.004149377593361
"NUMBL",2,482,0.004149377593361
"NUP35",2,482,0.004149377593361
"NUP50",2,482,0.004149377593361
"NUP85",2,482,0.004149377593361
"NUP88",2,482,0.004149377593361
"NUTM2A",2,482,0.004149377593361
"NXN",2,482,0.004149377593361
"NXNL1",2,482,0.004149377593361
"NXPH4",2,482,0.004149377593361
"NXT1",2,482,0.004149377593361
"OAF",2,482,0.004149377593361
"OAZ2",2,482,0.004149377593361
"OCIAD1",2,482,0.004149377593361
"OCIAD2",2,482,0.004149377593361
"OCLN",2,482,0.004149377593361
"OCM2",2,482,0.004149377593361
"ODC1",2,482,0.004149377593361
"ODF3L1",2,482,0.004149377593361
"ODF4",2,482,0.004149377593361
"OGFOD1",2,482,0.004149377593361
"OGFOD3",2,482,0.004149377593361
"OLAH",2,482,0.004149377593361
"OLFM2",2,482,0.004149377593361
"OLFML1",2,482,0.004149377593361
"ONECUT2",2,482,0.004149377593361
"OPALIN",2,482,0.004149377593361
"OPN1MW",2,482,0.004149377593361
"OPN4",2,482,0.004149377593361
"OR13H1",2,482,0.004149377593361
"OR1K1",2,482,0.004149377593361
"OR1N2",2,482,0.004149377593361
"OR2A1",2,482,0.004149377593361
"OR2AE1",2,482,0.004149377593361
"OR2AG1",2,482,0.004149377593361
"OR2C1",2,482,0.004149377593361
"OR2K2",2,482,0.004149377593361
"OR4F17",2,482,0.004149377593361
"OR4F21",2,482,0.004149377593361
"OR4F4",2,482,0.004149377593361
"OR51E1",2,482,0.004149377593361
"OR52H1",2,482,0.004149377593361
"OR5P3",2,482,0.004149377593361
"OR7A5",2,482,0.004149377593361
"OR7G3",2,482,0.004149377593361
"ORAI3",2,482,0.004149377593361
"ORC4",2,482,0.004149377593361
"ORM1",2,482,0.004149377593361
"ORM2",2,482,0.004149377593361
"OSGEPL1",2,482,0.004149377593361
"OSM",2,482,0.004149377593361
"OSTF1",2,482,0.004149377593361
"OTOS",2,482,0.004149377593361
"OTP",2,482,0.004149377593361
"OTUB2",2,482,0.004149377593361
"OTUD5",2,482,0.004149377593361
"OTUD6A",2,482,0.004149377593361
"OTUD6B",2,482,0.004149377593361
"OTULINL",2,482,0.004149377593361
"OTX1",2,482,0.004149377593361
"OVOL2",2,482,0.004149377593361
"OXA1L",2,482,0.004149377593361
"OXER1",2,482,0.004149377593361
"P2RX4",2,482,0.004149377593361
"P2RX7",2,482,0.004149377593361
"P2RY6",2,482,0.004149377593361
"P4HTM",2,482,0.004149377593361
"PACSIN1",2,482,0.004149377593361
"PACSIN2",2,482,0.004149377593361
"PAFAH1B2",2,482,0.004149377593361
"PANK3",2,482,0.004149377593361
"PANK4",2,482,0.004149377593361
"PAPSS2",2,482,0.004149377593361
"PAQR4",2,482,0.004149377593361
"PAQR8",2,482,0.004149377593361
"PARM1",2,482,0.004149377593361
"PARP16",2,482,0.004149377593361
"PARP3",2,482,0.004149377593361
"PARVB",2,482,0.004149377593361
"PAXX",2,482,0.004149377593361
"PBDC1",2,482,0.004149377593361
"PCBP1",2,482,0.004149377593361
"PCGF6",2,482,0.004149377593361
"PCNA",2,482,0.004149377593361
"PCSK4",2,482,0.004149377593361
"PCTP",2,482,0.004149377593361
"PCYT2",2,482,0.004149377593361
"PDCD2",2,482,0.004149377593361
"PDCD4",2,482,0.004149377593361
"PDE12",2,482,0.004149377593361
"PDE6G",2,482,0.004149377593361
"PDE7A",2,482,0.004149377593361
"PDGFB",2,482,0.004149377593361
"PDHX",2,482,0.004149377593361
"PDIK1L",2,482,0.004149377593361
"PDK2",2,482,0.004149377593361
"PDLIM1",2,482,0.004149377593361
"PDLIM3",2,482,0.004149377593361
"PDPK1",2,482,0.004149377593361
"PDX1",2,482,0.004149377593361
"PDXP",2,482,0.004149377593361
"PDZD3",2,482,0.004149377593361
"PDZD9",2,482,0.004149377593361
"PEAK3",2,482,0.004149377593361
"PEBP4",2,482,0.004149377593361
"PEX16",2,482,0.004149377593361
"PEX7",2,482,0.004149377593361
"PFKFB2",2,482,0.004149377593361
"PGA5",2,482,0.004149377593361
"PGAP2",2,482,0.004149377593361
"PGAP4",2,482,0.004149377593361
"PGD",2,482,0.004149377593361
"PGGT1B",2,482,0.004149377593361
"PGK1",2,482,0.004149377593361
"PGLS",2,482,0.004149377593361
"PGLYRP4",2,482,0.004149377593361
"PGPEP1",2,482,0.004149377593361
"PHB",2,482,0.004149377593361
"PHETA2",2,482,0.004149377593361
"PHF1",2,482,0.004149377593361
"PHF11",2,482,0.004149377593361
"PHF13",2,482,0.004149377593361
"PHF24",2,482,0.004149377593361
"PHF5A",2,482,0.004149377593361
"PHLDA3",2,482,0.004149377593361
"PHYHIP",2,482,0.004149377593361
"PI3",2,482,0.004149377593361
"PI4KB",2,482,0.004149377593361
"PIANP",2,482,0.004149377593361
"PID1",2,482,0.004149377593361
"PIF1",2,482,0.004149377593361
"PIGA",2,482,0.004149377593361
"PIGB",2,482,0.004149377593361
"PIGF",2,482,0.004149377593361
"PIGT",2,482,0.004149377593361
"PIH1D1",2,482,0.004149377593361
"PIH1D2",2,482,0.004149377593361
"PIK3IP1",2,482,0.004149377593361
"PIM1",2,482,0.004149377593361
"PIM3",2,482,0.004149377593361
"PINK1",2,482,0.004149377593361
"PIP",2,482,0.004149377593361
"PIP4P2",2,482,0.004149377593361
"PIPOX",2,482,0.004149377593361
"PIRT",2,482,0.004149377593361
"PIWIL4",2,482,0.004149377593361
"PKDCC",2,482,0.004149377593361
"PKMYT1",2,482,0.004149377593361
"PLAA",2,482,0.004149377593361
"PLAC1",2,482,0.004149377593361
"PLAUR",2,482,0.004149377593361
"PLBD1",2,482,0.004149377593361
"PLCD4",2,482,0.004149377593361
"PLEK2",2,482,0.004149377593361
"PLEKHA2",2,482,0.004149377593361
"PLEKHA3",2,482,0.004149377593361
"PLEKHB2",2,482,0.004149377593361
"PLLP",2,482,0.004149377593361
"PLP2",2,482,0.004149377593361
"PLPBP",2,482,0.004149377593361
"PLPPR2",2,482,0.004149377593361
"PLPPR3",2,482,0.004149377593361
"PM20D2",2,482,0.004149377593361
"PMF1",2,482,0.004149377593361
"PMM1",2,482,0.004149377593361
"PMPCA",2,482,0.004149377593361
"PMVK",2,482,0.004149377593361
"PNP",2,482,0.004149377593361
"PNPLA2",2,482,0.004149377593361
"PNRC1",2,482,0.004149377593361
"POC5",2,482,0.004149377593361
"PODNL1",2,482,0.004149377593361
"POGLUT3",2,482,0.004149377593361
"POLE2",2,482,0.004149377593361
"POLG2",2,482,0.004149377593361
"POLI",2,482,0.004149377593361
"POLM",2,482,0.004149377593361
"POLR1E",2,482,0.004149377593361
"POLR3GL",2,482,0.004149377593361
"POLR3H",2,482,0.004149377593361
"POLRMT",2,482,0.004149377593361
"POMGNT2",2,482,0.004149377593361
"POMT2",2,482,0.004149377593361
"POTEM",2,482,0.004149377593361
"POU2F2",2,482,0.004149377593361
"POU3F1",2,482,0.004149377593361
"POU4F3",2,482,0.004149377593361
"PPIA",2,482,0.004149377593361
"PPIE",2,482,0.004149377593361
"PPIL2",2,482,0.004149377593361
"PPIL4",2,482,0.004149377593361
"PPL",2,482,0.004149377593361
"PPM1G",2,482,0.004149377593361
"PPM1J",2,482,0.004149377593361
"PPP1CC",2,482,0.004149377593361
"PPP1R35",2,482,0.004149377593361
"PPP1R3D",2,482,0.004149377593361
"PPP1R3F",2,482,0.004149377593361
"PPP1R42",2,482,0.004149377593361
"PPP1R7",2,482,0.004149377593361
"PPP1R9B",2,482,0.004149377593361
"PPP2R3B",2,482,0.004149377593361
"PPP3R1",2,482,0.004149377593361
"PPT1",2,482,0.004149377593361
"PQBP1",2,482,0.004149377593361
"PRAC1",2,482,0.004149377593361
"PRAM1",2,482,0.004149377593361
"PRAMEF5",2,482,0.004149377593361
"PRDM4",2,482,0.004149377593361
"PRDM7",2,482,0.004149377593361
"PRDX4",2,482,0.004149377593361
"PREB",2,482,0.004149377593361
"PRELID1",2,482,0.004149377593361
"PRG3",2,482,0.004149377593361
"PRH1",2,482,0.004149377593361
"PRICKLE3",2,482,0.004149377593361
"PRKACG",2,482,0.004149377593361
"PRKAG1",2,482,0.004149377593361
"PRKCH",2,482,0.004149377593361
"PRKCSH",2,482,0.004149377593361
"PRKRIP1",2,482,0.004149377593361
"PRKX",2,482,0.004149377593361
"PRMT1",2,482,0.004149377593361
"PRMT6",2,482,0.004149377593361
"PROCA1",2,482,0.004149377593361
"PROP1",2,482,0.004149377593361
"PRPF18",2,482,0.004149377593361
"PRPS2",2,482,0.004149377593361
"PRPSAP1",2,482,0.004149377593361
"PRPSAP2",2,482,0.004149377593361
"PRR12",2,482,0.004149377593361
"PRR14L",2,482,0.004149377593361
"PRR27",2,482,0.004149377593361
"PRR35",2,482,0.004149377593361
"PRR7",2,482,0.004149377593361
"PRRG1",2,482,0.004149377593361
"PRRG4",2,482,0.004149377593361
"PRSS38",2,482,0.004149377593361
"PRSS55",2,482,0.004149377593361
"PRSS57",2,482,0.004149377593361
"PRTFDC1",2,482,0.004149377593361
"PSAP",2,482,0.004149377593361
"PSG5",2,482,0.004149377593361
"PSMA3",2,482,0.004149377593361
"PSMB3",2,482,0.004149377593361
"PSMB6",2,482,0.004149377593361
"PSMC3",2,482,0.004149377593361
"PSMD11",2,482,0.004149377593361
"PSMD13",2,482,0.004149377593361
"PSMD7",2,482,0.004149377593361
"PSMD8",2,482,0.004149377593361
"PSME2",2,482,0.004149377593361
"PSME3",2,482,0.004149377593361
"PSMF1",2,482,0.004149377593361
"PSMG2",2,482,0.004149377593361
"PSORS1C1",2,482,0.004149377593361
"PSTPIP2",2,482,0.004149377593361
"PTER",2,482,0.004149377593361
"PTF1A",2,482,0.004149377593361
"PTGDR2",2,482,0.004149377593361
"PTGDS",2,482,0.004149377593361
"PTGIS",2,482,0.004149377593361
"PTGR2",2,482,0.004149377593361
"PTH",2,482,0.004149377593361
"PTHLH",2,482,0.004149377593361
"PTK6",2,482,0.004149377593361
"PTP4A1",2,482,0.004149377593361
"PTPN23",2,482,0.004149377593361
"PTPN6",2,482,0.004149377593361
"PTPRCAP",2,482,0.004149377593361
"PTTG1",2,482,0.004149377593361
"PTX4",2,482,0.004149377593361
"PUDP",2,482,0.004149377593361
"PUS3",2,482,0.004149377593361
"PVRIG",2,482,0.004149377593361
"PXN",2,482,0.004149377593361
"PYCR1",2,482,0.004149377593361
"PYDC1",2,482,0.004149377593361
"PYROXD2",2,482,0.004149377593361
"QPRT",2,482,0.004149377593361
"QRSL1",2,482,0.004149377593361
"QTRT1",2,482,0.004149377593361
"R3HCC1L",2,482,0.004149377593361
"RAB10",2,482,0.004149377593361
"RAB11A",2,482,0.004149377593361
"RAB11FIP4",2,482,0.004149377593361
"RAB11FIP5",2,482,0.004149377593361
"RAB19",2,482,0.004149377593361
"RAB20",2,482,0.004149377593361
"RAB21",2,482,0.004149377593361
"RAB22A",2,482,0.004149377593361
"RAB23",2,482,0.004149377593361
"RAB27A",2,482,0.004149377593361
"RAB32",2,482,0.004149377593361
"RAB33A",2,482,0.004149377593361
"RAB33B",2,482,0.004149377593361
"RAB37",2,482,0.004149377593361
"RAB3IL1",2,482,0.004149377593361
"RAB40A",2,482,0.004149377593361
"RAB42",2,482,0.004149377593361
"RAB5A",2,482,0.004149377593361
"RAB7A",2,482,0.004149377593361
"RAD23A",2,482,0.004149377593361
"RAD51",2,482,0.004149377593361
"RAET1G",2,482,0.004149377593361
"RAF1",2,482,0.004149377593361
"RAP1A",2,482,0.004149377593361
"RARG",2,482,0.004149377593361
"RASGRP2",2,482,0.004149377593361
"RASL10B",2,482,0.004149377593361
"RASSF2",2,482,0.004149377593361
"RBBP4",2,482,0.004149377593361
"RBBP8NL",2,482,0.004149377593361
"RBM12B",2,482,0.004149377593361
"RBM18",2,482,0.004149377593361
"RBM41",2,482,0.004149377593361
"RBP1",2,482,0.004149377593361
"RBP4",2,482,0.004149377593361
"RBPJ",2,482,0.004149377593361
"RBPMS",2,482,0.004149377593361
"RCAN2",2,482,0.004149377593361
"RCAN3",2,482,0.004149377593361
"RCL1",2,482,0.004149377593361
"RCN2",2,482,0.004149377593361
"RCN3",2,482,0.004149377593361
"RCOR1",2,482,0.004149377593361
"RCOR2",2,482,0.004149377593361
"RDH12",2,482,0.004149377593361
"RDH13",2,482,0.004149377593361
"RDH5",2,482,0.004149377593361
"REEP1",2,482,0.004149377593361
"REEP2",2,482,0.004149377593361
"RELL2",2,482,0.004149377593361
"RETN",2,482,0.004149377593361
"REXO4",2,482,0.004149377593361
"RFC2",2,482,0.004149377593361
"RFLNB",2,482,0.004149377593361
"RFX2",2,482,0.004149377593361
"RGPD1",2,482,0.004149377593361
"RGS16",2,482,0.004149377593361
"RGS5",2,482,0.004149377593361
"RHBDD2",2,482,0.004149377593361
"RHOBTB3",2,482,0.004149377593361
"RHOC",2,482,0.004149377593361
"RHOQ",2,482,0.004149377593361
"RHPN2",2,482,0.004149377593361
"RILPL1",2,482,0.004149377593361
"RIMBP3",2,482,0.004149377593361
"RIMKLA",2,482,0.004149377593361
"RIOK3",2,482,0.004149377593361
"RLN1",2,482,0.004149377593361
"RMDN1",2,482,0.004149377593361
"RMND5B",2,482,0.004149377593361
"RNASE12",2,482,0.004149377593361
"RNASE2",2,482,0.004149377593361
"RNASEH2B",2,482,0.004149377593361
"RND1",2,482,0.004149377593361
"RNF114",2,482,0.004149377593361
"RNF115",2,482,0.004149377593361
"RNF121",2,482,0.004149377593361
"RNF135",2,482,0.004149377593361
"RNF141",2,482,0.004149377593361
"RNF146",2,482,0.004149377593361
"RNF149",2,482,0.004149377593361
"RNF165",2,482,0.004149377593361
"RNF166",2,482,0.004149377593361
"RNF169",2,482,0.004149377593361
"RNF180",2,482,0.004149377593361
"RNF182",2,482,0.004149377593361
"RNF185",2,482,0.004149377593361
"RNFT2",2,482,0.004149377593361
"RP9",2,482,0.004149377593361
"RPA1",2,482,0.004149377593361
"RPF2",2,482,0.004149377593361
"RPL10A",2,482,0.004149377593361
"RPL13",2,482,0.004149377593361
"RPL22L1",2,482,0.004149377593361
"RPL23A",2,482,0.004149377593361
"RPL28",2,482,0.004149377593361
"RPL35A",2,482,0.004149377593361
"RPL37",2,482,0.004149377593361
"RPL4",2,482,0.004149377593361
"RPL5",2,482,0.004149377593361
"RPP30",2,482,0.004149377593361
"RPRD1A",2,482,0.004149377593361
"RPRM",2,482,0.004149377593361
"RPRML",2,482,0.004149377593361
"RPS18",2,482,0.004149377593361
"RPS6KB1",2,482,0.004149377593361
"RPS6KL1",2,482,0.004149377593361
"RPS8",2,482,0.004149377593361
"RPS9",2,482,0.004149377593361
"RPUSD1",2,482,0.004149377593361
"RRAS",2,482,0.004149377593361
"RRM1",2,482,0.004149377593361
"RRP7A",2,482,0.004149377593361
"RSL1D1",2,482,0.004149377593361
"RSPH4A",2,482,0.004149377593361
"RSPO4",2,482,0.004149377593361
"RSU1",2,482,0.004149377593361
"RTBDN",2,482,0.004149377593361
"RTCA",2,482,0.004149377593361
"RTKN",2,482,0.004149377593361
"RTL8A",2,482,0.004149377593361
"RTN4RL1",2,482,0.004149377593361
"RUNDC1",2,482,0.004149377593361
"RUNX1",2,482,0.004149377593361
"RUNX3",2,482,0.004149377593361
"RUVBL2",2,482,0.004149377593361
"RWDD3",2,482,0.004149377593361
"RXFP4",2,482,0.004149377593361
"RYK",2,482,0.004149377593361
"S100A3",2,482,0.004149377593361
"S1PR2",2,482,0.004149377593361
"SACM1L",2,482,0.004149377593361
"SAG",2,482,0.004149377593361
"SAMD11",2,482,0.004149377593361
"SAMD14",2,482,0.004149377593361
"SARAF",2,482,0.004149377593361
"SARM1",2,482,0.004149377593361
"SART3",2,482,0.004149377593361
"SAT2",2,482,0.004149377593361
"SCAMP2",2,482,0.004149377593361
"SCARA3",2,482,0.004149377593361
"SCARB2",2,482,0.004149377593361
"SCD5",2,482,0.004149377593361
"SCFD2",2,482,0.004149377593361
"SCGB1D2",2,482,0.004149377593361
"SCN2B",2,482,0.004149377593361
"SCNN1D",2,482,0.004149377593361
"SCPEP1",2,482,0.004149377593361
"SCRN1",2,482,0.004149377593361
"SCRT1",2,482,0.004149377593361
"SCX",2,482,0.004149377593361
"SDC4",2,482,0.004149377593361
"SDF2",2,482,0.004149377593361
"SDHAF2",2,482,0.004149377593361
"SDHC",2,482,0.004149377593361
"SEC14L4",2,482,0.004149377593361
"SEC61A1",2,482,0.004149377593361
"SECTM1",2,482,0.004149377593361
"SEH1L",2,482,0.004149377593361
"SEMA3F",2,482,0.004149377593361
"SEMA4G",2,482,0.004149377593361
"SEPTIN11",2,482,0.004149377593361
"SEPTIN4",2,482,0.004149377593361
"SERF2",2,482,0.004149377593361
"SERINC3",2,482,0.004149377593361
"SERINC4",2,482,0.004149377593361
"SERINC5",2,482,0.004149377593361
"SERPINB1",2,482,0.004149377593361
"SERPINE2",2,482,0.004149377593361
"SERPINH1",2,482,0.004149377593361
"SERTAD1",2,482,0.004149377593361
"SERTAD2",2,482,0.004149377593361
"SERTAD4",2,482,0.004149377593361
"SERTM1",2,482,0.004149377593361
"SETD4",2,482,0.004149377593361
"SETDB2",2,482,0.004149377593361
"SFMBT1",2,482,0.004149377593361
"SFRP2",2,482,0.004149377593361
"SFXN1",2,482,0.004149377593361
"SFXN5",2,482,0.004149377593361
"SGF29",2,482,0.004149377593361
"SGMS2",2,482,0.004149377593361
"SGPP1",2,482,0.004149377593361
"SH2D3A",2,482,0.004149377593361
"SH3BGR",2,482,0.004149377593361
"SH3D21",2,482,0.004149377593361
"SHARPIN",2,482,0.004149377593361
"SHB",2,482,0.004149377593361
"SHISA2",2,482,0.004149377593361
"SHISA4",2,482,0.004149377593361
"SHLD2",2,482,0.004149377593361
"SHPK",2,482,0.004149377593361
"SIAH1",2,482,0.004149377593361
"SIAH2",2,482,0.004149377593361
"SIGLEC15",2,482,0.004149377593361
"SIL1",2,482,0.004149377593361
"SIPA1",2,482,0.004149377593361
"SIRPB2",2,482,0.004149377593361
"SIRT1",2,482,0.004149377593361
"SIRT3",2,482,0.004149377593361
"SIX5",2,482,0.004149377593361
"SIX6",2,482,0.004149377593361
"SKA1",2,482,0.004149377593361
"SKIDA1",2,482,0.004149377593361
"SKP2",2,482,0.004149377593361
"SLA2",2,482,0.004149377593361
"SLAIN1",2,482,0.004149377593361
"SLC10A1",2,482,0.004149377593361
"SLC10A3",2,482,0.004149377593361
"SLC10A4",2,482,0.004149377593361
"SLC10A6",2,482,0.004149377593361
"SLC10A7",2,482,0.004149377593361
"SLC15A3",2,482,0.004149377593361
"SLC16A10",2,482,0.004149377593361
"SLC16A11",2,482,0.004149377593361
"SLC16A13",2,482,0.004149377593361
"SLC16A2",2,482,0.004149377593361
"SLC16A8",2,482,0.004149377593361
"SLC17A5",2,482,0.004149377593361
"SLC17A9",2,482,0.004149377593361
"SLC19A1",2,482,0.004149377593361
"SLC1A1",2,482,0.004149377593361
"SLC1A5",2,482,0.004149377593361
"SLC1A7",2,482,0.004149377593361
"SLC22A14",2,482,0.004149377593361
"SLC25A15",2,482,0.004149377593361
"SLC25A18",2,482,0.004149377593361
"SLC25A28",2,482,0.004149377593361
"SLC25A33",2,482,0.004149377593361
"SLC25A34",2,482,0.004149377593361
"SLC25A35",2,482,0.004149377593361
"SLC25A36",2,482,0.004149377593361
"SLC25A52",2,482,0.004149377593361
"SLC25A6",2,482,0.004149377593361
"SLC26A2",2,482,0.004149377593361
"SLC29A2",2,482,0.004149377593361
"SLC2A1",2,482,0.004149377593361
"SLC2A12",2,482,0.004149377593361
"SLC30A5",2,482,0.004149377593361
"SLC31A1",2,482,0.004149377593361
"SLC35A4",2,482,0.004149377593361
"SLC35A5",2,482,0.004149377593361
"SLC35B3",2,482,0.004149377593361
"SLC35B4",2,482,0.004149377593361
"SLC35E1",2,482,0.004149377593361
"SLC35E3",2,482,0.004149377593361
"SLC35F2",2,482,0.004149377593361
"SLC37A3",2,482,0.004149377593361
"SLC38A10",2,482,0.004149377593361
"SLC38A2",2,482,0.004149377593361
"SLC38A7",2,482,0.004149377593361
"SLC39A11",2,482,0.004149377593361
"SLC39A5",2,482,0.004149377593361
"SLC39A8",2,482,0.004149377593361
"SLC41A3",2,482,0.004149377593361
"SLC44A1",2,482,0.004149377593361
"SLC46A3",2,482,0.004149377593361
"SLC47A2",2,482,0.004149377593361
"SLC5A10",2,482,0.004149377593361
"SLC66A3",2,482,0.004149377593361
"SLC6A20",2,482,0.004149377593361
"SLC7A11",2,482,0.004149377593361
"SLC7A5",2,482,0.004149377593361
"SLC7A6OS",2,482,0.004149377593361
"SLC9A7",2,482,0.004149377593361
"SMAD5",2,482,0.004149377593361
"SMAD6",2,482,0.004149377593361
"SMAD7",2,482,0.004149377593361
"SMARCB1",2,482,0.004149377593361
"SMARCD3",2,482,0.004149377593361
"SMIM19",2,482,0.004149377593361
"SMUG1",2,482,0.004149377593361
"SMYD5",2,482,0.004149377593361
"SNAP23",2,482,0.004149377593361
"SNCA",2,482,0.004149377593361
"SNCB",2,482,0.004149377593361
"SNRNP70",2,482,0.004149377593361
"SNRPA1",2,482,0.004149377593361
"SNRPD1",2,482,0.004149377593361
"SNTB1",2,482,0.004149377593361
"SNUPN",2,482,0.004149377593361
"SNX10",2,482,0.004149377593361
"SNX11",2,482,0.004149377593361
"SNX24",2,482,0.004149377593361
"SNX27",2,482,0.004149377593361
"SNX32",2,482,0.004149377593361
"SNX4",2,482,0.004149377593361
"SNX8",2,482,0.004149377593361
"SOCS2",2,482,0.004149377593361
"SOCS7",2,482,0.004149377593361
"SOST",2,482,0.004149377593361
"SOSTDC1",2,482,0.004149377593361
"SP110",2,482,0.004149377593361
"SP140L",2,482,0.004149377593361
"SP3",2,482,0.004149377593361
"SP5",2,482,0.004149377593361
"SP8",2,482,0.004149377593361
"SPAG4",2,482,0.004149377593361
"SPATA1",2,482,0.004149377593361
"SPATA13",2,482,0.004149377593361
"SPATA2L",2,482,0.004149377593361
"SPATA5L1",2,482,0.004149377593361
"SPATA9",2,482,0.004149377593361
"SPATS2L",2,482,0.004149377593361
"SPCS1",2,482,0.004149377593361
"SPDL1",2,482,0.004149377593361
"SPDYA",2,482,0.004149377593361
"SPDYE3",2,482,0.004149377593361
"SPDYE5",2,482,0.004149377593361
"SPEF1",2,482,0.004149377593361
"SPI1",2,482,0.004149377593361
"SPIN3",2,482,0.004149377593361
"SPINK14",2,482,0.004149377593361
"SPINK6",2,482,0.004149377593361
"SPINT2",2,482,0.004149377593361
"SPINT4",2,482,0.004149377593361
"SPNS3",2,482,0.004149377593361
"SPOP",2,482,0.004149377593361
"SPOUT1",2,482,0.004149377593361
"SPRED3",2,482,0.004149377593361
"SPRR2B",2,482,0.004149377593361
"SPRR2D",2,482,0.004149377593361
"SPRR3",2,482,0.004149377593361
"SPRY1",2,482,0.004149377593361
"SPRYD3",2,482,0.004149377593361
"SPX",2,482,0.004149377593361
"SQSTM1",2,482,0.004149377593361
"SRD5A3",2,482,0.004149377593361
"SRGN",2,482,0.004149377593361
"SRMS",2,482,0.004149377593361
"SRP54",2,482,0.004149377593361
"SRRM3",2,482,0.004149377593361
"SRSF12",2,482,0.004149377593361
"SRSF4",2,482,0.004149377593361
"SRSF9",2,482,0.004149377593361
"SS18L1",2,482,0.004149377593361
"SST",2,482,0.004149377593361
"SSU72",2,482,0.004149377593361
"SSX2IP",2,482,0.004149377593361
"ST3GAL4",2,482,0.004149377593361
"STAP2",2,482,0.004149377593361
"STARD10",2,482,0.004149377593361
"STARD3",2,482,0.004149377593361
"STARD7",2,482,0.004149377593361
"STBD1",2,482,0.004149377593361
"STK19",2,482,0.004149377593361
"STK40",2,482,0.004149377593361
"STOML2",2,482,0.004149377593361
"STPG1",2,482,0.004149377593361
"STRA8",2,482,0.004149377593361
"STRN3",2,482,0.004149377593361
"STX2",2,482,0.004149377593361
"STX3",2,482,0.004149377593361
"STX5",2,482,0.004149377593361
"STX6",2,482,0.004149377593361
"STXBP3",2,482,0.004149377593361
"STYX",2,482,0.004149377593361
"SUCLG1",2,482,0.004149377593361
"SUDS3",2,482,0.004149377593361
"SULT1A1",2,482,0.004149377593361
"SULT1A2",2,482,0.004149377593361
"SULT6B1",2,482,0.004149377593361
"SUMF1",2,482,0.004149377593361
"SUPT7L",2,482,0.004149377593361
"SUV39H2",2,482,0.004149377593361
"SVOPL",2,482,0.004149377593361
"SYF2",2,482,0.004149377593361
"SYN1",2,482,0.004149377593361
"SYN2",2,482,0.004149377593361
"SYNGR4",2,482,0.004149377593361
"SYNPO",2,482,0.004149377593361
"SYNPO2L",2,482,0.004149377593361
"SYTL1",2,482,0.004149377593361
"TAB2",2,482,0.004149377593361
"TAC4",2,482,0.004149377593361
"TAF8",2,482,0.004149377593361
"TAF9B",2,482,0.004149377593361
"TAFA3",2,482,0.004149377593361
"TAFA5",2,482,0.004149377593361
"TAGLN3",2,482,0.004149377593361
"TAL2",2,482,0.004149377593361
"TAPT1",2,482,0.004149377593361
"TAS2R30",2,482,0.004149377593361
"TAS2R42",2,482,0.004149377593361
"TAS2R8",2,482,0.004149377593361
"TATDN1",2,482,0.004149377593361
"TAZ",2,482,0.004149377593361
"TBATA",2,482,0.004149377593361
"TBC1D2",2,482,0.004149377593361
"TBC1D22A",2,482,0.004149377593361
"TBCB",2,482,0.004149377593361
"TBCC",2,482,0.004149377593361
"TBCEL",2,482,0.004149377593361
"TBKBP1",2,482,0.004149377593361
"TBX6",2,482,0.004149377593361
"TCEA3",2,482,0.004149377593361
"TCEAL1",2,482,0.004149377593361
"TCEAL4",2,482,0.004149377593361
"TCFL5",2,482,0.004149377593361
"TDGF1",2,482,0.004149377593361
"TDP2",2,482,0.004149377593361
"TEAD1",2,482,0.004149377593361
"TENT5B",2,482,0.004149377593361
"TENT5C",2,482,0.004149377593361
"TEPP",2,482,0.004149377593361
"TERF2",2,482,0.004149377593361
"TESC",2,482,0.004149377593361
"TEX12",2,482,0.004149377593361
"TEX19",2,482,0.004149377593361
"TEX9",2,482,0.004149377593361
"TFAP2E",2,482,0.004149377593361
"TGFA",2,482,0.004149377593361
"TGFB3",2,482,0.004149377593361
"TGIF2",2,482,0.004149377593361
"TGIF2LY",2,482,0.004149377593361
"TGOLN2",2,482,0.004149377593361
"TH",2,482,0.004149377593361
"THAP10",2,482,0.004149377593361
"THAP9",2,482,0.004149377593361
"THEMIS2",2,482,0.004149377593361
"THG1L",2,482,0.004149377593361
"THNSL1",2,482,0.004149377593361
"THOC1",2,482,0.004149377593361
"THOC3",2,482,0.004149377593361
"THUMPD1",2,482,0.004149377593361
"TIGD2",2,482,0.004149377593361
"TIGD5",2,482,0.004149377593361
"TIGD6",2,482,0.004149377593361
"TIMM17B",2,482,0.004149377593361
"TIMM22",2,482,0.004149377593361
"TIMP1",2,482,0.004149377593361
"TIRAP",2,482,0.004149377593361
"TLCD4",2,482,0.004149377593361
"TLE5",2,482,0.004149377593361
"TLNRD1",2,482,0.004149377593361
"TM2D1",2,482,0.004149377593361
"TM4SF18",2,482,0.004149377593361
"TM4SF19",2,482,0.004149377593361
"TM7SF2",2,482,0.004149377593361
"TMBIM1",2,482,0.004149377593361
"TMBIM6",2,482,0.004149377593361
"TMCO6",2,482,0.004149377593361
"TMED5",2,482,0.004149377593361
"TMED7-TICAM2",2,482,0.004149377593361
"TMEFF1",2,482,0.004149377593361
"TMEM101",2,482,0.004149377593361
"TMEM106C",2,482,0.004149377593361
"TMEM107",2,482,0.004149377593361
"TMEM140",2,482,0.004149377593361
"TMEM143",2,482,0.004149377593361
"TMEM14C",2,482,0.004149377593361
"TMEM156",2,482,0.004149377593361
"TMEM161A",2,482,0.004149377593361
"TMEM17",2,482,0.004149377593361
"TMEM170B",2,482,0.004149377593361
"TMEM175",2,482,0.004149377593361
"TMEM176A",2,482,0.004149377593361
"TMEM179",2,482,0.004149377593361
"TMEM18",2,482,0.004149377593361
"TMEM182",2,482,0.004149377593361
"TMEM183A",2,482,0.004149377593361
"TMEM184B",2,482,0.004149377593361
"TMEM19",2,482,0.004149377593361
"TMEM190",2,482,0.004149377593361
"TMEM192",2,482,0.004149377593361
"TMEM196",2,482,0.004149377593361
"TMEM198",2,482,0.004149377593361
"TMEM222",2,482,0.004149377593361
"TMEM229B",2,482,0.004149377593361
"TMEM234",2,482,0.004149377593361
"TMEM245",2,482,0.004149377593361
"TMEM250",2,482,0.004149377593361
"TMEM259",2,482,0.004149377593361
"TMEM268",2,482,0.004149377593361
"TMEM270",2,482,0.004149377593361
"TMEM273",2,482,0.004149377593361
"TMEM43",2,482,0.004149377593361
"TMEM45B",2,482,0.004149377593361
"TMEM61",2,482,0.004149377593361
"TMEM69",2,482,0.004149377593361
"TMEM89",2,482,0.004149377593361
"TMPRSS4",2,482,0.004149377593361
"TNFRSF10A",2,482,0.004149377593361
"TNFRSF18",2,482,0.004149377593361
"TNFRSF1B",2,482,0.004149377593361
"TNFSF10",2,482,0.004149377593361
"TNFSF11",2,482,0.004149377593361
"TNFSF13B",2,482,0.004149377593361
"TNFSF14",2,482,0.004149377593361
"TNFSF4",2,482,0.004149377593361
"TNIP1",2,482,0.004149377593361
"TNMD",2,482,0.004149377593361
"TNP2",2,482,0.004149377593361
"TOLLIP",2,482,0.004149377593361
"TOM1L1",2,482,0.004149377593361
"TOMM34",2,482,0.004149377593361
"TOMM40",2,482,0.004149377593361
"TP53I11",2,482,0.004149377593361
"TP53INP2",2,482,0.004149377593361
"TPD52",2,482,0.004149377593361
"TPI1",2,482,0.004149377593361
"TPP1",2,482,0.004149377593361
"TPPP3",2,482,0.004149377593361
"TPRG1",2,482,0.004149377593361
"TPSB2",2,482,0.004149377593361
"TPSD1",2,482,0.004149377593361
"TPSG1",2,482,0.004149377593361
"TPX2",2,482,0.004149377593361
"TRADD",2,482,0.004149377593361
"TRAFD1",2,482,0.004149377593361
"TRAM2",2,482,0.004149377593361
"TRAPPC11",2,482,0.004149377593361
"TRAPPC5",2,482,0.004149377593361
"TRAPPC6A",2,482,0.004149377593361
"TRAV1-2",2,482,0.004149377593361
"TRAV10",2,482,0.004149377593361
"TRAV12-1",2,482,0.004149377593361
"TRAV13-2",2,482,0.004149377593361
"TRAV16",2,482,0.004149377593361
"TRAV17",2,482,0.004149377593361
"TRAV2",2,482,0.004149377593361
"TRAV25",2,482,0.004149377593361
"TRAV26-2",2,482,0.004149377593361
"TRAV34",2,482,0.004149377593361
"TRAV38-2DV8",2,482,0.004149377593361
"TRAV39",2,482,0.004149377593361
"TRAV7",2,482,0.004149377593361
"TRAV8-3",2,482,0.004149377593361
"TRAV8-4",2,482,0.004149377593361
"TRBV3-1",2,482,0.004149377593361
"TRDV1",2,482,0.004149377593361
"TREML1",2,482,0.004149377593361
"TREML2",2,482,0.004149377593361
"TREX2",2,482,0.004149377593361
"TRGJP2",2,482,0.004149377593361
"TRIM14",2,482,0.004149377593361
"TRIM31",2,482,0.004149377593361
"TRIM35",2,482,0.004149377593361
"TRIM54",2,482,0.004149377593361
"TRIM61",2,482,0.004149377593361
"TRIM62",2,482,0.004149377593361
"TRIM69",2,482,0.004149377593361
"TRIM7",2,482,0.004149377593361
"TRIM71",2,482,0.004149377593361
"TRIM8",2,482,0.004149377593361
"TRIP6",2,482,0.004149377593361
"TRMT10A",2,482,0.004149377593361
"TRMT10B",2,482,0.004149377593361
"TRMT112",2,482,0.004149377593361
"TRMT12",2,482,0.004149377593361
"TRMT13",2,482,0.004149377593361
"TRMT5",2,482,0.004149377593361
"TRMT61B",2,482,0.004149377593361
"TRMU",2,482,0.004149377593361
"TRPM5",2,482,0.004149377593361
"TSC22D3",2,482,0.004149377593361
"TSEN15",2,482,0.004149377593361
"TSGA13",2,482,0.004149377593361
"TSN",2,482,0.004149377593361
"TSNAX",2,482,0.004149377593361
"TSPAN14",2,482,0.004149377593361
"TSPAN16",2,482,0.004149377593361
"TSPAN17",2,482,0.004149377593361
"TSPAN3",2,482,0.004149377593361
"TSPAN5",2,482,0.004149377593361
"TSPAN6",2,482,0.004149377593361
"TSPAN8",2,482,0.004149377593361
"TSPO2",2,482,0.004149377593361
"TSPY1",2,482,0.004149377593361
"TSPY2",2,482,0.004149377593361
"TSPYL1",2,482,0.004149377593361
"TSPYL6",2,482,0.004149377593361
"TSSK1B",2,482,0.004149377593361
"TTC12",2,482,0.004149377593361
"TTC23",2,482,0.004149377593361
"TTC39A",2,482,0.004149377593361
"TTLL10",2,482,0.004149377593361
"TTLL12",2,482,0.004149377593361
"TUBA4A",2,482,0.004149377593361
"TUBA8",2,482,0.004149377593361
"TUFM",2,482,0.004149377593361
"TULP2",2,482,0.004149377593361
"TWF2",2,482,0.004149377593361
"TWIST1",2,482,0.004149377593361
"TXLNA",2,482,0.004149377593361
"TXN2",2,482,0.004149377593361
"TXNDC5",2,482,0.004149377593361
"TXNIP",2,482,0.004149377593361
"TXNRD2",2,482,0.004149377593361
"UBD",2,482,0.004149377593361
"UBE2H",2,482,0.004149377593361
"UBE2R2",2,482,0.004149377593361
"UBIAD1",2,482,0.004149377593361
"UBXN2A",2,482,0.004149377593361
"UBXN2B",2,482,0.004149377593361
"UBXN8",2,482,0.004149377593361
"UCHL3",2,482,0.004149377593361
"UCP2",2,482,0.004149377593361
"UFSP1",2,482,0.004149377593361
"UGCG",2,482,0.004149377593361
"UGDH",2,482,0.004149377593361
"UGT1A9",2,482,0.004149377593361
"UGT2A2",2,482,0.004149377593361
"ULBP2",2,482,0.004149377593361
"UNG",2,482,0.004149377593361
"UPK3A",2,482,0.004149377593361
"UPRT",2,482,0.004149377593361
"UQCRC2",2,482,0.004149377593361
"USF2",2,482,0.004149377593361
"USP50",2,482,0.004149377593361
"USPL1",2,482,0.004149377593361
"UTP11",2,482,0.004149377593361
"UTP15",2,482,0.004149377593361
"UTP23",2,482,0.004149377593361
"UTP6",2,482,0.004149377593361
"UTS2B",2,482,0.004149377593361
"UTY",2,482,0.004149377593361
"VAPB",2,482,0.004149377593361
"VASN",2,482,0.004149377593361
"VAT1",2,482,0.004149377593361
"VBP1",2,482,0.004149377593361
"VCPKMT",2,482,0.004149377593361
"VGLL4",2,482,0.004149377593361
"VKORC1",2,482,0.004149377593361
"VLDLR",2,482,0.004149377593361
"VPREB1",2,482,0.004149377593361
"VPREB3",2,482,0.004149377593361
"VPS11",2,482,0.004149377593361
"VPS18",2,482,0.004149377593361
"VPS26C",2,482,0.004149377593361
"VPS28",2,482,0.004149377593361
"VPS29",2,482,0.004149377593361
"VPS33B",2,482,0.004149377593361
"VPS4A",2,482,0.004149377593361
"VPS53",2,482,0.004149377593361
"VRK3",2,482,0.004149377593361
"VSIR",2,482,0.004149377593361
"VSTM2L",2,482,0.004149377593361
"VSX2",2,482,0.004149377593361
"WARS2",2,482,0.004149377593361
"WBP1",2,482,0.004149377593361
"WBP1L",2,482,0.004149377593361
"WDR31",2,482,0.004149377593361
"WFDC11",2,482,0.004149377593361
"WIPF3",2,482,0.004149377593361
"WNT1",2,482,0.004149377593361
"WNT6",2,482,0.004149377593361
"WNT8A",2,482,0.004149377593361
"WNT8B",2,482,0.004149377593361
"WSB1",2,482,0.004149377593361
"WTAP",2,482,0.004149377593361
"XAGE5",2,482,0.004149377593361
"XCL1",2,482,0.004149377593361
"XKR8",2,482,0.004149377593361
"XKRX",2,482,0.004149377593361
"XPA",2,482,0.004149377593361
"XPC",2,482,0.004149377593361
"XRCC3",2,482,0.004149377593361
"XRCC4",2,482,0.004149377593361
"YBX1",2,482,0.004149377593361
"YBX2",2,482,0.004149377593361
"YIPF1",2,482,0.004149377593361
"YIPF7",2,482,0.004149377593361
"YJU2",2,482,0.004149377593361
"YTHDC1",2,482,0.004149377593361
"ZACN",2,482,0.004149377593361
"ZAR1",2,482,0.004149377593361
"ZBED6CL",2,482,0.004149377593361
"ZBED8",2,482,0.004149377593361
"ZBTB12",2,482,0.004149377593361
"ZBTB25",2,482,0.004149377593361
"ZBTB43",2,482,0.004149377593361
"ZBTB44",2,482,0.004149377593361
"ZBTB5",2,482,0.004149377593361
"ZC3H15",2,482,0.004149377593361
"ZC3H4",2,482,0.004149377593361
"ZC3H7A",2,482,0.004149377593361
"ZC3H8",2,482,0.004149377593361
"ZC3HC1",2,482,0.004149377593361
"ZCCHC17",2,482,0.004149377593361
"ZCCHC3",2,482,0.004149377593361
"ZDHHC11",2,482,0.004149377593361
"ZDHHC18",2,482,0.004149377593361
"ZDHHC20",2,482,0.004149377593361
"ZDHHC3",2,482,0.004149377593361
"ZFYVE21",2,482,0.004149377593361
"ZG16B",2,482,0.004149377593361
"ZGLP1",2,482,0.004149377593361
"ZKSCAN7",2,482,0.004149377593361
"ZMAT2",2,482,0.004149377593361
"ZMAT3",2,482,0.004149377593361
"ZMAT5",2,482,0.004149377593361
"ZNF114",2,482,0.004149377593361
"ZNF131",2,482,0.004149377593361
"ZNF155",2,482,0.004149377593361
"ZNF212",2,482,0.004149377593361
"ZNF213",2,482,0.004149377593361
"ZNF219",2,482,0.004149377593361
"ZNF22",2,482,0.004149377593361
"ZNF224",2,482,0.004149377593361
"ZNF225",2,482,0.004149377593361
"ZNF251",2,482,0.004149377593361
"ZNF275",2,482,0.004149377593361
"ZNF281",2,482,0.004149377593361
"ZNF302",2,482,0.004149377593361
"ZNF324",2,482,0.004149377593361
"ZNF354B",2,482,0.004149377593361
"ZNF395",2,482,0.004149377593361
"ZNF444",2,482,0.004149377593361
"ZNF446",2,482,0.004149377593361
"ZNF514",2,482,0.004149377593361
"ZNF524",2,482,0.004149377593361
"ZNF529",2,482,0.004149377593361
"ZNF552",2,482,0.004149377593361
"ZNF561",2,482,0.004149377593361
"ZNF562",2,482,0.004149377593361
"ZNF563",2,482,0.004149377593361
"ZNF565",2,482,0.004149377593361
"ZNF576",2,482,0.004149377593361
"ZNF577",2,482,0.004149377593361
"ZNF579",2,482,0.004149377593361
"ZNF596",2,482,0.004149377593361
"ZNF597",2,482,0.004149377593361
"ZNF598",2,482,0.004149377593361
"ZNF623",2,482,0.004149377593361
"ZNF628",2,482,0.004149377593361
"ZNF660",2,482,0.004149377593361
"ZNF689",2,482,0.004149377593361
"ZNF691",2,482,0.004149377593361
"ZNF697",2,482,0.004149377593361
"ZNF703",2,482,0.004149377593361
"ZNF713",2,482,0.004149377593361
"ZNF718",2,482,0.004149377593361
"ZNF766",2,482,0.004149377593361
"ZNF768",2,482,0.004149377593361
"ZNF839",2,482,0.004149377593361
"ZNRF2",2,482,0.004149377593361
"ZWILCH",2,482,0.004149377593361
"A1BG",1,482,0.0020746887966805
"A4GALT",1,482,0.0020746887966805
"AAMP",1,482,0.0020746887966805
"ABCG1",1,482,0.0020746887966805
"ABHD11",1,482,0.0020746887966805
"ABHD14A-ACY1",1,482,0.0020746887966805
"ABHD14B",1,482,0.0020746887966805
"ABHD16B",1,482,0.0020746887966805
"ABHD17A",1,482,0.0020746887966805
"ABHD18",1,482,0.0020746887966805
"ABHD3",1,482,0.0020746887966805
"ABHD4",1,482,0.0020746887966805
"ABHD5",1,482,0.0020746887966805
"ABHD6",1,482,0.0020746887966805
"ABRACL",1,482,0.0020746887966805
"ABT1",1,482,0.0020746887966805
"AC008763.3",1,482,0.0020746887966805
"AC011462.1",1,482,0.0020746887966805
"AC011479.1",1,482,0.0020746887966805
"AC020765.6",1,482,0.0020746887966805
"AC020907.6",1,482,0.0020746887966805
"AC023055.1",1,482,0.0020746887966805
"AC092442.1",1,482,0.0020746887966805
"AC093155.3",1,482,0.0020746887966805
"AC104389.6",1,482,0.0020746887966805
"AC139530.2",1,482,0.0020746887966805
"AC242842.3",1,482,0.0020746887966805
"ACAA1",1,482,0.0020746887966805
"ACADVL",1,482,0.0020746887966805
"ACBD6",1,482,0.0020746887966805
"ACBD7",1,482,0.0020746887966805
"ACER3",1,482,0.0020746887966805
"ACOT6",1,482,0.0020746887966805
"ACOT9",1,482,0.0020746887966805
"ACP1",1,482,0.0020746887966805
"ACP5",1,482,0.0020746887966805
"ACR",1,482,0.0020746887966805
"ACTR1A",1,482,0.0020746887966805
"ACYP2",1,482,0.0020746887966805
"ADAM8",1,482,0.0020746887966805
"ADAP1",1,482,0.0020746887966805
"ADAP2",1,482,0.0020746887966805
"ADAT2",1,482,0.0020746887966805
"ADK",1,482,0.0020746887966805
"ADM",1,482,0.0020746887966805
"AF196969.1",1,482,0.0020746887966805
"AGMAT",1,482,0.0020746887966805
"AGPAT4",1,482,0.0020746887966805
"AGR3",1,482,0.0020746887966805
"AGRP",1,482,0.0020746887966805
"AHCY",1,482,0.0020746887966805
"AIF1",1,482,0.0020746887966805
"AIP",1,482,0.0020746887966805
"AK1",1,482,0.0020746887966805
"AKAP10",1,482,0.0020746887966805
"AKIRIN1",1,482,0.0020746887966805
"AKR1C2",1,482,0.0020746887966805
"AL031681.2",1,482,0.0020746887966805
"AL035460.1",1,482,0.0020746887966805
"AL035461.3",1,482,0.0020746887966805
"AL117348.2",1,482,0.0020746887966805
"AL358113.1",1,482,0.0020746887966805
"AL441992.2",1,482,0.0020746887966805
"ALAD",1,482,0.0020746887966805
"ALAS1",1,482,0.0020746887966805
"ALDH1A1",1,482,0.0020746887966805
"ALDH1A3",1,482,0.0020746887966805
"ALDH3B1",1,482,0.0020746887966805
"ALDH7A1",1,482,0.0020746887966805
"ALG1",1,482,0.0020746887966805
"ALG11",1,482,0.0020746887966805
"ALG1L",1,482,0.0020746887966805
"ALG9",1,482,0.0020746887966805
"ALKAL1",1,482,0.0020746887966805
"ALOX5AP",1,482,0.0020746887966805
"ALYREF",1,482,0.0020746887966805
"AMFR",1,482,0.0020746887966805
"AMMECR1",1,482,0.0020746887966805
"AMY1A",1,482,0.0020746887966805
"AMZ2",1,482,0.0020746887966805
"ANAPC15",1,482,0.0020746887966805
"ANAPC7",1,482,0.0020746887966805
"ANG",1,482,0.0020746887966805
"ANGPTL7",1,482,0.0020746887966805
"ANGPTL8",1,482,0.0020746887966805
"ANKRD1",1,482,0.0020746887966805
"ANKRD20A1",1,482,0.0020746887966805
"ANKRD20A2P",1,482,0.0020746887966805
"ANKRD23",1,482,0.0020746887966805
"ANKRD28",1,482,0.0020746887966805
"ANKRD37",1,482,0.0020746887966805
"ANKRD40",1,482,0.0020746887966805
"ANKRD9",1,482,0.0020746887966805
"ANO9",1,482,0.0020746887966805
"ANP32A",1,482,0.0020746887966805
"ANP32B",1,482,0.0020746887966805
"ANP32D",1,482,0.0020746887966805
"ANXA1",1,482,0.0020746887966805
"ANXA10",1,482,0.0020746887966805
"ANXA2",1,482,0.0020746887966805
"ANXA3",1,482,0.0020746887966805
"ANXA8",1,482,0.0020746887966805
"AP000311.1",1,482,0.0020746887966805
"AP2A2",1,482,0.0020746887966805
"AP3S2",1,482,0.0020746887966805
"AP4S1",1,482,0.0020746887966805
"AP5B1",1,482,0.0020746887966805
"APBB3",1,482,0.0020746887966805
"APEX1",1,482,0.0020746887966805
"APH1B",1,482,0.0020746887966805
"APIP",1,482,0.0020746887966805
"APLN",1,482,0.0020746887966805
"APOBEC2",1,482,0.0020746887966805
"APOBEC3C",1,482,0.0020746887966805
"APOD",1,482,0.0020746887966805
"APOL6",1,482,0.0020746887966805
"APOLD1",1,482,0.0020746887966805
"APPL1",1,482,0.0020746887966805
"APTX",1,482,0.0020746887966805
"AQP2",1,482,0.0020746887966805
"AQP7",1,482,0.0020746887966805
"ARCN1",1,482,0.0020746887966805
"ARFIP1",1,482,0.0020746887966805
"ARG2",1,482,0.0020746887966805
"ARHGAP11B",1,482,0.0020746887966805
"ARHGDIG",1,482,0.0020746887966805
"ARHGEF3",1,482,0.0020746887966805
"ARID3A",1,482,0.0020746887966805
"ARID3C",1,482,0.0020746887966805
"ARID5A",1,482,0.0020746887966805
"ARL1",1,482,0.0020746887966805
"ARL10",1,482,0.0020746887966805
"ARL15",1,482,0.0020746887966805
"ARL16",1,482,0.0020746887966805
"ARL2BP",1,482,0.0020746887966805
"ARL4C",1,482,0.0020746887966805
"ARL6IP1",1,482,0.0020746887966805
"ARL6IP4",1,482,0.0020746887966805
"ARMCX6",1,482,0.0020746887966805
"ARPC2",1,482,0.0020746887966805
"ARPC5",1,482,0.0020746887966805
"ARPC5L",1,482,0.0020746887966805
"ART1",1,482,0.0020746887966805
"AS3MT",1,482,0.0020746887966805
"ASB1",1,482,0.0020746887966805
"ASB10",1,482,0.0020746887966805
"ASB14",1,482,0.0020746887966805
"ASB16",1,482,0.0020746887966805
"ASB6",1,482,0.0020746887966805
"ASCL3",1,482,0.0020746887966805
"ASGR1",1,482,0.0020746887966805
"ASIP",1,482,0.0020746887966805
"ASPDH",1,482,0.0020746887966805
"ASRGL1",1,482,0.0020746887966805
"ATAD3B",1,482,0.0020746887966805
"ATOH8",1,482,0.0020746887966805
"ATP1A1",1,482,0.0020746887966805
"ATP1B3",1,482,0.0020746887966805
"ATP5MC3",1,482,0.0020746887966805
"ATP5MD",1,482,0.0020746887966805
"ATP5MG",1,482,0.0020746887966805
"ATP5PD",1,482,0.0020746887966805
"ATP6V0B",1,482,0.0020746887966805
"ATP6V0C",1,482,0.0020746887966805
"ATP6V1E2",1,482,0.0020746887966805
"ATP6V1G1",1,482,0.0020746887966805
"ATPAF1",1,482,0.0020746887966805
"AURKA",1,482,0.0020746887966805
"AZIN1",1,482,0.0020746887966805
"AZIN2",1,482,0.0020746887966805
"B3GALNT2",1,482,0.0020746887966805
"B3GALT6",1,482,0.0020746887966805
"B3GNT5",1,482,0.0020746887966805
"B3GNTL1",1,482,0.0020746887966805
"B4GALT5",1,482,0.0020746887966805
"BABAM1",1,482,0.0020746887966805
"BASP1",1,482,0.0020746887966805
"BATF2",1,482,0.0020746887966805
"BATF3",1,482,0.0020746887966805
"BBC3",1,482,0.0020746887966805
"BBS1",1,482,0.0020746887966805
"BBS5",1,482,0.0020746887966805
"BCKDK",1,482,0.0020746887966805
"BCL2L10",1,482,0.0020746887966805
"BCL2L14",1,482,0.0020746887966805
"BCL2L2",1,482,0.0020746887966805
"BCL3",1,482,0.0020746887966805
"BCS1L",1,482,0.0020746887966805
"BDNF",1,482,0.0020746887966805
"BEND5",1,482,0.0020746887966805
"BEST4",1,482,0.0020746887966805
"BEX4",1,482,0.0020746887966805
"BEX5",1,482,0.0020746887966805
"BFAR",1,482,0.0020746887966805
"BGLAP",1,482,0.0020746887966805
"BGN",1,482,0.0020746887966805
"BHLHE41",1,482,0.0020746887966805
"BIN3",1,482,0.0020746887966805
"BIRC5",1,482,0.0020746887966805
"BIVM",1,482,0.0020746887966805
"BLCAP",1,482,0.0020746887966805
"BLOC1S2",1,482,0.0020746887966805
"BLOC1S6",1,482,0.0020746887966805
"BLVRB",1,482,0.0020746887966805
"BMP2",1,482,0.0020746887966805
"BMP8A",1,482,0.0020746887966805
"BNIP3",1,482,0.0020746887966805
"BNIPL",1,482,0.0020746887966805
"BORA",1,482,0.0020746887966805
"BORCS5",1,482,0.0020746887966805
"BPIFA2",1,482,0.0020746887966805
"BRAP",1,482,0.0020746887966805
"BRAT1",1,482,0.0020746887966805
"BRF1",1,482,0.0020746887966805
"BRICD5",1,482,0.0020746887966805
"BRIX1",1,482,0.0020746887966805
"BRMS1L",1,482,0.0020746887966805
"BRS3",1,482,0.0020746887966805
"BTBD2",1,482,0.0020746887966805
"BTF3",1,482,0.0020746887966805
"BTG1",1,482,0.0020746887966805
"C10orf62",1,482,0.0020746887966805
"C11orf42",1,482,0.0020746887966805
"C11orf53",1,482,0.0020746887966805
"C11orf68",1,482,0.0020746887966805
"C11orf71",1,482,0.0020746887966805
"C12orf45",1,482,0.0020746887966805
"C12orf54",1,482,0.0020746887966805
"C12orf56",1,482,0.0020746887966805
"C12orf57",1,482,0.0020746887966805
"C12orf60",1,482,0.0020746887966805
"C14orf119",1,482,0.0020746887966805
"C14orf180",1,482,0.0020746887966805
"C15orf40",1,482,0.0020746887966805
"C16orf71",1,482,0.0020746887966805
"C16orf72",1,482,0.0020746887966805
"C16orf87",1,482,0.0020746887966805
"C16orf91",1,482,0.0020746887966805
"C17orf49",1,482,0.0020746887966805
"C17orf64",1,482,0.0020746887966805
"C17orf78",1,482,0.0020746887966805
"C18orf21",1,482,0.0020746887966805
"C18orf25",1,482,0.0020746887966805
"C19orf25",1,482,0.0020746887966805
"C1D",1,482,0.0020746887966805
"C1GALT1C1L",1,482,0.0020746887966805
"C1QBP",1,482,0.0020746887966805
"C1QTNF1",1,482,0.0020746887966805
"C1QTNF7",1,482,0.0020746887966805
"C1orf100",1,482,0.0020746887966805
"C1orf105",1,482,0.0020746887966805
"C1orf21",1,482,0.0020746887966805
"C1orf50",1,482,0.0020746887966805
"C1orf53",1,482,0.0020746887966805
"C2",1,482,0.0020746887966805
"C20orf204",1,482,0.0020746887966805
"C2orf15",1,482,0.0020746887966805
"C2orf66",1,482,0.0020746887966805
"C2orf76",1,482,0.0020746887966805
"C3orf62",1,482,0.0020746887966805
"C4orf33",1,482,0.0020746887966805
"C4orf46",1,482,0.0020746887966805
"C5orf46",1,482,0.0020746887966805
"C5orf51",1,482,0.0020746887966805
"C6orf47",1,482,0.0020746887966805
"C6orf62",1,482,0.0020746887966805
"C6orf89",1,482,0.0020746887966805
"C7orf26",1,482,0.0020746887966805
"C8orf58",1,482,0.0020746887966805
"C8orf82",1,482,0.0020746887966805
"C9orf85",1,482,0.0020746887966805
"CAAP1",1,482,0.0020746887966805
"CABLES1",1,482,0.0020746887966805
"CABLES2",1,482,0.0020746887966805
"CABP7",1,482,0.0020746887966805
"CALCOCO2",1,482,0.0020746887966805
"CALU",1,482,0.0020746887966805
"CAMK1",1,482,0.0020746887966805
"CAMK2N1",1,482,0.0020746887966805
"CAP1",1,482,0.0020746887966805
"CAPNS1",1,482,0.0020746887966805
"CAPNS2",1,482,0.0020746887966805
"CARD9",1,482,0.0020746887966805
"CARHSP1",1,482,0.0020746887966805
"CASP6",1,482,0.0020746887966805
"CASP9",1,482,0.0020746887966805
"CAT",1,482,0.0020746887966805
"CATIP",1,482,0.0020746887966805
"CATSPER3",1,482,0.0020746887966805
"CAV2",1,482,0.0020746887966805
"CAVIN3",1,482,0.0020746887966805
"CBLC",1,482,0.0020746887966805
"CBLN3",1,482,0.0020746887966805
"CBR1",1,482,0.0020746887966805
"CBR3",1,482,0.0020746887966805
"CBWD2",1,482,0.0020746887966805
"CBX1",1,482,0.0020746887966805
"CBX4",1,482,0.0020746887966805
"CBX5",1,482,0.0020746887966805
"CCDC116",1,482,0.0020746887966805
"CCDC12",1,482,0.0020746887966805
"CCDC122",1,482,0.0020746887966805
"CCDC137",1,482,0.0020746887966805
"CCDC159",1,482,0.0020746887966805
"CCDC163",1,482,0.0020746887966805
"CCDC184",1,482,0.0020746887966805
"CCDC24",1,482,0.0020746887966805
"CCDC28B",1,482,0.0020746887966805
"CCDC43",1,482,0.0020746887966805
"CCDC58",1,482,0.0020746887966805
"CCDC61",1,482,0.0020746887966805
"CCDC71",1,482,0.0020746887966805
"CCDC82",1,482,0.0020746887966805
"CCDC85B",1,482,0.0020746887966805
"CCDC90B",1,482,0.0020746887966805
"CCL1",1,482,0.0020746887966805
"CCL16",1,482,0.0020746887966805
"CCL19",1,482,0.0020746887966805
"CCL20",1,482,0.0020746887966805
"CCL21",1,482,0.0020746887966805
"CCL23",1,482,0.0020746887966805
"CCL26",1,482,0.0020746887966805
"CCL27",1,482,0.0020746887966805
"CCL3L3",1,482,0.0020746887966805
"CCL4",1,482,0.0020746887966805
"CCL4L2",1,482,0.0020746887966805
"CCL5",1,482,0.0020746887966805
"CCL8",1,482,0.0020746887966805
"CCNE2",1,482,0.0020746887966805
"CCNI",1,482,0.0020746887966805
"CCNO",1,482,0.0020746887966805
"CCNQ",1,482,0.0020746887966805
"CCR9",1,482,0.0020746887966805
"CCSAP",1,482,0.0020746887966805
"CCZ1",1,482,0.0020746887966805
"CD14",1,482,0.0020746887966805
"CD151",1,482,0.0020746887966805
"CD160",1,482,0.0020746887966805
"CD164",1,482,0.0020746887966805
"CD27",1,482,0.0020746887966805
"CD274",1,482,0.0020746887966805
"CD300LF",1,482,0.0020746887966805
"CD320",1,482,0.0020746887966805
"CD3D",1,482,0.0020746887966805
"CD55",1,482,0.0020746887966805
"CD7",1,482,0.0020746887966805
"CD74",1,482,0.0020746887966805
"CD79A",1,482,0.0020746887966805
"CD81",1,482,0.0020746887966805
"CD9",1,482,0.0020746887966805
"CD99",1,482,0.0020746887966805
"CDA",1,482,0.0020746887966805
"CDC16",1,482,0.0020746887966805
"CDC23",1,482,0.0020746887966805
"CDC26",1,482,0.0020746887966805
"CDC34",1,482,0.0020746887966805
"CDC37L1",1,482,0.0020746887966805
"CDC42",1,482,0.0020746887966805
"CDC42EP2",1,482,0.0020746887966805
"CDC42EP5",1,482,0.0020746887966805
"CDCA3",1,482,0.0020746887966805
"CDCA7L",1,482,0.0020746887966805
"CDHR4",1,482,0.0020746887966805
"CDK10",1,482,0.0020746887966805
"CDK11A",1,482,0.0020746887966805
"CDK11B",1,482,0.0020746887966805
"CDK16",1,482,0.0020746887966805
"CDK2",1,482,0.0020746887966805
"CDK20",1,482,0.0020746887966805
"CDK2AP1",1,482,0.0020746887966805
"CDK2AP2",1,482,0.0020746887966805
"CDK4",1,482,0.0020746887966805
"CDK5",1,482,0.0020746887966805
"CDK5R2",1,482,0.0020746887966805
"CDS2",1,482,0.0020746887966805
"CEACAM1",1,482,0.0020746887966805
"CEACAM19",1,482,0.0020746887966805
"CEBPA",1,482,0.0020746887966805
"CEBPD",1,482,0.0020746887966805
"CELA1",1,482,0.0020746887966805
"CELA2B",1,482,0.0020746887966805
"CELA3A",1,482,0.0020746887966805
"CELA3B",1,482,0.0020746887966805
"CEMP1",1,482,0.0020746887966805
"CEND1",1,482,0.0020746887966805
"CENPA",1,482,0.0020746887966805
"CENPK",1,482,0.0020746887966805
"CENPM",1,482,0.0020746887966805
"CENPS",1,482,0.0020746887966805
"CENPS-CORT",1,482,0.0020746887966805
"CENPU",1,482,0.0020746887966805
"CENPV",1,482,0.0020746887966805
"CEPT1",1,482,0.0020746887966805
"CETN3",1,482,0.0020746887966805
"CETP",1,482,0.0020746887966805
"CFAP126",1,482,0.0020746887966805
"CFAP161",1,482,0.0020746887966805
"CFAP20DC",1,482,0.0020746887966805
"CFAP300",1,482,0.0020746887966805
"CFAP57",1,482,0.0020746887966805
"CFAP97",1,482,0.0020746887966805
"CFB",1,482,0.0020746887966805
"CFDP1",1,482,0.0020746887966805
"CGB2",1,482,0.0020746887966805
"CGB3",1,482,0.0020746887966805
"CGGBP1",1,482,0.0020746887966805
"CGREF1",1,482,0.0020746887966805
"CHAC1",1,482,0.0020746887966805
"CHAD",1,482,0.0020746887966805
"CHCHD2",1,482,0.0020746887966805
"CHCHD3",1,482,0.0020746887966805
"CHDH",1,482,0.0020746887966805
"CHIC2",1,482,0.0020746887966805
"CHMP1A",1,482,0.0020746887966805
"CHMP1B",1,482,0.0020746887966805
"CHMP2A",1,482,0.0020746887966805
"CHMP2B",1,482,0.0020746887966805
"CHMP4B",1,482,0.0020746887966805
"CHN2",1,482,0.0020746887966805
"CHP1",1,482,0.0020746887966805
"CHRM1",1,482,0.0020746887966805
"CHRNA10",1,482,0.0020746887966805
"CHRNA2",1,482,0.0020746887966805
"CHRNA5",1,482,0.0020746887966805
"CHRNB1",1,482,0.0020746887966805
"CHST3",1,482,0.0020746887966805
"CIAO1",1,482,0.0020746887966805
"CIB2",1,482,0.0020746887966805
"CIBAR1",1,482,0.0020746887966805
"CINP",1,482,0.0020746887966805
"CISD1",1,482,0.0020746887966805
"CISD2",1,482,0.0020746887966805
"CKAP2",1,482,0.0020746887966805
"CKB",1,482,0.0020746887966805
"CKLF-CMTM1",1,482,0.0020746887966805
"CKMT1A",1,482,0.0020746887966805
"CKS1B",1,482,0.0020746887966805
"CLBA1",1,482,0.0020746887966805
"CLC",1,482,0.0020746887966805
"CLDN2",1,482,0.0020746887966805
"CLDN3",1,482,0.0020746887966805
"CLDN5",1,482,0.0020746887966805
"CLDND2",1,482,0.0020746887966805
"CLEC10A",1,482,0.0020746887966805
"CLEC18A",1,482,0.0020746887966805
"CLEC18C",1,482,0.0020746887966805
"CLIC2",1,482,0.0020746887966805
"CLIC4",1,482,0.0020746887966805
"CLN6",1,482,0.0020746887966805
"CLPS",1,482,0.0020746887966805
"CLTB",1,482,0.0020746887966805
"CLUAP1",1,482,0.0020746887966805
"CMTM3",1,482,0.0020746887966805
"CMTM5",1,482,0.0020746887966805
"CNBD2",1,482,0.0020746887966805
"CNMD",1,482,0.0020746887966805
"CNN2",1,482,0.0020746887966805
"CNOT10",1,482,0.0020746887966805
"CNOT6",1,482,0.0020746887966805
"CNOT7",1,482,0.0020746887966805
"CNRIP1",1,482,0.0020746887966805
"CNTD1",1,482,0.0020746887966805
"COA3",1,482,0.0020746887966805
"COA4",1,482,0.0020746887966805
"COA5",1,482,0.0020746887966805
"COL10A1",1,482,0.0020746887966805
"COL18A1",1,482,0.0020746887966805
"COLEC10",1,482,0.0020746887966805
"COMMD3-BMI1",1,482,0.0020746887966805
"COMMD4",1,482,0.0020746887966805
"COMMD7",1,482,0.0020746887966805
"COMT",1,482,0.0020746887966805
"COPS6",1,482,0.0020746887966805
"COPZ2",1,482,0.0020746887966805
"COQ10B",1,482,0.0020746887966805
"COQ2",1,482,0.0020746887966805
"COQ5",1,482,0.0020746887966805
"COQ7",1,482,0.0020746887966805
"COQ8A",1,482,0.0020746887966805
"COQ9",1,482,0.0020746887966805
"COX11",1,482,0.0020746887966805
"COX15",1,482,0.0020746887966805
"COX16",1,482,0.0020746887966805
"COX18",1,482,0.0020746887966805
"COX4I1",1,482,0.0020746887966805
"COX5B",1,482,0.0020746887966805
"COX6A1",1,482,0.0020746887966805
"COX6B1",1,482,0.0020746887966805
"COX6C",1,482,0.0020746887966805
"CPNE1",1,482,0.0020746887966805
"CPNE9",1,482,0.0020746887966805
"CPSF7",1,482,0.0020746887966805
"CPTP",1,482,0.0020746887966805
"CRABP1",1,482,0.0020746887966805
"CRAT",1,482,0.0020746887966805
"CRB3",1,482,0.0020746887966805
"CREB1",1,482,0.0020746887966805
"CREB3L1",1,482,0.0020746887966805
"CREBZF",1,482,0.0020746887966805
"CREG1",1,482,0.0020746887966805
"CRELD1",1,482,0.0020746887966805
"CRELD2",1,482,0.0020746887966805
"CRIP2",1,482,0.0020746887966805
"CRIP3",1,482,0.0020746887966805
"CRKL",1,482,0.0020746887966805
"CRLF1",1,482,0.0020746887966805
"CRYBB3",1,482,0.0020746887966805
"CRYGS",1,482,0.0020746887966805
"CSAG1",1,482,0.0020746887966805
"CSAG2",1,482,0.0020746887966805
"CSF3",1,482,0.0020746887966805
"CSN1S1",1,482,0.0020746887966805
"CSNK1G2",1,482,0.0020746887966805
"CSNK1G3",1,482,0.0020746887966805
"CSPG5",1,482,0.0020746887966805
"CSRP2",1,482,0.0020746887966805
"CST3",1,482,0.0020746887966805
"CST6",1,482,0.0020746887966805
"CST7",1,482,0.0020746887966805
"CST9",1,482,0.0020746887966805
"CT45A10",1,482,0.0020746887966805
"CT47A6",1,482,0.0020746887966805
"CTAGE15",1,482,0.0020746887966805
"CTBP2",1,482,0.0020746887966805
"CTDNEP1",1,482,0.0020746887966805
"CTDSPL",1,482,0.0020746887966805
"CTNNBL1",1,482,0.0020746887966805
"CTNS",1,482,0.0020746887966805
"CTU2",1,482,0.0020746887966805
"CUTA",1,482,0.0020746887966805
"CWC15",1,482,0.0020746887966805
"CWF19L1",1,482,0.0020746887966805
"CXADR",1,482,0.0020746887966805
"CXCL11",1,482,0.0020746887966805
"CXCL13",1,482,0.0020746887966805
"CXCL2",1,482,0.0020746887966805
"CXXC4",1,482,0.0020746887966805
"CXorf38",1,482,0.0020746887966805
"CYB561A3",1,482,0.0020746887966805
"CYB5B",1,482,0.0020746887966805
"CYB5R1",1,482,0.0020746887966805
"CYB5R2",1,482,0.0020746887966805
"CYB5RL",1,482,0.0020746887966805
"CYBRD1",1,482,0.0020746887966805
"CYP17A1",1,482,0.0020746887966805
"CYP1A2",1,482,0.0020746887966805
"CYP26C1",1,482,0.0020746887966805
"CYP27B1",1,482,0.0020746887966805
"CYP2E1",1,482,0.0020746887966805
"CYP2S1",1,482,0.0020746887966805
"CYP4Z1",1,482,0.0020746887966805
"CYREN",1,482,0.0020746887966805
"CYSTM1",1,482,0.0020746887966805
"CYTH1",1,482,0.0020746887966805
"DAPL1",1,482,0.0020746887966805
"DAZ2",1,482,0.0020746887966805
"DAZAP2",1,482,0.0020746887966805
"DBP",1,482,0.0020746887966805
"DCAF11",1,482,0.0020746887966805
"DCAF7",1,482,0.0020746887966805
"DCTN2",1,482,0.0020746887966805
"DCTPP1",1,482,0.0020746887966805
"DCUN1D5",1,482,0.0020746887966805
"DDAH1",1,482,0.0020746887966805
"DDAH2",1,482,0.0020746887966805
"DDIT3",1,482,0.0020746887966805
"DDN",1,482,0.0020746887966805
"DDO",1,482,0.0020746887966805
"DDX31",1,482,0.0020746887966805
"DDX41",1,482,0.0020746887966805
"DDX47",1,482,0.0020746887966805
"DEDD2",1,482,0.0020746887966805
"DEFA3",1,482,0.0020746887966805
"DEFA5",1,482,0.0020746887966805
"DEFB1",1,482,0.0020746887966805
"DEFB106A",1,482,0.0020746887966805
"DEFB113",1,482,0.0020746887966805
"DEFB124",1,482,0.0020746887966805
"DEFB128",1,482,0.0020746887966805
"DEFB131A",1,482,0.0020746887966805
"DEFB135",1,482,0.0020746887966805
"DEK",1,482,0.0020746887966805
"DENND11",1,482,0.0020746887966805
"DESI2",1,482,0.0020746887966805
"DGUOK",1,482,0.0020746887966805
"DHRS1",1,482,0.0020746887966805
"DHRS11",1,482,0.0020746887966805
"DHRS3",1,482,0.0020746887966805
"DHRS7",1,482,0.0020746887966805
"DHX40",1,482,0.0020746887966805
"DIMT1",1,482,0.0020746887966805
"DIPK1C",1,482,0.0020746887966805
"DKK4",1,482,0.0020746887966805
"DLX1",1,482,0.0020746887966805
"DMAC2L",1,482,0.0020746887966805
"DMRTC1",1,482,0.0020746887966805
"DNAJA1",1,482,0.0020746887966805
"DNAJA3",1,482,0.0020746887966805
"DNAJA4",1,482,0.0020746887966805
"DNAJB12",1,482,0.0020746887966805
"DNAJB14",1,482,0.0020746887966805
"DNAJB2",1,482,0.0020746887966805
"DNAJB4",1,482,0.0020746887966805
"DNAJC12",1,482,0.0020746887966805
"DNAJC24",1,482,0.0020746887966805
"DNAJC28",1,482,0.0020746887966805
"DNAJC3",1,482,0.0020746887966805
"DNAJC4",1,482,0.0020746887966805
"DNAL1",1,482,0.0020746887966805
"DNAL4",1,482,0.0020746887966805
"DND1",1,482,0.0020746887966805
"DNLZ",1,482,0.0020746887966805
"DNTTIP1",1,482,0.0020746887966805
"DOLK",1,482,0.0020746887966805
"DONSON",1,482,0.0020746887966805
"DPF1",1,482,0.0020746887966805
"DPM1",1,482,0.0020746887966805
"DPPA5",1,482,0.0020746887966805
"DPT",1,482,0.0020746887966805
"DPY30",1,482,0.0020746887966805
"DR1",1,482,0.0020746887966805
"DRAM2",1,482,0.0020746887966805
"DRAP1",1,482,0.0020746887966805
"DRG2",1,482,0.0020746887966805
"DSN1",1,482,0.0020746887966805
"DSTN",1,482,0.0020746887966805
"DTNB",1,482,0.0020746887966805
"DUSP15",1,482,0.0020746887966805
"DUSP23",1,482,0.0020746887966805
"DUSP8",1,482,0.0020746887966805
"DUSP9",1,482,0.0020746887966805
"DUT",1,482,0.0020746887966805
"DVL2",1,482,0.0020746887966805
"DXO",1,482,0.0020746887966805
"DYDC2",1,482,0.0020746887966805
"DYNAP",1,482,0.0020746887966805
"DYNC1I2",1,482,0.0020746887966805
"DYNC2I2",1,482,0.0020746887966805
"DYNLL1",1,482,0.0020746887966805
"DYNLRB2",1,482,0.0020746887966805
"E2F2",1,482,0.0020746887966805
"EBLN2",1,482,0.0020746887966805
"EBP",1,482,0.0020746887966805
"EBPL",1,482,0.0020746887966805
"ECE2",1,482,0.0020746887966805
"ECH1",1,482,0.0020746887966805
"ECHDC3",1,482,0.0020746887966805
"ECI2",1,482,0.0020746887966805
"EDA",1,482,0.0020746887966805
"EDF1",1,482,0.0020746887966805
"EDN1",1,482,0.0020746887966805
"EEF1A1",1,482,0.0020746887966805
"EEF1AKMT2",1,482,0.0020746887966805
"EEF1AKMT3",1,482,0.0020746887966805
"EEF1AKMT4",1,482,0.0020746887966805
"EEF1B2",1,482,0.0020746887966805
"EEF1E1",1,482,0.0020746887966805
"EFHD2",1,482,0.0020746887966805
"EFNB3",1,482,0.0020746887966805
"EGFL8",1,482,0.0020746887966805
"EGLN2",1,482,0.0020746887966805
"EHMT2",1,482,0.0020746887966805
"EID3",1,482,0.0020746887966805
"EIF1",1,482,0.0020746887966805
"EIF1AX",1,482,0.0020746887966805
"EIF1B",1,482,0.0020746887966805
"EIF2B2",1,482,0.0020746887966805
"EIF2S1",1,482,0.0020746887966805
"EIF4A1",1,482,0.0020746887966805
"EIF4A3",1,482,0.0020746887966805
"EIF4E",1,482,0.0020746887966805
"EIF4E1B",1,482,0.0020746887966805
"EIF4E2",1,482,0.0020746887966805
"ELF2",1,482,0.0020746887966805
"ELF5",1,482,0.0020746887966805
"ELK3",1,482,0.0020746887966805
"ELL",1,482,0.0020746887966805
"ELMOD2",1,482,0.0020746887966805
"ELOA3C",1,482,0.0020746887966805
"ELOVL6",1,482,0.0020746887966805
"ELP5",1,482,0.0020746887966805
"ELSPBP1",1,482,0.0020746887966805
"EMC3",1,482,0.0020746887966805
"EMC4",1,482,0.0020746887966805
"EMC8",1,482,0.0020746887966805
"EMD",1,482,0.0020746887966805
"EMX1",1,482,0.0020746887966805
"EN2",1,482,0.0020746887966805
"ENDOG",1,482,0.0020746887966805
"ENDOV",1,482,0.0020746887966805
"ENKUR",1,482,0.0020746887966805
"ENO1",1,482,0.0020746887966805
"ENO2",1,482,0.0020746887966805
"ENTPD5",1,482,0.0020746887966805
"ENTPD8",1,482,0.0020746887966805
"ENTR1",1,482,0.0020746887966805
"EOLA1",1,482,0.0020746887966805
"EPC2",1,482,0.0020746887966805
"EPGN",1,482,0.0020746887966805
"EPHX1",1,482,0.0020746887966805
"EPPIN",1,482,0.0020746887966805
"EPS8L2",1,482,0.0020746887966805
"EQTN",1,482,0.0020746887966805
"ERGIC1",1,482,0.0020746887966805
"ERI2",1,482,0.0020746887966805
"ERLIN1",1,482,0.0020746887966805
"ETFBKMT",1,482,0.0020746887966805
"ETFRF1",1,482,0.0020746887966805
"ETHE1",1,482,0.0020746887966805
"ETV4",1,482,0.0020746887966805
"ETV7",1,482,0.0020746887966805
"EXOC3L4",1,482,0.0020746887966805
"EXOSC2",1,482,0.0020746887966805
"F2RL2",1,482,0.0020746887966805
"F2RL3",1,482,0.0020746887966805
"FAAP20",1,482,0.0020746887966805
"FABP2",1,482,0.0020746887966805
"FABP4",1,482,0.0020746887966805
"FABP6",1,482,0.0020746887966805
"FABP9",1,482,0.0020746887966805
"FAHD1",1,482,0.0020746887966805
"FAM102B",1,482,0.0020746887966805
"FAM104A",1,482,0.0020746887966805
"FAM118B",1,482,0.0020746887966805
"FAM124A",1,482,0.0020746887966805
"FAM136A",1,482,0.0020746887966805
"FAM151A",1,482,0.0020746887966805
"FAM162A",1,482,0.0020746887966805
"FAM162B",1,482,0.0020746887966805
"FAM163B",1,482,0.0020746887966805
"FAM168A",1,482,0.0020746887966805
"FAM174B",1,482,0.0020746887966805
"FAM177B",1,482,0.0020746887966805
"FAM181B",1,482,0.0020746887966805
"FAM207A",1,482,0.0020746887966805
"FAM209B",1,482,0.0020746887966805
"FAM20A",1,482,0.0020746887966805
"FAM216A",1,482,0.0020746887966805
"FAM219A",1,482,0.0020746887966805
"FAM222B",1,482,0.0020746887966805
"FAM241A",1,482,0.0020746887966805
"FAM241B",1,482,0.0020746887966805
"FAM43A",1,482,0.0020746887966805
"FAM72A",1,482,0.0020746887966805
"FAM78A",1,482,0.0020746887966805
"FAM81B",1,482,0.0020746887966805
"FAM89A",1,482,0.0020746887966805
"FAM89B",1,482,0.0020746887966805
"FAM9A",1,482,0.0020746887966805
"FANCE",1,482,0.0020746887966805
"FARSB",1,482,0.0020746887966805
"FAU",1,482,0.0020746887966805
"FBP1",1,482,0.0020746887966805
"FBRS",1,482,0.0020746887966805
"FBXL17",1,482,0.0020746887966805
"FBXL2",1,482,0.0020746887966805
"FBXL22",1,482,0.0020746887966805
"FBXL8",1,482,0.0020746887966805
"FBXO17",1,482,0.0020746887966805
"FBXO2",1,482,0.0020746887966805
"FBXO39",1,482,0.0020746887966805
"FBXO46",1,482,0.0020746887966805
"FBXO48",1,482,0.0020746887966805
"FBXW2",1,482,0.0020746887966805
"FBXW4",1,482,0.0020746887966805
"FCF1",1,482,0.0020746887966805
"FCMR",1,482,0.0020746887966805
"FCN3",1,482,0.0020746887966805
"FDFT1",1,482,0.0020746887966805
"FDX2",1,482,0.0020746887966805
"FEZ2",1,482,0.0020746887966805
"FGF13",1,482,0.0020746887966805
"FGF20",1,482,0.0020746887966805
"FGF21",1,482,0.0020746887966805
"FGF22",1,482,0.0020746887966805
"FGFBP1",1,482,0.0020746887966805
"FGFBP2",1,482,0.0020746887966805
"FHL2",1,482,0.0020746887966805
"FIBIN",1,482,0.0020746887966805
"FIS1",1,482,0.0020746887966805
"FKBP1B",1,482,0.0020746887966805
"FKBP2",1,482,0.0020746887966805
"FKBP4",1,482,0.0020746887966805
"FKBP6",1,482,0.0020746887966805
"FKRP",1,482,0.0020746887966805
"FN3KRP",1,482,0.0020746887966805
"FNDC4",1,482,0.0020746887966805
"FNDC8",1,482,0.0020746887966805
"FO393400.1",1,482,0.0020746887966805
"FOLH1B",1,482,0.0020746887966805
"FOXD1",1,482,0.0020746887966805
"FOXE3",1,482,0.0020746887966805
"FOXI2",1,482,0.0020746887966805
"FOXN4",1,482,0.0020746887966805
"FOXP3",1,482,0.0020746887966805
"FOXQ1",1,482,0.0020746887966805
"FSTL4",1,482,0.0020746887966805
"FTL",1,482,0.0020746887966805
"FTSJ1",1,482,0.0020746887966805
"FUCA1",1,482,0.0020746887966805
"FUNDC1",1,482,0.0020746887966805
"FUT4",1,482,0.0020746887966805
"FXYD4",1,482,0.0020746887966805
"FXYD7",1,482,0.0020746887966805
"FZD5",1,482,0.0020746887966805
"G0S2",1,482,0.0020746887966805
"GAA",1,482,0.0020746887966805
"GADD45B",1,482,0.0020746887966805
"GAGE2A",1,482,0.0020746887966805
"GAGE2E",1,482,0.0020746887966805
"GAL",1,482,0.0020746887966805
"GAL3ST2",1,482,0.0020746887966805
"GAN",1,482,0.0020746887966805
"GATD1",1,482,0.0020746887966805
"GCHFR",1,482,0.0020746887966805
"GCLM",1,482,0.0020746887966805
"GDF11",1,482,0.0020746887966805
"GDPGP1",1,482,0.0020746887966805
"GFER",1,482,0.0020746887966805
"GFM2",1,482,0.0020746887966805
"GGTLC2",1,482,0.0020746887966805
"GHRH",1,482,0.0020746887966805
"GID8",1,482,0.0020746887966805
"GINS4",1,482,0.0020746887966805
"GIPC3",1,482,0.0020746887966805
"GJA4",1,482,0.0020746887966805
"GJB1",1,482,0.0020746887966805
"GJB2",1,482,0.0020746887966805
"GJB6",1,482,0.0020746887966805
"GJC2",1,482,0.0020746887966805
"GJD3",1,482,0.0020746887966805
"GLIPR1",1,482,0.0020746887966805
"GLIS2",1,482,0.0020746887966805
"GLO1",1,482,0.0020746887966805
"GLOD5",1,482,0.0020746887966805
"GLRX5",1,482,0.0020746887966805
"GLT8D1",1,482,0.0020746887966805
"GLTP",1,482,0.0020746887966805
"GLYCTK",1,482,0.0020746887966805
"GM2A",1,482,0.0020746887966805
"GMPPB",1,482,0.0020746887966805
"GMPR",1,482,0.0020746887966805
"GNA11",1,482,0.0020746887966805
"GNAO1",1,482,0.0020746887966805
"GNAT2",1,482,0.0020746887966805
"GNB1L",1,482,0.0020746887966805
"GNG12",1,482,0.0020746887966805
"GNG5",1,482,0.0020746887966805
"GNL3",1,482,0.0020746887966805
"GNMT",1,482,0.0020746887966805
"GNPTG",1,482,0.0020746887966805
"GNRH2",1,482,0.0020746887966805
"GNRHR",1,482,0.0020746887966805
"GOLGA6A",1,482,0.0020746887966805
"GOLGA6L22",1,482,0.0020746887966805
"GOLGA6L9",1,482,0.0020746887966805
"GOLGA7B",1,482,0.0020746887966805
"GOLPH3",1,482,0.0020746887966805
"GOLPH3L",1,482,0.0020746887966805
"GOLT1A",1,482,0.0020746887966805
"GON7",1,482,0.0020746887966805
"GORASP1",1,482,0.0020746887966805
"GOSR1",1,482,0.0020746887966805
"GPM6B",1,482,0.0020746887966805
"GPN1",1,482,0.0020746887966805
"GPR135",1,482,0.0020746887966805
"GPR153",1,482,0.0020746887966805
"GPR21",1,482,0.0020746887966805
"GPR27",1,482,0.0020746887966805
"GPR3",1,482,0.0020746887966805
"GPR52",1,482,0.0020746887966805
"GPR62",1,482,0.0020746887966805
"GPS2",1,482,0.0020746887966805
"GPSM2",1,482,0.0020746887966805
"GPSM3",1,482,0.0020746887966805
"GPX2",1,482,0.0020746887966805
"GPX7",1,482,0.0020746887966805
"GPX8",1,482,0.0020746887966805
"GRSF1",1,482,0.0020746887966805
"GSAP",1,482,0.0020746887966805
"GSC",1,482,0.0020746887966805
"GSG1",1,482,0.0020746887966805
"GSKIP",1,482,0.0020746887966805
"GSTA3",1,482,0.0020746887966805
"GSTA5",1,482,0.0020746887966805
"GSTCD",1,482,0.0020746887966805
"GSTM3",1,482,0.0020746887966805
"GSTM4",1,482,0.0020746887966805
"GSTO1",1,482,0.0020746887966805
"GSTO2",1,482,0.0020746887966805
"GSX2",1,482,0.0020746887966805
"GTF2A2",1,482,0.0020746887966805
"GTF2IRD2",1,482,0.0020746887966805
"GTF3C6",1,482,0.0020746887966805
"GTPBP2",1,482,0.0020746887966805
"GTPBP3",1,482,0.0020746887966805
"GTPBP6",1,482,0.0020746887966805
"GTPBP8",1,482,0.0020746887966805
"GTSF1",1,482,0.0020746887966805
"GUCA2B",1,482,0.0020746887966805
"GYPA",1,482,0.0020746887966805
"GYPB",1,482,0.0020746887966805
"GZMM",1,482,0.0020746887966805
"H1-0",1,482,0.0020746887966805
"H1-10",1,482,0.0020746887966805
"H2AZ1",1,482,0.0020746887966805
"H2AZ2",1,482,0.0020746887966805
"H2BC1",1,482,0.0020746887966805
"H2BC11",1,482,0.0020746887966805
"H2BC14",1,482,0.0020746887966805
"H2BC6",1,482,0.0020746887966805
"H3-4",1,482,0.0020746887966805
"H3C12",1,482,0.0020746887966805
"H3C6",1,482,0.0020746887966805
"H4-16",1,482,0.0020746887966805
"H4C1",1,482,0.0020746887966805
"HABP4",1,482,0.0020746887966805
"HAO2",1,482,0.0020746887966805
"HAUS4",1,482,0.0020746887966805
"HAUS7",1,482,0.0020746887966805
"HBA2",1,482,0.0020746887966805
"HCAR1",1,482,0.0020746887966805
"HCAR2",1,482,0.0020746887966805
"HCCS",1,482,0.0020746887966805
"HCRTR1",1,482,0.0020746887966805
"HDAC3",1,482,0.0020746887966805
"HDDC3",1,482,0.0020746887966805
"HDGFL3",1,482,0.0020746887966805
"HEBP2",1,482,0.0020746887966805
"HECA",1,482,0.0020746887966805
"HERPUD1",1,482,0.0020746887966805
"HEXB",1,482,0.0020746887966805
"HEYL",1,482,0.0020746887966805
"HGH1",1,482,0.0020746887966805
"HHEX",1,482,0.0020746887966805
"HID1",1,482,0.0020746887966805
"HIF1AN",1,482,0.0020746887966805
"HIGD1A",1,482,0.0020746887966805
"HIGD1C",1,482,0.0020746887966805
"HINT1",1,482,0.0020746887966805
"HINT2",1,482,0.0020746887966805
"HIPK4",1,482,0.0020746887966805
"HLA-DMA",1,482,0.0020746887966805
"HLA-DMB",1,482,0.0020746887966805
"HLA-DPA1",1,482,0.0020746887966805
"HLA-DPB1",1,482,0.0020746887966805
"HLA-DQA1",1,482,0.0020746887966805
"HLA-DQB1",1,482,0.0020746887966805
"HLA-DRB5",1,482,0.0020746887966805
"HLA-F",1,482,0.0020746887966805
"HM13",1,482,0.0020746887966805
"HMBOX1",1,482,0.0020746887966805
"HMGA2",1,482,0.0020746887966805
"HMGN3",1,482,0.0020746887966805
"HMGN5",1,482,0.0020746887966805
"HMOX1",1,482,0.0020746887966805
"HNRNPAB",1,482,0.0020746887966805
"HNRNPLL",1,482,0.0020746887966805
"HOATZ",1,482,0.0020746887966805
"HOMER2",1,482,0.0020746887966805
"HORMAD2",1,482,0.0020746887966805
"HOXA13",1,482,0.0020746887966805
"HOXB7",1,482,0.0020746887966805
"HOXC5",1,482,0.0020746887966805
"HOXC9",1,482,0.0020746887966805
"HPCAL4",1,482,0.0020746887966805
"HPR",1,482,0.0020746887966805
"HS2ST1",1,482,0.0020746887966805
"HS3ST1",1,482,0.0020746887966805
"HSD17B10",1,482,0.0020746887966805
"HSD17B6",1,482,0.0020746887966805
"HSF1",1,482,0.0020746887966805
"HSFX1",1,482,0.0020746887966805
"HSH2D",1,482,0.0020746887966805
"HSPA1A",1,482,0.0020746887966805
"HSPA1B",1,482,0.0020746887966805
"HSPB1",1,482,0.0020746887966805
"HSPB2",1,482,0.0020746887966805
"HSPB7",1,482,0.0020746887966805
"HTN3",1,482,0.0020746887966805
"HUS1",1,482,0.0020746887966805
"HVCN1",1,482,0.0020746887966805
"HYLS1",1,482,0.0020746887966805
"ICAM4",1,482,0.0020746887966805
"ICMT",1,482,0.0020746887966805
"ID1",1,482,0.0020746887966805
"ID4",1,482,0.0020746887966805
"IDI2",1,482,0.0020746887966805
"IDS",1,482,0.0020746887966805
"IDUA",1,482,0.0020746887966805
"IER2",1,482,0.0020746887966805
"IFI27L1",1,482,0.0020746887966805
"IFI27L2",1,482,0.0020746887966805
"IFI30",1,482,0.0020746887966805
"IFI6",1,482,0.0020746887966805
"IFIT1",1,482,0.0020746887966805
"IFITM2",1,482,0.0020746887966805
"IFITM3",1,482,0.0020746887966805
"IFNA10",1,482,0.0020746887966805
"IFNE",1,482,0.0020746887966805
"IFNGR2",1,482,0.0020746887966805
"IFNK",1,482,0.0020746887966805
"IFNL2",1,482,0.0020746887966805
"IFRD2",1,482,0.0020746887966805
"IGFBP2",1,482,0.0020746887966805
"IGFBP4",1,482,0.0020746887966805
"IGFBP5",1,482,0.0020746887966805
"IGFL1",1,482,0.0020746887966805
"IGFL2",1,482,0.0020746887966805
"IGFL3",1,482,0.0020746887966805
"IGHD1-20",1,482,0.0020746887966805
"IGHD2-21",1,482,0.0020746887966805
"IGHD6-13",1,482,0.0020746887966805
"IGHD6-25",1,482,0.0020746887966805
"IGHJ6",1,482,0.0020746887966805
"IGHV1-69",1,482,0.0020746887966805
"IGHV2-70",1,482,0.0020746887966805
"IGHV3-35",1,482,0.0020746887966805
"IGHV3-73",1,482,0.0020746887966805
"IGHV3OR16-8",1,482,0.0020746887966805
"IGHV4-4",1,482,0.0020746887966805
"IGKV1-37",1,482,0.0020746887966805
"IGKV1-39",1,482,0.0020746887966805
"IGLJ3",1,482,0.0020746887966805
"IGLJ4",1,482,0.0020746887966805
"IGLL5",1,482,0.0020746887966805
"IGLV1-36",1,482,0.0020746887966805
"IGLV1-40",1,482,0.0020746887966805
"IGLV11-55",1,482,0.0020746887966805
"IGLV2-23",1,482,0.0020746887966805
"IGLV3-10",1,482,0.0020746887966805
"IGLV3-21",1,482,0.0020746887966805
"IGLV3-22",1,482,0.0020746887966805
"IGLV3-27",1,482,0.0020746887966805
"IGLV3-9",1,482,0.0020746887966805
"IGLV4-60",1,482,0.0020746887966805
"IGLV4-69",1,482,0.0020746887966805
"IGLV5-37",1,482,0.0020746887966805
"IGLV5-45",1,482,0.0020746887966805
"IGLV9-49",1,482,0.0020746887966805
"IK",1,482,0.0020746887966805
"IKZF5",1,482,0.0020746887966805
"IL10RB",1,482,0.0020746887966805
"IL17B",1,482,0.0020746887966805
"IL18BP",1,482,0.0020746887966805
"IL1F10",1,482,0.0020746887966805
"IL1RN",1,482,0.0020746887966805
"IL24",1,482,0.0020746887966805
"IL2RA",1,482,0.0020746887966805
"IL2RG",1,482,0.0020746887966805
"IL3",1,482,0.0020746887966805
"IL31RA",1,482,0.0020746887966805
"IL32",1,482,0.0020746887966805
"IL36RN",1,482,0.0020746887966805
"IL6R",1,482,0.0020746887966805
"IL7",1,482,0.0020746887966805
"ILK",1,482,0.0020746887966805
"IMMP2L",1,482,0.0020746887966805
"INCA1",1,482,0.0020746887966805
"ING1",1,482,0.0020746887966805
"ING5",1,482,0.0020746887966805
"INO80C",1,482,0.0020746887966805
"INPP5E",1,482,0.0020746887966805
"INSL3",1,482,0.0020746887966805
"IP6K1",1,482,0.0020746887966805
"IP6K2",1,482,0.0020746887966805
"IP6K3",1,482,0.0020746887966805
"IQCA1",1,482,0.0020746887966805
"IQCF1",1,482,0.0020746887966805
"IQCK",1,482,0.0020746887966805
"IRAK1BP1",1,482,0.0020746887966805
"IRAK2",1,482,0.0020746887966805
"IRF3",1,482,0.0020746887966805
"IRF5",1,482,0.0020746887966805
"IRF7",1,482,0.0020746887966805
"IRF9",1,482,0.0020746887966805
"ISCA2",1,482,0.0020746887966805
"ISG15",1,482,0.0020746887966805
"ITGB1BP1",1,482,0.0020746887966805
"ITGB6",1,482,0.0020746887966805
"ITGB7",1,482,0.0020746887966805
"ITPRIP",1,482,0.0020746887966805
"JDP2",1,482,0.0020746887966805
"JMJD4",1,482,0.0020746887966805
"JMJD6",1,482,0.0020746887966805
"JRKL",1,482,0.0020746887966805
"KANK3",1,482,0.0020746887966805
"KATNB1",1,482,0.0020746887966805
"KAZALD1",1,482,0.0020746887966805
"KBTBD11",1,482,0.0020746887966805
"KBTBD2",1,482,0.0020746887966805
"KCNE1",1,482,0.0020746887966805
"KCNE2",1,482,0.0020746887966805
"KCNG3",1,482,0.0020746887966805
"KCNIP2",1,482,0.0020746887966805
"KCNK12",1,482,0.0020746887966805
"KCNK15",1,482,0.0020746887966805
"KCNK4",1,482,0.0020746887966805
"KCNK7",1,482,0.0020746887966805
"KCTD14",1,482,0.0020746887966805
"KCTD2",1,482,0.0020746887966805
"KDELR1",1,482,0.0020746887966805
"KDELR2",1,482,0.0020746887966805
"KDSR",1,482,0.0020746887966805
"KHDC1",1,482,0.0020746887966805
"KIAA0895L",1,482,0.0020746887966805
"KIAA1191",1,482,0.0020746887966805
"KIR3DX1",1,482,0.0020746887966805
"KLF2",1,482,0.0020746887966805
"KLF3",1,482,0.0020746887966805
"KLF6",1,482,0.0020746887966805
"KLHL21",1,482,0.0020746887966805
"KLHL8",1,482,0.0020746887966805
"KLK1",1,482,0.0020746887966805
"KNCN",1,482,0.0020746887966805
"KREMEN2",1,482,0.0020746887966805
"KRT18",1,482,0.0020746887966805
"KRT34",1,482,0.0020746887966805
"KRT39",1,482,0.0020746887966805
"KRT40",1,482,0.0020746887966805
"KRT7",1,482,0.0020746887966805
"KRT86",1,482,0.0020746887966805
"KRTAP1-5",1,482,0.0020746887966805
"KRTAP10-2",1,482,0.0020746887966805
"KRTAP12-3",1,482,0.0020746887966805
"KRTAP17-1",1,482,0.0020746887966805
"KRTAP19-1",1,482,0.0020746887966805
"KRTAP19-7",1,482,0.0020746887966805
"KRTAP19-8",1,482,0.0020746887966805
"KRTAP20-1",1,482,0.0020746887966805
"KRTAP20-2",1,482,0.0020746887966805
"KRTAP22-1",1,482,0.0020746887966805
"KRTAP23-1",1,482,0.0020746887966805
"KRTAP3-1",1,482,0.0020746887966805
"KRTAP4-1",1,482,0.0020746887966805
"KRTAP4-12",1,482,0.0020746887966805
"KRTAP4-5",1,482,0.0020746887966805
"KRTAP5-11",1,482,0.0020746887966805
"KRTAP5-2",1,482,0.0020746887966805
"KRTAP5-8",1,482,0.0020746887966805
"KRTAP5-9",1,482,0.0020746887966805
"KRTAP9-9",1,482,0.0020746887966805
"KRTDAP",1,482,0.0020746887966805
"L2HGDH",1,482,0.0020746887966805
"L3HYPDH",1,482,0.0020746887966805
"LAD1",1,482,0.0020746887966805
"LAGE3",1,482,0.0020746887966805
"LAMP2",1,482,0.0020746887966805
"LAMTOR2",1,482,0.0020746887966805
"LANCL2",1,482,0.0020746887966805
"LANCL3",1,482,0.0020746887966805
"LAPTM4A",1,482,0.0020746887966805
"LARGE2",1,482,0.0020746887966805
"LASP1",1,482,0.0020746887966805
"LAT",1,482,0.0020746887966805
"LAYN",1,482,0.0020746887966805
"LBH",1,482,0.0020746887966805
"LBHD1",1,482,0.0020746887966805
"LBX2",1,482,0.0020746887966805
"LCE2A",1,482,0.0020746887966805
"LCE3E",1,482,0.0020746887966805
"LCE5A",1,482,0.0020746887966805
"LCN15",1,482,0.0020746887966805
"LCNL1",1,482,0.0020746887966805
"LDOC1",1,482,0.0020746887966805
"LEMD2",1,482,0.0020746887966805
"LENEP",1,482,0.0020746887966805
"LEO1",1,482,0.0020746887966805
"LETMD1",1,482,0.0020746887966805
"LGALS1",1,482,0.0020746887966805
"LGALS14",1,482,0.0020746887966805
"LGALS3",1,482,0.0020746887966805
"LGALS8",1,482,0.0020746887966805
"LGALSL",1,482,0.0020746887966805
"LHB",1,482,0.0020746887966805
"LHX3",1,482,0.0020746887966805
"LIAS",1,482,0.0020746887966805
"LIF",1,482,0.0020746887966805
"LIME1",1,482,0.0020746887966805
"LIMS1",1,482,0.0020746887966805
"LIN7C",1,482,0.0020746887966805
"LIPA",1,482,0.0020746887966805
"LIX1",1,482,0.0020746887966805
"LMNB1",1,482,0.0020746887966805
"LMO2",1,482,0.0020746887966805
"LMO4",1,482,0.0020746887966805
"LPAR1",1,482,0.0020746887966805
"LPAR5",1,482,0.0020746887966805
"LPIN3",1,482,0.0020746887966805
"LRFN3",1,482,0.0020746887966805
"LRFN4",1,482,0.0020746887966805
"LRP11",1,482,0.0020746887966805
"LRPAP1",1,482,0.0020746887966805
"LRRC14",1,482,0.0020746887966805
"LRRC19",1,482,0.0020746887966805
"LRRC20",1,482,0.0020746887966805
"LRRC24",1,482,0.0020746887966805
"LRRC29",1,482,0.0020746887966805
"LRRC46",1,482,0.0020746887966805
"LRRC57",1,482,0.0020746887966805
"LRRC59",1,482,0.0020746887966805
"LRRC73",1,482,0.0020746887966805
"LRRC75A",1,482,0.0020746887966805
"LRRN4CL",1,482,0.0020746887966805
"LRWD1",1,482,0.0020746887966805
"LSM10",1,482,0.0020746887966805
"LSM6",1,482,0.0020746887966805
"LSMEM1",1,482,0.0020746887966805
"LSP1",1,482,0.0020746887966805
"LTB",1,482,0.0020746887966805
"LTB4R",1,482,0.0020746887966805
"LTB4R2",1,482,0.0020746887966805
"LTBR",1,482,0.0020746887966805
"LTC4S",1,482,0.0020746887966805
"LUC7L2",1,482,0.0020746887966805
"LURAP1",1,482,0.0020746887966805
"LURAP1L",1,482,0.0020746887966805
"LY6E",1,482,0.0020746887966805
"LY6G5B",1,482,0.0020746887966805
"LY6G5C",1,482,0.0020746887966805
"LY6G6F",1,482,0.0020746887966805
"LY86",1,482,0.0020746887966805
"LYG1",1,482,0.0020746887966805
"LYNX1",1,482,0.0020746887966805
"LYPD1",1,482,0.0020746887966805
"LYPD6",1,482,0.0020746887966805
"LYPD6B",1,482,0.0020746887966805
"LYPLA1",1,482,0.0020746887966805
"LYPLAL1",1,482,0.0020746887966805
"LYRM1",1,482,0.0020746887966805
"LYRM9",1,482,0.0020746887966805
"LYSMD4",1,482,0.0020746887966805
"LYVE1",1,482,0.0020746887966805
"MACROH2A2",1,482,0.0020746887966805
"MAD2L1BP",1,482,0.0020746887966805
"MAD2L2",1,482,0.0020746887966805
"MAGEA9B",1,482,0.0020746887966805
"MAGOH",1,482,0.0020746887966805
"MAL",1,482,0.0020746887966805
"MALL",1,482,0.0020746887966805
"MAMSTR",1,482,0.0020746887966805
"MANEAL",1,482,0.0020746887966805
"MAOA",1,482,0.0020746887966805
"MAP3K2",1,482,0.0020746887966805
"MAP3K3",1,482,0.0020746887966805
"MAP3K7CL",1,482,0.0020746887966805
"MAP6",1,482,0.0020746887966805
"MAPK11",1,482,0.0020746887966805
"MAPK12",1,482,0.0020746887966805
"MAPK7",1,482,0.0020746887966805
"MAPKAPK2",1,482,0.0020746887966805
"MAPRE2",1,482,0.0020746887966805
"MARCHF3",1,482,0.0020746887966805
"MARCHF5",1,482,0.0020746887966805
"MARCKSL1",1,482,0.0020746887966805
"MARVELD2",1,482,0.0020746887966805
"MAT2A",1,482,0.0020746887966805
"MATN1",1,482,0.0020746887966805
"MAU2",1,482,0.0020746887966805
"MAX",1,482,0.0020746887966805
"MBD2",1,482,0.0020746887966805
"MBD3",1,482,0.0020746887966805
"MBLAC1",1,482,0.0020746887966805
"MBNL3",1,482,0.0020746887966805
"MBTD1",1,482,0.0020746887966805
"MCCC2",1,482,0.0020746887966805
"MCU",1,482,0.0020746887966805
"MDFI",1,482,0.0020746887966805
"MDFIC",1,482,0.0020746887966805
"MDK",1,482,0.0020746887966805
"MDM4",1,482,0.0020746887966805
"MDP1",1,482,0.0020746887966805
"MEA1",1,482,0.0020746887966805
"MECR",1,482,0.0020746887966805
"MED20",1,482,0.0020746887966805
"MED22",1,482,0.0020746887966805
"MEIOB",1,482,0.0020746887966805
"MEOX1",1,482,0.0020746887966805
"MESP1",1,482,0.0020746887966805
"METRNL",1,482,0.0020746887966805
"METTL21A",1,482,0.0020746887966805
"METTL27",1,482,0.0020746887966805
"METTL2A",1,482,0.0020746887966805
"METTL2B",1,482,0.0020746887966805
"METTL7A",1,482,0.0020746887966805
"METTL9",1,482,0.0020746887966805
"MFAP2",1,482,0.0020746887966805
"MFSD10",1,482,0.0020746887966805
"MFSD3",1,482,0.0020746887966805
"MFSD5",1,482,0.0020746887966805
"MID1IP1",1,482,0.0020746887966805
"MIEF2",1,482,0.0020746887966805
"MILR1",1,482,0.0020746887966805
"MINDY2",1,482,0.0020746887966805
"MIS18A",1,482,0.0020746887966805
"MKNK2",1,482,0.0020746887966805
"MLANA",1,482,0.0020746887966805
"MLC1",1,482,0.0020746887966805
"MLX",1,482,0.0020746887966805
"MMAB",1,482,0.0020746887966805
"MMACHC",1,482,0.0020746887966805
"MMD",1,482,0.0020746887966805
"MMP13",1,482,0.0020746887966805
"MOB3A",1,482,0.0020746887966805
"MOB3C",1,482,0.0020746887966805
"MOCS2",1,482,0.0020746887966805
"MORN4",1,482,0.0020746887966805
"MORN5",1,482,0.0020746887966805
"MOSPD1",1,482,0.0020746887966805
"MPC1",1,482,0.0020746887966805
"MPI",1,482,0.0020746887966805
"MPPE1",1,482,0.0020746887966805
"MPPED1",1,482,0.0020746887966805
"MPV17",1,482,0.0020746887966805
"MPV17L",1,482,0.0020746887966805
"MPV17L2",1,482,0.0020746887966805
"MPZL2",1,482,0.0020746887966805
"MRAS",1,482,0.0020746887966805
"MRGPRE",1,482,0.0020746887966805
"MRI1",1,482,0.0020746887966805
"MRM1",1,482,0.0020746887966805
"MRNIP",1,482,0.0020746887966805
"MROH6",1,482,0.0020746887966805
"MRPL13",1,482,0.0020746887966805
"MRPL16",1,482,0.0020746887966805
"MRPL17",1,482,0.0020746887966805
"MRPL18",1,482,0.0020746887966805
"MRPL19",1,482,0.0020746887966805
"MRPL21",1,482,0.0020746887966805
"MRPL24",1,482,0.0020746887966805
"MRPL28",1,482,0.0020746887966805
"MRPL34",1,482,0.0020746887966805
"MRPL35",1,482,0.0020746887966805
"MRPL36",1,482,0.0020746887966805
"MRPL38",1,482,0.0020746887966805
"MRPL39",1,482,0.0020746887966805
"MRPL40",1,482,0.0020746887966805
"MRPL44",1,482,0.0020746887966805
"MRPL46",1,482,0.0020746887966805
"MRPL49",1,482,0.0020746887966805
"MRPL50",1,482,0.0020746887966805
"MRPL54",1,482,0.0020746887966805
"MRPL57",1,482,0.0020746887966805
"MRPL58",1,482,0.0020746887966805
"MRPS11",1,482,0.0020746887966805
"MRPS14",1,482,0.0020746887966805
"MRPS16",1,482,0.0020746887966805
"MRPS17",1,482,0.0020746887966805
"MRPS18A",1,482,0.0020746887966805
"MRPS22",1,482,0.0020746887966805
"MRPS24",1,482,0.0020746887966805
"MRPS25",1,482,0.0020746887966805
"MRPS33",1,482,0.0020746887966805
"MRPS34",1,482,0.0020746887966805
"MRPS7",1,482,0.0020746887966805
"MRRF",1,482,0.0020746887966805
"MS4A15",1,482,0.0020746887966805
"MSANTD1",1,482,0.0020746887966805
"MSANTD3",1,482,0.0020746887966805
"MSANTD3-TMEFF1",1,482,0.0020746887966805
"MSL1",1,482,0.0020746887966805
"MSMO1",1,482,0.0020746887966805
"MSRB1",1,482,0.0020746887966805
"MSS51",1,482,0.0020746887966805
"MSTO1",1,482,0.0020746887966805
"MT1B",1,482,0.0020746887966805
"MT3",1,482,0.0020746887966805
"MT4",1,482,0.0020746887966805
"MTAP",1,482,0.0020746887966805
"MTCH1",1,482,0.0020746887966805
"MTCH2",1,482,0.0020746887966805
"MTERF2",1,482,0.0020746887966805
"MTFR1",1,482,0.0020746887966805
"MTG1",1,482,0.0020746887966805
"MTG2",1,482,0.0020746887966805
"MTHFD2L",1,482,0.0020746887966805
"MTHFSD",1,482,0.0020746887966805
"MTMR14",1,482,0.0020746887966805
"MTPN",1,482,0.0020746887966805
"MTRF1",1,482,0.0020746887966805
"MTX3",1,482,0.0020746887966805
"MUL1",1,482,0.0020746887966805
"MVK",1,482,0.0020746887966805
"MXD4",1,482,0.0020746887966805
"MYD88",1,482,0.0020746887966805
"MYDGF",1,482,0.0020746887966805
"MYL10",1,482,0.0020746887966805
"MYL12B",1,482,0.0020746887966805
"MYL5",1,482,0.0020746887966805
"MYL7",1,482,0.0020746887966805
"MYL9",1,482,0.0020746887966805
"MYOG",1,482,0.0020746887966805
"MYORG",1,482,0.0020746887966805
"MYOZ1",1,482,0.0020746887966805
"MYZAP",1,482,0.0020746887966805
"MZB1",1,482,0.0020746887966805
"MZT2B",1,482,0.0020746887966805
"N4BP3",1,482,0.0020746887966805
"NAA20",1,482,0.0020746887966805
"NAA40",1,482,0.0020746887966805
"NAA50",1,482,0.0020746887966805
"NAA60",1,482,0.0020746887966805
"NAA80",1,482,0.0020746887966805
"NAAA",1,482,0.0020746887966805
"NAB1",1,482,0.0020746887966805
"NABP1",1,482,0.0020746887966805
"NACA",1,482,0.0020746887966805
"NAE1",1,482,0.0020746887966805
"NAGK",1,482,0.0020746887966805
"NAGS",1,482,0.0020746887966805
"NAIF1",1,482,0.0020746887966805
"NANP",1,482,0.0020746887966805
"NAPB",1,482,0.0020746887966805
"NAPG",1,482,0.0020746887966805
"NAPRT",1,482,0.0020746887966805
"NAT8",1,482,0.0020746887966805
"NBL1",1,482,0.0020746887966805
"NBPF10",1,482,0.0020746887966805
"NBPF3",1,482,0.0020746887966805
"NCALD",1,482,0.0020746887966805
"NCBP2",1,482,0.0020746887966805
"NCCRP1",1,482,0.0020746887966805
"NCMAP",1,482,0.0020746887966805
"NCOA4",1,482,0.0020746887966805
"NDE1",1,482,0.0020746887966805
"NDFIP1",1,482,0.0020746887966805
"NDRG2",1,482,0.0020746887966805
"NDUFA1",1,482,0.0020746887966805
"NDUFA12",1,482,0.0020746887966805
"NDUFA2",1,482,0.0020746887966805
"NDUFA4L2",1,482,0.0020746887966805
"NDUFA5",1,482,0.0020746887966805
"NDUFA8",1,482,0.0020746887966805
"NDUFAF6",1,482,0.0020746887966805
"NDUFB4",1,482,0.0020746887966805
"NDUFB9",1,482,0.0020746887966805
"NDUFS4",1,482,0.0020746887966805
"NDUFS8",1,482,0.0020746887966805
"NDUFV2",1,482,0.0020746887966805
"NDUFV3",1,482,0.0020746887966805
"NECAP2",1,482,0.0020746887966805
"NEIL2",1,482,0.0020746887966805
"NEK3",1,482,0.0020746887966805
"NEK6",1,482,0.0020746887966805
"NELFCD",1,482,0.0020746887966805
"NELFE",1,482,0.0020746887966805
"NEURL3",1,482,0.0020746887966805
"NFKBID",1,482,0.0020746887966805
"NFU1",1,482,0.0020746887966805
"NGFR",1,482,0.0020746887966805
"NHLH1",1,482,0.0020746887966805
"NHLH2",1,482,0.0020746887966805
"NHLRC3",1,482,0.0020746887966805
"NIM1K",1,482,0.0020746887966805
"NINJ1",1,482,0.0020746887966805
"NINJ2",1,482,0.0020746887966805
"NIP7",1,482,0.0020746887966805
"NIPSNAP3B",1,482,0.0020746887966805
"NKAIN4",1,482,0.0020746887966805
"NKIRAS1",1,482,0.0020746887966805
"NKX2-3",1,482,0.0020746887966805
"NME1-NME2",1,482,0.0020746887966805
"NME4",1,482,0.0020746887966805
"NME6",1,482,0.0020746887966805
"NMRAL1",1,482,0.0020746887966805
"NOB1",1,482,0.0020746887966805
"NOG",1,482,0.0020746887966805
"NOL4L",1,482,0.0020746887966805
"NOP10",1,482,0.0020746887966805
"NOXA1",1,482,0.0020746887966805
"NOXRED1",1,482,0.0020746887966805
"NPIPB3",1,482,0.0020746887966805
"NPM1",1,482,0.0020746887966805
"NPM2",1,482,0.0020746887966805
"NPPB",1,482,0.0020746887966805
"NPRL2",1,482,0.0020746887966805
"NPTN",1,482,0.0020746887966805
"NPY",1,482,0.0020746887966805
"NQO2",1,482,0.0020746887966805
"NR1D2",1,482,0.0020746887966805
"NR2F1",1,482,0.0020746887966805
"NR2F6",1,482,0.0020746887966805
"NSUN5",1,482,0.0020746887966805
"NT5C",1,482,0.0020746887966805
"NTN3",1,482,0.0020746887966805
"NUBP1",1,482,0.0020746887966805
"NUDT10",1,482,0.0020746887966805
"NUDT13",1,482,0.0020746887966805
"NUDT14",1,482,0.0020746887966805
"NUDT17",1,482,0.0020746887966805
"NUDT2",1,482,0.0020746887966805
"NUDT21",1,482,0.0020746887966805
"NUDT3",1,482,0.0020746887966805
"NUFIP2",1,482,0.0020746887966805
"NUP43",1,482,0.0020746887966805
"NUPR1",1,482,0.0020746887966805
"NUS1",1,482,0.0020746887966805
"NUTM2D",1,482,0.0020746887966805
"NXT2",1,482,0.0020746887966805
"OAZ3",1,482,0.0020746887966805
"OBP2B",1,482,0.0020746887966805
"ODAPH",1,482,0.0020746887966805
"ODF3",1,482,0.0020746887966805
"ODF3B",1,482,0.0020746887966805
"ODF3L2",1,482,0.0020746887966805
"OGFR",1,482,0.0020746887966805
"OGFRL1",1,482,0.0020746887966805
"OGG1",1,482,0.0020746887966805
"OGN",1,482,0.0020746887966805
"OLFML3",1,482,0.0020746887966805
"OPA3",1,482,0.0020746887966805
"OPN3",1,482,0.0020746887966805
"OR13J1",1,482,0.0020746887966805
"OR1N1",1,482,0.0020746887966805
"OR2A42",1,482,0.0020746887966805
"OR2A7",1,482,0.0020746887966805
"OR2B6",1,482,0.0020746887966805
"OR4D1",1,482,0.0020746887966805
"OR6C68",1,482,0.0020746887966805
"OR7C1",1,482,0.0020746887966805
"ORAI1",1,482,0.0020746887966805
"ORAI2",1,482,0.0020746887966805
"ORMDL2",1,482,0.0020746887966805
"ORMDL3",1,482,0.0020746887966805
"OSCAR",1,482,0.0020746887966805
"OSR1",1,482,0.0020746887966805
"OTOP3",1,482,0.0020746887966805
"OTUB1",1,482,0.0020746887966805
"OVCH2",1,482,0.0020746887966805
"OVOL1",1,482,0.0020746887966805
"OXCT2",1,482,0.0020746887966805
"OXNAD1",1,482,0.0020746887966805
"OXT",1,482,0.0020746887966805
"OXTR",1,482,0.0020746887966805
"P2RX1",1,482,0.0020746887966805
"P2RY12",1,482,0.0020746887966805
"PABPN1",1,482,0.0020746887966805
"PACC1",1,482,0.0020746887966805
"PACSIN3",1,482,0.0020746887966805
"PAEP",1,482,0.0020746887966805
"PAGE2",1,482,0.0020746887966805
"PAGE2B",1,482,0.0020746887966805
"PAGR1",1,482,0.0020746887966805
"PAICS",1,482,0.0020746887966805
"PAIP2B",1,482,0.0020746887966805
"PAK1IP1",1,482,0.0020746887966805
"PANK1",1,482,0.0020746887966805
"PANK2",1,482,0.0020746887966805
"PARD6A",1,482,0.0020746887966805
"PARL",1,482,0.0020746887966805
"PARP12",1,482,0.0020746887966805
"PATE2",1,482,0.0020746887966805
"PAWR",1,482,0.0020746887966805
"PBK",1,482,0.0020746887966805
"PBX4",1,482,0.0020746887966805
"PCBD2",1,482,0.0020746887966805
"PCBP2",1,482,0.0020746887966805
"PCBP3",1,482,0.0020746887966805
"PCDHGC3",1,482,0.0020746887966805
"PCED1A",1,482,0.0020746887966805
"PCGF2",1,482,0.0020746887966805
"PCLAF",1,482,0.0020746887966805
"PCP4",1,482,0.0020746887966805
"PCYOX1",1,482,0.0020746887966805
"PCYOX1L",1,482,0.0020746887966805
"PDCD6",1,482,0.0020746887966805
"PDGFA",1,482,0.0020746887966805
"PDPN",1,482,0.0020746887966805
"PDXK",1,482,0.0020746887966805
"PEA15",1,482,0.0020746887966805
"PEBP1",1,482,0.0020746887966805
"PEDS1",1,482,0.0020746887966805
"PEDS1-UBE2V1",1,482,0.0020746887966805
"PELI3",1,482,0.0020746887966805
"PEX11B",1,482,0.0020746887966805
"PEX13",1,482,0.0020746887966805
"PEX14",1,482,0.0020746887966805
"PEX19",1,482,0.0020746887966805
"PEX26",1,482,0.0020746887966805
"PF4",1,482,0.0020746887966805
"PFDN4",1,482,0.0020746887966805
"PFDN5",1,482,0.0020746887966805
"PFN4",1,482,0.0020746887966805
"PGGHG",1,482,0.0020746887966805
"PGPEP1L",1,482,0.0020746887966805
"PHF23",1,482,0.0020746887966805
"PHKG2",1,482,0.0020746887966805
"PHLDA1",1,482,0.0020746887966805
"PHOSPHO1",1,482,0.0020746887966805
"PHPT1",1,482,0.0020746887966805
"PHYHIPL",1,482,0.0020746887966805
"PHYKPL",1,482,0.0020746887966805
"PIAS4",1,482,0.0020746887966805
"PICK1",1,482,0.0020746887966805
"PIDD1",1,482,0.0020746887966805
"PIGC",1,482,0.0020746887966805
"PIGH",1,482,0.0020746887966805
"PIGM",1,482,0.0020746887966805
"PIGS",1,482,0.0020746887966805
"PILRB",1,482,0.0020746887966805
"PIMREG",1,482,0.0020746887966805
"PIN1",1,482,0.0020746887966805
"PIP5KL1",1,482,0.0020746887966805
"PIR",1,482,0.0020746887966805
"PISD",1,482,0.0020746887966805
"PITPNA",1,482,0.0020746887966805
"PITX1",1,482,0.0020746887966805
"PITX3",1,482,0.0020746887966805
"PKIB",1,482,0.0020746887966805
"PKIG",1,482,0.0020746887966805
"PKP1",1,482,0.0020746887966805
"PLA2G2A",1,482,0.0020746887966805
"PLA2G2D",1,482,0.0020746887966805
"PLAAT2",1,482,0.0020746887966805
"PLAAT3",1,482,0.0020746887966805
"PLAAT4",1,482,0.0020746887966805
"PLAC8",1,482,0.0020746887966805
"PLAGL1",1,482,0.0020746887966805
"PLEKHF2",1,482,0.0020746887966805
"PLEKHG5",1,482,0.0020746887966805
"PLEKHG6",1,482,0.0020746887966805
"PLGLB2",1,482,0.0020746887966805
"PLK2",1,482,0.0020746887966805
"PLPP1",1,482,0.0020746887966805
"PLPP3",1,482,0.0020746887966805
"PLPP5",1,482,0.0020746887966805
"PLPP6",1,482,0.0020746887966805
"PLSCR3",1,482,0.0020746887966805
"PMAIP1",1,482,0.0020746887966805
"PML",1,482,0.0020746887966805
"PNKP",1,482,0.0020746887966805
"PNMT",1,482,0.0020746887966805
"PNO1",1,482,0.0020746887966805
"PNOC",1,482,0.0020746887966805
"PNPLA4",1,482,0.0020746887966805
"PNPO",1,482,0.0020746887966805
"POC1A",1,482,0.0020746887966805
"POC1B",1,482,0.0020746887966805
"POFUT2",1,482,0.0020746887966805
"POLE3",1,482,0.0020746887966805
"POLE4",1,482,0.0020746887966805
"POLR1G",1,482,0.0020746887966805
"POLR2D",1,482,0.0020746887966805
"POLR2G",1,482,0.0020746887966805
"POLR2K",1,482,0.0020746887966805
"POLR2L",1,482,0.0020746887966805
"POLR3G",1,482,0.0020746887966805
"POLR3K",1,482,0.0020746887966805
"POP7",1,482,0.0020746887966805
"POU2AF1",1,482,0.0020746887966805
"POU5F1",1,482,0.0020746887966805
"PPAN",1,482,0.0020746887966805
"PPARA",1,482,0.0020746887966805
"PPARG",1,482,0.0020746887966805
"PPDPF",1,482,0.0020746887966805
"PPIL1",1,482,0.0020746887966805
"PPIL3",1,482,0.0020746887966805
"PPM1D",1,482,0.0020746887966805
"PPM1F",1,482,0.0020746887966805
"PPM1H",1,482,0.0020746887966805
"PPM1N",1,482,0.0020746887966805
"PPME1",1,482,0.0020746887966805
"PPOX",1,482,0.0020746887966805
"PPP1R14A",1,482,0.0020746887966805
"PPP1R18",1,482,0.0020746887966805
"PPP1R1A",1,482,0.0020746887966805
"PPP1R2",1,482,0.0020746887966805
"PPP1R27",1,482,0.0020746887966805
"PPP1R3B",1,482,0.0020746887966805
"PPP1R8",1,482,0.0020746887966805
"PPP2CB",1,482,0.0020746887966805
"PPP2R2B",1,482,0.0020746887966805
"PPP2R3C",1,482,0.0020746887966805
"PPP5C",1,482,0.0020746887966805
"PPTC7",1,482,0.0020746887966805
"PPY",1,482,0.0020746887966805
"PRADC1",1,482,0.0020746887966805
"PRCC",1,482,0.0020746887966805
"PRDX1",1,482,0.0020746887966805
"PRDX2",1,482,0.0020746887966805
"PRDX3",1,482,0.0020746887966805
"PRELID3B",1,482,0.0020746887966805
"PRIMA1",1,482,0.0020746887966805
"PRKAB2",1,482,0.0020746887966805
"PRKACA",1,482,0.0020746887966805
"PRLH",1,482,0.0020746887966805
"PRND",1,482,0.0020746887966805
"PROCR",1,482,0.0020746887966805
"PRR18",1,482,0.0020746887966805
"PRR3",1,482,0.0020746887966805
"PRR5L",1,482,0.0020746887966805
"PRRT1",1,482,0.0020746887966805
"PRRT3",1,482,0.0020746887966805
"PRSS21",1,482,0.0020746887966805
"PRSS3",1,482,0.0020746887966805
"PRSS33",1,482,0.0020746887966805
"PRSS45P",1,482,0.0020746887966805
"PRSS48",1,482,0.0020746887966805
"PRXL2B",1,482,0.0020746887966805
"PSCA",1,482,0.0020746887966805
"PSMA2",1,482,0.0020746887966805
"PSMA5",1,482,0.0020746887966805
"PSMB10",1,482,0.0020746887966805
"PSMB5",1,482,0.0020746887966805
"PSMD10",1,482,0.0020746887966805
"PSMD4",1,482,0.0020746887966805
"PSMD9",1,482,0.0020746887966805
"PSMG1",1,482,0.0020746887966805
"PSMG3",1,482,0.0020746887966805
"PSPN",1,482,0.0020746887966805
"PSTPIP1",1,482,0.0020746887966805
"PTCD2",1,482,0.0020746887966805
"PTDSS2",1,482,0.0020746887966805
"PTGR1",1,482,0.0020746887966805
"PTH2",1,482,0.0020746887966805
"PTP4A2",1,482,0.0020746887966805
"PTPMT1",1,482,0.0020746887966805
"PTRH2",1,482,0.0020746887966805
"PTRHD1",1,482,0.0020746887966805
"PTTG1IP",1,482,0.0020746887966805
"PUF60",1,482,0.0020746887966805
"PUM3",1,482,0.0020746887966805
"PURA",1,482,0.0020746887966805
"PUSL1",1,482,0.0020746887966805
"PVR",1,482,0.0020746887966805
"PWWP2A",1,482,0.0020746887966805
"PXDC1",1,482,0.0020746887966805
"PYM1",1,482,0.0020746887966805
"PYY",1,482,0.0020746887966805
"QPCTL",1,482,0.0020746887966805
"QRFP",1,482,0.0020746887966805
"RAB11B",1,482,0.0020746887966805
"RAB14",1,482,0.0020746887966805
"RAB15",1,482,0.0020746887966805
"RAB18",1,482,0.0020746887966805
"RAB1B",1,482,0.0020746887966805
"RAB25",1,482,0.0020746887966805
"RAB27B",1,482,0.0020746887966805
"RAB2A",1,482,0.0020746887966805
"RAB2B",1,482,0.0020746887966805
"RAB30",1,482,0.0020746887966805
"RAB3A",1,482,0.0020746887966805
"RAB3B",1,482,0.0020746887966805
"RAB3D",1,482,0.0020746887966805
"RAB40B",1,482,0.0020746887966805
"RAB40C",1,482,0.0020746887966805
"RAB43",1,482,0.0020746887966805
"RAB4B",1,482,0.0020746887966805
"RAB5C",1,482,0.0020746887966805
"RAB8A",1,482,0.0020746887966805
"RAB8B",1,482,0.0020746887966805
"RAB9B",1,482,0.0020746887966805
"RABAC1",1,482,0.0020746887966805
"RABEP1",1,482,0.0020746887966805
"RABEPK",1,482,0.0020746887966805
"RABIF",1,482,0.0020746887966805
"RABL2A",1,482,0.0020746887966805
"RABL2B",1,482,0.0020746887966805
"RAD23B",1,482,0.0020746887966805
"RAD51AP1",1,482,0.0020746887966805
"RAD52",1,482,0.0020746887966805
"RALGPS1",1,482,0.0020746887966805
"RAMP2",1,482,0.0020746887966805
"RAN",1,482,0.0020746887966805
"RANBP1",1,482,0.0020746887966805
"RAP1B",1,482,0.0020746887966805
"RASD1",1,482,0.0020746887966805
"RASL11B",1,482,0.0020746887966805
"RASSF1",1,482,0.0020746887966805
"RASSF6",1,482,0.0020746887966805
"RBAK-RBAKDN",1,482,0.0020746887966805
"RBBP7",1,482,0.0020746887966805
"RBKS",1,482,0.0020746887966805
"RBM22",1,482,0.0020746887966805
"RBM3",1,482,0.0020746887966805
"RBM34",1,482,0.0020746887966805
"RBM4B",1,482,0.0020746887966805
"RBMS1",1,482,0.0020746887966805
"RBP2",1,482,0.0020746887966805
"RBP5",1,482,0.0020746887966805
"RBPMS2",1,482,0.0020746887966805
"RBX1",1,482,0.0020746887966805
"RCC1",1,482,0.0020746887966805
"RCCD1",1,482,0.0020746887966805
"RCHY1",1,482,0.0020746887966805
"RDH11",1,482,0.0020746887966805
"REEP5",1,482,0.0020746887966805
"RELB",1,482,0.0020746887966805
"REP15",1,482,0.0020746887966805
"RER1",1,482,0.0020746887966805
"RFFL",1,482,0.0020746887966805
"RFNG",1,482,0.0020746887966805
"RGMA",1,482,0.0020746887966805
"RGMB",1,482,0.0020746887966805
"RGPD2",1,482,0.0020746887966805
"RGS10",1,482,0.0020746887966805
"RGS11",1,482,0.0020746887966805
"RGS19",1,482,0.0020746887966805
"RHBDD3",1,482,0.0020746887966805
"RHBDF1",1,482,0.0020746887966805
"RHBDL1",1,482,0.0020746887966805
"RHOV",1,482,0.0020746887966805
"RHOXF2",1,482,0.0020746887966805
"RHOXF2B",1,482,0.0020746887966805
"RIBC2",1,482,0.0020746887966805
"RIDA",1,482,0.0020746887966805
"RILP",1,482,0.0020746887966805
"RIPPLY1",1,482,0.0020746887966805
"RIPPLY3",1,482,0.0020746887966805
"RITA1",1,482,0.0020746887966805
"RLBP1",1,482,0.0020746887966805
"RLN2",1,482,0.0020746887966805
"RLN3",1,482,0.0020746887966805
"RMC1",1,482,0.0020746887966805
"RMI2",1,482,0.0020746887966805
"RMND1",1,482,0.0020746887966805
"RMND5A",1,482,0.0020746887966805
"RNASE1",1,482,0.0020746887966805
"RNASE4",1,482,0.0020746887966805
"RNASE6",1,482,0.0020746887966805
"RNASE7",1,482,0.0020746887966805
"RNASE9",1,482,0.0020746887966805
"RNASEH2A",1,482,0.0020746887966805
"RNASEK",1,482,0.0020746887966805
"RNASET2",1,482,0.0020746887966805
"RNF11",1,482,0.0020746887966805
"RNF122",1,482,0.0020746887966805
"RNF14",1,482,0.0020746887966805
"RNF144B",1,482,0.0020746887966805
"RNF170",1,482,0.0020746887966805
"RNF19B",1,482,0.0020746887966805
"RNF212",1,482,0.0020746887966805
"RNF24",1,482,0.0020746887966805
"RNF25",1,482,0.0020746887966805
"RNF34",1,482,0.0020746887966805
"RNF41",1,482,0.0020746887966805
"RNF44",1,482,0.0020746887966805
"RNF5",1,482,0.0020746887966805
"RNH1",1,482,0.0020746887966805
"RNPEP",1,482,0.0020746887966805
"RNPEPL1",1,482,0.0020746887966805
"RNPS1",1,482,0.0020746887966805
"ROMO1",1,482,0.0020746887966805
"ROPN1B",1,482,0.0020746887966805
"RPA2",1,482,0.0020746887966805
"RPA3",1,482,0.0020746887966805
"RPAIN",1,482,0.0020746887966805
"RPE",1,482,0.0020746887966805
"RPL14",1,482,0.0020746887966805
"RPL17-C18orf32",1,482,0.0020746887966805
"RPL23",1,482,0.0020746887966805
"RPL26",1,482,0.0020746887966805
"RPL27",1,482,0.0020746887966805
"RPL3",1,482,0.0020746887966805
"RPL30",1,482,0.0020746887966805
"RPL31",1,482,0.0020746887966805
"RPL37A",1,482,0.0020746887966805
"RPL39L",1,482,0.0020746887966805
"RPL41",1,482,0.0020746887966805
"RPL7",1,482,0.0020746887966805
"RPLP2",1,482,0.0020746887966805
"RPN2",1,482,0.0020746887966805
"RPP25L",1,482,0.0020746887966805
"RPRD1B",1,482,0.0020746887966805
"RPS10-NUDT3",1,482,0.0020746887966805
"RPS11",1,482,0.0020746887966805
"RPS12",1,482,0.0020746887966805
"RPS16",1,482,0.0020746887966805
"RPS19",1,482,0.0020746887966805
"RPS2",1,482,0.0020746887966805
"RPS20",1,482,0.0020746887966805
"RPS21",1,482,0.0020746887966805
"RPS24",1,482,0.0020746887966805
"RPS26",1,482,0.0020746887966805
"RPS3A",1,482,0.0020746887966805
"RPS4Y1",1,482,0.0020746887966805
"RPS4Y2",1,482,0.0020746887966805
"RPS5",1,482,0.0020746887966805
"RPS6",1,482,0.0020746887966805
"RPSA",1,482,0.0020746887966805
"RPUSD2",1,482,0.0020746887966805
"RRAGA",1,482,0.0020746887966805
"RRAGB",1,482,0.0020746887966805
"RRAGC",1,482,0.0020746887966805
"RRM2",1,482,0.0020746887966805
"RRNAD1",1,482,0.0020746887966805
"RRP1",1,482,0.0020746887966805
"RRP36",1,482,0.0020746887966805
"RRS1",1,482,0.0020746887966805
"RTL6",1,482,0.0020746887966805
"RTL8C",1,482,0.0020746887966805
"RTN4R",1,482,0.0020746887966805
"RUFY4",1,482,0.0020746887966805
"RUNDC3A",1,482,0.0020746887966805
"RWDD1",1,482,0.0020746887966805
"RWDD2A",1,482,0.0020746887966805
"RYBP",1,482,0.0020746887966805
"S100A1",1,482,0.0020746887966805
"S100A12",1,482,0.0020746887966805
"S100A13",1,482,0.0020746887966805
"S100A2",1,482,0.0020746887966805
"S100A7A",1,482,0.0020746887966805
"S100A8",1,482,0.0020746887966805
"S100B",1,482,0.0020746887966805
"SAA2",1,482,0.0020746887966805
"SAA2-SAA4",1,482,0.0020746887966805
"SAC3D1",1,482,0.0020746887966805
"SAMD1",1,482,0.0020746887966805
"SAMD10",1,482,0.0020746887966805
"SAMD12",1,482,0.0020746887966805
"SAP18",1,482,0.0020746887966805
"SAP30",1,482,0.0020746887966805
"SAPCD1",1,482,0.0020746887966805
"SAR1B",1,482,0.0020746887966805
"SARS2",1,482,0.0020746887966805
"SART1",1,482,0.0020746887966805
"SAV1",1,482,0.0020746887966805
"SBK1",1,482,0.0020746887966805
"SCAI",1,482,0.0020746887966805
"SCAMP3",1,482,0.0020746887966805
"SCD",1,482,0.0020746887966805
"SCGB1C1",1,482,0.0020746887966805
"SCGB1D1",1,482,0.0020746887966805
"SCGB1D4",1,482,0.0020746887966805
"SCGB3A2",1,482,0.0020746887966805
"SCN4B",1,482,0.0020746887966805
"SCNM1",1,482,0.0020746887966805
"SCYL1",1,482,0.0020746887966805
"SDCBP",1,482,0.0020746887966805
"SDCBP2",1,482,0.0020746887966805
"SDF2L1",1,482,0.0020746887966805
"SDF4",1,482,0.0020746887966805
"SDHAF3",1,482,0.0020746887966805
"SDHB",1,482,0.0020746887966805
"SDHD",1,482,0.0020746887966805
"SEBOX",1,482,0.0020746887966805
"SEC13",1,482,0.0020746887966805
"SEC14L2",1,482,0.0020746887966805
"SEC22C",1,482,0.0020746887966805
"SEC61A2",1,482,0.0020746887966805
"SEC61G",1,482,0.0020746887966805
"SEC62",1,482,0.0020746887966805
"SELENOH",1,482,0.0020746887966805
"SELENOM",1,482,0.0020746887966805
"SELENOO",1,482,0.0020746887966805
"SELENOS",1,482,0.0020746887966805
"SEM1",1,482,0.0020746887966805
"SEMA3B",1,482,0.0020746887966805
"SEMA4B",1,482,0.0020746887966805
"SEPTIN8",1,482,0.0020746887966805
"SEPTIN9",1,482,0.0020746887966805
"SERP1",1,482,0.0020746887966805
"SERP2",1,482,0.0020746887966805
"SERPINB10",1,482,0.0020746887966805
"SET",1,482,0.0020746887966805
"SF3A2",1,482,0.0020746887966805
"SF3B6",1,482,0.0020746887966805
"SFRP1",1,482,0.0020746887966805
"SFT2D1",1,482,0.0020746887966805
"SFTA2",1,482,0.0020746887966805
"SFXN2",1,482,0.0020746887966805
"SFXN3",1,482,0.0020746887966805
"SGO1",1,482,0.0020746887966805
"SGSM2",1,482,0.0020746887966805
"SGTA",1,482,0.0020746887966805
"SH3BGRL",1,482,0.0020746887966805
"SH3BGRL2",1,482,0.0020746887966805
"SHF",1,482,0.0020746887966805
"SHISA5",1,482,0.0020746887966805
"SHISAL1",1,482,0.0020746887966805
"SHOC2",1,482,0.0020746887966805
"SHQ1",1,482,0.0020746887966805
"SIKE1",1,482,0.0020746887966805
"SIRT5",1,482,0.0020746887966805
"SIT1",1,482,0.0020746887966805
"SIVA1",1,482,0.0020746887966805
"SKA2",1,482,0.0020746887966805
"SKP1",1,482,0.0020746887966805
"SLC16A12",1,482,0.0020746887966805
"SLC22A18",1,482,0.0020746887966805
"SLC23A1",1,482,0.0020746887966805
"SLC25A11",1,482,0.0020746887966805
"SLC25A17",1,482,0.0020746887966805
"SLC25A2",1,482,0.0020746887966805
"SLC25A20",1,482,0.0020746887966805
"SLC25A22",1,482,0.0020746887966805
"SLC25A30",1,482,0.0020746887966805
"SLC25A32",1,482,0.0020746887966805
"SLC25A39",1,482,0.0020746887966805
"SLC25A4",1,482,0.0020746887966805
"SLC25A42",1,482,0.0020746887966805
"SLC25A43",1,482,0.0020746887966805
"SLC25A45",1,482,0.0020746887966805
"SLC25A48",1,482,0.0020746887966805
"SLC25A51",1,482,0.0020746887966805
"SLC2A4RG",1,482,0.0020746887966805
"SLC2A6",1,482,0.0020746887966805
"SLC2A8",1,482,0.0020746887966805
"SLC35A1",1,482,0.0020746887966805
"SLC35B1",1,482,0.0020746887966805
"SLC35B2",1,482,0.0020746887966805
"SLC35D1",1,482,0.0020746887966805
"SLC35G6",1,482,0.0020746887966805
"SLC37A4",1,482,0.0020746887966805
"SLC38A3",1,482,0.0020746887966805
"SLC38A9",1,482,0.0020746887966805
"SLC39A13",1,482,0.0020746887966805
"SLC39A7",1,482,0.0020746887966805
"SLC43A2",1,482,0.0020746887966805
"SLC45A3",1,482,0.0020746887966805
"SLC47A1",1,482,0.0020746887966805
"SLC50A1",1,482,0.0020746887966805
"SLC66A1",1,482,0.0020746887966805
"SLC6A9",1,482,0.0020746887966805
"SLC9A3R2",1,482,0.0020746887966805
"SLFNL1",1,482,0.0020746887966805
"SLN",1,482,0.0020746887966805
"SLPI",1,482,0.0020746887966805
"SMAD3",1,482,0.0020746887966805
"SMAGP",1,482,0.0020746887966805
"SMARCD2",1,482,0.0020746887966805
"SMARCE1",1,482,0.0020746887966805
"SMCO1",1,482,0.0020746887966805
"SMCP",1,482,0.0020746887966805
"SMIM15",1,482,0.0020746887966805
"SMIM29",1,482,0.0020746887966805
"SMIM7",1,482,0.0020746887966805
"SMIM8",1,482,0.0020746887966805
"SMN1",1,482,0.0020746887966805
"SMPDL3B",1,482,0.0020746887966805
"SNAI3",1,482,0.0020746887966805
"SNAP29",1,482,0.0020746887966805
"SNAPC2",1,482,0.0020746887966805
"SNAPIN",1,482,0.0020746887966805
"SNCG",1,482,0.0020746887966805
"SNRNP25",1,482,0.0020746887966805
"SNRNP35",1,482,0.0020746887966805
"SNRPB2",1,482,0.0020746887966805
"SNRPD2",1,482,0.0020746887966805
"SNTB2",1,482,0.0020746887966805
"SNTN",1,482,0.0020746887966805
"SNURF",1,482,0.0020746887966805
"SNX12",1,482,0.0020746887966805
"SNX2",1,482,0.0020746887966805
"SNX22",1,482,0.0020746887966805
"SNX3",1,482,0.0020746887966805
"SNX6",1,482,0.0020746887966805
"SOCS3",1,482,0.0020746887966805
"SOD1",1,482,0.0020746887966805
"SOD3",1,482,0.0020746887966805
"SORD",1,482,0.0020746887966805
"SOWAHA",1,482,0.0020746887966805
"SOWAHC",1,482,0.0020746887966805
"SOWAHD",1,482,0.0020746887966805
"SOX18",1,482,0.0020746887966805
"SP2",1,482,0.0020746887966805
"SPACA4",1,482,0.0020746887966805
"SPACA5B",1,482,0.0020746887966805
"SPACA9",1,482,0.0020746887966805
"SPAG7",1,482,0.0020746887966805
"SPAG8",1,482,0.0020746887966805
"SPANXC",1,482,0.0020746887966805
"SPANXD",1,482,0.0020746887966805
"SPARC",1,482,0.0020746887966805
"SPATA12",1,482,0.0020746887966805
"SPATA32",1,482,0.0020746887966805
"SPATA33",1,482,0.0020746887966805
"SPATC1L",1,482,0.0020746887966805
"SPEM2",1,482,0.0020746887966805
"SPHK2",1,482,0.0020746887966805
"SPIN1",1,482,0.0020746887966805
"SPIN2A",1,482,0.0020746887966805
"SPIN2B",1,482,0.0020746887966805
"SPINDOC",1,482,0.0020746887966805
"SPINK1",1,482,0.0020746887966805
"SPINK13",1,482,0.0020746887966805
"SPINK2",1,482,0.0020746887966805
"SPINK4",1,482,0.0020746887966805
"SPON2",1,482,0.0020746887966805
"SPRR1A",1,482,0.0020746887966805
"SPRR2E",1,482,0.0020746887966805
"SPRY4",1,482,0.0020746887966805
"SPSB1",1,482,0.0020746887966805
"SPSB2",1,482,0.0020746887966805
"SPSB3",1,482,0.0020746887966805
"SPTLC1",1,482,0.0020746887966805
"SRA1",1,482,0.0020746887966805
"SRARP",1,482,0.0020746887966805
"SRD5A1",1,482,0.0020746887966805
"SREK1IP1",1,482,0.0020746887966805
"SRF",1,482,0.0020746887966805
"SRI",1,482,0.0020746887966805
"SRM",1,482,0.0020746887966805
"SRR",1,482,0.0020746887966805
"SRSF3",1,482,0.0020746887966805
"SRSF8",1,482,0.0020746887966805
"SSB",1,482,0.0020746887966805
"SSBP2",1,482,0.0020746887966805
"SSNA1",1,482,0.0020746887966805
"SSPN",1,482,0.0020746887966805
"SSR1",1,482,0.0020746887966805
"SSR3",1,482,0.0020746887966805
"SSX3",1,482,0.0020746887966805
"ST20",1,482,0.0020746887966805
"ST6GALNAC2",1,482,0.0020746887966805
"ST6GALNAC6",1,482,0.0020746887966805
"STAC3",1,482,0.0020746887966805
"STARD5",1,482,0.0020746887966805
"STATH",1,482,0.0020746887966805
"STIMATE",1,482,0.0020746887966805
"STK17A",1,482,0.0020746887966805
"STK25",1,482,0.0020746887966805
"STK32A",1,482,0.0020746887966805
"STK35",1,482,0.0020746887966805
"STK38L",1,482,0.0020746887966805
"STMN3",1,482,0.0020746887966805
"STOML1",1,482,0.0020746887966805
"STRADA",1,482,0.0020746887966805
"STT3B",1,482,0.0020746887966805
"STUM",1,482,0.0020746887966805
"STX17",1,482,0.0020746887966805
"STX18",1,482,0.0020746887966805
"STX1A",1,482,0.0020746887966805
"STXBP1",1,482,0.0020746887966805
"STXBP6",1,482,0.0020746887966805
"SUMO1",1,482,0.0020746887966805
"SUPV3L1",1,482,0.0020746887966805
"SURF1",1,482,0.0020746887966805
"SURF4",1,482,0.0020746887966805
"SVIP",1,482,0.0020746887966805
"SVOP",1,482,0.0020746887966805
"SWI5",1,482,0.0020746887966805
"SYAP1",1,482,0.0020746887966805
"SYCP3",1,482,0.0020746887966805
"SYDE1",1,482,0.0020746887966805
"SYK",1,482,0.0020746887966805
"SYNGR3",1,482,0.0020746887966805
"SYNPR",1,482,0.0020746887966805
"SYP",1,482,0.0020746887966805
"SYPL2",1,482,0.0020746887966805
"SYT15",1,482,0.0020746887966805
"SYVN1",1,482,0.0020746887966805
"SZRD1",1,482,0.0020746887966805
"TAC3",1,482,0.0020746887966805
"TACR2",1,482,0.0020746887966805
"TACSTD2",1,482,0.0020746887966805
"TAF13",1,482,0.0020746887966805
"TAF1D",1,482,0.0020746887966805
"TAFA4",1,482,0.0020746887966805
"TAGLN2",1,482,0.0020746887966805
"TAMALIN",1,482,0.0020746887966805
"TAPBPL",1,482,0.0020746887966805
"TAS2R14",1,482,0.0020746887966805
"TAS2R4",1,482,0.0020746887966805
"TAS2R43",1,482,0.0020746887966805
"TAS2R46",1,482,0.0020746887966805
"TATDN3",1,482,0.0020746887966805
"TBC1D10B",1,482,0.0020746887966805
"TBC1D17",1,482,0.0020746887966805
"TBC1D24",1,482,0.0020746887966805
"TBCA",1,482,0.0020746887966805
"TBL1X",1,482,0.0020746887966805
"TBP",1,482,0.0020746887966805
"TBX1",1,482,0.0020746887966805
"TCAIM",1,482,0.0020746887966805
"TCEA2",1,482,0.0020746887966805
"TCEAL8",1,482,0.0020746887966805
"TCEANC",1,482,0.0020746887966805
"TCEANC2",1,482,0.0020746887966805
"TCF19",1,482,0.0020746887966805
"TCF3",1,482,0.0020746887966805
"TCTA",1,482,0.0020746887966805
"TCTEX1D2",1,482,0.0020746887966805
"TDRP",1,482,0.0020746887966805
"TEAD3",1,482,0.0020746887966805
"TECR",1,482,0.0020746887966805
"TEDC1",1,482,0.0020746887966805
"TEDC2",1,482,0.0020746887966805
"TEF",1,482,0.0020746887966805
"TEFM",1,482,0.0020746887966805
"TEKT1",1,482,0.0020746887966805
"TEKT2",1,482,0.0020746887966805
"TERF2IP",1,482,0.0020746887966805
"TES",1,482,0.0020746887966805
"TESK1",1,482,0.0020746887966805
"TEX26",1,482,0.0020746887966805
"TEX30",1,482,0.0020746887966805
"TEX33",1,482,0.0020746887966805
"TEX43",1,482,0.0020746887966805
"TFCP2",1,482,0.0020746887966805
"TFF3",1,482,0.0020746887966805
"TFPI",1,482,0.0020746887966805
"TGFB1",1,482,0.0020746887966805
"THAP11",1,482,0.0020746887966805
"THAP3",1,482,0.0020746887966805
"THAP5",1,482,0.0020746887966805
"THBS4",1,482,0.0020746887966805
"THEM4",1,482,0.0020746887966805
"THRA",1,482,0.0020746887966805
"THYN1",1,482,0.0020746887966805
"TIMM29",1,482,0.0020746887966805
"TIMM44",1,482,0.0020746887966805
"TIMM50",1,482,0.0020746887966805
"TIMP4",1,482,0.0020746887966805
"TIPRL",1,482,0.0020746887966805
"TKT",1,482,0.0020746887966805
"TLCD1",1,482,0.0020746887966805
"TLX1",1,482,0.0020746887966805
"TM2D3",1,482,0.0020746887966805
"TM4SF20",1,482,0.0020746887966805
"TM6SF1",1,482,0.0020746887966805
"TMA16",1,482,0.0020746887966805
"TMA7",1,482,0.0020746887966805
"TMBIM4",1,482,0.0020746887966805
"TMC8",1,482,0.0020746887966805
"TMCC2",1,482,0.0020746887966805
"TMCO1",1,482,0.0020746887966805
"TMCO2",1,482,0.0020746887966805
"TMED1",1,482,0.0020746887966805
"TMED9",1,482,0.0020746887966805
"TMEM106A",1,482,0.0020746887966805
"TMEM109",1,482,0.0020746887966805
"TMEM11",1,482,0.0020746887966805
"TMEM116",1,482,0.0020746887966805
"TMEM121B",1,482,0.0020746887966805
"TMEM125",1,482,0.0020746887966805
"TMEM126A",1,482,0.0020746887966805
"TMEM127",1,482,0.0020746887966805
"TMEM134",1,482,0.0020746887966805
"TMEM147",1,482,0.0020746887966805
"TMEM14B",1,482,0.0020746887966805
"TMEM150A",1,482,0.0020746887966805
"TMEM150B",1,482,0.0020746887966805
"TMEM154",1,482,0.0020746887966805
"TMEM155",1,482,0.0020746887966805
"TMEM159",1,482,0.0020746887966805
"TMEM160",1,482,0.0020746887966805
"TMEM167A",1,482,0.0020746887966805
"TMEM170A",1,482,0.0020746887966805
"TMEM184C",1,482,0.0020746887966805
"TMEM200B",1,482,0.0020746887966805
"TMEM201",1,482,0.0020746887966805
"TMEM203",1,482,0.0020746887966805
"TMEM204",1,482,0.0020746887966805
"TMEM205",1,482,0.0020746887966805
"TMEM207",1,482,0.0020746887966805
"TMEM209",1,482,0.0020746887966805
"TMEM211",1,482,0.0020746887966805
"TMEM213",1,482,0.0020746887966805
"TMEM216",1,482,0.0020746887966805
"TMEM217",1,482,0.0020746887966805
"TMEM219",1,482,0.0020746887966805
"TMEM220",1,482,0.0020746887966805
"TMEM223",1,482,0.0020746887966805
"TMEM241",1,482,0.0020746887966805
"TMEM256",1,482,0.0020746887966805
"TMEM31",1,482,0.0020746887966805
"TMEM39B",1,482,0.0020746887966805
"TMEM40",1,482,0.0020746887966805
"TMEM41B",1,482,0.0020746887966805
"TMEM47",1,482,0.0020746887966805
"TMEM50A",1,482,0.0020746887966805
"TMEM52",1,482,0.0020746887966805
"TMEM53",1,482,0.0020746887966805
"TMEM59",1,482,0.0020746887966805
"TMEM64",1,482,0.0020746887966805
"TMEM70",1,482,0.0020746887966805
"TMEM86A",1,482,0.0020746887966805
"TMEM87A",1,482,0.0020746887966805
"TMEM92",1,482,0.0020746887966805
"TMEM98",1,482,0.0020746887966805
"TMIGD1",1,482,0.0020746887966805
"TMIGD3",1,482,0.0020746887966805
"TMOD1",1,482,0.0020746887966805
"TMOD4",1,482,0.0020746887966805
"TMUB1",1,482,0.0020746887966805
"TMUB2",1,482,0.0020746887966805
"TNFAIP2",1,482,0.0020746887966805
"TNFAIP6",1,482,0.0020746887966805
"TNFAIP8L1",1,482,0.0020746887966805
"TNFAIP8L2",1,482,0.0020746887966805
"TNFRSF10C",1,482,0.0020746887966805
"TNFRSF4",1,482,0.0020746887966805
"TNFRSF9",1,482,0.0020746887966805
"TNFSF13",1,482,0.0020746887966805
"TNFSF15",1,482,0.0020746887966805
"TNFSF18",1,482,0.0020746887966805
"TNFSF8",1,482,0.0020746887966805
"TNFSF9",1,482,0.0020746887966805
"TNIP2",1,482,0.0020746887966805
"TNNC1",1,482,0.0020746887966805
"TNNC2",1,482,0.0020746887966805
"TNNI1",1,482,0.0020746887966805
"TNP1",1,482,0.0020746887966805
"TOMM20L",1,482,0.0020746887966805
"TOMM22",1,482,0.0020746887966805
"TOMM40L",1,482,0.0020746887966805
"TOMM5",1,482,0.0020746887966805
"TOR2A",1,482,0.0020746887966805
"TOR3A",1,482,0.0020746887966805
"TP53I13",1,482,0.0020746887966805
"TP53I3",1,482,0.0020746887966805
"TP53INP1",1,482,0.0020746887966805
"TP53RK",1,482,0.0020746887966805
"TP73",1,482,0.0020746887966805
"TPM1",1,482,0.0020746887966805
"TPM2",1,482,0.0020746887966805
"TPM4",1,482,0.0020746887966805
"TPMT",1,482,0.0020746887966805
"TPPP",1,482,0.0020746887966805
"TPRG1L",1,482,0.0020746887966805
"TPRKB",1,482,0.0020746887966805
"TPSAB1",1,482,0.0020746887966805
"TPST2",1,482,0.0020746887966805
"TRABD",1,482,0.0020746887966805
"TRAF3IP3",1,482,0.0020746887966805
"TRAJ45",1,482,0.0020746887966805
"TRAJ50",1,482,0.0020746887966805
"TRAJ53",1,482,0.0020746887966805
"TRAP1",1,482,0.0020746887966805
"TRAPPC6B",1,482,0.0020746887966805
"TRARG1",1,482,0.0020746887966805
"TRAV13-1",1,482,0.0020746887966805
"TRAV19",1,482,0.0020746887966805
"TRAV23DV6",1,482,0.0020746887966805
"TRAV29DV5",1,482,0.0020746887966805
"TRAV36DV7",1,482,0.0020746887966805
"TRAV38-1",1,482,0.0020746887966805
"TRAV6",1,482,0.0020746887966805
"TRAV9-2",1,482,0.0020746887966805
"TRBJ2-7",1,482,0.0020746887966805
"TRDC",1,482,0.0020746887966805
"TRDV2",1,482,0.0020746887966805
"TRDV3",1,482,0.0020746887966805
"TREX1",1,482,0.0020746887966805
"TRIAP1",1,482,0.0020746887966805
"TRIM13",1,482,0.0020746887966805
"TRIM40",1,482,0.0020746887966805
"TRIM65",1,482,0.0020746887966805
"TRIT1",1,482,0.0020746887966805
"TRMT61A",1,482,0.0020746887966805
"TRNAU1AP",1,482,0.0020746887966805
"TSACC",1,482,0.0020746887966805
"TSBP1",1,482,0.0020746887966805
"TSEN2",1,482,0.0020746887966805
"TSEN54",1,482,0.0020746887966805
"TSG101",1,482,0.0020746887966805
"TSHB",1,482,0.0020746887966805
"TSLP",1,482,0.0020746887966805
"TSPAN10",1,482,0.0020746887966805
"TSPAN15",1,482,0.0020746887966805
"TSPAN19",1,482,0.0020746887966805
"TSPAN31",1,482,0.0020746887966805
"TSPAN4",1,482,0.0020746887966805
"TSPAN7",1,482,0.0020746887966805
"TSPAN9",1,482,0.0020746887966805
"TSR3",1,482,0.0020746887966805
"TSSK4",1,482,0.0020746887966805
"TST",1,482,0.0020746887966805
"TTC19",1,482,0.0020746887966805
"TTC22",1,482,0.0020746887966805
"TTC31",1,482,0.0020746887966805
"TTC32",1,482,0.0020746887966805
"TTC39C",1,482,0.0020746887966805
"TTC9B",1,482,0.0020746887966805
"TTL",1,482,0.0020746887966805
"TTLL13P",1,482,0.0020746887966805
"TTPAL",1,482,0.0020746887966805
"TTYH2",1,482,0.0020746887966805
"TUB",1,482,0.0020746887966805
"TUBA1B",1,482,0.0020746887966805
"TUBB2B",1,482,0.0020746887966805
"TUBD1",1,482,0.0020746887966805
"TUFT1",1,482,0.0020746887966805
"TUSC1",1,482,0.0020746887966805
"TVP23C",1,482,0.0020746887966805
"TWF1",1,482,0.0020746887966805
"TWSG1",1,482,0.0020746887966805
"TXNDC15",1,482,0.0020746887966805
"TXNDC9",1,482,0.0020746887966805
"TXNL4A",1,482,0.0020746887966805
"TXNL4B",1,482,0.0020746887966805
"TYW5",1,482,0.0020746887966805
"U2AF1L4",1,482,0.0020746887966805
"UAP1L1",1,482,0.0020746887966805
"UBA52",1,482,0.0020746887966805
"UBALD1",1,482,0.0020746887966805
"UBE2A",1,482,0.0020746887966805
"UBE2B",1,482,0.0020746887966805
"UBE2C",1,482,0.0020746887966805
"UBE2D1",1,482,0.0020746887966805
"UBE2D2",1,482,0.0020746887966805
"UBE2D3",1,482,0.0020746887966805
"UBE2G1",1,482,0.0020746887966805
"UBE2I",1,482,0.0020746887966805
"UBE2K",1,482,0.0020746887966805
"UBE2L3",1,482,0.0020746887966805
"UBE2L6",1,482,0.0020746887966805
"UBE2Q1",1,482,0.0020746887966805
"UBE2T",1,482,0.0020746887966805
"UBE2V2",1,482,0.0020746887966805
"UBE2W",1,482,0.0020746887966805
"UBE2Z",1,482,0.0020746887966805
"UBL3",1,482,0.0020746887966805
"UBL4A",1,482,0.0020746887966805
"UBLCP1",1,482,0.0020746887966805
"UBTD1",1,482,0.0020746887966805
"UBXN1",1,482,0.0020746887966805
"UBXN7",1,482,0.0020746887966805
"UCHL1",1,482,0.0020746887966805
"UCK1",1,482,0.0020746887966805
"UCKL1",1,482,0.0020746887966805
"UCMA",1,482,0.0020746887966805
"UFSP2",1,482,0.0020746887966805
"UGT1A1",1,482,0.0020746887966805
"ULBP3",1,482,0.0020746887966805
"UNC119",1,482,0.0020746887966805
"UNC119B",1,482,0.0020746887966805
"UNC13D",1,482,0.0020746887966805
"UNC5CL",1,482,0.0020746887966805
"UNKL",1,482,0.0020746887966805
"UPF3A",1,482,0.0020746887966805
"UPK1A",1,482,0.0020746887966805
"UPK2",1,482,0.0020746887966805
"UPK3B",1,482,0.0020746887966805
"UQCR10",1,482,0.0020746887966805
"UQCRB",1,482,0.0020746887966805
"USF1",1,482,0.0020746887966805
"USO1",1,482,0.0020746887966805
"USP1",1,482,0.0020746887966805
"USP12",1,482,0.0020746887966805
"USP18",1,482,0.0020746887966805
"UTS2",1,482,0.0020746887966805
"VAPA",1,482,0.0020746887966805
"VASH2",1,482,0.0020746887966805
"VCP",1,482,0.0020746887966805
"VCX3B",1,482,0.0020746887966805
"VDAC1",1,482,0.0020746887966805
"VDAC3",1,482,0.0020746887966805
"VEGFB",1,482,0.0020746887966805
"VHLL",1,482,0.0020746887966805
"VKORC1L1",1,482,0.0020746887966805
"VPS26A",1,482,0.0020746887966805
"VPS37A",1,482,0.0020746887966805
"VPS37C",1,482,0.0020746887966805
"VPS72",1,482,0.0020746887966805
"VPS9D1",1,482,0.0020746887966805
"VRK1",1,482,0.0020746887966805
"VSIG1",1,482,0.0020746887966805
"VSNL1",1,482,0.0020746887966805
"VSX1",1,482,0.0020746887966805
"VTI1A",1,482,0.0020746887966805
"VTI1B",1,482,0.0020746887966805
"VXN",1,482,0.0020746887966805
"WASF2",1,482,0.0020746887966805
"WDFY2",1,482,0.0020746887966805
"WDR37",1,482,0.0020746887966805
"WDR38",1,482,0.0020746887966805
"WDR54",1,482,0.0020746887966805
"WDR55",1,482,0.0020746887966805
"WDR5B",1,482,0.0020746887966805
"WDR61",1,482,0.0020746887966805
"WDR73",1,482,0.0020746887966805
"WDR77",1,482,0.0020746887966805
"WDR83",1,482,0.0020746887966805
"WDTC1",1,482,0.0020746887966805
"WFDC1",1,482,0.0020746887966805
"WFDC12",1,482,0.0020746887966805
"WFDC2",1,482,0.0020746887966805
"WFDC3",1,482,0.0020746887966805
"WFDC5",1,482,0.0020746887966805
"WFDC9",1,482,0.0020746887966805
"WIPI1",1,482,0.0020746887966805
"WLS",1,482,0.0020746887966805
"WNT16",1,482,0.0020746887966805
"WRAP53",1,482,0.0020746887966805
"WRAP73",1,482,0.0020746887966805
"WSB2",1,482,0.0020746887966805
"WTIP",1,482,0.0020746887966805
"XAGE1B",1,482,0.0020746887966805
"XKR6",1,482,0.0020746887966805
"YBEY",1,482,0.0020746887966805
"YDJC",1,482,0.0020746887966805
"YEATS4",1,482,0.0020746887966805
"YIF1B",1,482,0.0020746887966805
"YIPF3",1,482,0.0020746887966805
"YIPF5",1,482,0.0020746887966805
"YIPF6",1,482,0.0020746887966805
"YKT6",1,482,0.0020746887966805
"YPEL2",1,482,0.0020746887966805
"YPEL3",1,482,0.0020746887966805
"YPEL4",1,482,0.0020746887966805
"YWHAB",1,482,0.0020746887966805
"YWHAE",1,482,0.0020746887966805
"YWHAG",1,482,0.0020746887966805
"YWHAQ",1,482,0.0020746887966805
"YWHAZ",1,482,0.0020746887966805
"YY1",1,482,0.0020746887966805
"Z84488.1",1,482,0.0020746887966805
"ZBTB26",1,482,0.0020746887966805
"ZBTB39",1,482,0.0020746887966805
"ZBTB6",1,482,0.0020746887966805
"ZBTB8OS",1,482,0.0020746887966805
"ZC2HC1A",1,482,0.0020746887966805
"ZC3H12D",1,482,0.0020746887966805
"ZC3HAV1L",1,482,0.0020746887966805
"ZCCHC24",1,482,0.0020746887966805
"ZCCHC4",1,482,0.0020746887966805
"ZDHHC12",1,482,0.0020746887966805
"ZDHHC16",1,482,0.0020746887966805
"ZDHHC19",1,482,0.0020746887966805
"ZDHHC7",1,482,0.0020746887966805
"ZFAND2A",1,482,0.0020746887966805
"ZFP36",1,482,0.0020746887966805
"ZFP41",1,482,0.0020746887966805
"ZFP69B",1,482,0.0020746887966805
"ZFYVE19",1,482,0.0020746887966805
"ZFYVE27",1,482,0.0020746887966805
"ZMPSTE24",1,482,0.0020746887966805
"ZMYND10",1,482,0.0020746887966805
"ZMYND11",1,482,0.0020746887966805
"ZMYND12",1,482,0.0020746887966805
"ZMYND19",1,482,0.0020746887966805
"ZNF124",1,482,0.0020746887966805
"ZNF132",1,482,0.0020746887966805
"ZNF134",1,482,0.0020746887966805
"ZNF138",1,482,0.0020746887966805
"ZNF195",1,482,0.0020746887966805
"ZNF268",1,482,0.0020746887966805
"ZNF280C",1,482,0.0020746887966805
"ZNF322",1,482,0.0020746887966805
"ZNF330",1,482,0.0020746887966805
"ZNF385C",1,482,0.0020746887966805
"ZNF497",1,482,0.0020746887966805
"ZNF501",1,482,0.0020746887966805
"ZNF503",1,482,0.0020746887966805
"ZNF511-PRAP1",1,482,0.0020746887966805
"ZNF550",1,482,0.0020746887966805
"ZNF575",1,482,0.0020746887966805
"ZNF593",1,482,0.0020746887966805
"ZNF627",1,482,0.0020746887966805
"ZNF629",1,482,0.0020746887966805
"ZNF641",1,482,0.0020746887966805
"ZNF672",1,482,0.0020746887966805
"ZNF674",1,482,0.0020746887966805
"ZNF684",1,482,0.0020746887966805
"ZNF688",1,482,0.0020746887966805
"ZNF710",1,482,0.0020746887966805
"ZNF747",1,482,0.0020746887966805
"ZNF784",1,482,0.0020746887966805
"ZNF792",1,482,0.0020746887966805
"ZPBP2",1,482,0.0020746887966805
"ZRSR2",1,482,0.0020746887966805
"ZSCAN29",1,482,0.0020746887966805
"ZSCAN32",1,482,0.0020746887966805
"ZSCAN5A",1,482,0.0020746887966805
