"Hugo_Symbol","mutated_patients","covered_patients","mutation_frequency"
"TP53",245,505,0.485148514851485
"TTN",220,505,0.435643564356436
"MUC16",200,505,0.396039603960396
"CSMD3",193,505,0.382178217821782
"RYR2",177,505,0.35049504950495
"LRP1B",164,505,0.324752475247525
"ZFHX4",156,505,0.308910891089109
"USH2A",154,505,0.304950495049505
"KRAS",140,505,0.277227722772277
"XIRP2",118,505,0.233663366336634
"FLG",116,505,0.22970297029703
"SPTA1",114,505,0.225742574257426
"COL11A1",102,505,0.201980198019802
"NAV3",100,505,0.198019801980198
"ZNF536",100,505,0.198019801980198
"ANK2",94,505,0.186138613861386
"FAT3",94,505,0.186138613861386
"PCDH15",92,505,0.182178217821782
"CSMD1",91,505,0.18019801980198
"KEAP1",90,505,0.178217821782178
"PCLO",90,505,0.178217821782178
"ADAMTS12",89,505,0.176237623762376
"APOB",89,505,0.176237623762376
"MUC17",88,505,0.174257425742574
"TNR",88,505,0.174257425742574
"DNAH9",85,505,0.168316831683168
"PAPPA2",84,505,0.166336633663366
"RP1L1",83,505,0.164356435643564
"CDH10",82,505,0.162376237623762
"ADGRG4",80,505,0.158415841584158
"RYR1",79,505,0.156435643564356
"PTPRD",78,505,0.154455445544554
"RYR3",78,505,0.154455445544554
"NPAP1",77,505,0.152475247524752
"ERICH3",76,505,0.15049504950495
"HMCN1",75,505,0.148514851485149
"PCDH11X",75,505,0.148514851485149
"RIMS2",75,505,0.148514851485149
"ZNF804A",75,505,0.148514851485149
"FAT4",73,505,0.144554455445545
"FBN2",73,505,0.144554455445545
"LRRC7",73,505,0.144554455445545
"DMD",72,505,0.142574257425743
"SI",72,505,0.142574257425743
"ASTN1",71,505,0.140594059405941
"EGFR",70,505,0.138613861386139
"CACNA1E",69,505,0.136633663366337
"MXRA5",69,505,0.136633663366337
"NRXN1",69,505,0.136633663366337
"PXDNL",69,505,0.136633663366337
"VCAN",69,505,0.136633663366337
"CSMD2",68,505,0.134653465346535
"FAM135B",68,505,0.134653465346535
"RELN",68,505,0.134653465346535
"ABCA13",67,505,0.132673267326733
"NALCN",67,505,0.132673267326733
"FLG2",66,505,0.130693069306931
"PEG3",66,505,0.130693069306931
"ASXL3",65,505,0.128712871287129
"OBSCN",65,505,0.128712871287129
"STK11",65,505,0.128712871287129
"AHNAK2",64,505,0.126732673267327
"ASPM",63,505,0.124752475247525
"DST",63,505,0.124752475247525
"CNTNAP2",62,505,0.122772277227723
"CNTNAP5",62,505,0.122772277227723
"HERC2",62,505,0.122772277227723
"PKHD1",62,505,0.122772277227723
"TNN",62,505,0.122772277227723
"TSHZ3",62,505,0.122772277227723
"BRINP3",60,505,0.118811881188119
"DNAH5",60,505,0.118811881188119
"EPHA5",60,505,0.118811881188119
"PCDH10",60,505,0.118811881188119
"SORCS1",60,505,0.118811881188119
"LRP2",59,505,0.116831683168317
"MRC1",59,505,0.116831683168317
"MYH2",59,505,0.116831683168317
"SYNE2",59,505,0.116831683168317
"PKHD1L1",58,505,0.114851485148515
"ADGRB3",57,505,0.112871287128713
"COL6A3",57,505,0.112871287128713
"PRDM9",57,505,0.112871287128713
"PRUNE2",57,505,0.112871287128713
"TLR4",57,505,0.112871287128713
"ZNF831",57,505,0.112871287128713
"CDH12",56,505,0.110891089108911
"COL12A1",56,505,0.110891089108911
"MYH8",56,505,0.110891089108911
"AFF2",55,505,0.108910891089109
"ANKRD30A",55,505,0.108910891089109
"CPS1",55,505,0.108910891089109
"SNTG1",55,505,0.108910891089109
"ADGRL3",54,505,0.106930693069307
"AHNAK",54,505,0.106930693069307
"CTNNA2",54,505,0.106930693069307
"LAMA2",54,505,0.106930693069307
"MYH1",54,505,0.106930693069307
"NCKAP5",54,505,0.106930693069307
"SYNE1",54,505,0.106930693069307
"TENM1",54,505,0.106930693069307
"UNC79",54,505,0.106930693069307
"COL3A1",53,505,0.104950495049505
"DNAH8",53,505,0.104950495049505
"FMN2",53,505,0.104950495049505
"HRNR",53,505,0.104950495049505
"NLRP3",53,505,0.104950495049505
"CUBN",52,505,0.102970297029703
"FAM47C",52,505,0.102970297029703
"LAMA1",52,505,0.102970297029703
"NF1",52,505,0.102970297029703
"PLPPR4",52,505,0.102970297029703
"SVEP1",52,505,0.102970297029703
"CDH9",51,505,0.100990099009901
"PTPRT",51,505,0.100990099009901
"SLITRK2",51,505,0.100990099009901
"COL22A1",50,505,0.099009900990099
"MYH7",50,505,0.099009900990099
"SETBP1",50,505,0.099009900990099
"TAF1L",50,505,0.099009900990099
"ZNF521",50,505,0.099009900990099
"CRB1",49,505,0.097029702970297
"GRIN2B",49,505,0.097029702970297
"NEB",49,505,0.097029702970297
"SPATA31D1",49,505,0.097029702970297
"SPHKAP",49,505,0.097029702970297
"TIAM1",49,505,0.097029702970297
"ADAMTS20",48,505,0.0950495049504951
"DNAH7",48,505,0.0950495049504951
"DOCK2",48,505,0.0950495049504951
"HCN1",48,505,0.0950495049504951
"HYDIN",48,505,0.0950495049504951
"TG",48,505,0.0950495049504951
"TPTE",48,505,0.0950495049504951
"ZFPM2",48,505,0.0950495049504951
"CDH18",47,505,0.0930693069306931
"COL5A2",47,505,0.0930693069306931
"CTNND2",47,505,0.0930693069306931
"DCDC1",47,505,0.0930693069306931
"SLC8A1",47,505,0.0930693069306931
"TEX15",47,505,0.0930693069306931
"TRPS1",47,505,0.0930693069306931
"ZNF804B",47,505,0.0930693069306931
"ASTN2",46,505,0.0910891089108911
"FAT1",46,505,0.0910891089108911
"GRIN2A",46,505,0.0910891089108911
"ITGA8",46,505,0.0910891089108911
"KIF2B",46,505,0.0910891089108911
"LTBP1",46,505,0.0910891089108911
"PCDH17",46,505,0.0910891089108911
"PLEC",46,505,0.0910891089108911
"DSCAM",45,505,0.0891089108910891
"FAM47A",45,505,0.0891089108910891
"GPR158",45,505,0.0891089108910891
"HECW1",45,505,0.0891089108910891
"KCNT2",45,505,0.0891089108910891
"KIAA1109",45,505,0.0891089108910891
"LRRIQ1",45,505,0.0891089108910891
"ROBO2",45,505,0.0891089108910891
"SORCS3",45,505,0.0891089108910891
"DNAH3",44,505,0.0871287128712871
"FAM47B",44,505,0.0871287128712871
"KMT2C",44,505,0.0871287128712871
"LPA",44,505,0.0871287128712871
"MMP16",44,505,0.0871287128712871
"NOTCH4",44,505,0.0871287128712871
"PKD1L1",44,505,0.0871287128712871
"PTPRZ1",44,505,0.0871287128712871
"TENM2",44,505,0.0871287128712871
"ZAN",44,505,0.0871287128712871
"ZNF208",44,505,0.0871287128712871
"ABCB5",43,505,0.0851485148514852
"EPHA6",43,505,0.0851485148514852
"LYST",43,505,0.0851485148514852
"MAGEC1",43,505,0.0851485148514852
"MROH2B",43,505,0.0851485148514852
"MUC5B",43,505,0.0851485148514852
"OTOGL",43,505,0.0851485148514852
"SPEF2",43,505,0.0851485148514852
"THSD7B",43,505,0.0851485148514852
"ZP4",43,505,0.0851485148514852
"CDH8",42,505,0.0831683168316832
"CNTNAP4",42,505,0.0831683168316832
"DCAF4L2",42,505,0.0831683168316832
"EPHA3",42,505,0.0831683168316832
"EYS",42,505,0.0831683168316832
"F8",42,505,0.0831683168316832
"FLNC",42,505,0.0831683168316832
"HUWE1",42,505,0.0831683168316832
"MACF1",42,505,0.0831683168316832
"PPP1R3A",42,505,0.0831683168316832
"SLITRK1",42,505,0.0831683168316832
"TENM3",42,505,0.0831683168316832
"TMPRSS15",42,505,0.0831683168316832
"TRPA1",42,505,0.0831683168316832
"UNC13C",42,505,0.0831683168316832
"ADAMTS16",41,505,0.0811881188118812
"COL14A1",41,505,0.0811881188118812
"COL19A1",41,505,0.0811881188118812
"FCGBP",41,505,0.0811881188118812
"HEPH",41,505,0.0811881188118812
"ITGAX",41,505,0.0811881188118812
"KCNB2",41,505,0.0811881188118812
"LRFN5",41,505,0.0811881188118812
"MMRN1",41,505,0.0811881188118812
"PLXNA4",41,505,0.0811881188118812
"RP1",41,505,0.0811881188118812
"SLIT2",41,505,0.0811881188118812
"SLITRK3",41,505,0.0811881188118812
"SMARCA4",41,505,0.0811881188118812
"SPATA31A1",41,505,0.0811881188118812
"ADGRV1",40,505,0.0792079207920792
"ATRNL1",40,505,0.0792079207920792
"BRAF",40,505,0.0792079207920792
"CDH7",40,505,0.0792079207920792
"GRID2",40,505,0.0792079207920792
"GRM8",40,505,0.0792079207920792
"LRRTM4",40,505,0.0792079207920792
"MAP2",40,505,0.0792079207920792
"MYH4",40,505,0.0792079207920792
"MYO18B",40,505,0.0792079207920792
"NBAS",40,505,0.0792079207920792
"NTRK3",40,505,0.0792079207920792
"SLC39A12",40,505,0.0792079207920792
"THSD7A",40,505,0.0792079207920792
"WDFY3",40,505,0.0792079207920792
"ZNF423",40,505,0.0792079207920792
"ADAMTSL3",39,505,0.0772277227722772
"ANK1",39,505,0.0772277227722772
"ATM",39,505,0.0772277227722772
"BOD1L1",39,505,0.0772277227722772
"CACNA2D1",39,505,0.0772277227722772
"CHL1",39,505,0.0772277227722772
"CRACD",39,505,0.0772277227722772
"DNAH11",39,505,0.0772277227722772
"FSTL5",39,505,0.0772277227722772
"GRM5",39,505,0.0772277227722772
"LAMB4",39,505,0.0772277227722772
"LRRC4C",39,505,0.0772277227722772
"MGAM",39,505,0.0772277227722772
"NELL1",39,505,0.0772277227722772
"NLGN4X",39,505,0.0772277227722772
"SALL1",39,505,0.0772277227722772
"SLITRK4",39,505,0.0772277227722772
"TMTC1",39,505,0.0772277227722772
"FAT2",38,505,0.0752475247524752
"FER1L6",38,505,0.0752475247524752
"KDR",38,505,0.0752475247524752
"KLHL1",38,505,0.0752475247524752
"UBR4",38,505,0.0752475247524752
"VPS13C",38,505,0.0752475247524752
"ADAMTS2",37,505,0.0732673267326733
"BIRC6",37,505,0.0732673267326733
"CLCN1",37,505,0.0732673267326733
"ERBB4",37,505,0.0732673267326733
"HGF",37,505,0.0732673267326733
"L1CAM",37,505,0.0732673267326733
"MGA",37,505,0.0732673267326733
"MYH13",37,505,0.0732673267326733
"NLRP14",37,505,0.0732673267326733
"PLCB1",37,505,0.0732673267326733
"POM121L12",37,505,0.0732673267326733
"SACS",37,505,0.0732673267326733
"SPEG",37,505,0.0732673267326733
"STYXL2",37,505,0.0732673267326733
"ABCB1",36,505,0.0712871287128713
"ADGRL2",36,505,0.0712871287128713
"DMBT1",36,505,0.0712871287128713
"EPHB6",36,505,0.0712871287128713
"F5",36,505,0.0712871287128713
"GRM7",36,505,0.0712871287128713
"LRP1",36,505,0.0712871287128713
"MYH6",36,505,0.0712871287128713
"OVCH1",36,505,0.0712871287128713
"PCDHB8",36,505,0.0712871287128713
"PDZRN3",36,505,0.0712871287128713
"SCN10A",36,505,0.0712871287128713
"TRPC4",36,505,0.0712871287128713
"TRPM6",36,505,0.0712871287128713
"TRRAP",36,505,0.0712871287128713
"VPS13B",36,505,0.0712871287128713
"ACTN2",35,505,0.0693069306930693
"ADCY2",35,505,0.0693069306930693
"AKAP6",35,505,0.0693069306930693
"CACNA1C",35,505,0.0693069306930693
"DISP3",35,505,0.0693069306930693
"DYSF",35,505,0.0693069306930693
"FRMPD4",35,505,0.0693069306930693
"KALRN",35,505,0.0693069306930693
"MED12",35,505,0.0693069306930693
"NLRP5",35,505,0.0693069306930693
"NRXN3",35,505,0.0693069306930693
"OR4A15",35,505,0.0693069306930693
"PCDHB7",35,505,0.0693069306930693
"PCDHGA2",35,505,0.0693069306930693
"RBM10",35,505,0.0693069306930693
"SCN3A",35,505,0.0693069306930693
"SIPA1L2",35,505,0.0693069306930693
"SRCAP",35,505,0.0693069306930693
"ST6GAL2",35,505,0.0693069306930693
"STAB2",35,505,0.0693069306930693
"ZDBF2",35,505,0.0693069306930693
"ABCA12",34,505,0.0673267326732673
"ACAN",34,505,0.0673267326732673
"BRWD3",34,505,0.0673267326732673
"CCDC178",34,505,0.0673267326732673
"CDH23",34,505,0.0673267326732673
"CFAP47",34,505,0.0673267326732673
"COL5A1",34,505,0.0673267326732673
"CPED1",34,505,0.0673267326732673
"FRAS1",34,505,0.0673267326732673
"IGSF1",34,505,0.0673267326732673
"KCNU1",34,505,0.0673267326732673
"KIAA1549L",34,505,0.0673267326732673
"LAMA4",34,505,0.0673267326732673
"MYT1L",34,505,0.0673267326732673
"OR4C15",34,505,0.0673267326732673
"OR5L1",34,505,0.0673267326732673
"OTOF",34,505,0.0673267326732673
"PRKDC",34,505,0.0673267326732673
"SCN2A",34,505,0.0673267326732673
"SETD2",34,505,0.0673267326732673
"TLL1",34,505,0.0673267326732673
"ZNF479",34,505,0.0673267326732673
"DIDO1",33,505,0.0653465346534653
"DSG3",33,505,0.0653465346534653
"EPHB1",33,505,0.0653465346534653
"FBXL7",33,505,0.0653465346534653
"GRIN3A",33,505,0.0653465346534653
"GRM1",33,505,0.0653465346534653
"INSRR",33,505,0.0653465346534653
"ITPRID1",33,505,0.0653465346534653
"KCNH5",33,505,0.0653465346534653
"KMT2D",33,505,0.0653465346534653
"LCT",33,505,0.0653465346534653
"MDGA2",33,505,0.0653465346534653
"MYCBP2",33,505,0.0653465346534653
"MYO16",33,505,0.0653465346534653
"NLRP12",33,505,0.0653465346534653
"NRCAM",33,505,0.0653465346534653
"OR2L8",33,505,0.0653465346534653
"OR2W3",33,505,0.0653465346534653
"PCDHA2",33,505,0.0653465346534653
"SEMA5A",33,505,0.0653465346534653
"SEMA6D",33,505,0.0653465346534653
"TRHDE",33,505,0.0653465346534653
"UNC5D",33,505,0.0653465346534653
"ADCY8",32,505,0.0633663366336634
"CENPF",32,505,0.0633663366336634
"CFH",32,505,0.0633663366336634
"COL1A2",32,505,0.0633663366336634
"COL4A1",32,505,0.0633663366336634
"COL4A5",32,505,0.0633663366336634
"COL6A6",32,505,0.0633663366336634
"COL7A1",32,505,0.0633663366336634
"DCAF12L2",32,505,0.0633663366336634
"DCHS1",32,505,0.0633663366336634
"GRIK2",32,505,0.0633663366336634
"KCNH1",32,505,0.0633663366336634
"MYO3A",32,505,0.0633663366336634
"PCDH18",32,505,0.0633663366336634
"PCDHB4",32,505,0.0633663366336634
"PCDHGA3",32,505,0.0633663366336634
"PDGFRA",32,505,0.0633663366336634
"PTPRB",32,505,0.0633663366336634
"SAGE1",32,505,0.0633663366336634
"TMEM132D",32,505,0.0633663366336634
"ZEB2",32,505,0.0633663366336634
"ABCC11",31,505,0.0613861386138614
"AMER3",31,505,0.0613861386138614
"ARID1A",31,505,0.0613861386138614
"DGKB",31,505,0.0613861386138614
"DLGAP2",31,505,0.0613861386138614
"FAM83B",31,505,0.0613861386138614
"FLNA",31,505,0.0613861386138614
"GLI3",31,505,0.0613861386138614
"ITGA4",31,505,0.0613861386138614
"KCNH8",31,505,0.0613861386138614
"MYOM2",31,505,0.0613861386138614
"NBEA",31,505,0.0613861386138614
"NDST4",31,505,0.0613861386138614
"NEXMIF",31,505,0.0613861386138614
"NLRP13",31,505,0.0613861386138614
"OR6F1",31,505,0.0613861386138614
"PCDHB12",31,505,0.0613861386138614
"SDK1",31,505,0.0613861386138614
"SEZ6L",31,505,0.0613861386138614
"TCHH",31,505,0.0613861386138614
"TSHZ2",31,505,0.0613861386138614
"USP29",31,505,0.0613861386138614
"XYLT1",31,505,0.0613861386138614
"ZEB1",31,505,0.0613861386138614
"ALMS1",30,505,0.0594059405940594
"BCHE",30,505,0.0594059405940594
"BCORL1",30,505,0.0594059405940594
"CHD6",30,505,0.0594059405940594
"CNTN5",30,505,0.0594059405940594
"COL4A2",30,505,0.0594059405940594
"CUX2",30,505,0.0594059405940594
"DCAF12L1",30,505,0.0594059405940594
"DCC",30,505,0.0594059405940594
"DOCK10",30,505,0.0594059405940594
"FOLH1",30,505,0.0594059405940594
"FRMPD1",30,505,0.0594059405940594
"FSCB",30,505,0.0594059405940594
"GABRA4",30,505,0.0594059405940594
"HDAC9",30,505,0.0594059405940594
"KCNH7",30,505,0.0594059405940594
"KMT2A",30,505,0.0594059405940594
"LAMB1",30,505,0.0594059405940594
"MUC5AC",30,505,0.0594059405940594
"MYH3",30,505,0.0594059405940594
"MYO7B",30,505,0.0594059405940594
"MYPN",30,505,0.0594059405940594
"NID1",30,505,0.0594059405940594
"OR2G2",30,505,0.0594059405940594
"OR2M5",30,505,0.0594059405940594
"OR2T33",30,505,0.0594059405940594
"OR4C16",30,505,0.0594059405940594
"OR8U1",30,505,0.0594059405940594
"PIK3CG",30,505,0.0594059405940594
"PLCB4",30,505,0.0594059405940594
"REG3A",30,505,0.0594059405940594
"SATB2",30,505,0.0594059405940594
"THBS2",30,505,0.0594059405940594
"ZIC4",30,505,0.0594059405940594
"ADGRL4",29,505,0.0574257425742574
"AMER1",29,505,0.0574257425742574
"ANK3",29,505,0.0574257425742574
"ATP10B",29,505,0.0574257425742574
"ATRX",29,505,0.0574257425742574
"CD163",29,505,0.0574257425742574
"CDH6",29,505,0.0574257425742574
"CMYA5",29,505,0.0574257425742574
"DYNC1H1",29,505,0.0574257425742574
"FHOD3",29,505,0.0574257425742574
"ITIH6",29,505,0.0574257425742574
"ITPR2",29,505,0.0574257425742574
"KCNA4",29,505,0.0574257425742574
"KIF21B",29,505,0.0574257425742574
"KLHL4",29,505,0.0574257425742574
"MAGI2",29,505,0.0574257425742574
"NLGN1",29,505,0.0574257425742574
"OR2L13",29,505,0.0574257425742574
"OR2M3",29,505,0.0574257425742574
"OR4C46",29,505,0.0574257425742574
"OR4C6",29,505,0.0574257425742574
"PAK5",29,505,0.0574257425742574
"PCDHA1",29,505,0.0574257425742574
"PCDHA3",29,505,0.0574257425742574
"PCDHB2",29,505,0.0574257425742574
"PCDHB3",29,505,0.0574257425742574
"PDE10A",29,505,0.0574257425742574
"PLG",29,505,0.0574257425742574
"POLQ",29,505,0.0574257425742574
"POSTN",29,505,0.0574257425742574
"PTPRC",29,505,0.0574257425742574
"SCN5A",29,505,0.0574257425742574
"SLITRK6",29,505,0.0574257425742574
"UBR5",29,505,0.0574257425742574
"ZNF676",29,505,0.0574257425742574
"ABCA10",28,505,0.0554455445544554
"ADAMTS5",28,505,0.0554455445544554
"ASH1L",28,505,0.0554455445544554
"CCNB3",28,505,0.0554455445544554
"CDH11",28,505,0.0554455445544554
"CHRM2",28,505,0.0554455445544554
"COL24A1",28,505,0.0554455445544554
"DNAH10",28,505,0.0554455445544554
"DSCAML1",28,505,0.0554455445544554
"F13A1",28,505,0.0554455445544554
"FAM71B",28,505,0.0554455445544554
"FCRL5",28,505,0.0554455445544554
"GABRA2",28,505,0.0554455445544554
"GABRG1",28,505,0.0554455445544554
"IGSF10",28,505,0.0554455445544554
"IL1RAPL1",28,505,0.0554455445544554
"KIAA1210",28,505,0.0554455445544554
"MAGEB6B",28,505,0.0554455445544554
"MKI67",28,505,0.0554455445544554
"NID2",28,505,0.0554455445544554
"NLRP4",28,505,0.0554455445544554
"NTNG1",28,505,0.0554455445544554
"OR2T4",28,505,0.0554455445544554
"OR4A16",28,505,0.0554455445544554
"OR5D13",28,505,0.0554455445544554
"PCDHA5",28,505,0.0554455445544554
"PCDHB14",28,505,0.0554455445544554
"PCDHB6",28,505,0.0554455445544554
"PCDHB9",28,505,0.0554455445544554
"PREX1",28,505,0.0554455445544554
"RANBP2",28,505,0.0554455445544554
"RGS7",28,505,0.0554455445544554
"ROR2",28,505,0.0554455445544554
"SAMD9",28,505,0.0554455445544554
"SCN1A",28,505,0.0554455445544554
"SELP",28,505,0.0554455445544554
"SLC17A6",28,505,0.0554455445544554
"SMG1",28,505,0.0554455445544554
"SPAG17",28,505,0.0554455445544554
"TMEM132B",28,505,0.0554455445544554
"TRO",28,505,0.0554455445544554
"UTRN",28,505,0.0554455445544554
"ADAMTS19",27,505,0.0534653465346535
"AGMO",27,505,0.0534653465346535
"ANKRD17",27,505,0.0534653465346535
"ATP7A",27,505,0.0534653465346535
"BRINP2",27,505,0.0534653465346535
"C7",27,505,0.0534653465346535
"CACNA1F",27,505,0.0534653465346535
"CARD11",27,505,0.0534653465346535
"CDH2",27,505,0.0534653465346535
"CMTR2",27,505,0.0534653465346535
"DMXL1",27,505,0.0534653465346535
"DNAH2",27,505,0.0534653465346535
"DYNC2H1",27,505,0.0534653465346535
"FREM2",27,505,0.0534653465346535
"GLI2",27,505,0.0534653465346535
"GRID1",27,505,0.0534653465346535
"IRS4",27,505,0.0534653465346535
"KCNJ3",27,505,0.0534653465346535
"KIF4B",27,505,0.0534653465346535
"LRRIQ3",27,505,0.0534653465346535
"LTBP2",27,505,0.0534653465346535
"MED12L",27,505,0.0534653465346535
"NAV2",27,505,0.0534653465346535
"NRG3",27,505,0.0534653465346535
"OGDHL",27,505,0.0534653465346535
"OR2M4",27,505,0.0534653465346535
"PCDHB11",27,505,0.0534653465346535
"PCDHB16",27,505,0.0534653465346535
"RIMBP2",27,505,0.0534653465346535
"SAMD9L",27,505,0.0534653465346535
"SCN11A",27,505,0.0534653465346535
"SGIP1",27,505,0.0534653465346535
"SHANK1",27,505,0.0534653465346535
"TPO",27,505,0.0534653465346535
"TRPM1",27,505,0.0534653465346535
"TRPV5",27,505,0.0534653465346535
"ZSWIM2",27,505,0.0534653465346535
"ADAM19",26,505,0.0514851485148515
"ADAM23",26,505,0.0514851485148515
"AKAP9",26,505,0.0514851485148515
"ARID2",26,505,0.0514851485148515
"ARPP21",26,505,0.0514851485148515
"ATP2B3",26,505,0.0514851485148515
"BDP1",26,505,0.0514851485148515
"BPTF",26,505,0.0514851485148515
"BRCA2",26,505,0.0514851485148515
"CACNA1B",26,505,0.0514851485148515
"CFAP65",26,505,0.0514851485148515
"CHD7",26,505,0.0514851485148515
"CNTN1",26,505,0.0514851485148515
"CNTN3",26,505,0.0514851485148515
"COL25A1",26,505,0.0514851485148515
"CR1",26,505,0.0514851485148515
"CTTNBP2",26,505,0.0514851485148515
"DGKI",26,505,0.0514851485148515
"EPHA7",26,505,0.0514851485148515
"FANCM",26,505,0.0514851485148515
"FRG2C",26,505,0.0514851485148515
"FRY",26,505,0.0514851485148515
"FRYL",26,505,0.0514851485148515
"GABRG2",26,505,0.0514851485148515
"GTF3C1",26,505,0.0514851485148515
"HFM1",26,505,0.0514851485148515
"HIVEP2",26,505,0.0514851485148515
"IQGAP2",26,505,0.0514851485148515
"LAMA3",26,505,0.0514851485148515
"NCAN",26,505,0.0514851485148515
"NLRP7",26,505,0.0514851485148515
"NOS1",26,505,0.0514851485148515
"OR4A5",26,505,0.0514851485148515
"OR5L2",26,505,0.0514851485148515
"PARD3B",26,505,0.0514851485148515
"PCDHA4",26,505,0.0514851485148515
"PDHA2",26,505,0.0514851485148515
"PKP2",26,505,0.0514851485148515
"POLE",26,505,0.0514851485148515
"POTEE",26,505,0.0514851485148515
"PROS1",26,505,0.0514851485148515
"PTCHD4",26,505,0.0514851485148515
"PTPRN2",26,505,0.0514851485148515
"RAD51AP2",26,505,0.0514851485148515
"RB1",26,505,0.0514851485148515
"RBP3",26,505,0.0514851485148515
"SLIT3",26,505,0.0514851485148515
"SRRM2",26,505,0.0514851485148515
"TENM4",26,505,0.0514851485148515
"TEP1",26,505,0.0514851485148515
"TMEM200A",26,505,0.0514851485148515
"TRIO",26,505,0.0514851485148515
"TRPC5",26,505,0.0514851485148515
"WDR49",26,505,0.0514851485148515
"ZFYVE26",26,505,0.0514851485148515
"ABCA9",25,505,0.0495049504950495
"ABCB11",25,505,0.0495049504950495
"ABCC9",25,505,0.0495049504950495
"ANO4",25,505,0.0495049504950495
"BSN",25,505,0.0495049504950495
"CAMTA1",25,505,0.0495049504950495
"CNGB3",25,505,0.0495049504950495
"COL15A1",25,505,0.0495049504950495
"COL4A6",25,505,0.0495049504950495
"DPP10",25,505,0.0495049504950495
"DSG4",25,505,0.0495049504950495
"DZIP3",25,505,0.0495049504950495
"EP400",25,505,0.0495049504950495
"EPB41L3",25,505,0.0495049504950495
"FSHR",25,505,0.0495049504950495
"FSIP2",25,505,0.0495049504950495
"GABRB3",25,505,0.0495049504950495
"GALNT17",25,505,0.0495049504950495
"HECTD4",25,505,0.0495049504950495
"HERC1",25,505,0.0495049504950495
"HHIPL2",25,505,0.0495049504950495
"HIVEP3",25,505,0.0495049504950495
"IGF2R",25,505,0.0495049504950495
"ITGAD",25,505,0.0495049504950495
"KIF1A",25,505,0.0495049504950495
"MEGF10",25,505,0.0495049504950495
"MIA2",25,505,0.0495049504950495
"MS4A14",25,505,0.0495049504950495
"MUC2",25,505,0.0495049504950495
"NETO1",25,505,0.0495049504950495
"NLRP10",25,505,0.0495049504950495
"NLRP2",25,505,0.0495049504950495
"OR14A16",25,505,0.0495049504950495
"OR8H2",25,505,0.0495049504950495
"PCDHA6",25,505,0.0495049504950495
"PCDHGA5",25,505,0.0495049504950495
"PCDHGA6",25,505,0.0495049504950495
"PDE1C",25,505,0.0495049504950495
"PIK3CA",25,505,0.0495049504950495
"PLCL1",25,505,0.0495049504950495
"RUNX1T1",25,505,0.0495049504950495
"SLC12A5",25,505,0.0495049504950495
"SLC9A4",25,505,0.0495049504950495
"ST18",25,505,0.0495049504950495
"SYNPO2",25,505,0.0495049504950495
"TAS1R2",25,505,0.0495049504950495
"TBX22",25,505,0.0495049504950495
"TECRL",25,505,0.0495049504950495
"VPS13D",25,505,0.0495049504950495
"ZBBX",25,505,0.0495049504950495
"ZIC1",25,505,0.0495049504950495
"ACSM5",24,505,0.0475247524752475
"ADAMTS18",24,505,0.0475247524752475
"ADAMTSL1",24,505,0.0475247524752475
"ADCY10",24,505,0.0475247524752475
"ALPK2",24,505,0.0475247524752475
"ARAP2",24,505,0.0475247524752475
"ARID1B",24,505,0.0475247524752475
"ARMC3",24,505,0.0475247524752475
"ATP8A2",24,505,0.0475247524752475
"CASS4",24,505,0.0475247524752475
"CD163L1",24,505,0.0475247524752475
"CELSR3",24,505,0.0475247524752475
"CHD5",24,505,0.0475247524752475
"CLCA4",24,505,0.0475247524752475
"COL21A1",24,505,0.0475247524752475
"DACH2",24,505,0.0475247524752475
"DLGAP3",24,505,0.0475247524752475
"DNAH17",24,505,0.0475247524752475
"DPP6",24,505,0.0475247524752475
"FLT1",24,505,0.0475247524752475
"FREM1",24,505,0.0475247524752475
"FZD10",24,505,0.0475247524752475
"GFRAL",24,505,0.0475247524752475
"GUCY1A2",24,505,0.0475247524752475
"GUCY2F",24,505,0.0475247524752475
"KCNC2",24,505,0.0475247524752475
"KCNK2",24,505,0.0475247524752475
"KIAA1755",24,505,0.0475247524752475
"LAMA5",24,505,0.0475247524752475
"LILRB1",24,505,0.0475247524752475
"LRFN2",24,505,0.0475247524752475
"NCAM2",24,505,0.0475247524752475
"NFASC",24,505,0.0475247524752475
"NIPBL",24,505,0.0475247524752475
"OCA2",24,505,0.0475247524752475
"OR11H1",24,505,0.0475247524752475
"OR2AK2",24,505,0.0475247524752475
"OR2G6",24,505,0.0475247524752475
"OR4N2",24,505,0.0475247524752475
"OR5F1",24,505,0.0475247524752475
"PCDHB5",24,505,0.0475247524752475
"PCNX1",24,505,0.0475247524752475
"PDE3A",24,505,0.0475247524752475
"PREX2",24,505,0.0475247524752475
"PRRC2C",24,505,0.0475247524752475
"PYHIN1",24,505,0.0475247524752475
"RAG1",24,505,0.0475247524752475
"RAPGEF2",24,505,0.0475247524752475
"RTL9",24,505,0.0475247524752475
"SEMA3A",24,505,0.0475247524752475
"SLC44A5",24,505,0.0475247524752475
"TMEM132E",24,505,0.0475247524752475
"TPR",24,505,0.0475247524752475
"USP34",24,505,0.0475247524752475
"ALK",23,505,0.0455445544554455
"AMPH",23,505,0.0455445544554455
"APC",23,505,0.0455445544554455
"C2CD3",23,505,0.0455445544554455
"CCKBR",23,505,0.0455445544554455
"CFAP54",23,505,0.0455445544554455
"CHD8",23,505,0.0455445544554455
"CHRM3",23,505,0.0455445544554455
"CREBBP",23,505,0.0455445544554455
"CTNNA3",23,505,0.0455445544554455
"CYP11B2",23,505,0.0455445544554455
"DACH1",23,505,0.0455445544554455
"DLC1",23,505,0.0455445544554455
"DTNA",23,505,0.0455445544554455
"EDIL3",23,505,0.0455445544554455
"EXPH5",23,505,0.0455445544554455
"GABRG3",23,505,0.0455445544554455
"GREB1",23,505,0.0455445544554455
"ICE1",23,505,0.0455445544554455
"IL7R",23,505,0.0455445544554455
"KCNB1",23,505,0.0455445544554455
"KCNQ2",23,505,0.0455445544554455
"KIF21A",23,505,0.0455445544554455
"LEPR",23,505,0.0455445544554455
"MTUS2",23,505,0.0455445544554455
"NELL2",23,505,0.0455445544554455
"OR14K1",23,505,0.0455445544554455
"OR2T1",23,505,0.0455445544554455
"OR2T12",23,505,0.0455445544554455
"OR2T34",23,505,0.0455445544554455
"OR2T6",23,505,0.0455445544554455
"OR51V1",23,505,0.0455445544554455
"OR5AS1",23,505,0.0455445544554455
"OR5D14",23,505,0.0455445544554455
"OR5T3",23,505,0.0455445544554455
"OR5W2",23,505,0.0455445544554455
"OR6K2",23,505,0.0455445544554455
"PCDH7",23,505,0.0455445544554455
"PIK3C2B",23,505,0.0455445544554455
"PMFBP1",23,505,0.0455445544554455
"POTEF",23,505,0.0455445544554455
"PRKD1",23,505,0.0455445544554455
"PZP",23,505,0.0455445544554455
"SCN7A",23,505,0.0455445544554455
"SLITRK5",23,505,0.0455445544554455
"SPATA31E1",23,505,0.0455445544554455
"STXBP5L",23,505,0.0455445544554455
"TECTA",23,505,0.0455445544554455
"THOC2",23,505,0.0455445544554455
"TLL2",23,505,0.0455445544554455
"TNXB",23,505,0.0455445544554455
"TRIM58",23,505,0.0455445544554455
"TRIML1",23,505,0.0455445544554455
"TYR",23,505,0.0455445544554455
"UBA6",23,505,0.0455445544554455
"VWF",23,505,0.0455445544554455
"ZFHX3",23,505,0.0455445544554455
"ACSM2B",22,505,0.0435643564356436
"ACTRT1",22,505,0.0435643564356436
"ADCY1",22,505,0.0435643564356436
"ADCY5",22,505,0.0435643564356436
"ADNP2",22,505,0.0435643564356436
"AEBP1",22,505,0.0435643564356436
"ALPK1",22,505,0.0435643564356436
"ARHGAP36",22,505,0.0435643564356436
"ATP10D",22,505,0.0435643564356436
"ATP2B2",22,505,0.0435643564356436
"ATP8B4",22,505,0.0435643564356436
"BCAN",22,505,0.0435643564356436
"C6",22,505,0.0435643564356436
"CACNA1A",22,505,0.0435643564356436
"CADPS",22,505,0.0435643564356436
"CALCR",22,505,0.0435643564356436
"CDHR2",22,505,0.0435643564356436
"CNKSR2",22,505,0.0435643564356436
"COL27A1",22,505,0.0435643564356436
"COL2A1",22,505,0.0435643564356436
"COL9A1",22,505,0.0435643564356436
"DAB1",22,505,0.0435643564356436
"DACT1",22,505,0.0435643564356436
"DNAH1",22,505,0.0435643564356436
"DOP1B",22,505,0.0435643564356436
"EGFLAM",22,505,0.0435643564356436
"FAM171B",22,505,0.0435643564356436
"GABRA6",22,505,0.0435643564356436
"GALNT13",22,505,0.0435643564356436
"GPRC6A",22,505,0.0435643564356436
"INHBA",22,505,0.0435643564356436
"KPRP",22,505,0.0435643564356436
"LGR5",22,505,0.0435643564356436
"LRRC66",22,505,0.0435643564356436
"MAGEC2",22,505,0.0435643564356436
"MDN1",22,505,0.0435643564356436
"MTOR",22,505,0.0435643564356436
"MYH11",22,505,0.0435643564356436
"NLRP8",22,505,0.0435643564356436
"NRAP",22,505,0.0435643564356436
"OR10G8",22,505,0.0435643564356436
"OR10J3",22,505,0.0435643564356436
"OR2G3",22,505,0.0435643564356436
"OR2L2",22,505,0.0435643564356436
"OR2L3",22,505,0.0435643564356436
"OR4Q3",22,505,0.0435643564356436
"OR8I2",22,505,0.0435643564356436
"PAPPA",22,505,0.0435643564356436
"PCDH8",22,505,0.0435643564356436
"PCDHB10",22,505,0.0435643564356436
"PCDHGA1",22,505,0.0435643564356436
"PCDHGA4",22,505,0.0435643564356436
"PCDHGA8",22,505,0.0435643564356436
"PDILT",22,505,0.0435643564356436
"PGK2",22,505,0.0435643564356436
"PKD1",22,505,0.0435643564356436
"PLCE1",22,505,0.0435643564356436
"PRG4",22,505,0.0435643564356436
"PRKCB",22,505,0.0435643564356436
"PTCHD3",22,505,0.0435643564356436
"SEMA3D",22,505,0.0435643564356436
"SLC8A3",22,505,0.0435643564356436
"SLC9C2",22,505,0.0435643564356436
"SLCO5A1",22,505,0.0435643564356436
"SPATA31A3",22,505,0.0435643564356436
"TACC2",22,505,0.0435643564356436
"TRPC6",22,505,0.0435643564356436
"UGT2B28",22,505,0.0435643564356436
"USP9X",22,505,0.0435643564356436
"ZBED9",22,505,0.0435643564356436
"ZNF318",22,505,0.0435643564356436
"ABCA5",21,505,0.0415841584158416
"ABCA6",21,505,0.0415841584158416
"ADAMTS1",21,505,0.0415841584158416
"ADAMTS3",21,505,0.0415841584158416
"ANKS1B",21,505,0.0415841584158416
"ARHGEF6",21,505,0.0415841584158416
"BNC2",21,505,0.0415841584158416
"BRINP1",21,505,0.0415841584158416
"CACNA1I",21,505,0.0415841584158416
"CASR",21,505,0.0415841584158416
"CCT8L2",21,505,0.0415841584158416
"CDKN2A",21,505,0.0415841584158416
"CFAP61",21,505,0.0415841584158416
"CLSTN2",21,505,0.0415841584158416
"CYP11B1",21,505,0.0415841584158416
"DGKK",21,505,0.0415841584158416
"DLG5",21,505,0.0415841584158416
"DOCK4",21,505,0.0415841584158416
"DSG1",21,505,0.0415841584158416
"FAM171A1",21,505,0.0415841584158416
"FCRL2",21,505,0.0415841584158416
"FNDC1",21,505,0.0415841584158416
"GCN1",21,505,0.0415841584158416
"GOLGB1",21,505,0.0415841584158416
"HEATR1",21,505,0.0415841584158416
"HSPG2",21,505,0.0415841584158416
"KEL",21,505,0.0415841584158416
"LILRA2",21,505,0.0415841584158416
"LILRB2",21,505,0.0415841584158416
"LRRC32",21,505,0.0415841584158416
"LRRTM1",21,505,0.0415841584158416
"MAP1B",21,505,0.0415841584158416
"MAP3K19",21,505,0.0415841584158416
"MARCO",21,505,0.0415841584158416
"MICAL3",21,505,0.0415841584158416
"MTCL1",21,505,0.0415841584158416
"NCAM1",21,505,0.0415841584158416
"NOTCH1",21,505,0.0415841584158416
"NRXN2",21,505,0.0415841584158416
"NUP210",21,505,0.0415841584158416
"OR1C1",21,505,0.0415841584158416
"OR2M2",21,505,0.0415841584158416
"OR2T3",21,505,0.0415841584158416
"OR4M1",21,505,0.0415841584158416
"OR5J2",21,505,0.0415841584158416
"P2RY10",21,505,0.0415841584158416
"PASD1",21,505,0.0415841584158416
"PCDH19",21,505,0.0415841584158416
"PCDHA9",21,505,0.0415841584158416
"PCDHB13",21,505,0.0415841584158416
"PCDHGB1",21,505,0.0415841584158416
"PCK1",21,505,0.0415841584158416
"PCNT",21,505,0.0415841584158416
"PLB1",21,505,0.0415841584158416
"PLXNA2",21,505,0.0415841584158416
"PSG8",21,505,0.0415841584158416
"PTPRH",21,505,0.0415841584158416
"PXDN",21,505,0.0415841584158416
"RASAL2",21,505,0.0415841584158416
"ROBO1",21,505,0.0415841584158416
"RTL3",21,505,0.0415841584158416
"RTTN",21,505,0.0415841584158416
"SALL3",21,505,0.0415841584158416
"SDK2",21,505,0.0415841584158416
"SERPINB3",21,505,0.0415841584158416
"SETX",21,505,0.0415841584158416
"SLC12A1",21,505,0.0415841584158416
"SLC26A7",21,505,0.0415841584158416
"SLC6A5",21,505,0.0415841584158416
"SORL1",21,505,0.0415841584158416
"SPAM1",21,505,0.0415841584158416
"SPTB",21,505,0.0415841584158416
"SYT10",21,505,0.0415841584158416
"TFAP2D",21,505,0.0415841584158416
"TKTL2",21,505,0.0415841584158416
"TLN2",21,505,0.0415841584158416
"TRPM2",21,505,0.0415841584158416
"TRPV6",21,505,0.0415841584158416
"UGT2B11",21,505,0.0415841584158416
"UGT2B4",21,505,0.0415841584158416
"UGT3A1",21,505,0.0415841584158416
"USP26",21,505,0.0415841584158416
"VAV3",21,505,0.0415841584158416
"WSCD2",21,505,0.0415841584158416
"ZC3H13",21,505,0.0415841584158416
"ZNF99",21,505,0.0415841584158416
"A2ML1",20,505,0.0396039603960396
"ACACB",20,505,0.0396039603960396
"ADAMTS14",20,505,0.0396039603960396
"AL592490.1",20,505,0.0396039603960396
"ANO3",20,505,0.0396039603960396
"ATG2B",20,505,0.0396039603960396
"BAZ2B",20,505,0.0396039603960396
"BCL11A",20,505,0.0396039603960396
"BCOR",20,505,0.0396039603960396
"BICC1",20,505,0.0396039603960396
"BTAF1",20,505,0.0396039603960396
"CACNA1S",20,505,0.0396039603960396
"CACNA2D4",20,505,0.0396039603960396
"CAPN6",20,505,0.0396039603960396
"CDH19",20,505,0.0396039603960396
"CDH20",20,505,0.0396039603960396
"CLCA2",20,505,0.0396039603960396
"CNBD1",20,505,0.0396039603960396
"CSPG4",20,505,0.0396039603960396
"CTCFL",20,505,0.0396039603960396
"CYLC1",20,505,0.0396039603960396
"DCSTAMP",20,505,0.0396039603960396
"DSEL",20,505,0.0396039603960396
"ENOX1",20,505,0.0396039603960396
"EPRS1",20,505,0.0396039603960396
"F13B",20,505,0.0396039603960396
"FBN1",20,505,0.0396039603960396
"FBN3",20,505,0.0396039603960396
"FCRL1",20,505,0.0396039603960396
"FGD5",20,505,0.0396039603960396
"FLT3",20,505,0.0396039603960396
"FRMPD2",20,505,0.0396039603960396
"GABRA5",20,505,0.0396039603960396
"GABRB1",20,505,0.0396039603960396
"GABRQ",20,505,0.0396039603960396
"GAD2",20,505,0.0396039603960396
"GBP4",20,505,0.0396039603960396
"GPC6",20,505,0.0396039603960396
"GRIA3",20,505,0.0396039603960396
"GRIA4",20,505,0.0396039603960396
"GRIK4",20,505,0.0396039603960396
"HCRTR2",20,505,0.0396039603960396
"IGHV1OR21-1",20,505,0.0396039603960396
"IL16",20,505,0.0396039603960396
"ITGAL",20,505,0.0396039603960396
"ITGAM",20,505,0.0396039603960396
"ITIH5",20,505,0.0396039603960396
"KCNA5",20,505,0.0396039603960396
"KCND2",20,505,0.0396039603960396
"KIF5A",20,505,0.0396039603960396
"KIR3DL1",20,505,0.0396039603960396
"LCOR",20,505,0.0396039603960396
"LRP4",20,505,0.0396039603960396
"LRRK2",20,505,0.0396039603960396
"LVRN",20,505,0.0396039603960396
"LY75",20,505,0.0396039603960396
"MAGEL2",20,505,0.0396039603960396
"MED13L",20,505,0.0396039603960396
"MGAT5B",20,505,0.0396039603960396
"MROH9",20,505,0.0396039603960396
"MYT1",20,505,0.0396039603960396
"NCOR2",20,505,0.0396039603960396
"NES",20,505,0.0396039603960396
"NLRP11",20,505,0.0396039603960396
"NPAS4",20,505,0.0396039603960396
"NPHS1",20,505,0.0396039603960396
"NUP205",20,505,0.0396039603960396
"OLFML2B",20,505,0.0396039603960396
"OR10AG1",20,505,0.0396039603960396
"OR10X1",20,505,0.0396039603960396
"OR14C36",20,505,0.0396039603960396
"OR2B11",20,505,0.0396039603960396
"OR5T2",20,505,0.0396039603960396
"OR8H3",20,505,0.0396039603960396
"OR8J3",20,505,0.0396039603960396
"OTOA",20,505,0.0396039603960396
"PCDHA12",20,505,0.0396039603960396
"PCDHA7",20,505,0.0396039603960396
"PCDHGA9",20,505,0.0396039603960396
"PCDHGB3",20,505,0.0396039603960396
"PCSK5",20,505,0.0396039603960396
"PDZD2",20,505,0.0396039603960396
"PLXNB2",20,505,0.0396039603960396
"POTEH",20,505,0.0396039603960396
"PRDM14",20,505,0.0396039603960396
"PRSS1",20,505,0.0396039603960396
"PSKH2",20,505,0.0396039603960396
"REG3G",20,505,0.0396039603960396
"RGS22",20,505,0.0396039603960396
"RIF1",20,505,0.0396039603960396
"RNF213",20,505,0.0396039603960396
"ROS1",20,505,0.0396039603960396
"SCN4A",20,505,0.0396039603960396
"SCN8A",20,505,0.0396039603960396
"SEMA5B",20,505,0.0396039603960396
"SIGLEC1",20,505,0.0396039603960396
"SIGLEC10",20,505,0.0396039603960396
"SLC27A6",20,505,0.0396039603960396
"SLC32A1",20,505,0.0396039603960396
"SLC6A15",20,505,0.0396039603960396
"SOX5",20,505,0.0396039603960396
"SPEN",20,505,0.0396039603960396
"TBX15",20,505,0.0396039603960396
"TCHHL1",20,505,0.0396039603960396
"TGM6",20,505,0.0396039603960396
"TNRC6A",20,505,0.0396039603960396
"TRANK1",20,505,0.0396039603960396
"TSPOAP1",20,505,0.0396039603960396
"UNC45B",20,505,0.0396039603960396
"VWA3B",20,505,0.0396039603960396
"WDR72",20,505,0.0396039603960396
"YLPM1",20,505,0.0396039603960396
"ZNF257",20,505,0.0396039603960396
"ZNF292",20,505,0.0396039603960396
"ZNF648",20,505,0.0396039603960396
"ABCC8",19,505,0.0376237623762376
"ACSM2A",19,505,0.0376237623762376
"ADAMTS9",19,505,0.0376237623762376
"AGBL1",19,505,0.0376237623762376
"ARHGAP32",19,505,0.0376237623762376
"ARHGEF11",19,505,0.0376237623762376
"ASAP1",19,505,0.0376237623762376
"ATF7IP",19,505,0.0376237623762376
"ATP1A4",19,505,0.0376237623762376
"BACH2",19,505,0.0376237623762376
"BMPER",19,505,0.0376237623762376
"CAD",19,505,0.0376237623762376
"CCDC141",19,505,0.0376237623762376
"CD1E",19,505,0.0376237623762376
"CD5L",19,505,0.0376237623762376
"CDH4",19,505,0.0376237623762376
"CENPE",19,505,0.0376237623762376
"CFAP74",19,505,0.0376237623762376
"COL20A1",19,505,0.0376237623762376
"CPZ",19,505,0.0376237623762376
"CRISPLD1",19,505,0.0376237623762376
"CWH43",19,505,0.0376237623762376
"DCAF8L1",19,505,0.0376237623762376
"DENND2A",19,505,0.0376237623762376
"DNER",19,505,0.0376237623762376
"DOCK11",19,505,0.0376237623762376
"EPPK1",19,505,0.0376237623762376
"EVC2",19,505,0.0376237623762376
"GLDC",19,505,0.0376237623762376
"GPRASP1",19,505,0.0376237623762376
"GRIK1",19,505,0.0376237623762376
"IGSF9B",19,505,0.0376237623762376
"IL18RAP",19,505,0.0376237623762376
"INPP4B",19,505,0.0376237623762376
"ITIH2",19,505,0.0376237623762376
"KANK4",19,505,0.0376237623762376
"KATNIP",19,505,0.0376237623762376
"KIF19",19,505,0.0376237623762376
"LAMC3",19,505,0.0376237623762376
"LILRB4",19,505,0.0376237623762376
"LRRTM3",19,505,0.0376237623762376
"MADD",19,505,0.0376237623762376
"MARK1",19,505,0.0376237623762376
"MUC3A",19,505,0.0376237623762376
"MUC7",19,505,0.0376237623762376
"MYH15",19,505,0.0376237623762376
"MYLK",19,505,0.0376237623762376
"MYOCD",19,505,0.0376237623762376
"NOL4",19,505,0.0376237623762376
"NPY2R",19,505,0.0376237623762376
"NRK",19,505,0.0376237623762376
"OLFM4",19,505,0.0376237623762376
"OR10Q1",19,505,0.0376237623762376
"OR10Z1",19,505,0.0376237623762376
"OR2A2",19,505,0.0376237623762376
"OR2A25",19,505,0.0376237623762376
"OR2T11",19,505,0.0376237623762376
"OR4K13",19,505,0.0376237623762376
"OR4S2",19,505,0.0376237623762376
"OR56A4",19,505,0.0376237623762376
"OR5D16",19,505,0.0376237623762376
"OR5T1",19,505,0.0376237623762376
"OR6N1",19,505,0.0376237623762376
"OR8K5",19,505,0.0376237623762376
"PALD1",19,505,0.0376237623762376
"PCDHA11",19,505,0.0376237623762376
"PCDHGB2",19,505,0.0376237623762376
"PCNX2",19,505,0.0376237623762376
"PDZRN4",19,505,0.0376237623762376
"PHF3",19,505,0.0376237623762376
"PLD1",19,505,0.0376237623762376
"PPARGC1A",19,505,0.0376237623762376
"PPFIA2",19,505,0.0376237623762376
"PPP1R16B",19,505,0.0376237623762376
"PRKG1",19,505,0.0376237623762376
"PTPRN",19,505,0.0376237623762376
"RBFOX1",19,505,0.0376237623762376
"REG1B",19,505,0.0376237623762376
"RXFP1",19,505,0.0376237623762376
"SHPRH",19,505,0.0376237623762376
"SLC14A2",19,505,0.0376237623762376
"SLC26A3",19,505,0.0376237623762376
"SLIT1",19,505,0.0376237623762376
"SMAD4",19,505,0.0376237623762376
"SNRNP200",19,505,0.0376237623762376
"SPTAN1",19,505,0.0376237623762376
"TAF3",19,505,0.0376237623762376
"TAS2R1",19,505,0.0376237623762376
"TBX5",19,505,0.0376237623762376
"TET1",19,505,0.0376237623762376
"TRPM3",19,505,0.0376237623762376
"TUBA3C",19,505,0.0376237623762376
"UGT2A1",19,505,0.0376237623762376
"UMOD",19,505,0.0376237623762376
"VCAM1",19,505,0.0376237623762376
"VPS13A",19,505,0.0376237623762376
"WDR17",19,505,0.0376237623762376
"ZNF385D",19,505,0.0376237623762376
"ZNF98",19,505,0.0376237623762376
"ABCA2",18,505,0.0356435643564356
"ABCC4",18,505,0.0356435643564356
"ADAM2",18,505,0.0356435643564356
"ADAMTS17",18,505,0.0356435643564356
"ADAMTS7",18,505,0.0356435643564356
"ADGRA3",18,505,0.0356435643564356
"ADGRE1",18,505,0.0356435643564356
"AGL",18,505,0.0356435643564356
"ANO5",18,505,0.0356435643564356
"ARHGAP21",18,505,0.0356435643564356
"ARHGAP6",18,505,0.0356435643564356
"ARHGEF12",18,505,0.0356435643564356
"ATP13A5",18,505,0.0356435643564356
"ATP1A2",18,505,0.0356435643564356
"ATP7B",18,505,0.0356435643564356
"ATR",18,505,0.0356435643564356
"AXDND1",18,505,0.0356435643564356
"BMS1",18,505,0.0356435643564356
"C8B",18,505,0.0356435643564356
"C9",18,505,0.0356435643564356
"CACNA1G",18,505,0.0356435643564356
"CCDC73",18,505,0.0356435643564356
"CCER1",18,505,0.0356435643564356
"CD109",18,505,0.0356435643564356
"CEP128",18,505,0.0356435643564356
"CEP170",18,505,0.0356435643564356
"CEP350",18,505,0.0356435643564356
"CES5A",18,505,0.0356435643564356
"CHD9",18,505,0.0356435643564356
"CHST1",18,505,0.0356435643564356
"CNTLN",18,505,0.0356435643564356
"COBL",18,505,0.0356435643564356
"COL6A2",18,505,0.0356435643564356
"CORIN",18,505,0.0356435643564356
"CPXCR1",18,505,0.0356435643564356
"CPXM2",18,505,0.0356435643564356
"CTNNB1",18,505,0.0356435643564356
"CYP26B1",18,505,0.0356435643564356
"DPY19L2",18,505,0.0356435643564356
"DPYS",18,505,0.0356435643564356
"DSC2",18,505,0.0356435643564356
"DSP",18,505,0.0356435643564356
"ENPP2",18,505,0.0356435643564356
"EPG5",18,505,0.0356435643564356
"EYA4",18,505,0.0356435643564356
"FLT4",18,505,0.0356435643564356
"FOXP2",18,505,0.0356435643564356
"GABRA1",18,505,0.0356435643564356
"GALNT14",18,505,0.0356435643564356
"GBA3",18,505,0.0356435643564356
"GDF10",18,505,0.0356435643564356
"GOLGA3",18,505,0.0356435643564356
"GPR139",18,505,0.0356435643564356
"GRIK3",18,505,0.0356435643564356
"HECW2",18,505,0.0356435643564356
"HEPHL1",18,505,0.0356435643564356
"HOXB3",18,505,0.0356435643564356
"HTR1A",18,505,0.0356435643564356
"IFT172",18,505,0.0356435643564356
"IGSF22",18,505,0.0356435643564356
"INSC",18,505,0.0356435643564356
"INTS6L",18,505,0.0356435643564356
"ITGAE",18,505,0.0356435643564356
"ITGBL1",18,505,0.0356435643564356
"JMJD1C",18,505,0.0356435643564356
"KIF26B",18,505,0.0356435643564356
"KNTC1",18,505,0.0356435643564356
"KRT6B",18,505,0.0356435643564356
"LAMC1",18,505,0.0356435643564356
"LRRN2",18,505,0.0356435643564356
"MCF2",18,505,0.0356435643564356
"MDC1",18,505,0.0356435643564356
"MET",18,505,0.0356435643564356
"MKRN3",18,505,0.0356435643564356
"MROH7",18,505,0.0356435643564356
"MSH4",18,505,0.0356435643564356
"MYO3B",18,505,0.0356435643564356
"MYOF",18,505,0.0356435643564356
"NCOA6",18,505,0.0356435643564356
"NLRC5",18,505,0.0356435643564356
"NMUR2",18,505,0.0356435643564356
"NOBOX",18,505,0.0356435643564356
"NUP214",18,505,0.0356435643564356
"OR5D18",18,505,0.0356435643564356
"OR6N2",18,505,0.0356435643564356
"OR6Y1",18,505,0.0356435643564356
"OR8H1",18,505,0.0356435643564356
"PCDHA8",18,505,0.0356435643564356
"PDE11A",18,505,0.0356435643564356
"PIK3AP1",18,505,0.0356435643564356
"PIK3C2G",18,505,0.0356435643564356
"PIK3R4",18,505,0.0356435643564356
"PLCH1",18,505,0.0356435643564356
"PLXNA3",18,505,0.0356435643564356
"PPRC1",18,505,0.0356435643564356
"PROX1",18,505,0.0356435643564356
"PSG2",18,505,0.0356435643564356
"PTPRK",18,505,0.0356435643564356
"RESF1",18,505,0.0356435643564356
"ROBO3",18,505,0.0356435643564356
"RTN1",18,505,0.0356435643564356
"SERPINA9",18,505,0.0356435643564356
"SGCZ",18,505,0.0356435643564356
"SIGLEC12",18,505,0.0356435643564356
"SLC4A3",18,505,0.0356435643564356
"SLC5A7",18,505,0.0356435643564356
"SMARCA1",18,505,0.0356435643564356
"SMARCA2",18,505,0.0356435643564356
"SPATA18",18,505,0.0356435643564356
"SPTBN1",18,505,0.0356435643564356
"ST8SIA6",18,505,0.0356435643564356
"STAG2",18,505,0.0356435643564356
"SVIL",18,505,0.0356435643564356
"TDRD6",18,505,0.0356435643564356
"TRIM42",18,505,0.0356435643564356
"TRIM51",18,505,0.0356435643564356
"TRPM8",18,505,0.0356435643564356
"TTC21B",18,505,0.0356435643564356
"UNC13A",18,505,0.0356435643564356
"UNC5C",18,505,0.0356435643564356
"VEGFC",18,505,0.0356435643564356
"ZIM3",18,505,0.0356435643564356
"ZMYM3",18,505,0.0356435643564356
"ZNF236",18,505,0.0356435643564356
"ZNF334",18,505,0.0356435643564356
"ZNF33A",18,505,0.0356435643564356
"ZNF711",18,505,0.0356435643564356
"ZNF800",18,505,0.0356435643564356
"ZSCAN1",18,505,0.0356435643564356
"ZSCAN4",18,505,0.0356435643564356
"A2M",17,505,0.0336633663366337
"ABCA8",17,505,0.0336633663366337
"ACACA",17,505,0.0336633663366337
"ACKR1",17,505,0.0336633663366337
"ADAMTS6",17,505,0.0336633663366337
"AMOT",17,505,0.0336633663366337
"ANKHD1-EIF4EBP3",17,505,0.0336633663366337
"ARFGEF3",17,505,0.0336633663366337
"ASCC3",17,505,0.0336633663366337
"AUTS2",17,505,0.0336633663366337
"BEND2",17,505,0.0336633663366337
"BRCA1",17,505,0.0336633663366337
"C10orf71",17,505,0.0336633663366337
"C1orf94",17,505,0.0336633663366337
"C6orf118",17,505,0.0336633663366337
"CCSER1",17,505,0.0336633663366337
"CDH22",17,505,0.0336633663366337
"CDX4",17,505,0.0336633663366337
"CEMIP2",17,505,0.0336633663366337
"CFAP91",17,505,0.0336633663366337
"CHAT",17,505,0.0336633663366337
"CHRDL1",17,505,0.0336633663366337
"CNGA2",17,505,0.0336633663366337
"CNTN2",17,505,0.0336633663366337
"CNTN6",17,505,0.0336633663366337
"COL4A4",17,505,0.0336633663366337
"COL5A3",17,505,0.0336633663366337
"CPAMD8",17,505,0.0336633663366337
"CR2",17,505,0.0336633663366337
"DCLK1",17,505,0.0336633663366337
"DCLK3",17,505,0.0336633663366337
"DLG2",17,505,0.0336633663366337
"DLGAP1",17,505,0.0336633663366337
"DNAI2",17,505,0.0336633663366337
"DNMT3A",17,505,0.0336633663366337
"DOCK7",17,505,0.0336633663366337
"DPYD",17,505,0.0336633663366337
"DRD5",17,505,0.0336633663366337
"EYA1",17,505,0.0336633663366337
"FASN",17,505,0.0336633663366337
"FCRL3",17,505,0.0336633663366337
"FMO1",17,505,0.0336633663366337
"FOXG1",17,505,0.0336633663366337
"GAB4",17,505,0.0336633663366337
"GABRA3",17,505,0.0336633663366337
"GHR",17,505,0.0336633663366337
"GLRA2",17,505,0.0336633663366337
"GPR101",17,505,0.0336633663366337
"GPR174",17,505,0.0336633663366337
"GPR50",17,505,0.0336633663366337
"HAS2",17,505,0.0336633663366337
"HELZ",17,505,0.0336633663366337
"HIVEP1",17,505,0.0336633663366337
"HTR1E",17,505,0.0336633663366337
"IGDCC4",17,505,0.0336633663366337
"IL9R",17,505,0.0336633663366337
"IMPG2",17,505,0.0336633663366337
"IRS1",17,505,0.0336633663366337
"ITPR3",17,505,0.0336633663366337
"ITSN1",17,505,0.0336633663366337
"KCNT1",17,505,0.0336633663366337
"KCTD8",17,505,0.0336633663366337
"KIAA0100",17,505,0.0336633663366337
"KLHL38",17,505,0.0336633663366337
"LRBA",17,505,0.0336633663366337
"MAGEB4",17,505,0.0336633663366337
"MAGEC3",17,505,0.0336633663366337
"MC5R",17,505,0.0336633663366337
"MICAL2",17,505,0.0336633663366337
"MNDA",17,505,0.0336633663366337
"MORC1",17,505,0.0336633663366337
"MPPED2",17,505,0.0336633663366337
"MYBPC1",17,505,0.0336633663366337
"MYO7A",17,505,0.0336633663366337
"NCKAP1L",17,505,0.0336633663366337
"NCOA1",17,505,0.0336633663366337
"NCOA2",17,505,0.0336633663366337
"NOS2",17,505,0.0336633663366337
"NOTCH2",17,505,0.0336633663366337
"NOVA1",17,505,0.0336633663366337
"NOX3",17,505,0.0336633663366337
"NPAS3",17,505,0.0336633663366337
"NPC1L1",17,505,0.0336633663366337
"NPFFR2",17,505,0.0336633663366337
"NSD1",17,505,0.0336633663366337
"NTM",17,505,0.0336633663366337
"NTRK2",17,505,0.0336633663366337
"OR10R2",17,505,0.0336633663366337
"OR4C13",17,505,0.0336633663366337
"OR4K2",17,505,0.0336633663366337
"OR4L1",17,505,0.0336633663366337
"OR4N5",17,505,0.0336633663366337
"OR51G2",17,505,0.0336633663366337
"OR5B12",17,505,0.0336633663366337
"OR8K1",17,505,0.0336633663366337
"PATJ",17,505,0.0336633663366337
"PDCD11",17,505,0.0336633663366337
"PEAK1",17,505,0.0336633663366337
"PHLDB2",17,505,0.0336633663366337
"PIEZO2",17,505,0.0336633663366337
"PLEKHG4B",17,505,0.0336633663366337
"POLR3A",17,505,0.0336633663366337
"PRAMEF15",17,505,0.0336633663366337
"PSG11",17,505,0.0336633663366337
"PSG4",17,505,0.0336633663366337
"PTPN13",17,505,0.0336633663366337
"PTPRR",17,505,0.0336633663366337
"RALGAPB",17,505,0.0336633663366337
"RB1CC1",17,505,0.0336633663366337
"RBBP6",17,505,0.0336633663366337
"RBM19",17,505,0.0336633663366337
"RGS12",17,505,0.0336633663366337
"SERPINB4",17,505,0.0336633663366337
"SLC24A2",17,505,0.0336633663366337
"SLC4A1",17,505,0.0336633663366337
"SLC4A10",17,505,0.0336633663366337
"SLCO6A1",17,505,0.0336633663366337
"SNTG2",17,505,0.0336633663366337
"SOS2",17,505,0.0336633663366337
"SP140",17,505,0.0336633663366337
"SPTBN5",17,505,0.0336633663366337
"SRGAP1",17,505,0.0336633663366337
"SRGAP3",17,505,0.0336633663366337
"SULF2",17,505,0.0336633663366337
"SV2A",17,505,0.0336633663366337
"SYT4",17,505,0.0336633663366337
"SYT9",17,505,0.0336633663366337
"SZT2",17,505,0.0336633663366337
"TDRD5",17,505,0.0336633663366337
"TGIF2LX",17,505,0.0336633663366337
"TMPRSS11A",17,505,0.0336633663366337
"TMTC3",17,505,0.0336633663366337
"TNC",17,505,0.0336633663366337
"TNS1",17,505,0.0336633663366337
"TOGARAM1",17,505,0.0336633663366337
"TRIML2",17,505,0.0336633663366337
"TRIOBP",17,505,0.0336633663366337
"TRPC7",17,505,0.0336633663366337
"TXLNB",17,505,0.0336633663366337
"VGLL3",17,505,0.0336633663366337
"WNK3",17,505,0.0336633663366337
"ZFC3H1",17,505,0.0336633663366337
"ZGRF1",17,505,0.0336633663366337
"ZIM2",17,505,0.0336633663366337
"ZNF492",17,505,0.0336633663366337
"ZNF835",17,505,0.0336633663366337
"ZZEF1",17,505,0.0336633663366337
"ABCA7",16,505,0.0316831683168317
"ABI3BP",16,505,0.0316831683168317
"ABL2",16,505,0.0316831683168317
"ADAM12",16,505,0.0316831683168317
"AHCTF1",16,505,0.0316831683168317
"AKAP13",16,505,0.0316831683168317
"ANO2",16,505,0.0316831683168317
"AOX1",16,505,0.0316831683168317
"ARFGEF1",16,505,0.0316831683168317
"ARHGAP35",16,505,0.0316831683168317
"ARHGEF17",16,505,0.0316831683168317
"ASTL",16,505,0.0316831683168317
"BCL11B",16,505,0.0316831683168317
"BNC1",16,505,0.0316831683168317
"BRDT",16,505,0.0316831683168317
"BTK",16,505,0.0316831683168317
"C2orf16",16,505,0.0316831683168317
"C2orf78",16,505,0.0316831683168317
"CACNB2",16,505,0.0316831683168317
"CCDC80",16,505,0.0316831683168317
"CDH17",16,505,0.0316831683168317
"CDK12",16,505,0.0316831683168317
"CDYL",16,505,0.0316831683168317
"CEP164",16,505,0.0316831683168317
"CFAP43",16,505,0.0316831683168317
"CHM",16,505,0.0316831683168317
"CLEC4F",16,505,0.0316831683168317
"CNTN4",16,505,0.0316831683168317
"COL11A2",16,505,0.0316831683168317
"COL1A1",16,505,0.0316831683168317
"DIAPH3",16,505,0.0316831683168317
"DIO2",16,505,0.0316831683168317
"DIP2C",16,505,0.0316831683168317
"DMXL2",16,505,0.0316831683168317
"DOCK9",16,505,0.0316831683168317
"DRD2",16,505,0.0316831683168317
"DSC3",16,505,0.0316831683168317
"DYNC1I1",16,505,0.0316831683168317
"EBF3",16,505,0.0316831683168317
"ENTHD1",16,505,0.0316831683168317
"EPB41L2",16,505,0.0316831683168317
"FAM71A",16,505,0.0316831683168317
"FCRLA",16,505,0.0316831683168317
"FN1",16,505,0.0316831683168317
"GBP6",16,505,0.0316831683168317
"GJA8",16,505,0.0316831683168317
"GNAS",16,505,0.0316831683168317
"GPATCH8",16,505,0.0316831683168317
"GPR148",16,505,0.0316831683168317
"GPR179",16,505,0.0316831683168317
"GPRASP2",16,505,0.0316831683168317
"GRM3",16,505,0.0316831683168317
"HCFC1",16,505,0.0316831683168317
"HDX",16,505,0.0316831683168317
"HEATR5B",16,505,0.0316831683168317
"HECTD1",16,505,0.0316831683168317
"HNF4A",16,505,0.0316831683168317
"HSD3B2",16,505,0.0316831683168317
"HTR5A",16,505,0.0316831683168317
"ILDR2",16,505,0.0316831683168317
"IQGAP3",16,505,0.0316831683168317
"IRX1",16,505,0.0316831683168317
"KCNA1",16,505,0.0316831683168317
"KCNJ2",16,505,0.0316831683168317
"KCNK10",16,505,0.0316831683168317
"KCTD3",16,505,0.0316831683168317
"KDM5C",16,505,0.0316831683168317
"KIR2DL1",16,505,0.0316831683168317
"KRTAP11-1",16,505,0.0316831683168317
"LAMB3",16,505,0.0316831683168317
"LARP1",16,505,0.0316831683168317
"LHX8",16,505,0.0316831683168317
"LILRA1",16,505,0.0316831683168317
"LMO7",16,505,0.0316831683168317
"LMX1A",16,505,0.0316831683168317
"LPAR4",16,505,0.0316831683168317
"LRRN3",16,505,0.0316831683168317
"LTN1",16,505,0.0316831683168317
"LUM",16,505,0.0316831683168317
"MAGEB6",16,505,0.0316831683168317
"MAGI1",16,505,0.0316831683168317
"MAN2A1",16,505,0.0316831683168317
"MAP3K4",16,505,0.0316831683168317
"MBD5",16,505,0.0316831683168317
"MEGF8",16,505,0.0316831683168317
"MN1",16,505,0.0316831683168317
"MPO",16,505,0.0316831683168317
"MTR",16,505,0.0316831683168317
"MYO15A",16,505,0.0316831683168317
"MYO18A",16,505,0.0316831683168317
"MYO9A",16,505,0.0316831683168317
"NCOR1",16,505,0.0316831683168317
"NHS",16,505,0.0316831683168317
"NUP210L",16,505,0.0316831683168317
"OGT",16,505,0.0316831683168317
"OPHN1",16,505,0.0316831683168317
"OR10A2",16,505,0.0316831683168317
"OR10J1",16,505,0.0316831683168317
"OR10K1",16,505,0.0316831683168317
"OR10K2",16,505,0.0316831683168317
"OR13F1",16,505,0.0316831683168317
"OR13G1",16,505,0.0316831683168317
"OR2M7",16,505,0.0316831683168317
"OR2T2",16,505,0.0316831683168317
"OR4K17",16,505,0.0316831683168317
"OR51A7",16,505,0.0316831683168317
"OR51D1",16,505,0.0316831683168317
"OR52R1",16,505,0.0316831683168317
"OR5I1",16,505,0.0316831683168317
"OR6K6",16,505,0.0316831683168317
"OR6T1",16,505,0.0316831683168317
"OR8J1",16,505,0.0316831683168317
"OR8K3",16,505,0.0316831683168317
"PALLD",16,505,0.0316831683168317
"PCDH1",16,505,0.0316831683168317
"PCDH9",16,505,0.0316831683168317
"PCDHA13",16,505,0.0316831683168317
"PCDHB15",16,505,0.0316831683168317
"PEX5L",16,505,0.0316831683168317
"PGBD1",16,505,0.0316831683168317
"PGM5",16,505,0.0316831683168317
"PGR",16,505,0.0316831683168317
"PLA2G4A",16,505,0.0316831683168317
"PLCG2",16,505,0.0316831683168317
"POF1B",16,505,0.0316831683168317
"POLA1",16,505,0.0316831683168317
"POP1",16,505,0.0316831683168317
"PRAMEF19",16,505,0.0316831683168317
"PRKCG",16,505,0.0316831683168317
"PSG7",16,505,0.0316831683168317
"RASGRF2",16,505,0.0316831683168317
"RC3H2",16,505,0.0316831683168317
"RICTOR",16,505,0.0316831683168317
"RIMS1",16,505,0.0316831683168317
"ROBO4",16,505,0.0316831683168317
"RPE65",16,505,0.0316831683168317
"RPTN",16,505,0.0316831683168317
"SALL4",16,505,0.0316831683168317
"SCAF8",16,505,0.0316831683168317
"SCN9A",16,505,0.0316831683168317
"SERPINA3",16,505,0.0316831683168317
"SGO2",16,505,0.0316831683168317
"SH3TC2",16,505,0.0316831683168317
"SIPA1L1",16,505,0.0316831683168317
"SLC12A2",16,505,0.0316831683168317
"SLC30A10",16,505,0.0316831683168317
"SLC4A8",16,505,0.0316831683168317
"SLC6A18",16,505,0.0316831683168317
"SLC9A2",16,505,0.0316831683168317
"SLCO1B1",16,505,0.0316831683168317
"SMYD1",16,505,0.0316831683168317
"SPAG16",16,505,0.0316831683168317
"SPTBN4",16,505,0.0316831683168317
"SSTR4",16,505,0.0316831683168317
"STK31",16,505,0.0316831683168317
"SYNE3",16,505,0.0316831683168317
"TAF1",16,505,0.0316831683168317
"TANC1",16,505,0.0316831683168317
"TIAM2",16,505,0.0316831683168317
"TRIM48",16,505,0.0316831683168317
"TRIM9",16,505,0.0316831683168317
"TRIP12",16,505,0.0316831683168317
"TSHR",16,505,0.0316831683168317
"TTK",16,505,0.0316831683168317
"TTLL7",16,505,0.0316831683168317
"URB2",16,505,0.0316831683168317
"USP6",16,505,0.0316831683168317
"VN1R2",16,505,0.0316831683168317
"WDR64",16,505,0.0316831683168317
"WDR7",16,505,0.0316831683168317
"ZFP57",16,505,0.0316831683168317
"ZNF107",16,505,0.0316831683168317
"ZNF462",16,505,0.0316831683168317
"ZNF518B",16,505,0.0316831683168317
"ZNF560",16,505,0.0316831683168317
"ZNF638",16,505,0.0316831683168317
"ZNF677",16,505,0.0316831683168317
"ZNF91",16,505,0.0316831683168317
"AASS",15,505,0.0297029702970297
"ABCB4",15,505,0.0297029702970297
"ABCG5",15,505,0.0297029702970297
"ABLIM3",15,505,0.0297029702970297
"ADAD1",15,505,0.0297029702970297
"ADAM18",15,505,0.0297029702970297
"ADAM29",15,505,0.0297029702970297
"ADAM33",15,505,0.0297029702970297
"ADGRB1",15,505,0.0297029702970297
"ADGRF4",15,505,0.0297029702970297
"AGRN",15,505,0.0297029702970297
"ALDH1L1",15,505,0.0297029702970297
"AMPD1",15,505,0.0297029702970297
"AMY2B",15,505,0.0297029702970297
"ANKFN1",15,505,0.0297029702970297
"ANKRD12",15,505,0.0297029702970297
"ANKRD26",15,505,0.0297029702970297
"ARMC5",15,505,0.0297029702970297
"ATP12A",15,505,0.0297029702970297
"ATP8B2",15,505,0.0297029702970297
"BIVM-ERCC5",15,505,0.0297029702970297
"BMT2",15,505,0.0297029702970297
"BRIP1",15,505,0.0297029702970297
"C8A",15,505,0.0297029702970297
"CACNA1H",15,505,0.0297029702970297
"CACNA2D3",15,505,0.0297029702970297
"CAMSAP2",15,505,0.0297029702970297
"CCDC171",15,505,0.0297029702970297
"CCDC40",15,505,0.0297029702970297
"CCDC88A",15,505,0.0297029702970297
"CCKAR",15,505,0.0297029702970297
"CEP152",15,505,0.0297029702970297
"CEP192",15,505,0.0297029702970297
"CFAP251",15,505,0.0297029702970297
"CFHR5",15,505,0.0297029702970297
"CHGB",15,505,0.0297029702970297
"CPNE4",15,505,0.0297029702970297
"CRB2",15,505,0.0297029702970297
"CROCC",15,505,0.0297029702970297
"CROT",15,505,0.0297029702970297
"CSF1R",15,505,0.0297029702970297
"CSPP1",15,505,0.0297029702970297
"CYLC2",15,505,0.0297029702970297
"CYP4F2",15,505,0.0297029702970297
"DHX9",15,505,0.0297029702970297
"DLGAP4",15,505,0.0297029702970297
"DNAI4",15,505,0.0297029702970297
"DNAJC6",15,505,0.0297029702970297
"DRP2",15,505,0.0297029702970297
"EFHB",15,505,0.0297029702970297
"ELMO1",15,505,0.0297029702970297
"ENPEP",15,505,0.0297029702970297
"ETNPPL",15,505,0.0297029702970297
"EXOC4",15,505,0.0297029702970297
"FCRL4",15,505,0.0297029702970297
"FERD3L",15,505,0.0297029702970297
"FGA",15,505,0.0297029702970297
"FOCAD",15,505,0.0297029702970297
"FRMD6",15,505,0.0297029702970297
"FRMD7",15,505,0.0297029702970297
"GALNTL6",15,505,0.0297029702970297
"GCC2",15,505,0.0297029702970297
"GLI1",15,505,0.0297029702970297
"GLP2R",15,505,0.0297029702970297
"GP2",15,505,0.0297029702970297
"GPR141",15,505,0.0297029702970297
"GPR149",15,505,0.0297029702970297
"GPR156",15,505,0.0297029702970297
"GRM6",15,505,0.0297029702970297
"HCN4",15,505,0.0297029702970297
"HDAC4",15,505,0.0297029702970297
"HK3",15,505,0.0297029702970297
"HOXA3",15,505,0.0297029702970297
"IGF2BP1",15,505,0.0297029702970297
"IL1RAPL2",15,505,0.0297029702970297
"IMPG1",15,505,0.0297029702970297
"ITK",15,505,0.0297029702970297
"ITPR1",15,505,0.0297029702970297
"KCNH6",15,505,0.0297029702970297
"KCNK9",15,505,0.0297029702970297
"KIF13A",15,505,0.0297029702970297
"KIR2DL4",15,505,0.0297029702970297
"KRTAP24-1",15,505,0.0297029702970297
"LDB2",15,505,0.0297029702970297
"LGR6",15,505,0.0297029702970297
"LINGO2",15,505,0.0297029702970297
"LRP12",15,505,0.0297029702970297
"LRRCC1",15,505,0.0297029702970297
"LUZP2",15,505,0.0297029702970297
"MAGEB18",15,505,0.0297029702970297
"MAGEB2",15,505,0.0297029702970297
"MAGEE1",15,505,0.0297029702970297
"MCF2L2",15,505,0.0297029702970297
"MGAT4C",15,505,0.0297029702970297
"MMP2",15,505,0.0297029702970297
"MRC2",15,505,0.0297029702970297
"MYH9",15,505,0.0297029702970297
"MYOM3",15,505,0.0297029702970297
"NAALAD2",15,505,0.0297029702970297
"NCAPD3",15,505,0.0297029702970297
"NEBL",15,505,0.0297029702970297
"NINL",15,505,0.0297029702970297
"NME8",15,505,0.0297029702970297
"NPR3",15,505,0.0297029702970297
"NRP2",15,505,0.0297029702970297
"NUP98",15,505,0.0297029702970297
"OLFM3",15,505,0.0297029702970297
"OR10W1",15,505,0.0297029702970297
"OR11L1",15,505,0.0297029702970297
"OR2D3",15,505,0.0297029702970297
"OR2T27",15,505,0.0297029702970297
"OR4A47",15,505,0.0297029702970297
"OR4D11",15,505,0.0297029702970297
"OR5B3",15,505,0.0297029702970297
"OR5M3",15,505,0.0297029702970297
"PARD3",15,505,0.0297029702970297
"PCDH11Y",15,505,0.0297029702970297
"PCDHGA12",15,505,0.0297029702970297
"PCDHGA7",15,505,0.0297029702970297
"PCF11",15,505,0.0297029702970297
"PDE6A",15,505,0.0297029702970297
"PHEX",15,505,0.0297029702970297
"PNLIP",15,505,0.0297029702970297
"POTEA",15,505,0.0297029702970297
"POU3F4",15,505,0.0297029702970297
"PPEF2",15,505,0.0297029702970297
"PRDM16",15,505,0.0297029702970297
"PRDM2",15,505,0.0297029702970297
"PRRC2B",15,505,0.0297029702970297
"PSG6",15,505,0.0297029702970297
"PTCH1",15,505,0.0297029702970297
"PTGS1",15,505,0.0297029702970297
"PTPRU",15,505,0.0297029702970297
"R3HCC1L",15,505,0.0297029702970297
"RET",15,505,0.0297029702970297
"REV3L",15,505,0.0297029702970297
"RFX4",15,505,0.0297029702970297
"ROCK1",15,505,0.0297029702970297
"RTL4",15,505,0.0297029702970297
"SH3BP4",15,505,0.0297029702970297
"SIRPG",15,505,0.0297029702970297
"SLC10A2",15,505,0.0297029702970297
"SLC1A3",15,505,0.0297029702970297
"SLC1A6",15,505,0.0297029702970297
"SLC45A2",15,505,0.0297029702970297
"SLC5A11",15,505,0.0297029702970297
"SLC5A12",15,505,0.0297029702970297
"SLC7A13",15,505,0.0297029702970297
"SLC9A9",15,505,0.0297029702970297
"SLCO1C1",15,505,0.0297029702970297
"SMC3",15,505,0.0297029702970297
"SMC4",15,505,0.0297029702970297
"SP100",15,505,0.0297029702970297
"STAB1",15,505,0.0297029702970297
"STARD8",15,505,0.0297029702970297
"STON2",15,505,0.0297029702970297
"SV2C",15,505,0.0297029702970297
"TBX18",15,505,0.0297029702970297
"TBX4",15,505,0.0297029702970297
"TCF20",15,505,0.0297029702970297
"TENT5D",15,505,0.0297029702970297
"TEX13A",15,505,0.0297029702970297
"TGFBR3",15,505,0.0297029702970297
"TLR7",15,505,0.0297029702970297
"TMPRSS11E",15,505,0.0297029702970297
"TPH2",15,505,0.0297029702970297
"TRIM29",15,505,0.0297029702970297
"TRPC3",15,505,0.0297029702970297
"TTBK1",15,505,0.0297029702970297
"UNC5A",15,505,0.0297029702970297
"UNC5B",15,505,0.0297029702970297
"USP51",15,505,0.0297029702970297
"VIRMA",15,505,0.0297029702970297
"WNK1",15,505,0.0297029702970297
"WRN",15,505,0.0297029702970297
"XIRP1",15,505,0.0297029702970297
"ZNF578",15,505,0.0297029702970297
"ZNF592",15,505,0.0297029702970297
"ZNF761",15,505,0.0297029702970297
"ZPLD1",15,505,0.0297029702970297
"ABCC12",14,505,0.0277227722772277
"ABCD2",14,505,0.0277227722772277
"AC100868.1",14,505,0.0277227722772277
"ADAMTS15",14,505,0.0277227722772277
"ADGRE2",14,505,0.0277227722772277
"AKAP3",14,505,0.0277227722772277
"AKAP4",14,505,0.0277227722772277
"ALG10",14,505,0.0277227722772277
"ANO7",14,505,0.0277227722772277
"ANTXR1",14,505,0.0277227722772277
"AOC1",14,505,0.0277227722772277
"ARHGAP25",14,505,0.0277227722772277
"ARHGAP31",14,505,0.0277227722772277
"ARMCX2",14,505,0.0277227722772277
"ASB5",14,505,0.0277227722772277
"ASIC4",14,505,0.0277227722772277
"ASXL2",14,505,0.0277227722772277
"ATP11C",14,505,0.0277227722772277
"AVPR1A",14,505,0.0277227722772277
"BCL9L",14,505,0.0277227722772277
"BPIFC",14,505,0.0277227722772277
"CACNA1D",14,505,0.0277227722772277
"CALCRL",14,505,0.0277227722772277
"CALN1",14,505,0.0277227722772277
"CARD6",14,505,0.0277227722772277
"CCDC150",14,505,0.0277227722772277
"CFAP58",14,505,0.0277227722772277
"CFHR4",14,505,0.0277227722772277
"CHRNA4",14,505,0.0277227722772277
"CHSY3",14,505,0.0277227722772277
"CILP2",14,505,0.0277227722772277
"CLEC16A",14,505,0.0277227722772277
"CMKLR1",14,505,0.0277227722772277
"COL16A1",14,505,0.0277227722772277
"CPB1",14,505,0.0277227722772277
"CPXM1",14,505,0.0277227722772277
"DAB2",14,505,0.0277227722772277
"DDR2",14,505,0.0277227722772277
"DOCK5",14,505,0.0277227722772277
"DYTN",14,505,0.0277227722772277
"EDNRB",14,505,0.0277227722772277
"EIF4G1",14,505,0.0277227722772277
"ELOA2",14,505,0.0277227722772277
"EMILIN2",14,505,0.0277227722772277
"EML5",14,505,0.0277227722772277
"EPHA4",14,505,0.0277227722772277
"EPHA8",14,505,0.0277227722772277
"ERCC6",14,505,0.0277227722772277
"FAM135A",14,505,0.0277227722772277
"FAM83C",14,505,0.0277227722772277
"FGB",14,505,0.0277227722772277
"FHL5",14,505,0.0277227722772277
"FIGN",14,505,0.0277227722772277
"FLRT2",14,505,0.0277227722772277
"FSCN3",14,505,0.0277227722772277
"FYB1",14,505,0.0277227722772277
"GAK",14,505,0.0277227722772277
"GBP5",14,505,0.0277227722772277
"GFRA1",14,505,0.0277227722772277
"GPC5",14,505,0.0277227722772277
"GPR45",14,505,0.0277227722772277
"GPR85",14,505,0.0277227722772277
"GPRIN1",14,505,0.0277227722772277
"GRIA2",14,505,0.0277227722772277
"HAPLN1",14,505,0.0277227722772277
"HCLS1",14,505,0.0277227722772277
"HDC",14,505,0.0277227722772277
"HOXA1",14,505,0.0277227722772277
"HPSE2",14,505,0.0277227722772277
"HS3ST5",14,505,0.0277227722772277
"HTT",14,505,0.0277227722772277
"IARS2",14,505,0.0277227722772277
"IGHM",14,505,0.0277227722772277
"IL1RL1",14,505,0.0277227722772277
"INTU",14,505,0.0277227722772277
"IQSEC3",14,505,0.0277227722772277
"ITGA2",14,505,0.0277227722772277
"ITSN2",14,505,0.0277227722772277
"JAK2",14,505,0.0277227722772277
"JAKMIP2",14,505,0.0277227722772277
"JCAD",14,505,0.0277227722772277
"JHY",14,505,0.0277227722772277
"KANSL1",14,505,0.0277227722772277
"KCNH2",14,505,0.0277227722772277
"KCNH3",14,505,0.0277227722772277
"KCNK18",14,505,0.0277227722772277
"KCNMA1",14,505,0.0277227722772277
"KDM3B",14,505,0.0277227722772277
"KDM6B",14,505,0.0277227722772277
"KIAA2026",14,505,0.0277227722772277
"KLB",14,505,0.0277227722772277
"KRBA1",14,505,0.0277227722772277
"LATS1",14,505,0.0277227722772277
"LRIT2",14,505,0.0277227722772277
"LRRK1",14,505,0.0277227722772277
"MAMLD1",14,505,0.0277227722772277
"MARCHF11",14,505,0.0277227722772277
"MCC",14,505,0.0277227722772277
"MGAT3",14,505,0.0277227722772277
"MIOS",14,505,0.0277227722772277
"MMP13",14,505,0.0277227722772277
"MTMR8",14,505,0.0277227722772277
"MUC4",14,505,0.0277227722772277
"MYO5B",14,505,0.0277227722772277
"MYOC",14,505,0.0277227722772277
"MYRF",14,505,0.0277227722772277
"NEDD4",14,505,0.0277227722772277
"NFATC2",14,505,0.0277227722772277
"NIN",14,505,0.0277227722772277
"NLRP9",14,505,0.0277227722772277
"NPY5R",14,505,0.0277227722772277
"NR5A2",14,505,0.0277227722772277
"NRG1",14,505,0.0277227722772277
"NUF2",14,505,0.0277227722772277
"NUTM1",14,505,0.0277227722772277
"NYNRIN",14,505,0.0277227722772277
"OBSL1",14,505,0.0277227722772277
"OFD1",14,505,0.0277227722772277
"OR14I1",14,505,0.0277227722772277
"OR51E2",14,505,0.0277227722772277
"OR51S1",14,505,0.0277227722772277
"OR52K1",14,505,0.0277227722772277
"OR5AR1",14,505,0.0277227722772277
"OR5K3",14,505,0.0277227722772277
"OR5M10",14,505,0.0277227722772277
"OTUD6A",14,505,0.0277227722772277
"PABPC5",14,505,0.0277227722772277
"PAK3",14,505,0.0277227722772277
"PALM2AKAP2",14,505,0.0277227722772277
"PCDHB1",14,505,0.0277227722772277
"PCDHGB5",14,505,0.0277227722772277
"PDGFRB",14,505,0.0277227722772277
"PI4KA",14,505,0.0277227722772277
"PKD2",14,505,0.0277227722772277
"PKP4",14,505,0.0277227722772277
"PLCXD3",14,505,0.0277227722772277
"PLXNB3",14,505,0.0277227722772277
"POLR3B",14,505,0.0277227722772277
"PPARGC1B",14,505,0.0277227722772277
"PRAMEF18",14,505,0.0277227722772277
"PREPL",14,505,0.0277227722772277
"PSME4",14,505,0.0277227722772277
"PTCHD1",14,505,0.0277227722772277
"PTPN14",14,505,0.0277227722772277
"PTPRO",14,505,0.0277227722772277
"QSER1",14,505,0.0277227722772277
"RAPGEF6",14,505,0.0277227722772277
"REG1A",14,505,0.0277227722772277
"RLF",14,505,0.0277227722772277
"RPGRIP1",14,505,0.0277227722772277
"RPS6KA6",14,505,0.0277227722772277
"RREB1",14,505,0.0277227722772277
"SERPINA6",14,505,0.0277227722772277
"SERPINA7",14,505,0.0277227722772277
"SF1",14,505,0.0277227722772277
"SF3B1",14,505,0.0277227722772277
"SHANK2",14,505,0.0277227722772277
"SIM1",14,505,0.0277227722772277
"SLC17A3",14,505,0.0277227722772277
"SLC17A8",14,505,0.0277227722772277
"SLC18A3",14,505,0.0277227722772277
"SLC22A12",14,505,0.0277227722772277
"SLC22A16",14,505,0.0277227722772277
"SLC28A3",14,505,0.0277227722772277
"SLC2A10",14,505,0.0277227722772277
"SOX6",14,505,0.0277227722772277
"SPTBN2",14,505,0.0277227722772277
"ST6GALNAC3",14,505,0.0277227722772277
"STAG3",14,505,0.0277227722772277
"SUPT6H",14,505,0.0277227722772277
"SYT16",14,505,0.0277227722772277
"TAAR6",14,505,0.0277227722772277
"TBR1",14,505,0.0277227722772277
"TBX3",14,505,0.0277227722772277
"TECPR2",14,505,0.0277227722772277
"TGM4",14,505,0.0277227722772277
"TLR8",14,505,0.0277227722772277
"TRAPPC8",14,505,0.0277227722772277
"TRIM49",14,505,0.0277227722772277
"TTC17",14,505,0.0277227722772277
"TUBB8",14,505,0.0277227722772277
"UMODL1",14,505,0.0277227722772277
"USP7",14,505,0.0277227722772277
"UTP20",14,505,0.0277227722772277
"XDH",14,505,0.0277227722772277
"XKR7",14,505,0.0277227722772277
"ZBTB41",14,505,0.0277227722772277
"ZFP30",14,505,0.0277227722772277
"ZNF135",14,505,0.0277227722772277
"ZNF496",14,505,0.0277227722772277
"ABCA4",13,505,0.0257425742574257
"ABCG8",13,505,0.0257425742574257
"ACE",13,505,0.0257425742574257
"ACSS3",13,505,0.0257425742574257
"ADAM22",13,505,0.0257425742574257
"ADAMTS4",13,505,0.0257425742574257
"ADGRD1",13,505,0.0257425742574257
"ADGRG7",13,505,0.0257425742574257
"AIFM1",13,505,0.0257425742574257
"AKAP1",13,505,0.0257425742574257
"ALS2",13,505,0.0257425742574257
"ANGPT1",13,505,0.0257425742574257
"ANKRD44",13,505,0.0257425742574257
"AOAH",13,505,0.0257425742574257
"ARFGEF2",13,505,0.0257425742574257
"ARHGAP5",13,505,0.0257425742574257
"ARMCX5-GPRASP2",13,505,0.0257425742574257
"ASAH2",13,505,0.0257425742574257
"ASXL1",13,505,0.0257425742574257
"ATOH1",13,505,0.0257425742574257
"ATP10A",13,505,0.0257425742574257
"ATP4A",13,505,0.0257425742574257
"ATXN2L",13,505,0.0257425742574257
"BBX",13,505,0.0257425742574257
"BCAS3",13,505,0.0257425742574257
"BCKDHB",13,505,0.0257425742574257
"BPI",13,505,0.0257425742574257
"C10orf90",13,505,0.0257425742574257
"C3orf20",13,505,0.0257425742574257
"CA10",13,505,0.0257425742574257
"CABS1",13,505,0.0257425742574257
"CACNG3",13,505,0.0257425742574257
"CAPN11",13,505,0.0257425742574257
"CARMIL1",13,505,0.0257425742574257
"CCDC136",13,505,0.0257425742574257
"CCDC39",13,505,0.0257425742574257
"CD93",13,505,0.0257425742574257
"CDHR1",13,505,0.0257425742574257
"CELSR1",13,505,0.0257425742574257
"CFAP46",13,505,0.0257425742574257
"CHD4",13,505,0.0257425742574257
"CHRD",13,505,0.0257425742574257
"CHRNA1",13,505,0.0257425742574257
"CHRND",13,505,0.0257425742574257
"CIT",13,505,0.0257425742574257
"CKAP5",13,505,0.0257425742574257
"CNOT1",13,505,0.0257425742574257
"CNR1",13,505,0.0257425742574257
"CNST",13,505,0.0257425742574257
"COP1",13,505,0.0257425742574257
"COPA",13,505,0.0257425742574257
"CPA4",13,505,0.0257425742574257
"CRIM1",13,505,0.0257425742574257
"CRYBG2",13,505,0.0257425742574257
"CSRNP3",13,505,0.0257425742574257
"CTAGE1",13,505,0.0257425742574257
"CUL9",13,505,0.0257425742574257
"CYYR1",13,505,0.0257425742574257
"DCLRE1A",13,505,0.0257425742574257
"DCTN1",13,505,0.0257425742574257
"DIAPH2",13,505,0.0257425742574257
"DIP2B",13,505,0.0257425742574257
"DISP1",13,505,0.0257425742574257
"DLK1",13,505,0.0257425742574257
"DLX5",13,505,0.0257425742574257
"DNAJC13",13,505,0.0257425742574257
"DOCK3",13,505,0.0257425742574257
"DOK6",13,505,0.0257425742574257
"DRC1",13,505,0.0257425742574257
"DRD3",13,505,0.0257425742574257
"DSC1",13,505,0.0257425742574257
"E2F7",13,505,0.0257425742574257
"EHBP1",13,505,0.0257425742574257
"ENPP1",13,505,0.0257425742574257
"ESRRG",13,505,0.0257425742574257
"EXO1",13,505,0.0257425742574257
"EYA2",13,505,0.0257425742574257
"FAP",13,505,0.0257425742574257
"FGD6",13,505,0.0257425742574257
"FHDC1",13,505,0.0257425742574257
"FIG4",13,505,0.0257425742574257
"FLI1",13,505,0.0257425742574257
"FPGT-TNNI3K",13,505,0.0257425742574257
"FRMPD3",13,505,0.0257425742574257
"GALNT15",13,505,0.0257425742574257
"GBF1",13,505,0.0257425742574257
"GDF2",13,505,0.0257425742574257
"GIMAP6",13,505,0.0257425742574257
"GLG1",13,505,0.0257425742574257
"GON4L",13,505,0.0257425742574257
"GPC4",13,505,0.0257425742574257
"GPR32",13,505,0.0257425742574257
"GPR37",13,505,0.0257425742574257
"GUCY1A1",13,505,0.0257425742574257
"HCK",13,505,0.0257425742574257
"HELQ",13,505,0.0257425742574257
"HELZ2",13,505,0.0257425742574257
"HEPACAM2",13,505,0.0257425742574257
"HRH2",13,505,0.0257425742574257
"HSPA12A",13,505,0.0257425742574257
"HTATSF1",13,505,0.0257425742574257
"IFI16",13,505,0.0257425742574257
"IGKV1-5",13,505,0.0257425742574257
"IGSF11",13,505,0.0257425742574257
"IL31RA",13,505,0.0257425742574257
"ISL1",13,505,0.0257425742574257
"JARID2",13,505,0.0257425742574257
"KCNS2",13,505,0.0257425742574257
"KIAA1522",13,505,0.0257425742574257
"KIDINS220",13,505,0.0257425742574257
"KIF14",13,505,0.0257425742574257
"KIF17",13,505,0.0257425742574257
"KIF4A",13,505,0.0257425742574257
"KIF6",13,505,0.0257425742574257
"KIR2DL3",13,505,0.0257425742574257
"KIR3DL3",13,505,0.0257425742574257
"KIRREL2",13,505,0.0257425742574257
"KL",13,505,0.0257425742574257
"KLHL14",13,505,0.0257425742574257
"KNDC1",13,505,0.0257425742574257
"KYNU",13,505,0.0257425742574257
"LAMB2",13,505,0.0257425742574257
"LAMP5",13,505,0.0257425742574257
"LARGE1",13,505,0.0257425742574257
"LARP4B",13,505,0.0257425742574257
"LEF1",13,505,0.0257425742574257
"LGI2",13,505,0.0257425742574257
"LILRB5",13,505,0.0257425742574257
"LIPI",13,505,0.0257425742574257
"LONRF3",13,505,0.0257425742574257
"LRGUK",13,505,0.0257425742574257
"LRRC4B",13,505,0.0257425742574257
"LZTS1",13,505,0.0257425742574257
"MAGEA12",13,505,0.0257425742574257
"MAGEB1",13,505,0.0257425742574257
"MAGEB10",13,505,0.0257425742574257
"MAGEB16",13,505,0.0257425742574257
"MAP1A",13,505,0.0257425742574257
"MAP3K9",13,505,0.0257425742574257
"MCHR2",13,505,0.0257425742574257
"MCM4",13,505,0.0257425742574257
"MED13",13,505,0.0257425742574257
"MME",13,505,0.0257425742574257
"MMS22L",13,505,0.0257425742574257
"MMUT",13,505,0.0257425742574257
"MORC4",13,505,0.0257425742574257
"MPDZ",13,505,0.0257425742574257
"MUC6",13,505,0.0257425742574257
"MYF5",13,505,0.0257425742574257
"NAALADL2",13,505,0.0257425742574257
"NAP1L3",13,505,0.0257425742574257
"NFE2L2",13,505,0.0257425742574257
"NFRKB",13,505,0.0257425742574257
"NLRP1",13,505,0.0257425742574257
"NOD2",13,505,0.0257425742574257
"NOX4",13,505,0.0257425742574257
"NR4A2",13,505,0.0257425742574257
"NXF3",13,505,0.0257425742574257
"NYAP2",13,505,0.0257425742574257
"OPLAH",13,505,0.0257425742574257
"OPN5",13,505,0.0257425742574257
"OR10G7",13,505,0.0257425742574257
"OR11G2",13,505,0.0257425742574257
"OR11H6",13,505,0.0257425742574257
"OR13C5",13,505,0.0257425742574257
"OR1S1",13,505,0.0257425742574257
"OR2A12",13,505,0.0257425742574257
"OR2A5",13,505,0.0257425742574257
"OR2F2",13,505,0.0257425742574257
"OR2H1",13,505,0.0257425742574257
"OR2J2",13,505,0.0257425742574257
"OR2T10",13,505,0.0257425742574257
"OR4D6",13,505,0.0257425742574257
"OR4K1",13,505,0.0257425742574257
"OR4P4",13,505,0.0257425742574257
"OR51T1",13,505,0.0257425742574257
"OR56A3",13,505,0.0257425742574257
"OR5A1",13,505,0.0257425742574257
"OR5B2",13,505,0.0257425742574257
"OR5R1",13,505,0.0257425742574257
"OR6K3",13,505,0.0257425742574257
"PALB2",13,505,0.0257425742574257
"PCARE",13,505,0.0257425742574257
"PCDHA10",13,505,0.0257425742574257
"PCDHGA10",13,505,0.0257425742574257
"PCDHGB4",13,505,0.0257425742574257
"PCDHGB7",13,505,0.0257425742574257
"PDE3B",13,505,0.0257425742574257
"PDE4DIP",13,505,0.0257425742574257
"PHACTR3",13,505,0.0257425742574257
"PHF14",13,505,0.0257425742574257
"PHF20L1",13,505,0.0257425742574257
"PHKA1",13,505,0.0257425742574257
"PIWIL1",13,505,0.0257425742574257
"PLXND1",13,505,0.0257425742574257
"PNPLA6",13,505,0.0257425742574257
"POT1",13,505,0.0257425742574257
"POU6F2",13,505,0.0257425742574257
"PRAMEF20",13,505,0.0257425742574257
"PRAMEF4",13,505,0.0257425742574257
"PRKN",13,505,0.0257425742574257
"PRLR",13,505,0.0257425742574257
"PRSS38",13,505,0.0257425742574257
"PSG5",13,505,0.0257425742574257
"PSG9",13,505,0.0257425742574257
"PTH2R",13,505,0.0257425742574257
"RAB11FIP1",13,505,0.0257425742574257
"RAB3GAP2",13,505,0.0257425742574257
"RABGAP1L",13,505,0.0257425742574257
"RALYL",13,505,0.0257425742574257
"REM1",13,505,0.0257425742574257
"RFX6",13,505,0.0257425742574257
"RIPOR2",13,505,0.0257425742574257
"RNF17",13,505,0.0257425742574257
"RPL10L",13,505,0.0257425742574257
"RPTOR",13,505,0.0257425742574257
"RXRG",13,505,0.0257425742574257
"SEMA3C",13,505,0.0257425742574257
"SEPTIN14",13,505,0.0257425742574257
"SERPINA11",13,505,0.0257425742574257
"SERPINB7",13,505,0.0257425742574257
"SFMBT2",13,505,0.0257425742574257
"SHROOM3",13,505,0.0257425742574257
"SIGLEC8",13,505,0.0257425742574257
"SIPA1L3",13,505,0.0257425742574257
"SLC22A7",13,505,0.0257425742574257
"SLC39A6",13,505,0.0257425742574257
"SLC5A4",13,505,0.0257425742574257
"SLC5A8",13,505,0.0257425742574257
"SLC9A6",13,505,0.0257425742574257
"SND1",13,505,0.0257425742574257
"SNRPN",13,505,0.0257425742574257
"SUN1",13,505,0.0257425742574257
"SUPT20HL1",13,505,0.0257425742574257
"SUPT20HL2",13,505,0.0257425742574257
"SYCP1",13,505,0.0257425742574257
"SYCP2",13,505,0.0257425742574257
"SYCP2L",13,505,0.0257425742574257
"SYNRG",13,505,0.0257425742574257
"SYTL4",13,505,0.0257425742574257
"TCF4",13,505,0.0257425742574257
"TDRD1",13,505,0.0257425742574257
"TEX11",13,505,0.0257425742574257
"TFAP2B",13,505,0.0257425742574257
"THEMIS",13,505,0.0257425742574257
"TMPRSS11F",13,505,0.0257425742574257
"TOX2",13,505,0.0257425742574257
"TRAPPC9",13,505,0.0257425742574257
"TRERF1",13,505,0.0257425742574257
"TTC12",13,505,0.0257425742574257
"TTC29",13,505,0.0257425742574257
"TUBB4A",13,505,0.0257425742574257
"UBE4B",13,505,0.0257425742574257
"UBN2",13,505,0.0257425742574257
"UBQLN3",13,505,0.0257425742574257
"UGT2A3",13,505,0.0257425742574257
"UGT2B7",13,505,0.0257425742574257
"UGT3A2",13,505,0.0257425742574257
"ULK4",13,505,0.0257425742574257
"UNC80",13,505,0.0257425742574257
"USH1C",13,505,0.0257425742574257
"VANGL2",13,505,0.0257425742574257
"VPS50",13,505,0.0257425742574257
"VWA8",13,505,0.0257425742574257
"WASHC2C",13,505,0.0257425742574257
"WT1",13,505,0.0257425742574257
"XRN1",13,505,0.0257425742574257
"ZC3H12C",13,505,0.0257425742574257
"ZCCHC12",13,505,0.0257425742574257
"ZFYVE28",13,505,0.0257425742574257
"ZIC3",13,505,0.0257425742574257
"ZKSCAN2",13,505,0.0257425742574257
"ZMYND8",13,505,0.0257425742574257
"ZNF229",13,505,0.0257425742574257
"ZNF235",13,505,0.0257425742574257
"ZNF248",13,505,0.0257425742574257
"ZNF304",13,505,0.0257425742574257
"ZNF365",13,505,0.0257425742574257
"ZNF407",13,505,0.0257425742574257
"ZNF585B",13,505,0.0257425742574257
"ZNF658",13,505,0.0257425742574257
"ZNF780B",13,505,0.0257425742574257
"ZSCAN20",13,505,0.0257425742574257
"ZWINT",13,505,0.0257425742574257
"ABCA1",12,505,0.0237623762376238
"ABCC2",12,505,0.0237623762376238
"ACTC1",12,505,0.0237623762376238
"ADAM11",12,505,0.0237623762376238
"ADARB1",12,505,0.0237623762376238
"ADCYAP1R1",12,505,0.0237623762376238
"ADGRB2",12,505,0.0237623762376238
"ADGRF2",12,505,0.0237623762376238
"AGXT2",12,505,0.0237623762376238
"AKAP11",12,505,0.0237623762376238
"AKR1B15",12,505,0.0237623762376238
"ALDH8A1",12,505,0.0237623762376238
"ANGPT4",12,505,0.0237623762376238
"ANKRD55",12,505,0.0237623762376238
"ANLN",12,505,0.0237623762376238
"AP002512.3",12,505,0.0237623762376238
"APBA2",12,505,0.0237623762376238
"APCS",12,505,0.0237623762376238
"ARHGAP15",12,505,0.0237623762376238
"ARHGAP33",12,505,0.0237623762376238
"ARID4A",12,505,0.0237623762376238
"ARMC4",12,505,0.0237623762376238
"ARSF",12,505,0.0237623762376238
"ASB17",12,505,0.0237623762376238
"ASIC2",12,505,0.0237623762376238
"ATAD2",12,505,0.0237623762376238
"ATG2A",12,505,0.0237623762376238
"ATP2C1",12,505,0.0237623762376238
"ATP8B3",12,505,0.0237623762376238
"BMP7",12,505,0.0237623762376238
"BOC",12,505,0.0237623762376238
"C12orf40",12,505,0.0237623762376238
"C3",12,505,0.0237623762376238
"CADM2",12,505,0.0237623762376238
"CADM3",12,505,0.0237623762376238
"CALD1",12,505,0.0237623762376238
"CARMIL2",12,505,0.0237623762376238
"CCDC144A",12,505,0.0237623762376238
"CCDC63",12,505,0.0237623762376238
"CCDC87",12,505,0.0237623762376238
"CD22",12,505,0.0237623762376238
"CELSR2",12,505,0.0237623762376238
"CEP126",12,505,0.0237623762376238
"CERKL",12,505,0.0237623762376238
"CHAF1A",12,505,0.0237623762376238
"CHD3",12,505,0.0237623762376238
"CILP",12,505,0.0237623762376238
"CLTC",12,505,0.0237623762376238
"COL28A1",12,505,0.0237623762376238
"COL9A3",12,505,0.0237623762376238
"CPA3",12,505,0.0237623762376238
"CREB5",12,505,0.0237623762376238
"CRMP1",12,505,0.0237623762376238
"CSF2RB",12,505,0.0237623762376238
"CTSG",12,505,0.0237623762376238
"CXorf66",12,505,0.0237623762376238
"CYFIP2",12,505,0.0237623762376238
"CYP4B1",12,505,0.0237623762376238
"CYP4F3",12,505,0.0237623762376238
"DDB1",12,505,0.0237623762376238
"DDI1",12,505,0.0237623762376238
"DDIAS",12,505,0.0237623762376238
"DDX60",12,505,0.0237623762376238
"DDX60L",12,505,0.0237623762376238
"DICER1",12,505,0.0237623762376238
"DIP2A",12,505,0.0237623762376238
"DKK2",12,505,0.0237623762376238
"DMBX1",12,505,0.0237623762376238
"DNAJC10",12,505,0.0237623762376238
"DRD1",12,505,0.0237623762376238
"DROSHA",12,505,0.0237623762376238
"DSG2",12,505,0.0237623762376238
"DSTYK",12,505,0.0237623762376238
"DUSP22",12,505,0.0237623762376238
"DZIP1L",12,505,0.0237623762376238
"EBF1",12,505,0.0237623762376238
"EFCAB6",12,505,0.0237623762376238
"EGF",12,505,0.0237623762376238
"EIF4G3",12,505,0.0237623762376238
"ELAPOR2",12,505,0.0237623762376238
"EMSY",12,505,0.0237623762376238
"ENAM",12,505,0.0237623762376238
"ENOX2",12,505,0.0237623762376238
"ERICH6",12,505,0.0237623762376238
"ERN2",12,505,0.0237623762376238
"ESPNL",12,505,0.0237623762376238
"F11",12,505,0.0237623762376238
"F9",12,505,0.0237623762376238
"FAM131B",12,505,0.0237623762376238
"FAM13C",12,505,0.0237623762376238
"FER",12,505,0.0237623762376238
"FIGNL1",12,505,0.0237623762376238
"FKBP6",12,505,0.0237623762376238
"FLRT3",12,505,0.0237623762376238
"FMR1",12,505,0.0237623762376238
"FOXI1",12,505,0.0237623762376238
"FUT9",12,505,0.0237623762376238
"GALNT8",12,505,0.0237623762376238
"GATA3",12,505,0.0237623762376238
"GIMAP8",12,505,0.0237623762376238
"GJA10",12,505,0.0237623762376238
"GPRIN3",12,505,0.0237623762376238
"GRAMD1B",12,505,0.0237623762376238
"GRB10",12,505,0.0237623762376238
"GTDC1",12,505,0.0237623762376238
"HIP1",12,505,0.0237623762376238
"HOXB1",12,505,0.0237623762376238
"IGHV3OR16-8",12,505,0.0237623762376238
"IGKV1-16",12,505,0.0237623762376238
"IGKV1D-16",12,505,0.0237623762376238
"IGKV1D-17",12,505,0.0237623762376238
"IGKV3D-11",12,505,0.0237623762376238
"IGSF3",12,505,0.0237623762376238
"IKZF1",12,505,0.0237623762376238
"IL21R",12,505,0.0237623762376238
"IQSEC2",12,505,0.0237623762376238
"IRX2",12,505,0.0237623762376238
"ITGAV",12,505,0.0237623762376238
"ITGB8",12,505,0.0237623762376238
"ITPRID2",12,505,0.0237623762376238
"JAG1",12,505,0.0237623762376238
"KCNG1",12,505,0.0237623762376238
"KCNJ16",12,505,0.0237623762376238
"KCNK13",12,505,0.0237623762376238
"KCNN2",12,505,0.0237623762376238
"KDM2B",12,505,0.0237623762376238
"KDM4C",12,505,0.0237623762376238
"KDM5B",12,505,0.0237623762376238
"KDM6A",12,505,0.0237623762376238
"KIAA1549",12,505,0.0237623762376238
"KIAA1614",12,505,0.0237623762376238
"KIF1B",12,505,0.0237623762376238
"KLHL13",12,505,0.0237623762376238
"KLHL6",12,505,0.0237623762376238
"KMT2B",12,505,0.0237623762376238
"KRT34",12,505,0.0237623762376238
"KRT37",12,505,0.0237623762376238
"KRT38",12,505,0.0237623762376238
"KRT82",12,505,0.0237623762376238
"KRTAP5-10",12,505,0.0237623762376238
"KSR1",12,505,0.0237623762376238
"LHCGR",12,505,0.0237623762376238
"LIFR",12,505,0.0237623762376238
"LILRB3",12,505,0.0237623762376238
"LRP6",12,505,0.0237623762376238
"LSAMP",12,505,0.0237623762376238
"LZTR1",12,505,0.0237623762376238
"MAGEA4",12,505,0.0237623762376238
"MAGED2",12,505,0.0237623762376238
"MANBA",12,505,0.0237623762376238
"MBL2",12,505,0.0237623762376238
"MED1",12,505,0.0237623762376238
"MED23",12,505,0.0237623762376238
"MEFV",12,505,0.0237623762376238
"MEOX2",12,505,0.0237623762376238
"MINDY4",12,505,0.0237623762376238
"MON2",12,505,0.0237623762376238
"MS4A4A",12,505,0.0237623762376238
"MTNR1A",12,505,0.0237623762376238
"MTREX",12,505,0.0237623762376238
"MYBPC3",12,505,0.0237623762376238
"MYO10",12,505,0.0237623762376238
"MYO9B",12,505,0.0237623762376238
"NCOA3",12,505,0.0237623762376238
"NCSTN",12,505,0.0237623762376238
"NDST3",12,505,0.0237623762376238
"NEGR1",12,505,0.0237623762376238
"NEK10",12,505,0.0237623762376238
"NEU4",12,505,0.0237623762376238
"NFAT5",12,505,0.0237623762376238
"NFATC3",12,505,0.0237623762376238
"NIPAL4",12,505,0.0237623762376238
"NNT",12,505,0.0237623762376238
"NOS1AP",12,505,0.0237623762376238
"NPR1",12,505,0.0237623762376238
"NPY1R",12,505,0.0237623762376238
"OR1S2",12,505,0.0237623762376238
"OR2C3",12,505,0.0237623762376238
"OR4E2",12,505,0.0237623762376238
"OR4K5",12,505,0.0237623762376238
"OR51F1",12,505,0.0237623762376238
"OR52A5",12,505,0.0237623762376238
"OR56A1",12,505,0.0237623762376238
"OR5M8",12,505,0.0237623762376238
"OR6B1",12,505,0.0237623762376238
"OR6Q1",12,505,0.0237623762376238
"OR7D4",12,505,0.0237623762376238
"OR8G5",12,505,0.0237623762376238
"OR9G4",12,505,0.0237623762376238
"OSBPL3",12,505,0.0237623762376238
"OSBPL6",12,505,0.0237623762376238
"OTUD7A",12,505,0.0237623762376238
"PAX1",12,505,0.0237623762376238
"PCDHAC1",12,505,0.0237623762376238
"PCDHGA11",12,505,0.0237623762376238
"PDE1A",12,505,0.0237623762376238
"PDE6B",12,505,0.0237623762376238
"PEAR1",12,505,0.0237623762376238
"PIK3C3",12,505,0.0237623762376238
"PKD1L2",12,505,0.0237623762376238
"PKD2L1",12,505,0.0237623762376238
"PLA2R1",12,505,0.0237623762376238
"PLCH2",12,505,0.0237623762376238
"PLEKHA7",12,505,0.0237623762376238
"PLEKHH2",12,505,0.0237623762376238
"PLXDC2",12,505,0.0237623762376238
"PLXNA1",12,505,0.0237623762376238
"PMS1",12,505,0.0237623762376238
"POLR2A",12,505,0.0237623762376238
"PPP1R12B",12,505,0.0237623762376238
"PRAMEF2",12,505,0.0237623762376238
"PRDM10",12,505,0.0237623762376238
"PRKCI",12,505,0.0237623762376238
"PROKR2",12,505,0.0237623762376238
"PRSS36",12,505,0.0237623762376238
"PRSS55",12,505,0.0237623762376238
"PTPRF",12,505,0.0237623762376238
"PTPRJ",12,505,0.0237623762376238
"PTPRM",12,505,0.0237623762376238
"R3HDM1",12,505,0.0237623762376238
"RAPGEF4",12,505,0.0237623762376238
"RGS6",12,505,0.0237623762376238
"RIPOR3",12,505,0.0237623762376238
"RNF20",12,505,0.0237623762376238
"RPAP1",12,505,0.0237623762376238
"RPGRIP1L",12,505,0.0237623762376238
"RPH3A",12,505,0.0237623762376238
"RXFP3",12,505,0.0237623762376238
"SASH1",12,505,0.0237623762376238
"SBF2",12,505,0.0237623762376238
"SCG2",12,505,0.0237623762376238
"SCML2",12,505,0.0237623762376238
"SECISBP2L",12,505,0.0237623762376238
"SELE",12,505,0.0237623762376238
"SEMA3E",12,505,0.0237623762376238
"SEMA6A",12,505,0.0237623762376238
"SERPINA5",12,505,0.0237623762376238
"SERPINB11",12,505,0.0237623762376238
"SERPINB12",12,505,0.0237623762376238
"SETD1A",12,505,0.0237623762376238
"SIGLEC9",12,505,0.0237623762376238
"SLC17A4",12,505,0.0237623762376238
"SLC18A1",12,505,0.0237623762376238
"SLC22A6",12,505,0.0237623762376238
"SLC24A4",12,505,0.0237623762376238
"SLC24A5",12,505,0.0237623762376238
"SLC35F1",12,505,0.0237623762376238
"SLC5A1",12,505,0.0237623762376238
"SLC6A19",12,505,0.0237623762376238
"SLC6A2",12,505,0.0237623762376238
"SLC7A14",12,505,0.0237623762376238
"SLFN11",12,505,0.0237623762376238
"SMARCAD1",12,505,0.0237623762376238
"SMC2",12,505,0.0237623762376238
"SMO",12,505,0.0237623762376238
"SMOC1",12,505,0.0237623762376238
"SORBS1",12,505,0.0237623762376238
"SPATA16",12,505,0.0237623762376238
"SPATC1",12,505,0.0237623762376238
"SPPL2A",12,505,0.0237623762376238
"STARD13",12,505,0.0237623762376238
"STT3A",12,505,0.0237623762376238
"SULF1",12,505,0.0237623762376238
"TAF4",12,505,0.0237623762376238
"TARS1",12,505,0.0237623762376238
"TAS2R41",12,505,0.0237623762376238
"TBC1D31",12,505,0.0237623762376238
"TBX20",12,505,0.0237623762376238
"TENT4A",12,505,0.0237623762376238
"TEX14",12,505,0.0237623762376238
"TF",12,505,0.0237623762376238
"TINAG",12,505,0.0237623762376238
"TJP1",12,505,0.0237623762376238
"TLN1",12,505,0.0237623762376238
"TMEM168",12,505,0.0237623762376238
"TMPRSS11B",12,505,0.0237623762376238
"TNKS1BP1",12,505,0.0237623762376238
"TNS3",12,505,0.0237623762376238
"TPK1",12,505,0.0237623762376238
"TRAF3IP3",12,505,0.0237623762376238
"TSHZ1",12,505,0.0237623762376238
"TTC21A",12,505,0.0237623762376238
"TTC3",12,505,0.0237623762376238
"TTC37",12,505,0.0237623762376238
"TTI1",12,505,0.0237623762376238
"TULP4",12,505,0.0237623762376238
"TUT4",12,505,0.0237623762376238
"UACA",12,505,0.0237623762376238
"UBAP2",12,505,0.0237623762376238
"UBAP2L",12,505,0.0237623762376238
"UBC",12,505,0.0237623762376238
"UHRF1BP1L",12,505,0.0237623762376238
"URGCP",12,505,0.0237623762376238
"UROC1",12,505,0.0237623762376238
"USP24",12,505,0.0237623762376238
"USP31",12,505,0.0237623762376238
"VN1R4",12,505,0.0237623762376238
"VWC2",12,505,0.0237623762376238
"WDPCP",12,505,0.0237623762376238
"WWC3",12,505,0.0237623762376238
"WWP1",12,505,0.0237623762376238
"ZBTB20",12,505,0.0237623762376238
"ZC3H12B",12,505,0.0237623762376238
"ZFAT",12,505,0.0237623762376238
"ZFP64",12,505,0.0237623762376238
"ZNF148",12,505,0.0237623762376238
"ZNF160",12,505,0.0237623762376238
"ZNF221",12,505,0.0237623762376238
"ZNF226",12,505,0.0237623762376238
"ZNF267",12,505,0.0237623762376238
"ZNF280A",12,505,0.0237623762376238
"ZNF285",12,505,0.0237623762376238
"ZNF335",12,505,0.0237623762376238
"ZNF366",12,505,0.0237623762376238
"ZNF382",12,505,0.0237623762376238
"ZNF667",12,505,0.0237623762376238
"ZNF680",12,505,0.0237623762376238
"ZNF695",12,505,0.0237623762376238
"ZNF827",12,505,0.0237623762376238
"ZPBP",12,505,0.0237623762376238
"ZZZ3",12,505,0.0237623762376238
"AASDH",11,505,0.0217821782178218
"ABCC1",11,505,0.0217821782178218
"ABCG2",11,505,0.0217821782178218
"ACIN1",11,505,0.0217821782178218
"ACSL6",11,505,0.0217821782178218
"ACTRT2",11,505,0.0217821782178218
"ADAM7",11,505,0.0217821782178218
"ADGRG2",11,505,0.0217821782178218
"AHSG",11,505,0.0217821782178218
"AK5",11,505,0.0217821782178218
"AKAP17A",11,505,0.0217821782178218
"AKNA",11,505,0.0217821782178218
"ALOX5",11,505,0.0217821782178218
"ANKEF1",11,505,0.0217821782178218
"ANKRD27",11,505,0.0217821782178218
"AOPEP",11,505,0.0217821782178218
"AQR",11,505,0.0217821782178218
"ARAP3",11,505,0.0217821782178218
"ARHGAP11A",11,505,0.0217821782178218
"ARHGEF40",11,505,0.0217821782178218
"ARSG",11,505,0.0217821782178218
"ASB2",11,505,0.0217821782178218
"ATP13A4",11,505,0.0217821782178218
"ATP9A",11,505,0.0217821782178218
"BAIAP3",11,505,0.0217821782178218
"BARD1",11,505,0.0217821782178218
"BCAS1",11,505,0.0217821782178218
"BCR",11,505,0.0217821782178218
"BEST3",11,505,0.0217821782178218
"BMP10",11,505,0.0217821782178218
"BRSK1",11,505,0.0217821782178218
"BUB1",11,505,0.0217821782178218
"C1QB",11,505,0.0217821782178218
"C1orf141",11,505,0.0217821782178218
"C2CD5",11,505,0.0217821782178218
"CAMK2B",11,505,0.0217821782178218
"CAND1",11,505,0.0217821782178218
"CARMIL3",11,505,0.0217821782178218
"CASP2",11,505,0.0217821782178218
"CCDC148",11,505,0.0217821782178218
"CCDC7",11,505,0.0217821782178218
"CCIN",11,505,0.0217821782178218
"CD1C",11,505,0.0217821782178218
"CD200R1",11,505,0.0217821782178218
"CD226",11,505,0.0217821782178218
"CD6",11,505,0.0217821782178218
"CD86",11,505,0.0217821782178218
"CDC42BPA",11,505,0.0217821782178218
"CDH13",11,505,0.0217821782178218
"CDK5RAP2",11,505,0.0217821782178218
"CENPI",11,505,0.0217821782178218
"CEP135",11,505,0.0217821782178218
"CFAP44",11,505,0.0217821782178218
"CFAP52",11,505,0.0217821782178218
"CLCA1",11,505,0.0217821782178218
"CLEC14A",11,505,0.0217821782178218
"CLTCL1",11,505,0.0217821782178218
"CPA1",11,505,0.0217821782178218
"CPQ",11,505,0.0217821782178218
"CRISP3",11,505,0.0217821782178218
"CRNN",11,505,0.0217821782178218
"CRX",11,505,0.0217821782178218
"CSNK1A1L",11,505,0.0217821782178218
"CTDP1",11,505,0.0217821782178218
"CUL7",11,505,0.0217821782178218
"CYBB",11,505,0.0217821782178218
"CYFIP1",11,505,0.0217821782178218
"CYP2A13",11,505,0.0217821782178218
"CYP4F8",11,505,0.0217821782178218
"DCT",11,505,0.0217821782178218
"DGKG",11,505,0.0217821782178218
"DGKH",11,505,0.0217821782178218
"DHX34",11,505,0.0217821782178218
"DHX37",11,505,0.0217821782178218
"DMRT3",11,505,0.0217821782178218
"DPYSL4",11,505,0.0217821782178218
"DUOX2",11,505,0.0217821782178218
"DVL3",11,505,0.0217821782178218
"EFCAB5",11,505,0.0217821782178218
"EHD3",11,505,0.0217821782178218
"EHMT1",11,505,0.0217821782178218
"ELAVL2",11,505,0.0217821782178218
"ENPP3",11,505,0.0217821782178218
"EOMES",11,505,0.0217821782178218
"EPAS1",11,505,0.0217821782178218
"EPHB3",11,505,0.0217821782178218
"EPN2",11,505,0.0217821782178218
"ERBB2",11,505,0.0217821782178218
"ERBB3",11,505,0.0217821782178218
"ERC1",11,505,0.0217821782178218
"EVI5",11,505,0.0217821782178218
"EVPL",11,505,0.0217821782178218
"FGD1",11,505,0.0217821782178218
"FMO3",11,505,0.0217821782178218
"FTMT",11,505,0.0217821782178218
"FYB2",11,505,0.0217821782178218
"FYCO1",11,505,0.0217821782178218
"GAA",11,505,0.0217821782178218
"GABBR2",11,505,0.0217821782178218
"GABRR1",11,505,0.0217821782178218
"GCC1",11,505,0.0217821782178218
"GDF5",11,505,0.0217821782178218
"GPA33",11,505,0.0217821782178218
"GPR142",11,505,0.0217821782178218
"GPR26",11,505,0.0217821782178218
"GPR83",11,505,0.0217821782178218
"GRIK5",11,505,0.0217821782178218
"GRIP1",11,505,0.0217821782178218
"GRM4",11,505,0.0217821782178218
"GUCY2C",11,505,0.0217821782178218
"HAND2",11,505,0.0217821782178218
"HAO1",11,505,0.0217821782178218
"HAVCR1",11,505,0.0217821782178218
"HAVCR2",11,505,0.0217821782178218
"HDAC6",11,505,0.0217821782178218
"HEATR5A",11,505,0.0217821782178218
"HERC4",11,505,0.0217821782178218
"HHAT",11,505,0.0217821782178218
"HIPK1",11,505,0.0217821782178218
"HMGCLL1",11,505,0.0217821782178218
"HOXA5",11,505,0.0217821782178218
"HOXD3",11,505,0.0217821782178218
"HS3ST4",11,505,0.0217821782178218
"HTR6",11,505,0.0217821782178218
"IFI44L",11,505,0.0217821782178218
"IGHV1OR15-9",11,505,0.0217821782178218
"IGKV1-27",11,505,0.0217821782178218
"INSR",11,505,0.0217821782178218
"INTS1",11,505,0.0217821782178218
"IRGC",11,505,0.0217821782178218
"ITGA1",11,505,0.0217821782178218
"ITGA7",11,505,0.0217821782178218
"JAKMIP1",11,505,0.0217821782178218
"JPH1",11,505,0.0217821782178218
"JPH3",11,505,0.0217821782178218
"KAT14",11,505,0.0217821782178218
"KAT6A",11,505,0.0217821782178218
"KAT6B",11,505,0.0217821782178218
"KCNA6",11,505,0.0217821782178218
"KCND3",11,505,0.0217821782178218
"KIAA0319L",11,505,0.0217821782178218
"KIAA1958",11,505,0.0217821782178218
"KIF16B",11,505,0.0217821782178218
"KIF20B",11,505,0.0217821782178218
"KIR3DL2",11,505,0.0217821782178218
"KIRREL1",11,505,0.0217821782178218
"KLHL5",11,505,0.0217821782178218
"KRT74",11,505,0.0217821782178218
"KTN1",11,505,0.0217821782178218
"LAX1",11,505,0.0217821782178218
"LPP",11,505,0.0217821782178218
"LRPPRC",11,505,0.0217821782178218
"LRRC15",11,505,0.0217821782178218
"LRTM2",11,505,0.0217821782178218
"MAP3K13",11,505,0.0217821782178218
"MAPKBP1",11,505,0.0217821782178218
"MAPT",11,505,0.0217821782178218
"MARCHF1",11,505,0.0217821782178218
"MB21D2",11,505,0.0217821782178218
"MC3R",11,505,0.0217821782178218
"MEGF6",11,505,0.0217821782178218
"MEPE",11,505,0.0217821782178218
"MGAT5",11,505,0.0217821782178218
"MIA3",11,505,0.0217821782178218
"MIB1",11,505,0.0217821782178218
"MLIP",11,505,0.0217821782178218
"MPEG1",11,505,0.0217821782178218
"MRE11",11,505,0.0217821782178218
"MRGPRX4",11,505,0.0217821782178218
"MYEF2",11,505,0.0217821782178218
"MYO1H",11,505,0.0217821782178218
"NEO1",11,505,0.0217821782178218
"NLGN3",11,505,0.0217821782178218
"NPHP4",11,505,0.0217821782178218
"NPSR1",11,505,0.0217821782178218
"NRDE2",11,505,0.0217821782178218
"NT5C1B",11,505,0.0217821782178218
"NUMA1",11,505,0.0217821782178218
"NUP133",11,505,0.0217821782178218
"NWD1",11,505,0.0217821782178218
"NXPE4",11,505,0.0217821782178218
"OAS2",11,505,0.0217821782178218
"OPN4",11,505,0.0217821782178218
"OPRL1",11,505,0.0217821782178218
"OR10G9",11,505,0.0217821782178218
"OR10S1",11,505,0.0217821782178218
"OR11H12",11,505,0.0217821782178218
"OR13A1",11,505,0.0217821782178218
"OR13C2",11,505,0.0217821782178218
"OR1Q1",11,505,0.0217821782178218
"OR2A14",11,505,0.0217821782178218
"OR2D2",11,505,0.0217821782178218
"OR4B1",11,505,0.0217821782178218
"OR4D10",11,505,0.0217821782178218
"OR4D5",11,505,0.0217821782178218
"OR4D9",11,505,0.0217821782178218
"OR4K14",11,505,0.0217821782178218
"OR4K15",11,505,0.0217821782178218
"OR51M1",11,505,0.0217821782178218
"OR51Q1",11,505,0.0217821782178218
"OR52E4",11,505,0.0217821782178218
"OR52N2",11,505,0.0217821782178218
"OR5K1",11,505,0.0217821782178218
"OR8B12",11,505,0.0217821782178218
"OR8D4",11,505,0.0217821782178218
"OR8G2P",11,505,0.0217821782178218
"OR9G1",11,505,0.0217821782178218
"OTUD7B",11,505,0.0217821782178218
"P2RX5",11,505,0.0217821782178218
"PAMR1",11,505,0.0217821782178218
"PAX4",11,505,0.0217821782178218
"PBXIP1",11,505,0.0217821782178218
"PCOLCE2",11,505,0.0217821782178218
"PCSK2",11,505,0.0217821782178218
"PDE4B",11,505,0.0217821782178218
"PDYN",11,505,0.0217821782178218
"PGBD2",11,505,0.0217821782178218
"PHF8",11,505,0.0217821782178218
"PHKB",11,505,0.0217821782178218
"PHLPP2",11,505,0.0217821782178218
"PHRF1",11,505,0.0217821782178218
"PIKFYVE",11,505,0.0217821782178218
"PJA1",11,505,0.0217821782178218
"PKNOX2",11,505,0.0217821782178218
"PKP1",11,505,0.0217821782178218
"PLEKHA6",11,505,0.0217821782178218
"PLPP4",11,505,0.0217821782178218
"PLPPR5",11,505,0.0217821782178218
"PML",11,505,0.0217821782178218
"PNLIPRP3",11,505,0.0217821782178218
"PPP1R26",11,505,0.0217821782178218
"PRAMEF14",11,505,0.0217821782178218
"PRDM5",11,505,0.0217821782178218
"PRKG2",11,505,0.0217821782178218
"PROSER1",11,505,0.0217821782178218
"PRR16",11,505,0.0217821782178218
"PRRC2A",11,505,0.0217821782178218
"PRSS58",11,505,0.0217821782178218
"PRTG",11,505,0.0217821782178218
"PSG1",11,505,0.0217821782178218
"PTGFR",11,505,0.0217821782178218
"PTK7",11,505,0.0217821782178218
"PTPN4",11,505,0.0217821782178218
"PTPN5",11,505,0.0217821782178218
"PUM2",11,505,0.0217821782178218
"RALGAPA1",11,505,0.0217821782178218
"RANBP6",11,505,0.0217821782178218
"RBM15",11,505,0.0217821782178218
"RFC1",11,505,0.0217821782178218
"RGS1",11,505,0.0217821782178218
"RGS18",11,505,0.0217821782178218
"RLIM",11,505,0.0217821782178218
"RNF165",11,505,0.0217821782178218
"RTP2",11,505,0.0217821782178218
"RTP5",11,505,0.0217821782178218
"S1PR1",11,505,0.0217821782178218
"SAMSN1",11,505,0.0217821782178218
"SATL1",11,505,0.0217821782178218
"SCYL2",11,505,0.0217821782178218
"SEL1L2",11,505,0.0217821782178218
"SEMA6B",11,505,0.0217821782178218
"SERPINB2",11,505,0.0217821782178218
"SERPINE1",11,505,0.0217821782178218
"SERPINI2",11,505,0.0217821782178218
"SETDB2",11,505,0.0217821782178218
"SHOX",11,505,0.0217821782178218
"SHOX2",11,505,0.0217821782178218
"SHROOM2",11,505,0.0217821782178218
"SHROOM4",11,505,0.0217821782178218
"SLC12A7",11,505,0.0217821782178218
"SLC6A17",11,505,0.0217821782178218
"SLC8A2",11,505,0.0217821782178218
"SLCO1B3",11,505,0.0217821782178218
"SLX4",11,505,0.0217821782178218
"SMG8",11,505,0.0217821782178218
"SMTN",11,505,0.0217821782178218
"SNCAIP",11,505,0.0217821782178218
"SOS1",11,505,0.0217821782178218
"SOWAHB",11,505,0.0217821782178218
"SPAST",11,505,0.0217821782178218
"SPATA17",11,505,0.0217821782178218
"ST8SIA3",11,505,0.0217821782178218
"STON1-GTF2A1L",11,505,0.0217821782178218
"SUCO",11,505,0.0217821782178218
"SULT1E1",11,505,0.0217821782178218
"SYMPK",11,505,0.0217821782178218
"SYT14",11,505,0.0217821782178218
"TAB3",11,505,0.0217821782178218
"TACR3",11,505,0.0217821782178218
"TANC2",11,505,0.0217821782178218
"TARBP1",11,505,0.0217821782178218
"TAS2R16",11,505,0.0217821782178218
"TASOR2",11,505,0.0217821782178218
"TBXAS1",11,505,0.0217821782178218
"TEC",11,505,0.0217821782178218
"TET3",11,505,0.0217821782178218
"TEX55",11,505,0.0217821782178218
"THADA",11,505,0.0217821782178218
"TIGD3",11,505,0.0217821782178218
"TIMD4",11,505,0.0217821782178218
"TLR10",11,505,0.0217821782178218
"TMTC2",11,505,0.0217821782178218
"TP53BP1",11,505,0.0217821782178218
"TP63",11,505,0.0217821782178218
"TPX2",11,505,0.0217821782178218
"TRBV3-1",11,505,0.0217821782178218
"TRHR",11,505,0.0217821782178218
"TRIM3",11,505,0.0217821782178218
"TSC2",11,505,0.0217821782178218
"TSGA10",11,505,0.0217821782178218
"TSPEAR",11,505,0.0217821782178218
"TTF1",11,505,0.0217821782178218
"UBE3A",11,505,0.0217821782178218
"UBR1",11,505,0.0217821782178218
"UCK2",11,505,0.0217821782178218
"UGT2B15",11,505,0.0217821782178218
"UGT2B17",11,505,0.0217821782178218
"USP28",11,505,0.0217821782178218
"USP33",11,505,0.0217821782178218
"USP8",11,505,0.0217821782178218
"VWA3A",11,505,0.0217821782178218
"WAPL",11,505,0.0217821782178218
"WASHC2A",11,505,0.0217821782178218
"WDR36",11,505,0.0217821782178218
"WNT7A",11,505,0.0217821782178218
"XPNPEP2",11,505,0.0217821782178218
"ZBTB14",11,505,0.0217821782178218
"ZC3HAV1",11,505,0.0217821782178218
"ZFP36L1",11,505,0.0217821782178218
"ZFP42",11,505,0.0217821782178218
"ZNF142",11,505,0.0217821782178218
"ZNF33B",11,505,0.0217821782178218
"ZNF347",11,505,0.0217821782178218
"ZNF445",11,505,0.0217821782178218
"ZNF454",11,505,0.0217821782178218
"ZNF484",11,505,0.0217821782178218
"ZNF543",11,505,0.0217821782178218
"ZNF556",11,505,0.0217821782178218
"ZNF585A",11,505,0.0217821782178218
"ZNF616",11,505,0.0217821782178218
"ZNF622",11,505,0.0217821782178218
"ZNF665",11,505,0.0217821782178218
"ZNF678",11,505,0.0217821782178218
"ZNF875",11,505,0.0217821782178218
"ZYG11B",11,505,0.0217821782178218
"A1CF",10,505,0.0198019801980198
"AACS",10,505,0.0198019801980198
"ABCB7",10,505,0.0198019801980198
"ABCC3",10,505,0.0198019801980198
"ABCG4",10,505,0.0198019801980198
"ABRA",10,505,0.0198019801980198
"AC136428.1",10,505,0.0198019801980198
"ACCS",10,505,0.0198019801980198
"ACCSL",10,505,0.0198019801980198
"ACOT12",10,505,0.0198019801980198
"ACSL1",10,505,0.0198019801980198
"ACSM1",10,505,0.0198019801980198
"ACTN3",10,505,0.0198019801980198
"ACVR1B",10,505,0.0198019801980198
"ACVRL1",10,505,0.0198019801980198
"ADAM28",10,505,0.0198019801980198
"ADCY9",10,505,0.0198019801980198
"ADD3",10,505,0.0198019801980198
"ADGRA1",10,505,0.0198019801980198
"ADGRE5",10,505,0.0198019801980198
"ADGRG6",10,505,0.0198019801980198
"AFP",10,505,0.0198019801980198
"AGO2",10,505,0.0198019801980198
"AGO3",10,505,0.0198019801980198
"AGTR1",10,505,0.0198019801980198
"AHDC1",10,505,0.0198019801980198
"AHR",10,505,0.0198019801980198
"AJAP1",10,505,0.0198019801980198
"AKNAD1",10,505,0.0198019801980198
"ALPK3",10,505,0.0198019801980198
"AMER2",10,505,0.0198019801980198
"ANKAR",10,505,0.0198019801980198
"ANKMY1",10,505,0.0198019801980198
"ANKRD35",10,505,0.0198019801980198
"ANKRD50",10,505,0.0198019801980198
"ANKRD7",10,505,0.0198019801980198
"ANO1",10,505,0.0198019801980198
"AP3B2",10,505,0.0198019801980198
"APBB1IP",10,505,0.0198019801980198
"APOA4",10,505,0.0198019801980198
"AQP10",10,505,0.0198019801980198
"ARHGAP12",10,505,0.0198019801980198
"ARHGAP20",10,505,0.0198019801980198
"ARHGAP4",10,505,0.0198019801980198
"ARSH",10,505,0.0198019801980198
"ASB15",10,505,0.0198019801980198
"ATAD5",10,505,0.0198019801980198
"ATP1A3",10,505,0.0198019801980198
"ATP2A2",10,505,0.0198019801980198
"ATP2B4",10,505,0.0198019801980198
"ATXN1",10,505,0.0198019801980198
"BACH1",10,505,0.0198019801980198
"BAHCC1",10,505,0.0198019801980198
"BBOX1",10,505,0.0198019801980198
"BBS7",10,505,0.0198019801980198
"BCO2",10,505,0.0198019801980198
"BEND6",10,505,0.0198019801980198
"BICD1",10,505,0.0198019801980198
"BLK",10,505,0.0198019801980198
"BMP2K",10,505,0.0198019801980198
"BNIP5",10,505,0.0198019801980198
"BTBD11",10,505,0.0198019801980198
"BTBD9",10,505,0.0198019801980198
"BTNL8",10,505,0.0198019801980198
"BTRC",10,505,0.0198019801980198
"BUB1B",10,505,0.0198019801980198
"C9orf131",10,505,0.0198019801980198
"CACHD1",10,505,0.0198019801980198
"CACNG6",10,505,0.0198019801980198
"CALB2",10,505,0.0198019801980198
"CAPRIN1",10,505,0.0198019801980198
"CAPRIN2",10,505,0.0198019801980198
"CASKIN1",10,505,0.0198019801980198
"CASP5",10,505,0.0198019801980198
"CASZ1",10,505,0.0198019801980198
"CATSPER1",10,505,0.0198019801980198
"CCDC170",10,505,0.0198019801980198
"CCDC54",10,505,0.0198019801980198
"CCDC85A",10,505,0.0198019801980198
"CD1A",10,505,0.0198019801980198
"CD1B",10,505,0.0198019801980198
"CD1D",10,505,0.0198019801980198
"CD33",10,505,0.0198019801980198
"CD34",10,505,0.0198019801980198
"CD96",10,505,0.0198019801980198
"CDC42BPG",10,505,0.0198019801980198
"CDHR3",10,505,0.0198019801980198
"CELF4",10,505,0.0198019801980198
"CEP162",10,505,0.0198019801980198
"CFHR3",10,505,0.0198019801980198
"CHRNB2",10,505,0.0198019801980198
"CHRNB4",10,505,0.0198019801980198
"CHST2",10,505,0.0198019801980198
"CKAP2L",10,505,0.0198019801980198
"CLCN4",10,505,0.0198019801980198
"CLIP2",10,505,0.0198019801980198
"CLSPN",10,505,0.0198019801980198
"CLVS2",10,505,0.0198019801980198
"CMTM5",10,505,0.0198019801980198
"CNGA3",10,505,0.0198019801980198
"CNKSR1",10,505,0.0198019801980198
"CNTNAP1",10,505,0.0198019801980198
"CNTRL",10,505,0.0198019801980198
"COL6A1",10,505,0.0198019801980198
"CPA2",10,505,0.0198019801980198
"CPD",10,505,0.0198019801980198
"CPEB1",10,505,0.0198019801980198
"CPNE8",10,505,0.0198019801980198
"CPT1C",10,505,0.0198019801980198
"CR1L",10,505,0.0198019801980198
"CRNKL1",10,505,0.0198019801980198
"CTC1",10,505,0.0198019801980198
"CUEDC1",10,505,0.0198019801980198
"CUL1",10,505,0.0198019801980198
"CUX1",10,505,0.0198019801980198
"CYP2C19",10,505,0.0198019801980198
"CYSLTR2",10,505,0.0198019801980198
"DBX2",10,505,0.0198019801980198
"DCAF8",10,505,0.0198019801980198
"DDX10",10,505,0.0198019801980198
"DDX27",10,505,0.0198019801980198
"DDX4",10,505,0.0198019801980198
"DDX50",10,505,0.0198019801980198
"DENND1A",10,505,0.0198019801980198
"DGCR8",10,505,0.0198019801980198
"DHTKD1",10,505,0.0198019801980198
"DHX57",10,505,0.0198019801980198
"DHX8",10,505,0.0198019801980198
"DIS3",10,505,0.0198019801980198
"DMRTB1",10,505,0.0198019801980198
"DRC7",10,505,0.0198019801980198
"DSE",10,505,0.0198019801980198
"EBF2",10,505,0.0198019801980198
"EIF2AK3",10,505,0.0198019801980198
"ELSPBP1",10,505,0.0198019801980198
"EMILIN3",10,505,0.0198019801980198
"EPHA10",10,505,0.0198019801980198
"EPS8L3",10,505,0.0198019801980198
"EPX",10,505,0.0198019801980198
"ESR1",10,505,0.0198019801980198
"ESYT2",10,505,0.0198019801980198
"EXTL3",10,505,0.0198019801980198
"FAM114A2",10,505,0.0198019801980198
"FAM120A",10,505,0.0198019801980198
"FAM91A1",10,505,0.0198019801980198
"FBLN1",10,505,0.0198019801980198
"FBXO40",10,505,0.0198019801980198
"FGF23",10,505,0.0198019801980198
"FGFR2",10,505,0.0198019801980198
"FGFR4",10,505,0.0198019801980198
"FILIP1",10,505,0.0198019801980198
"FLCN",10,505,0.0198019801980198
"FLNB",10,505,0.0198019801980198
"FNDC3A",10,505,0.0198019801980198
"FNDC3B",10,505,0.0198019801980198
"FOXO4",10,505,0.0198019801980198
"FOXP1",10,505,0.0198019801980198
"FSD1",10,505,0.0198019801980198
"GAL3ST4",10,505,0.0198019801980198
"GALNT3",10,505,0.0198019801980198
"GAN",10,505,0.0198019801980198
"GANAB",10,505,0.0198019801980198
"GARNL3",10,505,0.0198019801980198
"GCLC",10,505,0.0198019801980198
"GCNA",10,505,0.0198019801980198
"GDPD2",10,505,0.0198019801980198
"GLRA4",10,505,0.0198019801980198
"GOLGA4",10,505,0.0198019801980198
"GPRC5B",10,505,0.0198019801980198
"GRAP2",10,505,0.0198019801980198
"GRIA1",10,505,0.0198019801980198
"HELB",10,505,0.0198019801980198
"HLX",10,505,0.0198019801980198
"HP1BP3",10,505,0.0198019801980198
"HSPA1L",10,505,0.0198019801980198
"HTR1F",10,505,0.0198019801980198
"HTR3A",10,505,0.0198019801980198
"HTR3B",10,505,0.0198019801980198
"IGFN1",10,505,0.0198019801980198
"IGHMBP2",10,505,0.0198019801980198
"IGKV1-17",10,505,0.0198019801980198
"IGKV2-24",10,505,0.0198019801980198
"IL12RB2",10,505,0.0198019801980198
"IL13RA2",10,505,0.0198019801980198
"IL18R1",10,505,0.0198019801980198
"IL4R",10,505,0.0198019801980198
"INPPL1",10,505,0.0198019801980198
"INTS5",10,505,0.0198019801980198
"IPO8",10,505,0.0198019801980198
"IRF6",10,505,0.0198019801980198
"IRF8",10,505,0.0198019801980198
"IVL",10,505,0.0198019801980198
"JPH2",10,505,0.0198019801980198
"KCNA2",10,505,0.0198019801980198
"KCNQ5",10,505,0.0198019801980198
"KCNV1",10,505,0.0198019801980198
"KCNV2",10,505,0.0198019801980198
"KCTD16",10,505,0.0198019801980198
"KCTD19",10,505,0.0198019801980198
"KDM5A",10,505,0.0198019801980198
"KHDC3L",10,505,0.0198019801980198
"KHDRBS2",10,505,0.0198019801980198
"KIF27",10,505,0.0198019801980198
"KLK2",10,505,0.0198019801980198
"KLK8",10,505,0.0198019801980198
"KNL1",10,505,0.0198019801980198
"KRT1",10,505,0.0198019801980198
"KRT6A",10,505,0.0198019801980198
"KRT72",10,505,0.0198019801980198
"KRT79",10,505,0.0198019801980198
"KRTAP10-4",10,505,0.0198019801980198
"KRTAP10-9",10,505,0.0198019801980198
"KRTAP15-1",10,505,0.0198019801980198
"KRTAP27-1",10,505,0.0198019801980198
"LAMC2",10,505,0.0198019801980198
"LATS2",10,505,0.0198019801980198
"LGI1",10,505,0.0198019801980198
"LGR4",10,505,0.0198019801980198
"LILRA4",10,505,0.0198019801980198
"LILRA6",10,505,0.0198019801980198
"LLGL2",10,505,0.0198019801980198
"LMBRD2",10,505,0.0198019801980198
"LRIT1",10,505,0.0198019801980198
"LRP5",10,505,0.0198019801980198
"LRRC37B",10,505,0.0198019801980198
"LY9",10,505,0.0198019801980198
"MAGEA10",10,505,0.0198019801980198
"MAGEA11",10,505,0.0198019801980198
"MAGEA8",10,505,0.0198019801980198
"MAP2K1",10,505,0.0198019801980198
"MAP3K5",10,505,0.0198019801980198
"MAP7D2",10,505,0.0198019801980198
"MARCHF4",10,505,0.0198019801980198
"MARCHF6",10,505,0.0198019801980198
"MASP1",10,505,0.0198019801980198
"MAST1",10,505,0.0198019801980198
"MATN2",10,505,0.0198019801980198
"MBD1",10,505,0.0198019801980198
"MC2R",10,505,0.0198019801980198
"MCM10",10,505,0.0198019801980198
"MCM6",10,505,0.0198019801980198
"MEI1",10,505,0.0198019801980198
"MLLT10",10,505,0.0198019801980198
"MOCOS",10,505,0.0198019801980198
"MPPED1",10,505,0.0198019801980198
"MTHFD1L",10,505,0.0198019801980198
"MTNR1B",10,505,0.0198019801980198
"MTRR",10,505,0.0198019801980198
"MTTP",10,505,0.0198019801980198
"MYBL2",10,505,0.0198019801980198
"MYH14",10,505,0.0198019801980198
"MYLK3",10,505,0.0198019801980198
"MYO1A",10,505,0.0198019801980198
"MYO1B",10,505,0.0198019801980198
"N4BP2",10,505,0.0198019801980198
"NAA16",10,505,0.0198019801980198
"NAV1",10,505,0.0198019801980198
"NBEAL2",10,505,0.0198019801980198
"NBPF26",10,505,0.0198019801980198
"NCKAP1",10,505,0.0198019801980198
"NCKAP5L",10,505,0.0198019801980198
"NDN",10,505,0.0198019801980198
"NIBAN1",10,505,0.0198019801980198
"NLRC4",10,505,0.0198019801980198
"NPTX2",10,505,0.0198019801980198
"NR0B1",10,505,0.0198019801980198
"NSUN2",10,505,0.0198019801980198
"NT5C1A",10,505,0.0198019801980198
"NTNG2",10,505,0.0198019801980198
"NUDCD1",10,505,0.0198019801980198
"NUP153",10,505,0.0198019801980198
"NUP188",10,505,0.0198019801980198
"NXPE1",10,505,0.0198019801980198
"OCRL",10,505,0.0198019801980198
"OR10A4",10,505,0.0198019801980198
"OR10C1",10,505,0.0198019801980198
"OR10G4",10,505,0.0198019801980198
"OR10T2",10,505,0.0198019801980198
"OR10V1",10,505,0.0198019801980198
"OR12D2",10,505,0.0198019801980198
"OR13C4",10,505,0.0198019801980198
"OR1A1",10,505,0.0198019801980198
"OR1N2",10,505,0.0198019801980198
"OR4D2",10,505,0.0198019801980198
"OR51F2",10,505,0.0198019801980198
"OR51G1",10,505,0.0198019801980198
"OR52E8",10,505,0.0198019801980198
"OR52L1",10,505,0.0198019801980198
"OR5A2",10,505,0.0198019801980198
"OR5B17",10,505,0.0198019801980198
"OR5B21",10,505,0.0198019801980198
"OR5H1",10,505,0.0198019801980198
"OR6A2",10,505,0.0198019801980198
"OR8B8",10,505,0.0198019801980198
"OR8D1",10,505,0.0198019801980198
"OR8D2",10,505,0.0198019801980198
"OR9A2",10,505,0.0198019801980198
"OSBPL1A",10,505,0.0198019801980198
"P2RY8",10,505,0.0198019801980198
"PADI1",10,505,0.0198019801980198
"PADI3",10,505,0.0198019801980198
"PADI4",10,505,0.0198019801980198
"PARP4",10,505,0.0198019801980198
"PAX2",10,505,0.0198019801980198
"PCDHGB6",10,505,0.0198019801980198
"PCDHGC4",10,505,0.0198019801980198
"PCNX3",10,505,0.0198019801980198
"PCSK1",10,505,0.0198019801980198
"PDE1B",10,505,0.0198019801980198
"PDIA4",10,505,0.0198019801980198
"PGAP4",10,505,0.0198019801980198
"PGLYRP2",10,505,0.0198019801980198
"PHF2",10,505,0.0198019801980198
"PI15",10,505,0.0198019801980198
"PI4KB",10,505,0.0198019801980198
"PIK3R5",10,505,0.0198019801980198
"PIWIL2",10,505,0.0198019801980198
"PKDREJ",10,505,0.0198019801980198
"PLAT",10,505,0.0198019801980198
"PLD5",10,505,0.0198019801980198
"PLEKHG3",10,505,0.0198019801980198
"PLEKHM3",10,505,0.0198019801980198
"PLOD2",10,505,0.0198019801980198
"PLXNC1",10,505,0.0198019801980198
"POGLUT2",10,505,0.0198019801980198
"PPFIA3",10,505,0.0198019801980198
"PPIG",10,505,0.0198019801980198
"PPP2R1A",10,505,0.0198019801980198
"PPP3CA",10,505,0.0198019801980198
"PRAME",10,505,0.0198019801980198
"PRAMEF12",10,505,0.0198019801980198
"PRAMEF17",10,505,0.0198019801980198
"PRELP",10,505,0.0198019801980198
"PRKCQ",10,505,0.0198019801980198
"PROKR1",10,505,0.0198019801980198
"PRPF40B",10,505,0.0198019801980198
"PRR30",10,505,0.0198019801980198
"PSD2",10,505,0.0198019801980198
"PTDSS1",10,505,0.0198019801980198
"PTK2B",10,505,0.0198019801980198
"PTPRG",10,505,0.0198019801980198
"PTPRS",10,505,0.0198019801980198
"RABEP2",10,505,0.0198019801980198
"RALGAPA2",10,505,0.0198019801980198
"RASA3",10,505,0.0198019801980198
"RASGRP4",10,505,0.0198019801980198
"RDH8",10,505,0.0198019801980198
"RGS9",10,505,0.0198019801980198
"RHCG",10,505,0.0198019801980198
"RIT2",10,505,0.0198019801980198
"RNF133",10,505,0.0198019801980198
"RNF150",10,505,0.0198019801980198
"RPS6KC1",10,505,0.0198019801980198
"RUBCN",10,505,0.0198019801980198
"SAMD7",10,505,0.0198019801980198
"SAXO2",10,505,0.0198019801980198
"SBNO1",10,505,0.0198019801980198
"SCAF11",10,505,0.0198019801980198
"SCFD2",10,505,0.0198019801980198
"SCG3",10,505,0.0198019801980198
"SEC24D",10,505,0.0198019801980198
"SENP7",10,505,0.0198019801980198
"SERPINA12",10,505,0.0198019801980198
"SESTD1",10,505,0.0198019801980198
"SEZ6",10,505,0.0198019801980198
"SF3A1",10,505,0.0198019801980198
"SF3B2",10,505,0.0198019801980198
"SGCD",10,505,0.0198019801980198
"SH3BP5L",10,505,0.0198019801980198
"SH3PXD2A",10,505,0.0198019801980198
"SIGLEC14",10,505,0.0198019801980198
"SIGLEC6",10,505,0.0198019801980198
"SIN3A",10,505,0.0198019801980198
"SLAMF8",10,505,0.0198019801980198
"SLAMF9",10,505,0.0198019801980198
"SLC12A3",10,505,0.0198019801980198
"SLC12A9",10,505,0.0198019801980198
"SLC22A25",10,505,0.0198019801980198
"SLC22A9",10,505,0.0198019801980198
"SLC25A13",10,505,0.0198019801980198
"SLC26A4",10,505,0.0198019801980198
"SLC2A9",10,505,0.0198019801980198
"SLC34A1",10,505,0.0198019801980198
"SLC34A2",10,505,0.0198019801980198
"SLC3A1",10,505,0.0198019801980198
"SLC4A11",10,505,0.0198019801980198
"SLC4A5",10,505,0.0198019801980198
"SLC9A3",10,505,0.0198019801980198
"SLC9C1",10,505,0.0198019801980198
"SMG6",10,505,0.0198019801980198
"SMPD4",10,505,0.0198019801980198
"SMYD3",10,505,0.0198019801980198
"SNAI2",10,505,0.0198019801980198
"SNAP91",10,505,0.0198019801980198
"SNX19",10,505,0.0198019801980198
"SON",10,505,0.0198019801980198
"SPAG6",10,505,0.0198019801980198
"SPATA5",10,505,0.0198019801980198
"SPG11",10,505,0.0198019801980198
"SPPL2C",10,505,0.0198019801980198
"SRBD1",10,505,0.0198019801980198
"SRMS",10,505,0.0198019801980198
"ST8SIA5",10,505,0.0198019801980198
"STAP1",10,505,0.0198019801980198
"STK11IP",10,505,0.0198019801980198
"STRN3",10,505,0.0198019801980198
"SULT1B1",10,505,0.0198019801980198
"SV2B",10,505,0.0198019801980198
"SYNCRIP",10,505,0.0198019801980198
"SYNJ1",10,505,0.0198019801980198
"SYT3",10,505,0.0198019801980198
"SYTL5",10,505,0.0198019801980198
"TAAR9",10,505,0.0198019801980198
"TARS2",10,505,0.0198019801980198
"TAT",10,505,0.0198019801980198
"TBC1D19",10,505,0.0198019801980198
"TBC1D5",10,505,0.0198019801980198
"TBC1D9",10,505,0.0198019801980198
"TBX21",10,505,0.0198019801980198
"TCEAL5",10,505,0.0198019801980198
"TCERG1L",10,505,0.0198019801980198
"TCF23",10,505,0.0198019801980198
"TDRD3",10,505,0.0198019801980198
"TEX47",10,505,0.0198019801980198
"TGFBRAP1",10,505,0.0198019801980198
"THSD1",10,505,0.0198019801980198
"THSD4",10,505,0.0198019801980198
"TIE1",10,505,0.0198019801980198
"TMC2",10,505,0.0198019801980198
"TMEFF1",10,505,0.0198019801980198
"TMEM131L",10,505,0.0198019801980198
"TMEM145",10,505,0.0198019801980198
"TMTC4",10,505,0.0198019801980198
"TNIK",10,505,0.0198019801980198
"TNRC6C",10,505,0.0198019801980198
"TOP2A",10,505,0.0198019801980198
"TOPORS",10,505,0.0198019801980198
"TRBC2",10,505,0.0198019801980198
"TRBV4-2",10,505,0.0198019801980198
"TRIM72",10,505,0.0198019801980198
"TRIP13",10,505,0.0198019801980198
"TRPM7",10,505,0.0198019801980198
"TTC8",10,505,0.0198019801980198
"UBE2O",10,505,0.0198019801980198
"UGGT1",10,505,0.0198019801980198
"UGGT2",10,505,0.0198019801980198
"UTP14A",10,505,0.0198019801980198
"VIL1",10,505,0.0198019801980198
"VNN2",10,505,0.0198019801980198
"VPS16",10,505,0.0198019801980198
"VRTN",10,505,0.0198019801980198
"VSTM2A",10,505,0.0198019801980198
"WASF3",10,505,0.0198019801980198
"WIPF1",10,505,0.0198019801980198
"WNK2",10,505,0.0198019801980198
"WNT16",10,505,0.0198019801980198
"XKR4",10,505,0.0198019801980198
"XKR6",10,505,0.0198019801980198
"YEATS2",10,505,0.0198019801980198
"ZBED1",10,505,0.0198019801980198
"ZC3H14",10,505,0.0198019801980198
"ZFYVE9",10,505,0.0198019801980198
"ZMIZ1",10,505,0.0198019801980198
"ZNF184",10,505,0.0198019801980198
"ZNF217",10,505,0.0198019801980198
"ZNF300",10,505,0.0198019801980198
"ZNF331",10,505,0.0198019801980198
"ZNF41",10,505,0.0198019801980198
"ZNF532",10,505,0.0198019801980198
"ZNF607",10,505,0.0198019801980198
"ZNF611",10,505,0.0198019801980198
"ZNF675",10,505,0.0198019801980198
"ZNF746",10,505,0.0198019801980198
"ZNF75D",10,505,0.0198019801980198
"ZNF813",10,505,0.0198019801980198
"ZNF862",10,505,0.0198019801980198
"ZSCAN18",10,505,0.0198019801980198
"ZXDB",10,505,0.0198019801980198
"AARS2",9,505,0.0178217821782178
"ABAT",9,505,0.0178217821782178
"ABCB8",9,505,0.0178217821782178
"ABCC5",9,505,0.0178217821782178
"ABCF3",9,505,0.0178217821782178
"AC006059.2",9,505,0.0178217821782178
"ACAD11",9,505,0.0178217821782178
"ACAP2",9,505,0.0178217821782178
"ACOX3",9,505,0.0178217821782178
"ACTB",9,505,0.0178217821782178
"ACTG2",9,505,0.0178217821782178
"ACTL9",9,505,0.0178217821782178
"ADAM10",9,505,0.0178217821782178
"ADAMTSL2",9,505,0.0178217821782178
"ADD2",9,505,0.0178217821782178
"ADH1B",9,505,0.0178217821782178
"AFAP1L2",9,505,0.0178217821782178
"AFF3",9,505,0.0178217821782178
"AGAP1",9,505,0.0178217821782178
"AIM2",9,505,0.0178217821782178
"AKAP12",9,505,0.0178217821782178
"AKR1D1",9,505,0.0178217821782178
"ALG13",9,505,0.0178217821782178
"ANAPC1",9,505,0.0178217821782178
"ANGEL1",9,505,0.0178217821782178
"ANKK1",9,505,0.0178217821782178
"ANKRD34A",9,505,0.0178217821782178
"ANO6",9,505,0.0178217821782178
"AP1G1",9,505,0.0178217821782178
"APAF1",9,505,0.0178217821782178
"APOA5",9,505,0.0178217821782178
"APOBR",9,505,0.0178217821782178
"APP",9,505,0.0178217821782178
"AR",9,505,0.0178217821782178
"ARAP1",9,505,0.0178217821782178
"ARHGAP24",9,505,0.0178217821782178
"ARHGAP29",9,505,0.0178217821782178
"ATP13A3",9,505,0.0178217821782178
"ATP2A1",9,505,0.0178217821782178
"ATRN",9,505,0.0178217821782178
"ATXN2",9,505,0.0178217821782178
"B3GAT2",9,505,0.0178217821782178
"B4GALNT4",9,505,0.0178217821782178
"BAZ1B",9,505,0.0178217821782178
"BBS9",9,505,0.0178217821782178
"BCL6",9,505,0.0178217821782178
"BCL9",9,505,0.0178217821782178
"BCLAF1",9,505,0.0178217821782178
"BICRAL",9,505,0.0178217821782178
"BMP1",9,505,0.0178217821782178
"BMP3",9,505,0.0178217821782178
"BMP6",9,505,0.0178217821782178
"BPIFB2",9,505,0.0178217821782178
"BRD8",9,505,0.0178217821782178
"BRWD1",9,505,0.0178217821782178
"BTBD3",9,505,0.0178217821782178
"BTN1A1",9,505,0.0178217821782178
"C10orf120",9,505,0.0178217821782178
"C12orf66",9,505,0.0178217821782178
"C1orf116",9,505,0.0178217821782178
"C20orf194",9,505,0.0178217821782178
"C8orf34",9,505,0.0178217821782178
"CA3",9,505,0.0178217821782178
"CALHM1",9,505,0.0178217821782178
"CAMK4",9,505,0.0178217821782178
"CAMSAP1",9,505,0.0178217821782178
"CAVIN4",9,505,0.0178217821782178
"CBFA2T3",9,505,0.0178217821782178
"CBLN4",9,505,0.0178217821782178
"CBY2",9,505,0.0178217821782178
"CC2D1A",9,505,0.0178217821782178
"CCDC93",9,505,0.0178217821782178
"CCN4",9,505,0.0178217821782178
"CDC5L",9,505,0.0178217821782178
"CDH15",9,505,0.0178217821782178
"CDH24",9,505,0.0178217821782178
"CDH3",9,505,0.0178217821782178
"CDK14",9,505,0.0178217821782178
"CDR1",9,505,0.0178217821782178
"CEACAM5",9,505,0.0178217821782178
"CEL",9,505,0.0178217821782178
"CEP120",9,505,0.0178217821782178
"CEP250",9,505,0.0178217821782178
"CFC1",9,505,0.0178217821782178
"CHD2",9,505,0.0178217821782178
"CHIT1",9,505,0.0178217821782178
"CHML",9,505,0.0178217821782178
"CHPF",9,505,0.0178217821782178
"CKAP2",9,505,0.0178217821782178
"CLASP1",9,505,0.0178217821782178
"CLCN3",9,505,0.0178217821782178
"CLIP1",9,505,0.0178217821782178
"CLNK",9,505,0.0178217821782178
"CNGA4",9,505,0.0178217821782178
"COL17A1",9,505,0.0178217821782178
"COL4A3",9,505,0.0178217821782178
"COLGALT2",9,505,0.0178217821782178
"CPSF1",9,505,0.0178217821782178
"CRISP2",9,505,0.0178217821782178
"CRYBG1",9,505,0.0178217821782178
"CSGALNACT2",9,505,0.0178217821782178
"CSN2",9,505,0.0178217821782178
"CSNK1G3",9,505,0.0178217821782178
"CWF19L2",9,505,0.0178217821782178
"CYP2B6",9,505,0.0178217821782178
"CYP4F12",9,505,0.0178217821782178
"DAGLA",9,505,0.0178217821782178
"DAPK1",9,505,0.0178217821782178
"DCAF6",9,505,0.0178217821782178
"DDX11",9,505,0.0178217821782178
"DENND1B",9,505,0.0178217821782178
"DENND2C",9,505,0.0178217821782178
"DHX40",9,505,0.0178217821782178
"DMKN",9,505,0.0178217821782178
"DNAI3",9,505,0.0178217821782178
"DNHD1",9,505,0.0178217821782178
"DNMBP",9,505,0.0178217821782178
"DNMT3B",9,505,0.0178217821782178
"DOP1A",9,505,0.0178217821782178
"DPP4",9,505,0.0178217821782178
"DSPP",9,505,0.0178217821782178
"DUSP10",9,505,0.0178217821782178
"DYRK4",9,505,0.0178217821782178
"EDN3",9,505,0.0178217821782178
"EEF1AKMT4-ECE2",9,505,0.0178217821782178
"EEF1AKNMT",9,505,0.0178217821782178
"EEPD1",9,505,0.0178217821782178
"EFCAB3",9,505,0.0178217821782178
"EFS",9,505,0.0178217821782178
"EHF",9,505,0.0178217821782178
"EHHADH",9,505,0.0178217821782178
"EIF3E",9,505,0.0178217821782178
"EIF4ENIF1",9,505,0.0178217821782178
"ELAVL4",9,505,0.0178217821782178
"ELF1",9,505,0.0178217821782178
"ENGASE",9,505,0.0178217821782178
"EPHA2",9,505,0.0178217821782178
"EPHB2",9,505,0.0178217821782178
"EPHB4",9,505,0.0178217821782178
"ERCC4",9,505,0.0178217821782178
"ESRRB",9,505,0.0178217821782178
"EZH2",9,505,0.0178217821782178
"EZHIP",9,505,0.0178217821782178
"F2R",9,505,0.0178217821782178
"FAF1",9,505,0.0178217821782178
"FAM153B",9,505,0.0178217821782178
"FAM83H",9,505,0.0178217821782178
"FASLG",9,505,0.0178217821782178
"FBH1",9,505,0.0178217821782178
"FBXO24",9,505,0.0178217821782178
"FBXO30",9,505,0.0178217821782178
"FBXO34",9,505,0.0178217821782178
"FBXO38",9,505,0.0178217821782178
"FBXW7",9,505,0.0178217821782178
"FCGR3B",9,505,0.0178217821782178
"FCHO1",9,505,0.0178217821782178
"FCN2",9,505,0.0178217821782178
"FGF14",9,505,0.0178217821782178
"FH",9,505,0.0178217821782178
"FMO2",9,505,0.0178217821782178
"FNBP4",9,505,0.0178217821782178
"FOXC2",9,505,0.0178217821782178
"FOXD4L5",9,505,0.0178217821782178
"FOXN4",9,505,0.0178217821782178
"FPR2",9,505,0.0178217821782178
"FRMD3",9,505,0.0178217821782178
"GABRD",9,505,0.0178217821782178
"GALNT2",9,505,0.0178217821782178
"GAS2",9,505,0.0178217821782178
"GAS2L2",9,505,0.0178217821782178
"GAS7",9,505,0.0178217821782178
"GC",9,505,0.0178217821782178
"GDAP2",9,505,0.0178217821782178
"GFPT1",9,505,0.0178217821782178
"GIMAP1",9,505,0.0178217821782178
"GJA9",9,505,0.0178217821782178
"GLIS1",9,505,0.0178217821782178
"GLRA3",9,505,0.0178217821782178
"GLUD2",9,505,0.0178217821782178
"GMEB2",9,505,0.0178217821782178
"GMIP",9,505,0.0178217821782178
"GOLGA2",9,505,0.0178217821782178
"GOLGA6B",9,505,0.0178217821782178
"GPD2",9,505,0.0178217821782178
"GPR63",9,505,0.0178217821782178
"GPR65",9,505,0.0178217821782178
"GRIN2D",9,505,0.0178217821782178
"GTF2IRD1",9,505,0.0178217821782178
"GTPBP1",9,505,0.0178217821782178
"GTPBP10",9,505,0.0178217821782178
"HADHB",9,505,0.0178217821782178
"HAUS6",9,505,0.0178217821782178
"HBG2",9,505,0.0178217821782178
"HEG1",9,505,0.0178217821782178
"HERC5",9,505,0.0178217821782178
"HIF3A",9,505,0.0178217821782178
"HIPK3",9,505,0.0178217821782178
"HNRNPA2B1",9,505,0.0178217821782178
"HNRNPM",9,505,0.0178217821782178
"HOXA13",9,505,0.0178217821782178
"HPS5",9,505,0.0178217821782178
"HRG",9,505,0.0178217821782178
"HSF5",9,505,0.0178217821782178
"HSP90B1",9,505,0.0178217821782178
"HSPA2",9,505,0.0178217821782178
"HSPA8",9,505,0.0178217821782178
"HSPH1",9,505,0.0178217821782178
"HTR7",9,505,0.0178217821782178
"HYOU1",9,505,0.0178217821782178
"IBTK",9,505,0.0178217821782178
"IFI44",9,505,0.0178217821782178
"IFIH1",9,505,0.0178217821782178
"IGKV1-12",9,505,0.0178217821782178
"IGKV2-30",9,505,0.0178217821782178
"IGKV2D-24",9,505,0.0178217821782178
"IGKV3D-20",9,505,0.0178217821782178
"IKZF2",9,505,0.0178217821782178
"IQUB",9,505,0.0178217821782178
"IRF4",9,505,0.0178217821782178
"IRX6",9,505,0.0178217821782178
"ITGA10",9,505,0.0178217821782178
"ITGA11",9,505,0.0178217821782178
"ITGA6",9,505,0.0178217821782178
"ITGB3",9,505,0.0178217821782178
"ITLN1",9,505,0.0178217821782178
"JADE3",9,505,0.0178217821782178
"KARS1",9,505,0.0178217821782178
"KAT2B",9,505,0.0178217821782178
"KCNF1",9,505,0.0178217821782178
"KCNH4",9,505,0.0178217821782178
"KCNJ12",9,505,0.0178217821782178
"KCNJ5",9,505,0.0178217821782178
"KCNMB1",9,505,0.0178217821782178
"KCNQ4",9,505,0.0178217821782178
"KDM4D",9,505,0.0178217821782178
"KIAA0319",9,505,0.0178217821782178
"KIN",9,505,0.0178217821782178
"KLHL10",9,505,0.0178217821782178
"KLHL32",9,505,0.0178217821782178
"KLHL34",9,505,0.0178217821782178
"KMT2E",9,505,0.0178217821782178
"KRT25",9,505,0.0178217821782178
"KRT26",9,505,0.0178217821782178
"KRT3",9,505,0.0178217821782178
"KRTAP5-3",9,505,0.0178217821782178
"KRTAP6-3",9,505,0.0178217821782178
"L3MBTL1",9,505,0.0178217821782178
"LAD1",9,505,0.0178217821782178
"LARP4",9,505,0.0178217821782178
"LCP1",9,505,0.0178217821782178
"LDLRAD4",9,505,0.0178217821782178
"LHX9",9,505,0.0178217821782178
"LINGO1",9,505,0.0178217821782178
"LINS1",9,505,0.0178217821782178
"LIPG",9,505,0.0178217821782178
"LMTK2",9,505,0.0178217821782178
"LRRC30",9,505,0.0178217821782178
"LRRC6",9,505,0.0178217821782178
"LRRC8C",9,505,0.0178217821782178
"LUC7L",9,505,0.0178217821782178
"MAGEA6",9,505,0.0178217821782178
"MAGEB3",9,505,0.0178217821782178
"MAGED1",9,505,0.0178217821782178
"MAGEE2",9,505,0.0178217821782178
"MALT1",9,505,0.0178217821782178
"MAML2",9,505,0.0178217821782178
"MAML3",9,505,0.0178217821782178
"MANEA",9,505,0.0178217821782178
"MAP3K12",9,505,0.0178217821782178
"MAP3K15",9,505,0.0178217821782178
"MAP4K1",9,505,0.0178217821782178
"MARF1",9,505,0.0178217821782178
"MAST2",9,505,0.0178217821782178
"MAT1A",9,505,0.0178217821782178
"MCM3AP",9,505,0.0178217821782178
"MCMDC2",9,505,0.0178217821782178
"MDGA1",9,505,0.0178217821782178
"MEIS1",9,505,0.0178217821782178
"MERTK",9,505,0.0178217821782178
"MFN1",9,505,0.0178217821782178
"MID2",9,505,0.0178217821782178
"MIGA1",9,505,0.0178217821782178
"MINAR1",9,505,0.0178217821782178
"MKS1",9,505,0.0178217821782178
"MMP1",9,505,0.0178217821782178
"MOGAT3",9,505,0.0178217821782178
"MOSPD2",9,505,0.0178217821782178
"MPP2",9,505,0.0178217821782178
"MROH5",9,505,0.0178217821782178
"MS4A7",9,505,0.0178217821782178
"MSGN1",9,505,0.0178217821782178
"MTM1",9,505,0.0178217821782178
"MTMR1",9,505,0.0178217821782178
"MTMR4",9,505,0.0178217821782178
"MYF6",9,505,0.0178217821782178
"MYH7B",9,505,0.0178217821782178
"MYLK2",9,505,0.0178217821782178
"MYO5A",9,505,0.0178217821782178
"MYOM1",9,505,0.0178217821782178
"NAP1L2",9,505,0.0178217821782178
"NCR1",9,505,0.0178217821782178
"NEK11",9,505,0.0178217821782178
"NETO2",9,505,0.0178217821782178
"NEURL1",9,505,0.0178217821782178
"NEUROD1",9,505,0.0178217821782178
"NKX2-2",9,505,0.0178217821782178
"NKX2-5",9,505,0.0178217821782178
"NOTCH3",9,505,0.0178217821782178
"NPNT",9,505,0.0178217821782178
"NR3C1",9,505,0.0178217821782178
"NR4A3",9,505,0.0178217821782178
"NRSN1",9,505,0.0178217821782178
"NSD2",9,505,0.0178217821782178
"NSMAF",9,505,0.0178217821782178
"NTRK1",9,505,0.0178217821782178
"NUP107",9,505,0.0178217821782178
"NXF1",9,505,0.0178217821782178
"NXPH2",9,505,0.0178217821782178
"NYAP1",9,505,0.0178217821782178
"OBI1",9,505,0.0178217821782178
"OGDH",9,505,0.0178217821782178
"OPRK1",9,505,0.0178217821782178
"OPRM1",9,505,0.0178217821782178
"OR10A5",9,505,0.0178217821782178
"OR10G2",9,505,0.0178217821782178
"OR13C8",9,505,0.0178217821782178
"OR1A2",9,505,0.0178217821782178
"OR1L8",9,505,0.0178217821782178
"OR2T8",9,505,0.0178217821782178
"OR2V2",9,505,0.0178217821782178
"OR3A2",9,505,0.0178217821782178
"OR4C11",9,505,0.0178217821782178
"OR4C3",9,505,0.0178217821782178
"OR4X1",9,505,0.0178217821782178
"OR4X2",9,505,0.0178217821782178
"OR51I2",9,505,0.0178217821782178
"OR51L1",9,505,0.0178217821782178
"OR52I2",9,505,0.0178217821782178
"OR52J3",9,505,0.0178217821782178
"OR56B1",9,505,0.0178217821782178
"OR5AN1",9,505,0.0178217821782178
"OR5AP2",9,505,0.0178217821782178
"OR5K4",9,505,0.0178217821782178
"OR5M1",9,505,0.0178217821782178
"OR5M11",9,505,0.0178217821782178
"OR7G1",9,505,0.0178217821782178
"OR8G1",9,505,0.0178217821782178
"OR9Q2",9,505,0.0178217821782178
"OSBPL8",9,505,0.0178217821782178
"OTC",9,505,0.0178217821782178
"OTOP1",9,505,0.0178217821782178
"OXR1",9,505,0.0178217821782178
"PABPC3",9,505,0.0178217821782178
"PACRG",9,505,0.0178217821782178
"PARP8",9,505,0.0178217821782178
"PARVG",9,505,0.0178217821782178
"PASK",9,505,0.0178217821782178
"PAX6",9,505,0.0178217821782178
"PCDH12",9,505,0.0178217821782178
"PDE2A",9,505,0.0178217821782178
"PDE6C",9,505,0.0178217821782178
"PDGFD",9,505,0.0178217821782178
"PDZD8",9,505,0.0178217821782178
"PEX1",9,505,0.0178217821782178
"PGM2",9,505,0.0178217821782178
"PHF20",9,505,0.0178217821782178
"PIGG",9,505,0.0178217821782178
"PIP4P2",9,505,0.0178217821782178
"PITPNM3",9,505,0.0178217821782178
"PLA2G4C",9,505,0.0178217821782178
"PLEKHG4",9,505,0.0178217821782178
"PLEKHM1",9,505,0.0178217821782178
"PLK4",9,505,0.0178217821782178
"PNLIPRP1",9,505,0.0178217821782178
"POLR1A",9,505,0.0178217821782178
"POLR2B",9,505,0.0178217821782178
"PPIP5K2",9,505,0.0178217821782178
"PPP1R13L",9,505,0.0178217821782178
"PPP1R15B",9,505,0.0178217821782178
"PPP1R21",9,505,0.0178217821782178
"PPP2R2B",9,505,0.0178217821782178
"PRDM11",9,505,0.0178217821782178
"PRDM4",9,505,0.0178217821782178
"PRKCA",9,505,0.0178217821782178
"PRODH2",9,505,0.0178217821782178
"PRPF8",9,505,0.0178217821782178
"PRR27",9,505,0.0178217821782178
"PRRX1",9,505,0.0178217821782178
"PSG3",9,505,0.0178217821782178
"PTGER3",9,505,0.0178217821782178
"PUS7",9,505,0.0178217821782178
"PYGM",9,505,0.0178217821782178
"QRICH2",9,505,0.0178217821782178
"R3HDML",9,505,0.0178217821782178
"RAD21",9,505,0.0178217821782178
"RAI2",9,505,0.0178217821782178
"RASA2",9,505,0.0178217821782178
"RASIP1",9,505,0.0178217821782178
"RASSF2",9,505,0.0178217821782178
"RBM12B",9,505,0.0178217821782178
"RBM27",9,505,0.0178217821782178
"RBMXL2",9,505,0.0178217821782178
"RC3H1",9,505,0.0178217821782178
"RCBTB2",9,505,0.0178217821782178
"RFTN2",9,505,0.0178217821782178
"RHAG",9,505,0.0178217821782178
"RHBDF2",9,505,0.0178217821782178
"RIMS4",9,505,0.0178217821782178
"RIPK1",9,505,0.0178217821782178
"RIT1",9,505,0.0178217821782178
"RNF216",9,505,0.0178217821782178
"ROR1",9,505,0.0178217821782178
"RSBN1",9,505,0.0178217821782178
"RSPO1",9,505,0.0178217821782178
"RTEL1",9,505,0.0178217821782178
"RUBCNL",9,505,0.0178217821782178
"RUFY2",9,505,0.0178217821782178
"SAMD3",9,505,0.0178217821782178
"SAXO1",9,505,0.0178217821782178
"SCML4",9,505,0.0178217821782178
"SCUBE1",9,505,0.0178217821782178
"SEC23IP",9,505,0.0178217821782178
"SEC24A",9,505,0.0178217821782178
"SEC24B",9,505,0.0178217821782178
"SEC24C",9,505,0.0178217821782178
"SEL1L",9,505,0.0178217821782178
"SERGEF",9,505,0.0178217821782178
"SERPINA4",9,505,0.0178217821782178
"SH2D3C",9,505,0.0178217821782178
"SIRPB1",9,505,0.0178217821782178
"SKIDA1",9,505,0.0178217821782178
"SLC12A6",9,505,0.0178217821782178
"SLC26A5",9,505,0.0178217821782178
"SLC27A3",9,505,0.0178217821782178
"SLC35G3",9,505,0.0178217821782178
"SLC36A1",9,505,0.0178217821782178
"SLC4A2",9,505,0.0178217821782178
"SLC9B1",9,505,0.0178217821782178
"SLCO2B1",9,505,0.0178217821782178
"SLCO4A1",9,505,0.0178217821782178
"SLFN13",9,505,0.0178217821782178
"SLFN5",9,505,0.0178217821782178
"SMARCC2",9,505,0.0178217821782178
"SNX9",9,505,0.0178217821782178
"SOGA3",9,505,0.0178217821782178
"SOX7",9,505,0.0178217821782178
"SPAG9",9,505,0.0178217821782178
"SPANXN2",9,505,0.0178217821782178
"SPARC",9,505,0.0178217821782178
"SPATA6",9,505,0.0178217821782178
"SPDL1",9,505,0.0178217821782178
"SPOCK1",9,505,0.0178217821782178
"SPOCK3",9,505,0.0178217821782178
"SPZ1",9,505,0.0178217821782178
"SSMEM1",9,505,0.0178217821782178
"ST14",9,505,0.0178217821782178
"ST8SIA2",9,505,0.0178217821782178
"STAM",9,505,0.0178217821782178
"STIM1",9,505,0.0178217821782178
"STOX1",9,505,0.0178217821782178
"STPG2",9,505,0.0178217821782178
"SVOP",9,505,0.0178217821782178
"SYDE2",9,505,0.0178217821782178
"SYN3",9,505,0.0178217821782178
"SYNJ2",9,505,0.0178217821782178
"SYT11",9,505,0.0178217821782178
"SYT13",9,505,0.0178217821782178
"SYT6",9,505,0.0178217821782178
"TAAR5",9,505,0.0178217821782178
"TAF1C",9,505,0.0178217821782178
"TAF5L",9,505,0.0178217821782178
"TAS2R60",9,505,0.0178217821782178
"TBXT",9,505,0.0178217821782178
"TCOF1",9,505,0.0178217821782178
"TDRD7",9,505,0.0178217821782178
"TEX10",9,505,0.0178217821782178
"TEX13B",9,505,0.0178217821782178
"TGFB2",9,505,0.0178217821782178
"TGM7",9,505,0.0178217821782178
"THNSL2",9,505,0.0178217821782178
"TIMELESS",9,505,0.0178217821782178
"TKTL1",9,505,0.0178217821782178
"TLE4",9,505,0.0178217821782178
"TMEM135",9,505,0.0178217821782178
"TMEM169",9,505,0.0178217821782178
"TNK2",9,505,0.0178217821782178
"TNKS2",9,505,0.0178217821782178
"TNNI3K",9,505,0.0178217821782178
"TNRC6B",9,505,0.0178217821782178
"TOR1AIP2",9,505,0.0178217821782178
"TPP2",9,505,0.0178217821782178
"TPTE2",9,505,0.0178217821782178
"TRIM11",9,505,0.0178217821782178
"TRIP11",9,505,0.0178217821782178
"TRPM4",9,505,0.0178217821782178
"TRPM5",9,505,0.0178217821782178
"TRPV3",9,505,0.0178217821782178
"TRPV4",9,505,0.0178217821782178
"TSPYL2",9,505,0.0178217821782178
"TTC14",9,505,0.0178217821782178
"TTC27",9,505,0.0178217821782178
"TTC7A",9,505,0.0178217821782178
"TTC7B",9,505,0.0178217821782178
"TTLL5",9,505,0.0178217821782178
"TTLL9",9,505,0.0178217821782178
"TUBA3D",9,505,0.0178217821782178
"TUBGCP3",9,505,0.0178217821782178
"TYRO3",9,505,0.0178217821782178
"UBQLN2",9,505,0.0178217821782178
"UBR2",9,505,0.0178217821782178
"UGT1A1",9,505,0.0178217821782178
"UHRF1BP1",9,505,0.0178217821782178
"UNC13B",9,505,0.0178217821782178
"UNC13D",9,505,0.0178217821782178
"USF3",9,505,0.0178217821782178
"USP11",9,505,0.0178217821782178
"USP15",9,505,0.0178217821782178
"USP32",9,505,0.0178217821782178
"USP47",9,505,0.0178217821782178
"USP48",9,505,0.0178217821782178
"VAV1",9,505,0.0178217821782178
"VIT",9,505,0.0178217821782178
"VPS8",9,505,0.0178217821782178
"VWA5A",9,505,0.0178217821782178
"VWC2L",9,505,0.0178217821782178
"WAC",9,505,0.0178217821782178
"WASHC5",9,505,0.0178217821782178
"WDR35",9,505,0.0178217821782178
"WDR59",9,505,0.0178217821782178
"WDR62",9,505,0.0178217821782178
"WDR90",9,505,0.0178217821782178
"WNT10B",9,505,0.0178217821782178
"WWC1",9,505,0.0178217821782178
"XKR3",9,505,0.0178217821782178
"YTHDC2",9,505,0.0178217821782178
"ZBTB16",9,505,0.0178217821782178
"ZBTB21",9,505,0.0178217821782178
"ZBTB24",9,505,0.0178217821782178
"ZC3H3",9,505,0.0178217821782178
"ZC3H7B",9,505,0.0178217821782178
"ZFP14",9,505,0.0178217821782178
"ZIK1",9,505,0.0178217821782178
"ZMIZ2",9,505,0.0178217821782178
"ZNF195",9,505,0.0178217821782178
"ZNF215",9,505,0.0178217821782178
"ZNF256",9,505,0.0178217821782178
"ZNF260",9,505,0.0178217821782178
"ZNF282",9,505,0.0178217821782178
"ZNF287",9,505,0.0178217821782178
"ZNF354C",9,505,0.0178217821782178
"ZNF425",9,505,0.0178217821782178
"ZNF431",9,505,0.0178217821782178
"ZNF451",9,505,0.0178217821782178
"ZNF473",9,505,0.0178217821782178
"ZNF507",9,505,0.0178217821782178
"ZNF512B",9,505,0.0178217821782178
"ZNF574",9,505,0.0178217821782178
"ZNF615",9,505,0.0178217821782178
"ZNF623",9,505,0.0178217821782178
"ZNF624",9,505,0.0178217821782178
"ZNF644",9,505,0.0178217821782178
"ZNF713",9,505,0.0178217821782178
"ZNF808",9,505,0.0178217821782178
"ZNF816",9,505,0.0178217821782178
"ZNFX1",9,505,0.0178217821782178
"ZSCAN10",9,505,0.0178217821782178
"ZSWIM3",9,505,0.0178217821782178
"ABCC10",8,505,0.0158415841584158
"ACADM",8,505,0.0158415841584158
"ACSBG1",8,505,0.0158415841584158
"ACTN1",8,505,0.0158415841584158
"ACVR1C",8,505,0.0158415841584158
"ADA2",8,505,0.0158415841584158
"ADAM30",8,505,0.0158415841584158
"ADAMTS13",8,505,0.0158415841584158
"ADAR",8,505,0.0158415841584158
"ADCY4",8,505,0.0158415841584158
"ADH1C",8,505,0.0158415841584158
"AFDN",8,505,0.0158415841584158
"AFM",8,505,0.0158415841584158
"AGO1",8,505,0.0158415841584158
"AGXT",8,505,0.0158415841584158
"AHI1",8,505,0.0158415841584158
"AIPL1",8,505,0.0158415841584158
"AL121899.2",8,505,0.0158415841584158
"ALB",8,505,0.0158415841584158
"ALDH1B1",8,505,0.0158415841584158
"ALLC",8,505,0.0158415841584158
"ALPP",8,505,0.0158415841584158
"AMOTL1",8,505,0.0158415841584158
"ANKIB1",8,505,0.0158415841584158
"ANKLE2",8,505,0.0158415841584158
"APBA1",8,505,0.0158415841584158
"ARHGAP30",8,505,0.0158415841584158
"ARHGEF10",8,505,0.0158415841584158
"ARHGEF10L",8,505,0.0158415841584158
"ARHGEF15",8,505,0.0158415841584158
"ARSI",8,505,0.0158415841584158
"ASB3",8,505,0.0158415841584158
"ASIC5",8,505,0.0158415841584158
"ATG16L1",8,505,0.0158415841584158
"ATP2A3",8,505,0.0158415841584158
"B2M",8,505,0.0158415841584158
"BAAT",8,505,0.0158415841584158
"BAZ1A",8,505,0.0158415841584158
"BEND3",8,505,0.0158415841584158
"BMPR1B",8,505,0.0158415841584158
"BPIFA1",8,505,0.0158415841584158
"BTN2A2",8,505,0.0158415841584158
"C12orf71",8,505,0.0158415841584158
"C1orf127",8,505,0.0158415841584158
"C3AR1",8,505,0.0158415841584158
"C4orf17",8,505,0.0158415841584158
"CACNG5",8,505,0.0158415841584158
"CAGE1",8,505,0.0158415841584158
"CAPN13",8,505,0.0158415841584158
"CARD14",8,505,0.0158415841584158
"CASP8AP2",8,505,0.0158415841584158
"CATSPERE",8,505,0.0158415841584158
"CBLL2",8,505,0.0158415841584158
"CCDC102B",8,505,0.0158415841584158
"CCDC116",8,505,0.0158415841584158
"CCDC15",8,505,0.0158415841584158
"CCDC180",8,505,0.0158415841584158
"CCDC70",8,505,0.0158415841584158
"CCDC74A",8,505,0.0158415841584158
"CCDC74B",8,505,0.0158415841584158
"CCDC81",8,505,0.0158415841584158
"CCDC88C",8,505,0.0158415841584158
"CCDC91",8,505,0.0158415841584158
"CCNA1",8,505,0.0158415841584158
"CCR6",8,505,0.0158415841584158
"CD4",8,505,0.0158415841584158
"CD44",8,505,0.0158415841584158
"CDC14A",8,505,0.0158415841584158
"CDH5",8,505,0.0158415841584158
"CDK15",8,505,0.0158415841584158
"CENPJ",8,505,0.0158415841584158
"CEP85L",8,505,0.0158415841584158
"CERS3",8,505,0.0158415841584158
"CES1",8,505,0.0158415841584158
"CFHR2",8,505,0.0158415841584158
"CGN",8,505,0.0158415841584158
"CGNL1",8,505,0.0158415841584158
"CHEK2",8,505,0.0158415841584158
"CHRNA3",8,505,0.0158415841584158
"CHRNB3",8,505,0.0158415841584158
"CIC",8,505,0.0158415841584158
"CIP2A",8,505,0.0158415841584158
"CKAP4",8,505,0.0158415841584158
"CLDN8",8,505,0.0158415841584158
"CLEC18B",8,505,0.0158415841584158
"CLEC1A",8,505,0.0158415841584158
"CLEC9A",8,505,0.0158415841584158
"CLIP4",8,505,0.0158415841584158
"CLK2",8,505,0.0158415841584158
"CLUL1",8,505,0.0158415841584158
"CLVS1",8,505,0.0158415841584158
"CNNM1",8,505,0.0158415841584158
"CNTNAP3",8,505,0.0158415841584158
"COG5",8,505,0.0158415841584158
"COL13A1",8,505,0.0158415841584158
"COL18A1",8,505,0.0158415841584158
"COLEC11",8,505,0.0158415841584158
"COLEC12",8,505,0.0158415841584158
"CORO1C",8,505,0.0158415841584158
"CPA6",8,505,0.0158415841584158
"CPE",8,505,0.0158415841584158
"CPN1",8,505,0.0158415841584158
"CPT1A",8,505,0.0158415841584158
"CRHBP",8,505,0.0158415841584158
"CRISP1",8,505,0.0158415841584158
"CSE1L",8,505,0.0158415841584158
"CUL3",8,505,0.0158415841584158
"CWC27",8,505,0.0158415841584158
"CX3CR1",8,505,0.0158415841584158
"CYB5R4",8,505,0.0158415841584158
"CYLD",8,505,0.0158415841584158
"CYP2C9",8,505,0.0158415841584158
"CYP4A11",8,505,0.0158415841584158
"DCAF4L1",8,505,0.0158415841584158
"DDX1",8,505,0.0158415841584158
"DDX53",8,505,0.0158415841584158
"DENND4B",8,505,0.0158415841584158
"DENND5B",8,505,0.0158415841584158
"DEPDC1",8,505,0.0158415841584158
"DEPDC5",8,505,0.0158415841584158
"DHX38",8,505,0.0158415841584158
"DIS3L2",8,505,0.0158415841584158
"DISC1",8,505,0.0158415841584158
"DISP2",8,505,0.0158415841584158
"DMGDH",8,505,0.0158415841584158
"DMP1",8,505,0.0158415841584158
"DMRT1",8,505,0.0158415841584158
"DNAAF3",8,505,0.0158415841584158
"DNAJB8",8,505,0.0158415841584158
"DNM1",8,505,0.0158415841584158
"DOCK8",8,505,0.0158415841584158
"DPF2",8,505,0.0158415841584158
"DPP3",8,505,0.0158415841584158
"DPY19L4",8,505,0.0158415841584158
"DZIP1",8,505,0.0158415841584158
"EEF1A2",8,505,0.0158415841584158
"EGFL6",8,505,0.0158415841584158
"EIF2AK1",8,505,0.0158415841584158
"EIF3A",8,505,0.0158415841584158
"EIF5B",8,505,0.0158415841584158
"ELAPOR1",8,505,0.0158415841584158
"ELFN2",8,505,0.0158415841584158
"EML1",8,505,0.0158415841584158
"EML2",8,505,0.0158415841584158
"EPB41L1",8,505,0.0158415841584158
"EPC2",8,505,0.0158415841584158
"EPN1",8,505,0.0158415841584158
"EPYC",8,505,0.0158415841584158
"ERMN",8,505,0.0158415841584158
"ESF1",8,505,0.0158415841584158
"ESX1",8,505,0.0158415841584158
"EVI2B",8,505,0.0158415841584158
"EXT1",8,505,0.0158415841584158
"F2",8,505,0.0158415841584158
"F2RL2",8,505,0.0158415841584158
"F7",8,505,0.0158415841584158
"FAM155B",8,505,0.0158415841584158
"FAM160A2",8,505,0.0158415841584158
"FAM169A",8,505,0.0158415841584158
"FAM184A",8,505,0.0158415841584158
"FAM227B",8,505,0.0158415841584158
"FAM78B",8,505,0.0158415841584158
"FANCB",8,505,0.0158415841584158
"FANCI",8,505,0.0158415841584158
"FAR2",8,505,0.0158415841584158
"FARP1",8,505,0.0158415841584158
"FBXO43",8,505,0.0158415841584158
"FCGR2B",8,505,0.0158415841584158
"FGF10",8,505,0.0158415841584158
"FGF13",8,505,0.0158415841584158
"FMO4",8,505,0.0158415841584158
"FMR1NB",8,505,0.0158415841584158
"FNDC7",8,505,0.0158415841584158
"FNIP1",8,505,0.0158415841584158
"FRG2",8,505,0.0158415841584158
"FRS2",8,505,0.0158415841584158
"FRZB",8,505,0.0158415841584158
"FTSJ1",8,505,0.0158415841584158
"FUBP1",8,505,0.0158415841584158
"G2E3",8,505,0.0158415841584158
"G3BP1",8,505,0.0158415841584158
"G6PC2",8,505,0.0158415841584158
"GABBR1",8,505,0.0158415841584158
"GABRB2",8,505,0.0158415841584158
"GALNT5",8,505,0.0158415841584158
"GCM1",8,505,0.0158415841584158
"GDA",8,505,0.0158415841584158
"GDF6",8,505,0.0158415841584158
"GGNBP2",8,505,0.0158415841584158
"GIGYF1",8,505,0.0158415841584158
"GIMAP4",8,505,0.0158415841584158
"GJC1",8,505,0.0158415841584158
"GLA",8,505,0.0158415841584158
"GLRA1",8,505,0.0158415841584158
"GLYAT",8,505,0.0158415841584158
"GOLIM4",8,505,0.0158415841584158
"GPATCH1",8,505,0.0158415841584158
"GPI",8,505,0.0158415841584158
"GPNMB",8,505,0.0158415841584158
"GPR15",8,505,0.0158415841584158
"GPR152",8,505,0.0158415841584158
"GPR4",8,505,0.0158415841584158
"GPX5",8,505,0.0158415841584158
"GRK5",8,505,0.0158415841584158
"GRM2",8,505,0.0158415841584158
"GRPR",8,505,0.0158415841584158
"GSDMC",8,505,0.0158415841584158
"GSG1L",8,505,0.0158415841584158
"H1-5",8,505,0.0158415841584158
"H2AC20",8,505,0.0158415841584158
"H2AC6",8,505,0.0158415841584158
"H2BW1",8,505,0.0158415841584158
"HAUS7",8,505,0.0158415841584158
"HBD",8,505,0.0158415841584158
"HCFC2",8,505,0.0158415841584158
"HDLBP",8,505,0.0158415841584158
"HGFAC",8,505,0.0158415841584158
"HHIPL1",8,505,0.0158415841584158
"HIPK2",8,505,0.0158415841584158
"HJURP",8,505,0.0158415841584158
"HK2",8,505,0.0158415841584158
"HLTF",8,505,0.0158415841584158
"HMGCS2",8,505,0.0158415841584158
"HNRNPUL1",8,505,0.0158415841584158
"HOXA2",8,505,0.0158415841584158
"HOXD10",8,505,0.0158415841584158
"HPX",8,505,0.0158415841584158
"HS3ST2",8,505,0.0158415841584158
"HSD11B1",8,505,0.0158415841584158
"HSP90AB1",8,505,0.0158415841584158
"HSPA12B",8,505,0.0158415841584158
"HSPA13",8,505,0.0158415841584158
"HTRA1",8,505,0.0158415841584158
"HTRA4",8,505,0.0158415841584158
"HYAL4",8,505,0.0158415841584158
"ICAM5",8,505,0.0158415841584158
"IFT122",8,505,0.0158415841584158
"IFT88",8,505,0.0158415841584158
"IGBP1P2",8,505,0.0158415841584158
"IGF1R",8,505,0.0158415841584158
"IGHV1-58",8,505,0.0158415841584158
"IGKV2D-30",8,505,0.0158415841584158
"IGSF21",8,505,0.0158415841584158
"IGSF8",8,505,0.0158415841584158
"IKBKB",8,505,0.0158415841584158
"IKBKE",8,505,0.0158415841584158
"IL17A",8,505,0.0158415841584158
"INMT",8,505,0.0158415841584158
"INO80",8,505,0.0158415841584158
"INPP5D",8,505,0.0158415841584158
"INSL5",8,505,0.0158415841584158
"INSYN1",8,505,0.0158415841584158
"INTS2",8,505,0.0158415841584158
"IPMK",8,505,0.0158415841584158
"IQSEC1",8,505,0.0158415841584158
"IRX4",8,505,0.0158415841584158
"ISOC1",8,505,0.0158415841584158
"ITGA2B",8,505,0.0158415841584158
"ITGA5",8,505,0.0158415841584158
"ITGB6",8,505,0.0158415841584158
"JAG2",8,505,0.0158415841584158
"JAK3",8,505,0.0158415841584158
"KANK1",8,505,0.0158415841584158
"KANSL1L",8,505,0.0158415841584158
"KBTBD3",8,505,0.0158415841584158
"KBTBD8",8,505,0.0158415841584158
"KCNJ1",8,505,0.0158415841584158
"KCNJ8",8,505,0.0158415841584158
"KCNQ3",8,505,0.0158415841584158
"KDM4A",8,505,0.0158415841584158
"KIF2C",8,505,0.0158415841584158
"KIFAP3",8,505,0.0158415841584158
"KIFC1",8,505,0.0158415841584158
"KIR2DS4",8,505,0.0158415841584158
"KLF17",8,505,0.0158415841584158
"KLF4",8,505,0.0158415841584158
"KLHL18",8,505,0.0158415841584158
"KLK15",8,505,0.0158415841584158
"KMO",8,505,0.0158415841584158
"KMT5B",8,505,0.0158415841584158
"KNG1",8,505,0.0158415841584158
"KRT14",8,505,0.0158415841584158
"KRT17",8,505,0.0158415841584158
"KRT2",8,505,0.0158415841584158
"KRT28",8,505,0.0158415841584158
"KRT31",8,505,0.0158415841584158
"KRT4",8,505,0.0158415841584158
"KRT5",8,505,0.0158415841584158
"KRTAP13-1",8,505,0.0158415841584158
"KRTAP13-3",8,505,0.0158415841584158
"KRTAP13-4",8,505,0.0158415841584158
"KRTAP21-1",8,505,0.0158415841584158
"KRTAP26-1",8,505,0.0158415841584158
"KRTAP9-3",8,505,0.0158415841584158
"KSR2",8,505,0.0158415841584158
"L3MBTL3",8,505,0.0158415841584158
"LANCL2",8,505,0.0158415841584158
"LARS1",8,505,0.0158415841584158
"LBP",8,505,0.0158415841584158
"LCE1F",8,505,0.0158415841584158
"LCE2A",8,505,0.0158415841584158
"LCE2D",8,505,0.0158415841584158
"LDLR",8,505,0.0158415841584158
"LGALS9",8,505,0.0158415841584158
"LIG1",8,505,0.0158415841584158
"LIG4",8,505,0.0158415841584158
"LIN7A",8,505,0.0158415841584158
"LIPF",8,505,0.0158415841584158
"LNPK",8,505,0.0158415841584158
"LONP1",8,505,0.0158415841584158
"LPCAT1",8,505,0.0158415841584158
"LPIN2",8,505,0.0158415841584158
"LRFN1",8,505,0.0158415841584158
"LRRC37A3",8,505,0.0158415841584158
"LRRC43",8,505,0.0158415841584158
"LSG1",8,505,0.0158415841584158
"LSS",8,505,0.0158415841584158
"LYAR",8,505,0.0158415841584158
"MAB21L2",8,505,0.0158415841584158
"MAG",8,505,0.0158415841584158
"MAGI3",8,505,0.0158415841584158
"MAGT1",8,505,0.0158415841584158
"MAML1",8,505,0.0158415841584158
"MAP2K4",8,505,0.0158415841584158
"MAP3K21",8,505,0.0158415841584158
"MAP4K3",8,505,0.0158415841584158
"MAPK8IP3",8,505,0.0158415841584158
"MAPK9",8,505,0.0158415841584158
"MARCHF7",8,505,0.0158415841584158
"MARK2",8,505,0.0158415841584158
"MARS2",8,505,0.0158415841584158
"MAST3",8,505,0.0158415841584158
"MAX",8,505,0.0158415841584158
"MCAM",8,505,0.0158415841584158
"MCOLN2",8,505,0.0158415841584158
"MDM1",8,505,0.0158415841584158
"MECOM",8,505,0.0158415841584158
"MEIS2",8,505,0.0158415841584158
"MEMO1",8,505,0.0158415841584158
"MEP1A",8,505,0.0158415841584158
"MEX3B",8,505,0.0158415841584158
"MFSD1",8,505,0.0158415841584158
"MIB2",8,505,0.0158415841584158
"MLLT3",8,505,0.0158415841584158
"MMP17",8,505,0.0158415841584158
"MOS",8,505,0.0158415841584158
"MOV10L1",8,505,0.0158415841584158
"MRGPRX3",8,505,0.0158415841584158
"MRTFB",8,505,0.0158415841584158
"MS4A1",8,505,0.0158415841584158
"MS4A3",8,505,0.0158415841584158
"MS4A6A",8,505,0.0158415841584158
"MSH2",8,505,0.0158415841584158
"MTMR12",8,505,0.0158415841584158
"MTUS1",8,505,0.0158415841584158
"MUSK",8,505,0.0158415841584158
"MX2",8,505,0.0158415841584158
"MYBPH",8,505,0.0158415841584158
"MYH10",8,505,0.0158415841584158
"MYL2",8,505,0.0158415841584158
"MYO1C",8,505,0.0158415841584158
"MYO1D",8,505,0.0158415841584158
"MYO6",8,505,0.0158415841584158
"MYRIP",8,505,0.0158415841584158
"N4BP1",8,505,0.0158415841584158
"N4BP2L2",8,505,0.0158415841584158
"NAT10",8,505,0.0158415841584158
"NCAPG2",8,505,0.0158415841584158
"NCF2",8,505,0.0158415841584158
"NCOA7",8,505,0.0158415841584158
"NECTIN1",8,505,0.0158415841584158
"NEUROD4",8,505,0.0158415841584158
"NFATC4",8,505,0.0158415841584158
"NISCH",8,505,0.0158415841584158
"NKTR",8,505,0.0158415841584158
"NLRP6",8,505,0.0158415841584158
"NMUR1",8,505,0.0158415841584158
"NOP56",8,505,0.0158415841584158
"NOS3",8,505,0.0158415841584158
"NOX5",8,505,0.0158415841584158
"NPHP1",8,505,0.0158415841584158
"NPHS2",8,505,0.0158415841584158
"NR1H4",8,505,0.0158415841584158
"NRDC",8,505,0.0158415841584158
"NRIP1",8,505,0.0158415841584158
"NRP1",8,505,0.0158415841584158
"NTF3",8,505,0.0158415841584158
"NUAK1",8,505,0.0158415841584158
"NUP155",8,505,0.0158415841584158
"NUTM2G",8,505,0.0158415841584158
"OLAH",8,505,0.0158415841584158
"OLR1",8,505,0.0158415841584158
"OPCML",8,505,0.0158415841584158
"OPRPN",8,505,0.0158415841584158
"OR10J5",8,505,0.0158415841584158
"OR11A1",8,505,0.0158415841584158
"OR13H1",8,505,0.0158415841584158
"OR1J4",8,505,0.0158415841584158
"OR2F1",8,505,0.0158415841584158
"OR3A1",8,505,0.0158415841584158
"OR4C12",8,505,0.0158415841584158
"OR51A2",8,505,0.0158415841584158
"OR51B5",8,505,0.0158415841584158
"OR52B2",8,505,0.0158415841584158
"OR52B4",8,505,0.0158415841584158
"OR52E6",8,505,0.0158415841584158
"OR52K2",8,505,0.0158415841584158
"OR52M1",8,505,0.0158415841584158
"OR52N1",8,505,0.0158415841584158
"OR52N4",8,505,0.0158415841584158
"OR5H15",8,505,0.0158415841584158
"OR6C74",8,505,0.0158415841584158
"OR6M1",8,505,0.0158415841584158
"OR7E24",8,505,0.0158415841584158
"OR8B4",8,505,0.0158415841584158
"OSBPL7",8,505,0.0158415841584158
"OTOP3",8,505,0.0158415841584158
"PADI2",8,505,0.0158415841584158
"PAPOLB",8,505,0.0158415841584158
"PAPOLG",8,505,0.0158415841584158
"PAQR9",8,505,0.0158415841584158
"PBX1",8,505,0.0158415841584158
"PC",8,505,0.0158415841584158
"PCDHGC5",8,505,0.0158415841584158
"PCSK6",8,505,0.0158415841584158
"PCSK7",8,505,0.0158415841584158
"PDE8B",8,505,0.0158415841584158
"PDE9A",8,505,0.0158415841584158
"PDS5A",8,505,0.0158415841584158
"PDS5B",8,505,0.0158415841584158
"PELI2",8,505,0.0158415841584158
"PER3",8,505,0.0158415841584158
"PFAS",8,505,0.0158415841584158
"PFKL",8,505,0.0158415841584158
"PGAP1",8,505,0.0158415841584158
"PGLYRP3",8,505,0.0158415841584158
"PHIP",8,505,0.0158415841584158
"PHKA2",8,505,0.0158415841584158
"PHLDB1",8,505,0.0158415841584158
"PIK3CB",8,505,0.0158415841584158
"PIP4K2C",8,505,0.0158415841584158
"PLCB2",8,505,0.0158415841584158
"PLCZ1",8,505,0.0158415841584158
"PLEKHH1",8,505,0.0158415841584158
"PLVAP",8,505,0.0158415841584158
"PLXNB1",8,505,0.0158415841584158
"PNPLA7",8,505,0.0158415841584158
"PODN",8,505,0.0158415841584158
"POLR1B",8,505,0.0158415841584158
"POLR1F",8,505,0.0158415841584158
"POLRMT",8,505,0.0158415841584158
"POPDC2",8,505,0.0158415841584158
"POTEM",8,505,0.0158415841584158
"POU4F2",8,505,0.0158415841584158
"PPARG",8,505,0.0158415841584158
"PPFIA1",8,505,0.0158415841584158
"PPFIA4",8,505,0.0158415841584158
"PPIAL4A",8,505,0.0158415841584158
"PPL",8,505,0.0158415841584158
"PPM1B",8,505,0.0158415841584158
"PPP3R2",8,505,0.0158415841584158
"PRAG1",8,505,0.0158415841584158
"PRDM15",8,505,0.0158415841584158
"PREB",8,505,0.0158415841584158
"PRF1",8,505,0.0158415841584158
"PRICKLE1",8,505,0.0158415841584158
"PRKAA2",8,505,0.0158415841584158
"PRLHR",8,505,0.0158415841584158
"PRPF4B",8,505,0.0158415841584158
"PRR5L",8,505,0.0158415841584158
"PSD",8,505,0.0158415841584158
"PTGS2",8,505,0.0158415841584158
"QSOX2",8,505,0.0158415841584158
"RAB3IP",8,505,0.0158415841584158
"RABGAP1",8,505,0.0158415841584158
"RAD50",8,505,0.0158415841584158
"RAD54L",8,505,0.0158415841584158
"RAD54L2",8,505,0.0158415841584158
"RANBP17",8,505,0.0158415841584158
"RANBP3L",8,505,0.0158415841584158
"RAP1GDS1",8,505,0.0158415841584158
"RBM14",8,505,0.0158415841584158
"RBM41",8,505,0.0158415841584158
"RGL1",8,505,0.0158415841584158
"RNF10",8,505,0.0158415841584158
"RNMT",8,505,0.0158415841584158
"ROPN1L",8,505,0.0158415841584158
"RORB",8,505,0.0158415841584158
"RSF1",8,505,0.0158415841584158
"RSPO2",8,505,0.0158415841584158
"RTL5",8,505,0.0158415841584158
"RTN3",8,505,0.0158415841584158
"RXFP2",8,505,0.0158415841584158
"SAMHD1",8,505,0.0158415841584158
"SAP130",8,505,0.0158415841584158
"SCAI",8,505,0.0158415841584158
"SCAPER",8,505,0.0158415841584158
"SCLT1",8,505,0.0158415841584158
"SCRIB",8,505,0.0158415841584158
"SDCCAG8",8,505,0.0158415841584158
"SEC16A",8,505,0.0158415841584158
"SEMG2",8,505,0.0158415841584158
"SEPTIN4",8,505,0.0158415841584158
"SERPINA10",8,505,0.0158415841584158
"SERPINB10",8,505,0.0158415841584158
"SERPINB13",8,505,0.0158415841584158
"SERPINB8",8,505,0.0158415841584158
"SERPINE2",8,505,0.0158415841584158
"SETD5",8,505,0.0158415841584158
"SETDB1",8,505,0.0158415841584158
"SEZ6L2",8,505,0.0158415841584158
"SH2B1",8,505,0.0158415841584158
"SH3BP2",8,505,0.0158415841584158
"SH3KBP1",8,505,0.0158415841584158
"SHC3",8,505,0.0158415841584158
"SIX3",8,505,0.0158415841584158
"SLAMF1",8,505,0.0158415841584158
"SLC15A1",8,505,0.0158415841584158
"SLC17A1",8,505,0.0158415841584158
"SLC17A9",8,505,0.0158415841584158
"SLC18A2",8,505,0.0158415841584158
"SLC22A11",8,505,0.0158415841584158
"SLC22A8",8,505,0.0158415841584158
"SLC25A12",8,505,0.0158415841584158
"SLC2A14",8,505,0.0158415841584158
"SLC30A8",8,505,0.0158415841584158
"SLC35F3",8,505,0.0158415841584158
"SLC38A8",8,505,0.0158415841584158
"SLC39A11",8,505,0.0158415841584158
"SLC4A4",8,505,0.0158415841584158
"SLC4A7",8,505,0.0158415841584158
"SLC5A2",8,505,0.0158415841584158
"SLC6A14",8,505,0.0158415841584158
"SLC7A4",8,505,0.0158415841584158
"SLC9A5",8,505,0.0158415841584158
"SLCO2A1",8,505,0.0158415841584158
"SLK",8,505,0.0158415841584158
"SMAD3",8,505,0.0158415841584158
"SMG5",8,505,0.0158415841584158
"SMG7",8,505,0.0158415841584158
"SMOC2",8,505,0.0158415841584158
"SNX31",8,505,0.0158415841584158
"SOBP",8,505,0.0158415841584158
"SORBS2",8,505,0.0158415841584158
"SOX30",8,505,0.0158415841584158
"SP110",8,505,0.0158415841584158
"SPANXN3",8,505,0.0158415841584158
"SPATA7",8,505,0.0158415841584158
"SPOCD1",8,505,0.0158415841584158
"SPOPL",8,505,0.0158415841584158
"SPRY3",8,505,0.0158415841584158
"SRPX",8,505,0.0158415841584158
"SSH1",8,505,0.0158415841584158
"SSH2",8,505,0.0158415841584158
"SSH3",8,505,0.0158415841584158
"SSTR1",8,505,0.0158415841584158
"SSTR5",8,505,0.0158415841584158
"STIL",8,505,0.0158415841584158
"STK26",8,505,0.0158415841584158
"STK36",8,505,0.0158415841584158
"STRA8",8,505,0.0158415841584158
"STRN",8,505,0.0158415841584158
"SULT6B1",8,505,0.0158415841584158
"SUPT5H",8,505,0.0158415841584158
"SWT1",8,505,0.0158415841584158
"SYNM",8,505,0.0158415841584158
"TAAR2",8,505,0.0158415841584158
"TAOK1",8,505,0.0158415841584158
"TAOK2",8,505,0.0158415841584158
"TBATA",8,505,0.0158415841584158
"TBC1D14",8,505,0.0158415841584158
"TBC1D32",8,505,0.0158415841584158
"TCAF2",8,505,0.0158415841584158
"TCN1",8,505,0.0158415841584158
"TCTEX1D1",8,505,0.0158415841584158
"TECPR1",8,505,0.0158415841584158
"TEKT3",8,505,0.0158415841584158
"TESPA1",8,505,0.0158415841584158
"TET2",8,505,0.0158415841584158
"TEX26",8,505,0.0158415841584158
"TEX35",8,505,0.0158415841584158
"TFDP1",8,505,0.0158415841584158
"TGM1",8,505,0.0158415841584158
"THNSL1",8,505,0.0158415841584158
"THRAP3",8,505,0.0158415841584158
"TLR6",8,505,0.0158415841584158
"TMC3",8,505,0.0158415841584158
"TMC5",8,505,0.0158415841584158
"TMCO4",8,505,0.0158415841584158
"TMEM132A",8,505,0.0158415841584158
"TMEM236",8,505,0.0158415841584158
"TMEM38B",8,505,0.0158415841584158
"TMEM71",8,505,0.0158415841584158
"TMEM74",8,505,0.0158415841584158
"TMEM94",8,505,0.0158415841584158
"TMPRSS11D",8,505,0.0158415841584158
"TNS2",8,505,0.0158415841584158
"TOP3A",8,505,0.0158415841584158
"TRAK2",8,505,0.0158415841584158
"TRAM1L1",8,505,0.0158415841584158
"TRAT1",8,505,0.0158415841584158
"TRBV19",8,505,0.0158415841584158
"TRIM10",8,505,0.0158415841584158
"TRIM24",8,505,0.0158415841584158
"TRIM71",8,505,0.0158415841584158
"TSGA10IP",8,505,0.0158415841584158
"TSKS",8,505,0.0158415841584158
"TTLL4",8,505,0.0158415841584158
"TTYH1",8,505,0.0158415841584158
"TUB",8,505,0.0158415841584158
"TUBA3E",8,505,0.0158415841584158
"TUBB2B",8,505,0.0158415841584158
"TWNK",8,505,0.0158415841584158
"TXNDC2",8,505,0.0158415841584158
"UBAP1",8,505,0.0158415841584158
"UBASH3A",8,505,0.0158415841584158
"UBE2A",8,505,0.0158415841584158
"UGT1A5",8,505,0.0158415841584158
"UQCC1",8,505,0.0158415841584158
"URI1",8,505,0.0158415841584158
"USP54",8,505,0.0158415841584158
"USPL1",8,505,0.0158415841584158
"UVRAG",8,505,0.0158415841584158
"VCP",8,505,0.0158415841584158
"VEPH1",8,505,0.0158415841584158
"VGLL1",8,505,0.0158415841584158
"VPS41",8,505,0.0158415841584158
"VSTM4",8,505,0.0158415841584158
"VWCE",8,505,0.0158415841584158
"WDR3",8,505,0.0158415841584158
"WNT10A",8,505,0.0158415841584158
"WNT8A",8,505,0.0158415841584158
"XRCC5",8,505,0.0158415841584158
"XRCC6",8,505,0.0158415841584158
"YARS2",8,505,0.0158415841584158
"YTHDC1",8,505,0.0158415841584158
"ZBED4",8,505,0.0158415841584158
"ZBTB18",8,505,0.0158415841584158
"ZBTB33",8,505,0.0158415841584158
"ZC3H4",8,505,0.0158415841584158
"ZDHHC15",8,505,0.0158415841584158
"ZFP82",8,505,0.0158415841584158
"ZFP91",8,505,0.0158415841584158
"ZHX1",8,505,0.0158415841584158
"ZMAT1",8,505,0.0158415841584158
"ZMAT4",8,505,0.0158415841584158
"ZMYM1",8,505,0.0158415841584158
"ZNF106",8,505,0.0158415841584158
"ZNF131",8,505,0.0158415841584158
"ZNF202",8,505,0.0158415841584158
"ZNF223",8,505,0.0158415841584158
"ZNF225",8,505,0.0158415841584158
"ZNF233",8,505,0.0158415841584158
"ZNF25",8,505,0.0158415841584158
"ZNF354A",8,505,0.0158415841584158
"ZNF37A",8,505,0.0158415841584158
"ZNF438",8,505,0.0158415841584158
"ZNF516",8,505,0.0158415841584158
"ZNF518A",8,505,0.0158415841584158
"ZNF534",8,505,0.0158415841584158
"ZNF570",8,505,0.0158415841584158
"ZNF577",8,505,0.0158415841584158
"ZNF606",8,505,0.0158415841584158
"ZNF626",8,505,0.0158415841584158
"ZNF646",8,505,0.0158415841584158
"ZNF71",8,505,0.0158415841584158
"ZNF777",8,505,0.0158415841584158
"ZNF80",8,505,0.0158415841584158
"ZP1",8,505,0.0158415841584158
"ZSCAN5B",8,505,0.0158415841584158
"ZW10",8,505,0.0158415841584158
"A4GNT",7,505,0.0138613861386139
"AADACL2",7,505,0.0138613861386139
"AAK1",7,505,0.0138613861386139
"ABCB10",7,505,0.0138613861386139
"ABCC6",7,505,0.0138613861386139
"ABHD2",7,505,0.0138613861386139
"ABL1",7,505,0.0138613861386139
"ACBD5",7,505,0.0138613861386139
"ACKR3",7,505,0.0138613861386139
"ACP7",7,505,0.0138613861386139
"ACTR3B",7,505,0.0138613861386139
"ACVR2A",7,505,0.0138613861386139
"ADAL",7,505,0.0138613861386139
"ADAMTS10",7,505,0.0138613861386139
"ADAMTSL4",7,505,0.0138613861386139
"ADARB2",7,505,0.0138613861386139
"ADCY6",7,505,0.0138613861386139
"ADCY7",7,505,0.0138613861386139
"ADGRA2",7,505,0.0138613861386139
"ADGRE3",7,505,0.0138613861386139
"ADH6",7,505,0.0138613861386139
"ADH7",7,505,0.0138613861386139
"ADORA1",7,505,0.0138613861386139
"ADRA1B",7,505,0.0138613861386139
"AFAP1L1",7,505,0.0138613861386139
"AFF1",7,505,0.0138613861386139
"AFF4",7,505,0.0138613861386139
"AGAP2",7,505,0.0138613861386139
"AGAP3",7,505,0.0138613861386139
"AGK",7,505,0.0138613861386139
"AGO4",7,505,0.0138613861386139
"AK7",7,505,0.0138613861386139
"AK9",7,505,0.0138613861386139
"AKR1B10",7,505,0.0138613861386139
"AKR7A3",7,505,0.0138613861386139
"ALCAM",7,505,0.0138613861386139
"ALG10B",7,505,0.0138613861386139
"ALG11",7,505,0.0138613861386139
"ALOX12",7,505,0.0138613861386139
"ALOX12B",7,505,0.0138613861386139
"ALPI",7,505,0.0138613861386139
"ALS2CL",7,505,0.0138613861386139
"ALX4",7,505,0.0138613861386139
"AMBRA1",7,505,0.0138613861386139
"AMELX",7,505,0.0138613861386139
"AMY2A",7,505,0.0138613861386139
"ANAPC5",7,505,0.0138613861386139
"ANKRD24",7,505,0.0138613861386139
"ANKRD34B",7,505,0.0138613861386139
"AOC3",7,505,0.0138613861386139
"APBB2",7,505,0.0138613861386139
"APLNR",7,505,0.0138613861386139
"APLP2",7,505,0.0138613861386139
"APPBP2",7,505,0.0138613861386139
"AREL1",7,505,0.0138613861386139
"ARHGAP10",7,505,0.0138613861386139
"ARHGAP19",7,505,0.0138613861386139
"ARHGAP27",7,505,0.0138613861386139
"ARHGEF37",7,505,0.0138613861386139
"ARID4B",7,505,0.0138613861386139
"ARMH4",7,505,0.0138613861386139
"ARNTL2",7,505,0.0138613861386139
"ASAP2",7,505,0.0138613861386139
"ASB12",7,505,0.0138613861386139
"ASB4",7,505,0.0138613861386139
"ASMT",7,505,0.0138613861386139
"ATF6",7,505,0.0138613861386139
"ATIC",7,505,0.0138613861386139
"ATP13A2",7,505,0.0138613861386139
"ATP1B4",7,505,0.0138613861386139
"ATP2B1",7,505,0.0138613861386139
"ATP6V0A4",7,505,0.0138613861386139
"ATP6V0D2",7,505,0.0138613861386139
"ATP6V1C1",7,505,0.0138613861386139
"ATP8A1",7,505,0.0138613861386139
"ATRIP",7,505,0.0138613861386139
"ATXN3L",7,505,0.0138613861386139
"AURKC",7,505,0.0138613861386139
"B4GALNT2",7,505,0.0138613861386139
"B4GALNT3",7,505,0.0138613861386139
"BANK1",7,505,0.0138613861386139
"BAP1",7,505,0.0138613861386139
"BCL2L13",7,505,0.0138613861386139
"BMPR2",7,505,0.0138613861386139
"BPIFB4",7,505,0.0138613861386139
"BRD2",7,505,0.0138613861386139
"BTBD10",7,505,0.0138613861386139
"BTD",7,505,0.0138613861386139
"BTN3A2",7,505,0.0138613861386139
"BTNL2",7,505,0.0138613861386139
"C7orf33",7,505,0.0138613861386139
"C8orf74",7,505,0.0138613861386139
"CA9",7,505,0.0138613861386139
"CABIN1",7,505,0.0138613861386139
"CACNG7",7,505,0.0138613861386139
"CALCA",7,505,0.0138613861386139
"CASP1",7,505,0.0138613861386139
"CATSPERD",7,505,0.0138613861386139
"CATSPERG",7,505,0.0138613861386139
"CBLN2",7,505,0.0138613861386139
"CBWD2",7,505,0.0138613861386139
"CCDC14",7,505,0.0138613861386139
"CCDC146",7,505,0.0138613861386139
"CCDC158",7,505,0.0138613861386139
"CCDC27",7,505,0.0138613861386139
"CCDC57",7,505,0.0138613861386139
"CCDC83",7,505,0.0138613861386139
"CCDC88B",7,505,0.0138613861386139
"CCDC89",7,505,0.0138613861386139
"CCP110",7,505,0.0138613861386139
"CCSER2",7,505,0.0138613861386139
"CD101",7,505,0.0138613861386139
"CD180",7,505,0.0138613861386139
"CD244",7,505,0.0138613861386139
"CD84",7,505,0.0138613861386139
"CDC20",7,505,0.0138613861386139
"CDC20B",7,505,0.0138613861386139
"CDC7",7,505,0.0138613861386139
"CDC73",7,505,0.0138613861386139
"CDH26",7,505,0.0138613861386139
"CDK17",7,505,0.0138613861386139
"CDKL5",7,505,0.0138613861386139
"CEACAM18",7,505,0.0138613861386139
"CEACAM4",7,505,0.0138613861386139
"CECR2",7,505,0.0138613861386139
"CEMIP",7,505,0.0138613861386139
"CEP112",7,505,0.0138613861386139
"CER1",7,505,0.0138613861386139
"CETN1",7,505,0.0138613861386139
"CETP",7,505,0.0138613861386139
"CFAP69",7,505,0.0138613861386139
"CFAP70",7,505,0.0138613861386139
"CFHR1",7,505,0.0138613861386139
"CFTR",7,505,0.0138613861386139
"CHFR",7,505,0.0138613861386139
"CHN1",7,505,0.0138613861386139
"CHRNA6",7,505,0.0138613861386139
"CHRNA7",7,505,0.0138613861386139
"CHRNG",7,505,0.0138613861386139
"CLCN6",7,505,0.0138613861386139
"CLCN7",7,505,0.0138613861386139
"CLDN10",7,505,0.0138613861386139
"CLEC12B",7,505,0.0138613861386139
"CLEC1B",7,505,0.0138613861386139
"CLEC6A",7,505,0.0138613861386139
"CMPK2",7,505,0.0138613861386139
"CNDP1",7,505,0.0138613861386139
"CNOT2",7,505,0.0138613861386139
"CNOT4",7,505,0.0138613861386139
"COL10A1",7,505,0.0138613861386139
"COL26A1",7,505,0.0138613861386139
"CPN2",7,505,0.0138613861386139
"CPNE6",7,505,0.0138613861386139
"CPNE7",7,505,0.0138613861386139
"CRAMP1",7,505,0.0138613861386139
"CREB3L2",7,505,0.0138613861386139
"CRTAM",7,505,0.0138613861386139
"CRY1",7,505,0.0138613861386139
"CRYBG3",7,505,0.0138613861386139
"CRYGC",7,505,0.0138613861386139
"CSDE1",7,505,0.0138613861386139
"CSF3R",7,505,0.0138613861386139
"CTNNA1",7,505,0.0138613861386139
"CTSF",7,505,0.0138613861386139
"CUL4B",7,505,0.0138613861386139
"CXCR2",7,505,0.0138613861386139
"CXorf21",7,505,0.0138613861386139
"CYC1",7,505,0.0138613861386139
"CYP24A1",7,505,0.0138613861386139
"CYP2E1",7,505,0.0138613861386139
"CYP7B1",7,505,0.0138613861386139
"CYRIA",7,505,0.0138613861386139
"DAO",7,505,0.0138613861386139
"DAOA",7,505,0.0138613861386139
"DBH",7,505,0.0138613861386139
"DCBLD1",7,505,0.0138613861386139
"DCN",7,505,0.0138613861386139
"DCST2",7,505,0.0138613861386139
"DDC",7,505,0.0138613861386139
"DDHD2",7,505,0.0138613861386139
"DDX42",7,505,0.0138613861386139
"DEFB110",7,505,0.0138613861386139
"DENND3",7,505,0.0138613861386139
"DENND4C",7,505,0.0138613861386139
"DENND5A",7,505,0.0138613861386139
"DGKD",7,505,0.0138613861386139
"DHX30",7,505,0.0138613861386139
"DHX32",7,505,0.0138613861386139
"DKC1",7,505,0.0138613861386139
"DLEC1",7,505,0.0138613861386139
"DNAAF1",7,505,0.0138613861386139
"DNM3",7,505,0.0138613861386139
"DNTT",7,505,0.0138613861386139
"DOCK1",7,505,0.0138613861386139
"DOT1L",7,505,0.0138613861386139
"DPEP3",7,505,0.0138613861386139
"DPF3",7,505,0.0138613861386139
"DPP8",7,505,0.0138613861386139
"DPY19L3",7,505,0.0138613861386139
"DPYSL3",7,505,0.0138613861386139
"DPYSL5",7,505,0.0138613861386139
"DYNC2LI1",7,505,0.0138613861386139
"ECPAS",7,505,0.0138613861386139
"EDA2R",7,505,0.0138613861386139
"EDRF1",7,505,0.0138613861386139
"EEF2",7,505,0.0138613861386139
"EEF2K",7,505,0.0138613861386139
"EIF2D",7,505,0.0138613861386139
"ELMOD1",7,505,0.0138613861386139
"ELN",7,505,0.0138613861386139
"EML4",7,505,0.0138613861386139
"EP300",7,505,0.0138613861386139
"EPB41L4B",7,505,0.0138613861386139
"ERC2",7,505,0.0138613861386139
"ERCC6L",7,505,0.0138613861386139
"ERCC6L2",7,505,0.0138613861386139
"ERG",7,505,0.0138613861386139
"ERN1",7,505,0.0138613861386139
"ESRP1",7,505,0.0138613861386139
"EVX2",7,505,0.0138613861386139
"EXOC3L1",7,505,0.0138613861386139
"EXOC5",7,505,0.0138613861386139
"EXOC8",7,505,0.0138613861386139
"EXTL1",7,505,0.0138613861386139
"FAM110B",7,505,0.0138613861386139
"FAM124A",7,505,0.0138613861386139
"FAM186B",7,505,0.0138613861386139
"FAM199X",7,505,0.0138613861386139
"FAM217B",7,505,0.0138613861386139
"FAM71C",7,505,0.0138613861386139
"FAM83D",7,505,0.0138613861386139
"FAN1",7,505,0.0138613861386139
"FANK1",7,505,0.0138613861386139
"FASTKD2",7,505,0.0138613861386139
"FASTKD5",7,505,0.0138613861386139
"FBL",7,505,0.0138613861386139
"FBLN2",7,505,0.0138613861386139
"FBXL4",7,505,0.0138613861386139
"FCAR",7,505,0.0138613861386139
"FCER1A",7,505,0.0138613861386139
"FCHO2",7,505,0.0138613861386139
"FCN1",7,505,0.0138613861386139
"FIP1L1",7,505,0.0138613861386139
"FMNL1",7,505,0.0138613861386139
"FNIP2",7,505,0.0138613861386139
"FOXB2",7,505,0.0138613861386139
"FOXF2",7,505,0.0138613861386139
"FOXM1",7,505,0.0138613861386139
"FPR1",7,505,0.0138613861386139
"FRG1",7,505,0.0138613861386139
"FRMD4A",7,505,0.0138613861386139
"FSTL4",7,505,0.0138613861386139
"GAB3",7,505,0.0138613861386139
"GADL1",7,505,0.0138613861386139
"GAL3ST1",7,505,0.0138613861386139
"GALC",7,505,0.0138613861386139
"GALNT6",7,505,0.0138613861386139
"GALNT7",7,505,0.0138613861386139
"GAS2L3",7,505,0.0138613861386139
"GATAD2B",7,505,0.0138613861386139
"GATM",7,505,0.0138613861386139
"GCNT1",7,505,0.0138613861386139
"GDPD4",7,505,0.0138613861386139
"GGN",7,505,0.0138613861386139
"GIMAP5",7,505,0.0138613861386139
"GIMAP7",7,505,0.0138613861386139
"GJA1",7,505,0.0138613861386139
"GJA5",7,505,0.0138613861386139
"GK2",7,505,0.0138613861386139
"GLCCI1",7,505,0.0138613861386139
"GLIPR1",7,505,0.0138613861386139
"GLYATL1",7,505,0.0138613861386139
"GLYATL2",7,505,0.0138613861386139
"GMDS",7,505,0.0138613861386139
"GMPPA",7,505,0.0138613861386139
"GNAI1",7,505,0.0138613861386139
"GNL1",7,505,0.0138613861386139
"GNL3L",7,505,0.0138613861386139
"GPATCH2",7,505,0.0138613861386139
"GPBP1L1",7,505,0.0138613861386139
"GPC3",7,505,0.0138613861386139
"GPM6A",7,505,0.0138613861386139
"GPR17",7,505,0.0138613861386139
"GPR35",7,505,0.0138613861386139
"GPR6",7,505,0.0138613861386139
"GPR61",7,505,0.0138613861386139
"GPR78",7,505,0.0138613861386139
"GPRC5C",7,505,0.0138613861386139
"GRHL1",7,505,0.0138613861386139
"GRHL2",7,505,0.0138613861386139
"GRIN1",7,505,0.0138613861386139
"GRK3",7,505,0.0138613861386139
"GRSF1",7,505,0.0138613861386139
"GSPT2",7,505,0.0138613861386139
"GTF2E1",7,505,0.0138613861386139
"GUCA1A",7,505,0.0138613861386139
"H3-4",7,505,0.0138613861386139
"H3C6",7,505,0.0138613861386139
"HACE1",7,505,0.0138613861386139
"HAO2",7,505,0.0138613861386139
"HAPLN3",7,505,0.0138613861386139
"HEPACAM",7,505,0.0138613861386139
"HERC6",7,505,0.0138613861386139
"HIRA",7,505,0.0138613861386139
"HK1",7,505,0.0138613861386139
"HNRNPA1",7,505,0.0138613861386139
"HNRNPA3",7,505,0.0138613861386139
"HNRNPF",7,505,0.0138613861386139
"HNRNPU",7,505,0.0138613861386139
"HOOK3",7,505,0.0138613861386139
"HOXD13",7,505,0.0138613861386139
"HPS4",7,505,0.0138613861386139
"HR",7,505,0.0138613861386139
"HRC",7,505,0.0138613861386139
"HS3ST1",7,505,0.0138613861386139
"HSD3B7",7,505,0.0138613861386139
"HTR3C",7,505,0.0138613861386139
"IFIT1B",7,505,0.0138613861386139
"IFNA16",7,505,0.0138613861386139
"IFNB1",7,505,0.0138613861386139
"IFT52",7,505,0.0138613861386139
"IGDCC3",7,505,0.0138613861386139
"IGF2BP2",7,505,0.0138613861386139
"IGF2BP3",7,505,0.0138613861386139
"IGHD",7,505,0.0138613861386139
"IGHG3",7,505,0.0138613861386139
"IGHV1-2",7,505,0.0138613861386139
"IGHV3-53",7,505,0.0138613861386139
"IGKV1-9",7,505,0.0138613861386139
"IGKV1D-42",7,505,0.0138613861386139
"IGKV1D-43",7,505,0.0138613861386139
"IGKV2D-29",7,505,0.0138613861386139
"IL10RA",7,505,0.0138613861386139
"IL23R",7,505,0.0138613861386139
"IL5RA",7,505,0.0138613861386139
"IL6R",7,505,0.0138613861386139
"INCENP",7,505,0.0138613861386139
"INO80D",7,505,0.0138613861386139
"INTS12",7,505,0.0138613861386139
"INTS4",7,505,0.0138613861386139
"IPO13",7,505,0.0138613861386139
"IPO9",7,505,0.0138613861386139
"IRAG2",7,505,0.0138613861386139
"ISLR2",7,505,0.0138613861386139
"ITGA3",7,505,0.0138613861386139
"ITGB4",7,505,0.0138613861386139
"ITM2A",7,505,0.0138613861386139
"ITPRIP",7,505,0.0138613861386139
"JAK1",7,505,0.0138613861386139
"JAM2",7,505,0.0138613861386139
"KCNJ6",7,505,0.0138613861386139
"KCNK6",7,505,0.0138613861386139
"KDM3A",7,505,0.0138613861386139
"KERA",7,505,0.0138613861386139
"KIAA0232",7,505,0.0138613861386139
"KIAA0586",7,505,0.0138613861386139
"KIAA1217",7,505,0.0138613861386139
"KIF15",7,505,0.0138613861386139
"KIF18A",7,505,0.0138613861386139
"KIF1C",7,505,0.0138613861386139
"KIF26A",7,505,0.0138613861386139
"KIF3C",7,505,0.0138613861386139
"KIF5C",7,505,0.0138613861386139
"KLHL20",7,505,0.0138613861386139
"KLHL7",7,505,0.0138613861386139
"KLK1",7,505,0.0138613861386139
"KLK13",7,505,0.0138613861386139
"KLK6",7,505,0.0138613861386139
"KLK7",7,505,0.0138613861386139
"KRT35",7,505,0.0138613861386139
"KRT36",7,505,0.0138613861386139
"KRT7",7,505,0.0138613861386139
"KRT71",7,505,0.0138613861386139
"KRT73",7,505,0.0138613861386139
"KRT75",7,505,0.0138613861386139
"KRT83",7,505,0.0138613861386139
"KRTAP10-6",7,505,0.0138613861386139
"KRTAP10-8",7,505,0.0138613861386139
"KRTAP13-2",7,505,0.0138613861386139
"KRTAP21-2",7,505,0.0138613861386139
"KRTAP6-1",7,505,0.0138613861386139
"LCE2B",7,505,0.0138613861386139
"LCE3E",7,505,0.0138613861386139
"LCP2",7,505,0.0138613861386139
"LELP1",7,505,0.0138613861386139
"LHFPL1",7,505,0.0138613861386139
"LILRA5",7,505,0.0138613861386139
"LIPK",7,505,0.0138613861386139
"LMAN1",7,505,0.0138613861386139
"LMAN1L",7,505,0.0138613861386139
"LMBRD1",7,505,0.0138613861386139
"LRIF1",7,505,0.0138613861386139
"LRIG3",7,505,0.0138613861386139
"LRRC49",7,505,0.0138613861386139
"LRRFIP2",7,505,0.0138613861386139
"LSP1",7,505,0.0138613861386139
"LTF",7,505,0.0138613861386139
"LTK",7,505,0.0138613861386139
"M1AP",7,505,0.0138613861386139
"MACC1",7,505,0.0138613861386139
"MACROD2",7,505,0.0138613861386139
"MAEL",7,505,0.0138613861386139
"MAP2K7",7,505,0.0138613861386139
"MAP3K11",7,505,0.0138613861386139
"MAP3K3",7,505,0.0138613861386139
"MAP4",7,505,0.0138613861386139
"MAP7",7,505,0.0138613861386139
"MAP7D3",7,505,0.0138613861386139
"MAPK4",7,505,0.0138613861386139
"MAS1L",7,505,0.0138613861386139
"MAST4",7,505,0.0138613861386139
"MATN4",7,505,0.0138613861386139
"MBNL3",7,505,0.0138613861386139
"MBTPS1",7,505,0.0138613861386139
"MCF2L",7,505,0.0138613861386139
"MCM3",7,505,0.0138613861386139
"MCM5",7,505,0.0138613861386139
"MCPH1",7,505,0.0138613861386139
"MCTP1",7,505,0.0138613861386139
"ME3",7,505,0.0138613861386139
"MECP2",7,505,0.0138613861386139
"MED16",7,505,0.0138613861386139
"MED17",7,505,0.0138613861386139
"METTL22",7,505,0.0138613861386139
"MFAP1",7,505,0.0138613861386139
"MFN2",7,505,0.0138613861386139
"MFSD6",7,505,0.0138613861386139
"MFSD9",7,505,0.0138613861386139
"MICU3",7,505,0.0138613861386139
"MMEL1",7,505,0.0138613861386139
"MMP10",7,505,0.0138613861386139
"MMP12",7,505,0.0138613861386139
"MMP19",7,505,0.0138613861386139
"MMP20",7,505,0.0138613861386139
"MMP27",7,505,0.0138613861386139
"MMRN2",7,505,0.0138613861386139
"MORC3",7,505,0.0138613861386139
"MORF4L1",7,505,0.0138613861386139
"MRGPRD",7,505,0.0138613861386139
"MRGPRX1",7,505,0.0138613861386139
"MS4A5",7,505,0.0138613861386139
"MSANTD3",7,505,0.0138613861386139
"MSC",7,505,0.0138613861386139
"MSL3",7,505,0.0138613861386139
"MSLN",7,505,0.0138613861386139
"MSN",7,505,0.0138613861386139
"MST1R",7,505,0.0138613861386139
"MTBP",7,505,0.0138613861386139
"MTERF3",7,505,0.0138613861386139
"MTG1",7,505,0.0138613861386139
"MTO1",7,505,0.0138613861386139
"MVP",7,505,0.0138613861386139
"MYBPC2",7,505,0.0138613861386139
"MYEOV",7,505,0.0138613861386139
"MYLIP",7,505,0.0138613861386139
"MYO1E",7,505,0.0138613861386139
"MYO1F",7,505,0.0138613861386139
"MYO1G",7,505,0.0138613861386139
"MYO5C",7,505,0.0138613861386139
"NAA11",7,505,0.0138613861386139
"NAA15",7,505,0.0138613861386139
"NARS2",7,505,0.0138613861386139
"NBEAL1",7,505,0.0138613861386139
"NCAPD2",7,505,0.0138613861386139
"NCOA5",7,505,0.0138613861386139
"NDNF",7,505,0.0138613861386139
"NEFH",7,505,0.0138613861386139
"NEFM",7,505,0.0138613861386139
"NEIL3",7,505,0.0138613861386139
"NEK1",7,505,0.0138613861386139
"NEK5",7,505,0.0138613861386139
"NEU2",7,505,0.0138613861386139
"NEURL4",7,505,0.0138613861386139
"NEUROD6",7,505,0.0138613861386139
"NFKB1",7,505,0.0138613861386139
"NFKBID",7,505,0.0138613861386139
"NFKBIZ",7,505,0.0138613861386139
"NHSL2",7,505,0.0138613861386139
"NKD2",7,505,0.0138613861386139
"NKX6-1",7,505,0.0138613861386139
"NMNAT2",7,505,0.0138613861386139
"NOL6",7,505,0.0138613861386139
"NOX1",7,505,0.0138613861386139
"NPAT",7,505,0.0138613861386139
"NPBWR2",7,505,0.0138613861386139
"NPHP3",7,505,0.0138613861386139
"NPLOC4",7,505,0.0138613861386139
"NR1I3",7,505,0.0138613861386139
"NRROS",7,505,0.0138613861386139
"NTSR1",7,505,0.0138613861386139
"NUP43",7,505,0.0138613861386139
"ODF2",7,505,0.0138613861386139
"OLFM1",7,505,0.0138613861386139
"OPN1SW",7,505,0.0138613861386139
"OR10H4",7,505,0.0138613861386139
"OR10P1",7,505,0.0138613861386139
"OR11H4",7,505,0.0138613861386139
"OR13D1",7,505,0.0138613861386139
"OR14J1",7,505,0.0138613861386139
"OR1D5",7,505,0.0138613861386139
"OR1J2",7,505,0.0138613861386139
"OR1M1",7,505,0.0138613861386139
"OR2B3",7,505,0.0138613861386139
"OR2B6",7,505,0.0138613861386139
"OR2H2",7,505,0.0138613861386139
"OR2W1",7,505,0.0138613861386139
"OR4F15",7,505,0.0138613861386139
"OR51A4",7,505,0.0138613861386139
"OR51B2",7,505,0.0138613861386139
"OR51B4",7,505,0.0138613861386139
"OR52A1",7,505,0.0138613861386139
"OR52E2",7,505,0.0138613861386139
"OR56B4",7,505,0.0138613861386139
"OR5H14",7,505,0.0138613861386139
"OR5H6",7,505,0.0138613861386139
"OR5V1",7,505,0.0138613861386139
"OR6C68",7,505,0.0138613861386139
"OR6V1",7,505,0.0138613861386139
"OR6X1",7,505,0.0138613861386139
"OR8A1",7,505,0.0138613861386139
"OR9A4",7,505,0.0138613861386139
"OR9K2",7,505,0.0138613861386139
"ORC1",7,505,0.0138613861386139
"OTP",7,505,0.0138613861386139
"OTX2",7,505,0.0138613861386139
"OXCT1",7,505,0.0138613861386139
"P2RX1",7,505,0.0138613861386139
"PAH",7,505,0.0138613861386139
"PAM",7,505,0.0138613861386139
"PANX3",7,505,0.0138613861386139
"PAOX",7,505,0.0138613861386139
"PAPSS2",7,505,0.0138613861386139
"PARP14",7,505,0.0138613861386139
"PAX5",7,505,0.0138613861386139
"PAX7",7,505,0.0138613861386139
"PAXIP1",7,505,0.0138613861386139
"PBRM1",7,505,0.0138613861386139
"PCDHAC2",7,505,0.0138613861386139
"PCM1",7,505,0.0138613861386139
"PCMTD1",7,505,0.0138613861386139
"PCNX4",7,505,0.0138613861386139
"PDCD6IP",7,505,0.0138613861386139
"PDE5A",7,505,0.0138613861386139
"PDPR",7,505,0.0138613861386139
"PELP1",7,505,0.0138613861386139
"PER1",7,505,0.0138613861386139
"PER2",7,505,0.0138613861386139
"PGLYRP4",7,505,0.0138613861386139
"PHF21B",7,505,0.0138613861386139
"PIGN",7,505,0.0138613861386139
"PIGO",7,505,0.0138613861386139
"PIK3C2A",7,505,0.0138613861386139
"PIP",7,505,0.0138613861386139
"PITPNC1",7,505,0.0138613861386139
"PITX2",7,505,0.0138613861386139
"PIWIL3",7,505,0.0138613861386139
"PIWIL4",7,505,0.0138613861386139
"PJA2",7,505,0.0138613861386139
"PKD2L2",7,505,0.0138613861386139
"PKLR",7,505,0.0138613861386139
"PLAGL2",7,505,0.0138613861386139
"PLCB3",7,505,0.0138613861386139
"PLCL2",7,505,0.0138613861386139
"PLEKHG2",7,505,0.0138613861386139
"PLEKHG5",7,505,0.0138613861386139
"PLEKHS1",7,505,0.0138613861386139
"PLSCR1",7,505,0.0138613861386139
"PNISR",7,505,0.0138613861386139
"PNMA5",7,505,0.0138613861386139
"PNN",7,505,0.0138613861386139
"PNPLA8",7,505,0.0138613861386139
"PNPT1",7,505,0.0138613861386139
"POU2F2",7,505,0.0138613861386139
"PPM1L",7,505,0.0138613861386139
"PPP1R9A",7,505,0.0138613861386139
"PPP2R2C",7,505,0.0138613861386139
"PPP2R5B",7,505,0.0138613861386139
"PRAMEF1",7,505,0.0138613861386139
"PRAMEF10",7,505,0.0138613861386139
"PRCP",7,505,0.0138613861386139
"PRICKLE2",7,505,0.0138613861386139
"PRKACB",7,505,0.0138613861386139
"PRKAG3",7,505,0.0138613861386139
"PRKCH",7,505,0.0138613861386139
"PRMT8",7,505,0.0138613861386139
"PROC",7,505,0.0138613861386139
"PRSS35",7,505,0.0138613861386139
"PSD4",7,505,0.0138613861386139
"PSEN2",7,505,0.0138613861386139
"PSMD3",7,505,0.0138613861386139
"PTBP2",7,505,0.0138613861386139
"PTCD1",7,505,0.0138613861386139
"PTEN",7,505,0.0138613861386139
"PTER",7,505,0.0138613861386139
"PTF1A",7,505,0.0138613861386139
"PTK2",7,505,0.0138613861386139
"PTPN3",7,505,0.0138613861386139
"PTPRA",7,505,0.0138613861386139
"PWWP3B",7,505,0.0138613861386139
"PXK",7,505,0.0138613861386139
"QTRT1",7,505,0.0138613861386139
"RAB11FIP4",7,505,0.0138613861386139
"RABGGTA",7,505,0.0138613861386139
"RABGGTB",7,505,0.0138613861386139
"RAD51AP1",7,505,0.0138613861386139
"RAD54B",7,505,0.0138613861386139
"RAG2",7,505,0.0138613861386139
"RAI1",7,505,0.0138613861386139
"RAP1GAP",7,505,0.0138613861386139
"RASA1",7,505,0.0138613861386139
"RASAL1",7,505,0.0138613861386139
"RASGRF1",7,505,0.0138613861386139
"RASGRP3",7,505,0.0138613861386139
"RBL2",7,505,0.0138613861386139
"RBM12",7,505,0.0138613861386139
"RBM45",7,505,0.0138613861386139
"RBMX",7,505,0.0138613861386139
"RBMXL1",7,505,0.0138613861386139
"RFFL",7,505,0.0138613861386139
"RFPL1",7,505,0.0138613861386139
"RFPL3",7,505,0.0138613861386139
"RFX7",7,505,0.0138613861386139
"RGS20",7,505,0.0138613861386139
"RHOXF1",7,505,0.0138613861386139
"RIC3",7,505,0.0138613861386139
"RNASE11",7,505,0.0138613861386139
"RNF112",7,505,0.0138613861386139
"RNF144A",7,505,0.0138613861386139
"RNF31",7,505,0.0138613861386139
"RPA4",7,505,0.0138613861386139
"RPGR",7,505,0.0138613861386139
"RPL5",7,505,0.0138613861386139
"RPRD2",7,505,0.0138613861386139
"RPS6KA5",7,505,0.0138613861386139
"RSPH14",7,505,0.0138613861386139
"SAMD4A",7,505,0.0138613861386139
"SBF1",7,505,0.0138613861386139
"SBSN",7,505,0.0138613861386139
"SDR42E1",7,505,0.0138613861386139
"SEC23A",7,505,0.0138613861386139
"SECISBP2",7,505,0.0138613861386139
"SEMA4C",7,505,0.0138613861386139
"SEMA4F",7,505,0.0138613861386139
"SENP6",7,505,0.0138613861386139
"SEPTIN6",7,505,0.0138613861386139
"SERPINB9",7,505,0.0138613861386139
"SERPING1",7,505,0.0138613861386139
"SERPINI1",7,505,0.0138613861386139
"SF3B4",7,505,0.0138613861386139
"SFSWAP",7,505,0.0138613861386139
"SGO1",7,505,0.0138613861386139
"SH3D19",7,505,0.0138613861386139
"SH3GL2",7,505,0.0138613861386139
"SH3GL3",7,505,0.0138613861386139
"SH3PXD2B",7,505,0.0138613861386139
"SIGLEC11",7,505,0.0138613861386139
"SIGLECL1",7,505,0.0138613861386139
"SIRPA",7,505,0.0138613861386139
"SKAP1",7,505,0.0138613861386139
"SKIL",7,505,0.0138613861386139
"SLC13A3",7,505,0.0138613861386139
"SLC15A2",7,505,0.0138613861386139
"SLC20A2",7,505,0.0138613861386139
"SLC22A2",7,505,0.0138613861386139
"SLC25A14",7,505,0.0138613861386139
"SLC25A2",7,505,0.0138613861386139
"SLC26A11",7,505,0.0138613861386139
"SLC28A2",7,505,0.0138613861386139
"SLC2A3",7,505,0.0138613861386139
"SLC35E3",7,505,0.0138613861386139
"SLC3A2",7,505,0.0138613861386139
"SLC44A1",7,505,0.0138613861386139
"SLC52A3",7,505,0.0138613861386139
"SLC6A1",7,505,0.0138613861386139
"SLC6A13",7,505,0.0138613861386139
"SLC6A16",7,505,0.0138613861386139
"SLC6A7",7,505,0.0138613861386139
"SLC6A9",7,505,0.0138613861386139
"SLC7A3",7,505,0.0138613861386139
"SLC9B2",7,505,0.0138613861386139
"SLCO1A2",7,505,0.0138613861386139
"SMAD1",7,505,0.0138613861386139
"SMAD2",7,505,0.0138613861386139
"SMARCD2",7,505,0.0138613861386139
"SMC1A",7,505,0.0138613861386139
"SMCHD1",7,505,0.0138613861386139
"SMURF1",7,505,0.0138613861386139
"SNIP1",7,505,0.0138613861386139
"SNX13",7,505,0.0138613861386139
"SNX14",7,505,0.0138613861386139
"SNX25",7,505,0.0138613861386139
"SNX29",7,505,0.0138613861386139
"SOGA1",7,505,0.0138613861386139
"SOHLH2",7,505,0.0138613861386139
"SOX11",7,505,0.0138613861386139
"SP4",7,505,0.0138613861386139
"SPART",7,505,0.0138613861386139
"SPECC1",7,505,0.0138613861386139
"SPICE1",7,505,0.0138613861386139
"SPINK5",7,505,0.0138613861386139
"SPRR3",7,505,0.0138613861386139
"SPTLC3",7,505,0.0138613861386139
"SRL",7,505,0.0138613861386139
"SRPK3",7,505,0.0138613861386139
"SRPX2",7,505,0.0138613861386139
"SRRM4",7,505,0.0138613861386139
"SSU72P8",7,505,0.0138613861386139
"ST6GALNAC5",7,505,0.0138613861386139
"STAC",7,505,0.0138613861386139
"STAG1",7,505,0.0138613861386139
"STAT1",7,505,0.0138613861386139
"STAT2",7,505,0.0138613861386139
"STIM2",7,505,0.0138613861386139
"STIP1",7,505,0.0138613861386139
"STK10",7,505,0.0138613861386139
"STK32B",7,505,0.0138613861386139
"STOML3",7,505,0.0138613861386139
"STON1",7,505,0.0138613861386139
"STS",7,505,0.0138613861386139
"STX2",7,505,0.0138613861386139
"STXBP5",7,505,0.0138613861386139
"SUGCT",7,505,0.0138613861386139
"SUGP1",7,505,0.0138613861386139
"SUGP2",7,505,0.0138613861386139
"SUN3",7,505,0.0138613861386139
"SUPT20H",7,505,0.0138613861386139
"SUSD1",7,505,0.0138613861386139
"SYBU",7,505,0.0138613861386139
"SYNGAP1",7,505,0.0138613861386139
"SYP",7,505,0.0138613861386139
"SYTL2",7,505,0.0138613861386139
"TACC3",7,505,0.0138613861386139
"TAF2",7,505,0.0138613861386139
"TAGAP",7,505,0.0138613861386139
"TAOK3",7,505,0.0138613861386139
"TAP2",7,505,0.0138613861386139
"TAS2R38",7,505,0.0138613861386139
"TBC1D2",7,505,0.0138613861386139
"TBC1D21",7,505,0.0138613861386139
"TBC1D8",7,505,0.0138613861386139
"TBCD",7,505,0.0138613861386139
"TBCK",7,505,0.0138613861386139
"TBX2",7,505,0.0138613861386139
"TCERG1",7,505,0.0138613861386139
"TCF7L2",7,505,0.0138613861386139
"TCTE1",7,505,0.0138613861386139
"TCTN2",7,505,0.0138613861386139
"TDP1",7,505,0.0138613861386139
"TEKT4",7,505,0.0138613861386139
"TESMIN",7,505,0.0138613861386139
"TEX2",7,505,0.0138613861386139
"TGM2",7,505,0.0138613861386139
"TGS1",7,505,0.0138613861386139
"TICRR",7,505,0.0138613861386139
"TIGIT",7,505,0.0138613861386139
"TLK1",7,505,0.0138613861386139
"TLK2",7,505,0.0138613861386139
"TLR1",7,505,0.0138613861386139
"TLR2",7,505,0.0138613861386139
"TLR9",7,505,0.0138613861386139
"TMC4",7,505,0.0138613861386139
"TMCC3",7,505,0.0138613861386139
"TMEM131",7,505,0.0138613861386139
"TMEM151A",7,505,0.0138613861386139
"TMEM196",7,505,0.0138613861386139
"TMEM255A",7,505,0.0138613861386139
"TMEM260",7,505,0.0138613861386139
"TMEM266",7,505,0.0138613861386139
"TMEM63B",7,505,0.0138613861386139
"TMEM67",7,505,0.0138613861386139
"TMPRSS7",7,505,0.0138613861386139
"TMX3",7,505,0.0138613861386139
"TNFAIP3",7,505,0.0138613861386139
"TNFRSF8",7,505,0.0138613861386139
"TOP1",7,505,0.0138613861386139
"TOPBP1",7,505,0.0138613861386139
"TP53I11",7,505,0.0138613861386139
"TPH1",7,505,0.0138613861386139
"TRAIP",7,505,0.0138613861386139
"TRAM1",7,505,0.0138613861386139
"TRAPPC12",7,505,0.0138613861386139
"TRBV2",7,505,0.0138613861386139
"TRIB2",7,505,0.0138613861386139
"TRIM21",7,505,0.0138613861386139
"TRIM37",7,505,0.0138613861386139
"TRIM56",7,505,0.0138613861386139
"TRIM60",7,505,0.0138613861386139
"TRIM69",7,505,0.0138613861386139
"TRMT6",7,505,0.0138613861386139
"TROAP",7,505,0.0138613861386139
"TRPC1",7,505,0.0138613861386139
"TRPV2",7,505,0.0138613861386139
"TSBP1",7,505,0.0138613861386139
"TSLP",7,505,0.0138613861386139
"TSNAXIP1",7,505,0.0138613861386139
"TSPYL6",7,505,0.0138613861386139
"TSR1",7,505,0.0138613861386139
"TTC5",7,505,0.0138613861386139
"TTLL11",7,505,0.0138613861386139
"TTYH2",7,505,0.0138613861386139
"TUBA1A",7,505,0.0138613861386139
"TUBGCP5",7,505,0.0138613861386139
"TXNDC16",7,505,0.0138613861386139
"U2SURP",7,505,0.0138613861386139
"UBE3B",7,505,0.0138613861386139
"UBE3D",7,505,0.0138613861386139
"UBE4A",7,505,0.0138613861386139
"UBQLNL",7,505,0.0138613861386139
"UGT1A10",7,505,0.0138613861386139
"UGT2B10",7,505,0.0138613861386139
"UGT8",7,505,0.0138613861386139
"UHMK1",7,505,0.0138613861386139
"ULK1",7,505,0.0138613861386139
"UNC93A",7,505,0.0138613861386139
"UPF3B",7,505,0.0138613861386139
"USP13",7,505,0.0138613861386139
"USP14",7,505,0.0138613861386139
"USP17L2",7,505,0.0138613861386139
"USP25",7,505,0.0138613861386139
"USP38",7,505,0.0138613861386139
"USP53",7,505,0.0138613861386139
"UTP18",7,505,0.0138613861386139
"VARS1",7,505,0.0138613861386139
"VAX1",7,505,0.0138613861386139
"VCX",7,505,0.0138613861386139
"VNN1",7,505,0.0138613861386139
"VPS35",7,505,0.0138613861386139
"VPS45",7,505,0.0138613861386139
"VRK2",7,505,0.0138613861386139
"VSNL1",7,505,0.0138613861386139
"WDFY1",7,505,0.0138613861386139
"WDHD1",7,505,0.0138613861386139
"WDR1",7,505,0.0138613861386139
"WDR33",7,505,0.0138613861386139
"WDR44",7,505,0.0138613861386139
"WDR47",7,505,0.0138613861386139
"WDR6",7,505,0.0138613861386139
"WDR70",7,505,0.0138613861386139
"WFIKKN2",7,505,0.0138613861386139
"WNK4",7,505,0.0138613861386139
"WNT3A",7,505,0.0138613861386139
"WSCD1",7,505,0.0138613861386139
"WWP2",7,505,0.0138613861386139
"XKR9",7,505,0.0138613861386139
"XPC",7,505,0.0138613861386139
"XPOT",7,505,0.0138613861386139
"XRN2",7,505,0.0138613861386139
"YY2",7,505,0.0138613861386139
"ZAP70",7,505,0.0138613861386139
"ZBTB11",7,505,0.0138613861386139
"ZBTB4",7,505,0.0138613861386139
"ZC3H6",7,505,0.0138613861386139
"ZCCHC14",7,505,0.0138613861386139
"ZER1",7,505,0.0138613861386139
"ZFYVE16",7,505,0.0138613861386139
"ZKSCAN1",7,505,0.0138613861386139
"ZKSCAN7",7,505,0.0138613861386139
"ZMYM2",7,505,0.0138613861386139
"ZNF157",7,505,0.0138613861386139
"ZNF16",7,505,0.0138613861386139
"ZNF180",7,505,0.0138613861386139
"ZNF211",7,505,0.0138613861386139
"ZNF234",7,505,0.0138613861386139
"ZNF239",7,505,0.0138613861386139
"ZNF251",7,505,0.0138613861386139
"ZNF253",7,505,0.0138613861386139
"ZNF254",7,505,0.0138613861386139
"ZNF26",7,505,0.0138613861386139
"ZNF264",7,505,0.0138613861386139
"ZNF266",7,505,0.0138613861386139
"ZNF284",7,505,0.0138613861386139
"ZNF320",7,505,0.0138613861386139
"ZNF341",7,505,0.0138613861386139
"ZNF345",7,505,0.0138613861386139
"ZNF398",7,505,0.0138613861386139
"ZNF43",7,505,0.0138613861386139
"ZNF436",7,505,0.0138613861386139
"ZNF461",7,505,0.0138613861386139
"ZNF470",7,505,0.0138613861386139
"ZNF485",7,505,0.0138613861386139
"ZNF488",7,505,0.0138613861386139
"ZNF527",7,505,0.0138613861386139
"ZNF547",7,505,0.0138613861386139
"ZNF548",7,505,0.0138613861386139
"ZNF549",7,505,0.0138613861386139
"ZNF566",7,505,0.0138613861386139
"ZNF567",7,505,0.0138613861386139
"ZNF568",7,505,0.0138613861386139
"ZNF571",7,505,0.0138613861386139
"ZNF572",7,505,0.0138613861386139
"ZNF595",7,505,0.0138613861386139
"ZNF605",7,505,0.0138613861386139
"ZNF608",7,505,0.0138613861386139
"ZNF649",7,505,0.0138613861386139
"ZNF682",7,505,0.0138613861386139
"ZNF683",7,505,0.0138613861386139
"ZNF74",7,505,0.0138613861386139
"ZNF770",7,505,0.0138613861386139
"ZNF773",7,505,0.0138613861386139
"ZNF780A",7,505,0.0138613861386139
"ZNF79",7,505,0.0138613861386139
"ZNF8",7,505,0.0138613861386139
"ZNF81",7,505,0.0138613861386139
"ZRANB3",7,505,0.0138613861386139
"ZSWIM8",7,505,0.0138613861386139
"AADAC",6,505,0.0118811881188119
"AADACL3",6,505,0.0118811881188119
"ABHD1",6,505,0.0118811881188119
"ABHD12B",6,505,0.0118811881188119
"ABI3",6,505,0.0118811881188119
"ABR",6,505,0.0118811881188119
"ABT1",6,505,0.0118811881188119
"AC004593.2",6,505,0.0118811881188119
"AC005833.1",6,505,0.0118811881188119
"AC013489.1",6,505,0.0118811881188119
"AC098582.1",6,505,0.0118811881188119
"ACAD10",6,505,0.0118811881188119
"ACE2",6,505,0.0118811881188119
"ACKR2",6,505,0.0118811881188119
"ACO1",6,505,0.0118811881188119
"ACOXL",6,505,0.0118811881188119
"ACP3",6,505,0.0118811881188119
"ACSF3",6,505,0.0118811881188119
"ACSL4",6,505,0.0118811881188119
"ACTA1",6,505,0.0118811881188119
"ACTG1",6,505,0.0118811881188119
"ACTL7B",6,505,0.0118811881188119
"ACTL8",6,505,0.0118811881188119
"ACVR1",6,505,0.0118811881188119
"ADAM17",6,505,0.0118811881188119
"ADAM21",6,505,0.0118811881188119
"ADGRF5",6,505,0.0118811881188119
"ADGRG3",6,505,0.0118811881188119
"ADGRL1",6,505,0.0118811881188119
"ADH1A",6,505,0.0118811881188119
"ADNP",6,505,0.0118811881188119
"ADRA1A",6,505,0.0118811881188119
"ADRA1D",6,505,0.0118811881188119
"ADRA2A",6,505,0.0118811881188119
"AGBL2",6,505,0.0118811881188119
"AGPAT1",6,505,0.0118811881188119
"AGPAT4",6,505,0.0118811881188119
"AGTR2",6,505,0.0118811881188119
"AHRR",6,505,0.0118811881188119
"AIFM3",6,505,0.0118811881188119
"AKT2",6,505,0.0118811881188119
"AKT3",6,505,0.0118811881188119
"AL645922.1",6,505,0.0118811881188119
"ALDH16A1",6,505,0.0118811881188119
"ALDH1A1",6,505,0.0118811881188119
"ALDH1A2",6,505,0.0118811881188119
"ALDOB",6,505,0.0118811881188119
"ALOX15B",6,505,0.0118811881188119
"ALX1",6,505,0.0118811881188119
"ANAPC2",6,505,0.0118811881188119
"ANAPC4",6,505,0.0118811881188119
"ANGPTL5",6,505,0.0118811881188119
"ANKRD11",6,505,0.0118811881188119
"ANKRD33",6,505,0.0118811881188119
"ANKRD45",6,505,0.0118811881188119
"ANOS1",6,505,0.0118811881188119
"ANXA3",6,505,0.0118811881188119
"ANXA6",6,505,0.0118811881188119
"AP1B1",6,505,0.0118811881188119
"AP2A2",6,505,0.0118811881188119
"APCDD1",6,505,0.0118811881188119
"APOL5",6,505,0.0118811881188119
"AQP9",6,505,0.0118811881188119
"ARFGAP2",6,505,0.0118811881188119
"ARHGAP17",6,505,0.0118811881188119
"ARHGAP9",6,505,0.0118811881188119
"ARHGEF28",6,505,0.0118811881188119
"ARHGEF3",6,505,0.0118811881188119
"ARHGEF35",6,505,0.0118811881188119
"ARHGEF4",6,505,0.0118811881188119
"ARHGEF5",6,505,0.0118811881188119
"ARHGEF9",6,505,0.0118811881188119
"ARID3C",6,505,0.0118811881188119
"ARNT2",6,505,0.0118811881188119
"ARSJ",6,505,0.0118811881188119
"ART5",6,505,0.0118811881188119
"ASB10",6,505,0.0118811881188119
"ASB11",6,505,0.0118811881188119
"ASPH",6,505,0.0118811881188119
"ASPHD1",6,505,0.0118811881188119
"ATAD2B",6,505,0.0118811881188119
"ATG7",6,505,0.0118811881188119
"ATG9B",6,505,0.0118811881188119
"ATP11A",6,505,0.0118811881188119
"ATP11B",6,505,0.0118811881188119
"ATP6V0A1",6,505,0.0118811881188119
"ATP6V1A",6,505,0.0118811881188119
"ATP6V1H",6,505,0.0118811881188119
"ATP9B",6,505,0.0118811881188119
"ATXN7L2",6,505,0.0118811881188119
"AXIN1",6,505,0.0118811881188119
"AXIN2",6,505,0.0118811881188119
"B3GNT6",6,505,0.0118811881188119
"B4GALNT1",6,505,0.0118811881188119
"B4GALT5",6,505,0.0118811881188119
"BAZ2A",6,505,0.0118811881188119
"BBS12",6,505,0.0118811881188119
"BFSP2",6,505,0.0118811881188119
"BHMT",6,505,0.0118811881188119
"BICRA",6,505,0.0118811881188119
"BIN2",6,505,0.0118811881188119
"BIRC7",6,505,0.0118811881188119
"BLM",6,505,0.0118811881188119
"BMP15",6,505,0.0118811881188119
"BMP5",6,505,0.0118811881188119
"BOLL",6,505,0.0118811881188119
"BPIFB6",6,505,0.0118811881188119
"BRAT1",6,505,0.0118811881188119
"BRD4",6,505,0.0118811881188119
"BRPF3",6,505,0.0118811881188119
"BRSK2",6,505,0.0118811881188119
"BTBD7",6,505,0.0118811881188119
"BTN3A1",6,505,0.0118811881188119
"BTNL9",6,505,0.0118811881188119
"BUD13",6,505,0.0118811881188119
"BVES",6,505,0.0118811881188119
"C11orf87",6,505,0.0118811881188119
"C14orf39",6,505,0.0118811881188119
"C16orf46",6,505,0.0118811881188119
"C1GALT1",6,505,0.0118811881188119
"C1orf87",6,505,0.0118811881188119
"C2CD2L",6,505,0.0118811881188119
"C5",6,505,0.0118811881188119
"CADM1",6,505,0.0118811881188119
"CADPS2",6,505,0.0118811881188119
"CALB1",6,505,0.0118811881188119
"CAMKV",6,505,0.0118811881188119
"CAND2",6,505,0.0118811881188119
"CAPN5",6,505,0.0118811881188119
"CAPSL",6,505,0.0118811881188119
"CARD8",6,505,0.0118811881188119
"CASD1",6,505,0.0118811881188119
"CASKIN2",6,505,0.0118811881188119
"CAVIN2",6,505,0.0118811881188119
"CBL",6,505,0.0118811881188119
"CBLB",6,505,0.0118811881188119
"CBX2",6,505,0.0118811881188119
"CC2D1B",6,505,0.0118811881188119
"CCBE1",6,505,0.0118811881188119
"CCDC120",6,505,0.0118811881188119
"CCDC181",6,505,0.0118811881188119
"CCDC33",6,505,0.0118811881188119
"CCDC66",6,505,0.0118811881188119
"CCHCR1",6,505,0.0118811881188119
"CCN3",6,505,0.0118811881188119
"CCNT2",6,505,0.0118811881188119
"CCR2",6,505,0.0118811881188119
"CCT4",6,505,0.0118811881188119
"CCT6B",6,505,0.0118811881188119
"CD177",6,505,0.0118811881188119
"CD248",6,505,0.0118811881188119
"CD300E",6,505,0.0118811881188119
"CD300LB",6,505,0.0118811881188119
"CD40LG",6,505,0.0118811881188119
"CD99L2",6,505,0.0118811881188119
"CDAN1",6,505,0.0118811881188119
"CDC25C",6,505,0.0118811881188119
"CDCP2",6,505,0.0118811881188119
"CDH1",6,505,0.0118811881188119
"CDH16",6,505,0.0118811881188119
"CDK8",6,505,0.0118811881188119
"CDKAL1",6,505,0.0118811881188119
"CDON",6,505,0.0118811881188119
"CEACAM20",6,505,0.0118811881188119
"CEACAM8",6,505,0.0118811881188119
"CEBPE",6,505,0.0118811881188119
"CELA3A",6,505,0.0118811881188119
"CELF2",6,505,0.0118811881188119
"CEP170B",6,505,0.0118811881188119
"CEP41",6,505,0.0118811881188119
"CEP55",6,505,0.0118811881188119
"CEP83",6,505,0.0118811881188119
"CEP85",6,505,0.0118811881188119
"CEP89",6,505,0.0118811881188119
"CFAP100",6,505,0.0118811881188119
"CFAP77",6,505,0.0118811881188119
"CHAMP1",6,505,0.0118811881188119
"CHD1L",6,505,0.0118811881188119
"CHODL",6,505,0.0118811881188119
"CHORDC1",6,505,0.0118811881188119
"CHRM5",6,505,0.0118811881188119
"CHRNA10",6,505,0.0118811881188119
"CHST12",6,505,0.0118811881188119
"CHST5",6,505,0.0118811881188119
"CHST8",6,505,0.0118811881188119
"CLCN5",6,505,0.0118811881188119
"CLDN17",6,505,0.0118811881188119
"CLEC17A",6,505,0.0118811881188119
"CLEC3A",6,505,0.0118811881188119
"CLIP3",6,505,0.0118811881188119
"CMA1",6,505,0.0118811881188119
"CMAS",6,505,0.0118811881188119
"CNDP2",6,505,0.0118811881188119
"CNGA1",6,505,0.0118811881188119
"CNGB1",6,505,0.0118811881188119
"COL8A2",6,505,0.0118811881188119
"COL9A2",6,505,0.0118811881188119
"COPB1",6,505,0.0118811881188119
"COPG1",6,505,0.0118811881188119
"COPS4",6,505,0.0118811881188119
"COQ8A",6,505,0.0118811881188119
"CORO2B",6,505,0.0118811881188119
"CORO7",6,505,0.0118811881188119
"CP",6,505,0.0118811881188119
"CPA5",6,505,0.0118811881188119
"CPVL",6,505,0.0118811881188119
"CRY2",6,505,0.0118811881188119
"CSF2RA",6,505,0.0118811881188119
"CST4",6,505,0.0118811881188119
"CSTF3",6,505,0.0118811881188119
"CTNND1",6,505,0.0118811881188119
"CTPS1",6,505,0.0118811881188119
"CTR9",6,505,0.0118811881188119
"CTSV",6,505,0.0118811881188119
"CTTN",6,505,0.0118811881188119
"CUL4A",6,505,0.0118811881188119
"CUZD1",6,505,0.0118811881188119
"CYP1A1",6,505,0.0118811881188119
"CYP26C1",6,505,0.0118811881188119
"CYP46A1",6,505,0.0118811881188119
"CYP4F11",6,505,0.0118811881188119
"CYP4V2",6,505,0.0118811881188119
"CYP7A1",6,505,0.0118811881188119
"DAW1",6,505,0.0118811881188119
"DBT",6,505,0.0118811881188119
"DCAF1",6,505,0.0118811881188119
"DCAF13",6,505,0.0118811881188119
"DCLRE1C",6,505,0.0118811881188119
"DCX",6,505,0.0118811881188119
"DDHD1",6,505,0.0118811881188119
"DDN",6,505,0.0118811881188119
"DDX18",6,505,0.0118811881188119
"DDX59",6,505,0.0118811881188119
"DEPDC7",6,505,0.0118811881188119
"DEUP1",6,505,0.0118811881188119
"DHX15",6,505,0.0118811881188119
"DHX16",6,505,0.0118811881188119
"DHX29",6,505,0.0118811881188119
"DIO3",6,505,0.0118811881188119
"DIPK2A",6,505,0.0118811881188119
"DLG3",6,505,0.0118811881188119
"DNAJC14",6,505,0.0118811881188119
"DNAJC3",6,505,0.0118811881188119
"DOK5",6,505,0.0118811881188119
"DPEP1",6,505,0.0118811881188119
"DPEP2",6,505,0.0118811881188119
"DPH2",6,505,0.0118811881188119
"DPRX",6,505,0.0118811881188119
"DQX1",6,505,0.0118811881188119
"DTX3",6,505,0.0118811881188119
"DUS3L",6,505,0.0118811881188119
"DUS4L-BCAP29",6,505,0.0118811881188119
"DUSP26",6,505,0.0118811881188119
"DUSP9",6,505,0.0118811881188119
"DVL2",6,505,0.0118811881188119
"DYNC2I1",6,505,0.0118811881188119
"DYRK1A",6,505,0.0118811881188119
"E2F2",6,505,0.0118811881188119
"ECD",6,505,0.0118811881188119
"ECEL1",6,505,0.0118811881188119
"ECT2L",6,505,0.0118811881188119
"EDARADD",6,505,0.0118811881188119
"EDEM3",6,505,0.0118811881188119
"EFCAB12",6,505,0.0118811881188119
"EFCAB13",6,505,0.0118811881188119
"EFL1",6,505,0.0118811881188119
"EFR3A",6,505,0.0118811881188119
"EFTUD2",6,505,0.0118811881188119
"EGLN3",6,505,0.0118811881188119
"EIF3B",6,505,0.0118811881188119
"EIF4G2",6,505,0.0118811881188119
"EIPR1",6,505,0.0118811881188119
"ELF2",6,505,0.0118811881188119
"ELF3",6,505,0.0118811881188119
"ELP4",6,505,0.0118811881188119
"EMC1",6,505,0.0118811881188119
"EMD",6,505,0.0118811881188119
"EMILIN1",6,505,0.0118811881188119
"ENC1",6,505,0.0118811881188119
"ENPP7",6,505,0.0118811881188119
"ENTPD7",6,505,0.0118811881188119
"EPB41L4A",6,505,0.0118811881188119
"EPHA1",6,505,0.0118811881188119
"ERBIN",6,505,0.0118811881188119
"ESCO1",6,505,0.0118811881188119
"ESPL1",6,505,0.0118811881188119
"ESR2",6,505,0.0118811881188119
"ESYT1",6,505,0.0118811881188119
"ETNK1",6,505,0.0118811881188119
"ETV3L",6,505,0.0118811881188119
"EXOC1",6,505,0.0118811881188119
"EXOC2",6,505,0.0118811881188119
"EXT2",6,505,0.0118811881188119
"EYA3",6,505,0.0118811881188119
"FAM111B",6,505,0.0118811881188119
"FAM126A",6,505,0.0118811881188119
"FAM149A",6,505,0.0118811881188119
"FAM181A",6,505,0.0118811881188119
"FAM214A",6,505,0.0118811881188119
"FAM3D",6,505,0.0118811881188119
"FAM83G",6,505,0.0118811881188119
"FANCD2",6,505,0.0118811881188119
"FARP2",6,505,0.0118811881188119
"FASTKD1",6,505,0.0118811881188119
"FASTKD3",6,505,0.0118811881188119
"FBXO16",6,505,0.0118811881188119
"FBXO21",6,505,0.0118811881188119
"FBXO4",6,505,0.0118811881188119
"FBXO42",6,505,0.0118811881188119
"FBXO47",6,505,0.0118811881188119
"FCGR1A",6,505,0.0118811881188119
"FCGR3A",6,505,0.0118811881188119
"FERMT1",6,505,0.0118811881188119
"FEZ1",6,505,0.0118811881188119
"FGD3",6,505,0.0118811881188119
"FGD4",6,505,0.0118811881188119
"FGF18",6,505,0.0118811881188119
"FGF6",6,505,0.0118811881188119
"FHOD1",6,505,0.0118811881188119
"FMNL3",6,505,0.0118811881188119
"FOXJ3",6,505,0.0118811881188119
"FOXRED1",6,505,0.0118811881188119
"FTCD",6,505,0.0118811881188119
"FTHL17",6,505,0.0118811881188119
"FURIN",6,505,0.0118811881188119
"FXR1",6,505,0.0118811881188119
"FZD2",6,505,0.0118811881188119
"G6PC",6,505,0.0118811881188119
"GAB1",6,505,0.0118811881188119
"GAB2",6,505,0.0118811881188119
"GABPA",6,505,0.0118811881188119
"GAD1",6,505,0.0118811881188119
"GAL3ST3",6,505,0.0118811881188119
"GALNT18",6,505,0.0118811881188119
"GALR1",6,505,0.0118811881188119
"GAP43",6,505,0.0118811881188119
"GAPDHS",6,505,0.0118811881188119
"GAPVD1",6,505,0.0118811881188119
"GATA1",6,505,0.0118811881188119
"GATA4",6,505,0.0118811881188119
"GATA6",6,505,0.0118811881188119
"GATAD2A",6,505,0.0118811881188119
"GBP3",6,505,0.0118811881188119
"GBP7",6,505,0.0118811881188119
"GCM2",6,505,0.0118811881188119
"GCNT4",6,505,0.0118811881188119
"GCSAML",6,505,0.0118811881188119
"GDF9",6,505,0.0118811881188119
"GDI1",6,505,0.0118811881188119
"GDNF",6,505,0.0118811881188119
"GEMIN5",6,505,0.0118811881188119
"GEN1",6,505,0.0118811881188119
"GFAP",6,505,0.0118811881188119
"GGH",6,505,0.0118811881188119
"GJB4",6,505,0.0118811881188119
"GKN1",6,505,0.0118811881188119
"GLP1R",6,505,0.0118811881188119
"GLRB",6,505,0.0118811881188119
"GLS",6,505,0.0118811881188119
"GLT1D1",6,505,0.0118811881188119
"GMPS",6,505,0.0118811881188119
"GNB3",6,505,0.0118811881188119
"GP5",6,505,0.0118811881188119
"GPATCH3",6,505,0.0118811881188119
"GPATCH4",6,505,0.0118811881188119
"GPCPD1",6,505,0.0118811881188119
"GPLD1",6,505,0.0118811881188119
"GPR119",6,505,0.0118811881188119
"GPR173",6,505,0.0118811881188119
"GPR39",6,505,0.0118811881188119
"GPR52",6,505,0.0118811881188119
"GPR55",6,505,0.0118811881188119
"GRAMD1C",6,505,0.0118811881188119
"GRAMD4",6,505,0.0118811881188119
"GRB2",6,505,0.0118811881188119
"GREM2",6,505,0.0118811881188119
"GRHL3",6,505,0.0118811881188119
"GRIN2C",6,505,0.0118811881188119
"GRK7",6,505,0.0118811881188119
"GRXCR1",6,505,0.0118811881188119
"GTF3C3",6,505,0.0118811881188119
"GTF3C4",6,505,0.0118811881188119
"GTPBP3",6,505,0.0118811881188119
"GUCY1B1",6,505,0.0118811881188119
"GYS2",6,505,0.0118811881188119
"H1-4",6,505,0.0118811881188119
"H2BC4",6,505,0.0118811881188119
"H3C2",6,505,0.0118811881188119
"HABP2",6,505,0.0118811881188119
"HAP1",6,505,0.0118811881188119
"HAPLN4",6,505,0.0118811881188119
"HCN3",6,505,0.0118811881188119
"HDAC2",6,505,0.0118811881188119
"HEATR9",6,505,0.0118811881188119
"HEXA",6,505,0.0118811881188119
"HJV",6,505,0.0118811881188119
"HKDC1",6,505,0.0118811881188119
"HMMR",6,505,0.0118811881188119
"HNRNPCL1",6,505,0.0118811881188119
"HOATZ",6,505,0.0118811881188119
"HOMEZ",6,505,0.0118811881188119
"HOXA9",6,505,0.0118811881188119
"HOXD12",6,505,0.0118811881188119
"HOXD9",6,505,0.0118811881188119
"HRH3",6,505,0.0118811881188119
"HS3ST3A1",6,505,0.0118811881188119
"HS6ST3",6,505,0.0118811881188119
"HSD3B1",6,505,0.0118811881188119
"HSPA4",6,505,0.0118811881188119
"HSPA6",6,505,0.0118811881188119
"HTR2C",6,505,0.0118811881188119
"IBSP",6,505,0.0118811881188119
"IFNA8",6,505,0.0118811881188119
"IFNAR2",6,505,0.0118811881188119
"IFNG",6,505,0.0118811881188119
"IFNGR1",6,505,0.0118811881188119
"IFT140",6,505,0.0118811881188119
"IGHA1",6,505,0.0118811881188119
"IGHV1-45",6,505,0.0118811881188119
"IGHV1-46",6,505,0.0118811881188119
"IGHV2-26",6,505,0.0118811881188119
"IGHV3-38",6,505,0.0118811881188119
"IGHV4-31",6,505,0.0118811881188119
"IGHV5-51",6,505,0.0118811881188119
"IGKV1-8",6,505,0.0118811881188119
"IGKV1D-8",6,505,0.0118811881188119
"IGKV3-7",6,505,0.0118811881188119
"IL22RA1",6,505,0.0118811881188119
"IL2RB",6,505,0.0118811881188119
"IL36G",6,505,0.0118811881188119
"ILF3",6,505,0.0118811881188119
"INPP1",6,505,0.0118811881188119
"INPP5B",6,505,0.0118811881188119
"INTS13",6,505,0.0118811881188119
"INTS3",6,505,0.0118811881188119
"IPO7",6,505,0.0118811881188119
"IQCN",6,505,0.0118811881188119
"IQGAP1",6,505,0.0118811881188119
"IRF2BP2",6,505,0.0118811881188119
"IRX3",6,505,0.0118811881188119
"ISM2",6,505,0.0118811881188119
"ITCH",6,505,0.0118811881188119
"ITGB1BP2",6,505,0.0118811881188119
"ITIH1",6,505,0.0118811881188119
"ITIH4",6,505,0.0118811881188119
"ITPKB",6,505,0.0118811881188119
"IWS1",6,505,0.0118811881188119
"JADE2",6,505,0.0118811881188119
"JAKMIP3",6,505,0.0118811881188119
"JPH4",6,505,0.0118811881188119
"JRK",6,505,0.0118811881188119
"KBTBD6",6,505,0.0118811881188119
"KBTBD7",6,505,0.0118811881188119
"KCNA10",6,505,0.0118811881188119
"KCNA3",6,505,0.0118811881188119
"KCNC4",6,505,0.0118811881188119
"KCND1",6,505,0.0118811881188119
"KCNG4",6,505,0.0118811881188119
"KCNK16",6,505,0.0118811881188119
"KCNN1",6,505,0.0118811881188119
"KCNN3",6,505,0.0118811881188119
"KCNS3",6,505,0.0118811881188119
"KHDC4",6,505,0.0118811881188119
"KHDRBS3",6,505,0.0118811881188119
"KHNYN",6,505,0.0118811881188119
"KHSRP",6,505,0.0118811881188119
"KIAA0408",6,505,0.0118811881188119
"KIAA1586",6,505,0.0118811881188119
"KIRREL3",6,505,0.0118811881188119
"KITLG",6,505,0.0118811881188119
"KLHDC7A",6,505,0.0118811881188119
"KLHL22",6,505,0.0118811881188119
"KLHL26",6,505,0.0118811881188119
"KLHL36",6,505,0.0118811881188119
"KLHL41",6,505,0.0118811881188119
"KLK5",6,505,0.0118811881188119
"KLKB1",6,505,0.0118811881188119
"KLRC1",6,505,0.0118811881188119
"KNSTRN",6,505,0.0118811881188119
"KRT10",6,505,0.0118811881188119
"KRT16",6,505,0.0118811881188119
"KRT19",6,505,0.0118811881188119
"KRT24",6,505,0.0118811881188119
"KRT33B",6,505,0.0118811881188119
"KRT77",6,505,0.0118811881188119
"KRT9",6,505,0.0118811881188119
"KRTAP10-7",6,505,0.0118811881188119
"KRTAP19-6",6,505,0.0118811881188119
"KRTAP19-7",6,505,0.0118811881188119
"KRTAP6-2",6,505,0.0118811881188119
"KRTAP9-8",6,505,0.0118811881188119
"KY",6,505,0.0118811881188119
"L3MBTL4",6,505,0.0118811881188119
"LACC1",6,505,0.0118811881188119
"LCA5",6,505,0.0118811881188119
"LCE1E",6,505,0.0118811881188119
"LCK",6,505,0.0118811881188119
"LCLAT1",6,505,0.0118811881188119
"LCTL",6,505,0.0118811881188119
"LDB3",6,505,0.0118811881188119
"LDHC",6,505,0.0118811881188119
"LDLRAD3",6,505,0.0118811881188119
"LENG8",6,505,0.0118811881188119
"LEXM",6,505,0.0118811881188119
"LGSN",6,505,0.0118811881188119
"LIMCH1",6,505,0.0118811881188119
"LIN28B",6,505,0.0118811881188119
"LIPC",6,505,0.0118811881188119
"LLCFC1",6,505,0.0118811881188119
"LMAN2L",6,505,0.0118811881188119
"LMNTD1",6,505,0.0118811881188119
"LNX1",6,505,0.0118811881188119
"LONP2",6,505,0.0118811881188119
"LPAR3",6,505,0.0118811881188119
"LPO",6,505,0.0118811881188119
"LRRC4",6,505,0.0118811881188119
"LRRC40",6,505,0.0118811881188119
"LRRC8D",6,505,0.0118811881188119
"LRRN1",6,505,0.0118811881188119
"LTBP3",6,505,0.0118811881188119
"LUZP1",6,505,0.0118811881188119
"LYZL2",6,505,0.0118811881188119
"LYZL6",6,505,0.0118811881188119
"MAB21L1",6,505,0.0118811881188119
"MAMDC4",6,505,0.0118811881188119
"MAN2B2",6,505,0.0118811881188119
"MAP10",6,505,0.0118811881188119
"MAP1S",6,505,0.0118811881188119
"MAP3K7",6,505,0.0118811881188119
"MAPK7",6,505,0.0118811881188119
"MASP2",6,505,0.0118811881188119
"MATK",6,505,0.0118811881188119
"MBIP",6,505,0.0118811881188119
"MCM7",6,505,0.0118811881188119
"MCTP2",6,505,0.0118811881188119
"MDH1B",6,505,0.0118811881188119
"MDM2",6,505,0.0118811881188119
"MED14",6,505,0.0118811881188119
"MEF2C",6,505,0.0118811881188119
"METTL17",6,505,0.0118811881188119
"METTL25",6,505,0.0118811881188119
"MFSD2A",6,505,0.0118811881188119
"MGAT1",6,505,0.0118811881188119
"MIS18BP1",6,505,0.0118811881188119
"MKKS",6,505,0.0118811881188119
"MLH1",6,505,0.0118811881188119
"MLLT6",6,505,0.0118811881188119
"MLXIPL",6,505,0.0118811881188119
"MMAA",6,505,0.0118811881188119
"MMD2",6,505,0.0118811881188119
"MMP25",6,505,0.0118811881188119
"MMP3",6,505,0.0118811881188119
"MMP9",6,505,0.0118811881188119
"MOGAT1",6,505,0.0118811881188119
"MOGAT2",6,505,0.0118811881188119
"MOGS",6,505,0.0118811881188119
"MORN1",6,505,0.0118811881188119
"MOXD1",6,505,0.0118811881188119
"MPHOSPH10",6,505,0.0118811881188119
"MRAP2",6,505,0.0118811881188119
"MRGBP",6,505,0.0118811881188119
"MROH8",6,505,0.0118811881188119
"MRPS35",6,505,0.0118811881188119
"MS4A12",6,505,0.0118811881188119
"MS4A2",6,505,0.0118811881188119
"MSH3",6,505,0.0118811881188119
"MSH5",6,505,0.0118811881188119
"MSH6",6,505,0.0118811881188119
"MSRB2",6,505,0.0118811881188119
"MTF1",6,505,0.0118811881188119
"MTG2",6,505,0.0118811881188119
"MTMR11",6,505,0.0118811881188119
"MUC13",6,505,0.0118811881188119
"MUC15",6,505,0.0118811881188119
"MYLK4",6,505,0.0118811881188119
"MYO19",6,505,0.0118811881188119
"NAE1",6,505,0.0118811881188119
"NAPEPLD",6,505,0.0118811881188119
"NBN",6,505,0.0118811881188119
"NBPF1",6,505,0.0118811881188119
"NBPF11",6,505,0.0118811881188119
"NCAPG",6,505,0.0118811881188119
"NCK2",6,505,0.0118811881188119
"NCL",6,505,0.0118811881188119
"NCOA4",6,505,0.0118811881188119
"NDE1",6,505,0.0118811881188119
"NECAB2",6,505,0.0118811881188119
"NECTIN3",6,505,0.0118811881188119
"NECTIN4",6,505,0.0118811881188119
"NEDD4L",6,505,0.0118811881188119
"NFATC1",6,505,0.0118811881188119
"NFIC",6,505,0.0118811881188119
"NFXL1",6,505,0.0118811881188119
"NGEF",6,505,0.0118811881188119
"NGF",6,505,0.0118811881188119
"NIBAN3",6,505,0.0118811881188119
"NKAIN2",6,505,0.0118811881188119
"NKAPL",6,505,0.0118811881188119
"NKRF",6,505,0.0118811881188119
"NLGN2",6,505,0.0118811881188119
"NMT1",6,505,0.0118811881188119
"NOP14",6,505,0.0118811881188119
"NR2E1",6,505,0.0118811881188119
"NRF1",6,505,0.0118811881188119
"NSF",6,505,0.0118811881188119
"NT5DC1",6,505,0.0118811881188119
"NTHL1",6,505,0.0118811881188119
"NTN4",6,505,0.0118811881188119
"NUP160",6,505,0.0118811881188119
"NVL",6,505,0.0118811881188119
"NXPE3",6,505,0.0118811881188119
"OAS1",6,505,0.0118811881188119
"OAS3",6,505,0.0118811881188119
"OGA",6,505,0.0118811881188119
"OIT3",6,505,0.0118811881188119
"OLIG3",6,505,0.0118811881188119
"OPTN",6,505,0.0118811881188119
"OR10A7",6,505,0.0118811881188119
"OR10H2",6,505,0.0118811881188119
"OR13C9",6,505,0.0118811881188119
"OR1L1",6,505,0.0118811881188119
"OR2AG1",6,505,0.0118811881188119
"OR2AG2",6,505,0.0118811881188119
"OR2J3",6,505,0.0118811881188119
"OR2Z1",6,505,0.0118811881188119
"OR51B6",6,505,0.0118811881188119
"OR51E1",6,505,0.0118811881188119
"OR52B6",6,505,0.0118811881188119
"OR52N5",6,505,0.0118811881188119
"OR6B2",6,505,0.0118811881188119
"OR6B3",6,505,0.0118811881188119
"OR6S1",6,505,0.0118811881188119
"OR7A10",6,505,0.0118811881188119
"OR7A5",6,505,0.0118811881188119
"OR7C2",6,505,0.0118811881188119
"OR7G2",6,505,0.0118811881188119
"OR8B2",6,505,0.0118811881188119
"OR9Q1",6,505,0.0118811881188119
"ORC2",6,505,0.0118811881188119
"OSBPL11",6,505,0.0118811881188119
"OTOL1",6,505,0.0118811881188119
"OVCH2",6,505,0.0118811881188119
"OXGR1",6,505,0.0118811881188119
"PALM",6,505,0.0118811881188119
"PAPLN",6,505,0.0118811881188119
"PARP3",6,505,0.0118811881188119
"PARP9",6,505,0.0118811881188119
"PATE1",6,505,0.0118811881188119
"PAX8",6,505,0.0118811881188119
"PBX3",6,505,0.0118811881188119
"PCBP3",6,505,0.0118811881188119
"PCCA",6,505,0.0118811881188119
"PCSK4",6,505,0.0118811881188119
"PDK1",6,505,0.0118811881188119
"PDLIM5",6,505,0.0118811881188119
"PDZD4",6,505,0.0118811881188119
"PEX2",6,505,0.0118811881188119
"PFKFB1",6,505,0.0118811881188119
"PFKFB3",6,505,0.0118811881188119
"PFKP",6,505,0.0118811881188119
"PGBD5",6,505,0.0118811881188119
"PGK1",6,505,0.0118811881188119
"PGM2L1",6,505,0.0118811881188119
"PHLPP1",6,505,0.0118811881188119
"PHOX2B",6,505,0.0118811881188119
"PHTF2",6,505,0.0118811881188119
"PHYHIPL",6,505,0.0118811881188119
"PIM2",6,505,0.0118811881188119
"PITPNM2",6,505,0.0118811881188119
"PJVK",6,505,0.0118811881188119
"PKN2",6,505,0.0118811881188119
"PLAG1",6,505,0.0118811881188119
"PLBD2",6,505,0.0118811881188119
"PLCG1",6,505,0.0118811881188119
"PLCXD2",6,505,0.0118811881188119
"PLD2",6,505,0.0118811881188119
"PLEK",6,505,0.0118811881188119
"PLEKHA5",6,505,0.0118811881188119
"PLEKHB2",6,505,0.0118811881188119
"PLEKHH3",6,505,0.0118811881188119
"PLEKHO1",6,505,0.0118811881188119
"PLIN4",6,505,0.0118811881188119
"PLOD3",6,505,0.0118811881188119
"PLSCR4",6,505,0.0118811881188119
"PLSCR5",6,505,0.0118811881188119
"PMS2",6,505,0.0118811881188119
"PNLIPRP2",6,505,0.0118811881188119
"POLG",6,505,0.0118811881188119
"POM121C",6,505,0.0118811881188119
"POU2F1",6,505,0.0118811881188119
"PPAN-P2RY11",6,505,0.0118811881188119
"PPARD",6,505,0.0118811881188119
"PPEF1",6,505,0.0118811881188119
"PPFIBP2",6,505,0.0118811881188119
"PPM1D",6,505,0.0118811881188119
"PPM1G",6,505,0.0118811881188119
"PPP1CB",6,505,0.0118811881188119
"PPP1R12A",6,505,0.0118811881188119
"PPP1R13B",6,505,0.0118811881188119
"PPP2R2A",6,505,0.0118811881188119
"PPP2R5D",6,505,0.0118811881188119
"PPP4R4",6,505,0.0118811881188119
"PRAMEF8",6,505,0.0118811881188119
"PRB3",6,505,0.0118811881188119
"PRC1",6,505,0.0118811881188119
"PRDM1",6,505,0.0118811881188119
"PRDM7",6,505,0.0118811881188119
"PRKAA1",6,505,0.0118811881188119
"PRKCE",6,505,0.0118811881188119
"PRKD2",6,505,0.0118811881188119
"PRMT3",6,505,0.0118811881188119
"PRMT5",6,505,0.0118811881188119
"PRMT6",6,505,0.0118811881188119
"PROM2",6,505,0.0118811881188119
"PRORP",6,505,0.0118811881188119
"PRPF3",6,505,0.0118811881188119
"PRR23B",6,505,0.0118811881188119
"PRSS16",6,505,0.0118811881188119
"PSAP",6,505,0.0118811881188119
"PSAPL1",6,505,0.0118811881188119
"PSD3",6,505,0.0118811881188119
"PSEN1",6,505,0.0118811881188119
"PSIP1",6,505,0.0118811881188119
"PTCRA",6,505,0.0118811881188119
"PTGDR",6,505,0.0118811881188119
"PTGFRN",6,505,0.0118811881188119
"PTGIS",6,505,0.0118811881188119
"PTH1R",6,505,0.0118811881188119
"PTPN11",6,505,0.0118811881188119
"PTPN22",6,505,0.0118811881188119
"PTX4",6,505,0.0118811881188119
"PUM1",6,505,0.0118811881188119
"PUS7L",6,505,0.0118811881188119
"PXYLP1",6,505,0.0118811881188119
"PYCR2",6,505,0.0118811881188119
"QARS1",6,505,0.0118811881188119
"R3HDM2",6,505,0.0118811881188119
"RAB11FIP2",6,505,0.0118811881188119
"RAB11FIP5",6,505,0.0118811881188119
"RAB3IL1",6,505,0.0118811881188119
"RAB6C",6,505,0.0118811881188119
"RAB6D",6,505,0.0118811881188119
"RABEP1",6,505,0.0118811881188119
"RABGEF1",6,505,0.0118811881188119
"RADIL",6,505,0.0118811881188119
"RADX",6,505,0.0118811881188119
"RALGPS2",6,505,0.0118811881188119
"RAPGEF3",6,505,0.0118811881188119
"RARS2",6,505,0.0118811881188119
"RASAL3",6,505,0.0118811881188119
"RBM25",6,505,0.0118811881188119
"RBM33",6,505,0.0118811881188119
"RBM43",6,505,0.0118811881188119
"RBM46",6,505,0.0118811881188119
"RBM47",6,505,0.0118811881188119
"RBM48",6,505,0.0118811881188119
"RBM6",6,505,0.0118811881188119
"RCOR1",6,505,0.0118811881188119
"RECK",6,505,0.0118811881188119
"RECQL5",6,505,0.0118811881188119
"RERE",6,505,0.0118811881188119
"RERGL",6,505,0.0118811881188119
"RETSAT",6,505,0.0118811881188119
"REV1",6,505,0.0118811881188119
"RFC4",6,505,0.0118811881188119
"RFWD3",6,505,0.0118811881188119
"RFX1",6,505,0.0118811881188119
"RGS3",6,505,0.0118811881188119
"RGS8",6,505,0.0118811881188119
"RHBDF1",6,505,0.0118811881188119
"RHOJ",6,505,0.0118811881188119
"RIC1",6,505,0.0118811881188119
"RIN1",6,505,0.0118811881188119
"RNASE12",6,505,0.0118811881188119
"RNASEL",6,505,0.0118811881188119
"RND3",6,505,0.0118811881188119
"RNF113A",6,505,0.0118811881188119
"RNF128",6,505,0.0118811881188119
"RNF130",6,505,0.0118811881188119
"RNF180",6,505,0.0118811881188119
"ROCK2",6,505,0.0118811881188119
"RPL3L",6,505,0.0118811881188119
"RPS6KA2",6,505,0.0118811881188119
"RPS6KL1",6,505,0.0118811881188119
"RRAGB",6,505,0.0118811881188119
"RRAGC",6,505,0.0118811881188119
"RRBP1",6,505,0.0118811881188119
"RRP1B",6,505,0.0118811881188119
"RRP8",6,505,0.0118811881188119
"RSC1A1",6,505,0.0118811881188119
"RSPH6A",6,505,0.0118811881188119
"RTCB",6,505,0.0118811881188119
"RTN4IP1",6,505,0.0118811881188119
"RUFY3",6,505,0.0118811881188119
"RUNDC1",6,505,0.0118811881188119
"S100A7",6,505,0.0118811881188119
"S1PR3",6,505,0.0118811881188119
"SARDH",6,505,0.0118811881188119
"SASH3",6,505,0.0118811881188119
"SASS6",6,505,0.0118811881188119
"SATB1",6,505,0.0118811881188119
"SCAF1",6,505,0.0118811881188119
"SCAF4",6,505,0.0118811881188119
"SCAMP3",6,505,0.0118811881188119
"SCARA5",6,505,0.0118811881188119
"SCEL",6,505,0.0118811881188119
"SCNN1B",6,505,0.0118811881188119
"SCYL1",6,505,0.0118811881188119
"SEC14L3",6,505,0.0118811881188119
"SEC14L5",6,505,0.0118811881188119
"SEC16B",6,505,0.0118811881188119
"SEC22A",6,505,0.0118811881188119
"SEC31B",6,505,0.0118811881188119
"SEL1L3",6,505,0.0118811881188119
"SEMA3F",6,505,0.0118811881188119
"SEMA4D",6,505,0.0118811881188119
"SEMA6C",6,505,0.0118811881188119
"SEMA7A",6,505,0.0118811881188119
"SEMG1",6,505,0.0118811881188119
"SERINC5",6,505,0.0118811881188119
"SERTAD2",6,505,0.0118811881188119
"SERTAD4",6,505,0.0118811881188119
"SFRP4",6,505,0.0118811881188119
"SFTPB",6,505,0.0118811881188119
"SGK2",6,505,0.0118811881188119
"SH2D4B",6,505,0.0118811881188119
"SH2D5",6,505,0.0118811881188119
"SH3RF1",6,505,0.0118811881188119
"SH3TC1",6,505,0.0118811881188119
"SHOC1",6,505,0.0118811881188119
"SIAH3",6,505,0.0118811881188119
"SIGLEC5",6,505,0.0118811881188119
"SIGLEC7",6,505,0.0118811881188119
"SIK2",6,505,0.0118811881188119
"SIM2",6,505,0.0118811881188119
"SIMC1",6,505,0.0118811881188119
"SIX2",6,505,0.0118811881188119
"SKAP2",6,505,0.0118811881188119
"SKIV2L",6,505,0.0118811881188119
"SLAMF6",6,505,0.0118811881188119
"SLAMF7",6,505,0.0118811881188119
"SLC10A3",6,505,0.0118811881188119
"SLC11A1",6,505,0.0118811881188119
"SLC13A4",6,505,0.0118811881188119
"SLC13A5",6,505,0.0118811881188119
"SLC16A1",6,505,0.0118811881188119
"SLC16A7",6,505,0.0118811881188119
"SLC16A9",6,505,0.0118811881188119
"SLC17A2",6,505,0.0118811881188119
"SLC17A7",6,505,0.0118811881188119
"SLC26A2",6,505,0.0118811881188119
"SLC29A4",6,505,0.0118811881188119
"SLC30A6",6,505,0.0118811881188119
"SLC36A2",6,505,0.0118811881188119
"SLC38A7",6,505,0.0118811881188119
"SLC43A2",6,505,0.0118811881188119
"SLC44A3",6,505,0.0118811881188119
"SLC45A1",6,505,0.0118811881188119
"SLC5A10",6,505,0.0118811881188119
"SLC5A6",6,505,0.0118811881188119
"SLC5A9",6,505,0.0118811881188119
"SLC6A11",6,505,0.0118811881188119
"SLCO4C1",6,505,0.0118811881188119
"SMARCAL1",6,505,0.0118811881188119
"SMPD3",6,505,0.0118811881188119
"SMR3A",6,505,0.0118811881188119
"SNX8",6,505,0.0118811881188119
"SOX3",6,505,0.0118811881188119
"SOX9",6,505,0.0118811881188119
"SP140L",6,505,0.0118811881188119
"SPACA1",6,505,0.0118811881188119
"SPACA3",6,505,0.0118811881188119
"SPAG5",6,505,0.0118811881188119
"SPAG7",6,505,0.0118811881188119
"SPANXB1",6,505,0.0118811881188119
"SPATA20",6,505,0.0118811881188119
"SPATA22",6,505,0.0118811881188119
"SPEM1",6,505,0.0118811881188119
"SPEM2",6,505,0.0118811881188119
"SPESP1",6,505,0.0118811881188119
"SPIRE1",6,505,0.0118811881188119
"SPNS3",6,505,0.0118811881188119
"SPON1",6,505,0.0118811881188119
"SPP2",6,505,0.0118811881188119
"SRCIN1",6,505,0.0118811881188119
"SRP54",6,505,0.0118811881188119
"SRP72",6,505,0.0118811881188119
"SRPK1",6,505,0.0118811881188119
"SRSF10",6,505,0.0118811881188119
"SS18",6,505,0.0118811881188119
"SS18L1",6,505,0.0118811881188119
"ST8SIA4",6,505,0.0118811881188119
"STAM2",6,505,0.0118811881188119
"STARD7",6,505,0.0118811881188119
"STAT4",6,505,0.0118811881188119
"STAT5B",6,505,0.0118811881188119
"STRIP1",6,505,0.0118811881188119
"STYXL1",6,505,0.0118811881188119
"SULT1C3",6,505,0.0118811881188119
"SULT4A1",6,505,0.0118811881188119
"SUN5",6,505,0.0118811881188119
"SUPT16H",6,505,0.0118811881188119
"SYN1",6,505,0.0118811881188119
"SYNDIG1L",6,505,0.0118811881188119
"SYT1",6,505,0.0118811881188119
"SYT7",6,505,0.0118811881188119
"TAAR8",6,505,0.0118811881188119
"TAB2",6,505,0.0118811881188119
"TAF15",6,505,0.0118811881188119
"TAF4B",6,505,0.0118811881188119
"TANGO6",6,505,0.0118811881188119
"TAS2R19",6,505,0.0118811881188119
"TAS2R30",6,505,0.0118811881188119
"TBC1D16",6,505,0.0118811881188119
"TBC1D22A",6,505,0.0118811881188119
"TBC1D23",6,505,0.0118811881188119
"TBC1D25",6,505,0.0118811881188119
"TBC1D4",6,505,0.0118811881188119
"TBC1D8B",6,505,0.0118811881188119
"TBC1D9B",6,505,0.0118811881188119
"TBL1X",6,505,0.0118811881188119
"TBRG4",6,505,0.0118811881188119
"TCAF1",6,505,0.0118811881188119
"TCEAL6",6,505,0.0118811881188119
"TCF12",6,505,0.0118811881188119
"TCF25",6,505,0.0118811881188119
"TCL1B",6,505,0.0118811881188119
"TDO2",6,505,0.0118811881188119
"TDRD10",6,505,0.0118811881188119
"TDRD9",6,505,0.0118811881188119
"TEK",6,505,0.0118811881188119
"TEKT1",6,505,0.0118811881188119
"TFAP2A",6,505,0.0118811881188119
"TFCP2",6,505,0.0118811881188119
"TFEC",6,505,0.0118811881188119
"TGFB1I1",6,505,0.0118811881188119
"TH",6,505,0.0118811881188119
"THAP12",6,505,0.0118811881188119
"THAP4",6,505,0.0118811881188119
"THBS1",6,505,0.0118811881188119
"THEG",6,505,0.0118811881188119
"THOP1",6,505,0.0118811881188119
"THPO",6,505,0.0118811881188119
"TLDC2",6,505,0.0118811881188119
"TLR5",6,505,0.0118811881188119
"TM6SF2",6,505,0.0118811881188119
"TMC1",6,505,0.0118811881188119
"TMEFF2",6,505,0.0118811881188119
"TMEM130",6,505,0.0118811881188119
"TMEM175",6,505,0.0118811881188119
"TMEM177",6,505,0.0118811881188119
"TMEM185A",6,505,0.0118811881188119
"TMEM87B",6,505,0.0118811881188119
"TMLHE",6,505,0.0118811881188119
"TMPRSS6",6,505,0.0118811881188119
"TNNT3",6,505,0.0118811881188119
"TNPO3",6,505,0.0118811881188119
"TNRC18",6,505,0.0118811881188119
"TONSL",6,505,0.0118811881188119
"TPP1",6,505,0.0118811881188119
"TPSD1",6,505,0.0118811881188119
"TRAPPC11",6,505,0.0118811881188119
"TRBV24-1",6,505,0.0118811881188119
"TRBV27",6,505,0.0118811881188119
"TRDMT1",6,505,0.0118811881188119
"TRIL",6,505,0.0118811881188119
"TRIM22",6,505,0.0118811881188119
"TRIM27",6,505,0.0118811881188119
"TRIM28",6,505,0.0118811881188119
"TRIM36",6,505,0.0118811881188119
"TRIM39",6,505,0.0118811881188119
"TRIM75P",6,505,0.0118811881188119
"TRIP6",6,505,0.0118811881188119
"TRMT2B",6,505,0.0118811881188119
"TSC22D1",6,505,0.0118811881188119
"TSC22D4",6,505,0.0118811881188119
"TSKU",6,505,0.0118811881188119
"TTC13",6,505,0.0118811881188119
"TTF2",6,505,0.0118811881188119
"TTLL2",6,505,0.0118811881188119
"TUBGCP2",6,505,0.0118811881188119
"TULP1",6,505,0.0118811881188119
"TUSC3",6,505,0.0118811881188119
"TYK2",6,505,0.0118811881188119
"UBA2",6,505,0.0118811881188119
"UBE2E3",6,505,0.0118811881188119
"UBE2NL",6,505,0.0118811881188119
"UBE2Q2",6,505,0.0118811881188119
"UBE3C",6,505,0.0118811881188119
"UBXN2A",6,505,0.0118811881188119
"UGT1A7",6,505,0.0118811881188119
"UGT2A2",6,505,0.0118811881188119
"UHRF2",6,505,0.0118811881188119
"ULK2",6,505,0.0118811881188119
"UPP1",6,505,0.0118811881188119
"UPP2",6,505,0.0118811881188119
"USHBP1",6,505,0.0118811881188119
"USO1",6,505,0.0118811881188119
"USP1",6,505,0.0118811881188119
"USP19",6,505,0.0118811881188119
"USP20",6,505,0.0118811881188119
"USP36",6,505,0.0118811881188119
"UTP6",6,505,0.0118811881188119
"UVSSA",6,505,0.0118811881188119
"VANGL1",6,505,0.0118811881188119
"VAT1L",6,505,0.0118811881188119
"VAV2",6,505,0.0118811881188119
"VCL",6,505,0.0118811881188119
"VENTX",6,505,0.0118811881188119
"VEZT",6,505,0.0118811881188119
"VN1R5",6,505,0.0118811881188119
"VNN3",6,505,0.0118811881188119
"VSIG1",6,505,0.0118811881188119
"VSIG4",6,505,0.0118811881188119
"WARS2",6,505,0.0118811881188119
"WAS",6,505,0.0118811881188119
"WBP11",6,505,0.0118811881188119
"WDCP",6,505,0.0118811881188119
"WDR19",6,505,0.0118811881188119
"WDR27",6,505,0.0118811881188119
"WDR75",6,505,0.0118811881188119
"WDR88",6,505,0.0118811881188119
"WDR91",6,505,0.0118811881188119
"WFS1",6,505,0.0118811881188119
"WTAP",6,505,0.0118811881188119
"XCR1",6,505,0.0118811881188119
"XPNPEP1",6,505,0.0118811881188119
"XPO1",6,505,0.0118811881188119
"XPO5",6,505,0.0118811881188119
"XPR1",6,505,0.0118811881188119
"XXYLT1",6,505,0.0118811881188119
"YES1",6,505,0.0118811881188119
"YIPF7",6,505,0.0118811881188119
"YTHDF1",6,505,0.0118811881188119
"ZBED2",6,505,0.0118811881188119
"ZBTB10",6,505,0.0118811881188119
"ZBTB25",6,505,0.0118811881188119
"ZBTB3",6,505,0.0118811881188119
"ZBTB49",6,505,0.0118811881188119
"ZBTB7B",6,505,0.0118811881188119
"ZC3H18",6,505,0.0118811881188119
"ZC3H7A",6,505,0.0118811881188119
"ZCCHC2",6,505,0.0118811881188119
"ZDHHC8",6,505,0.0118811881188119
"ZDHHC9",6,505,0.0118811881188119
"ZFP36",6,505,0.0118811881188119
"ZFP90",6,505,0.0118811881188119
"ZFYVE1",6,505,0.0118811881188119
"ZHX2",6,505,0.0118811881188119
"ZMAT3",6,505,0.0118811881188119
"ZMPSTE24",6,505,0.0118811881188119
"ZNF133",6,505,0.0118811881188119
"ZNF141",6,505,0.0118811881188119
"ZNF154",6,505,0.0118811881188119
"ZNF169",6,505,0.0118811881188119
"ZNF222",6,505,0.0118811881188119
"ZNF227",6,505,0.0118811881188119
"ZNF274",6,505,0.0118811881188119
"ZNF280B",6,505,0.0118811881188119
"ZNF283",6,505,0.0118811881188119
"ZNF337",6,505,0.0118811881188119
"ZNF343",6,505,0.0118811881188119
"ZNF416",6,505,0.0118811881188119
"ZNF418",6,505,0.0118811881188119
"ZNF420",6,505,0.0118811881188119
"ZNF440",6,505,0.0118811881188119
"ZNF460",6,505,0.0118811881188119
"ZNF467",6,505,0.0118811881188119
"ZNF474",6,505,0.0118811881188119
"ZNF480",6,505,0.0118811881188119
"ZNF493",6,505,0.0118811881188119
"ZNF551",6,505,0.0118811881188119
"ZNF554",6,505,0.0118811881188119
"ZNF559",6,505,0.0118811881188119
"ZNF582",6,505,0.0118811881188119
"ZNF613",6,505,0.0118811881188119
"ZNF628",6,505,0.0118811881188119
"ZNF630",6,505,0.0118811881188119
"ZNF639",6,505,0.0118811881188119
"ZNF662",6,505,0.0118811881188119
"ZNF681",6,505,0.0118811881188119
"ZNF70",6,505,0.0118811881188119
"ZNF700",6,505,0.0118811881188119
"ZNF714",6,505,0.0118811881188119
"ZNF718",6,505,0.0118811881188119
"ZNF76",6,505,0.0118811881188119
"ZNF768",6,505,0.0118811881188119
"ZNF786",6,505,0.0118811881188119
"ZNF836",6,505,0.0118811881188119
"ZNF84",6,505,0.0118811881188119
"ZNF92",6,505,0.0118811881188119
"ZNF93",6,505,0.0118811881188119
"ZNRF3",6,505,0.0118811881188119
"ZNRF4",6,505,0.0118811881188119
"ZP3",6,505,0.0118811881188119
"ZSCAN5A",6,505,0.0118811881188119
"ZSWIM5",6,505,0.0118811881188119
"ZWILCH",6,505,0.0118811881188119
"ZXDA",6,505,0.0118811881188119
"AADACL4",5,505,0.0099009900990099
"AAR2",5,505,0.0099009900990099
"AARS1",5,505,0.0099009900990099
"ABCA3",5,505,0.0099009900990099
"ABCB9",5,505,0.0099009900990099
"ABCF1",5,505,0.0099009900990099
"ABCF2",5,505,0.0099009900990099
"ABCG1",5,505,0.0099009900990099
"ABHD17B",5,505,0.0099009900990099
"AC011448.1",5,505,0.0099009900990099
"ACAD9",5,505,0.0099009900990099
"ACADL",5,505,0.0099009900990099
"ACAP3",5,505,0.0099009900990099
"ACER2",5,505,0.0099009900990099
"ACOT7",5,505,0.0099009900990099
"ACOX1",5,505,0.0099009900990099
"ACP4",5,505,0.0099009900990099
"ACTL6A",5,505,0.0099009900990099
"ACTL6B",5,505,0.0099009900990099
"ACTL7A",5,505,0.0099009900990099
"ADAM20",5,505,0.0099009900990099
"ADAM8",5,505,0.0099009900990099
"ADHFE1",5,505,0.0099009900990099
"ADIPOQ",5,505,0.0099009900990099
"ADIPOR1",5,505,0.0099009900990099
"ADSS2",5,505,0.0099009900990099
"AGAP4",5,505,0.0099009900990099
"AGTPBP1",5,505,0.0099009900990099
"AHCYL2",5,505,0.0099009900990099
"AKR1B1",5,505,0.0099009900990099
"AKR7A2",5,505,0.0099009900990099
"ALAS2",5,505,0.0099009900990099
"ALDH1L2",5,505,0.0099009900990099
"ALDH3A1",5,505,0.0099009900990099
"ALDH3A2",5,505,0.0099009900990099
"ALG9",5,505,0.0099009900990099
"ALKBH1",5,505,0.0099009900990099
"ALOXE3",5,505,0.0099009900990099
"AMACR",5,505,0.0099009900990099
"AMPD2",5,505,0.0099009900990099
"ANGPT2",5,505,0.0099009900990099
"ANKRD16",5,505,0.0099009900990099
"ANKRD28",5,505,0.0099009900990099
"ANKRD42",5,505,0.0099009900990099
"ANPEP",5,505,0.0099009900990099
"AP1M1",5,505,0.0099009900990099
"AP3D1",5,505,0.0099009900990099
"AP5M1",5,505,0.0099009900990099
"AP5Z1",5,505,0.0099009900990099
"APBB1",5,505,0.0099009900990099
"APMAP",5,505,0.0099009900990099
"APOA1",5,505,0.0099009900990099
"APOBEC3G",5,505,0.0099009900990099
"APOBEC4",5,505,0.0099009900990099
"ARFIP2",5,505,0.0099009900990099
"ARGFX",5,505,0.0099009900990099
"ARHGAP18",5,505,0.0099009900990099
"ARHGAP44",5,505,0.0099009900990099
"ARHGEF18",5,505,0.0099009900990099
"ARHGEF2",5,505,0.0099009900990099
"ARHGEF25",5,505,0.0099009900990099
"ARHGEF26",5,505,0.0099009900990099
"ARHGEF7",5,505,0.0099009900990099
"ARID5B",5,505,0.0099009900990099
"ARL14EP",5,505,0.0099009900990099
"ARMCX5",5,505,0.0099009900990099
"ARMH3",5,505,0.0099009900990099
"ARNT",5,505,0.0099009900990099
"ARSB",5,505,0.0099009900990099
"ARSD",5,505,0.0099009900990099
"ASB9",5,505,0.0099009900990099
"ASCC2",5,505,0.0099009900990099
"ASCL3",5,505,0.0099009900990099
"ASIC3",5,505,0.0099009900990099
"ASNS",5,505,0.0099009900990099
"ASZ1",5,505,0.0099009900990099
"ATF2",5,505,0.0099009900990099
"ATG13",5,505,0.0099009900990099
"ATL2",5,505,0.0099009900990099
"ATN1",5,505,0.0099009900990099
"ATP1A1",5,505,0.0099009900990099
"ATP6V1B2",5,505,0.0099009900990099
"ATP6V1E2",5,505,0.0099009900990099
"ATP8B1",5,505,0.0099009900990099
"ATPSCKMT",5,505,0.0099009900990099
"AVPR1B",5,505,0.0099009900990099
"AVPR2",5,505,0.0099009900990099
"B3GNT3",5,505,0.0099009900990099
"B3GNT7",5,505,0.0099009900990099
"B4GALT6",5,505,0.0099009900990099
"BAALC",5,505,0.0099009900990099
"BABAM2",5,505,0.0099009900990099
"BAG6",5,505,0.0099009900990099
"BAIAP2L2",5,505,0.0099009900990099
"BAMBI",5,505,0.0099009900990099
"BARHL2",5,505,0.0099009900990099
"BBS2",5,505,0.0099009900990099
"BCLAF3",5,505,0.0099009900990099
"BEND4",5,505,0.0099009900990099
"BEST1",5,505,0.0099009900990099
"BEST2",5,505,0.0099009900990099
"BGN",5,505,0.0099009900990099
"BLID",5,505,0.0099009900990099
"BMX",5,505,0.0099009900990099
"BPIFB1",5,505,0.0099009900990099
"BPIFB3",5,505,0.0099009900990099
"BPNT1",5,505,0.0099009900990099
"BRD1",5,505,0.0099009900990099
"BRS3",5,505,0.0099009900990099
"BTBD16",5,505,0.0099009900990099
"BTN2A1",5,505,0.0099009900990099
"BTNL3",5,505,0.0099009900990099
"BZW2",5,505,0.0099009900990099
"C10orf88",5,505,0.0099009900990099
"C11orf16",5,505,0.0099009900990099
"C12orf42",5,505,0.0099009900990099
"C16orf82",5,505,0.0099009900990099
"C17orf78",5,505,0.0099009900990099
"C1QA",5,505,0.0099009900990099
"C1QTNF2",5,505,0.0099009900990099
"C1QTNF3",5,505,0.0099009900990099
"C1R",5,505,0.0099009900990099
"C1orf105",5,505,0.0099009900990099
"C1orf112",5,505,0.0099009900990099
"C22orf42",5,505,0.0099009900990099
"C2orf80",5,505,0.0099009900990099
"C4orf50",5,505,0.0099009900990099
"C7orf31",5,505,0.0099009900990099
"C8orf33",5,505,0.0099009900990099
"C8orf37",5,505,0.0099009900990099
"CA1",5,505,0.0099009900990099
"CA8",5,505,0.0099009900990099
"CABLES1",5,505,0.0099009900990099
"CABYR",5,505,0.0099009900990099
"CACNB1",5,505,0.0099009900990099
"CACNG2",5,505,0.0099009900990099
"CALCOCO1",5,505,0.0099009900990099
"CALHM2",5,505,0.0099009900990099
"CANX",5,505,0.0099009900990099
"CAP2",5,505,0.0099009900990099
"CAPN10",5,505,0.0099009900990099
"CAPN15",5,505,0.0099009900990099
"CAPN9",5,505,0.0099009900990099
"CAPS2",5,505,0.0099009900990099
"CASK",5,505,0.0099009900990099
"CASP3",5,505,0.0099009900990099
"CASP4",5,505,0.0099009900990099
"CASP9",5,505,0.0099009900990099
"CASQ1",5,505,0.0099009900990099
"CAST",5,505,0.0099009900990099
"CBLIF",5,505,0.0099009900990099
"CBX4",5,505,0.0099009900990099
"CC2D2A",5,505,0.0099009900990099
"CCAR1",5,505,0.0099009900990099
"CCDC106",5,505,0.0099009900990099
"CCDC127",5,505,0.0099009900990099
"CCDC138",5,505,0.0099009900990099
"CCDC172",5,505,0.0099009900990099
"CCDC190",5,505,0.0099009900990099
"CCDC28A",5,505,0.0099009900990099
"CCDC50",5,505,0.0099009900990099
"CCDC9B",5,505,0.0099009900990099
"CCL7",5,505,0.0099009900990099
"CCNE1",5,505,0.0099009900990099
"CCNF",5,505,0.0099009900990099
"CCNI",5,505,0.0099009900990099
"CCR5",5,505,0.0099009900990099
"CCT6A",5,505,0.0099009900990099
"CD2AP",5,505,0.0099009900990099
"CD300LG",5,505,0.0099009900990099
"CD5",5,505,0.0099009900990099
"CD8B",5,505,0.0099009900990099
"CDCA2",5,505,0.0099009900990099
"CDIN1",5,505,0.0099009900990099
"CDK13",5,505,0.0099009900990099
"CDKL4",5,505,0.0099009900990099
"CDKN1B",5,505,0.0099009900990099
"CEBPZ",5,505,0.0099009900990099
"CELA3B",5,505,0.0099009900990099
"CEP63",5,505,0.0099009900990099
"CEP76",5,505,0.0099009900990099
"CEP78",5,505,0.0099009900990099
"CFAP206",5,505,0.0099009900990099
"CFAP221",5,505,0.0099009900990099
"CFAP57",5,505,0.0099009900990099
"CGREF1",5,505,0.0099009900990099
"CHERP",5,505,0.0099009900990099
"CHRM4",5,505,0.0099009900990099
"CHRNA2",5,505,0.0099009900990099
"CHST15",5,505,0.0099009900990099
"CHST6",5,505,0.0099009900990099
"CHSY1",5,505,0.0099009900990099
"CHTOP",5,505,0.0099009900990099
"CHUK",5,505,0.0099009900990099
"CIART",5,505,0.0099009900990099
"CIITA",5,505,0.0099009900990099
"CILK1",5,505,0.0099009900990099
"CIZ1",5,505,0.0099009900990099
"CLDN2",5,505,0.0099009900990099
"CLDN25",5,505,0.0099009900990099
"CLEC4G",5,505,0.0099009900990099
"CLEC5A",5,505,0.0099009900990099
"CLINT1",5,505,0.0099009900990099
"CLMN",5,505,0.0099009900990099
"CLRN1",5,505,0.0099009900990099
"CLRN2",5,505,0.0099009900990099
"CNBD2",5,505,0.0099009900990099
"CNOT10",5,505,0.0099009900990099
"CNOT6",5,505,0.0099009900990099
"CNOT6L",5,505,0.0099009900990099
"COCH",5,505,0.0099009900990099
"COG2",5,505,0.0099009900990099
"COL6A5",5,505,0.0099009900990099
"COLQ",5,505,0.0099009900990099
"COPB2",5,505,0.0099009900990099
"COPS3",5,505,0.0099009900990099
"COQ7",5,505,0.0099009900990099
"CORO1B",5,505,0.0099009900990099
"CORO6",5,505,0.0099009900990099
"CPB2",5,505,0.0099009900990099
"CPEB4",5,505,0.0099009900990099
"CPLANE1",5,505,0.0099009900990099
"CPSF2",5,505,0.0099009900990099
"CRISPLD2",5,505,0.0099009900990099
"CRLF2",5,505,0.0099009900990099
"CRTC2",5,505,0.0099009900990099
"CRYBA4",5,505,0.0099009900990099
"CRYGA",5,505,0.0099009900990099
"CSAD",5,505,0.0099009900990099
"CSAG3",5,505,0.0099009900990099
"CSHL1",5,505,0.0099009900990099
"CSN1S1",5,505,0.0099009900990099
"CSNK1D",5,505,0.0099009900990099
"CSNK1G1",5,505,0.0099009900990099
"CSNK2A1",5,505,0.0099009900990099
"CST11",5,505,0.0099009900990099
"CST9",5,505,0.0099009900990099
"CSTF1",5,505,0.0099009900990099
"CT55",5,505,0.0099009900990099
"CTCF",5,505,0.0099009900990099
"CUL2",5,505,0.0099009900990099
"CWC22",5,505,0.0099009900990099
"CXCR4",5,505,0.0099009900990099
"CXXC1",5,505,0.0099009900990099
"CYP1B1",5,505,0.0099009900990099
"CYP2C18",5,505,0.0099009900990099
"CYP3A7",5,505,0.0099009900990099
"CYSLTR1",5,505,0.0099009900990099
"CYTIP",5,505,0.0099009900990099
"CYTL1",5,505,0.0099009900990099
"D2HGDH",5,505,0.0099009900990099
"DAAM1",5,505,0.0099009900990099
"DAB2IP",5,505,0.0099009900990099
"DAXX",5,505,0.0099009900990099
"DBN1",5,505,0.0099009900990099
"DBX1",5,505,0.0099009900990099
"DCAF11",5,505,0.0099009900990099
"DCAF7",5,505,0.0099009900990099
"DCST1",5,505,0.0099009900990099
"DCTN5",5,505,0.0099009900990099
"DDO",5,505,0.0099009900990099
"DDR1",5,505,0.0099009900990099
"DDX23",5,505,0.0099009900990099
"DDX39B",5,505,0.0099009900990099
"DDX3X",5,505,0.0099009900990099
"DDX43",5,505,0.0099009900990099
"DDX46",5,505,0.0099009900990099
"DEFB115",5,505,0.0099009900990099
"DEPDC1B",5,505,0.0099009900990099
"DEPDC4",5,505,0.0099009900990099
"DEPTOR",5,505,0.0099009900990099
"DHRS7C",5,505,0.0099009900990099
"DHX36",5,505,0.0099009900990099
"DIPK2B",5,505,0.0099009900990099
"DLAT",5,505,0.0099009900990099
"DLD",5,505,0.0099009900990099
"DLG1",5,505,0.0099009900990099
"DLG4",5,505,0.0099009900990099
"DLL3",5,505,0.0099009900990099
"DLST",5,505,0.0099009900990099
"DMWD",5,505,0.0099009900990099
"DNAAF5",5,505,0.0099009900990099
"DNAJB2",5,505,0.0099009900990099
"DNAJB4",5,505,0.0099009900990099
"DNAJC1",5,505,0.0099009900990099
"DNAJC21",5,505,0.0099009900990099
"DNAJC5B",5,505,0.0099009900990099
"DNASE2",5,505,0.0099009900990099
"DOCK6",5,505,0.0099009900990099
"DOK1",5,505,0.0099009900990099
"DPM1",5,505,0.0099009900990099
"DPPA2",5,505,0.0099009900990099
"DPPA4",5,505,0.0099009900990099
"DPY19L1",5,505,0.0099009900990099
"DSN1",5,505,0.0099009900990099
"DTX2",5,505,0.0099009900990099
"DUOX1",5,505,0.0099009900990099
"DUS2",5,505,0.0099009900990099
"DUSP21",5,505,0.0099009900990099
"DUSP29",5,505,0.0099009900990099
"DUSP6",5,505,0.0099009900990099
"DZANK1",5,505,0.0099009900990099
"EBI3",5,505,0.0099009900990099
"EDAR",5,505,0.0099009900990099
"EED",5,505,0.0099009900990099
"EGR1",5,505,0.0099009900990099
"EHMT2",5,505,0.0099009900990099
"EIF2AK4",5,505,0.0099009900990099
"EIF4A2",5,505,0.0099009900990099
"ELL2",5,505,0.0099009900990099
"ELMO2",5,505,0.0099009900990099
"ELOA",5,505,0.0099009900990099
"ELOVL2",5,505,0.0099009900990099
"ELOVL4",5,505,0.0099009900990099
"ELP1",5,505,0.0099009900990099
"EMP3",5,505,0.0099009900990099
"ENOSF1",5,505,0.0099009900990099
"ENPP5",5,505,0.0099009900990099
"ENPP6",5,505,0.0099009900990099
"ENTPD6",5,505,0.0099009900990099
"EPB41L5",5,505,0.0099009900990099
"EPB42",5,505,0.0099009900990099
"EPC1",5,505,0.0099009900990099
"EPHX1",5,505,0.0099009900990099
"EPHX4",5,505,0.0099009900990099
"EPS15",5,505,0.0099009900990099
"EPS15L1",5,505,0.0099009900990099
"EPS8L2",5,505,0.0099009900990099
"EPSTI1",5,505,0.0099009900990099
"ERICH5",5,505,0.0099009900990099
"ERLIN2",5,505,0.0099009900990099
"ERMARD",5,505,0.0099009900990099
"ERVW-1",5,505,0.0099009900990099
"ESYT3",5,505,0.0099009900990099
"ETS2",5,505,0.0099009900990099
"ETV6",5,505,0.0099009900990099
"EVC",5,505,0.0099009900990099
"EWSR1",5,505,0.0099009900990099
"EXOG",5,505,0.0099009900990099
"F12",5,505,0.0099009900990099
"FAAH",5,505,0.0099009900990099
"FAF2",5,505,0.0099009900990099
"FAM124B",5,505,0.0099009900990099
"FAM13A",5,505,0.0099009900990099
"FAM172A",5,505,0.0099009900990099
"FAM193A",5,505,0.0099009900990099
"FAM209B",5,505,0.0099009900990099
"FAM20B",5,505,0.0099009900990099
"FAM3C",5,505,0.0099009900990099
"FAM53C",5,505,0.0099009900990099
"FAM83F",5,505,0.0099009900990099
"FAM90A1",5,505,0.0099009900990099
"FANCG",5,505,0.0099009900990099
"FARS2",5,505,0.0099009900990099
"FBLN7",5,505,0.0099009900990099
"FBXL18",5,505,0.0099009900990099
"FBXO11",5,505,0.0099009900990099
"FBXO39",5,505,0.0099009900990099
"FBXW12",5,505,0.0099009900990099
"FCGR2A",5,505,0.0099009900990099
"FCHSD1",5,505,0.0099009900990099
"FCSK",5,505,0.0099009900990099
"FERMT3",5,505,0.0099009900990099
"FFAR3",5,505,0.0099009900990099
"FGF12",5,505,0.0099009900990099
"FGFR1",5,505,0.0099009900990099
"FGFRL1",5,505,0.0099009900990099
"FGGY",5,505,0.0099009900990099
"FIZ1",5,505,0.0099009900990099
"FLII",5,505,0.0099009900990099
"FNBP1",5,505,0.0099009900990099
"FNDC8",5,505,0.0099009900990099
"FOLR3",5,505,0.0099009900990099
"FOXF1",5,505,0.0099009900990099
"FOXN2",5,505,0.0099009900990099
"FOXO3",5,505,0.0099009900990099
"FOXP4",5,505,0.0099009900990099
"FOXR2",5,505,0.0099009900990099
"FOXS1",5,505,0.0099009900990099
"FRMD1",5,505,0.0099009900990099
"FRS3",5,505,0.0099009900990099
"FSHB",5,505,0.0099009900990099
"FST",5,505,0.0099009900990099
"FTO",5,505,0.0099009900990099
"FUT10",5,505,0.0099009900990099
"FUT11",5,505,0.0099009900990099
"FUT3",5,505,0.0099009900990099
"FUT8",5,505,0.0099009900990099
"FXYD5",5,505,0.0099009900990099
"FZD7",5,505,0.0099009900990099
"FZD8",5,505,0.0099009900990099
"GABRE",5,505,0.0099009900990099
"GABRR2",5,505,0.0099009900990099
"GAL3ST2",5,505,0.0099009900990099
"GALNT10",5,505,0.0099009900990099
"GATA2",5,505,0.0099009900990099
"GATB",5,505,0.0099009900990099
"GBA",5,505,0.0099009900990099
"GCG",5,505,0.0099009900990099
"GCK",5,505,0.0099009900990099
"GCKR",5,505,0.0099009900990099
"GCNT2",5,505,0.0099009900990099
"GDAP1",5,505,0.0099009900990099
"GFPT2",5,505,0.0099009900990099
"GGCX",5,505,0.0099009900990099
"GGTLC1",5,505,0.0099009900990099
"GHSR",5,505,0.0099009900990099
"GIGYF2",5,505,0.0099009900990099
"GIMAP2",5,505,0.0099009900990099
"GJB5",5,505,0.0099009900990099
"GJD2",5,505,0.0099009900990099
"GK",5,505,0.0099009900990099
"GLMP",5,505,0.0099009900990099
"GLS2",5,505,0.0099009900990099
"GNAL",5,505,0.0099009900990099
"GNAQ",5,505,0.0099009900990099
"GNG2",5,505,0.0099009900990099
"GNL2",5,505,0.0099009900990099
"GNPAT",5,505,0.0099009900990099
"GOLGA1",5,505,0.0099009900990099
"GPAM",5,505,0.0099009900990099
"GPATCH2L",5,505,0.0099009900990099
"GPC2",5,505,0.0099009900990099
"GPHN",5,505,0.0099009900990099
"GPKOW",5,505,0.0099009900990099
"GPN2",5,505,0.0099009900990099
"GPR132",5,505,0.0099009900990099
"GPR137B",5,505,0.0099009900990099
"GPR176",5,505,0.0099009900990099
"GPR22",5,505,0.0099009900990099
"GPR31",5,505,0.0099009900990099
"GPX6",5,505,0.0099009900990099
"GRB14",5,505,0.0099009900990099
"GRIN3B",5,505,0.0099009900990099
"GSDMA",5,505,0.0099009900990099
"GSDMD",5,505,0.0099009900990099
"GSDME",5,505,0.0099009900990099
"GSR",5,505,0.0099009900990099
"GTF2I",5,505,0.0099009900990099
"GTF2IRD2B",5,505,0.0099009900990099
"GUSB",5,505,0.0099009900990099
"GYPC",5,505,0.0099009900990099
"GZMA",5,505,0.0099009900990099
"H1-8",5,505,0.0099009900990099
"H2AC8",5,505,0.0099009900990099
"H2BC7",5,505,0.0099009900990099
"H2BC9",5,505,0.0099009900990099
"H3C3",5,505,0.0099009900990099
"H6PD",5,505,0.0099009900990099
"HAL",5,505,0.0099009900990099
"HARS1",5,505,0.0099009900990099
"HASPIN",5,505,0.0099009900990099
"HAT1",5,505,0.0099009900990099
"HAUS3",5,505,0.0099009900990099
"HAX1",5,505,0.0099009900990099
"HBB",5,505,0.0099009900990099
"HECTD2",5,505,0.0099009900990099
"HECTD3",5,505,0.0099009900990099
"HEMGN",5,505,0.0099009900990099
"HEY2",5,505,0.0099009900990099
"HGSNAT",5,505,0.0099009900990099
"HLA-A",5,505,0.0099009900990099
"HLA-DQB1",5,505,0.0099009900990099
"HLF",5,505,0.0099009900990099
"HMGCS1",5,505,0.0099009900990099
"HNF4G",5,505,0.0099009900990099
"HNRNPH1",5,505,0.0099009900990099
"HNRNPH2",5,505,0.0099009900990099
"HNRNPUL2",5,505,0.0099009900990099
"HORMAD1",5,505,0.0099009900990099
"HOXA7",5,505,0.0099009900990099
"HOXB6",5,505,0.0099009900990099
"HOXC11",5,505,0.0099009900990099
"HPGD",5,505,0.0099009900990099
"HPS1",5,505,0.0099009900990099
"HPS3",5,505,0.0099009900990099
"HRH1",5,505,0.0099009900990099
"HRH4",5,505,0.0099009900990099
"HSD17B4",5,505,0.0099009900990099
"HSP90AA1",5,505,0.0099009900990099
"HTR2A",5,505,0.0099009900990099
"HTR4",5,505,0.0099009900990099
"HUNK",5,505,0.0099009900990099
"HUS1B",5,505,0.0099009900990099
"IDE",5,505,0.0099009900990099
"IDH1",5,505,0.0099009900990099
"IDO2",5,505,0.0099009900990099
"IFNA2",5,505,0.0099009900990099
"IFNA6",5,505,0.0099009900990099
"IFNLR1",5,505,0.0099009900990099
"IGFBP2",5,505,0.0099009900990099
"IGFBP3",5,505,0.0099009900990099
"IGHA2",5,505,0.0099009900990099
"IGHG1",5,505,0.0099009900990099
"IGHV3-20",5,505,0.0099009900990099
"IGHV3-66",5,505,0.0099009900990099
"IGKV1-6",5,505,0.0099009900990099
"IGKV3D-15",5,505,0.0099009900990099
"IGKV6-21",5,505,0.0099009900990099
"IGKV6D-41",5,505,0.0099009900990099
"IL10RB",5,505,0.0099009900990099
"IL17F",5,505,0.0099009900990099
"IL17RD",5,505,0.0099009900990099
"IL2",5,505,0.0099009900990099
"IL2RA",5,505,0.0099009900990099
"IL3",5,505,0.0099009900990099
"IL36A",5,505,0.0099009900990099
"IL37",5,505,0.0099009900990099
"IL3RA",5,505,0.0099009900990099
"IMMT",5,505,0.0099009900990099
"IMPDH1",5,505,0.0099009900990099
"INPP4A",5,505,0.0099009900990099
"INSIG2",5,505,0.0099009900990099
"IQCE",5,505,0.0099009900990099
"IQCG",5,505,0.0099009900990099
"IRAK1",5,505,0.0099009900990099
"IREB2",5,505,0.0099009900990099
"IRF2BPL",5,505,0.0099009900990099
"IRGQ",5,505,0.0099009900990099
"ITFG2",5,505,0.0099009900990099
"ITGB2",5,505,0.0099009900990099
"ITPRIPL1",5,505,0.0099009900990099
"IZUMO1R",5,505,0.0099009900990099
"JAML",5,505,0.0099009900990099
"KAT7",5,505,0.0099009900990099
"KAZN",5,505,0.0099009900990099
"KCNAB2",5,505,0.0099009900990099
"KCNIP3",5,505,0.0099009900990099
"KCNJ10",5,505,0.0099009900990099
"KCNMB2",5,505,0.0099009900990099
"KCNN4",5,505,0.0099009900990099
"KDF1",5,505,0.0099009900990099
"KDM2A",5,505,0.0099009900990099
"KDM7A",5,505,0.0099009900990099
"KIAA0895",5,505,0.0099009900990099
"KIAA1841",5,505,0.0099009900990099
"KIF13B",5,505,0.0099009900990099
"KIF18B",5,505,0.0099009900990099
"KIF20A",5,505,0.0099009900990099
"KIF24",5,505,0.0099009900990099
"KIF25",5,505,0.0099009900990099
"KIF9",5,505,0.0099009900990099
"KLF10",5,505,0.0099009900990099
"KLF11",5,505,0.0099009900990099
"KLF5",5,505,0.0099009900990099
"KLHDC10",5,505,0.0099009900990099
"KLHDC4",5,505,0.0099009900990099
"KLHL11",5,505,0.0099009900990099
"KLHL15",5,505,0.0099009900990099
"KLHL2",5,505,0.0099009900990099
"KLHL28",5,505,0.0099009900990099
"KLHL3",5,505,0.0099009900990099
"KLHL31",5,505,0.0099009900990099
"KLHL42",5,505,0.0099009900990099
"KLHL9",5,505,0.0099009900990099
"KLK3",5,505,0.0099009900990099
"KLRF1",5,505,0.0099009900990099
"KRBOX4",5,505,0.0099009900990099
"KRT12",5,505,0.0099009900990099
"KRT13",5,505,0.0099009900990099
"KRT40",5,505,0.0099009900990099
"KRT78",5,505,0.0099009900990099
"KRTAP1-5",5,505,0.0099009900990099
"KRTAP10-10",5,505,0.0099009900990099
"KRTAP10-11",5,505,0.0099009900990099
"KRTAP10-2",5,505,0.0099009900990099
"KRTAP12-2",5,505,0.0099009900990099
"KRTAP20-1",5,505,0.0099009900990099
"KRTAP5-1",5,505,0.0099009900990099
"KTI12",5,505,0.0099009900990099
"L1TD1",5,505,0.0099009900990099
"L2HGDH",5,505,0.0099009900990099
"LACTB2",5,505,0.0099009900990099
"LAIR1",5,505,0.0099009900990099
"LAIR2",5,505,0.0099009900990099
"LAMP1",5,505,0.0099009900990099
"LAMP3",5,505,0.0099009900990099
"LAP3",5,505,0.0099009900990099
"LAPTM5",5,505,0.0099009900990099
"LARP1B",5,505,0.0099009900990099
"LAS1L",5,505,0.0099009900990099
"LCE1C",5,505,0.0099009900990099
"LCE1D",5,505,0.0099009900990099
"LCE2C",5,505,0.0099009900990099
"LCE3D",5,505,0.0099009900990099
"LCMT2",5,505,0.0099009900990099
"LECT2",5,505,0.0099009900990099
"LEFTY1",5,505,0.0099009900990099
"LEMD3",5,505,0.0099009900990099
"LGI3",5,505,0.0099009900990099
"LGMN",5,505,0.0099009900990099
"LHFPL3",5,505,0.0099009900990099
"LIM2",5,505,0.0099009900990099
"LIMA1",5,505,0.0099009900990099
"LIN7C",5,505,0.0099009900990099
"LIN9",5,505,0.0099009900990099
"LMBR1L",5,505,0.0099009900990099
"LMNB2",5,505,0.0099009900990099
"LNPEP",5,505,0.0099009900990099
"LOX",5,505,0.0099009900990099
"LPCAT2",5,505,0.0099009900990099
"LPCAT4",5,505,0.0099009900990099
"LRATD1",5,505,0.0099009900990099
"LRCH3",5,505,0.0099009900990099
"LRP10",5,505,0.0099009900990099
"LRP8",5,505,0.0099009900990099
"LRRC18",5,505,0.0099009900990099
"LRRC2",5,505,0.0099009900990099
"LRRC23",5,505,0.0099009900990099
"LRRC36",5,505,0.0099009900990099
"LRRC8B",5,505,0.0099009900990099
"LRRIQ4",5,505,0.0099009900990099
"LSM14A",5,505,0.0099009900990099
"LTB4R",5,505,0.0099009900990099
"LTBP4",5,505,0.0099009900990099
"LUZP4",5,505,0.0099009900990099
"LY6G6F-LY6G6D",5,505,0.0099009900990099
"LYN",5,505,0.0099009900990099
"LYSMD2",5,505,0.0099009900990099
"LYZL1",5,505,0.0099009900990099
"MACO1",5,505,0.0099009900990099
"MAD1L1",5,505,0.0099009900990099
"MAF1",5,505,0.0099009900990099
"MAGEA3",5,505,0.0099009900990099
"MAN1A2",5,505,0.0099009900990099
"MAN2C1",5,505,0.0099009900990099
"MAP2K3",5,505,0.0099009900990099
"MAP2K6",5,505,0.0099009900990099
"MAP3K1",5,505,0.0099009900990099
"MAP3K14",5,505,0.0099009900990099
"MAP3K20",5,505,0.0099009900990099
"MAP4K2",5,505,0.0099009900990099
"MAP4K4",5,505,0.0099009900990099
"MAP9",5,505,0.0099009900990099
"MAPK10",5,505,0.0099009900990099
"MAPKAPK5",5,505,0.0099009900990099
"MARCHF10",5,505,0.0099009900990099
"MARCHF8",5,505,0.0099009900990099
"MARVELD2",5,505,0.0099009900990099
"MASTL",5,505,0.0099009900990099
"MBOAT1",5,505,0.0099009900990099
"MCCC2",5,505,0.0099009900990099
"MCM2",5,505,0.0099009900990099
"ME1",5,505,0.0099009900990099
"ME2",5,505,0.0099009900990099
"MED15",5,505,0.0099009900990099
"MED24",5,505,0.0099009900990099
"METAP1D",5,505,0.0099009900990099
"METTL14",5,505,0.0099009900990099
"METTL18",5,505,0.0099009900990099
"METTL4",5,505,0.0099009900990099
"MFAP3L",5,505,0.0099009900990099
"MFSD2B",5,505,0.0099009900990099
"MFSD8",5,505,0.0099009900990099
"MICALL1",5,505,0.0099009900990099
"MID1",5,505,0.0099009900990099
"MIER3",5,505,0.0099009900990099
"MIGA2",5,505,0.0099009900990099
"MITF",5,505,0.0099009900990099
"MLKL",5,505,0.0099009900990099
"MLXIP",5,505,0.0099009900990099
"MMP11",5,505,0.0099009900990099
"MMP21",5,505,0.0099009900990099
"MMP7",5,505,0.0099009900990099
"MMP8",5,505,0.0099009900990099
"MOCS3",5,505,0.0099009900990099
"MOG",5,505,0.0099009900990099
"MON1B",5,505,0.0099009900990099
"MORF4L2",5,505,0.0099009900990099
"MOV10",5,505,0.0099009900990099
"MPHOSPH6",5,505,0.0099009900990099
"MPHOSPH8",5,505,0.0099009900990099
"MPP1",5,505,0.0099009900990099
"MPP3",5,505,0.0099009900990099
"MPP4",5,505,0.0099009900990099
"MPP6",5,505,0.0099009900990099
"MRGPRF",5,505,0.0099009900990099
"MRPL39",5,505,0.0099009900990099
"MRPS15",5,505,0.0099009900990099
"MRPS5",5,505,0.0099009900990099
"MRPS6",5,505,0.0099009900990099
"MS4A6E",5,505,0.0099009900990099
"MSI2",5,505,0.0099009900990099
"MSR1",5,505,0.0099009900990099
"MTA1",5,505,0.0099009900990099
"MTA2",5,505,0.0099009900990099
"MTHFR",5,505,0.0099009900990099
"MTHFSD",5,505,0.0099009900990099
"MTMR6",5,505,0.0099009900990099
"MTMR7",5,505,0.0099009900990099
"MTMR9",5,505,0.0099009900990099
"MTSS1",5,505,0.0099009900990099
"MUC21",5,505,0.0099009900990099
"MUS81",5,505,0.0099009900990099
"MXRA8",5,505,0.0099009900990099
"MYB",5,505,0.0099009900990099
"MYCBPAP",5,505,0.0099009900990099
"MYCT1",5,505,0.0099009900990099
"MYL1",5,505,0.0099009900990099
"N4BP3",5,505,0.0099009900990099
"NAALADL1",5,505,0.0099009900990099
"NAGPA",5,505,0.0099009900990099
"NAIF1",5,505,0.0099009900990099
"NAIP",5,505,0.0099009900990099
"NARF",5,505,0.0099009900990099
"NCALD",5,505,0.0099009900990099
"NCAPH",5,505,0.0099009900990099
"NCF4",5,505,0.0099009900990099
"NDC80",5,505,0.0099009900990099
"NDRG2",5,505,0.0099009900990099
"NDUFS1",5,505,0.0099009900990099
"NEDD1",5,505,0.0099009900990099
"NF2",5,505,0.0099009900990099
"NFIA",5,505,0.0099009900990099
"NFIB",5,505,0.0099009900990099
"NGDN",5,505,0.0099009900990099
"NGLY1",5,505,0.0099009900990099
"NIFK",5,505,0.0099009900990099
"NIM1K",5,505,0.0099009900990099
"NIPAL3",5,505,0.0099009900990099
"NIPSNAP2",5,505,0.0099009900990099
"NKAP",5,505,0.0099009900990099
"NKX2-1",5,505,0.0099009900990099
"NLGN4Y",5,505,0.0099009900990099
"NLN",5,505,0.0099009900990099
"NLRC3",5,505,0.0099009900990099
"NLRX1",5,505,0.0099009900990099
"NMS",5,505,0.0099009900990099
"NNMT",5,505,0.0099009900990099
"NOC4L",5,505,0.0099009900990099
"NOL11",5,505,0.0099009900990099
"NOLC1",5,505,0.0099009900990099
"NOM1",5,505,0.0099009900990099
"NPC1",5,505,0.0099009900990099
"NPM1",5,505,0.0099009900990099
"NPTXR",5,505,0.0099009900990099
"NR3C2",5,505,0.0099009900990099
"NSD3",5,505,0.0099009900990099
"NSRP1",5,505,0.0099009900990099
"NSUN6",5,505,0.0099009900990099
"NT5E",5,505,0.0099009900990099
"NUBPL",5,505,0.0099009900990099
"NUCKS1",5,505,0.0099009900990099
"NUDT12",5,505,0.0099009900990099
"NUGGC",5,505,0.0099009900990099
"NUP35",5,505,0.0099009900990099
"NUP58",5,505,0.0099009900990099
"NUP93",5,505,0.0099009900990099
"NXPH1",5,505,0.0099009900990099
"ODF1",5,505,0.0099009900990099
"OGFR",5,505,0.0099009900990099
"OLFML1",5,505,0.0099009900990099
"OLFML2A",5,505,0.0099009900990099
"OR10A6",5,505,0.0099009900990099
"OR10H5",5,505,0.0099009900990099
"OR1L4",5,505,0.0099009900990099
"OR1N1",5,505,0.0099009900990099
"OR2AE1",5,505,0.0099009900990099
"OR4S1",5,505,0.0099009900990099
"OR5AC2",5,505,0.0099009900990099
"OR5AK2",5,505,0.0099009900990099
"OR5H2",5,505,0.0099009900990099
"OR5K2",5,505,0.0099009900990099
"OR5P2",5,505,0.0099009900990099
"OR5P3",5,505,0.0099009900990099
"OR6C1",5,505,0.0099009900990099
"OR6C2",5,505,0.0099009900990099
"OR6C6",5,505,0.0099009900990099
"OR6C76",5,505,0.0099009900990099
"OR7A17",5,505,0.0099009900990099
"OR7G3",5,505,0.0099009900990099
"OR8B3",5,505,0.0099009900990099
"OR8S1",5,505,0.0099009900990099
"OSBP",5,505,0.0099009900990099
"OSBPL10",5,505,0.0099009900990099
"OSBPL5",5,505,0.0099009900990099
"OSM",5,505,0.0099009900990099
"OSMR",5,505,0.0099009900990099
"OSR1",5,505,0.0099009900990099
"OSR2",5,505,0.0099009900990099
"OTUD4",5,505,0.0099009900990099
"OXSR1",5,505,0.0099009900990099
"P3H1",5,505,0.0099009900990099
"P4HB",5,505,0.0099009900990099
"PABPC1L",5,505,0.0099009900990099
"PACSIN1",5,505,0.0099009900990099
"PADI6",5,505,0.0099009900990099
"PAIP1",5,505,0.0099009900990099
"PAK4",5,505,0.0099009900990099
"PAN2",5,505,0.0099009900990099
"PANX1",5,505,0.0099009900990099
"PAPOLA",5,505,0.0099009900990099
"PAPSS1",5,505,0.0099009900990099
"PARP12",5,505,0.0099009900990099
"PARP15",5,505,0.0099009900990099
"PATZ1",5,505,0.0099009900990099
"PAX3",5,505,0.0099009900990099
"PCYOX1L",5,505,0.0099009900990099
"PDCL3",5,505,0.0099009900990099
"PDE4D",5,505,0.0099009900990099
"PDIA3",5,505,0.0099009900990099
"PES1",5,505,0.0099009900990099
"PFKM",5,505,0.0099009900990099
"PGAP6",5,505,0.0099009900990099
"PHACTR4",5,505,0.0099009900990099
"PHF1",5,505,0.0099009900990099
"PHF24",5,505,0.0099009900990099
"PHGDH",5,505,0.0099009900990099
"PHKG1",5,505,0.0099009900990099
"PI16",5,505,0.0099009900990099
"PIAS2",5,505,0.0099009900990099
"PIF1",5,505,0.0099009900990099
"PIGA",5,505,0.0099009900990099
"PIGQ",5,505,0.0099009900990099
"PIGT",5,505,0.0099009900990099
"PIK3R3",5,505,0.0099009900990099
"PINX1",5,505,0.0099009900990099
"PIP5K1A",5,505,0.0099009900990099
"PIP5K1B",5,505,0.0099009900990099
"PITX1",5,505,0.0099009900990099
"PKN3",5,505,0.0099009900990099
"PLA1A",5,505,0.0099009900990099
"PLA2G2A",5,505,0.0099009900990099
"PLA2G3",5,505,0.0099009900990099
"PLAA",5,505,0.0099009900990099
"PLCD4",5,505,0.0099009900990099
"PLEKHA8",5,505,0.0099009900990099
"PLEKHG1",5,505,0.0099009900990099
"PLIN1",5,505,0.0099009900990099
"PLIN2",5,505,0.0099009900990099
"PLK1",5,505,0.0099009900990099
"PLK2",5,505,0.0099009900990099
"PLOD1",5,505,0.0099009900990099
"PLP1",5,505,0.0099009900990099
"PM20D2",5,505,0.0099009900990099
"PNLDC1",5,505,0.0099009900990099
"PNPLA5",5,505,0.0099009900990099
"POC5",5,505,0.0099009900990099
"POFUT2",5,505,0.0099009900990099
"POGK",5,505,0.0099009900990099
"POLB",5,505,0.0099009900990099
"POLD1",5,505,0.0099009900990099
"POLL",5,505,0.0099009900990099
"POLR3C",5,505,0.0099009900990099
"POM121",5,505,0.0099009900990099
"POMZP3",5,505,0.0099009900990099
"PON3",5,505,0.0099009900990099
"POTED",5,505,0.0099009900990099
"PPFIBP1",5,505,0.0099009900990099
"PPM1A",5,505,0.0099009900990099
"PPM1E",5,505,0.0099009900990099
"PPM1H",5,505,0.0099009900990099
"PPME1",5,505,0.0099009900990099
"PPP1R10",5,505,0.0099009900990099
"PPP1R15A",5,505,0.0099009900990099
"PPP2R5E",5,505,0.0099009900990099
"PPP6R1",5,505,0.0099009900990099
"PPP6R3",5,505,0.0099009900990099
"PRAMEF6",5,505,0.0099009900990099
"PRB4",5,505,0.0099009900990099
"PRDM13",5,505,0.0099009900990099
"PRDM8",5,505,0.0099009900990099
"PRDX6",5,505,0.0099009900990099
"PRICKLE3",5,505,0.0099009900990099
"PROM1",5,505,0.0099009900990099
"PRR19",5,505,0.0099009900990099
"PRSS12",5,505,0.0099009900990099
"PRSS22",5,505,0.0099009900990099
"PRSS23",5,505,0.0099009900990099
"PRSS37",5,505,0.0099009900990099
"PRX",5,505,0.0099009900990099
"PSMA1",5,505,0.0099009900990099
"PSMB11",5,505,0.0099009900990099
"PSMC6",5,505,0.0099009900990099
"PSMD11",5,505,0.0099009900990099
"PSPC1",5,505,0.0099009900990099
"PTAFR",5,505,0.0099009900990099
"PTCD3",5,505,0.0099009900990099
"PTCH2",5,505,0.0099009900990099
"PTGER2",5,505,0.0099009900990099
"PTGER4",5,505,0.0099009900990099
"PTGIR",5,505,0.0099009900990099
"PTN",5,505,0.0099009900990099
"PTPN20",5,505,0.0099009900990099
"PTPN23",5,505,0.0099009900990099
"PTPN9",5,505,0.0099009900990099
"PTPRE",5,505,0.0099009900990099
"PURG",5,505,0.0099009900990099
"PYDC2",5,505,0.0099009900990099
"PYGL",5,505,0.0099009900990099
"PYROXD1",5,505,0.0099009900990099
"QSOX1",5,505,0.0099009900990099
"RAB30",5,505,0.0099009900990099
"RAB9B",5,505,0.0099009900990099
"RABEPK",5,505,0.0099009900990099
"RABL3",5,505,0.0099009900990099
"RAD17",5,505,0.0099009900990099
"RAD51D",5,505,0.0099009900990099
"RAI14",5,505,0.0099009900990099
"RALA",5,505,0.0099009900990099
"RAPGEF1",5,505,0.0099009900990099
"RARA",5,505,0.0099009900990099
"RARS1",5,505,0.0099009900990099
"RASGEF1A",5,505,0.0099009900990099
"RBAK",5,505,0.0099009900990099
"RBBP8",5,505,0.0099009900990099
"RBL1",5,505,0.0099009900990099
"RBM26",5,505,0.0099009900990099
"RBM34",5,505,0.0099009900990099
"RCOR3",5,505,0.0099009900990099
"RECQL",5,505,0.0099009900990099
"RECQL4",5,505,0.0099009900990099
"RELCH",5,505,0.0099009900990099
"RFPL2",5,505,0.0099009900990099
"RFX3",5,505,0.0099009900990099
"RFX5",5,505,0.0099009900990099
"RGS2",5,505,0.0099009900990099
"RGS21",5,505,0.0099009900990099
"RGS4",5,505,0.0099009900990099
"RGS5",5,505,0.0099009900990099
"RGS7BP",5,505,0.0099009900990099
"RHOBTB1",5,505,0.0099009900990099
"RHOBTB2",5,505,0.0099009900990099
"RHOH",5,505,0.0099009900990099
"RIOK2",5,505,0.0099009900990099
"RIOX1",5,505,0.0099009900990099
"RIPPLY2",5,505,0.0099009900990099
"RIPPLY3",5,505,0.0099009900990099
"RNASE10",5,505,0.0099009900990099
"RNASE2",5,505,0.0099009900990099
"RNASEH1",5,505,0.0099009900990099
"RNF113B",5,505,0.0099009900990099
"RNF123",5,505,0.0099009900990099
"RNF138",5,505,0.0099009900990099
"RNF144B",5,505,0.0099009900990099
"RNF220",5,505,0.0099009900990099
"RNF43",5,505,0.0099009900990099
"RNGTT",5,505,0.0099009900990099
"RORA",5,505,0.0099009900990099
"RPIA",5,505,0.0099009900990099
"RPN2",5,505,0.0099009900990099
"RPS3",5,505,0.0099009900990099
"RPS6KA3",5,505,0.0099009900990099
"RPUSD4",5,505,0.0099009900990099
"RRM1",5,505,0.0099009900990099
"RRM2",5,505,0.0099009900990099
"RRP12",5,505,0.0099009900990099
"RSAD2",5,505,0.0099009900990099
"RTL8B",5,505,0.0099009900990099
"RTN2",5,505,0.0099009900990099
"RTN4",5,505,0.0099009900990099
"RTP1",5,505,0.0099009900990099
"RUNDC3B",5,505,0.0099009900990099
"RUNX3",5,505,0.0099009900990099
"RUSC2",5,505,0.0099009900990099
"RUVBL1",5,505,0.0099009900990099
"SAAL1",5,505,0.0099009900990099
"SAFB2",5,505,0.0099009900990099
"SAMD14",5,505,0.0099009900990099
"SARS1",5,505,0.0099009900990099
"SBK1",5,505,0.0099009900990099
"SC5D",5,505,0.0099009900990099
"SCAP",5,505,0.0099009900990099
"SCARF2",5,505,0.0099009900990099
"SCD5",5,505,0.0099009900990099
"SCN2B",5,505,0.0099009900990099
"SCNN1D",5,505,0.0099009900990099
"SCNN1G",5,505,0.0099009900990099
"SCP2D1",5,505,0.0099009900990099
"SCRN1",5,505,0.0099009900990099
"SCUBE2",5,505,0.0099009900990099
"SDAD1",5,505,0.0099009900990099
"SDE2",5,505,0.0099009900990099
"SDHA",5,505,0.0099009900990099
"SEC31A",5,505,0.0099009900990099
"SEC61A1",5,505,0.0099009900990099
"SEC63",5,505,0.0099009900990099
"SELENBP1",5,505,0.0099009900990099
"SEMA4A",5,505,0.0099009900990099
"SENP2",5,505,0.0099009900990099
"SENP5",5,505,0.0099009900990099
"SEPTIN3",5,505,0.0099009900990099
"SERBP1",5,505,0.0099009900990099
"SERPINA1",5,505,0.0099009900990099
"SERPINB5",5,505,0.0099009900990099
"SF3B3",5,505,0.0099009900990099
"SFPQ",5,505,0.0099009900990099
"SFTPA1",5,505,0.0099009900990099
"SH2D2A",5,505,0.0099009900990099
"SHC4",5,505,0.0099009900990099
"SHCBP1L",5,505,0.0099009900990099
"SHISA2",5,505,0.0099009900990099
"SHISAL1",5,505,0.0099009900990099
"SHOC2",5,505,0.0099009900990099
"SHPK",5,505,0.0099009900990099
"SIAH2",5,505,0.0099009900990099
"SIRT7",5,505,0.0099009900990099
"SIX6",5,505,0.0099009900990099
"SLA",5,505,0.0099009900990099
"SLC10A5",5,505,0.0099009900990099
"SLC10A6",5,505,0.0099009900990099
"SLC14A1",5,505,0.0099009900990099
"SLC15A3",5,505,0.0099009900990099
"SLC16A6",5,505,0.0099009900990099
"SLC19A3",5,505,0.0099009900990099
"SLC1A1",5,505,0.0099009900990099
"SLC22A14",5,505,0.0099009900990099
"SLC23A3",5,505,0.0099009900990099
"SLC24A1",5,505,0.0099009900990099
"SLC24A3",5,505,0.0099009900990099
"SLC25A18",5,505,0.0099009900990099
"SLC25A31",5,505,0.0099009900990099
"SLC25A47",5,505,0.0099009900990099
"SLC25A52",5,505,0.0099009900990099
"SLC25A53",5,505,0.0099009900990099
"SLC27A5",5,505,0.0099009900990099
"SLC28A1",5,505,0.0099009900990099
"SLC2A2",5,505,0.0099009900990099
"SLC30A9",5,505,0.0099009900990099
"SLC35A5",5,505,0.0099009900990099
"SLC35F4",5,505,0.0099009900990099
"SLC35F6",5,505,0.0099009900990099
"SLC35G1",5,505,0.0099009900990099
"SLC38A10",5,505,0.0099009900990099
"SLC38A11",5,505,0.0099009900990099
"SLC38A4",5,505,0.0099009900990099
"SLC39A1",5,505,0.0099009900990099
"SLC4A1AP",5,505,0.0099009900990099
"SLC6A3",5,505,0.0099009900990099
"SLC6A8",5,505,0.0099009900990099
"SLC7A7",5,505,0.0099009900990099
"SLC7A8",5,505,0.0099009900990099
"SLC7A9",5,505,0.0099009900990099
"SLC9A7",5,505,0.0099009900990099
"SLTM",5,505,0.0099009900990099
"SLX4IP",5,505,0.0099009900990099
"SMAD9",5,505,0.0099009900990099
"SMAP1",5,505,0.0099009900990099
"SMARCA5",5,505,0.0099009900990099
"SMARCC1",5,505,0.0099009900990099
"SMARCD1",5,505,0.0099009900990099
"SMC1B",5,505,0.0099009900990099
"SMC5",5,505,0.0099009900990099
"SMC6",5,505,0.0099009900990099
"SMCR8",5,505,0.0099009900990099
"SMR3B",5,505,0.0099009900990099
"SNAPC4",5,505,0.0099009900990099
"SNX1",5,505,0.0099009900990099
"SNX15",5,505,0.0099009900990099
"SNX4",5,505,0.0099009900990099
"SNX7",5,505,0.0099009900990099
"SOCS6",5,505,0.0099009900990099
"SORT1",5,505,0.0099009900990099
"SP3",5,505,0.0099009900990099
"SPAG1",5,505,0.0099009900990099
"SPAG11B",5,505,0.0099009900990099
"SPATA19",5,505,0.0099009900990099
"SPDYC",5,505,0.0099009900990099
"SPECC1L",5,505,0.0099009900990099
"SPHK2",5,505,0.0099009900990099
"SPIC",5,505,0.0099009900990099
"SPIDR",5,505,0.0099009900990099
"SPINDOC",5,505,0.0099009900990099
"SPO11",5,505,0.0099009900990099
"SPRED1",5,505,0.0099009900990099
"SPRR1A",5,505,0.0099009900990099
"SPRR2G",5,505,0.0099009900990099
"SRPK2",5,505,0.0099009900990099
"SRSF4",5,505,0.0099009900990099
"SSTR3",5,505,0.0099009900990099
"SSX7",5,505,0.0099009900990099
"ST6GALNAC1",5,505,0.0099009900990099
"ST8SIA1",5,505,0.0099009900990099
"STAT3",5,505,0.0099009900990099
"STAU2",5,505,0.0099009900990099
"STEAP1",5,505,0.0099009900990099
"STEAP2",5,505,0.0099009900990099
"STK32C",5,505,0.0099009900990099
"STK35",5,505,0.0099009900990099
"STKLD1",5,505,0.0099009900990099
"STRA6",5,505,0.0099009900990099
"STRIP2",5,505,0.0099009900990099
"STXBP1",5,505,0.0099009900990099
"STXBP6",5,505,0.0099009900990099
"SUCLG1",5,505,0.0099009900990099
"SULT2A1",5,505,0.0099009900990099
"SUSD2",5,505,0.0099009900990099
"SUSD3",5,505,0.0099009900990099
"SUSD5",5,505,0.0099009900990099
"SYK",5,505,0.0099009900990099
"SYNDIG1",5,505,0.0099009900990099
"SYTL1",5,505,0.0099009900990099
"TAC1",5,505,0.0099009900990099
"TACC1",5,505,0.0099009900990099
"TAF1A",5,505,0.0099009900990099
"TAF5",5,505,0.0099009900990099
"TAF7L",5,505,0.0099009900990099
"TAFA2",5,505,0.0099009900990099
"TAL1",5,505,0.0099009900990099
"TAPT1",5,505,0.0099009900990099
"TAS1R1",5,505,0.0099009900990099
"TAS2R40",5,505,0.0099009900990099
"TAX1BP1",5,505,0.0099009900990099
"TBC1D1",5,505,0.0099009900990099
"TBC1D10A",5,505,0.0099009900990099
"TBC1D15",5,505,0.0099009900990099
"TBC1D17",5,505,0.0099009900990099
"TBC1D3B",5,505,0.0099009900990099
"TBL1XR1",5,505,0.0099009900990099
"TBPL2",5,505,0.0099009900990099
"TC2N",5,505,0.0099009900990099
"TCEAL2",5,505,0.0099009900990099
"TCFL5",5,505,0.0099009900990099
"TCP11L2",5,505,0.0099009900990099
"TEAD4",5,505,0.0099009900990099
"TESK2",5,505,0.0099009900990099
"TEX37",5,505,0.0099009900990099
"TFIP11",5,505,0.0099009900990099
"TFRC",5,505,0.0099009900990099
"TGFBR1",5,505,0.0099009900990099
"THAP6",5,505,0.0099009900990099
"THEMIS2",5,505,0.0099009900990099
"THY1",5,505,0.0099009900990099
"TIGD7",5,505,0.0099009900990099
"TJP2",5,505,0.0099009900990099
"TLE1",5,505,0.0099009900990099
"TM6SF1",5,505,0.0099009900990099
"TMC7",5,505,0.0099009900990099
"TMCO2",5,505,0.0099009900990099
"TMED10",5,505,0.0099009900990099
"TMEM119",5,505,0.0099009900990099
"TMEM174",5,505,0.0099009900990099
"TMEM176B",5,505,0.0099009900990099
"TMEM207",5,505,0.0099009900990099
"TMEM214",5,505,0.0099009900990099
"TMEM248",5,505,0.0099009900990099
"TMEM270",5,505,0.0099009900990099
"TMEM30A",5,505,0.0099009900990099
"TMEM59L",5,505,0.0099009900990099
"TMEM81",5,505,0.0099009900990099
"TMF1",5,505,0.0099009900990099
"TMIGD2",5,505,0.0099009900990099
"TMPO",5,505,0.0099009900990099
"TMPRSS13",5,505,0.0099009900990099
"TMPRSS3",5,505,0.0099009900990099
"TMX4",5,505,0.0099009900990099
"TNFAIP6",5,505,0.0099009900990099
"TNFRSF19",5,505,0.0099009900990099
"TNKS",5,505,0.0099009900990099
"TNNI2",5,505,0.0099009900990099
"TNNI3",5,505,0.0099009900990099
"TNPO2",5,505,0.0099009900990099
"TNS4",5,505,0.0099009900990099
"TOB1",5,505,0.0099009900990099
"TOM1",5,505,0.0099009900990099
"TOP2B",5,505,0.0099009900990099
"TOP3B",5,505,0.0099009900990099
"TOX",5,505,0.0099009900990099
"TOX3",5,505,0.0099009900990099
"TP73",5,505,0.0099009900990099
"TPI1",5,505,0.0099009900990099
"TRAF3IP1",5,505,0.0099009900990099
"TRBV6-1",5,505,0.0099009900990099
"TREM2",5,505,0.0099009900990099
"TREML2",5,505,0.0099009900990099
"TREX2",5,505,0.0099009900990099
"TRIM17",5,505,0.0099009900990099
"TRIM25",5,505,0.0099009900990099
"TRIM33",5,505,0.0099009900990099
"TRIM38",5,505,0.0099009900990099
"TRIM50",5,505,0.0099009900990099
"TRIM55",5,505,0.0099009900990099
"TRIM67",5,505,0.0099009900990099
"TRMT1L",5,505,0.0099009900990099
"TSC1",5,505,0.0099009900990099
"TSG101",5,505,0.0099009900990099
"TSNARE1",5,505,0.0099009900990099
"TSPAN11",5,505,0.0099009900990099
"TSSK1B",5,505,0.0099009900990099
"TTC6",5,505,0.0099009900990099
"TTLL6",5,505,0.0099009900990099
"TUBB1",5,505,0.0099009900990099
"TUT1",5,505,0.0099009900990099
"TXNRD1",5,505,0.0099009900990099
"UBA1",5,505,0.0099009900990099
"UBASH3B",5,505,0.0099009900990099
"UBD",5,505,0.0099009900990099
"UBN1",5,505,0.0099009900990099
"UBR3",5,505,0.0099009900990099
"UBXN4",5,505,0.0099009900990099
"UBXN7",5,505,0.0099009900990099
"UGDH",5,505,0.0099009900990099
"UGT1A3",5,505,0.0099009900990099
"UGT1A4",5,505,0.0099009900990099
"UGT1A6",5,505,0.0099009900990099
"UGT1A9",5,505,0.0099009900990099
"UPF2",5,505,0.0099009900990099
"USH1G",5,505,0.0099009900990099
"USP4",5,505,0.0099009900990099
"USP43",5,505,0.0099009900990099
"USP46",5,505,0.0099009900990099
"USP5",5,505,0.0099009900990099
"UST",5,505,0.0099009900990099
"UTP25",5,505,0.0099009900990099
"UTS2R",5,505,0.0099009900990099
"UXS1",5,505,0.0099009900990099
"VEZF1",5,505,0.0099009900990099
"VGF",5,505,0.0099009900990099
"VIM",5,505,0.0099009900990099
"VIPAS39",5,505,0.0099009900990099
"VPS18",5,505,0.0099009900990099
"VPS33A",5,505,0.0099009900990099
"VPS35L",5,505,0.0099009900990099
"VPS36",5,505,0.0099009900990099
"VPS72",5,505,0.0099009900990099
"VSX1",5,505,0.0099009900990099
"VWA2",5,505,0.0099009900990099
"WASF1",5,505,0.0099009900990099
"WASHC4",5,505,0.0099009900990099
"WASL",5,505,0.0099009900990099
"WDR13",5,505,0.0099009900990099
"WDR45",5,505,0.0099009900990099
"WDR53",5,505,0.0099009900990099
"WHRN",5,505,0.0099009900990099
"WLS",5,505,0.0099009900990099
"WNT1",5,505,0.0099009900990099
"WNT5B",5,505,0.0099009900990099
"WNT7B",5,505,0.0099009900990099
"WNT8B",5,505,0.0099009900990099
"WNT9A",5,505,0.0099009900990099
"WWC2",5,505,0.0099009900990099
"WWOX",5,505,0.0099009900990099
"XCL1",5,505,0.0099009900990099
"XIAP",5,505,0.0099009900990099
"XK",5,505,0.0099009900990099
"XPO4",5,505,0.0099009900990099
"XPO6",5,505,0.0099009900990099
"XRRA1",5,505,0.0099009900990099
"XYLB",5,505,0.0099009900990099
"XYLT2",5,505,0.0099009900990099
"YAE1",5,505,0.0099009900990099
"YME1L1",5,505,0.0099009900990099
"YTHDF2",5,505,0.0099009900990099
"ZACN",5,505,0.0099009900990099
"ZBED8",5,505,0.0099009900990099
"ZBTB2",5,505,0.0099009900990099
"ZBTB39",5,505,0.0099009900990099
"ZBTB40",5,505,0.0099009900990099
"ZBTB9",5,505,0.0099009900990099
"ZCCHC13",5,505,0.0099009900990099
"ZCCHC8",5,505,0.0099009900990099
"ZCRB1",5,505,0.0099009900990099
"ZDHHC19",5,505,0.0099009900990099
"ZFP2",5,505,0.0099009900990099
"ZFP69B",5,505,0.0099009900990099
"ZFR",5,505,0.0099009900990099
"ZG16B",5,505,0.0099009900990099
"ZGPAT",5,505,0.0099009900990099
"ZKSCAN3",5,505,0.0099009900990099
"ZKSCAN5",5,505,0.0099009900990099
"ZMYM4",5,505,0.0099009900990099
"ZMYM6",5,505,0.0099009900990099
"ZMYND11",5,505,0.0099009900990099
"ZNF10",5,505,0.0099009900990099
"ZNF100",5,505,0.0099009900990099
"ZNF117",5,505,0.0099009900990099
"ZNF12",5,505,0.0099009900990099
"ZNF134",5,505,0.0099009900990099
"ZNF155",5,505,0.0099009900990099
"ZNF174",5,505,0.0099009900990099
"ZNF185",5,505,0.0099009900990099
"ZNF19",5,505,0.0099009900990099
"ZNF212",5,505,0.0099009900990099
"ZNF214",5,505,0.0099009900990099
"ZNF23",5,505,0.0099009900990099
"ZNF232",5,505,0.0099009900990099
"ZNF250",5,505,0.0099009900990099
"ZNF268",5,505,0.0099009900990099
"ZNF275",5,505,0.0099009900990099
"ZNF276",5,505,0.0099009900990099
"ZNF277",5,505,0.0099009900990099
"ZNF28",5,505,0.0099009900990099
"ZNF281",5,505,0.0099009900990099
"ZNF404",5,505,0.0099009900990099
"ZNF408",5,505,0.0099009900990099
"ZNF415",5,505,0.0099009900990099
"ZNF44",5,505,0.0099009900990099
"ZNF449",5,505,0.0099009900990099
"ZNF468",5,505,0.0099009900990099
"ZNF483",5,505,0.0099009900990099
"ZNF486",5,505,0.0099009900990099
"ZNF491",5,505,0.0099009900990099
"ZNF514",5,505,0.0099009900990099
"ZNF519",5,505,0.0099009900990099
"ZNF526",5,505,0.0099009900990099
"ZNF528",5,505,0.0099009900990099
"ZNF546",5,505,0.0099009900990099
"ZNF558",5,505,0.0099009900990099
"ZNF583",5,505,0.0099009900990099
"ZNF594",5,505,0.0099009900990099
"ZNF600",5,505,0.0099009900990099
"ZNF610",5,505,0.0099009900990099
"ZNF618",5,505,0.0099009900990099
"ZNF652",5,505,0.0099009900990099
"ZNF668",5,505,0.0099009900990099
"ZNF669",5,505,0.0099009900990099
"ZNF674",5,505,0.0099009900990099
"ZNF697",5,505,0.0099009900990099
"ZNF705A",5,505,0.0099009900990099
"ZNF778",5,505,0.0099009900990099
"ZNF782",5,505,0.0099009900990099
"ZNF783",5,505,0.0099009900990099
"ZNF829",5,505,0.0099009900990099
"ZP2",5,505,0.0099009900990099
"ZRANB2",5,505,0.0099009900990099
"ZSCAN22",5,505,0.0099009900990099
"ZXDC",5,505,0.0099009900990099
"ZYX",5,505,0.0099009900990099
"A1BG",4,505,0.00792079207920792
"ABCD3",4,505,0.00792079207920792
"ABCD4",4,505,0.00792079207920792
"ABHD10",4,505,0.00792079207920792
"ABTB1",4,505,0.00792079207920792
"AC005324.2",4,505,0.00792079207920792
"AC011455.2",4,505,0.00792079207920792
"AC097636.1",4,505,0.00792079207920792
"AC126283.2",4,505,0.00792079207920792
"AC127029.3",4,505,0.00792079207920792
"AC134980.2",4,505,0.00792079207920792
"AC244197.3",4,505,0.00792079207920792
"ACAD8",4,505,0.00792079207920792
"ACAP1",4,505,0.00792079207920792
"ACER1",4,505,0.00792079207920792
"ACOT4",4,505,0.00792079207920792
"ACTN4",4,505,0.00792079207920792
"ACTR1A",4,505,0.00792079207920792
"ACTR5",4,505,0.00792079207920792
"ACTR8",4,505,0.00792079207920792
"ACTRT3",4,505,0.00792079207920792
"ACY3",4,505,0.00792079207920792
"ADAM15",4,505,0.00792079207920792
"ADAM32",4,505,0.00792079207920792
"ADAMDEC1",4,505,0.00792079207920792
"ADAMTS8",4,505,0.00792079207920792
"ADCK1",4,505,0.00792079207920792
"ADCK2",4,505,0.00792079207920792
"ADCY3",4,505,0.00792079207920792
"ADD1",4,505,0.00792079207920792
"ADGRF1",4,505,0.00792079207920792
"ADGRG5",4,505,0.00792079207920792
"ADH4",4,505,0.00792079207920792
"ADIPOR2",4,505,0.00792079207920792
"ADPRH",4,505,0.00792079207920792
"AFTPH",4,505,0.00792079207920792
"AGA",4,505,0.00792079207920792
"AGBL5",4,505,0.00792079207920792
"AGGF1",4,505,0.00792079207920792
"AGPS",4,505,0.00792079207920792
"AGT",4,505,0.00792079207920792
"AHCYL1",4,505,0.00792079207920792
"AJM1",4,505,0.00792079207920792
"AK8",4,505,0.00792079207920792
"AKAP10",4,505,0.00792079207920792
"AKAP8L",4,505,0.00792079207920792
"AKR1C3",4,505,0.00792079207920792
"AKR1C4",4,505,0.00792079207920792
"AL136295.1",4,505,0.00792079207920792
"AL441992.2",4,505,0.00792079207920792
"ALDH1A3",4,505,0.00792079207920792
"ALDOA",4,505,0.00792079207920792
"ALG3",4,505,0.00792079207920792
"ALKBH5",4,505,0.00792079207920792
"ALKBH6",4,505,0.00792079207920792
"ALOX15",4,505,0.00792079207920792
"AMBP",4,505,0.00792079207920792
"AMFR",4,505,0.00792079207920792
"AMMECR1",4,505,0.00792079207920792
"AMZ1",4,505,0.00792079207920792
"ANGEL2",4,505,0.00792079207920792
"ANKRD1",4,505,0.00792079207920792
"ANKRD13C",4,505,0.00792079207920792
"ANKRD53",4,505,0.00792079207920792
"ANKS1A",4,505,0.00792079207920792
"ANKS4B",4,505,0.00792079207920792
"ANKS6",4,505,0.00792079207920792
"ANKZF1",4,505,0.00792079207920792
"ANO10",4,505,0.00792079207920792
"ANXA11",4,505,0.00792079207920792
"ANXA5",4,505,0.00792079207920792
"AOC2",4,505,0.00792079207920792
"AP2M1",4,505,0.00792079207920792
"AP3B1",4,505,0.00792079207920792
"AP4M1",4,505,0.00792079207920792
"APBB3",4,505,0.00792079207920792
"APC2",4,505,0.00792079207920792
"APCDD1L",4,505,0.00792079207920792
"APEX2",4,505,0.00792079207920792
"API5",4,505,0.00792079207920792
"APOH",4,505,0.00792079207920792
"APOOL",4,505,0.00792079207920792
"AQP12B",4,505,0.00792079207920792
"ARAF",4,505,0.00792079207920792
"ARC",4,505,0.00792079207920792
"ARHGAP1",4,505,0.00792079207920792
"ARHGAP22",4,505,0.00792079207920792
"ARHGAP39",4,505,0.00792079207920792
"ARHGEF1",4,505,0.00792079207920792
"ARL13B",4,505,0.00792079207920792
"ARL4A",4,505,0.00792079207920792
"ARL4D",4,505,0.00792079207920792
"ARMC1",4,505,0.00792079207920792
"ARMC12",4,505,0.00792079207920792
"ARMC9",4,505,0.00792079207920792
"ARMCX6",4,505,0.00792079207920792
"ARMT1",4,505,0.00792079207920792
"ARRDC3",4,505,0.00792079207920792
"ARSK",4,505,0.00792079207920792
"ASB6",4,505,0.00792079207920792
"ASL",4,505,0.00792079207920792
"ASPA",4,505,0.00792079207920792
"ASPSCR1",4,505,0.00792079207920792
"ATAD3B",4,505,0.00792079207920792
"ATF6B",4,505,0.00792079207920792
"ATF7",4,505,0.00792079207920792
"ATG4A",4,505,0.00792079207920792
"ATG4D",4,505,0.00792079207920792
"ATG9A",4,505,0.00792079207920792
"ATL1",4,505,0.00792079207920792
"ATMIN",4,505,0.00792079207920792
"ATP13A1",4,505,0.00792079207920792
"ATP1B1",4,505,0.00792079207920792
"ATP5F1A",4,505,0.00792079207920792
"ATP5F1C",4,505,0.00792079207920792
"ATP6AP1",4,505,0.00792079207920792
"ATP6V0A2",4,505,0.00792079207920792
"AZGP1",4,505,0.00792079207920792
"B3GALT1",4,505,0.00792079207920792
"B3GNT5",4,505,0.00792079207920792
"BAHD1",4,505,0.00792079207920792
"BAIAP2L1",4,505,0.00792079207920792
"BARHL1",4,505,0.00792079207920792
"BASP1",4,505,0.00792079207920792
"BATF2",4,505,0.00792079207920792
"BBS10",4,505,0.00792079207920792
"BBS5",4,505,0.00792079207920792
"BCAM",4,505,0.00792079207920792
"BCL10",4,505,0.00792079207920792
"BCL2",4,505,0.00792079207920792
"BCO1",4,505,0.00792079207920792
"BEND7",4,505,0.00792079207920792
"BHMT2",4,505,0.00792079207920792
"BIRC3",4,505,0.00792079207920792
"BLOC1S4",4,505,0.00792079207920792
"BMI1",4,505,0.00792079207920792
"BMPR1A",4,505,0.00792079207920792
"BPHL",4,505,0.00792079207920792
"BPNT2",4,505,0.00792079207920792
"BRD3",4,505,0.00792079207920792
"BRD9",4,505,0.00792079207920792
"BRF1",4,505,0.00792079207920792
"BST2",4,505,0.00792079207920792
"BTBD17",4,505,0.00792079207920792
"BTBD6",4,505,0.00792079207920792
"BTG4",4,505,0.00792079207920792
"C12orf50",4,505,0.00792079207920792
"C15orf39",4,505,0.00792079207920792
"C16orf78",4,505,0.00792079207920792
"C19orf44",4,505,0.00792079207920792
"C1QC",4,505,0.00792079207920792
"C1orf50",4,505,0.00792079207920792
"C20orf96",4,505,0.00792079207920792
"C2CD6",4,505,0.00792079207920792
"C3orf56",4,505,0.00792079207920792
"C4BPA",4,505,0.00792079207920792
"C5AR1",4,505,0.00792079207920792
"C5orf51",4,505,0.00792079207920792
"C6orf15",4,505,0.00792079207920792
"C6orf89",4,505,0.00792079207920792
"C7orf26",4,505,0.00792079207920792
"C8orf76",4,505,0.00792079207920792
"CA4",4,505,0.00792079207920792
"CAB39L",4,505,0.00792079207920792
"CACNG4",4,505,0.00792079207920792
"CACNG8",4,505,0.00792079207920792
"CACTIN",4,505,0.00792079207920792
"CALCOCO2",4,505,0.00792079207920792
"CALU",4,505,0.00792079207920792
"CAMK2D",4,505,0.00792079207920792
"CAMK2N1",4,505,0.00792079207920792
"CAMKK1",4,505,0.00792079207920792
"CAMLG",4,505,0.00792079207920792
"CAMP",4,505,0.00792079207920792
"CAPG",4,505,0.00792079207920792
"CAPN2",4,505,0.00792079207920792
"CAPN3",4,505,0.00792079207920792
"CAPN7",4,505,0.00792079207920792
"CAPZA3",4,505,0.00792079207920792
"CARD9",4,505,0.00792079207920792
"CARNS1",4,505,0.00792079207920792
"CARS1",4,505,0.00792079207920792
"CASC3",4,505,0.00792079207920792
"CASP10",4,505,0.00792079207920792
"CASP8",4,505,0.00792079207920792
"CATSPER2",4,505,0.00792079207920792
"CATSPER3",4,505,0.00792079207920792
"CATSPERB",4,505,0.00792079207920792
"CAV3",4,505,0.00792079207920792
"CBX3",4,505,0.00792079207920792
"CCDC105",4,505,0.00792079207920792
"CCDC142",4,505,0.00792079207920792
"CCDC173",4,505,0.00792079207920792
"CCDC174",4,505,0.00792079207920792
"CCDC18",4,505,0.00792079207920792
"CCDC186",4,505,0.00792079207920792
"CCDC197",4,505,0.00792079207920792
"CCDC30",4,505,0.00792079207920792
"CCDC42",4,505,0.00792079207920792
"CCDC47",4,505,0.00792079207920792
"CCDC6",4,505,0.00792079207920792
"CCDC77",4,505,0.00792079207920792
"CCL15",4,505,0.00792079207920792
"CCL3L3",4,505,0.00792079207920792
"CCNH",4,505,0.00792079207920792
"CCNT1",4,505,0.00792079207920792
"CCR8",4,505,0.00792079207920792
"CCT2",4,505,0.00792079207920792
"CCT5",4,505,0.00792079207920792
"CD2",4,505,0.00792079207920792
"CD200",4,505,0.00792079207920792
"CD209",4,505,0.00792079207920792
"CD2BP2",4,505,0.00792079207920792
"CD300C",4,505,0.00792079207920792
"CD300LF",4,505,0.00792079207920792
"CD47",4,505,0.00792079207920792
"CDADC1",4,505,0.00792079207920792
"CDC40",4,505,0.00792079207920792
"CDC42BPB",4,505,0.00792079207920792
"CDCA7",4,505,0.00792079207920792
"CDCA7L",4,505,0.00792079207920792
"CDK16",4,505,0.00792079207920792
"CDK6",4,505,0.00792079207920792
"CDRT1",4,505,0.00792079207920792
"CDS2",4,505,0.00792079207920792
"CDT1",4,505,0.00792079207920792
"CDYL2",4,505,0.00792079207920792
"CEACAM19",4,505,0.00792079207920792
"CELF1",4,505,0.00792079207920792
"CELF3",4,505,0.00792079207920792
"CENPH",4,505,0.00792079207920792
"CENPK",4,505,0.00792079207920792
"CEP104",4,505,0.00792079207920792
"CEP131",4,505,0.00792079207920792
"CEP57",4,505,0.00792079207920792
"CEP57L1",4,505,0.00792079207920792
"CEP97",4,505,0.00792079207920792
"CERK",4,505,0.00792079207920792
"CERS6",4,505,0.00792079207920792
"CES3",4,505,0.00792079207920792
"CFAP161",4,505,0.00792079207920792
"CFAP45",4,505,0.00792079207920792
"CFAP92",4,505,0.00792079207920792
"CFP",4,505,0.00792079207920792
"CHD1",4,505,0.00792079207920792
"CHEK1",4,505,0.00792079207920792
"CHIA",4,505,0.00792079207920792
"CHID1",4,505,0.00792079207920792
"CHRM1",4,505,0.00792079207920792
"CIAO1",4,505,0.00792079207920792
"CLASP2",4,505,0.00792079207920792
"CLCN2",4,505,0.00792079207920792
"CLCNKA",4,505,0.00792079207920792
"CLCNKB",4,505,0.00792079207920792
"CLDN11",4,505,0.00792079207920792
"CLDN14",4,505,0.00792079207920792
"CLDN16",4,505,0.00792079207920792
"CLDN18",4,505,0.00792079207920792
"CLDND1",4,505,0.00792079207920792
"CLEC10A",4,505,0.00792079207920792
"CLHC1",4,505,0.00792079207920792
"CLK1",4,505,0.00792079207920792
"CLMP",4,505,0.00792079207920792
"CLN8",4,505,0.00792079207920792
"CLOCK",4,505,0.00792079207920792
"CLPTM1",4,505,0.00792079207920792
"CLPTM1L",4,505,0.00792079207920792
"CLSTN3",4,505,0.00792079207920792
"CLU",4,505,0.00792079207920792
"CLUAP1",4,505,0.00792079207920792
"CLUH",4,505,0.00792079207920792
"CMSS1",4,505,0.00792079207920792
"CNIH3",4,505,0.00792079207920792
"CNKSR3",4,505,0.00792079207920792
"CNMD",4,505,0.00792079207920792
"CNNM4",4,505,0.00792079207920792
"CNOT3",4,505,0.00792079207920792
"CNPPD1",4,505,0.00792079207920792
"CNTF",4,505,0.00792079207920792
"CNTFR",4,505,0.00792079207920792
"COBLL1",4,505,0.00792079207920792
"COG1",4,505,0.00792079207920792
"COG3",4,505,0.00792079207920792
"COG7",4,505,0.00792079207920792
"COG8",4,505,0.00792079207920792
"COLEC10",4,505,0.00792079207920792
"COMP",4,505,0.00792079207920792
"COPS2",4,505,0.00792079207920792
"COQ8B",4,505,0.00792079207920792
"COQ9",4,505,0.00792079207920792
"CORO2A",4,505,0.00792079207920792
"COX10",4,505,0.00792079207920792
"CPEB2",4,505,0.00792079207920792
"CPSF7",4,505,0.00792079207920792
"CRABP2",4,505,0.00792079207920792
"CRIP3",4,505,0.00792079207920792
"CRPPA",4,505,0.00792079207920792
"CRTAC1",4,505,0.00792079207920792
"CRYBA2",4,505,0.00792079207920792
"CRYBB2",4,505,0.00792079207920792
"CRYGD",4,505,0.00792079207920792
"CRYZ",4,505,0.00792079207920792
"CSGALNACT1",4,505,0.00792079207920792
"CSNK1E",4,505,0.00792079207920792
"CSRNP2",4,505,0.00792079207920792
"CST5",4,505,0.00792079207920792
"CST8",4,505,0.00792079207920792
"CSTF2T",4,505,0.00792079207920792
"CT83",4,505,0.00792079207920792
"CTAG2",4,505,0.00792079207920792
"CTDSP1",4,505,0.00792079207920792
"CTDSPL2",4,505,0.00792079207920792
"CTRC",4,505,0.00792079207920792
"CTSZ",4,505,0.00792079207920792
"CTTNBP2NL",4,505,0.00792079207920792
"CXCL9",4,505,0.00792079207920792
"CXCR1",4,505,0.00792079207920792
"CXorf56",4,505,0.00792079207920792
"CYP11A1",4,505,0.00792079207920792
"CYP17A1",4,505,0.00792079207920792
"CYP19A1",4,505,0.00792079207920792
"CYP20A1",4,505,0.00792079207920792
"CYP27A1",4,505,0.00792079207920792
"CYP27B1",4,505,0.00792079207920792
"CYP27C1",4,505,0.00792079207920792
"CYP2A6",4,505,0.00792079207920792
"CYP4F22",4,505,0.00792079207920792
"CYTH4",4,505,0.00792079207920792
"DAPK3",4,505,0.00792079207920792
"DAZAP1",4,505,0.00792079207920792
"DBF4",4,505,0.00792079207920792
"DBR1",4,505,0.00792079207920792
"DCAF4",4,505,0.00792079207920792
"DCAF5",4,505,0.00792079207920792
"DCBLD2",4,505,0.00792079207920792
"DCUN1D1",4,505,0.00792079207920792
"DCUN1D4",4,505,0.00792079207920792
"DDRGK1",4,505,0.00792079207920792
"DDX20",4,505,0.00792079207920792
"DDX21",4,505,0.00792079207920792
"DDX31",4,505,0.00792079207920792
"DDX52",4,505,0.00792079207920792
"DDX54",4,505,0.00792079207920792
"DECR2",4,505,0.00792079207920792
"DEF6",4,505,0.00792079207920792
"DEFA4",4,505,0.00792079207920792
"DEFB112",4,505,0.00792079207920792
"DEFB116",4,505,0.00792079207920792
"DEK",4,505,0.00792079207920792
"DERA",4,505,0.00792079207920792
"DERL1",4,505,0.00792079207920792
"DES",4,505,0.00792079207920792
"DFFB",4,505,0.00792079207920792
"DGCR2",4,505,0.00792079207920792
"DGKA",4,505,0.00792079207920792
"DGKE",4,505,0.00792079207920792
"DGKZ",4,505,0.00792079207920792
"DHRS9",4,505,0.00792079207920792
"DHRSX",4,505,0.00792079207920792
"DHX35",4,505,0.00792079207920792
"DIRAS2",4,505,0.00792079207920792
"DIXDC1",4,505,0.00792079207920792
"DKK1",4,505,0.00792079207920792
"DMTF1",4,505,0.00792079207920792
"DNA2",4,505,0.00792079207920792
"DNAH14",4,505,0.00792079207920792
"DNAH6",4,505,0.00792079207920792
"DNAJA2",4,505,0.00792079207920792
"DNAJC27",4,505,0.00792079207920792
"DNASE1L3",4,505,0.00792079207920792
"DNM1L",4,505,0.00792079207920792
"DNMT1",4,505,0.00792079207920792
"DNTTIP2",4,505,0.00792079207920792
"DPAGT1",4,505,0.00792079207920792
"DPH1",4,505,0.00792079207920792
"DPH6",4,505,0.00792079207920792
"DPP9",4,505,0.00792079207920792
"DPT",4,505,0.00792079207920792
"DPYSL2",4,505,0.00792079207920792
"DRAXIN",4,505,0.00792079207920792
"DRGX",4,505,0.00792079207920792
"DTNB",4,505,0.00792079207920792
"DUSP12",4,505,0.00792079207920792
"DUSP5",4,505,0.00792079207920792
"DVL1",4,505,0.00792079207920792
"DYNAP",4,505,0.00792079207920792
"DYRK3",4,505,0.00792079207920792
"E2F4",4,505,0.00792079207920792
"E2F8",4,505,0.00792079207920792
"E4F1",4,505,0.00792079207920792
"ECE1",4,505,0.00792079207920792
"ECHS1",4,505,0.00792079207920792
"ECT2",4,505,0.00792079207920792
"EDC4",4,505,0.00792079207920792
"EDEM2",4,505,0.00792079207920792
"EEF1B2",4,505,0.00792079207920792
"EEFSEC",4,505,0.00792079207920792
"EFCAB1",4,505,0.00792079207920792
"EFCAB7",4,505,0.00792079207920792
"EFHC1",4,505,0.00792079207920792
"EFHC2",4,505,0.00792079207920792
"EFNB2",4,505,0.00792079207920792
"EGFL8",4,505,0.00792079207920792
"EGLN2",4,505,0.00792079207920792
"EHBP1L1",4,505,0.00792079207920792
"EHD2",4,505,0.00792079207920792
"EIF3K",4,505,0.00792079207920792
"EIF3L",4,505,0.00792079207920792
"EIF4B",4,505,0.00792079207920792
"EIF4E2",4,505,0.00792079207920792
"EIF6",4,505,0.00792079207920792
"ELF4",4,505,0.00792079207920792
"ELK4",4,505,0.00792079207920792
"ELOVL3",4,505,0.00792079207920792
"ELP6",4,505,0.00792079207920792
"EML3",4,505,0.00792079207920792
"EMX2",4,505,0.00792079207920792
"EN1",4,505,0.00792079207920792
"ENDOD1",4,505,0.00792079207920792
"ENTPD1",4,505,0.00792079207920792
"ENTR1",4,505,0.00792079207920792
"EOLA1",4,505,0.00792079207920792
"EPCAM",4,505,0.00792079207920792
"EPHX3",4,505,0.00792079207920792
"EPS8",4,505,0.00792079207920792
"ERAP2",4,505,0.00792079207920792
"ERCC3",4,505,0.00792079207920792
"EREG",4,505,0.00792079207920792
"ERI3",4,505,0.00792079207920792
"ERICH1",4,505,0.00792079207920792
"ERO1A",4,505,0.00792079207920792
"ERP44",4,505,0.00792079207920792
"ERRFI1",4,505,0.00792079207920792
"ERV3-1",4,505,0.00792079207920792
"ERVFRD-1",4,505,0.00792079207920792
"ESCO2",4,505,0.00792079207920792
"ESM1",4,505,0.00792079207920792
"ESS2",4,505,0.00792079207920792
"ETAA1",4,505,0.00792079207920792
"EVX1",4,505,0.00792079207920792
"EXD1",4,505,0.00792079207920792
"EXOC6",4,505,0.00792079207920792
"EXOC6B",4,505,0.00792079207920792
"EXOC7",4,505,0.00792079207920792
"EXOSC10",4,505,0.00792079207920792
"F10",4,505,0.00792079207920792
"FAAH2",4,505,0.00792079207920792
"FAAP24",4,505,0.00792079207920792
"FABP9",4,505,0.00792079207920792
"FAHD2B",4,505,0.00792079207920792
"FAIM2",4,505,0.00792079207920792
"FAM111A",4,505,0.00792079207920792
"FAM120C",4,505,0.00792079207920792
"FAM133A",4,505,0.00792079207920792
"FAM155A",4,505,0.00792079207920792
"FAM160B1",4,505,0.00792079207920792
"FAM166A",4,505,0.00792079207920792
"FAM189B",4,505,0.00792079207920792
"FAM214B",4,505,0.00792079207920792
"FAM221A",4,505,0.00792079207920792
"FAM234A",4,505,0.00792079207920792
"FAM234B",4,505,0.00792079207920792
"FAM50B",4,505,0.00792079207920792
"FAM83A",4,505,0.00792079207920792
"FAM98C",4,505,0.00792079207920792
"FANCA",4,505,0.00792079207920792
"FAR1",4,505,0.00792079207920792
"FARSA",4,505,0.00792079207920792
"FBF1",4,505,0.00792079207920792
"FBXL13",4,505,0.00792079207920792
"FBXL17",4,505,0.00792079207920792
"FBXL20",4,505,0.00792079207920792
"FBXO10",4,505,0.00792079207920792
"FBXO15",4,505,0.00792079207920792
"FBXO33",4,505,0.00792079207920792
"FBXO5",4,505,0.00792079207920792
"FBXO7",4,505,0.00792079207920792
"FCMR",4,505,0.00792079207920792
"FCRLB",4,505,0.00792079207920792
"FDPS",4,505,0.00792079207920792
"FDX2",4,505,0.00792079207920792
"FEM1B",4,505,0.00792079207920792
"FEZF1",4,505,0.00792079207920792
"FFAR1",4,505,0.00792079207920792
"FGL1",4,505,0.00792079207920792
"FGR",4,505,0.00792079207920792
"FHL1",4,505,0.00792079207920792
"FIBCD1",4,505,0.00792079207920792
"FIBP",4,505,0.00792079207920792
"FKBP9",4,505,0.00792079207920792
"FLACC1",4,505,0.00792079207920792
"FMNL2",4,505,0.00792079207920792
"FMOD",4,505,0.00792079207920792
"FN3KRP",4,505,0.00792079207920792
"FNDC11",4,505,0.00792079207920792
"FOXA3",4,505,0.00792079207920792
"FOXD4L1",4,505,0.00792079207920792
"FOXH1",4,505,0.00792079207920792
"FOXK1",4,505,0.00792079207920792
"FOXK2",4,505,0.00792079207920792
"FOXP3",4,505,0.00792079207920792
"FOXRED2",4,505,0.00792079207920792
"FRMD8",4,505,0.00792079207920792
"FRRS1",4,505,0.00792079207920792
"FSD2",4,505,0.00792079207920792
"FSIP1",4,505,0.00792079207920792
"FTSJ3",4,505,0.00792079207920792
"FUBP3",4,505,0.00792079207920792
"FUT6",4,505,0.00792079207920792
"FYN",4,505,0.00792079207920792
"FZD1",4,505,0.00792079207920792
"FZD5",4,505,0.00792079207920792
"G6PD",4,505,0.00792079207920792
"GABPB1",4,505,0.00792079207920792
"GABRP",4,505,0.00792079207920792
"GABRR3",4,505,0.00792079207920792
"GALK2",4,505,0.00792079207920792
"GALNT1",4,505,0.00792079207920792
"GALNT16",4,505,0.00792079207920792
"GALNTL5",4,505,0.00792079207920792
"GALP",4,505,0.00792079207920792
"GALT",4,505,0.00792079207920792
"GAREM1",4,505,0.00792079207920792
"GARRE1",4,505,0.00792079207920792
"GARS1",4,505,0.00792079207920792
"GART",4,505,0.00792079207920792
"GASK1B",4,505,0.00792079207920792
"GATA5",4,505,0.00792079207920792
"GBA2",4,505,0.00792079207920792
"GBP1",4,505,0.00792079207920792
"GDAP1L1",4,505,0.00792079207920792
"GDF3",4,505,0.00792079207920792
"GDF7",4,505,0.00792079207920792
"GEM",4,505,0.00792079207920792
"GEMIN7",4,505,0.00792079207920792
"GET3",4,505,0.00792079207920792
"GFOD1",4,505,0.00792079207920792
"GFOD2",4,505,0.00792079207920792
"GGA3",4,505,0.00792079207920792
"GGT5",4,505,0.00792079207920792
"GGT7",4,505,0.00792079207920792
"GH2",4,505,0.00792079207920792
"GIP",4,505,0.00792079207920792
"GIPC1",4,505,0.00792079207920792
"GJA4",4,505,0.00792079207920792
"GJC2",4,505,0.00792079207920792
"GLB1",4,505,0.00792079207920792
"GLB1L2",4,505,0.00792079207920792
"GLB1L3",4,505,0.00792079207920792
"GLCE",4,505,0.00792079207920792
"GLE1",4,505,0.00792079207920792
"GLIPR1L2",4,505,0.00792079207920792
"GLRX3",4,505,0.00792079207920792
"GLT8D1",4,505,0.00792079207920792
"GLT8D2",4,505,0.00792079207920792
"GLUL",4,505,0.00792079207920792
"GLYR1",4,505,0.00792079207920792
"GMEB1",4,505,0.00792079207920792
"GMPR",4,505,0.00792079207920792
"GNAO1",4,505,0.00792079207920792
"GNAT3",4,505,0.00792079207920792
"GNAZ",4,505,0.00792079207920792
"GNB5",4,505,0.00792079207920792
"GNRHR",4,505,0.00792079207920792
"GOLGA5",4,505,0.00792079207920792
"GOPC",4,505,0.00792079207920792
"GORAB",4,505,0.00792079207920792
"GORASP2",4,505,0.00792079207920792
"GOT2",4,505,0.00792079207920792
"GP6",4,505,0.00792079207920792
"GPAA1",4,505,0.00792079207920792
"GPALPP1",4,505,0.00792079207920792
"GPAT3",4,505,0.00792079207920792
"GPR107",4,505,0.00792079207920792
"GPR135",4,505,0.00792079207920792
"GPR160",4,505,0.00792079207920792
"GPR161",4,505,0.00792079207920792
"GPR162",4,505,0.00792079207920792
"GPR180",4,505,0.00792079207920792
"GPR183",4,505,0.00792079207920792
"GPR27",4,505,0.00792079207920792
"GPR75",4,505,0.00792079207920792
"GPRIN2",4,505,0.00792079207920792
"GPSM2",4,505,0.00792079207920792
"GPT2",4,505,0.00792079207920792
"GRAMD1A",4,505,0.00792079207920792
"GRK2",4,505,0.00792079207920792
"GRN",4,505,0.00792079207920792
"GSAP",4,505,0.00792079207920792
"GSE1",4,505,0.00792079207920792
"GSK3B",4,505,0.00792079207920792
"GSS",4,505,0.00792079207920792
"GSTA1",4,505,0.00792079207920792
"GSTA5",4,505,0.00792079207920792
"GSTM2",4,505,0.00792079207920792
"GSX2",4,505,0.00792079207920792
"GTF2F1",4,505,0.00792079207920792
"GTF3C2",4,505,0.00792079207920792
"GTF3C5",4,505,0.00792079207920792
"GTPBP4",4,505,0.00792079207920792
"GUCA1B",4,505,0.00792079207920792
"GUCA1C",4,505,0.00792079207920792
"GUCY2D",4,505,0.00792079207920792
"GUF1",4,505,0.00792079207920792
"GYG2",4,505,0.00792079207920792
"GZF1",4,505,0.00792079207920792
"GZMB",4,505,0.00792079207920792
"GZMK",4,505,0.00792079207920792
"H1-2",4,505,0.00792079207920792
"H1-3",4,505,0.00792079207920792
"H1-6",4,505,0.00792079207920792
"H2AC11",4,505,0.00792079207920792
"H2AC12",4,505,0.00792079207920792
"H2AP",4,505,0.00792079207920792
"H3-5",4,505,0.00792079207920792
"H3C11",4,505,0.00792079207920792
"H3C4",4,505,0.00792079207920792
"H3C7",4,505,0.00792079207920792
"H3C8",4,505,0.00792079207920792
"H4C4",4,505,0.00792079207920792
"H4C9",4,505,0.00792079207920792
"HAS1",4,505,0.00792079207920792
"HAUS5",4,505,0.00792079207920792
"HEATR3",4,505,0.00792079207920792
"HECA",4,505,0.00792079207920792
"HELLS",4,505,0.00792079207920792
"HERPUD2",4,505,0.00792079207920792
"HEXIM1",4,505,0.00792079207920792
"HHATL",4,505,0.00792079207920792
"HHIP",4,505,0.00792079207920792
"HID1",4,505,0.00792079207920792
"HIF1A",4,505,0.00792079207920792
"HIP1R",4,505,0.00792079207920792
"HLA-G",4,505,0.00792079207920792
"HMBS",4,505,0.00792079207920792
"HMGCR",4,505,0.00792079207920792
"HNRNPA1L2",4,505,0.00792079207920792
"HNRNPC",4,505,0.00792079207920792
"HOXA11",4,505,0.00792079207920792
"HOXA6",4,505,0.00792079207920792
"HOXB13",4,505,0.00792079207920792
"HOXB2",4,505,0.00792079207920792
"HOXB4",4,505,0.00792079207920792
"HOXB8",4,505,0.00792079207920792
"HOXC10",4,505,0.00792079207920792
"HOXC12",4,505,0.00792079207920792
"HOXC13",4,505,0.00792079207920792
"HOXD8",4,505,0.00792079207920792
"HPN",4,505,0.00792079207920792
"HPR",4,505,0.00792079207920792
"HS6ST1",4,505,0.00792079207920792
"HSD17B2",4,505,0.00792079207920792
"HTR1B",4,505,0.00792079207920792
"HTR1D",4,505,0.00792079207920792
"HTR2B",4,505,0.00792079207920792
"HTR3D",4,505,0.00792079207920792
"IBA57",4,505,0.00792079207920792
"ICE2",4,505,0.00792079207920792
"IDH3G",4,505,0.00792079207920792
"IFFO1",4,505,0.00792079207920792
"IFNA1",4,505,0.00792079207920792
"IFNA10",4,505,0.00792079207920792
"IFNA4",4,505,0.00792079207920792
"IFNA5",4,505,0.00792079207920792
"IFNA7",4,505,0.00792079207920792
"IFT46",4,505,0.00792079207920792
"IGFBP1",4,505,0.00792079207920792
"IGFBP5",4,505,0.00792079207920792
"IGFLR1",4,505,0.00792079207920792
"IGHV1-18",4,505,0.00792079207920792
"IGHV2-70",4,505,0.00792079207920792
"IGHV3-13",4,505,0.00792079207920792
"IGHV3-16",4,505,0.00792079207920792
"IGHV3-21",4,505,0.00792079207920792
"IGHV3-23",4,505,0.00792079207920792
"IGHV3-33",4,505,0.00792079207920792
"IGHV4-61",4,505,0.00792079207920792
"IGHV7-81",4,505,0.00792079207920792
"IGKV1D-13",4,505,0.00792079207920792
"IGKV2D-28",4,505,0.00792079207920792
"IGKV3-11",4,505,0.00792079207920792
"IGKV3-15",4,505,0.00792079207920792
"IGKV6D-21",4,505,0.00792079207920792
"IGLON5",4,505,0.00792079207920792
"IGLV2-18",4,505,0.00792079207920792
"IGLV3-9",4,505,0.00792079207920792
"IGLV4-3",4,505,0.00792079207920792
"IGLV8-61",4,505,0.00792079207920792
"IGSF5",4,505,0.00792079207920792
"IL15",4,505,0.00792079207920792
"IL17RE",4,505,0.00792079207920792
"IL1A",4,505,0.00792079207920792
"IL1RL2",4,505,0.00792079207920792
"IL20RB",4,505,0.00792079207920792
"IL22",4,505,0.00792079207920792
"IL22RA2",4,505,0.00792079207920792
"IL27",4,505,0.00792079207920792
"IL33",4,505,0.00792079207920792
"IL36RN",4,505,0.00792079207920792
"IMMP2L",4,505,0.00792079207920792
"ING1",4,505,0.00792079207920792
"INHBC",4,505,0.00792079207920792
"INPP5F",4,505,0.00792079207920792
"INS-IGF2",4,505,0.00792079207920792
"INSL6",4,505,0.00792079207920792
"INSM2",4,505,0.00792079207920792
"INSYN2A",4,505,0.00792079207920792
"INTS6",4,505,0.00792079207920792
"INTS7",4,505,0.00792079207920792
"INTS8",4,505,0.00792079207920792
"IPO4",4,505,0.00792079207920792
"IQCH",4,505,0.00792079207920792
"IRAK2",4,505,0.00792079207920792
"ISLR",4,505,0.00792079207920792
"ISM1",4,505,0.00792079207920792
"ISX",4,505,0.00792079207920792
"ITFG1",4,505,0.00792079207920792
"ITGA9",4,505,0.00792079207920792
"ITGB5",4,505,0.00792079207920792
"ITLN2",4,505,0.00792079207920792
"IVNS1ABP",4,505,0.00792079207920792
"JADE1",4,505,0.00792079207920792
"JAM3",4,505,0.00792079207920792
"JMJD6",4,505,0.00792079207920792
"JMY",4,505,0.00792079207920792
"JUP",4,505,0.00792079207920792
"KASH5",4,505,0.00792079207920792
"KAT2A",4,505,0.00792079207920792
"KATNA1",4,505,0.00792079207920792
"KAZALD1",4,505,0.00792079207920792
"KCNAB1",4,505,0.00792079207920792
"KCNC1",4,505,0.00792079207920792
"KCNG3",4,505,0.00792079207920792
"KCNIP1",4,505,0.00792079207920792
"KCNJ4",4,505,0.00792079207920792
"KCNK17",4,505,0.00792079207920792
"KCTD5",4,505,0.00792079207920792
"KCTD7",4,505,0.00792079207920792
"KDM1B",4,505,0.00792079207920792
"KDM5D",4,505,0.00792079207920792
"KHDRBS1",4,505,0.00792079207920792
"KIAA0895L",4,505,0.00792079207920792
"KIAA1328",4,505,0.00792079207920792
"KIF11",4,505,0.00792079207920792
"KIF23",4,505,0.00792079207920792
"KIF3B",4,505,0.00792079207920792
"KIF5B",4,505,0.00792079207920792
"KIF7",4,505,0.00792079207920792
"KIFC2",4,505,0.00792079207920792
"KIT",4,505,0.00792079207920792
"KLF8",4,505,0.00792079207920792
"KLHDC8A",4,505,0.00792079207920792
"KLHL23",4,505,0.00792079207920792
"KLHL25",4,505,0.00792079207920792
"KLHL40",4,505,0.00792079207920792
"KLRC2",4,505,0.00792079207920792
"KLRD1",4,505,0.00792079207920792
"KNOP1",4,505,0.00792079207920792
"KPNA1",4,505,0.00792079207920792
"KPNA2",4,505,0.00792079207920792
"KPNA5",4,505,0.00792079207920792
"KPNB1",4,505,0.00792079207920792
"KRI1",4,505,0.00792079207920792
"KRT23",4,505,0.00792079207920792
"KRT33A",4,505,0.00792079207920792
"KRT6C",4,505,0.00792079207920792
"KRT80",4,505,0.00792079207920792
"KRT84",4,505,0.00792079207920792
"KRT85",4,505,0.00792079207920792
"KRTAP10-3",4,505,0.00792079207920792
"KRTAP19-3",4,505,0.00792079207920792
"KRTAP19-4",4,505,0.00792079207920792
"KRTAP19-5",4,505,0.00792079207920792
"KRTAP20-2",4,505,0.00792079207920792
"KRTAP23-1",4,505,0.00792079207920792
"KRTAP4-12",4,505,0.00792079207920792
"KRTAP4-4",4,505,0.00792079207920792
"KRTAP5-11",4,505,0.00792079207920792
"KRTAP5-5",4,505,0.00792079207920792
"KRTAP9-2",4,505,0.00792079207920792
"KYAT3",4,505,0.00792079207920792
"LACRT",4,505,0.00792079207920792
"LAMP2",4,505,0.00792079207920792
"LARP6",4,505,0.00792079207920792
"LAT",4,505,0.00792079207920792
"LAYN",4,505,0.00792079207920792
"LCA5L",4,505,0.00792079207920792
"LCE1B",4,505,0.00792079207920792
"LCMT1",4,505,0.00792079207920792
"LDHA",4,505,0.00792079207920792
"LDHB",4,505,0.00792079207920792
"LEFTY2",4,505,0.00792079207920792
"LETM1",4,505,0.00792079207920792
"LGALS2",4,505,0.00792079207920792
"LGALS4",4,505,0.00792079207920792
"LGALS9B",4,505,0.00792079207920792
"LHFPL4",4,505,0.00792079207920792
"LHFPL5",4,505,0.00792079207920792
"LHFPL6",4,505,0.00792079207920792
"LHX1",4,505,0.00792079207920792
"LHX4",4,505,0.00792079207920792
"LIG3",4,505,0.00792079207920792
"LIN28A",4,505,0.00792079207920792
"LIN37",4,505,0.00792079207920792
"LINC02210-CRHR1",4,505,0.00792079207920792
"LIX1L",4,505,0.00792079207920792
"LLGL1",4,505,0.00792079207920792
"LMAN2",4,505,0.00792079207920792
"LMNB1",4,505,0.00792079207920792
"LMNTD2",4,505,0.00792079207920792
"LMO2",4,505,0.00792079207920792
"LMO4",4,505,0.00792079207920792
"LMOD1",4,505,0.00792079207920792
"LMOD2",4,505,0.00792079207920792
"LMX1B",4,505,0.00792079207920792
"LONRF1",4,505,0.00792079207920792
"LPIN1",4,505,0.00792079207920792
"LPL",4,505,0.00792079207920792
"LRAT",4,505,0.00792079207920792
"LRCH1",4,505,0.00792079207920792
"LRFN3",4,505,0.00792079207920792
"LRIG2",4,505,0.00792079207920792
"LRIT3",4,505,0.00792079207920792
"LRRC1",4,505,0.00792079207920792
"LRRC17",4,505,0.00792079207920792
"LRRC25",4,505,0.00792079207920792
"LRRC31",4,505,0.00792079207920792
"LRRC41",4,505,0.00792079207920792
"LRRC42",4,505,0.00792079207920792
"LRRC59",4,505,0.00792079207920792
"LRTM1",4,505,0.00792079207920792
"LTB",4,505,0.00792079207920792
"LYPD6B",4,505,0.00792079207920792
"MAB21L4",4,505,0.00792079207920792
"MAGEA1",4,505,0.00792079207920792
"MAGEH1",4,505,0.00792079207920792
"MAN2A2",4,505,0.00792079207920792
"MAP1LC3C",4,505,0.00792079207920792
"MAP6",4,505,0.00792079207920792
"MAPKAP1",4,505,0.00792079207920792
"MARK3",4,505,0.00792079207920792
"MARK4",4,505,0.00792079207920792
"MATR3",4,505,0.00792079207920792
"MAU2",4,505,0.00792079207920792
"MAZ",4,505,0.00792079207920792
"MBOAT2",4,505,0.00792079207920792
"MCCC1",4,505,0.00792079207920792
"MCHR1",4,505,0.00792079207920792
"MCMBP",4,505,0.00792079207920792
"MCOLN1",4,505,0.00792079207920792
"MCOLN3",4,505,0.00792079207920792
"MCRS1",4,505,0.00792079207920792
"MDM4",4,505,0.00792079207920792
"MED25",4,505,0.00792079207920792
"MED7",4,505,0.00792079207920792
"MEDAG",4,505,0.00792079207920792
"MEF2D",4,505,0.00792079207920792
"MEIS3",4,505,0.00792079207920792
"MELTF",4,505,0.00792079207920792
"MEX3C",4,505,0.00792079207920792
"MFAP4",4,505,0.00792079207920792
"MFSD11",4,505,0.00792079207920792
"MICALL2",4,505,0.00792079207920792
"MIER2",4,505,0.00792079207920792
"MINDY2",4,505,0.00792079207920792
"MINDY3",4,505,0.00792079207920792
"MIPEP",4,505,0.00792079207920792
"MKLN1",4,505,0.00792079207920792
"MKNK1",4,505,0.00792079207920792
"MKRN1",4,505,0.00792079207920792
"MLC1",4,505,0.00792079207920792
"MLEC",4,505,0.00792079207920792
"MMP15",4,505,0.00792079207920792
"MMP26",4,505,0.00792079207920792
"MMP28",4,505,0.00792079207920792
"MNX1",4,505,0.00792079207920792
"MOB1B",4,505,0.00792079207920792
"MPHOSPH9",4,505,0.00792079207920792
"MPRIP",4,505,0.00792079207920792
"MRM1",4,505,0.00792079207920792
"MROH1",4,505,0.00792079207920792
"MRPL1",4,505,0.00792079207920792
"MRPS22",4,505,0.00792079207920792
"MRPS30",4,505,0.00792079207920792
"MRPS9",4,505,0.00792079207920792
"MS4A8",4,505,0.00792079207920792
"MSLNL",4,505,0.00792079207920792
"MSMB",4,505,0.00792079207920792
"MSRB3",4,505,0.00792079207920792
"MTIF2",4,505,0.00792079207920792
"MTMR10",4,505,0.00792079207920792
"MTMR14",4,505,0.00792079207920792
"MTRES1",4,505,0.00792079207920792
"MYBL1",4,505,0.00792079207920792
"MYCN",4,505,0.00792079207920792
"MYL10",4,505,0.00792079207920792
"MYMK",4,505,0.00792079207920792
"MYOT",4,505,0.00792079207920792
"MYOZ1",4,505,0.00792079207920792
"MYOZ2",4,505,0.00792079207920792
"N6AMT1",4,505,0.00792079207920792
"NACA2",4,505,0.00792079207920792
"NAF1",4,505,0.00792079207920792
"NAMPT",4,505,0.00792079207920792
"NAP1L1",4,505,0.00792079207920792
"NAT8",4,505,0.00792079207920792
"NBPF3",4,505,0.00792079207920792
"NBR1",4,505,0.00792079207920792
"NCAPH2",4,505,0.00792079207920792
"NCBP1",4,505,0.00792079207920792
"NDC1",4,505,0.00792079207920792
"NDRG4",4,505,0.00792079207920792
"NDST1",4,505,0.00792079207920792
"NDUFA10",4,505,0.00792079207920792
"NDUFA12",4,505,0.00792079207920792
"NDUFB5",4,505,0.00792079207920792
"NDUFS2",4,505,0.00792079207920792
"NECAB1",4,505,0.00792079207920792
"NEFL",4,505,0.00792079207920792
"NEK8",4,505,0.00792079207920792
"NELFB",4,505,0.00792079207920792
"NELFCD",4,505,0.00792079207920792
"NEPRO",4,505,0.00792079207920792
"NET1",4,505,0.00792079207920792
"NEUROG3",4,505,0.00792079207920792
"NFAM1",4,505,0.00792079207920792
"NFE2",4,505,0.00792079207920792
"NFKB2",4,505,0.00792079207920792
"NFU1",4,505,0.00792079207920792
"NFYC",4,505,0.00792079207920792
"NGFR",4,505,0.00792079207920792
"NIPAL1",4,505,0.00792079207920792
"NIT1",4,505,0.00792079207920792
"NKD1",4,505,0.00792079207920792
"NKX3-2",4,505,0.00792079207920792
"NMBR",4,505,0.00792079207920792
"NOD1",4,505,0.00792079207920792
"NOMO1",4,505,0.00792079207920792
"NONO",4,505,0.00792079207920792
"NOVA2",4,505,0.00792079207920792
"NPAS2",4,505,0.00792079207920792
"NPL",4,505,0.00792079207920792
"NPR2",4,505,0.00792079207920792
"NR2C1",4,505,0.00792079207920792
"NR2F1",4,505,0.00792079207920792
"NR4A1",4,505,0.00792079207920792
"NR5A1",4,505,0.00792079207920792
"NR6A1",4,505,0.00792079207920792
"NRBP1",4,505,0.00792079207920792
"NSDHL",4,505,0.00792079207920792
"NSG1",4,505,0.00792079207920792
"NSG2",4,505,0.00792079207920792
"NSUN3",4,505,0.00792079207920792
"NTAQ1",4,505,0.00792079207920792
"NTS",4,505,0.00792079207920792
"NUBP1",4,505,0.00792079207920792
"NUTM2F",4,505,0.00792079207920792
"NXF5",4,505,0.00792079207920792
"OASL",4,505,0.00792079207920792
"OCEL1",4,505,0.00792079207920792
"OCM2",4,505,0.00792079207920792
"ODAM",4,505,0.00792079207920792
"OOEP",4,505,0.00792079207920792
"OOSP2",4,505,0.00792079207920792
"OPA1",4,505,0.00792079207920792
"OPN1LW",4,505,0.00792079207920792
"OPN3",4,505,0.00792079207920792
"OPTC",4,505,0.00792079207920792
"OR12D3",4,505,0.00792079207920792
"OR13C3",4,505,0.00792079207920792
"OR1E2",4,505,0.00792079207920792
"OR1J1",4,505,0.00792079207920792
"OR1K1",4,505,0.00792079207920792
"OR1L3",4,505,0.00792079207920792
"OR2B2",4,505,0.00792079207920792
"OR2C1",4,505,0.00792079207920792
"OR2T35",4,505,0.00792079207920792
"OR4F6",4,505,0.00792079207920792
"OR51I1",4,505,0.00792079207920792
"OR52D1",4,505,0.00792079207920792
"OR9I1",4,505,0.00792079207920792
"ORAI3",4,505,0.00792079207920792
"ORC5",4,505,0.00792079207920792
"ORM1",4,505,0.00792079207920792
"OS9",4,505,0.00792079207920792
"OSBPL2",4,505,0.00792079207920792
"OTOP2",4,505,0.00792079207920792
"OTULINL",4,505,0.00792079207920792
"OXER1",4,505,0.00792079207920792
"OXSM",4,505,0.00792079207920792
"P2RX7",4,505,0.00792079207920792
"P2RY4",4,505,0.00792079207920792
"P4HA1",4,505,0.00792079207920792
"P4HA2",4,505,0.00792079207920792
"PACS1",4,505,0.00792079207920792
"PAGE1",4,505,0.00792079207920792
"PAK1",4,505,0.00792079207920792
"PAK1IP1",4,505,0.00792079207920792
"PANK1",4,505,0.00792079207920792
"PANK3",4,505,0.00792079207920792
"PANK4",4,505,0.00792079207920792
"PAQR3",4,505,0.00792079207920792
"PAQR5",4,505,0.00792079207920792
"PARP1",4,505,0.00792079207920792
"PARP2",4,505,0.00792079207920792
"PARP6",4,505,0.00792079207920792
"PBDC1",4,505,0.00792079207920792
"PBLD",4,505,0.00792079207920792
"PCBP1",4,505,0.00792079207920792
"PCBP2",4,505,0.00792079207920792
"PCDHGC3",4,505,0.00792079207920792
"PCOLCE",4,505,0.00792079207920792
"PCYOX1",4,505,0.00792079207920792
"PDGFRL",4,505,0.00792079207920792
"PDHA1",4,505,0.00792079207920792
"PDSS2",4,505,0.00792079207920792
"PEG10",4,505,0.00792079207920792
"PELO",4,505,0.00792079207920792
"PGAM4",4,505,0.00792079207920792
"PGGT1B",4,505,0.00792079207920792
"PHC2",4,505,0.00792079207920792
"PHF19",4,505,0.00792079207920792
"PHF21A",4,505,0.00792079207920792
"PHF23",4,505,0.00792079207920792
"PHOSPHO2",4,505,0.00792079207920792
"PIAS3",4,505,0.00792079207920792
"PIBF1",4,505,0.00792079207920792
"PICK1",4,505,0.00792079207920792
"PIGR",4,505,0.00792079207920792
"PIGS",4,505,0.00792079207920792
"PIGV",4,505,0.00792079207920792
"PIK3R1",4,505,0.00792079207920792
"PILRB",4,505,0.00792079207920792
"PIP5K1C",4,505,0.00792079207920792
"PIRT",4,505,0.00792079207920792
"PITPNM1",4,505,0.00792079207920792
"PKM",4,505,0.00792079207920792
"PKNOX1",4,505,0.00792079207920792
"PLA2G4F",4,505,0.00792079207920792
"PLEKHA4",4,505,0.00792079207920792
"PLEKHG7",4,505,0.00792079207920792
"PLIN5",4,505,0.00792079207920792
"PLP2",4,505,0.00792079207920792
"PLPPR3",4,505,0.00792079207920792
"PLTP",4,505,0.00792079207920792
"PLXDC1",4,505,0.00792079207920792
"PMEL",4,505,0.00792079207920792
"PMEPA1",4,505,0.00792079207920792
"PMPCB",4,505,0.00792079207920792
"PNMA3",4,505,0.00792079207920792
"PNMA8B",4,505,0.00792079207920792
"PNPLA1",4,505,0.00792079207920792
"POC1A",4,505,0.00792079207920792
"POC1B-GALNT4",4,505,0.00792079207920792
"PODXL2",4,505,0.00792079207920792
"POGZ",4,505,0.00792079207920792
"POLA2",4,505,0.00792079207920792
"POLM",4,505,0.00792079207920792
"POLR3E",4,505,0.00792079207920792
"POMGNT1",4,505,0.00792079207920792
"POMK",4,505,0.00792079207920792
"POPDC3",4,505,0.00792079207920792
"PORCN",4,505,0.00792079207920792
"POU1F1",4,505,0.00792079207920792
"POU2AF1",4,505,0.00792079207920792
"POU4F1",4,505,0.00792079207920792
"PPM1F",4,505,0.00792079207920792
"PPOX",4,505,0.00792079207920792
"PPP1R17",4,505,0.00792079207920792
"PPP1R3F",4,505,0.00792079207920792
"PPP2R3B",4,505,0.00792079207920792
"PPP3R1",4,505,0.00792079207920792
"PPP4R1",4,505,0.00792079207920792
"PRAM1",4,505,0.00792079207920792
"PRAMEF7",4,505,0.00792079207920792
"PRB1",4,505,0.00792079207920792
"PRB2",4,505,0.00792079207920792
"PRDX3",4,505,0.00792079207920792
"PRKAG2",4,505,0.00792079207920792
"PRKCD",4,505,0.00792079207920792
"PRKCZ",4,505,0.00792079207920792
"PRKD3",4,505,0.00792079207920792
"PRKRIP1",4,505,0.00792079207920792
"PRKX",4,505,0.00792079207920792
"PRMT9",4,505,0.00792079207920792
"PRPF19",4,505,0.00792079207920792
"PRPF38B",4,505,0.00792079207920792
"PRPS1L1",4,505,0.00792079207920792
"PRR11",4,505,0.00792079207920792
"PRRG3",4,505,0.00792079207920792
"PSMD1",4,505,0.00792079207920792
"PSMD12",4,505,0.00792079207920792
"PSMD13",4,505,0.00792079207920792
"PSTK",4,505,0.00792079207920792
"PTBP1",4,505,0.00792079207920792
"PTPDC1",4,505,0.00792079207920792
"PTPN2",4,505,0.00792079207920792
"PTPN6",4,505,0.00792079207920792
"PUM3",4,505,0.00792079207920792
"PYGO1",4,505,0.00792079207920792
"PYGO2",4,505,0.00792079207920792
"QDPR",4,505,0.00792079207920792
"QKI",4,505,0.00792079207920792
"RAB11FIP3",4,505,0.00792079207920792
"RAB25",4,505,0.00792079207920792
"RAB28",4,505,0.00792079207920792
"RAB2A",4,505,0.00792079207920792
"RAB39B",4,505,0.00792079207920792
"RAB3C",4,505,0.00792079207920792
"RAB41",4,505,0.00792079207920792
"RAB6B",4,505,0.00792079207920792
"RACGAP1",4,505,0.00792079207920792
"RAD51C",4,505,0.00792079207920792
"RAF1",4,505,0.00792079207920792
"RALGDS",4,505,0.00792079207920792
"RALGPS1",4,505,0.00792079207920792
"RAPGEF5",4,505,0.00792079207920792
"RAPGEFL1",4,505,0.00792079207920792
"RAPH1",4,505,0.00792079207920792
"RASD2",4,505,0.00792079207920792
"RASEF",4,505,0.00792079207920792
"RASGEF1B",4,505,0.00792079207920792
"RASGEF1C",4,505,0.00792079207920792
"RASGRP2",4,505,0.00792079207920792
"RASL12",4,505,0.00792079207920792
"RASSF6",4,505,0.00792079207920792
"RBBP7",4,505,0.00792079207920792
"RBFOX2",4,505,0.00792079207920792
"RBM15B",4,505,0.00792079207920792
"RBM24",4,505,0.00792079207920792
"RBM28",4,505,0.00792079207920792
"RBM4",4,505,0.00792079207920792
"RBM44",4,505,0.00792079207920792
"RBMS1",4,505,0.00792079207920792
"RBP2",4,505,0.00792079207920792
"RBPJL",4,505,0.00792079207920792
"RBPMS2",4,505,0.00792079207920792
"RBSN",4,505,0.00792079207920792
"RCN2",4,505,0.00792079207920792
"RCN3",4,505,0.00792079207920792
"RCSD1",4,505,0.00792079207920792
"RD3",4,505,0.00792079207920792
"RDH11",4,505,0.00792079207920792
"RDH12",4,505,0.00792079207920792
"REL",4,505,0.00792079207920792
"REN",4,505,0.00792079207920792
"RENBP",4,505,0.00792079207920792
"REPIN1",4,505,0.00792079207920792
"REST",4,505,0.00792079207920792
"RETREG1",4,505,0.00792079207920792
"REXO1",4,505,0.00792079207920792
"RFPL4B",4,505,0.00792079207920792
"RGPD2",4,505,0.00792079207920792
"RGS13",4,505,0.00792079207920792
"RGS14",4,505,0.00792079207920792
"RHBDL1",4,505,0.00792079207920792
"RHD",4,505,0.00792079207920792
"RHNO1",4,505,0.00792079207920792
"RHO",4,505,0.00792079207920792
"RHOA",4,505,0.00792079207920792
"RILP",4,505,0.00792079207920792
"RIN3",4,505,0.00792079207920792
"RINT1",4,505,0.00792079207920792
"RIOK1",4,505,0.00792079207920792
"RMND5A",4,505,0.00792079207920792
"RNF111",4,505,0.00792079207920792
"RNF139",4,505,0.00792079207920792
"RNF14",4,505,0.00792079207920792
"RNF148",4,505,0.00792079207920792
"RNF152",4,505,0.00792079207920792
"RNF157",4,505,0.00792079207920792
"RNF169",4,505,0.00792079207920792
"RNF19B",4,505,0.00792079207920792
"RNF212",4,505,0.00792079207920792
"RNF32",4,505,0.00792079207920792
"RNF40",4,505,0.00792079207920792
"RNF6",4,505,0.00792079207920792
"RNLS",4,505,0.00792079207920792
"RNPEP",4,505,0.00792079207920792
"RPL22",4,505,0.00792079207920792
"RPL4",4,505,0.00792079207920792
"RPL8",4,505,0.00792079207920792
"RPN1",4,505,0.00792079207920792
"RRAGD",4,505,0.00792079207920792
"RRM2B",4,505,0.00792079207920792
"RRP15",4,505,0.00792079207920792
"RRP9",4,505,0.00792079207920792
"RSPRY1",4,505,0.00792079207920792
"RTN4RL1",4,505,0.00792079207920792
"RTP3",4,505,0.00792079207920792
"RUNX2",4,505,0.00792079207920792
"RWDD2B",4,505,0.00792079207920792
"SAFB",4,505,0.00792079207920792
"SAG",4,505,0.00792079207920792
"SAMD15",4,505,0.00792079207920792
"SAP30BP",4,505,0.00792079207920792
"SART1",4,505,0.00792079207920792
"SAV1",4,505,0.00792079207920792
"SBSPON",4,505,0.00792079207920792
"SCARA3",4,505,0.00792079207920792
"SCARB1",4,505,0.00792079207920792
"SCCPDH",4,505,0.00792079207920792
"SCFD1",4,505,0.00792079207920792
"SCIN",4,505,0.00792079207920792
"SCLY",4,505,0.00792079207920792
"SCML1",4,505,0.00792079207920792
"SCN3B",4,505,0.00792079207920792
"SCP2",4,505,0.00792079207920792
"SDF2",4,505,0.00792079207920792
"SDHAF2",4,505,0.00792079207920792
"SEC14L1",4,505,0.00792079207920792
"SEC23B",4,505,0.00792079207920792
"SEC61A2",4,505,0.00792079207920792
"SEC62",4,505,0.00792079207920792
"SELL",4,505,0.00792079207920792
"SEMA3G",4,505,0.00792079207920792
"SEMA4G",4,505,0.00792079207920792
"SEPTIN1",4,505,0.00792079207920792
"SEPTIN5",4,505,0.00792079207920792
"SERINC1",4,505,0.00792079207920792
"SERPINB6",4,505,0.00792079207920792
"SESN2",4,505,0.00792079207920792
"SETD3",4,505,0.00792079207920792
"SETD4",4,505,0.00792079207920792
"SETMAR",4,505,0.00792079207920792
"SFMBT1",4,505,0.00792079207920792
"SFXN5",4,505,0.00792079207920792
"SGCA",4,505,0.00792079207920792
"SGCB",4,505,0.00792079207920792
"SGMS1",4,505,0.00792079207920792
"SH2B2",4,505,0.00792079207920792
"SH2D4A",4,505,0.00792079207920792
"SH3RF2",4,505,0.00792079207920792
"SH3RF3",4,505,0.00792079207920792
"SHANK3",4,505,0.00792079207920792
"SHB",4,505,0.00792079207920792
"SHCBP1",4,505,0.00792079207920792
"SHQ1",4,505,0.00792079207920792
"SIGLEC15",4,505,0.00792079207920792
"SIK3",4,505,0.00792079207920792
"SIRPD",4,505,0.00792079207920792
"SIX4",4,505,0.00792079207920792
"SKOR1",4,505,0.00792079207920792
"SKP1",4,505,0.00792079207920792
"SLC10A7",4,505,0.00792079207920792
"SLC11A2",4,505,0.00792079207920792
"SLC13A2",4,505,0.00792079207920792
"SLC1A2",4,505,0.00792079207920792
"SLC22A1",4,505,0.00792079207920792
"SLC23A2",4,505,0.00792079207920792
"SLC25A11",4,505,0.00792079207920792
"SLC25A32",4,505,0.00792079207920792
"SLC25A37",4,505,0.00792079207920792
"SLC25A38",4,505,0.00792079207920792
"SLC25A48",4,505,0.00792079207920792
"SLC25A6",4,505,0.00792079207920792
"SLC29A1",4,505,0.00792079207920792
"SLC2A13",4,505,0.00792079207920792
"SLC35B3",4,505,0.00792079207920792
"SLC35G2",4,505,0.00792079207920792
"SLC35G5",4,505,0.00792079207920792
"SLC36A3",4,505,0.00792079207920792
"SLC36A4",4,505,0.00792079207920792
"SLC37A3",4,505,0.00792079207920792
"SLC38A5",4,505,0.00792079207920792
"SLC38A6",4,505,0.00792079207920792
"SLC39A3",4,505,0.00792079207920792
"SLC44A4",4,505,0.00792079207920792
"SLC45A3",4,505,0.00792079207920792
"SLC4A9",4,505,0.00792079207920792
"SLC5A5",4,505,0.00792079207920792
"SLC6A12",4,505,0.00792079207920792
"SLC6A4",4,505,0.00792079207920792
"SLC7A1",4,505,0.00792079207920792
"SLC9A8",4,505,0.00792079207920792
"SLCO1B3-SLCO1B7",4,505,0.00792079207920792
"SLF2",4,505,0.00792079207920792
"SLFN12",4,505,0.00792079207920792
"SMARCB1",4,505,0.00792079207920792
"SMCO3",4,505,0.00792079207920792
"SMG9",4,505,0.00792079207920792
"SMURF2",4,505,0.00792079207920792
"SMYD2",4,505,0.00792079207920792
"SMYD4",4,505,0.00792079207920792
"SNAP25",4,505,0.00792079207920792
"SNAP47",4,505,0.00792079207920792
"SNAPC3",4,505,0.00792079207920792
"SNCA",4,505,0.00792079207920792
"SNCB",4,505,0.00792079207920792
"SNX27",4,505,0.00792079207920792
"SNX32",4,505,0.00792079207920792
"SNX5",4,505,0.00792079207920792
"SOAT1",4,505,0.00792079207920792
"SOD2",4,505,0.00792079207920792
"SOX1",4,505,0.00792079207920792
"SOX13",4,505,0.00792079207920792
"SOX14",4,505,0.00792079207920792
"SOX8",4,505,0.00792079207920792
"SP1",4,505,0.00792079207920792
"SPAG4",4,505,0.00792079207920792
"SPANXD",4,505,0.00792079207920792
"SPATA21",4,505,0.00792079207920792
"SPDYE3",4,505,0.00792079207920792
"SPG7",4,505,0.00792079207920792
"SPIN2B",4,505,0.00792079207920792
"SPN",4,505,0.00792079207920792
"SPP1",4,505,0.00792079207920792
"SPRED2",4,505,0.00792079207920792
"SPRR2B",4,505,0.00792079207920792
"SPRR2D",4,505,0.00792079207920792
"SPRY2",4,505,0.00792079207920792
"SPSB1",4,505,0.00792079207920792
"SPTLC1",4,505,0.00792079207920792
"SQLE",4,505,0.00792079207920792
"SQSTM1",4,505,0.00792079207920792
"SRD5A2",4,505,0.00792079207920792
"SREBF1",4,505,0.00792079207920792
"SRGAP2",4,505,0.00792079207920792
"SRPRA",4,505,0.00792079207920792
"SRRM1",4,505,0.00792079207920792
"SRRM3",4,505,0.00792079207920792
"SRRT",4,505,0.00792079207920792
"SRSF2",4,505,0.00792079207920792
"SRSF6",4,505,0.00792079207920792
"SSUH2",4,505,0.00792079207920792
"ST3GAL3",4,505,0.00792079207920792
"STAMBP",4,505,0.00792079207920792
"STARD3",4,505,0.00792079207920792
"STAT5A",4,505,0.00792079207920792
"STC2",4,505,0.00792079207920792
"STK17B",4,505,0.00792079207920792
"STK3",4,505,0.00792079207920792
"STK33",4,505,0.00792079207920792
"STK39",4,505,0.00792079207920792
"STK4",4,505,0.00792079207920792
"STX3",4,505,0.00792079207920792
"STXBP4",4,505,0.00792079207920792
"STYK1",4,505,0.00792079207920792
"SUCLA2",4,505,0.00792079207920792
"SUOX",4,505,0.00792079207920792
"SUSD6",4,505,0.00792079207920792
"SVOPL",4,505,0.00792079207920792
"SYCE1",4,505,0.00792079207920792
"SYN2",4,505,0.00792079207920792
"SYNPO2L",4,505,0.00792079207920792
"SYT5",4,505,0.00792079207920792
"SYT8",4,505,0.00792079207920792
"TAAR1",4,505,0.00792079207920792
"TAB1",4,505,0.00792079207920792
"TAF9B",4,505,0.00792079207920792
"TAGLN2",4,505,0.00792079207920792
"TAPBP",4,505,0.00792079207920792
"TARS3",4,505,0.00792079207920792
"TAS1R3",4,505,0.00792079207920792
"TAS2R39",4,505,0.00792079207920792
"TASOR",4,505,0.00792079207920792
"TAZ",4,505,0.00792079207920792
"TBC1D12",4,505,0.00792079207920792
"TBCE",4,505,0.00792079207920792
"TBL3",4,505,0.00792079207920792
"TBX19",4,505,0.00792079207920792
"TCL1A",4,505,0.00792079207920792
"TCP11",4,505,0.00792079207920792
"TEDDM1",4,505,0.00792079207920792
"TENT5A",4,505,0.00792079207920792
"TENT5B",4,505,0.00792079207920792
"TERT",4,505,0.00792079207920792
"TESK1",4,505,0.00792079207920792
"TEX44",4,505,0.00792079207920792
"TFAP2C",4,505,0.00792079207920792
"TFDP2",4,505,0.00792079207920792
"TFDP3",4,505,0.00792079207920792
"TFG",4,505,0.00792079207920792
"TGFBI",4,505,0.00792079207920792
"THBS4",4,505,0.00792079207920792
"THOC6",4,505,0.00792079207920792
"THRA",4,505,0.00792079207920792
"THRB",4,505,0.00792079207920792
"THUMPD2",4,505,0.00792079207920792
"TINAGL1",4,505,0.00792079207920792
"TLCD3B",4,505,0.00792079207920792
"TLE3",4,505,0.00792079207920792
"TLR3",4,505,0.00792079207920792
"TM9SF2",4,505,0.00792079207920792
"TM9SF3",4,505,0.00792079207920792
"TM9SF4",4,505,0.00792079207920792
"TMCO3",4,505,0.00792079207920792
"TMED1",4,505,0.00792079207920792
"TMEM100",4,505,0.00792079207920792
"TMEM117",4,505,0.00792079207920792
"TMEM143",4,505,0.00792079207920792
"TMEM171",4,505,0.00792079207920792
"TMEM176A",4,505,0.00792079207920792
"TMEM178A",4,505,0.00792079207920792
"TMEM187",4,505,0.00792079207920792
"TMEM225",4,505,0.00792079207920792
"TMEM51",4,505,0.00792079207920792
"TMEM52B",4,505,0.00792079207920792
"TMEM63C",4,505,0.00792079207920792
"TMEM74B",4,505,0.00792079207920792
"TMOD3",4,505,0.00792079207920792
"TMPPE",4,505,0.00792079207920792
"TNFRSF11A",4,505,0.00792079207920792
"TNFRSF25",4,505,0.00792079207920792
"TNFRSF9",4,505,0.00792079207920792
"TNFSF18",4,505,0.00792079207920792
"TNNT2",4,505,0.00792079207920792
"TOGARAM2",4,505,0.00792079207920792
"TOM1L1",4,505,0.00792079207920792
"TOR1AIP1",4,505,0.00792079207920792
"TOX4",4,505,0.00792079207920792
"TPCN1",4,505,0.00792079207920792
"TPPP2",4,505,0.00792079207920792
"TRAF2",4,505,0.00792079207920792
"TRAF3",4,505,0.00792079207920792
"TRAF6",4,505,0.00792079207920792
"TRAF7",4,505,0.00792079207920792
"TRAK1",4,505,0.00792079207920792
"TRAM2",4,505,0.00792079207920792
"TRAV10",4,505,0.00792079207920792
"TRAV17",4,505,0.00792079207920792
"TRAV18",4,505,0.00792079207920792
"TRAV22",4,505,0.00792079207920792
"TRAV26-1",4,505,0.00792079207920792
"TRAV5",4,505,0.00792079207920792
"TRAV7",4,505,0.00792079207920792
"TREML1",4,505,0.00792079207920792
"TRIM2",4,505,0.00792079207920792
"TRIM4",4,505,0.00792079207920792
"TRIM46",4,505,0.00792079207920792
"TRIM54",4,505,0.00792079207920792
"TRIM8",4,505,0.00792079207920792
"TRMT10C",4,505,0.00792079207920792
"TRMT5",4,505,0.00792079207920792
"TRMT9B",4,505,0.00792079207920792
"TRPC4AP",4,505,0.00792079207920792
"TSC22D2",4,505,0.00792079207920792
"TSHB",4,505,0.00792079207920792
"TSPAN12",4,505,0.00792079207920792
"TSPAN33",4,505,0.00792079207920792
"TTC23",4,505,0.00792079207920792
"TTC23L",4,505,0.00792079207920792
"TTC25",4,505,0.00792079207920792
"TTC39B",4,505,0.00792079207920792
"TTLL1",4,505,0.00792079207920792
"TUBD1",4,505,0.00792079207920792
"TUBG1",4,505,0.00792079207920792
"TUBGCP4",4,505,0.00792079207920792
"TUBGCP6",4,505,0.00792079207920792
"TXK",4,505,0.00792079207920792
"TXLNG",4,505,0.00792079207920792
"TXNDC5",4,505,0.00792079207920792
"TYRP1",4,505,0.00792079207920792
"TYW1",4,505,0.00792079207920792
"U2AF2",4,505,0.00792079207920792
"UAP1",4,505,0.00792079207920792
"UBA7",4,505,0.00792079207920792
"UBIAD1",4,505,0.00792079207920792
"UBOX5",4,505,0.00792079207920792
"UBQLN1",4,505,0.00792079207920792
"UBTF",4,505,0.00792079207920792
"UCMA",4,505,0.00792079207920792
"UEVLD",4,505,0.00792079207920792
"UFL1",4,505,0.00792079207920792
"UMPS",4,505,0.00792079207920792
"UNC5CL",4,505,0.00792079207920792
"UNCX",4,505,0.00792079207920792
"UPRT",4,505,0.00792079207920792
"UQCRB",4,505,0.00792079207920792
"USF2",4,505,0.00792079207920792
"USP2",4,505,0.00792079207920792
"USP21",4,505,0.00792079207920792
"USP40",4,505,0.00792079207920792
"USP42",4,505,0.00792079207920792
"USP49",4,505,0.00792079207920792
"USP9Y",4,505,0.00792079207920792
"UTS2B",4,505,0.00792079207920792
"VAC14",4,505,0.00792079207920792
"VCPIP1",4,505,0.00792079207920792
"VCX3A",4,505,0.00792079207920792
"VHLL",4,505,0.00792079207920792
"VILL",4,505,0.00792079207920792
"VIP",4,505,0.00792079207920792
"VLDLR",4,505,0.00792079207920792
"VMP1",4,505,0.00792079207920792
"VPREB1",4,505,0.00792079207920792
"VPS28",4,505,0.00792079207920792
"VPS9D1",4,505,0.00792079207920792
"VRK1",4,505,0.00792079207920792
"VSIG2",4,505,0.00792079207920792
"VSIR",4,505,0.00792079207920792
"VTA1",4,505,0.00792079207920792
"WARS1",4,505,0.00792079207920792
"WASF2",4,505,0.00792079207920792
"WBP1L",4,505,0.00792079207920792
"WBP4",4,505,0.00792079207920792
"WDR25",4,505,0.00792079207920792
"WDR38",4,505,0.00792079207920792
"WDR61",4,505,0.00792079207920792
"WDR81",4,505,0.00792079207920792
"WDSUB1",4,505,0.00792079207920792
"WDTC1",4,505,0.00792079207920792
"WIPI1",4,505,0.00792079207920792
"WNT11",4,505,0.00792079207920792
"XAGE2",4,505,0.00792079207920792
"XG",4,505,0.00792079207920792
"XPNPEP3",4,505,0.00792079207920792
"XPO7",4,505,0.00792079207920792
"XRCC1",4,505,0.00792079207920792
"YARS1",4,505,0.00792079207920792
"YBX2",4,505,0.00792079207920792
"YIPF1",4,505,0.00792079207920792
"YTHDF3",4,505,0.00792079207920792
"YWHAQ",4,505,0.00792079207920792
"YY1AP1",4,505,0.00792079207920792
"Z83844.2",4,505,0.00792079207920792
"ZBP1",4,505,0.00792079207920792
"ZBTB26",4,505,0.00792079207920792
"ZBTB45",4,505,0.00792079207920792
"ZBTB46",4,505,0.00792079207920792
"ZCCHC7",4,505,0.00792079207920792
"ZCWPW1",4,505,0.00792079207920792
"ZCWPW2",4,505,0.00792079207920792
"ZDHHC14",4,505,0.00792079207920792
"ZFAND1",4,505,0.00792079207920792
"ZFP28",4,505,0.00792079207920792
"ZFR2",4,505,0.00792079207920792
"ZFX",4,505,0.00792079207920792
"ZIC5",4,505,0.00792079207920792
"ZKSCAN8",4,505,0.00792079207920792
"ZNF112",4,505,0.00792079207920792
"ZNF114",4,505,0.00792079207920792
"ZNF121",4,505,0.00792079207920792
"ZNF136",4,505,0.00792079207920792
"ZNF14",4,505,0.00792079207920792
"ZNF143",4,505,0.00792079207920792
"ZNF18",4,505,0.00792079207920792
"ZNF181",4,505,0.00792079207920792
"ZNF182",4,505,0.00792079207920792
"ZNF2",4,505,0.00792079207920792
"ZNF200",4,505,0.00792079207920792
"ZNF263",4,505,0.00792079207920792
"ZNF280C",4,505,0.00792079207920792
"ZNF3",4,505,0.00792079207920792
"ZNF317",4,505,0.00792079207920792
"ZNF324B",4,505,0.00792079207920792
"ZNF333",4,505,0.00792079207920792
"ZNF34",4,505,0.00792079207920792
"ZNF350",4,505,0.00792079207920792
"ZNF395",4,505,0.00792079207920792
"ZNF430",4,505,0.00792079207920792
"ZNF471",4,505,0.00792079207920792
"ZNF512",4,505,0.00792079207920792
"ZNF513",4,505,0.00792079207920792
"ZNF544",4,505,0.00792079207920792
"ZNF563",4,505,0.00792079207920792
"ZNF569",4,505,0.00792079207920792
"ZNF587",4,505,0.00792079207920792
"ZNF597",4,505,0.00792079207920792
"ZNF598",4,505,0.00792079207920792
"ZNF609",4,505,0.00792079207920792
"ZNF614",4,505,0.00792079207920792
"ZNF619",4,505,0.00792079207920792
"ZNF621",4,505,0.00792079207920792
"ZNF653",4,505,0.00792079207920792
"ZNF664",4,505,0.00792079207920792
"ZNF671",4,505,0.00792079207920792
"ZNF692",4,505,0.00792079207920792
"ZNF699",4,505,0.00792079207920792
"ZNF701",4,505,0.00792079207920792
"ZNF704",4,505,0.00792079207920792
"ZNF707",4,505,0.00792079207920792
"ZNF721",4,505,0.00792079207920792
"ZNF763",4,505,0.00792079207920792
"ZNF765",4,505,0.00792079207920792
"ZNF774",4,505,0.00792079207920792
"ZNF781",4,505,0.00792079207920792
"ZNF789",4,505,0.00792079207920792
"ZNF85",4,505,0.00792079207920792
"ZSWIM4",4,505,0.00792079207920792
"AARD",3,505,0.00594059405940594
"AASDHPPT",3,505,0.00594059405940594
"AATF",3,505,0.00594059405940594
"AATK",3,505,0.00594059405940594
"ABCB6",3,505,0.00594059405940594
"ABHD13",3,505,0.00594059405940594
"ABHD16B",3,505,0.00594059405940594
"ABLIM2",3,505,0.00594059405940594
"ABRAXAS2",3,505,0.00594059405940594
"AC004922.1",3,505,0.00594059405940594
"AC008397.2",3,505,0.00594059405940594
"AC131160.1",3,505,0.00594059405940594
"ACBD4",3,505,0.00594059405940594
"ACD",3,505,0.00594059405940594
"ACKR4",3,505,0.00594059405940594
"ACMSD",3,505,0.00594059405940594
"ACOT11",3,505,0.00594059405940594
"ACOT9",3,505,0.00594059405940594
"ACOX2",3,505,0.00594059405940594
"ACP1",3,505,0.00594059405940594
"ACP2",3,505,0.00594059405940594
"ACP5",3,505,0.00594059405940594
"ACSBG2",3,505,0.00594059405940594
"ACSL3",3,505,0.00594059405940594
"ACSL5",3,505,0.00594059405940594
"ACSM3",3,505,0.00594059405940594
"ACSM4",3,505,0.00594059405940594
"ACSS1",3,505,0.00594059405940594
"ACTBL2",3,505,0.00594059405940594
"ACTR6",3,505,0.00594059405940594
"ACVR2B",3,505,0.00594059405940594
"ADAM9",3,505,0.00594059405940594
"ADAMTSL5",3,505,0.00594059405940594
"ADCYAP1",3,505,0.00594059405940594
"ADK",3,505,0.00594059405940594
"ADORA2A",3,505,0.00594059405940594
"ADORA3",3,505,0.00594059405940594
"ADPRM",3,505,0.00594059405940594
"ADRA2B",3,505,0.00594059405940594
"ADRB2",3,505,0.00594059405940594
"ADRB3",3,505,0.00594059405940594
"ADSS1",3,505,0.00594059405940594
"AEN",3,505,0.00594059405940594
"AFAP1",3,505,0.00594059405940594
"AFG1L",3,505,0.00594059405940594
"AFMID",3,505,0.00594059405940594
"AGAP6",3,505,0.00594059405940594
"AGFG2",3,505,0.00594059405940594
"AGPAT3",3,505,0.00594059405940594
"AICDA",3,505,0.00594059405940594
"AIFM2",3,505,0.00594059405940594
"AIMP1",3,505,0.00594059405940594
"AIRE",3,505,0.00594059405940594
"AJUBA",3,505,0.00594059405940594
"AKAP14",3,505,0.00594059405940594
"AKR1C1",3,505,0.00594059405940594
"AKT1",3,505,0.00594059405940594
"AL031777.2",3,505,0.00594059405940594
"ALDH18A1",3,505,0.00594059405940594
"ALDH3B2",3,505,0.00594059405940594
"ALDH4A1",3,505,0.00594059405940594
"ALDH6A1",3,505,0.00594059405940594
"ALDH7A1",3,505,0.00594059405940594
"ALG1",3,505,0.00594059405940594
"ALG8",3,505,0.00594059405940594
"ALKBH8",3,505,0.00594059405940594
"ALOX5AP",3,505,0.00594059405940594
"ALPG",3,505,0.00594059405940594
"AMDHD1",3,505,0.00594059405940594
"AMDHD2",3,505,0.00594059405940594
"AMELY",3,505,0.00594059405940594
"AMHR2",3,505,0.00594059405940594
"AMIGO1",3,505,0.00594059405940594
"AMIGO2",3,505,0.00594059405940594
"AMMECR1L",3,505,0.00594059405940594
"AMTN",3,505,0.00594059405940594
"AMY1C",3,505,0.00594059405940594
"ANGPTL2",3,505,0.00594059405940594
"ANKFY1",3,505,0.00594059405940594
"ANKH",3,505,0.00594059405940594
"ANKMY2",3,505,0.00594059405940594
"ANKRD13B",3,505,0.00594059405940594
"ANKRD20A1",3,505,0.00594059405940594
"ANKRD20A4P",3,505,0.00594059405940594
"ANKRD29",3,505,0.00594059405940594
"ANKRD40",3,505,0.00594059405940594
"ANKRD52",3,505,0.00594059405940594
"ANP32A",3,505,0.00594059405940594
"ANTXR2",3,505,0.00594059405940594
"ANXA13",3,505,0.00594059405940594
"ANXA4",3,505,0.00594059405940594
"AP1G2",3,505,0.00594059405940594
"AP1M2",3,505,0.00594059405940594
"AP1S1",3,505,0.00594059405940594
"AP2A1",3,505,0.00594059405940594
"AP3M1",3,505,0.00594059405940594
"AP3S1",3,505,0.00594059405940594
"AP4B1",3,505,0.00594059405940594
"AP4E1",3,505,0.00594059405940594
"APBA3",3,505,0.00594059405940594
"APH1A",3,505,0.00594059405940594
"APLF",3,505,0.00594059405940594
"APLP1",3,505,0.00594059405940594
"APOBEC3A",3,505,0.00594059405940594
"APOBEC3D",3,505,0.00594059405940594
"APOBEC3H",3,505,0.00594059405940594
"APOL3",3,505,0.00594059405940594
"APOL4",3,505,0.00594059405940594
"APOL6",3,505,0.00594059405940594
"APPL2",3,505,0.00594059405940594
"AQP1",3,505,0.00594059405940594
"AQP12A",3,505,0.00594059405940594
"AQP4",3,505,0.00594059405940594
"AQP7",3,505,0.00594059405940594
"ARFGAP3",3,505,0.00594059405940594
"ARFIP1",3,505,0.00594059405940594
"ARHGAP26",3,505,0.00594059405940594
"ARHGAP28",3,505,0.00594059405940594
"ARID3B",3,505,0.00594059405940594
"ARID5A",3,505,0.00594059405940594
"ARIH1",3,505,0.00594059405940594
"ARL2",3,505,0.00594059405940594
"ARL6IP1",3,505,0.00594059405940594
"ARMC2",3,505,0.00594059405940594
"ARMC6",3,505,0.00594059405940594
"ARMC7",3,505,0.00594059405940594
"ARMCX1",3,505,0.00594059405940594
"ARMCX3",3,505,0.00594059405940594
"ARNTL",3,505,0.00594059405940594
"ARPC2",3,505,0.00594059405940594
"ARR3",3,505,0.00594059405940594
"ARRDC4",3,505,0.00594059405940594
"ARRDC5",3,505,0.00594059405940594
"ARSL",3,505,0.00594059405940594
"ART1",3,505,0.00594059405940594
"ARV1",3,505,0.00594059405940594
"AS3MT",3,505,0.00594059405940594
"ASAH1",3,505,0.00594059405940594
"ASAP3",3,505,0.00594059405940594
"ASB16",3,505,0.00594059405940594
"ASGR2",3,505,0.00594059405940594
"ASH2L",3,505,0.00594059405940594
"ASPHD2",3,505,0.00594059405940594
"ASPN",3,505,0.00594059405940594
"ASRGL1",3,505,0.00594059405940594
"ASS1",3,505,0.00594059405940594
"ATE1",3,505,0.00594059405940594
"ATG3",3,505,0.00594059405940594
"ATG5",3,505,0.00594059405940594
"ATL3",3,505,0.00594059405940594
"ATP5F1B",3,505,0.00594059405940594
"ATP6AP2",3,505,0.00594059405940594
"ATP6V1B1",3,505,0.00594059405940594
"ATXN3",3,505,0.00594059405940594
"AVEN",3,505,0.00594059405940594
"AWAT1",3,505,0.00594059405940594
"AXL",3,505,0.00594059405940594
"B3GALNT2",3,505,0.00594059405940594
"B3GAT1",3,505,0.00594059405940594
"B3GNT2",3,505,0.00594059405940594
"B3GNT4",3,505,0.00594059405940594
"B4GALT2",3,505,0.00594059405940594
"B4GAT1",3,505,0.00594059405940594
"BABAM1",3,505,0.00594059405940594
"BACE1",3,505,0.00594059405940594
"BACE2",3,505,0.00594059405940594
"BAG3",3,505,0.00594059405940594
"BAIAP2",3,505,0.00594059405940594
"BANP",3,505,0.00594059405940594
"BAX",3,505,0.00594059405940594
"BCAP31",3,505,0.00594059405940594
"BCL2L11",3,505,0.00594059405940594
"BCL3",3,505,0.00594059405940594
"BCL6B",3,505,0.00594059405940594
"BDH1",3,505,0.00594059405940594
"BEGAIN",3,505,0.00594059405940594
"BEX2",3,505,0.00594059405940594
"BICD2",3,505,0.00594059405940594
"BICDL1",3,505,0.00594059405940594
"BIN1",3,505,0.00594059405940594
"BLVRA",3,505,0.00594059405940594
"BLZF1",3,505,0.00594059405940594
"BMP4",3,505,0.00594059405940594
"BOLA1",3,505,0.00594059405940594
"BPGM",3,505,0.00594059405940594
"BRAP",3,505,0.00594059405940594
"BRD7",3,505,0.00594059405940594
"BRPF1",3,505,0.00594059405940594
"BST1",3,505,0.00594059405940594
"BSX",3,505,0.00594059405940594
"BTG1",3,505,0.00594059405940594
"BTN3A3",3,505,0.00594059405940594
"BUB3",3,505,0.00594059405940594
"BUD23",3,505,0.00594059405940594
"C10orf53",3,505,0.00594059405940594
"C10orf82",3,505,0.00594059405940594
"C11orf24",3,505,0.00594059405940594
"C11orf53",3,505,0.00594059405940594
"C12orf4",3,505,0.00594059405940594
"C12orf45",3,505,0.00594059405940594
"C14orf28",3,505,0.00594059405940594
"C16orf90",3,505,0.00594059405940594
"C19orf47",3,505,0.00594059405940594
"C19orf57",3,505,0.00594059405940594
"C1GALT1C1",3,505,0.00594059405940594
"C1QTNF12",3,505,0.00594059405940594
"C1orf226",3,505,0.00594059405940594
"C1orf74",3,505,0.00594059405940594
"C20orf85",3,505,0.00594059405940594
"C21orf91",3,505,0.00594059405940594
"C2orf42",3,505,0.00594059405940594
"C3orf70",3,505,0.00594059405940594
"C4orf3",3,505,0.00594059405940594
"C4orf51",3,505,0.00594059405940594
"C5AR2",3,505,0.00594059405940594
"C5orf34",3,505,0.00594059405940594
"C5orf58",3,505,0.00594059405940594
"C6orf58",3,505,0.00594059405940594
"C7orf25",3,505,0.00594059405940594
"C7orf57",3,505,0.00594059405940594
"C9orf135",3,505,0.00594059405940594
"C9orf43",3,505,0.00594059405940594
"C9orf50",3,505,0.00594059405940594
"C9orf64",3,505,0.00594059405940594
"C9orf72",3,505,0.00594059405940594
"CA2",3,505,0.00594059405940594
"CA6",3,505,0.00594059405940594
"CABP1",3,505,0.00594059405940594
"CACNB4",3,505,0.00594059405940594
"CALCB",3,505,0.00594059405940594
"CALHM5",3,505,0.00594059405940594
"CALM1",3,505,0.00594059405940594
"CALML3",3,505,0.00594059405940594
"CAMK1D",3,505,0.00594059405940594
"CAMK2A",3,505,0.00594059405940594
"CAMKK2",3,505,0.00594059405940594
"CAMTA2",3,505,0.00594059405940594
"CAPZA2",3,505,0.00594059405940594
"CARD18",3,505,0.00594059405940594
"CARM1",3,505,0.00594059405940594
"CASQ2",3,505,0.00594059405940594
"CBFA2T2",3,505,0.00594059405940594
"CBLL1",3,505,0.00594059405940594
"CBLN1",3,505,0.00594059405940594
"CBWD1",3,505,0.00594059405940594
"CCAR2",3,505,0.00594059405940594
"CCDC113",3,505,0.00594059405940594
"CCDC114",3,505,0.00594059405940594
"CCDC117",3,505,0.00594059405940594
"CCDC134",3,505,0.00594059405940594
"CCDC17",3,505,0.00594059405940594
"CCDC191",3,505,0.00594059405940594
"CCDC22",3,505,0.00594059405940594
"CCDC34",3,505,0.00594059405940594
"CCDC38",3,505,0.00594059405940594
"CCDC60",3,505,0.00594059405940594
"CCDC61",3,505,0.00594059405940594
"CCDC65",3,505,0.00594059405940594
"CCDC68",3,505,0.00594059405940594
"CCDC8",3,505,0.00594059405940594
"CCDC90B",3,505,0.00594059405940594
"CCDC96",3,505,0.00594059405940594
"CCL1",3,505,0.00594059405940594
"CCL14",3,505,0.00594059405940594
"CCL16",3,505,0.00594059405940594
"CCL23",3,505,0.00594059405940594
"CCL28",3,505,0.00594059405940594
"CCM2L",3,505,0.00594059405940594
"CCN6",3,505,0.00594059405940594
"CCNA2",3,505,0.00594059405940594
"CCND2",3,505,0.00594059405940594
"CCNDBP1",3,505,0.00594059405940594
"CCNJL",3,505,0.00594059405940594
"CCPG1",3,505,0.00594059405940594
"CCR3",3,505,0.00594059405940594
"CCR4",3,505,0.00594059405940594
"CCT7",3,505,0.00594059405940594
"CD14",3,505,0.00594059405940594
"CD19",3,505,0.00594059405940594
"CD200R1L",3,505,0.00594059405940594
"CD207",3,505,0.00594059405940594
"CD28",3,505,0.00594059405940594
"CD300A",3,505,0.00594059405940594
"CD300LD",3,505,0.00594059405940594
"CD36",3,505,0.00594059405940594
"CD46",3,505,0.00594059405940594
"CD48",3,505,0.00594059405940594
"CD53",3,505,0.00594059405940594
"CD55",3,505,0.00594059405940594
"CD82",3,505,0.00594059405940594
"CD8A",3,505,0.00594059405940594
"CD99",3,505,0.00594059405940594
"CDC123",3,505,0.00594059405940594
"CDC16",3,505,0.00594059405940594
"CDC23",3,505,0.00594059405940594
"CDC25A",3,505,0.00594059405940594
"CDC27",3,505,0.00594059405940594
"CDC6",3,505,0.00594059405940594
"CDCP1",3,505,0.00594059405940594
"CDHR5",3,505,0.00594059405940594
"CDK18",3,505,0.00594059405940594
"CDK4",3,505,0.00594059405940594
"CDK5",3,505,0.00594059405940594
"CDKL2",3,505,0.00594059405940594
"CDS1",3,505,0.00594059405940594
"CDX2",3,505,0.00594059405940594
"CEACAM1",3,505,0.00594059405940594
"CEACAM21",3,505,0.00594059405940594
"CEACAM6",3,505,0.00594059405940594
"CELA1",3,505,0.00594059405940594
"CELF5",3,505,0.00594059405940594
"CENPB",3,505,0.00594059405940594
"CENPC",3,505,0.00594059405940594
"CENPT",3,505,0.00594059405940594
"CEP290",3,505,0.00594059405940594
"CEP44",3,505,0.00594059405940594
"CEP68",3,505,0.00594059405940594
"CEP72",3,505,0.00594059405940594
"CEP95",3,505,0.00594059405940594
"CERCAM",3,505,0.00594059405940594
"CFAP20DC",3,505,0.00594059405940594
"CFAP299",3,505,0.00594059405940594
"CFAP94",3,505,0.00594059405940594
"CHAF1B",3,505,0.00594059405940594
"CHCHD6",3,505,0.00594059405940594
"CHI3L1",3,505,0.00594059405940594
"CHKA",3,505,0.00594059405940594
"CHMP4B",3,505,0.00594059405940594
"CHMP4C",3,505,0.00594059405940594
"CHMP6",3,505,0.00594059405940594
"CHMP7",3,505,0.00594059405940594
"CHPF2",3,505,0.00594059405940594
"CHRDL2",3,505,0.00594059405940594
"CHRFAM7A",3,505,0.00594059405940594
"CHRNA9",3,505,0.00594059405940594
"CHRNB1",3,505,0.00594059405940594
"CHST10",3,505,0.00594059405940594
"CHST4",3,505,0.00594059405940594
"CIB3",3,505,0.00594059405940594
"CIB4",3,505,0.00594059405940594
"CIPC",3,505,0.00594059405940594
"CKM",3,505,0.00594059405940594
"CLASRP",3,505,0.00594059405940594
"CLDN22",3,505,0.00594059405940594
"CLDN4",3,505,0.00594059405940594
"CLEC12A",3,505,0.00594059405940594
"CLEC4A",3,505,0.00594059405940594
"CLEC4C",3,505,0.00594059405940594
"CLEC4M",3,505,0.00594059405940594
"CLEC7A",3,505,0.00594059405940594
"CLIC2",3,505,0.00594059405940594
"CLIC5",3,505,0.00594059405940594
"CLIC6",3,505,0.00594059405940594
"CLK4",3,505,0.00594059405940594
"CLN3",3,505,0.00594059405940594
"CLP1",3,505,0.00594059405940594
"CLPB",3,505,0.00594059405940594
"CLSTN1",3,505,0.00594059405940594
"CLYBL",3,505,0.00594059405940594
"CNN1",3,505,0.00594059405940594
"CNOT11",3,505,0.00594059405940594
"CNOT9",3,505,0.00594059405940594
"CNR2",3,505,0.00594059405940594
"COASY",3,505,0.00594059405940594
"COG6",3,505,0.00594059405940594
"COIL",3,505,0.00594059405940594
"COL8A1",3,505,0.00594059405940594
"COPS5",3,505,0.00594059405940594
"COQ10B",3,505,0.00594059405940594
"COQ4",3,505,0.00594059405940594
"CORO1A",3,505,0.00594059405940594
"COTL1",3,505,0.00594059405940594
"COX4I1",3,505,0.00594059405940594
"COX7A2L",3,505,0.00594059405940594
"COX7B2",3,505,0.00594059405940594
"CPEB3",3,505,0.00594059405940594
"CPLANE2",3,505,0.00594059405940594
"CPM",3,505,0.00594059405940594
"CPNE1",3,505,0.00594059405940594
"CPNE2",3,505,0.00594059405940594
"CPNE3",3,505,0.00594059405940594
"CPNE5",3,505,0.00594059405940594
"CPO",3,505,0.00594059405940594
"CPOX",3,505,0.00594059405940594
"CPSF6",3,505,0.00594059405940594
"CPT1B",3,505,0.00594059405940594
"CRABP1",3,505,0.00594059405940594
"CRACDL",3,505,0.00594059405940594
"CRACR2A",3,505,0.00594059405940594
"CRADD",3,505,0.00594059405940594
"CREB3L3",3,505,0.00594059405940594
"CREBZF",3,505,0.00594059405940594
"CREM",3,505,0.00594059405940594
"CRIPT",3,505,0.00594059405940594
"CRKL",3,505,0.00594059405940594
"CRLF1",3,505,0.00594059405940594
"CRP",3,505,0.00594059405940594
"CRTC3",3,505,0.00594059405940594
"CRYGN",3,505,0.00594059405940594
"CRYGS",3,505,0.00594059405940594
"CRYL1",3,505,0.00594059405940594
"CSAG1",3,505,0.00594059405940594
"CSH2",3,505,0.00594059405940594
"CSN3",3,505,0.00594059405940594
"CSNK2A2",3,505,0.00594059405940594
"CST2",3,505,0.00594059405940594
"CSTF2",3,505,0.00594059405940594
"CSTL1",3,505,0.00594059405940594
"CT45A1",3,505,0.00594059405940594
"CT45A10",3,505,0.00594059405940594
"CTAGE6",3,505,0.00594059405940594
"CTDSP2",3,505,0.00594059405940594
"CTIF",3,505,0.00594059405940594
"CTNNAL1",3,505,0.00594059405940594
"CTNNBL1",3,505,0.00594059405940594
"CTSA",3,505,0.00594059405940594
"CTSC",3,505,0.00594059405940594
"CTSE",3,505,0.00594059405940594
"CTU2",3,505,0.00594059405940594
"CUL5",3,505,0.00594059405940594
"CWC25",3,505,0.00594059405940594
"CX3CL1",3,505,0.00594059405940594
"CXCL12",3,505,0.00594059405940594
"CXCL6",3,505,0.00594059405940594
"CXXC5",3,505,0.00594059405940594
"CXorf65",3,505,0.00594059405940594
"CYB5D2",3,505,0.00594059405940594
"CYP1A2",3,505,0.00594059405940594
"CYP21A2",3,505,0.00594059405940594
"CYP26A1",3,505,0.00594059405940594
"CYP2A7",3,505,0.00594059405940594
"CYP2F1",3,505,0.00594059405940594
"CYP2R1",3,505,0.00594059405940594
"CYP2S1",3,505,0.00594059405940594
"CYP2W1",3,505,0.00594059405940594
"CYP3A4",3,505,0.00594059405940594
"CYP3A5",3,505,0.00594059405940594
"CYP4X1",3,505,0.00594059405940594
"CYP8B1",3,505,0.00594059405940594
"CYTH1",3,505,0.00594059405940594
"CYTH2",3,505,0.00594059405940594
"DAG1",3,505,0.00594059405940594
"DAPK2",3,505,0.00594059405940594
"DARS2",3,505,0.00594059405940594
"DBF4B",3,505,0.00594059405940594
"DCAF12",3,505,0.00594059405940594
"DCAKD",3,505,0.00594059405940594
"DCDC2",3,505,0.00594059405940594
"DCP1A",3,505,0.00594059405940594
"DCPS",3,505,0.00594059405940594
"DDIT4",3,505,0.00594059405940594
"DDX17",3,505,0.00594059405940594
"DDX24",3,505,0.00594059405940594
"DDX5",3,505,0.00594059405940594
"DDX55",3,505,0.00594059405940594
"DDX58",3,505,0.00594059405940594
"DEAF1",3,505,0.00594059405940594
"DEF8",3,505,0.00594059405940594
"DEFA6",3,505,0.00594059405940594
"DEFB118",3,505,0.00594059405940594
"DELE1",3,505,0.00594059405940594
"DENND1C",3,505,0.00594059405940594
"DENND2B",3,505,0.00594059405940594
"DENND2D",3,505,0.00594059405940594
"DENND4A",3,505,0.00594059405940594
"DGUOK",3,505,0.00594059405940594
"DHCR24",3,505,0.00594059405940594
"DHCR7",3,505,0.00594059405940594
"DHFR2",3,505,0.00594059405940594
"DHRS2",3,505,0.00594059405940594
"DHX58",3,505,0.00594059405940594
"DIRAS3",3,505,0.00594059405940594
"DIS3L",3,505,0.00594059405940594
"DLGAP5",3,505,0.00594059405940594
"DLL1",3,505,0.00594059405940594
"DLX2",3,505,0.00594059405940594
"DMAC2",3,505,0.00594059405940594
"DMRT2",3,505,0.00594059405940594
"DMRTA1",3,505,0.00594059405940594
"DNAAF2",3,505,0.00594059405940594
"DNAAF6",3,505,0.00594059405940594
"DNAH12",3,505,0.00594059405940594
"DNAI1",3,505,0.00594059405940594
"DNAJA3",3,505,0.00594059405940594
"DNAJB6",3,505,0.00594059405940594
"DNAJB9",3,505,0.00594059405940594
"DNAJC11",3,505,0.00594059405940594
"DNAJC22",3,505,0.00594059405940594
"DNAJC25",3,505,0.00594059405940594
"DNAJC28",3,505,0.00594059405940594
"DNAJC5G",3,505,0.00594059405940594
"DNAJC8",3,505,0.00594059405940594
"DNASE2B",3,505,0.00594059405940594
"DNPEP",3,505,0.00594059405940594
"DOC2A",3,505,0.00594059405940594
"DOK2",3,505,0.00594059405940594
"DONSON",3,505,0.00594059405940594
"DPF1",3,505,0.00594059405940594
"DPH7",3,505,0.00594059405940594
"DPPA3",3,505,0.00594059405940594
"DRG2",3,505,0.00594059405940594
"DTD2",3,505,0.00594059405940594
"DTX1",3,505,0.00594059405940594
"DUSP11",3,505,0.00594059405940594
"DUSP15",3,505,0.00594059405940594
"DUSP16",3,505,0.00594059405940594
"DUSP19",3,505,0.00594059405940594
"DUSP3",3,505,0.00594059405940594
"DUSP7",3,505,0.00594059405940594
"DUXA",3,505,0.00594059405940594
"DYDC1",3,505,0.00594059405940594
"DYDC2",3,505,0.00594059405940594
"DYNC1LI1",3,505,0.00594059405940594
"E2F1",3,505,0.00594059405940594
"EAPP",3,505,0.00594059405940594
"ECHDC3",3,505,0.00594059405940594
"ECI2",3,505,0.00594059405940594
"ECM2",3,505,0.00594059405940594
"EDNRA",3,505,0.00594059405940594
"EEF1A1",3,505,0.00594059405940594
"EEF1AKMT2",3,505,0.00594059405940594
"EFCAB14",3,505,0.00594059405940594
"EFEMP2",3,505,0.00594059405940594
"EGR2",3,505,0.00594059405940594
"EID1",3,505,0.00594059405940594
"EID3",3,505,0.00594059405940594
"EIF1AX",3,505,0.00594059405940594
"EIF2AK2",3,505,0.00594059405940594
"EIF2B3",3,505,0.00594059405940594
"EIF3D",3,505,0.00594059405940594
"EIF4E",3,505,0.00594059405940594
"EIF5A2",3,505,0.00594059405940594
"ELAC2",3,505,0.00594059405940594
"ELANE",3,505,0.00594059405940594
"ELAVL3",3,505,0.00594059405940594
"ELL",3,505,0.00594059405940594
"ELL3",3,505,0.00594059405940594
"ELOVL6",3,505,0.00594059405940594
"ELOVL7",3,505,0.00594059405940594
"ELP2",3,505,0.00594059405940594
"ELP5",3,505,0.00594059405940594
"EMB",3,505,0.00594059405940594
"EMC2",3,505,0.00594059405940594
"EMCN",3,505,0.00594059405940594
"EMID1",3,505,0.00594059405940594
"EMX1",3,505,0.00594059405940594
"ENO1",3,505,0.00594059405940594
"ENO3",3,505,0.00594059405940594
"ENSA",3,505,0.00594059405940594
"ENY2",3,505,0.00594059405940594
"EOGT",3,505,0.00594059405940594
"EOLA2",3,505,0.00594059405940594
"EPM2AIP1",3,505,0.00594059405940594
"ERAL1",3,505,0.00594059405940594
"ERGIC2",3,505,0.00594059405940594
"ERGIC3",3,505,0.00594059405940594
"ERMAP",3,505,0.00594059405940594
"ESPN",3,505,0.00594059405940594
"ETFB",3,505,0.00594059405940594
"ETS1",3,505,0.00594059405940594
"ETV5",3,505,0.00594059405940594
"EVI2A",3,505,0.00594059405940594
"EXOC3",3,505,0.00594059405940594
"EXOC3L2",3,505,0.00594059405940594
"EXOSC2",3,505,0.00594059405940594
"EXOSC7",3,505,0.00594059405940594
"EXOSC9",3,505,0.00594059405940594
"EXTL2",3,505,0.00594059405940594
"EZH1",3,505,0.00594059405940594
"FAAP100",3,505,0.00594059405940594
"FABP12",3,505,0.00594059405940594
"FADS2",3,505,0.00594059405940594
"FADS3",3,505,0.00594059405940594
"FADS6",3,505,0.00594059405940594
"FAM104A",3,505,0.00594059405940594
"FAM107B",3,505,0.00594059405940594
"FAM114A1",3,505,0.00594059405940594
"FAM117A",3,505,0.00594059405940594
"FAM118B",3,505,0.00594059405940594
"FAM120B",3,505,0.00594059405940594
"FAM126B",3,505,0.00594059405940594
"FAM151A",3,505,0.00594059405940594
"FAM153A",3,505,0.00594059405940594
"FAM168B",3,505,0.00594059405940594
"FAM170A",3,505,0.00594059405940594
"FAM174A",3,505,0.00594059405940594
"FAM180A",3,505,0.00594059405940594
"FAM187B",3,505,0.00594059405940594
"FAM229B",3,505,0.00594059405940594
"FAM237A",3,505,0.00594059405940594
"FAM50A",3,505,0.00594059405940594
"FAM71D",3,505,0.00594059405940594
"FAM71F1",3,505,0.00594059405940594
"FAM78A",3,505,0.00594059405940594
"FAM9A",3,505,0.00594059405940594
"FAM9B",3,505,0.00594059405940594
"FANCE",3,505,0.00594059405940594
"FANCL",3,505,0.00594059405940594
"FATE1",3,505,0.00594059405940594
"FBXL3",3,505,0.00594059405940594
"FBXO22",3,505,0.00594059405940594
"FBXO27",3,505,0.00594059405940594
"FBXO3",3,505,0.00594059405940594
"FBXO31",3,505,0.00594059405940594
"FBXW10",3,505,0.00594059405940594
"FBXW9",3,505,0.00594059405940594
"FCGRT",3,505,0.00594059405940594
"FCHSD2",3,505,0.00594059405940594
"FCRL6",3,505,0.00594059405940594
"FDX1",3,505,0.00594059405940594
"FDXR",3,505,0.00594059405940594
"FERMT2",3,505,0.00594059405940594
"FETUB",3,505,0.00594059405940594
"FFAR4",3,505,0.00594059405940594
"FGD2",3,505,0.00594059405940594
"FGF5",3,505,0.00594059405940594
"FGF7",3,505,0.00594059405940594
"FGF9",3,505,0.00594059405940594
"FGFBP1",3,505,0.00594059405940594
"FGFBP2",3,505,0.00594059405940594
"FGL2",3,505,0.00594059405940594
"FIBIN",3,505,0.00594059405940594
"FIGNL2",3,505,0.00594059405940594
"FKBP10",3,505,0.00594059405940594
"FKBP5",3,505,0.00594059405940594
"FKBPL",3,505,0.00594059405940594
"FKTN",3,505,0.00594059405940594
"FMN1",3,505,0.00594059405940594
"FOLR1",3,505,0.00594059405940594
"FOS",3,505,0.00594059405940594
"FOSL2",3,505,0.00594059405940594
"FOXD4",3,505,0.00594059405940594
"FOXD4L4",3,505,0.00594059405940594
"FOXJ2",3,505,0.00594059405940594
"FOXN3",3,505,0.00594059405940594
"FOXO1",3,505,0.00594059405940594
"FPGS",3,505,0.00594059405940594
"FPGT",3,505,0.00594059405940594
"FPR3",3,505,0.00594059405940594
"FRG2B",3,505,0.00594059405940594
"FRK",3,505,0.00594059405940594
"FUNDC2",3,505,0.00594059405940594
"FUS",3,505,0.00594059405940594
"FUT1",3,505,0.00594059405940594
"FUT7",3,505,0.00594059405940594
"FYTTD1",3,505,0.00594059405940594
"FZD9",3,505,0.00594059405940594
"GAGE1",3,505,0.00594059405940594
"GAGE10",3,505,0.00594059405940594
"GALR2",3,505,0.00594059405940594
"GAPT",3,505,0.00594059405940594
"GAS6",3,505,0.00594059405940594
"GATAD1",3,505,0.00594059405940594
"GBE1",3,505,0.00594059405940594
"GBGT1",3,505,0.00594059405940594
"GCA",3,505,0.00594059405940594
"GCAT",3,505,0.00594059405940594
"GCDH",3,505,0.00594059405940594
"GCFC2",3,505,0.00594059405940594
"GEMIN4",3,505,0.00594059405940594
"GET4",3,505,0.00594059405940594
"GFI1",3,505,0.00594059405940594
"GFI1B",3,505,0.00594059405940594
"GFM2",3,505,0.00594059405940594
"GFRA3",3,505,0.00594059405940594
"GGTLC2",3,505,0.00594059405940594
"GIN1",3,505,0.00594059405940594
"GINM1",3,505,0.00594059405940594
"GINS4",3,505,0.00594059405940594
"GIT2",3,505,0.00594059405940594
"GJB1",3,505,0.00594059405940594
"GJB7",3,505,0.00594059405940594
"GJC3",3,505,0.00594059405940594
"GJD4",3,505,0.00594059405940594
"GKAP1",3,505,0.00594059405940594
"GKN2",3,505,0.00594059405940594
"GLIS3",3,505,0.00594059405940594
"GLMN",3,505,0.00594059405940594
"GLOD5",3,505,0.00594059405940594
"GLUD1",3,505,0.00594059405940594
"GMCL1",3,505,0.00594059405940594
"GML",3,505,0.00594059405940594
"GNA13",3,505,0.00594059405940594
"GNB4",3,505,0.00594059405940594
"GNGT1",3,505,0.00594059405940594
"GNPTAB",3,505,0.00594059405940594
"GOT1",3,505,0.00594059405940594
"GOT1L1",3,505,0.00594059405940594
"GP1BA",3,505,0.00594059405940594
"GPAT2",3,505,0.00594059405940594
"GPAT4",3,505,0.00594059405940594
"GPBP1",3,505,0.00594059405940594
"GPD1L",3,505,0.00594059405940594
"GPIHBP1",3,505,0.00594059405940594
"GPN3",3,505,0.00594059405940594
"GPR12",3,505,0.00594059405940594
"GPR137C",3,505,0.00594059405940594
"GPR143",3,505,0.00594059405940594
"GPR155",3,505,0.00594059405940594
"GPR171",3,505,0.00594059405940594
"GPR20",3,505,0.00594059405940594
"GPR21",3,505,0.00594059405940594
"GPR34",3,505,0.00594059405940594
"GPR84",3,505,0.00594059405940594
"GPR87",3,505,0.00594059405940594
"GPRC5A",3,505,0.00594059405940594
"GPS1",3,505,0.00594059405940594
"GPX1",3,505,0.00594059405940594
"GRB7",3,505,0.00594059405940594
"GRHPR",3,505,0.00594059405940594
"GRIP2",3,505,0.00594059405940594
"GRIPAP1",3,505,0.00594059405940594
"GRK1",3,505,0.00594059405940594
"GRK4",3,505,0.00594059405940594
"GRXCR2",3,505,0.00594059405940594
"GSDMB",3,505,0.00594059405940594
"GSN",3,505,0.00594059405940594
"GSTM5",3,505,0.00594059405940594
"GSTO2",3,505,0.00594059405940594
"GTF2A1",3,505,0.00594059405940594
"GTF2H1",3,505,0.00594059405940594
"GTSF1",3,505,0.00594059405940594
"GXYLT1",3,505,0.00594059405940594
"GYPA",3,505,0.00594059405940594
"GYS1",3,505,0.00594059405940594
"GZMH",3,505,0.00594059405940594
"H2AC14",3,505,0.00594059405940594
"H2AC16",3,505,0.00594059405940594
"H2BC10",3,505,0.00594059405940594
"H2BC13",3,505,0.00594059405940594
"H2BC3",3,505,0.00594059405940594
"H3-3B",3,505,0.00594059405940594
"H3C10",3,505,0.00594059405940594
"H3C13",3,505,0.00594059405940594
"H4C12",3,505,0.00594059405940594
"H4C2",3,505,0.00594059405940594
"H4C3",3,505,0.00594059405940594
"HACL1",3,505,0.00594059405940594
"HAGHL",3,505,0.00594059405940594
"HARBI1",3,505,0.00594059405940594
"HARS2",3,505,0.00594059405940594
"HAUS4",3,505,0.00594059405940594
"HBP1",3,505,0.00594059405940594
"HCAR2",3,505,0.00594059405940594
"HCAR3",3,505,0.00594059405940594
"HCRTR1",3,505,0.00594059405940594
"HCST",3,505,0.00594059405940594
"HDAC11",3,505,0.00594059405940594
"HDAC3",3,505,0.00594059405940594
"HDAC5",3,505,0.00594059405940594
"HDAC7",3,505,0.00594059405940594
"HDGF",3,505,0.00594059405940594
"HDGFL1",3,505,0.00594059405940594
"HDGFL2",3,505,0.00594059405940594
"HDGFL3",3,505,0.00594059405940594
"HEATR4",3,505,0.00594059405940594
"HEATR6",3,505,0.00594059405940594
"HENMT1",3,505,0.00594059405940594
"HGD",3,505,0.00594059405940594
"HGH1",3,505,0.00594059405940594
"HHLA2",3,505,0.00594059405940594
"HIBCH",3,505,0.00594059405940594
"HINFP",3,505,0.00594059405940594
"HIPK4",3,505,0.00594059405940594
"HLA-C",3,505,0.00594059405940594
"HLA-DQA2",3,505,0.00594059405940594
"HLCS",3,505,0.00594059405940594
"HMG20A",3,505,0.00594059405940594
"HMGA2",3,505,0.00594059405940594
"HMGB3",3,505,0.00594059405940594
"HMGB4",3,505,0.00594059405940594
"HMGXB4",3,505,0.00594059405940594
"HMX2",3,505,0.00594059405940594
"HMX3",3,505,0.00594059405940594
"HNRNPAB",3,505,0.00594059405940594
"HNRNPD",3,505,0.00594059405940594
"HNRNPK",3,505,0.00594059405940594
"HNRNPR",3,505,0.00594059405940594
"HOMER1",3,505,0.00594059405940594
"HOXA4",3,505,0.00594059405940594
"HOXB5",3,505,0.00594059405940594
"HOXD11",3,505,0.00594059405940594
"HPCAL4",3,505,0.00594059405940594
"HRAS",3,505,0.00594059405940594
"HS3ST6",3,505,0.00594059405940594
"HSD17B6",3,505,0.00594059405940594
"HSF2",3,505,0.00594059405940594
"HSPA4L",3,505,0.00594059405940594
"HTR3E",3,505,0.00594059405940594
"HUS1",3,505,0.00594059405940594
"HYAL1",3,505,0.00594059405940594
"HYAL3",3,505,0.00594059405940594
"HYKK",3,505,0.00594059405940594
"IARS1",3,505,0.00594059405940594
"ICA1",3,505,0.00594059405940594
"ICOS",3,505,0.00594059405940594
"ID2",3,505,0.00594059405940594
"IDO1",3,505,0.00594059405940594
"IER5",3,505,0.00594059405940594
"IFNA13",3,505,0.00594059405940594
"IFNA17",3,505,0.00594059405940594
"IFNA21",3,505,0.00594059405940594
"IFNAR1",3,505,0.00594059405940594
"IFNE",3,505,0.00594059405940594
"IFNL2",3,505,0.00594059405940594
"IFNL3",3,505,0.00594059405940594
"IFRD1",3,505,0.00594059405940594
"IFT81",3,505,0.00594059405940594
"IGF1",3,505,0.00594059405940594
"IGF2",3,505,0.00594059405940594
"IGFBPL1",3,505,0.00594059405940594
"IGFL1",3,505,0.00594059405940594
"IGFL2",3,505,0.00594059405940594
"IGHE",3,505,0.00594059405940594
"IGHG2",3,505,0.00594059405940594
"IGHG4",3,505,0.00594059405940594
"IGHV1-24",3,505,0.00594059405940594
"IGHV3-48",3,505,0.00594059405940594
"IGHV3-49",3,505,0.00594059405940594
"IGHV3-72",3,505,0.00594059405940594
"IGHV4-28",3,505,0.00594059405940594
"IGHV4-39",3,505,0.00594059405940594
"IGHV6-1",3,505,0.00594059405940594
"IGKV1D-33",3,505,0.00594059405940594
"IGKV3-20",3,505,0.00594059405940594
"IGKV5-2",3,505,0.00594059405940594
"IGLV2-23",3,505,0.00594059405940594
"IGLV2-33",3,505,0.00594059405940594
"IGLV3-22",3,505,0.00594059405940594
"IGLV3-32",3,505,0.00594059405940594
"IGLV4-60",3,505,0.00594059405940594
"IGLV7-43",3,505,0.00594059405940594
"IHH",3,505,0.00594059405940594
"IL12RB1",3,505,0.00594059405940594
"IL1F10",3,505,0.00594059405940594
"IL26",3,505,0.00594059405940594
"IL2RG",3,505,0.00594059405940594
"IL36B",3,505,0.00594059405940594
"ILDR1",3,505,0.00594059405940594
"ILF2",3,505,0.00594059405940594
"ILVBL",3,505,0.00594059405940594
"INF2",3,505,0.00594059405940594
"ING3",3,505,0.00594059405940594
"INHBB",3,505,0.00594059405940594
"INHBE",3,505,0.00594059405940594
"INKA1",3,505,0.00594059405940594
"INPP5A",3,505,0.00594059405940594
"INPP5J",3,505,0.00594059405940594
"INSL4",3,505,0.00594059405940594
"INTS10",3,505,0.00594059405940594
"INTS11",3,505,0.00594059405940594
"INTS14",3,505,0.00594059405940594
"INTS9",3,505,0.00594059405940594
"INVS",3,505,0.00594059405940594
"IP6K2",3,505,0.00594059405940594
"IP6K3",3,505,0.00594059405940594
"IPO11",3,505,0.00594059405940594
"IPP",3,505,0.00594059405940594
"IQCB1",3,505,0.00594059405940594
"IQCC",3,505,0.00594059405940594
"IQCJ",3,505,0.00594059405940594
"IQCJ-SCHIP1",3,505,0.00594059405940594
"IRAG1",3,505,0.00594059405940594
"IRAK3",3,505,0.00594059405940594
"IRF7",3,505,0.00594059405940594
"IRF9",3,505,0.00594059405940594
"IRS2",3,505,0.00594059405940594
"IRX5",3,505,0.00594059405940594
"ISOC2",3,505,0.00594059405940594
"IST1",3,505,0.00594059405940594
"ITGB1",3,505,0.00594059405940594
"ITPK1",3,505,0.00594059405940594
"ITPKC",3,505,0.00594059405940594
"ITPRIPL2",3,505,0.00594059405940594
"IVD",3,505,0.00594059405940594
"IYD",3,505,0.00594059405940594
"IZUMO1",3,505,0.00594059405940594
"IZUMO2",3,505,0.00594059405940594
"JMJD7-PLA2G4B",3,505,0.00594059405940594
"JUN",3,505,0.00594059405940594
"KANK2",3,505,0.00594059405940594
"KAT8",3,505,0.00594059405940594
"KATNAL1",3,505,0.00594059405940594
"KATNBL1",3,505,0.00594059405940594
"KBTBD12",3,505,0.00594059405940594
"KBTBD2",3,505,0.00594059405940594
"KCMF1",3,505,0.00594059405940594
"KCNA7",3,505,0.00594059405940594
"KCNAB3",3,505,0.00594059405940594
"KCNE4",3,505,0.00594059405940594
"KCNG2",3,505,0.00594059405940594
"KCNJ15",3,505,0.00594059405940594
"KCNJ9",3,505,0.00594059405940594
"KCNK3",3,505,0.00594059405940594
"KCNQ1",3,505,0.00594059405940594
"KCTD1",3,505,0.00594059405940594
"KCTD13",3,505,0.00594059405940594
"KCTD18",3,505,0.00594059405940594
"KCTD2",3,505,0.00594059405940594
"KDM4B",3,505,0.00594059405940594
"KDSR",3,505,0.00594059405940594
"KHDC1",3,505,0.00594059405940594
"KIAA0513",3,505,0.00594059405940594
"KIAA0930",3,505,0.00594059405940594
"KIZ",3,505,0.00594059405940594
"KLC1",3,505,0.00594059405940594
"KLC2",3,505,0.00594059405940594
"KLF12",3,505,0.00594059405940594
"KLF6",3,505,0.00594059405940594
"KLF7",3,505,0.00594059405940594
"KLHL17",3,505,0.00594059405940594
"KLHL21",3,505,0.00594059405940594
"KLHL24",3,505,0.00594059405940594
"KLHL30",3,505,0.00594059405940594
"KLK10",3,505,0.00594059405940594
"KLK11",3,505,0.00594059405940594
"KLK4",3,505,0.00594059405940594
"KRCC1",3,505,0.00594059405940594
"KREMEN1",3,505,0.00594059405940594
"KRR1",3,505,0.00594059405940594
"KRT15",3,505,0.00594059405940594
"KRT20",3,505,0.00594059405940594
"KRT222",3,505,0.00594059405940594
"KRT39",3,505,0.00594059405940594
"KRT76",3,505,0.00594059405940594
"KRTAP1-1",3,505,0.00594059405940594
"KRTAP10-1",3,505,0.00594059405940594
"KRTAP10-12",3,505,0.00594059405940594
"KRTAP10-5",3,505,0.00594059405940594
"KRTAP3-3",3,505,0.00594059405940594
"KRTAP4-2",3,505,0.00594059405940594
"KRTAP4-5",3,505,0.00594059405940594
"KRTAP8-1",3,505,0.00594059405940594
"L3HYPDH",3,505,0.00594059405940594
"LAG3",3,505,0.00594059405940594
"LANCL3",3,505,0.00594059405940594
"LASP1",3,505,0.00594059405940594
"LAT2",3,505,0.00594059405940594
"LBX1",3,505,0.00594059405940594
"LBX2",3,505,0.00594059405940594
"LCE3B",3,505,0.00594059405940594
"LCE4A",3,505,0.00594059405940594
"LDB1",3,505,0.00594059405940594
"LDHAL6B",3,505,0.00594059405940594
"LDOC1",3,505,0.00594059405940594
"LEMD2",3,505,0.00594059405940594
"LGALS12",3,505,0.00594059405940594
"LGALS14",3,505,0.00594059405940594
"LGALSL",3,505,0.00594059405940594
"LHX3",3,505,0.00594059405940594
"LHX6",3,505,0.00594059405940594
"LIMD1",3,505,0.00594059405940594
"LINGO3",3,505,0.00594059405940594
"LINGO4",3,505,0.00594059405940594
"LIPE",3,505,0.00594059405940594
"LIPH",3,505,0.00594059405940594
"LIX1",3,505,0.00594059405940594
"LMBR1",3,505,0.00594059405940594
"LMCD1",3,505,0.00594059405940594
"LMOD3",3,505,0.00594059405940594
"LMTK3",3,505,0.00594059405940594
"LNX2",3,505,0.00594059405940594
"LONRF2",3,505,0.00594059405940594
"LOXL3",3,505,0.00594059405940594
"LPAR1",3,505,0.00594059405940594
"LPIN3",3,505,0.00594059405940594
"LRATD2",3,505,0.00594059405940594
"LRIG1",3,505,0.00594059405940594
"LRMDA",3,505,0.00594059405940594
"LRR1",3,505,0.00594059405940594
"LRRC10",3,505,0.00594059405940594
"LRRC14B",3,505,0.00594059405940594
"LRRC28",3,505,0.00594059405940594
"LRRC3B",3,505,0.00594059405940594
"LRRC47",3,505,0.00594059405940594
"LRRC52",3,505,0.00594059405940594
"LRRC55",3,505,0.00594059405940594
"LRRC56",3,505,0.00594059405940594
"LRRC57",3,505,0.00594059405940594
"LRRC8A",3,505,0.00594059405940594
"LRRFIP1",3,505,0.00594059405940594
"LRRN4",3,505,0.00594059405940594
"LRRN4CL",3,505,0.00594059405940594
"LRSAM1",3,505,0.00594059405940594
"LUC7L2",3,505,0.00594059405940594
"LUC7L3",3,505,0.00594059405940594
"LURAP1L",3,505,0.00594059405940594
"LY6D",3,505,0.00594059405940594
"LY6K",3,505,0.00594059405940594
"LY86",3,505,0.00594059405940594
"LYPD4",3,505,0.00594059405940594
"LZTS2",3,505,0.00594059405940594
"MAD2L1BP",3,505,0.00594059405940594
"MAEA",3,505,0.00594059405940594
"MAF",3,505,0.00594059405940594
"MAGEF1",3,505,0.00594059405940594
"MAGIX",3,505,0.00594059405940594
"MAMDC2",3,505,0.00594059405940594
"MAN1B1",3,505,0.00594059405940594
"MAN2B1",3,505,0.00594059405940594
"MAOA",3,505,0.00594059405940594
"MAP2K5",3,505,0.00594059405940594
"MAP3K10",3,505,0.00594059405940594
"MAP3K2",3,505,0.00594059405940594
"MAP3K7CL",3,505,0.00594059405940594
"MAP3K8",3,505,0.00594059405940594
"MAPK1",3,505,0.00594059405940594
"MAPK14",3,505,0.00594059405940594
"MAPK3",3,505,0.00594059405940594
"MAPK8",3,505,0.00594059405940594
"MAPKAPK3",3,505,0.00594059405940594
"MARCHF3",3,505,0.00594059405940594
"MARS1",3,505,0.00594059405940594
"MAT2B",3,505,0.00594059405940594
"MATN1",3,505,0.00594059405940594
"MATN3",3,505,0.00594059405940594
"MAVS",3,505,0.00594059405940594
"MBD2",3,505,0.00594059405940594
"MBD3L1",3,505,0.00594059405940594
"MBTPS2",3,505,0.00594059405940594
"MCAT",3,505,0.00594059405940594
"MCTS1",3,505,0.00594059405940594
"MCU",3,505,0.00594059405940594
"MDFIC",3,505,0.00594059405940594
"MEAF6",3,505,0.00594059405940594
"MED26",3,505,0.00594059405940594
"MED27",3,505,0.00594059405940594
"MELK",3,505,0.00594059405940594
"MEN1",3,505,0.00594059405940594
"MEOX1",3,505,0.00594059405940594
"MEP1B",3,505,0.00594059405940594
"MEPCE",3,505,0.00594059405940594
"METAP1",3,505,0.00594059405940594
"METTL15",3,505,0.00594059405940594
"METTL16",3,505,0.00594059405940594
"METTL21C",3,505,0.00594059405940594
"METTL3",3,505,0.00594059405940594
"METTL7B",3,505,0.00594059405940594
"MEX3A",3,505,0.00594059405940594
"MFAP3",3,505,0.00594059405940594
"MFAP5",3,505,0.00594059405940594
"MFF",3,505,0.00594059405940594
"MFGE8",3,505,0.00594059405940594
"MFSD12",3,505,0.00594059405940594
"MFSD4A",3,505,0.00594059405940594
"MGAT4B",3,505,0.00594059405940594
"MGRN1",3,505,0.00594059405940594
"MICAL1",3,505,0.00594059405940594
"MIDN",3,505,0.00594059405940594
"MIEF1",3,505,0.00594059405940594
"MIIP",3,505,0.00594059405940594
"MINK1",3,505,0.00594059405940594
"MKNK2",3,505,0.00594059405940594
"MKRN2",3,505,0.00594059405940594
"MLF1",3,505,0.00594059405940594
"MLF2",3,505,0.00594059405940594
"MLH3",3,505,0.00594059405940594
"MLLT1",3,505,0.00594059405940594
"MLX",3,505,0.00594059405940594
"MMAB",3,505,0.00594059405940594
"MMP24",3,505,0.00594059405940594
"MNAT1",3,505,0.00594059405940594
"MOAP1",3,505,0.00594059405940594
"MORN5",3,505,0.00594059405940594
"MPL",3,505,0.00594059405940594
"MPPE1",3,505,0.00594059405940594
"MRFAP1",3,505,0.00594059405940594
"MRM2",3,505,0.00594059405940594
"MRO",3,505,0.00594059405940594
"MROH6",3,505,0.00594059405940594
"MRPL13",3,505,0.00594059405940594
"MRPL14",3,505,0.00594059405940594
"MRPL15",3,505,0.00594059405940594
"MRPL16",3,505,0.00594059405940594
"MRPL21",3,505,0.00594059405940594
"MRPL3",3,505,0.00594059405940594
"MRPL35",3,505,0.00594059405940594
"MRPL42",3,505,0.00594059405940594
"MRPL47",3,505,0.00594059405940594
"MRPS27",3,505,0.00594059405940594
"MRPS28",3,505,0.00594059405940594
"MRPS31",3,505,0.00594059405940594
"MRPS7",3,505,0.00594059405940594
"MRS2",3,505,0.00594059405940594
"MS4A13",3,505,0.00594059405940594
"MS4A15",3,505,0.00594059405940594
"MSMO1",3,505,0.00594059405940594
"MSRA",3,505,0.00594059405940594
"MSTN",3,505,0.00594059405940594
"MSX1",3,505,0.00594059405940594
"MTARC2",3,505,0.00594059405940594
"MTDH",3,505,0.00594059405940594
"MTHFD1",3,505,0.00594059405940594
"MTMR3",3,505,0.00594059405940594
"MTPAP",3,505,0.00594059405940594
"MUTYH",3,505,0.00594059405940594
"MVK",3,505,0.00594059405940594
"MYADM",3,505,0.00594059405940594
"MYC",3,505,0.00594059405940594
"MYL7",3,505,0.00594059405940594
"MYNN",3,505,0.00594059405940594
"MYOD1",3,505,0.00594059405940594
"MYORG",3,505,0.00594059405940594
"NAA25",3,505,0.00594059405940594
"NAA35",3,505,0.00594059405940594
"NAA60",3,505,0.00594059405940594
"NAGK",3,505,0.00594059405940594
"NANOG",3,505,0.00594059405940594
"NAPB",3,505,0.00594059405940594
"NARS1",3,505,0.00594059405940594
"NASP",3,505,0.00594059405940594
"NAT1",3,505,0.00594059405940594
"NAT16",3,505,0.00594059405940594
"NAT2",3,505,0.00594059405940594
"NBPF15",3,505,0.00594059405940594
"NCCRP1",3,505,0.00594059405940594
"NCDN",3,505,0.00594059405940594
"NCF1",3,505,0.00594059405940594
"NCKIPSD",3,505,0.00594059405940594
"NCLN",3,505,0.00594059405940594
"NCR2",3,505,0.00594059405940594
"NCS1",3,505,0.00594059405940594
"NDRG3",3,505,0.00594059405940594
"NDST2",3,505,0.00594059405940594
"NDUFA8",3,505,0.00594059405940594
"NDUFA9",3,505,0.00594059405940594
"NDUFAF1",3,505,0.00594059405940594
"NDUFAF6",3,505,0.00594059405940594
"NDUFB11",3,505,0.00594059405940594
"NEK4",3,505,0.00594059405940594
"NEK9",3,505,0.00594059405940594
"NEU3",3,505,0.00594059405940594
"NEUROG2",3,505,0.00594059405940594
"NEXN",3,505,0.00594059405940594
"NFE2L3",3,505,0.00594059405940594
"NHEJ1",3,505,0.00594059405940594
"NHLRC2",3,505,0.00594059405940594
"NIPA1",3,505,0.00594059405940594
"NKPD1",3,505,0.00594059405940594
"NKX3-1",3,505,0.00594059405940594
"NLE1",3,505,0.00594059405940594
"NMD3",3,505,0.00594059405940594
"NME7",3,505,0.00594059405940594
"NMNAT1",3,505,0.00594059405940594
"NMRK2",3,505,0.00594059405940594
"NOC2L",3,505,0.00594059405940594
"NODAL",3,505,0.00594059405940594
"NOL8",3,505,0.00594059405940594
"NOMO2",3,505,0.00594059405940594
"NOP2",3,505,0.00594059405940594
"NOP53",3,505,0.00594059405940594
"NOP58",3,505,0.00594059405940594
"NOTUM",3,505,0.00594059405940594
"NPBWR1",3,505,0.00594059405940594
"NPM2",3,505,0.00594059405940594
"NPPA",3,505,0.00594059405940594
"NPRL3",3,505,0.00594059405940594
"NPTN",3,505,0.00594059405940594
"NPTX1",3,505,0.00594059405940594
"NQO2",3,505,0.00594059405940594
"NR0B2",3,505,0.00594059405940594
"NR1H3",3,505,0.00594059405940594
"NR1I2",3,505,0.00594059405940594
"NRAS",3,505,0.00594059405940594
"NRG2",3,505,0.00594059405940594
"NRIP2",3,505,0.00594059405940594
"NRL",3,505,0.00594059405940594
"NSFL1C",3,505,0.00594059405940594
"NSUN5",3,505,0.00594059405940594
"NT5C2",3,505,0.00594059405940594
"NT5DC3",3,505,0.00594059405940594
"NTSR2",3,505,0.00594059405940594
"NUAK2",3,505,0.00594059405940594
"NUDT17",3,505,0.00594059405940594
"NUFIP1",3,505,0.00594059405940594
"NUMB",3,505,0.00594059405940594
"NUP42",3,505,0.00594059405940594
"NUP62",3,505,0.00594059405940594
"NUP85",3,505,0.00594059405940594
"NUTM2D",3,505,0.00594059405940594
"NXPH4",3,505,0.00594059405940594
"OAF",3,505,0.00594059405940594
"OAT",3,505,0.00594059405940594
"OCM",3,505,0.00594059405940594
"ODF3L2",3,505,0.00594059405940594
"OGN",3,505,0.00594059405940594
"OLFM2",3,505,0.00594059405940594
"OMA1",3,505,0.00594059405940594
"ONECUT2",3,505,0.00594059405940594
"OR10A3",3,505,0.00594059405940594
"OR10H1",3,505,0.00594059405940594
"OR13J1",3,505,0.00594059405940594
"OR1D2",3,505,0.00594059405940594
"OR1E1",3,505,0.00594059405940594
"OR1F1",3,505,0.00594059405940594
"OR1L6",3,505,0.00594059405940594
"OR2A7",3,505,0.00594059405940594
"OR2K2",3,505,0.00594059405940594
"OR2T29",3,505,0.00594059405940594
"OR2Y1",3,505,0.00594059405940594
"OR3A3",3,505,0.00594059405940594
"OR4D1",3,505,0.00594059405940594
"OR6C4",3,505,0.00594059405940594
"OR6C75",3,505,0.00594059405940594
"OR7C1",3,505,0.00594059405940594
"ORC4",3,505,0.00594059405940594
"OSBPL9",3,505,0.00594059405940594
"OSCP1",3,505,0.00594059405940594
"OSTN",3,505,0.00594059405940594
"OTOR",3,505,0.00594059405940594
"OTOS",3,505,0.00594059405940594
"OTULIN",3,505,0.00594059405940594
"OTX1",3,505,0.00594059405940594
"OVOL1",3,505,0.00594059405940594
"OXTR",3,505,0.00594059405940594
"P2RX2",3,505,0.00594059405940594
"P2RX3",3,505,0.00594059405940594
"P2RX6",3,505,0.00594059405940594
"P2RY1",3,505,0.00594059405940594
"P2RY12",3,505,0.00594059405940594
"P2RY2",3,505,0.00594059405940594
"P3H4",3,505,0.00594059405940594
"P4HA3",3,505,0.00594059405940594
"P4HTM",3,505,0.00594059405940594
"PABPC4",3,505,0.00594059405940594
"PACRGL",3,505,0.00594059405940594
"PACSIN3",3,505,0.00594059405940594
"PAF1",3,505,0.00594059405940594
"PAGE5",3,505,0.00594059405940594
"PAN3",3,505,0.00594059405940594
"PANK2",3,505,0.00594059405940594
"PAQR6",3,505,0.00594059405940594
"PAQR8",3,505,0.00594059405940594
"PARD6B",3,505,0.00594059405940594
"PARN",3,505,0.00594059405940594
"PARP10",3,505,0.00594059405940594
"PARPBP",3,505,0.00594059405940594
"PARVA",3,505,0.00594059405940594
"PBX2",3,505,0.00594059405940594
"PBX4",3,505,0.00594059405940594
"PCMTD2",3,505,0.00594059405940594
"PDCD1",3,505,0.00594059405940594
"PDCD10",3,505,0.00594059405940594
"PDCD5",3,505,0.00594059405940594
"PDCL2",3,505,0.00594059405940594
"PDE6G",3,505,0.00594059405940594
"PDE7B",3,505,0.00594059405940594
"PDGFA",3,505,0.00594059405940594
"PDIA2",3,505,0.00594059405940594
"PDIA5",3,505,0.00594059405940594
"PDIA6",3,505,0.00594059405940594
"PDK3",3,505,0.00594059405940594
"PDK4",3,505,0.00594059405940594
"PDP1",3,505,0.00594059405940594
"PDP2",3,505,0.00594059405940594
"PDPN",3,505,0.00594059405940594
"PDZD7",3,505,0.00594059405940594
"PEX11A",3,505,0.00594059405940594
"PEX16",3,505,0.00594059405940594
"PEX26",3,505,0.00594059405940594
"PEX6",3,505,0.00594059405940594
"PFKFB4",3,505,0.00594059405940594
"PGC",3,505,0.00594059405940594
"PHACTR1",3,505,0.00594059405940594
"PHB2",3,505,0.00594059405940594
"PHC1",3,505,0.00594059405940594
"PHF6",3,505,0.00594059405940594
"PHKG2",3,505,0.00594059405940594
"PHLDA1",3,505,0.00594059405940594
"PHLDA3",3,505,0.00594059405940594
"PHLDB3",3,505,0.00594059405940594
"PHTF1",3,505,0.00594059405940594
"PI4K2A",3,505,0.00594059405940594
"PID1",3,505,0.00594059405940594
"PIGK",3,505,0.00594059405940594
"PIGZ",3,505,0.00594059405940594
"PIH1D2",3,505,0.00594059405940594
"PIK3R2",3,505,0.00594059405940594
"PIP4K2A",3,505,0.00594059405940594
"PIR",3,505,0.00594059405940594
"PKN1",3,505,0.00594059405940594
"PLA2G4D",3,505,0.00594059405940594
"PLA2G6",3,505,0.00594059405940594
"PLA2G7",3,505,0.00594059405940594
"PLAAT4",3,505,0.00594059405940594
"PLAAT5",3,505,0.00594059405940594
"PLAC8",3,505,0.00594059405940594
"PLAGL1",3,505,0.00594059405940594
"PLAU",3,505,0.00594059405940594
"PLAUR",3,505,0.00594059405940594
"PLD3",3,505,0.00594059405940594
"PLD4",3,505,0.00594059405940594
"PLEKHA3",3,505,0.00594059405940594
"PLEKHG6",3,505,0.00594059405940594
"PLIN3",3,505,0.00594059405940594
"PLK3",3,505,0.00594059405940594
"PLPP7",3,505,0.00594059405940594
"PLS1",3,505,0.00594059405940594
"PLS3",3,505,0.00594059405940594
"PM20D1",3,505,0.00594059405940594
"PMM1",3,505,0.00594059405940594
"PNCK",3,505,0.00594059405940594
"PNMA8A",3,505,0.00594059405940594
"PNO1",3,505,0.00594059405940594
"PNPLA4",3,505,0.00594059405940594
"PNRC1",3,505,0.00594059405940594
"POC1B",3,505,0.00594059405940594
"POGLUT3",3,505,0.00594059405940594
"POLD2",3,505,0.00594059405940594
"POLI",3,505,0.00594059405940594
"POLK",3,505,0.00594059405940594
"POLN",3,505,0.00594059405940594
"POLR1G",3,505,0.00594059405940594
"POMC",3,505,0.00594059405940594
"POMT2",3,505,0.00594059405940594
"PON1",3,505,0.00594059405940594
"POP4",3,505,0.00594059405940594
"POP7",3,505,0.00594059405940594
"POU2F3",3,505,0.00594059405940594
"POU3F2",3,505,0.00594059405940594
"POU3F3",3,505,0.00594059405940594
"POU5F2",3,505,0.00594059405940594
"PPARA",3,505,0.00594059405940594
"PPDPFL",3,505,0.00594059405940594
"PPHLN1",3,505,0.00594059405940594
"PPIAL4G",3,505,0.00594059405940594
"PPIL2",3,505,0.00594059405940594
"PPIL4",3,505,0.00594059405940594
"PPM1K",3,505,0.00594059405940594
"PPP1R18",3,505,0.00594059405940594
"PPP1R32",3,505,0.00594059405940594
"PPP1R36",3,505,0.00594059405940594
"PPP1R3C",3,505,0.00594059405940594
"PPP1R3D",3,505,0.00594059405940594
"PPP1R7",3,505,0.00594059405940594
"PPP2R1B",3,505,0.00594059405940594
"PPP2R2D",3,505,0.00594059405940594
"PPP2R3A",3,505,0.00594059405940594
"PPP3CC",3,505,0.00594059405940594
"PPP6C",3,505,0.00594059405940594
"PPP6R2",3,505,0.00594059405940594
"PPT2",3,505,0.00594059405940594
"PRAMEF5",3,505,0.00594059405940594
"PRDX1",3,505,0.00594059405940594
"PRDX4",3,505,0.00594059405940594
"PRELID2",3,505,0.00594059405940594
"PRICKLE4",3,505,0.00594059405940594
"PRKACA",3,505,0.00594059405940594
"PRKACG",3,505,0.00594059405940594
"PRKRA",3,505,0.00594059405940594
"PRMT7",3,505,0.00594059405940594
"PRNP",3,505,0.00594059405940594
"PROP1",3,505,0.00594059405940594
"PROSER3",3,505,0.00594059405940594
"PROX2",3,505,0.00594059405940594
"PRPF18",3,505,0.00594059405940594
"PRPF31",3,505,0.00594059405940594
"PRPF6",3,505,0.00594059405940594
"PRPS1",3,505,0.00594059405940594
"PRPS2",3,505,0.00594059405940594
"PRR14",3,505,0.00594059405940594
"PRRC1",3,505,0.00594059405940594
"PRRT3",3,505,0.00594059405940594
"PRUNE1",3,505,0.00594059405940594
"PSAT1",3,505,0.00594059405940594
"PSMA8",3,505,0.00594059405940594
"PSMC2",3,505,0.00594059405940594
"PSMC4",3,505,0.00594059405940594
"PSTPIP1",3,505,0.00594059405940594
"PTH",3,505,0.00594059405940594
"PTHLH",3,505,0.00594059405940594
"PTMA",3,505,0.00594059405940594
"PTPN1",3,505,0.00594059405940594
"PTPN12",3,505,0.00594059405940594
"PTPN18",3,505,0.00594059405940594
"PTTG2",3,505,0.00594059405940594
"PURB",3,505,0.00594059405940594
"PUS10",3,505,0.00594059405940594
"PVALB",3,505,0.00594059405940594
"PWP1",3,505,0.00594059405940594
"PYDC1",3,505,0.00594059405940594
"PYGB",3,505,0.00594059405940594
"QPCT",3,505,0.00594059405940594
"RAB20",3,505,0.00594059405940594
"RAB27B",3,505,0.00594059405940594
"RAB40AL",3,505,0.00594059405940594
"RAB8A",3,505,0.00594059405940594
"RAB8B",3,505,0.00594059405940594
"RACK1",3,505,0.00594059405940594
"RAD51B",3,505,0.00594059405940594
"RAD52",3,505,0.00594059405940594
"RALBP1",3,505,0.00594059405940594
"RANGAP1",3,505,0.00594059405940594
"RAP1GAP2",3,505,0.00594059405940594
"RAPSN",3,505,0.00594059405940594
"RASL10B",3,505,0.00594059405940594
"RASSF8",3,505,0.00594059405940594
"RASSF9",3,505,0.00594059405940594
"RAVER1",3,505,0.00594059405940594
"RAVER2",3,505,0.00594059405940594
"RBM17",3,505,0.00594059405940594
"RBM39",3,505,0.00594059405940594
"RBM5",3,505,0.00594059405940594
"RBPJ",3,505,0.00594059405940594
"RCC1",3,505,0.00594059405940594
"RCC1L",3,505,0.00594059405940594
"RCC2",3,505,0.00594059405940594
"RDH16",3,505,0.00594059405940594
"RDM1",3,505,0.00594059405940594
"RDX",3,505,0.00594059405940594
"REEP1",3,505,0.00594059405940594
"REG4",3,505,0.00594059405940594
"RELA",3,505,0.00594059405940594
"REP15",3,505,0.00594059405940594
"REPS2",3,505,0.00594059405940594
"RETREG2",3,505,0.00594059405940594
"REXO5",3,505,0.00594059405940594
"RFC2",3,505,0.00594059405940594
"RFLNA",3,505,0.00594059405940594
"RFTN1",3,505,0.00594059405940594
"RGL2",3,505,0.00594059405940594
"RGL3",3,505,0.00594059405940594
"RGMA",3,505,0.00594059405940594
"RGP1",3,505,0.00594059405940594
"RGR",3,505,0.00594059405940594
"RGS16",3,505,0.00594059405940594
"RHBDD1",3,505,0.00594059405940594
"RHBDD2",3,505,0.00594059405940594
"RHBG",3,505,0.00594059405940594
"RHCE",3,505,0.00594059405940594
"RHEB",3,505,0.00594059405940594
"RHOT1",3,505,0.00594059405940594
"RHOU",3,505,0.00594059405940594
"RHOXF2B",3,505,0.00594059405940594
"RHPN2",3,505,0.00594059405940594
"RIBC1",3,505,0.00594059405940594
"RIN2",3,505,0.00594059405940594
"RIOK3",3,505,0.00594059405940594
"RIOX2",3,505,0.00594059405940594
"RIPK3",3,505,0.00594059405940594
"RIPK4",3,505,0.00594059405940594
"RIPOR1",3,505,0.00594059405940594
"RNASE13",3,505,0.00594059405940594
"RND2",3,505,0.00594059405940594
"RNF121",3,505,0.00594059405940594
"RNF122",3,505,0.00594059405940594
"RNF145",3,505,0.00594059405940594
"RNF149",3,505,0.00594059405940594
"RNF2",3,505,0.00594059405940594
"RNF217",3,505,0.00594059405940594
"RNF38",3,505,0.00594059405940594
"RNF41",3,505,0.00594059405940594
"ROPN1B",3,505,0.00594059405940594
"RP2",3,505,0.00594059405940594
"RPL14",3,505,0.00594059405940594
"RPLP2",3,505,0.00594059405940594
"RPP40",3,505,0.00594059405940594
"RPRD1B",3,505,0.00594059405940594
"RPS6KA1",3,505,0.00594059405940594
"RPS6KA4",3,505,0.00594059405940594
"RPS6KB1",3,505,0.00594059405940594
"RPUSD2",3,505,0.00594059405940594
"RRP1",3,505,0.00594059405940594
"RSBN1L",3,505,0.00594059405940594
"RSPH10B2",3,505,0.00594059405940594
"RSPO4",3,505,0.00594059405940594
"RSRC1",3,505,0.00594059405940594
"RSRC2",3,505,0.00594059405940594
"RSRP1",3,505,0.00594059405940594
"RTF1",3,505,0.00594059405940594
"RTF2",3,505,0.00594059405940594
"RTL10",3,505,0.00594059405940594
"RTN4RL2",3,505,0.00594059405940594
"RTRAF",3,505,0.00594059405940594
"RUFY1",3,505,0.00594059405940594
"RUFY4",3,505,0.00594059405940594
"RUNX1",3,505,0.00594059405940594
"RUSC1",3,505,0.00594059405940594
"RXYLT1",3,505,0.00594059405940594
"RYBP",3,505,0.00594059405940594
"RYK",3,505,0.00594059405940594
"S100A12",3,505,0.00594059405940594
"S100A7L2",3,505,0.00594059405940594
"S1PR4",3,505,0.00594059405940594
"S1PR5",3,505,0.00594059405940594
"SAMD4B",3,505,0.00594059405940594
"SARAF",3,505,0.00594059405940594
"SART3",3,505,0.00594059405940594
"SBNO2",3,505,0.00594059405940594
"SCAMP5",3,505,0.00594059405940594
"SCNN1A",3,505,0.00594059405940594
"SCPEP1",3,505,0.00594059405940594
"SCRN2",3,505,0.00594059405940594
"SCTR",3,505,0.00594059405940594
"SDCBP2",3,505,0.00594059405940594
"SDHAF3",3,505,0.00594059405940594
"SDHD",3,505,0.00594059405940594
"SDR9C7",3,505,0.00594059405940594
"SDS",3,505,0.00594059405940594
"SELENOI",3,505,0.00594059405940594
"SELENON",3,505,0.00594059405940594
"SEPHS1",3,505,0.00594059405940594
"SEPTIN11",3,505,0.00594059405940594
"SEPTIN12",3,505,0.00594059405940594
"SEPTIN2",3,505,0.00594059405940594
"SEPTIN9",3,505,0.00594059405940594
"SERINC3",3,505,0.00594059405940594
"SERPINC1",3,505,0.00594059405940594
"SERPIND1",3,505,0.00594059405940594
"SERPINE3",3,505,0.00594059405940594
"SFI1",3,505,0.00594059405940594
"SFRP1",3,505,0.00594059405940594
"SFRP2",3,505,0.00594059405940594
"SFTPA2",3,505,0.00594059405940594
"SFXN1",3,505,0.00594059405940594
"SGCG",3,505,0.00594059405940594
"SGPL1",3,505,0.00594059405940594
"SGPP1",3,505,0.00594059405940594
"SGSM1",3,505,0.00594059405940594
"SGTB",3,505,0.00594059405940594
"SH2D1A",3,505,0.00594059405940594
"SH2D1B",3,505,0.00594059405940594
"SH2D3A",3,505,0.00594059405940594
"SHC1",3,505,0.00594059405940594
"SHC2",3,505,0.00594059405940594
"SHD",3,505,0.00594059405940594
"SHE",3,505,0.00594059405940594
"SHISA3",3,505,0.00594059405940594
"SHKBP1",3,505,0.00594059405940594
"SHMT2",3,505,0.00594059405940594
"SHTN1",3,505,0.00594059405940594
"SIDT1",3,505,0.00594059405940594
"SIDT2",3,505,0.00594059405940594
"SIX1",3,505,0.00594059405940594
"SKA1",3,505,0.00594059405940594
"SKP2",3,505,0.00594059405940594
"SLC12A4",3,505,0.00594059405940594
"SLC12A8",3,505,0.00594059405940594
"SLC13A1",3,505,0.00594059405940594
"SLC15A4",3,505,0.00594059405940594
"SLC16A10",3,505,0.00594059405940594
"SLC16A12",3,505,0.00594059405940594
"SLC16A14",3,505,0.00594059405940594
"SLC16A2",3,505,0.00594059405940594
"SLC16A5",3,505,0.00594059405940594
"SLC17A5",3,505,0.00594059405940594
"SLC19A1",3,505,0.00594059405940594
"SLC19A2",3,505,0.00594059405940594
"SLC1A7",3,505,0.00594059405940594
"SLC22A10",3,505,0.00594059405940594
"SLC22A13",3,505,0.00594059405940594
"SLC22A23",3,505,0.00594059405940594
"SLC22A3",3,505,0.00594059405940594
"SLC22A4",3,505,0.00594059405940594
"SLC25A16",3,505,0.00594059405940594
"SLC25A23",3,505,0.00594059405940594
"SLC25A36",3,505,0.00594059405940594
"SLC25A40",3,505,0.00594059405940594
"SLC25A41",3,505,0.00594059405940594
"SLC26A6",3,505,0.00594059405940594
"SLC26A8",3,505,0.00594059405940594
"SLC27A1",3,505,0.00594059405940594
"SLC27A4",3,505,0.00594059405940594
"SLC2A11",3,505,0.00594059405940594
"SLC2A12",3,505,0.00594059405940594
"SLC2A4",3,505,0.00594059405940594
"SLC2A4RG",3,505,0.00594059405940594
"SLC33A1",3,505,0.00594059405940594
"SLC35B1",3,505,0.00594059405940594
"SLC35B4",3,505,0.00594059405940594
"SLC35C1",3,505,0.00594059405940594
"SLC35C2",3,505,0.00594059405940594
"SLC35D3",3,505,0.00594059405940594
"SLC35F5",3,505,0.00594059405940594
"SLC37A1",3,505,0.00594059405940594
"SLC37A2",3,505,0.00594059405940594
"SLC38A1",3,505,0.00594059405940594
"SLC38A2",3,505,0.00594059405940594
"SLC39A10",3,505,0.00594059405940594
"SLC39A5",3,505,0.00594059405940594
"SLC40A1",3,505,0.00594059405940594
"SLC41A1",3,505,0.00594059405940594
"SLC41A2",3,505,0.00594059405940594
"SLC41A3",3,505,0.00594059405940594
"SLC43A1",3,505,0.00594059405940594
"SLC44A2",3,505,0.00594059405940594
"SLC45A4",3,505,0.00594059405940594
"SLC46A3",3,505,0.00594059405940594
"SLC49A3",3,505,0.00594059405940594
"SLC52A1",3,505,0.00594059405940594
"SLC66A2",3,505,0.00594059405940594
"SLC6A6",3,505,0.00594059405940594
"SLC7A2",3,505,0.00594059405940594
"SLC7A5",3,505,0.00594059405940594
"SLC8B1",3,505,0.00594059405940594
"SLC9A1",3,505,0.00594059405940594
"SLCO3A1",3,505,0.00594059405940594
"SLMAP",3,505,0.00594059405940594
"SMAP2",3,505,0.00594059405940594
"SMIM21",3,505,0.00594059405940594
"SMS",3,505,0.00594059405940594
"SMTNL1",3,505,0.00594059405940594
"SMTNL2",3,505,0.00594059405940594
"SMU1",3,505,0.00594059405940594
"SMYD5",3,505,0.00594059405940594
"SNAI1",3,505,0.00594059405940594
"SNAP23",3,505,0.00594059405940594
"SNED1",3,505,0.00594059405940594
"SNRNP40",3,505,0.00594059405940594
"SNRPC",3,505,0.00594059405940594
"SNTA1",3,505,0.00594059405940594
"SNTB1",3,505,0.00594059405940594
"SNURF",3,505,0.00594059405940594
"SNX10",3,505,0.00594059405940594
"SNX12",3,505,0.00594059405940594
"SNX18",3,505,0.00594059405940594
"SNX24",3,505,0.00594059405940594
"SOCS2",3,505,0.00594059405940594
"SOCS5",3,505,0.00594059405940594
"SOHLH1",3,505,0.00594059405940594
"SP7",3,505,0.00594059405940594
"SPANXC",3,505,0.00594059405940594
"SPARCL1",3,505,0.00594059405940594
"SPATA13",3,505,0.00594059405940594
"SPATA2",3,505,0.00594059405940594
"SPATA9",3,505,0.00594059405940594
"SPATS1",3,505,0.00594059405940594
"SPATS2L",3,505,0.00594059405940594
"SPDYE5",3,505,0.00594059405940594
"SPI1",3,505,0.00594059405940594
"SPIN3",3,505,0.00594059405940594
"SPIN4",3,505,0.00594059405940594
"SPIRE2",3,505,0.00594059405940594
"SPNS1",3,505,0.00594059405940594
"SPRR1B",3,505,0.00594059405940594
"SPRR2E",3,505,0.00594059405940594
"SPRTN",3,505,0.00594059405940594
"SPRY1",3,505,0.00594059405940594
"SPRY4",3,505,0.00594059405940594
"SPSB4",3,505,0.00594059405940594
"SPTY2D1",3,505,0.00594059405940594
"SRP68",3,505,0.00594059405940594
"SRSF11",3,505,0.00594059405940594
"SSPN",3,505,0.00594059405940594
"SSR3",3,505,0.00594059405940594
"SSR4",3,505,0.00594059405940594
"SSTR2",3,505,0.00594059405940594
"SSX1",3,505,0.00594059405940594
"SSX2IP",3,505,0.00594059405940594
"SSX3",3,505,0.00594059405940594
"ST3GAL2",3,505,0.00594059405940594
"ST3GAL6",3,505,0.00594059405940594
"ST6GAL1",3,505,0.00594059405940594
"ST7",3,505,0.00594059405940594
"STAC3",3,505,0.00594059405940594
"STAMBPL1",3,505,0.00594059405940594
"STARD10",3,505,0.00594059405940594
"STARD3NL",3,505,0.00594059405940594
"STAU1",3,505,0.00594059405940594
"STC1",3,505,0.00594059405940594
"STING1",3,505,0.00594059405940594
"STK16",3,505,0.00594059405940594
"STK24",3,505,0.00594059405940594
"STK38",3,505,0.00594059405940594
"STN1",3,505,0.00594059405940594
"STRBP",3,505,0.00594059405940594
"STRN4",3,505,0.00594059405940594
"STX11",3,505,0.00594059405940594
"STX12",3,505,0.00594059405940594
"STX16",3,505,0.00594059405940594
"STX17",3,505,0.00594059405940594
"STX18",3,505,0.00594059405940594
"STX5",3,505,0.00594059405940594
"STX7",3,505,0.00594059405940594
"SULT1A1",3,505,0.00594059405940594
"SULT1A2",3,505,0.00594059405940594
"SULT1C2",3,505,0.00594059405940594
"SUPT3H",3,505,0.00594059405940594
"SURF4",3,505,0.00594059405940594
"SURF6",3,505,0.00594059405940594
"SUSD4",3,505,0.00594059405940594
"SUV39H2",3,505,0.00594059405940594
"SWAP70",3,505,0.00594059405940594
"SWI5",3,505,0.00594059405940594
"SYCP3",3,505,0.00594059405940594
"SYF2",3,505,0.00594059405940594
"SYNGR1",3,505,0.00594059405940594
"SYNGR4",3,505,0.00594059405940594
"SYNPR",3,505,0.00594059405940594
"SYPL2",3,505,0.00594059405940594
"SYT15",3,505,0.00594059405940594
"TACR1",3,505,0.00594059405940594
"TADA1",3,505,0.00594059405940594
"TAF1D",3,505,0.00594059405940594
"TAFA1",3,505,0.00594059405940594
"TAFA3",3,505,0.00594059405940594
"TAGLN3",3,505,0.00594059405940594
"TANK",3,505,0.00594059405940594
"TAS2R14",3,505,0.00594059405940594
"TAS2R20",3,505,0.00594059405940594
"TAS2R31",3,505,0.00594059405940594
"TAS2R42",3,505,0.00594059405940594
"TAS2R46",3,505,0.00594059405940594
"TAS2R7",3,505,0.00594059405940594
"TASP1",3,505,0.00594059405940594
"TATDN2",3,505,0.00594059405940594
"TATDN3",3,505,0.00594059405940594
"TBC1D24",3,505,0.00594059405940594
"TBC1D3F",3,505,0.00594059405940594
"TBCC",3,505,0.00594059405940594
"TBCCD1",3,505,0.00594059405940594
"TBK1",3,505,0.00594059405940594
"TBX1",3,505,0.00594059405940594
"TBX10",3,505,0.00594059405940594
"TCEA2",3,505,0.00594059405940594
"TCEA3",3,505,0.00594059405940594
"TCEANC",3,505,0.00594059405940594
"TCF21",3,505,0.00594059405940594
"TCF7L1",3,505,0.00594059405940594
"TCP11L1",3,505,0.00594059405940594
"TDG",3,505,0.00594059405940594
"TDP2",3,505,0.00594059405940594
"TEF",3,505,0.00594059405940594
"TELO2",3,505,0.00594059405940594
"TENT2",3,505,0.00594059405940594
"TEX101",3,505,0.00594059405940594
"TFB1M",3,505,0.00594059405940594
"TFB2M",3,505,0.00594059405940594
"TFCP2L1",3,505,0.00594059405940594
"TFE3",3,505,0.00594059405940594
"TFF2",3,505,0.00594059405940594
"TFPI",3,505,0.00594059405940594
"TFPI2",3,505,0.00594059405940594
"TFR2",3,505,0.00594059405940594
"TGFB1",3,505,0.00594059405940594
"TGFBR2",3,505,0.00594059405940594
"THAP5",3,505,0.00594059405940594
"THBD",3,505,0.00594059405940594
"THBS3",3,505,0.00594059405940594
"THG1L",3,505,0.00594059405940594
"TIFAB",3,505,0.00594059405940594
"TIGAR",3,505,0.00594059405940594
"TIGD4",3,505,0.00594059405940594
"TIGD5",3,505,0.00594059405940594
"TIMM17B",3,505,0.00594059405940594
"TIMM50",3,505,0.00594059405940594
"TIMM8A",3,505,0.00594059405940594
"TIMMDC1",3,505,0.00594059405940594
"TIMP3",3,505,0.00594059405940594
"TIMP4",3,505,0.00594059405940594
"TJP3",3,505,0.00594059405940594
"TKFC",3,505,0.00594059405940594
"TKT",3,505,0.00594059405940594
"TLNRD1",3,505,0.00594059405940594
"TM2D1",3,505,0.00594059405940594
"TM2D3",3,505,0.00594059405940594
"TM4SF1",3,505,0.00594059405940594
"TM7SF2",3,505,0.00594059405940594
"TM7SF3",3,505,0.00594059405940594
"TMC6",3,505,0.00594059405940594
"TMC8",3,505,0.00594059405940594
"TMCC2",3,505,0.00594059405940594
"TMCO5A",3,505,0.00594059405940594
"TMCO6",3,505,0.00594059405940594
"TMEM104",3,505,0.00594059405940594
"TMEM144",3,505,0.00594059405940594
"TMEM155",3,505,0.00594059405940594
"TMEM156",3,505,0.00594059405940594
"TMEM161B",3,505,0.00594059405940594
"TMEM179B",3,505,0.00594059405940594
"TMEM18",3,505,0.00594059405940594
"TMEM184A",3,505,0.00594059405940594
"TMEM19",3,505,0.00594059405940594
"TMEM190",3,505,0.00594059405940594
"TMEM198",3,505,0.00594059405940594
"TMEM202",3,505,0.00594059405940594
"TMEM209",3,505,0.00594059405940594
"TMEM241",3,505,0.00594059405940594
"TMEM255B",3,505,0.00594059405940594
"TMEM39A",3,505,0.00594059405940594
"TMEM39B",3,505,0.00594059405940594
"TMEM59",3,505,0.00594059405940594
"TMEM63A",3,505,0.00594059405940594
"TMEM79",3,505,0.00594059405940594
"TMEM89",3,505,0.00594059405940594
"TMEM8B",3,505,0.00594059405940594
"TMIGD1",3,505,0.00594059405940594
"TMOD1",3,505,0.00594059405940594
"TMPRSS12",3,505,0.00594059405940594
"TMPRSS9",3,505,0.00594059405940594
"TMX2",3,505,0.00594059405940594
"TNFAIP2",3,505,0.00594059405940594
"TNFAIP8L3",3,505,0.00594059405940594
"TNFRSF11B",3,505,0.00594059405940594
"TNFSF11",3,505,0.00594059405940594
"TNFSF15",3,505,0.00594059405940594
"TNIP3",3,505,0.00594059405940594
"TNMD",3,505,0.00594059405940594
"TNNT1",3,505,0.00594059405940594
"TNPO1",3,505,0.00594059405940594
"TOB2",3,505,0.00594059405940594
"TOLLIP",3,505,0.00594059405940594
"TOR1B",3,505,0.00594059405940594
"TP53BP2",3,505,0.00594059405940594
"TPCN2",3,505,0.00594059405940594
"TPD52",3,505,0.00594059405940594
"TPD52L3",3,505,0.00594059405940594
"TPRG1L",3,505,0.00594059405940594
"TPSB2",3,505,0.00594059405940594
"TRAF1",3,505,0.00594059405940594
"TRAPPC13",3,505,0.00594059405940594
"TRAV12-2",3,505,0.00594059405940594
"TRAV12-3",3,505,0.00594059405940594
"TRAV25",3,505,0.00594059405940594
"TRAV27",3,505,0.00594059405940594
"TRAV8-1",3,505,0.00594059405940594
"TRAV8-3",3,505,0.00594059405940594
"TRAV8-4",3,505,0.00594059405940594
"TRAV8-7",3,505,0.00594059405940594
"TRBV28",3,505,0.00594059405940594
"TRBV29-1",3,505,0.00594059405940594
"TRBV30",3,505,0.00594059405940594
"TRBV4-1",3,505,0.00594059405940594
"TRBV5-1",3,505,0.00594059405940594
"TRDN",3,505,0.00594059405940594
"TREML4",3,505,0.00594059405940594
"TRGC1",3,505,0.00594059405940594
"TRH",3,505,0.00594059405940594
"TRIB1",3,505,0.00594059405940594
"TRIB3",3,505,0.00594059405940594
"TRIM14",3,505,0.00594059405940594
"TRIM15",3,505,0.00594059405940594
"TRIM23",3,505,0.00594059405940594
"TRIM32",3,505,0.00594059405940594
"TRIM40",3,505,0.00594059405940594
"TRIM43",3,505,0.00594059405940594
"TRIM44",3,505,0.00594059405940594
"TRIM6",3,505,0.00594059405940594
"TRIM63",3,505,0.00594059405940594
"TRIM68",3,505,0.00594059405940594
"TRMO",3,505,0.00594059405940594
"TRMT10A",3,505,0.00594059405940594
"TRMT12",3,505,0.00594059405940594
"TRMT2A",3,505,0.00594059405940594
"TRNT1",3,505,0.00594059405940594
"TRPV1",3,505,0.00594059405940594
"TSACC",3,505,0.00594059405940594
"TSEN34",3,505,0.00594059405940594
"TSGA13",3,505,0.00594059405940594
"TSPAN14",3,505,0.00594059405940594
"TSPAN16",3,505,0.00594059405940594
"TSPAN2",3,505,0.00594059405940594
"TSPAN31",3,505,0.00594059405940594
"TSPAN8",3,505,0.00594059405940594
"TSPYL5",3,505,0.00594059405940594
"TST",3,505,0.00594059405940594
"TTBK2",3,505,0.00594059405940594
"TTC16",3,505,0.00594059405940594
"TTC26",3,505,0.00594059405940594
"TTC33",3,505,0.00594059405940594
"TTLL13P",3,505,0.00594059405940594
"TTLL3",3,505,0.00594059405940594
"TTPA",3,505,0.00594059405940594
"TTYH3",3,505,0.00594059405940594
"TUBA1B",3,505,0.00594059405940594
"TUBA1C",3,505,0.00594059405940594
"TUBAL3",3,505,0.00594059405940594
"TUBB",3,505,0.00594059405940594
"TUBB4B",3,505,0.00594059405940594
"TUBB6",3,505,0.00594059405940594
"TULP3",3,505,0.00594059405940594
"TUT7",3,505,0.00594059405940594
"TVP23C",3,505,0.00594059405940594
"TXLNA",3,505,0.00594059405940594
"TXNDC12",3,505,0.00594059405940594
"TXNDC9",3,505,0.00594059405940594
"TXNIP",3,505,0.00594059405940594
"TYMP",3,505,0.00594059405940594
"UBAC1",3,505,0.00594059405940594
"UBE2D3",3,505,0.00594059405940594
"UBE2V2",3,505,0.00594059405940594
"UBQLN4",3,505,0.00594059405940594
"UBR7",3,505,0.00594059405940594
"UBXN1",3,505,0.00594059405940594
"UCHL1",3,505,0.00594059405940594
"UCHL5",3,505,0.00594059405940594
"ULBP1",3,505,0.00594059405940594
"ULBP2",3,505,0.00594059405940594
"UNK",3,505,0.00594059405940594
"UNKL",3,505,0.00594059405940594
"UPK3A",3,505,0.00594059405940594
"UQCRFS1",3,505,0.00594059405940594
"USP10",3,505,0.00594059405940594
"USP16",3,505,0.00594059405940594
"USP3",3,505,0.00594059405940594
"USP35",3,505,0.00594059405940594
"USP45",3,505,0.00594059405940594
"USP6NL",3,505,0.00594059405940594
"UTY",3,505,0.00594059405940594
"VAMP7",3,505,0.00594059405940594
"VASH1",3,505,0.00594059405940594
"VEGFD",3,505,0.00594059405940594
"VIPR2",3,505,0.00594059405940594
"VMA21",3,505,0.00594059405940594
"VPS37A",3,505,0.00594059405940594
"VPS4B",3,505,0.00594059405940594
"VPS53",3,505,0.00594059405940594
"VPS54",3,505,0.00594059405940594
"VRK3",3,505,0.00594059405940594
"VSTM1",3,505,0.00594059405940594
"VTN",3,505,0.00594059405940594
"VWA7",3,505,0.00594059405940594
"WDR11",3,505,0.00594059405940594
"WDR12",3,505,0.00594059405940594
"WDR20",3,505,0.00594059405940594
"WDR37",3,505,0.00594059405940594
"WDR4",3,505,0.00594059405940594
"WDR43",3,505,0.00594059405940594
"WDR48",3,505,0.00594059405940594
"WDR77",3,505,0.00594059405940594
"WDR89",3,505,0.00594059405940594
"WDR93",3,505,0.00594059405940594
"WEE1",3,505,0.00594059405940594
"WFDC5",3,505,0.00594059405940594
"WIPF2",3,505,0.00594059405940594
"WNT2",3,505,0.00594059405940594
"WNT2B",3,505,0.00594059405940594
"WSB1",3,505,0.00594059405940594
"WWTR1",3,505,0.00594059405940594
"XAGE5",3,505,0.00594059405940594
"XCL2",3,505,0.00594059405940594
"XKRX",3,505,0.00594059405940594
"XRCC2",3,505,0.00594059405940594
"YBX3",3,505,0.00594059405940594
"YIPF5",3,505,0.00594059405940594
"YPEL2",3,505,0.00594059405940594
"Z84488.1",3,505,0.00594059405940594
"ZADH2",3,505,0.00594059405940594
"ZBTB17",3,505,0.00594059405940594
"ZBTB22",3,505,0.00594059405940594
"ZBTB32",3,505,0.00594059405940594
"ZBTB34",3,505,0.00594059405940594
"ZBTB44",3,505,0.00594059405940594
"ZBTB5",3,505,0.00594059405940594
"ZBTB6",3,505,0.00594059405940594
"ZC3H11A",3,505,0.00594059405940594
"ZC4H2",3,505,0.00594059405940594
"ZCCHC4",3,505,0.00594059405940594
"ZDHHC4",3,505,0.00594059405940594
"ZFAND2B",3,505,0.00594059405940594
"ZFAND4",3,505,0.00594059405940594
"ZFP3",3,505,0.00594059405940594
"ZFP37",3,505,0.00594059405940594
"ZHX3",3,505,0.00594059405940594
"ZKSCAN4",3,505,0.00594059405940594
"ZMAT5",3,505,0.00594059405940594
"ZMYM5",3,505,0.00594059405940594
"ZMYND15",3,505,0.00594059405940594
"ZNF132",3,505,0.00594059405940594
"ZNF165",3,505,0.00594059405940594
"ZNF213",3,505,0.00594059405940594
"ZNF219",3,505,0.00594059405940594
"ZNF22",3,505,0.00594059405940594
"ZNF224",3,505,0.00594059405940594
"ZNF230",3,505,0.00594059405940594
"ZNF273",3,505,0.00594059405940594
"ZNF280D",3,505,0.00594059405940594
"ZNF30",3,505,0.00594059405940594
"ZNF302",3,505,0.00594059405940594
"ZNF319",3,505,0.00594059405940594
"ZNF329",3,505,0.00594059405940594
"ZNF35",3,505,0.00594059405940594
"ZNF358",3,505,0.00594059405940594
"ZNF362",3,505,0.00594059405940594
"ZNF367",3,505,0.00594059405940594
"ZNF383",3,505,0.00594059405940594
"ZNF391",3,505,0.00594059405940594
"ZNF394",3,505,0.00594059405940594
"ZNF417",3,505,0.00594059405940594
"ZNF419",3,505,0.00594059405940594
"ZNF426",3,505,0.00594059405940594
"ZNF433",3,505,0.00594059405940594
"ZNF442",3,505,0.00594059405940594
"ZNF443",3,505,0.00594059405940594
"ZNF45",3,505,0.00594059405940594
"ZNF48",3,505,0.00594059405940594
"ZNF497",3,505,0.00594059405940594
"ZNF502",3,505,0.00594059405940594
"ZNF506",3,505,0.00594059405940594
"ZNF510",3,505,0.00594059405940594
"ZNF511",3,505,0.00594059405940594
"ZNF511-PRAP1",3,505,0.00594059405940594
"ZNF530",3,505,0.00594059405940594
"ZNF540",3,505,0.00594059405940594
"ZNF555",3,505,0.00594059405940594
"ZNF559-ZNF177",3,505,0.00594059405940594
"ZNF573",3,505,0.00594059405940594
"ZNF581",3,505,0.00594059405940594
"ZNF586",3,505,0.00594059405940594
"ZNF599",3,505,0.00594059405940594
"ZNF655",3,505,0.00594059405940594
"ZNF670",3,505,0.00594059405940594
"ZNF672",3,505,0.00594059405940594
"ZNF708",3,505,0.00594059405940594
"ZNF750",3,505,0.00594059405940594
"ZNF75A",3,505,0.00594059405940594
"ZNF766",3,505,0.00594059405940594
"ZNF772",3,505,0.00594059405940594
"ZNF791",3,505,0.00594059405940594
"ZNF793",3,505,0.00594059405940594
"ZNF799",3,505,0.00594059405940594
"ZNF816-ZNF321P",3,505,0.00594059405940594
"ZNF83",3,505,0.00594059405940594
"ZNHIT1",3,505,0.00594059405940594
"ZRSR2",3,505,0.00594059405940594
"ZSCAN25",3,505,0.00594059405940594
"ZSCAN29",3,505,0.00594059405940594
"ZSCAN30",3,505,0.00594059405940594
"ZSCAN31",3,505,0.00594059405940594
"AADAT",2,505,0.00396039603960396
"AAMP",2,505,0.00396039603960396
"AANAT",2,505,0.00396039603960396
"ABHD3",2,505,0.00396039603960396
"ABHD5",2,505,0.00396039603960396
"ABHD6",2,505,0.00396039603960396
"ABLIM1",2,505,0.00396039603960396
"ABO",2,505,0.00396039603960396
"AC004832.3",2,505,0.00396039603960396
"AC008676.3",2,505,0.00396039603960396
"AC013477.1",2,505,0.00396039603960396
"AC024598.1",2,505,0.00396039603960396
"AC090517.4",2,505,0.00396039603960396
"AC093525.2",2,505,0.00396039603960396
"ACADSB",2,505,0.00396039603960396
"ACAT1",2,505,0.00396039603960396
"ACBD3",2,505,0.00396039603960396
"ACER3",2,505,0.00396039603960396
"ACHE",2,505,0.00396039603960396
"ACLY",2,505,0.00396039603960396
"ACO2",2,505,0.00396039603960396
"ACOT6",2,505,0.00396039603960396
"ACRV1",2,505,0.00396039603960396
"ACSM6",2,505,0.00396039603960396
"ACTA2",2,505,0.00396039603960396
"ACTR1B",2,505,0.00396039603960396
"ACTR2",2,505,0.00396039603960396
"ACTR3",2,505,0.00396039603960396
"ADA",2,505,0.00396039603960396
"ADAD2",2,505,0.00396039603960396
"ADAP2",2,505,0.00396039603960396
"ADAT2",2,505,0.00396039603960396
"ADGRG1",2,505,0.00396039603960396
"ADM",2,505,0.00396039603960396
"ADPRHL1",2,505,0.00396039603960396
"ADPRS",2,505,0.00396039603960396
"ADRA2C",2,505,0.00396039603960396
"ADSL",2,505,0.00396039603960396
"AEBP2",2,505,0.00396039603960396
"AFG3L2",2,505,0.00396039603960396
"AGER",2,505,0.00396039603960396
"AGMAT",2,505,0.00396039603960396
"AGPAT2",2,505,0.00396039603960396
"AHCY",2,505,0.00396039603960396
"AHSP",2,505,0.00396039603960396
"AIDA",2,505,0.00396039603960396
"AIG1",2,505,0.00396039603960396
"AK2",2,505,0.00396039603960396
"AKAP5",2,505,0.00396039603960396
"AKAP8",2,505,0.00396039603960396
"AKIRIN2",2,505,0.00396039603960396
"AKR1C2",2,505,0.00396039603960396
"AKR1C8P",2,505,0.00396039603960396
"AKR1E2",2,505,0.00396039603960396
"AKT1S1",2,505,0.00396039603960396
"AL117348.2",2,505,0.00396039603960396
"ALDH2",2,505,0.00396039603960396
"ALDH9A1",2,505,0.00396039603960396
"ALG1L",2,505,0.00396039603960396
"ALKAL1",2,505,0.00396039603960396
"ALKBH2",2,505,0.00396039603960396
"ALKBH3",2,505,0.00396039603960396
"ALKBH4",2,505,0.00396039603960396
"ALPL",2,505,0.00396039603960396
"AMBN",2,505,0.00396039603960396
"AMD1",2,505,0.00396039603960396
"AMPD3",2,505,0.00396039603960396
"ANAPC16",2,505,0.00396039603960396
"ANGPTL1",2,505,0.00396039603960396
"ANGPTL3",2,505,0.00396039603960396
"ANGPTL7",2,505,0.00396039603960396
"ANKDD1A",2,505,0.00396039603960396
"ANKRA2",2,505,0.00396039603960396
"ANKRD23",2,505,0.00396039603960396
"ANKRD37",2,505,0.00396039603960396
"ANKS3",2,505,0.00396039603960396
"ANO9",2,505,0.00396039603960396
"ANXA2",2,505,0.00396039603960396
"ANXA8",2,505,0.00396039603960396
"ANXA9",2,505,0.00396039603960396
"AP001781.2",2,505,0.00396039603960396
"AP002748.5",2,505,0.00396039603960396
"AP3M2",2,505,0.00396039603960396
"AP5B1",2,505,0.00396039603960396
"AP5S1",2,505,0.00396039603960396
"APEX1",2,505,0.00396039603960396
"APOBEC3B",2,505,0.00396039603960396
"APOC1",2,505,0.00396039603960396
"APOC2",2,505,0.00396039603960396
"APOL1",2,505,0.00396039603960396
"APOL2",2,505,0.00396039603960396
"APOLD1",2,505,0.00396039603960396
"APPL1",2,505,0.00396039603960396
"AQP2",2,505,0.00396039603960396
"AQP3",2,505,0.00396039603960396
"AQP6",2,505,0.00396039603960396
"AQP8",2,505,0.00396039603960396
"AREG",2,505,0.00396039603960396
"ARF1",2,505,0.00396039603960396
"ARG1",2,505,0.00396039603960396
"ARHGAP11B",2,505,0.00396039603960396
"ARHGAP45",2,505,0.00396039603960396
"ARHGDIB",2,505,0.00396039603960396
"ARHGEF16",2,505,0.00396039603960396
"ARHGEF19",2,505,0.00396039603960396
"ARHGEF38",2,505,0.00396039603960396
"ARL10",2,505,0.00396039603960396
"ARL14",2,505,0.00396039603960396
"ARL15",2,505,0.00396039603960396
"ARL2BP",2,505,0.00396039603960396
"ARL6",2,505,0.00396039603960396
"ARL6IP6",2,505,0.00396039603960396
"ARMC8",2,505,0.00396039603960396
"ARMS2",2,505,0.00396039603960396
"ARRB2",2,505,0.00396039603960396
"ART4",2,505,0.00396039603960396
"ARVCF",2,505,0.00396039603960396
"ARX",2,505,0.00396039603960396
"ASB18",2,505,0.00396039603960396
"ASB8",2,505,0.00396039603960396
"ASF1B",2,505,0.00396039603960396
"ASIC1",2,505,0.00396039603960396
"ASNSD1",2,505,0.00396039603960396
"ASPRV1",2,505,0.00396039603960396
"ATAD1",2,505,0.00396039603960396
"ATAD3A",2,505,0.00396039603960396
"ATCAY",2,505,0.00396039603960396
"ATF4",2,505,0.00396039603960396
"ATG101",2,505,0.00396039603960396
"ATG14",2,505,0.00396039603960396
"ATG4C",2,505,0.00396039603960396
"ATP5MF",2,505,0.00396039603960396
"ATP5PB",2,505,0.00396039603960396
"ATP6V0B",2,505,0.00396039603960396
"ATP6V0C",2,505,0.00396039603960396
"ATP6V1C2",2,505,0.00396039603960396
"ATP6V1D",2,505,0.00396039603960396
"ATP6V1E1",2,505,0.00396039603960396
"ATP6V1F",2,505,0.00396039603960396
"ATXN7",2,505,0.00396039603960396
"AUH",2,505,0.00396039603960396
"AUP1",2,505,0.00396039603960396
"AURKB",2,505,0.00396039603960396
"AVIL",2,505,0.00396039603960396
"AZI2",2,505,0.00396039603960396
"AZIN1",2,505,0.00396039603960396
"B3GALNT1",2,505,0.00396039603960396
"B3GALT2",2,505,0.00396039603960396
"B3GALT5",2,505,0.00396039603960396
"B3GAT3",2,505,0.00396039603960396
"B3GLCT",2,505,0.00396039603960396
"BAG5",2,505,0.00396039603960396
"BAK1",2,505,0.00396039603960396
"BBS4",2,505,0.00396039603960396
"BCAR1",2,505,0.00396039603960396
"BCAS4",2,505,0.00396039603960396
"BCAT1",2,505,0.00396039603960396
"BCDIN3D",2,505,0.00396039603960396
"BCKDHA",2,505,0.00396039603960396
"BCKDK",2,505,0.00396039603960396
"BCL2L2-PABPN1",2,505,0.00396039603960396
"BDH2",2,505,0.00396039603960396
"BDKRB2",2,505,0.00396039603960396
"BEST4",2,505,0.00396039603960396
"BET1",2,505,0.00396039603960396
"BFAR",2,505,0.00396039603960396
"BHLHE22",2,505,0.00396039603960396
"BHLHE40",2,505,0.00396039603960396
"BID",2,505,0.00396039603960396
"BIRC2",2,505,0.00396039603960396
"BIRC5",2,505,0.00396039603960396
"BLMH",2,505,0.00396039603960396
"BLNK",2,505,0.00396039603960396
"BLOC1S2",2,505,0.00396039603960396
"BNIP1",2,505,0.00396039603960396
"BNIP2",2,505,0.00396039603960396
"BOP1",2,505,0.00396039603960396
"BORA",2,505,0.00396039603960396
"BPIFA2",2,505,0.00396039603960396
"BRCC3",2,505,0.00396039603960396
"BRF2",2,505,0.00396039603960396
"BRI3BP",2,505,0.00396039603960396
"BRMS1L",2,505,0.00396039603960396
"BROX",2,505,0.00396039603960396
"BSCL2",2,505,0.00396039603960396
"BSDC1",2,505,0.00396039603960396
"BSG",2,505,0.00396039603960396
"BSND",2,505,0.00396039603960396
"BTBD2",2,505,0.00396039603960396
"BTBD8",2,505,0.00396039603960396
"BTG2",2,505,0.00396039603960396
"BTLA",2,505,0.00396039603960396
"C10orf62",2,505,0.00396039603960396
"C11orf42",2,505,0.00396039603960396
"C11orf65",2,505,0.00396039603960396
"C11orf68",2,505,0.00396039603960396
"C11orf71",2,505,0.00396039603960396
"C12orf60",2,505,0.00396039603960396
"C14orf180",2,505,0.00396039603960396
"C14orf93",2,505,0.00396039603960396
"C16orf70",2,505,0.00396039603960396
"C16orf71",2,505,0.00396039603960396
"C16orf72",2,505,0.00396039603960396
"C16orf89",2,505,0.00396039603960396
"C17orf64",2,505,0.00396039603960396
"C17orf97",2,505,0.00396039603960396
"C18orf25",2,505,0.00396039603960396
"C18orf54",2,505,0.00396039603960396
"C19orf12",2,505,0.00396039603960396
"C19orf18",2,505,0.00396039603960396
"C19orf54",2,505,0.00396039603960396
"C1QL2",2,505,0.00396039603960396
"C1QL3",2,505,0.00396039603960396
"C1QL4",2,505,0.00396039603960396
"C1QTNF1",2,505,0.00396039603960396
"C1QTNF8",2,505,0.00396039603960396
"C1QTNF9",2,505,0.00396039603960396
"C1S",2,505,0.00396039603960396
"C1orf131",2,505,0.00396039603960396
"C1orf158",2,505,0.00396039603960396
"C1orf174",2,505,0.00396039603960396
"C1orf210",2,505,0.00396039603960396
"C1orf35",2,505,0.00396039603960396
"C1orf52",2,505,0.00396039603960396
"C1orf56",2,505,0.00396039603960396
"C2",2,505,0.00396039603960396
"C22orf31",2,505,0.00396039603960396
"C2CD2",2,505,0.00396039603960396
"C2orf66",2,505,0.00396039603960396
"C3orf14",2,505,0.00396039603960396
"C3orf38",2,505,0.00396039603960396
"C3orf62",2,505,0.00396039603960396
"C5orf15",2,505,0.00396039603960396
"C5orf22",2,505,0.00396039603960396
"C5orf24",2,505,0.00396039603960396
"C5orf38",2,505,0.00396039603960396
"C9orf24",2,505,0.00396039603960396
"CA11",2,505,0.00396039603960396
"CA12",2,505,0.00396039603960396
"CA14",2,505,0.00396039603960396
"CA5B",2,505,0.00396039603960396
"CABCOCO1",2,505,0.00396039603960396
"CABP5",2,505,0.00396039603960396
"CACNA2D2",2,505,0.00396039603960396
"CALHM4",2,505,0.00396039603960396
"CALR",2,505,0.00396039603960396
"CAPN1",2,505,0.00396039603960396
"CAPN12",2,505,0.00396039603960396
"CAPNS2",2,505,0.00396039603960396
"CAPZA1",2,505,0.00396039603960396
"CARS2",2,505,0.00396039603960396
"CASP14",2,505,0.00396039603960396
"CASP6",2,505,0.00396039603960396
"CAT",2,505,0.00396039603960396
"CATSPER4",2,505,0.00396039603960396
"CAV2",2,505,0.00396039603960396
"CBARP",2,505,0.00396039603960396
"CBLN3",2,505,0.00396039603960396
"CBR4",2,505,0.00396039603960396
"CBWD3",2,505,0.00396039603960396
"CBWD5",2,505,0.00396039603960396
"CBX5",2,505,0.00396039603960396
"CBX8",2,505,0.00396039603960396
"CC2D2B",2,505,0.00396039603960396
"CCDC110",2,505,0.00396039603960396
"CCDC112",2,505,0.00396039603960396
"CCDC115",2,505,0.00396039603960396
"CCDC122",2,505,0.00396039603960396
"CCDC149",2,505,0.00396039603960396
"CCDC151",2,505,0.00396039603960396
"CCDC183",2,505,0.00396039603960396
"CCDC185",2,505,0.00396039603960396
"CCDC198",2,505,0.00396039603960396
"CCDC24",2,505,0.00396039603960396
"CCDC25",2,505,0.00396039603960396
"CCDC28B",2,505,0.00396039603960396
"CCDC3",2,505,0.00396039603960396
"CCDC51",2,505,0.00396039603960396
"CCDC59",2,505,0.00396039603960396
"CCDC78",2,505,0.00396039603960396
"CCDC82",2,505,0.00396039603960396
"CCDC86",2,505,0.00396039603960396
"CCDC9",2,505,0.00396039603960396
"CCDC92",2,505,0.00396039603960396
"CCL17",2,505,0.00396039603960396
"CCL18",2,505,0.00396039603960396
"CCL2",2,505,0.00396039603960396
"CCL21",2,505,0.00396039603960396
"CCL25",2,505,0.00396039603960396
"CCL4",2,505,0.00396039603960396
"CCNB1",2,505,0.00396039603960396
"CCND1",2,505,0.00396039603960396
"CCNE2",2,505,0.00396039603960396
"CCNO",2,505,0.00396039603960396
"CCNQ",2,505,0.00396039603960396
"CCR1",2,505,0.00396039603960396
"CCT3",2,505,0.00396039603960396
"CCT8",2,505,0.00396039603960396
"CCZ1",2,505,0.00396039603960396
"CD247",2,505,0.00396039603960396
"CD37",2,505,0.00396039603960396
"CD3D",2,505,0.00396039603960396
"CD40",2,505,0.00396039603960396
"CD72",2,505,0.00396039603960396
"CD79A",2,505,0.00396039603960396
"CD79B",2,505,0.00396039603960396
"CD80",2,505,0.00396039603960396
"CD81",2,505,0.00396039603960396
"CD83",2,505,0.00396039603960396
"CD9",2,505,0.00396039603960396
"CDA",2,505,0.00396039603960396
"CDC14B",2,505,0.00396039603960396
"CDC25B",2,505,0.00396039603960396
"CDC34",2,505,0.00396039603960396
"CDC37L1",2,505,0.00396039603960396
"CDC42",2,505,0.00396039603960396
"CDC42EP4",2,505,0.00396039603960396
"CDC45",2,505,0.00396039603960396
"CDCA3",2,505,0.00396039603960396
"CDK1",2,505,0.00396039603960396
"CDK10",2,505,0.00396039603960396
"CDK11B",2,505,0.00396039603960396
"CDK20",2,505,0.00396039603960396
"CDK5R1",2,505,0.00396039603960396
"CDK5RAP3",2,505,0.00396039603960396
"CDK7",2,505,0.00396039603960396
"CDK9",2,505,0.00396039603960396
"CDKL3",2,505,0.00396039603960396
"CDKN2D",2,505,0.00396039603960396
"CDSN",2,505,0.00396039603960396
"CDX1",2,505,0.00396039603960396
"CEACAM7",2,505,0.00396039603960396
"CELA2A",2,505,0.00396039603960396
"CELA2B",2,505,0.00396039603960396
"CENPA",2,505,0.00396039603960396
"CENPL",2,505,0.00396039603960396
"CENPP",2,505,0.00396039603960396
"CENPU",2,505,0.00396039603960396
"CEP43",2,505,0.00396039603960396
"CERS4",2,505,0.00396039603960396
"CERS5",2,505,0.00396039603960396
"CERT1",2,505,0.00396039603960396
"CETN2",2,505,0.00396039603960396
"CFAP298-TCP10L",2,505,0.00396039603960396
"CFAP53",2,505,0.00396039603960396
"CFAP97",2,505,0.00396039603960396
"CFDP1",2,505,0.00396039603960396
"CFL2",2,505,0.00396039603960396
"CGA",2,505,0.00396039603960396
"CGB1",2,505,0.00396039603960396
"CGRRF1",2,505,0.00396039603960396
"CHCHD3",2,505,0.00396039603960396
"CHCHD4",2,505,0.00396039603960396
"CHI3L2",2,505,0.00396039603960396
"CHMP2B",2,505,0.00396039603960396
"CHMP5",2,505,0.00396039603960396
"CHP2",2,505,0.00396039603960396
"CHRNA5",2,505,0.00396039603960396
"CHST13",2,505,0.00396039603960396
"CHST14",2,505,0.00396039603960396
"CHST7",2,505,0.00396039603960396
"CHTF18",2,505,0.00396039603960396
"CIAO2A",2,505,0.00396039603960396
"CIAO3",2,505,0.00396039603960396
"CIDEA",2,505,0.00396039603960396
"CIDEB",2,505,0.00396039603960396
"CIR1",2,505,0.00396039603960396
"CKMT2",2,505,0.00396039603960396
"CLC",2,505,0.00396039603960396
"CLDN12",2,505,0.00396039603960396
"CLDN20",2,505,0.00396039603960396
"CLEC2B",2,505,0.00396039603960396
"CLEC4D",2,505,0.00396039603960396
"CLGN",2,505,0.00396039603960396
"CLIC1",2,505,0.00396039603960396
"CLK3",2,505,0.00396039603960396
"CLN5",2,505,0.00396039603960396
"CLN6",2,505,0.00396039603960396
"CLPX",2,505,0.00396039603960396
"CMIP",2,505,0.00396039603960396
"CMTR1",2,505,0.00396039603960396
"CNIH1",2,505,0.00396039603960396
"CNN3",2,505,0.00396039603960396
"CNNM2",2,505,0.00396039603960396
"CNP",2,505,0.00396039603960396
"CNPY1",2,505,0.00396039603960396
"CNPY3",2,505,0.00396039603960396
"CNRIP1",2,505,0.00396039603960396
"CNTD1",2,505,0.00396039603960396
"CNTROB",2,505,0.00396039603960396
"COA4",2,505,0.00396039603960396
"COA6",2,505,0.00396039603960396
"COA7",2,505,0.00396039603960396
"COA8",2,505,0.00396039603960396
"COG4",2,505,0.00396039603960396
"COL23A1",2,505,0.00396039603960396
"COMMD1",2,505,0.00396039603960396
"COMMD10",2,505,0.00396039603960396
"COMMD4",2,505,0.00396039603960396
"COPG2",2,505,0.00396039603960396
"COQ5",2,505,0.00396039603960396
"COQ6",2,505,0.00396039603960396
"COX20",2,505,0.00396039603960396
"COX5B",2,505,0.00396039603960396
"CPLX2",2,505,0.00396039603960396
"CPPED1",2,505,0.00396039603960396
"CPSF3",2,505,0.00396039603960396
"CPT2",2,505,0.00396039603960396
"CRBN",2,505,0.00396039603960396
"CRCP",2,505,0.00396039603960396
"CREB1",2,505,0.00396039603960396
"CREBRF",2,505,0.00396039603960396
"CREG1",2,505,0.00396039603960396
"CREG2",2,505,0.00396039603960396
"CRELD2",2,505,0.00396039603960396
"CRH",2,505,0.00396039603960396
"CRHR1",2,505,0.00396039603960396
"CRTAP",2,505,0.00396039603960396
"CRTC1",2,505,0.00396039603960396
"CRYBA1",2,505,0.00396039603960396
"CRYBB1",2,505,0.00396039603960396
"CRYBB3",2,505,0.00396039603960396
"CRYZL1",2,505,0.00396039603960396
"CS",2,505,0.00396039603960396
"CSH1",2,505,0.00396039603960396
"CSNK1A1",2,505,0.00396039603960396
"CSNK1G2",2,505,0.00396039603960396
"CSPG5",2,505,0.00396039603960396
"CST1",2,505,0.00396039603960396
"CST9L",2,505,0.00396039603960396
"CSTA",2,505,0.00396039603960396
"CTAGE15",2,505,0.00396039603960396
"CTBP1",2,505,0.00396039603960396
"CTH",2,505,0.00396039603960396
"CTLA4",2,505,0.00396039603960396
"CTRL",2,505,0.00396039603960396
"CTSB",2,505,0.00396039603960396
"CTSD",2,505,0.00396039603960396
"CTSH",2,505,0.00396039603960396
"CTSK",2,505,0.00396039603960396
"CTSO",2,505,0.00396039603960396
"CTSS",2,505,0.00396039603960396
"CTSW",2,505,0.00396039603960396
"CTXN3",2,505,0.00396039603960396
"CUEDC2",2,505,0.00396039603960396
"CUTC",2,505,0.00396039603960396
"CXADR",2,505,0.00396039603960396
"CXCR3",2,505,0.00396039603960396
"CXXC4",2,505,0.00396039603960396
"CXorf38",2,505,0.00396039603960396
"CYB561D1",2,505,0.00396039603960396
"CYBRD1",2,505,0.00396039603960396
"CYCS",2,505,0.00396039603960396
"CYP39A1",2,505,0.00396039603960396
"CYP4Z1",2,505,0.00396039603960396
"CYP51A1",2,505,0.00396039603960396
"CYRIB",2,505,0.00396039603960396
"DAAM2",2,505,0.00396039603960396
"DAGLB",2,505,0.00396039603960396
"DALRD3",2,505,0.00396039603960396
"DAP",2,505,0.00396039603960396
"DAP3",2,505,0.00396039603960396
"DAPP1",2,505,0.00396039603960396
"DARS1",2,505,0.00396039603960396
"DBNDD1",2,505,0.00396039603960396
"DBNL",2,505,0.00396039603960396
"DCAF15",2,505,0.00396039603960396
"DCAF16",2,505,0.00396039603960396
"DCAF17",2,505,0.00396039603960396
"DCD",2,505,0.00396039603960396
"DCDC2B",2,505,0.00396039603960396
"DCK",2,505,0.00396039603960396
"DCLK2",2,505,0.00396039603960396
"DCLRE1B",2,505,0.00396039603960396
"DCP1B",2,505,0.00396039603960396
"DCTD",2,505,0.00396039603960396
"DCUN1D2",2,505,0.00396039603960396
"DCUN1D3",2,505,0.00396039603960396
"DDA1",2,505,0.00396039603960396
"DDX19B",2,505,0.00396039603960396
"DDX25",2,505,0.00396039603960396
"DDX28",2,505,0.00396039603960396
"DDX49",2,505,0.00396039603960396
"DDX6",2,505,0.00396039603960396
"DECR1",2,505,0.00396039603960396
"DEDD2",2,505,0.00396039603960396
"DEFB113",2,505,0.00396039603960396
"DEFB121",2,505,0.00396039603960396
"DEFB123",2,505,0.00396039603960396
"DEFB126",2,505,0.00396039603960396
"DEGS2",2,505,0.00396039603960396
"DENND6B",2,505,0.00396039603960396
"DGAT2L6",2,505,0.00396039603960396
"DGLUCY",2,505,0.00396039603960396
"DHDDS",2,505,0.00396039603960396
"DHDH",2,505,0.00396039603960396
"DHFR",2,505,0.00396039603960396
"DHPS",2,505,0.00396039603960396
"DHRS12",2,505,0.00396039603960396
"DHRS3",2,505,0.00396039603960396
"DIAPH1",2,505,0.00396039603960396
"DIO1",2,505,0.00396039603960396
"DKK4",2,505,0.00396039603960396
"DKKL1",2,505,0.00396039603960396
"DLL4",2,505,0.00396039603960396
"DLX3",2,505,0.00396039603960396
"DMPK",2,505,0.00396039603960396
"DMRTC2",2,505,0.00396039603960396
"DMTN",2,505,0.00396039603960396
"DNAJA4",2,505,0.00396039603960396
"DNAJB1",2,505,0.00396039603960396
"DNAJB11",2,505,0.00396039603960396
"DNAJB5",2,505,0.00396039603960396
"DNAJC12",2,505,0.00396039603960396
"DNAJC2",2,505,0.00396039603960396
"DNAJC7",2,505,0.00396039603960396
"DNASE1L1",2,505,0.00396039603960396
"DNM2",2,505,0.00396039603960396
"DNMT3L",2,505,0.00396039603960396
"DOLK",2,505,0.00396039603960396
"DR1",2,505,0.00396039603960396
"DRAM1",2,505,0.00396039603960396
"DRD4",2,505,0.00396039603960396
"DRICH1",2,505,0.00396039603960396
"DSCC1",2,505,0.00396039603960396
"DSTN",2,505,0.00396039603960396
"DTD1",2,505,0.00396039603960396
"DTL",2,505,0.00396039603960396
"DTNBP1",2,505,0.00396039603960396
"DTWD1",2,505,0.00396039603960396
"DTX3L",2,505,0.00396039603960396
"DTX4",2,505,0.00396039603960396
"DUOXA1",2,505,0.00396039603960396
"DUOXA2",2,505,0.00396039603960396
"DUSP14",2,505,0.00396039603960396
"DUSP2",2,505,0.00396039603960396
"DUSP4",2,505,0.00396039603960396
"DUSP8",2,505,0.00396039603960396
"DXO",2,505,0.00396039603960396
"DYM",2,505,0.00396039603960396
"DYNLL1",2,505,0.00396039603960396
"DYNLRB2",2,505,0.00396039603960396
"DYRK1B",2,505,0.00396039603960396
"EARS2",2,505,0.00396039603960396
"ECHDC1",2,505,0.00396039603960396
"ECM1",2,505,0.00396039603960396
"EDA",2,505,0.00396039603960396
"EDDM3B",2,505,0.00396039603960396
"EEA1",2,505,0.00396039603960396
"EEF1AKMT3",2,505,0.00396039603960396
"EEF1E1",2,505,0.00396039603960396
"EEF1G",2,505,0.00396039603960396
"EFCAB11",2,505,0.00396039603960396
"EFCC1",2,505,0.00396039603960396
"EGR4",2,505,0.00396039603960396
"EHD1",2,505,0.00396039603960396
"EID2",2,505,0.00396039603960396
"EIF1",2,505,0.00396039603960396
"EIF1AD",2,505,0.00396039603960396
"EIF1B",2,505,0.00396039603960396
"EIF2A",2,505,0.00396039603960396
"EIF2B4",2,505,0.00396039603960396
"EIF2S3",2,505,0.00396039603960396
"EIF3C",2,505,0.00396039603960396
"EIF3G",2,505,0.00396039603960396
"EIF3I",2,505,0.00396039603960396
"EIF3M",2,505,0.00396039603960396
"EIF4A1",2,505,0.00396039603960396
"EIF4E1B",2,505,0.00396039603960396
"EIF5A",2,505,0.00396039603960396
"ELAVL1",2,505,0.00396039603960396
"ELK1",2,505,0.00396039603960396
"ELMO3",2,505,0.00396039603960396
"ELMOD2",2,505,0.00396039603960396
"ELOC",2,505,0.00396039603960396
"ELP3",2,505,0.00396039603960396
"EMC7",2,505,0.00396039603960396
"EMC8",2,505,0.00396039603960396
"EME2",2,505,0.00396039603960396
"EMG1",2,505,0.00396039603960396
"ENDOU",2,505,0.00396039603960396
"ENG",2,505,0.00396039603960396
"ENKD1",2,505,0.00396039603960396
"ENKUR",2,505,0.00396039603960396
"ENO2",2,505,0.00396039603960396
"ENTPD2",2,505,0.00396039603960396
"ENTPD4",2,505,0.00396039603960396
"ENTPD5",2,505,0.00396039603960396
"EPB41",2,505,0.00396039603960396
"EPHX2",2,505,0.00396039603960396
"EPM2A",2,505,0.00396039603960396
"EPO",2,505,0.00396039603960396
"ERAS",2,505,0.00396039603960396
"ERCC2",2,505,0.00396039603960396
"ERGIC1",2,505,0.00396039603960396
"ERLEC1",2,505,0.00396039603960396
"ERO1B",2,505,0.00396039603960396
"ESD",2,505,0.00396039603960396
"ESRP2",2,505,0.00396039603960396
"ETFBKMT",2,505,0.00396039603960396
"ETV1",2,505,0.00396039603960396
"ETV3",2,505,0.00396039603960396
"EVA1B",2,505,0.00396039603960396
"EVA1C",2,505,0.00396039603960396
"EVL",2,505,0.00396039603960396
"EXD3",2,505,0.00396039603960396
"EXOC3L4",2,505,0.00396039603960396
"EZR",2,505,0.00396039603960396
"F11R",2,505,0.00396039603960396
"F2RL1",2,505,0.00396039603960396
"F3",2,505,0.00396039603960396
"FA2H",2,505,0.00396039603960396
"FABP3",2,505,0.00396039603960396
"FABP4",2,505,0.00396039603960396
"FADD",2,505,0.00396039603960396
"FAH",2,505,0.00396039603960396
"FAM110A",2,505,0.00396039603960396
"FAM117B",2,505,0.00396039603960396
"FAM120AOS",2,505,0.00396039603960396
"FAM136A",2,505,0.00396039603960396
"FAM151B",2,505,0.00396039603960396
"FAM161B",2,505,0.00396039603960396
"FAM163A",2,505,0.00396039603960396
"FAM166C",2,505,0.00396039603960396
"FAM167A",2,505,0.00396039603960396
"FAM167B",2,505,0.00396039603960396
"FAM168A",2,505,0.00396039603960396
"FAM177B",2,505,0.00396039603960396
"FAM181B",2,505,0.00396039603960396
"FAM189A2",2,505,0.00396039603960396
"FAM204A",2,505,0.00396039603960396
"FAM20A",2,505,0.00396039603960396
"FAM216B",2,505,0.00396039603960396
"FAM222B",2,505,0.00396039603960396
"FAM43B",2,505,0.00396039603960396
"FAM53B",2,505,0.00396039603960396
"FAM71E1",2,505,0.00396039603960396
"FAM71F2",2,505,0.00396039603960396
"FAM76A",2,505,0.00396039603960396
"FAM81B",2,505,0.00396039603960396
"FAM98A",2,505,0.00396039603960396
"FAM9C",2,505,0.00396039603960396
"FANCC",2,505,0.00396039603960396
"FANCD2OS",2,505,0.00396039603960396
"FANCF",2,505,0.00396039603960396
"FARSB",2,505,0.00396039603960396
"FAS",2,505,0.00396039603960396
"FASTK",2,505,0.00396039603960396
"FAXC",2,505,0.00396039603960396
"FBLIM1",2,505,0.00396039603960396
"FBLL1",2,505,0.00396039603960396
"FBLN5",2,505,0.00396039603960396
"FBP1",2,505,0.00396039603960396
"FBP2",2,505,0.00396039603960396
"FBXL12",2,505,0.00396039603960396
"FBXL14",2,505,0.00396039603960396
"FBXL16",2,505,0.00396039603960396
"FBXL2",2,505,0.00396039603960396
"FBXL6",2,505,0.00396039603960396
"FBXO17",2,505,0.00396039603960396
"FBXO2",2,505,0.00396039603960396
"FBXO28",2,505,0.00396039603960396
"FBXO41",2,505,0.00396039603960396
"FBXO46",2,505,0.00396039603960396
"FBXW11",2,505,0.00396039603960396
"FBXW2",2,505,0.00396039603960396
"FBXW4",2,505,0.00396039603960396
"FBXW5",2,505,0.00396039603960396
"FBXW8",2,505,0.00396039603960396
"FCER1G",2,505,0.00396039603960396
"FDFT1",2,505,0.00396039603960396
"FDXACB1",2,505,0.00396039603960396
"FECH",2,505,0.00396039603960396
"FEM1A",2,505,0.00396039603960396
"FER1L5",2,505,0.00396039603960396
"FEV",2,505,0.00396039603960396
"FEZ2",2,505,0.00396039603960396
"FEZF2",2,505,0.00396039603960396
"FFAR2",2,505,0.00396039603960396
"FGF1",2,505,0.00396039603960396
"FGF2",2,505,0.00396039603960396
"FGF21",2,505,0.00396039603960396
"FGF22",2,505,0.00396039603960396
"FGF4",2,505,0.00396039603960396
"FGG",2,505,0.00396039603960396
"FICD",2,505,0.00396039603960396
"FIGLA",2,505,0.00396039603960396
"FILIP1L",2,505,0.00396039603960396
"FITM2",2,505,0.00396039603960396
"FJX1",2,505,0.00396039603960396
"FKBP14",2,505,0.00396039603960396
"FKBP4",2,505,0.00396039603960396
"FKBP8",2,505,0.00396039603960396
"FLOT1",2,505,0.00396039603960396
"FLOT2",2,505,0.00396039603960396
"FLT3LG",2,505,0.00396039603960396
"FLYWCH1",2,505,0.00396039603960396
"FNBP1L",2,505,0.00396039603960396
"FNTA",2,505,0.00396039603960396
"FOSL1",2,505,0.00396039603960396
"FOXA1",2,505,0.00396039603960396
"FOXA2",2,505,0.00396039603960396
"FOXB1",2,505,0.00396039603960396
"FOXC1",2,505,0.00396039603960396
"FOXD3",2,505,0.00396039603960396
"FOXD4L3",2,505,0.00396039603960396
"FOXI2",2,505,0.00396039603960396
"FOXL1",2,505,0.00396039603960396
"FOXL2",2,505,0.00396039603960396
"FOXL2NB",2,505,0.00396039603960396
"FOXQ1",2,505,0.00396039603960396
"FOXR1",2,505,0.00396039603960396
"FRMD4B",2,505,0.00396039603960396
"FSCN1",2,505,0.00396039603960396
"FSTL1",2,505,0.00396039603960396
"FTH1",2,505,0.00396039603960396
"FUCA1",2,505,0.00396039603960396
"FUCA2",2,505,0.00396039603960396
"FUT5",2,505,0.00396039603960396
"FXYD6",2,505,0.00396039603960396
"FZD3",2,505,0.00396039603960396
"FZD4",2,505,0.00396039603960396
"FZD6",2,505,0.00396039603960396
"FZR1",2,505,0.00396039603960396
"G3BP2",2,505,0.00396039603960396
"G6PC3",2,505,0.00396039603960396
"GAGE2A",2,505,0.00396039603960396
"GALK1",2,505,0.00396039603960396
"GANC",2,505,0.00396039603960396
"GAPDH",2,505,0.00396039603960396
"GAR1",2,505,0.00396039603960396
"GAS1",2,505,0.00396039603960396
"GAST",2,505,0.00396039603960396
"GATD1",2,505,0.00396039603960396
"GBP2",2,505,0.00396039603960396
"GBX1",2,505,0.00396039603960396
"GBX2",2,505,0.00396039603960396
"GCH1",2,505,0.00396039603960396
"GCSAM",2,505,0.00396039603960396
"GDE1",2,505,0.00396039603960396
"GDPD3",2,505,0.00396039603960396
"GEMIN8",2,505,0.00396039603960396
"GET1",2,505,0.00396039603960396
"GFM1",2,505,0.00396039603960396
"GFRA2",2,505,0.00396039603960396
"GGT6",2,505,0.00396039603960396
"GHDC",2,505,0.00396039603960396
"GHRH",2,505,0.00396039603960396
"GHRHR",2,505,0.00396039603960396
"GID4",2,505,0.00396039603960396
"GINS3",2,505,0.00396039603960396
"GIPC2",2,505,0.00396039603960396
"GIPR",2,505,0.00396039603960396
"GIT1",2,505,0.00396039603960396
"GJA3",2,505,0.00396039603960396
"GJB3",2,505,0.00396039603960396
"GK5",2,505,0.00396039603960396
"GLB1L",2,505,0.00396039603960396
"GLI4",2,505,0.00396039603960396
"GLIPR1L1",2,505,0.00396039603960396
"GLIPR2",2,505,0.00396039603960396
"GLIS2",2,505,0.00396039603960396
"GLYCTK",2,505,0.00396039603960396
"GNA11",2,505,0.00396039603960396
"GNA14",2,505,0.00396039603960396
"GNAT1",2,505,0.00396039603960396
"GNB1L",2,505,0.00396039603960396
"GNG11",2,505,0.00396039603960396
"GNG12",2,505,0.00396039603960396
"GNG13",2,505,0.00396039603960396
"GNGT2",2,505,0.00396039603960396
"GNMT",2,505,0.00396039603960396
"GNPDA1",2,505,0.00396039603960396
"GNPDA2",2,505,0.00396039603960396
"GOLGA6A",2,505,0.00396039603960396
"GOLGA6L9",2,505,0.00396039603960396
"GOLM2",2,505,0.00396039603960396
"GOLPH3",2,505,0.00396039603960396
"GOLT1B",2,505,0.00396039603960396
"GOSR1",2,505,0.00396039603960396
"GOSR2",2,505,0.00396039603960396
"GPD1",2,505,0.00396039603960396
"GPER1",2,505,0.00396039603960396
"GPHB5",2,505,0.00396039603960396
"GPN1",2,505,0.00396039603960396
"GPR1",2,505,0.00396039603960396
"GPR18",2,505,0.00396039603960396
"GPR19",2,505,0.00396039603960396
"GPR89A",2,505,0.00396039603960396
"GPRC5D",2,505,0.00396039603960396
"GPSM1",2,505,0.00396039603960396
"GPX7",2,505,0.00396039603960396
"GPX8",2,505,0.00396039603960396
"GRAP",2,505,0.00396039603960396
"GRP",2,505,0.00396039603960396
"GRPEL1",2,505,0.00396039603960396
"GSTA4",2,505,0.00396039603960396
"GSTZ1",2,505,0.00396039603960396
"GTF2E2",2,505,0.00396039603960396
"GTF2IRD2",2,505,0.00396039603960396
"GTSE1",2,505,0.00396039603960396
"GYG1",2,505,0.00396039603960396
"GYPB",2,505,0.00396039603960396
"H1-0",2,505,0.00396039603960396
"H2AC1",2,505,0.00396039603960396
"H2AC13",2,505,0.00396039603960396
"H2AC15",2,505,0.00396039603960396
"H2AX",2,505,0.00396039603960396
"H2BC11",2,505,0.00396039603960396
"H2BC21",2,505,0.00396039603960396
"H2BC5",2,505,0.00396039603960396
"H2BC6",2,505,0.00396039603960396
"H2BC8",2,505,0.00396039603960396
"H2BU1",2,505,0.00396039603960396
"H3C1",2,505,0.00396039603960396
"H4C11",2,505,0.00396039603960396
"H4C5",2,505,0.00396039603960396
"H4C6",2,505,0.00396039603960396
"H4C7",2,505,0.00396039603960396
"HACD1",2,505,0.00396039603960396
"HADH",2,505,0.00396039603960396
"HADHA",2,505,0.00396039603960396
"HAGH",2,505,0.00396039603960396
"HAMP",2,505,0.00396039603960396
"HAND1",2,505,0.00396039603960396
"HAUS1",2,505,0.00396039603960396
"HAUS2",2,505,0.00396039603960396
"HBA2",2,505,0.00396039603960396
"HBE1",2,505,0.00396039603960396
"HBS1L",2,505,0.00396039603960396
"HCAR1",2,505,0.00396039603960396
"HCCS",2,505,0.00396039603960396
"HCFC1R1",2,505,0.00396039603960396
"HCN2",2,505,0.00396039603960396
"HDAC1",2,505,0.00396039603960396
"HDAC10",2,505,0.00396039603960396
"HDDC2",2,505,0.00396039603960396
"HDHD5",2,505,0.00396039603960396
"HEBP1",2,505,0.00396039603960396
"HES2",2,505,0.00396039603960396
"HIBADH",2,505,0.00396039603960396
"HIRIP3",2,505,0.00396039603960396
"HLA-B",2,505,0.00396039603960396
"HLA-DOA",2,505,0.00396039603960396
"HLA-DRA",2,505,0.00396039603960396
"HLA-E",2,505,0.00396039603960396
"HM13",2,505,0.00396039603960396
"HMBOX1",2,505,0.00396039603960396
"HMGN5",2,505,0.00396039603960396
"HMOX1",2,505,0.00396039603960396
"HNF1A",2,505,0.00396039603960396
"HNF1B",2,505,0.00396039603960396
"HNRNPL",2,505,0.00396039603960396
"HNRNPLL",2,505,0.00396039603960396
"HOGA1",2,505,0.00396039603960396
"HOXA10",2,505,0.00396039603960396
"HOXB7",2,505,0.00396039603960396
"HOXB9",2,505,0.00396039603960396
"HOXC6",2,505,0.00396039603960396
"HOXC8",2,505,0.00396039603960396
"HOXC9",2,505,0.00396039603960396
"HOXD1",2,505,0.00396039603960396
"HOXD4",2,505,0.00396039603960396
"HPCA",2,505,0.00396039603960396
"HPD",2,505,0.00396039603960396
"HPDL",2,505,0.00396039603960396
"HPGDS",2,505,0.00396039603960396
"HPS6",2,505,0.00396039603960396
"HROB",2,505,0.00396039603960396
"HS1BP3",2,505,0.00396039603960396
"HS2ST1",2,505,0.00396039603960396
"HS6ST2",2,505,0.00396039603960396
"HSD17B1",2,505,0.00396039603960396
"HSD17B12",2,505,0.00396039603960396
"HSD17B3",2,505,0.00396039603960396
"HSDL1",2,505,0.00396039603960396
"HSFX1",2,505,0.00396039603960396
"HSH2D",2,505,0.00396039603960396
"HSPA14",2,505,0.00396039603960396
"HSPA1A",2,505,0.00396039603960396
"HSPA5",2,505,0.00396039603960396
"HSPA9",2,505,0.00396039603960396
"HSPB3",2,505,0.00396039603960396
"HSPB7",2,505,0.00396039603960396
"HTN1",2,505,0.00396039603960396
"HTRA2",2,505,0.00396039603960396
"HVCN1",2,505,0.00396039603960396
"HYAL2",2,505,0.00396039603960396
"IAPP",2,505,0.00396039603960396
"ICA1L",2,505,0.00396039603960396
"ICAM1",2,505,0.00396039603960396
"ICAM3",2,505,0.00396039603960396
"ID3",2,505,0.00396039603960396
"IDH3B",2,505,0.00396039603960396
"IDI1",2,505,0.00396039603960396
"IDS",2,505,0.00396039603960396
"IDUA",2,505,0.00396039603960396
"IFI27L1",2,505,0.00396039603960396
"IFI35",2,505,0.00396039603960396
"IFIT2",2,505,0.00396039603960396
"IFIT5",2,505,0.00396039603960396
"IFNGR2",2,505,0.00396039603960396
"IFT20",2,505,0.00396039603960396
"IFT57",2,505,0.00396039603960396
"IFT74",2,505,0.00396039603960396
"IFT80",2,505,0.00396039603960396
"IFTAP",2,505,0.00396039603960396
"IGFALS",2,505,0.00396039603960396
"IGFL4",2,505,0.00396039603960396
"IGHV2-5",2,505,0.00396039603960396
"IGHV3-30",2,505,0.00396039603960396
"IGHV3-73",2,505,0.00396039603960396
"IGHV3-74",2,505,0.00396039603960396
"IGHV4-59",2,505,0.00396039603960396
"IGKC",2,505,0.00396039603960396
"IGKV1-33",2,505,0.00396039603960396
"IGKV1D-12",2,505,0.00396039603960396
"IGKV3D-7",2,505,0.00396039603960396
"IGKV4-1",2,505,0.00396039603960396
"IGLC2",2,505,0.00396039603960396
"IGLC3",2,505,0.00396039603960396
"IGLC7",2,505,0.00396039603960396
"IGLL1",2,505,0.00396039603960396
"IGLL5",2,505,0.00396039603960396
"IGLV1-40",2,505,0.00396039603960396
"IGLV1-44",2,505,0.00396039603960396
"IGLV2-14",2,505,0.00396039603960396
"IGLV3-10",2,505,0.00396039603960396
"IGLV3-16",2,505,0.00396039603960396
"IGLV3-21",2,505,0.00396039603960396
"IGLV3-27",2,505,0.00396039603960396
"IGLV5-45",2,505,0.00396039603960396
"IGLV5-52",2,505,0.00396039603960396
"IGLV6-57",2,505,0.00396039603960396
"IGLV7-46",2,505,0.00396039603960396
"IGSF6",2,505,0.00396039603960396
"IGSF9",2,505,0.00396039603960396
"IKBIP",2,505,0.00396039603960396
"IKBKG",2,505,0.00396039603960396
"IKZF3",2,505,0.00396039603960396
"IKZF4",2,505,0.00396039603960396
"IKZF5",2,505,0.00396039603960396
"IL11RA",2,505,0.00396039603960396
"IL12A",2,505,0.00396039603960396
"IL12B",2,505,0.00396039603960396
"IL13RA1",2,505,0.00396039603960396
"IL17RA",2,505,0.00396039603960396
"IL17RC",2,505,0.00396039603960396
"IL17REL",2,505,0.00396039603960396
"IL1B",2,505,0.00396039603960396
"IL1R2",2,505,0.00396039603960396
"IL1RAP",2,505,0.00396039603960396
"IL1RN",2,505,0.00396039603960396
"IL20",2,505,0.00396039603960396
"IL24",2,505,0.00396039603960396
"IL31",2,505,0.00396039603960396
"IL32",2,505,0.00396039603960396
"IL4I1",2,505,0.00396039603960396
"IL5",2,505,0.00396039603960396
"IL6",2,505,0.00396039603960396
"IL6ST",2,505,0.00396039603960396
"IL7",2,505,0.00396039603960396
"ILRUN",2,505,0.00396039603960396
"IMPACT",2,505,0.00396039603960396
"INA",2,505,0.00396039603960396
"ING4",2,505,0.00396039603960396
"INHA",2,505,0.00396039603960396
"INO80B",2,505,0.00396039603960396
"INPP5E",2,505,0.00396039603960396
"INSM1",2,505,0.00396039603960396
"IPCEF1",2,505,0.00396039603960396
"IPO5",2,505,0.00396039603960396
"IPPK",2,505,0.00396039603960396
"IQCA1",2,505,0.00396039603960396
"IQCF1",2,505,0.00396039603960396
"IQCF2",2,505,0.00396039603960396
"IRF2",2,505,0.00396039603960396
"ISCA1",2,505,0.00396039603960396
"ISG20L2",2,505,0.00396039603960396
"ISL2",2,505,0.00396039603960396
"ISY1-RAB43",2,505,0.00396039603960396
"ITGB7",2,505,0.00396039603960396
"ITIH3",2,505,0.00396039603960396
"ITM2B",2,505,0.00396039603960396
"JCHAIN",2,505,0.00396039603960396
"JRKL",2,505,0.00396039603960396
"JSRP1",2,505,0.00396039603960396
"JTB",2,505,0.00396039603960396
"KAT5",2,505,0.00396039603960396
"KATNAL2",2,505,0.00396039603960396
"KATNB1",2,505,0.00396039603960396
"KBTBD4",2,505,0.00396039603960396
"KCNE1",2,505,0.00396039603960396
"KCNE5",2,505,0.00396039603960396
"KCNIP2",2,505,0.00396039603960396
"KCNK1",2,505,0.00396039603960396
"KCNK5",2,505,0.00396039603960396
"KCNK7",2,505,0.00396039603960396
"KCNMB4",2,505,0.00396039603960396
"KCNS1",2,505,0.00396039603960396
"KCTD10",2,505,0.00396039603960396
"KCTD15",2,505,0.00396039603960396
"KDM1A",2,505,0.00396039603960396
"KDM8",2,505,0.00396039603960396
"KHK",2,505,0.00396039603960396
"KIAA0753",2,505,0.00396039603960396
"KIAA0825",2,505,0.00396039603960396
"KIF22",2,505,0.00396039603960396
"KIF2A",2,505,0.00396039603960396
"KIF3A",2,505,0.00396039603960396
"KIFC3",2,505,0.00396039603960396
"KLF14",2,505,0.00396039603960396
"KLF3",2,505,0.00396039603960396
"KLHDC2",2,505,0.00396039603960396
"KLHDC3",2,505,0.00396039603960396
"KLHDC9",2,505,0.00396039603960396
"KLHL35",2,505,0.00396039603960396
"KLHL8",2,505,0.00396039603960396
"KLK12",2,505,0.00396039603960396
"KLK14",2,505,0.00396039603960396
"KLK9",2,505,0.00396039603960396
"KLRC3",2,505,0.00396039603960396
"KLRK1",2,505,0.00396039603960396
"KPNA3",2,505,0.00396039603960396
"KPNA6",2,505,0.00396039603960396
"KPTN",2,505,0.00396039603960396
"KREMEN2",2,505,0.00396039603960396
"KRT27",2,505,0.00396039603960396
"KRT32",2,505,0.00396039603960396
"KRT8",2,505,0.00396039603960396
"KRTAP1-3",2,505,0.00396039603960396
"KRTAP12-4",2,505,0.00396039603960396
"KRTAP19-1",2,505,0.00396039603960396
"KRTAP19-2",2,505,0.00396039603960396
"KRTAP19-8",2,505,0.00396039603960396
"KRTAP22-1",2,505,0.00396039603960396
"KRTAP3-2",2,505,0.00396039603960396
"KRTAP4-3",2,505,0.00396039603960396
"KRTAP5-6",2,505,0.00396039603960396
"KRTAP5-8",2,505,0.00396039603960396
"KRTAP5-9",2,505,0.00396039603960396
"KRTAP9-4",2,505,0.00396039603960396
"L3MBTL2",2,505,0.00396039603960396
"LARP7",2,505,0.00396039603960396
"LARS2",2,505,0.00396039603960396
"LBR",2,505,0.00396039603960396
"LCAT",2,505,0.00396039603960396
"LCE1A",2,505,0.00396039603960396
"LCE3A",2,505,0.00396039603960396
"LCE5A",2,505,0.00396039603960396
"LCN8",2,505,0.00396039603960396
"LCN9",2,505,0.00396039603960396
"LDHAL6A",2,505,0.00396039603960396
"LDHD",2,505,0.00396039603960396
"LDLRAD1",2,505,0.00396039603960396
"LDLRAD2",2,505,0.00396039603960396
"LDLRAP1",2,505,0.00396039603960396
"LENG1",2,505,0.00396039603960396
"LEP",2,505,0.00396039603960396
"LEPROT",2,505,0.00396039603960396
"LETMD1",2,505,0.00396039603960396
"LFNG",2,505,0.00396039603960396
"LGALS13",2,505,0.00396039603960396
"LGALS3BP",2,505,0.00396039603960396
"LGALS9C",2,505,0.00396039603960396
"LHPP",2,505,0.00396039603960396
"LHX2",2,505,0.00396039603960396
"LIAS",2,505,0.00396039603960396
"LIF",2,505,0.00396039603960396
"LIMK1",2,505,0.00396039603960396
"LIMK2",2,505,0.00396039603960396
"LIMS2",2,505,0.00396039603960396
"LIN52",2,505,0.00396039603960396
"LIN54",2,505,0.00396039603960396
"LIPA",2,505,0.00396039603960396
"LIPJ",2,505,0.00396039603960396
"LIPN",2,505,0.00396039603960396
"LIPT1",2,505,0.00396039603960396
"LMNA",2,505,0.00396039603960396
"LNP1",2,505,0.00396039603960396
"LOXL1",2,505,0.00396039603960396
"LOXL2",2,505,0.00396039603960396
"LPAR2",2,505,0.00396039603960396
"LPAR6",2,505,0.00396039603960396
"LRCH2",2,505,0.00396039603960396
"LRPAP1",2,505,0.00396039603960396
"LRRC14",2,505,0.00396039603960396
"LRRC19",2,505,0.00396039603960396
"LRRC27",2,505,0.00396039603960396
"LRRC34",2,505,0.00396039603960396
"LRRC37A2",2,505,0.00396039603960396
"LRRC45",2,505,0.00396039603960396
"LRRC71",2,505,0.00396039603960396
"LRRC74A",2,505,0.00396039603960396
"LRRC75B",2,505,0.00396039603960396
"LRTOMT",2,505,0.00396039603960396
"LSM11",2,505,0.00396039603960396
"LSR",2,505,0.00396039603960396
"LTA",2,505,0.00396039603960396
"LTA4H",2,505,0.00396039603960396
"LTO1",2,505,0.00396039603960396
"LTV1",2,505,0.00396039603960396
"LY6G5B",2,505,0.00396039603960396
"LY75-CD302",2,505,0.00396039603960396
"LY96",2,505,0.00396039603960396
"LYG1",2,505,0.00396039603960396
"LYG2",2,505,0.00396039603960396
"LYPD1",2,505,0.00396039603960396
"LYPD3",2,505,0.00396039603960396
"LYPLAL1",2,505,0.00396039603960396
"LYRM7",2,505,0.00396039603960396
"LYSMD4",2,505,0.00396039603960396
"LYVE1",2,505,0.00396039603960396
"LZTFL1",2,505,0.00396039603960396
"LZTS3",2,505,0.00396039603960396
"MACIR",2,505,0.00396039603960396
"MACROH2A1",2,505,0.00396039603960396
"MACROH2A2",2,505,0.00396039603960396
"MAD2L1",2,505,0.00396039603960396
"MAFG",2,505,0.00396039603960396
"MAGOHB",2,505,0.00396039603960396
"MAIP1",2,505,0.00396039603960396
"MAJIN",2,505,0.00396039603960396
"MAL",2,505,0.00396039603960396
"MAN1A1",2,505,0.00396039603960396
"MAN1C1",2,505,0.00396039603960396
"MANSC1",2,505,0.00396039603960396
"MAOB",2,505,0.00396039603960396
"MAP1LC3B2",2,505,0.00396039603960396
"MAP2K2",2,505,0.00396039603960396
"MAP3K6",2,505,0.00396039603960396
"MAP7D1",2,505,0.00396039603960396
"MAPK15",2,505,0.00396039603960396
"MAPRE2",2,505,0.00396039603960396
"MARCHF2",2,505,0.00396039603960396
"MAS1",2,505,0.00396039603960396
"MBD4",2,505,0.00396039603960396
"MBNL1",2,505,0.00396039603960396
"MBNL2",2,505,0.00396039603960396
"MBP",2,505,0.00396039603960396
"MC1R",2,505,0.00396039603960396
"MC4R",2,505,0.00396039603960396
"MCEE",2,505,0.00396039603960396
"MCEMP1",2,505,0.00396039603960396
"MCFD2",2,505,0.00396039603960396
"MCL1",2,505,0.00396039603960396
"MCM8",2,505,0.00396039603960396
"MCM9",2,505,0.00396039603960396
"MCUB",2,505,0.00396039603960396
"MCUR1",2,505,0.00396039603960396
"MDH2",2,505,0.00396039603960396
"MEAK7",2,505,0.00396039603960396
"MECR",2,505,0.00396039603960396
"MED20",2,505,0.00396039603960396
"MED21",2,505,0.00396039603960396
"MED30",2,505,0.00396039603960396
"MED6",2,505,0.00396039603960396
"MEIOB",2,505,0.00396039603960396
"MEIOC",2,505,0.00396039603960396
"METTL1",2,505,0.00396039603960396
"METTL2A",2,505,0.00396039603960396
"METTL2B",2,505,0.00396039603960396
"METTL9",2,505,0.00396039603960396
"MFHAS1",2,505,0.00396039603960396
"MFNG",2,505,0.00396039603960396
"MFRP",2,505,0.00396039603960396
"MFSD14A",2,505,0.00396039603960396
"MFSD6L",2,505,0.00396039603960396
"MGAT2",2,505,0.00396039603960396
"MGAT4A",2,505,0.00396039603960396
"MGLL",2,505,0.00396039603960396
"MGMT",2,505,0.00396039603960396
"MGST2",2,505,0.00396039603960396
"MICB",2,505,0.00396039603960396
"MID1IP1",2,505,0.00396039603960396
"MIDEAS",2,505,0.00396039603960396
"MIEF2",2,505,0.00396039603960396
"MIER1",2,505,0.00396039603960396
"MIF4GD",2,505,0.00396039603960396
"MINPP1",2,505,0.00396039603960396
"MIOX",2,505,0.00396039603960396
"MIP",2,505,0.00396039603960396
"MIS18A",2,505,0.00396039603960396
"MISP",2,505,0.00396039603960396
"MIXL1",2,505,0.00396039603960396
"MKX",2,505,0.00396039603960396
"MLPH",2,505,0.00396039603960396
"MLST8",2,505,0.00396039603960396
"MMADHC",2,505,0.00396039603960396
"MMD",2,505,0.00396039603960396
"MMGT1",2,505,0.00396039603960396
"MNS1",2,505,0.00396039603960396
"MOB4",2,505,0.00396039603960396
"MOCS1",2,505,0.00396039603960396
"MOK",2,505,0.00396039603960396
"MORN3",2,505,0.00396039603960396
"MOSPD1",2,505,0.00396039603960396
"MPI",2,505,0.00396039603960396
"MPV17",2,505,0.00396039603960396
"MPZL1",2,505,0.00396039603960396
"MPZL3",2,505,0.00396039603960396
"MR1",2,505,0.00396039603960396
"MRAP",2,505,0.00396039603960396
"MRGPRE",2,505,0.00396039603960396
"MRPL10",2,505,0.00396039603960396
"MRPL19",2,505,0.00396039603960396
"MRPL2",2,505,0.00396039603960396
"MRPL22",2,505,0.00396039603960396
"MRPL28",2,505,0.00396039603960396
"MRPL37",2,505,0.00396039603960396
"MRPL43",2,505,0.00396039603960396
"MRPL44",2,505,0.00396039603960396
"MRPL45",2,505,0.00396039603960396
"MRPL49",2,505,0.00396039603960396
"MRPL57",2,505,0.00396039603960396
"MRPS12",2,505,0.00396039603960396
"MRPS14",2,505,0.00396039603960396
"MRPS2",2,505,0.00396039603960396
"MRPS21",2,505,0.00396039603960396
"MS4A10",2,505,0.00396039603960396
"MSL2",2,505,0.00396039603960396
"MST1",2,505,0.00396039603960396
"MSTO1",2,505,0.00396039603960396
"MT1H",2,505,0.00396039603960396
"MT1M",2,505,0.00396039603960396
"MTARC1",2,505,0.00396039603960396
"MTCH1",2,505,0.00396039603960396
"MTCH2",2,505,0.00396039603960396
"MTERF1",2,505,0.00396039603960396
"MTERF2",2,505,0.00396039603960396
"MTF2",2,505,0.00396039603960396
"MTFR1L",2,505,0.00396039603960396
"MTFR2",2,505,0.00396039603960396
"MTHFD2",2,505,0.00396039603960396
"MTHFD2L",2,505,0.00396039603960396
"MTMR2",2,505,0.00396039603960396
"MTRF1",2,505,0.00396039603960396
"MTSS2",2,505,0.00396039603960396
"MTX2",2,505,0.00396039603960396
"MUL1",2,505,0.00396039603960396
"MVB12A",2,505,0.00396039603960396
"MXI1",2,505,0.00396039603960396
"MYBBP1A",2,505,0.00396039603960396
"MYCL",2,505,0.00396039603960396
"MYL3",2,505,0.00396039603960396
"MYL4",2,505,0.00396039603960396
"MYL5",2,505,0.00396039603960396
"MYL9",2,505,0.00396039603960396
"MYLPF",2,505,0.00396039603960396
"MYPOP",2,505,0.00396039603960396
"MZT1",2,505,0.00396039603960396
"NAA30",2,505,0.00396039603960396
"NABP1",2,505,0.00396039603960396
"NABP2",2,505,0.00396039603960396
"NACA",2,505,0.00396039603960396
"NADK2",2,505,0.00396039603960396
"NAGA",2,505,0.00396039603960396
"NAGLU",2,505,0.00396039603960396
"NANP",2,505,0.00396039603960396
"NANS",2,505,0.00396039603960396
"NAP1L4",2,505,0.00396039603960396
"NAP1L5",2,505,0.00396039603960396
"NAPRT",2,505,0.00396039603960396
"NAPSA",2,505,0.00396039603960396
"NAXD",2,505,0.00396039603960396
"NBPF10",2,505,0.00396039603960396
"NBPF20",2,505,0.00396039603960396
"NCBP2",2,505,0.00396039603960396
"NCEH1",2,505,0.00396039603960396
"NCK1",2,505,0.00396039603960396
"NDEL1",2,505,0.00396039603960396
"NDFIP2",2,505,0.00396039603960396
"NDOR1",2,505,0.00396039603960396
"NDUFA1",2,505,0.00396039603960396
"NDUFAF5",2,505,0.00396039603960396
"NDUFAF7",2,505,0.00396039603960396
"NDUFB9",2,505,0.00396039603960396
"NDUFS3",2,505,0.00396039603960396
"NDUFS7",2,505,0.00396039603960396
"NDUFS8",2,505,0.00396039603960396
"NECAP1",2,505,0.00396039603960396
"NEDD8",2,505,0.00396039603960396
"NEDD9",2,505,0.00396039603960396
"NEIL1",2,505,0.00396039603960396
"NEIL2",2,505,0.00396039603960396
"NEK6",2,505,0.00396039603960396
"NEK7",2,505,0.00396039603960396
"NEMF",2,505,0.00396039603960396
"NEU1",2,505,0.00396039603960396
"NEUROD2",2,505,0.00396039603960396
"NFATC2IP",2,505,0.00396039603960396
"NFIL3",2,505,0.00396039603960396
"NFIX",2,505,0.00396039603960396
"NFKBIA",2,505,0.00396039603960396
"NFKBIB",2,505,0.00396039603960396
"NFKBIL1",2,505,0.00396039603960396
"NFS1",2,505,0.00396039603960396
"NFX1",2,505,0.00396039603960396
"NFYB",2,505,0.00396039603960396
"NHLRC3",2,505,0.00396039603960396
"NHP2",2,505,0.00396039603960396
"NIF3L1",2,505,0.00396039603960396
"NIPAL2",2,505,0.00396039603960396
"NKIRAS2",2,505,0.00396039603960396
"NKX2-4",2,505,0.00396039603960396
"NLK",2,505,0.00396039603960396
"NME5",2,505,0.00396039603960396
"NME9",2,505,0.00396039603960396
"NMRAL1",2,505,0.00396039603960396
"NMT2",2,505,0.00396039603960396
"NOC3L",2,505,0.00396039603960396
"NOCT",2,505,0.00396039603960396
"NOL10",2,505,0.00396039603960396
"NOL12",2,505,0.00396039603960396
"NOL9",2,505,0.00396039603960396
"NOSIP",2,505,0.00396039603960396
"NOSTRIN",2,505,0.00396039603960396
"NOXO1",2,505,0.00396039603960396
"NPAS1",2,505,0.00396039603960396
"NPEPL1",2,505,0.00396039603960396
"NPEPPS",2,505,0.00396039603960396
"NPIPA1",2,505,0.00396039603960396
"NPIPB15",2,505,0.00396039603960396
"NPPB",2,505,0.00396039603960396
"NPRL2",2,505,0.00396039603960396
"NPS",2,505,0.00396039603960396
"NPY",2,505,0.00396039603960396
"NPY4R",2,505,0.00396039603960396
"NR1D1",2,505,0.00396039603960396
"NR1H2",2,505,0.00396039603960396
"NR2C2",2,505,0.00396039603960396
"NRSN2",2,505,0.00396039603960396
"NSUN4",2,505,0.00396039603960396
"NT5DC2",2,505,0.00396039603960396
"NT5M",2,505,0.00396039603960396
"NUBP2",2,505,0.00396039603960396
"NUDC",2,505,0.00396039603960396
"NUDCD2",2,505,0.00396039603960396
"NUDCD3",2,505,0.00396039603960396
"NUDT1",2,505,0.00396039603960396
"NUDT16",2,505,0.00396039603960396
"NUDT2",2,505,0.00396039603960396
"NUDT5",2,505,0.00396039603960396
"NUFIP2",2,505,0.00396039603960396
"NUMBL",2,505,0.00396039603960396
"NXNL2",2,505,0.00396039603960396
"OARD1",2,505,0.00396039603960396
"OAZ3",2,505,0.00396039603960396
"ODAPH",2,505,0.00396039603960396
"ODF2L",2,505,0.00396039603960396
"ODF3L1",2,505,0.00396039603960396
"ODR4",2,505,0.00396039603960396
"OGFOD3",2,505,0.00396039603960396
"OGFRL1",2,505,0.00396039603960396
"OGG1",2,505,0.00396039603960396
"OLA1",2,505,0.00396039603960396
"OLFML3",2,505,0.00396039603960396
"OMD",2,505,0.00396039603960396
"OMG",2,505,0.00396039603960396
"ONECUT1",2,505,0.00396039603960396
"OPALIN",2,505,0.00396039603960396
"OPN1MW",2,505,0.00396039603960396
"OR10AD1",2,505,0.00396039603960396
"OR1B1",2,505,0.00396039603960396
"OR1G1",2,505,0.00396039603960396
"OR1I1",2,505,0.00396039603960396
"OR2A1",2,505,0.00396039603960396
"OR2A4",2,505,0.00396039603960396
"OR2AT4",2,505,0.00396039603960396
"OR2T5",2,505,0.00396039603960396
"OR4F21",2,505,0.00396039603960396
"OR52H1",2,505,0.00396039603960396
"OR52I1",2,505,0.00396039603960396
"OR52W1",2,505,0.00396039603960396
"OR5C1",2,505,0.00396039603960396
"OR6C3",2,505,0.00396039603960396
"OR6C65",2,505,0.00396039603960396
"OR6C70",2,505,0.00396039603960396
"OR7D2",2,505,0.00396039603960396
"ORAI1",2,505,0.00396039603960396
"ORAI2",2,505,0.00396039603960396
"ORC3",2,505,0.00396039603960396
"OSBP2",2,505,0.00396039603960396
"OSCAR",2,505,0.00396039603960396
"OSER1",2,505,0.00396039603960396
"OSGEP",2,505,0.00396039603960396
"OSGEPL1",2,505,0.00396039603960396
"OSGIN2",2,505,0.00396039603960396
"OTUD5",2,505,0.00396039603960396
"OTUD6B",2,505,0.00396039603960396
"OVGP1",2,505,0.00396039603960396
"OXA1L",2,505,0.00396039603960396
"OXCT2",2,505,0.00396039603960396
"OXNAD1",2,505,0.00396039603960396
"P2RY14",2,505,0.00396039603960396
"P2RY6",2,505,0.00396039603960396
"P3H2",2,505,0.00396039603960396
"P3H3",2,505,0.00396039603960396
"PABPC1",2,505,0.00396039603960396
"PABPN1",2,505,0.00396039603960396
"PACC1",2,505,0.00396039603960396
"PACS2",2,505,0.00396039603960396
"PACSIN2",2,505,0.00396039603960396
"PAEP",2,505,0.00396039603960396
"PAFAH1B2",2,505,0.00396039603960396
"PAFAH2",2,505,0.00396039603960396
"PAG1",2,505,0.00396039603960396
"PAGE2",2,505,0.00396039603960396
"PAGE3",2,505,0.00396039603960396
"PAGE4",2,505,0.00396039603960396
"PAIP2",2,505,0.00396039603960396
"PAK2",2,505,0.00396039603960396
"PALMD",2,505,0.00396039603960396
"PARM1",2,505,0.00396039603960396
"PARVB",2,505,0.00396039603960396
"PATL1",2,505,0.00396039603960396
"PAWR",2,505,0.00396039603960396
"PAX9",2,505,0.00396039603960396
"PAXBP1",2,505,0.00396039603960396
"PCED1A",2,505,0.00396039603960396
"PCED1B",2,505,0.00396039603960396
"PCGF3",2,505,0.00396039603960396
"PCGF5",2,505,0.00396039603960396
"PCID2",2,505,0.00396039603960396
"PCK2",2,505,0.00396039603960396
"PCMT1",2,505,0.00396039603960396
"PCNP",2,505,0.00396039603960396
"PCSK9",2,505,0.00396039603960396
"PCYT1A",2,505,0.00396039603960396
"PCYT1B",2,505,0.00396039603960396
"PDAP1",2,505,0.00396039603960396
"PDCD1LG2",2,505,0.00396039603960396
"PDCD2",2,505,0.00396039603960396
"PDCD4",2,505,0.00396039603960396
"PDCD7",2,505,0.00396039603960396
"PDE4A",2,505,0.00396039603960396
"PDE7A",2,505,0.00396039603960396
"PDE8A",2,505,0.00396039603960396
"PDGFC",2,505,0.00396039603960396
"PDK2",2,505,0.00396039603960396
"PDLIM2",2,505,0.00396039603960396
"PDLIM3",2,505,0.00396039603960396
"PDLIM7",2,505,0.00396039603960396
"PDPK1",2,505,0.00396039603960396
"PDXK",2,505,0.00396039603960396
"PDZD3",2,505,0.00396039603960396
"PDZD9",2,505,0.00396039603960396
"PEBP1",2,505,0.00396039603960396
"PECR",2,505,0.00396039603960396
"PEMT",2,505,0.00396039603960396
"PENK",2,505,0.00396039603960396
"PEPD",2,505,0.00396039603960396
"PEX12",2,505,0.00396039603960396
"PEX13",2,505,0.00396039603960396
"PEX14",2,505,0.00396039603960396
"PEX5",2,505,0.00396039603960396
"PF4V1",2,505,0.00396039603960396
"PFKFB2",2,505,0.00396039603960396
"PGA3",2,505,0.00396039603960396
"PGA5",2,505,0.00396039603960396
"PGAM5",2,505,0.00396039603960396
"PGAP2",2,505,0.00396039603960396
"PGBD4",2,505,0.00396039603960396
"PGF",2,505,0.00396039603960396
"PGGHG",2,505,0.00396039603960396
"PGLYRP1",2,505,0.00396039603960396
"PGM3",2,505,0.00396039603960396
"PGPEP1L",2,505,0.00396039603960396
"PHETA2",2,505,0.00396039603960396
"PHF12",2,505,0.00396039603960396
"PHPT1",2,505,0.00396039603960396
"PIANP",2,505,0.00396039603960396
"PIAS4",2,505,0.00396039603960396
"PICALM",2,505,0.00396039603960396
"PIDD1",2,505,0.00396039603960396
"PIGC",2,505,0.00396039603960396
"PIGF",2,505,0.00396039603960396
"PIGL",2,505,0.00396039603960396
"PIH1D1",2,505,0.00396039603960396
"PIK3R6",2,505,0.00396039603960396
"PILRA",2,505,0.00396039603960396
"PIM3",2,505,0.00396039603960396
"PINK1",2,505,0.00396039603960396
"PIP4K2B",2,505,0.00396039603960396
"PIP4P1",2,505,0.00396039603960396
"PIP5KL1",2,505,0.00396039603960396
"PIPOX",2,505,0.00396039603960396
"PISD",2,505,0.00396039603960396
"PITHD1",2,505,0.00396039603960396
"PITX3",2,505,0.00396039603960396
"PKDCC",2,505,0.00396039603960396
"PKIB",2,505,0.00396039603960396
"PKMYT1",2,505,0.00396039603960396
"PKP3",2,505,0.00396039603960396
"PLA2G12B",2,505,0.00396039603960396
"PLA2G15",2,505,0.00396039603960396
"PLA2G4E",2,505,0.00396039603960396
"PLAC1",2,505,0.00396039603960396
"PLAC8L1",2,505,0.00396039603960396
"PLCD1",2,505,0.00396039603960396
"PLEK2",2,505,0.00396039603960396
"PLEKHF1",2,505,0.00396039603960396
"PLEKHM2",2,505,0.00396039603960396
"PLEKHO2",2,505,0.00396039603960396
"PLGRKT",2,505,0.00396039603960396
"PLPBP",2,505,0.00396039603960396
"PLPP1",2,505,0.00396039603960396
"PLPP3",2,505,0.00396039603960396
"PLRG1",2,505,0.00396039603960396
"PNKP",2,505,0.00396039603960396
"PNMA1",2,505,0.00396039603960396
"PNPLA3",2,505,0.00396039603960396
"PODXL",2,505,0.00396039603960396
"POGLUT1",2,505,0.00396039603960396
"POLDIP2",2,505,0.00396039603960396
"POLDIP3",2,505,0.00396039603960396
"POLG2",2,505,0.00396039603960396
"POLH",2,505,0.00396039603960396
"POLR2D",2,505,0.00396039603960396
"POLR2E",2,505,0.00396039603960396
"POLR2M",2,505,0.00396039603960396
"POLR3D",2,505,0.00396039603960396
"POLR3K",2,505,0.00396039603960396
"POMP",2,505,0.00396039603960396
"POMT1",2,505,0.00396039603960396
"PON2",2,505,0.00396039603960396
"POU3F1",2,505,0.00396039603960396
"POU4F3",2,505,0.00396039603960396
"PPBP",2,505,0.00396039603960396
"PPDPF",2,505,0.00396039603960396
"PPIE",2,505,0.00396039603960396
"PPIH",2,505,0.00396039603960396
"PPIP5K1",2,505,0.00396039603960396
"PPM1J",2,505,0.00396039603960396
"PPM1N",2,505,0.00396039603960396
"PPP1CA",2,505,0.00396039603960396
"PPP1R12C",2,505,0.00396039603960396
"PPP1R1A",2,505,0.00396039603960396
"PPP1R42",2,505,0.00396039603960396
"PPP1R9B",2,505,0.00396039603960396
"PPP2CB",2,505,0.00396039603960396
"PPP3CB",2,505,0.00396039603960396
"PPP4R3A",2,505,0.00396039603960396
"PPP4R3B",2,505,0.00396039603960396
"PPTC7",2,505,0.00396039603960396
"PPWD1",2,505,0.00396039603960396
"PPY",2,505,0.00396039603960396
"PQBP1",2,505,0.00396039603960396
"PRCC",2,505,0.00396039603960396
"PRDM12",2,505,0.00396039603960396
"PRDX2",2,505,0.00396039603960396
"PRELID3A",2,505,0.00396039603960396
"PRELID3B",2,505,0.00396039603960396
"PREP",2,505,0.00396039603960396
"PRH1",2,505,0.00396039603960396
"PRH2",2,505,0.00396039603960396
"PRIM1",2,505,0.00396039603960396
"PRKAR1B",2,505,0.00396039603960396
"PRKAR2A",2,505,0.00396039603960396
"PRKAR2B",2,505,0.00396039603960396
"PRKCSH",2,505,0.00396039603960396
"PRMT1",2,505,0.00396039603960396
"PRND",2,505,0.00396039603960396
"PROCA1",2,505,0.00396039603960396
"PROCR",2,505,0.00396039603960396
"PROK1",2,505,0.00396039603960396
"PROZ",2,505,0.00396039603960396
"PRPF38A",2,505,0.00396039603960396
"PRPF39",2,505,0.00396039603960396
"PRPF40A",2,505,0.00396039603960396
"PRPH2",2,505,0.00396039603960396
"PRPSAP1",2,505,0.00396039603960396
"PRR12",2,505,0.00396039603960396
"PRR5",2,505,0.00396039603960396
"PRR5-ARHGAP8",2,505,0.00396039603960396
"PRRG1",2,505,0.00396039603960396
"PRRX2",2,505,0.00396039603960396
"PRSS21",2,505,0.00396039603960396
"PRSS33",2,505,0.00396039603960396
"PRSS48",2,505,0.00396039603960396
"PRSS57",2,505,0.00396039603960396
"PSKH1",2,505,0.00396039603960396
"PSMA6",2,505,0.00396039603960396
"PSMA7",2,505,0.00396039603960396
"PSMB1",2,505,0.00396039603960396
"PSMC5",2,505,0.00396039603960396
"PSMD2",2,505,0.00396039603960396
"PSMD6",2,505,0.00396039603960396
"PSME1",2,505,0.00396039603960396
"PSME2",2,505,0.00396039603960396
"PSMF1",2,505,0.00396039603960396
"PSMG2",2,505,0.00396039603960396
"PSPH",2,505,0.00396039603960396
"PSTPIP2",2,505,0.00396039603960396
"PTBP3",2,505,0.00396039603960396
"PTGDS",2,505,0.00396039603960396
"PTGES3L-AARSD1",2,505,0.00396039603960396
"PTGR1",2,505,0.00396039603960396
"PTGR2",2,505,0.00396039603960396
"PTOV1",2,505,0.00396039603960396
"PTP4A1",2,505,0.00396039603960396
"PTP4A3",2,505,0.00396039603960396
"PTPN21",2,505,0.00396039603960396
"PTPRCAP",2,505,0.00396039603960396
"PTRH1",2,505,0.00396039603960396
"PTRHD1",2,505,0.00396039603960396
"PTTG1",2,505,0.00396039603960396
"PTTG1IP",2,505,0.00396039603960396
"PTX3",2,505,0.00396039603960396
"PUDP",2,505,0.00396039603960396
"PUF60",2,505,0.00396039603960396
"PUS1",2,505,0.00396039603960396
"PVRIG",2,505,0.00396039603960396
"PXMP4",2,505,0.00396039603960396
"QRFPR",2,505,0.00396039603960396
"QRICH1",2,505,0.00396039603960396
"QRSL1",2,505,0.00396039603960396
"RAB19",2,505,0.00396039603960396
"RAB26",2,505,0.00396039603960396
"RAB29",2,505,0.00396039603960396
"RAB33A",2,505,0.00396039603960396
"RAB37",2,505,0.00396039603960396
"RAB38",2,505,0.00396039603960396
"RAB39A",2,505,0.00396039603960396
"RAB3GAP1",2,505,0.00396039603960396
"RAB40A",2,505,0.00396039603960396
"RAB40B",2,505,0.00396039603960396
"RAB40C",2,505,0.00396039603960396
"RAB5A",2,505,0.00396039603960396
"RAB5IF",2,505,0.00396039603960396
"RAB6A",2,505,0.00396039603960396
"RAD18",2,505,0.00396039603960396
"RAD23B",2,505,0.00396039603960396
"RAD9A",2,505,0.00396039603960396
"RAE1",2,505,0.00396039603960396
"RALB",2,505,0.00396039603960396
"RAMP2",2,505,0.00396039603960396
"RANBP10",2,505,0.00396039603960396
"RANBP3",2,505,0.00396039603960396
"RANGRF",2,505,0.00396039603960396
"RAP2A",2,505,0.00396039603960396
"RARB",2,505,0.00396039603960396
"RASL11A",2,505,0.00396039603960396
"RASL11B",2,505,0.00396039603960396
"RASSF1",2,505,0.00396039603960396
"RASSF4",2,505,0.00396039603960396
"RASSF7",2,505,0.00396039603960396
"RBAK-RBAKDN",2,505,0.00396039603960396
"RBBP5",2,505,0.00396039603960396
"RBBP9",2,505,0.00396039603960396
"RBKS",2,505,0.00396039603960396
"RBM18",2,505,0.00396039603960396
"RBM22",2,505,0.00396039603960396
"RBM23",2,505,0.00396039603960396
"RBM42",2,505,0.00396039603960396
"RBM7",2,505,0.00396039603960396
"RBM8A",2,505,0.00396039603960396
"RBMS3",2,505,0.00396039603960396
"RBMX2",2,505,0.00396039603960396
"RBP1",2,505,0.00396039603960396
"RCAN1",2,505,0.00396039603960396
"RCBTB1",2,505,0.00396039603960396
"RCVRN",2,505,0.00396039603960396
"RDH10",2,505,0.00396039603960396
"REC114",2,505,0.00396039603960396
"REEP2",2,505,0.00396039603960396
"REEP3",2,505,0.00396039603960396
"REEP4",2,505,0.00396039603960396
"RELB",2,505,0.00396039603960396
"RELL2",2,505,0.00396039603960396
"RERG",2,505,0.00396039603960396
"RETREG3",2,505,0.00396039603960396
"RFC3",2,505,0.00396039603960396
"RFC5",2,505,0.00396039603960396
"RFESD",2,505,0.00396039603960396
"RFT1",2,505,0.00396039603960396
"RGS10",2,505,0.00396039603960396
"RGS11",2,505,0.00396039603960396
"RGS19",2,505,0.00396039603960396
"RHBDL2",2,505,0.00396039603960396
"RHBDL3",2,505,0.00396039603960396
"RHEX",2,505,0.00396039603960396
"RHOB",2,505,0.00396039603960396
"RHOD",2,505,0.00396039603960396
"RHOG",2,505,0.00396039603960396
"RHOT2",2,505,0.00396039603960396
"RHPN1",2,505,0.00396039603960396
"RIC8A",2,505,0.00396039603960396
"RIC8B",2,505,0.00396039603960396
"RIDA",2,505,0.00396039603960396
"RILPL1",2,505,0.00396039603960396
"RIMKLA",2,505,0.00396039603960396
"RIMKLB",2,505,0.00396039603960396
"RIMS3",2,505,0.00396039603960396
"RING1",2,505,0.00396039603960396
"RIPK2",2,505,0.00396039603960396
"RLBP1",2,505,0.00396039603960396
"RMC1",2,505,0.00396039603960396
"RMDN1",2,505,0.00396039603960396
"RMDN3",2,505,0.00396039603960396
"RNASE3",2,505,0.00396039603960396
"RNASEH2A",2,505,0.00396039603960396
"RNASET2",2,505,0.00396039603960396
"RNF103",2,505,0.00396039603960396
"RNF141",2,505,0.00396039603960396
"RNF151",2,505,0.00396039603960396
"RNF182",2,505,0.00396039603960396
"RNF185",2,505,0.00396039603960396
"RNF207",2,505,0.00396039603960396
"RNF215",2,505,0.00396039603960396
"RNF25",2,505,0.00396039603960396
"RNF26",2,505,0.00396039603960396
"RNF39",2,505,0.00396039603960396
"RNF5",2,505,0.00396039603960396
"RNH1",2,505,0.00396039603960396
"ROGDI",2,505,0.00396039603960396
"ROPN1",2,505,0.00396039603960396
"RPA1",2,505,0.00396039603960396
"RPAIN",2,505,0.00396039603960396
"RPAP2",2,505,0.00396039603960396
"RPAP3",2,505,0.00396039603960396
"RPL10A",2,505,0.00396039603960396
"RPL11",2,505,0.00396039603960396
"RPL26L1",2,505,0.00396039603960396
"RPL28",2,505,0.00396039603960396
"RPL3",2,505,0.00396039603960396
"RPL36A",2,505,0.00396039603960396
"RPL37",2,505,0.00396039603960396
"RPL6",2,505,0.00396039603960396
"RPL7L1",2,505,0.00396039603960396
"RPLP0",2,505,0.00396039603960396
"RPS15",2,505,0.00396039603960396
"RPS16",2,505,0.00396039603960396
"RPS4X",2,505,0.00396039603960396
"RPS4Y2",2,505,0.00396039603960396
"RPS6",2,505,0.00396039603960396
"RPUSD3",2,505,0.00396039603960396
"RRAD",2,505,0.00396039603960396
"RRAS2",2,505,0.00396039603960396
"RRN3",2,505,0.00396039603960396
"RRP36",2,505,0.00396039603960396
"RSAD1",2,505,0.00396039603960396
"RSKR",2,505,0.00396039603960396
"RSL1D1",2,505,0.00396039603960396
"RSPH1",2,505,0.00396039603960396
"RSPH10B",2,505,0.00396039603960396
"RSPH4A",2,505,0.00396039603960396
"RTBDN",2,505,0.00396039603960396
"RTCA",2,505,0.00396039603960396
"RTKN2",2,505,0.00396039603960396
"RTL8C",2,505,0.00396039603960396
"RTN4R",2,505,0.00396039603960396
"RUSF1",2,505,0.00396039603960396
"RUVBL2",2,505,0.00396039603960396
"RXFP4",2,505,0.00396039603960396
"RXRB",2,505,0.00396039603960396
"S100A16",2,505,0.00396039603960396
"SAA2",2,505,0.00396039603960396
"SAE1",2,505,0.00396039603960396
"SAMD12",2,505,0.00396039603960396
"SAMD13",2,505,0.00396039603960396
"SAMM50",2,505,0.00396039603960396
"SAP30L",2,505,0.00396039603960396
"SAPCD2",2,505,0.00396039603960396
"SAYSD1",2,505,0.00396039603960396
"SBDS",2,505,0.00396039603960396
"SCARF1",2,505,0.00396039603960396
"SCD",2,505,0.00396039603960396
"SCG5",2,505,0.00396039603960396
"SCGB1A1",2,505,0.00396039603960396
"SCGB1D2",2,505,0.00396039603960396
"SCGB1D4",2,505,0.00396039603960396
"SCGB2A2",2,505,0.00396039603960396
"SCGN",2,505,0.00396039603960396
"SCNM1",2,505,0.00396039603960396
"SCRN3",2,505,0.00396039603960396
"SCRT1",2,505,0.00396039603960396
"SCRT2",2,505,0.00396039603960396
"SCUBE3",2,505,0.00396039603960396
"SCYL3",2,505,0.00396039603960396
"SDC1",2,505,0.00396039603960396
"SDC3",2,505,0.00396039603960396
"SDC4",2,505,0.00396039603960396
"SDF4",2,505,0.00396039603960396
"SDR16C5",2,505,0.00396039603960396
"SDR39U1",2,505,0.00396039603960396
"SEC13",2,505,0.00396039603960396
"SEC61G",2,505,0.00396039603960396
"SELENOP",2,505,0.00396039603960396
"SELENOT",2,505,0.00396039603960396
"SELENOV",2,505,0.00396039603960396
"SELPLG",2,505,0.00396039603960396
"SEM1",2,505,0.00396039603960396
"SEMA3B",2,505,0.00396039603960396
"SEPSECS",2,505,0.00396039603960396
"SEPTIN10",2,505,0.00396039603960396
"SEPTIN7",2,505,0.00396039603960396
"SEPTIN8",2,505,0.00396039603960396
"SERAC1",2,505,0.00396039603960396
"SERINC2",2,505,0.00396039603960396
"SERPINF2",2,505,0.00396039603960396
"SERTAD3",2,505,0.00396039603960396
"SETD6",2,505,0.00396039603960396
"SETD7",2,505,0.00396039603960396
"SF3A3",2,505,0.00396039603960396
"SFR1",2,505,0.00396039603960396
"SFRP5",2,505,0.00396039603960396
"SFT2D2",2,505,0.00396039603960396
"SGCE",2,505,0.00396039603960396
"SGK1",2,505,0.00396039603960396
"SGMS2",2,505,0.00396039603960396
"SGSM2",2,505,0.00396039603960396
"SGTA",2,505,0.00396039603960396
"SH2D7",2,505,0.00396039603960396
"SH3BGRL2",2,505,0.00396039603960396
"SH3BP5",2,505,0.00396039603960396
"SH3D21",2,505,0.00396039603960396
"SHARPIN",2,505,0.00396039603960396
"SHF",2,505,0.00396039603960396
"SHISAL2A",2,505,0.00396039603960396
"SHLD2",2,505,0.00396039603960396
"SHMT1",2,505,0.00396039603960396
"SHROOM1",2,505,0.00396039603960396
"SIAH1",2,505,0.00396039603960396
"SIGIRR",2,505,0.00396039603960396
"SINHCAF",2,505,0.00396039603960396
"SIRPB2",2,505,0.00396039603960396
"SIRT1",2,505,0.00396039603960396
"SIRT3",2,505,0.00396039603960396
"SIRT6",2,505,0.00396039603960396
"SIX5",2,505,0.00396039603960396
"SKI",2,505,0.00396039603960396
"SLAIN2",2,505,0.00396039603960396
"SLC10A1",2,505,0.00396039603960396
"SLC10A4",2,505,0.00396039603960396
"SLC16A13",2,505,0.00396039603960396
"SLC16A3",2,505,0.00396039603960396
"SLC18B1",2,505,0.00396039603960396
"SLC20A1",2,505,0.00396039603960396
"SLC22A5",2,505,0.00396039603960396
"SLC23A1",2,505,0.00396039603960396
"SLC25A10",2,505,0.00396039603960396
"SLC25A24",2,505,0.00396039603960396
"SLC25A25",2,505,0.00396039603960396
"SLC25A3",2,505,0.00396039603960396
"SLC25A30",2,505,0.00396039603960396
"SLC25A34",2,505,0.00396039603960396
"SLC25A39",2,505,0.00396039603960396
"SLC25A44",2,505,0.00396039603960396
"SLC25A45",2,505,0.00396039603960396
"SLC26A9",2,505,0.00396039603960396
"SLC27A2",2,505,0.00396039603960396
"SLC29A3",2,505,0.00396039603960396
"SLC2A5",2,505,0.00396039603960396
"SLC2A7",2,505,0.00396039603960396
"SLC30A1",2,505,0.00396039603960396
"SLC30A2",2,505,0.00396039603960396
"SLC30A3",2,505,0.00396039603960396
"SLC35D1",2,505,0.00396039603960396
"SLC35E4",2,505,0.00396039603960396
"SLC35F2",2,505,0.00396039603960396
"SLC38A3",2,505,0.00396039603960396
"SLC38A9",2,505,0.00396039603960396
"SLC39A14",2,505,0.00396039603960396
"SLC39A2",2,505,0.00396039603960396
"SLC39A4",2,505,0.00396039603960396
"SLC39A8",2,505,0.00396039603960396
"SLC43A3",2,505,0.00396039603960396
"SLC46A2",2,505,0.00396039603960396
"SLC47A1",2,505,0.00396039603960396
"SLC47A2",2,505,0.00396039603960396
"SLC50A1",2,505,0.00396039603960396
"SLC51A",2,505,0.00396039603960396
"SLC66A3",2,505,0.00396039603960396
"SLC6A20",2,505,0.00396039603960396
"SLC7A10",2,505,0.00396039603960396
"SLC7A6",2,505,0.00396039603960396
"SMAD6",2,505,0.00396039603960396
"SMARCE1",2,505,0.00396039603960396
"SMCP",2,505,0.00396039603960396
"SMIM19",2,505,0.00396039603960396
"SMIM29",2,505,0.00396039603960396
"SMIM8",2,505,0.00396039603960396
"SMNDC1",2,505,0.00396039603960396
"SMOX",2,505,0.00396039603960396
"SMPD1",2,505,0.00396039603960396
"SMPDL3A",2,505,0.00396039603960396
"SNAPC1",2,505,0.00396039603960396
"SNRK",2,505,0.00396039603960396
"SNRNP48",2,505,0.00396039603960396
"SNRNP70",2,505,0.00396039603960396
"SNRPA",2,505,0.00396039603960396
"SNRPD3",2,505,0.00396039603960396
"SNUPN",2,505,0.00396039603960396
"SNW1",2,505,0.00396039603960396
"SNX11",2,505,0.00396039603960396
"SNX16",2,505,0.00396039603960396
"SNX2",2,505,0.00396039603960396
"SNX20",2,505,0.00396039603960396
"SNX30",2,505,0.00396039603960396
"SOAT2",2,505,0.00396039603960396
"SOCS7",2,505,0.00396039603960396
"SORBS3",2,505,0.00396039603960396
"SORCS2",2,505,0.00396039603960396
"SOST",2,505,0.00396039603960396
"SOWAHC",2,505,0.00396039603960396
"SOWAHD",2,505,0.00396039603960396
"SOX10",2,505,0.00396039603960396
"SOX17",2,505,0.00396039603960396
"SOX21",2,505,0.00396039603960396
"SP2",2,505,0.00396039603960396
"SP6",2,505,0.00396039603960396
"SPAG8",2,505,0.00396039603960396
"SPATA12",2,505,0.00396039603960396
"SPATA2L",2,505,0.00396039603960396
"SPATA4",2,505,0.00396039603960396
"SPATC1L",2,505,0.00396039603960396
"SPC25",2,505,0.00396039603960396
"SPIN1",2,505,0.00396039603960396
"SPIN2A",2,505,0.00396039603960396
"SPINT2",2,505,0.00396039603960396
"SPOCK2",2,505,0.00396039603960396
"SPON2",2,505,0.00396039603960396
"SPOP",2,505,0.00396039603960396
"SPPL2B",2,505,0.00396039603960396
"SPPL3",2,505,0.00396039603960396
"SPR",2,505,0.00396039603960396
"SPRR2F",2,505,0.00396039603960396
"SPRYD7",2,505,0.00396039603960396
"SPTSSA",2,505,0.00396039603960396
"SQOR",2,505,0.00396039603960396
"SRARP",2,505,0.00396039603960396
"SRC",2,505,0.00396039603960396
"SRFBP1",2,505,0.00396039603960396
"SRPRB",2,505,0.00396039603960396
"SRSF1",2,505,0.00396039603960396
"SRSF5",2,505,0.00396039603960396
"SRSF7",2,505,0.00396039603960396
"SSB",2,505,0.00396039603960396
"SSBP2",2,505,0.00396039603960396
"SSBP3",2,505,0.00396039603960396
"SSC4D",2,505,0.00396039603960396
"SSU72",2,505,0.00396039603960396
"ST3GAL4",2,505,0.00396039603960396
"ST3GAL5",2,505,0.00396039603960396
"STAR",2,505,0.00396039603960396
"STARD4",2,505,0.00396039603960396
"STAT6",2,505,0.00396039603960396
"STATH",2,505,0.00396039603960396
"STBD1",2,505,0.00396039603960396
"STEAP3",2,505,0.00396039603960396
"STEAP4",2,505,0.00396039603960396
"STIMATE",2,505,0.00396039603960396
"STK38L",2,505,0.00396039603960396
"STK40",2,505,0.00396039603960396
"STMN2",2,505,0.00396039603960396
"STMN3",2,505,0.00396039603960396
"STOM",2,505,0.00396039603960396
"STOML1",2,505,0.00396039603960396
"STOX2",2,505,0.00396039603960396
"STPG1",2,505,0.00396039603960396
"STPG4",2,505,0.00396039603960396
"STRADB",2,505,0.00396039603960396
"STRC",2,505,0.00396039603960396
"STT3B",2,505,0.00396039603960396
"STUM",2,505,0.00396039603960396
"STX1B",2,505,0.00396039603960396
"STX4",2,505,0.00396039603960396
"STX6",2,505,0.00396039603960396
"STX8",2,505,0.00396039603960396
"SUGT1",2,505,0.00396039603960396
"SULT1C4",2,505,0.00396039603960396
"SULT2B1",2,505,0.00396039603960396
"SUMF1",2,505,0.00396039603960396
"SUMO1",2,505,0.00396039603960396
"SUPT7L",2,505,0.00396039603960396
"SUPV3L1",2,505,0.00396039603960396
"SUV39H1",2,505,0.00396039603960396
"SYDE1",2,505,0.00396039603960396
"SYNE4",2,505,0.00396039603960396
"SYNPO",2,505,0.00396039603960396
"SYPL1",2,505,0.00396039603960396
"SYT17",2,505,0.00396039603960396
"SYT2",2,505,0.00396039603960396
"SYVN1",2,505,0.00396039603960396
"TADA2A",2,505,0.00396039603960396
"TADA2B",2,505,0.00396039603960396
"TAF1B",2,505,0.00396039603960396
"TAF6L",2,505,0.00396039603960396
"TAF9",2,505,0.00396039603960396
"TAFA5",2,505,0.00396039603960396
"TARDBP",2,505,0.00396039603960396
"TAS2R13",2,505,0.00396039603960396
"TAS2R3",2,505,0.00396039603960396
"TAS2R4",2,505,0.00396039603960396
"TAS2R5",2,505,0.00396039603960396
"TAS2R9",2,505,0.00396039603960396
"TBC1D10B",2,505,0.00396039603960396
"TBC1D20",2,505,0.00396039603960396
"TBC1D22B",2,505,0.00396039603960396
"TBC1D28",2,505,0.00396039603960396
"TBCEL",2,505,0.00396039603960396
"TBKBP1",2,505,0.00396039603960396
"TBPL1",2,505,0.00396039603960396
"TCEAL4",2,505,0.00396039603960396
"TCEAL9",2,505,0.00396039603960396
"TCF7",2,505,0.00396039603960396
"TCP1",2,505,0.00396039603960396
"TCTEX1D2",2,505,0.00396039603960396
"TDGF1",2,505,0.00396039603960396
"TEAD1",2,505,0.00396039603960396
"TECTB",2,505,0.00396039603960396
"TEKT5",2,505,0.00396039603960396
"TEPSIN",2,505,0.00396039603960396
"TERB2",2,505,0.00396039603960396
"TERF1",2,505,0.00396039603960396
"TES",2,505,0.00396039603960396
"TEX264",2,505,0.00396039603960396
"TEX29",2,505,0.00396039603960396
"TEX33",2,505,0.00396039603960396
"TEX45",2,505,0.00396039603960396
"TEX9",2,505,0.00396039603960396
"TFAP4",2,505,0.00396039603960396
"TFEB",2,505,0.00396039603960396
"TFPT",2,505,0.00396039603960396
"TGM5",2,505,0.00396039603960396
"TGOLN2",2,505,0.00396039603960396
"THAP1",2,505,0.00396039603960396
"THAP9",2,505,0.00396039603960396
"THEM4",2,505,0.00396039603960396
"THEM5",2,505,0.00396039603960396
"THOC5",2,505,0.00396039603960396
"THUMPD1",2,505,0.00396039603960396
"TIAF1",2,505,0.00396039603960396
"TICAM1",2,505,0.00396039603960396
"TIGD2",2,505,0.00396039603960396
"TIMP2",2,505,0.00396039603960396
"TINF2",2,505,0.00396039603960396
"TIPRL",2,505,0.00396039603960396
"TLE2",2,505,0.00396039603960396
"TLX1",2,505,0.00396039603960396
"TLX3",2,505,0.00396039603960396
"TM4SF19",2,505,0.00396039603960396
"TM4SF20",2,505,0.00396039603960396
"TMBIM6",2,505,0.00396039603960396
"TMCC1",2,505,0.00396039603960396
"TMED3",2,505,0.00396039603960396
"TMEM102",2,505,0.00396039603960396
"TMEM106A",2,505,0.00396039603960396
"TMEM108",2,505,0.00396039603960396
"TMEM116",2,505,0.00396039603960396
"TMEM120A",2,505,0.00396039603960396
"TMEM126B",2,505,0.00396039603960396
"TMEM138",2,505,0.00396039603960396
"TMEM139",2,505,0.00396039603960396
"TMEM14B",2,505,0.00396039603960396
"TMEM150B",2,505,0.00396039603960396
"TMEM181",2,505,0.00396039603960396
"TMEM182",2,505,0.00396039603960396
"TMEM184B",2,505,0.00396039603960396
"TMEM184C",2,505,0.00396039603960396
"TMEM211",2,505,0.00396039603960396
"TMEM215",2,505,0.00396039603960396
"TMEM217",2,505,0.00396039603960396
"TMEM223",2,505,0.00396039603960396
"TMEM245",2,505,0.00396039603960396
"TMEM256",2,505,0.00396039603960396
"TMEM259",2,505,0.00396039603960396
"TMEM26",2,505,0.00396039603960396
"TMEM267",2,505,0.00396039603960396
"TMEM273",2,505,0.00396039603960396
"TMEM31",2,505,0.00396039603960396
"TMEM33",2,505,0.00396039603960396
"TMEM37",2,505,0.00396039603960396
"TMEM41A",2,505,0.00396039603960396
"TMEM43",2,505,0.00396039603960396
"TMEM47",2,505,0.00396039603960396
"TMEM62",2,505,0.00396039603960396
"TMEM64",2,505,0.00396039603960396
"TMEM68",2,505,0.00396039603960396
"TMEM72",2,505,0.00396039603960396
"TMEM82",2,505,0.00396039603960396
"TMOD2",2,505,0.00396039603960396
"TMPRSS4",2,505,0.00396039603960396
"TMUB1",2,505,0.00396039603960396
"TNF",2,505,0.00396039603960396
"TNFRSF10B",2,505,0.00396039603960396
"TNFRSF12A",2,505,0.00396039603960396
"TNFRSF18",2,505,0.00396039603960396
"TNFRSF4",2,505,0.00396039603960396
"TNFSF14",2,505,0.00396039603960396
"TNIP1",2,505,0.00396039603960396
"TNNI1",2,505,0.00396039603960396
"TOR3A",2,505,0.00396039603960396
"TP53INP1",2,505,0.00396039603960396
"TP53INP2",2,505,0.00396039603960396
"TPD52L1",2,505,0.00396039603960396
"TPGS2",2,505,0.00396039603960396
"TPM2",2,505,0.00396039603960396
"TPPP",2,505,0.00396039603960396
"TPSAB1",2,505,0.00396039603960396
"TPSG1",2,505,0.00396039603960396
"TPST1",2,505,0.00396039603960396
"TPST2",2,505,0.00396039603960396
"TRA2A",2,505,0.00396039603960396
"TRA2B",2,505,0.00396039603960396
"TRABD2A",2,505,0.00396039603960396
"TRAC",2,505,0.00396039603960396
"TRADD",2,505,0.00396039603960396
"TRAF3IP2",2,505,0.00396039603960396
"TRAF5",2,505,0.00396039603960396
"TRAJ23",2,505,0.00396039603960396
"TRAJ42",2,505,0.00396039603960396
"TRAP1",2,505,0.00396039603960396
"TRAPPC6B",2,505,0.00396039603960396
"TRARG1",2,505,0.00396039603960396
"TRAV1-1",2,505,0.00396039603960396
"TRAV13-1",2,505,0.00396039603960396
"TRAV14DV4",2,505,0.00396039603960396
"TRAV2",2,505,0.00396039603960396
"TRAV20",2,505,0.00396039603960396
"TRAV21",2,505,0.00396039603960396
"TRAV24",2,505,0.00396039603960396
"TRAV29DV5",2,505,0.00396039603960396
"TRAV3",2,505,0.00396039603960396
"TRAV30",2,505,0.00396039603960396
"TRAV34",2,505,0.00396039603960396
"TRBJ2-6",2,505,0.00396039603960396
"TRBV20-1",2,505,0.00396039603960396
"TRDC",2,505,0.00396039603960396
"TRDV1",2,505,0.00396039603960396
"TREH",2,505,0.00396039603960396
"TREM1",2,505,0.00396039603960396
"TRGC2",2,505,0.00396039603960396
"TRGJP2",2,505,0.00396039603960396
"TRGV3",2,505,0.00396039603960396
"TRGV5",2,505,0.00396039603960396
"TRGV9",2,505,0.00396039603960396
"TRIM26",2,505,0.00396039603960396
"TRIM47",2,505,0.00396039603960396
"TRIM5",2,505,0.00396039603960396
"TRIM52",2,505,0.00396039603960396
"TRIM61",2,505,0.00396039603960396
"TRIM62",2,505,0.00396039603960396
"TRIM65",2,505,0.00396039603960396
"TRIM7",2,505,0.00396039603960396
"TRIP4",2,505,0.00396039603960396
"TRIT1",2,505,0.00396039603960396
"TRMT1",2,505,0.00396039603960396
"TRMT11",2,505,0.00396039603960396
"TRMT13",2,505,0.00396039603960396
"TRMT44",2,505,0.00396039603960396
"TRMT61B",2,505,0.00396039603960396
"TRPT1",2,505,0.00396039603960396
"TRUB1",2,505,0.00396039603960396
"TRUB2",2,505,0.00396039603960396
"TSEN2",2,505,0.00396039603960396
"TSNAX",2,505,0.00396039603960396
"TSPAN10",2,505,0.00396039603960396
"TSPAN17",2,505,0.00396039603960396
"TSPAN18",2,505,0.00396039603960396
"TSPAN19",2,505,0.00396039603960396
"TSPAN3",2,505,0.00396039603960396
"TSPAN32",2,505,0.00396039603960396
"TSPAN7",2,505,0.00396039603960396
"TSSK4",2,505,0.00396039603960396
"TSTD2",2,505,0.00396039603960396
"TTC22",2,505,0.00396039603960396
"TTC24",2,505,0.00396039603960396
"TTC30B",2,505,0.00396039603960396
"TTC31",2,505,0.00396039603960396
"TTC32",2,505,0.00396039603960396
"TTC39A",2,505,0.00396039603960396
"TTC39C",2,505,0.00396039603960396
"TTC9C",2,505,0.00396039603960396
"TTI2",2,505,0.00396039603960396
"TTL",2,505,0.00396039603960396
"TTLL10",2,505,0.00396039603960396
"TTLL12",2,505,0.00396039603960396
"TUBA4A",2,505,0.00396039603960396
"TUBB2A",2,505,0.00396039603960396
"TUFM",2,505,0.00396039603960396
"TUFT1",2,505,0.00396039603960396
"TULP2",2,505,0.00396039603960396
"TWF1",2,505,0.00396039603960396
"TWIST1",2,505,0.00396039603960396
"TXNDC11",2,505,0.00396039603960396
"TXNDC15",2,505,0.00396039603960396
"TXNRD2",2,505,0.00396039603960396
"TYW3",2,505,0.00396039603960396
"U2AF1L4",2,505,0.00396039603960396
"UAP1L1",2,505,0.00396039603960396
"UBE2E2",2,505,0.00396039603960396
"UBE2J1",2,505,0.00396039603960396
"UBE2S",2,505,0.00396039603960396
"UBE2T",2,505,0.00396039603960396
"UBE2U",2,505,0.00396039603960396
"UBE2W",2,505,0.00396039603960396
"UBE2Z",2,505,0.00396039603960396
"UBFD1",2,505,0.00396039603960396
"UBL4B",2,505,0.00396039603960396
"UBTD1",2,505,0.00396039603960396
"UBXN10",2,505,0.00396039603960396
"UBXN2B",2,505,0.00396039603960396
"UFC1",2,505,0.00396039603960396
"UFD1",2,505,0.00396039603960396
"UGP2",2,505,0.00396039603960396
"UGT1A8",2,505,0.00396039603960396
"UHRF1",2,505,0.00396039603960396
"UIMC1",2,505,0.00396039603960396
"ULBP3",2,505,0.00396039603960396
"ULK3",2,505,0.00396039603960396
"UNC119B",2,505,0.00396039603960396
"UNC50",2,505,0.00396039603960396
"UNC93B1",2,505,0.00396039603960396
"UPB1",2,505,0.00396039603960396
"UPF1",2,505,0.00396039603960396
"UPK1A",2,505,0.00396039603960396
"UQCR11",2,505,0.00396039603960396
"UQCRC2",2,505,0.00396039603960396
"UQCRH",2,505,0.00396039603960396
"UQCRQ",2,505,0.00396039603960396
"USE1",2,505,0.00396039603960396
"USF1",2,505,0.00396039603960396
"USP12",2,505,0.00396039603960396
"USP18",2,505,0.00396039603960396
"USP30",2,505,0.00396039603960396
"USP37",2,505,0.00396039603960396
"USP39",2,505,0.00396039603960396
"USP44",2,505,0.00396039603960396
"UTP14C",2,505,0.00396039603960396
"UTP15",2,505,0.00396039603960396
"UTP23",2,505,0.00396039603960396
"UTP4",2,505,0.00396039603960396
"UXT",2,505,0.00396039603960396
"VAMP4",2,505,0.00396039603960396
"VARS2",2,505,0.00396039603960396
"VASH2",2,505,0.00396039603960396
"VAX2",2,505,0.00396039603960396
"VCPKMT",2,505,0.00396039603960396
"VCX2",2,505,0.00396039603960396
"VCX3B",2,505,0.00396039603960396
"VDAC2",2,505,0.00396039603960396
"VDR",2,505,0.00396039603960396
"VGLL2",2,505,0.00396039603960396
"VGLL4",2,505,0.00396039603960396
"VIPR1",2,505,0.00396039603960396
"VMO1",2,505,0.00396039603960396
"VN1R1",2,505,0.00396039603960396
"VPS11",2,505,0.00396039603960396
"VPS26B",2,505,0.00396039603960396
"VPS33B",2,505,0.00396039603960396
"VPS37C",2,505,0.00396039603960396
"VPS39",2,505,0.00396039603960396
"VPS4A",2,505,0.00396039603960396
"VPS51",2,505,0.00396039603960396
"VPS52",2,505,0.00396039603960396
"VSIG8",2,505,0.00396039603960396
"VTI1A",2,505,0.00396039603960396
"VXN",2,505,0.00396039603960396
"WBP2",2,505,0.00396039603960396
"WBP2NL",2,505,0.00396039603960396
"WDFY2",2,505,0.00396039603960396
"WDR24",2,505,0.00396039603960396
"WDR31",2,505,0.00396039603960396
"WDR41",2,505,0.00396039603960396
"WDR45B",2,505,0.00396039603960396
"WDR55",2,505,0.00396039603960396
"WDR86",2,505,0.00396039603960396
"WDR92",2,505,0.00396039603960396
"WFDC12",2,505,0.00396039603960396
"WFDC3",2,505,0.00396039603960396
"WFDC8",2,505,0.00396039603960396
"WIF1",2,505,0.00396039603960396
"WIPF3",2,505,0.00396039603960396
"WIPI2",2,505,0.00396039603960396
"WNT9B",2,505,0.00396039603960396
"WRAP53",2,505,0.00396039603960396
"WRAP73",2,505,0.00396039603960396
"WTIP",2,505,0.00396039603960396
"XAB2",2,505,0.00396039603960396
"XAGE3",2,505,0.00396039603960396
"XBP1",2,505,0.00396039603960396
"XKR8",2,505,0.00396039603960396
"XRCC4",2,505,0.00396039603960396
"YBX1",2,505,0.00396039603960396
"YEATS4",2,505,0.00396039603960396
"YIPF3",2,505,0.00396039603960396
"YIPF4",2,505,0.00396039603960396
"YIPF6",2,505,0.00396039603960396
"YJU2",2,505,0.00396039603960396
"YOD1",2,505,0.00396039603960396
"YPEL4",2,505,0.00396039603960396
"YRDC",2,505,0.00396039603960396
"YWHAG",2,505,0.00396039603960396
"YWHAZ",2,505,0.00396039603960396
"ZBED6CL",2,505,0.00396039603960396
"ZBTB1",2,505,0.00396039603960396
"ZBTB12",2,505,0.00396039603960396
"ZBTB38",2,505,0.00396039603960396
"ZBTB43",2,505,0.00396039603960396
"ZBTB47",2,505,0.00396039603960396
"ZBTB7A",2,505,0.00396039603960396
"ZBTB7C",2,505,0.00396039603960396
"ZC3H10",2,505,0.00396039603960396
"ZC3H12A",2,505,0.00396039603960396
"ZC3HAV1L",2,505,0.00396039603960396
"ZC3HC1",2,505,0.00396039603960396
"ZCCHC24",2,505,0.00396039603960396
"ZDHHC11",2,505,0.00396039603960396
"ZDHHC16",2,505,0.00396039603960396
"ZDHHC23",2,505,0.00396039603960396
"ZDHHC24",2,505,0.00396039603960396
"ZDHHC5",2,505,0.00396039603960396
"ZFP1",2,505,0.00396039603960396
"ZFP36L2",2,505,0.00396039603960396
"ZFP41",2,505,0.00396039603960396
"ZFY",2,505,0.00396039603960396
"ZMYND12",2,505,0.00396039603960396
"ZNF124",2,505,0.00396039603960396
"ZNF138",2,505,0.00396039603960396
"ZNF146",2,505,0.00396039603960396
"ZNF175",2,505,0.00396039603960396
"ZNF189",2,505,0.00396039603960396
"ZNF197",2,505,0.00396039603960396
"ZNF20",2,505,0.00396039603960396
"ZNF286A",2,505,0.00396039603960396
"ZNF311",2,505,0.00396039603960396
"ZNF32",2,505,0.00396039603960396
"ZNF324",2,505,0.00396039603960396
"ZNF326",2,505,0.00396039603960396
"ZNF346",2,505,0.00396039603960396
"ZNF354B",2,505,0.00396039603960396
"ZNF384",2,505,0.00396039603960396
"ZNF385B",2,505,0.00396039603960396
"ZNF397",2,505,0.00396039603960396
"ZNF410",2,505,0.00396039603960396
"ZNF439",2,505,0.00396039603960396
"ZNF441",2,505,0.00396039603960396
"ZNF490",2,505,0.00396039603960396
"ZNF500",2,505,0.00396039603960396
"ZNF501",2,505,0.00396039603960396
"ZNF524",2,505,0.00396039603960396
"ZNF529",2,505,0.00396039603960396
"ZNF552",2,505,0.00396039603960396
"ZNF557",2,505,0.00396039603960396
"ZNF562",2,505,0.00396039603960396
"ZNF57",2,505,0.00396039603960396
"ZNF575",2,505,0.00396039603960396
"ZNF576",2,505,0.00396039603960396
"ZNF596",2,505,0.00396039603960396
"ZNF629",2,505,0.00396039603960396
"ZNF641",2,505,0.00396039603960396
"ZNF660",2,505,0.00396039603960396
"ZNF688",2,505,0.00396039603960396
"ZNF689",2,505,0.00396039603960396
"ZNF691",2,505,0.00396039603960396
"ZNF709",2,505,0.00396039603960396
"ZNF710",2,505,0.00396039603960396
"ZNF790",2,505,0.00396039603960396
"ZNF792",2,505,0.00396039603960396
"ZNF823",2,505,0.00396039603960396
"ZNF846",2,505,0.00396039603960396
"ZNF878",2,505,0.00396039603960396
"ZNF883",2,505,0.00396039603960396
"ZNHIT6",2,505,0.00396039603960396
"ZNRF1",2,505,0.00396039603960396
"ZPR1",2,505,0.00396039603960396
"ZSCAN2",2,505,0.00396039603960396
"ZSCAN21",2,505,0.00396039603960396
"ZSCAN9",2,505,0.00396039603960396
"ZSWIM1",2,505,0.00396039603960396
"ZUP1",2,505,0.00396039603960396
"A3GALT2",1,505,0.00198019801980198
"AAAS",1,505,0.00198019801980198
"ABCD1",1,505,0.00198019801980198
"ABCE1",1,505,0.00198019801980198
"ABCF2-H2BE1",1,505,0.00198019801980198
"ABHD11",1,505,0.00198019801980198
"ABHD12",1,505,0.00198019801980198
"ABHD14A-ACY1",1,505,0.00198019801980198
"ABHD14B",1,505,0.00198019801980198
"ABHD15",1,505,0.00198019801980198
"ABHD16A",1,505,0.00198019801980198
"ABHD17A",1,505,0.00198019801980198
"ABHD17C",1,505,0.00198019801980198
"ABHD4",1,505,0.00198019801980198
"ABHD8",1,505,0.00198019801980198
"ABI1",1,505,0.00198019801980198
"ABI2",1,505,0.00198019801980198
"ABITRAM",1,505,0.00198019801980198
"ABRACL",1,505,0.00198019801980198
"ABRAXAS1",1,505,0.00198019801980198
"AC018630.4",1,505,0.00198019801980198
"AC023055.1",1,505,0.00198019801980198
"AC092143.1",1,505,0.00198019801980198
"AC092718.8",1,505,0.00198019801980198
"AC093827.5",1,505,0.00198019801980198
"AC104452.1",1,505,0.00198019801980198
"AC105001.2",1,505,0.00198019801980198
"AC109583.1",1,505,0.00198019801980198
"AC132217.2",1,505,0.00198019801980198
"AC139530.2",1,505,0.00198019801980198
"AC144573.1",1,505,0.00198019801980198
"AC245033.1",1,505,0.00198019801980198
"ACAA2",1,505,0.00198019801980198
"ACADS",1,505,0.00198019801980198
"ACADVL",1,505,0.00198019801980198
"ACBD6",1,505,0.00198019801980198
"ACOT1",1,505,0.00198019801980198
"ACOT13",1,505,0.00198019801980198
"ACOT2",1,505,0.00198019801980198
"ACP6",1,505,0.00198019801980198
"ACSF2",1,505,0.00198019801980198
"ACSS2",1,505,0.00198019801980198
"ACTR10",1,505,0.00198019801980198
"ACY1",1,505,0.00198019801980198
"ACYP2",1,505,0.00198019801980198
"ADAP1",1,505,0.00198019801980198
"ADAT1",1,505,0.00198019801980198
"ADGRF3",1,505,0.00198019801980198
"ADH5",1,505,0.00198019801980198
"ADIG",1,505,0.00198019801980198
"ADO",1,505,0.00198019801980198
"ADORA2B",1,505,0.00198019801980198
"ADPGK",1,505,0.00198019801980198
"ADRB1",1,505,0.00198019801980198
"ADRM1",1,505,0.00198019801980198
"ADTRP",1,505,0.00198019801980198
"AF196969.1",1,505,0.00198019801980198
"AGBL4",1,505,0.00198019801980198
"AGPAT5",1,505,0.00198019801980198
"AGR2",1,505,0.00198019801980198
"AGR3",1,505,0.00198019801980198
"AGRP",1,505,0.00198019801980198
"AHSA1",1,505,0.00198019801980198
"AIF1",1,505,0.00198019801980198
"AIF1L",1,505,0.00198019801980198
"AIP",1,505,0.00198019801980198
"AK4",1,505,0.00198019801980198
"AKR1A1",1,505,0.00198019801980198
"AKTIP",1,505,0.00198019801980198
"AL031681.2",1,505,0.00198019801980198
"AL135905.2",1,505,0.00198019801980198
"AL358113.1",1,505,0.00198019801980198
"ALAS1",1,505,0.00198019801980198
"ALDH3B1",1,505,0.00198019801980198
"ALDH5A1",1,505,0.00198019801980198
"ALDOC",1,505,0.00198019801980198
"ALG12",1,505,0.00198019801980198
"ALG2",1,505,0.00198019801980198
"ALG5",1,505,0.00198019801980198
"ALG6",1,505,0.00198019801980198
"ALKBH7",1,505,0.00198019801980198
"ALX3",1,505,0.00198019801980198
"AMH",1,505,0.00198019801980198
"AMIGO3",1,505,0.00198019801980198
"AMN",1,505,0.00198019801980198
"AMN1",1,505,0.00198019801980198
"AMOTL2",1,505,0.00198019801980198
"AMY1A",1,505,0.00198019801980198
"AMY1B",1,505,0.00198019801980198
"ANAPC11",1,505,0.00198019801980198
"ANAPC7",1,505,0.00198019801980198
"ANGPTL4",1,505,0.00198019801980198
"ANGPTL6",1,505,0.00198019801980198
"ANKLE1",1,505,0.00198019801980198
"ANKRD13A",1,505,0.00198019801980198
"ANKRD2",1,505,0.00198019801980198
"ANKRD22",1,505,0.00198019801980198
"ANKRD36",1,505,0.00198019801980198
"ANKRD36B",1,505,0.00198019801980198
"ANKRD39",1,505,0.00198019801980198
"ANKRD46",1,505,0.00198019801980198
"ANKRD54",1,505,0.00198019801980198
"ANKRD6",1,505,0.00198019801980198
"ANO8",1,505,0.00198019801980198
"ANP32E",1,505,0.00198019801980198
"ANXA1",1,505,0.00198019801980198
"ANXA10",1,505,0.00198019801980198
"ANXA2R",1,505,0.00198019801980198
"ANXA7",1,505,0.00198019801980198
"AP000311.1",1,505,0.00198019801980198
"AP3S2",1,505,0.00198019801980198
"APEH",1,505,0.00198019801980198
"APIP",1,505,0.00198019801980198
"APOBEC1",1,505,0.00198019801980198
"APOBEC3C",1,505,0.00198019801980198
"APOC3",1,505,0.00198019801980198
"APOC4",1,505,0.00198019801980198
"APOD",1,505,0.00198019801980198
"APOE",1,505,0.00198019801980198
"APOO",1,505,0.00198019801980198
"APRT",1,505,0.00198019801980198
"APTX",1,505,0.00198019801980198
"ARCN1",1,505,0.00198019801980198
"ARF3",1,505,0.00198019801980198
"ARF6",1,505,0.00198019801980198
"ARFGAP1",1,505,0.00198019801980198
"ARFRP1",1,505,0.00198019801980198
"ARGLU1",1,505,0.00198019801980198
"ARHGEF39",1,505,0.00198019801980198
"ARID3A",1,505,0.00198019801980198
"ARIH2",1,505,0.00198019801980198
"ARL1",1,505,0.00198019801980198
"ARL11",1,505,0.00198019801980198
"ARL13A",1,505,0.00198019801980198
"ARL16",1,505,0.00198019801980198
"ARL4C",1,505,0.00198019801980198
"ARL5A",1,505,0.00198019801980198
"ARL5B",1,505,0.00198019801980198
"ARL8A",1,505,0.00198019801980198
"ARL8B",1,505,0.00198019801980198
"ARL9",1,505,0.00198019801980198
"ARMC10",1,505,0.00198019801980198
"ARPIN",1,505,0.00198019801980198
"ARPP19",1,505,0.00198019801980198
"ARRB1",1,505,0.00198019801980198
"ARRDC1",1,505,0.00198019801980198
"ARRDC2",1,505,0.00198019801980198
"ART3",1,505,0.00198019801980198
"ASB1",1,505,0.00198019801980198
"ASB13",1,505,0.00198019801980198
"ASB14",1,505,0.00198019801980198
"ASB7",1,505,0.00198019801980198
"ASCC1",1,505,0.00198019801980198
"ASCL1",1,505,0.00198019801980198
"ASGR1",1,505,0.00198019801980198
"ASMTL",1,505,0.00198019801980198
"ASPDH",1,505,0.00198019801980198
"ASPG",1,505,0.00198019801980198
"ASTE1",1,505,0.00198019801980198
"ATF1",1,505,0.00198019801980198
"ATF5",1,505,0.00198019801980198
"ATF7IP2",1,505,0.00198019801980198
"ATG10",1,505,0.00198019801980198
"ATG16L2",1,505,0.00198019801980198
"ATG4B",1,505,0.00198019801980198
"ATOH7",1,505,0.00198019801980198
"ATOH8",1,505,0.00198019801980198
"ATP1B2",1,505,0.00198019801980198
"ATP1B3",1,505,0.00198019801980198
"ATP23",1,505,0.00198019801980198
"ATP5F1E",1,505,0.00198019801980198
"ATP5MC1",1,505,0.00198019801980198
"ATP5MC2",1,505,0.00198019801980198
"ATP5MC3",1,505,0.00198019801980198
"ATP5MG",1,505,0.00198019801980198
"ATP6V0D1",1,505,0.00198019801980198
"ATP6V0E2",1,505,0.00198019801980198
"ATP6V1G2",1,505,0.00198019801980198
"ATP6V1G3",1,505,0.00198019801980198
"ATXN10",1,505,0.00198019801980198
"ATXN7L1",1,505,0.00198019801980198
"ATXN7L3",1,505,0.00198019801980198
"AURKAIP1",1,505,0.00198019801980198
"AVL9",1,505,0.00198019801980198
"AZIN2",1,505,0.00198019801980198
"AZU1",1,505,0.00198019801980198
"B3GALT4",1,505,0.00198019801980198
"B3GALT6",1,505,0.00198019801980198
"B3GNT8",1,505,0.00198019801980198
"B4GALT1",1,505,0.00198019801980198
"B4GALT3",1,505,0.00198019801980198
"B4GALT4",1,505,0.00198019801980198
"B9D2",1,505,0.00198019801980198
"BAD",1,505,0.00198019801980198
"BAG2",1,505,0.00198019801980198
"BANF1",1,505,0.00198019801980198
"BBC3",1,505,0.00198019801980198
"BCAR3",1,505,0.00198019801980198
"BCAS2",1,505,0.00198019801980198
"BCAT2",1,505,0.00198019801980198
"BCL2A1",1,505,0.00198019801980198
"BCL2L1",1,505,0.00198019801980198
"BCL2L10",1,505,0.00198019801980198
"BCL2L14",1,505,0.00198019801980198
"BCS1L",1,505,0.00198019801980198
"BDKRB1",1,505,0.00198019801980198
"BDNF",1,505,0.00198019801980198
"BECN1",1,505,0.00198019801980198
"BEND5",1,505,0.00198019801980198
"BET1L",1,505,0.00198019801980198
"BEX1",1,505,0.00198019801980198
"BEX3",1,505,0.00198019801980198
"BFSP1",1,505,0.00198019801980198
"BHLHE23",1,505,0.00198019801980198
"BHLHE41",1,505,0.00198019801980198
"BICDL2",1,505,0.00198019801980198
"BIVM",1,505,0.00198019801980198
"BLOC1S3",1,505,0.00198019801980198
"BLOC1S5",1,505,0.00198019801980198
"BLVRB",1,505,0.00198019801980198
"BMERB1",1,505,0.00198019801980198
"BMF",1,505,0.00198019801980198
"BMP2",1,505,0.00198019801980198
"BMP8A",1,505,0.00198019801980198
"BNIP3L",1,505,0.00198019801980198
"BNIPL",1,505,0.00198019801980198
"BOD1",1,505,0.00198019801980198
"BORCS5",1,505,0.00198019801980198
"BRMS1",1,505,0.00198019801980198
"BSPRY",1,505,0.00198019801980198
"BTBD1",1,505,0.00198019801980198
"BTF3",1,505,0.00198019801980198
"BUD31",1,505,0.00198019801980198
"BYSL",1,505,0.00198019801980198
"BZW1",1,505,0.00198019801980198
"C10orf99",1,505,0.00198019801980198
"C11orf1",1,505,0.00198019801980198
"C11orf45",1,505,0.00198019801980198
"C11orf52",1,505,0.00198019801980198
"C11orf54",1,505,0.00198019801980198
"C11orf80",1,505,0.00198019801980198
"C12orf43",1,505,0.00198019801980198
"C12orf56",1,505,0.00198019801980198
"C12orf57",1,505,0.00198019801980198
"C12orf65",1,505,0.00198019801980198
"C15orf48",1,505,0.00198019801980198
"C16orf91",1,505,0.00198019801980198
"C16orf92",1,505,0.00198019801980198
"C17orf50",1,505,0.00198019801980198
"C17orf58",1,505,0.00198019801980198
"C17orf75",1,505,0.00198019801980198
"C17orf98",1,505,0.00198019801980198
"C18orf32",1,505,0.00198019801980198
"C19orf25",1,505,0.00198019801980198
"C19orf73",1,505,0.00198019801980198
"C1D",1,505,0.00198019801980198
"C1QL1",1,505,0.00198019801980198
"C1QTNF4",1,505,0.00198019801980198
"C1QTNF9B",1,505,0.00198019801980198
"C1RL",1,505,0.00198019801980198
"C1orf189",1,505,0.00198019801980198
"C1orf198",1,505,0.00198019801980198
"C1orf216",1,505,0.00198019801980198
"C1orf43",1,505,0.00198019801980198
"C1orf54",1,505,0.00198019801980198
"C20orf27",1,505,0.00198019801980198
"C21orf58",1,505,0.00198019801980198
"C22orf15",1,505,0.00198019801980198
"C2orf49",1,505,0.00198019801980198
"C2orf73",1,505,0.00198019801980198
"C2orf76",1,505,0.00198019801980198
"C3P1",1,505,0.00198019801980198
"C3orf22",1,505,0.00198019801980198
"C3orf33",1,505,0.00198019801980198
"C4A",1,505,0.00198019801980198
"C4B",1,505,0.00198019801980198
"C4BPB",1,505,0.00198019801980198
"C4orf33",1,505,0.00198019801980198
"C4orf46",1,505,0.00198019801980198
"C5orf46",1,505,0.00198019801980198
"C5orf49",1,505,0.00198019801980198
"C6orf120",1,505,0.00198019801980198
"C6orf136",1,505,0.00198019801980198
"C6orf226",1,505,0.00198019801980198
"C6orf47",1,505,0.00198019801980198
"C8orf58",1,505,0.00198019801980198
"C8orf82",1,505,0.00198019801980198
"C9orf153",1,505,0.00198019801980198
"C9orf85",1,505,0.00198019801980198
"CA13",1,505,0.00198019801980198
"CA5A",1,505,0.00198019801980198
"CAAP1",1,505,0.00198019801980198
"CAB39",1,505,0.00198019801980198
"CABLES2",1,505,0.00198019801980198
"CABP4",1,505,0.00198019801980198
"CACNB3",1,505,0.00198019801980198
"CACNG1",1,505,0.00198019801980198
"CACUL1",1,505,0.00198019801980198
"CADM4",1,505,0.00198019801980198
"CALML5",1,505,0.00198019801980198
"CALML6",1,505,0.00198019801980198
"CALY",1,505,0.00198019801980198
"CAMK1",1,505,0.00198019801980198
"CAMK1G",1,505,0.00198019801980198
"CAMK2G",1,505,0.00198019801980198
"CAMSAP3",1,505,0.00198019801980198
"CANT1",1,505,0.00198019801980198
"CAPNS1",1,505,0.00198019801980198
"CAPS",1,505,0.00198019801980198
"CARD16",1,505,0.00198019801980198
"CARD17",1,505,0.00198019801980198
"CARD19",1,505,0.00198019801980198
"CARF",1,505,0.00198019801980198
"CARTPT",1,505,0.00198019801980198
"CASP7",1,505,0.00198019801980198
"CATIP",1,505,0.00198019801980198
"CAV1",1,505,0.00198019801980198
"CAVIN1",1,505,0.00198019801980198
"CAVIN3",1,505,0.00198019801980198
"CBLC",1,505,0.00198019801980198
"CBR1",1,505,0.00198019801980198
"CBWD6",1,505,0.00198019801980198
"CBX1",1,505,0.00198019801980198
"CBX6",1,505,0.00198019801980198
"CBX7",1,505,0.00198019801980198
"CCDC102A",1,505,0.00198019801980198
"CCDC103",1,505,0.00198019801980198
"CCDC107",1,505,0.00198019801980198
"CCDC12",1,505,0.00198019801980198
"CCDC121",1,505,0.00198019801980198
"CCDC125",1,505,0.00198019801980198
"CCDC126",1,505,0.00198019801980198
"CCDC130",1,505,0.00198019801980198
"CCDC153",1,505,0.00198019801980198
"CCDC160",1,505,0.00198019801980198
"CCDC167",1,505,0.00198019801980198
"CCDC184",1,505,0.00198019801980198
"CCDC189",1,505,0.00198019801980198
"CCDC43",1,505,0.00198019801980198
"CCDC58",1,505,0.00198019801980198
"CCDC62",1,505,0.00198019801980198
"CCDC69",1,505,0.00198019801980198
"CCDC71",1,505,0.00198019801980198
"CCDC97",1,505,0.00198019801980198
"CCK",1,505,0.00198019801980198
"CCL11",1,505,0.00198019801980198
"CCL13",1,505,0.00198019801980198
"CCL19",1,505,0.00198019801980198
"CCL20",1,505,0.00198019801980198
"CCL22",1,505,0.00198019801980198
"CCL24",1,505,0.00198019801980198
"CCL8",1,505,0.00198019801980198
"CCM2",1,505,0.00198019801980198
"CCN1",1,505,0.00198019801980198
"CCN2",1,505,0.00198019801980198
"CCN5",1,505,0.00198019801980198
"CCNB1IP1",1,505,0.00198019801980198
"CCNC",1,505,0.00198019801980198
"CCND3",1,505,0.00198019801980198
"CCNI2",1,505,0.00198019801980198
"CCNP",1,505,0.00198019801980198
"CCR10",1,505,0.00198019801980198
"CCRL2",1,505,0.00198019801980198
"CCS",1,505,0.00198019801980198
"CCZ1B",1,505,0.00198019801980198
"CD151",1,505,0.00198019801980198
"CD160",1,505,0.00198019801980198
"CD164",1,505,0.00198019801980198
"CD164L2",1,505,0.00198019801980198
"CD274",1,505,0.00198019801980198
"CD276",1,505,0.00198019801980198
"CD320",1,505,0.00198019801980198
"CD38",1,505,0.00198019801980198
"CD3E",1,505,0.00198019801980198
"CD58",1,505,0.00198019801980198
"CD63",1,505,0.00198019801980198
"CD69",1,505,0.00198019801980198
"CD7",1,505,0.00198019801980198
"CDC37",1,505,0.00198019801980198
"CDC42EP1",1,505,0.00198019801980198
"CDC42EP2",1,505,0.00198019801980198
"CDC42EP3",1,505,0.00198019801980198
"CDCA5",1,505,0.00198019801980198
"CDCA8",1,505,0.00198019801980198
"CDIPT",1,505,0.00198019801980198
"CDK11A",1,505,0.00198019801980198
"CDK19",1,505,0.00198019801980198
"CDK5RAP1",1,505,0.00198019801980198
"CDKL1",1,505,0.00198019801980198
"CDKN1A",1,505,0.00198019801980198
"CDKN2AIP",1,505,0.00198019801980198
"CDNF",1,505,0.00198019801980198
"CDO1",1,505,0.00198019801980198
"CDR2",1,505,0.00198019801980198
"CDRT15",1,505,0.00198019801980198
"CDRT4",1,505,0.00198019801980198
"CEACAM3",1,505,0.00198019801980198
"CEBPG",1,505,0.00198019801980198
"CENATAC",1,505,0.00198019801980198
"CEND1",1,505,0.00198019801980198
"CENPN",1,505,0.00198019801980198
"CENPQ",1,505,0.00198019801980198
"CENPS",1,505,0.00198019801980198
"CEP19",1,505,0.00198019801980198
"CEP20",1,505,0.00198019801980198
"CEP70",1,505,0.00198019801980198
"CEPT1",1,505,0.00198019801980198
"CERS2",1,505,0.00198019801980198
"CES2",1,505,0.00198019801980198
"CETN3",1,505,0.00198019801980198
"CFAP126",1,505,0.00198019801980198
"CFAP157",1,505,0.00198019801980198
"CFAP20",1,505,0.00198019801980198
"CFAP300",1,505,0.00198019801980198
"CFAP36",1,505,0.00198019801980198
"CFB",1,505,0.00198019801980198
"CFI",1,505,0.00198019801980198
"CFL1",1,505,0.00198019801980198
"CFLAR",1,505,0.00198019801980198
"CGAS",1,505,0.00198019801980198
"CGB3",1,505,0.00198019801980198
"CGB5",1,505,0.00198019801980198
"CGB7",1,505,0.00198019801980198
"CH25H",1,505,0.00198019801980198
"CHAC1",1,505,0.00198019801980198
"CHAC2",1,505,0.00198019801980198
"CHAD",1,505,0.00198019801980198
"CHCHD1",1,505,0.00198019801980198
"CHCHD2",1,505,0.00198019801980198
"CHCHD5",1,505,0.00198019801980198
"CHCHD7",1,505,0.00198019801980198
"CHDH",1,505,0.00198019801980198
"CHGA",1,505,0.00198019801980198
"CHIC1",1,505,0.00198019801980198
"CHKB",1,505,0.00198019801980198
"CHMP1B",1,505,0.00198019801980198
"CHMP4A",1,505,0.00198019801980198
"CHN2",1,505,0.00198019801980198
"CHP1",1,505,0.00198019801980198
"CHPT1",1,505,0.00198019801980198
"CHRAC1",1,505,0.00198019801980198
"CHRNE",1,505,0.00198019801980198
"CHST11",1,505,0.00198019801980198
"CHST3",1,505,0.00198019801980198
"CHST9",1,505,0.00198019801980198
"CHTF8",1,505,0.00198019801980198
"CHURC1",1,505,0.00198019801980198
"CIAO2B",1,505,0.00198019801980198
"CIAPIN1",1,505,0.00198019801980198
"CIB2",1,505,0.00198019801980198
"CIBAR1",1,505,0.00198019801980198
"CIBAR2",1,505,0.00198019801980198
"CIDEC",1,505,0.00198019801980198
"CIRBP",1,505,0.00198019801980198
"CISD1",1,505,0.00198019801980198
"CITED2",1,505,0.00198019801980198
"CKMT1A",1,505,0.00198019801980198
"CKS1B",1,505,0.00198019801980198
"CKS2",1,505,0.00198019801980198
"CLBA1",1,505,0.00198019801980198
"CLCC1",1,505,0.00198019801980198
"CLDN15",1,505,0.00198019801980198
"CLEC18A",1,505,0.00198019801980198
"CLEC2D",1,505,0.00198019801980198
"CLEC2L",1,505,0.00198019801980198
"CLEC3B",1,505,0.00198019801980198
"CLECL1",1,505,0.00198019801980198
"CLIC4",1,505,0.00198019801980198
"CLPS",1,505,0.00198019801980198
"CLPSL1",1,505,0.00198019801980198
"CLTA",1,505,0.00198019801980198
"CLTRN",1,505,0.00198019801980198
"CMC4",1,505,0.00198019801980198
"CMPK1",1,505,0.00198019801980198
"CMTM1",1,505,0.00198019801980198
"CMTM3",1,505,0.00198019801980198
"CMTM4",1,505,0.00198019801980198
"CMTM7",1,505,0.00198019801980198
"CNBP",1,505,0.00198019801980198
"CNIH2",1,505,0.00198019801980198
"CNN2",1,505,0.00198019801980198
"CNNM3",1,505,0.00198019801980198
"CNOT7",1,505,0.00198019801980198
"CNPY2",1,505,0.00198019801980198
"CNPY4",1,505,0.00198019801980198
"COLGALT1",1,505,0.00198019801980198
"COMMD2",1,505,0.00198019801980198
"COMMD3",1,505,0.00198019801980198
"COMMD5",1,505,0.00198019801980198
"COMMD6",1,505,0.00198019801980198
"COMMD8",1,505,0.00198019801980198
"COMT",1,505,0.00198019801980198
"COPRS",1,505,0.00198019801980198
"COPS6",1,505,0.00198019801980198
"COPS8",1,505,0.00198019801980198
"COPS9",1,505,0.00198019801980198
"COPZ1",1,505,0.00198019801980198
"COQ10A",1,505,0.00198019801980198
"COQ3",1,505,0.00198019801980198
"COX16",1,505,0.00198019801980198
"COX18",1,505,0.00198019801980198
"COX5A",1,505,0.00198019801980198
"COX8A",1,505,0.00198019801980198
"COX8C",1,505,0.00198019801980198
"CPLX1",1,505,0.00198019801980198
"CPLX3",1,505,0.00198019801980198
"CPLX4",1,505,0.00198019801980198
"CPNE9",1,505,0.00198019801980198
"CPTP",1,505,0.00198019801980198
"CREB3L1",1,505,0.00198019801980198
"CREB3L4",1,505,0.00198019801980198
"CRELD1",1,505,0.00198019801980198
"CRIP2",1,505,0.00198019801980198
"CRK",1,505,0.00198019801980198
"CRYAB",1,505,0.00198019801980198
"CRYGB",1,505,0.00198019801980198
"CSF1",1,505,0.00198019801980198
"CSK",1,505,0.00198019801980198
"CSKMT",1,505,0.00198019801980198
"CSRP1",1,505,0.00198019801980198
"CSRP3",1,505,0.00198019801980198
"CST3",1,505,0.00198019801980198
"CT45A3",1,505,0.00198019801980198
"CT45A9",1,505,0.00198019801980198
"CTDNEP1",1,505,0.00198019801980198
"CTDSPL",1,505,0.00198019801980198
"CTHRC1",1,505,0.00198019801980198
"CTPS2",1,505,0.00198019801980198
"CTRB2",1,505,0.00198019801980198
"CTSL",1,505,0.00198019801980198
"CUTA",1,505,0.00198019801980198
"CWC15",1,505,0.00198019801980198
"CXCL1",1,505,0.00198019801980198
"CXCL10",1,505,0.00198019801980198
"CXCL11",1,505,0.00198019801980198
"CXCL13",1,505,0.00198019801980198
"CXCL14",1,505,0.00198019801980198
"CXCL16",1,505,0.00198019801980198
"CXCL2",1,505,0.00198019801980198
"CXCR5",1,505,0.00198019801980198
"CXCR6",1,505,0.00198019801980198
"CXorf58",1,505,0.00198019801980198
"CYB561A3",1,505,0.00198019801980198
"CYB5B",1,505,0.00198019801980198
"CYB5R2",1,505,0.00198019801980198
"CYB5RL",1,505,0.00198019801980198
"CYHR1",1,505,0.00198019801980198
"CYP2C8",1,505,0.00198019801980198
"CYP2D6",1,505,0.00198019801980198
"CYP2U1",1,505,0.00198019801980198
"CYP3A43",1,505,0.00198019801980198
"CYP4A22",1,505,0.00198019801980198
"CYREN",1,505,0.00198019801980198
"CYSTM1",1,505,0.00198019801980198
"CYTH3",1,505,0.00198019801980198
"DAD1",1,505,0.00198019801980198
"DAND5",1,505,0.00198019801980198
"DAPL1",1,505,0.00198019801980198
"DAZAP2",1,505,0.00198019801980198
"DBI",1,505,0.00198019801980198
"DCAF10",1,505,0.00198019801980198
"DCANP1",1,505,0.00198019801980198
"DCTN2",1,505,0.00198019801980198
"DCTN4",1,505,0.00198019801980198
"DCTN6",1,505,0.00198019801980198
"DCUN1D5",1,505,0.00198019801980198
"DCXR",1,505,0.00198019801980198
"DDAH2",1,505,0.00198019801980198
"DDB2",1,505,0.00198019801980198
"DDI2",1,505,0.00198019801980198
"DDX19A",1,505,0.00198019801980198
"DDX39A",1,505,0.00198019801980198
"DDX3Y",1,505,0.00198019801980198
"DDX41",1,505,0.00198019801980198
"DDX56",1,505,0.00198019801980198
"DEDD",1,505,0.00198019801980198
"DEFA3",1,505,0.00198019801980198
"DEFA5",1,505,0.00198019801980198
"DEFB105A",1,505,0.00198019801980198
"DEFB106B",1,505,0.00198019801980198
"DEFB114",1,505,0.00198019801980198
"DEFB119",1,505,0.00198019801980198
"DEFB125",1,505,0.00198019801980198
"DEFB129",1,505,0.00198019801980198
"DEFB131A",1,505,0.00198019801980198
"DEFB135",1,505,0.00198019801980198
"DEFB136",1,505,0.00198019801980198
"DEGS1",1,505,0.00198019801980198
"DENND10",1,505,0.00198019801980198
"DENND6A",1,505,0.00198019801980198
"DERL2",1,505,0.00198019801980198
"DERL3",1,505,0.00198019801980198
"DESI2",1,505,0.00198019801980198
"DGAT1",1,505,0.00198019801980198
"DGAT2",1,505,0.00198019801980198
"DGCR6L",1,505,0.00198019801980198
"DGKQ",1,505,0.00198019801980198
"DHH",1,505,0.00198019801980198
"DHODH",1,505,0.00198019801980198
"DHRS7",1,505,0.00198019801980198
"DIABLO",1,505,0.00198019801980198
"DIPK1A",1,505,0.00198019801980198
"DIPK1B",1,505,0.00198019801980198
"DIPK1C",1,505,0.00198019801980198
"DLX1",1,505,0.00198019801980198
"DLX4",1,505,0.00198019801980198
"DLX6",1,505,0.00198019801980198
"DMAC1",1,505,0.00198019801980198
"DMRTA2",1,505,0.00198019801980198
"DNAAF4",1,505,0.00198019801980198
"DNAJA1",1,505,0.00198019801980198
"DNAJB13",1,505,0.00198019801980198
"DNAJB14",1,505,0.00198019801980198
"DNAJC15",1,505,0.00198019801980198
"DNAJC16",1,505,0.00198019801980198
"DNAJC17",1,505,0.00198019801980198
"DNAJC18",1,505,0.00198019801980198
"DNAJC19",1,505,0.00198019801980198
"DNAJC4",1,505,0.00198019801980198
"DNAJC5",1,505,0.00198019801980198
"DNAJC9",1,505,0.00198019801980198
"DNAL1",1,505,0.00198019801980198
"DNAL4",1,505,0.00198019801980198
"DNTTIP1",1,505,0.00198019801980198
"DOK7",1,505,0.00198019801980198
"DOLPP1",1,505,0.00198019801980198
"DPH5",1,505,0.00198019801980198
"DPM3",1,505,0.00198019801980198
"DPPA5",1,505,0.00198019801980198
"DRAM2",1,505,0.00198019801980198
"DRAP1",1,505,0.00198019801980198
"DRC3",1,505,0.00198019801980198
"DTWD2",1,505,0.00198019801980198
"DUSP1",1,505,0.00198019801980198
"DUSP28",1,505,0.00198019801980198
"DYNC1I2",1,505,0.00198019801980198
"DYNC2I2",1,505,0.00198019801980198
"DYNLL2",1,505,0.00198019801980198
"DYNLRB1",1,505,0.00198019801980198
"DYNLT3",1,505,0.00198019801980198
"E2F3",1,505,0.00198019801980198
"E2F6",1,505,0.00198019801980198
"EAF1",1,505,0.00198019801980198
"EAF2",1,505,0.00198019801980198
"EBAG9",1,505,0.00198019801980198
"EBP",1,505,0.00198019801980198
"ECE2",1,505,0.00198019801980198
"ECH1",1,505,0.00198019801980198
"ECI1",1,505,0.00198019801980198
"ECRG4",1,505,0.00198019801980198
"EDDM3A",1,505,0.00198019801980198
"EDEM1",1,505,0.00198019801980198
"EDN2",1,505,0.00198019801980198
"EEF1D",1,505,0.00198019801980198
"EFCAB2",1,505,0.00198019801980198
"EFEMP1",1,505,0.00198019801980198
"EFHD1",1,505,0.00198019801980198
"EFHD2",1,505,0.00198019801980198
"EFNA1",1,505,0.00198019801980198
"EFNA2",1,505,0.00198019801980198
"EFNA3",1,505,0.00198019801980198
"EFNA4",1,505,0.00198019801980198
"EFNB1",1,505,0.00198019801980198
"EFNB3",1,505,0.00198019801980198
"EGR3",1,505,0.00198019801980198
"EHD4",1,505,0.00198019801980198
"EIF2B1",1,505,0.00198019801980198
"EIF2B2",1,505,0.00198019801980198
"EIF2S2",1,505,0.00198019801980198
"EIF3F",1,505,0.00198019801980198
"EIF3J",1,505,0.00198019801980198
"EIF4A3",1,505,0.00198019801980198
"EIF4E3",1,505,0.00198019801980198
"EIF4EBP2",1,505,0.00198019801980198
"EIF4H",1,505,0.00198019801980198
"EIF5",1,505,0.00198019801980198
"EIF5AL1",1,505,0.00198019801980198
"ELAC1",1,505,0.00198019801980198
"ELK3",1,505,0.00198019801980198
"ELMOD3",1,505,0.00198019801980198
"ELOA3",1,505,0.00198019801980198
"EMC10",1,505,0.00198019801980198
"EMC3",1,505,0.00198019801980198
"EMC4",1,505,0.00198019801980198
"EMC6",1,505,0.00198019801980198
"EMC9",1,505,0.00198019801980198
"EME1",1,505,0.00198019801980198
"EMP1",1,505,0.00198019801980198
"EMP2",1,505,0.00198019801980198
"ENAH",1,505,0.00198019801980198
"ENHO",1,505,0.00198019801980198
"ENOPH1",1,505,0.00198019801980198
"ENPP4",1,505,0.00198019801980198
"ENTPD8",1,505,0.00198019801980198
"EPDR1",1,505,0.00198019801980198
"EPGN",1,505,0.00198019801980198
"EPN3",1,505,0.00198019801980198
"EPOR",1,505,0.00198019801980198
"EPPIN",1,505,0.00198019801980198
"EPS8L1",1,505,0.00198019801980198
"ERAP1",1,505,0.00198019801980198
"ERCC8",1,505,0.00198019801980198
"ERF",1,505,0.00198019801980198
"ERLIN1",1,505,0.00198019801980198
"ERP27",1,505,0.00198019801980198
"ESAM",1,505,0.00198019801980198
"ETHE1",1,505,0.00198019801980198
"ETV2",1,505,0.00198019801980198
"ETV7",1,505,0.00198019801980198
"EXD2",1,505,0.00198019801980198
"EXOSC1",1,505,0.00198019801980198
"EXOSC4",1,505,0.00198019801980198
"EXOSC8",1,505,0.00198019801980198
"F2RL3",1,505,0.00198019801980198
"FABP1",1,505,0.00198019801980198
"FABP2",1,505,0.00198019801980198
"FABP6",1,505,0.00198019801980198
"FABP7",1,505,0.00198019801980198
"FAHD2A",1,505,0.00198019801980198
"FAM102A",1,505,0.00198019801980198
"FAM104B",1,505,0.00198019801980198
"FAM110C",1,505,0.00198019801980198
"FAM118A",1,505,0.00198019801980198
"FAM122A",1,505,0.00198019801980198
"FAM122B",1,505,0.00198019801980198
"FAM131A",1,505,0.00198019801980198
"FAM133B",1,505,0.00198019801980198
"FAM153CP",1,505,0.00198019801980198
"FAM160B2",1,505,0.00198019801980198
"FAM161A",1,505,0.00198019801980198
"FAM162A",1,505,0.00198019801980198
"FAM162B",1,505,0.00198019801980198
"FAM166B",1,505,0.00198019801980198
"FAM177A1",1,505,0.00198019801980198
"FAM183A",1,505,0.00198019801980198
"FAM193B",1,505,0.00198019801980198
"FAM207A",1,505,0.00198019801980198
"FAM210A",1,505,0.00198019801980198
"FAM216A",1,505,0.00198019801980198
"FAM219A",1,505,0.00198019801980198
"FAM220A",1,505,0.00198019801980198
"FAM221B",1,505,0.00198019801980198
"FAM222A",1,505,0.00198019801980198
"FAM228A",1,505,0.00198019801980198
"FAM241A",1,505,0.00198019801980198
"FAM24A",1,505,0.00198019801980198
"FAM32A",1,505,0.00198019801980198
"FAM3A",1,505,0.00198019801980198
"FAM3B",1,505,0.00198019801980198
"FAM43A",1,505,0.00198019801980198
"FAM53A",1,505,0.00198019801980198
"FAM72C",1,505,0.00198019801980198
"FAM76B",1,505,0.00198019801980198
"FAM81A",1,505,0.00198019801980198
"FAM89A",1,505,0.00198019801980198
"FAM89B",1,505,0.00198019801980198
"FAM8A1",1,505,0.00198019801980198
"FAU",1,505,0.00198019801980198
"FBXL19",1,505,0.00198019801980198
"FBXL5",1,505,0.00198019801980198
"FBXO25",1,505,0.00198019801980198
"FBXO32",1,505,0.00198019801980198
"FBXO44",1,505,0.00198019801980198
"FBXO48",1,505,0.00198019801980198
"FCAMR",1,505,0.00198019801980198
"FCER2",1,505,0.00198019801980198
"FCF1",1,505,0.00198019801980198
"FCGR2C",1,505,0.00198019801980198
"FCN3",1,505,0.00198019801980198
"FEM1C",1,505,0.00198019801980198
"FEN1",1,505,0.00198019801980198
"FGF16",1,505,0.00198019801980198
"FGF17",1,505,0.00198019801980198
"FGF19",1,505,0.00198019801980198
"FGF20",1,505,0.00198019801980198
"FGF3",1,505,0.00198019801980198
"FGFR1OP2",1,505,0.00198019801980198
"FGFR3",1,505,0.00198019801980198
"FHIT",1,505,0.00198019801980198
"FHL3",1,505,0.00198019801980198
"FIS1",1,505,0.00198019801980198
"FITM1",1,505,0.00198019801980198
"FKBP15",1,505,0.00198019801980198
"FKBP2",1,505,0.00198019801980198
"FKBP3",1,505,0.00198019801980198
"FKBP7",1,505,0.00198019801980198
"FLAD1",1,505,0.00198019801980198
"FLRT1",1,505,0.00198019801980198
"FLVCR1",1,505,0.00198019801980198
"FLVCR2",1,505,0.00198019801980198
"FLYWCH2",1,505,0.00198019801980198
"FMC1",1,505,0.00198019801980198
"FMO5",1,505,0.00198019801980198
"FN3K",1,505,0.00198019801980198
"FNDC4",1,505,0.00198019801980198
"FNDC5",1,505,0.00198019801980198
"FNTB",1,505,0.00198019801980198
"FO393400.1",1,505,0.00198019801980198
"FOLH1B",1,505,0.00198019801980198
"FOLR2",1,505,0.00198019801980198
"FOSB",1,505,0.00198019801980198
"FOXD1",1,505,0.00198019801980198
"FOXD4L6",1,505,0.00198019801980198
"FOXE3",1,505,0.00198019801980198
"FOXJ1",1,505,0.00198019801980198
"FOXN1",1,505,0.00198019801980198
"FRMD5",1,505,0.00198019801980198
"FRRS1L",1,505,0.00198019801980198
"FSCN2",1,505,0.00198019801980198
"FTL",1,505,0.00198019801980198
"FUNDC1",1,505,0.00198019801980198
"FUZ",1,505,0.00198019801980198
"FXN",1,505,0.00198019801980198
"FXYD2",1,505,0.00198019801980198
"GABARAPL1",1,505,0.00198019801980198
"GADD45A",1,505,0.00198019801980198
"GADD45B",1,505,0.00198019801980198
"GADD45G",1,505,0.00198019801980198
"GADD45GIP1",1,505,0.00198019801980198
"GAGE2E",1,505,0.00198019801980198
"GAL",1,505,0.00198019801980198
"GALE",1,505,0.00198019801980198
"GALM",1,505,0.00198019801980198
"GALNS",1,505,0.00198019801980198
"GALNT11",1,505,0.00198019801980198
"GALNT12",1,505,0.00198019801980198
"GALR3",1,505,0.00198019801980198
"GAS2L1",1,505,0.00198019801980198
"GAS8",1,505,0.00198019801980198
"GATC",1,505,0.00198019801980198
"GCOM1",1,505,0.00198019801980198
"GDF15",1,505,0.00198019801980198
"GDI2",1,505,0.00198019801980198
"GDPGP1",1,505,0.00198019801980198
"GFER",1,505,0.00198019801980198
"GFUS",1,505,0.00198019801980198
"GGA2",1,505,0.00198019801980198
"GGPS1",1,505,0.00198019801980198
"GGT1",1,505,0.00198019801980198
"GHITM",1,505,0.00198019801980198
"GID8",1,505,0.00198019801980198
"GIMAP1-GIMAP5",1,505,0.00198019801980198
"GINS1",1,505,0.00198019801980198
"GINS2",1,505,0.00198019801980198
"GIPC3",1,505,0.00198019801980198
"GJB2",1,505,0.00198019801980198
"GJB6",1,505,0.00198019801980198
"GLDN",1,505,0.00198019801980198
"GLO1",1,505,0.00198019801980198
"GLOD4",1,505,0.00198019801980198
"GLRX2",1,505,0.00198019801980198
"GLT6D1",1,505,0.00198019801980198
"GLTP",1,505,0.00198019801980198
"GM2A",1,505,0.00198019801980198
"GMFG",1,505,0.00198019801980198
"GMNN",1,505,0.00198019801980198
"GMPPB",1,505,0.00198019801980198
"GMPR2",1,505,0.00198019801980198
"GNA15",1,505,0.00198019801980198
"GNAI3",1,505,0.00198019801980198
"GNAT2",1,505,0.00198019801980198
"GNB1",1,505,0.00198019801980198
"GNE",1,505,0.00198019801980198
"GNG3",1,505,0.00198019801980198
"GNG7",1,505,0.00198019801980198
"GNG8",1,505,0.00198019801980198
"GNLY",1,505,0.00198019801980198
"GOLGA8A",1,505,0.00198019801980198
"GOLM1",1,505,0.00198019801980198
"GOLPH3L",1,505,0.00198019801980198
"GOLT1A",1,505,0.00198019801980198
"GORASP1",1,505,0.00198019801980198
"GPATCH11",1,505,0.00198019801980198
"GPBAR1",1,505,0.00198019801980198
"GPC1",1,505,0.00198019801980198
"GPHA2",1,505,0.00198019801980198
"GPR108",1,505,0.00198019801980198
"GPR137",1,505,0.00198019801980198
"GPR146",1,505,0.00198019801980198
"GPR151",1,505,0.00198019801980198
"GPR153",1,505,0.00198019801980198
"GPR182",1,505,0.00198019801980198
"GPR25",1,505,0.00198019801980198
"GPR3",1,505,0.00198019801980198
"GPR68",1,505,0.00198019801980198
"GPR82",1,505,0.00198019801980198
"GPR88",1,505,0.00198019801980198
"GPS2",1,505,0.00198019801980198
"GPSM3",1,505,0.00198019801980198
"GPT",1,505,0.00198019801980198
"GPX2",1,505,0.00198019801980198
"GPX3",1,505,0.00198019801980198
"GRAMD2A",1,505,0.00198019801980198
"GRAMD2B",1,505,0.00198019801980198
"GREM1",1,505,0.00198019801980198
"GRIFIN",1,505,0.00198019801980198
"GRINA",1,505,0.00198019801980198
"GRWD1",1,505,0.00198019801980198
"GSC",1,505,0.00198019801980198
"GSG1",1,505,0.00198019801980198
"GSK3A",1,505,0.00198019801980198
"GSKIP",1,505,0.00198019801980198
"GSTA2",1,505,0.00198019801980198
"GSTA3",1,505,0.00198019801980198
"GSTCD",1,505,0.00198019801980198
"GSTM1",1,505,0.00198019801980198
"GSTM3",1,505,0.00198019801980198
"GSTP1",1,505,0.00198019801980198
"GSX1",1,505,0.00198019801980198
"GTF2A2",1,505,0.00198019801980198
"GTF2H3",1,505,0.00198019801980198
"GTF2H4",1,505,0.00198019801980198
"GTF3A",1,505,0.00198019801980198
"GTF3C6",1,505,0.00198019801980198
"GTPBP2",1,505,0.00198019801980198
"GTPBP6",1,505,0.00198019801980198
"GTPBP8",1,505,0.00198019801980198
"GTSF1L",1,505,0.00198019801980198
"GUK1",1,505,0.00198019801980198
"GULP1",1,505,0.00198019801980198
"GXYLT2",1,505,0.00198019801980198
"GZMM",1,505,0.00198019801980198
"H1-7",1,505,0.00198019801980198
"H2AC17",1,505,0.00198019801980198
"H2AC21",1,505,0.00198019801980198
"H2AC4",1,505,0.00198019801980198
"H2AZ2",1,505,0.00198019801980198
"H2BC1",1,505,0.00198019801980198
"H2BC12",1,505,0.00198019801980198
"H2BC14",1,505,0.00198019801980198
"H2BC17",1,505,0.00198019801980198
"H3C12",1,505,0.00198019801980198
"H4-16",1,505,0.00198019801980198
"H4C13",1,505,0.00198019801980198
"H4C8",1,505,0.00198019801980198
"HAAO",1,505,0.00198019801980198
"HABP4",1,505,0.00198019801980198
"HACD2",1,505,0.00198019801980198
"HACD4",1,505,0.00198019801980198
"HAUS8",1,505,0.00198019801980198
"HDAC8",1,505,0.00198019801980198
"HEBP2",1,505,0.00198019801980198
"HELT",1,505,0.00198019801980198
"HEPN1",1,505,0.00198019801980198
"HERC3",1,505,0.00198019801980198
"HERPUD1",1,505,0.00198019801980198
"HES1",1,505,0.00198019801980198
"HES3",1,505,0.00198019801980198
"HES7",1,505,0.00198019801980198
"HESX1",1,505,0.00198019801980198
"HEY1",1,505,0.00198019801980198
"HFE",1,505,0.00198019801980198
"HGS",1,505,0.00198019801980198
"HHEX",1,505,0.00198019801980198
"HIC1",1,505,0.00198019801980198
"HIC2",1,505,0.00198019801980198
"HIF1AN",1,505,0.00198019801980198
"HINT2",1,505,0.00198019801980198
"HLA-DMA",1,505,0.00198019801980198
"HLA-DMB",1,505,0.00198019801980198
"HLA-DPA1",1,505,0.00198019801980198
"HMCES",1,505,0.00198019801980198
"HMGB1",1,505,0.00198019801980198
"HMGB2",1,505,0.00198019801980198
"HMGN4",1,505,0.00198019801980198
"HMSD",1,505,0.00198019801980198
"HNRNPA0",1,505,0.00198019801980198
"HNRNPDL",1,505,0.00198019801980198
"HNRNPH3",1,505,0.00198019801980198
"HOMER2",1,505,0.00198019801980198
"HOOK1",1,505,0.00198019801980198
"HOOK2",1,505,0.00198019801980198
"HOPX",1,505,0.00198019801980198
"HOXC4",1,505,0.00198019801980198
"HOXC5",1,505,0.00198019801980198
"HP",1,505,0.00198019801980198
"HPCAL1",1,505,0.00198019801980198
"HPF1",1,505,0.00198019801980198
"HPRT1",1,505,0.00198019801980198
"HPSE",1,505,0.00198019801980198
"HSD17B10",1,505,0.00198019801980198
"HSD17B11",1,505,0.00198019801980198
"HSD17B13",1,505,0.00198019801980198
"HSD17B14",1,505,0.00198019801980198
"HSDL2",1,505,0.00198019801980198
"HSF2BP",1,505,0.00198019801980198
"HSF4",1,505,0.00198019801980198
"HSPA1B",1,505,0.00198019801980198
"HSPB1",1,505,0.00198019801980198
"HSPB2",1,505,0.00198019801980198
"HSPB8",1,505,0.00198019801980198
"HSPB9",1,505,0.00198019801980198
"HSPBP1",1,505,0.00198019801980198
"HSPD1",1,505,0.00198019801980198
"HSPE1",1,505,0.00198019801980198
"HTN3",1,505,0.00198019801980198
"HTRA3",1,505,0.00198019801980198
"HYLS1",1,505,0.00198019801980198
"IAH1",1,505,0.00198019801980198
"ID1",1,505,0.00198019801980198
"IDH2",1,505,0.00198019801980198
"IDH3A",1,505,0.00198019801980198
"IDI2",1,505,0.00198019801980198
"IDNK",1,505,0.00198019801980198
"IER2",1,505,0.00198019801980198
"IER3IP1",1,505,0.00198019801980198
"IER5L",1,505,0.00198019801980198
"IFI27",1,505,0.00198019801980198
"IFI6",1,505,0.00198019801980198
"IFITM1",1,505,0.00198019801980198
"IFITM2",1,505,0.00198019801980198
"IFITM5",1,505,0.00198019801980198
"IFNA14",1,505,0.00198019801980198
"IFNK",1,505,0.00198019801980198
"IFNL1",1,505,0.00198019801980198
"IFNW1",1,505,0.00198019801980198
"IFT22",1,505,0.00198019801980198
"IGBP1",1,505,0.00198019801980198
"IGFBP7",1,505,0.00198019801980198
"IGHV1-69",1,505,0.00198019801980198
"IGHV3-11",1,505,0.00198019801980198
"IGHV3-15",1,505,0.00198019801980198
"IGHV3-35",1,505,0.00198019801980198
"IGHV3-43",1,505,0.00198019801980198
"IGHV4-34",1,505,0.00198019801980198
"IGIP",1,505,0.00198019801980198
"IGKV2-28",1,505,0.00198019801980198
"IGLV1-36",1,505,0.00198019801980198
"IGLV1-47",1,505,0.00198019801980198
"IGLV1-50",1,505,0.00198019801980198
"IGLV10-54",1,505,0.00198019801980198
"IGLV11-55",1,505,0.00198019801980198
"IGLV2-11",1,505,0.00198019801980198
"IGLV3-1",1,505,0.00198019801980198
"IGLV3-12",1,505,0.00198019801980198
"IGLV3-25",1,505,0.00198019801980198
"IGLV4-69",1,505,0.00198019801980198
"IGLV5-37",1,505,0.00198019801980198
"IGLV5-48",1,505,0.00198019801980198
"IGLV9-49",1,505,0.00198019801980198
"IK",1,505,0.00198019801980198
"IL10",1,505,0.00198019801980198
"IL13",1,505,0.00198019801980198
"IL17B",1,505,0.00198019801980198
"IL17D",1,505,0.00198019801980198
"IL1R1",1,505,0.00198019801980198
"IL20RA",1,505,0.00198019801980198
"IL21",1,505,0.00198019801980198
"IL25",1,505,0.00198019801980198
"IL4",1,505,0.00198019801980198
"IL9",1,505,0.00198019801980198
"ILK",1,505,0.00198019801980198
"IMP4",1,505,0.00198019801980198
"IMPA1",1,505,0.00198019801980198
"IMPA2",1,505,0.00198019801980198
"INAVA",1,505,0.00198019801980198
"INO80C",1,505,0.00198019801980198
"INO80E",1,505,0.00198019801980198
"INS",1,505,0.00198019801980198
"INSL3",1,505,0.00198019801980198
"IP6K1",1,505,0.00198019801980198
"IQCD",1,505,0.00198019801980198
"IQCK",1,505,0.00198019801980198
"IRAK4",1,505,0.00198019801980198
"IRF5",1,505,0.00198019801980198
"ISCU",1,505,0.00198019801980198
"ISG20",1,505,0.00198019801980198
"ITPKA",1,505,0.00198019801980198
"IZUMO4",1,505,0.00198019801980198
"JAZF1",1,505,0.00198019801980198
"JDP2",1,505,0.00198019801980198
"JMJD4",1,505,0.00198019801980198
"JOSD2",1,505,0.00198019801980198
"JPT2",1,505,0.00198019801980198
"JUNB",1,505,0.00198019801980198
"JUND",1,505,0.00198019801980198
"KANSL2",1,505,0.00198019801980198
"KCNE2",1,505,0.00198019801980198
"KCNJ11",1,505,0.00198019801980198
"KCNJ14",1,505,0.00198019801980198
"KCNK12",1,505,0.00198019801980198
"KCNK15",1,505,0.00198019801980198
"KCNK4",1,505,0.00198019801980198
"KCNMB3",1,505,0.00198019801980198
"KCNRG",1,505,0.00198019801980198
"KCTD14",1,505,0.00198019801980198
"KCTD17",1,505,0.00198019801980198
"KCTD20",1,505,0.00198019801980198
"KCTD4",1,505,0.00198019801980198
"KCTD6",1,505,0.00198019801980198
"KDELR1",1,505,0.00198019801980198
"KDELR3",1,505,0.00198019801980198
"KIAA1191",1,505,0.00198019801980198
"KIAA2013",1,505,0.00198019801980198
"KIF12",1,505,0.00198019801980198
"KIFBP",1,505,0.00198019801980198
"KIR3DX1",1,505,0.00198019801980198
"KISS1R",1,505,0.00198019801980198
"KLC3",1,505,0.00198019801980198
"KLF13",1,505,0.00198019801980198
"KLF15",1,505,0.00198019801980198
"KLF16",1,505,0.00198019801980198
"KLHDC7B",1,505,0.00198019801980198
"KLHDC8B",1,505,0.00198019801980198
"KLHL12",1,505,0.00198019801980198
"KLRB1",1,505,0.00198019801980198
"KLRC4",1,505,0.00198019801980198
"KMT5C",1,505,0.00198019801980198
"KPNA4",1,505,0.00198019801980198
"KRT81",1,505,0.00198019801980198
"KRT86",1,505,0.00198019801980198
"KRTAP12-1",1,505,0.00198019801980198
"KRTAP12-3",1,505,0.00198019801980198
"KRTAP17-1",1,505,0.00198019801980198
"KRTAP4-1",1,505,0.00198019801980198
"KRTAP9-9",1,505,0.00198019801980198
"KRTCAP2",1,505,0.00198019801980198
"KRTCAP3",1,505,0.00198019801980198
"LAGE3",1,505,0.00198019801980198
"LAMTOR2",1,505,0.00198019801980198
"LAMTOR3",1,505,0.00198019801980198
"LAMTOR4",1,505,0.00198019801980198
"LARGE2",1,505,0.00198019801980198
"LBH",1,505,0.00198019801980198
"LBHD1",1,505,0.00198019801980198
"LCE3C",1,505,0.00198019801980198
"LCN1",1,505,0.00198019801980198
"LCN15",1,505,0.00198019801980198
"LCN2",1,505,0.00198019801980198
"LCORL",1,505,0.00198019801980198
"LDAH",1,505,0.00198019801980198
"LENG9",1,505,0.00198019801980198
"LETM2",1,505,0.00198019801980198
"LGALS1",1,505,0.00198019801980198
"LGALS3",1,505,0.00198019801980198
"LGI4",1,505,0.00198019801980198
"LHB",1,505,0.00198019801980198
"LHX5",1,505,0.00198019801980198
"LIMD2",1,505,0.00198019801980198
"LIN7B",1,505,0.00198019801980198
"LMLN",1,505,0.00198019801980198
"LMO1",1,505,0.00198019801980198
"LMO3",1,505,0.00198019801980198
"LORICRIN",1,505,0.00198019801980198
"LOXL4",1,505,0.00198019801980198
"LPXN",1,505,0.00198019801980198
"LRCH4",1,505,0.00198019801980198
"LRFN4",1,505,0.00198019801980198
"LRP2BP",1,505,0.00198019801980198
"LRRC20",1,505,0.00198019801980198
"LRRC26",1,505,0.00198019801980198
"LRRC3",1,505,0.00198019801980198
"LRRC37A",1,505,0.00198019801980198
"LRRC39",1,505,0.00198019801980198
"LRRC46",1,505,0.00198019801980198
"LRRC58",1,505,0.00198019801980198
"LRRC61",1,505,0.00198019801980198
"LRRC73",1,505,0.00198019801980198
"LRRC75A",1,505,0.00198019801980198
"LRRC8E",1,505,0.00198019801980198
"LRRTM2",1,505,0.00198019801980198
"LRWD1",1,505,0.00198019801980198
"LSM10",1,505,0.00198019801980198
"LSM3",1,505,0.00198019801980198
"LSM7",1,505,0.00198019801980198
"LSMEM1",1,505,0.00198019801980198
"LSMEM2",1,505,0.00198019801980198
"LTBR",1,505,0.00198019801980198
"LURAP1",1,505,0.00198019801980198
"LY6E",1,505,0.00198019801980198
"LYL1",1,505,0.00198019801980198
"LYNX1",1,505,0.00198019801980198
"LYPD2",1,505,0.00198019801980198
"LYPD6",1,505,0.00198019801980198
"LYRM2",1,505,0.00198019801980198
"LYSMD3",1,505,0.00198019801980198
"LYZL4",1,505,0.00198019801980198
"MAB21L3",1,505,0.00198019801980198
"MACROD1",1,505,0.00198019801980198
"MAD2L2",1,505,0.00198019801980198
"MAFA",1,505,0.00198019801980198
"MAGEA9B",1,505,0.00198019801980198
"MAGOH",1,505,0.00198019801980198
"MAK",1,505,0.00198019801980198
"MAK16",1,505,0.00198019801980198
"MAL2",1,505,0.00198019801980198
"MANBAL",1,505,0.00198019801980198
"MANF",1,505,0.00198019801980198
"MAP11",1,505,0.00198019801980198
"MAP1LC3A",1,505,0.00198019801980198
"MAP4K5",1,505,0.00198019801980198
"MAPK12",1,505,0.00198019801980198
"MAPK13",1,505,0.00198019801980198
"MAPK1IP1L",1,505,0.00198019801980198
"MAPK6",1,505,0.00198019801980198
"MAPK8IP1",1,505,0.00198019801980198
"MAPK8IP2",1,505,0.00198019801980198
"MAPKAPK2",1,505,0.00198019801980198
"MAPRE1",1,505,0.00198019801980198
"MAPRE3",1,505,0.00198019801980198
"MARCHF5",1,505,0.00198019801980198
"MARCHF9",1,505,0.00198019801980198
"MARCKS",1,505,0.00198019801980198
"MARVELD3",1,505,0.00198019801980198
"MAT2A",1,505,0.00198019801980198
"MBD3",1,505,0.00198019801980198
"MBD6",1,505,0.00198019801980198
"MBLAC2",1,505,0.00198019801980198
"MBTD1",1,505,0.00198019801980198
"MCRIP2",1,505,0.00198019801980198
"MDH1",1,505,0.00198019801980198
"MDK",1,505,0.00198019801980198
"MDP1",1,505,0.00198019801980198
"MED10",1,505,0.00198019801980198
"MED19",1,505,0.00198019801980198
"MED22",1,505,0.00198019801980198
"MED28",1,505,0.00198019801980198
"MED29",1,505,0.00198019801980198
"MED31",1,505,0.00198019801980198
"MED4",1,505,0.00198019801980198
"MED8",1,505,0.00198019801980198
"MEF2A",1,505,0.00198019801980198
"MEGF11",1,505,0.00198019801980198
"MEGF9",1,505,0.00198019801980198
"MESD",1,505,0.00198019801980198
"MESP1",1,505,0.00198019801980198
"MESP2",1,505,0.00198019801980198
"MEST",1,505,0.00198019801980198
"METAP2",1,505,0.00198019801980198
"METTL21A",1,505,0.00198019801980198
"METTL23",1,505,0.00198019801980198
"METTL24",1,505,0.00198019801980198
"METTL26",1,505,0.00198019801980198
"METTL27",1,505,0.00198019801980198
"METTL5",1,505,0.00198019801980198
"MFSD10",1,505,0.00198019801980198
"MFSD3",1,505,0.00198019801980198
"MGST1",1,505,0.00198019801980198
"MICOS10",1,505,0.00198019801980198
"MICU1",1,505,0.00198019801980198
"MICU2",1,505,0.00198019801980198
"MINDY1",1,505,0.00198019801980198
"MIPOL1",1,505,0.00198019801980198
"MIS12",1,505,0.00198019801980198
"MLANA",1,505,0.00198019801980198
"MLLT11",1,505,0.00198019801980198
"MLNR",1,505,0.00198019801980198
"MLYCD",1,505,0.00198019801980198
"MMP14",1,505,0.00198019801980198
"MMS19",1,505,0.00198019801980198
"MOB1A",1,505,0.00198019801980198
"MOB2",1,505,0.00198019801980198
"MOB3B",1,505,0.00198019801980198
"MOB3C",1,505,0.00198019801980198
"MOCS2",1,505,0.00198019801980198
"MON1A",1,505,0.00198019801980198
"MORN4",1,505,0.00198019801980198
"MOSPD3",1,505,0.00198019801980198
"MPC1",1,505,0.00198019801980198
"MPLKIP",1,505,0.00198019801980198
"MPP5",1,505,0.00198019801980198
"MPV17L2",1,505,0.00198019801980198
"MPZ",1,505,0.00198019801980198
"MPZL2",1,505,0.00198019801980198
"MRAS",1,505,0.00198019801980198
"MREG",1,505,0.00198019801980198
"MRGPRX2",1,505,0.00198019801980198
"MRI1",1,505,0.00198019801980198
"MRPL11",1,505,0.00198019801980198
"MRPL17",1,505,0.00198019801980198
"MRPL18",1,505,0.00198019801980198
"MRPL24",1,505,0.00198019801980198
"MRPL27",1,505,0.00198019801980198
"MRPL30",1,505,0.00198019801980198
"MRPL32",1,505,0.00198019801980198
"MRPL38",1,505,0.00198019801980198
"MRPL46",1,505,0.00198019801980198
"MRPL50",1,505,0.00198019801980198
"MRPL51",1,505,0.00198019801980198
"MRPL54",1,505,0.00198019801980198
"MRPL55",1,505,0.00198019801980198
"MRPL58",1,505,0.00198019801980198
"MRPS10",1,505,0.00198019801980198
"MRPS11",1,505,0.00198019801980198
"MRPS18A",1,505,0.00198019801980198
"MRPS18B",1,505,0.00198019801980198
"MRPS18C",1,505,0.00198019801980198
"MRPS23",1,505,0.00198019801980198
"MRPS24",1,505,0.00198019801980198
"MRPS33",1,505,0.00198019801980198
"MRPS36",1,505,0.00198019801980198
"MRRF",1,505,0.00198019801980198
"MRTFA",1,505,0.00198019801980198
"MSANTD1",1,505,0.00198019801980198
"MSANTD2",1,505,0.00198019801980198
"MSANTD3-TMEFF1",1,505,0.00198019801980198
"MSANTD4",1,505,0.00198019801980198
"MSL1",1,505,0.00198019801980198
"MSMP",1,505,0.00198019801980198
"MT1A",1,505,0.00198019801980198
"MT1G",1,505,0.00198019801980198
"MT2A",1,505,0.00198019801980198
"MTA3",1,505,0.00198019801980198
"MTAP",1,505,0.00198019801980198
"MTCP1",1,505,0.00198019801980198
"MTHFS",1,505,0.00198019801980198
"MTPN",1,505,0.00198019801980198
"MTX1",1,505,0.00198019801980198
"MTX3",1,505,0.00198019801980198
"MUCL1",1,505,0.00198019801980198
"MUCL3",1,505,0.00198019801980198
"MVD",1,505,0.00198019801980198
"MX1",1,505,0.00198019801980198
"MXD1",1,505,0.00198019801980198
"MXD4",1,505,0.00198019801980198
"MXRA7",1,505,0.00198019801980198
"MYBPHL",1,505,0.00198019801980198
"MYD88",1,505,0.00198019801980198
"MYL6",1,505,0.00198019801980198
"MYOG",1,505,0.00198019801980198
"MYOZ3",1,505,0.00198019801980198
"MYSM1",1,505,0.00198019801980198
"MZB1",1,505,0.00198019801980198
"MZF1",1,505,0.00198019801980198
"MZT2A",1,505,0.00198019801980198
"MZT2B",1,505,0.00198019801980198
"NAA10",1,505,0.00198019801980198
"NAA40",1,505,0.00198019801980198
"NAB1",1,505,0.00198019801980198
"NAB2",1,505,0.00198019801980198
"NACC1",1,505,0.00198019801980198
"NADK",1,505,0.00198019801980198
"NADSYN1",1,505,0.00198019801980198
"NAGS",1,505,0.00198019801980198
"NANOS1",1,505,0.00198019801980198
"NAPG",1,505,0.00198019801980198
"NAT8L",1,505,0.00198019801980198
"NAT9",1,505,0.00198019801980198
"NBL1",1,505,0.00198019801980198
"NBPF9",1,505,0.00198019801980198
"NCBP3",1,505,0.00198019801980198
"NDP",1,505,0.00198019801980198
"NDRG1",1,505,0.00198019801980198
"NDUFA4",1,505,0.00198019801980198
"NDUFA5",1,505,0.00198019801980198
"NDUFA7",1,505,0.00198019801980198
"NDUFAF2",1,505,0.00198019801980198
"NDUFAF3",1,505,0.00198019801980198
"NDUFAF4",1,505,0.00198019801980198
"NDUFB1",1,505,0.00198019801980198
"NDUFB10",1,505,0.00198019801980198
"NDUFB2",1,505,0.00198019801980198
"NDUFB4",1,505,0.00198019801980198
"NDUFB6",1,505,0.00198019801980198
"NDUFB8",1,505,0.00198019801980198
"NDUFS4",1,505,0.00198019801980198
"NDUFS5",1,505,0.00198019801980198
"NDUFS6",1,505,0.00198019801980198
"NDUFV1",1,505,0.00198019801980198
"NDUFV2",1,505,0.00198019801980198
"NDUFV3",1,505,0.00198019801980198
"NECAB3",1,505,0.00198019801980198
"NEK2",1,505,0.00198019801980198
"NEK3",1,505,0.00198019801980198
"NELFA",1,505,0.00198019801980198
"NELFE",1,505,0.00198019801980198
"NEMP1",1,505,0.00198019801980198
"NENF",1,505,0.00198019801980198
"NEURL2",1,505,0.00198019801980198
"NEUROG1",1,505,0.00198019801980198
"NFKBIE",1,505,0.00198019801980198
"NFYA",1,505,0.00198019801980198
"NGB",1,505,0.00198019801980198
"NHLH1",1,505,0.00198019801980198
"NHLRC4",1,505,0.00198019801980198
"NIBAN2",1,505,0.00198019801980198
"NINJ2",1,505,0.00198019801980198
"NIP7",1,505,0.00198019801980198
"NIPA2",1,505,0.00198019801980198
"NIPSNAP1",1,505,0.00198019801980198
"NIPSNAP3A",1,505,0.00198019801980198
"NIT2",1,505,0.00198019801980198
"NKAIN4",1,505,0.00198019801980198
"NKG7",1,505,0.00198019801980198
"NKX2-8",1,505,0.00198019801980198
"NME3",1,505,0.00198019801980198
"NME6",1,505,0.00198019801980198
"NMI",1,505,0.00198019801980198
"NMNAT3",1,505,0.00198019801980198
"NMRK1",1,505,0.00198019801980198
"NMU",1,505,0.00198019801980198
"NOA1",1,505,0.00198019801980198
"NOG",1,505,0.00198019801980198
"NOL4L",1,505,0.00198019801980198
"NOL7",1,505,0.00198019801980198
"NOP10",1,505,0.00198019801980198
"NOXA1",1,505,0.00198019801980198
"NOXRED1",1,505,0.00198019801980198
"NPC2",1,505,0.00198019801980198
"NPDC1",1,505,0.00198019801980198
"NPFFR1",1,505,0.00198019801980198
"NPM3",1,505,0.00198019801980198
"NPPC",1,505,0.00198019801980198
"NR1D2",1,505,0.00198019801980198
"NR2E3",1,505,0.00198019801980198
"NR2F2",1,505,0.00198019801980198
"NR2F6",1,505,0.00198019801980198
"NRBF2",1,505,0.00198019801980198
"NRG4",1,505,0.00198019801980198
"NRIP3",1,505,0.00198019801980198
"NRM",1,505,0.00198019801980198
"NSMCE1",1,505,0.00198019801980198
"NSMCE2",1,505,0.00198019801980198
"NSMCE3",1,505,0.00198019801980198
"NSMCE4A",1,505,0.00198019801980198
"NSUN7",1,505,0.00198019801980198
"NT5C3A",1,505,0.00198019801980198
"NTF4",1,505,0.00198019801980198
"NTMT1",1,505,0.00198019801980198
"NTN3",1,505,0.00198019801980198
"NTN5",1,505,0.00198019801980198
"NUCB1",1,505,0.00198019801980198
"NUCB2",1,505,0.00198019801980198
"NUDT10",1,505,0.00198019801980198
"NUDT13",1,505,0.00198019801980198
"NUDT14",1,505,0.00198019801980198
"NUDT15",1,505,0.00198019801980198
"NUDT18",1,505,0.00198019801980198
"NUDT19",1,505,0.00198019801980198
"NUDT22",1,505,0.00198019801980198
"NUDT3",1,505,0.00198019801980198
"NUDT6",1,505,0.00198019801980198
"NUDT7",1,505,0.00198019801980198
"NUDT8",1,505,0.00198019801980198
"NUDT9",1,505,0.00198019801980198
"NUP37",1,505,0.00198019801980198
"NUP50",1,505,0.00198019801980198
"NUP54",1,505,0.00198019801980198
"NUP62CL",1,505,0.00198019801980198
"NUP88",1,505,0.00198019801980198
"NUPR1",1,505,0.00198019801980198
"NUSAP1",1,505,0.00198019801980198
"NUTF2",1,505,0.00198019801980198
"NXN",1,505,0.00198019801980198
"NXPH3",1,505,0.00198019801980198
"NXT1",1,505,0.00198019801980198
"NXT2",1,505,0.00198019801980198
"NYX",1,505,0.00198019801980198
"OCIAD2",1,505,0.00198019801980198
"ODC1",1,505,0.00198019801980198
"OGFOD1",1,505,0.00198019801980198
"OGFOD2",1,505,0.00198019801980198
"OIP5",1,505,0.00198019801980198
"OMP",1,505,0.00198019801980198
"OPA3",1,505,0.00198019801980198
"OPRD1",1,505,0.00198019801980198
"OR10G3",1,505,0.00198019801980198
"OR10H3",1,505,0.00198019801980198
"OR2A42",1,505,0.00198019801980198
"OR2S2",1,505,0.00198019801980198
"OR4F5",1,505,0.00198019801980198
"OR4M2",1,505,0.00198019801980198
"ORC6",1,505,0.00198019801980198
"ORMDL2",1,505,0.00198019801980198
"ORMDL3",1,505,0.00198019801980198
"OTUB1",1,505,0.00198019801980198
"OTUB2",1,505,0.00198019801980198
"OTUD3",1,505,0.00198019801980198
"OVCA2",1,505,0.00198019801980198
"OVOL2",1,505,0.00198019801980198
"OXT",1,505,0.00198019801980198
"P2RY13",1,505,0.00198019801980198
"PABPC1L2A",1,505,0.00198019801980198
"PAGE2B",1,505,0.00198019801980198
"PAGR1",1,505,0.00198019801980198
"PAICS",1,505,0.00198019801980198
"PAIP2B",1,505,0.00198019801980198
"PAK6",1,505,0.00198019801980198
"PAQR7",1,505,0.00198019801980198
"PARD6A",1,505,0.00198019801980198
"PARD6G",1,505,0.00198019801980198
"PARP11",1,505,0.00198019801980198
"PARP16",1,505,0.00198019801980198
"PAXX",1,505,0.00198019801980198
"PBOV1",1,505,0.00198019801980198
"PCBD2",1,505,0.00198019801980198
"PCBP4",1,505,0.00198019801980198
"PCCB",1,505,0.00198019801980198
"PCGF2",1,505,0.00198019801980198
"PCGF6",1,505,0.00198019801980198
"PCIF1",1,505,0.00198019801980198
"PCLAF",1,505,0.00198019801980198
"PCNA",1,505,0.00198019801980198
"PCTP",1,505,0.00198019801980198
"PCYT2",1,505,0.00198019801980198
"PDC",1,505,0.00198019801980198
"PDCD2L",1,505,0.00198019801980198
"PDCL",1,505,0.00198019801980198
"PDGFB",1,505,0.00198019801980198
"PDHX",1,505,0.00198019801980198
"PDLIM4",1,505,0.00198019801980198
"PDRG1",1,505,0.00198019801980198
"PDSS1",1,505,0.00198019801980198
"PDXDC1",1,505,0.00198019801980198
"PDZK1IP1",1,505,0.00198019801980198
"PEAK3",1,505,0.00198019801980198
"PEBP4",1,505,0.00198019801980198
"PELI1",1,505,0.00198019801980198
"PELI3",1,505,0.00198019801980198
"PERP",1,505,0.00198019801980198
"PEX10",1,505,0.00198019801980198
"PEX19",1,505,0.00198019801980198
"PEX3",1,505,0.00198019801980198
"PEX7",1,505,0.00198019801980198
"PF4",1,505,0.00198019801980198
"PFDN1",1,505,0.00198019801980198
"PFDN2",1,505,0.00198019801980198
"PFDN4",1,505,0.00198019801980198
"PFDN5",1,505,0.00198019801980198
"PGAM2",1,505,0.00198019801980198
"PGD",1,505,0.00198019801980198
"PGLS",1,505,0.00198019801980198
"PGM1",1,505,0.00198019801980198
"PGP",1,505,0.00198019801980198
"PGRMC1",1,505,0.00198019801980198
"PGRMC2",1,505,0.00198019801980198
"PGS1",1,505,0.00198019801980198
"PHACTR2",1,505,0.00198019801980198
"PHAX",1,505,0.00198019801980198
"PHB",1,505,0.00198019801980198
"PHC3",1,505,0.00198019801980198
"PHF13",1,505,0.00198019801980198
"PHF7",1,505,0.00198019801980198
"PHLDA2",1,505,0.00198019801980198
"PHOX2A",1,505,0.00198019801980198
"PHYH",1,505,0.00198019801980198
"PHYKPL",1,505,0.00198019801980198
"PI3",1,505,0.00198019801980198
"PI4K2B",1,505,0.00198019801980198
"PIAS1",1,505,0.00198019801980198
"PIFO",1,505,0.00198019801980198
"PIGB",1,505,0.00198019801980198
"PIGM",1,505,0.00198019801980198
"PIGP",1,505,0.00198019801980198
"PIGU",1,505,0.00198019801980198
"PIGW",1,505,0.00198019801980198
"PIGX",1,505,0.00198019801980198
"PIK3CD",1,505,0.00198019801980198
"PIK3IP1",1,505,0.00198019801980198
"PIM1",1,505,0.00198019801980198
"PIMREG",1,505,0.00198019801980198
"PIN1",1,505,0.00198019801980198
"PITPNB",1,505,0.00198019801980198
"PITRM1",1,505,0.00198019801980198
"PKIA",1,505,0.00198019801980198
"PKIG",1,505,0.00198019801980198
"PLA2G12A",1,505,0.00198019801980198
"PLA2G1B",1,505,0.00198019801980198
"PLA2G2D",1,505,0.00198019801980198
"PLA2G2E",1,505,0.00198019801980198
"PLA2G2F",1,505,0.00198019801980198
"PLA2G5",1,505,0.00198019801980198
"PLAAT1",1,505,0.00198019801980198
"PLAAT2",1,505,0.00198019801980198
"PLBD1",1,505,0.00198019801980198
"PLCD3",1,505,0.00198019801980198
"PLCXD1",1,505,0.00198019801980198
"PLD6",1,505,0.00198019801980198
"PLEKHA1",1,505,0.00198019801980198
"PLEKHA2",1,505,0.00198019801980198
"PLEKHB1",1,505,0.00198019801980198
"PLEKHF2",1,505,0.00198019801980198
"PLEKHN1",1,505,0.00198019801980198
"PLPPR1",1,505,0.00198019801980198
"PLPPR2",1,505,0.00198019801980198
"PLSCR2",1,505,0.00198019801980198
"PMF1",1,505,0.00198019801980198
"PMF1-BGLAP",1,505,0.00198019801980198
"PMM2",1,505,0.00198019801980198
"PMP22",1,505,0.00198019801980198
"PMPCA",1,505,0.00198019801980198
"PMVK",1,505,0.00198019801980198
"PNKD",1,505,0.00198019801980198
"PNOC",1,505,0.00198019801980198
"PNP",1,505,0.00198019801980198
"PNPLA2",1,505,0.00198019801980198
"PNPO",1,505,0.00198019801980198
"PNRC2",1,505,0.00198019801980198
"POFUT1",1,505,0.00198019801980198
"POLD3",1,505,0.00198019801980198
"POLD4",1,505,0.00198019801980198
"POLE2",1,505,0.00198019801980198
"POLE4",1,505,0.00198019801980198
"POLR1E",1,505,0.00198019801980198
"POLR1H",1,505,0.00198019801980198
"POLR2C",1,505,0.00198019801980198
"POLR2G",1,505,0.00198019801980198
"POLR2H",1,505,0.00198019801980198
"POLR2I",1,505,0.00198019801980198
"POLR2J",1,505,0.00198019801980198
"POLR3F",1,505,0.00198019801980198
"POLR3G",1,505,0.00198019801980198
"POLR3H",1,505,0.00198019801980198
"POMGNT2",1,505,0.00198019801980198
"POP5",1,505,0.00198019801980198
"POR",1,505,0.00198019801980198
"POU5F1",1,505,0.00198019801980198
"POU6F1",1,505,0.00198019801980198
"PPA1",1,505,0.00198019801980198
"PPAT",1,505,0.00198019801980198
"PPCDC",1,505,0.00198019801980198
"PPCS",1,505,0.00198019801980198
"PPIB",1,505,0.00198019801980198
"PPID",1,505,0.00198019801980198
"PPIL3",1,505,0.00198019801980198
"PPP1CC",1,505,0.00198019801980198
"PPP1R11",1,505,0.00198019801980198
"PPP1R14A",1,505,0.00198019801980198
"PPP1R16A",1,505,0.00198019801980198
"PPP1R1B",1,505,0.00198019801980198
"PPP1R1C",1,505,0.00198019801980198
"PPP1R3B",1,505,0.00198019801980198
"PPP1R8",1,505,0.00198019801980198
"PPP2CA",1,505,0.00198019801980198
"PPP2R3C",1,505,0.00198019801980198
"PPP2R5A",1,505,0.00198019801980198
"PPP2R5C",1,505,0.00198019801980198
"PPP4C",1,505,0.00198019801980198
"PPP4R2",1,505,0.00198019801980198
"PPP5C",1,505,0.00198019801980198
"PPT1",1,505,0.00198019801980198
"PRAC1",1,505,0.00198019801980198
"PRDX5",1,505,0.00198019801980198
"PRG2",1,505,0.00198019801980198
"PRG3",1,505,0.00198019801980198
"PRIM2",1,505,0.00198019801980198
"PRKAB1",1,505,0.00198019801980198
"PRKAG1",1,505,0.00198019801980198
"PRKY",1,505,0.00198019801980198
"PRL",1,505,0.00198019801980198
"PRLH",1,505,0.00198019801980198
"PRM2",1,505,0.00198019801980198
"PRMT2",1,505,0.00198019801980198
"PROSER2",1,505,0.00198019801980198
"PRPF4",1,505,0.00198019801980198
"PRPH",1,505,0.00198019801980198
"PRPSAP2",1,505,0.00198019801980198
"PRR14L",1,505,0.00198019801980198
"PRR15",1,505,0.00198019801980198
"PRR15L",1,505,0.00198019801980198
"PRR35",1,505,0.00198019801980198
"PRR4",1,505,0.00198019801980198
"PRRG2",1,505,0.00198019801980198
"PRRG4",1,505,0.00198019801980198
"PRSS27",1,505,0.00198019801980198
"PRSS53",1,505,0.00198019801980198
"PRSS54",1,505,0.00198019801980198
"PRSS8",1,505,0.00198019801980198
"PRTFDC1",1,505,0.00198019801980198
"PRXL2A",1,505,0.00198019801980198
"PRXL2C",1,505,0.00198019801980198
"PSCA",1,505,0.00198019801980198
"PSENEN",1,505,0.00198019801980198
"PSMA4",1,505,0.00198019801980198
"PSMA5",1,505,0.00198019801980198
"PSMB10",1,505,0.00198019801980198
"PSMB2",1,505,0.00198019801980198
"PSMB5",1,505,0.00198019801980198
"PSMB6",1,505,0.00198019801980198
"PSMC3IP",1,505,0.00198019801980198
"PSMD10",1,505,0.00198019801980198
"PSMD14",1,505,0.00198019801980198
"PSMD4",1,505,0.00198019801980198
"PSMD7",1,505,0.00198019801980198
"PSMD8",1,505,0.00198019801980198
"PSMG1",1,505,0.00198019801980198
"PSMG3",1,505,0.00198019801980198
"PSORS1C1",1,505,0.00198019801980198
"PTDSS2",1,505,0.00198019801980198
"PTGDR2",1,505,0.00198019801980198
"PTK6",1,505,0.00198019801980198
"PTMS",1,505,0.00198019801980198
"PTPMT1",1,505,0.00198019801980198
"PTPN7",1,505,0.00198019801980198
"PTS",1,505,0.00198019801980198
"PURA",1,505,0.00198019801980198
"PUS3",1,505,0.00198019801980198
"PUSL1",1,505,0.00198019801980198
"PWWP2B",1,505,0.00198019801980198
"PWWP3A",1,505,0.00198019801980198
"PXDC1",1,505,0.00198019801980198
"PXMP2",1,505,0.00198019801980198
"PXT1",1,505,0.00198019801980198
"PYCARD",1,505,0.00198019801980198
"PYCR1",1,505,0.00198019801980198
"PYCR3",1,505,0.00198019801980198
"PYM1",1,505,0.00198019801980198
"PYROXD2",1,505,0.00198019801980198
"QPCTL",1,505,0.00198019801980198
"QPRT",1,505,0.00198019801980198
"QTRT2",1,505,0.00198019801980198
"RAB10",1,505,0.00198019801980198
"RAB13",1,505,0.00198019801980198
"RAB15",1,505,0.00198019801980198
"RAB17",1,505,0.00198019801980198
"RAB18",1,505,0.00198019801980198
"RAB21",1,505,0.00198019801980198
"RAB23",1,505,0.00198019801980198
"RAB24",1,505,0.00198019801980198
"RAB27A",1,505,0.00198019801980198
"RAB2B",1,505,0.00198019801980198
"RAB32",1,505,0.00198019801980198
"RAB33B",1,505,0.00198019801980198
"RAB34",1,505,0.00198019801980198
"RAB35",1,505,0.00198019801980198
"RAB3B",1,505,0.00198019801980198
"RAB42",1,505,0.00198019801980198
"RAB43",1,505,0.00198019801980198
"RAB4A",1,505,0.00198019801980198
"RAB4B",1,505,0.00198019801980198
"RAB5B",1,505,0.00198019801980198
"RAB5C",1,505,0.00198019801980198
"RABAC1",1,505,0.00198019801980198
"RABIF",1,505,0.00198019801980198
"RABL2A",1,505,0.00198019801980198
"RABL6",1,505,0.00198019801980198
"RAC2",1,505,0.00198019801980198
"RAD1",1,505,0.00198019801980198
"RAD51",1,505,0.00198019801980198
"RAD9B",1,505,0.00198019801980198
"RAET1G",1,505,0.00198019801980198
"RAET1L",1,505,0.00198019801980198
"RALY",1,505,0.00198019801980198
"RAMAC",1,505,0.00198019801980198
"RAMP1",1,505,0.00198019801980198
"RAMP3",1,505,0.00198019801980198
"RANBP1",1,505,0.00198019801980198
"RANBP9",1,505,0.00198019801980198
"RAP1A",1,505,0.00198019801980198
"RAP1B",1,505,0.00198019801980198
"RAP2B",1,505,0.00198019801980198
"RAP2C",1,505,0.00198019801980198
"RARG",1,505,0.00198019801980198
"RASGRP1",1,505,0.00198019801980198
"RASL10A",1,505,0.00198019801980198
"RAX",1,505,0.00198019801980198
"RAX2",1,505,0.00198019801980198
"RBBP8NL",1,505,0.00198019801980198
"RBCK1",1,505,0.00198019801980198
"RBMS2",1,505,0.00198019801980198
"RCAN2",1,505,0.00198019801980198
"RCAN3",1,505,0.00198019801980198
"RCE1",1,505,0.00198019801980198
"RCHY1",1,505,0.00198019801980198
"RCL1",1,505,0.00198019801980198
"RCN1",1,505,0.00198019801980198
"RDH13",1,505,0.00198019801980198
"RDH14",1,505,0.00198019801980198
"RDH5",1,505,0.00198019801980198
"REC8",1,505,0.00198019801980198
"REEP6",1,505,0.00198019801980198
"REM2",1,505,0.00198019801980198
"REPS1",1,505,0.00198019801980198
"RETNLB",1,505,0.00198019801980198
"REXO2",1,505,0.00198019801980198
"REXO4",1,505,0.00198019801980198
"RFK",1,505,0.00198019801980198
"RFLNB",1,505,0.00198019801980198
"RFNG",1,505,0.00198019801980198
"RFX2",1,505,0.00198019801980198
"RFXANK",1,505,0.00198019801980198
"RGCC",1,505,0.00198019801980198
"RGMB",1,505,0.00198019801980198
"RGN",1,505,0.00198019801980198
"RGPD1",1,505,0.00198019801980198
"RGS17",1,505,0.00198019801980198
"RHBDD3",1,505,0.00198019801980198
"RHOBTB3",1,505,0.00198019801980198
"RHOQ",1,505,0.00198019801980198
"RHOXF2",1,505,0.00198019801980198
"RIBC2",1,505,0.00198019801980198
"RILPL2",1,505,0.00198019801980198
"RIMBP3",1,505,0.00198019801980198
"RIPPLY1",1,505,0.00198019801980198
"RITA1",1,505,0.00198019801980198
"RLN2",1,505,0.00198019801980198
"RMND1",1,505,0.00198019801980198
"RMND5B",1,505,0.00198019801980198
"RNASE4",1,505,0.00198019801980198
"RNASE6",1,505,0.00198019801980198
"RNASE9",1,505,0.00198019801980198
"RNF11",1,505,0.00198019801980198
"RNF125",1,505,0.00198019801980198
"RNF13",1,505,0.00198019801980198
"RNF166",1,505,0.00198019801980198
"RNF167",1,505,0.00198019801980198
"RNF168",1,505,0.00198019801980198
"RNF175",1,505,0.00198019801980198
"RNF183",1,505,0.00198019801980198
"RNF19A",1,505,0.00198019801980198
"RNF214",1,505,0.00198019801980198
"RNF24",1,505,0.00198019801980198
"RNF34",1,505,0.00198019801980198
"RNF44",1,505,0.00198019801980198
"RNF7",1,505,0.00198019801980198
"RNF8",1,505,0.00198019801980198
"RNFT2",1,505,0.00198019801980198
"RNPC3",1,505,0.00198019801980198
"RNPEPL1",1,505,0.00198019801980198
"RNPS1",1,505,0.00198019801980198
"RO60",1,505,0.00198019801980198
"ROM1",1,505,0.00198019801980198
"RP9",1,505,0.00198019801980198
"RPA2",1,505,0.00198019801980198
"RPA3",1,505,0.00198019801980198
"RPE",1,505,0.00198019801980198
"RPF1",1,505,0.00198019801980198
"RPF2",1,505,0.00198019801980198
"RPL10",1,505,0.00198019801980198
"RPL13A",1,505,0.00198019801980198
"RPL15",1,505,0.00198019801980198
"RPL17-C18orf32",1,505,0.00198019801980198
"RPL18",1,505,0.00198019801980198
"RPL19",1,505,0.00198019801980198
"RPL21",1,505,0.00198019801980198
"RPL23A",1,505,0.00198019801980198
"RPL26",1,505,0.00198019801980198
"RPL29",1,505,0.00198019801980198
"RPL30",1,505,0.00198019801980198
"RPL31",1,505,0.00198019801980198
"RPL34",1,505,0.00198019801980198
"RPL36AL",1,505,0.00198019801980198
"RPL7A",1,505,0.00198019801980198
"RPLP1",1,505,0.00198019801980198
"RPP25",1,505,0.00198019801980198
"RPP30",1,505,0.00198019801980198
"RPRM",1,505,0.00198019801980198
"RPS10-NUDT3",1,505,0.00198019801980198
"RPS11",1,505,0.00198019801980198
"RPS13",1,505,0.00198019801980198
"RPS15A",1,505,0.00198019801980198
"RPS19",1,505,0.00198019801980198
"RPS2",1,505,0.00198019801980198
"RPS20",1,505,0.00198019801980198
"RPS25",1,505,0.00198019801980198
"RPS26",1,505,0.00198019801980198
"RPS27",1,505,0.00198019801980198
"RPS28",1,505,0.00198019801980198
"RPS29",1,505,0.00198019801980198
"RPS3A",1,505,0.00198019801980198
"RPS4Y1",1,505,0.00198019801980198
"RPS5",1,505,0.00198019801980198
"RPS6KB2",1,505,0.00198019801980198
"RPS7",1,505,0.00198019801980198
"RPSA",1,505,0.00198019801980198
"RPUSD1",1,505,0.00198019801980198
"RRAGA",1,505,0.00198019801980198
"RRH",1,505,0.00198019801980198
"RRNAD1",1,505,0.00198019801980198
"RS1",1,505,0.00198019801980198
"RSPH3",1,505,0.00198019801980198
"RSPH9",1,505,0.00198019801980198
"RSPO3",1,505,0.00198019801980198
"RSU1",1,505,0.00198019801980198
"RTKN",1,505,0.00198019801980198
"RTL1",1,505,0.00198019801980198
"RTL6",1,505,0.00198019801980198
"RTP4",1,505,0.00198019801980198
"RUNDC3A",1,505,0.00198019801980198
"RWDD3",1,505,0.00198019801980198
"RWDD4",1,505,0.00198019801980198
"S100A11",1,505,0.00198019801980198
"S100A13",1,505,0.00198019801980198
"S100A5",1,505,0.00198019801980198
"S100A7A",1,505,0.00198019801980198
"S100A9",1,505,0.00198019801980198
"S100B",1,505,0.00198019801980198
"S100P",1,505,0.00198019801980198
"S100PBP",1,505,0.00198019801980198
"S100Z",1,505,0.00198019801980198
"S1PR2",1,505,0.00198019801980198
"SAC3D1",1,505,0.00198019801980198
"SACM1L",1,505,0.00198019801980198
"SALL2",1,505,0.00198019801980198
"SAMD1",1,505,0.00198019801980198
"SAMD10",1,505,0.00198019801980198
"SAMD8",1,505,0.00198019801980198
"SAP18",1,505,0.00198019801980198
"SAR1B",1,505,0.00198019801980198
"SARS2",1,505,0.00198019801980198
"SAT1",1,505,0.00198019801980198
"SBK2",1,505,0.00198019801980198
"SCAMP2",1,505,0.00198019801980198
"SCAMP4",1,505,0.00198019801980198
"SCAND1",1,505,0.00198019801980198
"SCARB2",1,505,0.00198019801980198
"SCGB1C1",1,505,0.00198019801980198
"SCGB2B2",1,505,0.00198019801980198
"SCMH1",1,505,0.00198019801980198
"SCN4B",1,505,0.00198019801980198
"SCO2",1,505,0.00198019801980198
"SCOC",1,505,0.00198019801980198
"SCRG1",1,505,0.00198019801980198
"SDC2",1,505,0.00198019801980198
"SDF2L1",1,505,0.00198019801980198
"SDHAF4",1,505,0.00198019801980198
"SDHB",1,505,0.00198019801980198
"SDSL",1,505,0.00198019801980198
"SEC11A",1,505,0.00198019801980198
"SEC11C",1,505,0.00198019801980198
"SEC14L4",1,505,0.00198019801980198
"SECTM1",1,505,0.00198019801980198
"SEH1L",1,505,0.00198019801980198
"SELENOF",1,505,0.00198019801980198
"SELENOO",1,505,0.00198019801980198
"SELENOS",1,505,0.00198019801980198
"SEMA4B",1,505,0.00198019801980198
"SENP1",1,505,0.00198019801980198
"SENP3",1,505,0.00198019801980198
"SEPHS2",1,505,0.00198019801980198
"SERF2",1,505,0.00198019801980198
"SERPINF1",1,505,0.00198019801980198
"SERPINH1",1,505,0.00198019801980198
"SERTM1",1,505,0.00198019801980198
"SESN3",1,505,0.00198019801980198
"SET",1,505,0.00198019801980198
"SETD9",1,505,0.00198019801980198
"SF3A2",1,505,0.00198019801980198
"SF3B5",1,505,0.00198019801980198
"SFT2D1",1,505,0.00198019801980198
"SFTPC",1,505,0.00198019801980198
"SFTPD",1,505,0.00198019801980198
"SFXN2",1,505,0.00198019801980198
"SFXN3",1,505,0.00198019801980198
"SFXN4",1,505,0.00198019801980198
"SGF29",1,505,0.00198019801980198
"SGK3",1,505,0.00198019801980198
"SGSH",1,505,0.00198019801980198
"SGSM3",1,505,0.00198019801980198
"SH3BGR",1,505,0.00198019801980198
"SH3BGRL3",1,505,0.00198019801980198
"SH3BP1",1,505,0.00198019801980198
"SH3YL1",1,505,0.00198019801980198
"SHBG",1,505,0.00198019801980198
"SHFL",1,505,0.00198019801980198
"SHH",1,505,0.00198019801980198
"SHISA4",1,505,0.00198019801980198
"SHLD1",1,505,0.00198019801980198
"SIL1",1,505,0.00198019801980198
"SIN3B",1,505,0.00198019801980198
"SIPA1",1,505,0.00198019801980198
"SIRT2",1,505,0.00198019801980198
"SIRT4",1,505,0.00198019801980198
"SIT1",1,505,0.00198019801980198
"SKA3",1,505,0.00198019801980198
"SLA2",1,505,0.00198019801980198
"SLAIN1",1,505,0.00198019801980198
"SLBP",1,505,0.00198019801980198
"SLC16A4",1,505,0.00198019801980198
"SLC25A15",1,505,0.00198019801980198
"SLC25A19",1,505,0.00198019801980198
"SLC25A20",1,505,0.00198019801980198
"SLC25A21",1,505,0.00198019801980198
"SLC25A22",1,505,0.00198019801980198
"SLC25A26",1,505,0.00198019801980198
"SLC25A28",1,505,0.00198019801980198
"SLC25A33",1,505,0.00198019801980198
"SLC25A35",1,505,0.00198019801980198
"SLC25A42",1,505,0.00198019801980198
"SLC25A43",1,505,0.00198019801980198
"SLC25A5",1,505,0.00198019801980198
"SLC25A51",1,505,0.00198019801980198
"SLC26A1",1,505,0.00198019801980198
"SLC29A2",1,505,0.00198019801980198
"SLC2A6",1,505,0.00198019801980198
"SLC2A8",1,505,0.00198019801980198
"SLC30A4",1,505,0.00198019801980198
"SLC30A5",1,505,0.00198019801980198
"SLC31A2",1,505,0.00198019801980198
"SLC35A2",1,505,0.00198019801980198
"SLC35A4",1,505,0.00198019801980198
"SLC35D2",1,505,0.00198019801980198
"SLC35G6",1,505,0.00198019801980198
"SLC37A4",1,505,0.00198019801980198
"SLC39A13",1,505,0.00198019801980198
"SLC46A1",1,505,0.00198019801980198
"SLC51B",1,505,0.00198019801980198
"SLC52A2",1,505,0.00198019801980198
"SLC5A3",1,505,0.00198019801980198
"SLC66A1",1,505,0.00198019801980198
"SLC7A11",1,505,0.00198019801980198
"SLF1",1,505,0.00198019801980198
"SLFNL1",1,505,0.00198019801980198
"SLN",1,505,0.00198019801980198
"SLPI",1,505,0.00198019801980198
"SLU7",1,505,0.00198019801980198
"SLURP1",1,505,0.00198019801980198
"SMAGP",1,505,0.00198019801980198
"SMARCD3",1,505,0.00198019801980198
"SMCO1",1,505,0.00198019801980198
"SMPD2",1,505,0.00198019801980198
"SMPDL3B",1,505,0.00198019801980198
"SMPX",1,505,0.00198019801980198
"SMUG1",1,505,0.00198019801980198
"SNAI3",1,505,0.00198019801980198
"SNF8",1,505,0.00198019801980198
"SNN",1,505,0.00198019801980198
"SNRNP27",1,505,0.00198019801980198
"SNRPA1",1,505,0.00198019801980198
"SNRPB",1,505,0.00198019801980198
"SNRPD1",1,505,0.00198019801980198
"SNTB2",1,505,0.00198019801980198
"SNTN",1,505,0.00198019801980198
"SNU13",1,505,0.00198019801980198
"SNX33",1,505,0.00198019801980198
"SOCS4",1,505,0.00198019801980198
"SOD1",1,505,0.00198019801980198
"SOD3",1,505,0.00198019801980198
"SORD",1,505,0.00198019801980198
"SOWAHA",1,505,0.00198019801980198
"SOX12",1,505,0.00198019801980198
"SOX18",1,505,0.00198019801980198
"SOX2",1,505,0.00198019801980198
"SP5",1,505,0.00198019801980198
"SP8",1,505,0.00198019801980198
"SPA17",1,505,0.00198019801980198
"SPANXN1",1,505,0.00198019801980198
"SPANXN4",1,505,0.00198019801980198
"SPANXN5",1,505,0.00198019801980198
"SPATA1",1,505,0.00198019801980198
"SPATA25",1,505,0.00198019801980198
"SPATA31A6",1,505,0.00198019801980198
"SPATA32",1,505,0.00198019801980198
"SPATA33",1,505,0.00198019801980198
"SPATA46",1,505,0.00198019801980198
"SPATA5L1",1,505,0.00198019801980198
"SPATA6L",1,505,0.00198019801980198
"SPATS2",1,505,0.00198019801980198
"SPC24",1,505,0.00198019801980198
"SPCS2",1,505,0.00198019801980198
"SPCS3",1,505,0.00198019801980198
"SPDEF",1,505,0.00198019801980198
"SPDYA",1,505,0.00198019801980198
"SPDYE1",1,505,0.00198019801980198
"SPIB",1,505,0.00198019801980198
"SPINK13",1,505,0.00198019801980198
"SPINK2",1,505,0.00198019801980198
"SPINK6",1,505,0.00198019801980198
"SPINK7",1,505,0.00198019801980198
"SPINK9",1,505,0.00198019801980198
"SPINT1",1,505,0.00198019801980198
"SPINT4",1,505,0.00198019801980198
"SPNS2",1,505,0.00198019801980198
"SPRED3",1,505,0.00198019801980198
"SPRN",1,505,0.00198019801980198
"SPRR4",1,505,0.00198019801980198
"SPRYD3",1,505,0.00198019801980198
"SPRYD4",1,505,0.00198019801980198
"SPSB2",1,505,0.00198019801980198
"SPSB3",1,505,0.00198019801980198
"SPTLC2",1,505,0.00198019801980198
"SPTSSB",1,505,0.00198019801980198
"SPX",1,505,0.00198019801980198
"SRD5A1",1,505,0.00198019801980198
"SRD5A3",1,505,0.00198019801980198
"SREK1",1,505,0.00198019801980198
"SRF",1,505,0.00198019801980198
"SRI",1,505,0.00198019801980198
"SRM",1,505,0.00198019801980198
"SRP9",1,505,0.00198019801980198
"SRR",1,505,0.00198019801980198
"SRRD",1,505,0.00198019801980198
"SRRM5",1,505,0.00198019801980198
"SS18L2",1,505,0.00198019801980198
"SSBP1",1,505,0.00198019801980198
"SSRP1",1,505,0.00198019801980198
"SST",1,505,0.00198019801980198
"SSX2",1,505,0.00198019801980198
"SSX5",1,505,0.00198019801980198
"ST13",1,505,0.00198019801980198
"ST20",1,505,0.00198019801980198
"ST3GAL1",1,505,0.00198019801980198
"ST6GALNAC2",1,505,0.00198019801980198
"ST6GALNAC4",1,505,0.00198019801980198
"ST6GALNAC6",1,505,0.00198019801980198
"STAC2",1,505,0.00198019801980198
"STAP2",1,505,0.00198019801980198
"STARD5",1,505,0.00198019801980198
"STK17A",1,505,0.00198019801980198
"STK19",1,505,0.00198019801980198
"STK25",1,505,0.00198019801980198
"STK32A",1,505,0.00198019801980198
"STMN1",1,505,0.00198019801980198
"STMN4",1,505,0.00198019801980198
"STOML2",1,505,0.00198019801980198
"STPG3",1,505,0.00198019801980198
"STUB1",1,505,0.00198019801980198
"STX19",1,505,0.00198019801980198
"STXBP2",1,505,0.00198019801980198
"STXBP3",1,505,0.00198019801980198
"STYX",1,505,0.00198019801980198
"SUCLG2",1,505,0.00198019801980198
"SUCNR1",1,505,0.00198019801980198
"SUDS3",1,505,0.00198019801980198
"SUFU",1,505,0.00198019801980198
"SUMF2",1,505,0.00198019801980198
"SUMO2",1,505,0.00198019801980198
"SUMO3",1,505,0.00198019801980198
"SUN2",1,505,0.00198019801980198
"SURF1",1,505,0.00198019801980198
"SURF2",1,505,0.00198019801980198
"SWSAP1",1,505,0.00198019801980198
"SYAP1",1,505,0.00198019801980198
"SYCE2",1,505,0.00198019801980198
"SYCN",1,505,0.00198019801980198
"SYNC",1,505,0.00198019801980198
"SYNGR2",1,505,0.00198019801980198
"SYNJ2BP",1,505,0.00198019801980198
"SYT12",1,505,0.00198019801980198
"SYTL3",1,505,0.00198019801980198
"SZRD1",1,505,0.00198019801980198
"TAC3",1,505,0.00198019801980198
"TAC4",1,505,0.00198019801980198
"TACR2",1,505,0.00198019801980198
"TACSTD2",1,505,0.00198019801980198
"TADA3",1,505,0.00198019801980198
"TAF6",1,505,0.00198019801980198
"TAF8",1,505,0.00198019801980198
"TAMM41",1,505,0.00198019801980198
"TANGO2",1,505,0.00198019801980198
"TAP1",1,505,0.00198019801980198
"TAPBPL",1,505,0.00198019801980198
"TARBP2",1,505,0.00198019801980198
"TAS2R10",1,505,0.00198019801980198
"TAS2R43",1,505,0.00198019801980198
"TAS2R50",1,505,0.00198019801980198
"TATDN1",1,505,0.00198019801980198
"TAX1BP3",1,505,0.00198019801980198
"TBC1D13",1,505,0.00198019801980198
"TBC1D26",1,505,0.00198019801980198
"TBC1D2B",1,505,0.00198019801980198
"TBC1D3I",1,505,0.00198019801980198
"TBL1Y",1,505,0.00198019801980198
"TBP",1,505,0.00198019801980198
"TBX6",1,505,0.00198019801980198
"TBXA2R",1,505,0.00198019801980198
"TCAIM",1,505,0.00198019801980198
"TCAP",1,505,0.00198019801980198
"TCEA1",1,505,0.00198019801980198
"TCEAL1",1,505,0.00198019801980198
"TCEAL3",1,505,0.00198019801980198
"TCEAL8",1,505,0.00198019801980198
"TCEANC2",1,505,0.00198019801980198
"TCF3",1,505,0.00198019801980198
"TCIM",1,505,0.00198019801980198
"TCIRG1",1,505,0.00198019801980198
"TCN2",1,505,0.00198019801980198
"TCP10L",1,505,0.00198019801980198
"TCTA",1,505,0.00198019801980198
"TCTN1",1,505,0.00198019801980198
"TCTN3",1,505,0.00198019801980198
"TEAD2",1,505,0.00198019801980198
"TEAD3",1,505,0.00198019801980198
"TECR",1,505,0.00198019801980198
"TEDC1",1,505,0.00198019801980198
"TEFM",1,505,0.00198019801980198
"TEKT2",1,505,0.00198019801980198
"TENT4B",1,505,0.00198019801980198
"TENT5C",1,505,0.00198019801980198
"TEPP",1,505,0.00198019801980198
"TESC",1,505,0.00198019801980198
"TEX19",1,505,0.00198019801980198
"TEX30",1,505,0.00198019801980198
"TFAM",1,505,0.00198019801980198
"TFF1",1,505,0.00198019801980198
"TGDS",1,505,0.00198019801980198
"TGFA",1,505,0.00198019801980198
"TGIF2",1,505,0.00198019801980198
"THAP8",1,505,0.00198019801980198
"THOC1",1,505,0.00198019801980198
"THOC3",1,505,0.00198019801980198
"THRSP",1,505,0.00198019801980198
"THTPA",1,505,0.00198019801980198
"TIAL1",1,505,0.00198019801980198
"TIFA",1,505,0.00198019801980198
"TIMM21",1,505,0.00198019801980198
"TIMM22",1,505,0.00198019801980198
"TIMM44",1,505,0.00198019801980198
"TIMM8B",1,505,0.00198019801980198
"TIPIN",1,505,0.00198019801980198
"TJAP1",1,505,0.00198019801980198
"TK1",1,505,0.00198019801980198
"TK2",1,505,0.00198019801980198
"TLCD3A",1,505,0.00198019801980198
"TLCD4",1,505,0.00198019801980198
"TLCD5",1,505,0.00198019801980198
"TM2D2",1,505,0.00198019801980198
"TM4SF18",1,505,0.00198019801980198
"TM4SF5",1,505,0.00198019801980198
"TMA16",1,505,0.00198019801980198
"TMBIM4",1,505,0.00198019801980198
"TMCO1",1,505,0.00198019801980198
"TMED2",1,505,0.00198019801980198
"TMED4",1,505,0.00198019801980198
"TMED7",1,505,0.00198019801980198
"TMED7-TICAM2",1,505,0.00198019801980198
"TMED8",1,505,0.00198019801980198
"TMEM106B",1,505,0.00198019801980198
"TMEM106C",1,505,0.00198019801980198
"TMEM109",1,505,0.00198019801980198
"TMEM11",1,505,0.00198019801980198
"TMEM120B",1,505,0.00198019801980198
"TMEM121B",1,505,0.00198019801980198
"TMEM123",1,505,0.00198019801980198
"TMEM125",1,505,0.00198019801980198
"TMEM141",1,505,0.00198019801980198
"TMEM14C",1,505,0.00198019801980198
"TMEM150C",1,505,0.00198019801980198
"TMEM159",1,505,0.00198019801980198
"TMEM161A",1,505,0.00198019801980198
"TMEM163",1,505,0.00198019801980198
"TMEM164",1,505,0.00198019801980198
"TMEM170B",1,505,0.00198019801980198
"TMEM186",1,505,0.00198019801980198
"TMEM200B",1,505,0.00198019801980198
"TMEM200C",1,505,0.00198019801980198
"TMEM201",1,505,0.00198019801980198
"TMEM203",1,505,0.00198019801980198
"TMEM204",1,505,0.00198019801980198
"TMEM205",1,505,0.00198019801980198
"TMEM208",1,505,0.00198019801980198
"TMEM218",1,505,0.00198019801980198
"TMEM220",1,505,0.00198019801980198
"TMEM222",1,505,0.00198019801980198
"TMEM229B",1,505,0.00198019801980198
"TMEM230",1,505,0.00198019801980198
"TMEM231",1,505,0.00198019801980198
"TMEM242",1,505,0.00198019801980198
"TMEM244",1,505,0.00198019801980198
"TMEM25",1,505,0.00198019801980198
"TMEM252",1,505,0.00198019801980198
"TMEM254",1,505,0.00198019801980198
"TMEM258",1,505,0.00198019801980198
"TMEM268",1,505,0.00198019801980198
"TMEM30B",1,505,0.00198019801980198
"TMEM38A",1,505,0.00198019801980198
"TMEM40",1,505,0.00198019801980198
"TMEM41B",1,505,0.00198019801980198
"TMEM45A",1,505,0.00198019801980198
"TMEM52",1,505,0.00198019801980198
"TMEM53",1,505,0.00198019801980198
"TMEM54",1,505,0.00198019801980198
"TMEM60",1,505,0.00198019801980198
"TMEM69",1,505,0.00198019801980198
"TMEM70",1,505,0.00198019801980198
"TMEM86A",1,505,0.00198019801980198
"TMEM87A",1,505,0.00198019801980198
"TMEM95",1,505,0.00198019801980198
"TMIGD3",1,505,0.00198019801980198
"TMOD4",1,505,0.00198019801980198
"TMPRSS2",1,505,0.00198019801980198
"TMPRSS5",1,505,0.00198019801980198
"TMSB15A",1,505,0.00198019801980198
"TMUB2",1,505,0.00198019801980198
"TNFAIP1",1,505,0.00198019801980198
"TNFAIP8L2",1,505,0.00198019801980198
"TNFRSF13B",1,505,0.00198019801980198
"TNFRSF13C",1,505,0.00198019801980198
"TNFRSF14",1,505,0.00198019801980198
"TNFRSF1B",1,505,0.00198019801980198
"TNFRSF21",1,505,0.00198019801980198
"TNFSF10",1,505,0.00198019801980198
"TNFSF12-TNFSF13",1,505,0.00198019801980198
"TNFSF13B",1,505,0.00198019801980198
"TNFSF4",1,505,0.00198019801980198
"TNFSF8",1,505,0.00198019801980198
"TNFSF9",1,505,0.00198019801980198
"TNIP2",1,505,0.00198019801980198
"TNK1",1,505,0.00198019801980198
"TNNC2",1,505,0.00198019801980198
"TNP1",1,505,0.00198019801980198
"TNP2",1,505,0.00198019801980198
"TOE1",1,505,0.00198019801980198
"TOM1L2",1,505,0.00198019801980198
"TOMM20",1,505,0.00198019801980198
"TOMM20L",1,505,0.00198019801980198
"TOMM22",1,505,0.00198019801980198
"TOMM34",1,505,0.00198019801980198
"TOMM40",1,505,0.00198019801980198
"TOMM40L",1,505,0.00198019801980198
"TOMM70",1,505,0.00198019801980198
"TOP1MT",1,505,0.00198019801980198
"TOR1A",1,505,0.00198019801980198
"TOR2A",1,505,0.00198019801980198
"TP53I13",1,505,0.00198019801980198
"TP53I3",1,505,0.00198019801980198
"TP53RK",1,505,0.00198019801980198
"TP53TG5",1,505,0.00198019801980198
"TPBG",1,505,0.00198019801980198
"TPD52L2",1,505,0.00198019801980198
"TPM4",1,505,0.00198019801980198
"TPMT",1,505,0.00198019801980198
"TPRA1",1,505,0.00198019801980198
"TPRG1",1,505,0.00198019801980198
"TPRKB",1,505,0.00198019801980198
"TPRN",1,505,0.00198019801980198
"TRABD",1,505,0.00198019801980198
"TRAF4",1,505,0.00198019801980198
"TRAJ18",1,505,0.00198019801980198
"TRAJ26",1,505,0.00198019801980198
"TRAJ31",1,505,0.00198019801980198
"TRAJ9",1,505,0.00198019801980198
"TRAPPC1",1,505,0.00198019801980198
"TRAPPC10",1,505,0.00198019801980198
"TRAPPC4",1,505,0.00198019801980198
"TRAPPC6A",1,505,0.00198019801980198
"TRAV1-2",1,505,0.00198019801980198
"TRAV12-1",1,505,0.00198019801980198
"TRAV13-2",1,505,0.00198019801980198
"TRAV19",1,505,0.00198019801980198
"TRAV26-2",1,505,0.00198019801980198
"TRAV36DV7",1,505,0.00198019801980198
"TRAV4",1,505,0.00198019801980198
"TRAV6",1,505,0.00198019801980198
"TRAV8-2",1,505,0.00198019801980198
"TRAV8-6",1,505,0.00198019801980198
"TRAV9-1",1,505,0.00198019801980198
"TRAV9-2",1,505,0.00198019801980198
"TRBJ2-2",1,505,0.00198019801980198
"TRBJ2-5",1,505,0.00198019801980198
"TRDJ1",1,505,0.00198019801980198
"TRDJ2",1,505,0.00198019801980198
"TRDJ3",1,505,0.00198019801980198
"TRDV2",1,505,0.00198019801980198
"TREX1",1,505,0.00198019801980198
"TRGV2",1,505,0.00198019801980198
"TRGV4",1,505,0.00198019801980198
"TRGV8",1,505,0.00198019801980198
"TRIAP1",1,505,0.00198019801980198
"TRIM13",1,505,0.00198019801980198
"TRIM16",1,505,0.00198019801980198
"TRIM16L",1,505,0.00198019801980198
"TRIM31",1,505,0.00198019801980198
"TRIM35",1,505,0.00198019801980198
"TRIM41",1,505,0.00198019801980198
"TRIM45",1,505,0.00198019801980198
"TRIM6-TRIM34",1,505,0.00198019801980198
"TRIM74",1,505,0.00198019801980198
"TRIR",1,505,0.00198019801980198
"TRMT61A",1,505,0.00198019801980198
"TRMU",1,505,0.00198019801980198
"TRNAU1AP",1,505,0.00198019801980198
"TSEN15",1,505,0.00198019801980198
"TSFM",1,505,0.00198019801980198
"TSN",1,505,0.00198019801980198
"TSPYL1",1,505,0.00198019801980198
"TSR2",1,505,0.00198019801980198
"TSSC4",1,505,0.00198019801980198
"TSSK6",1,505,0.00198019801980198
"TTC30A",1,505,0.00198019801980198
"TTC36",1,505,0.00198019801980198
"TTC38",1,505,0.00198019801980198
"TTC9",1,505,0.00198019801980198
"TTC9B",1,505,0.00198019801980198
"TTLL8",1,505,0.00198019801980198
"TTR",1,505,0.00198019801980198
"TUBA8",1,505,0.00198019801980198
"TUBG2",1,505,0.00198019801980198
"TVP23B",1,505,0.00198019801980198
"TXNL4A",1,505,0.00198019801980198
"TXNL4B",1,505,0.00198019801980198
"TYMS",1,505,0.00198019801980198
"TYROBP",1,505,0.00198019801980198
"UBA3",1,505,0.00198019801980198
"UBAC2",1,505,0.00198019801980198
"UBALD1",1,505,0.00198019801980198
"UBE2C",1,505,0.00198019801980198
"UBE2D1",1,505,0.00198019801980198
"UBE2D2",1,505,0.00198019801980198
"UBE2H",1,505,0.00198019801980198
"UBE2I",1,505,0.00198019801980198
"UBE2K",1,505,0.00198019801980198
"UBE2L6",1,505,0.00198019801980198
"UBE2M",1,505,0.00198019801980198
"UBE2N",1,505,0.00198019801980198
"UBE2R2",1,505,0.00198019801980198
"UBL3",1,505,0.00198019801980198
"UBL5",1,505,0.00198019801980198
"UBTD2",1,505,0.00198019801980198
"UBXN6",1,505,0.00198019801980198
"UCHL3",1,505,0.00198019801980198
"UCKL1",1,505,0.00198019801980198
"UCN3",1,505,0.00198019801980198
"UCP1",1,505,0.00198019801980198
"UCP3",1,505,0.00198019801980198
"UFSP2",1,505,0.00198019801980198
"UGCG",1,505,0.00198019801980198
"UNC45A",1,505,0.00198019801980198
"UNG",1,505,0.00198019801980198
"UPF3A",1,505,0.00198019801980198
"UPK1B",1,505,0.00198019801980198
"UPK2",1,505,0.00198019801980198
"UQCC2",1,505,0.00198019801980198
"URAD",1,505,0.00198019801980198
"URM1",1,505,0.00198019801980198
"UROS",1,505,0.00198019801980198
"USB1",1,505,0.00198019801980198
"USP22",1,505,0.00198019801980198
"USP50",1,505,0.00198019801980198
"UTP3",1,505,0.00198019801980198
"VAMP3",1,505,0.00198019801980198
"VAMP8",1,505,0.00198019801980198
"VAT1",1,505,0.00198019801980198
"VDAC1",1,505,0.00198019801980198
"VEGFA",1,505,0.00198019801980198
"VHL",1,505,0.00198019801980198
"VPS25",1,505,0.00198019801980198
"VPS26A",1,505,0.00198019801980198
"VPS26C",1,505,0.00198019801980198
"VPS37D",1,505,0.00198019801980198
"VSIG10",1,505,0.00198019801980198
"VSTM2L",1,505,0.00198019801980198
"VTCN1",1,505,0.00198019801980198
"WASHC1",1,505,0.00198019801980198
"WASHC3",1,505,0.00198019801980198
"WDR5",1,505,0.00198019801980198
"WDR54",1,505,0.00198019801980198
"WDR5B",1,505,0.00198019801980198
"WDR73",1,505,0.00198019801980198
"WDR83",1,505,0.00198019801980198
"WDR83OS",1,505,0.00198019801980198
"WEE2",1,505,0.00198019801980198
"WFDC10A",1,505,0.00198019801980198
"WFDC10B",1,505,0.00198019801980198
"WFDC11",1,505,0.00198019801980198
"WFDC2",1,505,0.00198019801980198
"WFDC9",1,505,0.00198019801980198
"WNT4",1,505,0.00198019801980198
"WNT5A",1,505,0.00198019801980198
"WRNIP1",1,505,0.00198019801980198
"XAF1",1,505,0.00198019801980198
"XKR5",1,505,0.00198019801980198
"XPA",1,505,0.00198019801980198
"YIF1A",1,505,0.00198019801980198
"YIF1B",1,505,0.00198019801980198
"YIPF2",1,505,0.00198019801980198
"YKT6",1,505,0.00198019801980198
"YPEL3",1,505,0.00198019801980198
"YWHAB",1,505,0.00198019801980198
"YWHAE",1,505,0.00198019801980198
"YWHAH",1,505,0.00198019801980198
"YY1",1,505,0.00198019801980198
"ZBTB37",1,505,0.00198019801980198
"ZBTB48",1,505,0.00198019801980198
"ZBTB8A",1,505,0.00198019801980198
"ZBTB8OS",1,505,0.00198019801980198
"ZC2HC1C",1,505,0.00198019801980198
"ZC3H15",1,505,0.00198019801980198
"ZCCHC17",1,505,0.00198019801980198
"ZCCHC9",1,505,0.00198019801980198
"ZDHHC1",1,505,0.00198019801980198
"ZDHHC12",1,505,0.00198019801980198
"ZDHHC13",1,505,0.00198019801980198
"ZDHHC17",1,505,0.00198019801980198
"ZDHHC18",1,505,0.00198019801980198
"ZDHHC20",1,505,0.00198019801980198
"ZDHHC21",1,505,0.00198019801980198
"ZDHHC22",1,505,0.00198019801980198
"ZDHHC6",1,505,0.00198019801980198
"ZFAND3",1,505,0.00198019801980198
"ZFAND5",1,505,0.00198019801980198
"ZFAND6",1,505,0.00198019801980198
"ZFP69",1,505,0.00198019801980198
"ZFPL1",1,505,0.00198019801980198
"ZFPM1",1,505,0.00198019801980198
"ZFYVE21",1,505,0.00198019801980198
"ZFYVE27",1,505,0.00198019801980198
"ZGLP1",1,505,0.00198019801980198
"ZIC2",1,505,0.00198019801980198
"ZMAT2",1,505,0.00198019801980198
"ZMYND10",1,505,0.00198019801980198
"ZMYND19",1,505,0.00198019801980198
"ZNF140",1,505,0.00198019801980198
"ZNF17",1,505,0.00198019801980198
"ZNF24",1,505,0.00198019801980198
"ZNF322",1,505,0.00198019801980198
"ZNF330",1,505,0.00198019801980198
"ZNF385C",1,505,0.00198019801980198
"ZNF396",1,505,0.00198019801980198
"ZNF428",1,505,0.00198019801980198
"ZNF429",1,505,0.00198019801980198
"ZNF432",1,505,0.00198019801980198
"ZNF503",1,505,0.00198019801980198
"ZNF517",1,505,0.00198019801980198
"ZNF550",1,505,0.00198019801980198
"ZNF561",1,505,0.00198019801980198
"ZNF565",1,505,0.00198019801980198
"ZNF584",1,505,0.00198019801980198
"ZNF625",1,505,0.00198019801980198
"ZNF627",1,505,0.00198019801980198
"ZNF654",1,505,0.00198019801980198
"ZNF684",1,505,0.00198019801980198
"ZNF687",1,505,0.00198019801980198
"ZNF7",1,505,0.00198019801980198
"ZNF703",1,505,0.00198019801980198
"ZNF706",1,505,0.00198019801980198
"ZNF740",1,505,0.00198019801980198
"ZNF747",1,505,0.00198019801980198
"ZNF77",1,505,0.00198019801980198
"ZNF775",1,505,0.00198019801980198
"ZNF776",1,505,0.00198019801980198
"ZNF784",1,505,0.00198019801980198
"ZNF787",1,505,0.00198019801980198
"ZNF839",1,505,0.00198019801980198
"ZNF880",1,505,0.00198019801980198
"ZNHIT2",1,505,0.00198019801980198
"ZNHIT3",1,505,0.00198019801980198
"ZNRD2",1,505,0.00198019801980198
"ZPBP2",1,505,0.00198019801980198
"ZRANB1",1,505,0.00198019801980198
"ZSCAN26",1,505,0.00198019801980198
"ZSCAN32",1,505,0.00198019801980198
