"patient_id","sample.submitter_id","cases","source_file","GDC_Aliquot","Segment_Count","Total_Probes","Genome_Length","expression_case","expression_sample_id","expression_match"
"TCGA-05-4244","TCGA-05-4244-01A","TCGA-05-4244-01A-01D-1877-01","TATTY_p_TCGA_b52_156_SNP_N_GenomeWideSNP_6_A01_809090.nocnv_grch38.seg.v2.txt","e29ae073-4f2d-4159-b64b-8ab0400ce788",368,1569580,2868307279,"TCGA-05-4244-01A-01R-1107-07","TCGA-05-4244-01A",TRUE
"TCGA-05-4249","TCGA-05-4249-01A","TCGA-05-4249-01A-01D-1877-01","TATTY_p_TCGA_b52_156_SNP_N_GenomeWideSNP_6_A06_809018.nocnv_grch38.seg.v2.txt","65e93af7-f914-4fe6-bc55-1bd5fcfb5eb1",212,1567349,2873988787,"TCGA-05-4249-01A-01R-1107-07","TCGA-05-4249-01A",TRUE
"TCGA-05-4250","TCGA-05-4250-01A","TCGA-05-4250-01A-01D-1877-01","TATTY_p_TCGA_b52_156_SNP_N_GenomeWideSNP_6_A08_809066.nocnv_grch38.seg.v2.txt","47ed8f8d-e76a-41e8-8bd7-580f3e0a589e",193,1571986,2892409642,"TCGA-05-4250-01A-01R-1107-07","TCGA-05-4250-01A",TRUE
"TCGA-05-4382","TCGA-05-4382-01A","TCGA-05-4382-01A-01D-1204-01","LOOBY_p_TCGAb58_SNP_N_GenomeWideSNP_6_E07_680276.nocnv_grch38.seg.v2.txt","5eb7654c-6209-4817-96eb-b7b0b40d6170",443,1573516,2862066413,"TCGA-05-4382-01A-01R-1206-07","TCGA-05-4382-01A",TRUE
"TCGA-05-4384","TCGA-05-4384-01A","TCGA-05-4384-01A-01D-1752-01","BURST_p_TCGA_b119_SNP_N_GenomeWideSNP_6_C08_787146.nocnv_grch38.seg.v2.txt","7d1133f5-d4d4-41e4-9903-9c42accf5889",65,1572362,2900729986,"TCGA-05-4384-01A-01R-1755-07","TCGA-05-4384-01A",TRUE
"TCGA-05-4389","TCGA-05-4389-01A","TCGA-05-4389-01A-01D-1204-01","LOOBY_p_TCGAb58_SNP_N_GenomeWideSNP_6_E06_680298.nocnv_grch38.seg.v2.txt","0a89d832-126a-46b9-b981-229eb0309986",429,1573694,2866790538,"TCGA-05-4389-01A-01R-1206-07","TCGA-05-4389-01A",TRUE
"TCGA-05-4390","TCGA-05-4390-01A","TCGA-05-4390-01A-02D-1752-01","BURST_p_TCGA_b119_SNP_N_GenomeWideSNP_6_B03_787108.nocnv_grch38.seg.v2.txt","1c3f76ca-a0f5-4b4c-8438-7eea1c5e161f",375,1572835,2854664437,"TCGA-05-4390-01A-02R-1755-07","TCGA-05-4390-01A",TRUE
"TCGA-05-4395","TCGA-05-4395-01A","TCGA-05-4395-01A-01D-1204-01","LOOBY_p_TCGAb58_SNP_N_GenomeWideSNP_6_B06_680314.nocnv_grch38.seg.v2.txt","6b772529-8e35-4607-8add-6b15914b3ab5",277,1573251,2861458872,"TCGA-05-4395-01A-01R-1206-07","TCGA-05-4395-01A",TRUE
"TCGA-05-4396","TCGA-05-4396-01A","TCGA-05-4396-01A-21D-1854-01","IMPLY_p_TCGA_b127_144_SNP_N_GenomeWideSNP_6_F08_808470.nocnv_grch38.seg.v2.txt","2f28c6ef-1ad3-4089-8456-fca7a3fb5a59",462,1571332,2885132330,"TCGA-05-4396-01A-21R-1858-07","TCGA-05-4396-01A",TRUE
"TCGA-05-4397","TCGA-05-4397-01A","TCGA-05-4397-01A-01D-1204-01","LOOBY_p_TCGAb58_SNP_N_GenomeWideSNP_6_A04_680224.nocnv_grch38.seg.v2.txt","03747cab-19ad-4316-93ce-6c642a7fb5bf",573,1573470,2882178809,"TCGA-05-4397-01A-01R-1206-07","TCGA-05-4397-01A",TRUE
"TCGA-05-4398","TCGA-05-4398-01A","TCGA-05-4398-01A-01D-1204-01","LOOBY_p_TCGAb58_SNP_N_GenomeWideSNP_6_A08_680326.nocnv_grch38.seg.v2.txt","c161a99e-9aa9-4ab1-9c6c-2c2be2308f85",375,1573846,2853253588,"TCGA-05-4398-01A-01R-1206-07","TCGA-05-4398-01A",TRUE
"TCGA-05-4402","TCGA-05-4402-01A","TCGA-05-4402-01A-01D-1204-01","LOOBY_p_TCGAb58_SNP_N_GenomeWideSNP_6_C08_680320.nocnv_grch38.seg.v2.txt","e9f4c410-1ac1-4c66-b45c-930892e34e24",202,1573716,2898750967,"TCGA-05-4402-01A-01R-1206-07","TCGA-05-4402-01A",TRUE
"TCGA-05-4403","TCGA-05-4403-01A","TCGA-05-4403-01A-01D-1204-01","LOOBY_p_TCGAb58_SNP_N_GenomeWideSNP_6_F07_680338.nocnv_grch38.seg.v2.txt","4df4e116-f5ce-4549-bf7d-9fd71c57ad2b",97,1573841,2900922346,"TCGA-05-4403-01A-01R-1206-07","TCGA-05-4403-01A",TRUE
"TCGA-05-4405","TCGA-05-4405-01A","TCGA-05-4405-01A-21D-1854-01","IMPLY_p_TCGA_b127_144_SNP_N_GenomeWideSNP_6_G12_808508.nocnv_grch38.seg.v2.txt","d471679b-dc25-4f7c-9e29-eecd3d1f167f",248,1571559,2893352623,"TCGA-05-4405-01A-21R-1858-07","TCGA-05-4405-01A",TRUE
"TCGA-05-4410","TCGA-05-4410-01A","TCGA-05-4410-01A-21D-1854-01","IMPLY_p_TCGA_b127_144_SNP_N_GenomeWideSNP_6_F11_808396.nocnv_grch38.seg.v2.txt","fd3c6b7e-443d-4b30-a9b7-fd9e306cc833",153,1570673,2863581703,"TCGA-05-4410-01A-21R-1858-07","TCGA-05-4410-01A",TRUE
"TCGA-05-4415","TCGA-05-4415-01A","TCGA-05-4415-01A-22D-1854-01","IMPLY_p_TCGA_b127_144_SNP_N_GenomeWideSNP_6_B12_808466.nocnv_grch38.seg.v2.txt","e496ac68-6b97-4209-8bd9-ffe0367ee87b",358,1569191,2867726227,"TCGA-05-4415-01A-22R-1858-07","TCGA-05-4415-01A",TRUE
"TCGA-05-4417","TCGA-05-4417-01A","TCGA-05-4417-01A-22D-1854-01","IMPLY_p_TCGA_b127_144_SNP_N_GenomeWideSNP_6_G01_808404.nocnv_grch38.seg.v2.txt","6771edd5-a412-4d85-bc5e-7ba862721a43",172,1570282,2893318695,"TCGA-05-4417-01A-22R-1858-07","TCGA-05-4417-01A",TRUE
"TCGA-05-4418","TCGA-05-4418-01A","TCGA-05-4418-01A-01D-1204-01","LOOBY_p_TCGAb58_SNP_N_GenomeWideSNP_6_E05_680334.nocnv_grch38.seg.v2.txt","0ed77b1c-f9a4-4370-9f16-5ea70b7f1e17",104,1573135,2900341456,"TCGA-05-4418-01A-01R-1206-07","TCGA-05-4418-01A",TRUE
"TCGA-05-4420","TCGA-05-4420-01A","TCGA-05-4420-01A-01D-1204-01","LOOBY_p_TCGAb58_SNP_N_GenomeWideSNP_6_F09_680222.nocnv_grch38.seg.v2.txt","9c6174fc-37d2-4781-9ce7-10f1d45e82f2",379,1573706,2879394738,"TCGA-05-4420-01A-01R-1206-07","TCGA-05-4420-01A",TRUE
"TCGA-05-4422","TCGA-05-4422-01A","TCGA-05-4422-01A-01D-1204-01","LOOBY_p_TCGAb58_SNP_N_GenomeWideSNP_6_E11_680382.nocnv_grch38.seg.v2.txt","2cc36772-2177-4308-991a-978feb47e0e0",389,1573463,2857790595,"TCGA-05-4422-01A-01R-1206-07","TCGA-05-4422-01A",TRUE
"TCGA-05-4424","TCGA-05-4424-01A","TCGA-05-4424-01A-22D-1854-01","IMPLY_p_TCGA_b127_144_SNP_N_GenomeWideSNP_6_C08_808410.nocnv_grch38.seg.v2.txt","54f2b3ef-2e10-4630-a4c0-6fe0ea67cc63",246,1571575,2865047257,"TCGA-05-4424-01A-22R-1858-07","TCGA-05-4424-01A",TRUE
"TCGA-05-4425","TCGA-05-4425-01A","TCGA-05-4425-01A-01D-1752-01","BURST_p_TCGA_b119_SNP_N_GenomeWideSNP_6_D03_787134.nocnv_grch38.seg.v2.txt","2bbf5290-d3cd-47a9-bdaa-3db4f399413b",135,1571209,2900420861,"TCGA-05-4425-01A-01R-1755-07","TCGA-05-4425-01A",TRUE
"TCGA-05-4426","TCGA-05-4426-01A","TCGA-05-4426-01A-01D-1204-01","LOOBY_p_TCGAb58_SNP_N_GenomeWideSNP_6_A10_680264.nocnv_grch38.seg.v2.txt","809d6661-c497-491a-810d-309546fa7b9a",173,1573798,2893694619,"TCGA-05-4426-01A-01R-1206-07","TCGA-05-4426-01A",TRUE
"TCGA-05-4427","TCGA-05-4427-01A","TCGA-05-4427-01A-21D-1854-01","IMPLY_p_TCGA_b127_144_SNP_N_GenomeWideSNP_6_H02_808500.nocnv_grch38.seg.v2.txt","7c026165-ad10-4cb4-ba8c-86b11403b3ed",450,1569511,2873033786,"TCGA-05-4427-01A-21R-1858-07","TCGA-05-4427-01A",TRUE
"TCGA-05-4430","TCGA-05-4430-01A","TCGA-05-4430-01A-02D-1204-01","LOOBY_p_TCGAb58_SNP_N_GenomeWideSNP_6_C12_680294.nocnv_grch38.seg.v2.txt","09a2d06b-a918-47fd-a1fd-ea07c0e0e185",296,1573890,2896901428,"TCGA-05-4430-01A-02R-1206-07","TCGA-05-4430-01A",TRUE
"TCGA-05-4432","TCGA-05-4432-01A","TCGA-05-4432-01A-01D-1204-01","LOOBY_p_TCGAb58_SNP_N_GenomeWideSNP_6_C10_680402.nocnv_grch38.seg.v2.txt","5ab67ddb-1035-41ca-bce7-a9a41fed8a29",536,1572928,2872135060,"TCGA-05-4432-01A-01R-1206-07","TCGA-05-4432-01A",TRUE
"TCGA-05-4433","TCGA-05-4433-01A","TCGA-05-4433-01A-22D-1854-01","IMPLY_p_TCGA_b127_144_SNP_N_GenomeWideSNP_6_G07_808444.nocnv_grch38.seg.v2.txt","f52e5814-f2f4-418a-a3bd-15e7df5b9a9f",178,1571349,2873728690,"TCGA-05-4433-01A-22R-1858-07","TCGA-05-4433-01A",TRUE
"TCGA-05-4434","TCGA-05-4434-01A","TCGA-05-4434-01A-01D-1204-01","LOOBY_p_TCGAb58_SNP_N_GenomeWideSNP_6_D05_680250.nocnv_grch38.seg.v2.txt","1ea05561-a049-49c8-8a1a-fbd92296ac29",316,1573622,2894096668,"TCGA-05-4434-01A-01R-1206-07","TCGA-05-4434-01A",TRUE
"TCGA-05-5420","TCGA-05-5420-01A","TCGA-05-5420-01A-01D-1624-01","DUNGS_p_TCGA_b84_115_SNP_N_GenomeWideSNP_6_A01_771652.nocnv_grch38.seg.v2.txt","d6d274a9-5a2e-46f3-9729-0d29cb218564",127,1573207,2900469179,"TCGA-05-5420-01A-01R-1628-07","TCGA-05-5420-01A",TRUE
"TCGA-05-5423","TCGA-05-5423-01A","TCGA-05-5423-01A-01D-1624-01","DUNGS_p_TCGA_b84_115_SNP_N_GenomeWideSNP_6_A02_771554.nocnv_grch38.seg.v2.txt","57879b0a-a7e6-49f6-bf46-1349a87f2516",147,1572581,2895811683,"TCGA-05-5423-01A-01R-1628-07","TCGA-05-5423-01A",TRUE
"TCGA-05-5425","TCGA-05-5425-01A","TCGA-05-5425-01A-02D-1624-01","DUNGS_p_TCGA_b84_115_SNP_N_GenomeWideSNP_6_G10_771622.nocnv_grch38.seg.v2.txt","4855d77f-2710-4807-bda2-f0886db79995",423,1571700,2892559064,"TCGA-05-5425-01A-02R-1628-07","TCGA-05-5425-01A",TRUE
"TCGA-05-5428","TCGA-05-5428-01A","TCGA-05-5428-01A-01D-1624-01","DUNGS_p_TCGA_b84_115_SNP_N_GenomeWideSNP_6_A03_771604.nocnv_grch38.seg.v2.txt","a7192d65-4c27-4135-9fea-113525088799",409,1573028,2893860493,"TCGA-05-5428-01A-01R-1628-07","TCGA-05-5428-01A",TRUE
"TCGA-05-5429","TCGA-05-5429-01A","TCGA-05-5429-01A-01D-1624-01","DUNGS_p_TCGA_b84_115_SNP_N_GenomeWideSNP_6_G12_771586.nocnv_grch38.seg.v2.txt","73555199-0741-4552-ae86-3df91f8b283e",148,1571766,2894444312,"TCGA-05-5429-01A-01R-1628-07","TCGA-05-5429-01A",TRUE
"TCGA-05-5715","TCGA-05-5715-01A","TCGA-05-5715-01A-01D-1624-01","DUNGS_p_TCGA_b84_115_SNP_N_GenomeWideSNP_6_C12_771536.nocnv_grch38.seg.v2.txt","fd212b09-f511-4394-a59d-9921ecc8b686",328,1573115,2888731175,"TCGA-05-5715-01A-01R-1628-07","TCGA-05-5715-01A",TRUE
"TCGA-35-3615","TCGA-35-3615-01A","TCGA-35-3615-01A-01D-0944-01","EGGAR_p_TCGAb33and37_SNP_N_GenomeWideSNP_6_B01_585118.nocnv_grch38.seg.v2.txt","f944247a-5cbb-4bc6-9897-6e0e466ede1f",205,1573450,2869825051,"TCGA-35-3615-01A-01R-0946-07","TCGA-35-3615-01A",TRUE
"TCGA-35-4122","TCGA-35-4122-01A","TCGA-35-4122-01A-01D-1877-01","TATTY_p_TCGA_b52_156_SNP_N_GenomeWideSNP_6_A10_809020.nocnv_grch38.seg.v2.txt","220061e7-0ad3-43bc-837e-b1f3614c0d7a",335,1571465,2894169319,"TCGA-35-4122-01A-01R-1107-07","TCGA-35-4122-01A",TRUE
"TCGA-35-4123","TCGA-35-4123-01A","TCGA-35-4123-01A-01D-1877-01","TATTY_p_TCGA_b52_156_SNP_N_GenomeWideSNP_6_C06_808980.nocnv_grch38.seg.v2.txt","c4ad46bb-26c4-4267-a0c2-cb0983719465",210,1568811,2894831938,"TCGA-35-4123-01A-01R-1107-07","TCGA-35-4123-01A",TRUE
"TCGA-35-5375","TCGA-35-5375-01A","TCGA-35-5375-01A-01D-1624-01","DUNGS_p_TCGA_b84_115_SNP_N_GenomeWideSNP_6_F10_771526.nocnv_grch38.seg.v2.txt","34a3a3ea-d348-4858-8d72-fba8923c5ead",395,1571224,2873214948,"TCGA-35-5375-01A-01R-1628-07","TCGA-35-5375-01A",TRUE
"TCGA-38-4625","TCGA-38-4625-01A","TCGA-38-4625-01A-01D-1204-01","LOOBY_p_TCGAb58_SNP_N_GenomeWideSNP_6_E04_680252.nocnv_grch38.seg.v2.txt","d0597d14-df0c-413b-888f-53597d1fb61a",345,1573359,2888095706,"TCGA-38-4625-01A-01R-1206-07","TCGA-38-4625-01A",TRUE
"TCGA-38-4626","TCGA-38-4626-01A","TCGA-38-4626-01A-01D-1204-01","LOOBY_p_TCGAb58_SNP_N_GenomeWideSNP_6_D04_680398.nocnv_grch38.seg.v2.txt","d9fe5648-319b-4ec8-be92-ad730037936d",202,1573555,2886144385,"TCGA-38-4626-01A-01R-1206-07","TCGA-38-4626-01A",TRUE
"TCGA-38-4627","TCGA-38-4627-01A","TCGA-38-4627-01A-01D-1204-01","LOOBY_p_TCGAb58_SNP_N_GenomeWideSNP_6_F02_680310.nocnv_grch38.seg.v2.txt","e1d94da9-ee6f-4075-af4f-3f3b2d775dc8",158,1573722,2900743877,"TCGA-38-4627-01A-01R-1206-07","TCGA-38-4627-01A",TRUE
"TCGA-38-4628","TCGA-38-4628-01A","TCGA-38-4628-01A-01D-1204-01","LOOBY_p_TCGAb58_SNP_N_GenomeWideSNP_6_B02_680274.nocnv_grch38.seg.v2.txt","03493379-b8b3-4398-9a53-0513c970eeda",564,1573378,2851507021,"TCGA-38-4628-01A-01R-1206-07","TCGA-38-4628-01A",TRUE
"TCGA-38-4629","TCGA-38-4629-01A","TCGA-38-4629-01A-02D-1204-01","LOOBY_p_TCGAb58_SNP_N_GenomeWideSNP_6_C09_680266.nocnv_grch38.seg.v2.txt","bf12da41-bbc7-4b51-b972-07a784eeaca6",373,1573802,2879953419,"TCGA-38-4629-01A-02R-1206-07","TCGA-38-4629-01A",TRUE
"TCGA-38-4630","TCGA-38-4630-01A","TCGA-38-4630-01A-01D-1204-01","LOOBY_p_TCGAb58_SNP_N_GenomeWideSNP_6_D10_680388.nocnv_grch38.seg.v2.txt","6ab7dce7-f54d-4f9e-b232-7f094e8bf05d",1338,1573531,2873449421,"TCGA-38-4630-01A-01R-1206-07","TCGA-38-4630-01A",TRUE
"TCGA-38-4631","TCGA-38-4631-01A","TCGA-38-4631-01A-01D-1752-01","BURST_p_TCGA_b119_SNP_N_GenomeWideSNP_6_D10_787082.nocnv_grch38.seg.v2.txt","ed56fd85-f1e6-4144-80e1-50fbaf29f4e3",579,1571595,2884090702,"TCGA-38-4631-01A-01R-1755-07","TCGA-38-4631-01A",TRUE
"TCGA-38-4632","TCGA-38-4632-01A","TCGA-38-4632-01A-01D-1752-01","BURST_p_TCGA_b119_SNP_N_GenomeWideSNP_6_E03_787132.nocnv_grch38.seg.v2.txt","f2cf7154-9187-41fd-a22c-d70145e59200",426,1571855,2886882026,"TCGA-38-4632-01A-01R-1755-07","TCGA-38-4632-01A",TRUE
"TCGA-38-6178","TCGA-38-6178-01A","TCGA-38-6178-01A-11D-1752-01","BURST_p_TCGA_b119_SNP_N_GenomeWideSNP_6_C01_787114.nocnv_grch38.seg.v2.txt","c786802a-7f68-4170-a26b-38362eb5b5f7",462,1573473,2869151336,"TCGA-38-6178-01A-11R-1755-07","TCGA-38-6178-01A",TRUE
"TCGA-38-7271","TCGA-38-7271-01A","TCGA-38-7271-01A-11D-2035-01","GLYPH_p_TCGA_135_141_166_SNP_N_GenomeWideSNP_6_C10_902916.nocnv_grch38.seg.v2.txt","5d88af3b-fff6-4d41-b35e-b037314b5861",72,1572497,2901015643,"TCGA-38-7271-01A-11R-2039-07","TCGA-38-7271-01A",TRUE
"TCGA-38-A44F","TCGA-38-A44F-01A","TCGA-38-A44F-01A-11D-A24C-01","BUNGS_p_TCGA_257_258_N_GenomeWideSNP_6_C11_1300948.nocnv_grch38.seg.v2.txt","565d8f45-819a-46b7-8697-92fb545cdb6f",44,1569226,2897494671,"TCGA-38-A44F-01A-11R-A24H-07","TCGA-38-A44F-01A",TRUE
"TCGA-44-2655","TCGA-44-2655-01A","TCGA-44-2655-01A-01D-0944-01","EGGAR_p_TCGAb33and37_SNP_N_GenomeWideSNP_6_B04_585152.nocnv_grch38.seg.v2.txt","e25a3ae1-ee1a-45d6-a945-16b2955fca2e",101,1573177,2874147834,"TCGA-44-2655-01A-01R-0946-07","TCGA-44-2655-01A",TRUE
"TCGA-44-2656","TCGA-44-2656-01A","TCGA-44-2656-01A-02D-0944-01","EGGAR_p_TCGAb33and37_SNP_N_GenomeWideSNP_6_H04_585228.nocnv_grch38.seg.v2.txt","6af6ceb4-722c-493e-befa-9a23abf84a8f",198,1572859,2899973071,"TCGA-44-2656-01A-02R-0946-07","TCGA-44-2656-01A",TRUE
"TCGA-44-2657","TCGA-44-2657-01A","TCGA-44-2657-01A-01D-1549-01","HILLY_p_TCGA_b90_wRedos_SNP_N_GenomeWideSNP_6_B12_748186.nocnv_grch38.seg.v2.txt","ace8fa87-a309-4abd-b38c-2848390d778d",219,1572617,2895288467,"TCGA-44-2657-01A-01R-1107-07","TCGA-44-2657-01A",TRUE
"TCGA-44-2659","TCGA-44-2659-01A","TCGA-44-2659-01A-01D-0944-01","EGGAR_p_TCGAb33and37_SNP_N_GenomeWideSNP_6_B07_585226.nocnv_grch38.seg.v2.txt","3fd0c70d-aea3-4b31-b63c-15b6e2ed3725",212,1572306,2892813410,"TCGA-44-2659-01A-01R-0946-07","TCGA-44-2659-01A",TRUE
"TCGA-44-2661","TCGA-44-2661-01A","TCGA-44-2661-01A-01D-1877-01","TATTY_p_TCGA_b52_156_SNP_N_GenomeWideSNP_6_B02_809062.nocnv_grch38.seg.v2.txt","5776e352-6403-4ac7-a58e-2234aed09530",171,1569424,2885846454,"TCGA-44-2661-01A-01R-1107-07","TCGA-44-2661-01A",TRUE
"TCGA-44-2662","TCGA-44-2662-01A","TCGA-44-2662-01A-01D-0944-01","EGGAR_p_TCGAb33and37_SNP_N_GenomeWideSNP_6_H06_585168.nocnv_grch38.seg.v2.txt","8c0a72ca-8803-4ef7-b985-a2ee1255cc54",241,1570047,2890879098,"TCGA-44-2662-01A-01R-0946-07","TCGA-44-2662-01A",TRUE
"TCGA-44-2665","TCGA-44-2665-01A","TCGA-44-2665-01A-01D-0944-01","EGGAR_p_TCGAb33and37_SNP_N_GenomeWideSNP_6_C02_585130.nocnv_grch38.seg.v2.txt","cb41686e-0e95-4106-9fec-44e30f52362e",138,1573461,2893852651,"TCGA-44-2665-01A-01R-0946-07","TCGA-44-2665-01A",TRUE
"TCGA-44-2666","TCGA-44-2666-01A","TCGA-44-2666-01A-01D-0944-01","EGGAR_p_TCGAb33and37_SNP_N_GenomeWideSNP_6_C04_585140.nocnv_grch38.seg.v2.txt","ccc6c7f1-4c39-4be9-8585-f43138f766c9",136,1573208,2896653998,"TCGA-44-2666-01A-01R-0946-07","TCGA-44-2666-01A",TRUE
"TCGA-44-2668","TCGA-44-2668-01A","TCGA-44-2668-01A-01D-0944-01","EGGAR_p_TCGAb33and37_SNP_N_GenomeWideSNP_6_H09_585158.nocnv_grch38.seg.v2.txt","ce8f9ffd-122d-465d-a677-7c5e99976636",204,1570326,2867219529,"TCGA-44-2668-01A-01R-0946-07","TCGA-44-2668-01A",TRUE
"TCGA-44-3396","TCGA-44-3396-01A","TCGA-44-3396-01A-01D-1204-01","LOOBY_p_TCGAb58_SNP_N_GenomeWideSNP_6_F03_680376.nocnv_grch38.seg.v2.txt","b7dc9d73-5a7c-4b6e-b659-351b7335c92a",183,1573683,2900634093,"TCGA-44-3396-01A-01R-1206-07","TCGA-44-3396-01A",TRUE
"TCGA-44-3398","TCGA-44-3398-01A","TCGA-44-3398-01A-01D-1877-01","TATTY_p_TCGA_b52_156_SNP_N_GenomeWideSNP_6_A03_809108.nocnv_grch38.seg.v2.txt","646e0f8a-86ba-4ce4-bcf2-67e71a041e94",65,1570768,2901050856,"TCGA-44-3398-01A-01R-1107-07","TCGA-44-3398-01A",TRUE
"TCGA-44-3917","TCGA-44-3917-01A","TCGA-44-3917-01A-01D-A273-01","CUTCH_p_TCGAb_355_37_52_NSP_GenomeWideSNP_6_H01_1376802.nocnv_grch38.seg.v2.txt","a4f3c167-3875-4cef-b2ab-1bbdc10c5794",400,1565673,2859606063,"TCGA-44-3917-01A-01R-A278-07","TCGA-44-3917-01A",TRUE
"TCGA-44-3918","TCGA-44-3918-01A","TCGA-44-3918-01A-01D-1877-01","TATTY_p_TCGA_b52_156_SNP_N_GenomeWideSNP_6_B10_808944.nocnv_grch38.seg.v2.txt","7122578c-b786-40b4-af7f-084916452d37",547,1571150,2891612639,"TCGA-44-3918-01A-01R-1107-07","TCGA-44-3918-01A",TRUE
"TCGA-44-3919","TCGA-44-3919-01A","TCGA-44-3919-01A-02D-1877-01","TATTY_p_TCGA_b52_156_SNP_N_GenomeWideSNP_6_A07_808942.nocnv_grch38.seg.v2.txt","76fb9686-c3ad-479e-99f2-25688614222a",146,1569918,2888533211,"TCGA-44-3919-01A-02R-1107-07","TCGA-44-3919-01A",TRUE
"TCGA-44-4112","TCGA-44-4112-01A","TCGA-44-4112-01A-01D-1877-01","TATTY_p_TCGA_b52_156_SNP_N_GenomeWideSNP_6_A09_809040.nocnv_grch38.seg.v2.txt","b00d068f-9e5d-428c-82e9-666f2fb61df0",239,1570104,2889616974,"TCGA-44-4112-01A-01R-1107-07","TCGA-44-4112-01A",TRUE
"TCGA-44-5643","TCGA-44-5643-01A","TCGA-44-5643-01A-01D-1624-01","DUNGS_p_TCGA_b84_115_SNP_N_GenomeWideSNP_6_D07_771590.nocnv_grch38.seg.v2.txt","56b05714-3de6-40b4-b2fd-11a38878d01d",219,1572814,2855545040,"TCGA-44-5643-01A-01R-1628-07","TCGA-44-5643-01A",TRUE
"TCGA-44-5644","TCGA-44-5644-01A","TCGA-44-5644-01A-21D-2035-01","GLYPH_p_TCGA_135_141_166_SNP_N_GenomeWideSNP_6_E09_902852.nocnv_grch38.seg.v2.txt","ddfbf239-f672-42a1-ab09-59fa43c63f08",793,1571143,2834070855,"TCGA-44-5644-01A-21R-2039-07","TCGA-44-5644-01A",TRUE
"TCGA-44-5645","TCGA-44-5645-01A","TCGA-44-5645-01A-01D-1624-01","DUNGS_p_TCGA_b84_115_SNP_N_GenomeWideSNP_6_F01_771606.nocnv_grch38.seg.v2.txt","24ae01a8-4f06-4f53-90f1-d4a054fc6042",157,1571616,2885822753,"TCGA-44-5645-01A-01R-A278-07","TCGA-44-5645-01A",TRUE
"TCGA-44-6145","TCGA-44-6145-01A","TCGA-44-6145-01A-11D-1752-01","BURST_p_TCGA_b119_SNP_N_GenomeWideSNP_6_F03_787204.nocnv_grch38.seg.v2.txt","4d5e79d6-c682-4681-98e5-5880335ca0ed",141,1572771,2869112210,"TCGA-44-6145-01A-11R-1755-07","TCGA-44-6145-01A",TRUE
"TCGA-44-6146","TCGA-44-6146-01A","TCGA-44-6146-01A-11D-1752-01","BURST_p_TCGA_b119_SNP_N_GenomeWideSNP_6_F09_787236.nocnv_grch38.seg.v2.txt","86b2afa6-a01b-4460-bad6-1a9241265b3b",97,1572128,2861877681,"TCGA-44-6146-01A-11R-1755-07","TCGA-44-6146-01A",TRUE
"TCGA-44-6147","TCGA-44-6147-01A","TCGA-44-6147-01A-11D-1752-01","BURST_p_TCGA_b119_SNP_N_GenomeWideSNP_6_H05_787090.nocnv_grch38.seg.v2.txt","504107dc-812f-4e31-8ca7-4ccba4d99e9e",210,1572653,2894160383,"TCGA-44-6147-01A-11R-1755-07","TCGA-44-6147-01A",TRUE
"TCGA-44-6148","TCGA-44-6148-01A","TCGA-44-6148-01A-11D-1752-01","BURST_p_TCGA_b119_SNP_N_GenomeWideSNP_6_G04_787086.nocnv_grch38.seg.v2.txt","d7bf10f0-4cf1-4369-94ac-a3d0c38923fd",75,1573557,2900485589,"TCGA-44-6148-01A-11R-1755-07","TCGA-44-6148-01A",TRUE
"TCGA-44-6774","TCGA-44-6774-01A","TCGA-44-6774-01A-21D-1854-01","IMPLY_p_TCGA_b127_144_SNP_N_GenomeWideSNP_6_G10_808518.nocnv_grch38.seg.v2.txt","47086a80-52bf-48e9-8766-67e6df727911",227,1572586,2889409088,"TCGA-44-6774-01A-21R-1858-07","TCGA-44-6774-01A",TRUE
"TCGA-44-6775","TCGA-44-6775-01A","TCGA-44-6775-01A-11D-1854-01","IMPLY_p_TCGA_b127_144_SNP_N_GenomeWideSNP_6_F09_808464.nocnv_grch38.seg.v2.txt","c8284356-98ff-400b-8f9b-1a50102dfeab",150,1570182,2889215566,"TCGA-44-6775-01A-11R-1858-07","TCGA-44-6775-01A",TRUE
"TCGA-44-6776","TCGA-44-6776-01A","TCGA-44-6776-01A-11D-1854-01","IMPLY_p_TCGA_b127_144_SNP_N_GenomeWideSNP_6_F06_808506.nocnv_grch38.seg.v2.txt","0a48bd18-078c-437f-ab4d-6a7a324c56ad",111,1570064,2900932329,"TCGA-44-6776-01A-11R-1858-07","TCGA-44-6776-01A",TRUE
"TCGA-44-6777","TCGA-44-6777-01A","TCGA-44-6777-01A-11D-1854-01","IMPLY_p_TCGA_b127_144_SNP_N_GenomeWideSNP_6_E03_808432.nocnv_grch38.seg.v2.txt","5c61de6e-6a7e-447a-9d19-b5e3927faec7",122,1572699,2893499675,"TCGA-44-6777-01A-11R-1858-07","TCGA-44-6777-01A",TRUE
"TCGA-44-6778","TCGA-44-6778-01A","TCGA-44-6778-01A-11D-1854-01","IMPLY_p_TCGA_b127_144_SNP_N_GenomeWideSNP_6_E05_808438.nocnv_grch38.seg.v2.txt","090b0e22-c7b1-40a0-ae5a-1cfe6fb93679",453,1572407,2888898365,"TCGA-44-6778-01A-11R-1858-07","TCGA-44-6778-01A",TRUE
"TCGA-44-6779","TCGA-44-6779-01A","TCGA-44-6779-01A-11D-1854-01","IMPLY_p_TCGA_b127_144_SNP_N_GenomeWideSNP_6_E09_808482.nocnv_grch38.seg.v2.txt","1611b412-b41e-4968-b0b6-2767e8c7fe2b",239,1570806,2883808698,"TCGA-44-6779-01A-11R-1858-07","TCGA-44-6779-01A",TRUE
"TCGA-44-7659","TCGA-44-7659-01A","TCGA-44-7659-01A-11D-2062-01","NULLS_p_TCGA_183_185_186_SNP_N_GenomeWideSNP_6_C06_914298.nocnv_grch38.seg.v2.txt","c680112c-3ba1-4588-9390-384a0fbf1313",89,1573376,2900747665,"TCGA-44-7659-01A-11R-2066-07","TCGA-44-7659-01A",TRUE
"TCGA-44-7660","TCGA-44-7660-01A","TCGA-44-7660-01A-11D-2062-01","NULLS_p_TCGA_183_185_186_SNP_N_GenomeWideSNP_6_B01_914332.nocnv_grch38.seg.v2.txt","c587d2b5-71e6-4900-b596-79c928f365f4",405,1573185,2890182978,"TCGA-44-7660-01A-11R-2066-07","TCGA-44-7660-01A",TRUE
"TCGA-44-7661","TCGA-44-7661-01A","TCGA-44-7661-01A-11D-2062-01","NULLS_p_TCGA_183_185_186_SNP_N_GenomeWideSNP_6_C09_914342.nocnv_grch38.seg.v2.txt","85eaf6c7-fb11-405c-a512-aa9652319d68",102,1573791,2900981120,"TCGA-44-7661-01A-11R-2066-07","TCGA-44-7661-01A",TRUE
"TCGA-44-7662","TCGA-44-7662-01A","TCGA-44-7662-01A-11D-2062-01","NULLS_p_TCGA_183_185_186_SNP_N_GenomeWideSNP_6_B06_914296.nocnv_grch38.seg.v2.txt","f332d2d2-9688-4479-b6d3-b16f5a9a47c7",255,1573922,2886937544,"TCGA-44-7662-01A-11R-2066-07","TCGA-44-7662-01A",TRUE
"TCGA-44-7667","TCGA-44-7667-01A","TCGA-44-7667-01A-31D-2062-01","NULLS_p_TCGA_183_185_186_SNP_N_GenomeWideSNP_6_F09_914304.nocnv_grch38.seg.v2.txt","830e3809-c72d-4e1b-a266-ad4f0ce903c2",766,1573707,2888292200,"TCGA-44-7667-01A-31R-2066-07","TCGA-44-7667-01A",TRUE
"TCGA-44-7669","TCGA-44-7669-01A","TCGA-44-7669-01A-21D-2062-01","NULLS_p_TCGA_183_185_186_SNP_N_GenomeWideSNP_6_C01_914340.nocnv_grch38.seg.v2.txt","e950d7d9-06d5-48d7-925d-f63f8bcf34f7",511,1573614,2884376799,"TCGA-44-7669-01A-21R-2066-07","TCGA-44-7669-01A",TRUE
"TCGA-44-7670","TCGA-44-7670-01A","TCGA-44-7670-01A-11D-2062-01","NULLS_p_TCGA_183_185_186_SNP_N_GenomeWideSNP_6_D09_914232.nocnv_grch38.seg.v2.txt","65e4ea36-7008-435a-97d8-9c95b0292049",1111,1571215,2831404019,"TCGA-44-7670-01A-11R-2066-07","TCGA-44-7670-01A",TRUE
"TCGA-44-7671","TCGA-44-7671-01A","TCGA-44-7671-01A-11D-2062-01","NULLS_p_TCGA_183_185_186_SNP_N_GenomeWideSNP_6_A06_914206.nocnv_grch38.seg.v2.txt","6b1d5da1-9382-4324-aba1-f5e71abdd863",141,1573556,2871240526,"TCGA-44-7671-01A-11R-2066-07","TCGA-44-7671-01A",TRUE
"TCGA-44-7672","TCGA-44-7672-01A","TCGA-44-7672-01A-11D-2062-01","NULLS_p_TCGA_183_185_186_SNP_N_GenomeWideSNP_6_A01_914184.nocnv_grch38.seg.v2.txt","727b68fe-1a6f-4f3c-9256-42e3e5039f62",287,1573919,2863725614,"TCGA-44-7672-01A-11R-2066-07","TCGA-44-7672-01A",TRUE
"TCGA-44-8117","TCGA-44-8117-01A","TCGA-44-8117-01A-11D-2237-01","PALLS_p_TCGASNP_213_N_GenomeWideSNP_6_E03_1148094.nocnv_grch38.seg.v2.txt","b0446a3f-fc44-4e47-945c-e516eb1af863",261,1571605,2887610029,"TCGA-44-8117-01A-11R-2241-07","TCGA-44-8117-01A",TRUE
"TCGA-44-8119","TCGA-44-8119-01A","TCGA-44-8119-01A-11D-2237-01","PALLS_p_TCGASNP_213_N_GenomeWideSNP_6_E08_1148036.nocnv_grch38.seg.v2.txt","d555de36-66a4-40fb-8c0a-3232a569b94a",443,1571472,2887456065,"TCGA-44-8119-01A-11R-2241-07","TCGA-44-8119-01A",TRUE
"TCGA-44-8120","TCGA-44-8120-01A","TCGA-44-8120-01A-11D-2237-01","PALLS_p_TCGASNP_213_N_GenomeWideSNP_6_C04_1148142.nocnv_grch38.seg.v2.txt","7991e87a-3d0e-4e64-bf9b-c672a80f8a3f",166,1570515,2891067687,"TCGA-44-8120-01A-11R-2241-07","TCGA-44-8120-01A",TRUE
"TCGA-44-A479","TCGA-44-A479-01A","TCGA-44-A479-01A-31D-A24C-01","BUNGS_p_TCGA_257_258_N_GenomeWideSNP_6_A06_1301110.nocnv_grch38.seg.v2.txt","bf4b1160-f9a5-4bbf-aaf8-508674fe795a",307,1569271,2900521089,"TCGA-44-A479-01A-31R-A24H-07","TCGA-44-A479-01A",TRUE
"TCGA-44-A47A","TCGA-44-A47A-01A","TCGA-44-A47A-01A-21D-A24C-01","BUNGS_p_TCGA_257_258_N_GenomeWideSNP_6_A11_1300984.nocnv_grch38.seg.v2.txt","ade626fb-fb8c-42ec-80a8-f6360e51d9a2",105,1569334,2900903868,"TCGA-44-A47A-01A-21R-A24H-07","TCGA-44-A47A-01A",TRUE
"TCGA-44-A47B","TCGA-44-A47B-01A","TCGA-44-A47B-01A-11D-A24C-01","BUNGS_p_TCGA_257_258_N_GenomeWideSNP_6_B04_1300938.nocnv_grch38.seg.v2.txt","325ade51-281e-4626-b81f-7d29485b0f1b",263,1569135,2893625270,"TCGA-44-A47B-01A-11R-A24H-07","TCGA-44-A47B-01A",TRUE
"TCGA-44-A47G","TCGA-44-A47G-01A","TCGA-44-A47G-01A-21D-A24C-01","BUNGS_p_TCGA_257_258_N_GenomeWideSNP_6_C02_1301082.nocnv_grch38.seg.v2.txt","07431666-42ca-495b-a72d-81bd9332ef79",87,1569087,2895860394,"TCGA-44-A47G-01A-21R-A24H-07","TCGA-44-A47G-01A",TRUE
"TCGA-44-A4SS","TCGA-44-A4SS-01A","TCGA-44-A4SS-01A-11D-A24O-01","TAROK_p_TCGA_264_N_GenomeWideSNP_6_A01_1306486.nocnv_grch38.seg.v2.txt","6eee5aea-3573-4e9f-ba7d-63181b36cc7a",134,1570358,2898588363,"TCGA-44-A4SS-01A-11R-A24X-07","TCGA-44-A4SS-01A",TRUE
"TCGA-44-A4SU","TCGA-44-A4SU-01A","TCGA-44-A4SU-01A-11D-A24O-01","TAROK_p_TCGA_264_N_GenomeWideSNP_6_A02_1306648.nocnv_grch38.seg.v2.txt","2349de03-bb80-4ddd-a1c5-d270c5600239",240,1571348,2886436399,"TCGA-44-A4SU-01A-11R-A24X-07","TCGA-44-A4SU-01A",TRUE
"TCGA-49-4486","TCGA-49-4486-01A","TCGA-49-4486-01A-01D-1204-01","LOOBY_p_TCGAb58_SNP_N_GenomeWideSNP_6_C07_680392.nocnv_grch38.seg.v2.txt","7d5e5ff9-9ac5-413d-8373-4e8189081dce",339,1573430,2842806946,"TCGA-49-4486-01A-01R-1206-07","TCGA-49-4486-01A",TRUE
"TCGA-49-4487","TCGA-49-4487-01A","TCGA-49-4487-01A-21D-1854-01","IMPLY_p_TCGA_b127_144_SNP_N_GenomeWideSNP_6_G06_808442.nocnv_grch38.seg.v2.txt","5aede5d3-228b-450a-b42a-8b834cd18bc9",304,1570659,2887790358,"TCGA-49-4487-01A-21R-1858-07","TCGA-49-4487-01A",TRUE
"TCGA-49-4488","TCGA-49-4488-01A","TCGA-49-4488-01A-01D-1752-01","BURST_p_TCGA_b119_SNP_N_GenomeWideSNP_6_B06_787120.nocnv_grch38.seg.v2.txt","cff4085b-afd7-48f6-8111-92781cff4c80",547,1571846,2849921111,"TCGA-49-4488-01A-01R-1755-07","TCGA-49-4488-01A",TRUE
"TCGA-49-4490","TCGA-49-4490-01A","TCGA-49-4490-01A-21D-1854-01","IMPLY_p_TCGA_b127_144_SNP_N_GenomeWideSNP_6_F03_808376.nocnv_grch38.seg.v2.txt","07e0e04d-a578-4ff6-8972-8dd82b0b0c2e",338,1572173,2887460283,"TCGA-49-4490-01A-21R-1858-07","TCGA-49-4490-01A",TRUE
"TCGA-49-4494","TCGA-49-4494-01A","TCGA-49-4494-01A-01D-1204-01","LOOBY_p_TCGAb58_SNP_N_GenomeWideSNP_6_B10_680226.nocnv_grch38.seg.v2.txt","e59e603f-cafa-4762-8f0c-c55212caa576",158,1573909,2900624534,"TCGA-49-4494-01A-01R-1206-07","TCGA-49-4494-01A",TRUE
"TCGA-49-4501","TCGA-49-4501-01A","TCGA-49-4501-01A-01D-1204-01","LOOBY_p_TCGAb58_SNP_N_GenomeWideSNP_6_F05_680386.nocnv_grch38.seg.v2.txt","97fa959e-4845-4082-844a-2c1ce98cba1a",497,1573780,2881741373,"TCGA-49-4501-01A-01R-1206-07","TCGA-49-4501-01A",TRUE
"TCGA-49-4505","TCGA-49-4505-01A","TCGA-49-4505-01A-01D-1204-01","LOOBY_p_TCGAb58_SNP_N_GenomeWideSNP_6_C05_680394.nocnv_grch38.seg.v2.txt","bb92211a-18dc-4733-b9de-92633aee2bae",321,1572826,2881551023,"TCGA-49-4505-01A-01R-1206-07","TCGA-49-4505-01A",TRUE
"TCGA-49-4506","TCGA-49-4506-01A","TCGA-49-4506-01A-01D-1204-01","LOOBY_p_TCGAb58_SNP_N_GenomeWideSNP_6_B07_680400.nocnv_grch38.seg.v2.txt","52621c1e-ded0-4d9e-b47c-fb0aff4a68f6",239,1573949,2873983245,"TCGA-49-4506-01A-01R-1206-07","TCGA-49-4506-01A",TRUE
"TCGA-49-4507","TCGA-49-4507-01A","TCGA-49-4507-01A-01D-1204-01","LOOBY_p_TCGAb58_SNP_N_GenomeWideSNP_6_A11_680244.nocnv_grch38.seg.v2.txt","0c5e7349-7134-4836-8368-62c596d32e6b",444,1573946,2866869546,"TCGA-49-4507-01A-01R-1206-07","TCGA-49-4507-01A",TRUE
"TCGA-49-4510","TCGA-49-4510-01A","TCGA-49-4510-01A-01D-1204-01","LOOBY_p_TCGAb58_SNP_N_GenomeWideSNP_6_C04_680214.nocnv_grch38.seg.v2.txt","464301d7-c581-4af0-8072-f27845d94362",287,1573297,2861569700,"TCGA-49-4510-01A-01R-1206-07","TCGA-49-4510-01A",TRUE
"TCGA-49-4512","TCGA-49-4512-01A","TCGA-49-4512-01A-21D-1854-01","IMPLY_p_TCGA_b127_144_SNP_N_GenomeWideSNP_6_D06_808354.nocnv_grch38.seg.v2.txt","ada9c3d8-319f-41e1-9c9a-09aeffc6d68e",202,1572724,2873324900,"TCGA-49-4512-01A-21R-1858-07","TCGA-49-4512-01A",TRUE
"TCGA-49-4514","TCGA-49-4514-01A","TCGA-49-4514-01A-21D-1854-01","IMPLY_p_TCGA_b127_144_SNP_N_GenomeWideSNP_6_B04_808352.nocnv_grch38.seg.v2.txt","ec5e9622-939a-4afe-b60b-e9c18ddbe6b1",314,1571956,2866327056,"TCGA-49-4514-01A-21R-1858-07","TCGA-49-4514-01A",TRUE
"TCGA-49-6742","TCGA-49-6742-01A","TCGA-49-6742-01A-11D-1854-01","IMPLY_p_TCGA_b127_144_SNP_N_GenomeWideSNP_6_A07_808348.nocnv_grch38.seg.v2.txt","6d83725c-b343-4d54-b98a-1b97925e4b6c",149,1569036,2873362316,"TCGA-49-6742-01A-11R-1858-07","TCGA-49-6742-01A",TRUE
"TCGA-49-6743","TCGA-49-6743-01A","TCGA-49-6743-01A-11D-1854-01","IMPLY_p_TCGA_b127_144_SNP_N_GenomeWideSNP_6_C01_808346.nocnv_grch38.seg.v2.txt","bab8b5b7-c3d3-4aa1-a3a6-a1717619de4e",225,1572606,2868440512,"TCGA-49-6743-01A-11R-1858-07","TCGA-49-6743-01A",TRUE
"TCGA-49-6744","TCGA-49-6744-01A","TCGA-49-6744-01A-11D-1854-01","IMPLY_p_TCGA_b127_144_SNP_N_GenomeWideSNP_6_E06_808450.nocnv_grch38.seg.v2.txt","9077c52d-8a80-4b9d-9459-9f747d092ee7",274,1572681,2873361371,"TCGA-49-6744-01A-11R-1858-07","TCGA-49-6744-01A",TRUE
"TCGA-49-6745","TCGA-49-6745-01A","TCGA-49-6745-01A-11D-1854-01","IMPLY_p_TCGA_b127_144_SNP_N_GenomeWideSNP_6_E10_808496.nocnv_grch38.seg.v2.txt","06a2b6c8-6306-43a8-9008-937c4d8995d9",208,1572085,2898416773,"TCGA-49-6745-01A-11R-1858-07","TCGA-49-6745-01A",TRUE
"TCGA-49-6761","TCGA-49-6761-01A","TCGA-49-6761-01A-31D-1943-01","OCULI_p_TCGA_159_160_SNP_N_GenomeWideSNP_6_A10_831274.nocnv_grch38.seg.v2.txt","98b2eac9-d712-4d03-947f-84c9d8df246f",141,1573150,2885947243,"TCGA-49-6761-01A-31R-1949-07","TCGA-49-6761-01A",TRUE
"TCGA-49-6767","TCGA-49-6767-01A","TCGA-49-6767-01A-11D-1854-01","IMPLY_p_TCGA_b127_144_SNP_N_GenomeWideSNP_6_C10_808372.nocnv_grch38.seg.v2.txt","b36580ea-acfc-4121-b610-105157f3f15e",246,1572613,2864372164,"TCGA-49-6767-01A-11R-1858-07","TCGA-49-6767-01A",TRUE
"TCGA-49-AAQV","TCGA-49-AAQV-01A","TCGA-49-AAQV-01A-11D-A396-01","NIZAM_p_TCGAb_406_07_08_09_10_N_GenomeWideSNP_6_B10_1486528.nocnv_grch38.seg.v2.txt","624902a0-f771-4daa-9598-ec7e5cfcc7bd",248,1572800,2877307627,"TCGA-49-AAQV-01A-11R-A39D-07","TCGA-49-AAQV-01A",TRUE
"TCGA-49-AAR0","TCGA-49-AAR0-01A","TCGA-49-AAR0-01A-21D-A396-01","NIZAM_p_TCGAb_406_07_08_09_10_N_GenomeWideSNP_6_B12_1486440.nocnv_grch38.seg.v2.txt","fa210e9d-40de-444c-9087-d36d1a174d1d",341,1573338,2885402558,"TCGA-49-AAR0-01A-21R-A39D-07","TCGA-49-AAR0-01A",TRUE
"TCGA-49-AAR2","TCGA-49-AAR2-01A","TCGA-49-AAR2-01A-11D-A396-01","NIZAM_p_TCGAb_406_07_08_09_10_N_GenomeWideSNP_6_A10_1486520.nocnv_grch38.seg.v2.txt","63ea056f-0145-48eb-8c8a-2409941139c8",266,1573239,2893071659,"TCGA-49-AAR2-01A-11R-A39D-07","TCGA-49-AAR2-01A",TRUE
"TCGA-49-AAR3","TCGA-49-AAR3-01A","TCGA-49-AAR3-01A-11D-A40Z-01","CYANS_p_TCGAb_422_423_424_NSP_GenomeWideSNP_6_D04_1513774.nocnv_grch38.seg.v2.txt","01173642-d093-4a8a-9b2c-5ffd61c51453",104,1573576,2894575185,"TCGA-49-AAR3-01A-11R-A41B-07","TCGA-49-AAR3-01A",TRUE
"TCGA-49-AAR4","TCGA-49-AAR4-01A","TCGA-49-AAR4-01A-12D-A40Z-01","CYANS_p_TCGAb_422_423_424_NSP_GenomeWideSNP_6_D06_1513748.nocnv_grch38.seg.v2.txt","9df66577-f249-4933-9633-d695ffd41fb3",172,1573357,2900682586,"TCGA-49-AAR4-01A-12R-A41B-07","TCGA-49-AAR4-01A",TRUE
"TCGA-49-AAR9","TCGA-49-AAR9-01A","TCGA-49-AAR9-01A-21D-A40Z-01","CYANS_p_TCGAb_422_423_424_NSP_GenomeWideSNP_6_C08_1513890.nocnv_grch38.seg.v2.txt","b80ed025-61e3-47a1-aec6-9195605ada66",526,1573192,2870754106,"TCGA-49-AAR9-01A-21R-A41B-07","TCGA-49-AAR9-01A",TRUE
"TCGA-49-AARE","TCGA-49-AARE-01A","TCGA-49-AARE-01A-11D-A40Z-01","CYANS_p_TCGAb_422_423_424_NSP_GenomeWideSNP_6_C06_1513880.nocnv_grch38.seg.v2.txt","0706a750-7884-4447-8453-009495f8ace3",394,1573191,2890890006,"TCGA-49-AARE-01A-11R-A41B-07","TCGA-49-AARE-01A",TRUE
"TCGA-49-AARN","TCGA-49-AARN-01A","TCGA-49-AARN-01A-21D-A40Z-01","CYANS_p_TCGAb_422_423_424_NSP_GenomeWideSNP_6_C10_1513816.nocnv_grch38.seg.v2.txt","78448b12-2931-4066-97e3-9f30617c633c",190,1573574,2888446330,"TCGA-49-AARN-01A-21R-A41B-07","TCGA-49-AARN-01A",TRUE
"TCGA-49-AARO","TCGA-49-AARO-01A","TCGA-49-AARO-01A-12D-A40Z-01","CYANS_p_TCGAb_422_423_424_NSP_GenomeWideSNP_6_C04_1513830.nocnv_grch38.seg.v2.txt","e3f78a21-8869-44b9-9aaa-3558af812043",287,1573668,2885419517,"TCGA-49-AARO-01A-12R-A41B-07","TCGA-49-AARO-01A",TRUE
"TCGA-49-AARQ","TCGA-49-AARQ-01A","TCGA-49-AARQ-01A-11D-A40Z-01","CYANS_p_TCGAb_422_423_424_NSP_GenomeWideSNP_6_C12_1513760.nocnv_grch38.seg.v2.txt","d5f19381-3631-43d1-abab-336134cc2afd",291,1573611,2886085829,"TCGA-49-AARQ-01A-11R-A41B-07","TCGA-49-AARQ-01A",TRUE
"TCGA-49-AARR","TCGA-49-AARR-01A","TCGA-49-AARR-01A-11D-A40Z-01","CYANS_p_TCGAb_422_423_424_NSP_GenomeWideSNP_6_D02_1513852.nocnv_grch38.seg.v2.txt","be7e0e10-ba32-4e07-8d3d-0972feffe182",110,1573308,2899651604,"TCGA-49-AARR-01A-11R-A41B-07","TCGA-49-AARR-01A",TRUE
"TCGA-4B-A93V","TCGA-4B-A93V-01A","TCGA-4B-A93V-01A-11D-A396-01","NIZAM_p_TCGAb_406_07_08_09_10_N_GenomeWideSNP_6_A07_1486546.nocnv_grch38.seg.v2.txt","fe4322e4-f010-43a6-868a-5b9fe58f076d",307,1573109,2862405976,"TCGA-4B-A93V-01A-11R-A39D-07","TCGA-4B-A93V-01A",TRUE
"TCGA-50-5044","TCGA-50-5044-01A","TCGA-50-5044-01A-21D-1854-01","IMPLY_p_TCGA_b127_144_SNP_N_GenomeWideSNP_6_F04_808364.nocnv_grch38.seg.v2.txt","f990b636-50f2-43e6-8eef-9b4e7e36d4cd",74,1572946,2874339920,"TCGA-50-5044-01A-21R-1858-07","TCGA-50-5044-01A",TRUE
"TCGA-50-5045","TCGA-50-5045-01A","TCGA-50-5045-01A-01D-1624-01","DUNGS_p_TCGA_b84_115_SNP_N_GenomeWideSNP_6_G09_771498.nocnv_grch38.seg.v2.txt","7d1b998b-41a2-4347-b559-7863f5b98339",159,1573183,2895724834,"TCGA-50-5045-01A-01R-1628-07","TCGA-50-5045-01A",TRUE
"TCGA-50-5049","TCGA-50-5049-01A","TCGA-50-5049-01A-01D-1624-01","DUNGS_p_TCGA_b84_115_SNP_N_GenomeWideSNP_6_F06_771634.nocnv_grch38.seg.v2.txt","d4c73143-a434-4f22-87ee-ea2402279f25",230,1572923,2895359916,"TCGA-50-5049-01A-01R-1628-07","TCGA-50-5049-01A",TRUE
"TCGA-50-5051","TCGA-50-5051-01A","TCGA-50-5051-01A-21D-1854-01","IMPLY_p_TCGA_b127_144_SNP_N_GenomeWideSNP_6_D07_808502.nocnv_grch38.seg.v2.txt","fee87f3d-5e50-4350-9322-329ce585b9af",184,1572041,2899809277,"TCGA-50-5051-01A-21R-1858-07","TCGA-50-5051-01A",TRUE
"TCGA-50-5055","TCGA-50-5055-01A","TCGA-50-5055-01A-01D-1624-01","DUNGS_p_TCGA_b84_115_SNP_N_GenomeWideSNP_6_G11_771644.nocnv_grch38.seg.v2.txt","d53d609b-ee4a-4f2d-baf3-52f858273c25",192,1573090,2899924980,"TCGA-50-5055-01A-01R-1628-07","TCGA-50-5055-01A",TRUE
"TCGA-50-5066","TCGA-50-5066-01A","TCGA-50-5066-01A-01D-1624-01","DUNGS_p_TCGA_b84_115_SNP_N_GenomeWideSNP_6_B01_771504.nocnv_grch38.seg.v2.txt","f78feb9a-4ab0-465a-8c5d-e3a75cb1d53e",245,1571812,2886827057,"TCGA-50-5066-01A-01R-1628-07","TCGA-50-5066-01A",TRUE
"TCGA-50-5068","TCGA-50-5068-01A","TCGA-50-5068-01A-01D-1624-01","DUNGS_p_TCGA_b84_115_SNP_N_GenomeWideSNP_6_B03_771640.nocnv_grch38.seg.v2.txt","d4b60e69-35ab-49d1-ad0e-3682ac7f1b0f",119,1572047,2900939149,"TCGA-50-5068-01A-01R-1628-07","TCGA-50-5068-01A",TRUE
"TCGA-50-5072","TCGA-50-5072-01A","TCGA-50-5072-01A-21D-1854-01","IMPLY_p_TCGA_b127_144_SNP_N_GenomeWideSNP_6_D09_808476.nocnv_grch38.seg.v2.txt","b2fc3a38-b4c8-4894-a588-e91f1e0848f2",118,1572462,2900952560,"TCGA-50-5072-01A-21R-1858-07","TCGA-50-5072-01A",TRUE
"TCGA-50-5930","TCGA-50-5930-01A","TCGA-50-5930-01A-11D-1752-01","BURST_p_TCGA_b119_SNP_N_GenomeWideSNP_6_G07_787168.nocnv_grch38.seg.v2.txt","2791d2ae-3139-47d6-99e8-94b4146cc0a9",357,1573345,2850834872,"TCGA-50-5930-01A-11R-1755-07","TCGA-50-5930-01A",TRUE
"TCGA-50-5931","TCGA-50-5931-01A","TCGA-50-5931-01A-11D-1752-01","BURST_p_TCGA_b119_SNP_N_GenomeWideSNP_6_E08_787136.nocnv_grch38.seg.v2.txt","ccefc279-6a63-4f33-8986-8c4cb2413e69",285,1568571,2884978122,"TCGA-50-5931-01A-11R-1755-07","TCGA-50-5931-01A",TRUE
"TCGA-50-5932","TCGA-50-5932-01A","TCGA-50-5932-01A-11D-1752-01","BURST_p_TCGA_b119_SNP_N_GenomeWideSNP_6_E10_787148.nocnv_grch38.seg.v2.txt","6e3bfcae-bea1-46b3-afee-df2e3a344cd1",225,1573253,2872696854,"TCGA-50-5932-01A-11R-1755-07","TCGA-50-5932-01A",TRUE
"TCGA-50-5933","TCGA-50-5933-01A","TCGA-50-5933-01A-11D-1752-01","BURST_p_TCGA_b119_SNP_N_GenomeWideSNP_6_F04_787064.nocnv_grch38.seg.v2.txt","35feda03-ee69-4b88-901f-43494711b562",235,1572608,2900097471,"TCGA-50-5933-01A-11R-1755-07","TCGA-50-5933-01A",TRUE
"TCGA-50-5935","TCGA-50-5935-01A","TCGA-50-5935-01A-11D-1752-01","BURST_p_TCGA_b119_SNP_N_GenomeWideSNP_6_C09_787154.nocnv_grch38.seg.v2.txt","640c682c-2f19-4307-853f-1ea70c3f55a1",187,1572630,2867827137,"TCGA-50-5935-01A-11R-1755-07","TCGA-50-5935-01A",TRUE
"TCGA-50-5936","TCGA-50-5936-01A","TCGA-50-5936-01A-11D-1624-01","DUNGS_p_TCGA_b84_115_SNP_N_GenomeWideSNP_6_D05_771612.nocnv_grch38.seg.v2.txt","e6c394af-11f5-4fc4-a01a-e3f89305bdf3",196,1573288,2861420001,"TCGA-50-5936-01A-11R-1628-07","TCGA-50-5936-01A",TRUE
"TCGA-50-5939","TCGA-50-5939-01A","TCGA-50-5939-01A-11D-1624-01","DUNGS_p_TCGA_b84_115_SNP_N_GenomeWideSNP_6_D08_771472.nocnv_grch38.seg.v2.txt","1d98f8a3-ebe4-4a09-b8a4-48ec1cdcfd2e",165,1573534,2899770037,"TCGA-50-5939-01A-11R-1628-07","TCGA-50-5939-01A",TRUE
"TCGA-50-5941","TCGA-50-5941-01A","TCGA-50-5941-01A-11D-1752-01","BURST_p_TCGA_b119_SNP_N_GenomeWideSNP_6_F12_787182.nocnv_grch38.seg.v2.txt","1e24a19f-2db3-47c3-8482-d702a6f8457b",315,1573526,2885036565,"TCGA-50-5941-01A-11R-1755-07","TCGA-50-5941-01A",TRUE
"TCGA-50-5942","TCGA-50-5942-01A","TCGA-50-5942-01A-21D-1752-01","BURST_p_TCGA_b119_SNP_N_GenomeWideSNP_6_B05_787220.nocnv_grch38.seg.v2.txt","e3c31464-0e26-45c8-bf37-0bc28fce4358",85,1569695,2896867359,"TCGA-50-5942-01A-21R-1755-07","TCGA-50-5942-01A",TRUE
"TCGA-50-5944","TCGA-50-5944-01A","TCGA-50-5944-01A-11D-1752-01","BURST_p_TCGA_b119_SNP_N_GenomeWideSNP_6_B07_787152.nocnv_grch38.seg.v2.txt","e3c1cb90-1622-4f51-9f30-b209b7bdf48d",519,1571414,2886558372,"TCGA-50-5944-01A-11R-1755-07","TCGA-50-5944-01A",TRUE
"TCGA-50-5946","TCGA-50-5946-01A","TCGA-50-5946-01A-11D-1752-01","BURST_p_TCGA_b119_SNP_N_GenomeWideSNP_6_B10_787098.nocnv_grch38.seg.v2.txt","1db56321-02cf-4d03-b75e-ebb5ef05683c",334,1573383,2898219027,"TCGA-50-5946-01A-11R-1755-07","TCGA-50-5946-01A",TRUE
"TCGA-50-6590","TCGA-50-6590-01A","TCGA-50-6590-01A-12D-1854-01","IMPLY_p_TCGA_b127_144_SNP_N_GenomeWideSNP_6_B08_808402.nocnv_grch38.seg.v2.txt","fed25ca7-be84-417b-a371-d73b5c882d38",230,1572798,2895160886,"TCGA-50-6590-01A-12R-1858-07","TCGA-50-6590-01A",TRUE
"TCGA-50-6591","TCGA-50-6591-01A","TCGA-50-6591-01A-11D-1752-01","BURST_p_TCGA_b119_SNP_N_GenomeWideSNP_6_C02_787198.nocnv_grch38.seg.v2.txt","8b940711-2f9d-4b43-9101-03acfddaaa28",625,1572070,2861771081,"TCGA-50-6591-01A-11R-1755-07","TCGA-50-6591-01A",TRUE
"TCGA-50-6592","TCGA-50-6592-01A","TCGA-50-6592-01A-11D-1752-01","BURST_p_TCGA_b119_SNP_N_GenomeWideSNP_6_A07_787176.nocnv_grch38.seg.v2.txt","321e0572-cc49-461a-acf2-17e603bb29af",465,1573466,2888977109,"TCGA-50-6592-01A-11R-1755-07","TCGA-50-6592-01A",TRUE
"TCGA-50-6593","TCGA-50-6593-01A","TCGA-50-6593-01A-11D-1752-01","BURST_p_TCGA_b119_SNP_N_GenomeWideSNP_6_A09_787124.nocnv_grch38.seg.v2.txt","9f4afa69-50f4-4049-aa21-b621ca07ed95",208,1572496,2887816818,"TCGA-50-6593-01A-11R-1755-07","TCGA-50-6593-01A",TRUE
"TCGA-50-6594","TCGA-50-6594-01A","TCGA-50-6594-01A-11D-1752-01","BURST_p_TCGA_b119_SNP_N_GenomeWideSNP_6_A01_787162.nocnv_grch38.seg.v2.txt","02a3958c-efc2-433b-9187-19ba2607468d",479,1570376,2863391404,"TCGA-50-6594-01A-11R-1755-07","TCGA-50-6594-01A",TRUE
"TCGA-50-6595","TCGA-50-6595-01A","TCGA-50-6595-01A-12D-1854-01","IMPLY_p_TCGA_b127_144_SNP_N_GenomeWideSNP_6_C02_808454.nocnv_grch38.seg.v2.txt","01fc2bf2-7103-4ff8-817d-8d16192c1e04",169,1571828,2899829835,"TCGA-50-6595-01A-12R-1858-07","TCGA-50-6595-01A",TRUE
"TCGA-50-6597","TCGA-50-6597-01A","TCGA-50-6597-01A-11D-1854-01","IMPLY_p_TCGA_b127_144_SNP_N_GenomeWideSNP_6_E07_808382.nocnv_grch38.seg.v2.txt","768f2554-8fad-45ab-8d38-52a1b6a60226",457,1571031,2894836153,"TCGA-50-6597-01A-11R-1858-07","TCGA-50-6597-01A",TRUE
"TCGA-50-6673","TCGA-50-6673-01A","TCGA-50-6673-01A-11D-1943-01","OCULI_p_TCGA_159_160_SNP_N_GenomeWideSNP_6_A11_831202.nocnv_grch38.seg.v2.txt","47a630db-cf49-46cf-a41a-4ab09a5af4b0",321,1573095,2898222451,"TCGA-50-6673-01A-11R-1949-07","TCGA-50-6673-01A",TRUE
"TCGA-50-7109","TCGA-50-7109-01A","TCGA-50-7109-01A-11D-2035-01","GLYPH_p_TCGA_135_141_166_SNP_N_GenomeWideSNP_6_B03_902848.nocnv_grch38.seg.v2.txt","16ea7d3a-3868-44fc-b546-d6cf83520a6b",342,1572258,2899232784,"TCGA-50-7109-01A-11R-2039-07","TCGA-50-7109-01A",TRUE
"TCGA-50-8457","TCGA-50-8457-01A","TCGA-50-8457-01A-11D-2322-01","RAMIE_p_6TCGA_250_232_4_236_N_GenomeWideSNP_6_A01_1245264.nocnv_grch38.seg.v2.txt","3602277e-f86f-4509-93d2-5cbbd7b397ab",51,1570250,2895922993,"TCGA-50-8457-01A-11R-2326-07","TCGA-50-8457-01A",TRUE
"TCGA-50-8459","TCGA-50-8459-01A","TCGA-50-8459-01A-11D-2322-01","RAMIE_p_6TCGA_250_232_4_236_N_GenomeWideSNP_6_A06_1245252.nocnv_grch38.seg.v2.txt","952e9209-d1cb-499b-9a78-b46c07f14fb4",97,1570623,2900984360,"TCGA-50-8459-01A-11R-2326-07","TCGA-50-8459-01A",TRUE
"TCGA-50-8460","TCGA-50-8460-01A","TCGA-50-8460-01A-11D-2322-01","RAMIE_p_6TCGA_250_232_4_236_N_GenomeWideSNP_6_A10_1245244.nocnv_grch38.seg.v2.txt","ccfc1960-0dc4-4b30-a50b-67babdf20a60",75,1569078,2901061181,"TCGA-50-8460-01A-11R-2326-07","TCGA-50-8460-01A",TRUE
"TCGA-53-7624","TCGA-53-7624-01A","TCGA-53-7624-01A-11D-2062-01","NULLS_p_TCGA_183_185_186_SNP_N_GenomeWideSNP_6_F04_914282.nocnv_grch38.seg.v2.txt","9f9ff9c7-420d-4cab-a648-3f661db07340",685,1573417,2836476448,"TCGA-53-7624-01A-11R-2066-07","TCGA-53-7624-01A",TRUE
"TCGA-53-7626","TCGA-53-7626-01A","TCGA-53-7626-01A-12D-2062-01","NULLS_p_TCGA_183_185_186_SNP_N_GenomeWideSNP_6_C10_914202.nocnv_grch38.seg.v2.txt","1d147e38-e89d-49f5-9f50-0dfa887423b4",166,1573877,2894759955,"TCGA-53-7626-01A-12R-2066-07","TCGA-53-7626-01A",TRUE
"TCGA-53-7813","TCGA-53-7813-01A","TCGA-53-7813-01A-11D-2166-01","BROSE_p_TCGASNP_195_196_197_N_GenomeWideSNP_6_A09_1039766.nocnv_grch38.seg.v2.txt","d218b54b-7be5-4204-a19b-a9acd397fccf",182,1573648,2865340831,"TCGA-53-7813-01A-11R-2170-07","TCGA-53-7813-01A",TRUE
"TCGA-53-A4EZ","TCGA-53-A4EZ-01A","TCGA-53-A4EZ-01A-12D-A24O-01","TAROK_p_TCGA_264_N_GenomeWideSNP_6_A03_1306472.nocnv_grch38.seg.v2.txt","e4afd82f-7db7-4980-9e85-5da98134f5d0",289,1570112,2853710642,"TCGA-53-A4EZ-01A-12R-A24X-07","TCGA-53-A4EZ-01A",TRUE
"TCGA-55-1592","TCGA-55-1592-01A","TCGA-55-1592-01A-01D-0944-01","EGGAR_p_TCGAb33and37_SNP_N_GenomeWideSNP_6_H01_585082.nocnv_grch38.seg.v2.txt","5513b513-798a-486c-b60f-966c5101a700",489,1571527,2861828276,"TCGA-55-1592-01A-01R-0946-07","TCGA-55-1592-01A",TRUE
"TCGA-55-1594","TCGA-55-1594-01A","TCGA-55-1594-01A-01D-0944-01","EGGAR_p_TCGAb33and37_SNP_N_GenomeWideSNP_6_H02_585216.nocnv_grch38.seg.v2.txt","3567dec1-b49e-4903-81f3-efe9acfdf76c",243,1569998,2887643354,"TCGA-55-1594-01A-01R-0946-07","TCGA-55-1594-01A",TRUE
"TCGA-55-1595","TCGA-55-1595-01A","TCGA-55-1595-01A-01D-0944-01","EGGAR_p_TCGAb33and37_SNP_N_GenomeWideSNP_6_A04_585196.nocnv_grch38.seg.v2.txt","b24116c0-ab22-4e93-88e9-4690878bd239",413,1564696,2888782881,"TCGA-55-1595-01A-01R-0946-07","TCGA-55-1595-01A",TRUE
"TCGA-55-1596","TCGA-55-1596-01A","TCGA-55-1596-01A-01D-0944-01","EGGAR_p_TCGAb33and37_SNP_N_GenomeWideSNP_6_H12_585214.nocnv_grch38.seg.v2.txt","20c2ec93-b775-47e9-aeaf-4e5e9d9de1fe",211,1571010,2893073760,"TCGA-55-1596-01A-01R-0946-07","TCGA-55-1596-01A",TRUE
"TCGA-55-5899","TCGA-55-5899-01A","TCGA-55-5899-01A-11D-1624-01","DUNGS_p_TCGA_b84_115_SNP_N_GenomeWideSNP_6_C02_771474.nocnv_grch38.seg.v2.txt","db7bc967-6d2a-49d9-81e8-d83261fe3a9b",400,1572592,2829013153,"TCGA-55-5899-01A-11R-1628-07","TCGA-55-5899-01A",TRUE
"TCGA-55-6543","TCGA-55-6543-01A","TCGA-55-6543-01A-11D-1752-01","BURST_p_TCGA_b119_SNP_N_GenomeWideSNP_6_C12_787074.nocnv_grch38.seg.v2.txt","45b72c47-5563-46f7-ac38-2b910f8087b8",86,1565886,2900958917,"TCGA-55-6543-01A-11R-1755-07","TCGA-55-6543-01A",TRUE
"TCGA-55-6642","TCGA-55-6642-01A","TCGA-55-6642-01A-11D-1854-01","IMPLY_p_TCGA_b127_144_SNP_N_GenomeWideSNP_6_C09_808406.nocnv_grch38.seg.v2.txt","ee2d9250-8102-4103-bbab-5b2499946474",244,1573006,2893750494,"TCGA-55-6642-01A-11R-1858-07","TCGA-55-6642-01A",TRUE
"TCGA-55-6712","TCGA-55-6712-01A","TCGA-55-6712-01A-11D-1854-01","IMPLY_p_TCGA_b127_144_SNP_N_GenomeWideSNP_6_E12_808398.nocnv_grch38.seg.v2.txt","fc8c9e67-6bf0-482c-8863-f8b6c18b4663",243,1572673,2890174759,"TCGA-55-6712-01A-11R-1858-07","TCGA-55-6712-01A",TRUE
"TCGA-55-6968","TCGA-55-6968-01A","TCGA-55-6968-01A-11D-1943-01","OCULI_p_TCGA_159_160_SNP_N_GenomeWideSNP_6_C03_831244.nocnv_grch38.seg.v2.txt","8fac7059-d7b3-4043-a7cb-0968cf8b540e",467,1572925,2880991448,"TCGA-55-6968-01A-11R-1949-07","TCGA-55-6968-01A",TRUE
"TCGA-55-6969","TCGA-55-6969-01A","TCGA-55-6969-01A-11D-1943-01","OCULI_p_TCGA_159_160_SNP_N_GenomeWideSNP_6_B12_831216.nocnv_grch38.seg.v2.txt","3bd2198f-33b1-40ea-aa9e-c25ff8f11b3a",393,1571724,2896775769,"TCGA-55-6969-01A-11R-1949-07","TCGA-55-6969-01A",TRUE
"TCGA-55-6970","TCGA-55-6970-01A","TCGA-55-6970-01A-11D-1943-01","OCULI_p_TCGA_159_160_SNP_N_GenomeWideSNP_6_H02_831132.nocnv_grch38.seg.v2.txt","934307a3-0d06-4981-847b-25cd5da31a5b",180,1572888,2867817401,"TCGA-55-6970-01A-11R-1949-07","TCGA-55-6970-01A",TRUE
"TCGA-55-6971","TCGA-55-6971-01A","TCGA-55-6971-01A-11D-1943-01","OCULI_p_TCGA_159_160_SNP_N_GenomeWideSNP_6_F10_831256.nocnv_grch38.seg.v2.txt","71965e17-e0cc-4e86-bc61-edd79090148f",295,1573175,2893363219,"TCGA-55-6971-01A-11R-1949-07","TCGA-55-6971-01A",TRUE
"TCGA-55-6972","TCGA-55-6972-01A","TCGA-55-6972-01A-11D-1943-01","OCULI_p_TCGA_159_160_SNP_N_GenomeWideSNP_6_F02_831290.nocnv_grch38.seg.v2.txt","4a90a4e2-8a23-425d-a249-5bce63edf3cb",337,1571446,2895420469,"TCGA-55-6972-01A-11R-1949-07","TCGA-55-6972-01A",TRUE
"TCGA-55-6975","TCGA-55-6975-01A","TCGA-55-6975-01A-11D-1943-01","OCULI_p_TCGA_159_160_SNP_N_GenomeWideSNP_6_E11_831126.nocnv_grch38.seg.v2.txt","2f46913c-b3a2-4809-b1e3-9a12b43511ac",240,1572767,2870764969,"TCGA-55-6975-01A-11R-1949-07","TCGA-55-6975-01A",TRUE
"TCGA-55-6978","TCGA-55-6978-01A","TCGA-55-6978-01A-11D-1943-01","OCULI_p_TCGA_159_160_SNP_N_GenomeWideSNP_6_G05_831192.nocnv_grch38.seg.v2.txt","7ee802b4-410c-4c77-93bb-16e5ecbbfc14",204,1573123,2898573251,"TCGA-55-6978-01A-11R-1949-07","TCGA-55-6978-01A",TRUE
"TCGA-55-6979","TCGA-55-6979-01A","TCGA-55-6979-01A-11D-1943-01","OCULI_p_TCGA_159_160_SNP_N_GenomeWideSNP_6_G12_831122.nocnv_grch38.seg.v2.txt","5a1570e5-e739-4d96-9d3f-17b178d3b069",200,1572873,2865892420,"TCGA-55-6979-01A-11R-1949-07","TCGA-55-6979-01A",TRUE
"TCGA-55-6980","TCGA-55-6980-01A","TCGA-55-6980-01A-11D-1943-01","OCULI_p_TCGA_159_160_SNP_N_GenomeWideSNP_6_H01_831154.nocnv_grch38.seg.v2.txt","0eae52b3-6f69-46f0-9b9f-54779157f7fd",126,1572854,2877304463,"TCGA-55-6980-01A-11R-1949-07","TCGA-55-6980-01A",TRUE
"TCGA-55-6981","TCGA-55-6981-01A","TCGA-55-6981-01A-11D-1943-01","OCULI_p_TCGA_159_160_SNP_N_GenomeWideSNP_6_F07_831238.nocnv_grch38.seg.v2.txt","78689aa6-12c4-49d9-a9b5-83cdf683d62e",185,1573111,2857901944,"TCGA-55-6981-01A-11R-1949-07","TCGA-55-6981-01A",TRUE
"TCGA-55-6982","TCGA-55-6982-01A","TCGA-55-6982-01A-11D-1943-01","OCULI_p_TCGA_159_160_SNP_N_GenomeWideSNP_6_F01_831140.nocnv_grch38.seg.v2.txt","1a5e33e6-2949-47ea-91ee-944611025ed4",253,1572692,2893694453,"TCGA-55-6982-01A-11R-1949-07","TCGA-55-6982-01A",TRUE
"TCGA-55-6983","TCGA-55-6983-01A","TCGA-55-6983-01A-11D-1943-01","OCULI_p_TCGA_159_160_SNP_N_GenomeWideSNP_6_F03_831284.nocnv_grch38.seg.v2.txt","ca4a1b4e-4a58-485b-9285-57a6a299e502",66,1573121,2900887345,"TCGA-55-6983-01A-11R-1949-07","TCGA-55-6983-01A",TRUE
"TCGA-55-6984","TCGA-55-6984-01A","TCGA-55-6984-01A-11D-1943-01","OCULI_p_TCGA_159_160_SNP_N_GenomeWideSNP_6_E10_831228.nocnv_grch38.seg.v2.txt","0594ab89-da3d-4166-8c9c-8e914884020d",122,1573007,2871220989,"TCGA-55-6984-01A-11R-1949-07","TCGA-55-6984-01A",TRUE
"TCGA-55-6985","TCGA-55-6985-01A","TCGA-55-6985-01A-11D-1943-01","OCULI_p_TCGA_159_160_SNP_N_GenomeWideSNP_6_A06_831138.nocnv_grch38.seg.v2.txt","5ac2c244-6901-402a-a4f3-16d6402b35de",203,1573006,2851032817,"TCGA-55-6985-01A-11R-1949-07","TCGA-55-6985-01A",TRUE
"TCGA-55-6986","TCGA-55-6986-01A","TCGA-55-6986-01A-11D-1943-01","OCULI_p_TCGA_159_160_SNP_N_GenomeWideSNP_6_G07_831168.nocnv_grch38.seg.v2.txt","1253f3d7-92ff-419b-946a-6962d84d8fb6",83,1573219,2900771305,"TCGA-55-6986-01A-11R-1949-07","TCGA-55-6986-01A",TRUE
"TCGA-55-6987","TCGA-55-6987-01A","TCGA-55-6987-01A-11D-1943-01","OCULI_p_TCGA_159_160_SNP_N_GenomeWideSNP_6_C06_831264.nocnv_grch38.seg.v2.txt","8285cfe6-2981-4cad-9e14-43abfbe0ae95",212,1572686,2868341084,"TCGA-55-6987-01A-11R-1949-07","TCGA-55-6987-01A",TRUE
"TCGA-55-7227","TCGA-55-7227-01A","TCGA-55-7227-01A-11D-2035-01","GLYPH_p_TCGA_135_141_166_SNP_N_GenomeWideSNP_6_B06_902902.nocnv_grch38.seg.v2.txt","e068fc25-2987-4e5a-bac6-b9445aeb7ab4",76,1558069,2901060781,"TCGA-55-7227-01A-11R-2039-07","TCGA-55-7227-01A",TRUE
"TCGA-55-7281","TCGA-55-7281-01A","TCGA-55-7281-01A-11D-2035-01","GLYPH_p_TCGA_135_141_166_SNP_N_GenomeWideSNP_6_D10_902856.nocnv_grch38.seg.v2.txt","dbab9576-bfee-4005-99ea-d8ffd3dbb189",102,1572644,2885714129,"TCGA-55-7281-01A-11R-2039-07","TCGA-55-7281-01A",TRUE
"TCGA-55-7283","TCGA-55-7283-01A","TCGA-55-7283-01A-11D-2035-01","GLYPH_p_TCGA_135_141_166_SNP_N_GenomeWideSNP_6_E02_902872.nocnv_grch38.seg.v2.txt","e697f67d-09da-4575-a856-c39e26ad70f4",298,1571811,2867996996,"TCGA-55-7283-01A-11R-2039-07","TCGA-55-7283-01A",TRUE
"TCGA-55-7284","TCGA-55-7284-01B","TCGA-55-7284-01B-11D-2237-01","PALLS_p_TCGASNP_213_N_GenomeWideSNP_6_A10_1148100.nocnv_grch38.seg.v2.txt","780c0b4e-e589-4cc3-b0da-ea99e908afdd",75,1571519,2874300659,"TCGA-55-7284-01B-11R-2241-07","TCGA-55-7284-01B",TRUE
"TCGA-55-7570","TCGA-55-7570-01A","TCGA-55-7570-01A-11D-2035-01","GLYPH_p_TCGA_135_141_166_SNP_N_GenomeWideSNP_6_G06_902874.nocnv_grch38.seg.v2.txt","9dde94a8-03fd-4da4-8fce-4f8d9b1d043b",244,1572283,2890426716,"TCGA-55-7570-01A-11R-2039-07","TCGA-55-7570-01A",TRUE
"TCGA-55-7573","TCGA-55-7573-01A","TCGA-55-7573-01A-11D-2035-01","LIGER_p_TCGA_166_180_SNP_N_GenomeWideSNP_6_G01_896546.nocnv_grch38.seg.v2.txt","e3a1f5eb-1496-4f72-bd1c-a865846aec9d",340,1572842,2893070246,"TCGA-55-7573-01A-11R-2039-07","TCGA-55-7573-01A",TRUE
"TCGA-55-7574","TCGA-55-7574-01A","TCGA-55-7574-01A-11D-2035-01","LIGER_p_TCGA_166_180_SNP_N_GenomeWideSNP_6_E02_896512.nocnv_grch38.seg.v2.txt","1dfa2ef7-892d-424a-8459-7837362b2b02",312,1571788,2896003576,"TCGA-55-7574-01A-11R-2039-07","TCGA-55-7574-01A",TRUE
"TCGA-55-7576","TCGA-55-7576-01A","TCGA-55-7576-01A-11D-2062-01","NULLS_p_TCGA_183_185_186_SNP_N_GenomeWideSNP_6_C12_914252.nocnv_grch38.seg.v2.txt","73d9c63c-d9e5-4ff2-a4c1-2ab0b350cbc5",507,1572172,2860870944,"TCGA-55-7576-01A-11R-2066-07","TCGA-55-7576-01A",TRUE
"TCGA-55-7724","TCGA-55-7724-01A","TCGA-55-7724-01A-11D-2166-01","BROSE_p_TCGASNP_195_196_197_N_GenomeWideSNP_6_C06_1039678.nocnv_grch38.seg.v2.txt","6e5db4aa-a441-4117-af51-1599808cfb36",95,1572257,2900844226,"TCGA-55-7724-01A-11R-2170-07","TCGA-55-7724-01A",TRUE
"TCGA-55-7725","TCGA-55-7725-01A","TCGA-55-7725-01A-11D-2166-01","BROSE_p_TCGASNP_195_196_197_N_GenomeWideSNP_6_C09_1039698.nocnv_grch38.seg.v2.txt","eeaa8e4a-c689-45f8-a469-eb9259c6928a",102,1573676,2894042998,"TCGA-55-7725-01A-11R-2170-07","TCGA-55-7725-01A",TRUE
"TCGA-55-7726","TCGA-55-7726-01A","TCGA-55-7726-01A-11D-2166-01","BROSE_p_TCGASNP_195_196_197_N_GenomeWideSNP_6_E07_1039624.nocnv_grch38.seg.v2.txt","677ac9ea-f03b-4e88-a733-5fa65fd5d0e2",139,1573654,2888771291,"TCGA-55-7726-01A-11R-2170-07","TCGA-55-7726-01A",TRUE
"TCGA-55-7727","TCGA-55-7727-01A","TCGA-55-7727-01A-11D-2166-01","BROSE_p_TCGASNP_195_196_197_N_GenomeWideSNP_6_G04_1039600.nocnv_grch38.seg.v2.txt","52452f43-e835-49d8-8454-ad1cfd90997d",278,1573466,2894000801,"TCGA-55-7727-01A-11R-2170-07","TCGA-55-7727-01A",TRUE
"TCGA-55-7728","TCGA-55-7728-01A","TCGA-55-7728-01A-11D-2183-01","COAPT_p_TCGASNP_197_201_204_N_GenomeWideSNP_6_A06_1051410.nocnv_grch38.seg.v2.txt","59d92182-6be8-4942-b3e6-748f99afbb5a",89,1573222,2894552929,"TCGA-55-7728-01A-11R-2187-07","TCGA-55-7728-01A",TRUE
"TCGA-55-7815","TCGA-55-7815-01A","TCGA-55-7815-01A-11D-2166-01","BROSE_p_TCGASNP_195_196_197_N_GenomeWideSNP_6_E06_1039706.nocnv_grch38.seg.v2.txt","4de2cbea-8ade-4f68-a18d-92f986984664",162,1573698,2900256224,"TCGA-55-7815-01A-11R-2170-07","TCGA-55-7815-01A",TRUE
"TCGA-55-7903","TCGA-55-7903-01A","TCGA-55-7903-01A-11D-2166-01","BROSE_p_TCGASNP_195_196_197_N_GenomeWideSNP_6_A04_1039688.nocnv_grch38.seg.v2.txt","a048c2a2-6938-4952-8c05-1031fcf96b50",368,1572932,2894067724,"TCGA-55-7903-01A-11R-2170-07","TCGA-55-7903-01A",TRUE
"TCGA-55-7907","TCGA-55-7907-01A","TCGA-55-7907-01A-11D-2166-01","BROSE_p_TCGASNP_195_196_197_N_GenomeWideSNP_6_A06_1039718.nocnv_grch38.seg.v2.txt","4afab294-ab5d-4e38-9ab4-b36dcce688eb",359,1573406,2864054483,"TCGA-55-7907-01A-11R-2170-07","TCGA-55-7907-01A",TRUE
"TCGA-55-7910","TCGA-55-7910-01A","TCGA-55-7910-01A-11D-2166-01","BROSE_p_TCGASNP_195_196_197_N_GenomeWideSNP_6_A12_1039634.nocnv_grch38.seg.v2.txt","6d0f0ac9-4921-4ad7-b106-f3daa92e0ee9",339,1572555,2866124132,"TCGA-55-7910-01A-11R-2170-07","TCGA-55-7910-01A",TRUE
"TCGA-55-7911","TCGA-55-7911-01A","TCGA-55-7911-01A-11D-2166-01","BROSE_p_TCGASNP_195_196_197_N_GenomeWideSNP_6_C03_1039644.nocnv_grch38.seg.v2.txt","713ba035-6b7c-439e-b86b-c54d127a9176",121,1573506,2865801836,"TCGA-55-7911-01A-11R-2170-07","TCGA-55-7911-01A",TRUE
"TCGA-55-7913","TCGA-55-7913-01B","TCGA-55-7913-01B-11D-2237-01","PALLS_p_TCGASNP_213_N_GenomeWideSNP_6_G10_1148054.nocnv_grch38.seg.v2.txt","6ecf5085-d31a-469c-ac24-19a423a5262e",258,1571696,2865221389,"TCGA-55-7913-01B-11R-2241-07","TCGA-55-7913-01B",TRUE
"TCGA-55-7914","TCGA-55-7914-01A","TCGA-55-7914-01A-11D-2166-01","BROSE_p_TCGASNP_195_196_197_N_GenomeWideSNP_6_A08_1039666.nocnv_grch38.seg.v2.txt","d9ab5131-2565-4318-9cac-5d0c0550ed2b",137,1573280,2880853954,"TCGA-55-7914-01A-11R-2170-07","TCGA-55-7914-01A",TRUE
"TCGA-55-7994","TCGA-55-7994-01A","TCGA-55-7994-01A-11D-2183-01","GLIAS_p_TCGA_204_205_206_207_N_GenomeWideSNP_6_G06_1051770.nocnv_grch38.seg.v2.txt","87f354ff-5549-4c2f-b6b7-dbb0130d14cf",398,1573133,2871569461,"TCGA-55-7994-01A-11R-2187-07","TCGA-55-7994-01A",TRUE
"TCGA-55-7995","TCGA-55-7995-01A","TCGA-55-7995-01A-11D-2183-01","GLIAS_p_TCGA_204_205_206_207_N_GenomeWideSNP_6_E12_1051766.nocnv_grch38.seg.v2.txt","f437579a-6706-438e-a971-db42075008b2",535,1573635,2856731382,"TCGA-55-7995-01A-11R-2187-07","TCGA-55-7995-01A",TRUE
"TCGA-55-8085","TCGA-55-8085-01A","TCGA-55-8085-01A-11D-2237-01","PALLS_p_TCGASNP_213_N_GenomeWideSNP_6_B05_1148112.nocnv_grch38.seg.v2.txt","edba9ef5-2f7e-4b82-ad5b-6fc8143bc903",335,1572033,2864650465,"TCGA-55-8085-01A-11R-2241-07","TCGA-55-8085-01A",TRUE
"TCGA-55-8087","TCGA-55-8087-01A","TCGA-55-8087-01A-11D-2237-01","PALLS_p_TCGASNP_213_N_GenomeWideSNP_6_H06_1148046.nocnv_grch38.seg.v2.txt","3c062197-2dee-4ec5-abea-1485d552a233",115,1571527,2895353734,"TCGA-55-8087-01A-11R-2241-07","TCGA-55-8087-01A",TRUE
"TCGA-55-8089","TCGA-55-8089-01A","TCGA-55-8089-01A-11D-2237-01","PALLS_p_TCGASNP_213_N_GenomeWideSNP_6_D07_1148082.nocnv_grch38.seg.v2.txt","f17395cc-4dba-41b2-a123-aca5af1de185",186,1571991,2896341582,"TCGA-55-8089-01A-11R-2241-07","TCGA-55-8089-01A",TRUE
"TCGA-55-8090","TCGA-55-8090-01A","TCGA-55-8090-01A-11D-2237-01","PALLS_p_TCGASNP_213_N_GenomeWideSNP_6_B10_1148194.nocnv_grch38.seg.v2.txt","033214d1-b6a9-499c-97da-1703d8d0e150",72,1571149,2901046783,"TCGA-55-8090-01A-11R-2241-07","TCGA-55-8090-01A",TRUE
"TCGA-55-8091","TCGA-55-8091-01A","TCGA-55-8091-01A-11D-2237-01","PALLS_p_TCGASNP_213_N_GenomeWideSNP_6_A07_1148156.nocnv_grch38.seg.v2.txt","b0867c6f-e860-40d3-97a6-8208413ddc4e",66,1571853,2901050235,"TCGA-55-8091-01A-11R-2241-07","TCGA-55-8091-01A",TRUE
"TCGA-55-8092","TCGA-55-8092-01A","TCGA-55-8092-01A-11D-2237-01","PALLS_p_TCGASNP_213_N_GenomeWideSNP_6_A02_1148160.nocnv_grch38.seg.v2.txt","5c79b823-af1a-4fa9-9cbb-1f1224d852c3",209,1570894,2874296309,"TCGA-55-8092-01A-11R-2241-07","TCGA-55-8092-01A",TRUE
"TCGA-55-8094","TCGA-55-8094-01A","TCGA-55-8094-01A-11D-2237-01","PALLS_p_TCGASNP_213_N_GenomeWideSNP_6_C08_1148140.nocnv_grch38.seg.v2.txt","b8db5862-cc40-4276-90ca-13324afd43c2",416,1571612,2826577285,"TCGA-55-8094-01A-11R-2241-07","TCGA-55-8094-01A",TRUE
"TCGA-55-8096","TCGA-55-8096-01A","TCGA-55-8096-01A-11D-2237-01","PALLS_p_TCGASNP_213_N_GenomeWideSNP_6_G11_1148030.nocnv_grch38.seg.v2.txt","44b803e1-677e-4c07-bf45-4c185c3f97f3",138,1571784,2885606861,"TCGA-55-8096-01A-11R-2241-07","TCGA-55-8096-01A",TRUE
"TCGA-55-8097","TCGA-55-8097-01A","TCGA-55-8097-01A-11D-2237-01","PALLS_p_TCGASNP_213_N_GenomeWideSNP_6_H02_1148060.nocnv_grch38.seg.v2.txt","e413eb6e-a0f0-4f65-b4bf-68ab47a2b6e7",92,1571916,2897453209,"TCGA-55-8097-01A-11R-2241-07","TCGA-55-8097-01A",TRUE
"TCGA-55-8203","TCGA-55-8203-01A","TCGA-55-8203-01A-11D-2237-01","PALLS_p_TCGASNP_213_N_GenomeWideSNP_6_G01_1148032.nocnv_grch38.seg.v2.txt","4f029a87-5cb5-4af6-9395-eb4d8e12319f",150,1570880,2873974982,"TCGA-55-8203-01A-11R-2241-07","TCGA-55-8203-01A",TRUE
"TCGA-55-8204","TCGA-55-8204-01A","TCGA-55-8204-01A-11D-2237-01","PALLS_p_TCGASNP_213_N_GenomeWideSNP_6_D08_1148136.nocnv_grch38.seg.v2.txt","83aca67c-5e20-4603-98c1-2e1cbfc2d47d",190,1571359,2899592083,"TCGA-55-8204-01A-11R-2241-07","TCGA-55-8204-01A",TRUE
"TCGA-55-8205","TCGA-55-8205-01A","TCGA-55-8205-01A-11D-2237-01","PALLS_p_TCGASNP_213_N_GenomeWideSNP_6_B11_1148090.nocnv_grch38.seg.v2.txt","53f5736f-dee8-4476-8973-5664e49269f8",214,1571173,2890794302,"TCGA-55-8205-01A-11R-2241-07","TCGA-55-8205-01A",TRUE
"TCGA-55-8206","TCGA-55-8206-01A","TCGA-55-8206-01A-11D-2237-01","PALLS_p_TCGASNP_213_N_GenomeWideSNP_6_E09_1148170.nocnv_grch38.seg.v2.txt","9d87367c-d2d7-4b3d-9d43-535a96ec1e25",139,1572068,2900556584,"TCGA-55-8206-01A-11R-2241-07","TCGA-55-8206-01A",TRUE
"TCGA-55-8207","TCGA-55-8207-01A","TCGA-55-8207-01A-11D-2237-01","PALLS_p_TCGASNP_213_N_GenomeWideSNP_6_F03_1148196.nocnv_grch38.seg.v2.txt","40130171-1b88-4786-aa16-143fdfe7d322",216,1571727,2868344528,"TCGA-55-8207-01A-11R-2241-07","TCGA-55-8207-01A",TRUE
"TCGA-55-8208","TCGA-55-8208-01A","TCGA-55-8208-01A-11D-2237-01","PALLS_p_TCGASNP_213_N_GenomeWideSNP_6_C09_1148188.nocnv_grch38.seg.v2.txt","7126f09a-ebf2-4795-8965-5ee0fcbf56e5",205,1571650,2895534195,"TCGA-55-8208-01A-11R-2241-07","TCGA-55-8208-01A",TRUE
"TCGA-55-8299","TCGA-55-8299-01A","TCGA-55-8299-01A-11D-2283-01","BASIC_p_TCGASNP_219_221_223_N_GenomeWideSNP_6_H04_1148594.nocnv_grch38.seg.v2.txt","a4c5477c-3843-4230-8423-0bf5e8bd202c",117,1573700,2900551382,"TCGA-55-8299-01A-11R-2287-07","TCGA-55-8299-01A",TRUE
"TCGA-55-8301","TCGA-55-8301-01A","TCGA-55-8301-01A-11D-2283-01","BASIC_p_TCGASNP_219_221_223_N_GenomeWideSNP_6_H05_1148666.nocnv_grch38.seg.v2.txt","11bee791-e550-4d61-b424-47eed700529f",255,1573733,2863420171,"TCGA-55-8301-01A-11R-2287-07","TCGA-55-8301-01A",TRUE
"TCGA-55-8302","TCGA-55-8302-01A","TCGA-55-8302-01A-11D-2322-01","RAMIE_p_6TCGA_250_232_4_236_N_GenomeWideSNP_6_B02_1245154.nocnv_grch38.seg.v2.txt","ab8f39f2-c77d-42e2-8036-850fde5d4b65",112,1569812,2896683522,"TCGA-55-8302-01A-11R-2326-07","TCGA-55-8302-01A",TRUE
"TCGA-55-8505","TCGA-55-8505-01A","TCGA-55-8505-01A-11D-2389-01","SHOWS_p_7TCGA_236_238_Mx_N_GenomeWideSNP_6_C01_1244602.nocnv_grch38.seg.v2.txt","512fd784-99bc-482a-8573-dbc05f00f85c",130,1567948,2891710200,"TCGA-55-8505-01A-11R-2403-07","TCGA-55-8505-01A",TRUE
"TCGA-55-8506","TCGA-55-8506-01A","TCGA-55-8506-01A-11D-2389-01","SHOWS_p_7TCGA_236_238_Mx_N_GenomeWideSNP_6_C11_1244702.nocnv_grch38.seg.v2.txt","27893abf-a34a-411b-95e7-5591722546e7",499,1567729,2871071376,"TCGA-55-8506-01A-11R-2403-07","TCGA-55-8506-01A",TRUE
"TCGA-55-8507","TCGA-55-8507-01A","TCGA-55-8507-01A-11D-2389-01","SHOWS_p_7TCGA_236_238_Mx_N_GenomeWideSNP_6_D08_1244590.nocnv_grch38.seg.v2.txt","b9165bdb-2ff7-4e45-ad54-695f870ca9f4",397,1567969,2847773641,"TCGA-55-8507-01A-11R-2403-07","TCGA-55-8507-01A",TRUE
"TCGA-55-8508","TCGA-55-8508-01A","TCGA-55-8508-01A-11D-2389-01","SHOWS_p_7TCGA_236_238_Mx_N_GenomeWideSNP_6_E04_1244542.nocnv_grch38.seg.v2.txt","fd244cba-df42-4bd6-b4c2-baf724c3e3e5",189,1567782,2873999464,"TCGA-55-8508-01A-11R-2403-07","TCGA-55-8508-01A",TRUE
"TCGA-55-8510","TCGA-55-8510-01A","TCGA-55-8510-01A-11D-2389-01","SHOWS_p_7TCGA_236_238_Mx_N_GenomeWideSNP_6_F01_1244522.nocnv_grch38.seg.v2.txt","b9aad986-ad82-4366-b51e-8895eff15463",178,1567534,2858418067,"TCGA-55-8510-01A-11R-2403-07","TCGA-55-8510-01A",TRUE
"TCGA-55-8511","TCGA-55-8511-01A","TCGA-55-8511-01A-11D-2389-01","SHOWS_p_7TCGA_236_238_Mx_N_GenomeWideSNP_6_F09_1244556.nocnv_grch38.seg.v2.txt","e29c7621-be79-4953-8c3b-4af7ad1c654f",383,1567649,2873357844,"TCGA-55-8511-01A-11R-2403-07","TCGA-55-8511-01A",TRUE
"TCGA-55-8512","TCGA-55-8512-01A","TCGA-55-8512-01A-11D-2389-01","SHOWS_p_7TCGA_236_238_Mx_N_GenomeWideSNP_6_G05_1244652.nocnv_grch38.seg.v2.txt","782053a3-9974-43cb-a617-b08f9f2bf39b",133,1567471,2891981129,"TCGA-55-8512-01A-11R-2403-07","TCGA-55-8512-01A",TRUE
"TCGA-55-8513","TCGA-55-8513-01A","TCGA-55-8513-01A-11D-2389-01","SHOWS_p_7TCGA_236_238_Mx_N_GenomeWideSNP_6_H01_1244612.nocnv_grch38.seg.v2.txt","06e0fea3-cb8d-45d5-b6cd-72715a113944",30,1567383,2901125519,"TCGA-55-8513-01A-11R-2403-07","TCGA-55-8513-01A",TRUE
"TCGA-55-8514","TCGA-55-8514-01A","TCGA-55-8514-01A-11D-2389-01","SHOWS_p_7TCGA_236_238_Mx_N_GenomeWideSNP_6_C02_1244656.nocnv_grch38.seg.v2.txt","0546cdcd-59f0-4171-8d62-23632c553ec8",257,1567622,2857736911,"TCGA-55-8514-01A-11R-2403-07","TCGA-55-8514-01A",TRUE
"TCGA-55-8614","TCGA-55-8614-01A","TCGA-55-8614-01A-11D-2389-01","SHOWS_p_7TCGA_236_238_Mx_N_GenomeWideSNP_6_C12_1244548.nocnv_grch38.seg.v2.txt","de1365ba-8058-4d35-a640-f77e2e1d5a5e",247,1568002,2895296681,"TCGA-55-8614-01A-11R-2403-07","TCGA-55-8614-01A",TRUE
"TCGA-55-8615","TCGA-55-8615-01A","TCGA-55-8615-01A-11D-2389-01","SHOWS_p_7TCGA_236_238_Mx_N_GenomeWideSNP_6_D09_1244512.nocnv_grch38.seg.v2.txt","54ad0aa9-f043-4909-84f5-d4bdcce98ce8",354,1567720,2873351541,"TCGA-55-8615-01A-11R-2403-07","TCGA-55-8615-01A",TRUE
"TCGA-55-8616","TCGA-55-8616-01A","TCGA-55-8616-01A-11D-2389-01","SHOWS_p_7TCGA_236_238_Mx_N_GenomeWideSNP_6_E05_1244698.nocnv_grch38.seg.v2.txt","edf5d569-f765-45bd-90c0-d80c9aa80fd7",163,1567910,2888834884,"TCGA-55-8616-01A-11R-2403-07","TCGA-55-8616-01A",TRUE
"TCGA-55-8619","TCGA-55-8619-01A","TCGA-55-8619-01A-11D-2389-01","SHOWS_p_7TCGA_236_238_Mx_N_GenomeWideSNP_6_F02_1244614.nocnv_grch38.seg.v2.txt","1590b0cf-f498-480a-841f-d9825bf1c657",64,1567728,2895486014,"TCGA-55-8619-01A-11R-2403-07","TCGA-55-8619-01A",TRUE
"TCGA-55-8620","TCGA-55-8620-01A","TCGA-55-8620-01A-11D-2389-01","SHOWS_p_7TCGA_236_238_Mx_N_GenomeWideSNP_6_F10_1244524.nocnv_grch38.seg.v2.txt","05e961c5-b6ca-487e-aab8-234c366c150c",390,1567721,2892900158,"TCGA-55-8620-01A-11R-2403-07","TCGA-55-8620-01A",TRUE
"TCGA-55-8621","TCGA-55-8621-01A","TCGA-55-8621-01A-11D-2389-01","SHOWS_p_7TCGA_236_238_Mx_N_GenomeWideSNP_6_G06_1244568.nocnv_grch38.seg.v2.txt","87955ed6-ac59-4b94-8c8a-90b6a71860ab",85,1567419,2901010630,"TCGA-55-8621-01A-11R-2403-07","TCGA-55-8621-01A",TRUE
"TCGA-55-A48X","TCGA-55-A48X-01A","TCGA-55-A48X-01A-11D-A24C-01","BUNGS_p_TCGA_257_258_N_GenomeWideSNP_6_C07_1301084.nocnv_grch38.seg.v2.txt","039dd88e-a3dc-4abd-a8b1-9cfcfe98842f",66,1569149,2897158688,"TCGA-55-A48X-01A-11R-A24H-07","TCGA-55-A48X-01A",TRUE
"TCGA-55-A48Y","TCGA-55-A48Y-01A","TCGA-55-A48Y-01A-11D-A24C-01","BUNGS_p_TCGA_257_258_N_GenomeWideSNP_6_C12_1301090.nocnv_grch38.seg.v2.txt","69e9946e-4f28-41ba-bf4c-226bf5cbf030",413,1568404,2894483560,"TCGA-55-A48Y-01A-11R-A24H-07","TCGA-55-A48Y-01A",TRUE
"TCGA-55-A48Z","TCGA-55-A48Z-01A","TCGA-55-A48Z-01A-12D-A24O-01","TAROK_p_TCGA_264_N_GenomeWideSNP_6_A04_1306594.nocnv_grch38.seg.v2.txt","901a7bea-bdc8-4999-928d-f8f77ece5348",180,1571912,2897091168,"TCGA-55-A48Z-01A-12R-A24X-07","TCGA-55-A48Z-01A",TRUE
"TCGA-55-A490","TCGA-55-A490-01A","TCGA-55-A490-01A-11D-A24C-01","BUNGS_p_TCGA_257_258_N_GenomeWideSNP_6_A07_1301004.nocnv_grch38.seg.v2.txt","712bde55-682b-44ff-9071-0f057d17f153",511,1569263,2869463669,"TCGA-55-A490-01A-11R-A466-07","TCGA-55-A490-01A",TRUE
"TCGA-55-A491","TCGA-55-A491-01A","TCGA-55-A491-01A-11D-A24C-01","BUNGS_p_TCGA_257_258_N_GenomeWideSNP_6_A12_1300942.nocnv_grch38.seg.v2.txt","12d2f969-2231-4bbc-81c1-34b3ae8f80eb",253,1569249,2888297747,"TCGA-55-A491-01A-11R-A24H-07","TCGA-55-A491-01A",TRUE
"TCGA-55-A492","TCGA-55-A492-01A","TCGA-55-A492-01A-11D-A24C-01","BUNGS_p_TCGA_257_258_N_GenomeWideSNP_6_B05_1301048.nocnv_grch38.seg.v2.txt","6bea41ca-ad71-46cf-98b9-33a2ff29b335",99,1569297,2874255152,"TCGA-55-A492-01A-11R-A24H-07","TCGA-55-A492-01A",TRUE
"TCGA-55-A493","TCGA-55-A493-01A","TCGA-55-A493-01A-11D-A24C-01","BUNGS_p_TCGA_257_258_N_GenomeWideSNP_6_B10_1301042.nocnv_grch38.seg.v2.txt","14aca520-8943-453a-974f-0ee169fe45ef",217,1569331,2895167772,"TCGA-55-A493-01A-11R-A24H-07","TCGA-55-A493-01A",TRUE
"TCGA-55-A494","TCGA-55-A494-01A","TCGA-55-A494-01A-11D-A24O-01","TAROK_p_TCGA_264_N_GenomeWideSNP_6_A05_1306618.nocnv_grch38.seg.v2.txt","ab5d42e3-0ffe-403d-855b-7a6a9a812afe",165,1571930,2866585286,"TCGA-55-A494-01A-11R-A24X-07","TCGA-55-A494-01A",TRUE
"TCGA-55-A4DF","TCGA-55-A4DF-01A","TCGA-55-A4DF-01A-11D-A24C-01","BUNGS_p_TCGA_257_258_N_GenomeWideSNP_6_C03_1300996.nocnv_grch38.seg.v2.txt","a4853c7f-8d1e-4281-813d-ddf6e9c7c44e",278,1568637,2868540147,"TCGA-55-A4DF-01A-11R-A24H-07","TCGA-55-A4DF-01A",TRUE
"TCGA-55-A4DG","TCGA-55-A4DG-01A","TCGA-55-A4DG-01A-11D-A24C-01","BUNGS_p_TCGA_257_258_N_GenomeWideSNP_6_C08_1300936.nocnv_grch38.seg.v2.txt","0e523d5e-6ce3-42d5-8867-fa4d569600b1",169,1569020,2863672670,"TCGA-55-A4DG-01A-11R-A24H-07","TCGA-55-A4DG-01A",TRUE
"TCGA-55-A57B","TCGA-55-A57B-01A","TCGA-55-A57B-01A-12D-A396-01","NIZAM_p_TCGAb_406_07_08_09_10_N_GenomeWideSNP_6_B05_1486512.nocnv_grch38.seg.v2.txt","b9f8f367-f772-46ab-a137-09ae66d79b91",143,1573204,2900252634,"TCGA-55-A57B-01A-12R-A39D-07","TCGA-55-A57B-01A",TRUE
"TCGA-62-8394","TCGA-62-8394-01A","TCGA-62-8394-01A-11D-2322-01","RAMIE_p_6TCGA_250_232_4_236_N_GenomeWideSNP_6_B06_1245180.nocnv_grch38.seg.v2.txt","1389e70e-c58d-4ab1-88b8-b596616524c0",314,1570623,2892162565,"TCGA-62-8394-01A-11R-2326-07","TCGA-62-8394-01A",TRUE
"TCGA-62-8395","TCGA-62-8395-01A","TCGA-62-8395-01A-11D-2322-01","RAMIE_p_6TCGA_250_232_4_236_N_GenomeWideSNP_6_B10_1245272.nocnv_grch38.seg.v2.txt","e5fc22c0-df50-4bb0-a47c-82e15560878d",167,1570524,2896895082,"TCGA-62-8395-01A-11R-2326-07","TCGA-62-8395-01A",TRUE
"TCGA-62-8397","TCGA-62-8397-01A","TCGA-62-8397-01A-11D-2322-01","RAMIE_p_6TCGA_250_232_4_236_N_GenomeWideSNP_6_C01_1245150.nocnv_grch38.seg.v2.txt","cfc10ed7-5210-4b31-a470-9327bb52d3c5",132,1568298,2900879659,"TCGA-62-8397-01A-11R-2326-07","TCGA-62-8397-01A",TRUE
"TCGA-62-8398","TCGA-62-8398-01A","TCGA-62-8398-01A-11D-2322-01","RAMIE_p_6TCGA_250_232_4_236_N_GenomeWideSNP_6_C03_1245132.nocnv_grch38.seg.v2.txt","c168a08c-1343-425e-af7f-2643383f4ab1",263,1569048,2891643235,"TCGA-62-8398-01A-11R-2326-07","TCGA-62-8398-01A",TRUE
"TCGA-62-8399","TCGA-62-8399-01A","TCGA-62-8399-01A-21D-2322-01","RAMIE_p_6TCGA_250_232_4_236_N_GenomeWideSNP_6_A02_1245214.nocnv_grch38.seg.v2.txt","4ec66dd9-d216-48c8-8a90-30a609a8e62c",200,1566037,2895245274,"TCGA-62-8399-01A-21R-2326-07","TCGA-62-8399-01A",TRUE
"TCGA-62-8402","TCGA-62-8402-01A","TCGA-62-8402-01A-11D-2322-01","RAMIE_p_6TCGA_250_232_4_236_N_GenomeWideSNP_6_A07_1245212.nocnv_grch38.seg.v2.txt","29b925ff-9035-4270-a880-9207b2acb56a",142,1570493,2895408193,"TCGA-62-8402-01A-11R-2326-07","TCGA-62-8402-01A",TRUE
"TCGA-62-A46O","TCGA-62-A46O-01A","TCGA-62-A46O-01A-11D-A24C-01","BUNGS_p_TCGA_257_258_N_GenomeWideSNP_6_D01_1301032.nocnv_grch38.seg.v2.txt","e07fa841-db4a-448d-9906-a5b2fe750c36",615,1568625,2854877568,"TCGA-62-A46O-01A-11R-A24H-07","TCGA-62-A46O-01A",TRUE
"TCGA-62-A46P","TCGA-62-A46P-01A","TCGA-62-A46P-01A-11D-A24C-01","BUNGS_p_TCGA_257_258_N_GenomeWideSNP_6_A08_1300966.nocnv_grch38.seg.v2.txt","66feb007-ebab-4dcf-a6dc-c7ec7ac7cc63",182,1569201,2893579717,"TCGA-62-A46P-01A-11R-A24H-07","TCGA-62-A46P-01A",TRUE
"TCGA-62-A46R","TCGA-62-A46R-01A","TCGA-62-A46R-01A-11D-A24C-01","BUNGS_p_TCGA_257_258_N_GenomeWideSNP_6_B01_1301002.nocnv_grch38.seg.v2.txt","e1266195-c743-4671-9357-5917adb8dfb9",131,1568970,2894570038,"TCGA-62-A46R-01A-11R-A24H-07","TCGA-62-A46R-01A",TRUE
"TCGA-62-A46S","TCGA-62-A46S-01A","TCGA-62-A46S-01A-11D-A24C-01","BUNGS_p_TCGA_257_258_N_GenomeWideSNP_6_B06_1300944.nocnv_grch38.seg.v2.txt","7eed573a-4367-48ef-ba5a-50813e859ecc",232,1568522,2887562850,"TCGA-62-A46S-01A-11R-A24H-07","TCGA-62-A46S-01A",TRUE
"TCGA-62-A46U","TCGA-62-A46U-01A","TCGA-62-A46U-01A-11D-A24C-01","BUNGS_p_TCGA_257_258_N_GenomeWideSNP_6_B11_1301000.nocnv_grch38.seg.v2.txt","7dd37ab8-d86b-44ff-a411-98b2fd79394a",149,1569342,2895076736,"TCGA-62-A46U-01A-11R-A24H-07","TCGA-62-A46U-01A",TRUE
"TCGA-62-A46V","TCGA-62-A46V-01A","TCGA-62-A46V-01A-11D-A24C-01","BUNGS_p_TCGA_257_258_N_GenomeWideSNP_6_C04_1300972.nocnv_grch38.seg.v2.txt","29c48657-7bb3-4237-9b59-3807fd963d99",153,1569187,2896119065,"TCGA-62-A46V-01A-11R-A24H-07","TCGA-62-A46V-01A",TRUE
"TCGA-62-A46Y","TCGA-62-A46Y-01A","TCGA-62-A46Y-01A-11D-A24C-01","BUNGS_p_TCGA_257_258_N_GenomeWideSNP_6_C09_1301104.nocnv_grch38.seg.v2.txt","058a3f72-41b3-450a-8a8e-df122d532517",83,1569265,2900070576,"TCGA-62-A46Y-01A-11R-A24H-07","TCGA-62-A46Y-01A",TRUE
"TCGA-62-A470","TCGA-62-A470-01A","TCGA-62-A470-01A-11D-A24C-01","BUNGS_p_TCGA_257_258_N_GenomeWideSNP_6_D02_1300922.nocnv_grch38.seg.v2.txt","ea97ee04-be16-48c6-b26e-116bd3f8d3dc",192,1568907,2823262186,"TCGA-62-A470-01A-11R-A24H-07","TCGA-62-A470-01A",TRUE
"TCGA-62-A471","TCGA-62-A471-01A","TCGA-62-A471-01A-12D-A24C-01","BUNGS_p_TCGA_257_258_N_GenomeWideSNP_6_A09_1301058.nocnv_grch38.seg.v2.txt","5f224fa1-13d6-4310-a238-7482cd3bdbc6",231,1569160,2880549733,"TCGA-62-A471-01A-12R-A24H-07","TCGA-62-A471-01A",TRUE
"TCGA-62-A472","TCGA-62-A472-01A","TCGA-62-A472-01A-11D-A24C-01","BUNGS_p_TCGA_257_258_N_GenomeWideSNP_6_B02_1300976.nocnv_grch38.seg.v2.txt","11b00e25-9dfc-42b1-97af-3bfa40147567",120,1569060,2857641921,"TCGA-62-A472-01A-11R-A24H-07","TCGA-62-A472-01A",TRUE
"TCGA-64-1676","TCGA-64-1676-01A","TCGA-64-1676-01A-01D-0944-01","EGGAR_p_TCGAb33and37_SNP_N_GenomeWideSNP_6_B10_585208.nocnv_grch38.seg.v2.txt","1a04f32c-fe4e-4603-8a2f-c27fc86a9fc3",320,1573274,2865895155,"TCGA-64-1676-01A-01R-0946-07","TCGA-64-1676-01A",TRUE
"TCGA-64-1677","TCGA-64-1677-01A","TCGA-64-1677-01A-01D-0944-01","EGGAR_p_TCGAb33and37_SNP_N_GenomeWideSNP_6_C03_585120.nocnv_grch38.seg.v2.txt","837c4145-4dda-4a7c-b01b-0be687d13b3c",208,1573561,2891009860,"TCGA-64-1677-01A-01R-0946-07","TCGA-64-1677-01A",TRUE
"TCGA-64-1678","TCGA-64-1678-01A","TCGA-64-1678-01A-01D-0944-01","EGGAR_p_TCGAb33and37_SNP_N_GenomeWideSNP_6_C05_585256.nocnv_grch38.seg.v2.txt","e0e5dde3-723b-4b01-afd6-db7bffd97dd1",500,1572853,2869586521,"TCGA-64-1678-01A-01R-0946-07","TCGA-64-1678-01A",TRUE
"TCGA-64-1679","TCGA-64-1679-01A","TCGA-64-1679-01A-21D-2062-01","LEMUR_p_TCGA_116_163_164_183_N_GenomeWideSNP_6_B09_914492.nocnv_grch38.seg.v2.txt","9a038983-ad05-4d74-845f-9bf6ead40607",159,1572595,2894995166,"TCGA-64-1679-01A-21R-2066-07","TCGA-64-1679-01A",TRUE
"TCGA-64-1680","TCGA-64-1680-01A","TCGA-64-1680-01A-02D-0944-01","EGGAR_p_TCGAb33and37_SNP_N_GenomeWideSNP_6_C07_585124.nocnv_grch38.seg.v2.txt","4965a239-b9ac-402d-a57a-01232f7633ee",143,1572987,2883052644,"TCGA-64-1680-01A-02R-0946-07","TCGA-64-1680-01A",TRUE
"TCGA-64-1681","TCGA-64-1681-01A","TCGA-64-1681-01A-11D-2062-01","LEMUR_p_TCGA_116_163_164_183_N_GenomeWideSNP_6_A06_914400.nocnv_grch38.seg.v2.txt","165603f6-bb27-4c2d-af71-80d30ac22a7c",259,1572298,2897172011,"TCGA-64-1681-01A-11R-2066-07","TCGA-64-1681-01A",TRUE
"TCGA-64-5774","TCGA-64-5774-01A","TCGA-64-5774-01A-01D-1624-01","DUNGS_p_TCGA_b84_115_SNP_N_GenomeWideSNP_6_C04_771582.nocnv_grch38.seg.v2.txt","23885bb6-3240-410c-97fd-de6d2b57edb0",411,1572467,2874104699,"TCGA-64-5774-01A-01R-1628-07","TCGA-64-5774-01A",TRUE
"TCGA-64-5775","TCGA-64-5775-01A","TCGA-64-5775-01A-01D-1624-01","DUNGS_p_TCGA_b84_115_SNP_N_GenomeWideSNP_6_A09_771614.nocnv_grch38.seg.v2.txt","872a33bc-abe3-458a-862f-273905e20f38",298,1571388,2862725943,"TCGA-64-5775-01A-01R-1628-07","TCGA-64-5775-01A",TRUE
"TCGA-64-5778","TCGA-64-5778-01A","TCGA-64-5778-01A-01D-1624-01","DUNGS_p_TCGA_b84_115_SNP_N_GenomeWideSNP_6_C08_771550.nocnv_grch38.seg.v2.txt","f8760247-af6a-4360-b7f5-af9ee5bfbef5",167,1572658,2886913114,"TCGA-64-5778-01A-01R-1628-07","TCGA-64-5778-01A",TRUE
"TCGA-64-5779","TCGA-64-5779-01A","TCGA-64-5779-01A-01D-1624-01","DUNGS_p_TCGA_b84_115_SNP_N_GenomeWideSNP_6_C11_771478.nocnv_grch38.seg.v2.txt","7f560af0-720e-4316-b902-bab72e6b53a5",423,1572342,2886647147,"TCGA-64-5779-01A-01R-1628-07","TCGA-64-5779-01A",TRUE
"TCGA-64-5781","TCGA-64-5781-01A","TCGA-64-5781-01A-01D-1624-01","DUNGS_p_TCGA_b84_115_SNP_N_GenomeWideSNP_6_D01_771532.nocnv_grch38.seg.v2.txt","3f0fba6d-2653-4f7e-b294-ab73b50d6244",84,1572231,2900931927,"TCGA-64-5781-01A-01R-1628-07","TCGA-64-5781-01A",TRUE
"TCGA-64-5815","TCGA-64-5815-01A","TCGA-64-5815-01A-01D-1624-01","DUNGS_p_TCGA_b84_115_SNP_N_GenomeWideSNP_6_B04_771540.nocnv_grch38.seg.v2.txt","62e987e4-6b92-4f6a-8407-fad966128c27",150,1572919,2896711117,"TCGA-64-5815-01A-01R-1628-07","TCGA-64-5815-01A",TRUE
"TCGA-67-3770","TCGA-67-3770-01A","TCGA-67-3770-01A-01D-0944-01","EGGAR_p_TCGAb33and37_SNP_N_GenomeWideSNP_6_A06_585212.nocnv_grch38.seg.v2.txt","7f1de6c9-0d1b-433f-865f-3a26c547a26d",294,1566970,2865736432,"TCGA-67-3770-01A-01R-0946-07","TCGA-67-3770-01A",TRUE
"TCGA-67-3771","TCGA-67-3771-01A","TCGA-67-3771-01A-01D-0944-01","EGGAR_p_TCGAb33and37_SNP_N_GenomeWideSNP_6_A07_585190.nocnv_grch38.seg.v2.txt","bd8385d5-e8ec-411b-9c9a-10d5682cbbea",359,1569965,2859212901,"TCGA-67-3771-01A-01R-0946-07","TCGA-67-3771-01A",TRUE
"TCGA-67-3772","TCGA-67-3772-01A","TCGA-67-3772-01A-01D-0944-01","EGGAR_p_TCGAb33and37_SNP_N_GenomeWideSNP_6_H11_585164.nocnv_grch38.seg.v2.txt","812c71e0-fdda-4d30-bf67-9e547d28397c",232,1573411,2899630975,"TCGA-67-3772-01A-01R-0946-07","TCGA-67-3772-01A",TRUE
"TCGA-67-3773","TCGA-67-3773-01A","TCGA-67-3773-01A-01D-0944-01","EGGAR_p_TCGAb33and37_SNP_N_GenomeWideSNP_6_B08_585116.nocnv_grch38.seg.v2.txt","124240f8-701b-4f9e-95ea-6e30c3e3209a",199,1573237,2894790432,"TCGA-67-3773-01A-01R-0946-07","TCGA-67-3773-01A",TRUE
"TCGA-67-3774","TCGA-67-3774-01A","TCGA-67-3774-01A-01D-0944-01","EGGAR_p_TCGAb33and37_SNP_N_GenomeWideSNP_6_B11_585242.nocnv_grch38.seg.v2.txt","5f204e58-65a1-4d9e-b9ca-777e007934af",167,1573583,2895625145,"TCGA-67-3774-01A-01R-0946-07","TCGA-67-3774-01A",TRUE
"TCGA-67-4679","TCGA-67-4679-01B","TCGA-67-4679-01B-01D-1752-01","BURST_p_TCGA_b119_SNP_N_GenomeWideSNP_6_D04_787092.nocnv_grch38.seg.v2.txt","4f5b773d-ca69-49c9-a47e-fc28e298f126",85,1572206,2874314408,"TCGA-67-4679-01B-01R-1755-07","TCGA-67-4679-01B",TRUE
"TCGA-67-6215","TCGA-67-6215-01A","TCGA-67-6215-01A-11D-1752-01","BURST_p_TCGA_b119_SNP_N_GenomeWideSNP_6_B08_787072.nocnv_grch38.seg.v2.txt","d8443076-8b71-4254-8bb7-148545d25ee3",84,1573146,2868213792,"TCGA-67-6215-01A-11R-1755-07","TCGA-67-6215-01A",TRUE
"TCGA-67-6216","TCGA-67-6216-01A","TCGA-67-6216-01A-11D-1752-01","BURST_p_TCGA_b119_SNP_N_GenomeWideSNP_6_B11_787150.nocnv_grch38.seg.v2.txt","f8795f71-9e73-4213-af65-c7aba3fc77ec",130,1573204,2900889319,"TCGA-67-6216-01A-11R-1755-07","TCGA-67-6216-01A",TRUE
"TCGA-67-6217","TCGA-67-6217-01A","TCGA-67-6217-01A-11D-1752-01","BURST_p_TCGA_b119_SNP_N_GenomeWideSNP_6_A06_787200.nocnv_grch38.seg.v2.txt","776c7661-84db-4b5e-a1ad-206f1818f185",511,1571087,2895754484,"TCGA-67-6217-01A-11R-1755-07","TCGA-67-6217-01A",TRUE
"TCGA-69-7760","TCGA-69-7760-01A","TCGA-69-7760-01A-11D-2166-01","BROSE_p_TCGASNP_195_196_197_N_GenomeWideSNP_6_H05_1039742.nocnv_grch38.seg.v2.txt","246572d8-fe00-4c4a-b68e-27daad6dce5b",289,1572507,2858221493,"TCGA-69-7760-01A-11R-2170-07","TCGA-69-7760-01A",TRUE
"TCGA-69-7761","TCGA-69-7761-01A","TCGA-69-7761-01A-11D-2166-01","BROSE_p_TCGASNP_195_196_197_N_GenomeWideSNP_6_C10_1039738.nocnv_grch38.seg.v2.txt","514c8afe-35ee-4017-bc7c-0e2229c7d4ea",129,1573537,2899197502,"TCGA-69-7761-01A-11R-2170-07","TCGA-69-7761-01A",TRUE
"TCGA-69-7763","TCGA-69-7763-01A","TCGA-69-7763-01A-11D-2166-01","BROSE_p_TCGASNP_195_196_197_N_GenomeWideSNP_6_E04_1039734.nocnv_grch38.seg.v2.txt","f0a12b4f-d5b0-4b27-a918-8290391755d1",170,1573770,2900420044,"TCGA-69-7763-01A-11R-2170-07","TCGA-69-7763-01A",TRUE
"TCGA-69-7764","TCGA-69-7764-01A","TCGA-69-7764-01A-11D-2166-01","BROSE_p_TCGASNP_195_196_197_N_GenomeWideSNP_6_C07_1039668.nocnv_grch38.seg.v2.txt","e012e9bd-86ff-4fe1-a4a5-98b427ed0c0b",401,1573716,2839424203,"TCGA-69-7764-01A-11R-2170-07","TCGA-69-7764-01A",TRUE
"TCGA-69-7765","TCGA-69-7765-01A","TCGA-69-7765-01A-11D-2166-01","BROSE_p_TCGASNP_195_196_197_N_GenomeWideSNP_6_A02_1039700.nocnv_grch38.seg.v2.txt","3ebe33bc-3144-4179-9ef7-80edf9253f62",97,1572924,2868834704,"TCGA-69-7765-01A-11R-2170-07","TCGA-69-7765-01A",TRUE
"TCGA-69-7973","TCGA-69-7973-01A","TCGA-69-7973-01A-11D-2183-01","GLIAS_p_TCGA_204_205_206_207_N_GenomeWideSNP_6_F01_1051754.nocnv_grch38.seg.v2.txt","70feb869-bf25-4614-9e66-8e0c89aac7e1",322,1573599,2865006829,"TCGA-69-7973-01A-11R-2187-07","TCGA-69-7973-01A",TRUE
"TCGA-69-7974","TCGA-69-7974-01A","TCGA-69-7974-01A-11D-2183-01","GLIAS_p_TCGA_204_205_206_207_N_GenomeWideSNP_6_F02_1051790.nocnv_grch38.seg.v2.txt","21fbe471-d198-41cf-a2dc-16c46996fac5",179,1573635,2893795820,"TCGA-69-7974-01A-11R-2187-07","TCGA-69-7974-01A",TRUE
"TCGA-69-7978","TCGA-69-7978-01A","TCGA-69-7978-01A-11D-2183-01","GLIAS_p_TCGA_204_205_206_207_N_GenomeWideSNP_6_H09_1051752.nocnv_grch38.seg.v2.txt","7eb76a57-6387-4114-95f2-1d0e6042f7fc",391,1573203,2893740661,"TCGA-69-7978-01A-11R-2187-07","TCGA-69-7978-01A",TRUE
"TCGA-69-7979","TCGA-69-7979-01A","TCGA-69-7979-01A-11D-2183-01","DLP_REDO_FROM_GLIAS_H12.nocnv_grch38.seg.v2.txt","04d6720b-a840-4c49-b6ef-21bb12284337",1523,1573088,2840769250,"TCGA-69-7979-01A-11R-2187-07","TCGA-69-7979-01A",TRUE
"TCGA-69-7980","TCGA-69-7980-01A","TCGA-69-7980-01A-11D-2183-01","GLIAS_p_TCGA_204_205_206_207_N_GenomeWideSNP_6_G09_1051882.nocnv_grch38.seg.v2.txt","1c3f238c-281d-4821-b6af-01bc114d9f39",384,1573389,2869548546,"TCGA-69-7980-01A-11R-2187-07","TCGA-69-7980-01A",TRUE
"TCGA-69-8253","TCGA-69-8253-01A","TCGA-69-8253-01A-11D-2283-01","BASIC_p_TCGASNP_219_221_223_N_GenomeWideSNP_6_D12_1148754.nocnv_grch38.seg.v2.txt","4eb9e983-d265-4149-ba13-45f90f4af7d3",118,1573865,2872838308,"TCGA-69-8253-01A-11R-2287-07","TCGA-69-8253-01A",TRUE
"TCGA-69-8254","TCGA-69-8254-01A","TCGA-69-8254-01A-11D-2283-01","BASIC_p_TCGASNP_219_221_223_N_GenomeWideSNP_6_F07_1148616.nocnv_grch38.seg.v2.txt","050df7b9-a8e2-4eb5-85be-9c3b8e616ac6",52,1568815,2895361508,"TCGA-69-8254-01A-11R-2287-07","TCGA-69-8254-01A",TRUE
"TCGA-69-8255","TCGA-69-8255-01A","TCGA-69-8255-01A-11D-2283-01","BASIC_p_TCGASNP_219_221_223_N_GenomeWideSNP_6_E04_1148654.nocnv_grch38.seg.v2.txt","8c6c82bb-e677-430e-89c0-eb0e8faad85f",392,1573598,2891693108,"TCGA-69-8255-01A-11R-2287-07","TCGA-69-8255-01A",TRUE
"TCGA-69-8453","TCGA-69-8453-01A","TCGA-69-8453-01A-12D-2322-01","RAMIE_p_6TCGA_250_232_4_236_N_GenomeWideSNP_6_A11_1245242.nocnv_grch38.seg.v2.txt","b53f998b-216f-4be5-8752-90e3c14ef639",164,1570295,2886152388,"TCGA-69-8453-01A-12R-2326-07","TCGA-69-8453-01A",TRUE
"TCGA-69-A59K","TCGA-69-A59K-01A","TCGA-69-A59K-01A-11D-A25M-01","DRAMA_p_TCGA_276_278_N_GenomeWideSNP_6_C01_1322494.nocnv_grch38.seg.v2.txt","4c8d5940-1681-4bad-89b1-aa8853507679",365,1568036,2890807356,"TCGA-69-A59K-01A-11R-A262-07","TCGA-69-A59K-01A",TRUE
"TCGA-71-6725","TCGA-71-6725-01A","TCGA-71-6725-01A-11D-1854-01","IMPLY_p_TCGA_b127_144_SNP_N_GenomeWideSNP_6_D01_808424.nocnv_grch38.seg.v2.txt","10bb685e-409e-4033-a9aa-eb5bad2d513a",254,1572703,2868076693,"TCGA-71-6725-01A-11R-1858-07","TCGA-71-6725-01A",TRUE
"TCGA-71-8520","TCGA-71-8520-01A","TCGA-71-8520-01A-11D-2389-01","SHOWS_p_7TCGA_236_238_Mx_N_GenomeWideSNP_6_H02_1244570.nocnv_grch38.seg.v2.txt","30a8fcf2-85f3-43ae-8d73-3b8489cffbe2",2956,1518114,2886456879,"TCGA-71-8520-01A-11R-2403-07","TCGA-71-8520-01A",TRUE
"TCGA-73-4658","TCGA-73-4658-01A","TCGA-73-4658-01A-01D-1752-01","BURST_p_TCGA_b119_SNP_N_GenomeWideSNP_6_E11_787246.nocnv_grch38.seg.v2.txt","f4b2f8da-ad22-4e30-a12a-639830999074",135,1573659,2882281249,"TCGA-73-4658-01A-01R-1755-07","TCGA-73-4658-01A",TRUE
"TCGA-73-4659","TCGA-73-4659-01A","TCGA-73-4659-01A-01D-1204-01","LOOBY_p_TCGAb58_SNP_N_GenomeWideSNP_6_B01_680302.nocnv_grch38.seg.v2.txt","ce4453f1-fcc2-41f0-b567-1cd26e441de5",206,1573834,2865241156,"TCGA-73-4659-01A-01R-1206-07","TCGA-73-4659-01A",TRUE
"TCGA-73-4662","TCGA-73-4662-01A","TCGA-73-4662-01A-01D-1204-01","LOOBY_p_TCGAb58_SNP_N_GenomeWideSNP_6_A01_680348.nocnv_grch38.seg.v2.txt","cdf3df5d-f875-4dcf-96fc-04dd76291c00",255,1572909,2838839036,"TCGA-73-4662-01A-01R-1206-07","TCGA-73-4662-01A",TRUE
"TCGA-73-4666","TCGA-73-4666-01A","TCGA-73-4666-01A-01D-1204-01","LOOBY_p_TCGAb58_SNP_N_GenomeWideSNP_6_F01_680366.nocnv_grch38.seg.v2.txt","68cff7e0-90d6-4918-9aab-90d8e5d0b686",182,1573641,2896208886,"TCGA-73-4666-01A-01R-1206-07","TCGA-73-4666-01A",TRUE
"TCGA-73-4668","TCGA-73-4668-01A","TCGA-73-4668-01A-01D-1204-01","LOOBY_p_TCGAb58_SNP_N_GenomeWideSNP_6_B09_680220.nocnv_grch38.seg.v2.txt","7de1a471-973a-4b31-8f61-38b7c9bcc74a",349,1573774,2885856639,"TCGA-73-4668-01A-01R-1206-07","TCGA-73-4668-01A",TRUE
"TCGA-73-4670","TCGA-73-4670-01A","TCGA-73-4670-01A-01D-1204-01","LOOBY_p_TCGAb58_SNP_N_GenomeWideSNP_6_D12_680268.nocnv_grch38.seg.v2.txt","211a8ccf-09a6-42df-b17b-04f738f53748",345,1573789,2868272612,"TCGA-73-4670-01A-01R-1206-07","TCGA-73-4670-01A",TRUE
"TCGA-73-4675","TCGA-73-4675-01A","TCGA-73-4675-01A-01D-1204-01","LOOBY_p_TCGAb58_SNP_N_GenomeWideSNP_6_B05_680374.nocnv_grch38.seg.v2.txt","c6952774-9c06-4a4f-94f3-0432f47d1148",157,1573736,2849053790,"TCGA-73-4675-01A-01R-1206-07","TCGA-73-4675-01A",TRUE
"TCGA-73-4676","TCGA-73-4676-01A","TCGA-73-4676-01A-01D-1752-01","BURST_p_TCGA_b119_SNP_N_GenomeWideSNP_6_F05_787178.nocnv_grch38.seg.v2.txt","4f57e049-a775-4fd6-8293-358061dd56c3",182,1573140,2863064789,"TCGA-73-4676-01A-01R-1755-07","TCGA-73-4676-01A",TRUE
"TCGA-73-4677","TCGA-73-4677-01A","TCGA-73-4677-01A-01D-1204-01","LOOBY_p_TCGAb58_SNP_N_GenomeWideSNP_6_A05_680370.nocnv_grch38.seg.v2.txt","87243274-0297-4e36-8d30-5df7680b2f72",83,1573500,2900972635,"TCGA-73-4677-01A-01R-1206-07","TCGA-73-4677-01A",TRUE
"TCGA-73-7498","TCGA-73-7498-01A","TCGA-73-7498-01A-12D-2183-01","COAPT_p_TCGASNP_197_201_204_N_GenomeWideSNP_6_A05_1051436.nocnv_grch38.seg.v2.txt","9e70767e-b792-4da7-9691-961fa57343b0",108,1573214,2868323494,"TCGA-73-7498-01A-12R-2187-07","TCGA-73-7498-01A",TRUE
"TCGA-73-7499","TCGA-73-7499-01A","TCGA-73-7499-01A-11D-2183-01","COAPT_p_TCGASNP_197_201_204_N_GenomeWideSNP_6_B04_1051382.nocnv_grch38.seg.v2.txt","5f2d5688-df45-46b2-aebf-2cd3c0b0e93a",200,1569037,2863712482,"TCGA-73-7499-01A-11R-2187-07","TCGA-73-7499-01A",TRUE
"TCGA-73-A9RS","TCGA-73-A9RS-01A","TCGA-73-A9RS-01A-11D-A40Z-01","CYANS_p_TCGAb_422_423_424_NSP_GenomeWideSNP_6_D08_1513792.nocnv_grch38.seg.v2.txt","3d4afc95-7df5-44f4-a947-7ec42516b33b",345,1572870,2880455036,"TCGA-73-A9RS-01A-11R-A41B-07","TCGA-73-A9RS-01A",TRUE
"TCGA-75-5122","TCGA-75-5122-01A","TCGA-75-5122-01A-01D-1752-01","BURST_p_TCGA_b119_SNP_N_GenomeWideSNP_6_C10_787242.nocnv_grch38.seg.v2.txt","97130a69-a2ec-425d-8cb2-ddef2e793289",257,1573542,2895739110,"TCGA-75-5122-01A-01R-1755-07","TCGA-75-5122-01A",TRUE
"TCGA-75-5125","TCGA-75-5125-01A","TCGA-75-5125-01A-01D-1752-01","BURST_p_TCGA_b119_SNP_N_GenomeWideSNP_6_D01_787232.nocnv_grch38.seg.v2.txt","78977eda-a503-44e9-af62-a3ccd1a1ab88",200,1571901,2889774083,"TCGA-75-5125-01A-01R-1755-07","TCGA-75-5125-01A",TRUE
"TCGA-75-5126","TCGA-75-5126-01A","TCGA-75-5126-01A-01D-1752-01","BURST_p_TCGA_b119_SNP_N_GenomeWideSNP_6_D05_787084.nocnv_grch38.seg.v2.txt","01f5d28e-fe75-4d58-9440-ea66f46006c4",150,1572579,2891432822,"TCGA-75-5126-01A-01R-1755-07","TCGA-75-5126-01A",TRUE
"TCGA-75-5146","TCGA-75-5146-01A","TCGA-75-5146-01A-01D-1624-01","DUNGS_p_TCGA_b84_115_SNP_N_GenomeWideSNP_6_D09_771502.nocnv_grch38.seg.v2.txt","1ed4a883-d255-4d45-8ef5-4d9ae896796f",231,1570448,2865001238,"TCGA-75-5146-01A-01R-1628-07","TCGA-75-5146-01A",TRUE
"TCGA-75-5147","TCGA-75-5147-01A","TCGA-75-5147-01A-01D-1624-01","DUNGS_p_TCGA_b84_115_SNP_N_GenomeWideSNP_6_C03_771494.nocnv_grch38.seg.v2.txt","2b9a389f-e9ba-479e-a101-ad0612fdec4d",262,1573341,2894299047,"TCGA-75-5147-01A-01R-1628-07","TCGA-75-5147-01A",TRUE
"TCGA-75-6203","TCGA-75-6203-01A","TCGA-75-6203-01A-11D-1752-01","BURST_p_TCGA_b119_SNP_N_GenomeWideSNP_6_A05_787110.nocnv_grch38.seg.v2.txt","d00a7fd7-9e6a-4417-a3c4-b265f989f131",68,1572498,2901055948,"TCGA-75-6203-01A-11R-1755-07","TCGA-75-6203-01A",TRUE
"TCGA-75-6205","TCGA-75-6205-01A","TCGA-75-6205-01A-11D-1752-01","BURST_p_TCGA_b119_SNP_N_GenomeWideSNP_6_E04_787166.nocnv_grch38.seg.v2.txt","5706c297-61f8-46f9-9fd0-6a9ca627620c",215,1573815,2900675079,"TCGA-75-6205-01A-11R-1755-07","TCGA-75-6205-01A",TRUE
"TCGA-75-6206","TCGA-75-6206-01A","TCGA-75-6206-01A-11D-1752-01","BURST_p_TCGA_b119_SNP_N_GenomeWideSNP_6_G10_787138.nocnv_grch38.seg.v2.txt","0e6621cc-bb2f-4e62-a0d7-ad9c93ce5bd4",227,1572554,2900626521,"TCGA-75-6206-01A-11R-1755-07","TCGA-75-6206-01A",TRUE
"TCGA-75-6207","TCGA-75-6207-01A","TCGA-75-6207-01A-11D-1752-01","BURST_p_TCGA_b119_SNP_N_GenomeWideSNP_6_E12_787208.nocnv_grch38.seg.v2.txt","a8466c33-c812-48aa-9c92-b5a19d944e1c",613,1572717,2886491399,"TCGA-75-6207-01A-11R-1755-07","TCGA-75-6207-01A",TRUE
"TCGA-75-6211","TCGA-75-6211-01A","TCGA-75-6211-01A-11D-1752-01","BURST_p_TCGA_b119_SNP_N_GenomeWideSNP_6_C07_787196.nocnv_grch38.seg.v2.txt","ca9e17f5-c828-4b3a-a85a-65c5b2a21ca0",908,1573471,2892333475,"TCGA-75-6211-01A-11R-1755-07","TCGA-75-6211-01A",TRUE
"TCGA-75-6212","TCGA-75-6212-01A","TCGA-75-6212-01A-11D-1752-01","BURST_p_TCGA_b119_SNP_N_GenomeWideSNP_6_F10_787116.nocnv_grch38.seg.v2.txt","18b29b92-40bc-4b1c-9840-19e07f974426",127,1573174,2900030051,"TCGA-75-6212-01A-11R-1755-07","TCGA-75-6212-01A",TRUE
"TCGA-75-6214","TCGA-75-6214-01A","TCGA-75-6214-01A-41D-1943-01","OCULI_p_TCGA_159_160_SNP_N_GenomeWideSNP_6_A09_831286.nocnv_grch38.seg.v2.txt","f71860a9-7091-4281-a4bd-04f5fbd4e61b",316,1572776,2880222818,"TCGA-75-6214-01A-41R-1949-07","TCGA-75-6214-01A",TRUE
"TCGA-75-7025","TCGA-75-7025-01A","TCGA-75-7025-01A-12D-1943-01","OCULI_p_TCGA_159_160_SNP_N_GenomeWideSNP_6_A12_831224.nocnv_grch38.seg.v2.txt","8066a37f-548f-4731-bd2e-20e054a7843f",69,1572513,2901043679,"TCGA-75-7025-01A-12R-1949-07","TCGA-75-7025-01A",TRUE
"TCGA-75-7027","TCGA-75-7027-01A","TCGA-75-7027-01A-11D-1943-01","OCULI_p_TCGA_159_160_SNP_N_GenomeWideSNP_6_F08_831206.nocnv_grch38.seg.v2.txt","068f2bd9-573a-4a8c-a086-fa8eee1b54dc",143,1572316,2874209954,"TCGA-75-7027-01A-11R-1949-07","TCGA-75-7027-01A",TRUE
"TCGA-75-7030","TCGA-75-7030-01A","TCGA-75-7030-01A-11D-1943-01","OCULI_p_TCGA_159_160_SNP_N_GenomeWideSNP_6_C09_831112.nocnv_grch38.seg.v2.txt","3e969111-ee29-434c-935e-368d7e32b8c4",66,1573232,2901042267,"TCGA-75-7030-01A-11R-1949-07","TCGA-75-7030-01A",TRUE
"TCGA-75-7031","TCGA-75-7031-01A","TCGA-75-7031-01A-11D-1943-01","OCULI_p_TCGA_159_160_SNP_N_GenomeWideSNP_6_C11_831136.nocnv_grch38.seg.v2.txt","dbd564cf-3e03-4fbb-8261-5abc653a53ec",508,1572973,2873149619,"TCGA-75-7031-01A-11R-1949-07","TCGA-75-7031-01A",TRUE
"TCGA-78-7143","TCGA-78-7143-01A","TCGA-78-7143-01A-11D-2035-01","GLYPH_p_TCGA_135_141_166_SNP_N_GenomeWideSNP_6_E10_902740.nocnv_grch38.seg.v2.txt","301ca9da-ec75-4de6-8529-35e13217e5da",340,1572151,2888165071,"TCGA-78-7143-01A-11R-2039-07","TCGA-78-7143-01A",TRUE
"TCGA-78-7145","TCGA-78-7145-01A","TCGA-78-7145-01A-11D-2035-01","GLYPH_p_TCGA_135_141_166_SNP_N_GenomeWideSNP_6_D04_902882.nocnv_grch38.seg.v2.txt","ac690523-700d-4bdc-b6ca-71bd664435bb",393,1571381,2886634262,"TCGA-78-7145-01A-11R-2039-07","TCGA-78-7145-01A",TRUE
"TCGA-78-7146","TCGA-78-7146-01A","TCGA-78-7146-01A-11D-2035-01","GLYPH_p_TCGA_135_141_166_SNP_N_GenomeWideSNP_6_G01_902792.nocnv_grch38.seg.v2.txt","ce4a72a2-7d07-4a24-8d49-42f1d75271be",514,1572274,2820695254,"TCGA-78-7146-01A-11R-2039-07","TCGA-78-7146-01A",TRUE
"TCGA-78-7147","TCGA-78-7147-01A","TCGA-78-7147-01A-11D-2035-01","GLYPH_p_TCGA_135_141_166_SNP_N_GenomeWideSNP_6_D11_902786.nocnv_grch38.seg.v2.txt","f2f45a0e-2d4d-4f7f-a13e-1472fb2c1a36",535,1572623,2881219188,"TCGA-78-7147-01A-11R-2039-07","TCGA-78-7147-01A",TRUE
"TCGA-78-7148","TCGA-78-7148-01A","TCGA-78-7148-01A-11D-2035-01","GLYPH_p_TCGA_135_141_166_SNP_N_GenomeWideSNP_6_G05_902812.nocnv_grch38.seg.v2.txt","0cb2928c-8223-4dd0-8b8d-9d2e9a10bc75",197,1572379,2874078679,"TCGA-78-7148-01A-11R-2039-07","TCGA-78-7148-01A",TRUE
"TCGA-78-7149","TCGA-78-7149-01A","TCGA-78-7149-01A-11D-2035-01","GLYPH_p_TCGA_135_141_166_SNP_N_GenomeWideSNP_6_B12_902794.nocnv_grch38.seg.v2.txt","7d8a2a65-b282-4789-9f9a-b7d599aa2562",227,1572715,2864244430,"TCGA-78-7149-01A-11R-2039-07","TCGA-78-7149-01A",TRUE
"TCGA-78-7150","TCGA-78-7150-01A","TCGA-78-7150-01A-21D-2035-01","GLYPH_p_TCGA_135_141_166_SNP_N_GenomeWideSNP_6_E06_902912.nocnv_grch38.seg.v2.txt","81e5055c-615b-4633-a373-c12173a75440",492,1572658,2884023955,"TCGA-78-7150-01A-21R-2039-07","TCGA-78-7150-01A",TRUE
"TCGA-78-7152","TCGA-78-7152-01A","TCGA-78-7152-01A-11D-2035-01","GLYPH_p_TCGA_135_141_166_SNP_N_GenomeWideSNP_6_C11_902846.nocnv_grch38.seg.v2.txt","8eb58bcf-01a8-4bc8-a501-bc984774d6d2",122,1572481,2882974062,"TCGA-78-7152-01A-11R-2039-07","TCGA-78-7152-01A",TRUE
"TCGA-78-7153","TCGA-78-7153-01A","TCGA-78-7153-01A-11D-2035-01","GLYPH_p_TCGA_135_141_166_SNP_N_GenomeWideSNP_6_D02_902830.nocnv_grch38.seg.v2.txt","553d187a-19e3-4389-926a-11e4ce19a0bd",376,1572535,2896214833,"TCGA-78-7153-01A-11R-2039-07","TCGA-78-7153-01A",TRUE
"TCGA-78-7154","TCGA-78-7154-01A","TCGA-78-7154-01A-11D-2035-01","GLYPH_p_TCGA_135_141_166_SNP_N_GenomeWideSNP_6_B04_902756.nocnv_grch38.seg.v2.txt","7ff54d62-a495-46f8-ac16-59f5d4dd03bf",611,1572072,2870779059,"TCGA-78-7154-01A-11R-2039-07","TCGA-78-7154-01A",TRUE
"TCGA-78-7155","TCGA-78-7155-01A","TCGA-78-7155-01A-11D-2035-01","GLYPH_p_TCGA_135_141_166_SNP_N_GenomeWideSNP_6_D08_902796.nocnv_grch38.seg.v2.txt","00a9cd7a-f609-4741-a261-79e844901abd",913,1572106,2819063848,"TCGA-78-7155-01A-11R-2039-07","TCGA-78-7155-01A",TRUE
"TCGA-78-7156","TCGA-78-7156-01A","TCGA-78-7156-01A-11D-2035-01","GLYPH_p_TCGA_135_141_166_SNP_N_GenomeWideSNP_6_D12_902798.nocnv_grch38.seg.v2.txt","895cd57d-a964-4be2-907f-4d25ee5a0b2c",144,1572342,2870296699,"TCGA-78-7156-01A-11R-2039-07","TCGA-78-7156-01A",TRUE
"TCGA-78-7158","TCGA-78-7158-01A","TCGA-78-7158-01A-11D-2035-01","GLYPH_p_TCGA_135_141_166_SNP_N_GenomeWideSNP_6_E03_902908.nocnv_grch38.seg.v2.txt","e549c6e8-c26c-46bb-8a70-05802d3a25a1",157,1572130,2868517181,"TCGA-78-7158-01A-11R-2039-07","TCGA-78-7158-01A",TRUE
"TCGA-78-7159","TCGA-78-7159-01A","TCGA-78-7159-01A-11D-2035-01","GLYPH_p_TCGA_135_141_166_SNP_N_GenomeWideSNP_6_E04_902898.nocnv_grch38.seg.v2.txt","c8aa6c5b-7f79-4921-a47c-37cdebe9dc25",314,1572645,2894419104,"TCGA-78-7159-01A-11R-2039-07","TCGA-78-7159-01A",TRUE
"TCGA-78-7160","TCGA-78-7160-01A","TCGA-78-7160-01A-11D-2035-01","GLYPH_p_TCGA_135_141_166_SNP_N_GenomeWideSNP_6_C04_902832.nocnv_grch38.seg.v2.txt","c96a371b-fe10-45f2-9703-4c1fbf2961a0",119,1572774,2873878583,"TCGA-78-7160-01A-11R-2039-07","TCGA-78-7160-01A",TRUE
"TCGA-78-7161","TCGA-78-7161-01A","TCGA-78-7161-01A-11D-2035-01","GLYPH_p_TCGA_135_141_166_SNP_N_GenomeWideSNP_6_E07_902844.nocnv_grch38.seg.v2.txt","132fea26-dd36-4dc1-9fab-69c4e23336ef",548,1572135,2896898255,"TCGA-78-7161-01A-11R-2039-07","TCGA-78-7161-01A",TRUE
"TCGA-78-7162","TCGA-78-7162-01A","TCGA-78-7162-01A-21D-2062-01","LEMUR_p_TCGA_116_163_164_183_N_GenomeWideSNP_6_B10_914418.nocnv_grch38.seg.v2.txt","89017133-b14b-4109-9c09-1d24f2e3a807",101,1573577,2900233123,"TCGA-78-7162-01A-21R-2066-07","TCGA-78-7162-01A",TRUE
"TCGA-78-7163","TCGA-78-7163-01A","TCGA-78-7163-01A-12D-2062-01","LEMUR_p_TCGA_116_163_164_183_N_GenomeWideSNP_6_B11_914468.nocnv_grch38.seg.v2.txt","4561c40e-e736-4f4c-b18a-62c43e149e07",195,1573351,2900210679,"TCGA-78-7163-01A-12R-2066-07","TCGA-78-7163-01A",TRUE
"TCGA-78-7166","TCGA-78-7166-01A","TCGA-78-7166-01A-12D-2062-01","NULLS_p_TCGA_183_185_186_SNP_N_GenomeWideSNP_6_C07_914300.nocnv_grch38.seg.v2.txt","026db526-551d-4f9d-a5e2-3fb81253e14d",88,1573678,2896055696,"TCGA-78-7166-01A-12R-2066-07","TCGA-78-7166-01A",TRUE
"TCGA-78-7167","TCGA-78-7167-01A","TCGA-78-7167-01A-11D-2062-01","NULLS_p_TCGA_183_185_186_SNP_N_GenomeWideSNP_6_C08_914270.nocnv_grch38.seg.v2.txt","fb8b6601-0148-413a-a37c-34cace07b150",269,1571683,2843128228,"TCGA-78-7167-01A-11R-2066-07","TCGA-78-7167-01A",TRUE
"TCGA-78-7220","TCGA-78-7220-01A","TCGA-78-7220-01A-11D-2035-01","GLYPH_p_TCGA_135_141_166_SNP_N_GenomeWideSNP_6_E11_902868.nocnv_grch38.seg.v2.txt","d4b9bf79-62a5-41d5-aaec-60f616705dfa",339,1571928,2883246879,"TCGA-78-7220-01A-11R-2039-07","TCGA-78-7220-01A",TRUE
"TCGA-78-7535","TCGA-78-7535-01A","TCGA-78-7535-01A-11D-2062-01","NULLS_p_TCGA_183_185_186_SNP_N_GenomeWideSNP_6_B04_914358.nocnv_grch38.seg.v2.txt","cf13271f-b2ac-4fbf-b9f9-31e67580dac4",170,1573825,2884439735,"TCGA-78-7535-01A-11R-2066-07","TCGA-78-7535-01A",TRUE
"TCGA-78-7536","TCGA-78-7536-01A","TCGA-78-7536-01A-11D-2062-01","NULLS_p_TCGA_183_185_186_SNP_N_GenomeWideSNP_6_B07_914240.nocnv_grch38.seg.v2.txt","e42d985e-e1ec-47e1-9d46-954453b66f43",601,1573294,2871621879,"TCGA-78-7536-01A-11R-2066-07","TCGA-78-7536-01A",TRUE
"TCGA-78-7537","TCGA-78-7537-01A","TCGA-78-7537-01A-11D-2062-01","NULLS_p_TCGA_183_185_186_SNP_N_GenomeWideSNP_6_B09_914266.nocnv_grch38.seg.v2.txt","fd02a7c7-e185-4596-bbb0-50d8da72401c",102,1573894,2874221085,"TCGA-78-7537-01A-11R-2066-07","TCGA-78-7537-01A",TRUE
"TCGA-78-7539","TCGA-78-7539-01A","TCGA-78-7539-01A-11D-2062-01","NULLS_p_TCGA_183_185_186_SNP_N_GenomeWideSNP_6_A04_914268.nocnv_grch38.seg.v2.txt","9f0e8364-72fb-4d33-b403-6af6889c049e",362,1572872,2857791477,"TCGA-78-7539-01A-11R-2066-07","TCGA-78-7539-01A",TRUE
"TCGA-78-7540","TCGA-78-7540-01A","TCGA-78-7540-01A-11D-2062-01","NULLS_p_TCGA_183_185_186_SNP_N_GenomeWideSNP_6_D10_914204.nocnv_grch38.seg.v2.txt","d2e13e01-a80b-4db2-bb05-0ee89fc1941c",93,1573869,2869396160,"TCGA-78-7540-01A-11R-2066-07","TCGA-78-7540-01A",TRUE
"TCGA-78-7542","TCGA-78-7542-01A","TCGA-78-7542-01A-21D-2062-01","NULLS_p_TCGA_183_185_186_SNP_N_GenomeWideSNP_6_A07_914312.nocnv_grch38.seg.v2.txt","1bb43ee2-7fe4-4f87-8569-e10cabec6fa4",565,1573519,2889923013,"TCGA-78-7542-01A-21R-2066-07","TCGA-78-7542-01A",TRUE
"TCGA-78-7633","TCGA-78-7633-01A","TCGA-78-7633-01A-11D-2062-01","NULLS_p_TCGA_183_185_186_SNP_N_GenomeWideSNP_6_A11_914290.nocnv_grch38.seg.v2.txt","a132cc46-1133-4968-bf57-ba7d73d21bb8",150,1573747,2869914958,"TCGA-78-7633-01A-11R-2066-07","TCGA-78-7633-01A",TRUE
"TCGA-78-8640","TCGA-78-8640-01A","TCGA-78-8640-01A-11D-2389-01","SHOWS_p_7TCGA_236_238_Mx_N_GenomeWideSNP_6_C03_1244554.nocnv_grch38.seg.v2.txt","1c9fd2d6-73f9-4852-a777-f64cde62899c",274,1566483,2895296818,"TCGA-78-8640-01A-11R-2403-07","TCGA-78-8640-01A",TRUE
"TCGA-78-8648","TCGA-78-8648-01A","TCGA-78-8648-01A-11D-2389-01","SHOWS_p_7TCGA_236_238_Mx_N_GenomeWideSNP_6_D01_1244608.nocnv_grch38.seg.v2.txt","3ef2dabf-e93c-43bf-814a-aa231449defc",59,1567924,2901028555,"TCGA-78-8648-01A-11R-2403-07","TCGA-78-8648-01A",TRUE
"TCGA-78-8655","TCGA-78-8655-01A","TCGA-78-8655-01A-11D-2389-01","SHOWS_p_7TCGA_236_238_Mx_N_GenomeWideSNP_6_D10_1244640.nocnv_grch38.seg.v2.txt","a4490a1f-c19c-4072-a2ca-61282e2918c6",119,1566771,2895123366,"TCGA-78-8655-01A-11R-2403-07","TCGA-78-8655-01A",TRUE
"TCGA-78-8660","TCGA-78-8660-01A","TCGA-78-8660-01A-11D-2389-01","SHOWS_p_7TCGA_236_238_Mx_N_GenomeWideSNP_6_E06_1244530.nocnv_grch38.seg.v2.txt","6c07995f-b919-493a-9254-76f7d79598cf",248,1567744,2892740697,"TCGA-78-8660-01A-11R-2403-07","TCGA-78-8660-01A",TRUE
"TCGA-78-8662","TCGA-78-8662-01A","TCGA-78-8662-01A-11D-2389-01","SHOWS_p_7TCGA_236_238_Mx_N_GenomeWideSNP_6_F03_1244588.nocnv_grch38.seg.v2.txt","482cf036-d94b-43da-9aee-4952684b4f75",471,1567987,2888651067,"TCGA-78-8662-01A-11R-2403-07","TCGA-78-8662-01A",TRUE
"TCGA-80-5607","TCGA-80-5607-01A","TCGA-80-5607-01A-31D-1943-01","OCULI_p_TCGA_159_160_SNP_N_GenomeWideSNP_6_A02_831214.nocnv_grch38.seg.v2.txt","2e5176c4-68e2-4c85-a96d-a006ce410162",81,1572602,2900905173,"TCGA-80-5607-01A-31R-1949-07","TCGA-80-5607-01A",TRUE
"TCGA-80-5608","TCGA-80-5608-01A","TCGA-80-5608-01A-31D-1943-01","OCULI_p_TCGA_159_160_SNP_N_GenomeWideSNP_6_E12_831210.nocnv_grch38.seg.v2.txt","f4434eb0-fb54-4890-8e6d-741ec9914be5",263,1572923,2865722171,"TCGA-80-5608-01A-31R-1949-07","TCGA-80-5608-01A",TRUE
"TCGA-80-5611","TCGA-80-5611-01A","TCGA-80-5611-01A-01D-1624-01","DUNGS_p_TCGA_b84_115_SNP_N_GenomeWideSNP_6_F04_771506.nocnv_grch38.seg.v2.txt","1abec306-c99b-446f-8f4b-0bb095c2b16d",359,1569333,2857043719,"TCGA-80-5611-01A-01R-1628-07","TCGA-80-5611-01A",TRUE
"TCGA-83-5908","TCGA-83-5908-01A","TCGA-83-5908-01A-21D-2283-01","BASIC_p_TCGASNP_219_221_223_N_GenomeWideSNP_6_F06_1148642.nocnv_grch38.seg.v2.txt","3f0544a7-a6c9-4ba1-bdd8-ba7888b3bab4",137,1568944,2900736768,"TCGA-83-5908-01A-21R-2287-07","TCGA-83-5908-01A",TRUE
"TCGA-86-6562","TCGA-86-6562-01A","TCGA-86-6562-01A-11D-1752-01","BURST_p_TCGA_b119_SNP_N_GenomeWideSNP_6_A02_787078.nocnv_grch38.seg.v2.txt","5e8c8cf1-7c6c-482c-9422-862ff01a31ee",144,1571054,2863378427,"TCGA-86-6562-01A-11R-1755-07","TCGA-86-6562-01A",TRUE
"TCGA-86-6851","TCGA-86-6851-01A","TCGA-86-6851-01A-11D-1943-01","OCULI_p_TCGA_159_160_SNP_N_GenomeWideSNP_6_H03_831170.nocnv_grch38.seg.v2.txt","5399efd9-6afb-43f1-aaef-551dd53d0665",286,1572964,2852282542,"TCGA-86-6851-01A-11R-1949-07","TCGA-86-6851-01A",TRUE
"TCGA-86-7701","TCGA-86-7701-01A","TCGA-86-7701-01A-11D-2166-01","BROSE_p_TCGASNP_195_196_197_N_GenomeWideSNP_6_E02_1039646.nocnv_grch38.seg.v2.txt","8cdc412c-9908-473f-97fe-8516ed48ba8c",314,1573795,2893924684,"TCGA-86-7701-01A-11R-2170-07","TCGA-86-7701-01A",TRUE
"TCGA-86-7711","TCGA-86-7711-01A","TCGA-86-7711-01A-11D-2062-01","NULLS_p_TCGA_183_185_186_SNP_N_GenomeWideSNP_6_C04_914320.nocnv_grch38.seg.v2.txt","e6cde20d-d2be-46ba-b552-4c8bb18a979e",219,1573915,2884686137,"TCGA-86-7711-01A-11R-2066-07","TCGA-86-7711-01A",TRUE
"TCGA-86-7713","TCGA-86-7713-01A","TCGA-86-7713-01A-11D-2062-01","NULLS_p_TCGA_183_185_186_SNP_N_GenomeWideSNP_6_A10_914230.nocnv_grch38.seg.v2.txt","66b622a8-9efd-4953-a28b-efad389c784f",431,1573730,2892825265,"TCGA-86-7713-01A-11R-2066-07","TCGA-86-7713-01A",TRUE
"TCGA-86-7714","TCGA-86-7714-01A","TCGA-86-7714-01A-12D-2166-01","BROSE_p_TCGASNP_195_196_197_N_GenomeWideSNP_6_H03_1039662.nocnv_grch38.seg.v2.txt","48993fce-339c-4ec2-a353-22e0e499d4a4",103,1573659,2900968268,"TCGA-86-7714-01A-12R-2170-07","TCGA-86-7714-01A",TRUE
"TCGA-86-7953","TCGA-86-7953-01A","TCGA-86-7953-01A-11D-2183-01","COAPT_p_TCGASNP_197_201_204_N_GenomeWideSNP_6_C05_1051384.nocnv_grch38.seg.v2.txt","216febf0-ffba-4d40-8591-7b05d61d52c2",312,1573292,2893071634,"TCGA-86-7953-01A-11R-2187-07","TCGA-86-7953-01A",TRUE
"TCGA-86-7954","TCGA-86-7954-01A","TCGA-86-7954-01A-11D-2183-01","COAPT_p_TCGASNP_197_201_204_N_GenomeWideSNP_6_A02_1051514.nocnv_grch38.seg.v2.txt","2727a745-f95f-4377-a264-5dac84a3dbb6",388,1571737,2893992295,"TCGA-86-7954-01A-11R-2187-07","TCGA-86-7954-01A",TRUE
"TCGA-86-7955","TCGA-86-7955-01A","TCGA-86-7955-01A-11D-2183-01","COAPT_p_TCGASNP_197_201_204_N_GenomeWideSNP_6_C03_1051484.nocnv_grch38.seg.v2.txt","c588966f-9011-4e53-a395-87be6f187b37",530,1572610,2833770103,"TCGA-86-7955-01A-11R-2187-07","TCGA-86-7955-01A",TRUE
"TCGA-86-8054","TCGA-86-8054-01A","TCGA-86-8054-01A-11D-2237-01","PALLS_p_TCGASNP_213_N_GenomeWideSNP_6_B01_1148088.nocnv_grch38.seg.v2.txt","d8b4d40c-1925-4fcb-9c09-58e4cc3c43cf",395,1571489,2861123321,"TCGA-86-8054-01A-11R-2241-07","TCGA-86-8054-01A",TRUE
"TCGA-86-8055","TCGA-86-8055-01A","TCGA-86-8055-01A-11D-2237-01","PALLS_p_TCGASNP_213_N_GenomeWideSNP_6_D01_1148050.nocnv_grch38.seg.v2.txt","496c0fd9-d622-42d5-bea3-5f9aace7f901",240,1571601,2900584690,"TCGA-86-8055-01A-11R-2241-07","TCGA-86-8055-01A",TRUE
"TCGA-86-8056","TCGA-86-8056-01A","TCGA-86-8056-01A-11D-2237-01","PALLS_p_TCGASNP_213_N_GenomeWideSNP_6_G02_1148158.nocnv_grch38.seg.v2.txt","28b378a6-fbd7-4980-b9a0-cd3841259b7e",244,1571929,2896590238,"TCGA-86-8056-01A-11R-2241-07","TCGA-86-8056-01A",TRUE
"TCGA-86-8073","TCGA-86-8073-01A","TCGA-86-8073-01A-11D-2237-01","PALLS_p_TCGASNP_213_N_GenomeWideSNP_6_D09_1148038.nocnv_grch38.seg.v2.txt","f1921823-df35-4bce-95ed-d2259170e6af",192,1572024,2889708881,"TCGA-86-8073-01A-11R-2241-07","TCGA-86-8073-01A",TRUE
"TCGA-86-8074","TCGA-86-8074-01A","TCGA-86-8074-01A-11D-2237-01","PALLS_p_TCGASNP_213_N_GenomeWideSNP_6_E04_1148028.nocnv_grch38.seg.v2.txt","533e6bf0-abc6-42b3-adf8-7db2fdca420a",260,1571071,2879999546,"TCGA-86-8074-01A-11R-2241-07","TCGA-86-8074-01A",TRUE
"TCGA-86-8075","TCGA-86-8075-01A","TCGA-86-8075-01A-11D-2237-01","PALLS_p_TCGASNP_213_N_GenomeWideSNP_6_C02_1148034.nocnv_grch38.seg.v2.txt","9909ef24-06e2-4fdc-ad8c-6a5a525552ed",304,1572122,2883620648,"TCGA-86-8075-01A-11R-2241-07","TCGA-86-8075-01A",TRUE
"TCGA-86-8076","TCGA-86-8076-01A","TCGA-86-8076-01A-31D-2237-01","PALLS_p_TCGASNP_213_N_GenomeWideSNP_6_C05_1148078.nocnv_grch38.seg.v2.txt","42340541-d750-4ffd-b852-28a4f2c5bf3b",45,1572012,2897424715,"TCGA-86-8076-01A-31R-2241-07","TCGA-86-8076-01A",TRUE
"TCGA-86-8278","TCGA-86-8278-01A","TCGA-86-8278-01A-11D-2283-01","BASIC_p_TCGASNP_219_221_223_N_GenomeWideSNP_6_E05_1148778.nocnv_grch38.seg.v2.txt","7621ad4e-67a8-40ac-a1ad-3aed62acbe48",122,1573389,2895749584,"TCGA-86-8278-01A-11R-2287-07","TCGA-86-8278-01A",TRUE
"TCGA-86-8279","TCGA-86-8279-01A","TCGA-86-8279-01A-11D-2283-01","BASIC_p_TCGASNP_219_221_223_N_GenomeWideSNP_6_H01_1148748.nocnv_grch38.seg.v2.txt","c6c514a7-b395-4c46-8e37-78beada75217",283,1573084,2870649288,"TCGA-86-8279-01A-11R-2287-07","TCGA-86-8279-01A",TRUE
"TCGA-86-8280","TCGA-86-8280-01A","TCGA-86-8280-01A-11D-2283-01","BASIC_p_TCGASNP_219_221_223_N_GenomeWideSNP_6_G01_1148610.nocnv_grch38.seg.v2.txt","842ebc0b-723a-471e-82d3-2146b53885ec",338,1573896,2877679075,"TCGA-86-8280-01A-11R-2287-07","TCGA-86-8280-01A",TRUE
"TCGA-86-8281","TCGA-86-8281-01A","TCGA-86-8281-01A-11D-2283-01","BASIC_p_TCGASNP_219_221_223_N_GenomeWideSNP_6_G08_1148718.nocnv_grch38.seg.v2.txt","4123a900-1723-4696-98c3-4bcc77aade36",95,1573550,2899523285,"TCGA-86-8281-01A-11R-2287-07","TCGA-86-8281-01A",TRUE
"TCGA-86-8358","TCGA-86-8358-01A","TCGA-86-8358-01A-11D-2322-01","RAMIE_p_6TCGA_250_232_4_236_N_GenomeWideSNP_6_B03_1245236.nocnv_grch38.seg.v2.txt","3e2f489f-0b9a-4ae1-8d8f-f452e3765146",833,1567381,2843474513,"TCGA-86-8358-01A-11R-2326-07","TCGA-86-8358-01A",TRUE
"TCGA-86-8359","TCGA-86-8359-01A","TCGA-86-8359-01A-11D-2322-01","RAMIE_p_6TCGA_250_232_4_236_N_GenomeWideSNP_6_B07_1245144.nocnv_grch38.seg.v2.txt","023c31b7-8e65-4591-874d-508ef388ed51",188,1570636,2863912193,"TCGA-86-8359-01A-11R-2326-07","TCGA-86-8359-01A",TRUE
"TCGA-86-8585","TCGA-86-8585-01A","TCGA-86-8585-01A-11D-2389-01","SHOWS_p_7TCGA_236_238_Mx_N_GenomeWideSNP_6_F11_1244618.nocnv_grch38.seg.v2.txt","3b4c4b90-c658-45bf-b490-a21e52ce3854",205,1567269,2894318162,"TCGA-86-8585-01A-11R-2403-07","TCGA-86-8585-01A",TRUE
"TCGA-86-8668","TCGA-86-8668-01A","TCGA-86-8668-01A-11D-2389-01","SHOWS_p_7TCGA_236_238_Mx_N_GenomeWideSNP_6_G07_1244596.nocnv_grch38.seg.v2.txt","b4dd2dba-4c89-48e8-b74a-bb8d55e85b25",210,1567657,2891775881,"TCGA-86-8668-01A-11R-2403-07","TCGA-86-8668-01A",TRUE
"TCGA-86-8669","TCGA-86-8669-01A","TCGA-86-8669-01A-11D-2389-01","SHOWS_p_7TCGA_236_238_Mx_N_GenomeWideSNP_6_H03_1244630.nocnv_grch38.seg.v2.txt","4bb00b63-0b98-499d-8117-427efa944c19",202,1567174,2900030004,"TCGA-86-8669-01A-11R-2403-07","TCGA-86-8669-01A",TRUE
"TCGA-86-8671","TCGA-86-8671-01A","TCGA-86-8671-01A-11D-2389-01","SHOWS_p_7TCGA_236_238_Mx_N_GenomeWideSNP_6_C04_1244626.nocnv_grch38.seg.v2.txt","2d87750f-ae23-483c-b78e-a4bdf38e0ace",164,1568190,2900745077,"TCGA-86-8671-01A-11R-2403-07","TCGA-86-8671-01A",TRUE
"TCGA-86-8672","TCGA-86-8672-01A","TCGA-86-8672-01A-21D-2389-01","SHOWS_p_7TCGA_236_238_Mx_N_GenomeWideSNP_6_D02_1244580.nocnv_grch38.seg.v2.txt","190219c4-2e66-44e3-a106-09b17be05453",219,1567849,2894334645,"TCGA-86-8672-01A-21R-2403-07","TCGA-86-8672-01A",TRUE
"TCGA-86-8673","TCGA-86-8673-01A","TCGA-86-8673-01A-11D-2389-01","SHOWS_p_7TCGA_236_238_Mx_N_GenomeWideSNP_6_D11_1244696.nocnv_grch38.seg.v2.txt","64e2ab05-f92f-47e9-aa21-6fd496f130f6",482,1568080,2878191792,"TCGA-86-8673-01A-11R-2403-07","TCGA-86-8673-01A",TRUE
"TCGA-86-8674","TCGA-86-8674-01A","TCGA-86-8674-01A-21D-2389-01","SHOWS_p_7TCGA_236_238_Mx_N_GenomeWideSNP_6_E07_1244664.nocnv_grch38.seg.v2.txt","9c0df482-6323-4fb9-930f-e4a2343250f9",67,1567997,2874285819,"TCGA-86-8674-01A-21R-2403-07","TCGA-86-8674-01A",TRUE
"TCGA-86-A456","TCGA-86-A456-01A","TCGA-86-A456-01A-11D-A24C-01","BUNGS_p_TCGA_257_258_N_GenomeWideSNP_6_B07_1301062.nocnv_grch38.seg.v2.txt","2fa93f39-a125-43b1-af1e-9e39239180e9",186,1569107,2893869791,"TCGA-86-A456-01A-11R-A24H-07","TCGA-86-A456-01A",TRUE
"TCGA-86-A4D0","TCGA-86-A4D0-01A","TCGA-86-A4D0-01A-11D-A24C-01","BUNGS_p_TCGA_257_258_N_GenomeWideSNP_6_B12_1301092.nocnv_grch38.seg.v2.txt","f44c4488-7cad-480b-ae64-95d4eb3adc72",411,1569037,2866535962,"TCGA-86-A4D0-01A-11R-A24H-07","TCGA-86-A4D0-01A",TRUE
"TCGA-86-A4JF","TCGA-86-A4JF-01A","TCGA-86-A4JF-01A-11D-A24O-01","TAROK_p_TCGA_264_N_GenomeWideSNP_6_A06_1306510.nocnv_grch38.seg.v2.txt","edf33098-d6fb-42a9-9530-192e24744b7e",102,1571625,2886101320,"TCGA-86-A4JF-01A-11R-A24X-07","TCGA-86-A4JF-01A",TRUE
"TCGA-86-A4P7","TCGA-86-A4P7-01A","TCGA-86-A4P7-01A-11D-A24O-01","TAROK_p_TCGA_264_N_GenomeWideSNP_6_B01_1306548.nocnv_grch38.seg.v2.txt","bd7d9508-a2b1-472f-84c9-f090f3257fba",125,1570822,2900633838,"TCGA-86-A4P7-01A-11R-A24X-07","TCGA-86-A4P7-01A",TRUE
"TCGA-86-A4P8","TCGA-86-A4P8-01A","TCGA-86-A4P8-01A-11D-A24O-01","TAROK_p_TCGA_264_N_GenomeWideSNP_6_B02_1306522.nocnv_grch38.seg.v2.txt","3ece32e5-83cd-4c15-be36-8ad76bda8160",41,1571206,2901085871,"TCGA-86-A4P8-01A-11R-A24X-07","TCGA-86-A4P8-01A",TRUE
"TCGA-91-6828","TCGA-91-6828-01A","TCGA-91-6828-01A-11D-1854-01","IMPLY_p_TCGA_b127_144_SNP_N_GenomeWideSNP_6_A12_808362.nocnv_grch38.seg.v2.txt","8ffb5e7f-f03f-488d-82ab-11f1fae515dd",221,1572366,2884846297,"TCGA-91-6828-01A-11R-1858-07","TCGA-91-6828-01A",TRUE
"TCGA-91-6829","TCGA-91-6829-01A","TCGA-91-6829-01A-21D-1854-01","IMPLY_p_TCGA_b127_144_SNP_N_GenomeWideSNP_6_D10_808344.nocnv_grch38.seg.v2.txt","9af3a06a-775f-48cc-b410-a2e039b41daf",296,1572344,2857385077,"TCGA-91-6829-01A-21R-1858-07","TCGA-91-6829-01A",TRUE
"TCGA-91-6830","TCGA-91-6830-01A","TCGA-91-6830-01A-11D-1943-01","OCULI_p_TCGA_159_160_SNP_N_GenomeWideSNP_6_C07_831278.nocnv_grch38.seg.v2.txt","afdba6d2-c5dd-494c-b997-8854e9cb770b",97,1572998,2900091022,"TCGA-91-6830-01A-11R-1949-07","TCGA-91-6830-01A",TRUE
"TCGA-91-6831","TCGA-91-6831-01A","TCGA-91-6831-01A-11D-1854-01","IMPLY_p_TCGA_b127_144_SNP_N_GenomeWideSNP_6_B09_808420.nocnv_grch38.seg.v2.txt","3646baa9-08e0-48c0-8e23-31b6f0e64863",430,1572421,2852173069,"TCGA-91-6831-01A-11R-1858-07","TCGA-91-6831-01A",TRUE
"TCGA-91-6835","TCGA-91-6835-01A","TCGA-91-6835-01A-11D-1854-01","IMPLY_p_TCGA_b127_144_SNP_N_GenomeWideSNP_6_C03_808390.nocnv_grch38.seg.v2.txt","be7b13f0-371b-4d9d-af93-f482e45acd13",116,1571713,2869625642,"TCGA-91-6835-01A-11R-1858-07","TCGA-91-6835-01A",TRUE
"TCGA-91-6836","TCGA-91-6836-01A","TCGA-91-6836-01A-21D-1854-01","IMPLY_p_TCGA_b127_144_SNP_N_GenomeWideSNP_6_C06_808490.nocnv_grch38.seg.v2.txt","f5c2f87f-c4c6-4902-9cd4-9faf00760a33",571,1571934,2860657992,"TCGA-91-6836-01A-21R-1858-07","TCGA-91-6836-01A",TRUE
"TCGA-91-6840","TCGA-91-6840-01A","TCGA-91-6840-01A-11D-1943-01","OCULI_p_TCGA_159_160_SNP_N_GenomeWideSNP_6_B01_831116.nocnv_grch38.seg.v2.txt","e522b2b3-eabb-4e4e-b8a6-cee2f3dae0ee",420,1572217,2878401767,"TCGA-91-6840-01A-11R-1949-07","TCGA-91-6840-01A",TRUE
"TCGA-91-6847","TCGA-91-6847-01A","TCGA-91-6847-01A-11D-1943-01","OCULI_p_TCGA_159_160_SNP_N_GenomeWideSNP_6_C08_831272.nocnv_grch38.seg.v2.txt","bd42c4a4-9265-4d6d-a581-72e3b27beb59",481,1570085,2889854134,"TCGA-91-6847-01A-11R-1949-07","TCGA-91-6847-01A",TRUE
"TCGA-91-6848","TCGA-91-6848-01A","TCGA-91-6848-01A-11D-1943-01","OCULI_p_TCGA_159_160_SNP_N_GenomeWideSNP_6_H04_831276.nocnv_grch38.seg.v2.txt","17c02f48-b544-45ad-8f10-62292b26d04d",644,1572563,2885267132,"TCGA-91-6848-01A-11R-1949-07","TCGA-91-6848-01A",TRUE
"TCGA-91-6849","TCGA-91-6849-01A","TCGA-91-6849-01A-11D-1943-01","OCULI_p_TCGA_159_160_SNP_N_GenomeWideSNP_6_B02_831218.nocnv_grch38.seg.v2.txt","dba60d06-6318-47ad-a4d3-9a977e9e5d4b",88,1571722,2844453127,"TCGA-91-6849-01A-11R-1949-07","TCGA-91-6849-01A",TRUE
"TCGA-91-7771","TCGA-91-7771-01A","TCGA-91-7771-01A-11D-2166-01","BROSE_p_TCGASNP_195_196_197_N_GenomeWideSNP_6_B02_1039708.nocnv_grch38.seg.v2.txt","2925e8ba-d1cd-421c-a906-c638e5528478",656,1573353,2860946516,"TCGA-91-7771-01A-11R-2170-07","TCGA-91-7771-01A",TRUE
"TCGA-91-8496","TCGA-91-8496-01A","TCGA-91-8496-01A-11D-2389-01","SHOWS_p_7TCGA_236_238_Mx_N_GenomeWideSNP_6_F04_1244560.nocnv_grch38.seg.v2.txt","e28ac114-fe79-4ef9-aeb3-c0f6c1f93f6a",134,1567738,2859028514,"TCGA-91-8496-01A-11R-2403-07","TCGA-91-8496-01A",TRUE
"TCGA-91-8497","TCGA-91-8497-01A","TCGA-91-8497-01A-11D-2389-01","SHOWS_p_7TCGA_236_238_Mx_N_GenomeWideSNP_6_F12_1244642.nocnv_grch38.seg.v2.txt","2f6379eb-eb71-4ca5-9897-0e2d4425bc1e",134,1566846,2874073508,"TCGA-91-8497-01A-11R-2403-07","TCGA-91-8497-01A",TRUE
"TCGA-91-8499","TCGA-91-8499-01A","TCGA-91-8499-01A-11D-2389-01","SHOWS_p_7TCGA_236_238_Mx_N_GenomeWideSNP_6_G08_1244668.nocnv_grch38.seg.v2.txt","dd4ab024-1ad7-4ece-8451-b3592e9d8959",670,1564841,2871706411,"TCGA-91-8499-01A-11R-2403-07","TCGA-91-8499-01A",TRUE
"TCGA-91-A4BC","TCGA-91-A4BC-01A","TCGA-91-A4BC-01A-11D-A24C-01","BUNGS_p_TCGA_257_258_N_GenomeWideSNP_6_C05_1301016.nocnv_grch38.seg.v2.txt","35862eb5-aaf2-4b03-9ebe-7f622260dab0",217,1569091,2898915592,"TCGA-91-A4BC-01A-11R-A24H-07","TCGA-91-A4BC-01A",TRUE
"TCGA-91-A4BD","TCGA-91-A4BD-01A","TCGA-91-A4BD-01A-11D-A24C-01","BUNGS_p_TCGA_257_258_N_GenomeWideSNP_6_C10_1300952.nocnv_grch38.seg.v2.txt","1ec915da-e300-4169-b7be-7ab4b61af1ef",44,1569195,2901107760,"TCGA-91-A4BD-01A-11R-A24H-07","TCGA-91-A4BD-01A",TRUE
"TCGA-93-7347","TCGA-93-7347-01A","TCGA-93-7347-01A-11D-2183-01","COAPT_p_TCGASNP_197_201_204_N_GenomeWideSNP_6_A07_1051398.nocnv_grch38.seg.v2.txt","ab63abc0-c4a9-4d54-add0-078d7f1ceec7",104,1573252,2898328823,"TCGA-93-7347-01A-11R-2187-07","TCGA-93-7347-01A",TRUE
"TCGA-93-7348","TCGA-93-7348-01A","TCGA-93-7348-01A-21D-2035-01","GLYPH_p_TCGA_135_141_166_SNP_N_GenomeWideSNP_6_B05_902910.nocnv_grch38.seg.v2.txt","b45678cd-7050-4f06-81fb-8942b77fc7af",75,1569402,2886425920,"TCGA-93-7348-01A-21R-2039-07","TCGA-93-7348-01A",TRUE
"TCGA-93-8067","TCGA-93-8067-01A","TCGA-93-8067-01A-11D-2283-01","BASIC_p_TCGASNP_219_221_223_N_GenomeWideSNP_6_G09_1148772.nocnv_grch38.seg.v2.txt","74402b4a-1429-445b-98fa-f1950f04810e",554,1573618,2883483744,"TCGA-93-8067-01A-11R-2287-07","TCGA-93-8067-01A",TRUE
"TCGA-93-A4JN","TCGA-93-A4JN-01A","TCGA-93-A4JN-01A-11D-A24O-01","TAROK_p_TCGA_264_N_GenomeWideSNP_6_B03_1306632.nocnv_grch38.seg.v2.txt","23e0530e-5039-44f9-a4a7-05096f10f31a",148,1571084,2900210545,"TCGA-93-A4JN-01A-11R-A24X-07","TCGA-93-A4JN-01A",TRUE
"TCGA-93-A4JO","TCGA-93-A4JO-01A","TCGA-93-A4JO-01A-21D-A24O-01","TAROK_p_TCGA_264_N_GenomeWideSNP_6_B04_1306628.nocnv_grch38.seg.v2.txt","b26c8dda-1751-4bc0-96b9-1059b69d0803",164,1571627,2873988983,"TCGA-93-A4JO-01A-21R-A24X-07","TCGA-93-A4JO-01A",TRUE
"TCGA-93-A4JP","TCGA-93-A4JP-01A","TCGA-93-A4JP-01A-11D-A24O-01","TAROK_p_TCGA_264_N_GenomeWideSNP_6_B05_1306520.nocnv_grch38.seg.v2.txt","38c64410-8d90-49bd-a74e-af15b7b6737c",155,1571926,2894962785,"TCGA-93-A4JP-01A-11R-A24X-07","TCGA-93-A4JP-01A",TRUE
"TCGA-93-A4JQ","TCGA-93-A4JQ-01A","TCGA-93-A4JQ-01A-11D-A24O-01","TAROK_p_TCGA_264_N_GenomeWideSNP_6_B06_1306586.nocnv_grch38.seg.v2.txt","0080b1c1-7fc7-48be-979b-3f3400080e39",317,1571949,2899468293,"TCGA-93-A4JQ-01A-11R-A24X-07","TCGA-93-A4JQ-01A",TRUE
"TCGA-95-7039","TCGA-95-7039-01A","TCGA-95-7039-01A-11D-1943-01","OCULI_p_TCGA_159_160_SNP_N_GenomeWideSNP_6_F04_831282.nocnv_grch38.seg.v2.txt","300aa27e-6c9c-41eb-b5d5-24dcc62064f3",520,1572865,2860316492,"TCGA-95-7039-01A-11R-1949-07","TCGA-95-7039-01A",TRUE
"TCGA-95-7043","TCGA-95-7043-01A","TCGA-95-7043-01A-11D-1943-01","OCULI_p_TCGA_159_160_SNP_N_GenomeWideSNP_6_C04_831252.nocnv_grch38.seg.v2.txt","5f56b47e-4809-4bf8-b155-6ffa7ef4408b",486,1571512,2824028487,"TCGA-95-7043-01A-11R-1949-07","TCGA-95-7043-01A",TRUE
"TCGA-95-7562","TCGA-95-7562-01A","TCGA-95-7562-01A-11D-2237-01","PALLS_p_TCGASNP_213_N_GenomeWideSNP_6_F06_1148116.nocnv_grch38.seg.v2.txt","99d0cb98-aa5b-457c-8959-0e47dd6eb1a2",178,1568422,2879157494,"TCGA-95-7562-01A-11R-2241-07","TCGA-95-7562-01A",TRUE
"TCGA-95-7567","TCGA-95-7567-01A","TCGA-95-7567-01A-11D-2062-01","NULLS_p_TCGA_183_185_186_SNP_N_GenomeWideSNP_6_D01_914208.nocnv_grch38.seg.v2.txt","9da27907-449b-4940-82a5-402da92ae91d",417,1573516,2856937760,"TCGA-95-7567-01A-11R-2066-07","TCGA-95-7567-01A",TRUE
"TCGA-95-7944","TCGA-95-7944-01A","TCGA-95-7944-01A-11D-2183-01","COAPT_p_TCGASNP_197_201_204_N_GenomeWideSNP_6_H09_1051378.nocnv_grch38.seg.v2.txt","31992e33-6cdf-4166-a411-d7e14d9a27af",181,1573340,2899600441,"TCGA-95-7944-01A-11R-2187-07","TCGA-95-7944-01A",TRUE
"TCGA-95-7947","TCGA-95-7947-01A","TCGA-95-7947-01A-11D-2183-01","COAPT_p_TCGASNP_197_201_204_N_GenomeWideSNP_6_C01_1051428.nocnv_grch38.seg.v2.txt","cb160b5c-e035-4478-9b25-ea6626cb32f8",271,1572846,2842040598,"TCGA-95-7947-01A-11R-2187-07","TCGA-95-7947-01A",TRUE
"TCGA-95-7948","TCGA-95-7948-01A","TCGA-95-7948-01A-11D-2183-01","COAPT_p_TCGASNP_197_201_204_N_GenomeWideSNP_6_B12_1051416.nocnv_grch38.seg.v2.txt","5631bc38-4ea7-48ef-9703-9beb54b39fa9",169,1571418,2900155392,"TCGA-95-7948-01A-11R-2187-07","TCGA-95-7948-01A",TRUE
"TCGA-95-8039","TCGA-95-8039-01A","TCGA-95-8039-01A-11D-2237-01","PALLS_p_TCGASNP_213_N_GenomeWideSNP_6_B02_1148102.nocnv_grch38.seg.v2.txt","d4cdcc6b-85d2-4bdd-aa8f-3dff816c55b7",148,1570033,2896821167,"TCGA-95-8039-01A-11R-2241-07","TCGA-95-8039-01A",TRUE
"TCGA-95-8494","TCGA-95-8494-01A","TCGA-95-8494-01A-11D-2322-01","RAMIE_p_6TCGA_250_232_4_236_N_GenomeWideSNP_6_B11_1245162.nocnv_grch38.seg.v2.txt","27508f09-f099-4840-88f1-317b5249b4ad",218,1569290,2891528923,"TCGA-95-8494-01A-11R-2326-07","TCGA-95-8494-01A",TRUE
"TCGA-95-A4VK","TCGA-95-A4VK-01A","TCGA-95-A4VK-01A-11D-A25M-01","DRAMA_p_TCGA_276_278_N_GenomeWideSNP_6_D05_1322480.nocnv_grch38.seg.v2.txt","aa153556-d066-45cb-a8bb-16ea9d217a0d",227,1570163,2855067621,"TCGA-95-A4VK-01A-11R-A262-07","TCGA-95-A4VK-01A",TRUE
"TCGA-95-A4VN","TCGA-95-A4VN-01A","TCGA-95-A4VN-01A-11D-A25M-01","DRAMA_p_TCGA_276_278_N_GenomeWideSNP_6_D10_1322336.nocnv_grch38.seg.v2.txt","a22ce15f-8235-43ac-8e1e-9a4a04e45d28",155,1571025,2900878925,"TCGA-95-A4VN-01A-11R-A262-07","TCGA-95-A4VN-01A",TRUE
"TCGA-95-A4VP","TCGA-95-A4VP-01A","TCGA-95-A4VP-01A-21D-A25M-01","DRAMA_p_TCGA_276_278_N_GenomeWideSNP_6_B11_1322498.nocnv_grch38.seg.v2.txt","dad280e3-147d-4ded-8528-1a0aa17cc25d",208,1567438,2873952529,"TCGA-95-A4VP-01A-21R-A262-07","TCGA-95-A4VP-01A",TRUE
"TCGA-97-7546","TCGA-97-7546-01A","TCGA-97-7546-01A-11D-2035-01","GLYPH_p_TCGA_135_141_166_SNP_N_GenomeWideSNP_6_C08_902758.nocnv_grch38.seg.v2.txt","040941a9-bc0a-4054-9d43-b8b66802d07e",129,1572197,2879884477,"TCGA-97-7546-01A-11R-2039-07","TCGA-97-7546-01A",TRUE
"TCGA-97-7547","TCGA-97-7547-01A","TCGA-97-7547-01A-11D-2035-01","GLYPH_p_TCGA_135_141_166_SNP_N_GenomeWideSNP_6_F09_902876.nocnv_grch38.seg.v2.txt","f19cbb8f-838e-4218-9cd8-7f77db8c6fb3",269,1571633,2895907906,"TCGA-97-7547-01A-11R-2039-07","TCGA-97-7547-01A",TRUE
"TCGA-97-7552","TCGA-97-7552-01A","TCGA-97-7552-01A-11D-2035-01","GLYPH_p_TCGA_135_141_166_SNP_N_GenomeWideSNP_6_C09_902918.nocnv_grch38.seg.v2.txt","838c2287-0144-44d1-91e9-2309490cbfc6",76,1572835,2900952611,"TCGA-97-7552-01A-11R-2039-07","TCGA-97-7552-01A",TRUE
"TCGA-97-7553","TCGA-97-7553-01A","TCGA-97-7553-01A-21D-2035-01","GLYPH_p_TCGA_135_141_166_SNP_N_GenomeWideSNP_6_C06_902854.nocnv_grch38.seg.v2.txt","15755421-0d2e-41e4-b766-3d1eac5ce537",127,1572905,2894198219,"TCGA-97-7553-01A-21R-2039-07","TCGA-97-7553-01A",TRUE
"TCGA-97-7554","TCGA-97-7554-01A","TCGA-97-7554-01A-11D-2035-01","GLYPH_p_TCGA_135_141_166_SNP_N_GenomeWideSNP_6_C07_902782.nocnv_grch38.seg.v2.txt","8660cd0d-39dd-43d6-9296-1868977e44f1",302,1572812,2840426423,"TCGA-97-7554-01A-11R-2039-07","TCGA-97-7554-01A",TRUE
"TCGA-97-7937","TCGA-97-7937-01A","TCGA-97-7937-01A-11D-2166-01","BROSE_p_TCGASNP_195_196_197_N_GenomeWideSNP_6_G05_1039716.nocnv_grch38.seg.v2.txt","a163b78e-b83e-4e4b-9fdd-fede826ceb9e",337,1573438,2873127379,"TCGA-97-7937-01A-11R-2170-07","TCGA-97-7937-01A",TRUE
"TCGA-97-7938","TCGA-97-7938-01A","TCGA-97-7938-01A-11D-2166-01","BROSE_p_TCGASNP_195_196_197_N_GenomeWideSNP_6_E10_1039660.nocnv_grch38.seg.v2.txt","110b2934-1ee0-47dd-9be3-d46f93c682f3",87,1573565,2867370832,"TCGA-97-7938-01A-11R-2170-07","TCGA-97-7938-01A",TRUE
"TCGA-97-7941","TCGA-97-7941-01A","TCGA-97-7941-01A-11D-2183-01","COAPT_p_TCGASNP_197_201_204_N_GenomeWideSNP_6_A03_1051474.nocnv_grch38.seg.v2.txt","78fbf778-d1c0-4644-a546-6a628874d52a",61,1572416,2901001373,"TCGA-97-7941-01A-11R-2187-07","TCGA-97-7941-01A",TRUE
"TCGA-97-8171","TCGA-97-8171-01A","TCGA-97-8171-01A-11D-2283-01","BASIC_p_TCGASNP_219_221_223_N_GenomeWideSNP_6_F08_1148660.nocnv_grch38.seg.v2.txt","bee7099d-6443-47c1-8043-16f39774c0fe",450,1568694,2879551999,"TCGA-97-8171-01A-11R-2287-07","TCGA-97-8171-01A",TRUE
"TCGA-97-8172","TCGA-97-8172-01A","TCGA-97-8172-01A-11D-2283-01","BASIC_p_TCGASNP_219_221_223_N_GenomeWideSNP_6_F10_1148744.nocnv_grch38.seg.v2.txt","ec596d3d-aa83-4522-b6db-4cfe40807e5f",100,1573912,2866213604,"TCGA-97-8172-01A-11R-2287-07","TCGA-97-8172-01A",TRUE
"TCGA-97-8174","TCGA-97-8174-01A","TCGA-97-8174-01A-11D-2283-01","BASIC_p_TCGASNP_219_221_223_N_GenomeWideSNP_6_G12_1148618.nocnv_grch38.seg.v2.txt","73e39095-4b17-43c9-9b92-6dfcf3401754",257,1573317,2896523059,"TCGA-97-8174-01A-11R-2287-07","TCGA-97-8174-01A",TRUE
"TCGA-97-8175","TCGA-97-8175-01A","TCGA-97-8175-01A-11D-2283-01","BASIC_p_TCGASNP_219_221_223_N_GenomeWideSNP_6_F12_1148620.nocnv_grch38.seg.v2.txt","cb1ad3b7-cb57-4d0c-9718-beb3b1ca3e9e",182,1573648,2850169428,"TCGA-97-8175-01A-11R-2287-07","TCGA-97-8175-01A",TRUE
"TCGA-97-8176","TCGA-97-8176-01A","TCGA-97-8176-01A-11D-2389-01","SHOWS_p_7TCGA_236_238_Mx_N_GenomeWideSNP_6_H04_1244692.nocnv_grch38.seg.v2.txt","d4239de6-9f95-4ed8-a132-d5358c33a648",119,1566807,2898950016,"TCGA-97-8176-01A-11R-2403-07","TCGA-97-8176-01A",TRUE
"TCGA-97-8177","TCGA-97-8177-01A","TCGA-97-8177-01A-11D-2283-01","BASIC_p_TCGASNP_219_221_223_N_GenomeWideSNP_6_G02_1148768.nocnv_grch38.seg.v2.txt","f3f4dcb3-0af7-4a61-9808-131e3a5696f8",491,1573552,2845178931,"TCGA-97-8177-01A-11R-2287-07","TCGA-97-8177-01A",TRUE
"TCGA-97-8179","TCGA-97-8179-01A","TCGA-97-8179-01A-11D-2283-01","BASIC_p_TCGASNP_219_221_223_N_GenomeWideSNP_6_F05_1148716.nocnv_grch38.seg.v2.txt","b94568e6-1760-496d-80c5-9ad6182283a4",123,1569096,2900149768,"TCGA-97-8179-01A-11R-2287-07","TCGA-97-8179-01A",TRUE
"TCGA-97-8547","TCGA-97-8547-01A","TCGA-97-8547-01A-11D-2389-01","SHOWS_p_7TCGA_236_238_Mx_N_GenomeWideSNP_6_C05_1244520.nocnv_grch38.seg.v2.txt","98c94c57-1b01-4a12-9cf4-30161350d987",293,1566666,2889474175,"TCGA-97-8547-01A-11R-2403-07","TCGA-97-8547-01A",TRUE
"TCGA-97-8552","TCGA-97-8552-01A","TCGA-97-8552-01A-11D-2389-01","SHOWS_p_7TCGA_236_238_Mx_N_GenomeWideSNP_6_D03_1244662.nocnv_grch38.seg.v2.txt","8546b5dc-43ce-486d-93cf-2c16b83c9d4e",142,1567373,2900092799,"TCGA-97-8552-01A-11R-2403-07","TCGA-97-8552-01A",TRUE
"TCGA-97-A4LX","TCGA-97-A4LX-01A","TCGA-97-A4LX-01A-11D-A24O-01","TAROK_p_TCGA_264_N_GenomeWideSNP_6_C01_1306610.nocnv_grch38.seg.v2.txt","4e4799de-7373-4d40-9610-839d34efe957",161,1571656,2873134669,"TCGA-97-A4LX-01A-11R-A24X-07","TCGA-97-A4LX-01A",TRUE
"TCGA-97-A4M0","TCGA-97-A4M0-01A","TCGA-97-A4M0-01A-11D-A24O-01","TAROK_p_TCGA_264_N_GenomeWideSNP_6_C02_1306574.nocnv_grch38.seg.v2.txt","f1056708-0fd8-46de-9d33-8bbcd7fe0c8d",203,1571805,2814533375,"TCGA-97-A4M0-01A-11R-A24X-07","TCGA-97-A4M0-01A",TRUE
"TCGA-97-A4M1","TCGA-97-A4M1-01A","TCGA-97-A4M1-01A-11D-A24O-01","TAROK_p_TCGA_264_N_GenomeWideSNP_6_C03_1306492.nocnv_grch38.seg.v2.txt","75458cc0-4fe8-43fa-acde-0f0993661a20",409,1571944,2886388505,"TCGA-97-A4M1-01A-11R-A24X-07","TCGA-97-A4M1-01A",TRUE
"TCGA-97-A4M2","TCGA-97-A4M2-01A","TCGA-97-A4M2-01A-12D-A24O-01","TAROK_p_TCGA_264_N_GenomeWideSNP_6_C04_1306616.nocnv_grch38.seg.v2.txt","6f2eb06a-28db-4a18-aaec-e1d38a125ee2",113,1571986,2874187999,"TCGA-97-A4M2-01A-12R-A24X-07","TCGA-97-A4M2-01A",TRUE
"TCGA-97-A4M3","TCGA-97-A4M3-01A","TCGA-97-A4M3-01A-11D-A24O-01","TAROK_p_TCGA_264_N_GenomeWideSNP_6_C05_1306530.nocnv_grch38.seg.v2.txt","f74a931d-07dd-4de1-acc4-3e0f478163e7",355,1571944,2867408903,"TCGA-97-A4M3-01A-11R-A24X-07","TCGA-97-A4M3-01A",TRUE
"TCGA-97-A4M5","TCGA-97-A4M5-01A","TCGA-97-A4M5-01A-11D-A24O-01","TAROK_p_TCGA_264_N_GenomeWideSNP_6_C06_1306498.nocnv_grch38.seg.v2.txt","8b2d54fa-9bb3-40b3-abc0-dd6062a0067f",110,1571421,2900779349,"TCGA-97-A4M5-01A-11R-A24X-07","TCGA-97-A4M5-01A",TRUE
"TCGA-97-A4M6","TCGA-97-A4M6-01A","TCGA-97-A4M6-01A-11D-A24O-01","TAROK_p_TCGA_264_N_GenomeWideSNP_6_D01_1306532.nocnv_grch38.seg.v2.txt","67f2eebb-bb1e-4382-9477-b138fa92042a",135,1569047,2895081621,"TCGA-97-A4M6-01A-11R-A24X-07","TCGA-97-A4M6-01A",TRUE
"TCGA-97-A4M7","TCGA-97-A4M7-01A","TCGA-97-A4M7-01A-11D-A24O-01","TAROK_p_TCGA_264_N_GenomeWideSNP_6_D02_1306592.nocnv_grch38.seg.v2.txt","bbaa498d-4bbc-4b8c-b963-e0ff3d96df16",193,1570768,2900520967,"TCGA-97-A4M7-01A-11R-A24X-07","TCGA-97-A4M7-01A",TRUE
"TCGA-99-7458","TCGA-99-7458-01A","TCGA-99-7458-01A-11D-2035-01","GLYPH_p_TCGA_135_141_166_SNP_N_GenomeWideSNP_6_C12_902764.nocnv_grch38.seg.v2.txt","1cc6c565-4b3b-4f88-8ba7-9b2e76374f55",139,1572717,2897759476,"TCGA-99-7458-01A-11R-2039-07","TCGA-99-7458-01A",TRUE
"TCGA-99-8025","TCGA-99-8025-01A","TCGA-99-8025-01A-11D-2237-01","PALLS_p_TCGASNP_213_N_GenomeWideSNP_6_D02_1148058.nocnv_grch38.seg.v2.txt","bd8bb0ff-ae2e-48de-a978-805c9fe7d7e9",335,1571846,2840153009,"TCGA-99-8025-01A-11R-2241-07","TCGA-99-8025-01A",TRUE
"TCGA-99-8028","TCGA-99-8028-01A","TCGA-99-8028-01A-11D-2237-01","PALLS_p_TCGASNP_213_N_GenomeWideSNP_6_H07_1148206.nocnv_grch38.seg.v2.txt","af9565e2-ef46-4a8f-876e-2e6e7220280f",199,1570669,2900286252,"TCGA-99-8028-01A-11R-2241-07","TCGA-99-8028-01A",TRUE
"TCGA-99-8032","TCGA-99-8032-01A","TCGA-99-8032-01A-11D-2237-01","PALLS_p_TCGASNP_213_N_GenomeWideSNP_6_B08_1148180.nocnv_grch38.seg.v2.txt","e2bc4bfc-df30-4077-a626-d3b34a106ed7",179,1571247,2900592870,"TCGA-99-8032-01A-11R-2241-07","TCGA-99-8032-01A",TRUE
"TCGA-99-8033","TCGA-99-8033-01A","TCGA-99-8033-01A-11D-2237-01","PALLS_p_TCGASNP_213_N_GenomeWideSNP_6_A01_1148064.nocnv_grch38.seg.v2.txt","2557e6de-4f50-4b1f-a1f3-9fae683d41e9",137,1571069,2898314399,"TCGA-99-8033-01A-11R-2241-07","TCGA-99-8033-01A",TRUE
"TCGA-99-AA5R","TCGA-99-AA5R-01A","TCGA-99-AA5R-01A-11D-A396-01","NIZAM_p_TCGAb_406_07_08_09_10_N_GenomeWideSNP_6_A02_1486434.nocnv_grch38.seg.v2.txt","c6993e6f-b4bc-4d5c-a4ce-2400b14d9fcf",174,1573474,2898837581,"TCGA-99-AA5R-01A-11R-A39D-07","TCGA-99-AA5R-01A",TRUE
"TCGA-J2-8192","TCGA-J2-8192-01A","TCGA-J2-8192-01A-11D-2237-01","PALLS_p_TCGASNP_213_N_GenomeWideSNP_6_C03_1148192.nocnv_grch38.seg.v2.txt","b75da915-f48d-411b-b11f-41c086c46347",146,1571946,2890680112,"TCGA-J2-8192-01A-11R-2241-07","TCGA-J2-8192-01A",TRUE
"TCGA-J2-8194","TCGA-J2-8194-01A","TCGA-J2-8194-01A-11D-2237-01","PALLS_p_TCGASNP_213_N_GenomeWideSNP_6_C06_1148120.nocnv_grch38.seg.v2.txt","d0614ea5-41e1-43d8-9080-20e49c8c63f3",76,1571785,2900962416,"TCGA-J2-8194-01A-11R-2241-07","TCGA-J2-8194-01A",TRUE
"TCGA-J2-A4AD","TCGA-J2-A4AD-01A","TCGA-J2-A4AD-01A-11D-A24C-01","TEAKS_p_TCGA_258_259_260_254_N_GenomeWideSNP_6_A01_1301278.nocnv_grch38.seg.v2.txt","1afb48ce-59a8-4130-8ff6-45d29405087e",268,1569343,2892652240,"TCGA-J2-A4AD-01A-11R-A24H-07","TCGA-J2-A4AD-01A",TRUE
"TCGA-J2-A4AE","TCGA-J2-A4AE-01A","TCGA-J2-A4AE-01A-21D-A24C-01","BUNGS_p_TCGA_257_258_N_GenomeWideSNP_6_A10_1300998.nocnv_grch38.seg.v2.txt","c6895bd2-ff7d-4a19-bf92-f44ff1685cbf",168,1569293,2898057129,"TCGA-J2-A4AE-01A-21R-A24H-07","TCGA-J2-A4AE-01A",TRUE
"TCGA-J2-A4AG","TCGA-J2-A4AG-01A","TCGA-J2-A4AG-01A-11D-A24C-01","BUNGS_p_TCGA_257_258_N_GenomeWideSNP_6_B03_1301098.nocnv_grch38.seg.v2.txt","0acad7eb-ba9d-490c-b4de-027a92c10f7c",111,1569340,2896984600,"TCGA-J2-A4AG-01A-11R-A24H-07","TCGA-J2-A4AG-01A",TRUE
"TCGA-L4-A4E5","TCGA-L4-A4E5-01A","TCGA-L4-A4E5-01A-11D-A24O-01","TAROK_p_TCGA_264_N_GenomeWideSNP_6_D03_1306554.nocnv_grch38.seg.v2.txt","7906a02f-e96f-46d2-a1a5-9e35a9470234",229,1571013,2869371319,"TCGA-L4-A4E5-01A-11R-A24X-07","TCGA-L4-A4E5-01A",TRUE
"TCGA-L4-A4E6","TCGA-L4-A4E6-01A","TCGA-L4-A4E6-01A-11D-A24C-01","BUNGS_p_TCGA_257_258_N_GenomeWideSNP_6_B08_1301006.nocnv_grch38.seg.v2.txt","20fc0e63-dec1-4b34-befc-56ef1965ee43",53,1569295,2901092407,"TCGA-L4-A4E6-01A-11R-A24H-07","TCGA-L4-A4E6-01A",TRUE
"TCGA-L9-A443","TCGA-L9-A443-01A","TCGA-L9-A443-01A-12D-A24C-01","BUNGS_p_TCGA_257_258_N_GenomeWideSNP_6_C01_1300954.nocnv_grch38.seg.v2.txt","5737990b-4ce7-4330-a840-3ce1c4a70a57",150,1568739,2882398321,"TCGA-L9-A443-01A-12R-A24H-07","TCGA-L9-A443-01A",TRUE
"TCGA-L9-A444","TCGA-L9-A444-01A","TCGA-L9-A444-01A-21D-A24C-01","BUNGS_p_TCGA_257_258_N_GenomeWideSNP_6_C06_1301024.nocnv_grch38.seg.v2.txt","cef12e73-9728-40de-8cdc-7187dbc395f7",325,1569226,2889023213,"TCGA-L9-A444-01A-21R-A24H-07","TCGA-L9-A444-01A",TRUE
"TCGA-L9-A50W","TCGA-L9-A50W-01A","TCGA-L9-A50W-01A-12D-A396-01","NIZAM_p_TCGAb_406_07_08_09_10_N_GenomeWideSNP_6_B07_1486526.nocnv_grch38.seg.v2.txt","c48b7338-d9e5-4b0a-8e6b-04e11e2bba01",154,1571527,2866865185,"TCGA-L9-A50W-01A-12R-A39D-07","TCGA-L9-A50W-01A",TRUE
"TCGA-L9-A5IP","TCGA-L9-A5IP-01A","TCGA-L9-A5IP-01A-21D-A396-01","NIZAM_p_TCGAb_406_07_08_09_10_N_GenomeWideSNP_6_B09_1486550.nocnv_grch38.seg.v2.txt","6a347058-4e21-42e6-b41f-997f9f917c01",200,1573006,2858724862,"TCGA-L9-A5IP-01A-21R-A39D-07","TCGA-L9-A5IP-01A",TRUE
"TCGA-L9-A743","TCGA-L9-A743-01A","TCGA-L9-A743-01A-43D-A396-01","NIZAM_p_TCGAb_406_07_08_09_10_N_GenomeWideSNP_6_C03_1486492.nocnv_grch38.seg.v2.txt","2c2f17c4-f105-435e-874f-14b13f8ac9b4",197,1573117,2894445149,"TCGA-L9-A743-01A-43R-A39D-07","TCGA-L9-A743-01A",TRUE
"TCGA-L9-A7SV","TCGA-L9-A7SV-01A","TCGA-L9-A7SV-01A-11D-A396-01","NIZAM_p_TCGAb_406_07_08_09_10_N_GenomeWideSNP_6_B01_1486510.nocnv_grch38.seg.v2.txt","9586dd0a-8c03-4e80-a563-96b033fe28b2",815,1571852,2838297054,"TCGA-L9-A7SV-01A-11R-A39D-07","TCGA-L9-A7SV-01A",TRUE
"TCGA-L9-A8F4","TCGA-L9-A8F4-01A","TCGA-L9-A8F4-01A-11D-A396-01","NIZAM_p_TCGAb_406_07_08_09_10_N_GenomeWideSNP_6_A05_1486556.nocnv_grch38.seg.v2.txt","bc96bf8f-7c03-4c4d-97dd-33bceb41e565",337,1573406,2899555454,"TCGA-L9-A8F4-01A-11R-A39D-07","TCGA-L9-A8F4-01A",TRUE
"TCGA-MN-A4N1","TCGA-MN-A4N1-01A","TCGA-MN-A4N1-01A-11D-A24O-01","TAROK_p_TCGA_264_N_GenomeWideSNP_6_D04_1306494.nocnv_grch38.seg.v2.txt","830524d0-8d9a-4d84-8532-b4e90a25f7e3",431,1570295,2887614911,"TCGA-MN-A4N1-01A-11R-A24X-07","TCGA-MN-A4N1-01A",TRUE
"TCGA-MN-A4N4","TCGA-MN-A4N4-01A","TCGA-MN-A4N4-01A-12D-A24O-01","TAROK_p_TCGA_264_N_GenomeWideSNP_6_D05_1306536.nocnv_grch38.seg.v2.txt","2ece0519-0e35-4c26-af50-eb3f429aa37d",278,1571975,2895037025,"TCGA-MN-A4N4-01A-12R-A24X-07","TCGA-MN-A4N4-01A",TRUE
"TCGA-MN-A4N5","TCGA-MN-A4N5-01A","TCGA-MN-A4N5-01A-11D-A24O-01","TAROK_p_TCGA_264_N_GenomeWideSNP_6_D06_1306542.nocnv_grch38.seg.v2.txt","34990d16-8a9e-4f5c-8fb9-7b00ee03f772",323,1571859,2858226238,"TCGA-MN-A4N5-01A-11R-A24X-07","TCGA-MN-A4N5-01A",TRUE
"TCGA-MP-A4SV","TCGA-MP-A4SV-01A","TCGA-MP-A4SV-01A-11D-A24O-01","TAROK_p_TCGA_264_N_GenomeWideSNP_6_E01_1306528.nocnv_grch38.seg.v2.txt","3cef0ef7-7bce-4e3b-b7c8-236bf0ee932b",319,1571774,2867547940,"TCGA-MP-A4SV-01A-11R-A24X-07","TCGA-MP-A4SV-01A",TRUE
"TCGA-MP-A4SW","TCGA-MP-A4SW-01A","TCGA-MP-A4SW-01A-21D-A24O-01","TAROK_p_TCGA_264_N_GenomeWideSNP_6_E02_1306624.nocnv_grch38.seg.v2.txt","241b179d-c08c-4d0d-bc13-9480aa0d638a",265,1571438,2879772749,"TCGA-MP-A4SW-01A-21R-A24X-07","TCGA-MP-A4SW-01A",TRUE
"TCGA-MP-A4SY","TCGA-MP-A4SY-01A","TCGA-MP-A4SY-01A-21D-A24O-01","TAROK_p_TCGA_264_N_GenomeWideSNP_6_E03_1306500.nocnv_grch38.seg.v2.txt","22c28485-8f6e-4f36-b958-421960dc9e39",97,1572184,2900949589,"TCGA-MP-A4SY-01A-21R-A24X-07","TCGA-MP-A4SY-01A",TRUE
"TCGA-MP-A4T4","TCGA-MP-A4T4-01A","TCGA-MP-A4T4-01A-11D-A25M-01","DRAMA_p_TCGA_276_278_N_GenomeWideSNP_6_B06_1322342.nocnv_grch38.seg.v2.txt","8f2be4be-04d6-4353-9079-f1d8b1871fc7",205,1571388,2896377745,"TCGA-MP-A4T4-01A-11R-A262-07","TCGA-MP-A4T4-01A",TRUE
"TCGA-MP-A4T6","TCGA-MP-A4T6-01A","TCGA-MP-A4T6-01A-32D-A25M-01","DRAMA_p_TCGA_276_278_N_GenomeWideSNP_6_C02_1322368.nocnv_grch38.seg.v2.txt","5248c745-c320-426c-8c2f-e0f0df34b076",246,1570791,2897034553,"TCGA-MP-A4T6-01A-32R-A262-07","TCGA-MP-A4T6-01A",TRUE
"TCGA-MP-A4T7","TCGA-MP-A4T7-01A","TCGA-MP-A4T7-01A-11D-A24O-01","TAROK_p_TCGA_264_N_GenomeWideSNP_6_E05_1306514.nocnv_grch38.seg.v2.txt","72399ef5-bf65-429a-8e9a-afbaaf8b0206",78,1571784,2881492396,"TCGA-MP-A4T7-01A-11R-A24X-07","TCGA-MP-A4T7-01A",TRUE
"TCGA-MP-A4T8","TCGA-MP-A4T8-01A","TCGA-MP-A4T8-01A-11D-A24O-01","TAROK_p_TCGA_264_N_GenomeWideSNP_6_E06_1306562.nocnv_grch38.seg.v2.txt","1da20181-a246-49e3-a0bd-8542a96b3243",341,1572054,2897099298,"TCGA-MP-A4T8-01A-11R-A24X-07","TCGA-MP-A4T8-01A",TRUE
"TCGA-MP-A4T9","TCGA-MP-A4T9-01A","TCGA-MP-A4T9-01A-11D-A24O-01","TAROK_p_TCGA_264_N_GenomeWideSNP_6_F01_1306642.nocnv_grch38.seg.v2.txt","abe8354d-ec28-45ba-98fa-0afac732ea67",118,1572158,2900721846,"TCGA-MP-A4T9-01A-11R-A24X-07","TCGA-MP-A4T9-01A",TRUE
"TCGA-MP-A4TA","TCGA-MP-A4TA-01A","TCGA-MP-A4TA-01A-21D-A24O-01","TAROK_p_TCGA_264_N_GenomeWideSNP_6_F02_1306600.nocnv_grch38.seg.v2.txt","08620aad-0299-477a-ab8f-3339f5f45d60",193,1572161,2899528119,"TCGA-MP-A4TA-01A-21R-A24X-07","TCGA-MP-A4TA-01A",TRUE
"TCGA-MP-A4TC","TCGA-MP-A4TC-01A","TCGA-MP-A4TC-01A-11D-A24O-01","TAROK_p_TCGA_264_N_GenomeWideSNP_6_F03_1306484.nocnv_grch38.seg.v2.txt","3bc084cf-ac47-4ecc-928a-d459c1234f7e",181,1571939,2889785184,"TCGA-MP-A4TC-01A-11R-A24X-07","TCGA-MP-A4TC-01A",TRUE
"TCGA-MP-A4TD","TCGA-MP-A4TD-01A","TCGA-MP-A4TD-01A-32D-A25M-01","DRAMA_p_TCGA_276_278_N_GenomeWideSNP_6_A10_1322436.nocnv_grch38.seg.v2.txt","d7f3ea53-58f6-49f1-9fb5-dfe9b8491814",106,1570849,2869198114,"TCGA-MP-A4TD-01A-32R-A262-07","TCGA-MP-A4TD-01A",TRUE
"TCGA-MP-A4TE","TCGA-MP-A4TE-01A","TCGA-MP-A4TE-01A-22D-A25M-01","DRAMA_p_TCGA_276_278_N_GenomeWideSNP_6_C09_1322472.nocnv_grch38.seg.v2.txt","59704246-073a-4b1e-96ea-1fe6ee6df2a4",164,1569282,2873558703,"TCGA-MP-A4TE-01A-22R-A466-07","TCGA-MP-A4TE-01A",TRUE
"TCGA-MP-A4TF","TCGA-MP-A4TF-01A","TCGA-MP-A4TF-01A-11D-A25M-01","DRAMA_p_TCGA_276_278_N_GenomeWideSNP_6_D04_1322462.nocnv_grch38.seg.v2.txt","a2c53253-9fe9-4184-91c0-07183e51ddcf",269,1570812,2884329788,"TCGA-MP-A4TF-01A-11R-A262-07","TCGA-MP-A4TF-01A",TRUE
"TCGA-MP-A4TH","TCGA-MP-A4TH-01A","TCGA-MP-A4TH-01A-31D-A25M-01","DRAMA_p_TCGA_276_278_N_GenomeWideSNP_6_D11_1322484.nocnv_grch38.seg.v2.txt","cb90ad75-76eb-4ad3-b859-74f255ab46f8",108,1570862,2900725254,"TCGA-MP-A4TH-01A-31R-A262-07","TCGA-MP-A4TH-01A",TRUE
"TCGA-MP-A4TI","TCGA-MP-A4TI-01A","TCGA-MP-A4TI-01A-21D-A24O-01","TAROK_p_TCGA_264_N_GenomeWideSNP_6_F04_1306468.nocnv_grch38.seg.v2.txt","147ff92e-a68a-4453-a1cb-132ac06ff511",151,1571575,2900854418,"TCGA-MP-A4TI-01A-21R-A24X-07","TCGA-MP-A4TI-01A",TRUE
"TCGA-MP-A4TJ","TCGA-MP-A4TJ-01A","TCGA-MP-A4TJ-01A-51D-A25M-01","DRAMA_p_TCGA_276_278_N_GenomeWideSNP_6_B12_1322360.nocnv_grch38.seg.v2.txt","46285202-b19f-4f78-8394-fcd1d48eabd3",179,1565514,2864757704,"TCGA-MP-A4TJ-01A-51R-A262-07","TCGA-MP-A4TJ-01A",TRUE
"TCGA-MP-A4TK","TCGA-MP-A4TK-01A","TCGA-MP-A4TK-01A-11D-A24O-01","TAROK_p_TCGA_264_N_GenomeWideSNP_6_F05_1306646.nocnv_grch38.seg.v2.txt","529f7325-0169-445e-b279-628aaa5e15e8",630,1571722,2862781864,"TCGA-MP-A4TK-01A-11R-A24X-07","TCGA-MP-A4TK-01A",TRUE
"TCGA-MP-A5C7","TCGA-MP-A5C7-01A","TCGA-MP-A5C7-01A-11D-A25M-01","DRAMA_p_TCGA_276_278_N_GenomeWideSNP_6_B04_1322500.nocnv_grch38.seg.v2.txt","9b6498ca-66f2-44ff-90d6-b5444ce8383f",291,1569067,2855637317,"TCGA-MP-A5C7-01A-11R-A262-07","TCGA-MP-A5C7-01A",TRUE
"TCGA-NJ-A4YF","TCGA-NJ-A4YF-01A","TCGA-NJ-A4YF-01A-12D-A25M-01","DRAMA_p_TCGA_276_278_N_GenomeWideSNP_6_B08_1322406.nocnv_grch38.seg.v2.txt","5d522855-6f7e-47e7-bd50-408c094d8afd",899,1560865,2857215560,"TCGA-NJ-A4YF-01A-12R-A262-07","TCGA-NJ-A4YF-01A",TRUE
"TCGA-NJ-A4YG","TCGA-NJ-A4YG-01A","TCGA-NJ-A4YG-01A-22D-A25M-01","DRAMA_p_TCGA_276_278_N_GenomeWideSNP_6_C08_1322330.nocnv_grch38.seg.v2.txt","1ab239c9-3585-4302-a688-d7e09aea141d",96,1570795,2873068625,"TCGA-NJ-A4YG-01A-22R-A262-07","TCGA-NJ-A4YG-01A",TRUE
"TCGA-NJ-A4YI","TCGA-NJ-A4YI-01A","TCGA-NJ-A4YI-01A-11D-A25M-01","DRAMA_p_TCGA_276_278_N_GenomeWideSNP_6_D06_1322378.nocnv_grch38.seg.v2.txt","604510a8-0c18-4bbb-8bf8-19d283656be2",145,1569692,2858926160,"TCGA-NJ-A4YI-01A-11R-A262-07","TCGA-NJ-A4YI-01A",TRUE
"TCGA-NJ-A4YP","TCGA-NJ-A4YP-01A","TCGA-NJ-A4YP-01A-11D-A25M-01","DRAMA_p_TCGA_276_278_N_GenomeWideSNP_6_D12_1322366.nocnv_grch38.seg.v2.txt","bd8a87b0-56c2-4de7-b6e0-fd522c624e2a",88,1564862,2874248996,"TCGA-NJ-A4YP-01A-11R-A262-07","TCGA-NJ-A4YP-01A",TRUE
"TCGA-NJ-A4YQ","TCGA-NJ-A4YQ-01A","TCGA-NJ-A4YQ-01A-11D-A25M-01","DRAMA_p_TCGA_276_278_N_GenomeWideSNP_6_B09_1322458.nocnv_grch38.seg.v2.txt","23d89731-40eb-40e2-97d0-c98c324bd365",192,1569104,2850017328,"TCGA-NJ-A4YQ-01A-11R-A262-07","TCGA-NJ-A4YQ-01A",TRUE
"TCGA-NJ-A55A","TCGA-NJ-A55A-01A","TCGA-NJ-A55A-01A-11D-A25M-01","DRAMA_p_TCGA_276_278_N_GenomeWideSNP_6_B02_1322354.nocnv_grch38.seg.v2.txt","6f31dbe2-9f09-4ecb-beed-978424238b31",57,1571369,2901005189,"TCGA-NJ-A55A-01A-11R-A262-07","TCGA-NJ-A55A-01A",TRUE
"TCGA-NJ-A55O","TCGA-NJ-A55O-01A","TCGA-NJ-A55O-01A-11D-A25M-01","DRAMA_p_TCGA_276_278_N_GenomeWideSNP_6_C03_1322356.nocnv_grch38.seg.v2.txt","25ba40a3-8475-4614-bce9-579bfcdf2d4d",156,1570562,2871139257,"TCGA-NJ-A55O-01A-11R-A262-07","TCGA-NJ-A55O-01A",TRUE
"TCGA-NJ-A55R","TCGA-NJ-A55R-01A","TCGA-NJ-A55R-01A-11D-A25M-01","DRAMA_p_TCGA_276_278_N_GenomeWideSNP_6_B10_1322410.nocnv_grch38.seg.v2.txt","c050a131-745c-494a-aad4-9fac89892f89",81,1571058,2901029272,"TCGA-NJ-A55R-01A-11R-A262-07","TCGA-NJ-A55R-01A",TRUE
"TCGA-NJ-A7XG","TCGA-NJ-A7XG-01A","TCGA-NJ-A7XG-01A-12D-A396-01","NIZAM_p_TCGAb_406_07_08_09_10_N_GenomeWideSNP_6_B03_1486574.nocnv_grch38.seg.v2.txt","2ffac0f4-2223-40a2-a315-ce26ec2244e4",200,1572954,2859265432,"TCGA-NJ-A7XG-01A-12R-A39D-07","TCGA-NJ-A7XG-01A",TRUE
"TCGA-O1-A52J","TCGA-O1-A52J-01A","TCGA-O1-A52J-01A-11D-A25M-01","DRAMA_p_TCGA_276_278_N_GenomeWideSNP_6_C10_1322474.nocnv_grch38.seg.v2.txt","9e6f75ae-0ffd-46a6-833f-36d226655ef6",405,1569984,2894122561,"TCGA-O1-A52J-01A-11R-A262-07","TCGA-O1-A52J-01A",TRUE
"TCGA-S2-AA1A","TCGA-S2-AA1A-01A","TCGA-S2-AA1A-01A-12D-A396-01","NIZAM_p_TCGAb_406_07_08_09_10_N_GenomeWideSNP_6_A09_1486426.nocnv_grch38.seg.v2.txt","198a4ba5-8395-404a-8e9c-25e6bcf008af",125,1573063,2894452598,"TCGA-S2-AA1A-01A-12R-A39D-07","TCGA-S2-AA1A-01A",TRUE
