"patient_id","sample.submitter_id","cases","source_file","GDC_Aliquot","Segment_Count","Total_Probes","Genome_Length","expression_case","expression_sample_id","expression_match"
"TCGA-18-3406","TCGA-18-3406-01A","TCGA-18-3406-01A-01D-0978-01","ELBOW_p_TCGAb39_SNP_N_GenomeWideSNP_6_A05_598556.nocnv_grch38.seg.v2.txt","0f960732-d006-45f6-81d4-6ae8e659c75d",354,1572780,2897315311,"TCGA-18-3406-01A-01R-0980-07","TCGA-18-3406-01A",TRUE
"TCGA-18-3407","TCGA-18-3407-01A","TCGA-18-3407-01A-01D-0978-01","ELBOW_p_TCGAb39_SNP_N_GenomeWideSNP_6_F06_598524.nocnv_grch38.seg.v2.txt","857e37ce-e790-41be-8bd7-8b80d2763172",355,1573222,2881417885,"TCGA-18-3407-01A-01R-0980-07","TCGA-18-3407-01A",TRUE
"TCGA-18-3408","TCGA-18-3408-01A","TCGA-18-3408-01A-01D-0978-01","ELBOW_p_TCGAb39_SNP_N_GenomeWideSNP_6_E10_598596.nocnv_grch38.seg.v2.txt","93fb49c4-6433-4061-a09c-1705f23eb3c2",224,1571727,2873812268,"TCGA-18-3408-01A-01R-0980-07","TCGA-18-3408-01A",TRUE
"TCGA-18-3409","TCGA-18-3409-01A","TCGA-18-3409-01A-01D-0978-01","ELBOW_p_TCGAb39_SNP_N_GenomeWideSNP_6_F11_598520.nocnv_grch38.seg.v2.txt","2bf1bed5-f248-4e23-9586-c015d4f933bb",199,1573163,2900660145,"TCGA-18-3409-01A-01R-0980-07","TCGA-18-3409-01A",TRUE
"TCGA-18-3410","TCGA-18-3410-01A","TCGA-18-3410-01A-01D-0978-01","ELBOW_p_TCGAb39_SNP_N_GenomeWideSNP_6_B10_598642.nocnv_grch38.seg.v2.txt","93e198f3-7d56-42c2-b66d-209c2181c8d0",461,1573224,2888854500,"TCGA-18-3410-01A-01R-0980-07","TCGA-18-3410-01A",TRUE
"TCGA-18-3411","TCGA-18-3411-01A","TCGA-18-3411-01A-01D-0978-01","ELBOW_p_TCGAb39_SNP_N_GenomeWideSNP_6_C05_598568.nocnv_grch38.seg.v2.txt","34576e6b-4833-4f90-97a0-3ffb0b2d249c",645,1571485,2888743286,"TCGA-18-3411-01A-01R-0980-07","TCGA-18-3411-01A",TRUE
"TCGA-18-3412","TCGA-18-3412-01A","TCGA-18-3412-01A-01D-0978-01","ELBOW_p_TCGAb39_SNP_N_GenomeWideSNP_6_B02_598604.nocnv_grch38.seg.v2.txt","0d09c6e4-ecdb-493c-849c-58f2a9f2f6d5",470,1572289,2883653893,"TCGA-18-3412-01A-01R-0980-07","TCGA-18-3412-01A",TRUE
"TCGA-18-3414","TCGA-18-3414-01A","TCGA-18-3414-01A-01D-0978-01","ELBOW_p_TCGAb39_SNP_N_GenomeWideSNP_6_E03_598594.nocnv_grch38.seg.v2.txt","05a9bbb7-bfec-4741-bf08-2166086b217f",499,1572886,2859169634,"TCGA-18-3414-01A-01R-0980-07","TCGA-18-3414-01A",TRUE
"TCGA-18-3415","TCGA-18-3415-01A","TCGA-18-3415-01A-01D-0978-01","ELBOW_p_TCGAb39_SNP_N_GenomeWideSNP_6_C04_598484.nocnv_grch38.seg.v2.txt","786d7879-e0a6-4102-ba3f-585322a5af85",450,1573302,2831184141,"TCGA-18-3415-01A-01R-0980-07","TCGA-18-3415-01A",TRUE
"TCGA-18-3416","TCGA-18-3416-01A","TCGA-18-3416-01A-01D-0978-01","ELBOW_p_TCGAb39_SNP_N_GenomeWideSNP_6_C02_598510.nocnv_grch38.seg.v2.txt","d72837b0-85f7-4263-a3b6-03ee64abee5b",553,1573212,2885062069,"TCGA-18-3416-01A-01R-0980-07","TCGA-18-3416-01A",TRUE
"TCGA-18-3417","TCGA-18-3417-01A","TCGA-18-3417-01A-01D-1439-01","GRITH_p_TCGAb46and77_SNP_N_GenomeWideSNP_6_C02_730188.nocnv_grch38.seg.v2.txt","0cef2908-3fee-48e6-bfb0-5297f2f350e1",408,1571452,2853004741,"TCGA-18-3417-01A-01R-1443-07","TCGA-18-3417-01A",TRUE
"TCGA-18-3419","TCGA-18-3419-01A","TCGA-18-3419-01A-01D-0978-01","ELBOW_p_TCGAb39_SNP_N_GenomeWideSNP_6_B07_598612.nocnv_grch38.seg.v2.txt","7f819acf-26df-470f-b528-019bca741cbd",321,1573317,2865635133,"TCGA-18-3419-01A-01R-0980-07","TCGA-18-3419-01A",TRUE
"TCGA-18-3421","TCGA-18-3421-01A","TCGA-18-3421-01A-01D-0978-01","ELBOW_p_TCGAb39_SNP_N_GenomeWideSNP_6_G01_598564.nocnv_grch38.seg.v2.txt","52b5df22-a686-47b4-af29-a0b556db9ff5",547,1572791,2862961602,"TCGA-18-3421-01A-01R-0980-07","TCGA-18-3421-01A",TRUE
"TCGA-18-4083","TCGA-18-4083-01A","TCGA-18-4083-01A-01D-1097-01","BUNCH_p_TCGAb53_SNP_1N_GenomeWideSNP_6_B12_666852.nocnv_grch38.seg.v2.txt","61c824af-6ea9-4387-983b-98a5d9b7e4c6",577,1572723,2893354297,"TCGA-18-4083-01A-01R-A96U-41","TCGA-18-4083-01A",TRUE
"TCGA-18-4086","TCGA-18-4086-01A","TCGA-18-4086-01A-01D-1097-01","BUNCH_p_TCGAb53_SNP_1N_GenomeWideSNP_6_B10_666808.nocnv_grch38.seg.v2.txt","812e7df5-04ea-4b1e-982d-946d46f928bc",350,1572788,2867412598,"TCGA-18-4086-01A-01R-1100-07","TCGA-18-4086-01A",TRUE
"TCGA-18-4721","TCGA-18-4721-01A","TCGA-18-4721-01A-01D-1439-01","GRITH_p_TCGAb46and77_SNP_N_GenomeWideSNP_6_C05_730262.nocnv_grch38.seg.v2.txt","d506ae16-54a5-469d-838e-5b4b9579d28b",319,1570882,2859670457,"TCGA-18-4721-01A-01R-1443-07","TCGA-18-4721-01A",TRUE
"TCGA-18-5592","TCGA-18-5592-01A","TCGA-18-5592-01A-01D-1631-01","STOPS_p_TCGA_b101_114_SNP_N_GenomeWideSNP_6_F11_771802.nocnv_grch38.seg.v2.txt","237e110a-9937-41e5-a3b7-6194267af9f5",385,1571393,2870680953,"TCGA-18-5592-01A-01R-1635-07","TCGA-18-5592-01A",TRUE
"TCGA-18-5595","TCGA-18-5595-01A","TCGA-18-5595-01A-01D-1631-01","STOPS_p_TCGA_b101_114_SNP_N_GenomeWideSNP_6_D04_771826.nocnv_grch38.seg.v2.txt","6641592c-b8f4-4b3f-9864-e93babc9f612",302,1571352,2899454000,"TCGA-18-5595-01A-01R-1635-07","TCGA-18-5595-01A",TRUE
"TCGA-21-1070","TCGA-21-1070-01A","TCGA-21-1070-01A-01D-0685-01","BLADE_p_ICPp4_TCGAb23_SNP_N_GenomeWideSNP_6_D04_530164.nocnv_grch38.seg.v2.txt","a523ae61-9115-4ac2-81cd-83cadb7954b5",274,1568222,2893915081,"TCGA-21-1070-01A-01R-A96U-41","TCGA-21-1070-01A",TRUE
"TCGA-21-1071","TCGA-21-1071-01A","TCGA-21-1071-01A-01D-0685-01","BLADE_p_ICPp4_TCGAb23_SNP_N_GenomeWideSNP_6_D10_530032.nocnv_grch38.seg.v2.txt","ed8baee3-4979-4695-9b67-2d040cfb18ea",293,1568157,2870446304,"TCGA-21-1071-01A-01R-A96U-41","TCGA-21-1071-01A",TRUE
"TCGA-21-1072","TCGA-21-1072-01A","TCGA-21-1072-01A-01D-0685-01","BLADE_p_ICPp4_TCGAb23_SNP_N_GenomeWideSNP_6_E04_530026.nocnv_grch38.seg.v2.txt","799b0ce4-2414-4033-a832-1ca813645e51",256,1565999,2880005702,"TCGA-21-1072-01A-01R-0692-07","TCGA-21-1072-01A",TRUE
"TCGA-21-1075","TCGA-21-1075-01A","TCGA-21-1075-01A-01D-0685-01","BLADE_p_ICPp4_TCGAb23_SNP_N_GenomeWideSNP_6_E10_530018.nocnv_grch38.seg.v2.txt","29689b5e-7b62-4ad8-8140-9b68fc827ffa",240,1567344,2864422578,"TCGA-21-1075-01A-01R-0692-07","TCGA-21-1075-01A",TRUE
"TCGA-21-1076","TCGA-21-1076-01A","TCGA-21-1076-01A-02D-0685-01","BLADE_p_ICPp4_TCGAb23_SNP_N_GenomeWideSNP_6_F10_530036.nocnv_grch38.seg.v2.txt","0dce0e07-e8cb-424c-b5c5-f9249737135e",174,1568363,2890616835,"TCGA-21-1076-01A-02R-0692-07","TCGA-21-1076-01A",TRUE
"TCGA-21-1077","TCGA-21-1077-01A","TCGA-21-1077-01A-01D-0685-01","BLADE_p_ICPp4_TCGAb23_SNP_N_GenomeWideSNP_6_G04_530060.nocnv_grch38.seg.v2.txt","0f5b733a-eed0-4de3-b90b-11c32b02a5f9",196,1568649,2900153027,"TCGA-21-1077-01A-01R-0692-07","TCGA-21-1077-01A",TRUE
"TCGA-21-1078","TCGA-21-1078-01A","TCGA-21-1078-01A-01D-0685-01","BLADE_p_ICPp4_TCGAb23_SNP_N_GenomeWideSNP_6_G09_530158.nocnv_grch38.seg.v2.txt","f466493d-1bbd-47e6-923d-e66bc8ef1be9",69,1568034,2901012381,"TCGA-21-1078-01A-01R-0692-07","TCGA-21-1078-01A",TRUE
"TCGA-21-1079","TCGA-21-1079-01A","TCGA-21-1079-01A-01D-0685-01","BLADE_p_ICPp4_TCGAb23_SNP_N_GenomeWideSNP_6_D05_530140.nocnv_grch38.seg.v2.txt","1b2a18eb-73d1-4253-9a9e-40be229b9f31",210,1567589,2886532232,"TCGA-21-1079-01A-01R-0692-07","TCGA-21-1079-01A",TRUE
"TCGA-21-1080","TCGA-21-1080-01A","TCGA-21-1080-01A-01D-0685-01","BLADE_p_ICPp4_TCGAb23_SNP_N_GenomeWideSNP_6_D11_530128.nocnv_grch38.seg.v2.txt","d4a48b3a-1120-4c9e-ab21-df1a0488ee0c",270,1568462,2862827330,"TCGA-21-1080-01A-01R-0692-07","TCGA-21-1080-01A",TRUE
"TCGA-21-1081","TCGA-21-1081-01A","TCGA-21-1081-01A-01D-0685-01","BLADE_p_ICPp4_TCGAb23_SNP_N_GenomeWideSNP_6_E05_530110.nocnv_grch38.seg.v2.txt","da18ddfb-a866-40af-90e3-119040c81b72",258,1568206,2893195328,"TCGA-21-1081-01A-01R-0692-07","TCGA-21-1081-01A",TRUE
"TCGA-21-1082","TCGA-21-1082-01A","TCGA-21-1082-01A-01D-0685-01","BLADE_p_ICPp4_TCGAb23_SNP_N_GenomeWideSNP_6_E11_530094.nocnv_grch38.seg.v2.txt","264b0017-07a6-4e74-a862-8c9ee3165db9",324,1568590,2894530722,"TCGA-21-1082-01A-01R-A96U-41","TCGA-21-1082-01A",TRUE
"TCGA-21-1083","TCGA-21-1083-01A","TCGA-21-1083-01A-01D-0685-01","BLADE_p_ICPp4_TCGAb23_SNP_N_GenomeWideSNP_6_F05_530086.nocnv_grch38.seg.v2.txt","0a0f98c0-6530-4279-ac20-9e3ee07e9cef",332,1567424,2874895968,"TCGA-21-1083-01A-01R-0692-07","TCGA-21-1083-01A",TRUE
"TCGA-21-5782","TCGA-21-5782-01A","TCGA-21-5782-01A-01D-1631-01","STOPS_p_TCGA_b101_114_SNP_N_GenomeWideSNP_6_D08_771716.nocnv_grch38.seg.v2.txt","572970fd-8f46-415e-984d-233ae4a09163",348,1572546,2891456876,"TCGA-21-5782-01A-01R-1635-07","TCGA-21-5782-01A",TRUE
"TCGA-21-5783","TCGA-21-5783-01A","TCGA-21-5783-01A-41D-2183-01","XYLEM_p_TCGASNP_207_212_N_GenomeWideSNP_6_F01_1051208.nocnv_grch38.seg.v2.txt","d0e37064-e48c-490a-b3aa-4351d541893f",758,1573099,2872956263,"TCGA-21-5783-01A-41R-2187-07","TCGA-21-5783-01A",TRUE
"TCGA-21-5784","TCGA-21-5784-01A","TCGA-21-5784-01A-01D-1631-01","STOPS_p_TCGA_b101_114_SNP_N_GenomeWideSNP_6_A11_771706.nocnv_grch38.seg.v2.txt","9951f1dd-82b1-48ff-b03c-2d0822dca2c3",96,1573280,2892341105,"TCGA-21-5784-01A-01R-1635-07","TCGA-21-5784-01A",TRUE
"TCGA-21-5786","TCGA-21-5786-01A","TCGA-21-5786-01A-01D-1631-01","STOPS_p_TCGA_b101_114_SNP_N_GenomeWideSNP_6_B06_771694.nocnv_grch38.seg.v2.txt","a498ecc5-b02a-4d03-8635-733d5f22fcca",365,1572186,2833236944,"TCGA-21-5786-01A-01R-1635-07","TCGA-21-5786-01A",TRUE
"TCGA-21-5787","TCGA-21-5787-01A","TCGA-21-5787-01A-01D-1631-01","STOPS_p_TCGA_b101_114_SNP_N_GenomeWideSNP_6_B08_771742.nocnv_grch38.seg.v2.txt","c2d5ffd7-82a1-47df-8e59-cf7c16530c7d",432,1569599,2814756889,"TCGA-21-5787-01A-01R-1635-07","TCGA-21-5787-01A",TRUE
"TCGA-21-A5DI","TCGA-21-A5DI-01A","TCGA-21-A5DI-01A-31D-A26L-01","FERLY_p_TCGA_batch_283_N_GenomeWideSNP_6_A07_1347086.nocnv_grch38.seg.v2.txt","9c53eb8f-beae-496c-afa8-1858d45b60af",214,1547972,2891264388,"TCGA-21-A5DI-01A-31R-A26W-07","TCGA-21-A5DI-01A",TRUE
"TCGA-22-0940","TCGA-22-0940-01A","TCGA-22-0940-01A-01D-0685-01","BLADE_p_ICPp4_TCGAb23_SNP_N_GenomeWideSNP_6_F11_530112.nocnv_grch38.seg.v2.txt","95a522b4-e1b6-42ec-b10e-ebed300d5ef3",220,1568329,2835887387,"TCGA-22-0940-01A-01R-0692-07","TCGA-22-0940-01A",TRUE
"TCGA-22-0944","TCGA-22-0944-01A","TCGA-22-0944-01A-01D-0685-01","BLADE_p_ICPp4_TCGAb23_SNP_N_GenomeWideSNP_6_G05_529976.nocnv_grch38.seg.v2.txt","04b2bf95-b39a-452e-a4f8-006ec2802bd5",219,1568428,2886975960,"TCGA-22-0944-01A-01R-0692-07","TCGA-22-0944-01A",TRUE
"TCGA-22-1000","TCGA-22-1000-01A","TCGA-22-1000-01A-01D-0685-01","BLADE_p_ICPp4_TCGAb23_SNP_N_GenomeWideSNP_6_G10_530004.nocnv_grch38.seg.v2.txt","57b36559-d81d-4b1e-914e-1234fee33970",88,1568587,2900652295,"TCGA-22-1000-01A-01R-A32Z-07","TCGA-22-1000-01A",TRUE
"TCGA-22-1002","TCGA-22-1002-01A","TCGA-22-1002-01A-01D-0685-01","BLADE_p_ICPp4_TCGAb23_SNP_N_GenomeWideSNP_6_D06_529978.nocnv_grch38.seg.v2.txt","e111e0a0-af7a-4ee0-b859-e0ba5bbc0d0f",241,1564626,2862132034,"TCGA-22-1002-01A-01R-A96U-41","TCGA-22-1002-01A",TRUE
"TCGA-22-1005","TCGA-22-1005-01A","TCGA-22-1005-01A-01D-0685-01","BLADE_p_ICPp4_TCGAb23_SNP_N_GenomeWideSNP_6_D12_530008.nocnv_grch38.seg.v2.txt","2ea26e0b-704d-4bd9-a395-7a2984f01eb2",197,1566192,2900792656,"TCGA-22-1005-01A-01R-A96U-41","TCGA-22-1005-01A",TRUE
"TCGA-22-1011","TCGA-22-1011-01A","TCGA-22-1011-01A-01D-0685-01","BLADE_p_ICPp4_TCGAb23_SNP_N_GenomeWideSNP_6_E06_530156.nocnv_grch38.seg.v2.txt","401ae3d9-b8cd-4760-a42b-616e2a0d02be",118,1567268,2895160506,"TCGA-22-1011-01A-01R-0692-07","TCGA-22-1011-01A",TRUE
"TCGA-22-1012","TCGA-22-1012-01A","TCGA-22-1012-01A-01D-0685-01","BLADE_p_ICPp4_TCGAb23_SNP_N_GenomeWideSNP_6_E12_530010.nocnv_grch38.seg.v2.txt","06f2dea9-0647-4291-b807-2fda9d45151b",526,1568240,2890009133,"TCGA-22-1012-01A-01R-0692-07","TCGA-22-1012-01A",TRUE
"TCGA-22-1016","TCGA-22-1016-01A","TCGA-22-1016-01A-01D-0685-01","BLADE_p_ICPp4_TCGAb23_SNP_N_GenomeWideSNP_6_F06_530050.nocnv_grch38.seg.v2.txt","d1e6d4e3-b89a-40bd-8f71-615bedc47b00",317,1567896,2893339442,"TCGA-22-1016-01A-01R-A96U-41","TCGA-22-1016-01A",TRUE
"TCGA-22-1017","TCGA-22-1017-01A","TCGA-22-1017-01A-01D-0685-01","BLADE_p_ICPp4_TCGAb23_SNP_N_GenomeWideSNP_6_F12_529998.nocnv_grch38.seg.v2.txt","18daa90e-46b0-458d-86cd-4dca8dd6edad",422,1568356,2889386780,"TCGA-22-1017-01A-01R-0692-07","TCGA-22-1017-01A",TRUE
"TCGA-22-4591","TCGA-22-4591-01A","TCGA-22-4591-01A-01D-1195-01","FLOUT_p_TCGAb60_SNP_N_GenomeWideSNP_6_A11_681166.nocnv_grch38.seg.v2.txt","9e6083b6-2552-46f2-a2fa-bcdd65f66c8f",592,1574508,2864116230,"TCGA-22-4591-01A-01R-1201-07","TCGA-22-4591-01A",TRUE
"TCGA-22-4593","TCGA-22-4593-01A","TCGA-22-4593-01A-21D-1816-01","SPUES_p_TCGA_b129_140_SNP_S_GenomeWideSNP_6_H08_804740.nocnv_grch38.seg.v2.txt","e331adfe-f905-4862-a25a-fa7a60189ef0",570,1570199,2887346157,"TCGA-22-4593-01A-21R-1820-07","TCGA-22-4593-01A",TRUE
"TCGA-22-4594","TCGA-22-4594-01A","TCGA-22-4594-01A-01D-1195-01","FLOUT_p_TCGAb60_SNP_N_GenomeWideSNP_6_D02_681050.nocnv_grch38.seg.v2.txt","f49e7012-8ca3-4082-924c-443d842465d6",415,1574508,2882968507,"TCGA-22-4594-01A-01R-1201-07","TCGA-22-4594-01A",TRUE
"TCGA-22-4595","TCGA-22-4595-01A","TCGA-22-4595-01A-01D-1195-01","FLOUT_p_TCGAb60_SNP_N_GenomeWideSNP_6_C01_681042.nocnv_grch38.seg.v2.txt","3130e6d5-370c-40bc-917d-b1784f2b3c56",381,1574508,2899812587,"TCGA-22-4595-01A-01R-1201-07","TCGA-22-4595-01A",TRUE
"TCGA-22-4596","TCGA-22-4596-01A","TCGA-22-4596-01A-01D-1195-01","FLOUT_p_TCGAb60_SNP_N_GenomeWideSNP_6_A02_681070.nocnv_grch38.seg.v2.txt","0fbbd45f-0b94-48fa-8e34-91706dc54352",102,1574508,2900877818,"TCGA-22-4596-01A-01R-1201-07","TCGA-22-4596-01A",TRUE
"TCGA-22-4599","TCGA-22-4599-01A","TCGA-22-4599-01A-01D-1439-01","GRITH_p_TCGAb46and77_SNP_N_GenomeWideSNP_6_F11_730136.nocnv_grch38.seg.v2.txt","ac665350-afd5-4b09-a082-91187f3a4cb9",382,1570329,2825703051,"TCGA-22-4599-01A-01R-1443-07","TCGA-22-4599-01A",TRUE
"TCGA-22-4601","TCGA-22-4601-01A","TCGA-22-4601-01A-01D-1969-01","WHIRR_p_TCGA_168_169_170_redo_N_GenomeWideSNP_6_F04_845186.nocnv_grch38.seg.v2.txt","243b27ef-7ce0-479b-911f-cc09aa58b08c",280,1569403,2859955534,"TCGA-22-4601-01A-01R-1443-07","TCGA-22-4601-01A",TRUE
"TCGA-22-4604","TCGA-22-4604-01A","TCGA-22-4604-01A-01D-1195-01","FLOUT_p_TCGAb60_SNP_N_GenomeWideSNP_6_C08_681108.nocnv_grch38.seg.v2.txt","18f66043-ea22-43f5-b423-b6ed91903953",346,1574508,2860090560,"TCGA-22-4604-01A-01R-1201-07","TCGA-22-4604-01A",TRUE
"TCGA-22-4605","TCGA-22-4605-01A","TCGA-22-4605-01A-21D-2121-01","PHYLE_p_TCGA_189_193_Rec_SNP_N_GenomeWideSNP_6_A12_932554.nocnv_grch38.seg.v2.txt","248f8f76-b82b-4d61-830f-b0c39eb74d69",123,1572335,2900889385,"TCGA-22-4605-01A-21R-2125-07","TCGA-22-4605-01A",TRUE
"TCGA-22-4607","TCGA-22-4607-01A","TCGA-22-4607-01A-01D-1195-01","FLOUT_p_TCGAb60_SNP_N_GenomeWideSNP_6_B08_681008.nocnv_grch38.seg.v2.txt","3f6a0685-0cb8-4497-a6ce-f06dc9e83e39",373,1574508,2891810475,"TCGA-22-4607-01A-01R-1201-07","TCGA-22-4607-01A",TRUE
"TCGA-22-4609","TCGA-22-4609-01A","TCGA-22-4609-01A-21D-2121-01","PHYLE_p_TCGA_189_193_Rec_SNP_N_GenomeWideSNP_6_B02_932510.nocnv_grch38.seg.v2.txt","a244d0e5-0d22-4bd5-8876-3113ed711996",194,1573593,2832955683,"TCGA-22-4609-01A-21R-2125-07","TCGA-22-4609-01A",TRUE
"TCGA-22-4613","TCGA-22-4613-01A","TCGA-22-4613-01A-01D-1439-01","GRITH_p_TCGAb46and77_SNP_N_GenomeWideSNP_6_G01_730194.nocnv_grch38.seg.v2.txt","bd85099a-b246-474d-a356-b5b2ffb0d530",501,1570699,2875663053,"TCGA-22-4613-01A-01R-1443-07","TCGA-22-4613-01A",TRUE
"TCGA-22-5471","TCGA-22-5471-01A","TCGA-22-5471-01A-01D-1631-01","STOPS_p_TCGA_b101_114_SNP_N_GenomeWideSNP_6_E06_771784.nocnv_grch38.seg.v2.txt","83956a99-0aad-403b-a738-03b66429d01c",438,1571489,2853436585,"TCGA-22-5471-01A-01R-1635-07","TCGA-22-5471-01A",TRUE
"TCGA-22-5472","TCGA-22-5472-01A","TCGA-22-5472-01A-01D-1631-01","STOPS_p_TCGA_b101_114_SNP_N_GenomeWideSNP_6_C01_771824.nocnv_grch38.seg.v2.txt","69622c45-033d-415f-8114-034c700eec5d",223,1572919,2868578709,"TCGA-22-5472-01A-01R-1635-07","TCGA-22-5472-01A",TRUE
"TCGA-22-5473","TCGA-22-5473-01A","TCGA-22-5473-01A-01D-1631-01","STOPS_p_TCGA_b101_114_SNP_N_GenomeWideSNP_6_A12_771752.nocnv_grch38.seg.v2.txt","5fd59e1a-235f-49ff-a683-68ff1b83b5e3",492,1572471,2892705525,"TCGA-22-5473-01A-01R-1635-07","TCGA-22-5473-01A",TRUE
"TCGA-22-5474","TCGA-22-5474-01A","TCGA-22-5474-01A-01D-1631-01","STOPS_p_TCGA_b101_114_SNP_N_GenomeWideSNP_6_D05_771760.nocnv_grch38.seg.v2.txt","1d1bcd29-81e5-4727-9da7-00be0c41d032",255,1572379,2899150994,"TCGA-22-5474-01A-01R-1635-07","TCGA-22-5474-01A",TRUE
"TCGA-22-5477","TCGA-22-5477-01A","TCGA-22-5477-01A-01D-1631-01","STOPS_p_TCGA_b101_114_SNP_N_GenomeWideSNP_6_B02_771736.nocnv_grch38.seg.v2.txt","ac920740-b1f9-44b5-a36a-9ef773e2adb6",358,1572032,2835988923,"TCGA-22-5477-01A-01R-1635-07","TCGA-22-5477-01A",TRUE
"TCGA-22-5478","TCGA-22-5478-01A","TCGA-22-5478-01A-01D-1631-01","STOPS_p_TCGA_b101_114_SNP_N_GenomeWideSNP_6_B04_771684.nocnv_grch38.seg.v2.txt","7dcace17-98bd-4c98-9eb3-1bd897bd6cf8",324,1573142,2894200976,"TCGA-22-5478-01A-01R-1635-07","TCGA-22-5478-01A",TRUE
"TCGA-22-5479","TCGA-22-5479-01A","TCGA-22-5479-01A-31D-1943-01","SERVO_p_TCGA_157_158_159_SNP_N_GenomeWideSNP_6_H08_831416.nocnv_grch38.seg.v2.txt","a619460f-c259-44bf-b675-75b0b15780e0",150,1569277,2896520015,"TCGA-22-5479-01A-31R-1949-07","TCGA-22-5479-01A",TRUE
"TCGA-22-5480","TCGA-22-5480-01A","TCGA-22-5480-01A-01D-1631-01","STOPS_p_TCGA_b101_114_SNP_N_GenomeWideSNP_6_D12_771780.nocnv_grch38.seg.v2.txt","9d49773e-0640-42d0-8bfe-732a90fa43b0",291,1573239,2899355150,"TCGA-22-5480-01A-01R-1635-07","TCGA-22-5480-01A",TRUE
"TCGA-22-5481","TCGA-22-5481-01A","TCGA-22-5481-01A-31D-1943-01","SERVO_p_TCGA_157_158_159_SNP_N_GenomeWideSNP_6_C09_831442.nocnv_grch38.seg.v2.txt","a4a2c073-a1ae-4ab0-aba7-a1a30a9eb6c0",485,1572022,2819326836,"TCGA-22-5481-01A-31R-1949-07","TCGA-22-5481-01A",TRUE
"TCGA-22-5482","TCGA-22-5482-01A","TCGA-22-5482-01A-01D-1631-01","STOPS_p_TCGA_b101_114_SNP_N_GenomeWideSNP_6_E03_771810.nocnv_grch38.seg.v2.txt","710c66be-2d8b-4b0c-8778-c290e81d67e2",197,1571783,2846677466,"TCGA-22-5482-01A-01R-1635-07","TCGA-22-5482-01A",TRUE
"TCGA-22-5483","TCGA-22-5483-01A","TCGA-22-5483-01A-01D-1816-01","GUCKS_p_TCGA_b129_140_SNP_N_GenomeWideSNP_6_G05_802270.nocnv_grch38.seg.v2.txt","5c12ce70-777f-4a04-b7b4-24fa4a9609bf",403,1571320,2897932302,"TCGA-22-5483-01A-01R-1820-07","TCGA-22-5483-01A",TRUE
"TCGA-22-5485","TCGA-22-5485-01A","TCGA-22-5485-01A-01D-1631-01","STOPS_p_TCGA_b101_114_SNP_N_GenomeWideSNP_6_E07_771820.nocnv_grch38.seg.v2.txt","9f6f8145-717d-43fb-9b4c-2248f5248ba1",590,1572307,2835485663,"TCGA-22-5485-01A-01R-1635-07","TCGA-22-5485-01A",TRUE
"TCGA-22-5489","TCGA-22-5489-01A","TCGA-22-5489-01A-01D-1631-01","STOPS_p_TCGA_b101_114_SNP_N_GenomeWideSNP_6_E10_771844.nocnv_grch38.seg.v2.txt","98a328df-20fc-440d-9e7d-00569c3a9809",378,1573265,2857154935,"TCGA-22-5489-01A-01R-1635-07","TCGA-22-5489-01A",TRUE
"TCGA-22-5491","TCGA-22-5491-01A","TCGA-22-5491-01A-01D-1631-01","STOPS_p_TCGA_b101_114_SNP_N_GenomeWideSNP_6_B01_771682.nocnv_grch38.seg.v2.txt","74485f1c-c863-4bfa-9b5a-c95c7db1a8f3",608,1572883,2851159149,"TCGA-22-5491-01A-01R-1635-07","TCGA-22-5491-01A",TRUE
"TCGA-22-5492","TCGA-22-5492-01A","TCGA-22-5492-01A-01D-1631-01","STOPS_p_TCGA_b101_114_SNP_N_GenomeWideSNP_6_D06_771666.nocnv_grch38.seg.v2.txt","81057f6a-88e7-4495-a3c8-50337b07430b",260,1572405,2892883768,"TCGA-22-5492-01A-01R-1635-07","TCGA-22-5492-01A",TRUE
"TCGA-22-A5C4","TCGA-22-A5C4-01A","TCGA-22-A5C4-01A-12D-A27J-01","VIBES_p_TCGA_290_291_292_293_S_GenomeWideSNP_6_E06_1362508.nocnv_grch38.seg.v2.txt","613ef390-7733-4061-84ef-9c7718c44462",946,1571064,2875661434,"TCGA-22-A5C4-01A-12R-A27Q-07","TCGA-22-A5C4-01A",TRUE
"TCGA-33-4532","TCGA-33-4532-01A","TCGA-33-4532-01A-01D-1195-01","FLOUT_p_TCGAb60_SNP_N_GenomeWideSNP_6_A10_681142.nocnv_grch38.seg.v2.txt","31dfca53-3810-401c-85e8-395934425a5c",655,1574508,2841912387,"TCGA-33-4532-01A-01R-1201-07","TCGA-33-4532-01A",TRUE
"TCGA-33-4533","TCGA-33-4533-01A","TCGA-33-4533-01A-01D-1195-01","FLOUT_p_TCGAb60_SNP_N_GenomeWideSNP_6_C06_681060.nocnv_grch38.seg.v2.txt","4a2fb8b9-0def-4bfa-a40c-b40e8c6161c5",375,1574508,2895244376,"TCGA-33-4533-01A-01R-1201-07","TCGA-33-4533-01A",TRUE
"TCGA-33-4538","TCGA-33-4538-01A","TCGA-33-4538-01A-01D-1195-01","FLOUT_p_TCGAb60_SNP_N_GenomeWideSNP_6_B12_680998.nocnv_grch38.seg.v2.txt","96264899-1571-4376-b400-2494206a9988",391,1574508,2892903616,"TCGA-33-4538-01A-01R-1201-07","TCGA-33-4538-01A",TRUE
"TCGA-33-4547","TCGA-33-4547-01A","TCGA-33-4547-01A-01D-1195-01","FLOUT_p_TCGAb60_SNP_N_GenomeWideSNP_6_A06_681092.nocnv_grch38.seg.v2.txt","4e784db4-1d9c-4f53-8d1d-3e5bd2d6ec89",344,1574508,2853206268,"TCGA-33-4547-01A-01R-1201-07","TCGA-33-4547-01A",TRUE
"TCGA-33-4566","TCGA-33-4566-01A","TCGA-33-4566-01A-01D-1439-01","GRITH_p_TCGAb46and77_SNP_N_GenomeWideSNP_6_A11_730276.nocnv_grch38.seg.v2.txt","17020a37-e90a-4d47-931b-cd141919f30b",353,1571347,2852445829,"TCGA-33-4566-01A-01R-1443-07","TCGA-33-4566-01A",TRUE
"TCGA-33-4582","TCGA-33-4582-01A","TCGA-33-4582-01A-01D-1439-01","GRITH_p_TCGAb46and77_SNP_N_GenomeWideSNP_6_B06_730232.nocnv_grch38.seg.v2.txt","3dda2e58-5023-4872-b5fe-2ab588ebafbf",497,1570725,2890860858,"TCGA-33-4582-01A-01R-1443-07","TCGA-33-4582-01A",TRUE
"TCGA-33-4583","TCGA-33-4583-01A","TCGA-33-4583-01A-01D-1439-01","GRITH_p_TCGAb46and77_SNP_N_GenomeWideSNP_6_A06_730304.nocnv_grch38.seg.v2.txt","4513b9b7-3ac2-4c24-aff0-783d2657d368",599,1571107,2855225006,"TCGA-33-4583-01A-01R-1443-07","TCGA-33-4583-01A",TRUE
"TCGA-33-4586","TCGA-33-4586-01A","TCGA-33-4586-01A-01D-1439-01","GRITH_p_TCGAb46and77_SNP_N_GenomeWideSNP_6_A02_730172.nocnv_grch38.seg.v2.txt","d79fd16c-cd7f-4ecf-8224-115df9ce64ed",561,1570990,2899346358,"TCGA-33-4586-01A-01R-1443-07","TCGA-33-4586-01A",TRUE
"TCGA-33-4587","TCGA-33-4587-01A","TCGA-33-4587-01A-11D-2121-01","PHYLE_p_TCGA_189_193_Rec_SNP_N_GenomeWideSNP_6_C10_932508.nocnv_grch38.seg.v2.txt","f07ccf64-3cc2-40cd-a47d-186f7389ec0d",466,1572865,2859487304,"TCGA-33-4587-01A-11R-2125-07","TCGA-33-4587-01A",TRUE
"TCGA-33-4589","TCGA-33-4589-01A","TCGA-33-4589-01A-01D-1439-01","GRITH_p_TCGAb46and77_SNP_N_GenomeWideSNP_6_C11_730154.nocnv_grch38.seg.v2.txt","193f7c29-051b-4739-9dc9-d471b5b045d1",197,1571418,2862085808,"TCGA-33-4589-01A-01R-1443-07","TCGA-33-4589-01A",TRUE
"TCGA-33-6737","TCGA-33-6737-01A","TCGA-33-6737-01A-11D-1816-01","GUCKS_p_TCGA_b129_140_SNP_N_GenomeWideSNP_6_E05_802144.nocnv_grch38.seg.v2.txt","0a884418-c64e-4b18-ae57-96a06372b598",255,1572201,2887472946,"TCGA-33-6737-01A-11R-1820-07","TCGA-33-6737-01A",TRUE
"TCGA-33-6738","TCGA-33-6738-01A","TCGA-33-6738-01A-11D-1943-01","SERVO_p_TCGA_157_158_159_SNP_N_GenomeWideSNP_6_C12_831402.nocnv_grch38.seg.v2.txt","871fb5c9-5349-42c0-a755-f55da6c9b9d5",300,1571751,2883424999,"TCGA-33-6738-01A-11R-1949-07","TCGA-33-6738-01A",TRUE
"TCGA-33-A4WN","TCGA-33-A4WN-01A","TCGA-33-A4WN-01A-11D-A25M-01","DRAMA_p_TCGA_276_278_N_GenomeWideSNP_6_G09_1322396.nocnv_grch38.seg.v2.txt","cde16bca-bad2-417e-a21a-0e24ce968ce8",233,1570543,2865299512,"TCGA-33-A4WN-01A-11R-A262-07","TCGA-33-A4WN-01A",TRUE
"TCGA-33-A5GW","TCGA-33-A5GW-01A","TCGA-33-A5GW-01A-11D-A27J-01","VIBES_p_TCGA_290_291_292_293_S_GenomeWideSNP_6_H10_1362532.nocnv_grch38.seg.v2.txt","b0f82932-4369-4c0d-870d-e6c0f7c14beb",252,1568563,2889012344,"TCGA-33-A5GW-01A-11R-A27Q-07","TCGA-33-A5GW-01A",TRUE
"TCGA-33-AAS8","TCGA-33-AAS8-01A","TCGA-33-AAS8-01A-11D-A400-01","APRES_p_TCGAb_414_15_16_17_NSP_GenomeWideSNP_6_C08_1486256.nocnv_grch38.seg.v2.txt","06335044-a113-46ed-a262-c0b34e572c07",361,1572482,2852112538,"TCGA-33-AAS8-01A-11R-A405-07","TCGA-33-AAS8-01A",TRUE
"TCGA-33-AASB","TCGA-33-AASB-01A","TCGA-33-AASB-01A-11D-A400-01","APRES_p_TCGAb_414_15_16_17_NSP_GenomeWideSNP_6_C12_1486262.nocnv_grch38.seg.v2.txt","b8e13eb4-2de2-45bf-a2d2-20a96a7586f8",375,1572313,2885306989,"TCGA-33-AASB-01A-11R-A405-07","TCGA-33-AASB-01A",TRUE
"TCGA-33-AASD","TCGA-33-AASD-01A","TCGA-33-AASD-01A-11D-A400-01","APRES_p_TCGAb_414_15_16_17_NSP_GenomeWideSNP_6_B07_1486344.nocnv_grch38.seg.v2.txt","e454cb91-469d-46c3-a0be-92571c6adcfd",300,1572933,2831867243,"TCGA-33-AASD-01A-11R-A405-07","TCGA-33-AASD-01A",TRUE
"TCGA-33-AASI","TCGA-33-AASI-01A","TCGA-33-AASI-01A-22D-A400-01","APRES_p_TCGAb_414_15_16_17_NSP_GenomeWideSNP_6_C03_1486348.nocnv_grch38.seg.v2.txt","06475c6e-c1c4-45a5-a1b9-7dc61d40e29f",207,1572679,2854353187,"TCGA-33-AASI-01A-22R-A405-07","TCGA-33-AASI-01A",TRUE
"TCGA-33-AASJ","TCGA-33-AASJ-01A","TCGA-33-AASJ-01A-11D-A400-01","APRES_p_TCGAb_414_15_16_17_NSP_GenomeWideSNP_6_C04_1486228.nocnv_grch38.seg.v2.txt","11bcae5e-f977-4f17-ad6a-7582a37ce401",691,1572380,2872615813,"TCGA-33-AASJ-01A-11R-A405-07","TCGA-33-AASJ-01A",TRUE
"TCGA-33-AASL","TCGA-33-AASL-01A","TCGA-33-AASL-01A-11D-A400-01","APRES_p_TCGAb_414_15_16_17_NSP_GenomeWideSNP_6_B08_1486272.nocnv_grch38.seg.v2.txt","86f0e70a-7f56-4fbe-ba21-06a63b9d6b28",322,1573042,2870570612,"TCGA-33-AASL-01A-11R-A405-07","TCGA-33-AASL-01A",TRUE
"TCGA-34-2596","TCGA-34-2596-01A","TCGA-34-2596-01A-01D-0844-01","PAGOD_p_TCGAb31_SNP_S_GenomeWideSNP_6_H03_584826.nocnv_grch38.seg.v2.txt","b819adca-9b50-4270-92fd-34c2cc0c10fb",388,1573858,2864534042,"TCGA-34-2596-01A-01R-0851-07","TCGA-34-2596-01A",TRUE
"TCGA-34-2600","TCGA-34-2600-01A","TCGA-34-2600-01A-01D-0844-01","PAGOD_p_TCGAb31_SNP_S_GenomeWideSNP_6_A04_584864.nocnv_grch38.seg.v2.txt","b985fa26-fc29-4a61-8051-fcd9d723e29e",442,1573230,2825289266,"TCGA-34-2600-01A-01R-0851-07","TCGA-34-2600-01A",TRUE
"TCGA-34-2608","TCGA-34-2608-01A","TCGA-34-2608-01A-02D-0844-01","PAGOD_p_TCGAb31_SNP_S_GenomeWideSNP_6_D04_584816.nocnv_grch38.seg.v2.txt","ce1538ed-a8a3-4ebb-a9c8-4d18902aaf77",152,1573737,2899884839,"TCGA-34-2608-01A-02R-0851-07","TCGA-34-2608-01A",TRUE
"TCGA-34-5231","TCGA-34-5231-01A","TCGA-34-5231-01A-21D-1816-01","GUCKS_p_TCGA_b129_140_SNP_N_GenomeWideSNP_6_A10_802150.nocnv_grch38.seg.v2.txt","93b648a5-f828-48a8-8594-9971efa0c9ca",541,1572192,2894627799,"TCGA-34-5231-01A-21R-1820-07","TCGA-34-5231-01A",TRUE
"TCGA-34-5232","TCGA-34-5232-01A","TCGA-34-5232-01A-21D-1816-01","GUCKS_p_TCGA_b129_140_SNP_N_GenomeWideSNP_6_B02_802276.nocnv_grch38.seg.v2.txt","22d2e221-6e80-4e4d-9cfc-42599a1e54ec",118,1571253,2900806317,"TCGA-34-5232-01A-21R-1820-07","TCGA-34-5232-01A",TRUE
"TCGA-34-5234","TCGA-34-5234-01A","TCGA-34-5234-01A-01D-1631-01","STOPS_p_TCGA_b101_114_SNP_N_GenomeWideSNP_6_D09_771722.nocnv_grch38.seg.v2.txt","a745ea23-48fa-4776-a846-0f4ed00be6f0",93,1573148,2901034021,"TCGA-34-5234-01A-01R-1635-07","TCGA-34-5234-01A",TRUE
"TCGA-34-5236","TCGA-34-5236-01A","TCGA-34-5236-01A-21D-1816-01","GUCKS_p_TCGA_b129_140_SNP_N_GenomeWideSNP_6_B06_802168.nocnv_grch38.seg.v2.txt","fcc8f20f-6b8d-40fc-b327-a0a633403b72",311,1571952,2888901608,"TCGA-34-5236-01A-21R-1820-07","TCGA-34-5236-01A",TRUE
"TCGA-34-5239","TCGA-34-5239-01A","TCGA-34-5239-01A-21D-1816-01","GUCKS_p_TCGA_b129_140_SNP_N_GenomeWideSNP_6_B08_802248.nocnv_grch38.seg.v2.txt","9739dccd-0a69-4739-9e57-1134a367b585",100,1572139,2900943230,"TCGA-34-5239-01A-21R-1820-07","TCGA-34-5239-01A",TRUE
"TCGA-34-5240","TCGA-34-5240-01A","TCGA-34-5240-01A-01D-1439-01","GRITH_p_TCGAb46and77_SNP_N_GenomeWideSNP_6_D04_730286.nocnv_grch38.seg.v2.txt","e61d159b-d96f-449f-984e-fdae8bf1899e",430,1571266,2823798532,"TCGA-34-5240-01A-01R-1443-07","TCGA-34-5240-01A",TRUE
"TCGA-34-5241","TCGA-34-5241-01A","TCGA-34-5241-01A-01D-1439-01","GRITH_p_TCGAb46and77_SNP_N_GenomeWideSNP_6_A03_730258.nocnv_grch38.seg.v2.txt","3def2b55-c1b1-4b07-abf3-72574c47e17f",307,1571438,2879972620,"TCGA-34-5241-01A-01R-1443-07","TCGA-34-5241-01A",TRUE
"TCGA-34-5927","TCGA-34-5927-01A","TCGA-34-5927-01A-11D-1816-01","GUCKS_p_TCGA_b129_140_SNP_N_GenomeWideSNP_6_F07_802180.nocnv_grch38.seg.v2.txt","2f880cac-77df-494e-977e-9fa23ff06b11",334,1572079,2880757143,"TCGA-34-5927-01A-11R-1820-07","TCGA-34-5927-01A",TRUE
"TCGA-34-5928","TCGA-34-5928-01A","TCGA-34-5928-01A-11D-1816-01","GUCKS_p_TCGA_b129_140_SNP_N_GenomeWideSNP_6_D07_802284.nocnv_grch38.seg.v2.txt","85abd0f8-f810-422f-8993-ac7bf786a2e0",322,1571877,2858156042,"TCGA-34-5928-01A-11R-1820-07","TCGA-34-5928-01A",TRUE
"TCGA-34-5929","TCGA-34-5929-01A","TCGA-34-5929-01A-11D-1816-01","GUCKS_p_TCGA_b129_140_SNP_N_GenomeWideSNP_6_D12_802266.nocnv_grch38.seg.v2.txt","6eb048fe-3729-4f31-86ef-5fdf623056e6",304,1572141,2894896748,"TCGA-34-5929-01A-11R-1820-07","TCGA-34-5929-01A",TRUE
"TCGA-34-7107","TCGA-34-7107-01A","TCGA-34-7107-01A-11D-1943-01","SERVO_p_TCGA_157_158_159_SNP_N_GenomeWideSNP_6_B02_831452.nocnv_grch38.seg.v2.txt","f523b0c7-884b-43b5-b6f8-aa4a480e1a66",520,1571336,2896332090,"TCGA-34-7107-01A-11R-1949-07","TCGA-34-7107-01A",TRUE
"TCGA-34-8454","TCGA-34-8454-01A","TCGA-34-8454-01A-11D-2322-01","RAMIE_p_6TCGA_250_232_4_236_N_GenomeWideSNP_6_C06_1245184.nocnv_grch38.seg.v2.txt","28abcff6-98dc-47a6-8895-7bd5b9125588",160,1570611,2898560579,"TCGA-34-8454-01A-11R-2326-07","TCGA-34-8454-01A",TRUE
"TCGA-34-8455","TCGA-34-8455-01A","TCGA-34-8455-01A-11D-2322-01","RAMIE_p_6TCGA_250_232_4_236_N_GenomeWideSNP_6_C10_1245136.nocnv_grch38.seg.v2.txt","4f81725a-2c5a-40af-8905-d87f66aa5975",104,1570422,2899258146,"TCGA-34-8455-01A-11R-2326-07","TCGA-34-8455-01A",TRUE
"TCGA-34-8456","TCGA-34-8456-01A","TCGA-34-8456-01A-21D-2322-01","RAMIE_p_6TCGA_250_232_4_236_N_GenomeWideSNP_6_D02_1245268.nocnv_grch38.seg.v2.txt","b2a8725f-0f75-45a7-bd02-679a2ba0eefa",181,1570069,2876226872,"TCGA-34-8456-01A-21R-2326-07","TCGA-34-8456-01A",TRUE
"TCGA-34-A5IX","TCGA-34-A5IX-01A","TCGA-34-A5IX-01A-12D-A27J-01","SAVOR_p_TCGA_290_291_292_293_N_GenomeWideSNP_6_H07_1343526.nocnv_grch38.seg.v2.txt","172ef0e7-bd87-4a0f-9a86-ef9300204ed5",344,1531740,2895463796,"TCGA-34-A5IX-01A-12R-A27Q-07","TCGA-34-A5IX-01A",TRUE
"TCGA-37-3783","TCGA-37-3783-01A","TCGA-37-3783-01A-01D-1195-01","FLOUT_p_TCGAb60_SNP_N_GenomeWideSNP_6_C04_681006.nocnv_grch38.seg.v2.txt","74090fd6-5a4d-4e5f-8cc1-19eaf41d7375",403,1574508,2893608321,"TCGA-37-3783-01A-01R-1201-07","TCGA-37-3783-01A",TRUE
"TCGA-37-3789","TCGA-37-3789-01A","TCGA-37-3789-01A-01D-0978-01","ELBOW_p_TCGAb39_SNP_N_GenomeWideSNP_6_F01_598654.nocnv_grch38.seg.v2.txt","37eec241-9093-412e-8826-ad3287fb76d7",345,1573077,2852212348,"TCGA-37-3789-01A-01R-0980-07","TCGA-37-3789-01A",TRUE
"TCGA-37-3792","TCGA-37-3792-01A","TCGA-37-3792-01A-01D-0978-01","ELBOW_p_TCGAb39_SNP_N_GenomeWideSNP_6_A06_598660.nocnv_grch38.seg.v2.txt","8609ffdd-6dcb-478c-9bd3-ef443c2a1efc",828,1572363,2826308388,"TCGA-37-3792-01A-01R-0980-07","TCGA-37-3792-01A",TRUE
"TCGA-37-4129","TCGA-37-4129-01A","TCGA-37-4129-01A-01D-1969-01","WHIRR_p_TCGA_168_169_170_redo_N_GenomeWideSNP_6_F07_845112.nocnv_grch38.seg.v2.txt","60a5784c-05dd-4dd2-a946-e9108be91e43",67,1571497,2901068932,"TCGA-37-4129-01A-01R-1100-07","TCGA-37-4129-01A",TRUE
"TCGA-37-4130","TCGA-37-4130-01A","TCGA-37-4130-01A-01D-1097-01","BUNCH_p_TCGAb53_SNP_1N_GenomeWideSNP_6_A09_666790.nocnv_grch38.seg.v2.txt","28089564-4faa-47d1-9ab1-d773a61b5943",1023,1572036,2875685184,"TCGA-37-4130-01A-01R-1100-07","TCGA-37-4130-01A",TRUE
"TCGA-37-4132","TCGA-37-4132-01A","TCGA-37-4132-01A-01D-1969-01","WHIRR_p_TCGA_168_169_170_redo_N_GenomeWideSNP_6_A05_845234.nocnv_grch38.seg.v2.txt","0a061c6e-da9d-4efc-86ff-e5baf43afe83",232,1571499,2858846203,"TCGA-37-4132-01A-01R-1100-07","TCGA-37-4132-01A",TRUE
"TCGA-37-4133","TCGA-37-4133-01A","TCGA-37-4133-01A-01D-1097-01","BUNCH_p_TCGAb53_SNP_1N_GenomeWideSNP_6_B07_666736.nocnv_grch38.seg.v2.txt","55a409f8-4118-4a7c-a93d-190ccf4f1d51",475,1573584,2884297925,"TCGA-37-4133-01A-01R-1100-07","TCGA-37-4133-01A",TRUE
"TCGA-37-4135","TCGA-37-4135-01A","TCGA-37-4135-01A-01D-1969-01","WHIRR_p_TCGA_168_169_170_redo_N_GenomeWideSNP_6_A02_845122.nocnv_grch38.seg.v2.txt","af476982-2b11-4415-91ac-9f197ff3c775",587,1569666,2844192558,"TCGA-37-4135-01A-01R-1100-07","TCGA-37-4135-01A",TRUE
"TCGA-37-4141","TCGA-37-4141-01A","TCGA-37-4141-01A-02D-1097-01","BUNCH_p_TCGAb53_SNP_1N_GenomeWideSNP_6_B06_666836.nocnv_grch38.seg.v2.txt","aa61cccd-711d-41df-a585-1c58fb6c1e33",607,1572090,2893535313,"TCGA-37-4141-01A-02R-1100-07","TCGA-37-4141-01A",TRUE
"TCGA-37-5819","TCGA-37-5819-01A","TCGA-37-5819-01A-01D-1631-01","STOPS_p_TCGA_b101_114_SNP_N_GenomeWideSNP_6_B05_771768.nocnv_grch38.seg.v2.txt","a1479192-761c-49c4-9f5a-df3521fa73f4",822,1570670,2853900816,"TCGA-37-5819-01A-01R-1635-07","TCGA-37-5819-01A",TRUE
"TCGA-37-A5EL","TCGA-37-A5EL-01A","TCGA-37-A5EL-01A-11D-A26L-01","FERLY_p_TCGA_batch_283_N_GenomeWideSNP_6_B07_1347060.nocnv_grch38.seg.v2.txt","261c5cd1-d878-4a64-8f8a-e43b0dd69b7e",242,1544681,2848647500,"TCGA-37-A5EL-01A-11R-A26W-07","TCGA-37-A5EL-01A",TRUE
"TCGA-37-A5EM","TCGA-37-A5EM-01A","TCGA-37-A5EM-01A-21D-A27J-01","CODON_p_TCGA_293_294_295_N_GenomeWideSNP_6_A01_1343696.nocnv_grch38.seg.v2.txt","8bfc4ebe-d201-4212-9c80-6adc4632bdaf",290,1545123,2892046019,"TCGA-37-A5EM-01A-21R-A27Q-07","TCGA-37-A5EM-01A",TRUE
"TCGA-37-A5EN","TCGA-37-A5EN-01A","TCGA-37-A5EN-01A-21D-A26L-01","FERLY_p_TCGA_batch_283_N_GenomeWideSNP_6_C07_1347016.nocnv_grch38.seg.v2.txt","a5b23d65-42e6-4be3-ac3b-8bb4d68aca0f",394,1547771,2855725334,"TCGA-37-A5EN-01A-21R-A26W-07","TCGA-37-A5EN-01A",TRUE
"TCGA-39-5011","TCGA-39-5011-01A","TCGA-39-5011-01A-01D-1439-01","GRITH_p_TCGAb46and77_SNP_N_GenomeWideSNP_6_A12_730236.nocnv_grch38.seg.v2.txt","d0d4db12-5c6f-46d8-8c93-86968c379f21",346,1571454,2892836550,"TCGA-39-5011-01A-01R-1443-07","TCGA-39-5011-01A",TRUE
"TCGA-39-5016","TCGA-39-5016-01A","TCGA-39-5016-01A-01D-1439-01","GRITH_p_TCGAb46and77_SNP_N_GenomeWideSNP_6_D12_730306.nocnv_grch38.seg.v2.txt","04ae973c-33a1-4967-9103-0a604b04fa67",373,1571102,2816698525,"TCGA-39-5016-01A-01R-1443-07","TCGA-39-5016-01A",TRUE
"TCGA-39-5019","TCGA-39-5019-01A","TCGA-39-5019-01A-01D-1816-01","GUCKS_p_TCGA_b129_140_SNP_N_GenomeWideSNP_6_G08_802196.nocnv_grch38.seg.v2.txt","8b69fa57-ebd9-4b30-badf-6ee327dae733",286,1570041,2881052996,"TCGA-39-5019-01A-01R-1820-07","TCGA-39-5019-01A",TRUE
"TCGA-39-5021","TCGA-39-5021-01A","TCGA-39-5021-01A-01D-1439-01","GRITH_p_TCGAb46and77_SNP_N_GenomeWideSNP_6_E03_730212.nocnv_grch38.seg.v2.txt","74a368da-8c2e-492b-957e-818c0bd1dbd7",474,1570582,2899756144,"TCGA-39-5021-01A-01R-1443-07","TCGA-39-5021-01A",TRUE
"TCGA-39-5022","TCGA-39-5022-01A","TCGA-39-5022-01A-21D-1816-01","GUCKS_p_TCGA_b129_140_SNP_N_GenomeWideSNP_6_A11_802292.nocnv_grch38.seg.v2.txt","1992ae21-2a10-4468-bf94-e361be9653e5",115,1572259,2892023177,"TCGA-39-5022-01A-21R-1820-07","TCGA-39-5022-01A",TRUE
"TCGA-39-5024","TCGA-39-5024-01A","TCGA-39-5024-01A-21D-1816-01","GUCKS_p_TCGA_b129_140_SNP_N_GenomeWideSNP_6_B03_802182.nocnv_grch38.seg.v2.txt","dbf20647-9c35-4512-b419-afef24d3f1e3",170,1571687,2857883738,"TCGA-39-5024-01A-21R-1820-07","TCGA-39-5024-01A",TRUE
"TCGA-39-5027","TCGA-39-5027-01A","TCGA-39-5027-01A-21D-1816-01","GUCKS_p_TCGA_b129_140_SNP_N_GenomeWideSNP_6_B07_802206.nocnv_grch38.seg.v2.txt","6120b99a-a25c-4a5b-b682-bd35e1c48373",179,1571585,2887755704,"TCGA-39-5027-01A-21R-1820-07","TCGA-39-5027-01A",TRUE
"TCGA-39-5028","TCGA-39-5028-01A","TCGA-39-5028-01A-01D-1439-01","GRITH_p_TCGAb46and77_SNP_N_GenomeWideSNP_6_A07_730274.nocnv_grch38.seg.v2.txt","a98c0fc9-a6e2-4e8d-8978-a9f1d0625ddc",152,1569965,2895549314,"TCGA-39-5028-01A-01R-1443-07","TCGA-39-5028-01A",TRUE
"TCGA-39-5029","TCGA-39-5029-01A","TCGA-39-5029-01A-01D-1439-01","GRITH_p_TCGAb46and77_SNP_N_GenomeWideSNP_6_C06_730224.nocnv_grch38.seg.v2.txt","bdd1f8a8-e101-4abd-8e16-5693411852b8",504,1571368,2886014445,"TCGA-39-5029-01A-01R-1443-07","TCGA-39-5029-01A",TRUE
"TCGA-39-5030","TCGA-39-5030-01A","TCGA-39-5030-01A-01D-1439-01","GRITH_p_TCGAb46and77_SNP_N_GenomeWideSNP_6_A08_730150.nocnv_grch38.seg.v2.txt","81a2915a-d237-4d9a-ac1f-edd62ae83dbc",79,1571420,2856674780,"TCGA-39-5030-01A-01R-1443-07","TCGA-39-5030-01A",TRUE
"TCGA-39-5031","TCGA-39-5031-01A","TCGA-39-5031-01A-01D-1439-01","GRITH_p_TCGAb46and77_SNP_N_GenomeWideSNP_6_A09_730268.nocnv_grch38.seg.v2.txt","e47e6446-f16f-4055-9689-c42b00e2e7b2",310,1571464,2899714416,"TCGA-39-5031-01A-01R-1443-07","TCGA-39-5031-01A",TRUE
"TCGA-39-5034","TCGA-39-5034-01A","TCGA-39-5034-01A-01D-1439-01","GRITH_p_TCGAb46and77_SNP_N_GenomeWideSNP_6_D08_730234.nocnv_grch38.seg.v2.txt","582b121a-b2a3-4445-8f36-480f211a1eb8",473,1571425,2856591300,"TCGA-39-5034-01A-01R-1443-07","TCGA-39-5034-01A",TRUE
"TCGA-39-5035","TCGA-39-5035-01A","TCGA-39-5035-01A-01D-1439-01","GRITH_p_TCGAb46and77_SNP_N_GenomeWideSNP_6_B01_730240.nocnv_grch38.seg.v2.txt","e347cb51-7fa2-4621-90a4-889a07d9dd71",441,1571356,2890174631,"TCGA-39-5035-01A-01R-1443-07","TCGA-39-5035-01A",TRUE
"TCGA-39-5036","TCGA-39-5036-01A","TCGA-39-5036-01A-01D-1439-01","GRITH_p_TCGAb46and77_SNP_N_GenomeWideSNP_6_B05_730174.nocnv_grch38.seg.v2.txt","5dad44df-c11c-4098-87bd-41e1c77b9e22",532,1570982,2867812533,"TCGA-39-5036-01A-01R-1443-07","TCGA-39-5036-01A",TRUE
"TCGA-39-5037","TCGA-39-5037-01A","TCGA-39-5037-01A-01D-1439-01","GRITH_p_TCGAb46and77_SNP_N_GenomeWideSNP_6_E04_730184.nocnv_grch38.seg.v2.txt","a5fe1f34-09b2-49da-a222-6eb8d3a08818",556,1571336,2860801927,"TCGA-39-5037-01A-01R-1443-07","TCGA-39-5037-01A",TRUE
"TCGA-39-5039","TCGA-39-5039-01A","TCGA-39-5039-01A-01D-1439-01","GRITH_p_TCGAb46and77_SNP_N_GenomeWideSNP_6_C03_730310.nocnv_grch38.seg.v2.txt","2cd04e65-7554-4d75-ab84-80a4278a274c",130,1571417,2896429977,"TCGA-39-5039-01A-01R-1443-07","TCGA-39-5039-01A",TRUE
"TCGA-39-5040","TCGA-39-5040-01A","TCGA-39-5040-01A-21D-2121-01","PHYLE_p_TCGA_189_193_Rec_SNP_N_GenomeWideSNP_6_D04_932490.nocnv_grch38.seg.v2.txt","e168c4b5-00b4-420e-9a91-d43044c0ad99",228,1571857,2896186176,"TCGA-39-5040-01A-21R-2125-07","TCGA-39-5040-01A",TRUE
"TCGA-43-2576","TCGA-43-2576-01A","TCGA-43-2576-01A-01D-0844-01","PAGOD_p_TCGAb31_SNP_S_GenomeWideSNP_6_A01_584882.nocnv_grch38.seg.v2.txt","dfcb25ee-9b53-4f7e-aae9-80de76084bb3",432,1571941,2864722034,"TCGA-43-2576-01A-01R-A32Z-07","TCGA-43-2576-01A",TRUE
"TCGA-43-2578","TCGA-43-2578-01A","TCGA-43-2578-01A-01D-1969-01","WHIRR_p_TCGA_168_169_170_redo_N_GenomeWideSNP_6_F02_845162.nocnv_grch38.seg.v2.txt","38d56f09-7870-493f-bf9a-00fbae3d993f",336,1570986,2885543802,"TCGA-43-2578-01A-01R-0851-07","TCGA-43-2578-01A",TRUE
"TCGA-43-2581","TCGA-43-2581-01A","TCGA-43-2581-01A-01D-0844-01","PAGOD_p_TCGAb31_SNP_S_GenomeWideSNP_6_C01_584726.nocnv_grch38.seg.v2.txt","0a5b6290-81be-484a-b05d-2b4228380edf",168,1574099,2887198416,"TCGA-43-2581-01A-01R-0851-07","TCGA-43-2581-01A",TRUE
"TCGA-43-3394","TCGA-43-3394-01A","TCGA-43-3394-01A-01D-0978-01","ELBOW_p_TCGAb39_SNP_N_GenomeWideSNP_6_A09_598666.nocnv_grch38.seg.v2.txt","3739ca5f-d410-44bd-b0e7-d64e72ab650a",628,1572518,2826480150,"TCGA-43-3394-01A-01R-0980-07","TCGA-43-3394-01A",TRUE
"TCGA-43-3920","TCGA-43-3920-01A","TCGA-43-3920-01A-01D-0978-01","ELBOW_p_TCGAb39_SNP_N_GenomeWideSNP_6_B12_598542.nocnv_grch38.seg.v2.txt","aa7ce4dd-bc30-4196-903a-47d050802ed9",352,1573275,2865018988,"TCGA-43-3920-01A-01R-0980-07","TCGA-43-3920-01A",TRUE
"TCGA-43-5668","TCGA-43-5668-01A","TCGA-43-5668-01A-01D-1631-01","STOPS_p_TCGA_b101_114_SNP_N_GenomeWideSNP_6_B07_771762.nocnv_grch38.seg.v2.txt","2e73d049-49bf-4f34-8cf5-6b08eeb65901",366,1571746,2861183850,"TCGA-43-5668-01A-01R-1635-07","TCGA-43-5668-01A",TRUE
"TCGA-43-5670","TCGA-43-5670-01A","TCGA-43-5670-01A-21D-2121-01","PHYLE_p_TCGA_189_193_Rec_SNP_N_GenomeWideSNP_6_B06_932604.nocnv_grch38.seg.v2.txt","e3a9d2a0-07f0-4925-afd3-8c69e1d33441",552,1573360,2872443871,"TCGA-43-5670-01A-21R-2125-07","TCGA-43-5670-01A",TRUE
"TCGA-43-6143","TCGA-43-6143-01A","TCGA-43-6143-01A-11D-1816-01","GUCKS_p_TCGA_b129_140_SNP_N_GenomeWideSNP_6_F04_802164.nocnv_grch38.seg.v2.txt","bd151865-0220-4dee-8337-f8c52b131f50",771,1571952,2890373069,"TCGA-43-6143-01A-11R-1820-07","TCGA-43-6143-01A",TRUE
"TCGA-43-6647","TCGA-43-6647-01A","TCGA-43-6647-01A-11D-1816-01","GUCKS_p_TCGA_b129_140_SNP_N_GenomeWideSNP_6_A01_802142.nocnv_grch38.seg.v2.txt","f2db409d-8122-41d0-b37e-181d9acc60ee",209,1572124,2895605765,"TCGA-43-6647-01A-11R-1820-07","TCGA-43-6647-01A",TRUE
"TCGA-43-6770","TCGA-43-6770-01A","TCGA-43-6770-01A-11D-1816-01","GUCKS_p_TCGA_b129_140_SNP_N_GenomeWideSNP_6_G04_802234.nocnv_grch38.seg.v2.txt","17990372-154e-4933-99da-cc4f2ffdbc61",396,1570945,2887219259,"TCGA-43-6770-01A-11R-1820-07","TCGA-43-6770-01A",TRUE
"TCGA-43-6771","TCGA-43-6771-01A","TCGA-43-6771-01A-11D-1816-01","GUCKS_p_TCGA_b129_140_SNP_N_GenomeWideSNP_6_G06_802166.nocnv_grch38.seg.v2.txt","e788ab80-44c8-4588-b74d-ae081a840400",175,1570298,2893438078,"TCGA-43-6771-01A-11R-1820-07","TCGA-43-6771-01A",TRUE
"TCGA-43-6773","TCGA-43-6773-01A","TCGA-43-6773-01A-41D-1943-01","SERVO_p_TCGA_157_158_159_SNP_N_GenomeWideSNP_6_C10_831362.nocnv_grch38.seg.v2.txt","7b4ddd6f-6fff-4ec2-9320-986db046f62c",83,1571895,2900813998,"TCGA-43-6773-01A-41R-1949-07","TCGA-43-6773-01A",TRUE
"TCGA-43-7656","TCGA-43-7656-01A","TCGA-43-7656-01A-11D-2121-01","PHYLE_p_TCGA_189_193_Rec_SNP_N_GenomeWideSNP_6_B11_932544.nocnv_grch38.seg.v2.txt","e0599a9d-033d-4fd3-aa2b-fb919cd0a36f",253,1573581,2885954905,"TCGA-43-7656-01A-11R-2125-07","TCGA-43-7656-01A",TRUE
"TCGA-43-7657","TCGA-43-7657-01A","TCGA-43-7657-01A-31D-2121-01","PHYLE_p_TCGA_189_193_Rec_SNP_N_GenomeWideSNP_6_G01_932578.nocnv_grch38.seg.v2.txt","9dcac346-5297-4dbc-aade-2b266d3d980b",368,1572839,2879261067,"TCGA-43-7657-01A-31R-2125-07","TCGA-43-7657-01A",TRUE
"TCGA-43-7658","TCGA-43-7658-01A","TCGA-43-7658-01A-11D-2121-01","PHYLE_p_TCGA_189_193_Rec_SNP_N_GenomeWideSNP_6_G06_932634.nocnv_grch38.seg.v2.txt","ad8af792-723b-416f-ab42-3357a1d4de4c",394,1572300,2838759363,"TCGA-43-7658-01A-11R-2125-07","TCGA-43-7658-01A",TRUE
"TCGA-43-8115","TCGA-43-8115-01A","TCGA-43-8115-01A-11D-2243-01","DRAWN_p_TCGASNP_214_215_N_GenomeWideSNP_6_A07_1148348.nocnv_grch38.seg.v2.txt","f46c26d2-42e0-4923-ab11-a1d6b52d305c",265,1573273,2886755284,"TCGA-43-8115-01A-11R-2247-07","TCGA-43-8115-01A",TRUE
"TCGA-43-8116","TCGA-43-8116-01A","TCGA-43-8116-01A-11D-2243-01","DRAWN_p_TCGASNP_214_215_N_GenomeWideSNP_6_F02_1148262.nocnv_grch38.seg.v2.txt","3bf4430a-5a53-43b5-b525-75906266971b",276,1573263,2892668501,"TCGA-43-8116-01A-11R-2247-07","TCGA-43-8116-01A",TRUE
"TCGA-43-8118","TCGA-43-8118-01A","TCGA-43-8118-01A-11D-2391-01","LEONE_p_TCGA_103_243_257_N_GenomeWideSNP_6_C11_1300616.nocnv_grch38.seg.v2.txt","f3d2a791-eb65-4d7c-933b-6a2672cfd76b",679,1565813,2895136798,"TCGA-43-8118-01A-11R-2403-07","TCGA-43-8118-01A",TRUE
"TCGA-43-A474","TCGA-43-A474-01A","TCGA-43-A474-01A-11D-A24C-01","TEAKS_p_TCGA_258_259_260_254_N_GenomeWideSNP_6_A11_1301300.nocnv_grch38.seg.v2.txt","c0ea1dd3-4aa5-4d7d-b207-953cdc726f32",358,1570722,2839668409,"TCGA-43-A474-01A-11R-A24H-07","TCGA-43-A474-01A",TRUE
"TCGA-43-A475","TCGA-43-A475-01A","TCGA-43-A475-01A-11D-A24C-01","TEAKS_p_TCGA_258_259_260_254_N_GenomeWideSNP_6_B01_1301140.nocnv_grch38.seg.v2.txt","b4b3d475-1af1-45f9-acd6-06a2f4006d4a",150,1570290,2859177026,"TCGA-43-A475-01A-11R-A24H-07","TCGA-43-A475-01A",TRUE
"TCGA-43-A56U","TCGA-43-A56U-01A","TCGA-43-A56U-01A-11D-A26L-01","FERLY_p_TCGA_batch_283_N_GenomeWideSNP_6_D07_1347042.nocnv_grch38.seg.v2.txt","fd71bc76-09f1-477e-b9de-146bec070dae",119,1548512,2897132506,"TCGA-43-A56U-01A-11R-A26W-07","TCGA-43-A56U-01A",TRUE
"TCGA-43-A56V","TCGA-43-A56V-01A","TCGA-43-A56V-01A-11D-A26L-01","FERLY_p_TCGA_batch_283_N_GenomeWideSNP_6_E07_1346968.nocnv_grch38.seg.v2.txt","4388801f-b7b6-477e-bb1c-51127408fb3c",265,1547872,2861602767,"TCGA-43-A56V-01A-11R-A26W-07","TCGA-43-A56V-01A",TRUE
"TCGA-46-3765","TCGA-46-3765-01A","TCGA-46-3765-01A-01D-0978-01","ELBOW_p_TCGAb39_SNP_N_GenomeWideSNP_6_E04_598552.nocnv_grch38.seg.v2.txt","d0047ff5-06f8-4ef1-ad0e-c82a9fce8482",453,1572756,2853090522,"TCGA-46-3765-01A-01R-0980-07","TCGA-46-3765-01A",TRUE
"TCGA-46-3766","TCGA-46-3766-01A","TCGA-46-3766-01A-01D-0978-01","ELBOW_p_TCGAb39_SNP_N_GenomeWideSNP_6_D06_598550.nocnv_grch38.seg.v2.txt","afcf225b-aa93-4b74-a736-126be16ef632",143,1573630,2896506000,"TCGA-46-3766-01A-01R-0980-07","TCGA-46-3766-01A",TRUE
"TCGA-46-3767","TCGA-46-3767-01A","TCGA-46-3767-01A-01D-0978-01","ELBOW_p_TCGAb39_SNP_N_GenomeWideSNP_6_A03_598610.nocnv_grch38.seg.v2.txt","cf64ec7b-0cfa-4cd1-aaa1-b1368958f8db",208,1573428,2900254405,"TCGA-46-3767-01A-01R-0980-07","TCGA-46-3767-01A",TRUE
"TCGA-46-3768","TCGA-46-3768-01A","TCGA-46-3768-01A-01D-0978-01","ELBOW_p_TCGAb39_SNP_N_GenomeWideSNP_6_E12_598514.nocnv_grch38.seg.v2.txt","d0f1f6bb-2302-48c8-b3bb-e21b4508faaf",261,1569708,2892401203,"TCGA-46-3768-01A-01R-0980-07","TCGA-46-3768-01A",TRUE
"TCGA-46-3769","TCGA-46-3769-01A","TCGA-46-3769-01A-01D-0978-01","ELBOW_p_TCGAb39_SNP_N_GenomeWideSNP_6_F10_598492.nocnv_grch38.seg.v2.txt","aeb3f438-7a30-45bf-87ac-acd2e0845bdc",663,1572444,2863515066,"TCGA-46-3769-01A-01R-0980-07","TCGA-46-3769-01A",TRUE
"TCGA-46-6025","TCGA-46-6025-01A","TCGA-46-6025-01A-11D-1816-01","GUCKS_p_TCGA_b129_140_SNP_N_GenomeWideSNP_6_E06_802232.nocnv_grch38.seg.v2.txt","e113220a-9ace-4c0a-91d4-90502b6cf90d",389,1571621,2862414874,"TCGA-46-6025-01A-11R-1820-07","TCGA-46-6025-01A",TRUE
"TCGA-46-6026","TCGA-46-6026-01A","TCGA-46-6026-01A-11D-1816-01","GUCKS_p_TCGA_b129_140_SNP_N_GenomeWideSNP_6_G11_802280.nocnv_grch38.seg.v2.txt","c250e95f-9a6a-4167-9406-994e3cb2bfef",314,1570207,2878192265,"TCGA-46-6026-01A-11R-1820-07","TCGA-46-6026-01A",TRUE
"TCGA-51-4079","TCGA-51-4079-01A","TCGA-51-4079-01A-01D-1097-01","BUNCH_p_TCGAb53_SNP_1N_GenomeWideSNP_6_A12_666766.nocnv_grch38.seg.v2.txt","9a8ff65f-67c1-48cc-a712-71a704da452a",425,1572840,2870655721,"TCGA-51-4079-01A-01R-1100-07","TCGA-51-4079-01A",TRUE
"TCGA-51-4080","TCGA-51-4080-01A","TCGA-51-4080-01A-01D-1097-01","BUNCH_p_TCGAb53_SNP_1N_GenomeWideSNP_6_B09_666696.nocnv_grch38.seg.v2.txt","e9481064-8ab1-4531-b5ce-59cbedeead36",876,1569380,2897120696,"TCGA-51-4080-01A-01R-1100-07","TCGA-51-4080-01A",TRUE
"TCGA-51-4081","TCGA-51-4081-01A","TCGA-51-4081-01A-01D-1097-01","BUNCH_p_TCGAb53_SNP_1N_GenomeWideSNP_6_A05_666832.nocnv_grch38.seg.v2.txt","2b6dfa85-00a3-4911-998c-caf9fd413ad4",336,1573421,2857292031,"TCGA-51-4081-01A-01R-1100-07","TCGA-51-4081-01A",TRUE
"TCGA-51-6867","TCGA-51-6867-01A","TCGA-51-6867-01A-11D-2041-01","AVANT_p_TCGA_180_SNP_4N_GenomeWideSNP_6_C02_895358.nocnv_grch38.seg.v2.txt","54d737d2-27bb-4d04-88ab-44037b9b6167",309,1570769,2892917467,"TCGA-51-6867-01A-11R-2045-07","TCGA-51-6867-01A",TRUE
"TCGA-52-7622","TCGA-52-7622-01A","TCGA-52-7622-01A-11D-2121-01","PHYLE_p_TCGA_189_193_Rec_SNP_N_GenomeWideSNP_6_A01_932536.nocnv_grch38.seg.v2.txt","4af73a59-07ad-4d9c-863b-833e9db59b1f",249,1572826,2872297735,"TCGA-52-7622-01A-11R-2125-07","TCGA-52-7622-01A",TRUE
"TCGA-52-7809","TCGA-52-7809-01A","TCGA-52-7809-01A-21D-2121-01","PHYLE_p_TCGA_189_193_Rec_SNP_N_GenomeWideSNP_6_E07_932594.nocnv_grch38.seg.v2.txt","2f981e44-acd5-4b82-aab6-88565d22b334",437,1572823,2890294553,"TCGA-52-7809-01A-21R-2125-07","TCGA-52-7809-01A",TRUE
"TCGA-52-7810","TCGA-52-7810-01A","TCGA-52-7810-01A-11D-2121-01","PHYLE_p_TCGA_189_193_Rec_SNP_N_GenomeWideSNP_6_C11_932626.nocnv_grch38.seg.v2.txt","62354375-28c5-414a-a5f9-663c8417d94e",454,1573204,2864460107,"TCGA-52-7810-01A-11R-2125-07","TCGA-52-7810-01A",TRUE
"TCGA-52-7811","TCGA-52-7811-01A","TCGA-52-7811-01A-11D-2121-01","PHYLE_p_TCGA_189_193_Rec_SNP_N_GenomeWideSNP_6_D05_932526.nocnv_grch38.seg.v2.txt","43473953-f2c3-4c2f-b3a3-bab80cc6b638",164,1572125,2869814971,"TCGA-52-7811-01A-11R-2125-07","TCGA-52-7811-01A",TRUE
"TCGA-52-7812","TCGA-52-7812-01A","TCGA-52-7812-01A-11D-2121-01","PHYLE_p_TCGA_189_193_Rec_SNP_N_GenomeWideSNP_6_D08_932598.nocnv_grch38.seg.v2.txt","8429e1f7-4851-43a4-91c3-8aabb5dd685b",253,1573097,2890293014,"TCGA-52-7812-01A-11R-2125-07","TCGA-52-7812-01A",TRUE
"TCGA-56-1622","TCGA-56-1622-01A","TCGA-56-1622-01A-01D-0685-01","BLADE_p_ICPp4_TCGAb23_SNP_N_GenomeWideSNP_6_G06_530020.nocnv_grch38.seg.v2.txt","6e71cc60-4a8a-4738-8cc4-387e08cbccf7",277,1567939,2878044246,"TCGA-56-1622-01A-01R-0692-07","TCGA-56-1622-01A",TRUE
"TCGA-56-5897","TCGA-56-5897-01A","TCGA-56-5897-01A-11D-1631-01","STOPS_p_TCGA_b101_114_SNP_N_GenomeWideSNP_6_B09_771782.nocnv_grch38.seg.v2.txt","d9fb185d-37a2-4bba-a450-9d30bd58fd79",141,1573140,2865913773,"TCGA-56-5897-01A-11R-1635-07","TCGA-56-5897-01A",TRUE
"TCGA-56-5898","TCGA-56-5898-01A","TCGA-56-5898-01A-11D-1631-01","STOPS_p_TCGA_b101_114_SNP_N_GenomeWideSNP_6_E08_771668.nocnv_grch38.seg.v2.txt","816e9dcd-6b49-409a-8803-fbac463bd4f5",282,1572937,2859551048,"TCGA-56-5898-01A-11R-1635-07","TCGA-56-5898-01A",TRUE
"TCGA-56-6545","TCGA-56-6545-01A","TCGA-56-6545-01A-11D-1816-01","GUCKS_p_TCGA_b129_140_SNP_N_GenomeWideSNP_6_B04_802250.nocnv_grch38.seg.v2.txt","65f86178-0888-48df-8272-26083aef50b9",265,1572030,2865719635,"TCGA-56-6545-01A-11R-1820-07","TCGA-56-6545-01A",TRUE
"TCGA-56-6546","TCGA-56-6546-01A","TCGA-56-6546-01A-11D-1816-01","GUCKS_p_TCGA_b129_140_SNP_N_GenomeWideSNP_6_E12_802222.nocnv_grch38.seg.v2.txt","e34a6262-5012-4e79-8b9f-65a18eeb4b4a",109,1571508,2895517634,"TCGA-56-6546-01A-11R-1820-07","TCGA-56-6546-01A",TRUE
"TCGA-56-7221","TCGA-56-7221-01A","TCGA-56-7221-01A-11D-2041-01","QUERY_p_TCGA_180_181_SNP_N_GenomeWideSNP_6_B10_896430.nocnv_grch38.seg.v2.txt","9381b35d-f485-4959-a157-e3dbcbcc1021",182,1572682,2893203263,"TCGA-56-7221-01A-11R-2045-07","TCGA-56-7221-01A",TRUE
"TCGA-56-7222","TCGA-56-7222-01A","TCGA-56-7222-01A-11D-2041-01","QUERY_p_TCGA_180_181_SNP_N_GenomeWideSNP_6_D09_896310.nocnv_grch38.seg.v2.txt","dd94656e-fed1-48bd-bbac-09531fa7fc1c",503,1572880,2856140445,"TCGA-56-7222-01A-11R-2045-07","TCGA-56-7222-01A",TRUE
"TCGA-56-7223","TCGA-56-7223-01A","TCGA-56-7223-01A-11D-2041-01","QUERY_p_TCGA_180_181_SNP_N_GenomeWideSNP_6_C02_896436.nocnv_grch38.seg.v2.txt","10b63e76-a4ae-4a8f-afb2-0901a3364587",480,1571906,2822738411,"TCGA-56-7223-01A-11R-2045-07","TCGA-56-7223-01A",TRUE
"TCGA-56-7579","TCGA-56-7579-01A","TCGA-56-7579-01A-11D-2041-01","QUERY_p_TCGA_180_181_SNP_N_GenomeWideSNP_6_F08_896258.nocnv_grch38.seg.v2.txt","243fcf71-4de9-4b82-84a5-77c50d77e187",679,1572003,2860030286,"TCGA-56-7579-01A-11R-2045-07","TCGA-56-7579-01A",TRUE
"TCGA-56-7580","TCGA-56-7580-01A","TCGA-56-7580-01A-11D-2041-01","QUERY_p_TCGA_180_181_SNP_N_GenomeWideSNP_6_D02_896364.nocnv_grch38.seg.v2.txt","7a0213fc-ba56-46dd-a2e3-9a1c69e678c8",290,1572763,2892191620,"TCGA-56-7580-01A-11R-2045-07","TCGA-56-7580-01A",TRUE
"TCGA-56-7582","TCGA-56-7582-01A","TCGA-56-7582-01A-11D-2041-01","QUERY_p_TCGA_180_181_SNP_N_GenomeWideSNP_6_F02_896292.nocnv_grch38.seg.v2.txt","7f6bdf61-eabc-4485-8b65-b90ccc2d05d8",270,1571915,2863183639,"TCGA-56-7582-01A-11R-2045-07","TCGA-56-7582-01A",TRUE
"TCGA-56-7730","TCGA-56-7730-01A","TCGA-56-7730-01A-11D-2121-01","PHYLE_p_TCGA_189_193_Rec_SNP_N_GenomeWideSNP_6_B12_932514.nocnv_grch38.seg.v2.txt","bb8dea90-2398-4915-84db-03438bbac2c8",740,1573435,2882683929,"TCGA-56-7730-01A-11R-2125-07","TCGA-56-7730-01A",TRUE
"TCGA-56-7731","TCGA-56-7731-01A","TCGA-56-7731-01A-11D-2121-01","PHYLE_p_TCGA_189_193_Rec_SNP_N_GenomeWideSNP_6_G10_932466.nocnv_grch38.seg.v2.txt","5b33c9f0-100a-4579-b9a0-4b80aabfead2",103,1572864,2895504541,"TCGA-56-7731-01A-11R-2125-07","TCGA-56-7731-01A",TRUE
"TCGA-56-7822","TCGA-56-7822-01A","TCGA-56-7822-01A-11D-2121-01","TRIAL_p_TCGA_191_193_SNP_N_GenomeWideSNP_6_E05_932344.nocnv_grch38.seg.v2.txt","d10f97b0-dbca-42a1-be4f-46a57fe91d12",236,1571387,2873584698,"TCGA-56-7822-01A-11R-2125-07","TCGA-56-7822-01A",TRUE
"TCGA-56-7823","TCGA-56-7823-01B","TCGA-56-7823-01B-11D-2243-01","DRAWN_p_TCGASNP_214_215_N_GenomeWideSNP_6_H10_1148300.nocnv_grch38.seg.v2.txt","1d1c7bd5-220e-49fd-8a01-805960acf777",500,1572803,2856416653,"TCGA-56-7823-01B-11R-2247-07","TCGA-56-7823-01B",TRUE
"TCGA-56-8082","TCGA-56-8082-01A","TCGA-56-8082-01A-11D-2243-01","DRAWN_p_TCGASNP_214_215_N_GenomeWideSNP_6_G06_1148232.nocnv_grch38.seg.v2.txt","6e10d020-01f2-47da-9395-6e8c985f0aea",331,1572220,2866007020,"TCGA-56-8082-01A-11R-2247-07","TCGA-56-8082-01A",TRUE
"TCGA-56-8083","TCGA-56-8083-01A","TCGA-56-8083-01A-11D-2243-01","DRAWN_p_TCGASNP_214_215_N_GenomeWideSNP_6_C10_1148258.nocnv_grch38.seg.v2.txt","30e9e4a3-3397-41e5-b815-523fb27ec66e",432,1572945,2880842135,"TCGA-56-8083-01A-11R-2247-07","TCGA-56-8083-01A",TRUE
"TCGA-56-8201","TCGA-56-8201-01A","TCGA-56-8201-01A-11D-2243-01","DRAWN_p_TCGASNP_214_215_N_GenomeWideSNP_6_G01_1148322.nocnv_grch38.seg.v2.txt","84753097-1797-4136-925e-b786f770fe2a",238,1573304,2865565700,"TCGA-56-8201-01A-11R-2247-07","TCGA-56-8201-01A",TRUE
"TCGA-56-8304","TCGA-56-8304-01A","TCGA-56-8304-01A-11D-2322-01","RAMIE_p_6TCGA_250_232_4_236_N_GenomeWideSNP_6_D06_1245260.nocnv_grch38.seg.v2.txt","2f3785d8-ac84-48c0-b133-4c0932b9c7ca",156,1570627,2896071422,"TCGA-56-8304-01A-11R-2326-07","TCGA-56-8304-01A",TRUE
"TCGA-56-8305","TCGA-56-8305-01A","TCGA-56-8305-01A-11D-2292-01","LOLLS_p_TCGASNP_223_225_N_GenomeWideSNP_6_H08_1151884.nocnv_grch38.seg.v2.txt","d217089c-6efb-4077-bb47-41cd62196855",528,1573775,2830912782,"TCGA-56-8305-01A-11R-2296-07","TCGA-56-8305-01A",TRUE
"TCGA-56-8307","TCGA-56-8307-01A","TCGA-56-8307-01A-11D-2292-01","LOLLS_p_TCGASNP_223_225_N_GenomeWideSNP_6_H09_1152046.nocnv_grch38.seg.v2.txt","005e0a54-044f-438b-bb98-399c23cc5fbd",169,1573199,2863090609,"TCGA-56-8307-01A-11R-2296-07","TCGA-56-8307-01A",TRUE
"TCGA-56-8308","TCGA-56-8308-01A","TCGA-56-8308-01A-11D-2292-01","LOLLS_p_TCGASNP_223_225_N_GenomeWideSNP_6_H10_1152030.nocnv_grch38.seg.v2.txt","fe7fa6b2-275c-455f-ba0a-64dd567a809a",391,1573111,2842753649,"TCGA-56-8308-01A-11R-2296-07","TCGA-56-8308-01A",TRUE
"TCGA-56-8309","TCGA-56-8309-01A","TCGA-56-8309-01A-11D-2292-01","LOLLS_p_TCGASNP_223_225_N_GenomeWideSNP_6_F09_1151990.nocnv_grch38.seg.v2.txt","87e4f16d-329b-4fb8-b880-4fa8daf9104e",91,1573186,2872152551,"TCGA-56-8309-01A-11R-2296-07","TCGA-56-8309-01A",TRUE
"TCGA-56-8503","TCGA-56-8503-01A","TCGA-56-8503-01A-11D-2391-01","LEONE_p_TCGA_103_243_257_N_GenomeWideSNP_6_E02_1300564.nocnv_grch38.seg.v2.txt","26dea7d9-fa10-4230-901f-f395440154b7",1303,1566126,2896758492,"TCGA-56-8503-01A-11R-2403-07","TCGA-56-8503-01A",TRUE
"TCGA-56-8504","TCGA-56-8504-01A","TCGA-56-8504-01A-11D-2391-01","LEONE_p_TCGA_103_243_257_N_GenomeWideSNP_6_E05_1300566.nocnv_grch38.seg.v2.txt","5ca28bad-23cb-4ea8-8ea5-09e10d3bf9f3",175,1566743,2862877833,"TCGA-56-8504-01A-11R-2403-07","TCGA-56-8504-01A",TRUE
"TCGA-56-8622","TCGA-56-8622-01A","TCGA-56-8622-01A-11D-2391-01","LEONE_p_TCGA_103_243_257_N_GenomeWideSNP_6_A03_1300580.nocnv_grch38.seg.v2.txt","824e0503-e7a1-482f-848e-b40f8b5489cd",186,1566330,2894188815,"TCGA-56-8622-01A-11R-2403-07","TCGA-56-8622-01A",TRUE
"TCGA-56-8623","TCGA-56-8623-01A","TCGA-56-8623-01A-11D-2391-01","LEONE_p_TCGA_103_243_257_N_GenomeWideSNP_6_B11_1300630.nocnv_grch38.seg.v2.txt","2aa6f51a-e0fa-4bdb-830c-80b79c59cfc9",37,1566754,2901100206,"TCGA-56-8623-01A-11R-A28V-07","TCGA-56-8623-01A",TRUE
"TCGA-56-8624","TCGA-56-8624-01A","TCGA-56-8624-01A-11D-2391-01","LEONE_p_TCGA_103_243_257_N_GenomeWideSNP_6_A08_1300606.nocnv_grch38.seg.v2.txt","88898114-8ae5-4b54-be3c-6e4661749d46",92,1566637,2895916850,"TCGA-56-8624-01A-11R-2403-07","TCGA-56-8624-01A",TRUE
"TCGA-56-8625","TCGA-56-8625-01A","TCGA-56-8625-01A-11D-2391-01","LEONE_p_TCGA_103_243_257_N_GenomeWideSNP_6_C05_1300674.nocnv_grch38.seg.v2.txt","f03ddf31-0f53-4418-a69f-2be6b9eca664",278,1566833,2895348353,"TCGA-56-8625-01A-11R-2403-07","TCGA-56-8625-01A",TRUE
"TCGA-56-8626","TCGA-56-8626-01A","TCGA-56-8626-01A-11D-2391-01","LEONE_p_TCGA_103_243_257_N_GenomeWideSNP_6_D07_1300636.nocnv_grch38.seg.v2.txt","1129d851-07ef-47de-884e-647b60583195",279,1565709,2887355405,"TCGA-56-8626-01A-11R-2403-07","TCGA-56-8626-01A",TRUE
"TCGA-56-8628","TCGA-56-8628-01A","TCGA-56-8628-01A-11D-2391-01","LEONE_p_TCGA_103_243_257_N_GenomeWideSNP_6_B02_1300588.nocnv_grch38.seg.v2.txt","572f8290-42e8-43e2-b2de-46bd04ecd818",176,1563578,2869416661,"TCGA-56-8628-01A-11R-2403-07","TCGA-56-8628-01A",TRUE
"TCGA-56-8629","TCGA-56-8629-01A","TCGA-56-8629-01A-11D-2391-01","LEONE_p_TCGA_103_243_257_N_GenomeWideSNP_6_C12_1300576.nocnv_grch38.seg.v2.txt","f06e5404-28ce-4258-9252-e9c0b1a99812",315,1566241,2867148371,"TCGA-56-8629-01A-11R-2403-07","TCGA-56-8629-01A",TRUE
"TCGA-56-A49D","TCGA-56-A49D-01A","TCGA-56-A49D-01A-11D-A24C-01","TEAKS_p_TCGA_258_259_260_254_N_GenomeWideSNP_6_A02_1301280.nocnv_grch38.seg.v2.txt","33a5006e-0b1f-4eed-9ae8-b1de7eb98bcd",272,1570566,2896192662,"TCGA-56-A49D-01A-11R-A24H-07","TCGA-56-A49D-01A",TRUE
"TCGA-56-A4BW","TCGA-56-A4BW-01A","TCGA-56-A4BW-01A-11D-A24C-01","TEAKS_p_TCGA_258_259_260_254_N_GenomeWideSNP_6_A04_1301172.nocnv_grch38.seg.v2.txt","e9b95ff7-b359-495e-b8b5-8e451ea566cc",327,1570466,2888163206,"TCGA-56-A4BW-01A-11R-A24H-07","TCGA-56-A4BW-01A",TRUE
"TCGA-56-A4BX","TCGA-56-A4BX-01A","TCGA-56-A4BX-01A-11D-A24C-01","TEAKS_p_TCGA_258_259_260_254_N_GenomeWideSNP_6_A06_1301230.nocnv_grch38.seg.v2.txt","3e4031b8-d4e0-4bba-8896-5b788fd9e3af",346,1570121,2850910338,"TCGA-56-A4BX-01A-11R-A24H-07","TCGA-56-A4BX-01A",TRUE
"TCGA-56-A4BY","TCGA-56-A4BY-01A","TCGA-56-A4BY-01A-11D-A24C-01","TEAKS_p_TCGA_258_259_260_254_N_GenomeWideSNP_6_A08_1301132.nocnv_grch38.seg.v2.txt","2451896e-766c-4233-b09a-19ddf2c1febf",245,1570556,2889959749,"TCGA-56-A4BY-01A-11R-A24H-07","TCGA-56-A4BY-01A",TRUE
"TCGA-56-A4ZJ","TCGA-56-A4ZJ-01A","TCGA-56-A4ZJ-01A-11D-A25M-01","DRAMA_p_TCGA_276_278_N_GenomeWideSNP_6_G11_1322332.nocnv_grch38.seg.v2.txt","6a5b67d2-bda1-415b-8dd5-7c227043e458",114,1569102,2897911868,"TCGA-56-A4ZJ-01A-11R-A262-07","TCGA-56-A4ZJ-01A",TRUE
"TCGA-56-A4ZK","TCGA-56-A4ZK-01A","TCGA-56-A4ZK-01A-11D-A25M-01","DRAMA_p_TCGA_276_278_N_GenomeWideSNP_6_E07_1322386.nocnv_grch38.seg.v2.txt","1ed508c7-de81-4bfe-aec2-d85a34e64daa",299,1570900,2893108946,"TCGA-56-A4ZK-01A-11R-A262-07","TCGA-56-A4ZK-01A",TRUE
"TCGA-56-A5DR","TCGA-56-A5DR-01A","TCGA-56-A5DR-01A-11D-A27J-01","CODON_p_TCGA_293_294_295_N_GenomeWideSNP_6_D02_1343620.nocnv_grch38.seg.v2.txt","85d68278-2226-4326-9a0a-2a7f7e739f05",225,1555192,2889397083,"TCGA-56-A5DR-01A-11R-A27Q-07","TCGA-56-A5DR-01A",TRUE
"TCGA-56-A5DS","TCGA-56-A5DS-01A","TCGA-56-A5DS-01A-11D-A27J-01","CODON_p_TCGA_293_294_295_N_GenomeWideSNP_6_A04_1343706.nocnv_grch38.seg.v2.txt","8fd549e5-62da-40c1-825f-3c7fbbfe35b3",73,1554006,2890421869,"TCGA-56-A5DS-01A-11R-A27Q-07","TCGA-56-A5DS-01A",TRUE
"TCGA-56-A62T","TCGA-56-A62T-01A","TCGA-56-A62T-01A-11D-A400-01","APRES_p_TCGAb_414_15_16_17_NSP_GenomeWideSNP_6_D03_1486334.nocnv_grch38.seg.v2.txt","9999820f-49cc-4792-84ae-679a39a0afa1",439,1572432,2898711901,"TCGA-56-A62T-01A-11R-A405-07","TCGA-56-A62T-01A",TRUE
"TCGA-58-8386","TCGA-58-8386-01A","TCGA-58-8386-01A-11D-2292-01","LOLLS_p_TCGASNP_223_225_N_GenomeWideSNP_6_H01_1151966.nocnv_grch38.seg.v2.txt","628fabb9-7524-4902-aaea-5b4e13d6d3ce",359,1573468,2878845688,"TCGA-58-8386-01A-11R-2296-07","TCGA-58-8386-01A",TRUE
"TCGA-58-8387","TCGA-58-8387-01A","TCGA-58-8387-01A-11D-2292-01","LOLLS_p_TCGASNP_223_225_N_GenomeWideSNP_6_H06_1151954.nocnv_grch38.seg.v2.txt","3e578599-7e6b-4b4c-83eb-e6d42b6c0b02",285,1573574,2888520598,"TCGA-58-8387-01A-11R-2296-07","TCGA-58-8387-01A",TRUE
"TCGA-58-8388","TCGA-58-8388-01A","TCGA-58-8388-01A-11D-2322-01","RAMIE_p_6TCGA_250_232_4_236_N_GenomeWideSNP_6_D10_1245168.nocnv_grch38.seg.v2.txt","b249e640-3f33-4532-825c-f3a7a0f6dce0",166,1570359,2868755869,"TCGA-58-8388-01A-11R-2326-07","TCGA-58-8388-01A",TRUE
"TCGA-58-8390","TCGA-58-8390-01A","TCGA-58-8390-01A-11D-2322-01","RAMIE_p_6TCGA_250_232_4_236_N_GenomeWideSNP_6_E02_1245164.nocnv_grch38.seg.v2.txt","bf650e8c-44be-4f8f-82ee-895ba22f705f",295,1568588,2849727610,"TCGA-58-8390-01A-11R-2326-07","TCGA-58-8390-01A",TRUE
"TCGA-58-8391","TCGA-58-8391-01A","TCGA-58-8391-01A-11D-2322-01","RAMIE_p_6TCGA_250_232_4_236_N_GenomeWideSNP_6_E06_1245182.nocnv_grch38.seg.v2.txt","4735222e-a2ca-4771-8321-252955940ddd",400,1570494,2823616233,"TCGA-58-8391-01A-11R-2326-07","TCGA-58-8391-01A",TRUE
"TCGA-58-8392","TCGA-58-8392-01A","TCGA-58-8392-01A-11D-2322-01","RAMIE_p_6TCGA_250_232_4_236_N_GenomeWideSNP_6_E09_1245134.nocnv_grch38.seg.v2.txt","d2eeeefe-971b-4eef-9180-163300fc9d27",386,1569506,2820402435,"TCGA-58-8392-01A-11R-2326-07","TCGA-58-8392-01A",TRUE
"TCGA-58-8393","TCGA-58-8393-01A","TCGA-58-8393-01A-11D-2322-01","RAMIE_p_6TCGA_250_232_4_236_N_GenomeWideSNP_6_C07_1245276.nocnv_grch38.seg.v2.txt","3b9991e1-ed9c-439a-bffe-8f3ef5717c22",146,1569872,2874146849,"TCGA-58-8393-01A-11R-2326-07","TCGA-58-8393-01A",TRUE
"TCGA-58-A46J","TCGA-58-A46J-01A","TCGA-58-A46J-01A-11D-A24C-01","TEAKS_p_TCGA_258_259_260_254_N_GenomeWideSNP_6_A10_1301182.nocnv_grch38.seg.v2.txt","783c3554-c655-4093-aee9-3e960ec9a9b8",199,1570772,2865123085,"TCGA-58-A46J-01A-11R-A24H-07","TCGA-58-A46J-01A",TRUE
"TCGA-58-A46K","TCGA-58-A46K-01A","TCGA-58-A46K-01A-11D-A24C-01","TEAKS_p_TCGA_258_259_260_254_N_GenomeWideSNP_6_A12_1301286.nocnv_grch38.seg.v2.txt","4e084153-62f6-429e-ad6a-8ef7819ae32d",385,1570733,2890325948,"TCGA-58-A46K-01A-11R-A24H-07","TCGA-58-A46K-01A",TRUE
"TCGA-58-A46L","TCGA-58-A46L-01A","TCGA-58-A46L-01A-11D-A24C-01","TEAKS_p_TCGA_258_259_260_254_N_GenomeWideSNP_6_B02_1301124.nocnv_grch38.seg.v2.txt","ee9882b2-4283-423c-8d15-21e6fbae1d30",379,1568719,2885196817,"TCGA-58-A46L-01A-11R-A24H-07","TCGA-58-A46L-01A",TRUE
"TCGA-58-A46M","TCGA-58-A46M-01A","TCGA-58-A46M-01A-11D-A24C-01","TEAKS_p_TCGA_258_259_260_254_N_GenomeWideSNP_6_A03_1301122.nocnv_grch38.seg.v2.txt","26e8bfa7-8cd5-4a11-8b09-360d4300777e",441,1570639,2856206520,"TCGA-58-A46M-01A-11R-A24H-07","TCGA-58-A46M-01A",TRUE
"TCGA-58-A46N","TCGA-58-A46N-01A","TCGA-58-A46N-01A-11D-A24C-01","TEAKS_p_TCGA_258_259_260_254_N_GenomeWideSNP_6_A05_1301246.nocnv_grch38.seg.v2.txt","3ef3370f-117e-435f-b769-364a17369726",481,1570463,2862110369,"TCGA-58-A46N-01A-11R-A24H-07","TCGA-58-A46N-01A",TRUE
"TCGA-60-2695","TCGA-60-2695-01A","TCGA-60-2695-01A-01D-0844-01","PAGOD_p_TCGAb31_SNP_S_GenomeWideSNP_6_D01_584878.nocnv_grch38.seg.v2.txt","4531469d-28be-48e8-bd59-33625ee5946d",355,1573506,2887638929,"TCGA-60-2695-01A-01R-0851-07","TCGA-60-2695-01A",TRUE
"TCGA-60-2696","TCGA-60-2696-01A","TCGA-60-2696-01A-01D-0844-01","PAGOD_p_TCGAb31_SNP_S_GenomeWideSNP_6_E01_584716.nocnv_grch38.seg.v2.txt","89f4468f-1309-487e-ada9-207ef2301874",224,1573637,2892790354,"TCGA-60-2696-01A-01R-0851-07","TCGA-60-2696-01A",TRUE
"TCGA-60-2697","TCGA-60-2697-01A","TCGA-60-2697-01A-11D-2121-01","PHYLE_p_TCGA_189_193_Rec_SNP_N_GenomeWideSNP_6_B01_932512.nocnv_grch38.seg.v2.txt","454c849c-9194-41fb-91bc-3db91948da6c",128,1573765,2900928913,"TCGA-60-2697-01A-11R-2125-07","TCGA-60-2697-01A",TRUE
"TCGA-60-2698","TCGA-60-2698-01A","TCGA-60-2698-01A-01D-0844-01","PAGOD_p_TCGAb31_SNP_S_GenomeWideSNP_6_F01_584746.nocnv_grch38.seg.v2.txt","22c5baf3-dd84-458c-a020-ce68f305e6d4",538,1573826,2865840772,"TCGA-60-2698-01A-01R-0851-07","TCGA-60-2698-01A",TRUE
"TCGA-60-2703","TCGA-60-2703-01A","TCGA-60-2703-01A-11D-2041-01","AVANT_p_TCGA_180_SNP_4N_GenomeWideSNP_6_C01_895432.nocnv_grch38.seg.v2.txt","7286e0a2-9c55-4445-bfa7-3657fe1a31b8",254,1573049,2883275795,"TCGA-60-2703-01A-11R-2045-07","TCGA-60-2703-01A",TRUE
"TCGA-60-2704","TCGA-60-2704-01A","TCGA-60-2704-01A-11D-2041-01","AVANT_p_TCGA_180_SNP_4N_GenomeWideSNP_6_C03_895342.nocnv_grch38.seg.v2.txt","37ad5697-eb48-40f1-b7ee-979a14665550",171,1572924,2899725210,"TCGA-60-2704-01A-11R-2045-07","TCGA-60-2704-01A",TRUE
"TCGA-60-2706","TCGA-60-2706-01A","TCGA-60-2706-01A-01D-0844-01","PAGOD_p_TCGAb31_SNP_S_GenomeWideSNP_6_G01_584712.nocnv_grch38.seg.v2.txt","297d3546-6af3-47ea-b1bf-7ca5f87d0075",712,1574025,2880830504,"TCGA-60-2706-01A-01R-0851-07","TCGA-60-2706-01A",TRUE
"TCGA-60-2707","TCGA-60-2707-01A","TCGA-60-2707-01A-01D-0844-01","PAGOD_p_TCGAb31_SNP_S_GenomeWideSNP_6_H01_584760.nocnv_grch38.seg.v2.txt","9602f654-06c2-4fd2-bf26-22a2d0371b38",241,1573098,2891286640,"TCGA-60-2707-01A-01R-0851-07","TCGA-60-2707-01A",TRUE
"TCGA-60-2708","TCGA-60-2708-01A","TCGA-60-2708-01A-01D-0844-01","PAGOD_p_TCGAb31_SNP_S_GenomeWideSNP_6_A02_584728.nocnv_grch38.seg.v2.txt","706cd8d1-0775-4bf6-ad8b-3c7e1a64c5ff",396,1573863,2878170931,"TCGA-60-2708-01A-01R-0851-07","TCGA-60-2708-01A",TRUE
"TCGA-60-2709","TCGA-60-2709-01A","TCGA-60-2709-01A-21D-1816-01","GUCKS_p_TCGA_b129_140_SNP_N_GenomeWideSNP_6_F05_802228.nocnv_grch38.seg.v2.txt","8bd13824-1d0d-4779-94b7-335cf52dc741",249,1572201,2897317085,"TCGA-60-2709-01A-21R-1820-07","TCGA-60-2709-01A",TRUE
"TCGA-60-2710","TCGA-60-2710-01A","TCGA-60-2710-01A-01D-1969-01","WHIRR_p_TCGA_168_169_170_redo_N_GenomeWideSNP_6_B12_845104.nocnv_grch38.seg.v2.txt","2b428024-b947-49a5-8209-d17b9cec3cce",225,1571746,2860926845,"TCGA-60-2710-01A-01R-0851-07","TCGA-60-2710-01A",TRUE
"TCGA-60-2711","TCGA-60-2711-01A","TCGA-60-2711-01A-01D-0844-01","PAGOD_p_TCGAb31_SNP_S_GenomeWideSNP_6_C02_584872.nocnv_grch38.seg.v2.txt","b99e81fb-0a6c-4ace-99a6-018c26032f6c",514,1573667,2805084404,"TCGA-60-2711-01A-01R-0851-07","TCGA-60-2711-01A",TRUE
"TCGA-60-2712","TCGA-60-2712-01A","TCGA-60-2712-01A-01D-0844-01","PAGOD_p_TCGAb31_SNP_S_GenomeWideSNP_6_D02_584762.nocnv_grch38.seg.v2.txt","3361ed5c-7ada-4bc7-8038-d6b93fd6f69b",235,1574144,2865447853,"TCGA-60-2712-01A-01R-0851-07","TCGA-60-2712-01A",TRUE
"TCGA-60-2713","TCGA-60-2713-01A","TCGA-60-2713-01A-01D-0844-01","PAGOD_p_TCGAb31_SNP_S_GenomeWideSNP_6_E02_584768.nocnv_grch38.seg.v2.txt","ef46382c-306a-4b7f-8b52-f59e67ea3604",319,1573793,2843987649,"TCGA-60-2713-01A-01R-0851-07","TCGA-60-2713-01A",TRUE
"TCGA-60-2714","TCGA-60-2714-01A","TCGA-60-2714-01A-01D-0844-01","PAGOD_p_TCGAb31_SNP_S_GenomeWideSNP_6_F02_584812.nocnv_grch38.seg.v2.txt","a3b60ae0-8a58-4c89-acb8-df47d2e65d23",366,1573733,2835560633,"TCGA-60-2714-01A-01R-0851-07","TCGA-60-2714-01A",TRUE
"TCGA-60-2715","TCGA-60-2715-01A","TCGA-60-2715-01A-01D-0844-01","PAGOD_p_TCGAb31_SNP_S_GenomeWideSNP_6_G02_584702.nocnv_grch38.seg.v2.txt","f1ce514d-6fa8-4f3c-b9b5-a753fb20a3fd",291,1574207,2891502585,"TCGA-60-2715-01A-01R-0851-07","TCGA-60-2715-01A",TRUE
"TCGA-60-2716","TCGA-60-2716-01A","TCGA-60-2716-01A-01D-0844-01","PAGOD_p_TCGAb31_SNP_S_GenomeWideSNP_6_H02_584706.nocnv_grch38.seg.v2.txt","627518e7-976e-4bf5-a532-01fdbf4c2236",161,1573993,2900809121,"TCGA-60-2716-01A-01R-0851-07","TCGA-60-2716-01A",TRUE
"TCGA-60-2719","TCGA-60-2719-01A","TCGA-60-2719-01A-01D-0844-01","PAGOD_p_TCGAb31_SNP_S_GenomeWideSNP_6_A03_584770.nocnv_grch38.seg.v2.txt","31f33b68-fe36-4c81-86b8-ee2d11a82ac7",448,1573645,2884088703,"TCGA-60-2719-01A-01R-0851-07","TCGA-60-2719-01A",TRUE
"TCGA-60-2720","TCGA-60-2720-01A","TCGA-60-2720-01A-01D-1969-01","WHIRR_p_TCGA_168_169_170_redo_N_GenomeWideSNP_6_C01_845222.nocnv_grch38.seg.v2.txt","7cf0c818-f117-482c-8618-7868b3e1bb8a",100,1570725,2897770881,"TCGA-60-2720-01A-01R-0851-07","TCGA-60-2720-01A",TRUE
"TCGA-60-2721","TCGA-60-2721-01A","TCGA-60-2721-01A-01D-0844-01","PAGOD_p_TCGAb31_SNP_S_GenomeWideSNP_6_C03_584782.nocnv_grch38.seg.v2.txt","eadbf371-6fe9-4483-a9fc-1cd91a3f0be7",241,1574080,2892418259,"TCGA-60-2721-01A-01R-0851-07","TCGA-60-2721-01A",TRUE
"TCGA-60-2722","TCGA-60-2722-01A","TCGA-60-2722-01A-01D-0844-01","PAGOD_p_TCGAb31_SNP_S_GenomeWideSNP_6_D03_584848.nocnv_grch38.seg.v2.txt","90a35df9-9398-41fa-945d-b99311e2a17c",920,1573684,2832707134,"TCGA-60-2722-01A-01R-0851-07","TCGA-60-2722-01A",TRUE
"TCGA-60-2723","TCGA-60-2723-01A","TCGA-60-2723-01A-01D-0844-01","PAGOD_p_TCGAb31_SNP_S_GenomeWideSNP_6_E03_584862.nocnv_grch38.seg.v2.txt","d726b5b8-a5ee-47e0-9a41-9ee62da01b73",325,1574170,2870783255,"TCGA-60-2723-01A-01R-0851-07","TCGA-60-2723-01A",TRUE
"TCGA-60-2724","TCGA-60-2724-01A","TCGA-60-2724-01A-01D-0844-01","PAGOD_p_TCGAb31_SNP_S_GenomeWideSNP_6_F03_584828.nocnv_grch38.seg.v2.txt","1f167454-2ade-4e46-8aa9-ac9065e89d11",249,1574021,2887920444,"TCGA-60-2724-01A-01R-0851-07","TCGA-60-2724-01A",TRUE
"TCGA-60-2725","TCGA-60-2725-01A","TCGA-60-2725-01A-01D-1195-01","FLOUT_p_TCGAb60_SNP_N_GenomeWideSNP_6_A08_681094.nocnv_grch38.seg.v2.txt","f3fbc370-7c7a-421e-9861-5bb02b809091",226,1574508,2897593486,"TCGA-60-2725-01A-01R-1201-07","TCGA-60-2725-01A",TRUE
"TCGA-60-2726","TCGA-60-2726-01A","TCGA-60-2726-01A-01D-0844-01","PAGOD_p_TCGAb31_SNP_S_GenomeWideSNP_6_G03_584724.nocnv_grch38.seg.v2.txt","dba4dd10-ae23-4727-be66-3e6cf8da7bcc",291,1574080,2855321336,"TCGA-60-2726-01A-01R-0851-07","TCGA-60-2726-01A",TRUE
"TCGA-63-5128","TCGA-63-5128-01A","TCGA-63-5128-01A-01D-1439-01","GRITH_p_TCGAb46and77_SNP_N_GenomeWideSNP_6_C07_730298.nocnv_grch38.seg.v2.txt","e8ef724a-bcdb-43b3-8927-8bfeb8788e96",326,1571221,2858279464,"TCGA-63-5128-01A-01R-1443-07","TCGA-63-5128-01A",TRUE
"TCGA-63-5131","TCGA-63-5131-01A","TCGA-63-5131-01A-01D-1439-01","GRITH_p_TCGAb46and77_SNP_N_GenomeWideSNP_6_C12_730146.nocnv_grch38.seg.v2.txt","bf694583-e371-4f45-bd75-e3fbf26f78c6",524,1571207,2843760508,"TCGA-63-5131-01A-01R-1443-07","TCGA-63-5131-01A",TRUE
"TCGA-63-6202","TCGA-63-6202-01A","TCGA-63-6202-01A-11D-1816-01","GUCKS_p_TCGA_b129_140_SNP_N_GenomeWideSNP_6_B09_802214.nocnv_grch38.seg.v2.txt","060187c7-b2d2-4d89-b565-ea495ef7f2e7",377,1571869,2836548018,"TCGA-63-6202-01A-11R-1820-07","TCGA-63-6202-01A",TRUE
"TCGA-63-7020","TCGA-63-7020-01A","TCGA-63-7020-01A-11D-1943-01","SERVO_p_TCGA_157_158_159_SNP_N_GenomeWideSNP_6_D02_831436.nocnv_grch38.seg.v2.txt","b42cb784-f38e-4ca3-bec7-a6993c351a79",270,1571627,2894523402,"TCGA-63-7020-01A-11R-1949-07","TCGA-63-7020-01A",TRUE
"TCGA-63-7021","TCGA-63-7021-01A","TCGA-63-7021-01A-11D-1943-01","SERVO_p_TCGA_157_158_159_SNP_N_GenomeWideSNP_6_B03_831448.nocnv_grch38.seg.v2.txt","e4dc76f7-722f-47dc-9847-b76ab2df0c09",151,1571912,2899718491,"TCGA-63-7021-01A-11R-1949-07","TCGA-63-7021-01A",TRUE
"TCGA-63-7022","TCGA-63-7022-01A","TCGA-63-7022-01A-11D-1943-01","SERVO_p_TCGA_157_158_159_SNP_N_GenomeWideSNP_6_G01_831484.nocnv_grch38.seg.v2.txt","bcc8b274-7c78-4754-b4c4-add1c79a8a41",172,1570525,2900859537,"TCGA-63-7022-01A-11R-1949-07","TCGA-63-7022-01A",TRUE
"TCGA-63-7023","TCGA-63-7023-01A","TCGA-63-7023-01A-11D-1943-01","SERVO_p_TCGA_157_158_159_SNP_N_GenomeWideSNP_6_F09_831344.nocnv_grch38.seg.v2.txt","b1f5380f-a349-4ce3-8965-d302c41de726",613,1570765,2876937682,"TCGA-63-7023-01A-11R-1949-07","TCGA-63-7023-01A",TRUE
"TCGA-63-A5M9","TCGA-63-A5M9-01A","TCGA-63-A5M9-01A-11D-A26L-01","FERLY_p_TCGA_batch_283_N_GenomeWideSNP_6_F07_1346994.nocnv_grch38.seg.v2.txt","b5132f28-0872-42e5-8d61-5ef20fa70937",364,1547661,2862681400,"TCGA-63-A5M9-01A-11R-A26W-07","TCGA-63-A5M9-01A",TRUE
"TCGA-63-A5MB","TCGA-63-A5MB-01A","TCGA-63-A5MB-01A-11D-A26L-01","FERLY_p_TCGA_batch_283_N_GenomeWideSNP_6_G07_1346986.nocnv_grch38.seg.v2.txt","12abb508-810b-49f0-96ec-2f6d1208cc57",626,1546908,2841847861,"TCGA-63-A5MB-01A-11R-A26W-07","TCGA-63-A5MB-01A",TRUE
"TCGA-63-A5MG","TCGA-63-A5MG-01A","TCGA-63-A5MG-01A-12D-A27J-01","CODON_p_TCGA_293_294_295_N_GenomeWideSNP_6_C08_1343720.nocnv_grch38.seg.v2.txt","e0549e0c-bc94-499d-a32b-da668641051a",89,1554189,2886383186,"TCGA-63-A5MG-01A-12R-A27Q-07","TCGA-63-A5MG-01A",TRUE
"TCGA-63-A5MH","TCGA-63-A5MH-01A","TCGA-63-A5MH-01A-12D-A27J-01","CODON_p_TCGA_293_294_295_N_GenomeWideSNP_6_C11_1343664.nocnv_grch38.seg.v2.txt","88ad69e5-1e7f-4cc5-8e3a-4dcba2b0c0dd",221,1552640,2866991343,"TCGA-63-A5MH-01A-12R-A27Q-07","TCGA-63-A5MH-01A",TRUE
"TCGA-63-A5MI","TCGA-63-A5MI-01A","TCGA-63-A5MI-01A-12D-A27J-01","CODON_p_TCGA_293_294_295_N_GenomeWideSNP_6_H09_1343680.nocnv_grch38.seg.v2.txt","394555db-8d47-458f-9013-669e5c6b6af3",390,1551285,2852948710,"TCGA-63-A5MI-01A-12R-A27Q-07","TCGA-63-A5MI-01A",TRUE
"TCGA-63-A5MJ","TCGA-63-A5MJ-01A","TCGA-63-A5MJ-01A-11D-A27J-01","DLP_REDO_FROM_CODON_H06.nocnv_grch38.seg.v2.txt","75c14738-c66a-4776-a4fc-4bfef3bd7af7",434,1548867,2878672556,"TCGA-63-A5MJ-01A-11R-A27Q-07","TCGA-63-A5MJ-01A",TRUE
"TCGA-63-A5ML","TCGA-63-A5ML-01A","TCGA-63-A5ML-01A-31D-A27J-01","CODON_p_TCGA_293_294_295_N_GenomeWideSNP_6_A03_1343638.nocnv_grch38.seg.v2.txt","92c84d78-7402-4e20-90e8-7f4615136ce7",293,1554889,2870906667,"TCGA-63-A5ML-01A-31R-A27Q-07","TCGA-63-A5ML-01A",TRUE
"TCGA-63-A5MM","TCGA-63-A5MM-01A","TCGA-63-A5MM-01A-11D-A26L-01","FERLY_p_TCGA_batch_283_N_GenomeWideSNP_6_H07_1346942.nocnv_grch38.seg.v2.txt","cff24479-6df6-4b0f-8771-f64113bc512e",135,1548767,2899647874,"TCGA-63-A5MM-01A-11R-A26W-07","TCGA-63-A5MM-01A",TRUE
"TCGA-63-A5MN","TCGA-63-A5MN-01A","TCGA-63-A5MN-01A-22D-A27J-01","CODON_p_TCGA_293_294_295_N_GenomeWideSNP_6_D03_1343586.nocnv_grch38.seg.v2.txt","b2e54c4e-30f9-40d6-9b42-41d82ad29177",64,1554563,2901065360,"TCGA-63-A5MN-01A-22R-A27Q-07","TCGA-63-A5MN-01A",TRUE
"TCGA-63-A5MP","TCGA-63-A5MP-01A","TCGA-63-A5MP-01A-11D-A26L-01","FERLY_p_TCGA_batch_283_N_GenomeWideSNP_6_A08_1347038.nocnv_grch38.seg.v2.txt","9757ad68-2dfa-4656-86f1-2d1a0defad7b",297,1548071,2890127435,"TCGA-63-A5MP-01A-11R-A26W-07","TCGA-63-A5MP-01A",TRUE
"TCGA-63-A5MR","TCGA-63-A5MR-01A","TCGA-63-A5MR-01A-31D-A27J-01","CODON_p_TCGA_293_294_295_N_GenomeWideSNP_6_A05_1343580.nocnv_grch38.seg.v2.txt","35c31578-1fc0-475c-81c7-0878cc111db2",160,1548823,2900053167,"TCGA-63-A5MR-01A-31R-A27Q-07","TCGA-63-A5MR-01A",TRUE
"TCGA-63-A5MS","TCGA-63-A5MS-01A","TCGA-63-A5MS-01A-11D-A26L-01","FERLY_p_TCGA_batch_283_N_GenomeWideSNP_6_B08_1346944.nocnv_grch38.seg.v2.txt","3d0b207b-0f7d-4678-a5a9-b2c4e6c3846a",294,1547734,2895543955,"TCGA-63-A5MS-01A-11R-A26W-07","TCGA-63-A5MS-01A",TRUE
"TCGA-63-A5MT","TCGA-63-A5MT-01A","TCGA-63-A5MT-01A-21D-A26L-01","FERLY_p_TCGA_batch_283_N_GenomeWideSNP_6_C08_1346936.nocnv_grch38.seg.v2.txt","08ffebbf-a98d-48ee-b571-4d9212a780b8",280,1548261,2891454315,"TCGA-63-A5MT-01A-21R-A26W-07","TCGA-63-A5MT-01A",TRUE
"TCGA-63-A5MU","TCGA-63-A5MU-01A","TCGA-63-A5MU-01A-11D-A26L-01","FERLY_p_TCGA_batch_283_N_GenomeWideSNP_6_D08_1347010.nocnv_grch38.seg.v2.txt","81872979-c054-4838-87a8-ef19c803a183",236,1548201,2865800950,"TCGA-63-A5MU-01A-11R-A26W-07","TCGA-63-A5MU-01A",TRUE
"TCGA-63-A5MV","TCGA-63-A5MV-01A","TCGA-63-A5MV-01A-21D-A26L-01","FERLY_p_TCGA_batch_283_N_GenomeWideSNP_6_E08_1346996.nocnv_grch38.seg.v2.txt","f01ccbe2-4564-48a6-b694-08e22aa8e76a",287,1548219,2853832317,"TCGA-63-A5MV-01A-21R-A26W-07","TCGA-63-A5MV-01A",TRUE
"TCGA-63-A5MW","TCGA-63-A5MW-01A","TCGA-63-A5MW-01A-11D-A26L-01","FERLY_p_TCGA_batch_283_N_GenomeWideSNP_6_F08_1347078.nocnv_grch38.seg.v2.txt","996809ca-175c-4009-9e74-51e4a37f9fbb",474,1547081,2876197423,"TCGA-63-A5MW-01A-11R-A26W-07","TCGA-63-A5MW-01A",TRUE
"TCGA-63-A5MY","TCGA-63-A5MY-01A","TCGA-63-A5MY-01A-11D-A26L-01","FERLY_p_TCGA_batch_283_N_GenomeWideSNP_6_G08_1347020.nocnv_grch38.seg.v2.txt","98b1f009-ae6a-4677-8099-7854dd17b0d4",505,1546190,2851929458,"TCGA-63-A5MY-01A-11R-A26W-07","TCGA-63-A5MY-01A",TRUE
"TCGA-66-2727","TCGA-66-2727-01A","TCGA-66-2727-01A-01D-0978-01","ELBOW_p_TCGAb39_SNP_N_GenomeWideSNP_6_C01_598536.nocnv_grch38.seg.v2.txt","30e831e0-9401-4314-be19-6984e86cee5b",544,1573410,2859446710,"TCGA-66-2727-01A-01R-0980-07","TCGA-66-2727-01A",TRUE
"TCGA-66-2734","TCGA-66-2734-01A","TCGA-66-2734-01A-01D-0978-01","ELBOW_p_TCGAb39_SNP_N_GenomeWideSNP_6_C11_598534.nocnv_grch38.seg.v2.txt","f5227974-fec4-4059-9622-ea9c2f1e6d80",101,1573251,2887087388,"TCGA-66-2734-01A-01R-0980-07","TCGA-66-2734-01A",TRUE
"TCGA-66-2737","TCGA-66-2737-01A","TCGA-66-2737-01A-01D-0978-01","ELBOW_p_TCGAb39_SNP_N_GenomeWideSNP_6_D05_598630.nocnv_grch38.seg.v2.txt","b5a10c28-5768-4587-92e6-922e55d46aab",239,1573177,2897035261,"TCGA-66-2737-01A-01R-0980-07","TCGA-66-2737-01A",TRUE
"TCGA-66-2742","TCGA-66-2742-01A","TCGA-66-2742-01A-01D-0978-01","ELBOW_p_TCGAb39_SNP_N_GenomeWideSNP_6_F05_598592.nocnv_grch38.seg.v2.txt","552910ee-d460-47c3-9db5-d7dfc006a435",304,1573409,2861578267,"TCGA-66-2742-01A-01R-0980-07","TCGA-66-2742-01A",TRUE
"TCGA-66-2744","TCGA-66-2744-01A","TCGA-66-2744-01A-01D-1969-01","WHIRR_p_TCGA_168_169_170_redo_N_GenomeWideSNP_6_A04_845266.nocnv_grch38.seg.v2.txt","cd3f79eb-4cbd-4e54-a1d9-0307e59ce20d",426,1570321,2858788121,"TCGA-66-2744-01A-01R-0980-07","TCGA-66-2744-01A",TRUE
"TCGA-66-2753","TCGA-66-2753-01A","TCGA-66-2753-01A-01D-0978-01","ELBOW_p_TCGAb39_SNP_N_GenomeWideSNP_6_B01_598580.nocnv_grch38.seg.v2.txt","586655c9-32b0-4acf-8313-f3d2e9cbbb73",365,1573267,2888911983,"TCGA-66-2753-01A-01R-0980-07","TCGA-66-2753-01A",TRUE
"TCGA-66-2754","TCGA-66-2754-01A","TCGA-66-2754-01A-01D-0978-01","ELBOW_p_TCGAb39_SNP_N_GenomeWideSNP_6_E05_598528.nocnv_grch38.seg.v2.txt","5c4b944d-0237-4a8e-b1a2-db99500b6cf3",952,1572471,2881693777,"TCGA-66-2754-01A-01R-0980-07","TCGA-66-2754-01A",TRUE
"TCGA-66-2755","TCGA-66-2755-01A","TCGA-66-2755-01A-01D-0844-01","PAGOD_p_TCGAb31_SNP_S_GenomeWideSNP_6_F04_584858.nocnv_grch38.seg.v2.txt","cf5241bb-b60a-4c56-9616-72fcf8cfc6f7",183,1573623,2851629775,"TCGA-66-2755-01A-01R-0851-07","TCGA-66-2755-01A",TRUE
"TCGA-66-2756","TCGA-66-2756-01A","TCGA-66-2756-01A-01D-0844-01","PAGOD_p_TCGAb31_SNP_S_GenomeWideSNP_6_G04_584756.nocnv_grch38.seg.v2.txt","682c20a4-f1d6-4fb9-aa2d-5835d3247228",657,1573359,2849055297,"TCGA-66-2756-01A-01R-0851-07","TCGA-66-2756-01A",TRUE
"TCGA-66-2757","TCGA-66-2757-01A","TCGA-66-2757-01A-01D-0844-01","PAGOD_p_TCGAb31_SNP_S_GenomeWideSNP_6_H04_584740.nocnv_grch38.seg.v2.txt","946cdb75-d53b-4178-811b-c0a5769f39c5",494,1573571,2883187103,"TCGA-66-2757-01A-01R-0851-07","TCGA-66-2757-01A",TRUE
"TCGA-66-2758","TCGA-66-2758-01A","TCGA-66-2758-01A-02D-1969-01","WHIRR_p_TCGA_168_169_170_redo_N_GenomeWideSNP_6_A06_845192.nocnv_grch38.seg.v2.txt","3ed721c2-9d7b-4547-be8f-e9506ccb5dc6",720,1571059,2881670136,"TCGA-66-2758-01A-02R-0851-07","TCGA-66-2758-01A",TRUE
"TCGA-66-2759","TCGA-66-2759-01A","TCGA-66-2759-01A-01D-1969-01","WHIRR_p_TCGA_168_169_170_redo_N_GenomeWideSNP_6_B08_845260.nocnv_grch38.seg.v2.txt","d900a387-726e-40da-8186-bdd3c338b67b",385,1571782,2885493978,"TCGA-66-2759-01A-01R-0851-07","TCGA-66-2759-01A",TRUE
"TCGA-66-2763","TCGA-66-2763-01A","TCGA-66-2763-01A-01D-0844-01","PAGOD_p_TCGAb31_SNP_S_GenomeWideSNP_6_C05_584876.nocnv_grch38.seg.v2.txt","d5a748bf-42eb-4797-93a4-c045893dfd4c",390,1573793,2849790481,"TCGA-66-2763-01A-01R-0851-07","TCGA-66-2763-01A",TRUE
"TCGA-66-2765","TCGA-66-2765-01A","TCGA-66-2765-01A-01D-0844-01","PAGOD_p_TCGAb31_SNP_S_GenomeWideSNP_6_D05_584734.nocnv_grch38.seg.v2.txt","325b99de-7f0a-4dcf-940b-2377d5cd0f51",186,1572856,2870982591,"TCGA-66-2765-01A-01R-0851-07","TCGA-66-2765-01A",TRUE
"TCGA-66-2766","TCGA-66-2766-01A","TCGA-66-2766-01A-01D-0844-01","PAGOD_p_TCGAb31_SNP_S_GenomeWideSNP_6_E05_584804.nocnv_grch38.seg.v2.txt","3e4de4f4-18eb-4003-b22c-27a79ba94e55",704,1572746,2866684866,"TCGA-66-2766-01A-01R-0851-07","TCGA-66-2766-01A",TRUE
"TCGA-66-2767","TCGA-66-2767-01A","TCGA-66-2767-01A-01D-0844-01","PAGOD_p_TCGAb31_SNP_S_GenomeWideSNP_6_F05_584846.nocnv_grch38.seg.v2.txt","8d1ef214-b22b-4edb-9fd6-d790774dbe7e",285,1574058,2863739129,"TCGA-66-2767-01A-01R-0851-07","TCGA-66-2767-01A",TRUE
"TCGA-66-2768","TCGA-66-2768-01A","TCGA-66-2768-01A-01D-0844-01","PAGOD_p_TCGAb31_SNP_S_GenomeWideSNP_6_G05_584714.nocnv_grch38.seg.v2.txt","2e203c70-0f6a-4400-a62a-7846b87f1d80",713,1574175,2854736067,"TCGA-66-2768-01A-01R-0851-07","TCGA-66-2768-01A",TRUE
"TCGA-66-2769","TCGA-66-2769-01A","TCGA-66-2769-01A-02D-0844-01","PAGOD_p_TCGAb31_SNP_S_GenomeWideSNP_6_H05_584880.nocnv_grch38.seg.v2.txt","39f1d1e7-004e-4c27-bc80-7c5e083647e8",493,1574160,2887701413,"TCGA-66-2769-01A-02R-0851-07","TCGA-66-2769-01A",TRUE
"TCGA-66-2770","TCGA-66-2770-01A","TCGA-66-2770-01A-01D-0844-01","PAGOD_p_TCGAb31_SNP_S_GenomeWideSNP_6_A06_584784.nocnv_grch38.seg.v2.txt","cae4d249-ba67-4316-8761-7e71e3813182",155,1569736,2865243854,"TCGA-66-2770-01A-01R-0851-07","TCGA-66-2770-01A",TRUE
"TCGA-66-2771","TCGA-66-2771-01A","TCGA-66-2771-01A-01D-0978-01","ELBOW_p_TCGAb39_SNP_N_GenomeWideSNP_6_E09_598670.nocnv_grch38.seg.v2.txt","8b701aeb-61de-4a00-ab96-f024b742dd31",313,1572775,2891816904,"TCGA-66-2771-01A-01R-0980-07","TCGA-66-2771-01A",TRUE
"TCGA-66-2773","TCGA-66-2773-01A","TCGA-66-2773-01A-01D-1195-01","FLOUT_p_TCGAb60_SNP_N_GenomeWideSNP_6_C12_680982.nocnv_grch38.seg.v2.txt","6b550bb0-d432-4a7b-9e02-bbacc341764b",180,1574508,2860700157,"TCGA-66-2773-01A-01R-1201-07","TCGA-66-2773-01A",TRUE
"TCGA-66-2777","TCGA-66-2777-01A","TCGA-66-2777-01A-01D-1195-01","FLOUT_p_TCGAb60_SNP_N_GenomeWideSNP_6_A12_681058.nocnv_grch38.seg.v2.txt","22830bd7-a71b-4ada-8e5d-69ff3192413a",557,1574508,2888947524,"TCGA-66-2777-01A-01R-1201-07","TCGA-66-2777-01A",TRUE
"TCGA-66-2778","TCGA-66-2778-01A","TCGA-66-2778-01A-02D-0844-01","PAGOD_p_TCGAb31_SNP_S_GenomeWideSNP_6_B06_584806.nocnv_grch38.seg.v2.txt","39a45e55-e83f-4b91-b0d8-c1a485b3f000",114,1571089,2900340289,"TCGA-66-2778-01A-02R-0851-07","TCGA-66-2778-01A",TRUE
"TCGA-66-2780","TCGA-66-2780-01A","TCGA-66-2780-01A-01D-0844-01","PAGOD_p_TCGAb31_SNP_S_GenomeWideSNP_6_C06_584796.nocnv_grch38.seg.v2.txt","3d5aebbd-48f7-4975-8522-bbe7c600877c",363,1574037,2889461658,"TCGA-66-2780-01A-01R-0851-07","TCGA-66-2780-01A",TRUE
"TCGA-66-2781","TCGA-66-2781-01A","TCGA-66-2781-01A-01D-0844-01","PAGOD_p_TCGAb31_SNP_S_GenomeWideSNP_6_D06_584822.nocnv_grch38.seg.v2.txt","ca49fc9a-cc9d-44e0-b24c-0de7ca97c36c",544,1573847,2880826741,"TCGA-66-2781-01A-01R-0851-07","TCGA-66-2781-01A",TRUE
"TCGA-66-2782","TCGA-66-2782-01A","TCGA-66-2782-01A-01D-0844-01","PAGOD_p_TCGAb31_SNP_S_GenomeWideSNP_6_E06_584776.nocnv_grch38.seg.v2.txt","8b310508-be7a-4714-93d2-6b427db221b1",180,1574117,2875302836,"TCGA-66-2782-01A-01R-0851-07","TCGA-66-2782-01A",TRUE
"TCGA-66-2783","TCGA-66-2783-01A","TCGA-66-2783-01A-01D-1195-01","FLOUT_p_TCGAb60_SNP_N_GenomeWideSNP_6_A03_681106.nocnv_grch38.seg.v2.txt","c6bc82cd-b3cc-463f-8047-d440b1139423",203,1574508,2892984514,"TCGA-66-2783-01A-01R-1201-07","TCGA-66-2783-01A",TRUE
"TCGA-66-2785","TCGA-66-2785-01A","TCGA-66-2785-01A-01D-0844-01","PAGOD_p_TCGAb31_SNP_S_GenomeWideSNP_6_F06_584814.nocnv_grch38.seg.v2.txt","4cac94cc-5d30-4835-8c7d-880bfb952c89",279,1573742,2877564543,"TCGA-66-2785-01A-01R-0851-07","TCGA-66-2785-01A",TRUE
"TCGA-66-2786","TCGA-66-2786-01A","TCGA-66-2786-01A-01D-0844-01","PAGOD_p_TCGAb31_SNP_S_GenomeWideSNP_6_G06_584854.nocnv_grch38.seg.v2.txt","c7a5f76e-55f0-4d2e-922b-7060e7820635",415,1573932,2889555245,"TCGA-66-2786-01A-01R-0851-07","TCGA-66-2786-01A",TRUE
"TCGA-66-2787","TCGA-66-2787-01A","TCGA-66-2787-01A-01D-0978-01","ELBOW_p_TCGAb39_SNP_N_GenomeWideSNP_6_B04_598636.nocnv_grch38.seg.v2.txt","455ec506-1295-49b9-bd5b-c86613f76541",415,1572912,2858337690,"TCGA-66-2787-01A-01R-0980-07","TCGA-66-2787-01A",TRUE
"TCGA-66-2788","TCGA-66-2788-01A","TCGA-66-2788-01A-01D-0978-01","ELBOW_p_TCGAb39_SNP_N_GenomeWideSNP_6_A12_598486.nocnv_grch38.seg.v2.txt","21ffd54f-4a39-4f6c-b8be-dd8a634da4d0",248,1573345,2864707425,"TCGA-66-2788-01A-01R-0980-07","TCGA-66-2788-01A",TRUE
"TCGA-66-2789","TCGA-66-2789-01A","TCGA-66-2789-01A-01D-0978-01","ELBOW_p_TCGAb39_SNP_N_GenomeWideSNP_6_E07_598662.nocnv_grch38.seg.v2.txt","595bdf80-14e5-4956-a0ea-89ac02102fe7",276,1572425,2871722626,"TCGA-66-2789-01A-01R-0980-07","TCGA-66-2789-01A",TRUE
"TCGA-66-2790","TCGA-66-2790-01A","TCGA-66-2790-01A-01D-0978-01","ELBOW_p_TCGAb39_SNP_N_GenomeWideSNP_6_D07_598668.nocnv_grch38.seg.v2.txt","2ef96ca5-39f2-450b-bc45-b1d7ae6c30cf",410,1573248,2862023727,"TCGA-66-2790-01A-01R-0980-07","TCGA-66-2790-01A",TRUE
"TCGA-66-2791","TCGA-66-2791-01A","TCGA-66-2791-01A-01D-0978-01","ELBOW_p_TCGAb39_SNP_N_GenomeWideSNP_6_A07_598508.nocnv_grch38.seg.v2.txt","ccbc722e-027e-4abc-a633-454497bec466",402,1573193,2864588159,"TCGA-66-2791-01A-01R-0980-07","TCGA-66-2791-01A",TRUE
"TCGA-66-2792","TCGA-66-2792-01A","TCGA-66-2792-01A-01D-0978-01","ELBOW_p_TCGAb39_SNP_N_GenomeWideSNP_6_B06_598500.nocnv_grch38.seg.v2.txt","0a93a926-8ec2-4978-8060-374ac052ad23",429,1573324,2875194198,"TCGA-66-2792-01A-01R-0980-07","TCGA-66-2792-01A",TRUE
"TCGA-66-2793","TCGA-66-2793-01A","TCGA-66-2793-01A-01D-1195-01","FLOUT_p_TCGAb60_SNP_N_GenomeWideSNP_6_C10_681026.nocnv_grch38.seg.v2.txt","bd3acd05-38e9-409e-94d3-3c73815c5690",669,1574508,2882559317,"TCGA-66-2793-01A-01R-1201-07","TCGA-66-2793-01A",TRUE
"TCGA-66-2794","TCGA-66-2794-01A","TCGA-66-2794-01A-01D-1195-01","FLOUT_p_TCGAb60_SNP_N_GenomeWideSNP_6_B06_681066.nocnv_grch38.seg.v2.txt","320119c8-58af-4856-8835-6cf0650d52f4",766,1574508,2850009393,"TCGA-66-2794-01A-01R-1201-07","TCGA-66-2794-01A",TRUE
"TCGA-66-2795","TCGA-66-2795-01A","TCGA-66-2795-01A-02D-0978-01","ELBOW_p_TCGAb39_SNP_N_GenomeWideSNP_6_E11_598640.nocnv_grch38.seg.v2.txt","fac2e8e5-11bf-4c90-befb-f61b4b0a3e8f",699,1569491,2862460161,"TCGA-66-2795-01A-02R-0980-07","TCGA-66-2795-01A",TRUE
"TCGA-66-2800","TCGA-66-2800-01A","TCGA-66-2800-01A-01D-1195-01","FLOUT_p_TCGAb60_SNP_N_GenomeWideSNP_6_B04_681140.nocnv_grch38.seg.v2.txt","eb78836a-1802-4d6c-a80f-24154b5005a3",589,1574508,2855913674,"TCGA-66-2800-01A-01R-1201-07","TCGA-66-2800-01A",TRUE
"TCGA-68-7755","TCGA-68-7755-01A","TCGA-68-7755-01A-11D-2121-01","PHYLE_p_TCGA_189_193_Rec_SNP_N_GenomeWideSNP_6_E08_932606.nocnv_grch38.seg.v2.txt","023c8a5e-a775-4439-8ae3-4c74734ad39d",986,1572254,2835160950,"TCGA-68-7755-01A-11R-2125-07","TCGA-68-7755-01A",TRUE
"TCGA-68-7756","TCGA-68-7756-01A","TCGA-68-7756-01A-11D-2121-01","PHYLE_p_TCGA_189_193_Rec_SNP_N_GenomeWideSNP_6_C12_932618.nocnv_grch38.seg.v2.txt","99fd8068-140c-4a77-a75b-d6a39411f6ee",101,1573616,2899759333,"TCGA-68-7756-01A-11R-2125-07","TCGA-68-7756-01A",TRUE
"TCGA-68-7757","TCGA-68-7757-01B","TCGA-68-7757-01B-11D-2292-01","KIWIS_p_TCGASNP_225_226_N_GenomeWideSNP_6_F01_1151780.nocnv_grch38.seg.v2.txt","26614f14-c8df-42df-aa8e-edf8327b7c71",134,1573549,2887661499,"TCGA-68-7757-01B-11R-2296-07","TCGA-68-7757-01B",TRUE
"TCGA-68-8250","TCGA-68-8250-01A","TCGA-68-8250-01A-11D-2292-01","KIWIS_p_TCGASNP_225_226_N_GenomeWideSNP_6_F03_1151818.nocnv_grch38.seg.v2.txt","ce479962-da6f-4a92-8cc5-1d10b6177997",385,1572501,2845998362,"TCGA-68-8250-01A-11R-2296-07","TCGA-68-8250-01A",TRUE
"TCGA-68-8251","TCGA-68-8251-01A","TCGA-68-8251-01A-11D-2292-01","KIWIS_p_TCGASNP_225_226_N_GenomeWideSNP_6_E06_1151762.nocnv_grch38.seg.v2.txt","44e9d55d-0d78-4551-9bfe-c84bb1628135",277,1573051,2894337232,"TCGA-68-8251-01A-11R-2296-07","TCGA-68-8251-01A",TRUE
"TCGA-68-A59I","TCGA-68-A59I-01A","TCGA-68-A59I-01A-11D-A26L-01","DLP_REDO_FROM_ENDUE_G05.nocnv_grch38.seg.v2.txt","ac7b0bd5-1edf-41d5-b3da-173b706f86b5",279,1570478,2879806619,"TCGA-68-A59I-01A-11R-A262-07","TCGA-68-A59I-01A",TRUE
"TCGA-68-A59J","TCGA-68-A59J-01A","TCGA-68-A59J-01A-21D-A26L-01","FERLY_p_TCGA_batch_283_N_GenomeWideSNP_6_H08_1347012.nocnv_grch38.seg.v2.txt","f1b9f998-bed5-4f05-8173-d34e77af4e68",398,1547581,2818996797,"TCGA-68-A59J-01A-21R-A26W-07","TCGA-68-A59J-01A",TRUE
"TCGA-6A-AB49","TCGA-6A-AB49-01A","TCGA-6A-AB49-01A-12D-A400-01","APRES_p_TCGAb_414_15_16_17_NSP_GenomeWideSNP_6_C07_1486270.nocnv_grch38.seg.v2.txt","0b91fd54-4f18-4994-8138-bada5ae69725",456,1572393,2852453155,"TCGA-6A-AB49-01A-12R-A405-07","TCGA-6A-AB49-01A",TRUE
"TCGA-70-6722","TCGA-70-6722-01A","TCGA-70-6722-01A-11D-1816-01","GUCKS_p_TCGA_b129_140_SNP_N_GenomeWideSNP_6_D08_802190.nocnv_grch38.seg.v2.txt","420e849d-6ba2-4a1e-a2be-ba7bf89e6f76",334,1571628,2850761972,"TCGA-70-6722-01A-11R-1820-07","TCGA-70-6722-01A",TRUE
"TCGA-70-6723","TCGA-70-6723-01A","TCGA-70-6723-01A-11D-1816-01","GUCKS_p_TCGA_b129_140_SNP_N_GenomeWideSNP_6_E01_802156.nocnv_grch38.seg.v2.txt","51a12ccb-f5c5-4bdb-9450-e5ec7b7ca403",589,1570714,2797306795,"TCGA-70-6723-01A-11R-1820-07","TCGA-70-6723-01A",TRUE
"TCGA-77-6842","TCGA-77-6842-01A","TCGA-77-6842-01A-11D-1943-01","OCULI_p_TCGA_159_160_SNP_N_GenomeWideSNP_6_D06_831208.nocnv_grch38.seg.v2.txt","cd8a429b-3b61-4563-9de9-ff9d9348e6f4",284,1572009,2890482273,"TCGA-77-6842-01A-11R-1949-07","TCGA-77-6842-01A",TRUE
"TCGA-77-6843","TCGA-77-6843-01A","TCGA-77-6843-01A-11D-1943-01","OCULI_p_TCGA_159_160_SNP_N_GenomeWideSNP_6_D09_831110.nocnv_grch38.seg.v2.txt","d7aed2c1-cf7a-4b9f-90a6-3adfbc0e5c26",342,1572949,2861210492,"TCGA-77-6843-01A-11R-1949-07","TCGA-77-6843-01A",TRUE
"TCGA-77-6844","TCGA-77-6844-01A","TCGA-77-6844-01A-11D-1943-01","OCULI_p_TCGA_159_160_SNP_N_GenomeWideSNP_6_D11_831118.nocnv_grch38.seg.v2.txt","0253cd5d-a580-443d-ab89-b00a5971d025",222,1572403,2876037341,"TCGA-77-6844-01A-11R-1949-07","TCGA-77-6844-01A",TRUE
"TCGA-77-6845","TCGA-77-6845-01A","TCGA-77-6845-01A-11D-1943-01","OCULI_p_TCGA_159_160_SNP_N_GenomeWideSNP_6_E01_831166.nocnv_grch38.seg.v2.txt","2d39c891-ae47-419e-b85c-22caf888c296",355,1572480,2891011847,"TCGA-77-6845-01A-11R-1949-07","TCGA-77-6845-01A",TRUE
"TCGA-77-7138","TCGA-77-7138-01A","TCGA-77-7138-01A-41D-2041-01","AVANT_p_TCGA_180_SNP_4N_GenomeWideSNP_6_E02_895398.nocnv_grch38.seg.v2.txt","537d62e6-8c94-4396-8683-bad4c9aff415",327,1573001,2855619300,"TCGA-77-7138-01A-41R-2045-07","TCGA-77-7138-01A",TRUE
"TCGA-77-7139","TCGA-77-7139-01A","TCGA-77-7139-01A-11D-2041-01","AVANT_p_TCGA_180_SNP_4N_GenomeWideSNP_6_F09_895360.nocnv_grch38.seg.v2.txt","69558a9a-259e-43c8-b89a-72c5496cc081",493,1571971,2858882588,"TCGA-77-7139-01A-11R-2045-07","TCGA-77-7139-01A",TRUE
"TCGA-77-7140","TCGA-77-7140-01A","TCGA-77-7140-01A-41D-2041-01","AVANT_p_TCGA_180_SNP_4N_GenomeWideSNP_6_B11_895484.nocnv_grch38.seg.v2.txt","43e161fc-004b-4d99-9a68-e80d38f4f2c3",708,1572741,2873305709,"TCGA-77-7140-01A-41R-2045-07","TCGA-77-7140-01A",TRUE
"TCGA-77-7141","TCGA-77-7141-01A","TCGA-77-7141-01A-11D-2041-01","AVANT_p_TCGA_180_SNP_4N_GenomeWideSNP_6_F11_895338.nocnv_grch38.seg.v2.txt","1ea2592c-f849-421d-8b48-b05d85917a1d",501,1571116,2854414095,"TCGA-77-7141-01A-11R-2045-07","TCGA-77-7141-01A",TRUE
"TCGA-77-7142","TCGA-77-7142-01A","TCGA-77-7142-01A-11D-2041-01","QUERY_p_TCGA_180_181_SNP_N_GenomeWideSNP_6_D11_896388.nocnv_grch38.seg.v2.txt","0c122b06-375d-41fd-85c5-02d55af2fbc3",490,1571150,2855765205,"TCGA-77-7142-01A-11R-2045-07","TCGA-77-7142-01A",TRUE
"TCGA-77-7335","TCGA-77-7335-01A","TCGA-77-7335-01A-11D-2041-01","QUERY_p_TCGA_180_181_SNP_N_GenomeWideSNP_6_F10_896358.nocnv_grch38.seg.v2.txt","7807fb8e-3110-4bef-808f-3f2be8a2ab25",180,1571064,2864437478,"TCGA-77-7335-01A-11R-2045-07","TCGA-77-7335-01A",TRUE
"TCGA-77-7337","TCGA-77-7337-01A","TCGA-77-7337-01A-21D-2041-01","QUERY_p_TCGA_180_181_SNP_N_GenomeWideSNP_6_E02_896324.nocnv_grch38.seg.v2.txt","eb018274-5208-41f6-b3d1-51adc648b914",301,1572280,2846965416,"TCGA-77-7337-01A-21R-2045-07","TCGA-77-7337-01A",TRUE
"TCGA-77-7338","TCGA-77-7338-01A","TCGA-77-7338-01A-11D-2041-01","QUERY_p_TCGA_180_181_SNP_N_GenomeWideSNP_6_D07_896284.nocnv_grch38.seg.v2.txt","f6469547-7a14-4d75-aa91-d45a455693a6",179,1572622,2856128144,"TCGA-77-7338-01A-11R-2045-07","TCGA-77-7338-01A",TRUE
"TCGA-77-7463","TCGA-77-7463-01A","TCGA-77-7463-01A-11D-2041-01","QUERY_p_TCGA_180_181_SNP_N_GenomeWideSNP_6_C09_896386.nocnv_grch38.seg.v2.txt","8a30292c-f720-40b7-bd44-81b344071023",292,1572674,2867201557,"TCGA-77-7463-01A-11R-2045-07","TCGA-77-7463-01A",TRUE
"TCGA-77-7465","TCGA-77-7465-01A","TCGA-77-7465-01A-11D-2041-01","QUERY_p_TCGA_180_181_SNP_N_GenomeWideSNP_6_B12_896350.nocnv_grch38.seg.v2.txt","31812616-d89e-4878-a764-9942c623f411",423,1572749,2874829200,"TCGA-77-7465-01A-11R-2045-07","TCGA-77-7465-01A",TRUE
"TCGA-77-8007","TCGA-77-8007-01A","TCGA-77-8007-01A-11D-2183-01","XYLEM_p_TCGASNP_207_212_N_GenomeWideSNP_6_B11_1051186.nocnv_grch38.seg.v2.txt","f7937e33-794c-4c47-a4ac-ceeee65c066e",284,1572364,2891714056,"TCGA-77-8007-01A-11R-2187-07","TCGA-77-8007-01A",TRUE
"TCGA-77-8008","TCGA-77-8008-01A","TCGA-77-8008-01A-21D-2183-01","XYLEM_p_TCGASNP_207_212_N_GenomeWideSNP_6_B12_1051188.nocnv_grch38.seg.v2.txt","89693321-ff43-47e8-b123-33520355abd6",131,1573208,2896116008,"TCGA-77-8008-01A-21R-2187-07","TCGA-77-8008-01A",TRUE
"TCGA-77-8009","TCGA-77-8009-01A","TCGA-77-8009-01A-11D-2183-01","XYLEM_p_TCGASNP_207_212_N_GenomeWideSNP_6_E12_1051236.nocnv_grch38.seg.v2.txt","12031677-4ed7-42ac-a61a-3866b5a1cba1",1413,1572837,2842209273,"TCGA-77-8009-01A-11R-2187-07","TCGA-77-8009-01A",TRUE
"TCGA-77-8128","TCGA-77-8128-01A","TCGA-77-8128-01A-11D-2243-01","DRAWN_p_TCGASNP_214_215_N_GenomeWideSNP_6_A02_1148274.nocnv_grch38.seg.v2.txt","690d4585-8062-4a22-96b5-bda97ef9843b",338,1572564,2895430294,"TCGA-77-8128-01A-11R-2247-07","TCGA-77-8128-01A",TRUE
"TCGA-77-8130","TCGA-77-8130-01A","TCGA-77-8130-01A-11D-2243-01","DRAWN_p_TCGASNP_214_215_N_GenomeWideSNP_6_G08_1148248.nocnv_grch38.seg.v2.txt","9164551d-82c7-48c7-b1d8-6ec3152c8440",277,1572587,2852642076,"TCGA-77-8130-01A-11R-2247-07","TCGA-77-8130-01A",TRUE
"TCGA-77-8131","TCGA-77-8131-01A","TCGA-77-8131-01A-11D-2243-01","DRAWN_p_TCGASNP_214_215_N_GenomeWideSNP_6_A08_1148214.nocnv_grch38.seg.v2.txt","fe022d75-9c37-4906-ba0f-85a122fa6f31",173,1573208,2891211878,"TCGA-77-8131-01A-11R-2247-07","TCGA-77-8131-01A",TRUE
"TCGA-77-8133","TCGA-77-8133-01A","TCGA-77-8133-01A-12D-2243-01","DRAWN_p_TCGASNP_214_215_N_GenomeWideSNP_6_C05_1148216.nocnv_grch38.seg.v2.txt","2cc832d3-ca6b-4ae4-b554-8bad6ee13e63",180,1573319,2895565615,"TCGA-77-8133-01A-12R-2247-07","TCGA-77-8133-01A",TRUE
"TCGA-77-8136","TCGA-77-8136-01A","TCGA-77-8136-01A-11D-2243-01","DRAWN_p_TCGASNP_214_215_N_GenomeWideSNP_6_F12_1148350.nocnv_grch38.seg.v2.txt","c26496ed-1574-40fb-9d64-7b5327855504",211,1573322,2886878983,"TCGA-77-8136-01A-11R-2247-07","TCGA-77-8136-01A",TRUE
"TCGA-77-8138","TCGA-77-8138-01A","TCGA-77-8138-01A-11D-2243-01","DRAWN_p_TCGASNP_214_215_N_GenomeWideSNP_6_C09_1148320.nocnv_grch38.seg.v2.txt","bbda3a32-69bb-4732-a528-abb95ec037b3",115,1573322,2882026194,"TCGA-77-8138-01A-11R-2247-07","TCGA-77-8138-01A",TRUE
"TCGA-77-8139","TCGA-77-8139-01A","TCGA-77-8139-01A-11D-2243-01","DRAWN_p_TCGASNP_214_215_N_GenomeWideSNP_6_D03_1148292.nocnv_grch38.seg.v2.txt","cd23af00-e644-4b73-9ff1-24205bf08073",306,1572960,2878453895,"TCGA-77-8139-01A-11R-2247-07","TCGA-77-8139-01A",TRUE
"TCGA-77-8140","TCGA-77-8140-01A","TCGA-77-8140-01A-11D-2243-01","DRAWN_p_TCGASNP_214_215_N_GenomeWideSNP_6_F08_1148346.nocnv_grch38.seg.v2.txt","6a0ab410-a4f7-424b-bc3d-203a3ed00233",242,1570898,2888593316,"TCGA-77-8140-01A-11R-2247-07","TCGA-77-8140-01A",TRUE
"TCGA-77-8143","TCGA-77-8143-01A","TCGA-77-8143-01A-11D-2243-01","DRAWN_p_TCGASNP_214_215_N_GenomeWideSNP_6_A06_1148378.nocnv_grch38.seg.v2.txt","6dab672d-6818-44a7-b39d-caa90b7c027d",207,1572904,2896586372,"TCGA-77-8143-01A-11R-2247-07","TCGA-77-8143-01A",TRUE
"TCGA-77-8144","TCGA-77-8144-01A","TCGA-77-8144-01A-11D-2243-01","DRAWN_p_TCGASNP_214_215_N_GenomeWideSNP_6_E02_1148256.nocnv_grch38.seg.v2.txt","3bda9826-8810-41d4-9e80-e3df0266a518",459,1572642,2887810677,"TCGA-77-8144-01A-11R-2247-07","TCGA-77-8144-01A",TRUE
"TCGA-77-8145","TCGA-77-8145-01A","TCGA-77-8145-01A-11D-2243-01","DRAWN_p_TCGASNP_214_215_N_GenomeWideSNP_6_A09_1148212.nocnv_grch38.seg.v2.txt","1ec282cb-2155-4b6b-b7e8-bce31190f4ac",236,1573210,2863881838,"TCGA-77-8145-01A-11R-2247-07","TCGA-77-8145-01A",TRUE
"TCGA-77-8148","TCGA-77-8148-01A","TCGA-77-8148-01A-11D-2243-01","DRAWN_p_TCGASNP_214_215_N_GenomeWideSNP_6_G05_1148332.nocnv_grch38.seg.v2.txt","beead30a-a3af-4eae-9499-d83ba1eb4d82",742,1572153,2845394329,"TCGA-77-8148-01A-11R-2247-07","TCGA-77-8148-01A",TRUE
"TCGA-77-8150","TCGA-77-8150-01A","TCGA-77-8150-01A-11D-2243-01","DRAWN_p_TCGASNP_214_215_N_GenomeWideSNP_6_E09_1148272.nocnv_grch38.seg.v2.txt","ab665c5d-3733-4002-a724-946c1c5265b0",391,1573286,2886947172,"TCGA-77-8150-01A-11R-2247-07","TCGA-77-8150-01A",TRUE
"TCGA-77-8153","TCGA-77-8153-01A","TCGA-77-8153-01A-11D-2391-01","LEONE_p_TCGA_103_243_257_N_GenomeWideSNP_6_D01_1300590.nocnv_grch38.seg.v2.txt","7f9d700b-5bcf-4f99-8f44-6a175598076d",530,1565701,2869523420,"TCGA-77-8153-01A-11R-2403-07","TCGA-77-8153-01A",TRUE
"TCGA-77-8154","TCGA-77-8154-01A","TCGA-77-8154-01A-11D-2243-01","DRAWN_p_TCGASNP_214_215_N_GenomeWideSNP_6_E05_1148254.nocnv_grch38.seg.v2.txt","0f301782-1b61-47d0-8fdb-b3e3a184276d",274,1573127,2888180997,"TCGA-77-8154-01A-11R-2247-07","TCGA-77-8154-01A",TRUE
"TCGA-77-8156","TCGA-77-8156-01A","TCGA-77-8156-01A-11D-2243-01","DRAWN_p_TCGASNP_214_215_N_GenomeWideSNP_6_G02_1148318.nocnv_grch38.seg.v2.txt","476774bb-7385-42b4-9c75-386152c266e4",301,1573077,2870778820,"TCGA-77-8156-01A-11R-2247-07","TCGA-77-8156-01A",TRUE
"TCGA-77-A5FZ","TCGA-77-A5FZ-01A","TCGA-77-A5FZ-01A-31D-A27J-01","CODON_p_TCGA_293_294_295_N_GenomeWideSNP_6_C09_1343668.nocnv_grch38.seg.v2.txt","7242b9d4-4753-4edf-a49e-25e817ca60e2",65,1553527,2901058528,"TCGA-77-A5FZ-01A-31R-A27Q-07","TCGA-77-A5FZ-01A",TRUE
"TCGA-77-A5G1","TCGA-77-A5G1-01A","TCGA-77-A5G1-01A-11D-A27J-01","CODON_p_TCGA_293_294_295_N_GenomeWideSNP_6_C12_1343590.nocnv_grch38.seg.v2.txt","49ed0340-5bf4-4409-b7a6-c9174353e97f",136,1555006,2895885489,"TCGA-77-A5G1-01A-11R-A27Q-07","TCGA-77-A5G1-01A",TRUE
"TCGA-77-A5G3","TCGA-77-A5G3-01A","TCGA-77-A5G3-01A-31D-A27J-01","CODON_p_TCGA_293_294_295_N_GenomeWideSNP_6_H10_1343570.nocnv_grch38.seg.v2.txt","852717de-a117-437a-994e-661891a0f679",502,1551471,2878531994,"TCGA-77-A5G3-01A-31R-A27Q-07","TCGA-77-A5G3-01A",TRUE
"TCGA-77-A5G6","TCGA-77-A5G6-01A","TCGA-77-A5G6-01A-11D-A27J-01","CODON_p_TCGA_293_294_295_N_GenomeWideSNP_6_H07_1343624.nocnv_grch38.seg.v2.txt","b5423bd2-9630-4aed-8e48-b7ccf19c4223",323,1554244,2865169347,"TCGA-77-A5G6-01A-11R-A27Q-07","TCGA-77-A5G6-01A",TRUE
"TCGA-77-A5G7","TCGA-77-A5G7-01B","TCGA-77-A5G7-01B-11D-A27J-01","CODON_p_TCGA_293_294_295_N_GenomeWideSNP_6_A08_1343684.nocnv_grch38.seg.v2.txt","0126fcbe-39a6-4b89-9fc3-0dae79cdacd2",307,1552649,2889802616,"TCGA-77-A5G7-01B-11R-A27Q-07","TCGA-77-A5G7-01B",TRUE
"TCGA-77-A5G8","TCGA-77-A5G8-01B","TCGA-77-A5G8-01B-11D-A27J-01","CODON_p_TCGA_293_294_295_N_GenomeWideSNP_6_D04_1343572.nocnv_grch38.seg.v2.txt","96b23cfd-5f3f-4832-a1a6-feee12ffd53d",211,1551853,2833395886,"TCGA-77-A5G8-01B-11R-A27Q-07","TCGA-77-A5G8-01B",TRUE
"TCGA-77-A5GA","TCGA-77-A5GA-01A","TCGA-77-A5GA-01A-11D-A27J-01","CODON_p_TCGA_293_294_295_N_GenomeWideSNP_6_A06_1343698.nocnv_grch38.seg.v2.txt","8b01aa0b-1c7e-4218-ab2c-ae21534bac3a",239,1554790,2852077982,"TCGA-77-A5GA-01A-11R-A27Q-07","TCGA-77-A5GA-01A",TRUE
"TCGA-77-A5GB","TCGA-77-A5GB-01B","TCGA-77-A5GB-01B-11D-A27J-01","CODON_p_TCGA_293_294_295_N_GenomeWideSNP_6_C10_1343550.nocnv_grch38.seg.v2.txt","209b8a2c-3b1b-4374-8378-0b8a7f7324ae",84,1555714,2897503282,"TCGA-77-A5GB-01B-11R-A27Q-07","TCGA-77-A5GB-01B",TRUE
"TCGA-77-A5GF","TCGA-77-A5GF-01A","TCGA-77-A5GF-01A-21D-A27J-01","CODON_p_TCGA_293_294_295_N_GenomeWideSNP_6_D01_1343602.nocnv_grch38.seg.v2.txt","9c7b6939-6a0f-441a-a276-f7a87c7d7bbe",390,1551139,2881747477,"TCGA-77-A5GF-01A-21R-A27Q-07","TCGA-77-A5GF-01A",TRUE
"TCGA-77-A5GH","TCGA-77-A5GH-01A","TCGA-77-A5GH-01A-11D-A27J-01","CODON_p_TCGA_293_294_295_N_GenomeWideSNP_6_H11_1343604.nocnv_grch38.seg.v2.txt","e13dd2a0-5036-4e12-966b-c58e2b627212",626,1552758,2865142158,"TCGA-77-A5GH-01A-11R-A27Q-07","TCGA-77-A5GH-01A",TRUE
"TCGA-79-5596","TCGA-79-5596-01A","TCGA-79-5596-01A-31D-1943-01","OCULI_p_TCGA_159_160_SNP_N_GenomeWideSNP_6_C02_831142.nocnv_grch38.seg.v2.txt","394b2de8-2b85-42d6-a708-4eb7ceca7de1",319,1572825,2835938373,"TCGA-79-5596-01A-31R-1949-07","TCGA-79-5596-01A",TRUE
"TCGA-85-6175","TCGA-85-6175-01A","TCGA-85-6175-01A-11D-1816-01","GUCKS_p_TCGA_b129_140_SNP_N_GenomeWideSNP_6_G09_802224.nocnv_grch38.seg.v2.txt","50874d9b-d527-46bc-a3df-7fa95f6707a0",238,1571982,2895068553,"TCGA-85-6175-01A-11R-1820-07","TCGA-85-6175-01A",TRUE
"TCGA-85-6560","TCGA-85-6560-01A","TCGA-85-6560-01A-11D-1816-01","GUCKS_p_TCGA_b129_140_SNP_N_GenomeWideSNP_6_A12_802304.nocnv_grch38.seg.v2.txt","773dc6fa-8b2b-4648-976c-71ea734319b2",407,1571857,2883184229,"TCGA-85-6560-01A-11R-1820-07","TCGA-85-6560-01A",TRUE
"TCGA-85-6561","TCGA-85-6561-01A","TCGA-85-6561-01A-11D-1816-01","GUCKS_p_TCGA_b129_140_SNP_N_GenomeWideSNP_6_B05_802226.nocnv_grch38.seg.v2.txt","1917734f-dcc6-4f82-baec-1af03fe2c72c",164,1570501,2858642997,"TCGA-85-6561-01A-11R-1820-07","TCGA-85-6561-01A",TRUE
"TCGA-85-6798","TCGA-85-6798-01A","TCGA-85-6798-01A-11D-1943-01","OCULI_p_TCGA_159_160_SNP_N_GenomeWideSNP_6_E03_831180.nocnv_grch38.seg.v2.txt","5bbd4cca-6e55-417d-a28d-16b5eec9e759",250,1572873,2852808146,"TCGA-85-6798-01A-11R-1949-07","TCGA-85-6798-01A",TRUE
"TCGA-85-7696","TCGA-85-7696-01A","TCGA-85-7696-01A-11D-2121-01","PHYLE_p_TCGA_189_193_Rec_SNP_N_GenomeWideSNP_6_E10_932582.nocnv_grch38.seg.v2.txt","53c97879-5e00-4b25-b4a5-2e523bef92f2",294,1572845,2864253881,"TCGA-85-7696-01A-11R-2125-07","TCGA-85-7696-01A",TRUE
"TCGA-85-7697","TCGA-85-7697-01A","TCGA-85-7697-01A-11D-2121-01","PHYLE_p_TCGA_189_193_Rec_SNP_N_GenomeWideSNP_6_D09_932596.nocnv_grch38.seg.v2.txt","1343a3ff-d66b-47e7-ac55-e9dd1caa3dcd",174,1573635,2889025300,"TCGA-85-7697-01A-11R-2125-07","TCGA-85-7697-01A",TRUE
"TCGA-85-7698","TCGA-85-7698-01A","TCGA-85-7698-01A-11D-2121-01","PHYLE_p_TCGA_189_193_Rec_SNP_N_GenomeWideSNP_6_D10_932584.nocnv_grch38.seg.v2.txt","f6f9be63-c6f6-4dba-878a-7f8af76ad711",356,1573601,2862435487,"TCGA-85-7698-01A-11R-2125-07","TCGA-85-7698-01A",TRUE
"TCGA-85-7699","TCGA-85-7699-01A","TCGA-85-7699-01A-11D-2121-01","PHYLE_p_TCGA_189_193_Rec_SNP_N_GenomeWideSNP_6_G11_932566.nocnv_grch38.seg.v2.txt","376fb73f-b5f5-4b90-b09c-ac8ea68656c0",386,1572658,2863977219,"TCGA-85-7699-01A-11R-2125-07","TCGA-85-7699-01A",TRUE
"TCGA-85-7710","TCGA-85-7710-01A","TCGA-85-7710-01A-11D-2121-01","PHYLE_p_TCGA_189_193_Rec_SNP_N_GenomeWideSNP_6_C07_932564.nocnv_grch38.seg.v2.txt","5c352c10-ae6a-43d9-98a6-c4c97cdb647d",149,1573157,2869834243,"TCGA-85-7710-01A-11R-2125-07","TCGA-85-7710-01A",TRUE
"TCGA-85-7843","TCGA-85-7843-01A","TCGA-85-7843-01A-11D-2121-01","TRIAL_p_TCGA_191_193_SNP_N_GenomeWideSNP_6_A11_932402.nocnv_grch38.seg.v2.txt","c2364af1-ef69-4a76-9040-7743df2bacc6",523,1571725,2885150685,"TCGA-85-7843-01A-11R-2125-07","TCGA-85-7843-01A",TRUE
"TCGA-85-7844","TCGA-85-7844-01A","TCGA-85-7844-01A-11D-2121-01","TRIAL_p_TCGA_191_193_SNP_N_GenomeWideSNP_6_E04_932460.nocnv_grch38.seg.v2.txt","4a9b2b02-b8d4-4db4-bb08-ed843a674b44",183,1571645,2888025262,"TCGA-85-7844-01A-11R-2125-07","TCGA-85-7844-01A",TRUE
"TCGA-85-7950","TCGA-85-7950-01A","TCGA-85-7950-01A-11D-2183-01","XYLEM_p_TCGASNP_207_212_N_GenomeWideSNP_6_A07_1051202.nocnv_grch38.seg.v2.txt","117362e6-bf46-498d-a0ef-66034eb1e05a",388,1572886,2859848677,"TCGA-85-7950-01A-11R-2187-07","TCGA-85-7950-01A",TRUE
"TCGA-85-8048","TCGA-85-8048-01A","TCGA-85-8048-01A-11D-2243-01","DRAWN_p_TCGASNP_214_215_N_GenomeWideSNP_6_A05_1148276.nocnv_grch38.seg.v2.txt","d7601961-1b2b-433c-ab75-65f48c6c70fb",214,1572851,2900685458,"TCGA-85-8048-01A-11R-2247-07","TCGA-85-8048-01A",TRUE
"TCGA-85-8049","TCGA-85-8049-01A","TCGA-85-8049-01A-11D-2243-01","DRAWN_p_TCGASNP_214_215_N_GenomeWideSNP_6_F06_1148252.nocnv_grch38.seg.v2.txt","cf5d230f-1561-4bad-ab6a-bbb4b0b8b5e6",144,1573263,2900802277,"TCGA-85-8049-01A-11R-2247-07","TCGA-85-8049-01A",TRUE
"TCGA-85-8052","TCGA-85-8052-01A","TCGA-85-8052-01A-11D-2243-01","DRAWN_p_TCGASNP_214_215_N_GenomeWideSNP_6_A10_1148324.nocnv_grch38.seg.v2.txt","ba6e77de-ca9d-49d0-b72b-076484a16afb",219,1573172,2873778715,"TCGA-85-8052-01A-11R-2247-07","TCGA-85-8052-01A",TRUE
"TCGA-85-8070","TCGA-85-8070-01A","TCGA-85-8070-01A-11D-2243-01","DRAWN_p_TCGASNP_214_215_N_GenomeWideSNP_6_E04_1148222.nocnv_grch38.seg.v2.txt","273c54f0-e5f0-4684-a1df-82a79554637d",414,1572353,2876562181,"TCGA-85-8070-01A-11R-2247-07","TCGA-85-8070-01A",TRUE
"TCGA-85-8071","TCGA-85-8071-01A","TCGA-85-8071-01A-11D-2243-01","DRAWN_p_TCGASNP_214_215_N_GenomeWideSNP_6_H07_1148396.nocnv_grch38.seg.v2.txt","bdd84053-6c16-45db-83e3-fd63a5244711",381,1572482,2870729341,"TCGA-85-8071-01A-11R-2247-07","TCGA-85-8071-01A",TRUE
"TCGA-85-8072","TCGA-85-8072-01A","TCGA-85-8072-01A-31D-2243-01","DRAWN_p_TCGASNP_214_215_N_GenomeWideSNP_6_E10_1148208.nocnv_grch38.seg.v2.txt","7d560b44-382d-4cca-8cc3-5ff0ac469c48",632,1573148,2877249525,"TCGA-85-8072-01A-31R-2247-07","TCGA-85-8072-01A",TRUE
"TCGA-85-8276","TCGA-85-8276-01A","TCGA-85-8276-01A-11D-2292-01","KIWIS_p_TCGASNP_225_226_N_GenomeWideSNP_6_G09_1151844.nocnv_grch38.seg.v2.txt","1fd4b2d0-c968-4e01-851d-ce072e89beee",704,1573736,2877159959,"TCGA-85-8276-01A-11R-2296-07","TCGA-85-8276-01A",TRUE
"TCGA-85-8277","TCGA-85-8277-01A","TCGA-85-8277-01A-11D-2292-01","KIWIS_p_TCGASNP_225_226_N_GenomeWideSNP_6_E08_1151748.nocnv_grch38.seg.v2.txt","0565ae29-1375-4653-937d-efff9a2c2b1f",582,1573096,2864495362,"TCGA-85-8277-01A-11R-2296-07","TCGA-85-8277-01A",TRUE
"TCGA-85-8287","TCGA-85-8287-01A","TCGA-85-8287-01A-11D-2292-01","KIWIS_p_TCGASNP_225_226_N_GenomeWideSNP_6_E10_1151668.nocnv_grch38.seg.v2.txt","3aee26ea-7a03-4102-b3e2-3da3730eba89",299,1573677,2879229467,"TCGA-85-8287-01A-11R-2296-07","TCGA-85-8287-01A",TRUE
"TCGA-85-8288","TCGA-85-8288-01A","TCGA-85-8288-01A-11D-2292-01","KIWIS_p_TCGASNP_225_226_N_GenomeWideSNP_6_H01_1151764.nocnv_grch38.seg.v2.txt","3a434e48-8e3e-4644-8c39-bd820e8a2867",232,1573534,2892672173,"TCGA-85-8288-01A-11R-2296-07","TCGA-85-8288-01A",TRUE
"TCGA-85-8350","TCGA-85-8350-01A","TCGA-85-8350-01A-11D-2292-01","KIWIS_p_TCGASNP_225_226_N_GenomeWideSNP_6_E12_1151690.nocnv_grch38.seg.v2.txt","61bddb00-46f8-448b-9767-65d032b3fa3d",286,1572511,2894470062,"TCGA-85-8350-01A-11R-2296-07","TCGA-85-8350-01A",TRUE
"TCGA-85-8351","TCGA-85-8351-01A","TCGA-85-8351-01A-11D-2292-01","KIWIS_p_TCGASNP_225_226_N_GenomeWideSNP_6_F02_1151850.nocnv_grch38.seg.v2.txt","cc7f1041-7105-46ac-b0a7-97a95e121663",363,1573629,2893309423,"TCGA-85-8351-01A-11R-2296-07","TCGA-85-8351-01A",TRUE
"TCGA-85-8352","TCGA-85-8352-01A","TCGA-85-8352-01A-31D-2322-01","RAMIE_p_6TCGA_250_232_4_236_N_GenomeWideSNP_6_C11_1245222.nocnv_grch38.seg.v2.txt","f4c254a0-3622-47cf-aa32-a7159d221e44",408,1570137,2875092716,"TCGA-85-8352-01A-31R-2326-07","TCGA-85-8352-01A",TRUE
"TCGA-85-8353","TCGA-85-8353-01A","TCGA-85-8353-01A-21D-2292-01","KIWIS_p_TCGASNP_225_226_N_GenomeWideSNP_6_H02_1151754.nocnv_grch38.seg.v2.txt","c288b6eb-41db-4584-944d-674b50c4b945",183,1573773,2890801927,"TCGA-85-8353-01A-21R-2296-07","TCGA-85-8353-01A",TRUE
"TCGA-85-8354","TCGA-85-8354-01A","TCGA-85-8354-01A-31D-2322-01","RAMIE_p_6TCGA_250_232_4_236_N_GenomeWideSNP_6_D03_1245138.nocnv_grch38.seg.v2.txt","4bc0d001-7368-4d61-88ae-dbb053edc255",1155,1568305,2841500970,"TCGA-85-8354-01A-31R-2326-07","TCGA-85-8354-01A",TRUE
"TCGA-85-8355","TCGA-85-8355-01A","TCGA-85-8355-01A-11D-2292-01","KIWIS_p_TCGASNP_225_226_N_GenomeWideSNP_6_E07_1151758.nocnv_grch38.seg.v2.txt","6cf7bc0c-bf35-4144-8f74-75dbe0b295ae",184,1573357,2889148901,"TCGA-85-8355-01A-11R-2296-07","TCGA-85-8355-01A",TRUE
"TCGA-85-8479","TCGA-85-8479-01A","TCGA-85-8479-01A-11D-2322-01","RAMIE_p_6TCGA_250_232_4_236_N_GenomeWideSNP_6_D07_1245152.nocnv_grch38.seg.v2.txt","c19dcc06-3bc2-4732-9a53-381a4933e4b6",206,1568694,2876056190,"TCGA-85-8479-01A-11R-2326-07","TCGA-85-8479-01A",TRUE
"TCGA-85-8481","TCGA-85-8481-01A","TCGA-85-8481-01A-11D-2322-01","RAMIE_p_6TCGA_250_232_4_236_N_GenomeWideSNP_6_D11_1245246.nocnv_grch38.seg.v2.txt","a31697f3-7968-4911-ae50-c992e9614313",226,1570213,2899463365,"TCGA-85-8481-01A-11R-2326-07","TCGA-85-8481-01A",TRUE
"TCGA-85-8580","TCGA-85-8580-01A","TCGA-85-8580-01A-31D-2391-01","LEONE_p_TCGA_103_243_257_N_GenomeWideSNP_6_B03_1300728.nocnv_grch38.seg.v2.txt","0223a6f5-8362-4755-bbcc-48a5e8473fe8",217,1566499,2871181624,"TCGA-85-8580-01A-31R-2403-07","TCGA-85-8580-01A",TRUE
"TCGA-85-8582","TCGA-85-8582-01A","TCGA-85-8582-01A-21D-2391-01","LEONE_p_TCGA_103_243_257_N_GenomeWideSNP_6_D03_1300658.nocnv_grch38.seg.v2.txt","c6b4f98e-0a08-431a-aefa-c2f4f05d87fb",251,1566937,2889760362,"TCGA-85-8582-01A-21R-2403-07","TCGA-85-8582-01A",TRUE
"TCGA-85-8584","TCGA-85-8584-01A","TCGA-85-8584-01A-11D-2391-01","LEONE_p_TCGA_103_243_257_N_GenomeWideSNP_6_B07_1300604.nocnv_grch38.seg.v2.txt","0c75b270-d089-44a2-ab9b-9c4c79a6d814",195,1566400,2886183813,"TCGA-85-8584-01A-11R-2403-07","TCGA-85-8584-01A",TRUE
"TCGA-85-8664","TCGA-85-8664-01A","TCGA-85-8664-01A-11D-2391-01","LEONE_p_TCGA_103_243_257_N_GenomeWideSNP_6_D11_1300664.nocnv_grch38.seg.v2.txt","c0de6094-7fa9-4f33-8c8b-5c411c50ff0b",268,1565999,2889990581,"TCGA-85-8664-01A-11R-2403-07","TCGA-85-8664-01A",TRUE
"TCGA-85-8666","TCGA-85-8666-01A","TCGA-85-8666-01A-11D-2391-01","LEONE_p_TCGA_103_243_257_N_GenomeWideSNP_6_E01_1300714.nocnv_grch38.seg.v2.txt","a31cfd8c-1706-4065-9259-5f05176f9321",178,1565845,2897834839,"TCGA-85-8666-01A-11R-2403-07","TCGA-85-8666-01A",TRUE
"TCGA-85-A4CL","TCGA-85-A4CL-01A","TCGA-85-A4CL-01A-41D-A26L-01","FERLY_p_TCGA_batch_283_N_GenomeWideSNP_6_A09_1347076.nocnv_grch38.seg.v2.txt","2cd45648-5c6f-4957-a94a-2d0b13690a5b",486,1545650,2852434950,"TCGA-85-A4CL-01A-41R-A26W-07","TCGA-85-A4CL-01A",TRUE
"TCGA-85-A4CN","TCGA-85-A4CN-01A","TCGA-85-A4CN-01A-11D-A24C-01","TEAKS_p_TCGA_258_259_260_254_N_GenomeWideSNP_6_A07_1301234.nocnv_grch38.seg.v2.txt","bc993354-907b-42b9-a06e-0a25c3f9119b",328,1570417,2857841268,"TCGA-85-A4CN-01A-11R-A24H-07","TCGA-85-A4CN-01A",TRUE
"TCGA-85-A4JB","TCGA-85-A4JB-01A","TCGA-85-A4JB-01A-51D-A25M-01","DRAMA_p_TCGA_276_278_N_GenomeWideSNP_6_E05_1322404.nocnv_grch38.seg.v2.txt","c3b144de-58c5-4482-9e36-fdd94aa95407",314,1570491,2893214387,"TCGA-85-A4JB-01A-51R-A262-07","TCGA-85-A4JB-01A",TRUE
"TCGA-85-A4JC","TCGA-85-A4JC-01A","TCGA-85-A4JC-01A-11D-A256-01","PALPS_p_TCGA_265_266_267_N_GenomeWideSNP_6_E04_1306738.nocnv_grch38.seg.v2.txt","10ce51bd-d718-493f-b201-af407d89b923",163,1572939,2888355556,"TCGA-85-A4JC-01A-11R-A24Z-07","TCGA-85-A4JC-01A",TRUE
"TCGA-85-A4PA","TCGA-85-A4PA-01A","TCGA-85-A4PA-01A-11D-A256-01","PALPS_p_TCGA_265_266_267_N_GenomeWideSNP_6_E06_1306760.nocnv_grch38.seg.v2.txt","dfb1045a-af56-421e-af27-0b53c91b701e",118,1571394,2900858216,"TCGA-85-A4PA-01A-11R-A24Z-07","TCGA-85-A4PA-01A",TRUE
"TCGA-85-A4QQ","TCGA-85-A4QQ-01A","TCGA-85-A4QQ-01A-41D-A25M-01","DRAMA_p_TCGA_276_278_N_GenomeWideSNP_6_E12_1322334.nocnv_grch38.seg.v2.txt","8e035cc0-e24d-462e-86ea-b03a5b1eca24",221,1570839,2900193070,"TCGA-85-A4QQ-01A-41R-A262-07","TCGA-85-A4QQ-01A",TRUE
"TCGA-85-A4QR","TCGA-85-A4QR-01A","TCGA-85-A4QR-01A-11D-A256-01","PALPS_p_TCGA_265_266_267_N_GenomeWideSNP_6_E08_1306798.nocnv_grch38.seg.v2.txt","4bfe4d04-8b0b-4e65-b5e3-94ffead9ef15",426,1572611,2869354739,"TCGA-85-A4QR-01A-11R-A24Z-07","TCGA-85-A4QR-01A",TRUE
"TCGA-85-A50M","TCGA-85-A50M-01A","TCGA-85-A50M-01A-21D-A25M-01","DRAMA_p_TCGA_276_278_N_GenomeWideSNP_6_E08_1322502.nocnv_grch38.seg.v2.txt","0c3ad0d5-f1a8-4cdc-acda-9f141ed299ac",290,1566942,2894252319,"TCGA-85-A50M-01A-21R-A262-07","TCGA-85-A50M-01A",TRUE
"TCGA-85-A50Z","TCGA-85-A50Z-01A","TCGA-85-A50Z-01A-21D-A25M-01","DRAMA_p_TCGA_276_278_N_GenomeWideSNP_6_F12_1322370.nocnv_grch38.seg.v2.txt","8328d1c3-4a2a-43e9-a3f3-89b351296b4b",199,1571078,2892987858,"TCGA-85-A50Z-01A-21R-A262-07","TCGA-85-A50Z-01A",TRUE
"TCGA-85-A510","TCGA-85-A510-01A","TCGA-85-A510-01A-11D-A26L-01","FERLY_p_TCGA_batch_283_N_GenomeWideSNP_6_B09_1346956.nocnv_grch38.seg.v2.txt","2943c79f-766e-446e-ace1-6d4292ef7c31",362,1547532,2869040808,"TCGA-85-A510-01A-11R-A26W-07","TCGA-85-A510-01A",TRUE
"TCGA-85-A511","TCGA-85-A511-01A","TCGA-85-A511-01A-21D-A25M-01","DRAMA_p_TCGA_276_278_N_GenomeWideSNP_6_G08_1322468.nocnv_grch38.seg.v2.txt","d936adeb-c2b6-42bc-8e1f-4634cf49f1d5",267,1570444,2879160806,"TCGA-85-A511-01A-21R-A262-07","TCGA-85-A511-01A",TRUE
"TCGA-85-A512","TCGA-85-A512-01A","TCGA-85-A512-01A-11D-A26L-01","FERLY_p_TCGA_batch_283_N_GenomeWideSNP_6_C09_1346926.nocnv_grch38.seg.v2.txt","1bf1d931-279f-4cc9-8176-71033d1b1dbf",401,1545742,2832537717,"TCGA-85-A512-01A-11R-A26W-07","TCGA-85-A512-01A",TRUE
"TCGA-85-A513","TCGA-85-A513-01A","TCGA-85-A513-01A-12D-A26L-01","FERLY_p_TCGA_batch_283_N_GenomeWideSNP_6_H12_1347052.nocnv_grch38.seg.v2.txt","065cc1c1-a34d-4fe4-a4fa-baa5d9de42f3",191,1547784,2900575803,"TCGA-85-A513-01A-12R-A26W-07","TCGA-85-A513-01A",TRUE
"TCGA-85-A53L","TCGA-85-A53L-01A","TCGA-85-A53L-01A-21D-A26L-01","FERLY_p_TCGA_batch_283_N_GenomeWideSNP_6_D09_1347028.nocnv_grch38.seg.v2.txt","76aab070-cabe-4e70-abce-a0f75c3e496a",234,1547860,2878563142,"TCGA-85-A53L-01A-21R-A26W-07","TCGA-85-A53L-01A",TRUE
"TCGA-85-A5B5","TCGA-85-A5B5-01A","TCGA-85-A5B5-01A-21D-A26L-01","FERLY_p_TCGA_batch_283_N_GenomeWideSNP_6_E09_1346962.nocnv_grch38.seg.v2.txt","076f17b1-bbfd-411c-ad93-b9f96a60c9f4",307,1548053,2877706796,"TCGA-85-A5B5-01A-21R-A26W-07","TCGA-85-A5B5-01A",TRUE
"TCGA-90-6837","TCGA-90-6837-01A","TCGA-90-6837-01A-11D-1943-01","OCULI_p_TCGA_159_160_SNP_N_GenomeWideSNP_6_E04_831156.nocnv_grch38.seg.v2.txt","2d975715-bd19-40d7-922f-7baff9b42323",37,1573114,2901118546,"TCGA-90-6837-01A-11R-1949-07","TCGA-90-6837-01A",TRUE
"TCGA-90-7766","TCGA-90-7766-01A","TCGA-90-7766-01A-21D-2121-01","PHYLE_p_TCGA_189_193_Rec_SNP_N_GenomeWideSNP_6_D01_932580.nocnv_grch38.seg.v2.txt","77702ea0-daa4-4d5e-bad0-c0be4776ae07",161,1573268,2893158908,"TCGA-90-7766-01A-21R-2125-07","TCGA-90-7766-01A",TRUE
"TCGA-90-7767","TCGA-90-7767-01A","TCGA-90-7767-01A-11D-2121-01","PHYLE_p_TCGA_189_193_Rec_SNP_N_GenomeWideSNP_6_E11_932494.nocnv_grch38.seg.v2.txt","abfe289b-4ece-421d-a516-ddc03dd0b7aa",352,1571914,2860880136,"TCGA-90-7767-01A-11R-2125-07","TCGA-90-7767-01A",TRUE
"TCGA-90-7769","TCGA-90-7769-01A","TCGA-90-7769-01A-11D-2121-01","PHYLE_p_TCGA_189_193_Rec_SNP_N_GenomeWideSNP_6_B07_932470.nocnv_grch38.seg.v2.txt","d18e69d5-6b51-413c-8247-c24a2e688e2e",364,1572894,2883506395,"TCGA-90-7769-01A-11R-2125-07","TCGA-90-7769-01A",TRUE
"TCGA-90-7964","TCGA-90-7964-01A","TCGA-90-7964-01A-21D-2183-01","XYLEM_p_TCGASNP_207_212_N_GenomeWideSNP_6_E11_1051220.nocnv_grch38.seg.v2.txt","1f28ffc1-c3bd-4267-8749-707c4202e862",411,1573759,2899795948,"TCGA-90-7964-01A-21R-2187-07","TCGA-90-7964-01A",TRUE
"TCGA-90-A4ED","TCGA-90-A4ED-01A","TCGA-90-A4ED-01A-31D-A256-01","PALPS_p_TCGA_265_266_267_N_GenomeWideSNP_6_E09_1306750.nocnv_grch38.seg.v2.txt","e2e991b7-2bb1-4487-8ac5-3d4817b1fcc8",81,1571967,2883899160,"TCGA-90-A4ED-01A-31R-A24Z-07","TCGA-90-A4ED-01A",TRUE
"TCGA-90-A4EE","TCGA-90-A4EE-01A","TCGA-90-A4EE-01A-11D-A256-01","PALPS_p_TCGA_265_266_267_N_GenomeWideSNP_6_E10_1306764.nocnv_grch38.seg.v2.txt","e9fff7e4-acf9-4e07-8237-57cc3764b567",233,1572552,2873371815,"TCGA-90-A4EE-01A-11R-A24Z-07","TCGA-90-A4EE-01A",TRUE
"TCGA-90-A59Q","TCGA-90-A59Q-01A","TCGA-90-A59Q-01A-11D-A26L-01","FERLY_p_TCGA_batch_283_N_GenomeWideSNP_6_F09_1346974.nocnv_grch38.seg.v2.txt","56b6bfae-6019-42cd-bd87-aebd9eb59b5d",114,1547227,2900754266,"TCGA-90-A59Q-01A-11R-A26W-07","TCGA-90-A59Q-01A",TRUE
"TCGA-92-7340","TCGA-92-7340-01A","TCGA-92-7340-01A-21D-2041-01","QUERY_p_TCGA_180_181_SNP_N_GenomeWideSNP_6_C03_896254.nocnv_grch38.seg.v2.txt","60b5737b-75ef-475a-b7de-f6ceda4344d8",172,1566617,2894731145,"TCGA-92-7340-01A-21R-2045-07","TCGA-92-7340-01A",TRUE
"TCGA-92-7341","TCGA-92-7341-01A","TCGA-92-7341-01A-31D-2041-01","QUERY_p_TCGA_180_181_SNP_N_GenomeWideSNP_6_H01_896286.nocnv_grch38.seg.v2.txt","05b44e46-fb2e-46f8-b319-1a82620dc805",642,1570645,2878801060,"TCGA-92-7341-01A-31R-2045-07","TCGA-92-7341-01A",TRUE
"TCGA-92-8063","TCGA-92-8063-01A","TCGA-92-8063-01A-11D-2243-01","DRAWN_p_TCGASNP_214_215_N_GenomeWideSNP_6_F09_1148288.nocnv_grch38.seg.v2.txt","a703f5ef-9c7f-413c-a1fe-c21d1718c651",254,1570409,2894373840,"TCGA-92-8063-01A-11R-2247-07","TCGA-92-8063-01A",TRUE
"TCGA-92-8064","TCGA-92-8064-01A","TCGA-92-8064-01A-11D-2243-01","DRAWN_p_TCGASNP_214_215_N_GenomeWideSNP_6_F10_1148296.nocnv_grch38.seg.v2.txt","00f40773-ae72-40a7-8990-65d706b1a2a6",296,1571078,2846056240,"TCGA-92-8064-01A-11R-2247-07","TCGA-92-8064-01A",TRUE
"TCGA-92-8065","TCGA-92-8065-01A","TCGA-92-8065-01A-11D-2243-01","DRAWN_p_TCGASNP_214_215_N_GenomeWideSNP_6_B06_1148244.nocnv_grch38.seg.v2.txt","daf8186e-5d1d-450a-bbb6-5c87193fd631",256,1573325,2848931701,"TCGA-92-8065-01A-11R-2247-07","TCGA-92-8065-01A",TRUE
"TCGA-94-7033","TCGA-94-7033-01A","TCGA-94-7033-01A-11D-1943-01","OCULI_p_TCGA_159_160_SNP_N_GenomeWideSNP_6_B04_831144.nocnv_grch38.seg.v2.txt","dfd74b72-363d-44e3-a194-a7c2bd949d72",201,1573030,2899357711,"TCGA-94-7033-01A-11R-1949-07","TCGA-94-7033-01A",TRUE
"TCGA-94-7557","TCGA-94-7557-01A","TCGA-94-7557-01A-11D-2121-01","PHYLE_p_TCGA_189_193_Rec_SNP_N_GenomeWideSNP_6_D11_932528.nocnv_grch38.seg.v2.txt","84f04067-6d84-4aa1-81ff-6b74f8911fb4",498,1573312,2893040287,"TCGA-94-7557-01A-11R-2125-07","TCGA-94-7557-01A",TRUE
"TCGA-94-7943","TCGA-94-7943-01A","TCGA-94-7943-01A-11D-2183-01","XYLEM_p_TCGASNP_207_212_N_GenomeWideSNP_6_G10_1051204.nocnv_grch38.seg.v2.txt","6dc1f7ac-ac9c-4b8a-a41d-231271cdae00",504,1573433,2862097818,"TCGA-94-7943-01A-11R-2187-07","TCGA-94-7943-01A",TRUE
"TCGA-94-8035","TCGA-94-8035-01A","TCGA-94-8035-01A-11D-2243-01","DRAWN_p_TCGASNP_214_215_N_GenomeWideSNP_6_G11_1148344.nocnv_grch38.seg.v2.txt","cc71b8e9-1d85-4151-87d4-1cd9931a9b37",262,1572980,2890992206,"TCGA-94-8035-01A-11R-2247-07","TCGA-94-8035-01A",TRUE
"TCGA-94-8490","TCGA-94-8490-01A","TCGA-94-8490-01A-11D-2322-01","RAMIE_p_6TCGA_250_232_4_236_N_GenomeWideSNP_6_E03_1245230.nocnv_grch38.seg.v2.txt","d418abe2-b53b-4f20-9891-85f3b38c3b6a",191,1569294,2834243406,"TCGA-94-8490-01A-11R-2326-07","TCGA-94-8490-01A",TRUE
"TCGA-94-8491","TCGA-94-8491-01A","TCGA-94-8491-01A-11D-2322-01","RAMIE_p_6TCGA_250_232_4_236_N_GenomeWideSNP_6_E07_1245160.nocnv_grch38.seg.v2.txt","140af759-e14f-4748-8902-4034ce9ed66d",452,1569587,2868884892,"TCGA-94-8491-01A-11R-2326-07","TCGA-94-8491-01A",TRUE
"TCGA-94-A4VJ","TCGA-94-A4VJ-01A","TCGA-94-A4VJ-01A-11D-A256-01","PALPS_p_TCGA_265_266_267_N_GenomeWideSNP_6_E11_1306734.nocnv_grch38.seg.v2.txt","bbfe0672-08ca-4080-969b-9e865027de39",292,1572375,2850530556,"TCGA-94-A4VJ-01A-11R-A24Z-07","TCGA-94-A4VJ-01A",TRUE
"TCGA-94-A5I4","TCGA-94-A5I4-01A","TCGA-94-A5I4-01A-11D-A26L-01","FERLY_p_TCGA_batch_283_N_GenomeWideSNP_6_G09_1347074.nocnv_grch38.seg.v2.txt","f4d38eab-08cc-4a45-962a-3502903e14b6",308,1546913,2857613386,"TCGA-94-A5I4-01A-11R-A26W-07","TCGA-94-A5I4-01A",TRUE
"TCGA-94-A5I6","TCGA-94-A5I6-01A","TCGA-94-A5I6-01A-21D-A27J-01","CODON_p_TCGA_293_294_295_N_GenomeWideSNP_6_H08_1343548.nocnv_grch38.seg.v2.txt","004d332c-6468-41b2-bbef-4c68c7f8374a",238,1552197,2896687187,"TCGA-94-A5I6-01A-21R-A27Q-07","TCGA-94-A5I6-01A",TRUE
"TCGA-96-7544","TCGA-96-7544-01A","TCGA-96-7544-01A-11D-2041-01","QUERY_p_TCGA_180_181_SNP_N_GenomeWideSNP_6_D03_896340.nocnv_grch38.seg.v2.txt","1b5538d7-a773-4ab5-b47d-7e5a8ff7b43f",314,1572091,2890086913,"TCGA-96-7544-01A-11R-2045-07","TCGA-96-7544-01A",TRUE
"TCGA-96-7545","TCGA-96-7545-01A","TCGA-96-7545-01A-21D-2041-01","QUERY_p_TCGA_180_181_SNP_N_GenomeWideSNP_6_G12_896298.nocnv_grch38.seg.v2.txt","3a8e8835-b7ac-421d-bad8-9a94c154a6e1",181,1572073,2891483136,"TCGA-96-7545-01A-21R-2045-07","TCGA-96-7545-01A",TRUE
"TCGA-96-8169","TCGA-96-8169-01A","TCGA-96-8169-01A-11D-2292-01","KIWIS_p_TCGASNP_225_226_N_GenomeWideSNP_6_G10_1151782.nocnv_grch38.seg.v2.txt","a32c66e7-6918-46e5-bf20-1198f5be50e7",148,1573774,2889957349,"TCGA-96-8169-01A-11R-2296-07","TCGA-96-8169-01A",TRUE
"TCGA-96-8170","TCGA-96-8170-01A","TCGA-96-8170-01A-11D-2292-01","KIWIS_p_TCGASNP_225_226_N_GenomeWideSNP_6_G12_1151814.nocnv_grch38.seg.v2.txt","2bd49c6b-e34d-4016-a232-57b4d71e6863",176,1573378,2867689137,"TCGA-96-8170-01A-11R-2296-07","TCGA-96-8170-01A",TRUE
"TCGA-96-A4JK","TCGA-96-A4JK-01A","TCGA-96-A4JK-01A-11D-A256-01","PALPS_p_TCGA_265_266_267_N_GenomeWideSNP_6_E12_1306784.nocnv_grch38.seg.v2.txt","723edcd5-d70a-4c8a-8ac5-ddc1916b0f8a",513,1572666,2851577439,"TCGA-96-A4JK-01A-11R-A24Z-07","TCGA-96-A4JK-01A",TRUE
"TCGA-96-A4JL","TCGA-96-A4JL-01A","TCGA-96-A4JL-01A-11D-A256-01","PALPS_p_TCGA_265_266_267_N_GenomeWideSNP_6_F01_1306780.nocnv_grch38.seg.v2.txt","93e1c2e2-7e1c-42bb-bd20-8d52aab794d2",127,1572580,2900825522,"TCGA-96-A4JL-01A-11R-A24Z-07","TCGA-96-A4JL-01A",TRUE
"TCGA-98-7454","TCGA-98-7454-01A","TCGA-98-7454-01A-11D-2041-01","QUERY_p_TCGA_180_181_SNP_N_GenomeWideSNP_6_F11_896274.nocnv_grch38.seg.v2.txt","41d57cf8-ed54-4809-8ea0-182146ce9add",101,1572910,2900976395,"TCGA-98-7454-01A-11R-2045-07","TCGA-98-7454-01A",TRUE
"TCGA-98-8020","TCGA-98-8020-01A","TCGA-98-8020-01A-11D-2243-01","DRAWN_p_TCGASNP_214_215_N_GenomeWideSNP_6_C11_1148336.nocnv_grch38.seg.v2.txt","135f38fa-9265-41a5-b6af-41c481698456",541,1573287,2880347332,"TCGA-98-8020-01A-11R-2247-07","TCGA-98-8020-01A",TRUE
"TCGA-98-8021","TCGA-98-8021-01A","TCGA-98-8021-01A-11D-2243-01","DRAWN_p_TCGASNP_214_215_N_GenomeWideSNP_6_D09_1148358.nocnv_grch38.seg.v2.txt","19a673ab-b979-4e66-947f-e8cfca9b9448",305,1573407,2834873475,"TCGA-98-8021-01A-11R-2247-07","TCGA-98-8021-01A",TRUE
"TCGA-98-8022","TCGA-98-8022-01A","TCGA-98-8022-01A-11D-2243-01","DRAWN_p_TCGASNP_214_215_N_GenomeWideSNP_6_G07_1148390.nocnv_grch38.seg.v2.txt","f28c8c64-99c9-409a-8b9e-7ffff560eea6",328,1572687,2860926128,"TCGA-98-8022-01A-11R-2247-07","TCGA-98-8022-01A",TRUE
"TCGA-98-8023","TCGA-98-8023-01A","TCGA-98-8023-01A-11D-2243-01","DRAWN_p_TCGASNP_214_215_N_GenomeWideSNP_6_D10_1148242.nocnv_grch38.seg.v2.txt","a7f4515d-7d84-4afd-abd3-9afa03021ac8",219,1573305,2888700470,"TCGA-98-8023-01A-11R-2247-07","TCGA-98-8023-01A",TRUE
"TCGA-98-A538","TCGA-98-A538-01A","TCGA-98-A538-01A-11D-A25M-01","DRAMA_p_TCGA_276_278_N_GenomeWideSNP_6_G12_1322432.nocnv_grch38.seg.v2.txt","dfa19030-ed3f-41ab-84ff-f3f1dec839c9",430,1562397,2882638665,"TCGA-98-A538-01A-11R-A262-07","TCGA-98-A538-01A",TRUE
"TCGA-98-A539","TCGA-98-A539-01A","TCGA-98-A539-01A-31D-A25M-01","DRAMA_p_TCGA_276_278_N_GenomeWideSNP_6_E01_1322518.nocnv_grch38.seg.v2.txt","47729702-3598-4a49-bef9-def1ad2e9f1c",184,1570681,2855612074,"TCGA-98-A539-01A-31R-A262-07","TCGA-98-A539-01A",TRUE
"TCGA-98-A53A","TCGA-98-A53A-01A","TCGA-98-A53A-01A-11D-A25M-01","DRAMA_p_TCGA_276_278_N_GenomeWideSNP_6_E04_1322486.nocnv_grch38.seg.v2.txt","945cefd4-403b-4b09-b70c-365994fd05db",362,1566758,2844056594,"TCGA-98-A53A-01A-11R-A262-07","TCGA-98-A53A-01A",TRUE
"TCGA-98-A53B","TCGA-98-A53B-01A","TCGA-98-A53B-01A-11D-A25M-01","DRAMA_p_TCGA_276_278_N_GenomeWideSNP_6_E11_1322412.nocnv_grch38.seg.v2.txt","d934304f-529f-46b9-9bb1-e8ed214ad077",520,1570983,2887817465,"TCGA-98-A53B-01A-11R-A262-07","TCGA-98-A53B-01A",TRUE
"TCGA-98-A53C","TCGA-98-A53C-01A","TCGA-98-A53C-01A-11D-A25M-01","DRAMA_p_TCGA_276_278_N_GenomeWideSNP_6_E09_1322492.nocnv_grch38.seg.v2.txt","0db31954-b246-4d9e-84a4-96f7623ce9ca",67,1569968,2901025824,"TCGA-98-A53C-01A-11R-A262-07","TCGA-98-A53C-01A",TRUE
"TCGA-98-A53D","TCGA-98-A53D-01A","TCGA-98-A53D-01A-32D-A26L-01","ENDUE_p_TCGA_271_76_79_280_81_N_GenomeWideSNP_6_H05_1346768.nocnv_grch38.seg.v2.txt","ed150d83-2f82-4f89-b0d7-1500e471e4a4",57,1558513,2901077965,"TCGA-98-A53D-01A-32R-A262-07","TCGA-98-A53D-01A",TRUE
"TCGA-98-A53H","TCGA-98-A53H-01A","TCGA-98-A53H-01A-12D-A25M-01","DRAMA_p_TCGA_276_278_N_GenomeWideSNP_6_G07_1322430.nocnv_grch38.seg.v2.txt","27a0e9d7-a40c-43ee-94e3-df6f78dde510",101,1571195,2899606256,"TCGA-98-A53H-01A-12R-A262-07","TCGA-98-A53H-01A",TRUE
"TCGA-98-A53I","TCGA-98-A53I-01A","TCGA-98-A53I-01A-31D-A25M-01","DRAMA_p_TCGA_276_278_N_GenomeWideSNP_6_G10_1322454.nocnv_grch38.seg.v2.txt","9f94028a-2845-4fad-949f-35a305a05cf6",164,1566589,2837744281,"TCGA-98-A53I-01A-31R-A262-07","TCGA-98-A53I-01A",TRUE
"TCGA-98-A53J","TCGA-98-A53J-01A","TCGA-98-A53J-01A-11D-A26L-01","FERLY_p_TCGA_batch_283_N_GenomeWideSNP_6_H09_1346998.nocnv_grch38.seg.v2.txt","658798bd-4410-4f62-8a5a-d187fc676fe5",134,1548118,2871059633,"TCGA-98-A53J-01A-11R-A26W-07","TCGA-98-A53J-01A",TRUE
"TCGA-J1-A4AH","TCGA-J1-A4AH-01A","TCGA-J1-A4AH-01A-31D-A24C-01","TEAKS_p_TCGA_258_259_260_254_N_GenomeWideSNP_6_A09_1301226.nocnv_grch38.seg.v2.txt","267eda8d-44fc-488e-80e0-a6e22a9c54e1",589,1570769,2856271705,"TCGA-J1-A4AH-01A-31R-A24H-07","TCGA-J1-A4AH-01A",TRUE
"TCGA-L3-A4E7","TCGA-L3-A4E7-01A","TCGA-L3-A4E7-01A-11D-A256-01","PALPS_p_TCGA_265_266_267_N_GenomeWideSNP_6_E05_1306820.nocnv_grch38.seg.v2.txt","ba4acd31-b45a-416c-9c60-763c40f96427",142,1572429,2870484741,"TCGA-L3-A4E7-01A-11R-A24Z-07","TCGA-L3-A4E7-01A",TRUE
"TCGA-L3-A524","TCGA-L3-A524-01A","TCGA-L3-A524-01A-11D-A25M-01","DRAMA_p_TCGA_276_278_N_GenomeWideSNP_6_E02_1322344.nocnv_grch38.seg.v2.txt","b7379f91-2af1-45a1-a8b6-d34711ae9d00",1057,1562760,2886951955,"TCGA-L3-A524-01A-11R-A262-07","TCGA-L3-A524-01A",TRUE
"TCGA-LA-A446","TCGA-LA-A446-01A","TCGA-LA-A446-01A-21D-A256-01","PALPS_p_TCGA_265_266_267_N_GenomeWideSNP_6_E07_1306722.nocnv_grch38.seg.v2.txt","fcd9d331-8f82-46ac-9fbb-a72f67ab1c15",387,1572161,2863902653,"TCGA-LA-A446-01A-21R-A24Z-07","TCGA-LA-A446-01A",TRUE
"TCGA-LA-A7SW","TCGA-LA-A7SW-01A","TCGA-LA-A7SW-01A-11D-A400-01","APRES_p_TCGAb_414_15_16_17_NSP_GenomeWideSNP_6_C11_1486382.nocnv_grch38.seg.v2.txt","ba060bae-7479-4dfa-b42d-91e55aca97a4",889,1571902,2831573096,"TCGA-LA-A7SW-01A-11R-A405-07","TCGA-LA-A7SW-01A",TRUE
"TCGA-MF-A522","TCGA-MF-A522-01A","TCGA-MF-A522-01A-11D-A25M-01","DRAMA_p_TCGA_276_278_N_GenomeWideSNP_6_E03_1322364.nocnv_grch38.seg.v2.txt","01070b8e-c267-44cf-88f7-497c72bf03ab",292,1569709,2848776488,"TCGA-MF-A522-01A-11R-A262-07","TCGA-MF-A522-01A",TRUE
"TCGA-NC-A5HD","TCGA-NC-A5HD-01A","TCGA-NC-A5HD-01A-11D-A26L-01","FERLY_p_TCGA_batch_283_N_GenomeWideSNP_6_A10_1347066.nocnv_grch38.seg.v2.txt","55be848b-993a-47ba-929d-1c7b29619f54",356,1547951,2869471643,"TCGA-NC-A5HD-01A-11R-A26W-07","TCGA-NC-A5HD-01A",TRUE
"TCGA-NC-A5HE","TCGA-NC-A5HE-01A","TCGA-NC-A5HE-01A-11D-A26L-01","FERLY_p_TCGA_batch_283_N_GenomeWideSNP_6_B10_1347092.nocnv_grch38.seg.v2.txt","7f64f7b3-e2eb-44e3-aabf-596db3a1b4ed",242,1545930,2894140662,"TCGA-NC-A5HE-01A-11R-A26W-07","TCGA-NC-A5HE-01A",TRUE
"TCGA-NC-A5HF","TCGA-NC-A5HF-01A","TCGA-NC-A5HF-01A-11D-A26L-01","FERLY_p_TCGA_batch_283_N_GenomeWideSNP_6_G12_1346924.nocnv_grch38.seg.v2.txt","5fd0a7d8-bd3e-4cc7-8c3c-02a3487ce771",327,1547097,2854078605,"TCGA-NC-A5HF-01A-11R-A26W-07","TCGA-NC-A5HF-01A",TRUE
"TCGA-NC-A5HG","TCGA-NC-A5HG-01A","TCGA-NC-A5HG-01A-11D-A26L-01","FERLY_p_TCGA_batch_283_N_GenomeWideSNP_6_C10_1347036.nocnv_grch38.seg.v2.txt","3bf45d60-b5f0-4b6d-8aa0-1096e04c6b5b",304,1546822,2883409036,"TCGA-NC-A5HG-01A-11R-A26W-07","TCGA-NC-A5HG-01A",TRUE
"TCGA-NC-A5HH","TCGA-NC-A5HH-01A","TCGA-NC-A5HH-01A-11D-A26L-01","FERLY_p_TCGA_batch_283_N_GenomeWideSNP_6_D10_1347032.nocnv_grch38.seg.v2.txt","d450ed80-4ac0-4979-abd0-e3e46443c2f1",260,1547645,2889619896,"TCGA-NC-A5HH-01A-11R-A26W-07","TCGA-NC-A5HH-01A",TRUE
"TCGA-NC-A5HI","TCGA-NC-A5HI-01A","TCGA-NC-A5HI-01A-11D-A26L-01","FERLY_p_TCGA_batch_283_N_GenomeWideSNP_6_E10_1347082.nocnv_grch38.seg.v2.txt","66145b48-c2a6-43da-a56f-2eeab2648b14",211,1546906,2891642972,"TCGA-NC-A5HI-01A-11R-A26W-07","TCGA-NC-A5HI-01A",TRUE
"TCGA-NC-A5HJ","TCGA-NC-A5HJ-01A","TCGA-NC-A5HJ-01A-11D-A26L-01","FERLY_p_TCGA_batch_283_N_GenomeWideSNP_6_F10_1347106.nocnv_grch38.seg.v2.txt","0f64048b-1a03-42e1-b1f5-354479e2c285",297,1547963,2890847970,"TCGA-NC-A5HJ-01A-11R-A26W-07","TCGA-NC-A5HJ-01A",TRUE
"TCGA-NC-A5HK","TCGA-NC-A5HK-01A","TCGA-NC-A5HK-01A-11D-A26L-01","FERLY_p_TCGA_batch_283_N_GenomeWideSNP_6_G10_1347084.nocnv_grch38.seg.v2.txt","dbe1132c-b10a-4928-8169-13304667f8c7",610,1548280,2881358319,"TCGA-NC-A5HK-01A-11R-A26W-07","TCGA-NC-A5HK-01A",TRUE
"TCGA-NC-A5HL","TCGA-NC-A5HL-01A","TCGA-NC-A5HL-01A-11D-A26L-01","FERLY_p_TCGA_batch_283_N_GenomeWideSNP_6_H10_1347080.nocnv_grch38.seg.v2.txt","43098392-27ff-4e69-8d18-6d779c794dc5",559,1547803,2847143210,"TCGA-NC-A5HL-01A-11R-A26W-07","TCGA-NC-A5HL-01A",TRUE
"TCGA-NC-A5HM","TCGA-NC-A5HM-01A","TCGA-NC-A5HM-01A-12D-A26L-01","FERLY_p_TCGA_batch_283_N_GenomeWideSNP_6_A11_1347112.nocnv_grch38.seg.v2.txt","77907884-75ca-4d1c-b515-24ad1b1c51c4",304,1546945,2861132669,"TCGA-NC-A5HM-01A-12R-A26W-07","TCGA-NC-A5HM-01A",TRUE
"TCGA-NC-A5HN","TCGA-NC-A5HN-01A","TCGA-NC-A5HN-01A-11D-A26L-01","FERLY_p_TCGA_batch_283_N_GenomeWideSNP_6_F12_1347110.nocnv_grch38.seg.v2.txt","d17cc543-60a9-46f4-b735-7b9f3960f0cc",661,1544936,2843957660,"TCGA-NC-A5HN-01A-11R-A26W-07","TCGA-NC-A5HN-01A",TRUE
"TCGA-NC-A5HO","TCGA-NC-A5HO-01A","TCGA-NC-A5HO-01A-11D-A26L-01","FERLY_p_TCGA_batch_283_N_GenomeWideSNP_6_B11_1346990.nocnv_grch38.seg.v2.txt","87344a19-6284-42aa-891e-f45b2685a790",163,1544626,2843335291,"TCGA-NC-A5HO-01A-11R-A26W-07","TCGA-NC-A5HO-01A",TRUE
"TCGA-NC-A5HP","TCGA-NC-A5HP-01A","TCGA-NC-A5HP-01A-11D-A26L-01","FERLY_p_TCGA_batch_283_N_GenomeWideSNP_6_C11_1346964.nocnv_grch38.seg.v2.txt","ca78ddfc-8cde-4635-8a13-b4f9357594a1",216,1548025,2887782197,"TCGA-NC-A5HP-01A-11R-A26W-07","TCGA-NC-A5HP-01A",TRUE
"TCGA-NC-A5HQ","TCGA-NC-A5HQ-01A","TCGA-NC-A5HQ-01A-11D-A26L-01","FERLY_p_TCGA_batch_283_N_GenomeWideSNP_6_D11_1347040.nocnv_grch38.seg.v2.txt","4431b34d-2124-4f74-a453-6d12e4e76c30",256,1548336,2891629323,"TCGA-NC-A5HQ-01A-11R-A26W-07","TCGA-NC-A5HQ-01A",TRUE
"TCGA-NC-A5HR","TCGA-NC-A5HR-01A","TCGA-NC-A5HR-01A-21D-A26L-01","FERLY_p_TCGA_batch_283_N_GenomeWideSNP_6_E11_1347050.nocnv_grch38.seg.v2.txt","3b5e8e6f-b3b4-443a-9ed7-ceb59514e289",301,1547964,2886052677,"TCGA-NC-A5HR-01A-21R-A26W-07","TCGA-NC-A5HR-01A",TRUE
"TCGA-NC-A5HT","TCGA-NC-A5HT-01A","TCGA-NC-A5HT-01A-11D-A26L-01","FERLY_p_TCGA_batch_283_N_GenomeWideSNP_6_F11_1346960.nocnv_grch38.seg.v2.txt","1ea78f3e-0767-4757-a538-4f159301fc73",231,1547612,2869433706,"TCGA-NC-A5HT-01A-11R-A26W-07","TCGA-NC-A5HT-01A",TRUE
"TCGA-NK-A5CR","TCGA-NK-A5CR-01A","TCGA-NK-A5CR-01A-11D-A26L-01","FERLY_p_TCGA_batch_283_N_GenomeWideSNP_6_G11_1346954.nocnv_grch38.seg.v2.txt","169fcf1f-4000-4c76-aa87-51f2fa6d9c72",343,1546860,2860656090,"TCGA-NK-A5CR-01A-11R-A26W-07","TCGA-NK-A5CR-01A",TRUE
"TCGA-NK-A5CT","TCGA-NK-A5CT-01A","TCGA-NK-A5CT-01A-31D-A26L-01","FERLY_p_TCGA_batch_283_N_GenomeWideSNP_6_H11_1346980.nocnv_grch38.seg.v2.txt","83eab125-597a-4362-8062-631f9b97e593",133,1546891,2886192494,"TCGA-NK-A5CT-01A-31R-A26W-07","TCGA-NK-A5CT-01A",TRUE
"TCGA-NK-A5CX","TCGA-NK-A5CX-01A","TCGA-NK-A5CX-01A-11D-A26L-01","FERLY_p_TCGA_batch_283_N_GenomeWideSNP_6_E12_1347030.nocnv_grch38.seg.v2.txt","61f44092-3ada-4ed5-a8b1-201eebd8d636",100,1548420,2897385123,"TCGA-NK-A5CX-01A-11R-A26W-07","TCGA-NK-A5CX-01A",TRUE
"TCGA-NK-A5D1","TCGA-NK-A5D1-01A","TCGA-NK-A5D1-01A-11D-A26L-01","FERLY_p_TCGA_batch_283_N_GenomeWideSNP_6_A12_1346938.nocnv_grch38.seg.v2.txt","8de318e6-a6e3-4552-a13e-438f50dbdc81",255,1547925,2889012792,"TCGA-NK-A5D1-01A-11R-A26W-07","TCGA-NK-A5D1-01A",TRUE
"TCGA-NK-A7XE","TCGA-NK-A7XE-01A","TCGA-NK-A7XE-01A-12D-A400-01","APRES_p_TCGAb_414_15_16_17_NSP_GenomeWideSNP_6_B11_1486306.nocnv_grch38.seg.v2.txt","8b44f906-66e5-49d8-aff8-139273715bcd",248,1573035,2882550812,"TCGA-NK-A7XE-01A-12R-A405-07","TCGA-NK-A7XE-01A",TRUE
"TCGA-O2-A52N","TCGA-O2-A52N-01A","TCGA-O2-A52N-01A-11D-A26L-01","FERLY_p_TCGA_batch_283_N_GenomeWideSNP_6_B12_1347096.nocnv_grch38.seg.v2.txt","e2cbcc2c-6a91-49f7-9c0f-4cb5a7d0bfb2",470,1548450,2879964113,"TCGA-O2-A52N-01A-11R-A26W-07","TCGA-O2-A52N-01A",TRUE
"TCGA-O2-A52Q","TCGA-O2-A52Q-01A","TCGA-O2-A52Q-01A-11D-A26L-01","FERLY_p_TCGA_batch_283_N_GenomeWideSNP_6_C12_1347070.nocnv_grch38.seg.v2.txt","aace4284-8efe-4b2c-8166-20d4b54959f9",205,1548585,2894368045,"TCGA-O2-A52Q-01A-11R-A26W-07","TCGA-O2-A52Q-01A",TRUE
"TCGA-O2-A52S","TCGA-O2-A52S-01A","TCGA-O2-A52S-01A-11D-A25M-01","DRAMA_p_TCGA_276_278_N_GenomeWideSNP_6_E10_1322400.nocnv_grch38.seg.v2.txt","8df92f22-689b-440d-b492-453a2cb64ee2",565,1568030,2885874729,"TCGA-O2-A52S-01A-11R-A262-07","TCGA-O2-A52S-01A",TRUE
"TCGA-O2-A52V","TCGA-O2-A52V-01A","TCGA-O2-A52V-01A-31D-A25M-01","DRAMA_p_TCGA_276_278_N_GenomeWideSNP_6_E06_1322384.nocnv_grch38.seg.v2.txt","db5b1bb7-2f31-4fcd-a629-2861ad6e9bfb",208,1570451,2891543594,"TCGA-O2-A52V-01A-31R-A262-07","TCGA-O2-A52V-01A",TRUE
"TCGA-O2-A52W","TCGA-O2-A52W-01A","TCGA-O2-A52W-01A-11D-A26L-01","FERLY_p_TCGA_batch_283_N_GenomeWideSNP_6_D12_1346928.nocnv_grch38.seg.v2.txt","1a1cb9e3-7dee-4291-9450-1b52fa33c1ad",131,1548113,2892328698,"TCGA-O2-A52W-01A-11R-A26W-07","TCGA-O2-A52W-01A",TRUE
"TCGA-O2-A5IB","TCGA-O2-A5IB-01A","TCGA-O2-A5IB-01A-11D-A27J-01","CODON_p_TCGA_293_294_295_N_GenomeWideSNP_6_A02_1343564.nocnv_grch38.seg.v2.txt","e28d237f-605e-4fed-8724-deca69be76d6",281,1553714,2853668967,"TCGA-O2-A5IB-01A-11R-A27Q-07","TCGA-O2-A5IB-01A",TRUE
"TCGA-XC-AA0X","TCGA-XC-AA0X-01A","TCGA-XC-AA0X-01A-32D-A400-01","APRES_p_TCGAb_414_15_16_17_NSP_GenomeWideSNP_6_C01_1486200.nocnv_grch38.seg.v2.txt","2f00e27e-99a1-4334-85f3-730cc2c84c27",267,1572838,2895125334,"TCGA-XC-AA0X-01A-32R-A405-07","TCGA-XC-AA0X-01A",TRUE
